g PiFeng
v 0.622699857 5.85776854 -0.691953123
v 0.620847106 5.87223577 -0.706074834
v 0.755951345 5.55400372 -0.741903067
v 0.755191505 5.54108572 -0.73284179
v 0.835673749 5.32380104 -0.760009766
v 0.82896024 5.31400251 -0.748622417
v 0.910522282 5.09571409 -0.765259981
v 0.898828626 5.0844903 -0.755685389
v 0.987630844 4.85187292 -0.759617627
v 0.980792344 4.84005165 -0.749506533
v 1.05908859 4.61270857 -0.746979952
v 1.03849781 4.59810495 -0.747505188
v 1.13646448 4.35180426 -0.723576009
v 1.11610925 4.33652925 -0.724389315
v 1.22054744 4.08704853 -0.698016047
v 1.200634 4.07047606 -0.698965132
v 1.31883621 3.80545831 -0.671585083
v 1.30072188 3.79324985 -0.673637688
v 1.41960108 3.52078128 -0.647074282
v 1.4015702 3.50825548 -0.648789048
v 1.53392434 3.2088809 -0.625967383
v 1.51351333 3.19666409 -0.628027618
v 1.63185799 2.95913935 -0.608792126
v 1.61204207 2.94537139 -0.610543191
v 1.70531988 2.79185033 -0.603453636
v 1.68052471 2.77648187 -0.605907857
v 1.76484084 2.66022301 -0.601432502
v 1.74081087 2.64323807 -0.603967249
v 1.85268462 2.48991108 -0.594681203
v 1.82927489 2.47769403 -0.598955691
v 1.949049 2.32880092 -0.589933753
v 1.92821407 2.31225991 -0.59359479
v 2.07192945 2.16170096 -0.582266808
v 2.05769992 2.14096808 -0.5846591
v 2.22762394 2.00547671 -0.574828327
v 2.21567678 1.99069226 -0.578641832
v 2.21567678 1.99069226 -0.578641832
v 2.22762394 2.00547671 -0.574828327
v 2.21427822 2.01431441 -0.817515373
v 2.19227815 1.99351335 -0.823915839
v 2.22359395 1.97453475 -0.966035903
v 2.20086122 1.95674789 -0.96175915
v 2.1978035 1.89072931 -1.09976709
v 2.21201491 1.90314269 -1.12637353
v 2.14150763 1.80867767 -1.22358787
v 2.13261676 1.802194 -1.19458818
v 1.97281301 1.72951257 -1.27448392
v 1.97984815 1.73416591 -1.23893487
v 1.80126417 1.63221872 -1.25785935
v 1.8045001 1.64006054 -1.22151721
v 1.69130027 1.55758572 -1.25414026
v 1.6679734 1.54833508 -1.2228117
v 1.6784898 1.48552871 -1.35552227
v 1.69691849 1.50545669 -1.35904467
v 1.72794366 1.38787794 -1.57618332
v 1.75164306 1.40220106 -1.58401048
v 1.7149353 1.30965233 -1.70972037
v 1.73131752 1.32213473 -1.72420931
v 1.63184047 1.23451614 -1.82910538
v 1.62382507 1.2190578 -1.80768967
v 1.50684917 1.16618693 -1.84927607
v 1.51323235 1.15291524 -1.82037592
v 1.37805402 1.12185609 -1.81407404
v 1.38445365 1.10889614 -1.7797842
v 1.23312676 1.05380809 -1.76615596
v 1.22435057 1.049137 -1.73090422
v 1.16347015 1.02662075 -1.7714895
v 1.1314193 1.02791476 -1.74619317
v 1.10085738 1.05148482 -1.81331372
v 1.14232111 1.0394932 -1.83696175
v 1.09475684 1.06710482 -1.99280083
v 1.11507475 1.08264649 -2.00561237
v 1.03798711 1.0684315 -2.08758426
v 1.05693495 1.07580781 -2.10410571
v 0.97566551 1.0466845 -2.14387822
v 0.981566608 1.06584704 -2.16593552
v 0.905813634 1.01504278 -2.18948126
v 0.904163063 1.00725949 -2.16434145
v 0.84001857 0.968549013 -2.17728901
v 0.85427326 0.96411854 -2.15756059
v 0.759793282 0.889590263 -2.14240241
v 0.774516761 0.880214572 -2.11042333
v 0.71452719 0.847921669 -2.1257751
v 0.717663586 0.836151719 -2.08933091
v 0.660742044 0.808385313 -2.12694359
v 0.644923925 0.797498763 -2.09403563
v 0.606390834 0.769690216 -2.18673062
v 0.572137058 0.762440622 -2.16608095
v 0.483346343 0.746310413 -2.28365541
v 0.501767099 0.761296988 -2.31226492
v 0.357285887 0.737990677 -2.38248873
v 0.363745183 0.755565941 -2.41838169
v 0.178186104 0.731984973 -2.4643178
v 0.181522608 0.745981276 -2.48435497
v -0.00972030126 0.752521217 -2.50323248
v -0.00972030126 0.728421748 -2.48480153
v -0.197626725 0.731984973 -2.4643178
v -0.200963199 0.745981276 -2.48435497
v -0.621061921 5.84870815 -0.68722105
v -0.759337902 5.54807234 -0.746462405
v -0.628676236 5.86218357 -0.709542811
v -0.745643914 5.53831959 -0.736784637
v -0.841891766 5.31095028 -0.763981938
v -0.83105576 5.305058 -0.753885508
v -0.916740298 5.08286285 -0.769232154
v -0.90344739 5.07816029 -0.764610589
v -0.991426229 4.84313154 -0.758715212
v -0.983664393 4.83928823 -0.752922654
v -1.06288397 4.60396767 -0.746077538
v -1.05273104 4.60040092 -0.739887059
v -1.14025986 4.34306288 -0.722673297
v -1.12776709 4.33963108 -0.719287097
v -1.22434282 4.07830763 -0.697113335
v -1.21229172 4.07357836 -0.693862617
v -1.32263148 3.79671717 -0.670682371
v -1.31084907 3.79116845 -0.66723752
v -1.42339647 3.51203966 -0.64617157
v -1.41169715 3.5061748 -0.64238888
v -1.53771973 3.20013928 -0.625064671
v -1.5263344 3.19335198 -0.620916724
v -1.63565314 2.95039821 -0.607889414
v -1.62486339 2.94205952 -0.603432596
v -1.70911515 2.78310895 -0.602550626
v -1.69901633 2.77316976 -0.598050535
v -1.76863611 2.65148163 -0.60052979
v -1.75930262 2.6399262 -0.596109927
v -1.85647976 2.4811697 -0.59377867
v -1.84843767 2.46705174 -0.588889897
v -1.95284438 2.32005954 -0.589030921
v -1.94737685 2.30161715 -0.583529055
v -2.0757246 2.15295959 -0.581364274
v -2.07399321 2.1294086 -0.57470578
v -2.23020077 2.01804471 -0.587130725
v -2.22054982 1.99237716 -0.586959958
v -0.197626725 0.731984973 -2.4643178
v -0.200963199 0.745981276 -2.48435497
v -0.373732865 0.752379298 -2.41307473
v -0.376726449 0.737990677 -2.38248873
v -0.506902695 0.76193434 -2.30628467
v -0.495631665 0.744398475 -2.27982593
v -0.611526489 0.770327568 -2.18075013
v -0.588131368 0.760528684 -2.16386461
v -0.664364517 0.797498763 -2.09403563
v -0.680182695 0.808385313 -2.12694359
v -0.732762158 0.848572493 -2.09346914
v -0.732637942 0.85125494 -2.12523007
v -0.782594681 0.897812486 -2.11400294
v -0.776925325 0.894100726 -2.1421082
v -0.865363359 0.972628832 -2.15645766
v -0.857150555 0.973059416 -2.1769948
v -0.915558219 1.01459277 -2.16296387
v -0.91720885 1.02237594 -2.18810368
v -0.987060606 1.05401778 -2.14250064
v -0.992961705 1.07318032 -2.16455841
v -1.06322074 1.07601953 -2.09459662
v -1.0442729 1.06864321 -2.07807493
v -1.1133076 1.08255243 -2.01583648
v -1.0929898 1.06701088 -2.00302505
v -1.14102244 1.03225434 -1.84390128
v -1.10773683 1.04019201 -1.83017421
v -1.16697037 1.0279181 -1.76887512
v -1.15085983 1.02791476 -1.74619317
v -1.24309111 1.05952251 -1.73610532
v -1.24961925 1.0617497 -1.77078009
v -1.40149164 1.11715889 -1.7864238
v -1.39749444 1.12185609 -1.81407404
v -1.53084898 1.15880716 -1.82355773
v -1.52446592 1.17207873 -1.8524574
v -1.63695955 1.22177517 -1.80545282
v -1.64497507 1.23723352 -1.82686853
v -1.7185992 1.31177139 -1.7010957
v -1.73498154 1.32425356 -1.71558464
v -1.75408697 1.39624631 -1.58671999
v -1.73704743 1.38798046 -1.57183361
v -1.6993624 1.49950206 -1.36175394
v -1.67935848 1.48603988 -1.35393846
v -1.68666911 1.55066967 -1.25538862
v -1.66893327 1.54783022 -1.23266602
v -1.7295984 1.59908485 -1.20708752
v -1.740345 1.59741282 -1.24613297
v -1.81423402 1.6444236 -1.22034311
v -1.8187567 1.63823998 -1.25986445
v -1.98320186 1.7045716 -1.2413609
v -2.00194812 1.70946372 -1.27305686
v -2.12627578 1.79264832 -1.19844079
v -2.16094828 1.80867767 -1.22358787
v -2.20230961 1.88662827 -1.10521436
v -2.21881294 1.89924216 -1.13112521
v -2.22816229 1.97514451 -0.974810898
v -2.20751286 1.96166682 -0.969808638
v -2.20118713 1.98216879 -0.814791858
v -2.2257607 2.0070715 -0.813316345
v -2.22054982 1.99237716 -0.586959958
v -2.23020077 2.01804471 -0.587130725
v 2.07192945 2.16170096 -0.582266808
v 2.21427822 2.01431441 -0.817515373
v 2.22762394 2.00547671 -0.574828327
v 2.07714701 2.1768117 -0.823581696
v 1.949049 2.32880092 -0.589933753
v 2.08283186 2.15800619 -0.962669194
v 2.22359395 1.97453475 -0.966035903
v 1.96159601 2.33150744 -0.814204395
v 2.06812167 2.11514497 -1.0884192
v 2.21201491 1.90314269 -1.12637353
v 1.94152892 2.31781006 -1.05318296
v 2.01452446 2.03467655 -1.18722606
v 2.14150763 1.80867767 -1.22358787
v 1.86866653 2.48930192 -0.807571232
v 1.85268462 2.48991108 -0.594681203
v 1.86986065 1.97485459 -1.23655224
v 1.97281301 1.72951257 -1.27448392
v 1.80126417 1.63221872 -1.25785935
v 1.84246004 2.48320031 -1.03202975
v 1.78274608 2.66196251 -0.803505838
v 1.76484084 2.66022301 -0.601432502
v 1.77125978 2.20138431 -1.20166349
v 1.60958314 1.81754768 -1.25756729
v 1.69130027 1.55758572 -1.25414026
v 1.69691849 1.50545669 -1.35904467
v 1.68941367 2.39031839 -1.17176521
v 1.75838256 2.63495803 -1.02149415
v 1.71559262 2.79992509 -0.799550474
v 1.70531988 2.79185033 -0.603453636
v 1.63185799 2.95913935 -0.608792126
v 1.54169619 2.04966688 -1.23621166
v 1.63722742 1.69033539 -1.53555298
v 1.75164306 1.40220106 -1.58401048
v 1.61131966 2.56588006 -1.1461947
v 1.68244064 2.77800035 -1.01797235
v 1.64298904 2.96990228 -0.793334663
v 1.53392434 3.2088809 -0.625967383
v 1.53665924 1.94701612 -1.48265541
v 1.61943686 1.62554216 -1.66990948
v 1.73131752 1.32213473 -1.72420931
v 1.60343802 2.9590137 -0.998705447
v 1.5464946 3.21140027 -0.794262052
v 1.41960108 3.52078128 -0.647074282
v 1.54992354 1.55663037 -1.77178383
v 1.63184047 1.23451614 -1.82910538
v 1.50684917 1.16618693 -1.84927607
v 1.43222654 3.52539349 -0.798605323
v 1.31883621 3.80545831 -0.671585083
v 1.46164227 1.85941434 -1.7053833
v 1.31627154 1.46512842 -1.74477446
v 1.37805402 1.12185609 -1.81407404
v 1.11376166 1.38912153 -1.70431471
v 1.23312676 1.05380809 -1.76615596
v 1.16347015 1.02662075 -1.7714895
v 1.14232111 1.0394932 -1.83696175
v 1.26248193 1.82640147 -1.68668318
v 1.36580336 2.17433143 -1.62229002
v 1.06327343 1.71384001 -1.63718843
v 1.05930078 1.41604948 -1.91991544
v 1.11507475 1.08264649 -2.00561237
v 1.05693495 1.07580781 -2.10410571
v 1.43450677 2.21957827 -1.43790102
v 1.01490366 2.03729677 -1.57882583
v 0.964463115 2.32269859 -1.52927148
v 0.997941971 1.73577511 -1.82920074
v 0.930811465 2.050596 -1.73708236
v 0.925427914 1.40118253 -2.06233478
v 0.981566608 1.06584704 -2.16593552
v 0.905813634 1.01504278 -2.18948126
v 0.870195746 1.72506022 -1.95968366
v 0.816311955 2.04652023 -1.85327649
v 0.792176366 1.3217988 -2.04762483
v 0.84001857 0.968549013 -2.17728901
v 0.759793282 0.889590263 -2.14240241
v 0.638512194 1.17972052 -2.01919818
v 0.71452719 0.847921669 -2.1257751
v 0.660742044 0.808385313 -2.12694359
v 0.606390834 0.769690216 -2.18673062
v 0.501767099 0.761296988 -2.31226492
v 0.728565454 1.68679714 -1.94049954
v 0.594035923 1.55178881 -1.9233284
v 0.346480668 1.15895164 -2.27666569
v 0.363745183 0.755565941 -2.41838169
v 0.181522608 0.745981276 -2.48435497
v 0.556813478 1.9280386 -1.83744073
v 0.341539979 1.54389477 -2.15565753
v -0.00972030126 1.12520266 -2.36359882
v -0.00972030126 0.752521217 -2.50323248
v -0.200963199 0.745981276 -2.48435497
v -0.00972030126 1.50649834 -2.24401855
v -0.365921319 1.15895164 -2.27666569
v -0.373732865 0.752379298 -2.41307473
v -0.506902695 0.76193434 -2.30628467
v -0.657952845 1.17972052 -2.01919818
v -0.611526489 0.770327568 -2.18075013
v -0.680182695 0.808385313 -2.12694359
v -0.732637942 0.85125494 -2.12523007
v -0.776925325 0.894100726 -2.1421082
v -0.360980511 1.54389477 -2.15565753
v -0.00972030126 1.87818313 -2.12064433
v -0.811617017 1.3217988 -2.04762483
v -0.857150555 0.973059416 -2.1769948
v -0.91720885 1.02237594 -2.18810368
v -0.613476574 1.55178881 -1.9233284
v -0.944868505 1.40118253 -2.06233478
v -0.992961705 1.07318032 -2.16455841
v -1.06322074 1.07601953 -2.09459662
v 0.328731149 1.9221549 -2.01737046
v -0.348171771 1.9221549 -2.01737046
v -0.748006046 1.68679714 -1.94049954
v -1.07874143 1.41604948 -1.91991544
v -1.1133076 1.08255243 -2.01583648
v -1.14102244 1.03225434 -1.84390128
v -1.13320231 1.38912153 -1.70431471
v -1.16697037 1.0279181 -1.76887512
v -1.24961925 1.0617497 -1.77078009
v -1.39749444 1.12185609 -1.81407404
v -0.889636338 1.72506022 -1.95968366
v -0.576254129 1.9280386 -1.83744073
v -1.01738262 1.73577511 -1.82920074
v -0.835752547 2.04652023 -1.85327649
v -1.33571196 1.46512842 -1.74477446
v -1.52446592 1.17207873 -1.8524574
v -1.08271408 1.71384001 -1.63718843
v -1.56936395 1.55663037 -1.77178383
v -1.64497507 1.23723352 -1.82686853
v -1.73498154 1.32425356 -1.71558464
v -0.950252056 2.050596 -1.73708236
v -1.28192258 1.82640147 -1.68668318
v -1.63887727 1.62554216 -1.66990948
v -1.75408697 1.39624631 -1.58671999
v -1.03434432 2.03729677 -1.57882583
v -0.983903766 2.32269859 -1.52927148
v -0.782170475 2.3404355 -1.75819135
v -1.48108268 1.85941434 -1.7053833
v -1.38524401 2.17433143 -1.62229002
v -1.65666795 1.69033539 -1.53555298
v -1.6993624 1.49950206 -1.36175394
v -1.62902355 1.81754768 -1.25756729
v -1.68666911 1.55066967 -1.25538862
v -1.740345 1.59741282 -1.24613297
v -1.8187567 1.63823998 -1.25986445
v -1.55609965 1.94701612 -1.48265541
v -1.8893013 1.97485459 -1.23655224
v -2.00194812 1.70946372 -1.27305686
v -2.16094828 1.80867767 -1.22358787
v -1.56113672 2.04966688 -1.23621166
v -1.45394731 2.21957827 -1.43790102
v -2.03396487 2.03467655 -1.18722606
v -2.21881294 1.89924216 -1.13112521
v -1.7907002 2.20138431 -1.20166349
v -2.08756232 2.11514497 -1.0884192
v -2.22816229 1.97514451 -0.974810898
v -1.96096945 2.31781006 -1.05318296
v -2.10227227 2.15800619 -0.962669194
v -2.2257607 2.0070715 -0.813316345
v -1.50064421 2.25397682 -1.22025979
v -1.30548489 2.39387703 -1.564973
v -1.7088542 2.39031839 -1.17176521
v -1.43458474 2.47025728 -1.20508194
v -1.23042464 2.62960076 -1.50089264
v -2.09658742 2.1768117 -0.823581696
v -1.98103666 2.33150744 -0.814204395
v -2.0757246 2.15295959 -0.581364274
v -2.23020077 2.01804471 -0.587130725
v -1.95284438 2.32005954 -0.589030921
v -1.86190045 2.48320031 -1.03202975
v -1.88810694 2.48930192 -0.807571232
v -1.85647976 2.4811697 -0.59377867
v -1.63076019 2.56588006 -1.1461947
v -1.77782309 2.63495803 -1.02149415
v -1.80218649 2.66196251 -0.803505838
v -1.76863611 2.65148163 -0.60052979
v -1.70188105 2.77800035 -1.01797235
v -1.73503292 2.79992509 -0.799550474
v -1.70911515 2.78310895 -0.602550626
v -1.63565314 2.95039821 -0.607889414
v -1.37574351 2.67240238 -1.18722618
v -1.55204928 2.74164891 -1.12618589
v -1.66242957 2.96990228 -0.793334663
v -1.53771973 3.20013928 -0.625064671
v -1.62287855 2.9590137 -0.998705447
v -1.56593513 3.21140027 -0.794262052
v -1.42339647 3.51203966 -0.64617157
v -1.45166719 3.52539349 -0.798605323
v -1.32263148 3.79671717 -0.670682371
v -1.51996291 3.20977283 -0.979280651
v -1.47958779 2.94709802 -1.10106385
v -1.31706357 2.90977859 -1.15746033
v -1.34903193 3.81092882 -0.8060202
v -1.22434282 4.07830763 -0.697113335
v -1.40852928 3.52248645 -0.958498538
v -1.39248168 3.21639895 -1.0709039
v -1.14750755 2.91051269 -1.42848909
v -1.2495389 4.08740044 -0.790306985
v -1.14025986 4.34306288 -0.722673297
v -1.2432282 3.19869399 -1.12494195
v -1.30863237 3.80676484 -0.944212914
v -1.16074502 3.5136199 -1.10108066
v -1.16115868 4.35248852 -0.782250941
v -1.06288397 4.60396767 -0.746077538
v -1.20672321 4.08861876 -0.93535763
v -1.0808903 4.61362791 -0.776434898
v -0.991426229 4.84313154 -0.758715212
v -1.12077832 4.36769056 -0.925034165
v -1.09112787 3.79649568 -1.07009244
v -1.06716251 3.20757866 -1.35868311
v -1.04117823 4.62556124 -0.906603694
v -1.02840436 4.07443762 -1.04441309
v -0.997854948 3.52617311 -1.28464568
v -0.973488986 4.86482668 -0.885899961
v -0.916740298 5.08286285 -0.769232154
v -0.795177758 4.36316156 -1.12431335
v -0.930709362 3.80777526 -1.22892821
v -0.883858323 5.09449148 -0.860645711
v -0.841891766 5.31095028 -0.763981938
v -0.758702517 4.61791754 -1.07017815
v -0.494789809 4.36546087 -1.19180512
v -0.867872 4.0879221 -1.17448151
v -0.715721786 4.85648346 -1.0109179
v -0.807430625 5.32263708 -0.831731558
v -0.759337902 5.54807234 -0.746462405
v -0.682091892 4.08186197 -1.18887973
v -0.728915215 3.80072689 -1.24349511
v -0.468477458 4.6250844 -1.11925316
v -0.657952309 5.10200024 -0.949851036
v -0.728159487 5.55693817 -0.788222015
v -0.628676236 5.86218357 -0.709542811
v -0.582368076 5.86717892 -0.720928967
v -0.604505181 5.33080244 -0.885152578
v -0.559265256 5.55996609 -0.811358035
v -0.497152001 5.83335304 -0.722343743
v -0.444657117 4.86383486 -1.04642999
v -0.420085907 5.10718298 -0.965259373
v -0.374098271 5.56472635 -0.801456869
v -0.350762248 5.77747726 -0.725993037
v -0.194726899 5.74091721 -0.752330303
v -0.397310108 5.33491707 -0.884552598
v -0.201304808 5.5551939 -0.818954468
v -0.00972030126 5.73720884 -0.772743523
v -0.209091216 5.32525539 -0.903592527
v -0.218270838 5.09739256 -0.987860978
v -0.228466809 4.85357094 -1.07445097
v -0.00972030126 5.55350924 -0.837065995
v -0.00972030126 5.32356787 -0.921731532
v 0.181864217 5.5551939 -0.818954468
v 0.175286293 5.74091721 -0.752330303
v -0.239417389 4.61502266 -1.15313172
v -0.00972030126 5.09563065 -1.0079782
v 0.18965061 5.32525539 -0.903592527
v 0.35465771 5.56472635 -0.801456869
v 0.331321597 5.77747726 -0.725993037
v 0.47771135 5.83335304 -0.722343743
v 0.377869517 5.33491707 -0.884552598
v 0.539824605 5.55996609 -0.811358035
v 0.583755791 5.87927341 -0.714008749
v 0.198830232 5.09739256 -0.987860978
v -0.00972030126 4.85182095 -1.09762847
v 0.400645316 5.10718298 -0.965259373
v 0.72477293 5.56286955 -0.783662677
v 0.620847106 5.87223577 -0.706074834
v 0.755951345 5.55400372 -0.741903067
v 0.58506453 5.33080244 -0.885152578
v 0.801212609 5.33548832 -0.827759385
v 0.835673749 5.32380104 -0.760009766
v 0.209026203 4.85357094 -1.07445097
v 0.425216526 4.86383486 -1.04642999
v 0.638511658 5.10200024 -0.949851036
v 0.877640307 5.10734224 -0.856673896
v 0.910522282 5.09571409 -0.765259981
v 0.696281135 4.85648346 -1.0109179
v 0.954048336 4.86482668 -0.885899961
v 0.987630844 4.85187292 -0.759617627
v 0.449036807 4.6250844 -1.11925316
v 0.219976798 4.61502266 -1.15313172
v 0.475349158 4.36546087 -1.19180512
v 0.739261925 4.61791754 -1.07017815
v 1.02173758 4.62556124 -0.906603694
v -0.00972030126 4.61331511 -1.17937708
v 0.775737107 4.36316156 -1.12431335
v 1.06144965 4.61362791 -0.776434898
v 1.05908859 4.61270857 -0.746979952
v 1.10133767 4.36769056 -0.925034165
v 1.14171803 4.35248852 -0.782250941
v 1.13646448 4.35180426 -0.723576009
v 1.23009837 4.08740044 -0.790306985
v 1.22054744 4.08704853 -0.698016047
v 1.18728256 4.08861876 -0.93535763
v 1.32959139 3.81092882 -0.8060202
v 1.28919172 3.80676484 -0.944212914
v 1.0089637 4.07443762 -1.04441309
v 1.38908887 3.52248645 -0.958498538
v 1.07168734 3.79649568 -1.07009244
v 1.50052238 3.20977283 -0.979280651
v 1.14130437 3.5136199 -1.10108066
v 1.37304115 3.21639895 -1.0709039
v 1.46014726 2.94709802 -1.10106385
v 1.53260875 2.74164891 -1.12618589
v 1.29762292 2.90977859 -1.15746033
v 1.35630298 2.67240238 -1.18722618
v 1.22378767 3.19869399 -1.12494195
v 1.1280669 2.91051269 -1.42848909
v 1.41514444 2.47025728 -1.20508194
v 1.04772186 3.20757866 -1.35868311
v 1.21098399 2.62960076 -1.50089264
v 1.48120368 2.25397682 -1.22025979
v 1.28604448 2.39387703 -1.564973
v 0.922358632 2.61787438 -1.47064114
v 0.870322406 2.90604019 -1.41079187
v 0.718413353 2.62767291 -1.66661036
v 0.762729883 2.3404355 -1.75819135
v 0.529220521 2.27976203 -1.75373924
v 0.498370856 2.61402893 -1.67167628
v 0.669487655 2.93004012 -1.5748049
v 0.818757057 3.20477438 -1.35507691
v 0.287416399 2.26055527 -1.90269649
v 0.269085526 2.6151526 -1.77811396
v -0.00972030126 2.26099753 -1.9740144
v -0.00972030126 2.61562467 -1.8422991
v -0.30685702 2.26055527 -1.90269649
v -0.548661172 2.27976203 -1.75373924
v -0.288526118 2.6151526 -1.77811396
v -0.00972030126 2.91176438 -1.73662746
v 0.252317071 2.91741347 -1.67866755
v -0.517811477 2.61402893 -1.67167628
v -0.271757662 2.91741347 -1.67866755
v 0.468556285 2.90745592 -1.59451139
v 0.618280888 3.2213707 -1.49793577
v -0.737854004 2.62767291 -1.66661036
v -0.00972030126 3.21067643 -1.63320613
v 0.4348827 3.20447659 -1.51305568
v -0.941799223 2.61787438 -1.47064114
v -0.889763117 2.90604019 -1.41079187
v -0.688928366 2.93004012 -1.5748049
v -0.838197708 3.20477438 -1.35507691
v -0.487996936 2.90745592 -1.59451139
v -0.777178049 3.51602626 -1.29640687
v -0.637721479 3.2213707 -1.49793577
v -0.454323351 3.20447659 -1.51305568
v -0.588014424 3.52740407 -1.41203368
v -0.255643427 3.21169662 -1.58557916
v -0.268855631 3.52161574 -1.48737848
v -0.549419761 3.80957627 -1.33686638
v -0.00972030126 3.52169919 -1.52824032
v -0.261816621 3.80719423 -1.39966738
v -0.523640633 4.08987045 -1.26526272
v -0.266370118 4.08963108 -1.31069422
v -0.00972030126 3.80582762 -1.43508232
v 0.236202791 3.21169662 -1.58557916
v 0.249415055 3.52161574 -1.48737848
v -0.00972030126 4.0873313 -1.34580386
v -0.251954198 4.35477781 -1.23296535
v -0.00972030126 4.35269785 -1.2627368
v 0.568573773 3.52740407 -1.41203368
v 0.242376015 3.80719423 -1.39966738
v 0.232513592 4.35477781 -1.23296535
v 0.246929541 4.08963108 -1.31069422
v 0.52997911 3.80957627 -1.33686638
v 0.757737398 3.51602626 -1.29640687
v 0.504199982 4.08987045 -1.26526272
v 0.662651181 4.08186197 -1.18887973
v 0.709474564 3.80072689 -1.24349511
v 0.848431349 4.0879221 -1.17448151
v 0.911268651 3.80777526 -1.22892821
v 0.978414357 3.52617311 -1.28464568
v 2.19227815 1.99351335 -0.823915839
v 2.05769992 2.14096808 -0.5846591
v 2.21567678 1.99069226 -0.578641832
v 2.032161 2.14089203 -0.822693169
v 1.92821407 2.31225991 -0.59359479
v 2.03783488 2.12327886 -0.953500926
v 2.20086122 1.95674789 -0.96175915
v 1.91383004 2.29940939 -0.812505603
v 1.82927489 2.47769403 -0.598955691
v 2.02895427 2.08395982 -1.059991
v 2.1978035 1.89072931 -1.09976709
v 1.90212417 2.28806067 -1.02356851
v 1.99215424 2.01236176 -1.13909721
v 2.13261676 1.802194 -1.19458818
v 1.97984815 1.73416591 -1.23893487
v 1.81843638 2.46120834 -0.806003094
v 1.74081087 2.64323807 -0.603967249
v 1.86223221 1.96248817 -1.1808418
v 1.8045001 1.64006054 -1.22151721
v 1.79987621 2.45688844 -1.0035857
v 1.7313993 2.63601589 -0.801257908
v 1.68052471 2.77648187 -0.605907857
v 1.75792944 2.18602514 -1.14780092
v 1.57246625 1.80142999 -1.21661222
v 1.6679734 1.54833508 -1.2228117
v 1.6784898 1.48552871 -1.35552227
v 1.67086554 2.37530375 -1.11936963
v 1.71512568 2.61059356 -0.992339432
v 1.66345716 2.77568555 -0.796531975
v 1.61204207 2.94537139 -0.610543191
v 1.50634658 2.03239608 -1.19417703
v 1.58455765 1.66933179 -1.52557814
v 1.72794366 1.38787794 -1.57618332
v 1.5903641 2.55127335 -1.09459746
v 1.63925886 2.7554903 -0.987257659
v 1.59005904 2.94752192 -0.789827585
v 1.51351333 3.19666409 -0.628027618
v 1.48579276 1.92582726 -1.46597016
v 1.57437944 1.60287607 -1.64214516
v 1.7149353 1.30965233 -1.70972037
v 1.55916727 2.93819213 -0.96835202
v 1.49295652 3.1906476 -0.790047884
v 1.4015702 3.50825548 -0.648789048
v 1.53387046 1.53982186 -1.71910989
v 1.62382507 1.2190578 -1.80768967
v 1.51323235 1.15291524 -1.82037592
v 1.37831843 3.50575495 -0.793807983
v 1.30072188 3.79324985 -0.673637688
v 1.44024003 1.83967483 -1.65571392
v 1.33001661 1.45674241 -1.68949783
v 1.38445365 1.10889614 -1.7797842
v 1.08542871 1.37579632 -1.65599835
v 1.22435057 1.049137 -1.73090422
v 1.1314193 1.02791476 -1.74619317
v 1.10085738 1.05148482 -1.81331372
v 1.27460861 1.81657529 -1.63126516
v 1.3422296 2.15376711 -1.57395625
v 1.03823054 1.69935906 -1.58740997
v 1.01032877 1.40026176 -1.89408386
v 1.09475684 1.06710482 -1.99280083
v 1.03798711 1.0684315 -2.08758426
v 1.38453245 2.1981461 -1.41898024
v 0.990610838 2.02198958 -1.5289228
v 0.944718003 2.30688596 -1.47755241
v 0.950946093 1.71906114 -1.80044627
v 0.886003792 2.03302383 -1.70548749
v 0.911358297 1.38130689 -2.01016402
v 0.97566551 1.0466845 -2.14387822
v 0.904163063 1.00725949 -2.16434145
v 0.855547249 1.7058841 -1.9074105
v 0.799946368 2.02744937 -1.80147672
v 0.810443401 1.30748594 -1.99493492
v 0.85427326 0.96411854 -2.15756059
v 0.774516761 0.880214572 -2.11042333
v 0.629575551 1.16367149 -1.96463311
v 0.717663586 0.836151719 -2.08933091
v 0.644923925 0.797498763 -2.09403563
v 0.572137058 0.762440622 -2.16608095
v 0.483346343 0.746310413 -2.28365541
v 0.743257403 1.67341018 -1.88646531
v 0.583924353 1.53682709 -1.86865997
v 0.321929038 1.14094949 -2.22779918
v 0.357285887 0.737990677 -2.38248873
v 0.178186104 0.731984973 -2.4643178
v 0.544197321 1.91170478 -1.78369331
v 0.31655705 1.52714288 -2.10656571
v -0.00972030126 1.10538733 -2.30954218
v -0.00972030126 0.728421748 -2.48480153
v -0.197626725 0.731984973 -2.4643178
v -0.00972030126 1.48835993 -2.18937683
v -0.341369629 1.14094949 -2.22779918
v -0.376726449 0.737990677 -2.38248873
v -0.495631665 0.744398475 -2.27982593
v -0.649016201 1.16367149 -1.96463311
v -0.588131368 0.760528684 -2.16386461
v -0.664364517 0.797498763 -2.09403563
v -0.732762158 0.848572493 -2.09346914
v -0.782594681 0.897812486 -2.11400294
v -0.335997611 1.52714288 -2.10656571
v -0.00972030126 1.85853446 -2.06652713
v -0.829884112 1.30748594 -1.99493492
v -0.865363359 0.972628832 -2.15645766
v -0.915558219 1.01459277 -2.16296387
v -0.603365004 1.53682709 -1.86865997
v -0.930798948 1.38130701 -2.01016378
v -0.987060606 1.05401778 -2.14250064
v -1.0442729 1.06864321 -2.07807493
v 0.304653168 1.90442193 -1.96817136
v -0.324093819 1.90442193 -1.96817136
v -0.762698054 1.67341018 -1.88646531
v -1.02976942 1.40026176 -1.89408386
v -1.0929898 1.06701088 -2.00302505
v -1.10773683 1.04019201 -1.83017421
v -1.10486937 1.37579632 -1.65599835
v -1.15085983 1.02791476 -1.74619317
v -1.24309111 1.05952251 -1.73610532
v -1.40149164 1.11715889 -1.7864238
v -0.874987841 1.7058841 -1.9074105
v -0.563637972 1.91170478 -1.78369331
v -0.970386803 1.71906114 -1.80044627
v -0.819386959 2.02744937 -1.80147672
v -1.34945703 1.45674241 -1.68949783
v -1.53084898 1.15880716 -1.82355773
v -1.05767107 1.69935906 -1.58740997
v -1.55331087 1.53982186 -1.71910989
v -1.63695955 1.22177517 -1.80545282
v -1.7185992 1.31177139 -1.7010957
v -0.905444384 2.03302383 -1.70548749
v -1.29404902 1.81657529 -1.63126516
v -1.59381998 1.60287607 -1.64214516
v -1.73704743 1.38798046 -1.57183361
v -1.01005149 2.02198958 -1.5289228
v -0.964158595 2.30688596 -1.47755241
v -0.762675941 2.32211947 -1.70720887
v -1.45968032 1.83967483 -1.65571392
v -1.36167026 2.15376711 -1.57395625
v -1.60399795 1.66933179 -1.52557814
v -1.67935848 1.48603988 -1.35393846
v -1.59190667 1.80142999 -1.21661222
v -1.66893327 1.54783022 -1.23266602
v -1.7295984 1.59908485 -1.20708752
v -1.81423402 1.6444236 -1.22034311
v -1.50523317 1.92582726 -1.46597016
v -1.88167274 1.96248817 -1.1808418
v -1.98320186 1.7045716 -1.2413609
v -2.12627578 1.79264832 -1.19844079
v -1.525787 2.03239608 -1.19417703
v -1.40397286 2.1981461 -1.41898024
v -2.01159453 2.01236176 -1.13909721
v -2.20230961 1.88662827 -1.10521436
v -1.77736986 2.18602514 -1.14780092
v -2.04839468 2.08395982 -1.059991
v -2.20751286 1.96166682 -0.969808638
v -1.9215647 2.28806067 -1.02356851
v -2.0572753 2.12327886 -0.953500926
v -2.20118713 1.98216879 -0.814791858
v -1.46464455 2.23769403 -1.17838287
v -1.28172147 2.37417555 -1.5163734
v -1.69030619 2.37530375 -1.11936963
v -1.40023553 2.45345449 -1.16204059
v -1.20550871 2.61139607 -1.45228636
v -2.05160141 2.14089203 -0.822693169
v -1.93327069 2.29940939 -0.81250596
v -2.07399321 2.1294086 -0.57470578
v -2.22054982 1.99237716 -0.586959958
v -1.94737685 2.30161715 -0.583529055
v -1.84843767 2.46705174 -0.588889897
v -1.81931663 2.45688844 -1.0035857
v -1.8378768 2.46120834 -0.806003094
v -1.75930262 2.6399262 -0.596109927
v -1.60980451 2.55127335 -1.09459746
v -1.75083983 2.63601589 -0.801257908
v -1.69901633 2.77316976 -0.598050535
v -1.73456633 2.61059356 -0.99233979
v -1.68289757 2.77568555 -0.796531975
v -1.62486339 2.94205952 -0.603432596
v -1.65869927 2.7554903 -0.987257659
v -1.34147716 2.65623856 -1.14387512
v -1.60949957 2.94752192 -0.789827585
v -1.5263344 3.19335198 -0.620916724
v -1.5786078 2.93819213 -0.96835202
v -1.52981746 2.72740507 -1.07502282
v -1.51239693 3.1906476 -0.790047884
v -1.41169715 3.5061748 -0.64238888
v -1.39775908 3.50575495 -0.793807983
v -1.31084907 3.79116845 -0.66723752
v -1.47517133 3.19078612 -0.948491216
v -1.45565414 2.93311954 -1.05060053
v -1.28367352 2.89434838 -1.11316836
v -1.29514277 3.79138613 -0.800653994
v -1.21229172 4.07357836 -0.693862617
v -1.36521995 3.50460863 -0.925040245
v -1.36691141 3.2030282 -1.02108276
v -1.12306893 2.89349079 -1.37921655
v -1.19534302 4.06856155 -0.785543799
v -1.12776709 4.33963108 -0.719287097
v -1.21063781 3.18483305 -1.07954919
v -1.26554227 3.79012966 -0.909843147
v -1.12578475 3.49897671 -1.05774319
v -1.10650945 4.33493519 -0.777765512
v -1.05273104 4.60040092 -0.739887059
v -1.16330826 4.07283545 -0.900995135
v -1.02609479 4.59656525 -0.771843255
v -0.983664393 4.83928823 -0.752922654
v -1.07653081 4.35176945 -0.891815782
v -1.05702746 3.78295708 -1.02572322
v -1.04327905 3.1918602 -1.30871034
v -0.997698784 4.60899973 -0.872692227
v -0.9961465 4.06186771 -0.998411238
v -0.973802865 3.51122737 -1.23451722
v -0.93124938 4.84736633 -0.850890458
v -0.90344739 5.07816029 -0.764610589
v -0.774235725 4.3500967 -1.07229888
v -0.908007801 3.79363275 -1.17794371
v -0.844306111 5.07608891 -0.823072791
v -0.83105576 5.305058 -0.753885508
v -0.739820361 4.60310555 -1.01784396
v -0.84759903 4.07483101 -1.12220943
v -0.772610486 5.3033061 -0.790154397
v -0.745643914 5.53831959 -0.736784637
v -0.699746013 4.84058619 -0.957938492
v -0.702364802 5.53707933 -0.740734875
v -0.621061921 5.84870815 -0.68722105
v -0.565639138 5.84823608 -0.669197977
v -0.64602226 5.08541012 -0.89602536
v -0.556659997 5.54252911 -0.756550252
v -0.496571839 5.81637335 -0.667333364
v -0.583955824 5.30060959 -0.834714949
v -0.373161882 5.54575109 -0.747107506
v -0.350956351 5.75884581 -0.671517313
v -0.189908132 5.72149706 -0.698345304
v -0.394791126 5.31587648 -0.830277085
v -0.196578473 5.53553009 -0.765049398
v -0.00972030126 5.71789026 -0.718507051
v -0.415517479 5.08877325 -0.910899639
v -0.437960565 4.84632826 -0.991992474
v -0.204380319 5.30529451 -0.84979552
v -0.00972030126 5.53386021 -0.782948613
v -0.213125408 5.07774305 -0.933988929
v -0.459915727 4.60870743 -1.06472564
v 0.177137852 5.53553009 -0.765049398
v 0.170467541 5.72149658 -0.698345304
v -0.00972030126 5.30345345 -0.867785633
v -0.222579956 4.83489656 -1.02030849
v -0.483510852 4.35086346 -1.13726616
v 0.353721231 5.54575109 -0.747107506
v 0.331515759 5.75884581 -0.671517313
v 0.477131188 5.81637335 -0.667333364
v 0.184939727 5.30529451 -0.84979552
v -0.00972030126 5.07567453 -0.953973353
v -0.232692197 4.59753847 -1.09869015
v 0.537219405 5.54252911 -0.756550252
v 0.567026854 5.86033058 -0.662277818
v 0.375350535 5.31587648 -0.830277085
v 0.193684816 5.07774305 -0.933988929
v -0.00769516965 4.83257627 -1.04340363
v 0.698978245 5.54301071 -0.736175537
v 0.622699857 5.85776854 -0.691953123
v 0.755191505 5.54108572 -0.73284179
v 0.577737749 5.31346035 -0.830742776
v 0.396076828 5.08877325 -0.910899639
v 0.76639235 5.31615734 -0.786182225
v 0.82896024 5.31400251 -0.748622417
v 0.20312275 4.83479786 -1.0203445
v 0.418519974 4.84632826 -0.991992474
v 0.626581728 5.08541012 -0.89602536
v 0.838087976 5.08894014 -0.819100916
v 0.898828626 5.0844903 -0.755685389
v 0.680305302 4.84058619 -0.957938492
v 0.911808729 4.84736633 -0.850890458
v 0.980792344 4.84005165 -0.749506533
v 0.440475076 4.60870743 -1.06472564
v 0.212956384 4.59783745 -1.09863245
v 0.72037971 4.60310555 -1.01784396
v 0.978258133 4.60899973 -0.872691631
v 0.464070231 4.35086346 -1.13726616
v -0.00783459097 4.59561062 -1.12462556
v 1.00665414 4.59656525 -0.771843255
v 1.03849781 4.59810495 -0.747505188
v 0.754795134 4.3500967 -1.07229888
v 1.0870688 4.33493519 -0.777765512
v 1.11610925 4.33652925 -0.724389315
v 1.05709016 4.35176945 -0.891815782
v 1.17590249 4.06856155 -0.785543799
v 1.200634 4.07047606 -0.698965132
v 1.14386761 4.07283545 -0.900995135
v 1.27570224 3.79138613 -0.800653994
v 1.24610162 3.79012966 -0.909843147
v 0.976705909 4.06186771 -0.998411238
v 1.34577954 3.50460863 -0.925040245
v 1.03758681 3.78295708 -1.02572322
v 1.45573068 3.19078612 -0.948491514
v 1.1063441 3.49897671 -1.05774319
v 1.347471 3.2030282 -1.02108276
v 1.43621361 2.93311954 -1.05060053
v 1.51037705 2.72740507 -1.07502282
v 1.26423287 2.89434838 -1.11316836
v 1.3220365 2.65623856 -1.14387512
v 1.19119716 3.18483305 -1.07954919
v 1.10362828 2.89349079 -1.37921655
v 1.38079524 2.45345449 -1.16204059
v 1.02383828 3.19186068 -1.30871034
v 1.18606806 2.61139607 -1.45228636
v 1.44520426 2.23769403 -1.17838287
v 1.26228094 2.37417555 -1.5163734
v 0.904565811 2.60255384 -1.41807246
v 0.852929652 2.89105773 -1.35799253
v 0.697512746 2.61054349 -1.61577201
v 0.743235409 2.32211947 -1.70720851
v 0.517193735 2.26344824 -1.69985092
v 0.486262619 2.59755087 -1.61785579
v 0.649013042 2.91323447 -1.52368617
v 0.801846921 3.19020081 -1.30200684
v 0.266591281 2.24234796 -1.85220337
v 0.250875682 2.59726834 -1.72650659
v -0.00972030126 2.2409122 -1.9200573
v -0.00972030126 2.59618807 -1.78810513
v -0.286031902 2.24234796 -1.85220337
v -0.536634386 2.26344824 -1.69985092
v -0.270316303 2.59726834 -1.72650659
v -0.00972030126 2.89307308 -1.68217194
v 0.236041993 2.89981413 -1.62632108
v -0.50570327 2.59755087 -1.61785579
v -0.255482644 2.89981413 -1.62632108
v 0.456558317 2.89101648 -1.54065454
v 0.599532723 3.20488095 -1.44605744
v -0.716953337 2.61054349 -1.61577201
v -0.00972030126 3.19261503 -1.57853854
v 0.422986329 3.18893981 -1.45890927
v -0.924006462 2.60255384 -1.41807246
v -0.872370303 2.89105773 -1.35799253
v -0.668453634 2.91323447 -1.52368617
v -0.821287513 3.19020081 -1.30200684
v -0.475998968 2.89101648 -1.54065454
v -0.618973374 3.20488095 -1.44605744
v -0.760636151 3.50180554 -1.24312556
v -0.44242698 3.18893981 -1.45890927
v -0.713356853 3.78721905 -1.18973386
v -0.567506135 3.51191711 -1.36051357
v -0.24075523 3.19461179 -1.53265285
v -0.6680125 4.0696249 -1.13441133
v -0.257570028 3.50554323 -1.4332577
v -0.00972030126 3.50407982 -1.47342861
v -0.530219913 3.79393458 -1.28489077
v -0.507885396 4.07550716 -1.21178162
v -0.252265692 3.79047108 -1.34540951
v -0.244361609 4.33813667 -1.17837429
v -0.257783055 4.07319307 -1.25618899
v -0.00972030126 3.78841949 -1.38020289
v 0.221314594 3.19461179 -1.53265285
v 0.238129422 3.50554323 -1.4332577
v -0.00972030126 4.33558989 -1.20776308
v -0.00972030126 4.07023907 -1.29082572
v 0.548065543 3.51191711 -1.36051357
v 0.232825086 3.79047108 -1.34540951
v 0.224920988 4.33813667 -1.17837429
v 0.238342449 4.07319307 -1.25618899
v 0.488444775 4.07550716 -1.21178162
v 0.510779262 3.79393458 -1.28489077
v 0.648571908 4.06962538 -1.13441133
v 0.693916142 3.78721905 -1.18973386
v 0.828158379 4.07483101 -1.12220943
v 0.88856709 3.79363275 -1.17794371
v 0.7411955 3.50180554 -1.24312556
v 0.954362214 3.51122737 -1.23451722
vt 0.980957031 0.982421875
vt 0.994628906 0.982421875
vt 0.994628906 0.903320312
vt 0.980957031 0.903320312
vt 0.994628906 0.847167969
vt 0.980957031 0.847167969
vt 0.994628906 0.792480469
vt 0.980957031 0.792480469
vt 0.994628906 0.733886719
vt 0.980957031 0.733886719
vt 0.994628906 0.676757812
vt 0.980957031 0.676757812
vt 0.994628906 0.613769531
vt 0.980957031 0.613769531
vt 0.994628906 0.549804688
vt 0.980957031 0.549804688
vt 0.994628906 0.480712891
vt 0.980957031 0.480712891
vt 0.994628906 0.411132812
vt 0.980957031 0.411132812
vt 0.994628906 0.334472656
vt 0.980957031 0.334472656
vt 0.994628906 0.272216797
vt 0.980957031 0.272216797
vt 0.994628906 0.230102539
vt 0.980957031 0.230102539
vt 0.994628906 0.196655273
vt 0.980957031 0.196655273
vt 0.994628906 0.15246582
vt 0.980957031 0.15246582
vt 0.994628906 0.109191895
vt 0.980957031 0.109191895
vt 0.994628906 0.0623168945
vt 0.980957031 0.0623168945
vt 0.994628906 0.0153198242
vt 0.980957031 0.0153198242
vt 0.920898438 0.966796875
vt 0.930175781 0.969238281
vt 0.930175781 0.910644531
vt 0.920898438 0.907226562
vt 0.930175781 0.875
vt 0.920898438 0.871582031
vt 0.920898438 0.833496094
vt 0.930175781 0.833496094
vt 0.930175781 0.797363281
vt 0.920898438 0.801269531
vt 0.930175781 0.754882812
vt 0.920898438 0.762207031
vt 0.930175781 0.717773438
vt 0.920898438 0.726074219
vt 0.930175781 0.690429688
vt 0.920898438 0.686035156
vt 0.920898438 0.659667969
vt 0.930175781 0.669921875
vt 0.920898438 0.624023438
vt 0.930175781 0.633789062
vt 0.920898438 0.59765625
vt 0.930175781 0.601074219
vt 0.930175781 0.556640625
vt 0.920898438 0.5546875
vt 0.930175781 0.522949219
vt 0.920898438 0.523925781
vt 0.930175781 0.490478516
vt 0.920898438 0.491210938
vt 0.930175781 0.452636719
vt 0.920898438 0.450683594
vt 0.930175781 0.434570312
vt 0.920898438 0.429199219
vt 0.920898438 0.415527344
vt 0.930175781 0.422607422
vt 0.920898438 0.393554688
vt 0.930175781 0.396240234
vt 0.920898438 0.370117188
vt 0.930175781 0.372558594
vt 0.920898438 0.350097656
vt 0.930175781 0.351074219
vt 0.930175781 0.329345703
vt 0.920898438 0.329589844
vt 0.930175781 0.311523438
vt 0.920898438 0.314453125
vt 0.930175781 0.286132812
vt 0.920898438 0.2890625
vt 0.930175781 0.272216797
vt 0.920898438 0.2734375
vt 0.930175781 0.256591797
vt 0.920898438 0.255126953
vt 0.930175781 0.235595703
vt 0.920898438 0.23059082
vt 0.920898438 0.197753906
vt 0.930175781 0.198974609
vt 0.920898438 0.16003418
vt 0.930175781 0.158691406
vt 0.920898438 0.112548828
vt 0.930175781 0.112182617
vt 0.930175781 0.0661621094
vt 0.920898438 0.0671386719
vt 0.920898438 0.021987915
vt 0.930175781 0.0209503174
vt 0.971191406 0.990234375
vt 0.957519531 0.909179688
vt 0.957519531 0.990234375
vt 0.971191406 0.909179688
vt 0.957519531 0.852539062
vt 0.971191406 0.852539062
vt 0.957519531 0.796875
vt 0.971191406 0.796875
vt 0.957519531 0.737792969
vt 0.971191406 0.737792969
vt 0.957519531 0.680175781
vt 0.971191406 0.680175781
vt 0.957519531 0.616699219
vt 0.971191406 0.616699219
vt 0.957519531 0.551269531
vt 0.971191406 0.551269531
vt 0.957519531 0.481689453
vt 0.971191406 0.481689453
vt 0.957519531 0.410888672
vt 0.971191406 0.410888672
vt 0.957519531 0.333007812
vt 0.971191406 0.333007812
vt 0.957519531 0.270263672
vt 0.971191406 0.270263672
vt 0.957519531 0.227294922
vt 0.971191406 0.227294922
vt 0.957519531 0.193237305
vt 0.971191406 0.193237305
vt 0.957519531 0.14831543
vt 0.971191406 0.14831543
vt 0.957519531 0.104187012
vt 0.971191406 0.104187012
vt 0.957519531 0.0562133789
vt 0.971191406 0.0562133789
vt 0.957519531 0.00790405273
vt 0.971191406 0.00790405273
vt 0.936523438 0.970703125
vt 0.946289062 0.969726562
vt 0.946289062 0.921875
vt 0.936523438 0.923339844
vt 0.946289062 0.883789062
vt 0.936523438 0.887695312
vt 0.946289062 0.850585938
vt 0.936523438 0.858398438
vt 0.936523438 0.835449219
vt 0.946289062 0.831054688
vt 0.936523438 0.815429688
vt 0.946289062 0.813964844
vt 0.936523438 0.796875
vt 0.946289062 0.797363281
vt 0.936523438 0.766113281
vt 0.946289062 0.768066406
vt 0.936523438 0.749023438
vt 0.946289062 0.747558594
vt 0.936523438 0.727539062
vt 0.946289062 0.724609375
vt 0.946289062 0.704101562
vt 0.936523438 0.708496094
vt 0.946289062 0.68359375
vt 0.936523438 0.688476562
vt 0.946289062 0.668945312
vt 0.936523438 0.6796875
vt 0.946289062 0.662109375
vt 0.936523438 0.669921875
vt 0.936523438 0.646972656
vt 0.946289062 0.642578125
vt 0.936523438 0.602050781
vt 0.946289062 0.600097656
vt 0.936523438 0.565429688
vt 0.946289062 0.563964844
vt 0.936523438 0.532226562
vt 0.946289062 0.528808594
vt 0.936523438 0.47265625
vt 0.946289062 0.468261719
vt 0.946289062 0.422363281
vt 0.936523438 0.434326172
vt 0.946289062 0.370605469
vt 0.936523438 0.385498047
vt 0.946289062 0.341552734
vt 0.936523438 0.347900391
vt 0.936523438 0.3203125
vt 0.946289062 0.322509766
vt 0.936523438 0.29296875
vt 0.946289062 0.303466797
vt 0.936523438 0.243652344
vt 0.946289062 0.25390625
vt 0.936523438 0.191894531
vt 0.946289062 0.200439453
vt 0.936523438 0.150878906
vt 0.946289062 0.157470703
vt 0.946289062 0.113586426
vt 0.936523438 0.112060547
vt 0.936523438 0.0751953125
vt 0.946289062 0.0740356445
vt 0.936523438 0.0136413574
vt 0.946289062 0.0116958618
vt 0.00698852539 0.067199707
vt 0.0266265869 0.0111465454
vt 0.00698852539 0.0111465454
vt 0.0202484131 0.0777587891
vt 0.00698852539 0.124511719
vt 0.0314331055 0.0775146484
vt 0.0362243652 0.0111465454
vt 0.0134506226 0.126342773
vt 0.0386962891 0.0748901367
vt 0.0464782715 0.0111465454
vt 0.0303955078 0.130493164
vt 0.0483093262 0.0708007812
vt 0.0557250977 0.0111465454
vt 0.0131530762 0.1796875
vt 0.00698852539 0.177490234
vt 0.0559997559 0.0797119141
vt 0.0681152344 0.0111465454
vt 0.0797119141 0.0111465454
vt 0.0300750732 0.184448242
vt 0.0141983032 0.232910156
vt 0.00698852539 0.232055664
vt 0.0492248535 0.13684082
vt 0.0791015625 0.0822143555
vt 0.086730957 0.0111465454
vt 0.0924072266 0.0111465454
vt 0.0464782715 0.188354492
vt 0.0312347412 0.233764648
vt 0.0144271851 0.27734375
vt 0.00698852539 0.272949219
vt 0.00698852539 0.323974609
vt 0.0712280273 0.140991211
vt 0.100036621 0.07421875
vt 0.104614258 0.0111465454
vt 0.0453796387 0.239624023
vt 0.0328369141 0.280273438
vt 0.0129394531 0.327392578
vt 0.00698852539 0.395019531
vt 0.0889892578 0.133422852
vt 0.107971191 0.0700683594
vt 0.113037109 0.0111465454
vt 0.0322875977 0.331787109
vt 0.0130310059 0.392089844
vt 0.00698852539 0.477539062
vt 0.112121582 0.0681762695
vt 0.122680664 0.0111465454
vt 0.130981445 0.0111465454
vt 0.0170898438 0.469726562
vt 0.00698852539 0.547851562
vt 0.105102539 0.127563477
vt 0.130493164 0.0759887695
vt 0.138793945 0.0111465454
vt 0.143554688 0.0798339844
vt 0.147705078 0.0111465454
vt 0.151489258 0.0111465454
vt 0.154785156 0.0111465454
vt 0.118103027 0.142578125
vt 0.0952148438 0.195068359
vt 0.13671875 0.141967773
vt 0.155517578 0.0831298828
vt 0.162719727 0.0111465454
vt 0.167480469 0.0111465454
vt 0.0834350586 0.196899414
vt 0.130371094 0.204956055
vt 0.123718262 0.263183594
vt 0.14855957 0.14855957
vt 0.141357422 0.213378906
vt 0.164672852 0.0863037109
vt 0.171264648 0.0111465454
vt 0.174804688 0.0111465454
vt 0.157104492 0.154785156
vt 0.147949219 0.220092773
vt 0.168579102 0.0871582031
vt 0.177978516 0.0111465454
vt 0.182739258 0.0111465454
vt 0.175048828 0.0804443359
vt 0.185302734 0.0111465454
vt 0.187988281 0.0111465454
vt 0.192016602 0.0111465454
vt 0.200805664 0.0111465454
vt 0.164428711 0.161621094
vt 0.172607422 0.148925781
vt 0.204223633 0.0823974609
vt 0.210327148 0.0111465454
vt 0.221069336 0.0111465454
vt 0.173217773 0.218139648
vt 0.200073242 0.147338867
vt 0.231079102 0.0776367188
vt 0.231811523 0.0111465454
vt 0.242553711 0.0111465454
vt 0.230224609 0.141357422
vt 0.258056641 0.0831298828
vt 0.253417969 0.0111465454
vt 0.262939453 0.0111465454
vt 0.288818359 0.0804443359
vt 0.271728516 0.0111465454
vt 0.275634766 0.0111465454
vt 0.278320312 0.0111465454
vt 0.281005859 0.0111465454
vt 0.260498047 0.147338867
vt 0.229370117 0.207519531
vt 0.295898438 0.0853881836
vt 0.285644531 0.0111465454
vt 0.288818359 0.0111465454
vt 0.289306641 0.148803711
vt 0.298339844 0.0848388672
vt 0.292236328 0.0111465454
vt 0.296142578 0.0111465454
vt 0.197265625 0.217407227
vt 0.261230469 0.217163086
vt 0.297363281 0.161132812
vt 0.307128906 0.0838623047
vt 0.301025391 0.0111465454
vt 0.308837891 0.0111465454
vt 0.319091797 0.0791015625
vt 0.312255859 0.0111465454
vt 0.316162109 0.0111465454
vt 0.324951172 0.0111465454
vt 0.303466797 0.155395508
vt 0.284667969 0.217407227
vt 0.310791016 0.151245117
vt 0.309082031 0.223632812
vt 0.331298828 0.0739746094
vt 0.332519531 0.0111465454
vt 0.323242188 0.142578125
vt 0.349609375 0.0681762695
vt 0.340820312 0.0111465454
vt 0.350097656 0.0111465454
vt 0.31640625 0.215698242
vt 0.341064453 0.141113281
vt 0.353027344 0.0703125
vt 0.358154297 0.0111465454
vt 0.329101562 0.204467773
vt 0.3359375 0.262695312
vt 0.307373047 0.278320312
vt 0.354492188 0.127197266
vt 0.362792969 0.193603516
vt 0.360839844 0.0744018555
vt 0.369628906 0.0111465454
vt 0.3828125 0.0783081055
vt 0.375 0.0111465454
vt 0.378417969 0.0111465454
vt 0.381591797 0.0111465454
vt 0.371337891 0.132568359
vt 0.405517578 0.0772094727
vt 0.392578125 0.0111465454
vt 0.404541016 0.0111465454
vt 0.390136719 0.137329102
vt 0.375732422 0.193603516
vt 0.411621094 0.0682983398
vt 0.413574219 0.0111465454
vt 0.411621094 0.134643555
vt 0.420654297 0.0734863281
vt 0.423339844 0.0111465454
vt 0.428466797 0.130371094
vt 0.426513672 0.0776367188
vt 0.432617188 0.0111465454
vt 0.394287109 0.187988281
vt 0.361083984 0.241333008
vt 0.4140625 0.187866211
vt 0.398681641 0.239990234
vt 0.360351562 0.294921875
vt 0.437011719 0.0778808594
vt 0.444091797 0.125488281
vt 0.450683594 0.0653076172
vt 0.450683594 0.0111465454
vt 0.450683594 0.121459961
vt 0.430419922 0.184570312
vt 0.446777344 0.177001953
vt 0.450683594 0.173461914
vt 0.414550781 0.236572266
vt 0.429443359 0.231079102
vt 0.447021484 0.230102539
vt 0.450683594 0.227539062
vt 0.425537109 0.275146484
vt 0.444580078 0.273925781
vt 0.450683594 0.268066406
vt 0.450683594 0.318603516
vt 0.39453125 0.290039062
vt 0.410400391 0.285400391
vt 0.443603516 0.323242188
vt 0.450683594 0.389404297
vt 0.424072266 0.324951172
vt 0.442871094 0.387451172
vt 0.450683594 0.471679688
vt 0.439453125 0.46484375
vt 0.450683594 0.541992188
vt 0.423583984 0.389160156
vt 0.408691406 0.336914062
vt 0.392822266 0.345458984
vt 0.434814453 0.533691406
vt 0.450683594 0.607421875
vt 0.423095703 0.463134766
vt 0.408447266 0.401611328
vt 0.360107422 0.357910156
vt 0.433349609 0.599609375
vt 0.450683594 0.665527344
vt 0.392578125 0.409912109
vt 0.418457031 0.531738281
vt 0.390380859 0.477294922
vt 0.431884766 0.659667969
vt 0.450683594 0.719726562
vt 0.413330078 0.598144531
vt 0.433837891 0.716308594
vt 0.450683594 0.768554688
vt 0.408447266 0.661621094
vt 0.388183594 0.541992188
vt 0.360107422 0.423339844
vt 0.407226562 0.719238281
vt 0.386962891 0.603515625
vt 0.360839844 0.491943359
vt 0.407470703 0.76953125
vt 0.450683594 0.817382812
vt 0.354492188 0.673339844
vt 0.359863281 0.553710938
vt 0.406738281 0.818359375
vt 0.450683594 0.86328125
vt 0.356689453 0.727539062
vt 0.307861328 0.686035156
vt 0.358642578 0.61328125
vt 0.359375 0.778320312
vt 0.408935547 0.864257812
vt 0.450683594 0.909667969
vt 0.332763672 0.622558594
vt 0.333007812 0.565429688
vt 0.309814453 0.740234375
vt 0.361083984 0.829589844
vt 0.415771484 0.911132812
vt 0.450683594 0.9765625
vt 0.419677734 0.9765625
vt 0.365722656 0.877441406
vt 0.376464844 0.923339844
vt 0.387451172 0.9765625
vt 0.312255859 0.790527344
vt 0.315917969 0.841796875
vt 0.331298828 0.937011719
vt 0.339599609 0.9765625
vt 0.288818359 0.9765625
vt 0.321533203 0.890136719
vt 0.282470703 0.942871094
vt 0.232543945 0.9765625
vt 0.276367188 0.89453125
vt 0.273193359 0.845703125
vt 0.270751953 0.793457031
vt 0.229125977 0.9453125
vt 0.229370117 0.895507812
vt 0.17578125 0.942382812
vt 0.176269531 0.9765625
vt 0.269287109 0.743652344
vt 0.229125977 0.846191406
vt 0.182617188 0.89453125
vt 0.127563477 0.936035156
vt 0.125732422 0.9765625
vt 0.0780639648 0.9765625
vt 0.137817383 0.889160156
vt 0.0830688477 0.923828125
vt 0.0397338867 0.9765625
vt 0.185180664 0.845214844
vt 0.229003906 0.794433594
vt 0.142211914 0.841796875
vt 0.0425720215 0.912597656
vt 0.00698852539 0.9765625
vt 0.00698852539 0.913574219
vt 0.0928344727 0.877441406
vt 0.0484313965 0.868652344
vt 0.00698852539 0.867675781
vt 0.186767578 0.793945312
vt 0.145019531 0.791015625
vt 0.0960083008 0.831054688
vt 0.0490722656 0.822265625
vt 0.00698852539 0.822753906
vt 0.0979003906 0.779785156
vt 0.0495300293 0.771972656
vt 0.00698852539 0.773925781
vt 0.147460938 0.741210938
vt 0.187988281 0.744140625
vt 0.149291992 0.686523438
vt 0.100463867 0.729492188
vt 0.0498962402 0.721679688
vt 0.228515625 0.744628906
vt 0.102783203 0.674804688
vt 0.0122528076 0.725097656
vt 0.00698852539 0.725097656
vt 0.0481567383 0.665039062
vt 0.022354126 0.664550781
vt 0.00698852539 0.671386719
vt 0.0220947266 0.604492188
vt 0.00698852539 0.61328125
vt 0.0429382324 0.602539062
vt 0.0214691162 0.5390625
vt 0.0379638672 0.537109375
vt 0.0701904297 0.606933594
vt 0.0335693359 0.468261719
vt 0.0685424805 0.545410156
vt 0.032409668 0.39453125
vt 0.0667724609 0.481689453
vt 0.0485229492 0.407470703
vt 0.0470275879 0.343505859
vt 0.046295166 0.290039062
vt 0.0628051758 0.350585938
vt 0.0617370605 0.295166016
vt 0.0650634766 0.414550781
vt 0.0974121094 0.359130859
vt 0.0599060059 0.244018555
vt 0.0981445312 0.425048828
vt 0.0966796875 0.296386719
vt 0.0658569336 0.190673828
vt 0.0971069336 0.243041992
vt 0.122680664 0.321289062
vt 0.122436523 0.379882812
vt 0.151123047 0.335205078
vt 0.151123047 0.278076172
vt 0.17175293 0.282226562
vt 0.172485352 0.345458984
vt 0.150634766 0.394775391
vt 0.123168945 0.441894531
vt 0.19909668 0.279785156
vt 0.198608398 0.347412109
vt 0.229003906 0.280029297
vt 0.229003906 0.347900391
vt 0.258544922 0.281005859
vt 0.284912109 0.282958984
vt 0.259521484 0.348876953
vt 0.229125977 0.404541016
vt 0.198730469 0.405517578
vt 0.285888672 0.344726562
vt 0.260009766 0.40625
vt 0.173339844 0.401367188
vt 0.151489258 0.453125
vt 0.307617188 0.333007812
vt 0.229248047 0.462402344
vt 0.174072266 0.458740234
vt 0.334960938 0.322265625
vt 0.334472656 0.381103516
vt 0.307617188 0.394775391
vt 0.3359375 0.441894531
vt 0.286376953 0.400634766
vt 0.334716797 0.506835938
vt 0.307373047 0.453857422
vt 0.285400391 0.458251953
vt 0.306640625 0.516601562
vt 0.260009766 0.462402344
vt 0.264404297 0.522949219
vt 0.305175781 0.573242188
vt 0.229125977 0.523925781
vt 0.264892578 0.579101562
vt 0.305664062 0.630371094
vt 0.267578125 0.636230469
vt 0.229003906 0.580078125
vt 0.198852539 0.463134766
vt 0.194091797 0.5234375
vt 0.228759766 0.63671875
vt 0.268066406 0.689941406
vt 0.228393555 0.690429688
vt 0.151733398 0.517089844
vt 0.192749023 0.579589844
vt 0.188964844 0.689941406
vt 0.189819336 0.636230469
vt 0.15246582 0.573730469
vt 0.124145508 0.506835938
vt 0.151123047 0.630371094
vt 0.124145508 0.623046875
vt 0.124389648 0.565429688
vt 0.098815918 0.614746094
vt 0.09765625 0.554199219
vt 0.0966186523 0.493408203
vt 0.893066406 0.00908660889
vt 0.912597656 0.0592956543
vt 0.912597656 0.00908660889
vt 0.896972656 0.0739135742
vt 0.912597656 0.114379883
vt 0.885742188 0.0731201172
vt 0.883300781 0.00908660889
vt 0.903320312 0.121826172
vt 0.912597656 0.168945312
vt 0.879394531 0.0695800781
vt 0.873046875 0.00908660889
vt 0.888183594 0.124816895
vt 0.871582031 0.0641479492
vt 0.863769531 0.00908660889
vt 0.851074219 0.00908660889
vt 0.905273438 0.173339844
vt 0.912597656 0.22277832
vt 0.865722656 0.073059082
vt 0.839355469 0.00908660889
vt 0.890136719 0.177978516
vt 0.905761719 0.226318359
vt 0.912597656 0.265136719
vt 0.873046875 0.129882812
vt 0.839355469 0.0825195312
vt 0.832519531 0.00908660889
vt 0.826660156 0.00908660889
vt 0.876464844 0.182006836
vt 0.890136719 0.225830078
vt 0.904296875 0.269775391
vt 0.912597656 0.312988281
vt 0.846679688 0.137817383
vt 0.8125 0.0749511719
vt 0.814453125 0.00908660889
vt 0.877929688 0.230957031
vt 0.887695312 0.270019531
vt 0.904296875 0.318847656
vt 0.912597656 0.378417969
vt 0.821777344 0.13293457
vt 0.806640625 0.0677490234
vt 0.806152344 0.00908660889
vt 0.887207031 0.319580078
vt 0.903808594 0.382324219
vt 0.912597656 0.455810547
vt 0.805664062 0.0653076172
vt 0.796386719 0.00908660889
vt 0.788085938 0.00908660889
vt 0.899902344 0.458740234
vt 0.912597656 0.524414062
vt 0.809570312 0.122680664
vt 0.790527344 0.0693359375
vt 0.780273438 0.00908660889
vt 0.773925781 0.077331543
vt 0.770996094 0.00908660889
vt 0.767089844 0.00908660889
vt 0.764160156 0.00908660889
vt 0.80078125 0.135009766
vt 0.819824219 0.18762207
vt 0.778808594 0.139648438
vt 0.758789062 0.0825195312
vt 0.755859375 0.00908660889
vt 0.751464844 0.00908660889
vt 0.829101562 0.190917969
vt 0.786132812 0.200195312
vt 0.795898438 0.256103516
vt 0.762695312 0.149291992
vt 0.770996094 0.212768555
vt 0.753417969 0.0827636719
vt 0.747558594 0.00908660889
vt 0.743652344 0.00908660889
vt 0.760253906 0.151123047
vt 0.768554688 0.218139648
vt 0.752929688 0.0827636719
vt 0.740722656 0.00908660889
vt 0.735839844 0.00908660889
vt 0.744140625 0.0790405273
vt 0.733398438 0.00908660889
vt 0.73046875 0.00908660889
vt 0.7265625 0.00908660889
vt 0.717773438 0.00908660889
vt 0.7578125 0.156738281
vt 0.746582031 0.146484375
vt 0.711914062 0.0810546875
vt 0.708007812 0.00908660889
vt 0.697265625 0.00908660889
vt 0.744140625 0.213623047
vt 0.71484375 0.145019531
vt 0.6875 0.076171875
vt 0.686523438 0.00908660889
vt 0.67578125 0.00908660889
vt 0.687011719 0.138916016
vt 0.661621094 0.0818481445
vt 0.665039062 0.00908660889
vt 0.655273438 0.00908660889
vt 0.629394531 0.0780029297
vt 0.646484375 0.00908660889
vt 0.642578125 0.00908660889
vt 0.639648438 0.00908660889
vt 0.637207031 0.00908660889
vt 0.658691406 0.145874023
vt 0.686523438 0.202758789
vt 0.622070312 0.0823974609
vt 0.632324219 0.00908660889
vt 0.62890625 0.00908660889
vt 0.627929688 0.146362305
vt 0.62109375 0.0825195312
vt 0.625488281 0.00908660889
vt 0.621582031 0.00908660889
vt 0.717285156 0.212402344
vt 0.655273438 0.213623047
vt 0.617675781 0.15612793
vt 0.614746094 0.0803222656
vt 0.6171875 0.00908660889
vt 0.608886719 0.00908660889
vt 0.599121094 0.0763549805
vt 0.60546875 0.00908660889
vt 0.6015625 0.00908660889
vt 0.592773438 0.00908660889
vt 0.614257812 0.148681641
vt 0.627441406 0.213989258
vt 0.608886719 0.143554688
vt 0.6015625 0.210449219
vt 0.583496094 0.0690917969
vt 0.584960938 0.00908660889
vt 0.59375 0.136352539
vt 0.568359375 0.0627441406
vt 0.576660156 0.00908660889
vt 0.567382812 0.00908660889
vt 0.600585938 0.206054688
vt 0.571777344 0.134033203
vt 0.567871094 0.0640258789
vt 0.559570312 0.00908660889
vt 0.587402344 0.198120117
vt 0.580078125 0.255615234
vt 0.606445312 0.269042969
vt 0.563964844 0.120727539
vt 0.554199219 0.188476562
vt 0.562988281 0.0706176758
vt 0.547851562 0.00908660889
vt 0.538574219 0.0776977539
vt 0.542480469 0.00908660889
vt 0.5390625 0.00908660889
vt 0.535644531 0.00908660889
vt 0.555175781 0.130859375
vt 0.511230469 0.0745239258
vt 0.524902344 0.00908660889
vt 0.512695312 0.00908660889
vt 0.532226562 0.137573242
vt 0.547851562 0.192504883
vt 0.504394531 0.0648193359
vt 0.50390625 0.00908660889
vt 0.505371094 0.130371094
vt 0.497070312 0.069519043
vt 0.493896484 0.00908660889
vt 0.489501953 0.124511719
vt 0.491210938 0.0723266602
vt 0.484375 0.00908660889
vt 0.525878906 0.185058594
vt 0.555664062 0.235717773
vt 0.503417969 0.180786133
vt 0.519042969 0.236694336
vt 0.554199219 0.287353516
vt 0.480712891 0.0737915039
vt 0.474853516 0.121765137
vt 0.466308594 0.0628662109
vt 0.466308594 0.00908660889
vt 0.466308594 0.119262695
vt 0.466308594 0.171386719
vt 0.489746094 0.177124023
vt 0.474853516 0.173339844
vt 0.466308594 0.222900391
vt 0.501953125 0.230224609
vt 0.475830078 0.224243164
vt 0.466308594 0.262939453
vt 0.490966797 0.224121094
vt 0.4765625 0.266357422
vt 0.466308594 0.310302734
vt 0.492675781 0.268310547
vt 0.520019531 0.286132812
vt 0.476318359 0.314208984
vt 0.466308594 0.375488281
vt 0.492431641 0.318359375
vt 0.502929688 0.279052734
vt 0.4765625 0.376220703
vt 0.466308594 0.452636719
vt 0.478515625 0.452148438
vt 0.466308594 0.520996094
vt 0.491943359 0.380859375
vt 0.503417969 0.331298828
vt 0.520996094 0.340087891
vt 0.481933594 0.520019531
vt 0.466308594 0.587890625
vt 0.4921875 0.453857422
vt 0.504882812 0.394287109
vt 0.555175781 0.348632812
vt 0.482421875 0.584960938
vt 0.466308594 0.648925781
vt 0.522949219 0.402832031
vt 0.49609375 0.520996094
vt 0.524902344 0.468994141
vt 0.482666016 0.645507812
vt 0.466308594 0.705566406
vt 0.500976562 0.586425781
vt 0.471679688 0.704101562
vt 0.466308594 0.755859375
vt 0.506835938 0.648925781
vt 0.526367188 0.531738281
vt 0.555664062 0.413330078
vt 0.508789062 0.706054688
vt 0.52734375 0.592285156
vt 0.554199219 0.48046875
vt 0.508789062 0.7578125
vt 0.466308594 0.805175781
vt 0.560058594 0.66015625
vt 0.555175781 0.540527344
vt 0.510253906 0.809082031
vt 0.466308594 0.853515625
vt 0.557617188 0.71484375
vt 0.555664062 0.600585938
vt 0.509277344 0.858398438
vt 0.466308594 0.904785156
vt 0.5546875 0.766113281
vt 0.506347656 0.909179688
vt 0.466308594 0.979492188
vt 0.500976562 0.979492188
vt 0.552246094 0.819824219
vt 0.54296875 0.919433594
vt 0.532226562 0.979492188
vt 0.551269531 0.8671875
vt 0.584472656 0.930664062
vt 0.58203125 0.979492188
vt 0.635253906 0.979492188
vt 0.593261719 0.880371094
vt 0.635253906 0.938476562
vt 0.692382812 0.979492188
vt 0.598632812 0.830566406
vt 0.602050781 0.777832031
vt 0.640136719 0.884277344
vt 0.688964844 0.94140625
vt 0.642578125 0.833496094
vt 0.604980469 0.727050781
vt 0.743164062 0.938964844
vt 0.749023438 0.979492188
vt 0.688476562 0.884277344
vt 0.645019531 0.780761719
vt 0.607421875 0.672363281
vt 0.794921875 0.930664062
vt 0.801269531 0.979492188
vt 0.849121094 0.979492188
vt 0.736816406 0.883789062
vt 0.687988281 0.833984375
vt 0.646972656 0.729980469
vt 0.8359375 0.917480469
vt 0.881347656 0.979492188
vt 0.784179688 0.880371094
vt 0.733886719 0.833984375
vt 0.688476562 0.78125
vt 0.873535156 0.905761719
vt 0.912597656 0.979492188
vt 0.912597656 0.905761719
vt 0.827636719 0.868164062
vt 0.777832031 0.830566406
vt 0.869140625 0.856933594
vt 0.912597656 0.856933594
vt 0.731445312 0.78125
vt 0.773925781 0.777832031
vt 0.823242188 0.818847656
vt 0.867675781 0.810058594
vt 0.912597656 0.809082031
vt 0.821289062 0.766601562
vt 0.867675781 0.759765625
vt 0.912597656 0.758789062
vt 0.771484375 0.727539062
vt 0.729492188 0.73046875
vt 0.818847656 0.716308594
vt 0.867675781 0.709472656
vt 0.76953125 0.673339844
vt 0.688476562 0.730957031
vt 0.892578125 0.707519531
vt 0.912597656 0.706542969
vt 0.816894531 0.662109375
vt 0.890625 0.651367188
vt 0.912597656 0.648925781
vt 0.869140625 0.652832031
vt 0.893066406 0.591796875
vt 0.912597656 0.589355469
vt 0.875488281 0.590332031
vt 0.895019531 0.526855469
vt 0.880859375 0.524414062
vt 0.849609375 0.594726562
vt 0.885742188 0.456542969
vt 0.851074219 0.533691406
vt 0.88671875 0.383056641
vt 0.853515625 0.469482422
vt 0.874023438 0.394775391
vt 0.874023438 0.330566406
vt 0.875 0.279296875
vt 0.85546875 0.338623047
vt 0.856445312 0.283935547
vt 0.855957031 0.402587891
vt 0.822753906 0.349365234
vt 0.858398438 0.235351562
vt 0.822753906 0.4140625
vt 0.821777344 0.287353516
vt 0.853027344 0.185668945
vt 0.820800781 0.234863281
vt 0.796875 0.314208984
vt 0.796875 0.372070312
vt 0.768066406 0.324951172
vt 0.767578125 0.272216797
vt 0.745117188 0.276611328
vt 0.74609375 0.3359375
vt 0.768554688 0.384765625
vt 0.798339844 0.431884766
vt 0.715332031 0.2734375
vt 0.717285156 0.339355469
vt 0.687011719 0.272460938
vt 0.6875 0.338134766
vt 0.657714844 0.272949219
vt 0.626953125 0.274902344
vt 0.657714844 0.338378906
vt 0.688476562 0.393310547
vt 0.71875 0.394775391
vt 0.629882812 0.336669922
vt 0.658691406 0.395019531
vt 0.746582031 0.390136719
vt 0.768066406 0.442626953
vt 0.608398438 0.325927734
vt 0.688964844 0.449951172
vt 0.74609375 0.446533203
vt 0.579589844 0.312744141
vt 0.579589844 0.369873047
vt 0.609375 0.384277344
vt 0.581054688 0.430664062
vt 0.631835938 0.390869141
vt 0.610351562 0.44140625
vt 0.58203125 0.494384766
vt 0.633300781 0.447021484
vt 0.58203125 0.551757812
vt 0.611816406 0.504882812
vt 0.659179688 0.451171875
vt 0.581542969 0.609375
vt 0.654296875 0.511230469
vt 0.689453125 0.510742188
vt 0.612304688 0.560546875
vt 0.610351562 0.616699219
vt 0.652832031 0.56640625
vt 0.6484375 0.676269531
vt 0.649414062 0.622558594
vt 0.689453125 0.56640625
vt 0.719238281 0.449951172
vt 0.724609375 0.510253906
vt 0.688476562 0.676757812
vt 0.688964844 0.622558594
vt 0.767089844 0.504882812
vt 0.725097656 0.565429688
vt 0.728515625 0.676269531
vt 0.728027344 0.622558594
vt 0.767089844 0.617675781
vt 0.765625 0.561035156
vt 0.795410156 0.611328125
vt 0.795410156 0.554199219
vt 0.821777344 0.602539062
vt 0.822753906 0.54296875
vt 0.797363281 0.495849609
vt 0.823730469 0.482177734
vn 0.878646553 0.32844612 0.346559405
vn 0.878646553 0.32844612 0.346559376
vn 0.864432454 0.305045396 0.399629503
vn 0.828160167 0.256670505 0.498268127
vn 0.75009203 0.213813469 0.625816047
vn 0.706178606 0.201264396 0.678825736
vn 0.618028879 0.192163765 0.762307942
vn 0.60277909 0.198391989 0.772850454
vn 0.485097647 0.17626287 0.856511354
vn 0.355190903 0.132465869 0.92536062
vn 0.117978349 0.0842936859 0.989431977
vn 0.0460486449 0.0775689408 0.995922923
vn -0.0858172923 0.0650108382 0.994187593
vn -0.0891193449 0.0650847852 0.993892193
vn -0.103309281 0.0595703311 0.992863834
vn -0.108297311 0.0561521463 0.992531359
vn -0.122386046 0.0459405258 0.991418719
vn -0.124524832 0.0442737341 0.991228223
vn -0.123476408 0.0336836427 0.991775632
vn -0.120786153 0.0313566662 0.992183149
vn -0.112378091 0.0253791362 0.993341386
vn -0.112013757 0.0253808592 0.993382454
vn -0.101086661 0.0109307636 0.994817555
vn -0.0980951414 0.00636267755 0.995156705
vn -0.0874376968 -0.0152574498 0.9960531
vn -0.0871837959 -0.0166992396 0.996052265
vn -0.102928787 -0.0267802551 0.994328201
vn -0.106759124 -0.0274148434 0.993906915
vn -0.133056045 -0.042511072 0.990196347
vn -0.132656544 -0.0419827476 0.990272582
vn -0.13357076 -0.0494407341 0.989805222
vn -0.13271533 -0.0489444621 0.989944994
vn -0.123692408 -0.0602095015 0.990492284
vn -0.12346226 -0.0662028342 0.990138531
vn -0.122822471 -0.0822775215 0.989012122
vn -0.122822471 -0.0822775215 0.989012122
vn 0.731868744 -0.67770493 -0.0713031515
vn 0.731868684 -0.67770493 -0.0713031515
vn 0.698888421 -0.713092148 0.0552681498
vn 0.679238081 -0.725067019 0.113636985
vn 0.679047942 -0.691381454 0.246750042
vn 0.683207512 -0.687006116 0.247487456
vn 0.741976082 -0.64302671 0.189705387
vn 0.746691406 -0.647487342 0.152355134
vn 0.584183574 -0.810888946 0.0344779491
vn 0.612528741 -0.789258182 0.0433592759
vn 0.462293535 -0.885587394 0.0449392051
vn 0.448257327 -0.893547058 0.0252814665
vn 0.52439028 -0.843358338 0.117309421
vn 0.518507421 -0.847774804 0.111481152
vn 0.642406285 -0.724866807 0.248761475
vn 0.640152514 -0.72780031 0.245990738
vn 0.673433959 -0.625891447 0.393378377
vn 0.67836982 -0.624197006 0.387546748
vn 0.640772283 -0.665828288 0.382208824
vn 0.64107728 -0.667930901 0.378005475
vn 0.693011403 -0.709245563 0.129251778
vn 0.690390587 -0.70908612 0.143379316
vn 0.634520769 -0.741961122 -0.216510922
vn 0.60269618 -0.751340926 -0.268782705
vn 0.348553479 -0.837966025 -0.419908673
vn 0.337437779 -0.842698336 -0.419517696
vn 0.243139371 -0.911636591 -0.331363738
vn 0.261570573 -0.915745616 -0.304944158
vn 0.301663041 -0.949396908 -0.0874355808
vn 0.290450513 -0.956876397 -0.00510958582
vn 0.023551181 -0.99972266 -3.95620591E-05
vn -0.0657867044 -0.99675411 -0.0464035906
vn -0.177575484 -0.971224725 -0.158711448
vn -0.142468184 -0.976778626 -0.16001977
vn 0.143082649 -0.972735226 -0.182519898
vn 0.210509121 -0.959267139 -0.188394502
vn 0.413575858 -0.876279354 -0.247162938
vn 0.413140446 -0.876654983 -0.246558428
vn 0.508267045 -0.800127506 -0.318528831
vn 0.504689038 -0.802950919 -0.317109883
vn 0.550605059 -0.758719027 -0.348108321
vn 0.547576725 -0.760011435 -0.350060582
vn 0.515230715 -0.745901048 -0.422100663
vn 0.517996192 -0.748800278 -0.413495123
vn 0.504987776 -0.749658942 -0.427783608
vn 0.506407619 -0.754297137 -0.417836219
vn 0.51953423 -0.803569019 -0.290449739
vn 0.521211982 -0.812402427 -0.26142019
vn 0.483622164 -0.873663902 -0.0531122871
vn 0.474389553 -0.879878998 -0.0277032554
vn 0.366022229 -0.93059957 -0.00349215488
vn 0.346721411 -0.937382817 -0.0331292562
vn 0.294051498 -0.929814279 -0.22131215
vn 0.296560347 -0.923645854 -0.242755368
vn 0.271969587 -0.883574545 -0.381219983
vn 0.256118029 -0.878513634 -0.403258353
vn 0.149408773 -0.802829802 -0.577183962
vn 0.14390479 -0.797362924 -0.586091876
vn -0 -0.713441074 -0.700715184
vn -0 -0.713441074 -0.700715184
vn -0.157025978 -0.792624474 -0.589142919
vn -0.14966239 -0.786684811 -0.59893924
vn -0.735664308 0.211570501 0.64345628
vn -0.665081441 0.182073817 0.724234581
vn -0.735664368 0.211570501 0.643456221
vn -0.64664942 0.174550533 0.742547452
vn -0.524404287 0.133562878 0.840928733
vn -0.518863857 0.132420942 0.844538391
vn -0.43106246 0.144570395 0.890665174
vn -0.42941004 0.145310313 0.891342819
vn -0.4315916 0.176974833 0.884538651
vn -0.442571312 0.179405227 0.878603637
vn -0.418805748 0.184108943 0.889216304
vn -0.411073059 0.183431953 0.892956674
vn -0.272778869 0.167951688 0.947303474
vn -0.273196489 0.168008745 0.947173059
vn -0.205143437 0.160014227 0.96556282
vn -0.204851195 0.160129279 0.965605855
vn -0.20939897 0.161005795 0.964483857
vn -0.210652679 0.16095309 0.964219689
vn -0.230069458 0.157934487 0.960273325
vn -0.23228246 0.157428145 0.959823489
vn -0.249388948 0.15982163 0.955124259
vn -0.25080955 0.161193535 0.954521418
vn -0.263983816 0.159938827 0.95117408
vn -0.267183751 0.157358721 0.950710893
vn -0.276976615 0.147075251 0.949554026
vn -0.278096169 0.144829929 0.949571967
vn -0.27158612 0.151953116 0.950342774
vn -0.265215039 0.160212994 0.950785339
vn -0.260730714 0.177414834 0.948969781
vn -0.26474303 0.183752507 0.946649969
vn -0.263251573 0.201467633 0.943456113
vn -0.255231798 0.218518808 0.94186312
vn -0.222206578 0.193489939 0.955607593
vn -0.176002651 0.134006396 0.975225866
vn -0.150651082 0.101601101 0.983352244
vn -0.150651082 0.101601094 0.983352244
vn -0.157025978 -0.792624474 -0.589142919
vn -0.14966239 -0.786684811 -0.59893924
vn -0.285433829 -0.844039321 -0.454010129
vn -0.340166867 -0.836383581 -0.429824293
vn -0.395764798 -0.853388548 -0.339261293
vn -0.397875309 -0.864377141 -0.3074857
vn -0.43900466 -0.892228544 -0.105844259
vn -0.430893332 -0.892009139 -0.136567771
vn -0.529347479 -0.848352253 -0.00946735963
vn -0.549075305 -0.835699022 -0.0111084171
vn -0.646489382 -0.762214303 -0.0328778699
vn -0.655148327 -0.754579544 -0.0372871943
vn -0.668500662 -0.738054335 -0.0915571824
vn -0.666592121 -0.73931551 -0.0952237174
vn -0.623069286 -0.761066675 -0.180449516
vn -0.624527872 -0.760549963 -0.177563623
vn -0.584177434 -0.762620628 -0.277752608
vn -0.58026284 -0.761046886 -0.290004551
vn -0.500578284 -0.803444028 -0.322333962
vn -0.502099574 -0.802316427 -0.322776139
vn -0.404672444 -0.877451658 -0.257524431
vn -0.403322428 -0.878645778 -0.255563349
vn -0.232563332 -0.947864354 -0.217870474
vn -0.179903701 -0.958828986 -0.219730824
vn 0.0685925782 -0.988997459 -0.131069347
vn 0.0807224661 -0.989543319 -0.119531907
vn -0.0849251896 -0.995668054 0.0378525034
vn -0.0864036381 -0.995527208 0.038208425
vn -0.341550469 -0.939539373 0.0246802941
vn -0.339170873 -0.940610588 -0.0146571631
vn -0.29019618 -0.936096489 -0.198769704
vn -0.277430534 -0.933134854 -0.228673652
vn -0.370013028 -0.848653078 -0.377992511
vn -0.377001852 -0.844643414 -0.380061924
vn -0.624884069 -0.740017474 -0.248784989
vn -0.650860429 -0.731112778 -0.20458442
vn -0.71532321 -0.686688066 0.129507154
vn -0.714147568 -0.68667835 0.135890394
vn -0.665730715 -0.661402464 0.345469803
vn -0.655716062 -0.646626294 0.389757454
vn -0.630084097 -0.64928633 0.425935715
vn -0.62736845 -0.655379295 0.420579076
vn -0.60361737 -0.723733068 0.334449619
vn -0.598099589 -0.738798022 0.310571074
vn -0.538861454 -0.812950373 0.220771328
vn -0.528537393 -0.821729004 0.213095456
vn -0.427992851 -0.889607131 0.159440532
vn -0.415386319 -0.896374524 0.154812753
vn -0.407114476 -0.902957916 0.137567922
vn -0.44536376 -0.884275138 0.140387341
vn -0.550952256 -0.814415693 0.182150185
vn -0.600611567 -0.770250797 0.214428455
vn -0.680328727 -0.67855376 0.276979834
vn -0.67069453 -0.691788197 0.267577738
vn -0.677992105 -0.70083642 0.221709356
vn -0.677568853 -0.701623023 0.220512331
vn -0.739285231 -0.669819295 0.0692790151
vn -0.754144192 -0.654298186 0.056218978
vn -0.828250408 -0.560091197 -0.0172919799
vn -0.828250408 -0.560091197 -0.0172919799
vn 0.76884526 0.638386607 0.0365989357
vn 0.758653104 0.650575817 -0.0345911905
vn 0.735778153 0.676892817 0.0211358964
vn 0.781362951 0.62388593 -0.0154353287
vn 0.83143574 0.552794158 0.0559747294
vn 0.783332407 0.597134948 -0.172685236
vn 0.770932674 0.600075603 -0.213476032
vn 0.827318609 0.561403453 -0.0192352012
vn 0.677675188 0.527296484 -0.512557089
vn 0.628168464 0.510045707 -0.587586403
vn 0.688411832 0.528461039 -0.496807903
vn 0.380818963 0.375587404 -0.844932556
vn 0.343761325 0.339579016 -0.87550801
vn 0.87244451 0.487953752 -0.0272366814
vn 0.874572396 0.480348378 0.0662473142
vn 0.10665486 0.175080717 -0.978760183
vn 0.0769382492 0.152987331 -0.985228658
vn -0.0259723105 0.030909067 -0.999184668
vn 0.739633977 0.457014233 -0.494044065
vn 0.891839147 0.45066449 -0.0390448682
vn 0.896202505 0.437412411 0.0741038024
vn 0.23371765 0.270083517 -0.93404007
vn 0.644681096 0.279947788 -0.711347699
vn 0.766228795 0.232964575 -0.598849535
vn 0.95001781 0.311720014 -0.0172262695
vn 0.322161496 0.260788113 -0.910055757
vn 0.75132674 0.423185647 -0.506381273
vn 0.905537546 0.421014518 -0.0524269789
vn 0.909027934 0.410335302 0.0727545097
vn 0.920603693 0.383521795 0.0734836236
vn 0.613984883 0.299977571 -0.730093181
vn 0.914821029 0.364810258 -0.173251107
vn 0.901409805 0.370024592 -0.224815756
vn 0.363978773 0.253706306 -0.896187901
vn 0.750022352 0.390977949 -0.533481598
vn 0.919339001 0.388722569 -0.0609155148
vn 0.930580914 0.35753569 0.0786599219
vn 0.885937035 0.372152209 -0.276799947
vn 0.769438863 0.380080163 -0.513325393
vn 0.708595574 0.349884957 -0.612758338
vn 0.768938839 0.361647725 -0.527203977
vn 0.929900289 0.360455602 -0.0731937438
vn 0.935837865 0.342081904 0.0847791806
vn 0.258137316 0.272000939 -0.927027822
vn 0.271603465 0.247769535 -0.929968715
vn -0.139756545 0.187934682 -0.972187579
vn 0.936326087 0.341102034 -0.0833240971
vn 0.937233269 0.336771995 0.0904341787
vn 0.380458713 0.351196706 -0.855518579
vn -0.23873885 0.145658538 -0.960097611
vn -0.26259616 0.142991513 -0.954251885
vn 0.492112964 0.231445536 -0.839200675
vn -0.139071599 0.147785783 -0.979192734
vn 0.627518892 0.224219948 -0.745617449
vn 0.959484816 0.177578434 -0.218757585
vn -0.21062772 0.170672268 -0.962552309
vn 0.409450918 0.35718146 -0.839506626
vn 0.434969217 0.251516908 -0.864604592
vn 0.850592315 0.274215996 -0.448662668
vn 0.907564998 0.227305666 -0.353069127
vn 0.68563062 0.314744323 -0.656388998
vn 0.868002415 0.372250319 -0.328635812
vn 0.421940565 0.265874237 -0.8667624
vn 0.342952669 0.27464816 -0.898304939
vn 0.816267967 0.290306449 -0.499428421
vn 0.778262496 0.305213541 -0.548773408
vn 0.244373977 0.345217288 -0.906149268
vn 0.296285689 0.326859236 -0.897428393
vn -0.223865882 0.297189593 -0.928203881
vn 0.254428387 0.33306995 -0.907926619
vn 0.284252197 0.331241071 -0.899711132
vn -0.317279905 0.248600021 -0.915167451
vn -0.490344644 0.241018206 -0.837539434
vn -0.484200686 0.19167909 -0.853702962
vn 0.155220896 0.278755218 -0.94773519
vn -0.290069252 0.231791884 -0.928510845
vn 0.405222356 0.277050912 -0.871227682
vn 0.714093685 0.216117755 -0.665855229
vn 0.639006793 0.271155477 -0.719822884
vn -0.255184263 0.232518435 -0.938518107
vn 0.175627947 0.259866625 -0.949538887
vn 0.426436901 0.312678725 -0.848754108
vn 0.43139571 0.315406919 -0.845231473
vn 0.197857082 0.351588339 -0.915007234
vn 0.219129428 0.283700109 -0.933539748
vn 0.433927268 0.290961087 -0.852671623
vn -0 0.3441706 -0.938907206
vn -0 0.350854546 -0.936429977
vn -0.215116084 0.344100744 -0.913958311
vn -0 0.315047473 -0.949075937
vn -0.43284145 0.302615315 -0.849159777
vn -0.461929142 0.290079236 -0.838138163
vn -0.648566008 0.242012039 -0.721659362
vn -0.150426611 0.273182988 -0.9501279
vn -0.682714224 0.199914649 -0.7028054
vn -0.297949046 0.282415479 -0.911848605
vn 0.298972219 0.230911493 -0.925902605
vn 0.493100762 0.191427276 -0.848650336
vn -0.433927208 0.290961117 -0.852671623
vn -0 0.341276765 -0.939962804
vn 0.319796801 0.251438886 -0.913514376
vn 0.504192233 0.241725624 -0.829071105
vn 0.24766776 0.297123969 -0.922159493
vn -0.175627902 0.259866625 -0.949538887
vn -0.255237907 0.336242199 -0.90652895
vn -0.341489643 0.324929476 -0.881932914
vn -0.72241503 0.285929531 -0.629572034
vn 0.418209076 0.308001578 -0.85453862
vn -0.418209046 0.308001578 -0.8545385
vn 0.255184323 0.23251842 -0.938518107
vn -0.856671274 0.249886498 -0.451299399
vn -0.906339526 0.18782416 -0.378511369
vn -0.961412966 0.132074416 -0.241332859
vn -0.487497181 0.216868177 -0.84576273
vn -0.614570022 0.194118097 -0.764605641
vn 0.182676598 0.144472659 -0.972500324
vn 0.262260795 0.152112231 -0.952932894
vn -0.254428267 0.33306995 -0.907926619
vn -0.219129339 0.283700138 -0.933539867
vn -0.816267967 0.290306479 -0.499428362
vn -0.284252167 0.331241131 -0.899711132
vn 0.239787251 0.149925739 -0.959178984
vn 0.135900766 0.193533629 -0.97163558
vn -0.434969246 0.251516908 -0.864604592
vn -0.27926442 0.267228186 -0.922280014
vn -0.316460699 0.240363747 -0.917648017
vn -0.748647749 0.316419482 -0.582584977
vn -0.778262496 0.305213541 -0.548773408
vn 0.210627764 0.170672253 -0.962552249
vn -0.788284898 0.359370142 -0.499459624
vn -0.926896274 0.317545176 -0.200071037
vn -0.421940565 0.265874147 -0.8667624
vn -0.34295252 0.27464816 -0.898305058
vn -0.33859849 0.318134636 -0.885517597
vn -0.380458921 0.351196706 -0.85551852
vn -0.409451216 0.357181579 -0.839506388
vn -0.928583086 0.335849673 -0.157919139
vn -0.96932286 0.24329485 0.0349407829
vn -0.649928093 0.258262575 -0.71476835
vn -0.884817123 0.187638611 -0.426486105
vn -0.0273251738 -0.038066715 -0.998901486
vn 0.0568773039 0.00352277234 -0.998374939
vn -0.885937095 0.37215212 -0.276800066
vn -0.106801175 0.172979891 -0.979117632
vn -0.0795982257 0.150668651 -0.98537457
vn -0.33999455 0.327268898 -0.881645441
vn -0.613984644 0.299977511 -0.73009336
vn -0.868002415 0.372250497 -0.328635693
vn -0.386749595 0.372920573 -0.843418658
vn -0.64277041 0.492937326 -0.586394906
vn -0.233717635 0.270083517 -0.934040129
vn -0.690596044 0.517421126 -0.505324125
vn -0.798188388 0.565214038 -0.208394825
vn -0.688411772 0.528461158 -0.496807903
vn -0.797302961 0.579859555 -0.167543888
vn -0.773244023 0.63384968 -0.0181181692
vn -0.625273466 0.282814324 -0.727357745
vn -0.41274634 0.34219715 -0.844121695
vn -0.322161436 0.260788113 -0.910055816
vn -0.596609831 0.291846961 -0.747584164
vn -0.432763875 0.316197544 -0.844236076
vn -0.787804186 0.615835965 0.0105270632
vn -0.827342629 0.561342299 0.0199755654
vn -0.765498757 0.637664735 0.085995473
vn -0.7308411 0.681105137 0.0443513021
vn -0.825571954 0.54825753 0.133583441
vn -0.739633858 0.457014292 -0.494044185
vn -0.872653425 0.488131195 0.0142814927
vn -0.866745949 0.476199865 0.148274258
vn -0.363978595 0.253706247 -0.896187901
vn -0.751326799 0.423185796 -0.506381094
vn -0.892487347 0.451055408 0.0039165183
vn -0.887129426 0.433056712 0.159571901
vn -0.750022352 0.390977979 -0.533481538
vn -0.906834662 0.421417147 -0.00764513528
vn -0.899577737 0.405713826 0.161729082
vn -0.909453511 0.380587429 0.167473808
vn -0.595170438 0.280745298 -0.752963543
vn -0.386141628 0.247402012 -0.888643324
vn -0.920655012 0.390165478 -0.0128522832
vn -0.916757107 0.356362402 0.180450484
vn -0.768938959 0.361647397 -0.527203918
vn -0.931502461 0.363096297 -0.0215469245
vn -0.919051051 0.341474146 0.196826234
vn -0.938348651 0.344688356 -0.0262992959
vn -0.915987313 0.334120452 0.222105399
vn -0.777983069 0.329779148 -0.534778476
vn -0.41570276 0.242793441 -0.876494467
vn -0.579950452 0.268002093 -0.769306421
vn -0.938951552 0.342938244 -0.0276311319
vn -0.908483207 0.316954195 0.272393286
vn -0.752237618 0.310522795 -0.581131697
vn -0.444127709 0.232231006 -0.865343511
vn -0.42447421 0.295649618 -0.855811357
vn -0.943705022 0.330648512 0.00961036701
vn -0.884307504 0.29072845 0.365345269
vn -0.566059947 0.240751952 -0.788425386
vn -0.748429835 0.288932204 -0.596968234
vn -0.607222795 0.254335791 -0.75272423
vn -0.948482335 0.309772491 0.0665001571
vn -0.830790997 0.270869732 0.486226231
vn -0.754072249 0.274144679 -0.596841574
vn -0.93913877 0.31065774 0.146663532
vn -0.934810698 0.328808248 -0.134216398
vn -0.764197707 0.269862711 -0.585812211
vn -0.592289984 0.23514916 -0.770647466
vn -0.414831966 0.273005068 -0.867976189
vn -0.762516141 0.299295366 -0.573577642
vn -0.563215911 0.221523255 -0.79606241
vn -0.417760015 0.259595215 -0.870681763
vn -0.754365563 0.327768505 -0.568770885
vn -0.914978623 0.32681933 -0.236650229
vn -0.350916326 0.218813226 -0.910482526
vn -0.394302696 0.245634615 -0.885544479
vn -0.695296288 0.332652956 -0.637106717
vn -0.866693914 0.329555392 -0.374479532
vn -0.327963144 0.257264525 -0.908985794
vn -0.195354685 0.253111422 -0.947507918
vn -0.373936594 0.250604242 -0.892955244
vn -0.279478759 0.279235989 -0.918650568
vn -0.611561 0.334703922 -0.716914475
vn -0.740440607 0.362158805 -0.566205502
vn -0.25431788 0.218991712 -0.942000508
vn -0.270232618 0.234610334 -0.93377316
vn -0.148708329 0.284453928 -0.947086036
vn -0.212669432 0.291876853 -0.932512462
vn -0.449624777 0.346218109 -0.823389649
vn -0.569114566 0.37420398 -0.732174814
vn -0.276013464 0.32975772 -0.902815819
vn -0.132153541 0.301653326 -0.944214344
vn -0.0430027395 0.30116564 -0.952601731
vn -0.00249233888 0.292748421 -0.956186295
vn -0.116312087 0.304062307 -0.94552511
vn -0.0793491304 0.319757372 -0.944171011
vn -0.0162649825 0.32958132 -0.943987072
vn 0.00337148551 0.323604941 -0.946186364
vn -0.0836966336 0.337309927 -0.937665761
vn -0.043751549 0.330713928 -0.94271636
vn -0.0820916966 0.341535509 -0.936276972
vn -0 0.335542589 -0.942025065
vn -0.0818230882 0.346698403 -0.934400976
vn -0.0893706754 0.341292769 -0.935698688
vn -0.102248468 0.324351072 -0.940394461
vn -0 0.341287524 -0.93995893
vn -0 0.349373132 -0.936983705
vn 0.0820916966 0.341535509 -0.936276972
vn 0.0836966261 0.337309957 -0.937665641
vn -0.116810232 0.303680867 -0.945586205
vn -0 0.346618026 -0.938006401
vn 0.0818230808 0.346698403 -0.934400976
vn 0.0162649676 0.329581261 -0.943987072
vn -0.00337148062 0.323604941 -0.946186364
vn 0.0100768823 0.294924885 -0.955467284
vn 0.043751549 0.330713928 -0.94271636
vn 0.0452504158 0.302873194 -0.951956034
vn 0.295174718 0.334915221 -0.894820571
vn 0.0893706903 0.341292769 -0.935698688
vn -0 0.330972821 -0.943640232
vn 0.0793491304 0.319757372 -0.944171011
vn 0.458573401 0.349910885 -0.81686759
vn 0.600746453 0.378421217 -0.704202354
vn 0.750612438 0.363069773 -0.552051961
vn 0.127258047 0.30120182 -0.94503063
vn 0.604790449 0.335758924 -0.722145736
vn 0.866542578 0.3300111 -0.374428332
vn 0.102248468 0.324351072 -0.940394461
vn 0.116312109 0.304062247 -0.94552511
vn 0.207212105 0.288148552 -0.934897602
vn 0.686981082 0.319635093 -0.652602732
vn 0.907705128 0.310088545 -0.282694936
vn 0.277482033 0.276122332 -0.920195818
vn 0.733658254 0.303277373 -0.608085811
vn 0.926711857 0.297654986 -0.229361355
vn 0.148708314 0.284453928 -0.947086036
vn 0.116810247 0.303680867 -0.945586205
vn 0.195354685 0.253111422 -0.947507918
vn 0.327963054 0.257264525 -0.908985794
vn 0.755192578 0.287660122 -0.589012623
vn -0 0.310886651 -0.950446963
vn 0.350916356 0.218813241 -0.910482526
vn 0.951740444 0.296360642 -0.0797530264
vn 0.953085423 0.290054083 0.0865845159
vn 0.764197826 0.269862711 -0.585812092
vn 0.949199677 0.304877996 -0.0779060125
vn 0.949135423 0.301304907 0.0914177895
vn 0.941323996 0.327206105 -0.0827355087
vn 0.941733837 0.323046923 0.0936918631
vn 0.754072189 0.274144679 -0.596841574
vn 0.935998559 0.339440972 -0.0932024047
vn 0.748429775 0.288932294 -0.596968293
vn 0.563215911 0.221523181 -0.79606241
vn 0.752237678 0.310522944 -0.581131518
vn 0.592289805 0.23514913 -0.770647526
vn 0.777983248 0.329779178 -0.534778237
vn 0.607222617 0.25433588 -0.75272429
vn 0.44412756 0.232230946 -0.865343511
vn 0.415702522 0.242793366 -0.876494586
vn 0.386141539 0.247402072 -0.888643324
vn 0.579950452 0.268002063 -0.769306421
vn 0.595170379 0.280745625 -0.752963543
vn 0.566059828 0.240751982 -0.788425505
vn 0.42447415 0.295649558 -0.855811357
vn 0.596609533 0.29184708 -0.747584403
vn 0.414831966 0.273005098 -0.867976189
vn 0.432763666 0.316197723 -0.844236076
vn 0.625273585 0.282814056 -0.727357686
vn 0.41274634 0.34219721 -0.844121814
vn 0.309042037 0.266100258 -0.913062871
vn 0.30209446 0.260231078 -0.917070687
vn 0.363022029 0.297521532 -0.88300395
vn 0.338598639 0.318134725 -0.885517597
vn 0.208892703 0.283352315 -0.935988963
vn 0.210307598 0.286205441 -0.934803307
vn 0.355623156 0.291898072 -0.887878239
vn 0.293711752 0.253130972 -0.921769023
vn 0.361710489 0.316243321 -0.877015173
vn 0.316286087 0.310632497 -0.896365106
vn -0 0.34885779 -0.937175691
vn -0 0.337591678 -0.941292644
vn -0.361710459 0.316243321 -0.877015173
vn -0.208892718 0.283352256 -0.935988963
vn -0.316286027 0.310632527 -0.896365225
vn -0 0.324648231 -0.945834816
vn 0.282680422 0.305681735 -0.909203231
vn -0.210307553 0.286205441 -0.934803307
vn -0.282680333 0.305681735 -0.909203231
vn 0.208391383 0.285536468 -0.935436785
vn 0.325636238 0.286411852 -0.901071191
vn -0.363022029 0.297521532 -0.88300395
vn -0 0.313708067 -0.949519396
vn 0.206627518 0.269855946 -0.940469503
vn -0.309042096 0.266100228 -0.913062871
vn -0.30209443 0.260231078 -0.917070806
vn -0.355623215 0.291898072 -0.88787818
vn -0.293711782 0.253131002 -0.921769023
vn -0.208391353 0.285536498 -0.935436785
vn -0.287316442 0.246998355 -0.925441086
vn -0.325636119 0.286411852 -0.901071191
vn -0.206627458 0.269855917 -0.940469503
vn -0.356207579 0.26899147 -0.894851863
vn -0.258592218 0.296745658 -0.919278026
vn -0.196019277 0.279167086 -0.940022469
vn -0.333480746 0.271683007 -0.902761877
vn -0 0.306030691 -0.952021718
vn -0.165889546 0.290459216 -0.942398012
vn -0.307843029 0.272415757 -0.911604285
vn -0.149148881 0.285509199 -0.946699083
vn -0 0.302361816 -0.953193307
vn 0.258592218 0.296745598 -0.919278026
vn 0.196019351 0.279167026 -0.940022469
vn -0 0.296876639 -0.954915822
vn -0.131875291 0.289044261 -0.948188961
vn -0 0.297137767 -0.95483464
vn 0.35620752 0.2689915 -0.894851863
vn 0.165889561 0.290459216 -0.942398012
vn 0.131875321 0.289044291 -0.948188961
vn 0.149148941 0.285509259 -0.946699083
vn 0.333480746 0.271682978 -0.902761877
vn 0.287316382 0.246998355 -0.925441086
vn 0.307843089 0.272415757 -0.911604285
vn 0.254317939 0.218991727 -0.942000508
vn 0.270232618 0.234610304 -0.93377316
vn 0.373936623 0.250604182 -0.892955244
vn 0.394302607 0.245634601 -0.885544598
vn 0.417760015 0.259595245 -0.870681763
vn -0.687083483 -0.721296251 0.0874534026
vn -0.73829037 -0.670267165 0.0752942935
vn -0.682336926 -0.728146434 0.0649548024
vn -0.748478413 -0.65887332 0.075273186
vn -0.827186704 -0.555265307 0.0862704441
vn -0.747461617 -0.639709592 0.179088533
vn -0.685392737 -0.689309061 0.234712258
vn -0.825206697 -0.559053838 0.080578208
vn -0.872105837 -0.482987911 0.0784479529
vn -0.635951042 -0.568281949 0.522132158
vn -0.547241986 -0.58825314 0.595385969
vn -0.692675531 -0.528912187 0.490359604
vn -0.338601857 -0.416424364 0.84376508
vn -0.28477639 -0.419170231 0.862089813
vn -0.0577955283 -0.231756851 0.971055329
vn -0.868545592 -0.487595022 0.0887675062
vn -0.894662201 -0.441095918 0.0708090439
vn -0.0998134315 -0.211701199 0.972224176
vn 0.0226821098 -0.0908388719 0.995607316
vn -0.739747524 -0.45919022 0.491851598
vn -0.887516499 -0.449468076 0.101454347
vn -0.910679519 -0.404770076 0.0826075152
vn -0.247556657 -0.272125781 0.929872751
vn -0.627992094 -0.311878532 0.712991953
vn -0.741820693 -0.294686317 0.602380276
vn -0.91716814 -0.391471267 0.0745175406
vn -0.327300429 -0.261960626 0.90788269
vn -0.75113517 -0.424288809 0.505741894
vn -0.901856244 -0.414919615 0.120403089
vn -0.921625555 -0.373121977 0.106706701
vn -0.611610055 -0.298897386 0.732525408
vn -0.888374269 -0.407559901 0.211391091
vn -0.850117207 -0.455169559 0.26480478
vn -0.365453809 -0.254552573 0.895347059
vn -0.749966204 -0.392137021 0.53270936
vn -0.913603127 -0.38039425 0.143629834
vn -0.928632319 -0.347367406 0.13029936
vn -0.889374971 -0.366709203 0.27301386
vn -0.748317897 -0.421253651 0.512411475
vn -0.642847836 -0.429204822 0.634452403
vn -0.767596662 -0.362480164 0.528586328
vn -0.92088598 -0.351291597 0.169007003
vn -0.932014644 -0.327427775 0.155369416
vn -0.211792856 -0.313596815 0.925635397
vn -0.170537591 -0.318196625 0.932559848
vn 0.201928586 -0.240042433 0.949528515
vn -0.924239337 -0.32914257 0.193511799
vn -0.925862134 -0.324812353 0.193070695
vn -0.38969779 -0.351295143 0.85130924
vn 0.236009389 -0.171885431 0.95642823
vn 0.266494036 -0.19368583 0.944175124
vn -0.490888476 -0.261710465 0.830985069
vn 0.0910746157 -0.211570263 0.973110199
vn -0.59060663 -0.27479437 0.758730471
vn -0.946292877 -0.211598486 0.244450107
vn 0.200632513 -0.163619414 0.965906501
vn -0.431297749 -0.357253373 0.828463733
vn -0.434194595 -0.251320332 0.865050912
vn -0.843100607 -0.300134093 0.446207285
vn -0.893134832 -0.290284216 0.343577176
vn -0.657791078 -0.389591157 0.644615948
vn -0.876104832 -0.363055855 0.317223817
vn -0.407628268 -0.253500819 0.877255201
vn -0.335496455 -0.268676937 0.902914524
vn -0.809308171 -0.290335178 0.510613203
vn -0.773196399 -0.302224308 0.557519436
vn -0.212646499 -0.38355267 0.898703992
vn -0.24740842 -0.400158793 0.882418275
vn 0.270838767 -0.366631806 0.89007163
vn -0.2455699 -0.332865864 0.910437107
vn -0.297182173 -0.330399901 0.895834029
vn 0.352699757 -0.272657484 0.895131707
vn 0.585087121 -0.284921706 0.759271026
vn 0.518422604 -0.228234351 0.824103832
vn -0.153606772 -0.303584993 0.940340996
vn 0.270082057 -0.278297275 0.921741009
vn -0.373709053 -0.322942078 0.869511306
vn -0.725703776 -0.222909391 0.650895953
vn -0.63201803 -0.305364668 0.712253869
vn 0.261379033 -0.227475256 0.938049078
vn -0.186381787 -0.260782331 0.947235107
vn -0.41757217 -0.339307219 0.842914045
vn -0.465252966 -0.352518976 0.811954439
vn -0.213134363 -0.409635514 0.887001932
vn -0.214906186 -0.278421193 0.936107397
vn -0.426228434 -0.292163372 0.85613662
vn -0 -0.383701265 0.923457325
vn -0 -0.42158553 0.906788707
vn 0.213134408 -0.409635574 0.887001932
vn -0 -0.315029055 0.949082077
vn 0.421334982 -0.335150361 0.842704654
vn 0.48440817 -0.350251257 0.801668823
vn 0.645844519 -0.296794385 0.703418851
vn 0.140587375 -0.310388893 0.940156341
vn 0.704063237 -0.226316199 0.673109174
vn 0.330645502 -0.326747268 0.885386825
vn -0.35127914 -0.272839487 0.895634711
vn -0.537605643 -0.240813121 0.808077395
vn 0.426228344 -0.292163283 0.85613662
vn -0 -0.341696948 0.939810216
vn -0.355116516 -0.28141427 0.891458571
vn -0.552952528 -0.31374234 0.771886826
vn -0.271983504 -0.376916945 0.885414362
vn 0.186381757 -0.260782301 0.947235227
vn 0.225029349 -0.37480098 0.899380863
vn 0.298727781 -0.401432395 0.865802407
vn 0.709588349 -0.359021783 0.606290162
vn -0.412530065 -0.308765411 0.857019782
vn 0.412530065 -0.308765352 0.857019782
vn -0.261379123 -0.227475211 0.938049078
vn 0.84695524 -0.280251682 0.45180288
vn 0.891475618 -0.258529305 0.372066975
vn 0.938390613 -0.196950138 0.283960521
vn 0.481633276 -0.257812381 0.837593079
vn 0.565076888 -0.276262492 0.777410567
vn -0.129395992 -0.217269823 0.96749711
vn -0.268701285 -0.212575525 0.939473927
vn 0.245569691 -0.332865834 0.910437167
vn 0.214906082 -0.278421104 0.936107397
vn 0.809308171 -0.290335208 0.510613024
vn 0.297182143 -0.330399871 0.895834148
vn -0.236563265 -0.181391373 0.954533875
vn -0.182093501 -0.25579527 0.949426532
vn 0.434194744 -0.251320302 0.865050912
vn 0.240831733 -0.313266665 0.918620765
vn 0.217591897 -0.316269249 0.923378229
vn 0.683702767 -0.402533174 0.608701408
vn 0.773196399 -0.302224338 0.557519376
vn -0.200632617 -0.163619474 0.965906501
vn 0.761997759 -0.40462926 0.505603135
vn 0.872120082 -0.417366117 0.255366713
vn 0.407628179 -0.253500849 0.877255201
vn 0.335496455 -0.268676966 0.902914524
vn 0.335995942 -0.314122647 0.887937903
vn 0.389697343 -0.351295263 0.851309299
vn 0.431298316 -0.357253373 0.828463495
vn 0.900321722 -0.386684686 0.199739218
vn 0.939093649 -0.341387838 0.0394660719
vn 0.634385169 -0.293723583 0.715039849
vn 0.844711602 -0.285235733 0.452882797
vn 0.0932145789 -0.0165705178 0.995508075
vn -0.0527699031 -0.0486979336 0.997418642
vn 0.889374971 -0.366709113 0.27301386
vn 0.101258382 -0.206924722 0.973102629
vn 0.0505384766 -0.211726055 0.976021469
vn 0.26787892 -0.378202617 0.88611728
vn 0.611609876 -0.298897326 0.732525468
vn 0.876104891 -0.363055736 0.31722334
vn 0.343361437 -0.399337649 0.850077808
vn 0.550519228 -0.552814722 0.625559211
vn 0.247556493 -0.272125572 0.92987287
vn 0.642059207 -0.554402649 0.529525816
vn 0.710898578 -0.664796531 0.22949703
vn 0.692675591 -0.528912067 0.490359664
vn 0.76100105 -0.62631166 0.169148207
vn 0.716635346 -0.694840968 0.0602479391
vn 0.624753535 -0.28098771 0.728511453
vn 0.425049692 -0.33930546 0.839168966
vn 0.327300459 -0.261960536 0.90788275
vn 0.609198153 -0.288232595 0.738782525
vn 0.432557583 -0.317341477 0.843912542
vn 0.763288021 -0.643820107 0.0537320226
vn 0.82757628 -0.557688773 0.0640367121
vn 0.753112912 -0.655559719 0.0553378426
vn 0.704930186 -0.706737339 0.0599653497
vn 0.830424249 -0.554586232 0.0531939715
vn 0.874844491 -0.481417388 0.0537080169
vn 0.739747524 -0.45919016 0.491851598
vn 0.870553672 -0.486141175 0.0761787072
vn 0.897213519 -0.438346475 0.05348197
vn 0.36545366 -0.254552513 0.895347178
vn 0.889158428 -0.448084772 0.0928293392
vn 0.90932709 -0.41153124 0.0613701232
vn 0.75113529 -0.424288869 0.505741894
vn 0.901581407 -0.418450892 0.109772138
vn 0.921583116 -0.381828159 0.0699418858
vn 0.749966025 -0.392137051 0.53270942
vn 0.60799861 -0.282754481 0.741881132
vn 0.91450876 -0.38484928 0.124758333
vn 0.932521462 -0.352375984 0.07896173
vn 0.767596602 -0.362480015 0.528586447
vn 0.38604337 -0.247118428 0.888764977
vn 0.924091101 -0.354289532 0.143298522
vn 0.938037217 -0.334384948 0.0909553096
vn 0.928988993 -0.333240509 0.161029041
vn 0.93691057 -0.328881472 0.118472375
vn 0.776731431 -0.33062607 0.536073327
vn 0.414030343 -0.241887078 0.877536118
vn 0.591030717 -0.268974394 0.760483682
vn 0.925559103 -0.331385076 0.183096603
vn 0.929987788 -0.311608255 0.194994867
vn 0.753844082 -0.310523182 0.57904613
vn 0.442165285 -0.230128616 0.866908789
vn 0.424356908 -0.295787275 0.855821908
vn 0.923644006 -0.316820055 0.215654239
vn 0.894072533 -0.269181043 0.358016491
vn 0.575133681 -0.24107109 0.781732738
vn 0.750959873 -0.290715635 0.592911184
vn 0.609722078 -0.252469629 0.751330912
vn 0.912736714 -0.285149306 0.292577416
vn 0.805539668 -0.213481635 0.552749157
vn 0.75658077 -0.275018126 0.593254328
vn 0.875032544 -0.243662417 0.418266267
vn 0.854549229 -0.260805219 0.449139535
vn 0.768641412 -0.269509166 0.580133736
vn 0.592373967 -0.233855948 0.770976305
vn 0.415121943 -0.273805439 0.867585361
vn 0.742626309 -0.268942118 0.613332093
vn 0.56141448 -0.218731359 0.798104227
vn 0.418235153 -0.260435283 0.87020272
vn 0.661827326 -0.278927922 0.695833206
vn 0.709402919 -0.285747677 0.644279242
vn 0.346331924 -0.21621938 0.912854493
vn 0.395826072 -0.246196762 0.884708345
vn 0.521571815 -0.287438452 0.803331792
vn 0.498150527 -0.25818035 0.827761412
vn 0.321084201 -0.256803036 0.911568522
vn 0.377404124 -0.25137946 0.891276896
vn 0.353608817 -0.272656888 0.894773126
vn 0.160116896 -0.206815615 0.96518898
vn 0.270571262 -0.278623194 0.921498895
vn 0.0890176445 -0.232938603 0.968408704
vn -0.142165437 -0.131383196 0.981084824
vn -0.0431838483 -0.215411201 0.975568116
vn 0.202091992 -0.293247521 0.934432805
vn 0.0290825013 -0.298968911 0.953819633
vn -0.0134046087 -0.290177613 0.956878901
vn 0.114100203 -0.303140372 0.9460904
vn 0.0155696198 -0.329767585 0.943933725
vn -0.00452148309 -0.323637098 0.946170568
vn 0.0838338435 -0.33718428 0.937698543
vn 0.0425950848 -0.331562638 0.942471206
vn 0.0823664442 -0.341437489 0.936288536
vn -1.65632898E-07 -0.335571438 0.942014813
vn 0.0786613822 -0.320624411 0.9439345
vn 0.115073919 -0.304468364 0.945545912
vn 0.0822075829 -0.346635073 0.934390783
vn -1.2851703E-07 -0.341310382 0.939950705
vn 0.0897755474 -0.341201812 0.935693145
vn 0.147418499 -0.284746408 0.947199702
vn -0.0823663995 -0.341437697 0.936288476
vn -0.0838337019 -0.337184668 0.937698424
vn -0 -0.349394172 0.936975837
vn 0.102570437 -0.324299961 0.940377057
vn 0.194493592 -0.252725899 0.947787881
vn -0.0154993907 -0.329813063 0.943919003
vn 0.00452189567 -0.323637158 0.946170449
vn 0.00229774276 -0.293532878 0.955946267
vn -0.0822075903 -0.346635073 0.934390783
vn 7.77187233E-06 -0.346676588 0.937984705
vn 0.117161155 -0.303817838 0.945498765
vn -0.0331058875 -0.303088546 0.952387154
vn 0.0679674074 -0.199587733 0.977519929
vn -0.0427663028 -0.331107736 0.942623377
vn -0.0899920464 -0.341368884 0.935611367
vn -0.000928533904 -0.331031412 0.94361937
vn -0.0548788235 -0.218900293 0.974202812
vn 0.225285739 -0.0818062127 0.970852256
vn -0.122171909 -0.183721945 0.97535646
vn -0.115281276 -0.30227387 0.946224451
vn -0.0782203078 -0.32019484 0.94411689
vn -0.346349269 -0.267593533 0.899130583
vn -0.50431025 -0.251013547 0.826234519
vn -0.103244178 -0.324452281 0.940250635
vn -0.115074627 -0.30447045 0.945545137
vn -0.195909277 -0.288076699 0.937353373
vn -0.519734681 -0.274750173 0.808942676
vn -0.708332598 -0.269442439 0.652430654
vn -0.268350571 -0.275635421 0.923045516
vn -0.641481161 -0.261513978 0.721188188
vn -0.829184234 -0.235160932 0.507102549
vn -0.147420317 -0.284746587 0.947199404
vn -0.117829829 -0.303631991 0.945475459
vn -0.321084261 -0.256803095 0.911568522
vn -0.733401597 -0.25988856 0.628156066
vn -0.194488302 -0.252730101 0.947787881
vn -0.000912947231 -0.310896367 0.950443447
vn -0.829346836 -0.223177224 0.512226164
vn -0.697387815 -0.179635942 0.693816423
vn -0.346332014 -0.216219485 0.912854433
vn -0.891587675 -0.276703387 0.358478189
vn -0.846641719 -0.252209842 0.468602151
vn -0.768641174 -0.269509345 0.580133975
vn -0.913134515 -0.313260496 0.260869831
vn -0.909930468 -0.306454152 0.27948606
vn -0.756580591 -0.275018185 0.593254387
vn -0.918456018 -0.329016834 0.219514266
vn -0.750959754 -0.290715784 0.592911184
vn -0.561414421 -0.218731359 0.798104227
vn -0.753844023 -0.310523361 0.57904619
vn -0.592373908 -0.233855978 0.770976305
vn -0.776731431 -0.330626011 0.536073327
vn -0.609721959 -0.252469718 0.751330972
vn -0.442165047 -0.230128497 0.866908848
vn -0.414030254 -0.241887093 0.877536118
vn -0.38604337 -0.247118399 0.888764977
vn -0.591030538 -0.268974394 0.760483801
vn -0.60799855 -0.282754719 0.741881073
vn -0.575133562 -0.24107109 0.781732738
vn -0.424356908 -0.295787275 0.855821908
vn -0.609197795 -0.288232833 0.738782644
vn -0.415121943 -0.273805499 0.867585361
vn -0.432557464 -0.317341685 0.843912482
vn -0.624753356 -0.28098765 0.728511572
vn -0.425049514 -0.33930558 0.839169025
vn -0.300323635 -0.265253782 0.916212916
vn -0.293527514 -0.2591286 0.920159757
vn -0.355100453 -0.296875805 0.886435807
vn -0.335996181 -0.314122677 0.887937725
vn -0.200030714 -0.281925976 0.938352525
vn -0.202523485 -0.285551757 0.936720014
vn -0.348529398 -0.291503787 0.890815735
vn -0.28561306 -0.252163023 0.924575031
vn -0.359797418 -0.316103756 0.877852023
vn -0.316079199 -0.31051448 0.896479011
vn -0 -0.34956646 0.936911583
vn -0 -0.338072926 0.94111985
vn 0.359797359 -0.316103816 0.877852023
vn 0.20003055 -0.281925917 0.938352525
vn 0.31607917 -0.31051448 0.896479011
vn -0 -0.324994504 0.945715904
vn -0.283275366 -0.305528492 0.909069538
vn 0.202523381 -0.285551786 0.936720014
vn 0.283275425 -0.305528551 0.909069538
vn -0.202031493 -0.285331368 0.936893404
vn -0.32076481 -0.285675257 0.903050125
vn 0.355100423 -0.296875864 0.886435807
vn -0 -0.313989997 0.949426353
vn -0.201239511 -0.269310623 0.941793263
vn 0.300323546 -0.265253782 0.916212976
vn 0.293527573 -0.25912866 0.920159638
vn 0.348529398 -0.291503876 0.890815735
vn 0.285613179 -0.252163023 0.924575031
vn 0.202031493 -0.285331368 0.936893404
vn 0.32076481 -0.285675257 0.903050125
vn 0.279910386 -0.246436641 0.92785722
vn 0.201239511 -0.269310594 0.941793263
vn 0.263596863 -0.234141484 0.935785413
vn 0.353173941 -0.26825875 0.896273077
vn 0.259060264 -0.296515554 0.919220448
vn 0.248546481 -0.217722386 0.94383347
vn 0.196465135 -0.278891385 0.940011144
vn -0 -0.306248724 0.951951504
vn 0.330946833 -0.271348685 0.903794289
vn 0.305928826 -0.27146095 0.912533045
vn 0.166041225 -0.290665388 0.94230783
vn 0.132288173 -0.289300621 0.948053181
vn 0.149375454 -0.285803139 0.946574628
vn -0 -0.30245465 0.953163803
vn -0.259060264 -0.296515524 0.919220448
vn -0.19646515 -0.278891355 0.940011144
vn 1.62237648E-05 -0.297169745 0.954824626
vn -0 -0.296933264 0.954898238
vn -0.353173941 -0.26825878 0.896273077
vn -0.166041255 -0.290665388 0.94230783
vn -0.132521987 -0.289112121 0.948078156
vn -0.149375483 -0.285803139 0.946574628
vn -0.305928767 -0.271460891 0.912533045
vn -0.330946803 -0.271348655 0.903794348
vn -0.248546541 -0.217722356 0.94383347
vn -0.263596982 -0.234141469 0.935785413
vn -0.377404332 -0.2513794 0.891276777
vn -0.395826072 -0.246196687 0.884708345
vn -0.279910356 -0.246436715 0.927857339
vn -0.418235183 -0.260435343 0.87020272
g PiFeng_0
f 3/3/3 2/2/2 1/1/1
f 4/4/4 3/3/3 1/1/1
f 3/3/3 4/4/4 5/5/5
f 4/4/4 6/6/6 5/5/5
f 5/5/5 6/6/6 7/7/7
f 6/6/6 8/8/8 7/7/7
f 7/7/7 8/8/8 9/9/9
f 8/8/8 10/10/10 9/9/9
f 9/9/9 10/10/10 11/11/11
f 10/10/10 12/12/12 11/11/11
f 13/13/13 11/11/11 12/12/12
f 14/14/14 13/13/13 12/12/12
f 15/15/15 13/13/13 14/14/14
f 16/16/16 15/15/15 14/14/14
f 17/17/17 15/15/15 16/16/16
f 18/18/18 17/17/17 16/16/16
f 19/19/19 17/17/17 18/18/18
f 20/20/20 19/19/19 18/18/18
f 21/21/21 19/19/19 20/20/20
f 22/22/22 21/21/21 20/20/20
f 23/23/23 21/21/21 22/22/22
f 24/24/24 23/23/23 22/22/22
f 25/25/25 23/23/23 24/24/24
f 26/26/26 25/25/25 24/24/24
f 25/25/25 26/26/26 27/27/27
f 26/26/26 28/28/28 27/27/27
f 29/29/29 27/27/27 28/28/28
f 30/30/30 29/29/29 28/28/28
f 31/31/31 29/29/29 30/30/30
f 32/32/32 31/31/31 30/30/30
f 33/33/33 31/31/31 32/32/32
f 34/34/34 33/33/33 32/32/32
f 35/35/35 33/33/33 34/34/34
f 36/36/36 35/35/35 34/34/34
f 39/39/39 38/38/38 37/37/37
f 40/40/40 39/39/39 37/37/37
f 41/41/41 39/39/39 40/40/40
f 42/42/42 41/41/41 40/40/40
f 42/42/42 43/43/43 41/41/41
f 43/43/43 44/44/44 41/41/41
f 44/44/44 43/43/43 45/45/45
f 43/43/43 46/46/46 45/45/45
f 45/45/45 46/46/46 47/47/47
f 46/46/46 48/48/48 47/47/47
f 47/47/47 48/48/48 49/49/49
f 48/48/48 50/50/50 49/49/49
f 49/49/49 50/50/50 51/51/51
f 50/50/50 52/52/52 51/51/51
f 52/52/52 53/53/53 51/51/51
f 53/53/53 54/54/54 51/51/51
f 53/53/53 55/55/55 54/54/54
f 55/55/55 56/56/56 54/54/54
f 55/55/55 57/57/57 56/56/56
f 57/57/57 58/58/58 56/56/56
f 58/58/58 57/57/57 59/59/59
f 57/57/57 60/60/60 59/59/59
f 59/59/59 60/60/60 61/61/61
f 60/60/60 62/62/62 61/61/61
f 61/61/61 62/62/62 63/63/63
f 62/62/62 64/64/64 63/63/63
f 63/63/63 64/64/64 65/65/65
f 64/64/64 66/66/66 65/65/65
f 65/65/65 66/66/66 67/67/67
f 66/66/66 68/68/68 67/67/67
f 68/68/68 69/69/69 67/67/67
f 69/69/69 70/70/70 67/67/67
f 69/69/69 71/71/71 70/70/70
f 71/71/71 72/72/72 70/70/70
f 71/71/71 73/73/73 72/72/72
f 73/73/73 74/74/74 72/72/72
f 73/73/73 75/75/75 74/74/74
f 75/75/75 76/76/76 74/74/74
f 76/76/76 75/75/75 77/77/77
f 75/75/75 78/78/78 77/77/77
f 77/77/77 78/78/78 79/79/79
f 78/78/78 80/80/80 79/79/79
f 79/79/79 80/80/80 81/81/81
f 80/80/80 82/82/82 81/81/81
f 81/81/81 82/82/82 83/83/83
f 82/82/82 84/84/84 83/83/83
f 83/83/83 84/84/84 85/85/85
f 84/84/84 86/86/86 85/85/85
f 85/85/85 86/86/86 87/87/87
f 86/86/86 88/88/88 87/87/87
f 88/88/88 89/89/89 87/87/87
f 89/89/89 90/90/90 87/87/87
f 89/89/89 91/91/91 90/90/90
f 91/91/91 92/92/92 90/90/90
f 91/91/91 93/93/93 92/92/92
f 93/93/93 94/94/94 92/92/92
f 94/94/94 93/93/93 95/95/95
f 93/93/93 96/96/96 95/95/95
f 96/96/96 97/97/97 95/95/95
f 97/97/97 98/98/98 95/95/95
f 101/101/101 100/100/100 99/99/99
f 100/100/100 102/102/102 99/99/99
f 102/102/102 100/100/100 103/103/103
f 104/104/104 102/102/102 103/103/103
f 104/104/104 103/103/103 105/105/105
f 106/106/106 104/104/104 105/105/105
f 106/106/106 105/105/105 107/107/107
f 108/108/108 106/106/106 107/107/107
f 108/108/108 107/107/107 109/109/109
f 110/110/110 108/108/108 109/109/109
f 109/109/109 111/111/111 110/110/110
f 111/111/111 112/112/112 110/110/110
f 111/111/111 113/113/113 112/112/112
f 113/113/113 114/114/114 112/112/112
f 113/113/113 115/115/115 114/114/114
f 115/115/115 116/116/116 114/114/114
f 115/115/115 117/117/117 116/116/116
f 117/117/117 118/118/118 116/116/116
f 117/117/117 119/119/119 118/118/118
f 119/119/119 120/120/120 118/118/118
f 119/119/119 121/121/121 120/120/120
f 121/121/121 122/122/122 120/120/120
f 121/121/121 123/123/123 122/122/122
f 123/123/123 124/124/124 122/122/122
f 124/124/124 123/123/123 125/125/125
f 126/126/126 124/124/124 125/125/125
f 125/125/125 127/127/127 126/126/126
f 127/127/127 128/128/128 126/126/126
f 127/127/127 129/129/129 128/128/128
f 129/129/129 130/130/130 128/128/128
f 129/129/129 131/131/131 130/130/130
f 131/131/131 132/132/132 130/130/130
f 131/131/131 133/133/133 132/132/132
f 133/133/133 134/134/134 132/132/132
f 137/137/137 136/136/136 135/135/135
f 138/138/138 137/137/137 135/135/135
f 139/139/139 137/137/137 138/138/138
f 140/140/140 139/139/139 138/138/138
f 141/141/141 139/139/139 140/140/140
f 142/142/142 141/141/141 140/140/140
f 142/142/142 143/143/143 141/141/141
f 143/143/143 144/144/144 141/141/141
f 143/143/143 145/145/145 144/144/144
f 145/145/145 146/146/146 144/144/144
f 145/145/145 147/147/147 146/146/146
f 147/147/147 148/148/148 146/146/146
f 147/147/147 149/149/149 148/148/148
f 149/149/149 150/150/150 148/148/148
f 149/149/149 151/151/151 150/150/150
f 151/151/151 152/152/152 150/150/150
f 151/151/151 153/153/153 152/152/152
f 153/153/153 154/154/154 152/152/152
f 155/155/155 154/154/154 153/153/153
f 156/156/156 155/155/155 153/153/153
f 157/157/157 155/155/155 156/156/156
f 158/158/158 157/157/157 156/156/156
f 159/159/159 157/157/157 158/158/158
f 160/160/160 159/159/159 158/158/158
f 161/161/161 159/159/159 160/160/160
f 162/162/162 161/161/161 160/160/160
f 162/162/162 163/163/163 161/161/161
f 163/163/163 164/164/164 161/161/161
f 163/163/163 165/165/165 164/164/164
f 165/165/165 166/166/166 164/164/164
f 165/165/165 167/167/167 166/166/166
f 167/167/167 168/168/168 166/166/166
f 168/168/168 167/167/167 169/169/169
f 170/170/170 168/168/168 169/169/169
f 169/169/169 171/171/171 170/170/170
f 171/171/171 172/172/172 170/170/170
f 173/173/173 172/172/172 171/171/171
f 174/174/174 173/173/173 171/171/171
f 175/175/175 173/173/173 174/174/174
f 176/176/176 175/175/175 174/174/174
f 177/177/177 175/175/175 176/176/176
f 178/178/178 177/177/177 176/176/176
f 178/178/178 179/179/179 177/177/177
f 179/179/179 180/180/180 177/177/177
f 180/180/180 179/179/179 181/181/181
f 182/182/182 180/180/180 181/181/181
f 181/181/181 183/183/183 182/182/182
f 183/183/183 184/184/184 182/182/182
f 183/183/183 185/185/185 184/184/184
f 185/185/185 186/186/186 184/184/184
f 185/185/185 187/187/187 186/186/186
f 187/187/187 188/188/188 186/186/186
f 189/189/189 188/188/188 187/187/187
f 190/190/190 189/189/189 187/187/187
f 189/189/189 190/190/190 191/191/191
f 192/192/192 189/189/189 191/191/191
f 192/192/192 191/191/191 193/193/193
f 194/194/194 192/192/192 193/193/193
f 197/197/197 196/196/196 195/195/195
f 196/196/196 198/198/198 195/195/195
f 199/199/199 195/195/195 198/198/198
f 200/200/200 198/198/198 196/196/196
f 201/201/201 200/200/200 196/196/196
f 202/202/202 199/199/199 198/198/198
f 202/202/202 198/198/198 200/200/200
f 203/203/203 200/200/200 201/201/201
f 204/204/204 203/203/203 201/201/201
f 200/200/200 203/203/203 205/205/205
f 202/202/202 200/200/200 205/205/205
f 203/203/203 204/204/204 206/206/206
f 206/206/206 205/205/205 203/203/203
f 204/204/204 207/207/207 206/206/206
f 199/199/199 202/202/202 208/208/208
f 209/209/209 199/199/199 208/208/208
f 210/210/210 206/206/206 207/207/207
f 211/211/211 210/210/210 207/207/207
f 211/211/211 212/212/212 210/210/210
f 202/202/202 205/205/205 213/213/213
f 208/208/208 202/202/202 213/213/213
f 209/209/209 208/208/208 214/214/214
f 215/215/215 209/209/209 214/214/214
f 216/216/216 205/205/205 206/206/206
f 210/210/210 216/216/216 206/206/206
f 212/212/212 217/217/217 210/210/210
f 212/212/212 218/218/218 217/217/217
f 217/217/217 218/218/218 219/219/219
f 220/220/220 213/213/213 205/205/205
f 216/216/216 220/220/220 205/205/205
f 208/208/208 213/213/213 221/221/221
f 214/214/214 208/208/208 221/221/221
f 214/214/214 222/222/222 215/215/215
f 222/222/222 223/223/223 215/215/215
f 224/224/224 223/223/223 222/222/222
f 225/225/225 216/216/216 210/210/210
f 217/217/217 225/225/225 210/210/210
f 217/217/217 219/219/219 226/226/226
f 219/219/219 227/227/227 226/226/226
f 228/228/228 221/221/221 213/213/213
f 220/220/220 228/228/228 213/213/213
f 221/221/221 229/229/229 214/214/214
f 229/229/229 222/222/222 214/214/214
f 229/229/229 221/221/221 228/228/228
f 230/230/230 224/224/224 222/222/222
f 224/224/224 230/230/230 231/231/231
f 226/226/226 232/232/232 217/217/217
f 232/232/232 225/225/225 217/217/217
f 226/226/226 227/227/227 233/233/233
f 233/233/233 232/232/232 226/226/226
f 227/227/227 234/234/234 233/233/233
f 229/229/229 235/235/235 222/222/222
f 235/235/235 230/230/230 222/222/222
f 230/230/230 236/236/236 231/231/231
f 230/230/230 235/235/235 236/236/236
f 237/237/237 231/231/231 236/236/236
f 233/233/233 234/234/234 238/238/238
f 234/234/234 239/239/239 238/238/238
f 238/238/238 239/239/239 240/240/240
f 241/241/241 237/237/237 236/236/236
f 237/237/237 241/241/241 242/242/242
f 243/243/243 232/232/232 233/233/233
f 238/238/238 243/243/243 233/233/233
f 238/238/238 240/240/240 244/244/244
f 240/240/240 245/245/245 244/244/244
f 244/244/244 245/245/245 246/246/246
f 245/245/245 247/247/247 246/246/246
f 247/247/247 248/248/248 246/246/246
f 246/246/246 248/248/248 249/249/249
f 250/250/250 243/243/243 238/238/238
f 244/244/244 250/250/250 238/238/238
f 232/232/232 243/243/243 251/251/251
f 251/251/251 243/243/243 250/250/250
f 252/252/252 250/250/250 244/244/244
f 246/246/246 252/252/252 244/244/244
f 246/246/246 249/249/249 253/253/253
f 249/249/249 254/254/254 253/253/253
f 253/253/253 254/254/254 255/255/255
f 256/256/256 232/232/232 251/251/251
f 225/225/225 232/232/232 256/256/256
f 251/251/251 250/250/250 257/257/257
f 257/257/257 250/250/250 252/252/252
f 257/257/257 258/258/258 251/251/251
f 259/259/259 252/252/252 246/246/246
f 253/253/253 259/259/259 246/246/246
f 257/257/257 252/252/252 260/260/260
f 260/260/260 258/258/258 257/257/257
f 252/252/252 259/259/259 260/260/260
f 253/253/253 255/255/255 261/261/261
f 255/255/255 262/262/262 261/261/261
f 261/261/261 262/262/262 263/263/263
f 264/264/264 259/259/259 253/253/253
f 261/261/261 264/264/264 253/253/253
f 260/260/260 259/259/259 265/265/265
f 259/259/259 264/264/264 265/265/265
f 261/261/261 263/263/263 266/266/266
f 263/263/263 267/267/267 266/266/266
f 266/266/266 267/267/267 268/268/268
f 266/266/266 268/268/268 269/269/269
f 268/268/268 270/270/270 269/269/269
f 270/270/270 271/271/271 269/269/269
f 272/272/272 269/269/269 271/271/271
f 272/272/272 273/273/273 269/269/269
f 274/274/274 264/264/264 261/261/261
f 266/266/266 274/274/274 261/261/261
f 265/265/265 264/264/264 274/274/274
f 275/275/275 274/274/274 266/266/266
f 269/269/269 275/275/275 266/266/266
f 273/273/273 276/276/276 269/269/269
f 273/273/273 277/277/277 276/276/276
f 276/276/276 277/277/277 278/278/278
f 265/265/265 274/274/274 279/279/279
f 275/275/275 279/279/279 274/274/274
f 280/280/280 275/275/275 269/269/269
f 276/276/276 280/280/280 269/269/269
f 281/281/281 276/276/276 278/278/278
f 281/281/281 278/278/278 282/282/282
f 283/283/283 281/281/281 282/282/282
f 276/276/276 281/281/281 284/284/284
f 280/280/280 276/276/276 284/284/284
f 285/285/285 281/281/281 283/283/283
f 284/284/284 281/281/281 285/285/285
f 286/286/286 285/285/285 283/283/283
f 286/286/286 287/287/287 285/285/285
f 285/285/285 287/287/287 288/288/288
f 287/287/287 289/289/289 288/288/288
f 288/288/288 289/289/289 290/290/290
f 290/290/290 291/291/291 288/288/288
f 291/291/291 292/292/292 288/288/288
f 293/293/293 284/284/284 285/285/285
f 293/293/293 285/285/285 288/288/288
f 284/284/284 294/294/294 280/280/280
f 284/284/284 293/293/293 294/294/294
f 292/292/292 295/295/295 288/288/288
f 296/296/296 295/295/295 292/292/292
f 296/296/296 297/297/297 295/295/295
f 298/298/298 293/293/293 288/288/288
f 298/298/298 288/288/288 295/295/295
f 297/297/297 299/299/299 295/295/295
f 300/300/300 299/299/299 297/297/297
f 300/300/300 301/301/301 299/299/299
f 294/294/294 302/302/302 280/280/280
f 275/275/275 280/280/280 302/302/302
f 279/279/279 275/275/275 302/302/302
f 293/293/293 303/303/303 294/294/294
f 293/293/293 298/298/298 303/303/303
f 304/304/304 298/298/298 295/295/295
f 304/304/304 295/295/295 299/299/299
f 301/301/301 305/305/305 299/299/299
f 306/306/306 305/305/305 301/301/301
f 306/306/306 307/307/307 305/305/305
f 307/307/307 308/308/308 305/305/305
f 309/309/309 308/308/308 307/307/307
f 309/309/309 310/310/310 308/308/308
f 310/310/310 311/311/311 308/308/308
f 312/312/312 299/299/299 305/305/305
f 312/312/312 304/304/304 299/299/299
f 313/313/313 298/298/298 304/304/304
f 298/298/298 313/313/313 303/303/303
f 314/314/314 312/312/312 305/305/305
f 314/314/314 305/305/305 308/308/308
f 312/312/312 315/315/315 304/304/304
f 304/304/304 315/315/315 313/313/313
f 315/315/315 312/312/312 314/314/314
f 311/311/311 316/316/316 308/308/308
f 311/311/311 317/317/317 316/316/316
f 318/318/318 314/314/314 308/308/308
f 318/318/318 308/308/308 316/316/316
f 317/317/317 319/319/319 316/316/316
f 320/320/320 319/319/319 317/317/317
f 320/320/320 321/321/321 319/319/319
f 322/322/322 315/315/315 314/314/314
f 322/322/322 314/314/314 318/318/318
f 323/323/323 318/318/318 316/316/316
f 323/323/323 316/316/316 319/319/319
f 321/321/321 324/324/324 319/319/319
f 324/324/324 321/321/321 325/325/325
f 326/326/326 322/322/322 318/318/318
f 323/323/323 326/326/326 318/318/318
f 327/327/327 322/322/322 326/326/326
f 328/328/328 315/315/315 322/322/322
f 327/327/327 328/328/328 322/322/322
f 329/329/329 323/323/323 319/319/319
f 319/319/319 324/324/324 329/329/329
f 323/323/323 330/330/330 326/326/326
f 329/329/329 330/330/330 323/323/323
f 326/326/326 330/330/330 327/327/327
f 331/331/331 324/324/324 325/325/325
f 325/325/325 332/332/332 331/331/331
f 332/332/332 333/333/333 331/331/331
f 334/334/334 333/333/333 332/332/332
f 334/334/334 335/335/335 333/333/333
f 335/335/335 336/336/336 333/333/333
f 324/324/324 337/337/337 329/329/329
f 337/337/337 324/324/324 331/331/331
f 330/330/330 329/329/329 337/337/337
f 337/337/337 331/331/331 333/333/333
f 338/338/338 333/333/333 336/336/336
f 339/339/339 338/338/338 336/336/336
f 338/338/338 339/339/339 340/340/340
f 341/341/341 337/337/337 333/333/333
f 333/333/333 338/338/338 341/341/341
f 342/342/342 330/330/330 337/337/337
f 342/342/342 337/337/337 341/341/341
f 343/343/343 338/338/338 340/340/340
f 343/343/343 340/340/340 344/344/344
f 338/338/338 345/345/345 341/341/341
f 338/338/338 343/343/343 345/345/345
f 346/346/346 343/343/343 344/344/344
f 344/344/344 347/347/347 346/346/346
f 348/348/348 343/343/343 346/346/346
f 343/343/343 348/348/348 345/345/345
f 347/347/347 349/349/349 346/346/346
f 348/348/348 346/346/346 349/349/349
f 347/347/347 350/350/350 349/349/349
f 351/351/351 341/341/341 345/345/345
f 351/351/351 342/342/342 341/341/341
f 352/352/352 330/330/330 342/342/342
f 330/330/330 352/352/352 327/327/327
f 353/353/353 351/351/351 345/345/345
f 353/353/353 345/345/345 348/348/348
f 342/342/342 351/351/351 354/354/354
f 352/352/352 342/342/342 354/354/354
f 354/354/354 351/351/351 353/353/353
f 352/352/352 355/355/355 327/327/327
f 355/355/355 352/352/352 354/354/354
f 350/350/350 356/356/356 349/349/349
f 357/357/357 348/348/348 349/349/349
f 356/356/356 357/357/357 349/349/349
f 358/358/358 356/356/356 350/350/350
f 359/359/359 358/358/358 350/350/350
f 358/358/358 360/360/360 356/356/356
f 360/360/360 357/357/357 356/356/356
f 361/361/361 353/353/353 348/348/348
f 348/348/348 357/357/357 361/361/361
f 357/357/357 360/360/360 362/362/362
f 357/357/357 362/362/362 361/361/361
f 360/360/360 363/363/363 362/362/362
f 364/364/364 354/354/354 353/353/353
f 364/364/364 353/353/353 361/361/361
f 361/361/361 362/362/362 365/365/365
f 365/365/365 364/364/364 361/361/361
f 362/362/362 363/363/363 366/366/366
f 362/362/362 366/366/366 365/365/365
f 363/363/363 367/367/367 366/366/366
f 365/365/365 366/366/366 368/368/368
f 364/364/364 365/365/365 368/368/368
f 366/366/366 367/367/367 369/369/369
f 366/366/366 369/369/369 368/368/368
f 367/367/367 370/370/370 369/369/369
f 369/369/369 370/370/370 371/371/371
f 354/354/354 364/364/364 372/372/372
f 372/372/372 355/355/355 354/354/354
f 373/373/373 364/364/364 368/368/368
f 364/364/364 373/373/373 372/372/372
f 374/374/374 369/369/369 371/371/371
f 374/374/374 371/371/371 375/375/375
f 376/376/376 368/368/368 369/369/369
f 374/374/374 376/376/376 369/369/369
f 373/373/373 368/368/368 376/376/376
f 377/377/377 374/374/374 375/375/375
f 376/376/376 374/374/374 377/377/377
f 377/377/377 375/375/375 378/378/378
f 379/379/379 377/377/377 378/378/378
f 378/378/378 380/380/380 379/379/379
f 381/381/381 376/376/376 377/377/377
f 381/381/381 377/377/377 379/379/379
f 382/382/382 373/373/373 376/376/376
f 382/382/382 376/376/376 381/381/381
f 383/383/383 372/372/372 373/373/373
f 382/382/382 383/383/383 373/373/373
f 380/380/380 384/384/384 379/379/379
f 384/384/384 380/380/380 385/385/385
f 386/386/386 381/381/381 379/379/379
f 386/386/386 379/379/379 384/384/384
f 387/387/387 382/382/382 381/381/381
f 383/383/383 382/382/382 387/387/387
f 381/381/381 386/386/386 387/387/387
f 383/383/383 388/388/388 372/372/372
f 388/388/388 355/355/355 372/372/372
f 389/389/389 384/384/384 385/385/385
f 385/385/385 390/390/390 389/389/389
f 391/391/391 383/383/383 387/387/387
f 383/383/383 391/391/391 388/388/388
f 392/392/392 386/386/386 384/384/384
f 392/392/392 384/384/384 389/389/389
f 387/387/387 386/386/386 393/393/393
f 391/391/391 387/387/387 393/393/393
f 386/386/386 392/392/392 393/393/393
f 390/390/390 394/394/394 389/389/389
f 390/390/390 395/395/395 394/394/394
f 396/396/396 392/392/392 389/389/389
f 396/396/396 389/389/389 394/394/394
f 395/395/395 397/397/397 394/394/394
f 398/398/398 397/397/397 395/395/395
f 394/394/394 397/397/397 399/399/399
f 399/399/399 396/396/396 394/394/394
f 400/400/400 392/392/392 396/396/396
f 392/392/392 400/400/400 393/393/393
f 391/391/391 393/393/393 401/401/401
f 391/391/391 401/401/401 388/388/388
f 397/397/397 398/398/398 402/402/402
f 397/397/397 402/402/402 399/399/399
f 399/399/399 403/403/403 396/396/396
f 403/403/403 400/400/400 396/396/396
f 404/404/404 393/393/393 400/400/400
f 393/393/393 404/404/404 401/401/401
f 398/398/398 405/405/405 402/402/402
f 405/405/405 398/398/398 406/406/406
f 399/399/399 402/402/402 407/407/407
f 403/403/403 399/399/399 407/407/407
f 408/408/408 400/400/400 403/403/403
f 408/408/408 404/404/404 400/400/400
f 409/409/409 405/405/405 406/406/406
f 409/409/409 406/406/406 410/410/410
f 411/411/411 402/402/402 405/405/405
f 402/402/402 411/411/411 407/407/407
f 412/412/412 407/407/407 411/411/411
f 413/413/413 403/403/403 407/407/407
f 413/413/413 408/408/408 403/403/403
f 414/414/414 411/411/411 405/405/405
f 414/414/414 405/405/405 409/409/409
f 415/415/415 409/409/409 410/410/410
f 410/410/410 416/416/416 415/415/415
f 417/417/417 413/413/413 407/407/407
f 407/407/407 412/412/412 417/417/417
f 418/418/418 408/408/408 413/413/413
f 417/417/417 418/418/418 413/413/413
f 419/419/419 411/411/411 414/414/414
f 419/419/419 412/412/412 411/411/411
f 420/420/420 414/414/414 409/409/409
f 409/409/409 415/415/415 420/420/420
f 416/416/416 421/421/421 415/415/415
f 421/421/421 416/416/416 422/422/422
f 423/423/423 421/421/421 422/422/422
f 424/424/424 415/415/415 421/421/421
f 415/415/415 424/424/424 420/420/420
f 425/425/425 421/421/421 423/423/423
f 425/425/425 424/424/424 421/421/421
f 426/426/426 425/425/425 423/423/423
f 414/414/414 420/420/420 427/427/427
f 427/427/427 419/419/419 414/414/414
f 428/428/428 420/420/420 424/424/424
f 420/420/420 428/428/428 427/427/427
f 425/425/425 426/426/426 429/429/429
f 426/426/426 430/430/430 429/429/429
f 429/429/429 430/430/430 431/431/431
f 432/432/432 424/424/424 425/425/425
f 429/429/429 432/432/432 425/425/425
f 432/432/432 428/428/428 424/424/424
f 433/433/433 429/429/429 431/431/431
f 432/432/432 429/429/429 433/433/433
f 431/431/431 434/434/434 433/433/433
f 428/428/428 432/432/432 435/435/435
f 435/435/435 432/432/432 433/433/433
f 427/427/427 428/428/428 436/436/436
f 436/436/436 428/428/428 435/435/435
f 427/427/427 437/437/437 419/419/419
f 437/437/437 427/427/427 436/436/436
f 434/434/434 438/438/438 433/433/433
f 433/433/433 438/438/438 435/435/435
f 435/435/435 439/439/439 436/436/436
f 438/438/438 439/439/439 435/435/435
f 440/440/440 438/438/438 434/434/434
f 441/441/441 440/440/440 434/434/434
f 437/437/437 442/442/442 419/419/419
f 412/412/412 419/419/419 442/442/442
f 436/436/436 443/443/443 437/437/437
f 439/439/439 443/443/443 436/436/436
f 439/439/439 438/438/438 444/444/444
f 438/438/438 440/440/440 444/444/444
f 445/445/445 440/440/440 441/441/441
f 446/446/446 445/445/445 441/441/441
f 445/445/445 446/446/446 447/447/447
f 440/440/440 445/445/445 448/448/448
f 444/444/444 440/440/440 448/448/448
f 449/449/449 445/445/445 447/447/447
f 445/445/445 449/449/449 448/448/448
f 449/449/449 447/447/447 450/450/450
f 439/439/439 444/444/444 451/451/451
f 443/443/443 439/439/439 451/451/451
f 443/443/443 452/452/452 437/437/437
f 442/442/442 437/437/437 452/452/452
f 444/444/444 448/448/448 453/453/453
f 451/451/451 444/444/444 453/453/453
f 454/454/454 449/449/449 450/450/450
f 454/454/454 450/450/450 455/455/455
f 456/456/456 454/454/454 455/455/455
f 449/449/449 457/457/457 448/448/448
f 457/457/457 449/449/449 454/454/454
f 448/448/448 457/457/457 453/453/453
f 458/458/458 454/454/454 456/456/456
f 458/458/458 457/457/457 454/454/454
f 459/459/459 458/458/458 456/456/456
f 451/451/451 460/460/460 443/443/443
f 460/460/460 452/452/452 443/443/443
f 453/453/453 461/461/461 451/451/451
f 461/461/461 460/460/460 451/451/451
f 457/457/457 462/462/462 453/453/453
f 462/462/462 457/457/457 458/458/458
f 461/461/461 453/453/453 462/462/462
f 463/463/463 458/458/458 459/459/459
f 463/463/463 462/462/462 458/458/458
f 464/464/464 463/463/463 459/459/459
f 465/465/465 461/461/461 462/462/462
f 465/465/465 462/462/462 463/463/463
f 463/463/463 464/464/464 466/466/466
f 466/466/466 465/465/465 463/463/463
f 464/464/464 467/467/467 466/466/466
f 460/460/460 461/461/461 468/468/468
f 468/468/468 461/461/461 465/465/465
f 460/460/460 469/469/469 452/452/452
f 469/469/469 460/460/460 468/468/468
f 469/469/469 468/468/468 470/470/470
f 471/471/471 468/468/468 465/465/465
f 471/471/471 465/465/465 466/466/466
f 470/470/470 468/468/468 471/471/471
f 472/472/472 466/466/466 467/467/467
f 472/472/472 471/471/471 466/466/466
f 469/469/469 473/473/473 452/452/452
f 473/473/473 442/442/442 452/452/452
f 474/474/474 470/470/470 471/471/471
f 471/471/471 472/472/472 474/474/474
f 475/475/475 472/472/472 467/467/467
f 475/475/475 467/467/467 476/476/476
f 472/472/472 475/475/475 477/477/477
f 472/472/472 477/477/477 474/474/474
f 478/478/478 475/475/475 476/476/476
f 475/475/475 478/478/478 477/477/477
f 479/479/479 478/478/478 476/476/476
f 478/478/478 479/479/479 480/480/480
f 479/479/479 481/481/481 480/480/480
f 482/482/482 477/477/477 478/478/478
f 480/480/480 482/482/482 478/478/478
f 480/480/480 481/481/481 483/483/483
f 481/481/481 242/242/242 483/483/483
f 241/241/241 483/483/483 242/242/242
f 483/483/483 484/484/484 480/480/480
f 484/484/484 482/482/482 480/480/480
f 485/485/485 477/477/477 482/482/482
f 477/477/477 485/485/485 474/474/474
f 241/241/241 486/486/486 483/483/483
f 486/486/486 484/484/484 483/483/483
f 482/482/482 484/484/484 487/487/487
f 485/485/485 482/482/482 487/487/487
f 486/486/486 241/241/241 488/488/488
f 241/241/241 236/236/236 488/488/488
f 235/235/235 488/488/488 236/236/236
f 484/484/484 486/486/486 489/489/489
f 487/487/487 484/484/484 489/489/489
f 486/486/486 488/488/488 490/490/490
f 486/486/486 490/490/490 489/489/489
f 235/235/235 491/491/491 488/488/488
f 491/491/491 490/490/490 488/488/488
f 491/491/491 235/235/235 492/492/492
f 235/235/235 229/229/229 492/492/492
f 492/492/492 229/229/229 228/228/228
f 491/491/491 493/493/493 490/490/490
f 493/493/493 491/491/491 492/492/492
f 494/494/494 492/492/492 228/228/228
f 494/494/494 493/493/493 492/492/492
f 493/493/493 495/495/495 490/490/490
f 490/490/490 495/495/495 489/489/489
f 493/493/493 496/496/496 495/495/495
f 493/493/493 494/494/494 496/496/496
f 497/497/497 494/494/494 228/228/228
f 228/228/228 220/220/220 497/497/497
f 489/489/489 495/495/495 498/498/498
f 496/496/496 498/498/498 495/495/495
f 494/494/494 499/499/499 496/496/496
f 499/499/499 494/494/494 497/497/497
f 220/220/220 500/500/500 497/497/497
f 500/500/500 220/220/220 216/216/216
f 225/225/225 500/500/500 216/216/216
f 500/500/500 225/225/225 256/256/256
f 500/500/500 256/256/256 497/497/497
f 256/256/256 501/501/501 497/497/497
f 501/501/501 499/499/499 497/497/497
f 251/251/251 501/501/501 256/256/256
f 258/258/258 501/501/501 251/251/251
f 501/501/501 258/258/258 499/499/499
f 499/499/499 502/502/502 496/496/496
f 258/258/258 502/502/502 499/499/499
f 502/502/502 503/503/503 496/496/496
f 496/496/496 503/503/503 498/498/498
f 504/504/504 502/502/502 258/258/258
f 503/503/503 502/502/502 504/504/504
f 505/505/505 504/504/504 258/258/258
f 505/505/505 258/258/258 260/260/260
f 265/265/265 505/505/505 260/260/260
f 506/506/506 505/505/505 265/265/265
f 279/279/279 506/506/506 265/265/265
f 504/504/504 505/505/505 507/507/507
f 505/505/505 506/506/506 507/507/507
f 508/508/508 503/503/503 504/504/504
f 508/508/508 504/504/504 507/507/507
f 503/503/503 509/509/509 498/498/498
f 503/503/503 508/508/508 509/509/509
f 510/510/510 506/506/506 279/279/279
f 302/302/302 510/510/510 279/279/279
f 511/511/511 507/507/507 506/506/506
f 510/510/510 511/511/511 506/506/506
f 512/512/512 510/510/510 302/302/302
f 294/294/294 512/512/512 302/302/302
f 512/512/512 294/294/294 303/303/303
f 510/510/510 512/512/512 513/513/513
f 511/511/511 510/510/510 513/513/513
f 514/514/514 512/512/512 303/303/303
f 513/513/513 512/512/512 514/514/514
f 514/514/514 303/303/303 313/313/313
f 515/515/515 514/514/514 313/313/313
f 313/313/313 315/315/315 515/515/515
f 315/315/315 328/328/328 515/515/515
f 516/516/516 513/513/513 514/514/514
f 516/516/516 514/514/514 515/515/515
f 511/511/511 513/513/513 517/517/517
f 513/513/513 516/516/516 517/517/517
f 507/507/507 511/511/511 518/518/518
f 518/518/518 511/511/511 517/517/517
f 515/515/515 328/328/328 519/519/519
f 519/519/519 516/516/516 515/515/515
f 516/516/516 520/520/520 517/517/517
f 516/516/516 519/519/519 520/520/520
f 521/521/521 507/507/507 518/518/518
f 521/521/521 508/508/508 507/507/507
f 522/522/522 508/508/508 521/521/521
f 508/508/508 522/522/522 509/509/509
f 328/328/328 523/523/523 519/519/519
f 523/523/523 328/328/328 327/327/327
f 518/518/518 517/517/517 524/524/524
f 517/517/517 520/520/520 524/524/524
f 525/525/525 521/521/521 518/518/518
f 525/525/525 522/522/522 521/521/521
f 526/526/526 523/523/523 327/327/327
f 355/355/355 526/526/526 327/327/327
f 355/355/355 388/388/388 526/526/526
f 388/388/388 527/527/527 526/526/526
f 523/523/523 526/526/526 527/527/527
f 388/388/388 401/401/401 527/527/527
f 523/523/523 528/528/528 519/519/519
f 528/528/528 523/523/523 527/527/527
f 401/401/401 529/529/529 527/527/527
f 528/528/528 527/527/527 529/529/529
f 529/529/529 401/401/401 404/404/404
f 528/528/528 530/530/530 519/519/519
f 519/519/519 530/530/530 520/520/520
f 531/531/531 529/529/529 404/404/404
f 531/531/531 404/404/404 408/408/408
f 418/418/418 531/531/531 408/408/408
f 532/532/532 528/528/528 529/529/529
f 528/528/528 532/532/532 530/530/530
f 529/529/529 531/531/531 532/532/532
f 530/530/530 533/533/533 520/520/520
f 532/532/532 533/533/533 530/530/530
f 531/531/531 534/534/534 532/532/532
f 534/534/534 531/531/531 418/418/418
f 533/533/533 532/532/532 534/534/534
f 533/533/533 535/535/535 520/520/520
f 520/520/520 535/535/535 524/524/524
f 535/535/535 533/533/533 536/536/536
f 536/536/536 533/533/533 534/534/534
f 537/537/537 534/534/534 418/418/418
f 418/418/418 417/417/417 537/537/537
f 524/524/524 535/535/535 538/538/538
f 535/535/535 536/536/536 538/538/538
f 536/536/536 534/534/534 539/539/539
f 534/534/534 537/537/537 539/539/539
f 417/417/417 540/540/540 537/537/537
f 412/412/412 540/540/540 417/417/417
f 537/537/537 540/540/540 541/541/541
f 541/541/541 540/540/540 412/412/412
f 539/539/539 537/537/537 541/541/541
f 536/536/536 539/539/539 542/542/542
f 538/538/538 536/536/536 542/542/542
f 524/524/524 538/538/538 543/543/543
f 543/543/543 518/518/518 524/524/524
f 543/543/543 525/525/525 518/518/518
f 538/538/538 544/544/544 543/543/543
f 525/525/525 543/543/543 544/544/544
f 544/544/544 538/538/538 542/542/542
f 545/545/545 542/542/542 539/539/539
f 541/541/541 545/545/545 539/539/539
f 546/546/546 541/541/541 412/412/412
f 546/546/546 412/412/412 442/442/442
f 546/546/546 442/442/442 473/473/473
f 541/541/541 546/546/546 547/547/547
f 547/547/547 546/546/546 473/473/473
f 545/545/545 541/541/541 547/547/547
f 525/525/525 544/544/544 548/548/548
f 522/522/522 525/525/525 548/548/548
f 549/549/549 544/544/544 542/542/542
f 549/549/549 542/542/542 545/545/545
f 548/548/548 544/544/544 549/549/549
f 547/547/547 473/473/473 550/550/550
f 473/473/473 469/469/469 550/550/550
f 550/550/550 469/469/469 470/470/470
f 551/551/551 545/545/545 547/547/547
f 550/550/550 551/551/551 547/547/547
f 551/551/551 549/549/549 545/545/545
f 550/550/550 470/470/470 551/551/551
f 552/552/552 549/549/549 551/551/551
f 552/552/552 548/548/548 549/549/549
f 522/522/522 548/548/548 553/553/553
f 509/509/509 522/522/522 553/553/553
f 470/470/470 554/554/554 551/551/551
f 554/554/554 552/552/552 551/551/551
f 555/555/555 554/554/554 470/470/470
f 552/552/552 554/554/554 555/555/555
f 474/474/474 555/555/555 470/470/470
f 548/548/548 552/552/552 556/556/556
f 556/556/556 552/552/552 555/555/555
f 553/553/553 548/548/548 556/556/556
f 557/557/557 555/555/555 474/474/474
f 555/555/555 557/557/557 556/556/556
f 485/485/485 557/557/557 474/474/474
f 557/557/557 558/558/558 556/556/556
f 558/558/558 557/557/557 485/485/485
f 553/553/553 556/556/556 558/558/558
f 487/487/487 558/558/558 485/485/485
f 553/553/553 559/559/559 509/509/509
f 559/559/559 553/553/553 558/558/558
f 559/559/559 558/558/558 487/487/487
f 559/559/559 498/498/498 509/509/509
f 489/489/489 559/559/559 487/487/487
f 559/559/559 489/489/489 498/498/498
f 562/562/562 561/561/561 560/560/560
f 561/561/561 563/563/563 560/560/560
f 563/563/563 561/561/561 564/564/564
f 560/560/560 563/563/563 565/565/565
f 566/566/566 560/560/560 565/565/565
f 567/567/567 563/563/563 564/564/564
f 563/563/563 567/567/567 565/565/565
f 564/564/564 568/568/568 567/567/567
f 566/566/566 565/565/565 569/569/569
f 570/570/570 566/566/566 569/569/569
f 571/571/571 569/569/569 565/565/565
f 567/567/567 571/571/571 565/565/565
f 569/569/569 572/572/572 570/570/570
f 571/571/571 572/572/572 569/569/569
f 572/572/572 573/573/573 570/570/570
f 573/573/573 572/572/572 574/574/574
f 568/568/568 575/575/575 567/567/567
f 568/568/568 576/576/576 575/575/575
f 572/572/572 577/577/577 574/574/574
f 574/574/574 577/577/577 578/578/578
f 571/571/571 567/567/567 579/579/579
f 567/567/567 575/575/575 579/579/579
f 576/576/576 580/580/580 575/575/575
f 576/576/576 581/581/581 580/580/580
f 572/572/572 571/571/571 582/582/582
f 577/577/577 572/572/572 582/582/582
f 577/577/577 583/583/583 578/578/578
f 584/584/584 578/578/578 583/583/583
f 584/584/584 583/583/583 585/585/585
f 579/579/579 586/586/586 571/571/571
f 586/586/586 582/582/582 571/571/571
f 579/579/579 575/575/575 587/587/587
f 575/575/575 580/580/580 587/587/587
f 581/581/581 588/588/588 580/580/580
f 588/588/588 581/581/581 589/589/589
f 577/577/577 582/582/582 590/590/590
f 583/583/583 577/577/577 590/590/590
f 585/585/585 583/583/583 591/591/591
f 592/592/592 585/585/585 591/591/591
f 587/587/587 593/593/593 579/579/579
f 593/593/593 586/586/586 579/579/579
f 587/587/587 580/580/580 594/594/594
f 580/580/580 588/588/588 594/594/594
f 593/593/593 587/587/587 594/594/594
f 595/595/595 588/588/588 589/589/589
f 595/595/595 589/589/589 596/596/596
f 597/597/597 591/591/591 583/583/583
f 590/590/590 597/597/597 583/583/583
f 591/591/591 598/598/598 592/592/592
f 597/597/597 598/598/598 591/591/591
f 598/598/598 599/599/599 592/592/592
f 600/600/600 594/594/594 588/588/588
f 595/595/595 600/600/600 588/588/588
f 601/601/601 595/595/595 596/596/596
f 600/600/600 595/595/595 601/601/601
f 601/601/601 596/596/596 602/602/602
f 599/599/599 598/598/598 603/603/603
f 604/604/604 599/599/599 603/603/603
f 604/604/604 603/603/603 605/605/605
f 606/606/606 601/601/601 602/602/602
f 602/602/602 607/607/607 606/606/606
f 598/598/598 597/597/597 608/608/608
f 603/603/603 598/598/598 608/608/608
f 605/605/605 603/603/603 609/609/609
f 610/610/610 605/605/605 609/609/609
f 610/610/610 609/609/609 611/611/611
f 612/612/612 610/610/610 611/611/611
f 613/613/613 612/612/612 611/611/611
f 613/613/613 611/611/611 614/614/614
f 608/608/608 615/615/615 603/603/603
f 615/615/615 609/609/609 603/603/603
f 616/616/616 608/608/608 597/597/597
f 608/608/608 616/616/616 615/615/615
f 615/615/615 617/617/617 609/609/609
f 617/617/617 611/611/611 609/609/609
f 614/614/614 611/611/611 618/618/618
f 619/619/619 614/614/614 618/618/618
f 619/619/619 618/618/618 620/620/620
f 621/621/621 616/616/616 597/597/597
f 621/621/621 597/597/597 590/590/590
f 615/615/615 616/616/616 622/622/622
f 615/615/615 622/622/622 617/617/617
f 622/622/622 616/616/616 623/623/623
f 617/617/617 624/624/624 611/611/611
f 624/624/624 618/618/618 611/611/611
f 622/622/622 625/625/625 617/617/617
f 623/623/623 625/625/625 622/622/622
f 625/625/625 624/624/624 617/617/617
f 620/620/620 618/618/618 626/626/626
f 627/627/627 620/620/620 626/626/626
f 627/627/627 626/626/626 628/628/628
f 624/624/624 629/629/629 618/618/618
f 629/629/629 626/626/626 618/618/618
f 625/625/625 630/630/630 624/624/624
f 630/630/630 629/629/629 624/624/624
f 628/628/628 626/626/626 631/631/631
f 632/632/632 628/628/628 631/631/631
f 632/632/632 631/631/631 633/633/633
f 633/633/633 631/631/631 634/634/634
f 635/635/635 633/633/633 634/634/634
f 636/636/636 635/635/635 634/634/634
f 634/634/634 637/637/637 636/636/636
f 638/638/638 637/637/637 634/634/634
f 629/629/629 639/639/639 626/626/626
f 639/639/639 631/631/631 626/626/626
f 629/629/629 630/630/630 639/639/639
f 639/639/639 640/640/640 631/631/631
f 640/640/640 634/634/634 631/631/631
f 641/641/641 638/638/638 634/634/634
f 642/642/642 638/638/638 641/641/641
f 642/642/642 641/641/641 643/643/643
f 639/639/639 630/630/630 644/644/644
f 644/644/644 640/640/640 639/639/639
f 640/640/640 645/645/645 634/634/634
f 645/645/645 641/641/641 634/634/634
f 641/641/641 646/646/646 643/643/643
f 643/643/643 646/646/646 647/647/647
f 646/646/646 648/648/648 647/647/647
f 649/649/649 646/646/646 641/641/641
f 645/645/645 649/649/649 641/641/641
f 646/646/646 650/650/650 648/648/648
f 650/650/650 646/646/646 649/649/649
f 650/650/650 651/651/651 648/648/648
f 652/652/652 651/651/651 650/650/650
f 652/652/652 650/650/650 653/653/653
f 654/654/654 652/652/652 653/653/653
f 654/654/654 653/653/653 655/655/655
f 656/656/656 655/655/655 653/653/653
f 657/657/657 656/656/656 653/653/653
f 658/658/658 650/650/650 649/649/649
f 650/650/650 658/658/658 653/653/653
f 649/649/649 645/645/645 659/659/659
f 649/649/649 659/659/659 658/658/658
f 660/660/660 657/657/657 653/653/653
f 660/660/660 661/661/661 657/657/657
f 662/662/662 661/661/661 660/660/660
f 658/658/658 663/663/663 653/653/653
f 653/653/653 663/663/663 660/660/660
f 664/664/664 662/662/662 660/660/660
f 664/664/664 665/665/665 662/662/662
f 666/666/666 665/665/665 664/664/664
f 645/645/645 667/667/667 659/659/659
f 645/645/645 640/640/640 667/667/667
f 640/640/640 644/644/644 667/667/667
f 659/659/659 668/668/668 658/658/658
f 663/663/663 658/658/658 668/668/668
f 663/663/663 669/669/669 660/660/660
f 660/660/660 669/669/669 664/664/664
f 670/670/670 666/666/666 664/664/664
f 670/670/670 671/671/671 666/666/666
f 672/672/672 671/671/671 670/670/670
f 673/673/673 672/672/672 670/670/670
f 673/673/673 674/674/674 672/672/672
f 675/675/675 674/674/674 673/673/673
f 676/676/676 675/675/675 673/673/673
f 664/664/664 677/677/677 670/670/670
f 669/669/669 677/677/677 664/664/664
f 663/663/663 678/678/678 669/669/669
f 678/678/678 663/663/663 668/668/668
f 677/677/677 679/679/679 670/670/670
f 670/670/670 679/679/679 673/673/673
f 680/680/680 677/677/677 669/669/669
f 680/680/680 669/669/669 678/678/678
f 679/679/679 677/677/677 680/680/680
f 681/681/681 676/676/676 673/673/673
f 682/682/682 676/676/676 681/681/681
f 679/679/679 683/683/683 673/673/673
f 673/673/673 683/683/683 681/681/681
f 684/684/684 682/682/682 681/681/681
f 684/684/684 685/685/685 682/682/682
f 686/686/686 685/685/685 684/684/684
f 687/687/687 679/679/679 680/680/680
f 683/683/683 679/679/679 687/687/687
f 683/683/683 688/688/688 681/681/681
f 681/681/681 688/688/688 684/684/684
f 689/689/689 686/686/686 684/684/684
f 690/690/690 686/686/686 689/689/689
f 691/691/691 683/683/683 687/687/687
f 691/691/691 688/688/688 683/683/683
f 687/687/687 692/692/692 691/691/691
f 680/680/680 693/693/693 687/687/687
f 693/693/693 692/692/692 687/687/687
f 688/688/688 694/694/694 684/684/684
f 684/684/684 694/694/694 689/689/689
f 695/695/695 688/688/688 691/691/691
f 695/695/695 694/694/694 688/688/688
f 691/691/691 692/692/692 695/695/695
f 696/696/696 690/690/690 689/689/689
f 697/697/697 690/690/690 696/696/696
f 698/698/698 697/697/697 696/696/696
f 698/698/698 699/699/699 697/697/697
f 700/700/700 699/699/699 698/698/698
f 701/701/701 700/700/700 698/698/698
f 694/694/694 702/702/702 689/689/689
f 689/689/689 702/702/702 696/696/696
f 702/702/702 694/694/694 695/695/695
f 696/696/696 702/702/702 698/698/698
f 701/701/701 698/698/698 703/703/703
f 704/704/704 701/701/701 703/703/703
f 704/704/704 703/703/703 705/705/705
f 702/702/702 706/706/706 698/698/698
f 698/698/698 706/706/706 703/703/703
f 707/707/707 702/702/702 695/695/695
f 706/706/706 702/702/702 707/707/707
f 703/703/703 708/708/708 705/705/705
f 709/709/709 705/705/705 708/708/708
f 706/706/706 710/710/710 703/703/703
f 703/703/703 710/710/710 708/708/708
f 711/711/711 709/709/709 708/708/708
f 709/709/709 711/711/711 712/712/712
f 708/708/708 713/713/713 711/711/711
f 710/710/710 713/713/713 708/708/708
f 711/711/711 714/714/714 712/712/712
f 714/714/714 711/711/711 713/713/713
f 712/712/712 714/714/714 715/715/715
f 706/706/706 716/716/716 710/710/710
f 716/716/716 706/706/706 707/707/707
f 695/695/695 717/717/717 707/707/707
f 692/692/692 717/717/717 695/695/695
f 716/716/716 718/718/718 710/710/710
f 710/710/710 718/718/718 713/713/713
f 716/716/716 707/707/707 719/719/719
f 707/707/707 717/717/717 719/719/719
f 718/718/718 716/716/716 719/719/719
f 717/717/717 692/692/692 720/720/720
f 717/717/717 720/720/720 719/719/719
f 714/714/714 721/721/721 715/715/715
f 722/722/722 714/714/714 713/713/713
f 722/722/722 721/721/721 714/714/714
f 715/715/715 721/721/721 723/723/723
f 724/724/724 715/715/715 723/723/723
f 723/723/723 721/721/721 725/725/725
f 721/721/721 722/722/722 725/725/725
f 725/725/725 722/722/722 726/726/726
f 718/718/718 727/727/727 713/713/713
f 722/722/722 713/713/713 727/727/727
f 722/722/722 728/728/728 726/726/726
f 728/728/728 722/722/722 727/727/727
f 726/726/726 728/728/728 729/729/729
f 730/730/730 718/718/718 719/719/719
f 718/718/718 730/730/730 727/727/727
f 728/728/728 731/731/731 729/729/729
f 732/732/732 729/729/729 731/731/731
f 728/728/728 727/727/727 733/733/733
f 730/730/730 733/733/733 727/727/727
f 731/731/731 728/728/728 733/733/733
f 734/734/734 732/732/732 731/731/731
f 735/735/735 732/732/732 734/734/734
f 733/733/733 736/736/736 731/731/731
f 736/736/736 733/733/733 730/730/730
f 736/736/736 734/734/734 731/731/731
f 719/719/719 737/737/737 730/730/730
f 720/720/720 737/737/737 719/719/719
f 738/738/738 735/735/735 734/734/734
f 735/735/735 738/738/738 739/739/739
f 736/736/736 740/740/740 734/734/734
f 740/740/740 738/738/738 734/734/734
f 741/741/741 736/736/736 730/730/730
f 737/737/737 741/741/741 730/730/730
f 740/740/740 736/736/736 741/741/741
f 738/738/738 742/742/742 739/739/739
f 738/738/738 740/740/740 742/742/742
f 743/743/743 739/739/739 742/742/742
f 744/744/744 743/743/743 742/742/742
f 743/743/743 744/744/744 745/745/745
f 740/740/740 746/746/746 742/742/742
f 744/744/744 742/742/742 746/746/746
f 747/747/747 740/740/740 741/741/741
f 740/740/740 747/747/747 746/746/746
f 737/737/737 748/748/748 741/741/741
f 748/748/748 747/747/747 741/741/741
f 744/744/744 749/749/749 745/745/745
f 750/750/750 745/745/745 749/749/749
f 751/751/751 744/744/744 746/746/746
f 744/744/744 751/751/751 749/749/749
f 747/747/747 752/752/752 746/746/746
f 747/747/747 748/748/748 752/752/752
f 751/751/751 746/746/746 752/752/752
f 748/748/748 737/737/737 753/753/753
f 737/737/737 720/720/720 753/753/753
f 754/754/754 750/750/750 749/749/749
f 755/755/755 750/750/750 754/754/754
f 748/748/748 756/756/756 752/752/752
f 748/748/748 753/753/753 756/756/756
f 751/751/751 757/757/757 749/749/749
f 749/749/749 757/757/757 754/754/754
f 751/751/751 752/752/752 758/758/758
f 752/752/752 756/756/756 758/758/758
f 757/757/757 751/751/751 758/758/758
f 759/759/759 755/755/755 754/754/754
f 755/755/755 759/759/759 760/760/760
f 757/757/757 761/761/761 754/754/754
f 754/754/754 761/761/761 759/759/759
f 759/759/759 762/762/762 760/760/760
f 762/762/762 763/763/763 760/760/760
f 762/762/762 759/759/759 764/764/764
f 761/761/761 764/764/764 759/759/759
f 761/761/761 757/757/757 765/765/765
f 765/765/765 757/757/757 758/758/758
f 758/758/758 756/756/756 766/766/766
f 753/753/753 766/766/766 756/756/756
f 762/762/762 767/767/767 763/763/763
f 767/767/767 762/762/762 764/764/764
f 768/768/768 764/764/764 761/761/761
f 768/768/768 761/761/761 765/765/765
f 758/758/758 769/769/769 765/765/765
f 769/769/769 758/758/758 766/766/766
f 767/767/767 770/770/770 763/763/763
f 771/771/771 763/763/763 770/770/770
f 767/767/767 764/764/764 772/772/772
f 764/764/764 768/768/768 772/772/772
f 765/765/765 773/773/773 768/768/768
f 769/769/769 773/773/773 765/765/765
f 774/774/774 771/771/771 770/770/770
f 771/771/771 774/774/774 775/775/775
f 767/767/767 776/776/776 770/770/770
f 776/776/776 767/767/767 772/772/772
f 768/768/768 777/777/777 772/772/772
f 773/773/773 777/777/777 768/768/768
f 774/774/774 778/778/778 775/775/775
f 775/775/775 778/778/778 779/779/779
f 770/770/770 780/780/780 774/774/774
f 776/776/776 780/780/780 770/770/770
f 778/778/778 781/781/781 779/779/779
f 779/779/779 781/781/781 782/782/782
f 781/781/781 783/783/783 782/782/782
f 774/774/774 784/784/784 778/778/778
f 780/780/780 784/784/784 774/774/774
f 781/781/781 785/785/785 783/783/783
f 785/785/785 786/786/786 783/783/783
f 778/778/778 787/787/787 781/781/781
f 784/784/784 787/787/787 778/778/778
f 787/787/787 785/785/785 781/781/781
f 785/785/785 788/788/788 786/786/786
f 788/788/788 789/789/789 786/786/786
f 789/789/789 788/788/788 790/790/790
f 785/785/785 787/787/787 791/791/791
f 788/788/788 785/785/785 791/791/791
f 788/788/788 792/792/792 790/790/790
f 792/792/792 788/788/788 791/791/791
f 790/790/790 792/792/792 793/793/793
f 787/787/787 784/784/784 794/794/794
f 791/791/791 787/787/787 794/794/794
f 780/780/780 795/795/795 784/784/784
f 795/795/795 794/794/794 784/784/784
f 796/796/796 792/792/792 791/791/791
f 796/796/796 791/791/791 794/794/794
f 792/792/792 797/797/797 793/793/793
f 797/797/797 792/792/792 796/796/796
f 798/798/798 796/796/796 794/794/794
f 794/794/794 795/795/795 798/798/798
f 799/799/799 795/795/795 780/780/780
f 776/776/776 799/799/799 780/780/780
f 793/793/793 797/797/797 800/800/800
f 801/801/801 793/793/793 800/800/800
f 802/802/802 797/797/797 796/796/796
f 802/802/802 796/796/796 798/798/798
f 795/795/795 803/803/803 798/798/798
f 803/803/803 795/795/795 799/799/799
f 804/804/804 799/799/799 776/776/776
f 772/772/772 804/804/804 776/776/776
f 800/800/800 805/805/805 801/801/801
f 805/805/805 806/806/806 801/801/801
f 807/807/807 806/806/806 805/805/805
f 800/800/800 797/797/797 808/808/808
f 797/797/797 802/802/802 808/808/808
f 809/809/809 802/802/802 798/798/798
f 798/798/798 803/803/803 809/809/809
f 810/810/810 803/803/803 799/799/799
f 810/810/810 799/799/799 804/804/804
f 811/811/811 807/807/807 805/805/805
f 807/807/807 811/811/811 812/812/812
f 813/813/813 805/805/805 800/800/800
f 808/808/808 813/813/813 800/800/800
f 805/805/805 813/813/813 811/811/811
f 808/808/808 802/802/802 814/814/814
f 802/802/802 809/809/809 814/814/814
f 803/803/803 815/815/815 809/809/809
f 803/803/803 810/810/810 815/815/815
f 811/811/811 816/816/816 812/812/812
f 812/812/812 816/816/816 817/817/817
f 816/816/816 818/818/818 817/817/817
f 813/813/813 819/819/819 811/811/811
f 811/811/811 819/819/819 816/816/816
f 820/820/820 813/813/813 808/808/808
f 814/814/814 820/820/820 808/808/808
f 813/813/813 820/820/820 819/819/819
f 818/818/818 816/816/816 821/821/821
f 819/819/819 821/821/821 816/816/816
f 822/822/822 818/818/818 821/821/821
f 814/814/814 809/809/809 823/823/823
f 809/809/809 815/815/815 823/823/823
f 824/824/824 820/820/820 814/814/814
f 823/823/823 824/824/824 814/814/814
f 820/820/820 825/825/825 819/819/819
f 821/821/821 819/819/819 825/825/825
f 825/825/825 820/820/820 824/824/824
f 821/821/821 826/826/826 822/822/822
f 826/826/826 821/821/821 825/825/825
f 826/826/826 827/827/827 822/822/822
f 828/828/828 825/825/825 824/824/824
f 825/825/825 828/828/828 826/826/826
f 826/826/826 829/829/829 827/827/827
f 828/828/828 829/829/829 826/826/826
f 829/829/829 830/830/830 827/827/827
f 824/824/824 823/823/823 831/831/831
f 824/824/824 831/831/831 828/828/828
f 823/823/823 815/815/815 832/832/832
f 823/823/823 832/832/832 831/831/831
f 828/828/828 833/833/833 829/829/829
f 831/831/831 833/833/833 828/828/828
f 830/830/830 829/829/829 834/834/834
f 833/833/833 834/834/834 829/829/829
f 831/831/831 835/835/835 833/833/833
f 835/835/835 831/831/831 832/832/832
f 815/815/815 836/836/836 832/832/832
f 810/810/810 836/836/836 815/815/815
f 837/837/837 830/830/830 834/834/834
f 830/830/830 837/837/837 838/838/838
f 834/834/834 833/833/833 839/839/839
f 835/835/835 839/839/839 833/833/833
f 838/838/838 837/837/837 840/840/840
f 841/841/841 838/838/838 840/840/840
f 837/837/837 834/834/834 842/842/842
f 842/842/842 834/834/834 839/839/839
f 840/840/840 837/837/837 842/842/842
f 841/841/841 840/840/840 843/843/843
f 844/844/844 841/841/841 843/843/843
f 842/842/842 845/845/845 840/840/840
f 845/845/845 843/843/843 840/840/840
f 843/843/843 846/846/846 844/844/844
f 846/846/846 607/607/607 844/844/844
f 607/607/607 846/846/846 606/606/606
f 847/847/847 846/846/846 843/843/843
f 845/845/845 847/847/847 843/843/843
f 842/842/842 848/848/848 845/845/845
f 848/848/848 842/842/842 839/839/839
f 849/849/849 606/606/606 846/846/846
f 847/847/847 849/849/849 846/846/846
f 850/850/850 847/847/847 845/845/845
f 848/848/848 850/850/850 845/845/845
f 849/849/849 851/851/851 606/606/606
f 851/851/851 601/601/601 606/606/606
f 851/851/851 600/600/600 601/601/601
f 849/849/849 847/847/847 852/852/852
f 847/847/847 850/850/850 852/852/852
f 851/851/851 849/849/849 853/853/853
f 853/853/853 849/849/849 852/852/852
f 854/854/854 600/600/600 851/851/851
f 853/853/853 854/854/854 851/851/851
f 854/854/854 855/855/855 600/600/600
f 855/855/855 594/594/594 600/600/600
f 855/855/855 593/593/593 594/594/594
f 856/856/856 854/854/854 853/853/853
f 854/854/854 856/856/856 855/855/855
f 593/593/593 855/855/855 857/857/857
f 856/856/856 857/857/857 855/855/855
f 858/858/858 856/856/856 853/853/853
f 858/858/858 853/853/853 852/852/852
f 856/856/856 858/858/858 859/859/859
f 856/856/856 859/859/859 857/857/857
f 860/860/860 593/593/593 857/857/857
f 593/593/593 860/860/860 586/586/586
f 858/858/858 852/852/852 861/861/861
f 858/858/858 861/861/861 859/859/859
f 859/859/859 862/862/862 857/857/857
f 857/857/857 862/862/862 860/860/860
f 860/860/860 863/863/863 586/586/586
f 586/586/586 863/863/863 582/582/582
f 863/863/863 590/590/590 582/582/582
f 863/863/863 621/621/621 590/590/590
f 621/621/621 863/863/863 860/860/860
f 864/864/864 621/621/621 860/860/860
f 862/862/862 864/864/864 860/860/860
f 864/864/864 616/616/616 621/621/621
f 616/616/616 864/864/864 623/623/623
f 864/864/864 862/862/862 623/623/623
f 862/862/862 859/859/859 865/865/865
f 862/862/862 865/865/865 623/623/623
f 859/859/859 866/866/866 865/865/865
f 859/859/859 861/861/861 866/866/866
f 865/865/865 867/867/867 623/623/623
f 867/867/867 865/865/865 866/866/866
f 867/867/867 868/868/868 623/623/623
f 623/623/623 868/868/868 625/625/625
f 868/868/868 630/630/630 625/625/625
f 630/630/630 868/868/868 869/869/869
f 644/644/644 630/630/630 869/869/869
f 868/868/868 867/867/867 870/870/870
f 869/869/869 868/868/868 870/870/870
f 871/871/871 867/867/867 866/866/866
f 867/867/867 871/871/871 870/870/870
f 861/861/861 872/872/872 866/866/866
f 871/871/871 866/866/866 872/872/872
f 869/869/869 873/873/873 644/644/644
f 873/873/873 667/667/667 644/644/644
f 870/870/870 874/874/874 869/869/869
f 874/874/874 873/873/873 869/869/869
f 873/873/873 875/875/875 667/667/667
f 875/875/875 659/659/659 667/667/667
f 659/659/659 875/875/875 668/668/668
f 876/876/876 875/875/875 873/873/873
f 874/874/874 876/876/876 873/873/873
f 875/875/875 877/877/877 668/668/668
f 877/877/877 875/875/875 876/876/876
f 668/668/668 877/877/877 678/678/678
f 877/877/877 878/878/878 678/678/678
f 678/678/678 878/878/878 680/680/680
f 878/878/878 693/693/693 680/680/680
f 879/879/879 877/877/877 876/876/876
f 877/877/877 879/879/879 878/878/878
f 876/876/876 874/874/874 880/880/880
f 879/879/879 876/876/876 880/880/880
f 874/874/874 870/870/870 881/881/881
f 874/874/874 881/881/881 880/880/880
f 693/693/693 878/878/878 882/882/882
f 879/879/879 882/882/882 878/878/878
f 883/883/883 879/879/879 880/880/880
f 882/882/882 879/879/879 883/883/883
f 870/870/870 884/884/884 881/881/881
f 871/871/871 884/884/884 870/870/870
f 871/871/871 885/885/885 884/884/884
f 885/885/885 871/871/871 872/872/872
f 886/886/886 693/693/693 882/882/882
f 693/693/693 886/886/886 692/692/692
f 880/880/880 881/881/881 887/887/887
f 883/883/883 880/880/880 887/887/887
f 881/881/881 884/884/884 888/888/888
f 885/885/885 888/888/888 884/884/884
f 886/886/886 889/889/889 692/692/692
f 692/692/692 889/889/889 720/720/720
f 720/720/720 889/889/889 753/753/753
f 889/889/889 890/890/890 753/753/753
f 890/890/890 889/889/889 886/886/886
f 753/753/753 890/890/890 766/766/766
f 891/891/891 886/886/886 882/882/882
f 891/891/891 890/890/890 886/886/886
f 890/890/890 892/892/892 766/766/766
f 890/890/890 891/891/891 892/892/892
f 769/769/769 766/766/766 892/892/892
f 893/893/893 891/891/891 882/882/882
f 893/893/893 882/882/882 883/883/883
f 891/891/891 894/894/894 892/892/892
f 894/894/894 891/891/891 893/893/893
f 895/895/895 769/769/769 892/892/892
f 892/892/892 894/894/894 895/895/895
f 769/769/769 895/895/895 773/773/773
f 893/893/893 883/883/883 896/896/896
f 896/896/896 894/894/894 893/893/893
f 895/895/895 897/897/897 773/773/773
f 777/777/777 773/773/773 897/897/897
f 894/894/894 898/898/898 895/895/895
f 894/894/894 896/896/896 898/898/898
f 895/895/895 898/898/898 897/897/897
f 883/883/883 899/899/899 896/896/896
f 899/899/899 883/883/883 887/887/887
f 900/900/900 777/777/777 897/897/897
f 777/777/777 900/900/900 772/772/772
f 772/772/772 900/900/900 804/804/804
f 896/896/896 899/899/899 901/901/901
f 896/896/896 901/901/901 898/898/898
f 887/887/887 902/902/902 899/899/899
f 902/902/902 901/901/901 899/899/899
f 897/897/897 903/903/903 900/900/900
f 898/898/898 903/903/903 897/897/897
f 900/900/900 904/904/904 804/804/804
f 903/903/903 904/904/904 900/900/900
f 901/901/901 905/905/905 898/898/898
f 905/905/905 903/903/903 898/898/898
f 906/906/906 804/804/804 904/904/904
f 906/906/906 810/810/810 804/804/804
f 836/836/836 810/810/810 906/906/906
f 904/904/904 903/903/903 907/907/907
f 907/907/907 906/906/906 904/904/904
f 903/903/903 905/905/905 907/907/907
f 905/905/905 901/901/901 908/908/908
f 901/901/901 902/902/902 908/908/908
f 887/887/887 909/909/909 902/902/902
f 881/881/881 909/909/909 887/887/887
f 909/909/909 881/881/881 888/888/888
f 909/909/909 910/910/910 902/902/902
f 909/909/909 888/888/888 910/910/910
f 902/902/902 910/910/910 908/908/908
f 911/911/911 836/836/836 906/906/906
f 906/906/906 907/907/907 911/911/911
f 907/907/907 905/905/905 912/912/912
f 905/905/905 908/908/908 912/912/912
f 907/907/907 912/912/912 911/911/911
f 910/910/910 888/888/888 913/913/913
f 888/888/888 885/885/885 913/913/913
f 910/910/910 914/914/914 908/908/908
f 912/912/912 908/908/908 914/914/914
f 914/914/914 910/910/910 913/913/913
f 911/911/911 915/915/915 836/836/836
f 915/915/915 832/832/832 836/836/836
f 915/915/915 835/835/835 832/832/832
f 912/912/912 916/916/916 911/911/911
f 916/916/916 912/912/912 914/914/914
f 916/916/916 915/915/915 911/911/911
f 835/835/835 915/915/915 917/917/917
f 915/915/915 916/916/916 917/917/917
f 914/914/914 918/918/918 916/916/916
f 918/918/918 917/917/917 916/916/916
f 918/918/918 914/914/914 913/913/913
f 835/835/835 917/917/917 919/919/919
f 919/919/919 917/917/917 918/918/918
f 839/839/839 835/835/835 919/919/919
f 918/918/918 913/913/913 920/920/920
f 920/920/920 919/919/919 918/918/918
f 919/919/919 921/921/921 839/839/839
f 919/919/919 920/920/920 921/921/921
f 921/921/921 848/848/848 839/839/839
f 921/921/921 922/922/922 848/848/848
f 920/920/920 922/922/922 921/921/921
f 922/922/922 850/850/850 848/848/848
f 913/913/913 923/923/923 920/920/920
f 920/920/920 923/923/923 922/922/922
f 923/923/923 913/913/913 885/885/885
f 872/872/872 923/923/923 885/885/885
f 922/922/922 924/924/924 850/850/850
f 923/923/923 924/924/924 922/922/922
f 923/923/923 872/872/872 924/924/924
f 924/924/924 852/852/852 850/850/850
f 872/872/872 861/861/861 924/924/924
f 852/852/852 924/924/924 861/861/861
