g WuQi
v -0.0490092449 -0.035371162 1.56527758
v -0.0655192584 -0.0373189561 1.55059969
v -0.0584252924 -0.0361076035 1.55991805
v -0.0678434744 -0.0387012586 1.53961623
v -0.0668278486 -0.0400154293 1.52899194
v -0.0363987722 -0.0351149403 1.56659377
v -0.0624751262 -0.041026447 1.52060997
v -0.0245658867 -0.0353491306 1.56402171
v -0.0558538809 -0.041702915 1.51478875
v -0.0153091429 -0.036059048 1.55777228
v -0.0468273908 -0.0421488546 1.51067364
v -0.00865524262 -0.0371157713 1.5488894
v -0.028954925 -0.0414858609 1.51495719
v -0.0353228748 -0.0423185863 1.508636
v -0.00349075301 -0.0385539718 1.53702903
v -0.030373076 -0.038760826 1.50822115
v -0.00121398934 -0.0403479487 1.52247465
v -0.0232128892 -0.0419999398 1.51048994
v -0.0021742247 -0.0425658375 1.50470948
v -0.0302670281 -0.0428681634 1.50392532
v -0.00847351085 -0.0441407152 1.48481333
v -0.0382295214 -0.0428465419 1.48752046
v -0.0168281551 -0.0389786996 1.46691477
v -0.0458074957 -0.0385058261 1.47318566
v -0.023388518 -0.0260716192 1.45584822
v -0.0522323586 -0.0258296765 1.46268475
v -0.0268133543 -0.00929425191 1.45018601
v -0.0556047037 -0.00929425191 1.45732558
v -0.0522323586 0.00724117132 1.46268511
v -0.023388518 0.00748311635 1.45584822
v -0.0458074957 0.0199177302 1.47318566
v -0.0168281551 0.0203906037 1.46691477
v -0.0382295214 0.0242584422 1.48752046
v -0.00847351085 0.0255526211 1.48481333
v -0.0302670281 0.0242796578 1.50392532
v -0.0021742247 0.023977736 1.50470948
v -0.0232128892 0.0234114323 1.51048994
v -0.030373076 0.0201723222 1.50822115
v -0.00121398934 0.021759443 1.52247465
v -0.028954925 0.0228973553 1.51495719
v -0.0353228748 0.0237304922 1.50863647
v -0.00349075301 0.019965874 1.53702903
v -0.00865524262 0.0185276736 1.5488894
v -0.0468273908 0.0235607624 1.51067364
v -0.0153091429 0.0174709558 1.55777228
v -0.0558538809 0.0231144093 1.51478875
v -0.0245658867 0.0167606287 1.56402171
v -0.0624751262 0.0224379469 1.52060997
v -0.0363987722 0.0165268444 1.56659377
v -0.0668278486 0.0214269236 1.52899194
v -0.0490092449 0.0167826582 1.56527758
v -0.0678434744 0.0201127548 1.53961623
v -0.0655192584 0.0187308565 1.55059969
v -0.0584252924 0.0175195076 1.55991805
v -0.030373076 -0.038760826 1.50822115
v -0.0302670281 0.0242796578 1.50392532
v -0.030373076 0.0201723222 1.50822115
v -0.0302670281 -0.0428681634 1.50392532
v -0.0382295214 0.0242584422 1.48752046
v -0.0382295214 -0.0428465419 1.48752046
v -0.0458074957 -0.0385058261 1.47318566
v -0.0458074957 0.0199177302 1.47318566
v -0.0522323586 0.00724117132 1.46268511
v -0.0522323586 -0.0258296765 1.46268475
v -0.0556047037 -0.00929425191 1.45732558
v -0.030373076 -0.038760826 1.50822115
v -0.030373076 0.0201723222 1.50822115
v -0.0353228748 0.0237304922 1.50863647
v -0.0353228748 -0.0423185863 1.508636
v -0.0468273908 -0.0421488546 1.51067364
v -0.0468273908 0.0235607624 1.51067364
v -0.0558538809 -0.041702915 1.51478875
v -0.0558538809 0.0231144093 1.51478875
v -0.0624751262 -0.041026447 1.52060997
v -0.0624751262 0.0224379469 1.52060997
v -0.0668278486 0.0214269236 1.52899194
v -0.0668278486 -0.0400154293 1.52899194
v -0.0678434744 0.0201127548 1.53961623
v -0.0678434744 -0.0387012586 1.53961623
v -0.0655192584 -0.0373189561 1.55059969
v -0.0655192584 0.0187308565 1.55059969
v -0.0584252924 -0.0361076035 1.55991805
v -0.0584252924 0.0175195076 1.55991805
v -0.0490092449 -0.035371162 1.56527758
v -0.0490092449 0.0167826582 1.56527758
v -0.0363987722 -0.0351149403 1.56659377
v -0.0363987722 0.0165268444 1.56659377
v -0.0245658867 -0.0353491306 1.56402171
v -0.0245658867 0.0167606287 1.56402171
v -0.0153091429 -0.036059048 1.55777228
v -0.0153091429 0.0174709558 1.55777228
v -0.00865524262 -0.0371157713 1.5488894
v -0.00865524262 0.0185276736 1.5488894
v -0.00349075301 -0.0385539718 1.53702903
v -0.00349075301 0.019965874 1.53702903
v -0.00121398934 -0.0403479487 1.52247465
v -0.00121398934 0.021759443 1.52247465
v -0.0021742247 0.023977736 1.50470948
v -0.0021742247 -0.0425658375 1.50470948
v -0.00847351085 -0.0441407152 1.48481333
v -0.00847351085 0.0255526211 1.48481333
v -0.0168281551 -0.0389786996 1.46691477
v -0.0168281551 0.0203906037 1.46691477
v -0.023388518 -0.0260716192 1.45584822
v -0.023388518 0.00748311635 1.45584822
v -0.0268133543 -0.00929425191 1.45018601
v -0.0165757742 -0.0391500592 2.11295295
v 0.0085273739 -0.0497686677 2.13942432
v 0.0085273739 -0.0561208203 2.05090857
v -0.0274281297 -0.032983344 2.19689178
v -0.0404025242 -0.02810142 2.1545527
v 0.0085273739 -0.0473733023 2.19742036
v -0.0740446448 -0.0197100844 2.1974473
v -0.0411343388 -0.0185619723 2.22474074
v 0.0085273739 -0.0282474849 2.26607013
v -0.0171015933 -0.0161796603 2.26104331
v 0.0085273739 -0.00554881198 2.33600593
v -0.015699463 -0.01020246 2.11189485
v 0.0085273739 -0.0561208203 2.05090857
v 0.0085273739 0.009679785 2.05031371
v -0.0165757742 -0.0391500592 2.11295295
v -0.0404025242 -0.02810142 2.1545527
v -0.0404344164 -0.0171005167 2.15452337
v -0.0740446448 -0.0197100844 2.1974473
v 0.0085273739 -0.00554881198 2.33600593
v -0.0173063651 -0.00786462054 2.26117158
v 0.0085273739 0.00165402051 2.33613157
v -0.0171015933 -0.0161796603 2.26104331
v -0.0406181328 -0.0139046526 2.22476411
v -0.0411343388 -0.0185619723 2.22474074
v -0.0740446448 -0.0197100844 2.1974473
v -0.015699463 -0.01020246 2.11189485
v 0.0085273739 0.009679785 2.05031371
v 0.0085273739 0.00858838391 2.13925481
v -0.0275222771 -0.00468874816 2.19708848
v -0.0404344164 -0.0171005167 2.15452337
v -0.0740446448 -0.0197100844 2.1974473
v -0.0406181328 -0.0139046526 2.22476411
v 0.0085273739 0.0165398978 2.19779706
v -0.0173063651 -0.00786462054 2.26117158
v 0.0085273739 0.00585234025 2.26604199
v 0.0085273739 0.00165402051 2.33613157
v -0.0882524103 -0.0321961083 0.987174511
v -0.0598381013 -0.0310459528 0.994466662
v -0.0546914674 -0.0343397409 0.969755828
v -0.0831550583 -0.0351055562 0.954815805
v -0.060874939 -0.0372752994 0.925638735
v -0.0388851911 -0.0358530097 0.949239194
v -0.026207732 -0.0387204364 0.904616058
v -0.0140690608 -0.0369558334 0.933237255
v 0.0085273739 -0.037434008 0.929010928
v 0.0085273739 -0.0395033881 0.896466017
v 0.0085273739 -0.0225028433 1.04218233
v -0.00177825929 -0.0219202172 1.0481143
v 0.0085273739 -0.0218561646 1.04876387
v -0.0142732235 -0.0223620832 1.04362226
v 0.0085273739 -0.0237562191 1.02914178
v -0.0220693965 -0.0231638048 1.03535414
v -0.030278014 -0.0243678112 1.02263379
v 0.0085273739 -0.0254926682 1.01039553
v 0.0022277832 -0.0256697387 1.00900221
v -0.0035021971 -0.0258468129 1.00646889
v -0.036060486 -0.0257566441 1.00747216
v -0.00821975712 -0.0262286998 1.00219846
v -0.0529632568 -0.0271687303 0.991460562
v -0.0108589167 -0.0267366599 0.996428788
v -0.0116351312 -0.0269549396 0.99033004
v -0.0491270423 -0.0288097057 0.971999049
v -0.0108374022 -0.0278415252 0.983601332
v -0.0346517935 -0.0303233881 0.953105748
v -0.007524719 -0.0280092116 0.977864802
v -0.0116081238 -0.0314559937 0.93828702
v -0.0033781433 -0.0286791492 0.973586559
v 0.00218673702 -0.0288851876 0.971091151
v 0.0085273739 -0.0319052041 0.934522092
v 0.0085273739 -0.029001059 0.969665825
v -0.0882524103 0.0136080096 0.987174511
v -0.0546914674 0.0157516431 0.969755828
v -0.0598381013 0.0124578597 0.994466662
v -0.0831550583 0.0165170524 0.954815805
v -0.0388851911 0.0172649156 0.949239194
v -0.060874939 0.0186872017 0.925638735
v -0.026207732 0.0201323386 0.904616058
v -0.0140690608 0.0183673315 0.933237255
v 0.0085273739 0.0188455023 0.929010928
v 0.0085273739 0.0209148806 0.896466017
v -0.00177825929 0.00333171478 1.0481143
v 0.0085273739 0.00391433947 1.04218233
v 0.0085273739 0.0032676612 1.04876387
v -0.0142732235 0.00377357961 1.04362226
v 0.0085273739 0.00516771432 1.02914178
v -0.0220693965 0.0045752991 1.03535414
v -0.030278014 0.00577930687 1.02263379
v 0.0085273739 0.00690456992 1.01039553
v 0.0022277832 0.00708164321 1.00900221
v -0.0035021971 0.00725830765 1.00646889
v -0.036060486 0.00716854678 1.00747216
v -0.00821975712 0.00764019461 1.00219846
v -0.0529632568 0.0085806353 0.991460562
v -0.0108589167 0.00814815611 0.996428788
v -0.0116351312 0.00836643483 0.99033004
v -0.0491270423 0.0102216108 0.971999049
v -0.0108374022 0.00925301854 0.983601332
v -0.0346517935 0.0117352912 0.953105748
v -0.007524719 0.00942070689 0.977864802
v -0.0116081238 0.0128674908 0.93828702
v -0.0033781433 0.0100906445 0.973586559
v 0.00218704226 0.0102970898 0.971091151
v 0.0085273739 0.0133167021 0.934522092
v 0.0085273739 0.0104125533 0.969665825
v -0.0598381013 0.0124578597 0.994466662
v -0.0598381013 -0.0310459528 0.994466662
v -0.0882524103 -0.0321961083 0.987174511
v -0.0882524103 0.0136080096 0.987174511
v -0.0882524103 0.0136080096 0.987174511
v -0.0882524103 -0.0321961083 0.987174511
v -0.0831550583 -0.0351055562 0.954815805
v -0.0831550583 0.0165170524 0.954815805
v -0.060874939 -0.0372752994 0.925638735
v -0.060874939 0.0186872017 0.925638735
v -0.026207732 -0.0387204364 0.904616058
v -0.026207732 0.0201323386 0.904616058
v 0.0085273739 -0.0395033881 0.896466017
v 0.0085273739 0.0209148806 0.896466017
v -0.036060486 0.00716854678 1.00747216
v -0.0529632568 -0.0271687303 0.991460562
v -0.0529632568 0.0085806353 0.991460562
v -0.036060486 -0.0257566441 1.00747216
v -0.030278014 0.00577930687 1.02263379
v -0.030278014 -0.0243678112 1.02263379
v -0.0220693965 0.0045752991 1.03535414
v -0.0220693965 -0.0231638048 1.03535414
v -0.0142732235 0.00377357961 1.04362226
v -0.0142732235 -0.0223620832 1.04362226
v -0.00177825929 0.00333171478 1.0481143
v -0.00177825929 -0.0219202172 1.0481143
v 0.0085273739 0.0032676612 1.04876387
v 0.0085273739 -0.0218561646 1.04876387
v 0.0022277832 0.00708164321 1.00900221
v 0.0085273739 -0.0254926682 1.01039553
v 0.0085273739 0.00690456992 1.01039553
v 0.0022277832 -0.0256697387 1.00900221
v -0.0035021971 0.00725830765 1.00646889
v -0.0035021971 -0.0258468129 1.00646889
v -0.00821975712 0.00764019461 1.00219846
v -0.00821975712 -0.0262286998 1.00219846
v -0.0108589167 0.00814815611 0.996428788
v -0.0108589167 -0.0267366599 0.996428788
v -0.0116351312 0.00836643483 0.99033004
v -0.0116351312 -0.0269549396 0.99033004
v -0.0108374022 0.00925301854 0.983601332
v -0.0108374022 -0.0278415252 0.983601332
v -0.007524719 0.00942070689 0.977864802
v -0.007524719 -0.0280092116 0.977864802
v -0.0033781433 0.0100906445 0.973586559
v -0.0033781433 -0.0286791492 0.973586559
v 0.00218704226 0.0102970898 0.971091151
v 0.00218673702 -0.0288851876 0.971091151
v 0.0085273739 0.0104125533 0.969665825
v 0.0085273739 -0.029001059 0.969665825
v -0.0546914674 -0.0343397409 0.969755828
v -0.0598381013 -0.0310459528 0.994466662
v -0.0529632568 -0.0271687303 0.991460562
v -0.0491270423 -0.0288097057 0.971999049
v -0.0388851911 -0.0358530097 0.949239194
v -0.0346517935 -0.0303233881 0.953105748
v -0.0140690608 -0.0369558334 0.933237255
v -0.0116081238 -0.0314559937 0.93828702
v 0.0085273739 -0.037434008 0.929010928
v 0.0085273739 -0.0319052041 0.934522092
v -0.0529632568 0.0085806353 0.991460562
v -0.0598381013 0.0124578597 0.994466662
v -0.0546914674 0.0157516431 0.969755828
v -0.0491270423 0.0102216108 0.971999049
v -0.0388851911 0.0172649156 0.949239194
v -0.0346517935 0.0117352912 0.953105748
v -0.0140690608 0.0183673315 0.933237255
v -0.0116081238 0.0128674908 0.93828702
v 0.0085273739 0.0188455023 0.929010928
v 0.0085273739 0.0133167021 0.934522092
v -0.0529632568 0.0085806353 0.991460562
v -0.0529632568 -0.0271687303 0.991460562
v -0.0598381013 -0.0310459528 0.994466662
v -0.0598381013 0.0124578597 0.994466662
v 0.0660639927 -0.035371162 1.56527758
v 0.0754800364 -0.0361076035 1.55991805
v 0.0825740024 -0.0373189561 1.55059969
v 0.0848980695 -0.0387012586 1.53961623
v 0.0838826001 -0.0400154293 1.52899194
v 0.0534533672 -0.0351149403 1.56659377
v 0.079529874 -0.041026447 1.52060997
v 0.0416206345 -0.0353491306 1.56402171
v 0.0729086325 -0.041702915 1.51478875
v 0.0323638916 -0.036059048 1.55777228
v 0.0638819858 -0.0421488546 1.51067364
v 0.0257099904 -0.0371157713 1.5488894
v 0.0460096747 -0.0414858609 1.51495719
v 0.0523776226 -0.0423185863 1.508636
v 0.0205455013 -0.0385539718 1.53702903
v 0.0474278256 -0.038760826 1.50822115
v 0.0182685852 -0.0403479487 1.52247465
v 0.0402676389 -0.0419999398 1.51048994
v 0.0192288198 -0.0425658375 1.50470948
v 0.0473217778 -0.0428681634 1.50392532
v 0.0255282596 -0.0441407152 1.48481333
v 0.0552842692 -0.0428465419 1.48752046
v 0.0338829048 -0.0389786996 1.46691477
v 0.0628622398 -0.0385058261 1.47318566
v 0.0404432677 -0.0260716192 1.45584822
v 0.0692871064 -0.0258296765 1.46268475
v 0.0438679494 -0.00929425191 1.45018601
v 0.0726592988 -0.00929425191 1.45732558
v 0.0692871064 0.00724117132 1.46268511
v 0.0404432677 0.00748311728 1.45584822
v 0.0628622398 0.0199177284 1.47318566
v 0.0338829048 0.0203906 1.46691477
v 0.0552842692 0.0242584422 1.48752046
v 0.0255282596 0.0255526155 1.48481333
v 0.0473217778 0.024279654 1.50392532
v 0.0192288198 0.023977736 1.50470948
v 0.0402676389 0.0234114323 1.51048994
v 0.0474278256 0.020172324 1.50822115
v 0.0182685852 0.021759443 1.52247465
v 0.0460096747 0.0228973571 1.51495719
v 0.0523776226 0.0237304941 1.50863647
v 0.0205455013 0.0199658778 1.53702903
v 0.0257099904 0.0185276717 1.5488894
v 0.0638819858 0.0235607624 1.51067364
v 0.0323638916 0.0174709577 1.55777228
v 0.0729086325 0.0231144112 1.51478875
v 0.0416206345 0.0167606249 1.56402171
v 0.079529874 0.0224379469 1.52060997
v 0.0534533672 0.0165268388 1.56659377
v 0.0838826001 0.0214269198 1.52899194
v 0.0660639927 0.0167826544 1.56527758
v 0.0848980695 0.0201127529 1.53961623
v 0.0825740024 0.0187308602 1.55059969
v 0.0754800364 0.0175195094 1.55991805
v 0.0474278256 -0.038760826 1.50822115
v 0.0474278256 0.020172324 1.50822115
v 0.0473217778 0.024279654 1.50392532
v 0.0473217778 -0.0428681634 1.50392532
v 0.0552842692 0.0242584422 1.48752046
v 0.0552842692 -0.0428465419 1.48752046
v 0.0628622398 -0.0385058261 1.47318566
v 0.0628622398 0.0199177284 1.47318566
v 0.0692871064 0.00724117132 1.46268511
v 0.0692871064 -0.0258296765 1.46268475
v 0.0726592988 -0.00929425191 1.45732558
v 0.0474278256 -0.038760826 1.50822115
v 0.0523776226 0.0237304941 1.50863647
v 0.0474278256 0.020172324 1.50822115
v 0.0523776226 -0.0423185863 1.508636
v 0.0638819858 -0.0421488546 1.51067364
v 0.0638819858 0.0235607624 1.51067364
v 0.0729086325 -0.041702915 1.51478875
v 0.0729086325 0.0231144112 1.51478875
v 0.079529874 -0.041026447 1.52060997
v 0.079529874 0.0224379469 1.52060997
v 0.0838826001 0.0214269198 1.52899194
v 0.0838826001 -0.0400154293 1.52899194
v 0.0848980695 0.0201127529 1.53961623
v 0.0848980695 -0.0387012586 1.53961623
v 0.0825740024 -0.0373189561 1.55059969
v 0.0825740024 0.0187308602 1.55059969
v 0.0754800364 -0.0361076035 1.55991805
v 0.0754800364 0.0175195094 1.55991805
v 0.0660639927 -0.035371162 1.56527758
v 0.0660639927 0.0167826544 1.56527758
v 0.0534533672 -0.0351149403 1.56659377
v 0.0534533672 0.0165268388 1.56659377
v 0.0416206345 -0.0353491306 1.56402171
v 0.0416206345 0.0167606249 1.56402171
v 0.0323638916 -0.036059048 1.55777228
v 0.0323638916 0.0174709577 1.55777228
v 0.0257099904 -0.0371157713 1.5488894
v 0.0257099904 0.0185276717 1.5488894
v 0.0205455013 -0.0385539718 1.53702903
v 0.0205455013 0.0199658778 1.53702903
v 0.0182685852 -0.0403479487 1.52247465
v 0.0182685852 0.021759443 1.52247465
v 0.0192288198 0.023977736 1.50470948
v 0.0192288198 -0.0425658375 1.50470948
v 0.0255282596 -0.0441407152 1.48481333
v 0.0255282596 0.0255526155 1.48481333
v 0.0338829048 -0.0389786996 1.46691477
v 0.0338829048 0.0203906 1.46691477
v 0.0404432677 -0.0260716192 1.45584822
v 0.0404432677 0.00748311728 1.45584822
v 0.0438679494 -0.00929425191 1.45018601
v 0.0336303711 -0.0391500592 2.11295295
v 0.0085273739 -0.0561208203 2.05090857
v 0.0085273739 -0.0497686677 2.13942432
v 0.0444828793 -0.032983344 2.19689178
v 0.0574572757 -0.02810142 2.1545527
v 0.0085273739 -0.0473733023 2.19742036
v 0.0910992399 -0.0197100844 2.1974473
v 0.0581890866 -0.0185619704 2.22474074
v 0.0085273739 -0.0282474849 2.26607013
v 0.0341563411 -0.0161796603 2.26104331
v 0.0085273739 -0.00554881198 2.33600593
v 0.0327540599 -0.01020246 2.11189485
v 0.0085273739 0.009679785 2.05031371
v 0.0085273739 -0.0561208203 2.05090857
v 0.0336303711 -0.0391500592 2.11295295
v 0.0574572757 -0.02810142 2.1545527
v 0.0574891642 -0.017100513 2.15452337
v 0.0910992399 -0.0197100844 2.1974473
v 0.0085273739 -0.00554881198 2.33600593
v 0.0085273739 0.00165402051 2.33613157
v 0.0343611129 -0.00786462054 2.26117158
v 0.0341563411 -0.0161796603 2.26104331
v 0.0576728806 -0.0139046526 2.22476411
v 0.0581890866 -0.0185619704 2.22474074
v 0.0910992399 -0.0197100844 2.1974473
v 0.0327540599 -0.01020246 2.11189485
v 0.0085273739 0.00858838391 2.13925481
v 0.0085273739 0.009679785 2.05031371
v 0.0445770249 -0.00468874862 2.19708848
v 0.0574891642 -0.017100513 2.15452337
v 0.0910992399 -0.0197100844 2.1974473
v 0.0576728806 -0.0139046526 2.22476411
v 0.0085273739 0.0165398978 2.19779706
v 0.0343611129 -0.00786462054 2.26117158
v 0.0085273739 0.00585234025 2.26604199
v 0.0085273739 0.00165402051 2.33613157
v 0.105307005 -0.0321961083 0.987174511
v 0.0717462152 -0.0343397409 0.969755828
v 0.0768926963 -0.0310459528 0.994466662
v 0.100209802 -0.0351055562 0.954815805
v 0.077929683 -0.0372752994 0.925638735
v 0.0559399389 -0.0358530097 0.949239194
v 0.043262329 -0.0387204364 0.904616058
v 0.0311238095 -0.0369558334 0.933237255
v 0.0085273739 -0.037434008 0.929010928
v 0.0085273739 -0.0395033881 0.896466017
v 0.0085273739 -0.0225028433 1.04218233
v 0.0085273739 -0.0218561646 1.04876387
v 0.0188330077 -0.0219202172 1.0481143
v 0.0313279703 -0.0223620832 1.04362226
v 0.0085273739 -0.0237562191 1.02914178
v 0.0391241461 -0.0231638029 1.03535414
v 0.0473326109 -0.0243678112 1.02263379
v 0.0085273739 -0.0254926682 1.01039553
v 0.0148269646 -0.0256697387 1.00900221
v 0.0205569454 -0.0258468129 1.00646889
v 0.0531152338 -0.0257566441 1.00747216
v 0.0252745058 -0.0262286998 1.00219846
v 0.0700180009 -0.0271687303 0.991460562
v 0.0279135127 -0.0267366599 0.996428788
v 0.0286897272 -0.0269549396 0.99033004
v 0.0661817938 -0.0288097057 0.971999049
v 0.02789215 -0.0278415252 0.983601332
v 0.0517065413 -0.0303233881 0.953105748
v 0.0245794673 -0.0280092116 0.977864802
v 0.0286628716 -0.0314559937 0.93828702
v 0.0204328913 -0.0286791492 0.973586559
v 0.0148680108 -0.0288851876 0.971091151
v 0.0085273739 -0.0319052041 0.934522092
v 0.0085273739 -0.029001059 0.969665825
v 0.105307005 0.0136080123 0.987174511
v 0.0768926963 0.0124578597 0.994466662
v 0.0717462152 0.015751645 0.969755828
v 0.100209802 0.0165170506 0.954815805
v 0.0559399389 0.0172649138 0.949239194
v 0.077929683 0.0186872017 0.925638735
v 0.043262329 0.0201323405 0.904616058
v 0.0311238095 0.0183673333 0.933237255
v 0.0085273739 0.0188455023 0.929010928
v 0.0085273739 0.0209148806 0.896466017
v 0.0188330077 0.00333171361 1.0481143
v 0.0085273739 0.0032676612 1.04876387
v 0.0085273739 0.00391433947 1.04218233
v 0.0313279703 0.00377357961 1.04362226
v 0.0085273739 0.00516771432 1.02914178
v 0.0391241461 0.0045752977 1.03535414
v 0.0473326109 0.00577930687 1.02263379
v 0.0085273739 0.00690456992 1.01039553
v 0.0148269646 0.00708164554 1.00900221
v 0.0205569454 0.00725830765 1.00646889
v 0.0531152338 0.00716854678 1.00747216
v 0.0252745058 0.00764019694 1.00219846
v 0.0700180009 0.00858063437 0.991460562
v 0.0279135127 0.00814815704 0.996428788
v 0.0286897272 0.00836643483 0.99033004
v 0.0661817938 0.0102216126 0.971999049
v 0.02789215 0.0092530204 0.983601332
v 0.0517065413 0.011735294 0.953105748
v 0.0245794673 0.00942070689 0.977864802
v 0.0286628716 0.0128674861 0.93828702
v 0.0204328913 0.0100906417 0.973586559
v 0.0148677062 0.0102970898 0.971091151
v 0.0085273739 0.0133167021 0.934522092
v 0.0085273739 0.0104125533 0.969665825
v 0.0768926963 0.0124578597 0.994466662
v 0.105307005 0.0136080123 0.987174511
v 0.105307005 -0.0321961083 0.987174511
v 0.0768926963 -0.0310459528 0.994466662
v 0.105307005 0.0136080123 0.987174511
v 0.100209802 -0.0351055562 0.954815805
v 0.105307005 -0.0321961083 0.987174511
v 0.100209802 0.0165170506 0.954815805
v 0.077929683 -0.0372752994 0.925638735
v 0.077929683 0.0186872017 0.925638735
v 0.043262329 -0.0387204364 0.904616058
v 0.043262329 0.0201323405 0.904616058
v 0.0085273739 -0.0395033881 0.896466017
v 0.0085273739 0.0209148806 0.896466017
v 0.0531152338 0.00716854678 1.00747216
v 0.0700180009 0.00858063437 0.991460562
v 0.0700180009 -0.0271687303 0.991460562
v 0.0531152338 -0.0257566441 1.00747216
v 0.0473326109 0.00577930687 1.02263379
v 0.0473326109 -0.0243678112 1.02263379
v 0.0391241461 0.0045752977 1.03535414
v 0.0391241461 -0.0231638029 1.03535414
v 0.0313279703 0.00377357961 1.04362226
v 0.0313279703 -0.0223620832 1.04362226
v 0.0188330077 0.00333171361 1.0481143
v 0.0188330077 -0.0219202172 1.0481143
v 0.0085273739 0.0032676612 1.04876387
v 0.0085273739 -0.0218561646 1.04876387
v 0.0148269646 0.00708164554 1.00900221
v 0.0085273739 0.00690456992 1.01039553
v 0.0085273739 -0.0254926682 1.01039553
v 0.0148269646 -0.0256697387 1.00900221
v 0.0205569454 0.00725830765 1.00646889
v 0.0205569454 -0.0258468129 1.00646889
v 0.0252745058 0.00764019694 1.00219846
v 0.0252745058 -0.0262286998 1.00219846
v 0.0279135127 0.00814815704 0.996428788
v 0.0279135127 -0.0267366599 0.996428788
v 0.0286897272 0.00836643483 0.99033004
v 0.0286897272 -0.0269549396 0.99033004
v 0.02789215 0.0092530204 0.983601332
v 0.02789215 -0.0278415252 0.983601332
v 0.0245794673 0.00942070689 0.977864802
v 0.0245794673 -0.0280092116 0.977864802
v 0.0204328913 0.0100906417 0.973586559
v 0.0204328913 -0.0286791492 0.973586559
v 0.0148677062 0.0102970898 0.971091151
v 0.0148680108 -0.0288851876 0.971091151
v 0.0085273739 0.0104125533 0.969665825
v 0.0085273739 -0.029001059 0.969665825
v 0.0717462152 -0.0343397409 0.969755828
v 0.0700180009 -0.0271687303 0.991460562
v 0.0768926963 -0.0310459528 0.994466662
v 0.0661817938 -0.0288097057 0.971999049
v 0.0559399389 -0.0358530097 0.949239194
v 0.0517065413 -0.0303233881 0.953105748
v 0.0311238095 -0.0369558334 0.933237255
v 0.0286628716 -0.0314559937 0.93828702
v 0.0085273739 -0.037434008 0.929010928
v 0.0085273739 -0.0319052041 0.934522092
v 0.0700180009 0.00858063437 0.991460562
v 0.0717462152 0.015751645 0.969755828
v 0.0768926963 0.0124578597 0.994466662
v 0.0661817938 0.0102216126 0.971999049
v 0.0559399389 0.0172649138 0.949239194
v 0.0517065413 0.011735294 0.953105748
v 0.0311238095 0.0183673333 0.933237255
v 0.0286628716 0.0128674861 0.93828702
v 0.0085273739 0.0188455023 0.929010928
v 0.0085273739 0.0133167021 0.934522092
v 0.0700180009 0.00858063437 0.991460562
v 0.0768926963 0.0124578597 0.994466662
v 0.0768926963 -0.0310459528 0.994466662
v 0.0700180009 -0.0271687303 0.991460562
v -0.0155410767 0.0147740738 1.56942856
v 0.0085273739 0.0247435533 1.08774686
v 0.0085273739 0.0247435533 1.56942856
v -0.0155410767 0.0147740738 1.08774686
v -0.0255104061 -0.00929425191 1.56942856
v 0.0085273739 0.0119405128 1.04780054
v -0.0255104061 -0.00929425191 1.08774686
v -0.0155410767 -0.0333625786 1.56942856
v -0.00648773182 0.00572096324 1.04780054
v -0.0155410767 -0.0333625786 1.08774686
v 0.0085273739 -0.0433320627 1.56942856
v 0.0085273739 -0.0433320627 1.08774686
v -0.00276031485 0.00199347502 1.04389846
v 0.0085273739 0.0066687474 1.04389846
v -0.00743560772 -0.00929425191 1.04389846
v -0.0127073666 -0.00929425191 1.04780054
v -0.00276031485 -0.0205819793 1.04389846
v -0.00648773182 -0.0243094675 1.04780054
v 0.0085273739 -0.0305290185 1.04780054
v 0.0085273739 -0.0252572503 1.04389846
v -0.00276031485 0.00199347502 1.04389846
v 0.0085273739 -0.0252572503 1.04389846
v 0.0085273739 0.0066687474 1.04389846
v -0.00276031485 -0.0205819793 1.04389846
v -0.00743560772 -0.00929425191 1.04389846
v 0.0325956717 0.014774072 1.56942856
v 0.0085273739 0.0247435533 1.56942856
v 0.0085273739 0.0247435533 1.08774686
v 0.0325956717 0.014774072 1.08774686
v 0.0425651558 -0.00929425191 1.56942856
v 0.0085273739 0.0119405128 1.04780054
v 0.0425651558 -0.00929425191 1.08774686
v 0.0325956717 -0.0333625786 1.56942856
v 0.0235424805 0.00572096556 1.04780054
v 0.0325956717 -0.0333625786 1.08774686
v 0.0085273739 -0.0433320627 1.56942856
v 0.0085273739 -0.0433320627 1.08774686
v 0.0198150631 0.00199347362 1.04389846
v 0.0085273739 0.0066687474 1.04389846
v 0.0244902037 -0.00929425191 1.04389846
v 0.0297621153 -0.00929425191 1.04780054
v 0.0198150631 -0.0205819793 1.04389846
v 0.0235424805 -0.0243094675 1.04780054
v 0.0085273739 -0.0305290185 1.04780054
v 0.0085273739 -0.0252572503 1.04389846
v 0.0198150631 0.00199347362 1.04389846
v 0.0085273739 0.0066687474 1.04389846
v 0.0085273739 -0.0252572503 1.04389846
v 0.0198150631 -0.0205819793 1.04389846
v 0.0244902037 -0.00929425191 1.04389846
v 0.00396743743 0.0702016875 0.00385467522
v -0.0644731149 0.0279173851 0.0725238025
v -0.0699690208 0.0299969651 -0.00347290025
v 0.00247451779 0.0643525943 0.0774963349
v 0.0310856625 0.046767801 0.0065249633
v 0.0576528907 0.0329235457 0.0832617134
v 0.0607081577 0.0360602476 0.0131643675
v -0.0598028563 0.0248932913 0.167253107
v 0.0799099728 0.00584173063 0.0192196649
v 0.00337478635 0.0599082559 0.169975579
v -0.055059813 0.022017708 0.261161506
v 0.00457916269 0.0554390289 0.262458175
v -0.0506465137 0.0194538347 0.34786132
v 0.0566175841 0.0268561784 0.171025082
v 0.0748437494 0.00084169145 0.0758749396
v 0.0685612485 -0.00347862067 0.165676564
v 0.0533224493 -0.0303095169 0.0726354942
v 0.0602873228 -0.0309202895 0.012192688
v 0.0485603325 -0.0310928766 0.164156795
v 0.0519638062 -0.0626239255 0.0704092383
v 0.0566113256 -0.0620054044 0.013459472
v 0.0449131764 -0.0641196594 0.162008658
v -0.0108117675 -0.0834152028 0.0671664402
v -0.00877151452 -0.0869211331 0.00136962882
v -0.0114184571 -0.0774987936 0.160644218
v -0.0615022257 -0.0447302721 0.0680902079
v -0.0641656443 -0.0473851301 -0.00493072486
v -0.0604631044 -0.0111167878 -0.0129043572
v 0.0368196107 -0.0645725355 0.253629148
v 0.0448281839 -0.0316885561 0.255816936
v -0.0644731149 0.0279173851 0.0725238025
v -0.0699690208 0.0299969651 -0.00347290025
v -0.0566375703 -0.0427502543 0.162656859
v -0.0598028563 0.0248932913 0.167253107
v -0.0119827269 -0.0716529712 0.254121691
v -0.0513201877 -0.0416388586 0.257222593
v -0.055059813 0.022017708 0.261161506
v 0.0332354717 -0.0615765937 0.339512318
v 0.0643412769 -0.00735339615 0.257077336
v -0.0101631163 -0.0665958077 0.340568244
v -0.0468148775 -0.039922405 0.343778998
v -0.0506465137 0.0194538347 0.34786132
v 0.0423579402 -0.032969676 0.341094345
v 0.0548023991 0.021340834 0.263273627
v 0.0296397395 -0.05852516 0.425401896
v -0.0421838388 -0.0381284282 0.430335373
v -0.0469422899 0.0158018284 0.43412748
v -0.00848373398 -0.0621363707 0.426997066
v 0.0616615266 -0.00775772426 0.342216492
v 0.0054371641 0.0513072088 0.348146975
v -0.0366917402 -0.0355947465 0.528873265
v -0.0418627933 0.0119968196 0.531938493
v 0.0399020389 -0.0342740491 0.42636779
v -0.00736312848 -0.0564329363 0.526720881
v 0.0258877557 -0.0538278557 0.526579559
v 0.0523649603 0.0182975624 0.350979298
v 0.0063366699 0.0470607467 0.433828413
v -0.0469422899 0.0158018284 0.43412748
v -0.0418627933 0.0119968196 0.531938493
v -0.00445724465 -0.0518147834 0.606625676
v 0.0584466532 -0.00907311589 0.427339166
v 0.00717514008 0.041811008 0.533215344
v -0.0371005237 0.0079878103 0.611476719
v 0.0490377806 0.0161804501 0.43236509
v 0.0544131473 -0.0100119244 0.529138148
v 0.00843841489 0.0367530324 0.612497866
v -0.0321469121 0.00612569926 0.672842383
v 0.0483200066 0.0090828836 0.534441531
v 0.026102446 -0.0479379743 0.606495976
v 0.0512608327 -0.0127940755 0.60839355
v 0.0095379632 0.0323584639 0.673909009
v -0.0239036549 0.00449369894 0.716276526
v 0.0454904176 0.00463445904 0.611072063
v 0.0105340574 0.0225525945 0.718023658
v -0.0179005433 0.00189269893 0.729955733
v 0.0415757746 0.00242228387 0.673677325
v 0.0471980274 -0.0149495406 0.669990838
v 0.0260374453 -0.043095421 0.668498814
v -0.00227447506 -0.0475654677 0.668455184
v 0.0101007074 0.0155023551 0.731542051
v -0.0083837891 -0.00240435661 0.741475523
v 0.00941436738 0.0071403957 0.741856992
v 0.0349845886 -0.000799285132 0.718463421
v 0.0300611872 -0.00334275654 0.731443763
v 0.0252577197 -0.00509185251 0.740889847
v 0.025864562 -0.0153016448 0.741015315
v 0.0390257239 -0.0160413478 0.716320455
v 0.0335415639 -0.0156721082 0.729774177
v 0.0208729543 -0.0311703961 0.728127718
v 0.0172338858 -0.0254249368 0.741256714
v 0.00360733015 -0.0284176208 0.741690934
v 0.0234553516 -0.0354915224 0.714364886
v 0.000843505841 -0.0354866274 0.727176785
v -0.0053820801 -0.020583611 0.742399871
v -0.00126480102 -0.0397751145 0.713197291
v -0.0148260491 -0.023614645 0.728371263
v -0.0083837891 -0.00240435661 0.741475523
v -0.0179005433 0.00189269893 0.729955733
v -0.0208038334 -0.0247521494 0.713616014
v -0.0239036549 0.00449369894 0.716276526
v -0.0321469121 0.00612569926 0.672842383
v -0.0262374878 -0.0309349801 0.669976175
v -0.0371005237 0.0079878103 0.611476719
v -0.0315499865 -0.033130426 0.608262897
v -0.0302354433 -0.0576222613 1.99372804
v 0.0085273739 -0.057390511 1.99951351
v 0.0085273739 -0.0661931112 1.99570358
v -0.029251555 -0.0664974824 1.98938072
v -0.0674070716 -0.0583427846 1.97452927
v -0.064540863 -0.0672649294 1.97096694
v -0.0906056166 -0.0678708106 1.94489622
v -0.0944537297 -0.0590135381 1.94768488
v -0.10872604 -0.0680156499 1.91065073
v -0.113094635 -0.0593105592 1.91208446
v -0.115099028 -0.0677361712 1.87179315
v -0.119513243 -0.0590376109 1.87179708
v -0.110146329 -0.0662008673 1.83373976
v -0.113806605 -0.0572375134 1.83292019
v -0.0923594609 -0.0646378174 1.80026913
v -0.095886685 -0.0553725474 1.79728496
v -0.0649273694 -0.062577419 1.77242351
v -0.0670031756 -0.0526630133 1.76789391
v -0.0299026482 -0.0611122884 1.75443566
v -0.0308482349 -0.0510159209 1.74953222
v 0.0085273739 -0.0603427999 1.74763668
v 0.0085273739 -0.0503198765 1.74331796
v 0.0479029827 -0.0510159209 1.74953222
v 0.046957396 -0.0611122884 1.75443566
v 0.0840579197 -0.0526630133 1.76789391
v 0.0819821134 -0.062577419 1.77242351
v 0.112941436 -0.0553725474 1.79728496
v 0.109414212 -0.0646378174 1.80026913
v 0.130861357 -0.0572375134 1.83292019
v 0.127200931 -0.0662008673 1.83373976
v 0.136567995 -0.0590376109 1.87179708
v 0.132153779 -0.0677361712 1.87179315
v 0.130149379 -0.0593105592 1.91208446
v 0.125780791 -0.0680156499 1.91065073
v 0.111508481 -0.0590135381 1.94768488
v 0.107660368 -0.0678708106 1.94489622
v 0.0844618231 -0.0583427846 1.97452927
v 0.0815956071 -0.0672649294 1.97096694
v 0.0463061519 -0.0664974824 1.98938072
v 0.0472900383 -0.0576222613 1.99372804
v 0.0085273739 -0.0661931112 1.99570358
v 0.0085273739 -0.057390511 1.99951351
v -0.0299861133 0.0186831225 1.74911523
v 0.0085273739 0.0193485711 1.74297655
v 0.0085273739 0.0279732812 1.74685371
v -0.0294525139 0.0274314582 1.75281823
v -0.0659921244 0.0169062819 1.76709151
v -0.0643238798 0.0259153284 1.7704289
v -0.0944273323 0.0146092409 1.79470026
v -0.0918136612 0.0238953233 1.7976172
v -0.1128598 0.0124109387 1.82989645
v -0.109336242 0.0221894737 1.83230662
v -0.119671933 0.0107136602 1.8713398
v -0.116146699 0.0204713866 1.87136734
v -0.109998316 0.0200903155 1.90989089
v -0.113392793 0.0102126347 1.91073191
v -0.0955439731 0.0104354033 1.94635844
v -0.092226252 0.02036082 1.94474316
v -0.067156367 0.0111698033 1.97482002
v -0.0651095584 0.0211213324 1.97177684
v -0.0300581362 0.0220393296 1.98924053
v -0.0306863394 0.011953163 1.99347341
v 0.0085273739 0.0221246015 1.99577177
v 0.0085273739 0.0125239557 1.99936259
v 0.047741089 0.011953163 1.99347341
v 0.0471127294 0.0220393296 1.98924053
v 0.0842111185 0.0111698033 1.97482002
v 0.0821643025 0.0211213324 1.97177684
v 0.109281003 0.02036082 1.94474316
v 0.112598725 0.0104354033 1.94635844
v 0.127053067 0.0200903155 1.90989089
v 0.130447537 0.0102126347 1.91073191
v 0.136726677 0.0107136602 1.8713398
v 0.13320145 0.0204713866 1.87136734
v 0.12639083 0.0221894737 1.83230662
v 0.129914552 0.0124109387 1.82989645
v 0.108868405 0.0238953233 1.7976172
v 0.111482084 0.0146092409 1.79470026
v 0.0813786313 0.0259153284 1.7704289
v 0.0830468759 0.0169062819 1.76709151
v 0.046507109 0.0274314582 1.75281823
v 0.0470408611 0.0186831225 1.74911523
v 0.0085273739 0.0279732812 1.74685371
v 0.0085273739 0.0193485711 1.74297655
v 0.0080593871 -0.0016393566 1.59019315
v 0.00718856789 -0.0184718035 1.63392055
v 0.0072058104 0.00305549963 1.63345134
v -0.00471542357 0.0110172099 1.67768109
v -0.0040789796 -0.0344384722 1.67642188
v -0.0299986266 0.0219365153 1.72078598
v -0.0288935844 -0.0492806993 1.71944487
v -0.0615100078 -0.0589074604 1.75607824
v -0.0624324009 0.0309904423 1.7571733
v -0.0937953144 -0.0657116696 1.7933687
v -0.094392851 0.0401059762 1.79368603
v -0.117684171 -0.0707488433 1.83324051
v -0.117944486 0.0480040461 1.8327173
v -0.127248988 -0.0736484975 1.87490499
v -0.127609253 0.0537282825 1.87542403
v -0.11909622 -0.0736860335 1.91624963
v -0.119549863 0.0563525334 1.91624105
v -0.0983630344 0.0534920506 1.9560076
v -0.0990153477 -0.0721144155 1.95420587
v -0.0715049729 0.0463520475 1.99107325
v -0.0730444342 -0.0696035847 1.98994744
v -0.0397349522 0.0368427932 2.02981162
v -0.0408135988 -0.0653163195 2.0316689
v -0.0118733216 0.0269887801 2.06896353
v -0.0132977292 -0.0592709854 2.07202196
v 0.00198669429 0.0184913632 2.10483909
v -0.000414123526 -0.0523831323 2.10616183
v 0.00428771973 0.0117458981 2.13331556
v 0.00130691531 -0.045556888 2.1337595
v -0.000602111802 0.00392086757 2.16003776
v -0.00426925672 -0.038632717 2.15919161
v -0.0165884402 -0.00441334816 2.18196487
v -0.0192761235 -0.0306452978 2.18123126
v -0.0411291495 -0.0123840366 2.19381213
v -0.0432461537 -0.0257933643 2.19386339
v -0.0783987418 -0.0185668673 2.19950199
v -0.00132049562 -0.026351098 0.739003301
v 0.0085273739 -0.0343670733 0.74334991
v 0.0085273739 -0.0289896354 0.739003301
v -0.00400924683 -0.0310080107 0.74334991
v -0.00852951035 -0.0191421472 0.739003301
v 0.0085273739 -0.0343670733 0.752228379
v -0.013186493 -0.0218304582 0.74334991
v -0.0111683654 -0.00929425191 0.739003301
v -0.00400924683 -0.0310080107 0.752228379
v 0.0085273739 -0.0310932826 0.75514859
v -0.00237182621 -0.0281728189 0.75514859
v -0.013186493 -0.0218304582 0.752228379
v -0.0103511047 -0.0201935638 0.75514859
v -0.0165455621 -0.00929425191 0.74334991
v -0.00852951035 0.00055364368 0.739003301
v -0.0165455621 -0.00929425191 0.752228379
v -0.0132720945 -0.00929425191 0.75514859
v -0.013186493 0.00324236392 0.74334991
v -0.00132049562 0.007763003 0.739003301
v -0.013186493 0.00324236392 0.752228379
v -0.0103511047 0.00160546775 0.75514859
v -0.00400924683 0.0124199148 0.74334991
v 0.0085273739 0.0104015395 0.739003301
v 0.0085273739 0.0157789774 0.74334991
v -0.00400924683 0.0124199148 0.752228379
v -0.00237182621 0.00958472304 0.75514859
v 0.0085273739 0.0157789774 0.752228379
v 0.0085273739 0.0125051877 0.75514859
v -0.00132049562 0.007763003 0.739003301
v 0.0085273739 -0.0289896354 0.739003301
v 0.0085273739 0.0104015395 0.739003301
v -0.00132049562 -0.026351098 0.739003301
v -0.00852951035 0.00055364368 0.739003301
v -0.00852951035 -0.0191421472 0.739003301
v -0.0111683654 -0.00929425191 0.739003301
v -0.00237182621 -0.0281728189 0.75514859
v 0.0085273739 0.0125051877 0.75514859
v 0.0085273739 -0.0310932826 0.75514859
v -0.00237182621 0.00958472304 0.75514859
v -0.0103511047 -0.0201935638 0.75514859
v -0.0103511047 0.00160546775 0.75514859
v -0.0132720945 -0.00929425191 0.75514859
v 0.00899520889 -0.00163935777 1.59019315
v 0.00984893739 0.00305550103 1.63345134
v 0.0098661799 -0.0184718035 1.63392055
v 0.0217701718 0.0110172099 1.67768109
v 0.0211337283 -0.0344384722 1.67642188
v 0.0470532216 0.0219365153 1.72078598
v 0.045948334 -0.0492806993 1.71944487
v 0.0785647556 -0.0589074604 1.75607824
v 0.0794871524 0.0309904478 1.7571733
v 0.110850066 -0.0657116696 1.7933687
v 0.111447446 0.0401059799 1.79368603
v 0.134738922 -0.0707488433 1.83324051
v 0.134999081 0.0480040386 1.8327173
v 0.14430359 -0.0736484975 1.87490499
v 0.144664004 0.0537282787 1.87542403
v 0.136150822 -0.0736860335 1.91624963
v 0.136604607 0.0563525334 1.91624105
v 0.115417629 0.0534920506 1.9560076
v 0.116070099 -0.0721144155 1.95420587
v 0.0885597244 0.0463520475 1.99107325
v 0.0900991783 -0.0696035847 1.98994744
v 0.0567895509 0.0368427932 2.02981162
v 0.0578683466 -0.0653163195 2.0316689
v 0.0289280694 0.0269887801 2.06896353
v 0.030352477 -0.0592709854 2.07202196
v 0.0150679015 0.0184913613 2.10483909
v 0.0174687188 -0.0523831323 2.10616183
v 0.0127670281 0.0117459008 2.13331556
v 0.0157478321 -0.045556888 2.1337595
v 0.0176568609 0.0039208685 2.16003776
v 0.0213238522 -0.038632717 2.15919161
v 0.0336430334 -0.00441334629 2.18196487
v 0.0363308713 -0.0306452978 2.18123126
v 0.0581838973 -0.0123840375 2.19381213
v 0.0603007488 -0.0257933643 2.19386339
v 0.0954534858 -0.0185668692 2.19950199
v 0.018375244 -0.026351098 0.739003301
v 0.0085273739 -0.0289896354 0.739003301
v 0.0085273739 -0.0343670733 0.74334991
v 0.0210639946 -0.0310080107 0.74334991
v 0.0255842581 -0.0191421472 0.739003301
v 0.0085273739 -0.0343670733 0.752228379
v 0.0302412417 -0.0218304582 0.74334991
v 0.0282231141 -0.00929425191 0.739003301
v 0.0210639946 -0.0310080107 0.752228379
v 0.0085273739 -0.0310932826 0.75514859
v 0.0194265749 -0.0281728189 0.75514859
v 0.0302412417 -0.0218304582 0.752228379
v 0.0274058525 -0.0201935638 0.75514859
v 0.0336003117 -0.00929425191 0.74334991
v 0.0255842581 0.00055364368 0.739003301
v 0.0336003117 -0.00929425191 0.752228379
v 0.0303268433 -0.00929425191 0.75514859
v 0.0302412417 0.00324236508 0.74334991
v 0.018375244 0.00776300393 0.739003301
v 0.0302412417 0.00324236508 0.752228379
v 0.0274058525 0.00160546775 0.75514859
v 0.0210639946 0.012419913 0.74334991
v 0.0085273739 0.0104015395 0.739003301
v 0.0085273739 0.0157789774 0.74334991
v 0.0210639946 0.012419913 0.752228379
v 0.0194265749 0.00958472304 0.75514859
v 0.0085273739 0.0157789774 0.752228379
v 0.0085273739 0.0125051877 0.75514859
v 0.018375244 0.00776300393 0.739003301
v 0.0085273739 0.0104015395 0.739003301
v 0.0085273739 -0.0289896354 0.739003301
v 0.018375244 -0.026351098 0.739003301
v 0.0255842581 0.00055364368 0.739003301
v 0.0255842581 -0.0191421472 0.739003301
v 0.0282231141 -0.00929425191 0.739003301
v 0.0194265749 -0.0281728189 0.75514859
v 0.0085273739 -0.0310932826 0.75514859
v 0.0085273739 0.0125051877 0.75514859
v 0.0194265749 0.00958472304 0.75514859
v 0.0274058525 -0.0201935638 0.75514859
v 0.0274058525 0.00160546775 0.75514859
v 0.0303268433 -0.00929425191 0.75514859
v -0.0301094055 -0.0284253731 1.47344649
v 0.0085273739 -0.0465830043 1.38057387
v 0.0085273739 -0.0430913381 1.37075913
v -0.0262388606 -0.0334323458 1.47344649
v 0.0085273739 -0.0556593724 1.47344649
v 0.0085273739 -0.0466772541 1.53072715
v 0.0085273739 -0.0430913381 1.53744698
v -0.0301094055 -0.0284253731 1.47344649
v 0.0085273739 -0.0430913381 1.37075913
v 0.0085273739 -0.0247900933 1.47344649
v 0.0085273739 -0.0430913381 1.53744698
v 0.0471641533 -0.0284253731 1.47344649
v 0.0085273739 -0.0430913381 1.37075913
v 0.0085273739 -0.0465830043 1.38057387
v 0.0432934575 -0.0334323458 1.47344649
v 0.0085273739 -0.0556593724 1.47344649
v 0.0085273739 -0.0466772541 1.53072715
v 0.0085273739 -0.0430913381 1.53744698
v 0.0471641533 -0.0284253731 1.47344649
v 0.0085273739 -0.0247900933 1.47344649
v 0.0085273739 -0.0430913381 1.37075913
v 0.0085273739 -0.0430913381 1.53744698
v -0.0301094055 0.00983686745 1.47344649
v 0.0085273739 0.0245028343 1.37075913
v 0.0085273739 0.0279944967 1.38057387
v -0.0262388606 0.0148438429 1.47344649
v 0.0085273739 0.0370708704 1.47344649
v 0.0085273739 0.0280887485 1.53072715
v 0.0085273739 0.0245028343 1.53744698
v -0.0301094055 0.00983686745 1.47344649
v 0.0085273739 0.00620158901 1.47344649
v 0.0085273739 0.0245028343 1.37075913
v 0.0085273739 0.0245028343 1.53744698
v 0.0471641533 0.00983686745 1.47344649
v 0.0085273739 0.0279944967 1.38057387
v 0.0085273739 0.0245028343 1.37075913
v 0.0432934575 0.0148438429 1.47344649
v 0.0085273739 0.0370708704 1.47344649
v 0.0085273739 0.0280887485 1.53072715
v 0.0085273739 0.0245028343 1.53744698
v 0.0471641533 0.00983686745 1.47344649
v 0.0085273739 0.0245028343 1.37075913
v 0.0085273739 0.00620158901 1.47344649
v 0.0085273739 0.0245028343 1.53744698
v -0.06604065 -0.00515672425 1.6535368
v -0.06604065 -0.0134313721 1.6535368
v -0.0824214146 -0.00929425191 1.65773034
v -0.0523809791 -1.64449216E-06 1.64676452
v -0.0523809791 -0.0185868591 1.64676452
v -0.0420219414 0.00548840268 1.63925886
v -0.0420219414 -0.024076499 1.63925886
v -0.0305459592 0.00940112304 1.63467538
v -0.0305459592 -0.0279892199 1.63467538
v -0.0170759577 0.0120155877 1.63176966
v -0.0170759577 -0.0306040924 1.63176966
v -0.00613357546 0.0171563867 1.620772
v -0.00613357546 -0.0357448906 1.620772
v 0.00264266971 0.021901425 1.60483789
v 0.00264266971 -0.0404895209 1.60483789
v 0.0085273739 0.0233388133 1.58887815
v 0.0085273739 -0.041927319 1.58887815
v 0.0830953941 -0.00515672425 1.6535368
v 0.0994761661 -0.00929425191 1.65773034
v 0.0830953941 -0.0134313721 1.6535368
v 0.0694357306 -1.64330004E-06 1.64676452
v 0.0694357306 -0.018586861 1.64676452
v 0.0590766892 0.00548840174 1.63925886
v 0.0590766892 -0.024076499 1.63925886
v 0.0476005562 0.00940112304 1.63467538
v 0.0476005562 -0.0279892199 1.63467538
v 0.0341307074 0.0120155858 1.63176966
v 0.0341307074 -0.0306040924 1.63176966
v 0.0231883228 0.0171563867 1.620772
v 0.0231883228 -0.0357448906 1.620772
v 0.0144120781 0.021901425 1.60483789
v 0.0144120781 -0.0404895209 1.60483789
v 0.0085273739 0.0233388133 1.58887815
v 0.0085273739 -0.041927319 1.58887815
v -0.0153413387 -0.0601912998 2.11319184
v 0.0085273739 -0.0796532854 2.13314915
v 0.0085273739 -0.0598177575 2.05221558
v -0.0284172054 -0.0833566263 2.19707108
v -0.0412678532 -0.0648432896 2.15837026
v 0.0085273739 -0.0972328186 2.19381714
v -0.0754426569 -0.073108688 2.20077825
v -0.0411268622 -0.0780305564 2.22685766
v 0.0085273739 -0.0947409123 2.26387691
v -0.01537445 -0.0833361968 2.26658845
v 0.0085273739 -0.0955197141 2.33477664
v -0.0153414914 -0.0307989288 2.11960483
v 0.0085273739 0.00178021542 2.06557417
v 0.0085273739 -0.0214729048 2.1459403
v -0.0284481812 -0.0553179383 2.20328498
v -0.0412805155 -0.054239735 2.16070604
v 0.0085273739 -0.0341470428 2.2078104
v -0.0754426569 -0.073108688 2.20077825
v -0.0411335751 -0.0734351799 2.22787571
v 0.0085273739 -0.0622174554 2.27108693
v -0.0153746027 -0.0758465976 2.2682476
v 0.0085273739 -0.0876576006 2.336519
v 0.0085273739 0.00178021542 2.06557417
v -0.0153413387 -0.0601912998 2.11319184
v 0.0085273739 -0.0598177575 2.05221558
v -0.0153414914 -0.0307989288 2.11960483
v -0.0412805155 -0.054239735 2.16070604
v -0.0412678532 -0.0648432896 2.15837026
v -0.0754426569 -0.073108688 2.20077825
v -0.0411268622 -0.0780305564 2.22685766
v -0.0754426569 -0.073108688 2.20077825
v -0.0411335751 -0.0734351799 2.22787571
v -0.01537445 -0.0833361968 2.26658845
v -0.0153746027 -0.0758465976 2.2682476
v 0.0085273739 -0.0876576006 2.336519
v 0.0085273739 -0.0955197141 2.33477664
v 0.0323959328 -0.0601912998 2.11319184
v 0.0085273739 -0.0598177575 2.05221558
v 0.0085273739 -0.0796532854 2.13314915
v 0.0454719551 -0.0833566263 2.19707108
v 0.0085273739 -0.0972328186 2.19381714
v 0.058322601 -0.0648432896 2.15837026
v 0.0924972519 -0.073108688 2.20077825
v 0.05818161 -0.0780305564 2.22685766
v 0.0085273739 -0.0947409123 2.26387691
v 0.0324290469 -0.0833361968 2.26658845
v 0.0085273739 -0.0955197141 2.33477664
v 0.0323962383 -0.0307989288 2.11960483
v 0.0085273739 -0.0214729048 2.1459403
v 0.0085273739 0.00178021542 2.06557417
v 0.0455027744 -0.0553179383 2.20328498
v 0.0085273739 -0.0341470428 2.2078104
v 0.0583352633 -0.054239735 2.16070604
v 0.0924972519 -0.073108688 2.20077825
v 0.0581883229 -0.0734351799 2.22787571
v 0.0085273739 -0.0622174554 2.27108693
v 0.0324293524 -0.0758465976 2.2682476
v 0.0085273739 -0.0876576006 2.336519
v 0.0085273739 0.00178021542 2.06557417
v 0.0085273739 -0.0598177575 2.05221558
v 0.0323959328 -0.0601912998 2.11319184
v 0.0323962383 -0.0307989288 2.11960483
v 0.0583352633 -0.054239735 2.16070604
v 0.058322601 -0.0648432896 2.15837026
v 0.0924972519 -0.073108688 2.20077825
v 0.05818161 -0.0780305564 2.22685766
v 0.0581883229 -0.0734351799 2.22787571
v 0.0924972519 -0.073108688 2.20077825
v 0.0324290469 -0.0833361968 2.26658845
v 0.0324293524 -0.0758465976 2.2682476
v 0.0085273739 -0.0876576006 2.336519
v 0.0085273739 -0.0955197141 2.33477664
v 0.0173661802 0.0313976333 1.59746182
v 0.0144120781 0.021901425 1.60483789
v 0.0085273739 0.0233388133 1.58887815
v 0.0085273739 0.0328439884 1.57301509
v 0.026296692 0.0266733933 1.61470914
v 0.0231883228 0.0171563867 1.620772
v 0.0206579585 0.0314922854 1.58305573
v 0.0085273739 0.0281421933 1.55934966
v 0.0322444141 0.0295616295 1.6007216
v 0.0368151851 0.0204624124 1.62743878
v 0.0341307074 0.0120155858 1.63176966
v 0.0476005562 0.00940112304 1.63467538
v 0.0262178034 0.024776604 1.56393111
v 0.0085273739 0.0196831338 1.54831564
v 0.0444119237 0.0252731349 1.61352432
v 0.0517573543 0.0184113942 1.62932813
v 0.0418429561 0.0246558357 1.58054149
v 0.0304974355 0.0103223892 1.54961562
v 0.0085273739 0.00814488996 1.54120374
v 0.0636077896 0.0141816614 1.63479125
v 0.0590766892 0.00548840174 1.63925886
v 0.0554746985 0.0216549933 1.59508729
v 0.0590666197 0.0202498399 1.62014663
v 0.0499540716 0.0108438134 1.56402934
v 0.0316429138 -0.00929425191 1.54472733
v 0.0085273739 -0.00929425191 1.53820336
v 0.0085273739 -0.0267333947 1.54120374
v 0.0739504993 0.00887765642 1.64308512
v 0.0694357306 -1.64330004E-06 1.64676452
v 0.0658363327 0.00966591667 1.58014655
v 0.0711001605 -0.00929425191 1.57270265
v 0.054038085 -0.00929425191 1.55743968
v 0.0304974355 -0.0289108921 1.54961562
v 0.0085273739 -0.038271226 1.54831564
v 0.070829317 0.0165545885 1.60678279
v 0.0499540716 -0.0294319075 1.56402934
v 0.0262178034 -0.043365106 1.56393111
v 0.0085273739 -0.0467302874 1.55934966
v 0.0206579585 -0.0500803776 1.58305573
v 0.0085273739 -0.0514324903 1.57301509
v 0.0418429561 -0.0432439335 1.58054149
v 0.0173661802 -0.0499857217 1.59746182
v 0.0085273739 -0.041927319 1.58887815
v 0.0144120781 -0.0404895209 1.60483789
v 0.0322444141 -0.0481501333 1.6007216
v 0.026296692 -0.0452614911 1.61470914
v 0.0231883228 -0.0357448906 1.620772
v 0.0658363327 -0.0282540116 1.58014655
v 0.0554746985 -0.0402430892 1.59508729
v 0.0444119237 -0.0438612364 1.61352432
v 0.0368151851 -0.0390509181 1.62743878
v 0.0341307074 -0.0306040924 1.63176966
v 0.0476005562 -0.0279892199 1.63467538
v 0.0517573543 -0.0369994901 1.62932813
v 0.0590666197 -0.0388383493 1.62014663
v 0.0636077896 -0.0327701643 1.63479125
v 0.0590766892 -0.024076499 1.63925886
v 0.070829317 -0.0351426825 1.60678279
v 0.0708750933 -0.0340117067 1.62783861
v 0.0739504993 -0.027466163 1.64308512
v 0.0694357306 -0.018586861 1.64676452
v 0.0878138691 -0.0223380122 1.64950252
v 0.0830953941 -0.0134313721 1.6535368
v 0.0994761661 -0.00929425191 1.65773034
v 0.082095027 -0.0286738444 1.63651013
v 0.103488922 -0.0160898995 1.65420723
v 0.118273921 -0.00929425191 1.65664256
v 0.0976238996 -0.0216746032 1.64155197
v 0.081237942 -0.028812563 1.61788833
v 0.0912399292 -0.0248015169 1.62853742
v 0.107353054 -0.016186595 1.63395607
v 0.108248748 -0.0159740299 1.64924383
v 0.0909800678 -0.0226962324 1.60827208
v 0.113214567 -0.0127899963 1.64478445
v 0.0799682587 -0.0254657399 1.59421277
v 0.100169979 -0.0194697697 1.62188244
v 0.104091644 -0.00929425191 1.61860347
v 0.114387967 -0.00929425191 1.64344084
v 0.0954806507 -0.00929425191 1.60344827
v 0.0851525888 -0.00929425191 1.58838165
v 0.0799682587 0.00687723607 1.59421277
v 0.0909800678 0.00410772907 1.60827208
v 0.110056147 -0.00929425191 1.63165903
v 0.107353054 -0.00240191026 1.63395607
v 0.113214567 -0.00579850795 1.64478445
v 0.108248748 -0.00261447486 1.64924383
v 0.103488922 -0.00249860529 1.65420723
v 0.0994761661 -0.00929425191 1.65773034
v 0.0976238996 0.00308609963 1.64155197
v 0.0878138691 0.00374950888 1.64950252
v 0.0830953941 -0.00515672425 1.6535368
v 0.100169979 0.000881677843 1.62188244
v 0.0912399292 0.00621341681 1.62853742
v 0.082095027 0.010085335 1.63651013
v 0.081237942 0.0102240564 1.61788833
v 0.0708750933 0.0154231973 1.62783861
v -0.000311431882 0.0313976295 1.59746182
v 0.0085273739 0.0328439884 1.57301509
v 0.0085273739 0.0233388133 1.58887815
v 0.00264266971 0.021901425 1.60483789
v -0.00360336294 0.0314922854 1.58305573
v 0.0085273739 0.0281421933 1.55934966
v -0.00924194325 0.0266733952 1.61470914
v -0.00613357546 0.0171563867 1.620772
v -0.00916305557 0.024776604 1.56393111
v 0.0085273739 0.0196831338 1.54831564
v -0.0151896663 0.0295616295 1.6007216
v -0.0197604373 0.0204624124 1.62743878
v -0.0170759577 0.0120155877 1.63176966
v -0.0305459592 0.00940112304 1.63467538
v -0.0273571778 0.0252731368 1.61352432
v -0.0247882083 0.0246558357 1.58054149
v -0.0134426877 0.0103223873 1.54961562
v 0.0085273739 0.00814488996 1.54120374
v -0.0347026065 0.0184113942 1.62932813
v -0.0384201035 0.0216549933 1.59508729
v -0.0328994729 0.0108438106 1.56402934
v -0.0145883178 -0.00929425191 1.54472733
v 0.0085273739 -0.00929425191 1.53820336
v 0.0085273739 -0.0267333947 1.54120374
v -0.0465531908 0.0141816586 1.63479125
v -0.0420219414 0.00548840268 1.63925886
v -0.0420120247 0.0202498436 1.62014663
v -0.0487815849 0.00966591481 1.58014655
v -0.0540455617 -0.00929425191 1.57270265
v -0.03698349 -0.00929425191 1.55743968
v -0.0134426877 -0.0289108921 1.54961562
v 0.0085273739 -0.038271226 1.54831564
v -0.0568959042 0.00887765829 1.64308512
v -0.0523809791 -1.64449216E-06 1.64676452
v -0.0537745655 0.0165545866 1.60678279
v -0.0538203418 0.015423202 1.62783861
v -0.0328994729 -0.0294319075 1.56402934
v -0.00916305557 -0.043365106 1.56393111
v 0.0085273739 -0.0467302874 1.55934966
v -0.0707592741 0.00374950748 1.64950252
v -0.06604065 -0.00515672425 1.6535368
v -0.0824214146 -0.00929425191 1.65773034
v -0.0650404319 0.0100853378 1.63651013
v -0.00360336294 -0.0500803776 1.58305573
v 0.0085273739 -0.0514324903 1.57301509
v -0.0247882083 -0.0432439335 1.58054149
v -0.0864341706 -0.00249860459 1.65420723
v -0.101219326 -0.00929425191 1.65664256
v -0.000311431882 -0.0499857217 1.59746182
v 0.0085273739 -0.041927319 1.58887815
v 0.00264266971 -0.0404895209 1.60483789
v -0.0805693045 0.00308609963 1.64155197
v -0.0151896663 -0.0481501333 1.6007216
v -0.00924194325 -0.0452614911 1.61470914
v -0.00613357546 -0.0357448906 1.620772
v -0.0197604373 -0.0390509181 1.62743878
v -0.0170759577 -0.0306040924 1.63176966
v -0.0305459592 -0.0279892199 1.63467538
v -0.0273571778 -0.0438612364 1.61352432
v -0.0384201035 -0.0402430892 1.59508729
v -0.0347026065 -0.0369994901 1.62932813
v -0.0465531908 -0.0327701643 1.63479125
v -0.0420219414 -0.024076499 1.63925886
v -0.0420120247 -0.0388383493 1.62014663
v -0.0487815849 -0.0282540116 1.58014655
v -0.0568959042 -0.027466163 1.64308512
v -0.0523809791 -0.0185868591 1.64676452
v -0.0537745655 -0.0351426825 1.60678279
v -0.0538203418 -0.0340117067 1.62783861
v -0.0707592741 -0.0223380122 1.64950252
v -0.06604065 -0.0134313721 1.6535368
v -0.0824214146 -0.00929425191 1.65773034
v -0.0650404319 -0.0286738444 1.63651013
v -0.0864341706 -0.0160898995 1.65420723
v -0.0805693045 -0.0216746032 1.64155197
v -0.0641831979 -0.028812563 1.61788833
v -0.0629135147 -0.0254657399 1.59421277
v -0.0741853341 -0.0248015169 1.62853742
v -0.0902983099 -0.016186595 1.63395607
v -0.0911941528 -0.015974028 1.64924383
v -0.0739253238 -0.0226962361 1.60827208
v -0.0961598158 -0.0127899954 1.64478445
v -0.083115235 -0.0194697715 1.62188244
v -0.0870368928 -0.00929425191 1.61860347
v -0.0784258991 -0.00929425191 1.60344827
v -0.0973332226 -0.00929425191 1.64344084
v -0.0680978373 -0.00929425191 1.58838165
v -0.0629135147 0.00687723514 1.59421277
v -0.0739253238 0.00410773139 1.60827208
v -0.0930015519 -0.00929425191 1.63165903
v -0.0902983099 -0.00240190863 1.63395607
v -0.0961598158 -0.00579850841 1.64478445
v -0.0911941528 -0.00261447672 1.64924383
v -0.083115235 0.000881675456 1.62188244
v -0.0741853341 0.00621341914 1.62853742
v -0.0641831979 0.0102240583 1.61788833
v 0.0234352108 0.0193122588 0.93351531
v 0.0085273739 0.0163420197 0.906057715
v 0.0085273739 0.0169185232 0.933401465
v 0.0085273739 0.0158919953 0.951684237
v 0.0234352108 0.0187157635 0.905233443
v 0.0085273739 0.00982829928 0.87913847
v 0.0234352108 0.0181833245 0.953620732
v 0.0085273739 0.00754105067 0.963691711
v 0.0234352108 0.0118850274 0.877003789
v 0.0085273739 0.0002929318 0.862020552
v 0.029610442 0.025091581 0.933790088
v 0.0234352108 0.00863775611 0.96734482
v 0.0085273739 -0.00929425191 0.969412982
v 0.0234352108 0.00178702828 0.858875096
v 0.0085273739 -0.00929425191 0.853337407
v 0.0234352108 -0.00929425191 0.848838806
v 0.029610442 0.024447348 0.903244019
v 0.029610442 0.0237153955 0.958294332
v 0.029610442 0.00539374677 0.851281404
v 0.029610442 -0.00929425191 0.83797878
v 0.029610442 0.0168503877 0.871848404
v 0.0234352108 0.0308708996 0.934064925
v 0.0234352108 0.00900046807 0.843687713
v 0.0234352108 -0.00929425191 0.827118516
v 0.0234352108 0.021815747 0.866693735
v 0.0234352108 0.0301789306 0.901254535
v 0.0085273739 0.0332646333 0.934178591
v 0.0234352108 0.0292474646 0.962967992
v 0.0085273739 0.0104945637 0.840541959
v 0.0085273739 -0.00929425191 0.822619915
v -0.00638046255 -0.00929425191 0.827118516
v 0.0085273739 0.0238724723 0.864558697
v 0.0085273739 0.0325526744 0.90043056
v -0.00638046255 0.00900046807 0.843687713
v -0.0125556942 -0.00929425191 0.83797878
v -0.00638046255 0.021815747 0.866693735
v -0.0125556942 0.00539374677 0.851281404
v -0.00638046255 -0.00929425191 0.848838806
v -0.00638046255 0.0301789306 0.901254535
v -0.00638046255 0.00178702828 0.858875096
v 0.0085273739 -0.00929425191 0.853337407
v 0.0085273739 0.0002929318 0.862020552
v -0.0125556942 0.0168503877 0.871848404
v -0.00638046255 0.0118850274 0.877003789
v 0.0085273739 0.00982829928 0.87913847
v -0.0125556942 0.024447348 0.903244019
v -0.00638046255 0.0187157635 0.905233443
v 0.0085273739 0.0163420197 0.906057715
v -0.00638046255 0.0308708996 0.934064925
v -0.00638046255 0.0193122588 0.93351531
v 0.0085273739 0.0169185232 0.933401465
v 0.0085273739 0.0158919953 0.951684237
v -0.0125556942 0.025091581 0.933790088
v -0.00638046255 0.0181833245 0.953620732
v 0.0085273739 0.00754105067 0.963691711
v -0.0125556942 0.0237153955 0.958294332
v -0.00638046255 0.00863775611 0.96734482
v 0.0085273739 -0.00929425191 0.969412982
v -0.00638046255 0.0292474646 0.962967992
v -0.0125556942 0.0112860817 0.976165473
v -0.00638046255 -0.00929425191 0.973439157
v 0.0085273739 0.0315392017 0.964903831
v -0.00638046255 0.0139340041 0.984985948
v -0.00638046255 -0.0272262618 0.96734482
v 0.0085273739 -0.026129555 0.963691711
v -0.0125556942 -0.00929425191 0.983159304
v -0.0125556942 -0.0298745856 0.976165473
v -0.00638046255 -0.0367718264 0.953620136
v 0.0085273739 -0.034480501 0.951684237
v -0.0125556942 -0.0423039012 0.958294332
v -0.00638046255 -0.0379007645 0.93351531
v 0.0085273739 -0.0355070271 0.933401465
v 0.0085273739 -0.0349305235 0.906056821
v -0.0125556942 -0.0436800867 0.933790088
v -0.00638046255 -0.0373042673 0.905232847
v 0.0085273739 -0.0284176208 0.87913847
v -0.00638046255 -0.030474348 0.877003789
v 0.0085273739 -0.0188814364 0.862020552
v -0.0125556942 -0.0430358499 0.903244019
v -0.00638046255 -0.0494594052 0.934064925
v -0.00638046255 -0.0478359684 0.962967992
v 0.0085273739 -0.0518531352 0.934178591
v -0.00638046255 -0.020375533 0.858875096
v 0.0085273739 -0.00929425191 0.853337407
v -0.00638046255 -0.00929425191 0.848838806
v -0.00638046255 -0.0487674326 0.901254535
v -0.0125556942 -0.0354401134 0.871848404
v -0.0125556942 -0.0239822529 0.851281404
v -0.0125556942 -0.00929425191 0.83797878
v -0.00638046255 -0.032522507 0.984985948
v -0.00638046255 -0.0404054746 0.866693735
v -0.00638046255 -0.0275889728 0.843687415
v -0.00638046255 -0.00929425191 0.827118516
v 0.0085273739 -0.0511411801 0.900430918
v 0.0085273739 -0.0424622037 0.864558697
v 0.0085273739 -0.0290830676 0.840541959
v 0.0085273739 -0.00929425191 0.822619915
v 0.0234352108 -0.00929425191 0.827118516
v 0.0234352108 -0.0275889728 0.843687415
v 0.029610442 -0.00929425191 0.83797878
v 0.0234352108 -0.0404054746 0.866693735
v 0.029610442 -0.0239822529 0.851281404
v 0.0234352108 -0.00929425191 0.848838806
v 0.0234352108 -0.0487674326 0.901254535
v 0.029610442 -0.0354401134 0.871848404
v 0.0234352108 -0.020375533 0.858875096
v 0.0085273739 -0.00929425191 0.853337407
v 0.0085273739 -0.0188814364 0.862020552
v 0.0234352108 -0.030474348 0.877003789
v 0.0085273739 -0.0284176208 0.87913847
v 0.029610442 -0.0430358499 0.903244019
v 0.0234352108 -0.0373042673 0.905232847
v 0.0085273739 -0.0349305235 0.906056821
v 0.0234352108 -0.0494594052 0.934064925
v 0.029610442 -0.0436800867 0.933790088
v 0.0234352108 -0.0379007645 0.93351531
v 0.0085273739 -0.0355070271 0.933401465
v 0.0085273739 -0.034480501 0.951684237
v 0.0234352108 -0.0367718264 0.953620732
v 0.0085273739 -0.026129555 0.963691711
v 0.029610442 -0.0423039012 0.958294332
v 0.0234352108 -0.0272262618 0.96734482
v 0.0234352108 -0.0478359684 0.962967992
v 0.0234352108 -0.00929425191 0.973439157
v 0.029610442 -0.0298745856 0.976165473
v 0.0085273739 -0.0501277037 0.964903831
v 0.029610442 0.0112860817 0.976165473
v 0.029610442 -0.00929425191 0.983159304
v 0.0234352108 -0.032522507 0.984985948
v 0.0234352108 0.0139340041 0.984985948
v 0.0085273739 -0.0336196199 0.988639355
v 0.0234352108 -0.00929425191 0.992879927
v 0.0085273739 0.0150311161 0.988639355
v -0.00638046255 -0.00929425191 0.992879927
v 0.0085273739 -0.00929425191 0.996906102
v 0.0305418391 0.0187312644 1.67160261
v 0.0217701718 0.0110172099 1.67768109
v 0.00984893739 0.00305550103 1.63345134
v 0.0470532216 0.0219365153 1.72078598
v 0.0158374012 0.00836847443 1.62907243
v 0.00899520889 -0.00163935777 1.59019315
v 0.0549092107 0.030956177 1.71494079
v 0.0794871524 0.0309904478 1.7571733
v 0.0417349227 0.0123069044 1.66607797
v 0.0876432806 0.0401667729 1.75102472
v 0.111447446 0.0401059799 1.79368603
v 0.0209947191 0.00531010842 1.62594092
v 0.0740087852 0.0199034493 1.70623732
v 0.119562984 0.0488273911 1.78871667
v 0.134999081 0.0480040386 1.8327173
v 0.0517047122 0.00261649117 1.66088295
v 0.110299982 0.0257247984 1.74200022
v 0.143705443 0.0561954528 1.82941222
v 0.144664004 0.0537282787 1.87542403
v 0.0267671198 0.000433284033 1.62289441
v 0.0894709751 0.00439210655 1.6989187
v 0.14507705 0.0292417575 1.77913558
v 0.154371947 0.0617087632 1.87456596
v 0.136604607 0.0563525334 1.91624105
v 0.0291796867 -0.00692785252 1.62215149
v 0.0568199158 -0.0100719016 1.65834641
v 0.130771026 0.00432356214 1.73248267
v 0.172924951 0.030704435 1.82282543
v 0.0267376695 -0.0146027394 1.62429547
v 0.0980123878 -0.0154803488 1.69442666
v 0.16943863 0.00234313007 1.76835167
v 0.141836539 -0.0226994995 1.72629666
v 0.0214199834 -0.0199622288 1.62813056
v 0.052714996 -0.0234824512 1.6600461
v 0.0905023143 -0.0329194926 1.69693828
v 0.0157139581 -0.0233143568 1.63093317
v 0.0098661799 -0.0184718035 1.63392055
v 0.0211337283 -0.0344384722 1.67642188
v 0.0425848365 -0.0335763693 1.6654321
v 0.0296736136 -0.0400492959 1.67116034
v 0.045948334 -0.0492806993 1.71944487
v 0.054357145 -0.0543468371 1.71320152
v 0.0785647556 -0.0589074604 1.75607824
v 0.0748719797 -0.0458290167 1.70418954
v 0.0874189734 -0.0631147549 1.7506181
v 0.110850066 -0.0657116696 1.7933687
v 0.11064636 -0.0550081991 1.7394824
v 0.119273983 -0.0693783686 1.78830123
v 0.134738922 -0.0707488433 1.83324051
v 0.130646214 -0.0414422043 1.7305305
v 0.145305023 -0.0622232743 1.77612484
v 0.144315794 -0.0740438476 1.83008766
v 0.14430359 -0.0736484975 1.87490499
v 0.169023126 -0.0496760495 1.7657634
v 0.175404206 -0.068825528 1.82015181
v 0.153932333 -0.0764869526 1.87524652
v 0.182931975 -0.0305702277 1.76073563
v 0.203987882 -0.0581914186 1.81082332
v 0.202033073 -0.000529187906 1.81423545
v 0.145914301 -0.0761246458 1.91775477
v 0.136150822 -0.0736860335 1.91624963
v 0.190000758 -0.073471427 1.87284088
v 0.219981074 -0.0382471569 1.8069979
v 0.186793208 0.0313972197 1.87256026
v 0.125318602 -0.074322924 1.95769584
v 0.116070099 -0.0721144155 1.95420587
v 0.184387967 -0.0735065192 1.91800809
v 0.223975971 -0.0651490465 1.86876953
v 0.220165402 -0.00304899737 1.86928916
v 0.0985360667 -0.0720364898 1.99535596
v 0.0900991783 -0.0696035847 1.98994744
v 0.163818657 -0.0706737712 1.96293223
v 0.220823362 -0.0654003695 1.91555929
v 0.241978303 -0.0444801711 1.86707306
v 0.239925385 -0.0441900827 1.91243982
v 0.215648651 -0.00133988378 1.91241491
v 0.200500324 -0.0613383241 1.9637115
v 0.220172882 -0.0403206088 1.96138346
v 0.132782593 -0.0667777732 2.00379252
v 0.178985134 0.034861546 1.91797054
v 0.19738616 0.00101876492 1.95568883
v 0.165675804 -0.0561224483 2.00652122
v 0.184763178 -0.0364021808 2.00654292
v 0.144702598 0.064925842 1.91994238
v 0.161350861 0.0367713906 1.95512462
v 0.124442287 0.0628678873 1.95772946
v 0.115417629 0.0534920506 1.9560076
v 0.165131673 0.00213627331 2.00029802
v 0.141489714 -0.0302091464 2.0470655
v 0.126183167 -0.0505720191 2.04691195
v 0.129491419 0.0339839421 1.99992061
v 0.0950114429 0.0556014106 1.99763179
v 0.0885597244 0.0463520475 1.99107325
v 0.124839477 0.00296370033 2.04062414
v 0.0950450078 0.0292878579 2.03880239
v 0.0648377985 0.046711497 2.03641844
v 0.0567895509 0.0368427932 2.02981162
v 0.106778562 -0.0270781554 2.08216786
v 0.0977589414 -0.0628768876 2.04366398
v 0.0916444361 0.00150306104 2.07631826
v 0.0661643967 0.0246007554 2.073457
v 0.0386372358 0.0379125699 2.07207155
v 0.0289280694 0.0269887801 2.06896353
v 0.094172664 -0.0466462411 2.08244395
v 0.0670956373 -0.0685170814 2.03656101
v 0.0578683466 -0.0653163195 2.0316689
v 0.0903244019 -0.0263841487 2.10513568
v 0.0755021647 -0.00123870256 2.10225129
v 0.0509622172 0.0185182951 2.10318422
v 0.0255259704 0.0295138918 2.10661864
v 0.0150679015 0.0184913613 2.10483909
v 0.0686784312 -0.0587450787 2.07954001
v 0.0406817608 -0.0638507903 2.07516146
v 0.030352477 -0.0592709854 2.07202196
v 0.0781338513 -0.0438853055 2.10677576
v 0.0822579935 -0.0253253877 2.12354875
v 0.0684927329 -0.00374422851 2.12292099
v 0.0464215092 0.0130004948 2.12656546
v 0.0287171938 -0.0584251992 2.10757828
v 0.0174687188 -0.0523831323 2.10616183
v 0.0541625954 -0.0544696413 2.10728931
v 0.0712226853 -0.0408775322 2.12620521
v 0.0786184669 -0.0237982459 2.14243746
v 0.0271563716 -0.0526744388 2.13318181
v 0.0157478321 -0.045556888 2.1337595
v 0.0496232584 -0.0499045327 2.12950468
v 0.0329510495 -0.0460591316 2.15658188
v 0.0213238522 -0.038632717 2.15919161
v 0.0363308713 -0.0306452978 2.18123126
v 0.0697918683 -0.0366755389 2.14566183
v 0.0520344526 -0.043985676 2.15073109
v 0.0458116122 -0.0381182283 2.17683458
v 0.0603007488 -0.0257933643 2.19386339
v 0.060789641 -0.037037842 2.1695497
v 0.0664865077 -0.0302842185 2.19046116
v 0.0954534858 -0.0185668692 2.19950199
v 0.0747511238 -0.0298786666 2.18520784
v 0.0735682696 -0.0314306989 2.16428661
v 0.0796028152 -0.0220316071 2.16143632
v 0.0823132321 -0.0262034032 2.18141723
v 0.085855104 -0.0202449728 2.17960024
v 0.0802781656 -0.0142926583 2.18147659
v 0.0708168 -0.0108279251 2.16337276
v 0.0724461377 -0.00953701138 2.18450952
v 0.0668742359 -0.00702862954 2.14353657
v 0.0639520213 -0.00771651743 2.19028687
v 0.0581838973 -0.0123840375 2.19381213
v 0.0576786809 -0.00204490777 2.16827822
v 0.0427952558 0.00301632984 2.17755651
v 0.0336430334 -0.00441334629 2.18196487
v 0.0487521365 0.00590823498 2.148669
v 0.0286849961 0.0138144605 2.15780616
v 0.0176568609 0.0039208685 2.16003776
v 0.0127670281 0.0117459008 2.13331556
v 0.0232521053 0.0224301945 2.13301444
v -0.0134870904 0.0187312663 1.67160261
v 0.0072058104 0.00305549963 1.63345134
v -0.00471542357 0.0110172099 1.67768109
v -0.0299986266 0.0219365153 1.72078598
v 0.00121734617 0.00836847536 1.62907243
v 0.0080593871 -0.0016393566 1.59019315
v -0.0378544591 0.0309561715 1.71494079
v -0.0624324009 0.0309904423 1.7571733
v -0.0246801749 0.0123068998 1.66607797
v -0.0705886856 0.0401667692 1.75102472
v -0.094392851 0.0401059762 1.79368603
v -0.00393997179 0.00531010749 1.62594092
v -0.0569540374 0.0199034512 1.70623732
v -0.102508239 0.0488273837 1.78871667
v -0.117944486 0.0480040461 1.8327173
v -0.0346501134 0.00261649117 1.66088295
v -0.0932452381 0.0257247966 1.74200022
v -0.12665084 0.0561954528 1.82941222
v -0.127609253 0.0537282825 1.87542403
v -0.00971237198 0.000433284033 1.62289441
v -0.072416231 0.00439210748 1.6989187
v -0.128022462 0.0292417537 1.77913558
v -0.137317196 0.0617087632 1.87456596
v -0.119549863 0.0563525334 1.91624105
v -0.0121249389 -0.00692785252 1.62215149
v -0.0397653207 -0.0100718997 1.65834641
v -0.113716274 0.00432356214 1.73248267
v -0.155870199 0.030704435 1.82282543
v -0.00968292169 -0.0146027394 1.62429547
v -0.0809577927 -0.0154803479 1.69442666
v -0.152383879 0.00234313123 1.76835167
v -0.124781795 -0.0226994995 1.72629666
v -0.00436538691 -0.0199622288 1.62813056
v -0.035660401 -0.0234824512 1.6600461
v -0.0734477192 -0.0329194926 1.69693828
v 0.00134078972 -0.0233143568 1.63093317
v 0.00718856789 -0.0184718035 1.63392055
v -0.0040789796 -0.0344384722 1.67642188
v -0.0255300906 -0.0335763693 1.6654321
v -0.0126190186 -0.0400492959 1.67116034
v -0.0288935844 -0.0492806993 1.71944487
v -0.0373023972 -0.0543468371 1.71320152
v -0.0615100078 -0.0589074604 1.75607824
v -0.0578172281 -0.0458290167 1.70418954
v -0.0703642294 -0.0631147549 1.7506181
v -0.0937953144 -0.0657116696 1.7933687
v -0.0935916081 -0.0550081991 1.7394824
v -0.102219388 -0.0693783686 1.78830123
v -0.117684171 -0.0707488433 1.83324051
v -0.113591455 -0.0414422043 1.7305305
v -0.128250271 -0.0622232743 1.77612484
v -0.127261192 -0.0740438476 1.83008766
v -0.127248988 -0.0736484975 1.87490499
v -0.151968539 -0.0496760495 1.7657634
v -0.158349454 -0.068825528 1.82015181
v -0.136877745 -0.0764869526 1.87524652
v -0.165877074 -0.0305702277 1.76073563
v -0.186933279 -0.0581914186 1.81082332
v -0.184978485 -0.00052918907 1.81423545
v -0.12885955 -0.0761246458 1.91775477
v -0.11909622 -0.0736860335 1.91624963
v -0.17294617 -0.073471427 1.87284088
v -0.202926472 -0.0382471569 1.8069979
v -0.169738457 0.0313972197 1.87256026
v -0.167333215 -0.0735065192 1.91800809
v -0.10826385 -0.074322924 1.95769584
v -0.0990153477 -0.0721144155 1.95420587
v -0.206921071 -0.0651490465 1.86876953
v -0.203110799 -0.00304899691 1.86928916
v -0.203768462 -0.0654003695 1.91555929
v -0.146763906 -0.0706737712 1.96293223
v -0.0814814717 -0.0720364898 1.99535596
v -0.0730444342 -0.0696035847 1.98994744
v -0.2249237 -0.0444801711 1.86707306
v -0.222870633 -0.0441900827 1.91243982
v -0.1985939 -0.00133988436 1.91241491
v -0.183445588 -0.0613383241 1.9637115
v -0.203118131 -0.0403206088 1.96138346
v -0.115727842 -0.0667777732 2.00379252
v -0.0500408933 -0.0685170814 2.03656101
v -0.0408135988 -0.0653163195 2.0316689
v -0.161930382 0.034861546 1.91797054
v -0.180331424 0.00101876375 1.95568883
v -0.148621053 -0.0561224483 2.00652122
v -0.167708591 -0.0364021808 2.00654292
v -0.0807041898 -0.0628768876 2.04366398
v -0.023627013 -0.0638507903 2.07516146
v -0.0132977292 -0.0592709854 2.07202196
v -0.127647862 0.064925842 1.91994238
v -0.14429611 0.0367713906 1.95512462
v -0.107387543 0.0628678873 1.95772946
v -0.0983630344 0.0534920506 1.9560076
v -0.148076937 0.00213627564 2.00029802
v -0.112436824 0.0339839347 1.99992061
v -0.0779566914 0.0556014106 1.99763179
v -0.0715049729 0.0463520475 1.99107325
v -0.124434963 -0.0302091464 2.0470655
v -0.107784726 0.00296369893 2.04062414
v -0.0779904127 0.0292878579 2.03880239
v -0.0477830507 0.046711497 2.03641844
v -0.0397349522 0.0368427932 2.02981162
v -0.109128565 -0.0505720191 2.04691195
v -0.0897238106 -0.0270781554 2.08216786
v -0.0745896921 0.00150305987 2.07631826
v -0.0491096489 0.0246007554 2.073457
v -0.0215826407 0.0379125699 2.07207155
v -0.0118733216 0.0269887801 2.06896353
v -0.0771180689 -0.0466462411 2.08244395
v -0.0732696503 -0.0263841487 2.10513568
v -0.0584475696 -0.00123870024 2.10225129
v -0.0339074694 0.0185182896 2.10318422
v -0.00847122166 0.0295138899 2.10661864
v 0.00198669429 0.0184913632 2.10483909
v -0.0516236871 -0.0587450787 2.07954001
v -0.0610790998 -0.0438853055 2.10677576
v -0.065203242 -0.0253253877 2.12354875
v -0.0514379889 -0.00374422851 2.12292099
v -0.0293667596 0.0130004976 2.12656546
v -0.00619735708 0.0224301945 2.13301444
v 0.00428771973 0.0117458981 2.13331556
v -0.0371080004 -0.0544696413 2.10728931
v -0.0541680902 -0.0408775322 2.12620521
v -0.0615637191 -0.0237982441 2.14243746
v -0.0498196408 -0.00702862861 2.14353657
v -0.011630401 0.0138144586 2.15780616
v -0.000602111802 0.00392086757 2.16003776
v -0.0165884402 -0.00441334816 2.18196487
v -0.0316973887 0.00590823498 2.148669
v -0.025740508 0.00301633123 2.17755651
v -0.0411291495 -0.0123840366 2.19381213
v -0.0406239294 -0.00204490847 2.16827822
v -0.0468972772 -0.00771651603 2.19028687
v -0.0783987418 -0.0185668673 2.19950199
v -0.0537620522 -0.0108279241 2.16337276
v -0.0553915389 -0.00953701232 2.18450952
v -0.0632235706 -0.0142926592 2.18147659
v -0.0625482127 -0.0220316015 2.16143632
v -0.0688003525 -0.0202449728 2.17960024
v -0.0527371205 -0.0366755389 2.14566183
v -0.0652584806 -0.0262034032 2.18141723
v -0.0565135181 -0.0314306989 2.16428661
v -0.0576963797 -0.0298786666 2.18520784
v -0.0494319126 -0.0302842185 2.19046116
v -0.0432461537 -0.0257933643 2.19386339
v -0.0437348932 -0.037037842 2.1695497
v -0.0287568662 -0.0381182283 2.17683458
v -0.0192761235 -0.0306452978 2.18123126
v -0.0325685106 -0.0499045327 2.12950468
v -0.0349797048 -0.043985676 2.15073109
v -0.0158963017 -0.0460591316 2.15658188
v -0.00426925672 -0.038632717 2.15919161
v 0.00130691531 -0.045556888 2.1337595
v -0.0101016229 -0.0526744388 2.13318181
v -0.000414123526 -0.0523831323 2.10616183
v -0.011662445 -0.0584251992 2.10757828
v 0.0576637238 0.0329378247 1.83491802
v 0.108868405 0.0238953233 1.7976172
v 0.12639083 0.0221894737 1.83230662
v 0.0813786313 0.0259153284 1.7704289
v 0.0441543572 0.0338578634 1.82157278
v 0.046507109 0.0274314582 1.75281823
v 0.0662788376 0.032083068 1.8519758
v 0.0085273739 0.0369313285 1.87108171
v 0.0696635395 0.0313706957 1.87123382
v 0.0270799249 0.0345359594 1.81296158
v 0.0085273739 0.0347534232 1.81005585
v 0.13320145 0.0204713866 1.87136734
v 0.0085273739 0.0279732812 1.74685371
v 0.127053067 0.0200903155 1.90989089
v -0.0294525139 0.0274314582 1.75281823
v 0.0666149855 0.0310904011 1.8902384
v 0.109281003 0.02036082 1.94474316
v 0.0578491203 0.031119369 1.90737891
v 0.0821643025 0.0211213324 1.97177684
v 0.0445112586 0.03131276 1.92062223
v 0.0471127294 0.0220393296 1.98924053
v -0.0100251772 0.0345359594 1.81296158
v -0.0270996094 0.0338578634 1.82157278
v -0.0643238798 0.0259153284 1.7704289
v 0.0273551941 0.0315681696 1.92912292
v -0.040608976 0.0329378247 1.83491802
v 0.0085273739 0.0316171311 1.93231177
v -0.0918136612 0.0238953233 1.7976172
v 0.0085273739 0.0221246015 1.99577177
v -0.109336242 0.0221894737 1.83230662
v -0.0300581362 0.0220393296 1.98924053
v -0.0492242426 0.032083068 1.8519758
v -0.0526089482 0.0313706957 1.87123382
v -0.116146699 0.0204713866 1.87136734
v -0.109998316 0.0200903155 1.90989089
v -0.0495603941 0.0310904011 1.8902384
v -0.092226252 0.02036082 1.94474316
v -0.0407945253 0.031119369 1.90737891
v -0.0651095584 0.0211213324 1.97177684
v -0.0274565127 0.03131276 1.92062223
v -0.0103005981 0.0315681696 1.92912292
v 0.132153779 -0.0677361712 1.87179315
v 0.127200931 -0.0662008673 1.83373976
v 0.068012543 -0.0764534995 1.85244334
v 0.109414212 -0.0646378174 1.80026913
v 0.0590953045 -0.0757643878 1.83563578
v 0.0819821134 -0.062577419 1.77242351
v 0.0453450009 -0.0749002472 1.82164109
v 0.046957396 -0.0611122884 1.75443566
v 0.0085273739 -0.0831985548 1.87133169
v 0.0704951435 -0.0771944299 1.87154877
v 0.0277873222 -0.0742723271 1.81260514
v 0.0673178062 -0.0775281712 1.89106107
v 0.125780791 -0.0680156499 1.91065073
v 0.0085273739 -0.0739455223 1.80918682
v 0.0085273739 -0.0603427999 1.74763668
v -0.0299026482 -0.0611122884 1.75443566
v 0.0582363866 -0.0776028335 1.90825891
v 0.107660368 -0.0678708106 1.94489622
v 0.045160979 -0.077444531 1.92136073
v 0.0815956071 -0.0672649294 1.97096694
v 0.0274676513 -0.0772238076 1.93061531
v 0.0463061519 -0.0664974824 1.98938072
v 0.0085273739 -0.0771103725 1.93378997
v 0.0085273739 -0.0661931112 1.99570358
v -0.029251555 -0.0664974824 1.98938072
v -0.0107325744 -0.0742723271 1.81260514
v -0.0104129026 -0.0772238076 1.93061531
v -0.0282902513 -0.0749002472 1.82164109
v -0.064540863 -0.0672649294 1.97096694
v -0.0649273694 -0.062577419 1.77242351
v -0.0281062312 -0.077444531 1.92136073
v -0.0906056166 -0.0678708106 1.94489622
v -0.0420405567 -0.0757643878 1.83563578
v -0.0923594609 -0.0646378174 1.80026913
v -0.0411816388 -0.0776028335 1.90825891
v -0.10872604 -0.0680156499 1.91065073
v -0.0509577915 -0.0764534995 1.85244334
v -0.110146329 -0.0662008673 1.83373976
v -0.115099028 -0.0677361712 1.87179315
v -0.0502630621 -0.0775281712 1.89106107
v -0.0534403995 -0.0771944299 1.87154877
v 0.166294858 -0.00798702054 1.87126029
v 0.190515742 -0.0348925777 1.87130392
v 0.181105494 -0.035478469 1.92725015
v 0.181264639 -0.0318199322 1.81497514
v 0.158065185 -0.0082167238 1.92013907
v 0.152153164 -0.0325608589 1.97824001
v 0.157972708 -0.00505227596 1.82224
v 0.153868407 -0.0258202925 1.76548469
v 0.136726677 0.0107136602 1.8713398
v 0.130447537 0.0102126347 1.91073191
v 0.129914552 0.0124109387 1.82989645
v 0.135407552 -0.00143209216 1.7792331
v 0.111482084 0.0146092409 1.79470026
v 0.111924894 -0.0193987787 1.72543013
v 0.134600669 -0.00696457271 1.9632864
v 0.112598725 0.0104354033 1.94635844
v 0.0842111185 0.0111698033 1.97482002
v 0.0993566886 0.00225010747 1.74400926
v 0.0830468759 0.0169062819 1.76709151
v 0.0978941321 -0.00542559614 1.99973416
v 0.108674161 -0.0300716516 2.02094078
v 0.047741089 0.011953163 1.99347341
v 0.0654951483 -0.00244230079 1.7005502
v 0.0704539493 -0.0147096356 1.68563628
v 0.0561581403 0.0127650835 1.72596085
v 0.0470408611 0.0186831225 1.74911523
v 0.0085273739 0.0193485711 1.74297655
v 0.055481717 -0.013083756 2.04981327
v 0.0584864803 -0.0277827717 2.06780243
v 0.0521067791 0.00437170733 2.01977634
v 0.0085273739 0.0125239557 1.99936259
v 0.0085273739 -0.00199309224 1.63136041
v 0.0085273739 -0.00206286064 1.59196067
v -0.0533993505 -0.0147096356 1.68563628
v 0.0085273739 0.0116655231 1.68870032
v -0.0484405495 -0.00244230079 1.7005502
v -0.0948701426 -0.0193987787 1.72543013
v -0.0391033925 0.0127650835 1.72596085
v -0.0299861133 0.0186831225 1.74911523
v -0.0659921244 0.0169062819 1.76709151
v -0.082301937 0.00225010747 1.74400926
v -0.0944273323 0.0146092409 1.79470026
v -0.118352808 -0.00143209216 1.7792331
v -0.136813655 -0.0258202925 1.76548469
v -0.1128598 0.0124109387 1.82989645
v -0.140918121 -0.00505227596 1.82224
v -0.164210051 -0.0318199322 1.81497514
v -0.119671933 0.0107136602 1.8713398
v -0.149240255 -0.00798702054 1.87126029
v -0.173461154 -0.0348925777 1.87130392
v -0.164051056 -0.035478469 1.92725015
v -0.141010433 -0.0082167238 1.92013907
v -0.113392793 0.0102126347 1.91073191
v -0.135098413 -0.0325608589 1.97824001
v -0.117545925 -0.00696457271 1.9632864
v -0.0955439731 0.0104354033 1.94635844
v -0.067156367 0.0111698033 1.97482002
v -0.0808393806 -0.00542559614 1.99973416
v -0.0916194096 -0.0300716516 2.02094078
v -0.0306863394 0.011953163 1.99347341
v -0.0384269692 -0.013083756 2.04981327
v -0.0414317325 -0.0277827717 2.06780243
v -0.0350520313 0.00437170733 2.01977634
v 0.0085273739 0.00226071477 2.04801083
v 0.0085273739 -0.0178932585 2.09911108
v 0.0085273739 -0.0236554425 2.13373518
v 0.0310856625 0.046767801 0.0065249633
v -0 -1.19209282E-08 0
v 0.0607081577 0.0360602476 0.0131643675
v 0.00396743743 0.0702016875 0.00385467522
v 0.0799099728 0.00584173063 0.0192196649
v -0.0699690208 0.0299969651 -0.00347290025
v 0.0602873228 -0.0309202895 0.012192688
v -0.0604631044 -0.0111167878 -0.0129043572
v 0.0566113256 -0.0620054044 0.013459472
v -0.0641656443 -0.0473851301 -0.00493072486
v -0.00877151452 -0.0869211331 0.00136962882
v -0.00431396486 -0.00901436433 0.745580435
v -0.00995986909 -0.00954353996 0.729094505
v -0.0161141958 -0.0127487881 0.730025291
v -0.0142538445 -0.00933627598 0.715437889
v -0.0226927176 -0.0133836363 0.714815378
v -0.0192387383 -0.010353012 0.671847224
v -0.0193304438 -0.00882668421 0.729866028
v -0.0275849905 -0.0165945962 0.671163917
v -0.0213761888 -0.0137912286 0.610350966
v -0.012337341 -0.00370383612 0.730250835
v -0.00995986909 -0.00954353996 0.729094505
v -0.0142538445 -0.00933627598 0.715437889
v -0.0259111021 -0.00788746774 0.715013742
v -0.0180700682 -0.00168872473 0.715828538
v -0.0244271848 -0.00122605253 0.67237854
v -0.0192387383 -0.010353012 0.671847224
v -0.0334280394 -0.00755168404 0.671536863
v -0.0288407896 0.000179098846 0.611099541
v -0.0213761888 -0.0137912286 0.610350966
v -0.0322995 -0.0204457082 0.60959959
v -0.0257063285 -0.0167561639 0.529660046
v -0.0406622291 -0.00893929228 0.610062838
v -0.0349090584 0.000751522777 0.531112075
v -0.0257063285 -0.0167561639 0.529660046
v -0.0394754037 -0.0229822434 0.529151917
v -0.0317777991 -0.0196186919 0.432053506
v -0.0484053046 -0.0100902598 0.529653013
v -0.0428355411 0.00113300316 0.432513714
v -0.0317777991 -0.0196186919 0.432053506
v -0.0378137194 -0.0183530748 0.345208108
v -0.0458279401 -0.0264433064 0.431336671
v -0.0378137194 -0.0183530748 0.345208108
v -0.0548313893 0.00176499481 0.346018374
v -0.0505273417 -0.0197708756 0.259613037
v -0.057708893 -0.0104880603 0.431681216
v -0.0516531356 -0.0285081957 0.344082952
v -0.0505273417 -0.0197708756 0.259613037
v -0.0635263026 0.00233782758 0.26083374
v -0.0680326819 -0.0222233627 0.164217532
v -0.0680748001 -0.0139005715 0.344851375
v -0.0653875694 -0.0293498989 0.258403927
v -0.0680326819 -0.0222233627 0.164217532
v -0.0818894953 7.46512378E-05 0.164335623
v -0.0868406668 -0.0236831866 0.0701354966
v -0.0810536146 -0.0143310111 0.259146422
v -0.0811439529 -0.030856235 0.163040161
v -0.0868406668 -0.0236831866 0.0701354966
v -0.103673093 -0.00767245237 0.0704873651
v -0.100594789 -0.0220185462 0.0154647827
v -0.0959394798 -0.0152180046 0.163387448
v -0.100522004 -0.0303988662 0.0685540736
v -0.100594789 -0.0220185462 0.0154647827
v -0.113268733 -0.0121335238 0.01605957
v -0.116554871 -0.0179707799 -0.0181475822
v -0.109721221 -0.0183069725 0.0698306262
v -0.116840057 -0.020479979 0.0154287713
v -0.111661829 -0.0277044345 0.0134948725
v 0.0150610348 -0.00681075687 1.63005686
v 0.00901565515 -0.00178133964 1.59188592
v 0.0103800958 0.00266789901 1.59447038
v 0.0262345877 -0.00728648528 1.62301993
v 0.0252101123 0.00549411261 1.62386715
v 0.0400360115 -0.00874141231 1.63875544
v 0.0209774785 0.00999965519 1.62671494
v 0.0363838188 0.00804003421 1.64171672
v 0.0618058778 -0.0112081803 1.65848672
v 0.0290655512 0.01596421 1.64705455
v 0.0196328722 -0.0101861414 1.65331233
v 0.056278076 0.0109662078 1.66560996
v 0.092125088 -0.0144317886 1.67986381
v 0.0462918095 0.025926346 1.67624247
v 0.0300222766 -0.0148952752 1.68861949
v 0.0833644122 0.0160747766 1.69327116
v 0.127974242 -0.0186076667 1.70048416
v 0.0706149265 0.037742842 1.71041977
v 0.0483813472 -0.0186855961 1.7337606
v 0.115254059 0.0202449467 1.72045004
v 0.099729158 0.0482231304 1.74446988
v 0.0748637393 -0.0227101091 1.77596509
v 0.150237113 0.0212110952 1.74485695
v 0.166097715 -0.0240414105 1.71935081
v 0.133004904 0.0552860312 1.77476716
v 0.106020197 -0.0263037719 1.81287515
v 0.185979456 0.0175696872 1.7661171
v 0.203001708 -0.0306873247 1.7380414
v 0.168497309 0.0548180528 1.80139244
v 0.142609552 -0.0296975151 1.84201932
v 0.204679102 0.0451855734 1.82072175
v 0.181270435 -0.0338236205 1.86249816
v 0.219953761 0.00948639493 1.78471816
v 0.237128139 -0.038313657 1.75651765
v 0.24122481 0.0276407618 1.83552444
v 0.222828969 -0.0398958847 1.87556911
v 0.253399044 -0.00236396538 1.80315375
v 0.269720763 -0.0469032861 1.77745986
v 0.275495142 0.00542679522 1.84759176
v 0.260422498 -0.0478759557 1.88296211
v 0.284915 -0.0167329088 1.82270181
v 0.299639434 -0.0558368526 1.80206192
v 0.304208368 -0.0174754672 1.86145973
v 0.295352459 -0.0569290668 1.89112377
v 0.311947942 -0.0328407474 1.84318876
v 0.324711293 -0.0637345091 1.82996535
v 0.328088373 -0.039542146 1.87805426
v 0.325978994 -0.0660021752 1.90031278
v 0.369190663 -0.0814804658 1.91567683
v 0.336964101 -0.0512529761 1.86805964
v 0.346385807 -0.0721180886 1.86437845
v 0.00199371343 -0.0068107564 1.63005686
v 0.00667465199 0.00266789901 1.59447038
v 0.00803909265 -0.00178134022 1.59188592
v -0.0091799926 -0.00728648389 1.62301993
v -0.00815551728 0.00549411541 1.62386715
v -0.0229812618 -0.00874141231 1.63875544
v -0.00392288202 0.00999965891 1.62671494
v -0.0193292238 0.00804003421 1.64171672
v -0.0447512791 -0.0112081803 1.65848672
v -0.0120108025 0.0159642119 1.64705455
v -0.00257812487 -0.0101861404 1.65331233
v -0.0392233282 0.0109662097 1.66560996
v -0.0750703439 -0.0144317886 1.67986381
v -0.0292370599 0.025926346 1.67624247
v -0.0129675288 -0.0148952771 1.68861949
v -0.0663096607 0.0160747785 1.69327116
v -0.11091949 -0.0186076686 1.70048416
v -0.0535601787 0.037742842 1.71041977
v -0.0313265994 -0.0186855961 1.7337606
v -0.0981993079 0.0202449467 1.72045004
v -0.0826745555 0.0482231379 1.74446988
v -0.0578089878 -0.0227101091 1.77596509
v -0.133182377 0.0212110896 1.74485695
v -0.149042964 -0.0240414105 1.71935081
v -0.115950316 0.0552860238 1.77476716
v -0.0889656022 -0.0263037719 1.81287515
v -0.168924868 0.0175696909 1.7661171
v -0.185947105 -0.0306873247 1.7380414
v -0.151442558 0.0548180528 1.80139244
v -0.1255548 -0.0296975151 1.84201932
v -0.18762435 0.0451855734 1.82072175
v -0.164215699 -0.0338236205 1.86249816
v -0.202899009 0.00948639493 1.78471816
v -0.220073387 -0.038313657 1.75651765
v -0.224170074 0.0276407618 1.83552444
v -0.205774233 -0.0398958847 1.87556911
v -0.236344442 -0.00236396422 1.80315375
v -0.252666175 -0.0469032861 1.77745986
v -0.258440405 0.00542679522 1.84759176
v -0.243367761 -0.0478759557 1.88296211
v -0.267860413 -0.0167329088 1.82270181
v -0.282584846 -0.0558368526 1.80206192
v -0.287153453 -0.0174754672 1.86145973
v -0.278297871 -0.0569290668 1.89112377
v -0.294893175 -0.0328407474 1.84318876
v -0.307656705 -0.0637345091 1.82996535
v -0.311033785 -0.039542146 1.87805426
v -0.308924407 -0.0660021752 1.90031278
v -0.352136075 -0.0814804658 1.91567683
v -0.319909364 -0.0512529761 1.86805964
v -0.329331338 -0.0721180886 1.86437845
v 0.237031251 -0.0443655662 1.64535761
v 0.247591391 -0.0282234121 1.6308676
v 0.226266012 -0.0231058691 1.62972999
v 0.268366843 -0.034518037 1.63842988
v 0.209346309 -0.0435303301 1.65197313
v 0.202778623 -0.0192470029 1.63361025
v 0.18886368 -0.0486741327 1.6688025
v 0.180715635 -0.0163857006 1.6434629
v 0.146564022 -0.0360876098 1.66451693
v 0.151362002 -0.0142628765 1.64957643
v 0.109855041 -0.0120747723 1.65202355
v 0.262513131 -0.0485507846 1.64844
v 0.286496282 -0.0415772535 1.65302885
v 0.228046417 -0.0542521812 1.66106248
v 0.256161183 -0.059268944 1.66228235
v 0.287601918 -0.0548074655 1.65989518
v 0.325565487 -0.0568609275 1.66969109
v 0.322471619 -0.0747558102 1.6853503
v 0.360610634 -0.0714501962 1.69161713
v 0.105507351 -0.0284731071 1.66158628
v 0.0711296052 -0.00995969959 1.64493859
v 0.287230074 -0.0662967488 1.66968012
v 0.283443749 -0.0839733481 1.70684862
v 0.351658314 -0.090273276 1.71527731
v 0.387917459 -0.0832389444 1.72206092
v 0.254517674 -0.0651544482 1.69087613
v 0.31809783 -0.0872773305 1.70992196
v 0.380295396 -0.0977315083 1.74132943
v 0.414201051 -0.0953071788 1.76148832
v 0.342970878 -0.0988624841 1.74555433
v 0.408727407 -0.103810705 1.77261484
v 0.434675574 -0.103198297 1.79657221
v 0.240835562 -0.0573627204 1.68378365
v 0.310302436 -0.0934850499 1.73602998
v 0.277377307 -0.088114135 1.73664773
v 0.373477161 -0.104138747 1.76241136
v 0.431090087 -0.107945792 1.80185461
v 0.460983574 -0.112588421 1.84687936
v 0.33422178 -0.0875045955 1.77692711
v 0.403998405 -0.108396634 1.78648555
v 0.427951962 -0.110813625 1.80935788
v 0.366530746 -0.0948408321 1.78699243
v 0.42456907 -0.106899269 1.81957901
v 0.422169179 -0.0982786417 1.82612896
v 0.397250354 -0.101062022 1.8028723
v 0.393941045 -0.0875608921 1.81216884
v 0.36327818 -0.0762817338 1.80207253
v 0.330350339 -0.0646953508 1.79518783
v 0.301002353 -0.0806885287 1.77175272
v 0.296244502 -0.0543509126 1.79363871
v 0.263282627 -0.0726823509 1.77619302
v 0.256123811 -0.0441831499 1.79398835
v 0.22307846 -0.0641155764 1.78076744
v 0.217261806 -0.0356494188 1.79017282
v 0.237310171 -0.0818178803 1.75685954
v 0.183530882 -0.0584407076 1.77170455
v 0.179217681 -0.0289329235 1.77851868
v 0.194911957 -0.0750393718 1.75499666
v 0.146897733 -0.0513039716 1.75600517
v 0.142818913 -0.0236150492 1.76032019
v 0.15731582 -0.069110319 1.73955059
v 0.111344904 -0.0453622714 1.73351419
v 0.107046962 -0.0194277484 1.73560607
v 0.1214801 -0.0632999912 1.71955049
v 0.0767594874 -0.0385217406 1.704656
v 0.0739276111 -0.0160180926 1.70538831
v 0.0835556015 -0.0551505946 1.69354975
v 0.0496296696 -0.0296820141 1.67410004
v 0.0487533547 -0.0123762842 1.67570627
v 0.0544786043 -0.0431333631 1.66736352
v 0.0338575728 -0.02124702 1.64908016
v 0.0318012983 -0.00906944461 1.64777422
v 0.00915237423 -0.00388702867 1.60467887
v 0.136207432 -0.0555377863 1.69269633
v 0.0350550823 -0.0289561786 1.6421752
v 0.0973208621 -0.0430848114 1.67625177
v 0.0421553031 -0.0198239163 1.63600922
v 0.0451890565 -0.00789603591 1.63019633
v 0.0658378601 -0.0266701542 1.65306318
v 0.185502768 -0.0609174557 1.70123315
v 0.200935051 -0.0686012506 1.72822678
v 0.219324186 -0.0736967921 1.74044275
v 0.242470697 -0.0793824345 1.74191833
v 0.214645535 -0.0560941882 1.69408655
v 0.209563896 -0.0597048402 1.70608759
v 0.212151632 -0.0634076893 1.71963191
v 0.22091049 -0.0668489635 1.72828925
v 0.225381002 -0.0545708202 1.68560743
v 0.235313714 -0.0713075176 1.73205328
v 0.248013154 -0.0741924196 1.73070812
v 0.256543726 -0.0756059662 1.72132134
v 0.259630591 -0.0733167902 1.70700407
v 0.0347119123 0.00415057177 1.64943111
v 0.0487533547 -0.0123762842 1.67570627
v 0.0318012983 -0.00906944461 1.64777422
v 0.00915237423 -0.00388702867 1.60467887
v 0.0504302979 0.00883155409 1.6736666
v 0.0739276111 -0.0160180926 1.70538831
v 0.0776139796 0.0127683468 1.70389462
v 0.107046962 -0.0194277484 1.73560607
v 0.0548544303 0.0233608428 1.66760468
v 0.0353977941 0.0121351313 1.64289331
v 0.11308258 0.0146039389 1.73296916
v 0.142818913 -0.0236150492 1.76032019
v 0.0408764631 0.00433498714 1.63595116
v 0.0451890565 -0.00789603591 1.63019633
v 0.0711296052 -0.00995969959 1.64493859
v 0.0650431812 0.00833420362 1.65465403
v 0.0854452476 0.034264639 1.69697046
v 0.104682766 0.00765977846 1.66502321
v 0.109855041 -0.0120747723 1.65202355
v 0.0979370102 0.0209210031 1.67847109
v 0.146622762 0.0101485783 1.66876626
v 0.151362002 -0.0142628765 1.64957643
v 0.180715635 -0.0163857006 1.6434629
v 0.188495636 0.0110790012 1.6689961
v 0.202778623 -0.0192470029 1.63361025
v 0.137357175 0.0301364996 1.69492805
v 0.1243193 0.0414829776 1.7220974
v 0.184577942 0.0232425425 1.70023239
v 0.14824447 0.0139519544 1.75534177
v 0.158025503 0.0432141237 1.74066865
v 0.186059102 0.0107258987 1.77179039
v 0.197552636 0.0385514982 1.7556622
v 0.179217681 -0.0289329235 1.77851868
v 0.224595025 0.00418280344 1.77904534
v 0.217261806 -0.0356494188 1.79017282
v 0.26442337 -0.00922244415 1.7757653
v 0.256123811 -0.0441831499 1.79398835
v 0.194032431 0.0258242525 1.71949089
v 0.2389891 0.0262278579 1.75595832
v 0.279479206 0.00803187583 1.73437953
v 0.301232457 -0.0270924345 1.77531707
v 0.296244502 -0.0543509126 1.79363871
v 0.239640042 0.0201451872 1.74347603
v 0.333487839 -0.0431056209 1.77979004
v 0.330350339 -0.0646953508 1.79518783
v 0.366345197 -0.0607418269 1.78915977
v 0.36327818 -0.0762817338 1.80207253
v 0.397689819 -0.0771560669 1.80302441
v 0.393941045 -0.0875608921 1.81216884
v 0.425027162 -0.0915801004 1.8192836
v 0.422169179 -0.0982786417 1.82612896
v 0.460983574 -0.112588421 1.84687936
v 0.42849791 -0.0903238654 1.81043363
v 0.40413025 -0.0737423375 1.78695524
v 0.431731552 -0.0954573229 1.80207694
v 0.434675574 -0.103198297 1.79657221
v 0.408868998 -0.082354404 1.77142775
v 0.414201051 -0.0953071788 1.76148832
v 0.37528044 -0.054010231 1.7634573
v 0.380893558 -0.0656786263 1.73947144
v 0.387917459 -0.0832389444 1.72206092
v 0.343839705 -0.0322768912 1.74514508
v 0.352448106 -0.0472223349 1.71521711
v 0.360610634 -0.0714501962 1.69161713
v 0.312376708 -0.0109964283 1.73545539
v 0.322945237 -0.0365278423 1.68796766
v 0.325565487 -0.0568609275 1.66969109
v 0.318150014 -0.0226329938 1.70940304
v 0.28688705 -0.029805636 1.66013086
v 0.286496282 -0.0415772535 1.65302885
v 0.268366843 -0.034518037 1.63842988
v 0.283647448 -0.000673212984 1.70689464
v 0.287047565 -0.0197541472 1.67426324
v 0.265927106 -0.020602379 1.65027404
v 0.247591391 -0.0282234121 1.6308676
v 0.244039297 -0.0121016996 1.64542413
v 0.226266012 -0.0231058691 1.62972999
v 0.256374657 -0.00612939661 1.66531456
v 0.217058554 -0.00211771904 1.64939117
v 0.229514763 0.00341372355 1.66178
v 0.256079555 0.000650827889 1.6988585
v 0.24485901 -0.00152954215 1.68985176
v 0.218717039 0.00423996896 1.69288909
v 0.230881348 -0.00024131297 1.68853331
v 0.212431788 0.00901429355 1.70273721
v 0.211427614 0.0121928239 1.71468151
v 0.217117921 0.0127014155 1.72428238
v 0.205708161 0.0258618686 1.73253965
v 0.226586759 0.0123865101 1.73032379
v 0.220391542 0.0237672664 1.74048781
v 0.238061219 0.0112384176 1.7323271
v 0.249783322 0.00825570058 1.73025191
v 0.25660643 0.00685787667 1.72192895
v 0.258646995 0.00396569492 1.71078026
v -0.219976649 -0.0443655662 1.64535761
v -0.209211275 -0.0231058691 1.62972999
v -0.230536491 -0.0282234121 1.6308676
v -0.251312256 -0.034518037 1.63842988
v -0.192291558 -0.0435303301 1.65197313
v -0.185723871 -0.0192470029 1.63361025
v -0.171808928 -0.0486741327 1.6688025
v -0.163660884 -0.0163857006 1.6434629
v -0.12950927 -0.0360876098 1.66451693
v -0.13430725 -0.0142628765 1.64957643
v -0.0928002894 -0.0120747723 1.65202355
v -0.245458364 -0.0485507846 1.64844
v -0.269441366 -0.0415772535 1.65302885
v -0.210991815 -0.0542521812 1.66106248
v -0.239106596 -0.059268944 1.66228235
v -0.270547181 -0.0548074655 1.65989518
v -0.308510721 -0.0568609275 1.66969109
v -0.305416852 -0.0747558102 1.6853503
v -0.343555748 -0.0714501962 1.69161713
v -0.0884526074 -0.0284731071 1.66158628
v -0.0540748574 -0.00995969959 1.64493859
v -0.270175457 -0.0662967488 1.66968012
v -0.266389161 -0.0839733481 1.70684862
v -0.334603578 -0.090273276 1.71527731
v -0.370862871 -0.0832389444 1.72206092
v -0.237462923 -0.0651544482 1.69087613
v -0.301042944 -0.0872773305 1.70992196
v -0.363240659 -0.0977315083 1.74132943
v -0.397146285 -0.0953071788 1.76148832
v -0.325915992 -0.0988624841 1.74555433
v -0.39167282 -0.103810705 1.77261484
v -0.417620838 -0.103198297 1.79657221
v -0.223780811 -0.0573627204 1.68378365
v -0.293247819 -0.0934850499 1.73602998
v -0.260322571 -0.088114135 1.73664773
v -0.356422424 -0.104138747 1.76241136
v -0.41403532 -0.107945792 1.80185461
v -0.443928659 -0.112588421 1.84687936
v -0.317167193 -0.0875045955 1.77692711
v -0.386943817 -0.108396634 1.78648555
v -0.410897523 -0.110813625 1.80935788
v -0.349476308 -0.0948408321 1.78699243
v -0.407514334 -0.106899269 1.81957901
v -0.405114442 -0.0982786417 1.82612896
v -0.380195916 -0.101062022 1.8028723
v -0.376886129 -0.0875608921 1.81216884
v -0.346223295 -0.0762817338 1.80207253
v -0.313295752 -0.0646953508 1.79518783
v -0.283947736 -0.0806885287 1.77175272
v -0.279189765 -0.0543509126 1.79363871
v -0.246227875 -0.0726823509 1.77619302
v -0.239069059 -0.0441831499 1.79398835
v -0.206023857 -0.0641155764 1.78076744
v -0.200207055 -0.0356494188 1.79017282
v -0.220255271 -0.0818178803 1.75685954
v -0.16647613 -0.0584407076 1.77170455
v -0.162163079 -0.0289329235 1.77851868
v -0.177857205 -0.0750393718 1.75499666
v -0.129842982 -0.0513039716 1.75600517
v -0.12576431 -0.0236150492 1.76032019
v -0.140261233 -0.069110319 1.73955059
v -0.0942901596 -0.0453622714 1.73351419
v -0.0899922177 -0.0194277484 1.73560607
v -0.104425505 -0.0632999912 1.71955049
v -0.0597047396 -0.0385217406 1.704656
v -0.0568728633 -0.0160180926 1.70538831
v -0.06650085 -0.0551505946 1.69354975
v -0.0325749181 -0.0296820141 1.67410004
v -0.0316986069 -0.0123762842 1.67570627
v -0.0374240093 -0.0431333631 1.66736352
v -0.016802825 -0.02124702 1.64908016
v -0.0147465514 -0.00906944461 1.64777422
v 0.00790237449 -0.00388702867 1.60467887
v -0.11915268 -0.0555377863 1.69269633
v -0.0180003345 -0.0289561786 1.6421752
v -0.0802661106 -0.0430848114 1.67625177
v -0.0251005553 -0.0198239163 1.63600922
v -0.0281343069 -0.00789603591 1.63019633
v -0.0487831123 -0.0266701542 1.65306318
v -0.16844818 -0.0609174557 1.70123315
v -0.183880299 -0.0686012506 1.72822678
v -0.202269435 -0.0736967921 1.74044275
v -0.225415945 -0.0793824345 1.74191833
v -0.197590932 -0.0560941882 1.69408655
v -0.192509308 -0.0597048402 1.70608759
v -0.195096895 -0.0634076893 1.71963191
v -0.203855887 -0.0668489635 1.72828925
v -0.208326265 -0.0545708202 1.68560743
v -0.218258962 -0.0713075176 1.73205328
v -0.230958551 -0.0741924196 1.73070812
v -0.242575988 -0.0733167902 1.70700407
v -0.239488974 -0.0756059662 1.72132134
v -0.0176571645 0.00415057177 1.64943111
v -0.0147465514 -0.00906944461 1.64777422
v -0.0316986069 -0.0123762842 1.67570627
v 0.00790237449 -0.00388702867 1.60467887
v -0.0333755501 0.00883155409 1.6736666
v -0.0568728633 -0.0160180926 1.70538831
v -0.0605592318 0.0127683468 1.70389462
v -0.0899922177 -0.0194277484 1.73560607
v -0.0377996825 0.0233608428 1.66760468
v -0.0183430482 0.0121351313 1.64289331
v -0.0960278288 0.0146039389 1.73296916
v -0.12576431 -0.0236150492 1.76032019
v -0.0238217153 0.00433498714 1.63595116
v -0.0281343069 -0.00789603591 1.63019633
v -0.0540748574 -0.00995969959 1.64493859
v -0.0479885861 0.00833420362 1.65465403
v -0.0683905035 0.034264639 1.69697046
v -0.0876280218 0.00765977846 1.66502321
v -0.0928002894 -0.0120747723 1.65202355
v -0.0808822587 0.0209210031 1.67847109
v -0.129568025 0.0101485783 1.66876626
v -0.13430725 -0.0142628765 1.64957643
v -0.163660884 -0.0163857006 1.6434629
v -0.171440735 0.0110790012 1.6689961
v -0.185723871 -0.0192470029 1.63361025
v -0.120302424 0.0301364996 1.69492805
v -0.107264556 0.0414829776 1.7220974
v -0.16752319 0.0232425425 1.70023239
v -0.131189719 0.0139519544 1.75534177
v -0.140970916 0.0432141237 1.74066865
v -0.169004366 0.0107258987 1.77179039
v -0.180497885 0.0385514982 1.7556622
v -0.162163079 -0.0289329235 1.77851868
v -0.207540438 0.00418280344 1.77904534
v -0.200207055 -0.0356494188 1.79017282
v -0.247368619 -0.00922244415 1.7757653
v -0.239069059 -0.0441831499 1.79398835
v -0.176977694 0.0258242525 1.71949089
v -0.221934199 0.0262278579 1.75595832
v -0.262424618 0.00803187583 1.73437953
v -0.28417784 -0.0270924345 1.77531707
v -0.279189765 -0.0543509126 1.79363871
v -0.222585142 0.0201451872 1.74347603
v -0.316433102 -0.0431056209 1.77979004
v -0.313295752 -0.0646953508 1.79518783
v -0.349290311 -0.0607418269 1.78915977
v -0.346223295 -0.0762817338 1.80207253
v -0.380634904 -0.0771560669 1.80302441
v -0.376886129 -0.0875608921 1.81216884
v -0.407972544 -0.0915801004 1.8192836
v -0.405114442 -0.0982786417 1.82612896
v -0.443928659 -0.112588421 1.84687936
v -0.411443323 -0.0903238654 1.81043363
v -0.387075484 -0.0737423375 1.78695524
v -0.414676815 -0.0954573229 1.80207694
v -0.417620838 -0.103198297 1.79657221
v -0.391814411 -0.082354404 1.77142775
v -0.397146285 -0.0953071788 1.76148832
v -0.358225852 -0.054010231 1.7634573
v -0.363838792 -0.0656786263 1.73947144
v -0.370862871 -0.0832389444 1.72206092
v -0.326784968 -0.0322768912 1.74514508
v -0.335393369 -0.0472223349 1.71521711
v -0.343555748 -0.0714501962 1.69161713
v -0.29532212 -0.0109964283 1.73545539
v -0.305890501 -0.0365278423 1.68796766
v -0.308510721 -0.0568609275 1.66969109
v -0.301095277 -0.0226329938 1.70940304
v -0.269832313 -0.029805636 1.66013086
v -0.269441366 -0.0415772535 1.65302885
v -0.251312256 -0.034518037 1.63842988
v -0.266592711 -0.000673212984 1.70689464
v -0.269992977 -0.0197541472 1.67426324
v -0.248872519 -0.020602379 1.65027404
v -0.230536491 -0.0282234121 1.6308676
v -0.226984546 -0.0121016996 1.64542413
v -0.209211275 -0.0231058691 1.62972999
v -0.239319906 -0.00612939661 1.66531456
v -0.200003967 -0.00211771904 1.64939117
v -0.212460175 0.00341372355 1.66178
v -0.239024654 0.000650827889 1.6988585
v -0.227804407 -0.00152954215 1.68985176
v -0.201662287 0.00423996896 1.69288909
v -0.213826746 -0.00024131297 1.68853331
v -0.195377037 0.00901429355 1.70273721
v -0.194373012 0.0121928239 1.71468151
v -0.200063318 0.0127014155 1.72428238
v -0.188653409 0.0258618686 1.73253965
v -0.209532157 0.0123865101 1.73032379
v -0.203336939 0.0237672664 1.74048781
v -0.221006468 0.0112384176 1.7323271
v -0.232728571 0.00825570058 1.73025191
v -0.239551842 0.00685787667 1.72192895
v -0.241592094 0.00396569492 1.71078026
v 0.0153984064 0.00729461899 0.753741443
v 0.0085273739 0.0238834899 0.76391232
v 0.0085273739 0.00866141915 0.753741443
v 0.0085273739 -0.00929425191 0.75017029
v 0.0212237537 0.0213579722 0.76391232
v 0.0085273739 0.0340541229 0.779134512
v 0.0212237537 0.00340230111 0.753741443
v 0.0251162723 0.0307546221 0.779134512
v 0.0085273739 0.0376257449 0.797090113
v 0.0319873057 0.014165747 0.76391232
v 0.0264830012 0.0340541229 0.797090113
v 0.0085273739 0.0340541229 0.815045476
v 0.0251162723 -0.0024227153 0.753741443
v 0.0391796865 0.0213579722 0.779134512
v 0.0251162723 0.0307546221 0.815045476
v 0.0085273739 0.0238834899 0.83026731
v 0.0391796865 0.00340230111 0.76391232
v 0.0417047106 0.0238834899 0.797090113
v 0.0212237537 0.0213579722 0.83026731
v 0.0085273739 0.00866141915 0.840438545
v 0.0264830012 -0.00929425191 0.753741443
v 0.048576355 0.00729461899 0.779134512
v 0.0391796865 0.0213579722 0.815045476
v 0.0153984064 0.00729461899 0.840438545
v 0.0085273739 -0.00929425191 0.844010293
v 0.0417047106 -0.00929425191 0.76391232
v 0.0518756099 0.00866141915 0.797090113
v 0.0319873057 0.014165747 0.83026731
v 0.0251162723 -0.0161653794 0.753741443
v 0.0518756099 -0.00929425191 0.779134512
v 0.048576355 0.00729461899 0.815045476
v 0.0212237537 0.00340230111 0.840438545
v 0.0391796865 -0.0219903961 0.76391232
v 0.0212237537 -0.0219903961 0.753741443
v 0.0554473847 -0.00929425191 0.797090113
v 0.0391796865 0.00340230111 0.83026731
v 0.0153984064 -0.0258827154 0.753741443
v 0.0085273739 -0.0272495169 0.753741443
v 0.048576355 -0.0258827154 0.779134512
v 0.0319873057 -0.0327542499 0.76391232
v 0.0212237537 -0.0399460681 0.76391232
v 0.0085273739 -0.0424715839 0.76391232
v 0.0518756099 -0.00929425191 0.815045476
v 0.0251162723 -0.0024227153 0.840438545
v 0.0518756099 -0.0272495169 0.797090113
v 0.0391796865 -0.0399460681 0.779134512
v 0.0251162723 -0.0493427105 0.779134512
v 0.0085273739 -0.0526426211 0.779134512
v 0.0417047106 -0.00929425191 0.83026731
v 0.048576355 -0.0258827154 0.815045476
v 0.0417047106 -0.0424715839 0.797090113
v 0.0264830012 -0.0526426211 0.797090113
v 0.0085273739 -0.0562142506 0.797090113
v 0.0264830012 -0.00929425191 0.840438545
v 0.0391796865 -0.0219903961 0.83026731
v 0.0391796865 -0.0399460681 0.815045476
v 0.0251162723 -0.0493427105 0.815045476
v 0.0085273739 -0.0526426211 0.815045476
v 0.0251162723 -0.0161653794 0.840438545
v 0.0319873057 -0.0327542499 0.83026731
v 0.0212237537 -0.0399460681 0.83026731
v 0.0085273739 -0.0424715839 0.83026731
v 0.0212237537 -0.0219903961 0.840438545
v 0.0153984064 -0.0258827154 0.840438545
v 0.0085273739 -0.0272495169 0.840438545
v 0.0552471913 -0.044880826 1.72628129
v 0.0479029827 -0.0510159209 1.74953222
v 0.0840579197 -0.0526630133 1.76789391
v 0.0085273739 -0.0503198765 1.74331796
v 0.0986083969 -0.0422688089 1.74563181
v 0.134629518 -0.045845747 1.780586
v 0.112941436 -0.0553725474 1.79728496
v 0.157912597 -0.0494536906 1.82319093
v 0.130861357 -0.0572375134 1.83292019
v 0.16589874 -0.051813975 1.87147415
v 0.136567995 -0.0590376109 1.87179708
v 0.157993764 -0.052135475 1.91985321
v 0.130149379 -0.0593105592 1.91208446
v 0.13389267 -0.0507845879 1.9640162
v 0.111508481 -0.0590135381 1.94768488
v 0.0844618231 -0.0583427846 1.97452927
v 0.0974655151 -0.0493186414 2.00006104
v 0.0472900383 -0.0576222613 1.99372804
v 0.152153164 -0.0325608589 1.97824001
v 0.181105494 -0.035478469 1.92725015
v 0.190515742 -0.0348925777 1.87130392
v 0.181264639 -0.0318199322 1.81497514
v 0.153868407 -0.0258202925 1.76548469
v 0.111924894 -0.0193987787 1.72543013
v 0.108674161 -0.0300716516 2.02094078
v 0.0609019473 -0.0330533125 1.70303833
v 0.0704539493 -0.0147096356 1.68563628
v 0.0549884029 -0.041796349 2.04951429
v 0.0584864803 -0.0277827717 2.06780243
v 0.0085273739 -0.0366506502 1.68590117
v 0.0085273739 -0.01499034 1.63054883
v 0.0085273739 -0.00206286064 1.59196067
v -0.0533993505 -0.0147096356 1.68563628
v -0.0438471958 -0.0330533125 1.70303833
v -0.0948701426 -0.0193987787 1.72543013
v -0.0381924435 -0.044880826 1.72628129
v -0.0308482349 -0.0510159209 1.74953222
v -0.0670031756 -0.0526630133 1.76789391
v -0.0815536454 -0.0422688089 1.74563181
v -0.136813655 -0.0258202925 1.76548469
v -0.117574915 -0.045845747 1.780586
v -0.095886685 -0.0553725474 1.79728496
v -0.164210051 -0.0318199322 1.81497514
v -0.140857846 -0.0494536906 1.82319093
v -0.113806605 -0.0572375134 1.83292019
v -0.173461154 -0.0348925777 1.87130392
v -0.148843989 -0.051813975 1.87147415
v -0.119513243 -0.0590376109 1.87179708
v -0.164051056 -0.035478469 1.92725015
v -0.140939027 -0.052135475 1.91985321
v -0.113094635 -0.0593105592 1.91208446
v -0.135098413 -0.0325608589 1.97824001
v -0.116838068 -0.0507845879 1.9640162
v -0.0944537297 -0.0590135381 1.94768488
v -0.0674070716 -0.0583427846 1.97452927
v -0.0804109201 -0.0493186414 2.00006104
v -0.0916194096 -0.0300716516 2.02094078
v -0.0302354433 -0.0576222613 1.99372804
v -0.0379336551 -0.041796349 2.04951429
v -0.0414317325 -0.0277827717 2.06780243
v -0.0347848497 -0.0534443408 2.02022696
v 0.0085273739 -0.057390511 1.99951351
v 0.0085273739 -0.0324045978 2.10126877
v 0.0085273739 -0.0236554425 2.13373518
v 0.0085273739 -0.0505532473 2.0496273
v 0.0518394448 -0.0534443408 2.02022696
v 0.0103703309 -0.00731790112 1.59419608
v 0.0262345877 -0.00728648528 1.62301993
v 0.00901565515 -0.00178133964 1.59188592
v 0.0150610348 -0.00681075687 1.63005686
v 0.0254132077 -0.0197635312 1.62494946
v 0.0400360115 -0.00874141231 1.63875544
v 0.0163752735 -0.0164591372 1.62956524
v 0.0196328722 -0.0101861414 1.65331233
v 0.0214030445 -0.0241878834 1.62827659
v 0.0364468358 -0.0252494998 1.64167309
v 0.0618058778 -0.0112081803 1.65848672
v 0.0227221679 -0.0229312424 1.65075791
v 0.0300222766 -0.0148952752 1.68861949
v 0.0569639578 -0.0312503651 1.66447246
v 0.092125088 -0.0144317886 1.67986381
v 0.0286289975 -0.0333246365 1.64716256
v 0.0361212157 -0.0317175239 1.68236244
v 0.0847727954 -0.039815098 1.69103694
v 0.127974242 -0.0186076667 1.70048416
v 0.0443284586 -0.045973856 1.67533624
v 0.058375854 -0.0405454151 1.72217751
v 0.0483813472 -0.0186855961 1.7337606
v 0.117299341 -0.0476956181 1.71756971
v 0.166097715 -0.0240414105 1.71935081
v 0.069380492 -0.0582595542 1.70992613
v 0.0858906507 -0.0476695038 1.76080918
v 0.0748637393 -0.0227101091 1.77596509
v 0.0994422883 -0.0667606443 1.74381471
v 0.152722314 -0.054292161 1.7417655
v 0.203001708 -0.0306873247 1.7380414
v 0.118040159 -0.0534014963 1.79447401
v 0.106020197 -0.0263037719 1.81287515
v 0.142609552 -0.0296975151 1.84201932
v 0.132003635 -0.0718528926 1.77549124
v 0.188828737 -0.0605251789 1.76311183
v 0.237128139 -0.038313657 1.75651765
v 0.154230952 -0.0582615919 1.82147944
v 0.181270435 -0.0338236205 1.86249816
v 0.223107293 -0.0667243302 1.78229427
v 0.269720763 -0.0469032861 1.77745986
v 0.167106017 -0.0763457865 1.79977334
v 0.191366881 -0.0627912134 1.84102309
v 0.222828969 -0.0398958847 1.87556911
v 0.257065117 -0.0732882321 1.80193901
v 0.299639434 -0.0558368526 1.80206192
v 0.203892514 -0.0810863376 1.81976736
v 0.230830073 -0.0668149069 1.85605705
v 0.260422498 -0.0478759557 1.88296211
v 0.288577557 -0.0793433636 1.82264924
v 0.324711293 -0.0637345091 1.82996535
v 0.241063997 -0.0858917609 1.83569574
v 0.267117292 -0.070058912 1.86742151
v 0.295352459 -0.0569290668 1.89112377
v 0.316722721 -0.0830067918 1.84504545
v 0.346385807 -0.0721180886 1.86437845
v 0.276346594 -0.0896861628 1.8479389
v 0.300401747 -0.0743208826 1.87875366
v 0.325978994 -0.0660021752 1.90031278
v 0.341679364 -0.0839749798 1.87180293
v 0.369190663 -0.0814804658 1.91567683
v 0.308960557 -0.0908562988 1.86373687
v 0.329761028 -0.0780487806 1.89207363
v 0.33487609 -0.0889766514 1.88223231
v 0.0066842651 -0.00731790066 1.59419608
v 0.00803909265 -0.00178134022 1.59188592
v -0.0091799926 -0.00728648389 1.62301993
v 0.00199371343 -0.0068107564 1.63005686
v -0.00835845899 -0.0197635312 1.62494946
v -0.0229812618 -0.00874141231 1.63875544
v 0.000679321296 -0.0164591409 1.62956524
v -0.00257812487 -0.0101861404 1.65331233
v -0.00434844941 -0.0241878834 1.62827659
v -0.0193920899 -0.0252494998 1.64167309
v -0.0447512791 -0.0112081803 1.65848672
v -0.00566741917 -0.0229312442 1.65075791
v -0.0129675288 -0.0148952771 1.68861949
v -0.0399092101 -0.0312503651 1.66447246
v -0.0750703439 -0.0144317886 1.67986381
v -0.0115742488 -0.0333246365 1.64716256
v -0.019066466 -0.0317175239 1.68236244
v -0.0677182004 -0.039815098 1.69103694
v -0.11091949 -0.0186076686 1.70048416
v -0.0272737108 -0.045973856 1.67533624
v -0.0413211063 -0.0405454151 1.72217751
v -0.0313265994 -0.0186855961 1.7337606
v -0.100244597 -0.0476956181 1.71756971
v -0.149042964 -0.0240414105 1.71935081
v -0.0523257442 -0.0582595542 1.70992613
v -0.0688360557 -0.0476695038 1.76080918
v -0.0578089878 -0.0227101091 1.77596509
v -0.0823875442 -0.0667606443 1.74381471
v -0.135667726 -0.054292161 1.7417655
v -0.185947105 -0.0306873247 1.7380414
v -0.100985408 -0.0534014963 1.79447401
v -0.0889656022 -0.0263037719 1.81287515
v -0.1255548 -0.0296975151 1.84201932
v -0.114948884 -0.0718528926 1.77549124
v -0.171773985 -0.0605251789 1.76311183
v -0.220073387 -0.038313657 1.75651765
v -0.137176201 -0.0582615919 1.82147944
v -0.164215699 -0.0338236205 1.86249816
v -0.206052542 -0.0667243302 1.78229427
v -0.252666175 -0.0469032861 1.77745986
v -0.150051266 -0.0763457865 1.79977334
v -0.17431213 -0.0627912134 1.84102309
v -0.205774233 -0.0398958847 1.87556911
v -0.240010366 -0.0732882321 1.80193901
v -0.282584846 -0.0558368526 1.80206192
v -0.186837763 -0.0810863376 1.81976736
v -0.213775471 -0.0668149069 1.85605705
v -0.243367761 -0.0478759557 1.88296211
v -0.271522969 -0.0793433636 1.82264924
v -0.307656705 -0.0637345091 1.82996535
v -0.224009395 -0.0858917609 1.83569574
v -0.250062704 -0.070058912 1.86742151
v -0.278297871 -0.0569290668 1.89112377
v -0.299667954 -0.0830067918 1.84504545
v -0.329331338 -0.0721180886 1.86437845
v -0.259291977 -0.0896861628 1.8479389
v -0.283346862 -0.0743208826 1.87875366
v -0.308924407 -0.0660021752 1.90031278
v -0.324624628 -0.0839749798 1.87180293
v -0.352136075 -0.0814804658 1.91567683
v -0.29190582 -0.0908562988 1.86373687
v -0.312706441 -0.0780487806 1.89207363
v -0.317821205 -0.0889766514 1.88223231
v 0.00165634148 0.00729461899 0.753741443
v 0.0085273739 0.00866141915 0.753741443
v 0.0085273739 0.0238834899 0.76391232
v 0.0085273739 -0.00929425191 0.75017029
v -0.00416915864 0.0213579722 0.76391232
v 0.0085273739 0.0340541229 0.779134512
v -0.00416915864 0.00340229971 0.753741443
v -0.00806152355 0.0307546183 0.779134512
v 0.0085273739 0.0376257449 0.797090113
v -0.0149327088 0.014165747 0.76391232
v -0.0094282534 0.0340541154 0.797090113
v 0.0085273739 0.0340541229 0.815045476
v -0.00806152355 -0.00242271647 0.753741443
v -0.0221249387 0.0213579722 0.779134512
v -0.00806152355 0.0307546183 0.815045476
v 0.0085273739 0.0238834899 0.83026731
v -0.0221249387 0.00340229971 0.76391232
v -0.0246499628 0.0238834899 0.797090113
v -0.00416915864 0.0213579722 0.83026731
v 0.0085273739 0.00866141915 0.840438545
v -0.0094282534 -0.00929425191 0.753741443
v -0.0315216072 0.00729461899 0.779134512
v -0.0221249387 0.0213579722 0.815045476
v 0.00165634148 0.00729461899 0.840438545
v 0.0085273739 -0.00929425191 0.844010293
v -0.0246499628 -0.00929425191 0.76391232
v -0.0348208621 0.00866141915 0.797090113
v -0.0149327088 0.014165747 0.83026731
v -0.00806152355 -0.0161653794 0.753741443
v -0.0348208621 -0.00929425191 0.779134512
v -0.0315216072 0.00729461899 0.815045476
v -0.00416915864 0.00340229971 0.840438545
v -0.0221249387 -0.0219903942 0.76391232
v -0.00416915864 -0.0219903942 0.753741443
v -0.0383926369 -0.00929425191 0.797090113
v -0.0221249387 0.00340229971 0.83026731
v 0.00165634148 -0.0258827154 0.753741443
v 0.0085273739 -0.0272495169 0.753741443
v -0.0315216072 -0.0258827154 0.779134512
v -0.0149327088 -0.0327542499 0.76391232
v -0.00416915864 -0.0399460681 0.76391232
v 0.0085273739 -0.0424715839 0.76391232
v -0.0348208621 -0.00929425191 0.815045476
v -0.00806152355 -0.00242271647 0.840438545
v -0.0348208621 -0.0272495169 0.797090113
v -0.0221249387 -0.0399460681 0.779134512
v -0.00806152355 -0.0493427105 0.779134512
v 0.0085273739 -0.0526426211 0.779134512
v -0.0246499628 -0.00929425191 0.83026731
v -0.0315216072 -0.0258827154 0.815045476
v -0.0246499628 -0.0424715839 0.797090113
v -0.0094282534 -0.0526426211 0.797090113
v 0.0085273739 -0.0562142506 0.797090113
v -0.0094282534 -0.00929425191 0.840438545
v -0.0221249387 -0.0219903942 0.83026731
v -0.0221249387 -0.0399460681 0.815045476
v -0.00806152355 -0.0493427105 0.815045476
v 0.0085273739 -0.0526426211 0.815045476
v -0.00806152355 -0.0161653794 0.840438545
v -0.0149327088 -0.0327542499 0.83026731
v -0.00416915864 -0.0399460681 0.83026731
v 0.0085273739 -0.0424715839 0.83026731
v -0.00416915864 -0.0219903942 0.840438545
v 0.00165634148 -0.0258827154 0.840438545
v 0.0085273739 -0.0272495169 0.840438545
vt 0.0302124023 0.950683594
vt 0.016494751 0.933105469
vt 0.0218200684 0.943847656
vt 0.0161895752 0.921875
vt 0.0190429688 0.911621094
vt 0.0422973633 0.954101562
vt 0.0247802734 0.904296875
vt 0.0543823242 0.953613281
vt 0.0323486328 0.899414062
vt 0.0645751953 0.94921875
vt 0.0419921875 0.896972656
vt 0.0726928711 0.94140625
vt 0.0588684082 0.904296875
vt 0.0532531738 0.896972656
vt 0.0797729492 0.930664062
vt 0.0584716797 0.896972656
vt 0.0846557617 0.916992188
vt 0.0657348633 0.900390625
vt 0.0876464844 0.899414062
vt 0.0603027344 0.892578125
vt 0.0859985352 0.87890625
vt 0.0565185547 0.874511719
vt 0.0820922852 0.858886719
vt 0.0524291992 0.858398438
vt 0.0783081055 0.841308594
vt 0.0486450195 0.840820312
vt 0.0762939453 0.823242188
vt 0.0466918945 0.823242188
vt 0.0486450195 0.805664062
vt 0.0783081055 0.805664062
vt 0.0524291992 0.788574219
vt 0.0820922852 0.787597656
vt 0.0565185547 0.771972656
vt 0.0859985352 0.767578125
vt 0.0603027344 0.754394531
vt 0.0876464844 0.747070312
vt 0.0657348633 0.74609375
vt 0.0584716797 0.749511719
vt 0.0846557617 0.729492188
vt 0.0588684082 0.742675781
vt 0.0532531738 0.749511719
vt 0.0797729492 0.715820312
vt 0.0726928711 0.705078125
vt 0.0419921875 0.749511719
vt 0.0645751953 0.697265625
vt 0.0323486328 0.747070312
vt 0.0543823242 0.692871094
vt 0.0247802734 0.742675781
vt 0.0422973633 0.692382812
vt 0.0190429688 0.734863281
vt 0.0302124023 0.695800781
vt 0.0161895752 0.724609375
vt 0.016494751 0.713378906
vt 0.0218200684 0.703125
vt 0.691894531 0.646972656
vt 0.687988281 0.709960938
vt 0.691894531 0.706054688
vt 0.687988281 0.643066406
vt 0.669433594 0.709960938
vt 0.669433594 0.643066406
vt 0.653320312 0.647460938
vt 0.653320312 0.705566406
vt 0.641113281 0.692871094
vt 0.641113281 0.66015625
vt 0.634765625 0.676757812
vt 0.141723633 0.449707031
vt 0.0853271484 0.449707031
vt 0.0818481445 0.454589844
vt 0.145263672 0.454589844
vt 0.145019531 0.465820312
vt 0.08203125 0.465820312
vt 0.14453125 0.475341797
vt 0.0823974609 0.475341797
vt 0.143920898 0.483642578
vt 0.0830688477 0.483642578
vt 0.083984375 0.492675781
vt 0.142944336 0.492675781
vt 0.0852050781 0.502929688
vt 0.141601562 0.502929688
vt 0.140258789 0.513671875
vt 0.0866088867 0.513671875
vt 0.139160156 0.524902344
vt 0.0877075195 0.524902344
vt 0.138305664 0.53515625
vt 0.0883789062 0.53515625
vt 0.138061523 0.547363281
vt 0.0885620117 0.547363281
vt 0.138305664 0.559082031
vt 0.0883178711 0.559082031
vt 0.138916016 0.569824219
vt 0.0876464844 0.569824219
vt 0.140014648 0.580566406
vt 0.0866088867 0.580566406
vt 0.141357422 0.592773438
vt 0.0852050781 0.592773438
vt 0.143066406 0.606933594
vt 0.0834960938 0.606933594
vt 0.0813598633 0.624023438
vt 0.145141602 0.624023438
vt 0.146606445 0.644042969
vt 0.0797119141 0.644042969
vt 0.141601562 0.663085938
vt 0.0847167969 0.663085938
vt 0.129272461 0.675292969
vt 0.0971069336 0.675292969
vt 0.11315918 0.681640625
vt 0.854492188 0.300292969
vt 0.872070312 0.316162109
vt 0.872070312 0.260986328
vt 0.848632812 0.353027344
vt 0.839355469 0.327148438
vt 0.872070312 0.352050781
vt 0.818847656 0.354736328
vt 0.838867188 0.372070312
vt 0.872070312 0.396240234
vt 0.854003906 0.395019531
vt 0.872070312 0.441894531
vt 0.630859375 0.0571899414
vt 0.658691406 0.0160827637
vt 0.617675781 0.0164794922
vt 0.648925781 0.0576477051
vt 0.642578125 0.0874633789
vt 0.635742188 0.0876464844
vt 0.638183594 0.121337891
vt 0.87890625 0.458740234
vt 0.883789062 0.508300781
vt 0.883789062 0.458740234
vt 0.87890625 0.508300781
vt 0.883789062 0.53515625
vt 0.881347656 0.535644531
vt 0.883789062 0.5625
vt 0.737304688 0.665527344
vt 0.755859375 0.703613281
vt 0.755859375 0.6484375
vt 0.73046875 0.612792969
vt 0.720703125 0.639648438
vt 0.700195312 0.611816406
vt 0.721679688 0.595214844
vt 0.755859375 0.612304688
vt 0.737304688 0.572265625
vt 0.755859375 0.569824219
vt 0.755859375 0.526855469
vt 0.107421875 0.883789062
vt 0.126708984 0.883789062
vt 0.126708984 0.865722656
vt 0.107421875 0.865722656
vt 0.107421875 0.846191406
vt 0.126708984 0.846191406
vt 0.107421875 0.824707031
vt 0.126708984 0.824707031
vt 0.126708984 0.806640625
vt 0.107421875 0.806640625
vt 0.899414062 0.895996094
vt 0.90625 0.892089844
vt 0.899414062 0.891601562
vt 0.913574219 0.895019531
vt 0.899414062 0.903808594
vt 0.918457031 0.899902344
vt 0.923828125 0.907714844
vt 0.899414062 0.915527344
vt 0.903808594 0.916503906
vt 0.907226562 0.91796875
vt 0.927246094 0.917480469
vt 0.91015625 0.920410156
vt 0.9375 0.927246094
vt 0.911621094 0.924316406
vt 0.912109375 0.927734375
vt 0.935546875 0.939453125
vt 0.911621094 0.932128906
vt 0.926269531 0.951171875
vt 0.909667969 0.935546875
vt 0.912109375 0.960449219
vt 0.907226562 0.938476562
vt 0.903808594 0.939941406
vt 0.899902344 0.962402344
vt 0.899414062 0.940917969
vt 0.129760742 0.979492188
vt 0.110534668 0.961425781
vt 0.110534668 0.979492188
vt 0.129760742 0.961425781
vt 0.110534668 0.942382812
vt 0.129760742 0.942382812
vt 0.129760742 0.920410156
vt 0.110534668 0.920410156
vt 0.110534668 0.90234375
vt 0.129760742 0.90234375
vt 0.421875 0.0913696289
vt 0.415527344 0.0877075195
vt 0.415527344 0.0917358398
vt 0.429443359 0.0885620117
vt 0.415527344 0.0795288086
vt 0.434326172 0.0834350586
vt 0.439453125 0.0755615234
vt 0.415527344 0.0679931641
vt 0.419433594 0.0670166016
vt 0.422851562 0.0654907227
vt 0.442871094 0.0661010742
vt 0.42578125 0.0628662109
vt 0.453613281 0.0562438965
vt 0.427490234 0.0592651367
vt 0.427978516 0.055480957
vt 0.451171875 0.0440979004
vt 0.427490234 0.0513000488
vt 0.442138672 0.0323486328
vt 0.425292969 0.0477905273
vt 0.427978516 0.0231781006
vt 0.422851562 0.0450439453
vt 0.419433594 0.043548584
vt 0.415527344 0.020904541
vt 0.415527344 0.0426940918
vt 0.839355469 0.0435791016
vt 0.839355469 0.0160369873
vt 0.820800781 0.0160369873
vt 0.820800781 0.0435791016
vt 0.988769531 0.883300781
vt 0.954589844 0.883300781
vt 0.954589844 0.903808594
vt 0.988769531 0.903808594
vt 0.954589844 0.926757812
vt 0.988769531 0.926757812
vt 0.954589844 0.951660156
vt 0.988769531 0.951660156
vt 0.954589844 0.973632812
vt 0.988769531 0.973632812
vt 0.103637695 0.728515625
vt 0.121704102 0.713867188
vt 0.103637695 0.713867188
vt 0.121704102 0.728515625
vt 0.103637695 0.738769531
vt 0.121704102 0.738769531
vt 0.103637695 0.748535156
vt 0.121704102 0.748535156
vt 0.103637695 0.755371094
vt 0.121704102 0.755371094
vt 0.103637695 0.763671875
vt 0.121704102 0.763671875
vt 0.103637695 0.770507812
vt 0.121704102 0.770507812
vt 0.872558594 0.048828125
vt 0.850097656 0.0528259277
vt 0.872558594 0.0528259277
vt 0.850097656 0.048828125
vt 0.872558594 0.0449523926
vt 0.850097656 0.0449523926
vt 0.872558594 0.0410461426
vt 0.850097656 0.0410461426
vt 0.872558594 0.0370483398
vt 0.850097656 0.0370483398
vt 0.872558594 0.0332641602
vt 0.850097656 0.0332641602
vt 0.872558594 0.029083252
vt 0.850097656 0.029083252
vt 0.872558594 0.0249938965
vt 0.850097656 0.0249938965
vt 0.872558594 0.0213012695
vt 0.850097656 0.0213012695
vt 0.872558594 0.0175018311
vt 0.850097656 0.0175018311
vt 0.872558594 0.0135040283
vt 0.850097656 0.0135040283
vt 0.610839844 0.185302734
vt 0.610839844 0.19921875
vt 0.615722656 0.19921875
vt 0.615722656 0.185302734
vt 0.610839844 0.170166016
vt 0.615722656 0.170166016
vt 0.610839844 0.152709961
vt 0.615722656 0.152709961
vt 0.610839844 0.139526367
vt 0.615722656 0.139526367
vt 0.881835938 0.58203125
vt 0.876953125 0.58203125
vt 0.876953125 0.595703125
vt 0.881835938 0.595703125
vt 0.876953125 0.610839844
vt 0.881835938 0.610839844
vt 0.876953125 0.628417969
vt 0.881835938 0.628417969
vt 0.876953125 0.641601562
vt 0.881835938 0.641601562
vt 0.811035156 0.308837891
vt 0.811035156 0.331054688
vt 0.815429688 0.333251953
vt 0.815429688 0.306396484
vt 1.03027344 0.950683594
vt 1.02148438 0.943847656
vt 1.01660156 0.933105469
vt 1.01660156 0.921875
vt 1.01953125 0.911621094
vt 1.04199219 0.954101562
vt 1.02441406 0.904296875
vt 1.0546875 0.953613281
vt 1.03222656 0.899414062
vt 1.06445312 0.94921875
vt 1.04199219 0.896972656
vt 1.07226562 0.94140625
vt 1.05859375 0.904296875
vt 1.05371094 0.896972656
vt 1.08007812 0.930664062
vt 1.05859375 0.896972656
vt 1.08496094 0.916992188
vt 1.06542969 0.900390625
vt 1.08789062 0.899414062
vt 1.06054688 0.892578125
vt 1.0859375 0.87890625
vt 1.05664062 0.874511719
vt 1.08203125 0.858886719
vt 1.05273438 0.858398438
vt 1.078125 0.841308594
vt 1.04882812 0.840820312
vt 1.07617188 0.823242188
vt 1.046875 0.823242188
vt 1.04882812 0.805664062
vt 1.078125 0.805664062
vt 1.05273438 0.788574219
vt 1.08203125 0.787597656
vt 1.05664062 0.771972656
vt 1.0859375 0.767578125
vt 1.06054688 0.754394531
vt 1.08789062 0.747070312
vt 1.06542969 0.74609375
vt 1.05859375 0.749511719
vt 1.08496094 0.729492188
vt 1.05859375 0.742675781
vt 1.05371094 0.749511719
vt 1.08007812 0.715820312
vt 1.07226562 0.705078125
vt 1.04199219 0.749511719
vt 1.06445312 0.697265625
vt 1.03222656 0.747070312
vt 1.0546875 0.692871094
vt 1.02441406 0.742675781
vt 1.04199219 0.692382812
vt 1.01953125 0.734863281
vt 1.03027344 0.695800781
vt 1.01660156 0.724609375
vt 1.01660156 0.713378906
vt 1.02148438 0.703125
vt 1.69238281 0.646972656
vt 1.69238281 0.706054688
vt 1.6875 0.709960938
vt 1.6875 0.643066406
vt 1.66992188 0.709960938
vt 1.66992188 0.643066406
vt 1.65332031 0.647460938
vt 1.65332031 0.705566406
vt 1.64160156 0.692871094
vt 1.64160156 0.66015625
vt 1.63476562 0.676757812
vt 1.14160156 0.449707031
vt 1.08203125 0.454589844
vt 1.08496094 0.449707031
vt 1.14550781 0.454589844
vt 1.14453125 0.465820312
vt 1.08203125 0.465820312
vt 1.14453125 0.475341797
vt 1.08203125 0.475341797
vt 1.14355469 0.483642578
vt 1.08300781 0.483642578
vt 1.08398438 0.492675781
vt 1.14257812 0.492675781
vt 1.08496094 0.502929688
vt 1.14160156 0.502929688
vt 1.140625 0.513671875
vt 1.08691406 0.513671875
vt 1.13867188 0.524902344
vt 1.08789062 0.524902344
vt 1.13867188 0.53515625
vt 1.08886719 0.53515625
vt 1.13769531 0.547363281
vt 1.08886719 0.547363281
vt 1.13867188 0.559082031
vt 1.08789062 0.559082031
vt 1.13867188 0.569824219
vt 1.08789062 0.569824219
vt 1.13964844 0.580566406
vt 1.08691406 0.580566406
vt 1.14160156 0.592773438
vt 1.08496094 0.592773438
vt 1.14257812 0.606933594
vt 1.08300781 0.606933594
vt 1.08105469 0.624023438
vt 1.14550781 0.624023438
vt 1.14648438 0.644042969
vt 1.08007812 0.644042969
vt 1.14160156 0.663085938
vt 1.08496094 0.663085938
vt 1.12890625 0.675292969
vt 1.09667969 0.675292969
vt 1.11328125 0.681640625
vt 1.85449219 0.300292969
vt 1.87207031 0.260986328
vt 1.87207031 0.316162109
vt 1.84863281 0.353027344
vt 1.83886719 0.327148438
vt 1.87207031 0.352050781
vt 1.81933594 0.354736328
vt 1.83886719 0.372070312
vt 1.87207031 0.396240234
vt 1.85449219 0.395019531
vt 1.87207031 0.441894531
vt 1.63085938 0.0571899414
vt 1.61816406 0.0164794922
vt 1.65820312 0.0160827637
vt 1.6484375 0.0576477051
vt 1.64257812 0.0874633789
vt 1.63574219 0.0876464844
vt 1.63769531 0.121337891
vt 1.87890625 0.458740234
vt 1.88378906 0.458740234
vt 1.88378906 0.508300781
vt 1.87890625 0.508300781
vt 1.88378906 0.53515625
vt 1.88085938 0.535644531
vt 1.88378906 0.5625
vt 1.73730469 0.665527344
vt 1.75585938 0.6484375
vt 1.75585938 0.703613281
vt 1.73046875 0.612792969
vt 1.72070312 0.639648438
vt 1.70019531 0.611816406
vt 1.72167969 0.595214844
vt 1.75585938 0.612304688
vt 1.73730469 0.572265625
vt 1.75585938 0.569824219
vt 1.75585938 0.526855469
vt 1.10742188 0.883789062
vt 1.12695312 0.865722656
vt 1.12695312 0.883789062
vt 1.10742188 0.865722656
vt 1.10742188 0.846191406
vt 1.12695312 0.846191406
vt 1.10742188 0.824707031
vt 1.12695312 0.824707031
vt 1.12695312 0.806640625
vt 1.10742188 0.806640625
vt 1.89941406 0.895996094
vt 1.89941406 0.891601562
vt 1.90625 0.892089844
vt 1.9140625 0.895019531
vt 1.89941406 0.903808594
vt 1.91894531 0.899902344
vt 1.92382812 0.907714844
vt 1.89941406 0.915527344
vt 1.90332031 0.916503906
vt 1.90722656 0.91796875
vt 1.92675781 0.917480469
vt 1.91015625 0.920410156
vt 1.9375 0.927246094
vt 1.91210938 0.924316406
vt 1.91210938 0.927734375
vt 1.93554688 0.939453125
vt 1.91210938 0.932128906
vt 1.92675781 0.951171875
vt 1.90917969 0.935546875
vt 1.91210938 0.960449219
vt 1.90722656 0.938476562
vt 1.90332031 0.939941406
vt 1.89941406 0.962402344
vt 1.89941406 0.940917969
vt 1.12988281 0.979492188
vt 1.11035156 0.979492188
vt 1.11035156 0.961425781
vt 1.12988281 0.961425781
vt 1.11035156 0.942382812
vt 1.12988281 0.942382812
vt 1.12988281 0.920410156
vt 1.11035156 0.920410156
vt 1.11035156 0.90234375
vt 1.12988281 0.90234375
vt 1.421875 0.0913696289
vt 1.41503906 0.0917358398
vt 1.41503906 0.0877075195
vt 1.4296875 0.0885620117
vt 1.41503906 0.0795288086
vt 1.43457031 0.0834350586
vt 1.43945312 0.0755615234
vt 1.41503906 0.0679931641
vt 1.41894531 0.0670166016
vt 1.42285156 0.0654907227
vt 1.44335938 0.0661010742
vt 1.42578125 0.0628662109
vt 1.453125 0.0562438965
vt 1.42773438 0.0592651367
vt 1.42773438 0.055480957
vt 1.45117188 0.0440979004
vt 1.42773438 0.0513000488
vt 1.44238281 0.0323486328
vt 1.42578125 0.0477905273
vt 1.42773438 0.0231781006
vt 1.42285156 0.0450439453
vt 1.41894531 0.043548584
vt 1.41503906 0.020904541
vt 1.41503906 0.0426940918
vt 1.83886719 0.0435791016
vt 1.82128906 0.0435791016
vt 1.82128906 0.0160369873
vt 1.83886719 0.0160369873
vt 1.98828125 0.883300781
vt 1.95507812 0.903808594
vt 1.95507812 0.883300781
vt 1.98828125 0.903808594
vt 1.95507812 0.926757812
vt 1.98828125 0.926757812
vt 1.95507812 0.951660156
vt 1.98828125 0.951660156
vt 1.95507812 0.973632812
vt 1.98828125 0.973632812
vt 1.10351562 0.728515625
vt 1.10351562 0.713867188
vt 1.12207031 0.713867188
vt 1.12207031 0.728515625
vt 1.10351562 0.738769531
vt 1.12207031 0.738769531
vt 1.10351562 0.748535156
vt 1.12207031 0.748535156
vt 1.10351562 0.755371094
vt 1.12207031 0.755371094
vt 1.10351562 0.763671875
vt 1.12207031 0.763671875
vt 1.10351562 0.770507812
vt 1.12207031 0.770507812
vt 1.87207031 0.048828125
vt 1.87207031 0.0528259277
vt 1.85058594 0.0528259277
vt 1.85058594 0.048828125
vt 1.87207031 0.0449523926
vt 1.85058594 0.0449523926
vt 1.87207031 0.0410461426
vt 1.85058594 0.0410461426
vt 1.87207031 0.0370483398
vt 1.85058594 0.0370483398
vt 1.87207031 0.0332641602
vt 1.85058594 0.0332641602
vt 1.87207031 0.029083252
vt 1.85058594 0.029083252
vt 1.87207031 0.0249938965
vt 1.85058594 0.0249938965
vt 1.87207031 0.0213012695
vt 1.85058594 0.0213012695
vt 1.87207031 0.0175018311
vt 1.85058594 0.0175018311
vt 1.87207031 0.0135040283
vt 1.85058594 0.0135040283
vt 1.61132812 0.185302734
vt 1.61621094 0.19921875
vt 1.61132812 0.19921875
vt 1.61621094 0.185302734
vt 1.61132812 0.170166016
vt 1.61621094 0.170166016
vt 1.61132812 0.152709961
vt 1.61621094 0.152709961
vt 1.61132812 0.139526367
vt 1.61621094 0.139526367
vt 1.88183594 0.58203125
vt 1.87695312 0.595703125
vt 1.87695312 0.58203125
vt 1.88183594 0.595703125
vt 1.87695312 0.610839844
vt 1.88183594 0.610839844
vt 1.87695312 0.628417969
vt 1.88183594 0.628417969
vt 1.87695312 0.641601562
vt 1.88183594 0.641601562
vt 1.81054688 0.308837891
vt 1.81542969 0.306396484
vt 1.81542969 0.333251953
vt 1.81054688 0.331054688
vt 0.896972656 0.378417969
vt 0.8828125 0.0459594727
vt 0.8828125 0.378417969
vt 0.896972656 0.0459594727
vt 0.911132812 0.378417969
vt 0.8828125 0.0172119141
vt 0.911132812 0.0459594727
vt 0.925292969 0.378417969
vt 0.896972656 0.0172119141
vt 0.925292969 0.0459594727
vt 0.939453125 0.378417969
vt 0.939453125 0.0459594727
vt 0.896972656 0.012878418
vt 0.8828125 0.012878418
vt 0.911132812 0.012878418
vt 0.911132812 0.0172119141
vt 0.925292969 0.012878418
vt 0.925292969 0.0172119141
vt 0.939453125 0.0172119141
vt 0.939453125 0.012878418
vt 0.875976562 0.669921875
vt 0.8828125 0.686523438
vt 0.8828125 0.666992188
vt 0.875976562 0.684082031
vt 0.873046875 0.676757812
vt 0.896972656 0.378417969
vt 0.8828125 0.378417969
vt 0.8828125 0.0459594727
vt 0.896972656 0.0459594727
vt 0.911132812 0.378417969
vt 0.8828125 0.0172119141
vt 0.911132812 0.0459594727
vt 0.925292969 0.378417969
vt 0.896972656 0.0172119141
vt 0.925292969 0.0459594727
vt 0.939453125 0.378417969
vt 0.939453125 0.0459594727
vt 0.896972656 0.012878418
vt 0.8828125 0.012878418
vt 0.911132812 0.012878418
vt 0.911132812 0.0172119141
vt 0.925292969 0.012878418
vt 0.925292969 0.0172119141
vt 0.939453125 0.0172119141
vt 0.939453125 0.012878418
vt 0.875976562 0.669921875
vt 0.8828125 0.666992188
vt 0.8828125 0.686523438
vt 0.875976562 0.684082031
vt 0.873046875 0.676757812
vt 0.0499572754 0.437744141
vt 0.0103378296 0.395507812
vt 0.0103378296 0.437744141
vt 0.0500488281 0.394775391
vt 0.0674438477 0.437744141
vt 0.0824584961 0.394287109
vt 0.0826416016 0.437744141
vt 0.0103378296 0.342285156
vt 0.0992431641 0.437744141
vt 0.0504150391 0.341552734
vt 0.0103378296 0.289306641
vt 0.0511169434 0.288330078
vt 0.0103378296 0.240112305
vt 0.0849609375 0.341796875
vt 0.100463867 0.400390625
vt 0.102600098 0.345214844
vt 0.119262695 0.400878906
vt 0.118835449 0.437744141
vt 0.120849609 0.345458984
vt 0.135253906 0.402099609
vt 0.133666992 0.437744141
vt 0.138671875 0.346679688
vt 0.168457031 0.400146484
vt 0.16784668 0.437744141
vt 0.170043945 0.346435547
vt 0.200927734 0.396972656
vt 0.201293945 0.437744141
vt 0.219116211 0.437744141
vt 0.142822266 0.293212891
vt 0.123046875 0.291503906
vt 0.239013672 0.39453125
vt 0.239013672 0.437744141
vt 0.201416016 0.344238281
vt 0.239013672 0.341064453
vt 0.17175293 0.292236328
vt 0.201049805 0.290283203
vt 0.239013672 0.287841797
vt 0.144775391 0.243286133
vt 0.104797363 0.291015625
vt 0.172485352 0.242797852
vt 0.201171875 0.240844727
vt 0.239013672 0.238769531
vt 0.125854492 0.24206543
vt 0.0870361328 0.287597656
vt 0.146972656 0.193847656
vt 0.201538086 0.191162109
vt 0.239013672 0.189819336
vt 0.173095703 0.192626953
vt 0.105834961 0.241821289
vt 0.0517272949 0.239013672
vt 0.202392578 0.134521484
vt 0.239013672 0.133789062
vt 0.12902832 0.192871094
vt 0.175048828 0.135498047
vt 0.149536133 0.135253906
vt 0.0883789062 0.236816406
vt 0.0528564453 0.189697266
vt 0.0103378296 0.190673828
vt 0.0103378296 0.134277344
vt 0.175292969 0.089050293
vt 0.10760498 0.192626953
vt 0.0542602539 0.132202148
vt 0.0103378296 0.0875854492
vt 0.0892333984 0.190063477
vt 0.109619141 0.133666992
vt 0.0555114746 0.0859985352
vt 0.0103378296 0.0511169434
vt 0.0944824219 0.130615234
vt 0.149169922 0.0887451172
vt 0.112609863 0.0872802734
vt 0.0560302734 0.0504150391
vt 0.0103378296 0.0274810791
vt 0.0970458984 0.0858154297
vt 0.0556640625 0.0249328613
vt 0.0103378296 0.0207977295
vt 0.0975952148 0.0498962402
vt 0.114746094 0.0520629883
vt 0.148071289 0.052520752
vt 0.175170898 0.0532226562
vt 0.0545349121 0.0166625977
vt 0.0103378296 0.0099029541
vt 0.052947998 0.0099029541
vt 0.0966796875 0.0232543945
vt 0.0958862305 0.0151748657
vt 0.0944824219 0.0099029541
vt 0.118774414 0.0099029541
vt 0.115966797 0.0247497559
vt 0.116271973 0.0165863037
vt 0.146118164 0.0178070068
vt 0.147338867 0.0099029541
vt 0.176269531 0.0099029541
vt 0.145996094 0.0262451172
vt 0.17590332 0.0186920166
vt 0.201660156 0.0099029541
vt 0.176269531 0.0267791748
vt 0.203491211 0.0188598633
vt 0.239013672 0.0099029541
vt 0.239013672 0.0187835693
vt 0.205322266 0.0276489258
vt 0.239013672 0.0257263184
vt 0.239013672 0.0506591797
vt 0.202758789 0.052154541
vt 0.239013672 0.0872802734
vt 0.203491211 0.0888061523
vt 0.975097656 0.81640625
vt 0.975097656 0.857910156
vt 0.985839844 0.857910156
vt 0.985839844 0.81640625
vt 0.975097656 0.772460938
vt 0.985839844 0.772460938
vt 0.985839844 0.732421875
vt 0.975097656 0.732421875
vt 0.985839844 0.689941406
vt 0.975097656 0.689941406
vt 0.985839844 0.646972656
vt 0.975097656 0.646972656
vt 0.985839844 0.60546875
vt 0.975097656 0.60546875
vt 0.985839844 0.563964844
vt 0.975097656 0.563964844
vt 0.985839844 0.520507812
vt 0.975097656 0.520507812
vt 0.985839844 0.477783203
vt 0.975097656 0.477783203
vt 0.985839844 0.435546875
vt 0.975097656 0.435546875
vt 0.975097656 0.393310547
vt 0.985839844 0.393310547
vt 0.975097656 0.350341797
vt 0.985839844 0.350341797
vt 0.975097656 0.307373047
vt 0.985839844 0.307373047
vt 0.975097656 0.265625
vt 0.985839844 0.265625
vt 0.975097656 0.223999023
vt 0.985839844 0.223999023
vt 0.975097656 0.181030273
vt 0.985839844 0.181030273
vt 0.975097656 0.138671875
vt 0.985839844 0.138671875
vt 0.975097656 0.0985107422
vt 0.985839844 0.0985107422
vt 0.985839844 0.0547485352
vt 0.975097656 0.0547485352
vt 0.985839844 0.0132369995
vt 0.975097656 0.0132369995
vt 0.951171875 0.819824219
vt 0.951171875 0.861328125
vt 0.962402344 0.861328125
vt 0.962402344 0.819824219
vt 0.951171875 0.77734375
vt 0.962402344 0.77734375
vt 0.951171875 0.735351562
vt 0.962402344 0.735351562
vt 0.951171875 0.692871094
vt 0.962402344 0.692871094
vt 0.951171875 0.649414062
vt 0.962402344 0.649414062
vt 0.962402344 0.606933594
vt 0.951171875 0.606933594
vt 0.951171875 0.564453125
vt 0.962402344 0.564453125
vt 0.951171875 0.522460938
vt 0.962402344 0.522460938
vt 0.962402344 0.479492188
vt 0.951171875 0.479492188
vt 0.962402344 0.437255859
vt 0.951171875 0.437255859
vt 0.951171875 0.395019531
vt 0.962402344 0.395019531
vt 0.951171875 0.352050781
vt 0.962402344 0.352050781
vt 0.962402344 0.310058594
vt 0.951171875 0.310058594
vt 0.962402344 0.267578125
vt 0.951171875 0.267578125
vt 0.951171875 0.225341797
vt 0.962402344 0.225341797
vt 0.962402344 0.181518555
vt 0.951171875 0.181518555
vt 0.962402344 0.139404297
vt 0.951171875 0.139404297
vt 0.962402344 0.0972900391
vt 0.951171875 0.0972900391
vt 0.962402344 0.0547485352
vt 0.951171875 0.0547485352
vt 0.962402344 0.0132369995
vt 0.951171875 0.0132369995
vt 0.183349609 0.982421875
vt 0.193237305 0.955078125
vt 0.17980957 0.955566406
vt 0.174316406 0.927734375
vt 0.202392578 0.927734375
vt 0.166870117 0.896972656
vt 0.2109375 0.896972656
vt 0.216186523 0.866210938
vt 0.160644531 0.866699219
vt 0.219604492 0.8359375
vt 0.154296875 0.836914062
vt 0.222167969 0.807128906
vt 0.148681641 0.809082031
vt 0.223388672 0.780761719
vt 0.14453125 0.781738281
vt 0.22277832 0.754394531
vt 0.142333984 0.756347656
vt 0.143676758 0.728515625
vt 0.221313477 0.728027344
vt 0.147460938 0.700683594
vt 0.219116211 0.700683594
vt 0.152832031 0.669921875
vt 0.215942383 0.66796875
vt 0.158325195 0.640136719
vt 0.211669922 0.638183594
vt 0.163330078 0.616210938
vt 0.20715332 0.615234375
vt 0.167480469 0.598632812
vt 0.20300293 0.598144531
vt 0.172485352 0.581542969
vt 0.198974609 0.58203125
vt 0.178466797 0.565429688
vt 0.194824219 0.565429688
vt 0.185058594 0.548828125
vt 0.193359375 0.548339844
vt 0.19128418 0.525878906
vt 0.872070312 0.10168457
vt 0.868164062 0.10925293
vt 0.872070312 0.10925293
vt 0.868164062 0.10168457
vt 0.872070312 0.0940551758
vt 0.862792969 0.10925293
vt 0.868164062 0.0940551758
vt 0.872070312 0.0864868164
vt 0.862792969 0.10168457
vt 0.859863281 0.10925293
vt 0.859863281 0.10168457
vt 0.862792969 0.0940551758
vt 0.859863281 0.0940551758
vt 0.868164062 0.0864868164
vt 0.872070312 0.078918457
vt 0.862792969 0.0864868164
vt 0.859863281 0.0864868164
vt 0.868164062 0.078918457
vt 0.872070312 0.0713500977
vt 0.862792969 0.078918457
vt 0.859863281 0.078918457
vt 0.868164062 0.0713500977
vt 0.872070312 0.0637817383
vt 0.868164062 0.0637817383
vt 0.862792969 0.0713500977
vt 0.859863281 0.0713500977
vt 0.862792969 0.0637817383
vt 0.859863281 0.0637817383
vt 0.792480469 0.330810547
vt 0.798339844 0.353515625
vt 0.798339844 0.329101562
vt 0.792480469 0.352050781
vt 0.788085938 0.335205078
vt 0.788085938 0.347412109
vt 0.786132812 0.341308594
vt 0.830078125 0.390625
vt 0.836914062 0.415771484
vt 0.836914062 0.388671875
vt 0.830078125 0.413818359
vt 0.825195312 0.395507812
vt 0.825195312 0.408935547
vt 0.823730469 0.40234375
vt 0.183349609 0.982421875
vt 0.17980957 0.955566406
vt 0.193237305 0.955078125
vt 0.174316406 0.927734375
vt 0.202392578 0.927734375
vt 0.166870117 0.896972656
vt 0.2109375 0.896972656
vt 0.216186523 0.866210938
vt 0.160644531 0.866699219
vt 0.219604492 0.8359375
vt 0.154296875 0.836914062
vt 0.222167969 0.807128906
vt 0.148681641 0.809082031
vt 0.223388672 0.780761719
vt 0.14453125 0.781738281
vt 0.22277832 0.754394531
vt 0.142333984 0.756347656
vt 0.143676758 0.728515625
vt 0.221313477 0.728027344
vt 0.147460938 0.700683594
vt 0.219116211 0.700683594
vt 0.152832031 0.669921875
vt 0.215942383 0.66796875
vt 0.158325195 0.640136719
vt 0.211669922 0.638183594
vt 0.163330078 0.616210938
vt 0.20715332 0.615234375
vt 0.167480469 0.598632812
vt 0.20300293 0.598144531
vt 0.172485352 0.581542969
vt 0.198974609 0.58203125
vt 0.178466797 0.565429688
vt 0.194824219 0.565429688
vt 0.185058594 0.548828125
vt 0.193359375 0.548339844
vt 0.19128418 0.525878906
vt 0.872070312 0.10168457
vt 0.872070312 0.10925293
vt 0.868164062 0.10925293
vt 0.868164062 0.10168457
vt 0.872070312 0.0940551758
vt 0.862792969 0.10925293
vt 0.868164062 0.0940551758
vt 0.872070312 0.0864868164
vt 0.862792969 0.10168457
vt 0.859863281 0.10925293
vt 0.859863281 0.10168457
vt 0.862792969 0.0940551758
vt 0.859863281 0.0940551758
vt 0.868164062 0.0864868164
vt 0.872070312 0.078918457
vt 0.862792969 0.0864868164
vt 0.859863281 0.0864868164
vt 0.868164062 0.078918457
vt 0.872070312 0.0713500977
vt 0.862792969 0.078918457
vt 0.859863281 0.078918457
vt 0.868164062 0.0713500977
vt 0.872070312 0.0637817383
vt 0.868164062 0.0637817383
vt 0.862792969 0.0713500977
vt 0.859863281 0.0713500977
vt 0.862792969 0.0637817383
vt 0.859863281 0.0637817383
vt 0.792480469 0.330810547
vt 0.798339844 0.329101562
vt 0.798339844 0.353515625
vt 0.792480469 0.352050781
vt 0.788085938 0.335205078
vt 0.788085938 0.347412109
vt 0.786132812 0.341308594
vt 0.830078125 0.390625
vt 0.836914062 0.388671875
vt 0.836914062 0.415771484
vt 0.830078125 0.413818359
vt 0.825195312 0.395507812
vt 0.825195312 0.408935547
vt 0.823730469 0.40234375
vt 0.285644531 0.065246582
vt 0.258544922 0.127563477
vt 0.259765625 0.134155273
vt 0.281982422 0.065246582
vt 0.258544922 0.065246582
vt 0.258544922 0.0258789062
vt 0.259765625 0.0214385986
vt 0.579101562 0.0574645996
vt 0.603027344 0.123474121
vt 0.603027344 0.0580444336
vt 0.603027344 0.0163116455
vt 0.285644531 0.065246582
vt 0.259765625 0.134155273
vt 0.258544922 0.127563477
vt 0.281982422 0.065246582
vt 0.258544922 0.065246582
vt 0.258544922 0.0258789062
vt 0.259765625 0.0214385986
vt 0.579101562 0.0574645996
vt 0.603027344 0.0580444336
vt 0.603027344 0.123474121
vt 0.603027344 0.0163116455
vt 0.285644531 0.065246582
vt 0.259765625 0.134155273
vt 0.258544922 0.127563477
vt 0.281982422 0.065246582
vt 0.258544922 0.065246582
vt 0.258544922 0.0258789062
vt 0.259765625 0.0214385986
vt 0.579101562 0.0574645996
vt 0.603027344 0.0580444336
vt 0.603027344 0.123474121
vt 0.603027344 0.0163116455
vt 0.285644531 0.065246582
vt 0.258544922 0.127563477
vt 0.259765625 0.134155273
vt 0.281982422 0.065246582
vt 0.258544922 0.065246582
vt 0.258544922 0.0258789062
vt 0.259765625 0.0214385986
vt 0.579101562 0.0574645996
vt 0.603027344 0.123474121
vt 0.603027344 0.0580444336
vt 0.603027344 0.0163116455
vt 0.786621094 0.434570312
vt 0.78125 0.434570312
vt 0.784179688 0.445068359
vt 0.789550781 0.425292969
vt 0.778320312 0.425292969
vt 0.79296875 0.417236328
vt 0.774902344 0.417236328
vt 0.795410156 0.409667969
vt 0.772460938 0.409667969
vt 0.797363281 0.401123047
vt 0.770996094 0.401123047
vt 0.800292969 0.391601562
vt 0.767578125 0.391601562
vt 0.803222656 0.380371094
vt 0.764648438 0.380371094
vt 0.804199219 0.369873047
vt 0.763671875 0.369873047
vt 0.786621094 0.434570312
vt 0.784179688 0.445068359
vt 0.78125 0.434570312
vt 0.789550781 0.425292969
vt 0.778320312 0.425292969
vt 0.79296875 0.417236328
vt 0.774902344 0.417236328
vt 0.795410156 0.409667969
vt 0.772460938 0.409667969
vt 0.797363281 0.401123047
vt 0.770996094 0.401123047
vt 0.800292969 0.391601562
vt 0.767578125 0.391601562
vt 0.803222656 0.380371094
vt 0.764648438 0.380371094
vt 0.804199219 0.369873047
vt 0.763671875 0.369873047
vt 0.41015625 0.696777344
vt 0.393066406 0.681640625
vt 0.393066406 0.732910156
vt 0.416748047 0.642578125
vt 0.426269531 0.668945312
vt 0.393066406 0.643554688
vt 0.446533203 0.641113281
vt 0.425292969 0.624511719
vt 0.393066406 0.6015625
vt 0.409423828 0.599609375
vt 0.393066406 0.557617188
vt 0.254638672 0.80078125
vt 0.236694336 0.762695312
vt 0.236694336 0.815429688
vt 0.262695312 0.85546875
vt 0.272705078 0.829101562
vt 0.236694336 0.854003906
vt 0.294189453 0.857421875
vt 0.272216797 0.874023438
vt 0.236694336 0.896484375
vt 0.254150391 0.897949219
vt 0.236694336 0.94140625
vt 0.190429688 0.453857422
vt 0.222045898 0.494140625
vt 0.229980469 0.453857422
vt 0.20324707 0.494140625
vt 0.212158203 0.526855469
vt 0.218994141 0.526855469
vt 0.218383789 0.561035156
vt 0.259277344 0.364257812
vt 0.260742188 0.391357422
vt 0.262207031 0.364013672
vt 0.259277344 0.334228516
vt 0.264160156 0.333984375
vt 0.262695312 0.288085938
vt 0.257568359 0.288574219
vt 0.41015625 0.696777344
vt 0.393066406 0.732910156
vt 0.393066406 0.681640625
vt 0.416748047 0.642578125
vt 0.393066406 0.643554688
vt 0.426269531 0.668945312
vt 0.446533203 0.641113281
vt 0.425292969 0.624511719
vt 0.393066406 0.6015625
vt 0.409423828 0.599609375
vt 0.393066406 0.557617188
vt 0.254638672 0.80078125
vt 0.236694336 0.815429688
vt 0.236694336 0.762695312
vt 0.262695312 0.85546875
vt 0.236694336 0.854003906
vt 0.272705078 0.829101562
vt 0.294189453 0.857421875
vt 0.272216797 0.874023438
vt 0.236694336 0.896484375
vt 0.254150391 0.897949219
vt 0.236694336 0.94140625
vt 0.190429688 0.453857422
vt 0.229980469 0.453857422
vt 0.222045898 0.494140625
vt 0.20324707 0.494140625
vt 0.212158203 0.526855469
vt 0.218994141 0.526855469
vt 0.218383789 0.561035156
vt 0.259277344 0.364257812
vt 0.262207031 0.364013672
vt 0.260742188 0.391357422
vt 0.259277344 0.334228516
vt 0.264160156 0.333984375
vt 0.262695312 0.288085938
vt 0.257568359 0.288574219
vt 0.559570312 0.568359375
vt 0.554199219 0.557128906
vt 0.572753906 0.5625
vt 0.584960938 0.579101562
vt 0.5390625 0.565429688
vt 0.532714844 0.555664062
vt 0.568847656 0.581054688
vt 0.594726562 0.590820312
vt 0.547363281 0.577636719
vt 0.520507812 0.566894531
vt 0.514648438 0.559570312
vt 0.502929688 0.569824219
vt 0.578613281 0.600097656
vt 0.603027344 0.603515625
vt 0.529296875 0.580566406
vt 0.510253906 0.578613281
vt 0.556640625 0.598144531
vt 0.584960938 0.619140625
vt 0.608398438 0.617675781
vt 0.497802734 0.586914062
vt 0.490966797 0.578613281
vt 0.537109375 0.599121094
vt 0.514648438 0.588867188
vt 0.5625 0.619140625
vt 0.587890625 0.638671875
vt 0.610351562 0.638671875
vt 0.608398438 0.659667969
vt 0.484375 0.594238281
vt 0.477050781 0.586914062
vt 0.541015625 0.619140625
vt 0.54296875 0.638671875
vt 0.563964844 0.638671875
vt 0.584960938 0.658203125
vt 0.603027344 0.673828125
vt 0.519042969 0.60546875
vt 0.5625 0.658691406
vt 0.578613281 0.677734375
vt 0.594726562 0.686523438
vt 0.568847656 0.696289062
vt 0.584960938 0.698730469
vt 0.556640625 0.679199219
vt 0.559570312 0.708984375
vt 0.572753906 0.71484375
vt 0.554199219 0.720214844
vt 0.547363281 0.699707031
vt 0.5390625 0.711914062
vt 0.532714844 0.721679688
vt 0.541015625 0.658203125
vt 0.537109375 0.678222656
vt 0.529296875 0.697265625
vt 0.520507812 0.710449219
vt 0.514648438 0.717773438
vt 0.502929688 0.707519531
vt 0.510253906 0.698730469
vt 0.514648438 0.688476562
vt 0.497802734 0.690429688
vt 0.490966797 0.698730469
vt 0.519042969 0.671875
vt 0.500976562 0.681152344
vt 0.484375 0.683105469
vt 0.477050781 0.690429688
vt 0.472412109 0.671386719
vt 0.464111328 0.677734375
vt 0.454833984 0.660644531
vt 0.487792969 0.673339844
vt 0.461669922 0.655761719
vt 0.454345703 0.638671875
vt 0.476074219 0.659179688
vt 0.50390625 0.666992188
vt 0.490234375 0.661621094
vt 0.478759766 0.646484375
vt 0.46484375 0.649902344
vt 0.506835938 0.652832031
vt 0.467285156 0.642578125
vt 0.522949219 0.655273438
vt 0.491699219 0.649414062
vt 0.492431641 0.638671875
vt 0.468017578 0.638671875
vt 0.5078125 0.638671875
vt 0.524414062 0.638671875
vt 0.522949219 0.622070312
vt 0.506835938 0.624511719
vt 0.479736328 0.638671875
vt 0.478759766 0.631347656
vt 0.467285156 0.634765625
vt 0.46484375 0.627441406
vt 0.461669922 0.621582031
vt 0.454833984 0.616699219
vt 0.476074219 0.618164062
vt 0.472412109 0.606445312
vt 0.464111328 0.599609375
vt 0.491699219 0.627929688
vt 0.490234375 0.616210938
vt 0.487792969 0.604003906
vt 0.50390625 0.610839844
vt 0.500976562 0.596191406
vt 0.559570312 0.568359375
vt 0.584960938 0.579101562
vt 0.572753906 0.5625
vt 0.554199219 0.557128906
vt 0.568847656 0.581054688
vt 0.594726562 0.590820312
vt 0.5390625 0.565429688
vt 0.532714844 0.555664062
vt 0.578613281 0.600097656
vt 0.603027344 0.603515625
vt 0.547363281 0.577636719
vt 0.520507812 0.566894531
vt 0.514648438 0.559570312
vt 0.502929688 0.569824219
vt 0.529296875 0.580566406
vt 0.556640625 0.598144531
vt 0.584960938 0.619140625
vt 0.608398438 0.617675781
vt 0.510253906 0.578613281
vt 0.537109375 0.599121094
vt 0.5625 0.619140625
vt 0.587890625 0.638671875
vt 0.610351562 0.638671875
vt 0.608398438 0.659667969
vt 0.497802734 0.586914062
vt 0.490966797 0.578613281
vt 0.514648438 0.588867188
vt 0.541015625 0.619140625
vt 0.54296875 0.638671875
vt 0.563964844 0.638671875
vt 0.584960938 0.658203125
vt 0.603027344 0.673828125
vt 0.484375 0.594238281
vt 0.477050781 0.586914062
vt 0.519042969 0.60546875
vt 0.500976562 0.596191406
vt 0.5625 0.658691406
vt 0.578613281 0.677734375
vt 0.594726562 0.686523438
vt 0.472412109 0.606445312
vt 0.464111328 0.599609375
vt 0.454833984 0.616699219
vt 0.487792969 0.604003906
vt 0.568847656 0.696289062
vt 0.584960938 0.698730469
vt 0.556640625 0.679199219
vt 0.461669922 0.621582031
vt 0.454345703 0.638671875
vt 0.559570312 0.708984375
vt 0.572753906 0.71484375
vt 0.554199219 0.720214844
vt 0.476074219 0.618164062
vt 0.547363281 0.699707031
vt 0.5390625 0.711914062
vt 0.532714844 0.721679688
vt 0.520507812 0.710449219
vt 0.514648438 0.717773438
vt 0.502929688 0.707519531
vt 0.529296875 0.697265625
vt 0.537109375 0.678222656
vt 0.510253906 0.698730469
vt 0.497802734 0.690429688
vt 0.490966797 0.698730469
vt 0.514648438 0.688476562
vt 0.541015625 0.658203125
vt 0.484375 0.683105469
vt 0.477050781 0.690429688
vt 0.519042969 0.671875
vt 0.500976562 0.681152344
vt 0.472412109 0.671386719
vt 0.464111328 0.677734375
vt 0.454833984 0.660644531
vt 0.487792969 0.673339844
vt 0.461669922 0.655761719
vt 0.476074219 0.659179688
vt 0.50390625 0.666992188
vt 0.522949219 0.655273438
vt 0.490234375 0.661621094
vt 0.478759766 0.646484375
vt 0.46484375 0.649902344
vt 0.506835938 0.652832031
vt 0.467285156 0.642578125
vt 0.491699219 0.649414062
vt 0.492431641 0.638671875
vt 0.5078125 0.638671875
vt 0.468017578 0.638671875
vt 0.524414062 0.638671875
vt 0.522949219 0.622070312
vt 0.506835938 0.624511719
vt 0.479736328 0.638671875
vt 0.478759766 0.631347656
vt 0.467285156 0.634765625
vt 0.46484375 0.627441406
vt 0.491699219 0.627929688
vt 0.490234375 0.616210938
vt 0.50390625 0.610839844
vt 0.0628662109 0.597167969
vt 0.0722045898 0.615722656
vt 0.0722045898 0.597167969
vt 0.0722045898 0.58203125
vt 0.0628662109 0.615722656
vt 0.0722045898 0.635253906
vt 0.0628662109 0.58203125
vt 0.0722045898 0.568847656
vt 0.0628662109 0.635253906
vt 0.0722045898 0.649902344
vt 0.0568847656 0.597167969
vt 0.0628662109 0.568847656
vt 0.0722045898 0.555664062
vt 0.0628662109 0.649902344
vt 0.0722045898 0.662109375
vt 0.0628662109 0.662109375
vt 0.0568847656 0.615722656
vt 0.0568847656 0.58203125
vt 0.0568847656 0.649902344
vt 0.0568847656 0.662109375
vt 0.0568847656 0.635253906
vt 0.0509033203 0.597167969
vt 0.0509033203 0.649902344
vt 0.0509033203 0.662109375
vt 0.0509033203 0.635253906
vt 0.0509033203 0.615722656
vt 0.041595459 0.597167969
vt 0.0509033203 0.58203125
vt 0.041595459 0.649902344
vt 0.041595459 0.662109375
vt 0.0323181152 0.662109375
vt 0.041595459 0.635253906
vt 0.041595459 0.615722656
vt 0.0323181152 0.649902344
vt 0.0263519287 0.662109375
vt 0.0323181152 0.635253906
vt 0.0263519287 0.649902344
vt 0.0203704834 0.662109375
vt 0.0323181152 0.615722656
vt 0.0203704834 0.649902344
vt 0.0110855103 0.662109375
vt 0.0110855103 0.649902344
vt 0.0263519287 0.635253906
vt 0.0203704834 0.635253906
vt 0.0110855103 0.635253906
vt 0.0263519287 0.615722656
vt 0.0203704834 0.615722656
vt 0.0110855103 0.615722656
vt 0.0323181152 0.597167969
vt 0.0203704834 0.597167969
vt 0.0110855103 0.597167969
vt 0.0110855103 0.58203125
vt 0.0263519287 0.597167969
vt 0.0203704834 0.58203125
vt 0.0110855103 0.568847656
vt 0.0263519287 0.58203125
vt 0.0203704834 0.568847656
vt 0.0110855103 0.555664062
vt 0.0323181152 0.58203125
vt 0.0263519287 0.568847656
vt 0.0203704834 0.555664062
vt 0.041595459 0.58203125
vt 0.0323181152 0.568847656
vt 0.0203704834 0.541992188
vt 0.0110855103 0.541992188
vt 0.0263519287 0.555664062
vt 0.0263519287 0.541992188
vt 0.0203704834 0.528808594
vt 0.0110855103 0.528808594
vt 0.0263519287 0.528808594
vt 0.0203704834 0.513671875
vt 0.0110855103 0.513671875
vt 0.0110855103 0.495117188
vt 0.0263519287 0.513671875
vt 0.0203704834 0.495117188
vt 0.0110855103 0.475585938
vt 0.0203704834 0.475585938
vt 0.0110855103 0.461181641
vt 0.0263519287 0.495117188
vt 0.0323181152 0.513671875
vt 0.0323181152 0.528808594
vt 0.041595459 0.513671875
vt 0.0203704834 0.461181641
vt 0.0110855103 0.448974609
vt 0.0203704834 0.448974609
vt 0.0323181152 0.495117188
vt 0.0263519287 0.475585938
vt 0.0263519287 0.461181641
vt 0.0263519287 0.448974609
vt 0.0323181152 0.541992188
vt 0.0323181152 0.475585938
vt 0.0323181152 0.461181641
vt 0.0323181152 0.448974609
vt 0.041595459 0.495117188
vt 0.041595459 0.475585938
vt 0.041595459 0.461181641
vt 0.041595459 0.448974609
vt 0.0509033203 0.448974609
vt 0.0509033203 0.461181641
vt 0.0568847656 0.448974609
vt 0.0509033203 0.475585938
vt 0.0568847656 0.461181641
vt 0.0628662109 0.448974609
vt 0.0509033203 0.495117188
vt 0.0568847656 0.475585938
vt 0.0628662109 0.461181641
vt 0.0722045898 0.448974609
vt 0.0722045898 0.461181641
vt 0.0628662109 0.475585938
vt 0.0722045898 0.475585938
vt 0.0568847656 0.495117188
vt 0.0628662109 0.495117188
vt 0.0722045898 0.495117188
vt 0.0509033203 0.513671875
vt 0.0568847656 0.513671875
vt 0.0628662109 0.513671875
vt 0.0722045898 0.513671875
vt 0.0722045898 0.528808594
vt 0.0628662109 0.528808594
vt 0.0722045898 0.541992188
vt 0.0568847656 0.528808594
vt 0.0628662109 0.541992188
vt 0.0509033203 0.528808594
vt 0.0628662109 0.555664062
vt 0.0568847656 0.541992188
vt 0.041595459 0.528808594
vt 0.0568847656 0.568847656
vt 0.0568847656 0.555664062
vt 0.0509033203 0.541992188
vt 0.0509033203 0.568847656
vt 0.041595459 0.541992188
vt 0.0509033203 0.555664062
vt 0.041595459 0.568847656
vt 0.0323181152 0.555664062
vt 0.041595459 0.555664062
vt 0.333496094 0.801757812
vt 0.340820312 0.805175781
vt 0.325683594 0.829101562
vt 0.354980469 0.775878906
vt 0.3203125 0.826660156
vt 0.307128906 0.848144531
vt 0.34765625 0.772460938
vt 0.364501953 0.744140625
vt 0.324951172 0.798828125
vt 0.356689453 0.740722656
vt 0.372314453 0.709472656
vt 0.316162109 0.826171875
vt 0.333496094 0.766601562
vt 0.364746094 0.706542969
vt 0.377929688 0.673339844
vt 0.315673828 0.796386719
vt 0.340087891 0.734863281
vt 0.370605469 0.671386719
vt 0.381347656 0.63671875
vt 0.311035156 0.825195312
vt 0.319335938 0.762695312
vt 0.344482422 0.702636719
vt 0.373779297 0.636230469
vt 0.383544922 0.6015625
vt 0.306396484 0.82421875
vt 0.306640625 0.794921875
vt 0.321044922 0.73046875
vt 0.346923828 0.669433594
vt 0.301269531 0.823730469
vt 0.304931641 0.760253906
vt 0.321289062 0.699707031
vt 0.301757812 0.727539062
vt 0.295898438 0.823730469
vt 0.297363281 0.795410156
vt 0.292480469 0.762207031
vt 0.291503906 0.824707031
vt 0.287353516 0.827636719
vt 0.271972656 0.803710938
vt 0.287597656 0.797363281
vt 0.278320312 0.800292969
vt 0.258300781 0.774414062
vt 0.265136719 0.771484375
vt 0.249755859 0.743164062
vt 0.279052734 0.766113281
vt 0.256103516 0.740234375
vt 0.24230957 0.708984375
vt 0.271972656 0.734863281
vt 0.248657227 0.70703125
vt 0.236450195 0.673339844
vt 0.287841797 0.73046875
vt 0.266601562 0.703125
vt 0.242797852 0.671875
vt 0.233032227 0.637207031
vt 0.283691406 0.700195312
vt 0.262451172 0.669921875
vt 0.238891602 0.636230469
vt 0.298828125 0.697753906
vt 0.281005859 0.668457031
vt 0.321289062 0.668457031
vt 0.237792969 0.6015625
vt 0.231811523 0.600585938
vt 0.259765625 0.635742188
vt 0.296386719 0.667480469
vt 0.34765625 0.636230469
vt 0.239868164 0.567382812
vt 0.233764648 0.565917969
vt 0.259033203 0.606933594
vt 0.279296875 0.636230469
vt 0.320556641 0.636230469
vt 0.244262695 0.53515625
vt 0.237915039 0.534667969
vt 0.260742188 0.575683594
vt 0.279052734 0.611816406
vt 0.294433594 0.636230469
vt 0.294677734 0.614746094
vt 0.321777344 0.612792969
vt 0.280029297 0.583984375
vt 0.295654297 0.588867188
vt 0.263671875 0.543457031
vt 0.350097656 0.606445312
vt 0.322998047 0.586914062
vt 0.281005859 0.553222656
vt 0.296386719 0.559082031
vt 0.375976562 0.600585938
vt 0.351074219 0.580078125
vt 0.374755859 0.568847656
vt 0.382324219 0.565917969
vt 0.322753906 0.555175781
vt 0.299072266 0.524414062
vt 0.283935547 0.519042969
vt 0.348632812 0.545410156
vt 0.370605469 0.53515625
vt 0.378662109 0.534667969
vt 0.322998047 0.521484375
vt 0.345703125 0.512695312
vt 0.364990234 0.50390625
vt 0.373779297 0.501953125
vt 0.30078125 0.492919922
vt 0.267089844 0.510253906
vt 0.322509766 0.490722656
vt 0.34375 0.484863281
vt 0.361083984 0.477539062
vt 0.369628906 0.473876953
vt 0.285888672 0.488525391
vt 0.249511719 0.502929688
vt 0.242919922 0.501464844
vt 0.301025391 0.473144531
vt 0.320800781 0.470458984
vt 0.340332031 0.464355469
vt 0.355957031 0.456787109
vt 0.364501953 0.452392578
vt 0.269287109 0.481933594
vt 0.252685547 0.475830078
vt 0.245605469 0.473632812
vt 0.287109375 0.468994141
vt 0.301513672 0.458251953
vt 0.318847656 0.456054688
vt 0.336181641 0.449951172
vt 0.256103516 0.456542969
vt 0.248657227 0.453857422
vt 0.271240234 0.462646484
vt 0.2890625 0.454833984
vt 0.302246094 0.444091797
vt 0.260986328 0.442871094
vt 0.253417969 0.438964844
vt 0.274414062 0.448974609
vt 0.268066406 0.430664062
vt 0.260742188 0.42578125
vt 0.271240234 0.414550781
vt 0.291503906 0.44140625
vt 0.279541016 0.436523438
vt 0.277099609 0.420166016
vt 0.284912109 0.408203125
vt 0.286376953 0.425292969
vt 0.288574219 0.411621094
vt 0.303466797 0.402587891
vt 0.293945312 0.414550781
vt 0.295410156 0.428466797
vt 0.302734375 0.4296875
vt 0.299316406 0.416015625
vt 0.303466797 0.416259766
vt 0.30859375 0.415771484
vt 0.3125 0.428710938
vt 0.314208984 0.414550781
vt 0.315917969 0.442138672
vt 0.319580078 0.411376953
vt 0.323242188 0.407470703
vt 0.322509766 0.425537109
vt 0.332519531 0.419433594
vt 0.337890625 0.413330078
vt 0.330322266 0.437011719
vt 0.343017578 0.4296875
vt 0.350097656 0.423583984
vt 0.358398438 0.437255859
vt 0.350585938 0.442382812
vt 0.333496094 0.801757812
vt 0.325683594 0.829101562
vt 0.340820312 0.805175781
vt 0.354980469 0.775878906
vt 0.3203125 0.826660156
vt 0.307128906 0.848144531
vt 0.34765625 0.772460938
vt 0.364501953 0.744140625
vt 0.324951172 0.798828125
vt 0.356689453 0.740722656
vt 0.372314453 0.709472656
vt 0.316162109 0.826171875
vt 0.333496094 0.766601562
vt 0.364746094 0.706542969
vt 0.377929688 0.673339844
vt 0.315673828 0.796386719
vt 0.340087891 0.734863281
vt 0.370605469 0.671386719
vt 0.381347656 0.63671875
vt 0.311035156 0.825195312
vt 0.319335938 0.762695312
vt 0.344482422 0.702636719
vt 0.373779297 0.636230469
vt 0.383544922 0.6015625
vt 0.306396484 0.82421875
vt 0.306640625 0.794921875
vt 0.321044922 0.73046875
vt 0.346923828 0.669433594
vt 0.301269531 0.823730469
vt 0.304931641 0.760253906
vt 0.321289062 0.699707031
vt 0.301757812 0.727539062
vt 0.295898438 0.823730469
vt 0.297363281 0.795410156
vt 0.292480469 0.762207031
vt 0.291503906 0.824707031
vt 0.287353516 0.827636719
vt 0.271972656 0.803710938
vt 0.287597656 0.797363281
vt 0.278320312 0.800292969
vt 0.258300781 0.774414062
vt 0.265136719 0.771484375
vt 0.249755859 0.743164062
vt 0.279052734 0.766113281
vt 0.256103516 0.740234375
vt 0.24230957 0.708984375
vt 0.271972656 0.734863281
vt 0.248657227 0.70703125
vt 0.236450195 0.673339844
vt 0.287841797 0.73046875
vt 0.266601562 0.703125
vt 0.242797852 0.671875
vt 0.233032227 0.637207031
vt 0.283691406 0.700195312
vt 0.262451172 0.669921875
vt 0.238891602 0.636230469
vt 0.298828125 0.697753906
vt 0.281005859 0.668457031
vt 0.321289062 0.668457031
vt 0.237792969 0.6015625
vt 0.231811523 0.600585938
vt 0.259765625 0.635742188
vt 0.296386719 0.667480469
vt 0.34765625 0.636230469
vt 0.259033203 0.606933594
vt 0.239868164 0.567382812
vt 0.233764648 0.565917969
vt 0.279296875 0.636230469
vt 0.320556641 0.636230469
vt 0.279052734 0.611816406
vt 0.260742188 0.575683594
vt 0.244262695 0.53515625
vt 0.237915039 0.534667969
vt 0.294433594 0.636230469
vt 0.294677734 0.614746094
vt 0.321777344 0.612792969
vt 0.280029297 0.583984375
vt 0.295654297 0.588867188
vt 0.263671875 0.543457031
vt 0.249511719 0.502929688
vt 0.242919922 0.501464844
vt 0.350097656 0.606445312
vt 0.322998047 0.586914062
vt 0.281005859 0.553222656
vt 0.296386719 0.559082031
vt 0.267089844 0.510253906
vt 0.252685547 0.475830078
vt 0.245605469 0.473632812
vt 0.375976562 0.600585938
vt 0.351074219 0.580078125
vt 0.374755859 0.568847656
vt 0.382324219 0.565917969
vt 0.322753906 0.555175781
vt 0.348632812 0.545410156
vt 0.370605469 0.53515625
vt 0.378662109 0.534667969
vt 0.299072266 0.524414062
vt 0.322998047 0.521484375
vt 0.345703125 0.512695312
vt 0.364990234 0.50390625
vt 0.373779297 0.501953125
vt 0.283935547 0.519042969
vt 0.30078125 0.492919922
vt 0.322509766 0.490722656
vt 0.34375 0.484863281
vt 0.361083984 0.477539062
vt 0.369628906 0.473876953
vt 0.285888672 0.488525391
vt 0.301025391 0.473144531
vt 0.320800781 0.470458984
vt 0.340332031 0.464355469
vt 0.355957031 0.456787109
vt 0.364501953 0.452392578
vt 0.269287109 0.481933594
vt 0.287109375 0.468994141
vt 0.301513672 0.458251953
vt 0.318847656 0.456054688
vt 0.336181641 0.449951172
vt 0.350585938 0.442382812
vt 0.358398438 0.437255859
vt 0.271240234 0.462646484
vt 0.2890625 0.454833984
vt 0.302246094 0.444091797
vt 0.315917969 0.442138672
vt 0.343017578 0.4296875
vt 0.350097656 0.423583984
vt 0.337890625 0.413330078
vt 0.330322266 0.437011719
vt 0.332519531 0.419433594
vt 0.323242188 0.407470703
vt 0.322509766 0.425537109
vt 0.319580078 0.411376953
vt 0.303466797 0.402587891
vt 0.3125 0.428710938
vt 0.314208984 0.414550781
vt 0.30859375 0.415771484
vt 0.302734375 0.4296875
vt 0.303466797 0.416259766
vt 0.291503906 0.44140625
vt 0.299316406 0.416015625
vt 0.295410156 0.428466797
vt 0.293945312 0.414550781
vt 0.288574219 0.411621094
vt 0.284912109 0.408203125
vt 0.286376953 0.425292969
vt 0.277099609 0.420166016
vt 0.271240234 0.414550781
vt 0.274414062 0.448974609
vt 0.279541016 0.436523438
vt 0.268066406 0.430664062
vt 0.260742188 0.42578125
vt 0.253417969 0.438964844
vt 0.260986328 0.442871094
vt 0.248657227 0.453857422
vt 0.256103516 0.456542969
vt 0.78515625 0.79296875
vt 0.814453125 0.730957031
vt 0.774414062 0.719238281
vt 0.848632812 0.754882812
vt 0.801757812 0.8046875
vt 0.874023438 0.788574219
vt 0.765625 0.787597656
vt 0.756347656 0.8515625
vt 0.744628906 0.787597656
vt 0.813964844 0.821289062
vt 0.820800781 0.840332031
vt 0.731933594 0.719238281
vt 0.888183594 0.829101562
vt 0.692382812 0.733398438
vt 0.888183594 0.871582031
vt 0.725097656 0.793945312
vt 0.658691406 0.758789062
vt 0.708496094 0.806640625
vt 0.635253906 0.792480469
vt 0.697265625 0.823242188
vt 0.623535156 0.833007812
vt 0.820800781 0.860839844
vt 0.814941406 0.880371094
vt 0.875488281 0.911621094
vt 0.69140625 0.842773438
vt 0.802734375 0.896972656
vt 0.69140625 0.862792969
vt 0.8515625 0.945800781
vt 0.623535156 0.874511719
vt 0.817871094 0.970214844
vt 0.637207031 0.9140625
vt 0.786621094 0.909179688
vt 0.766601562 0.916015625
vt 0.77734375 0.984375
vt 0.735839844 0.984375
vt 0.74609375 0.916503906
vt 0.695800781 0.971679688
vt 0.726074219 0.91015625
vt 0.662109375 0.947753906
vt 0.709960938 0.8984375
vt 0.697753906 0.881835938
vt 0.593261719 0.922363281
vt 0.608398438 0.884277344
vt 0.542480469 0.87109375
vt 0.609375 0.843261719
vt 0.542480469 0.850585938
vt 0.598144531 0.802734375
vt 0.537109375 0.830566406
vt 0.575195312 0.767578125
vt 0.477050781 0.858398438
vt 0.534667969 0.890136719
vt 0.525390625 0.8125
vt 0.521484375 0.907226562
vt 0.567382812 0.956054688
vt 0.508789062 0.798828125
vt 0.540527344 0.739257812
vt 0.498046875 0.726074219
vt 0.504394531 0.918457031
vt 0.532714844 0.979003906
vt 0.485351562 0.924316406
vt 0.494873047 0.990722656
vt 0.463867188 0.923828125
vt 0.451904297 0.990234375
vt 0.445068359 0.91796875
vt 0.413330078 0.977539062
vt 0.381347656 0.952636719
vt 0.488037109 0.792480469
vt 0.4296875 0.905761719
vt 0.466796875 0.79296875
vt 0.357421875 0.916992188
vt 0.455810547 0.7265625
vt 0.417724609 0.888183594
vt 0.345703125 0.879394531
vt 0.446777344 0.799804688
vt 0.416015625 0.740234375
vt 0.411865234 0.869140625
vt 0.345703125 0.837402344
vt 0.430175781 0.811035156
vt 0.382568359 0.763671875
vt 0.359130859 0.797363281
vt 0.411865234 0.848144531
vt 0.418457031 0.828125
vt 0.848632812 0.178588867
vt 0.870605469 0.177856445
vt 0.864746094 0.142700195
vt 0.865722656 0.213256836
vt 0.843261719 0.149169922
vt 0.847167969 0.110412598
vt 0.84375 0.208251953
vt 0.849121094 0.245239258
vt 0.827636719 0.179077148
vt 0.823730469 0.155639648
vt 0.82421875 0.203857422
vt 0.831054688 0.234741211
vt 0.813964844 0.225341797
vt 0.82421875 0.272216797
vt 0.829589844 0.12310791
vt 0.813964844 0.134277344
vt 0.797851562 0.116821289
vt 0.810546875 0.2578125
vt 0.798339844 0.243041992
vt 0.80859375 0.100280762
vt 0.8203125 0.082824707
vt 0.776855469 0.104797363
vt 0.791503906 0.286865234
vt 0.797363281 0.298339844
vt 0.783203125 0.269287109
vt 0.776855469 0.254882812
vt 0.75390625 0.259033203
vt 0.784179688 0.0676269531
vt 0.788574219 0.0535583496
vt 0.780273438 0.0886230469
vt 0.75390625 0.101318359
vt 0.75390625 0.333740234
vt 0.75390625 0.359863281
vt 0.709960938 0.298339844
vt 0.75390625 0.293457031
vt 0.715820312 0.287109375
vt 0.68359375 0.272216797
vt 0.724121094 0.269287109
vt 0.73046875 0.254882812
vt 0.709472656 0.242919922
vt 0.696777344 0.257568359
vt 0.693359375 0.225341797
vt 0.676269531 0.234741211
vt 0.658203125 0.245239258
vt 0.68359375 0.203857422
vt 0.663574219 0.208251953
vt 0.641601562 0.213256836
vt 0.6796875 0.179077148
vt 0.658691406 0.178588867
vt 0.63671875 0.177856445
vt 0.642578125 0.142822266
vt 0.6640625 0.149291992
vt 0.68359375 0.155639648
vt 0.660644531 0.110595703
vt 0.677734375 0.12310791
vt 0.693847656 0.134277344
vt 0.709472656 0.116821289
vt 0.698730469 0.100280762
vt 0.687011719 0.082824707
vt 0.73046875 0.104919434
vt 0.723144531 0.0676879883
vt 0.71875 0.0535583496
vt 0.727539062 0.0886230469
vt 0.75390625 0.071105957
vt 0.75390625 0.0352783203
vt 0.753417969 0.0122756958
vt 0.689453125 0.445556641
vt 0.654785156 0.445800781
vt 0.694824219 0.464599609
vt 0.692382812 0.423583984
vt 0.686523438 0.485595703
vt 0.645996094 0.399414062
vt 0.660644531 0.488037109
vt 0.626953125 0.418212891
vt 0.643554688 0.497314453
vt 0.607421875 0.430419922
vt 0.607421875 0.472412109
vt 0.918457031 0.393066406
vt 0.911621094 0.403564453
vt 0.915039062 0.403564453
vt 0.907226562 0.412841797
vt 0.913085938 0.412841797
vt 0.896484375 0.436035156
vt 0.91796875 0.403564453
vt 0.90625 0.436035156
vt 0.896484375 0.474121094
vt 0.922363281 0.403564453
vt 0.92578125 0.403564453
vt 0.930175781 0.412841797
vt 0.917480469 0.412841797
vt 0.924804688 0.412841797
vt 0.928710938 0.436035156
vt 0.942382812 0.436035156
vt 0.917480469 0.436035156
vt 0.928710938 0.474121094
vt 0.942382812 0.474121094
vt 0.90625 0.474121094
vt 0.896484375 0.523925781
vt 0.917480469 0.474121094
vt 0.928710938 0.523925781
vt 0.942382812 0.523925781
vt 0.90625 0.523925781
vt 0.896484375 0.584960938
vt 0.917480469 0.523925781
vt 0.928710938 0.584960938
vt 0.942382812 0.584960938
vt 0.942382812 0.638671875
vt 0.90625 0.584960938
vt 0.896484375 0.638671875
vt 0.928710938 0.638671875
vt 0.942382812 0.692382812
vt 0.917480469 0.584960938
vt 0.90625 0.638671875
vt 0.896484375 0.692382812
vt 0.928710938 0.692382812
vt 0.942382812 0.752441406
vt 0.917480469 0.638671875
vt 0.90625 0.692382812
vt 0.896484375 0.752441406
vt 0.928710938 0.752441406
vt 0.942382812 0.811523438
vt 0.917480469 0.692382812
vt 0.90625 0.752441406
vt 0.896484375 0.811523438
vt 0.928710938 0.811523438
vt 0.933105469 0.845703125
vt 0.917480469 0.752441406
vt 0.90625 0.811523438
vt 0.904296875 0.845703125
vt 0.922851562 0.845703125
vt 0.918457031 0.866210938
vt 0.917480469 0.811523438
vt 0.917480469 0.845703125
vt 0.912109375 0.845703125
vt 0.456787109 0.581542969
vt 0.440429688 0.599609375
vt 0.441162109 0.596191406
vt 0.433349609 0.578125
vt 0.441650391 0.577148438
vt 0.431152344 0.565429688
vt 0.446044922 0.576660156
vt 0.441894531 0.563476562
vt 0.425537109 0.547363281
vt 0.449462891 0.562988281
vt 0.466064453 0.569824219
vt 0.440185547 0.543945312
vt 0.416992188 0.523925781
vt 0.453369141 0.541992188
vt 0.48046875 0.551269531
vt 0.438232422 0.51953125
vt 0.407470703 0.497070312
vt 0.457275391 0.516113281
vt 0.496826172 0.523925781
vt 0.435546875 0.493408203
vt 0.460205078 0.489746094
vt 0.510253906 0.493408203
vt 0.432373047 0.467041016
vt 0.398925781 0.467773438
vt 0.461425781 0.464355469
vt 0.517578125 0.461914062
vt 0.429443359 0.441162109
vt 0.394287109 0.437988281
vt 0.461181641 0.439941406
vt 0.518066406 0.430175781
vt 0.458984375 0.417236328
vt 0.512207031 0.400878906
vt 0.427978516 0.416503906
vt 0.393554688 0.409423828
vt 0.455566406 0.393798828
vt 0.500488281 0.373291016
vt 0.428222656 0.391601562
vt 0.396972656 0.381591797
vt 0.451660156 0.370117188
vt 0.487548828 0.350341797
vt 0.430419922 0.3671875
vt 0.404541016 0.355224609
vt 0.449707031 0.347412109
vt 0.475585938 0.329345703
vt 0.434082031 0.344238281
vt 0.416015625 0.331787109
vt 0.450195312 0.325439453
vt 0.466064453 0.310546875
vt 0.454589844 0.282470703
vt 0.440429688 0.3203125
vt 0.430908203 0.309326172
vt 0.456787109 0.581542969
vt 0.441162109 0.596191406
vt 0.440429688 0.599609375
vt 0.433349609 0.578125
vt 0.441650391 0.577148438
vt 0.431152344 0.565429688
vt 0.446044922 0.576660156
vt 0.441894531 0.563476562
vt 0.425537109 0.547363281
vt 0.449462891 0.562988281
vt 0.466064453 0.569824219
vt 0.440185547 0.543945312
vt 0.416992188 0.523925781
vt 0.453369141 0.541992188
vt 0.48046875 0.551269531
vt 0.438232422 0.51953125
vt 0.407470703 0.497070312
vt 0.457275391 0.516113281
vt 0.496826172 0.523925781
vt 0.435546875 0.493408203
vt 0.460205078 0.489746094
vt 0.510253906 0.493408203
vt 0.432373047 0.467041016
vt 0.398925781 0.467773438
vt 0.461425781 0.464355469
vt 0.517578125 0.461914062
vt 0.429443359 0.441162109
vt 0.394287109 0.437988281
vt 0.461181641 0.439941406
vt 0.518066406 0.430175781
vt 0.458984375 0.417236328
vt 0.512207031 0.400878906
vt 0.427978516 0.416503906
vt 0.393554688 0.409423828
vt 0.455566406 0.393798828
vt 0.500488281 0.373291016
vt 0.428222656 0.391601562
vt 0.396972656 0.381591797
vt 0.451660156 0.370117188
vt 0.487548828 0.350341797
vt 0.430419922 0.3671875
vt 0.404541016 0.355224609
vt 0.449707031 0.347412109
vt 0.475585938 0.329345703
vt 0.434082031 0.344238281
vt 0.416015625 0.331787109
vt 0.450195312 0.325439453
vt 0.466064453 0.310546875
vt 0.454589844 0.282470703
vt 0.440429688 0.3203125
vt 0.430908203 0.309326172
vt 0.405273438 0.233032227
vt 0.423095703 0.230957031
vt 0.420654297 0.247802734
vt 0.421142578 0.213256836
vt 0.395263672 0.251953125
vt 0.414306641 0.264892578
vt 0.378417969 0.263427734
vt 0.404785156 0.280517578
vt 0.375488281 0.297119141
vt 0.395751953 0.301513672
vt 0.384033203 0.330810547
vt 0.407470703 0.213623047
vt 0.414550781 0.195678711
vt 0.390380859 0.235351562
vt 0.393798828 0.214233398
vt 0.404052734 0.192504883
vt 0.405517578 0.162719727
vt 0.387695312 0.160766602
vt 0.392822266 0.131958008
vt 0.369628906 0.328613281
vt 0.376708984 0.360351562
vt 0.393066406 0.189819336
vt 0.363037109 0.183349609
vt 0.369384766 0.13293457
vt 0.375 0.10546875
vt 0.372314453 0.210083008
vt 0.366943359 0.157958984
vt 0.356201172 0.106811523
vt 0.350830078 0.0777587891
vt 0.344970703 0.132568359
vt 0.33984375 0.0795288086
vt 0.329833984 0.0551147461
vt 0.375976562 0.222290039
vt 0.345703125 0.158203125
vt 0.340087891 0.182495117
vt 0.338867188 0.106933594
vt 0.323974609 0.0568847656
vt 0.298583984 0.0251922607
vt 0.318847656 0.134277344
vt 0.328369141 0.0797119141
vt 0.317626953 0.0574645996
vt 0.318603516 0.107971191
vt 0.309082031 0.0579528809
vt 0.301025391 0.0598754883
vt 0.314208984 0.0819702148
vt 0.302001953 0.0848388672
vt 0.30078125 0.110229492
vt 0.296875 0.136230469
vt 0.31640625 0.16027832
vt 0.290527344 0.161987305
vt 0.307128906 0.188110352
vt 0.281738281 0.191650391
vt 0.297363281 0.217163086
vt 0.275146484 0.221557617
vt 0.320068359 0.209228516
vt 0.296630859 0.247314453
vt 0.274658203 0.253173828
vt 0.314453125 0.240478516
vt 0.299804688 0.276855469
vt 0.280273438 0.28515625
vt 0.318359375 0.270263672
vt 0.308105469 0.307128906
vt 0.291259766 0.317382812
vt 0.325195312 0.299560547
vt 0.3203125 0.338378906
vt 0.307128906 0.348876953
vt 0.334716797 0.33203125
vt 0.334228516 0.365966797
vt 0.324462891 0.374511719
vt 0.344238281 0.359619141
vt 0.346923828 0.384765625
vt 0.342773438 0.393066406
vt 0.370849609 0.416992188
vt 0.348632812 0.295898438
vt 0.354248047 0.382080078
vt 0.353027344 0.328369141
vt 0.364257812 0.381347656
vt 0.374267578 0.383544922
vt 0.362304688 0.358886719
vt 0.352539062 0.258544922
vt 0.335449219 0.241699219
vt 0.329589844 0.225830078
vt 0.331787109 0.208129883
vt 0.364257812 0.239501953
vt 0.354492188 0.240478516
vt 0.344726562 0.235717773
vt 0.339599609 0.227661133
vt 0.372314453 0.233398438
vt 0.338867188 0.216186523
vt 0.341552734 0.20703125
vt 0.349365234 0.202026367
vt 0.360351562 0.202392578
vt 0.497070312 0.0534973145
vt 0.478027344 0.0653076172
vt 0.490478516 0.0478515625
vt 0.509277344 0.0236206055
vt 0.490478516 0.0702514648
vt 0.465820312 0.0885009766
vt 0.483154297 0.0941772461
vt 0.456787109 0.117919922
vt 0.500488281 0.073059082
vt 0.503417969 0.0534362793
vt 0.477539062 0.121826172
vt 0.453125 0.148193359
vt 0.510742188 0.0517883301
vt 0.51953125 0.0493774414
vt 0.52734375 0.0670776367
vt 0.514160156 0.0709228516
vt 0.497314453 0.0983886719
vt 0.525878906 0.0944824219
vt 0.540527344 0.0899658203
vt 0.513671875 0.0969848633
vt 0.537597656 0.119262695
vt 0.556152344 0.114196777
vt 0.566894531 0.131713867
vt 0.547363281 0.145141602
vt 0.577148438 0.14453125
vt 0.516113281 0.12298584
vt 0.496337891 0.125
vt 0.527832031 0.150024414
vt 0.476074219 0.147094727
vt 0.496337891 0.145996094
vt 0.479003906 0.172241211
vt 0.498291016 0.169067383
vt 0.455322266 0.177856445
vt 0.487060547 0.1953125
vt 0.464111328 0.205688477
vt 0.498535156 0.218505859
vt 0.476806641 0.230224609
vt 0.519042969 0.16015625
vt 0.506835938 0.191894531
vt 0.52734375 0.212402344
vt 0.508300781 0.2421875
vt 0.490722656 0.253662109
vt 0.514648438 0.190795898
vt 0.515136719 0.263916016
vt 0.501464844 0.273193359
vt 0.51953125 0.287353516
vt 0.508300781 0.293945312
vt 0.520996094 0.311035156
vt 0.512695312 0.314453125
vt 0.520019531 0.332763672
vt 0.514160156 0.334716797
vt 0.515625 0.363525391
vt 0.525878906 0.331787109
vt 0.531738281 0.309082031
vt 0.532226562 0.332763672
vt 0.537597656 0.335449219
vt 0.54296875 0.310302734
vt 0.552734375 0.314697266
vt 0.536621094 0.283447266
vt 0.553710938 0.283935547
vt 0.568847656 0.288818359
vt 0.537597656 0.257324219
vt 0.559570312 0.258544922
vt 0.580078125 0.264648438
vt 0.534667969 0.233642578
vt 0.568847656 0.234008789
vt 0.585449219 0.236572266
vt 0.552734375 0.233520508
vt 0.579101562 0.206420898
vt 0.587402344 0.207275391
vt 0.590332031 0.190917969
vt 0.544921875 0.209960938
vt 0.568359375 0.207763672
vt 0.579101562 0.189941406
vt 0.58984375 0.174560547
vt 0.576171875 0.174560547
vt 0.584960938 0.159301758
vt 0.565917969 0.185913086
vt 0.566894531 0.158691406
vt 0.561035156 0.168212891
vt 0.545898438 0.192504883
vt 0.549316406 0.183959961
vt 0.542480469 0.169067383
vt 0.547363281 0.175537109
vt 0.53515625 0.167724609
vt 0.528320312 0.170043945
vt 0.523925781 0.175415039
vt 0.514160156 0.169311523
vt 0.522460938 0.181884766
vt 0.513183594 0.179321289
vt 0.522949219 0.188476562
vt 0.525878906 0.194580078
vt 0.531738281 0.196777344
vt 0.538574219 0.195922852
vt 0.405273438 0.233032227
vt 0.420654297 0.247802734
vt 0.423095703 0.230957031
vt 0.421142578 0.213256836
vt 0.395263672 0.251953125
vt 0.414306641 0.264892578
vt 0.378417969 0.263427734
vt 0.404785156 0.280517578
vt 0.375488281 0.297119141
vt 0.395751953 0.301513672
vt 0.384033203 0.330810547
vt 0.407470703 0.213623047
vt 0.414550781 0.195678711
vt 0.390380859 0.235351562
vt 0.393798828 0.214233398
vt 0.404052734 0.192504883
vt 0.405517578 0.162719727
vt 0.387695312 0.160766602
vt 0.392822266 0.131958008
vt 0.369628906 0.328613281
vt 0.376708984 0.360351562
vt 0.393066406 0.189819336
vt 0.363037109 0.183349609
vt 0.369384766 0.13293457
vt 0.375 0.10546875
vt 0.372314453 0.210083008
vt 0.366943359 0.157958984
vt 0.356201172 0.106811523
vt 0.350830078 0.0777587891
vt 0.344970703 0.132568359
vt 0.33984375 0.0795288086
vt 0.329833984 0.0551147461
vt 0.375976562 0.222290039
vt 0.345703125 0.158203125
vt 0.340087891 0.182495117
vt 0.338867188 0.106933594
vt 0.323974609 0.0568847656
vt 0.298583984 0.0251922607
vt 0.318847656 0.134277344
vt 0.328369141 0.0797119141
vt 0.317626953 0.0574645996
vt 0.318603516 0.107971191
vt 0.309082031 0.0579528809
vt 0.301025391 0.0598754883
vt 0.314208984 0.0819702148
vt 0.302001953 0.0848388672
vt 0.30078125 0.110229492
vt 0.296875 0.136230469
vt 0.31640625 0.16027832
vt 0.290527344 0.161987305
vt 0.307128906 0.188110352
vt 0.281738281 0.191650391
vt 0.297363281 0.217163086
vt 0.275146484 0.221557617
vt 0.320068359 0.209228516
vt 0.296630859 0.247314453
vt 0.274658203 0.253173828
vt 0.314453125 0.240478516
vt 0.299804688 0.276855469
vt 0.280273438 0.28515625
vt 0.318359375 0.270263672
vt 0.308105469 0.307128906
vt 0.291259766 0.317382812
vt 0.325195312 0.299560547
vt 0.3203125 0.338378906
vt 0.307128906 0.348876953
vt 0.334716797 0.33203125
vt 0.334228516 0.365966797
vt 0.324462891 0.374511719
vt 0.344238281 0.359619141
vt 0.346923828 0.384765625
vt 0.342773438 0.393066406
vt 0.370849609 0.416992188
vt 0.348632812 0.295898438
vt 0.354248047 0.382080078
vt 0.353027344 0.328369141
vt 0.364257812 0.381347656
vt 0.374267578 0.383544922
vt 0.362304688 0.358886719
vt 0.352539062 0.258544922
vt 0.335449219 0.241699219
vt 0.329589844 0.225830078
vt 0.331787109 0.208129883
vt 0.364257812 0.239501953
vt 0.354492188 0.240478516
vt 0.344726562 0.235717773
vt 0.339599609 0.227661133
vt 0.372314453 0.233398438
vt 0.338867188 0.216186523
vt 0.341552734 0.20703125
vt 0.360351562 0.202392578
vt 0.349365234 0.202026367
vt 0.497070312 0.0534973145
vt 0.490478516 0.0478515625
vt 0.478027344 0.0653076172
vt 0.509277344 0.0236206055
vt 0.490478516 0.0702514648
vt 0.465820312 0.0885009766
vt 0.483154297 0.0941772461
vt 0.456787109 0.117919922
vt 0.500488281 0.073059082
vt 0.503417969 0.0534362793
vt 0.477539062 0.121826172
vt 0.453125 0.148193359
vt 0.510742188 0.0517883301
vt 0.51953125 0.0493774414
vt 0.52734375 0.0670776367
vt 0.514160156 0.0709228516
vt 0.497314453 0.0983886719
vt 0.525878906 0.0944824219
vt 0.540527344 0.0899658203
vt 0.513671875 0.0969848633
vt 0.537597656 0.119262695
vt 0.556152344 0.114196777
vt 0.566894531 0.131713867
vt 0.547363281 0.145141602
vt 0.577148438 0.14453125
vt 0.516113281 0.12298584
vt 0.496337891 0.125
vt 0.527832031 0.150024414
vt 0.476074219 0.147094727
vt 0.496337891 0.145996094
vt 0.479003906 0.172241211
vt 0.498291016 0.169067383
vt 0.455322266 0.177856445
vt 0.487060547 0.1953125
vt 0.464111328 0.205688477
vt 0.498535156 0.218505859
vt 0.476806641 0.230224609
vt 0.519042969 0.16015625
vt 0.506835938 0.191894531
vt 0.52734375 0.212402344
vt 0.508300781 0.2421875
vt 0.490722656 0.253662109
vt 0.514648438 0.190795898
vt 0.515136719 0.263916016
vt 0.501464844 0.273193359
vt 0.51953125 0.287353516
vt 0.508300781 0.293945312
vt 0.520996094 0.311035156
vt 0.512695312 0.314453125
vt 0.520019531 0.332763672
vt 0.514160156 0.334716797
vt 0.515625 0.363525391
vt 0.525878906 0.331787109
vt 0.531738281 0.309082031
vt 0.532226562 0.332763672
vt 0.537597656 0.335449219
vt 0.54296875 0.310302734
vt 0.552734375 0.314697266
vt 0.536621094 0.283447266
vt 0.553710938 0.283935547
vt 0.568847656 0.288818359
vt 0.537597656 0.257324219
vt 0.559570312 0.258544922
vt 0.580078125 0.264648438
vt 0.534667969 0.233642578
vt 0.568847656 0.234008789
vt 0.585449219 0.236572266
vt 0.552734375 0.233520508
vt 0.579101562 0.206420898
vt 0.587402344 0.207275391
vt 0.590332031 0.190917969
vt 0.544921875 0.209960938
vt 0.568359375 0.207763672
vt 0.579101562 0.189941406
vt 0.58984375 0.174560547
vt 0.576171875 0.174560547
vt 0.584960938 0.159301758
vt 0.565917969 0.185913086
vt 0.566894531 0.158691406
vt 0.561035156 0.168212891
vt 0.545898438 0.192504883
vt 0.549316406 0.183959961
vt 0.542480469 0.169067383
vt 0.547363281 0.175537109
vt 0.53515625 0.167724609
vt 0.528320312 0.170043945
vt 0.523925781 0.175415039
vt 0.514160156 0.169311523
vt 0.522460938 0.181884766
vt 0.513183594 0.179321289
vt 0.522949219 0.188476562
vt 0.525878906 0.194580078
vt 0.531738281 0.196777344
vt 0.538574219 0.195922852
vt 1.73339844 0.125976562
vt 1.70800781 0.134765625
vt 1.72949219 0.120483398
vt 1.75488281 0.115112305
vt 1.71875 0.141601562
vt 1.6953125 0.155639648
vt 1.73925781 0.129760742
vt 1.70996094 0.159912109
vt 1.69042969 0.17980957
vt 1.73046875 0.145751953
vt 1.70703125 0.1796875
vt 1.6953125 0.203735352
vt 1.74707031 0.132080078
vt 1.72460938 0.162475586
vt 1.70996094 0.19921875
vt 1.70898438 0.224121094
vt 1.7421875 0.148071289
vt 1.72265625 0.1796875
vt 1.71875 0.217529297
vt 1.72851562 0.23840332
vt 1.75390625 0.13293457
vt 1.73925781 0.16394043
vt 1.72460938 0.196777344
vt 1.73339844 0.233276367
vt 1.75390625 0.244750977
vt 1.75390625 0.148925781
vt 1.73828125 0.17980957
vt 1.72949219 0.213623047
vt 1.76171875 0.132202148
vt 1.75390625 0.164428711
vt 1.73925781 0.195556641
vt 1.73925781 0.229614258
vt 1.76660156 0.14831543
vt 1.76855469 0.130249023
vt 1.75390625 0.17980957
vt 1.74121094 0.211547852
vt 1.77539062 0.126586914
vt 1.77929688 0.121459961
vt 1.76855469 0.16418457
vt 1.77832031 0.146240234
vt 1.7890625 0.142333984
vt 1.79980469 0.135620117
vt 1.75390625 0.1953125
vt 1.74609375 0.227539062
vt 1.76953125 0.180053711
vt 1.78320312 0.163085938
vt 1.79785156 0.160644531
vt 1.8125 0.15612793
vt 1.75390625 0.2109375
vt 1.76855469 0.195922852
vt 1.78515625 0.180175781
vt 1.80078125 0.180175781
vt 1.81738281 0.180053711
vt 1.75390625 0.226928711
vt 1.765625 0.211791992
vt 1.78320312 0.197265625
vt 1.79785156 0.199829102
vt 1.81347656 0.204101562
vt 1.76074219 0.227783203
vt 1.77734375 0.214111328
vt 1.7890625 0.218139648
vt 1.79980469 0.224975586
vt 1.76855469 0.229980469
vt 1.77441406 0.233764648
vt 1.77832031 0.239379883
vt 0.618164062 0.542480469
vt 0.623046875 0.527832031
vt 0.6015625 0.516113281
vt 0.646972656 0.531738281
vt 0.591796875 0.530761719
vt 0.5703125 0.508300781
vt 0.584472656 0.497802734
vt 0.557128906 0.481933594
vt 0.573730469 0.475830078
vt 0.552246094 0.452636719
vt 0.570800781 0.452148438
vt 0.557128906 0.423095703
vt 0.57421875 0.427734375
vt 0.570800781 0.395996094
vt 0.584960938 0.406005859
vt 0.601074219 0.389404297
vt 0.592285156 0.373291016
vt 0.623535156 0.377441406
vt 0.556152344 0.385009766
vt 0.539550781 0.417724609
vt 0.533691406 0.452880859
vt 0.5390625 0.488525391
vt 0.555175781 0.520507812
vt 0.579589844 0.547851562
vt 0.582519531 0.357177734
vt 0.613769531 0.55859375
vt 0.60546875 0.573242188
vt 0.617675781 0.341552734
vt 0.613769531 0.327636719
vt 0.646972656 0.568359375
vt 0.646972656 0.606445312
vt 0.646972656 0.632324219
vt 0.688476562 0.573242188
vt 0.680175781 0.55859375
vt 0.71484375 0.547851562
vt 0.67578125 0.542480469
vt 0.671386719 0.527832031
vt 0.692871094 0.516113281
vt 0.702636719 0.530761719
vt 0.739257812 0.520507812
vt 0.724121094 0.508300781
vt 0.709960938 0.497802734
vt 0.754882812 0.488525391
vt 0.737304688 0.481933594
vt 0.720214844 0.475830078
vt 0.760253906 0.452880859
vt 0.7421875 0.452636719
vt 0.723632812 0.452392578
vt 0.754882812 0.417724609
vt 0.737304688 0.423095703
vt 0.719726562 0.427734375
vt 0.737792969 0.385009766
vt 0.723632812 0.395996094
vt 0.708984375 0.406005859
vt 0.693359375 0.389404297
vt 0.702148438 0.373291016
vt 0.711914062 0.357177734
vt 0.670898438 0.377441406
vt 0.676269531 0.341552734
vt 0.680664062 0.327636719
vt 0.673828125 0.361083984
vt 0.646972656 0.373779297
vt 0.646972656 0.307861328
vt 0.646972656 0.286621094
vt 0.646972656 0.342773438
vt 0.620605469 0.360839844
vt 0.853515625 0.73046875
vt 0.856445312 0.711425781
vt 0.854492188 0.734375
vt 0.835449219 0.718261719
vt 0.848144531 0.709472656
vt 0.856445312 0.698242188
vt 0.83984375 0.713378906
vt 0.825683594 0.70703125
vt 0.84375 0.709472656
vt 0.846191406 0.696777344
vt 0.857910156 0.679199219
vt 0.83203125 0.701660156
vt 0.811035156 0.688476562
vt 0.844726562 0.677246094
vt 0.859863281 0.655761719
vt 0.838378906 0.696777344
vt 0.821289062 0.682617188
vt 0.842285156 0.652832031
vt 0.861816406 0.629394531
vt 0.831054688 0.677734375
vt 0.809570312 0.656738281
vt 0.793945312 0.662109375
vt 0.840332031 0.626464844
vt 0.863769531 0.602539062
vt 0.823730469 0.651855469
vt 0.799804688 0.628417969
vt 0.78125 0.6328125
vt 0.817382812 0.625
vt 0.839355469 0.599609375
vt 0.865234375 0.576660156
vt 0.794433594 0.600097656
vt 0.772949219 0.603515625
vt 0.76953125 0.573730469
vt 0.812988281 0.59765625
vt 0.83984375 0.573242188
vt 0.865234375 0.551757812
vt 0.792480469 0.572265625
vt 0.770507812 0.546386719
vt 0.840332031 0.548339844
vt 0.86328125 0.526855469
vt 0.811523438 0.571289062
vt 0.793945312 0.546386719
vt 0.776367188 0.519042969
vt 0.840332031 0.523925781
vt 0.858886719 0.502441406
vt 0.812988281 0.545898438
vt 0.797363281 0.520507812
vt 0.78515625 0.496337891
vt 0.838378906 0.500488281
vt 0.851074219 0.479248047
vt 0.815917969 0.520996094
vt 0.802246094 0.497558594
vt 0.793945312 0.474365234
vt 0.835449219 0.478515625
vt 0.838378906 0.455566406
vt 0.819824219 0.498535156
vt 0.807128906 0.476074219
vt 0.802246094 0.455078125
vt 0.829589844 0.45703125
vt 0.815917969 0.427734375
vt 0.822265625 0.4765625
vt 0.811523438 0.456298828
vt 0.821289062 0.457275391
vt 0.853515625 0.73046875
vt 0.854492188 0.734375
vt 0.856445312 0.711425781
vt 0.835449219 0.718261719
vt 0.848144531 0.709472656
vt 0.856445312 0.698242188
vt 0.83984375 0.713378906
vt 0.825683594 0.70703125
vt 0.84375 0.709472656
vt 0.846191406 0.696777344
vt 0.857910156 0.679199219
vt 0.83203125 0.701660156
vt 0.811035156 0.688476562
vt 0.844726562 0.677246094
vt 0.859863281 0.655761719
vt 0.838378906 0.696777344
vt 0.821289062 0.682617188
vt 0.842285156 0.652832031
vt 0.861816406 0.629394531
vt 0.831054688 0.677734375
vt 0.809570312 0.656738281
vt 0.793945312 0.662109375
vt 0.840332031 0.626464844
vt 0.863769531 0.602539062
vt 0.823730469 0.651855469
vt 0.799804688 0.628417969
vt 0.78125 0.6328125
vt 0.817382812 0.625
vt 0.839355469 0.599609375
vt 0.865234375 0.576660156
vt 0.794433594 0.600097656
vt 0.772949219 0.603515625
vt 0.76953125 0.573730469
vt 0.812988281 0.59765625
vt 0.83984375 0.573242188
vt 0.865234375 0.551757812
vt 0.792480469 0.572265625
vt 0.770507812 0.546386719
vt 0.840332031 0.548339844
vt 0.86328125 0.526855469
vt 0.811523438 0.571289062
vt 0.793945312 0.546386719
vt 0.776367188 0.519042969
vt 0.840332031 0.523925781
vt 0.858886719 0.502441406
vt 0.812988281 0.545898438
vt 0.797363281 0.520507812
vt 0.78515625 0.496337891
vt 0.838378906 0.500488281
vt 0.851074219 0.479248047
vt 0.815917969 0.520996094
vt 0.802246094 0.497558594
vt 0.793945312 0.474365234
vt 0.835449219 0.478515625
vt 0.838378906 0.455566406
vt 0.819824219 0.498535156
vt 0.807128906 0.476074219
vt 0.802246094 0.455078125
vt 0.829589844 0.45703125
vt 0.815917969 0.427734375
vt 0.822265625 0.4765625
vt 0.811523438 0.456298828
vt 0.821289062 0.457275391
vt 0.733398438 0.125976562
vt 0.729492188 0.120483398
vt 0.708496094 0.134765625
vt 0.754394531 0.115112305
vt 0.71875 0.141601562
vt 0.694824219 0.155639648
vt 0.739746094 0.129760742
vt 0.709960938 0.159912109
vt 0.690429688 0.17980957
vt 0.73046875 0.145751953
vt 0.707519531 0.1796875
vt 0.6953125 0.203735352
vt 0.746582031 0.132080078
vt 0.725097656 0.162475586
vt 0.709960938 0.19921875
vt 0.708496094 0.224121094
vt 0.7421875 0.148071289
vt 0.723144531 0.1796875
vt 0.71875 0.217529297
vt 0.729003906 0.23840332
vt 0.754394531 0.13293457
vt 0.739746094 0.16394043
vt 0.724609375 0.196777344
vt 0.732910156 0.233276367
vt 0.753417969 0.244750977
vt 0.754394531 0.148925781
vt 0.738769531 0.17980957
vt 0.729980469 0.213623047
vt 0.76171875 0.132202148
vt 0.754394531 0.164428711
vt 0.739257812 0.195556641
vt 0.739257812 0.229614258
vt 0.766113281 0.14831543
vt 0.769042969 0.130249023
vt 0.75390625 0.17980957
vt 0.741699219 0.211547852
vt 0.774902344 0.126586914
vt 0.779296875 0.121459961
vt 0.768554688 0.16418457
vt 0.778320312 0.146240234
vt 0.789550781 0.142333984
vt 0.799316406 0.135620117
vt 0.75390625 0.1953125
vt 0.74609375 0.227539062
vt 0.76953125 0.180053711
vt 0.783203125 0.163085938
vt 0.797851562 0.160644531
vt 0.812988281 0.15612793
vt 0.75390625 0.2109375
vt 0.768554688 0.195922852
vt 0.784667969 0.180175781
vt 0.80078125 0.180175781
vt 0.817382812 0.180053711
vt 0.753417969 0.226928711
vt 0.765625 0.211791992
vt 0.782714844 0.197265625
vt 0.797851562 0.199829102
vt 0.812988281 0.204101562
vt 0.761230469 0.227783203
vt 0.777832031 0.214111328
vt 0.7890625 0.218139648
vt 0.799316406 0.224975586
vt 0.768066406 0.229980469
vt 0.774414062 0.233764648
vt 0.778808594 0.239379883
vn 0.00728198187 -0.992326379 0.123431735
vn 0.00743085379 -0.992338002 0.12332987
vn 0.00743085332 -0.992338002 0.12332987
vn 0.0072816601 -0.992326379 0.123431943
vn 0.00723092351 -0.992322385 0.123466782
vn 0.00723093795 -0.992322385 0.12346676
vn 0.00722191017 -0.992321551 0.123474471
vn 0.0072220196 -0.992321432 0.123474479
vn 0.0072326092 -0.992322266 0.123467699
vn 0.00723386556 -0.992322385 0.123466797
vn 0.00723992847 -0.992322803 0.123462595
vn 0.00723570632 -0.992322385 0.123466522
vn 0.00660780165 -0.993713796 0.111755423
vn 0.104952216 -0.994156957 0.0252361502
vn 0.00722645782 -0.992321312 0.123475768
vn -0.117964692 -0.992939353 0.0124852313
vn 0.00724425213 -0.992321908 0.123470075
vn -0.00369168958 -0.992500126 0.12218754
vn -0.00609336747 -0.99679333 0.0797862783
vn -0.0206411239 -0.997268856 0.0709136054
vn -0.0369616412 -0.996606588 -0.0735475793
vn -0.0480665267 -0.989304423 -0.137718856
vn -0.114759609 -0.879363954 -0.462113827
vn -0.131173447 -0.833982646 -0.535972297
vn -0.197164327 -0.542371631 -0.816675782
vn -0.203066677 -0.504691839 -0.839076936
vn -0.237130523 5.03149158E-06 -0.971477807
vn -0.237130538 5.62903006E-06 -0.971477807
vn -0.203072652 0.504689038 -0.839077115
vn -0.197170585 0.542364895 -0.816678762
vn -0.131177709 0.833974719 -0.535983682
vn -0.114762537 0.879358768 -0.462123066
vn -0.0480682142 0.989305019 -0.137713686
vn -0.0369650498 0.996607065 -0.0735394284
vn -0.0206491128 0.997267723 0.0709282011
vn -0.00610259268 0.996791899 0.0798029974
vn -0.0036968179 0.99249965 0.122191541
vn -0.117971554 0.992938459 0.0124897314
vn 0.00724359648 0.992322624 0.123464279
vn 0.0066181859 0.993715703 0.111737885
vn 0.104973093 0.994153678 0.0252827425
vn 0.00723602576 0.992323518 0.123457216
vn 0.00722787715 0.992322385 0.123466723
vn 0.00722735655 0.992322266 0.123468518
vn 0.00721643399 0.992321193 0.123477496
vn 0.00721528754 0.992321074 0.12347842
vn 0.00721671572 0.992321432 0.123475559
vn 0.00721784169 0.992321551 0.123474456
vn 0.00723825954 0.992323637 0.123456024
vn 0.00723825581 0.992323637 0.123456039
vn 0.0072650644 0.992325544 0.123439401
vn 0.00726455497 0.992325425 0.123439729
vn 0.0075010513 0.992343962 0.123277202
vn 0.0075010513 0.992343962 0.123277202
vn -0.99969542 0 -0.024678858
vn -0.919315934 0 0.393520385
vn -0.99969542 0 -0.024678858
vn -0.919316113 0 0.393519878
vn -0.893391192 0 0.449279606
vn -0.893391252 0 0.449279487
vn -0.878467739 -3.19846407E-07 0.477801561
vn -0.878467917 -3.19837483E-07 0.477801263
vn -0.852815926 -1.78224911E-06 0.522211552
vn -0.852815866 -1.78225116E-06 0.522211671
vn -0.846390128 -4.878661E-06 0.532563329
vn -0.0835487396 3.64843709E-06 -0.996503711
vn -0.0835487321 3.64843663E-06 -0.996503711
vn -0.156557143 3.46963225E-06 -0.987668931
vn -0.156556338 3.46963429E-06 -0.987669051
vn -0.284193754 1.90645244E-06 -0.958766878
vn -0.284192055 1.90647552E-06 -0.958767414
vn -0.530130029 0 -0.847916305
vn -0.530128539 0 -0.847917318
vn -0.782964289 0 -0.622066677
vn -0.782964289 0 -0.622066677
vn -0.957320154 0 -0.289029628
vn -0.957320154 0 -0.289029598
vn -0.998985946 0 0.0450212359
vn -0.998986065 0 0.0450193584
vn -0.915866315 0 0.401483297
vn -0.915865362 0 0.401485503
vn -0.675254703 0 0.737584591
vn -0.67525655 0 0.737582982
vn -0.297458172 0 0.954734862
vn -0.297458351 0 0.954734743
vn 0.0512313172 0 0.99868685
vn 0.0512312315 0 0.99868685
vn 0.392077506 0 0.919932127
vn 0.392077625 0 0.919932127
vn 0.697221398 0 0.716855884
vn 0.697222888 0 0.716854393
vn 0.873808622 0 0.48627013
vn 0.873808622 0 0.48627013
vn 0.965932846 0 0.258792788
vn 0.965932608 0 0.258793741
vn 0.999567926 0 0.0293943323
vn 0.999567926 0 0.0293946061
vn 0.979655266 0 -0.200687498
vn 0.979655504 0 -0.200686544
vn 0.934490919 0 -0.355987012
vn 0.934490919 0 -0.355986983
vn 0.899056315 0 -0.437832952
vn 0.899056494 0 -0.437832743
vn 0.860081494 0 -0.510156631
vn 0.860081494 0 -0.510156691
vn 0.855641544 0 -0.517568767
vn -0.41621694 -0.908239961 0.0431680754
vn -0 -0.999400854 0.0346125402
vn -1.61254479E-06 -0.997434914 0.0715787709
vn -0.370419651 -0.918131053 0.140799925
vn -0.355137169 -0.934813619 0.00103939709
vn -0 -0.988011301 0.154381901
vn -0.270822853 -0.955903649 0.113592334
vn -0.309907883 -0.897952378 0.312471777
vn 4.03136653E-07 -0.95461762 0.297834069
vn -0.409498066 -0.871135473 0.270987779
vn 1.30668502E-06 -0.951155543 0.308712125
vn -0.918763876 0.00260259467 -0.394799054
vn 1.96348947E-06 0.005737158 -0.999983549
vn 1.92818379E-06 0.00573715847 -0.999983549
vn -0.918093383 0.00263332715 -0.39635542
vn -0.852092683 0.00302097993 -0.523382246
vn -0.850643814 0.00285205478 -0.525734782
vn -0.787228405 -0.00393278385 -0.616649091
vn -0 -0.0544617288 0.998515904
vn -0.920883238 -0.009082173 0.389732838
vn -0 -0.0544617288 0.998515904
vn -0.914781213 -0.00707657635 0.403887779
vn -0.802318454 0.0252478179 0.596362054
vn -0.787777007 0.0295452569 0.615251482
vn -0.638308704 0.066905655 0.76686734
vn -0.559563994 0.826609969 -0.0600341409
vn -1.31408194E-06 0.999924779 0.0122701311
vn -0 0.992860496 -0.119281217
vn -0.463707656 0.885841012 -0.0161543116
vn -0.403046578 0.904191136 -0.14139232
vn -0.307048112 0.949361682 -0.0665873587
vn -0.362432003 0.922099471 0.13555634
vn -2.08328075E-07 0.999995708 -0.00294184545
vn -0.48851651 0.865193129 0.113103539
vn -0 0.99299109 0.11818932
vn 6.28051112E-07 0.998210788 0.0597921871
vn -0.00817691721 -0.994267702 0.106605202
vn -0.00817691721 -0.994267702 0.106605209
vn -0.00826050434 -0.99622643 0.0863979831
vn -0.00826761592 -0.996377409 0.0846377537
vn -0.00580112496 -0.997850418 0.0652755499
vn -0.00576634379 -0.997852683 0.0652442649
vn -0.00554485759 -0.997959614 0.0636066496
vn -0.00559099996 -0.997958779 0.0636165962
vn -0 -0.997939646 0.0641599968
vn -0 -0.997939646 0.0641600043
vn -0 -0.995344698 0.0963791311
vn 2.89912768E-05 -0.995206296 0.0977974162
vn 1.26048462E-07 -0.995206296 0.0977974236
vn 8.29346318E-05 -0.995374978 0.0960664079
vn -0 -0.995585799 0.0938550457
vn 9.1029171E-05 -0.995605767 0.0936430693
vn 4.58939794E-05 -0.995720685 0.0924134925
vn -0 -0.995610893 0.0935899615
vn 0.00170713454 -0.995075166 0.0991081744
vn -0.0026611099 -0.996254206 0.0864310637
vn -0.000116483228 -0.99601835 0.0891486928
vn -0.000104590647 -0.996083975 0.0884123519
vn 0.00579610653 -0.996385813 0.0847445056
vn 0.00241847965 -0.997798085 0.0662805066
vn 0.000748908031 -0.996835947 0.0794821233
vn 0.00373758422 -0.996470094 0.0838651434
vn 0.00359022873 -0.995776117 0.0917438269
vn 0.00428613881 -0.996548235 0.0829058662
vn 0.00822647009 -0.997107208 0.0755613372
vn -0.000731861277 -0.996487379 0.0837401673
vn -0.0372180007 -0.995513737 0.0869896188
vn -0.00328690535 -0.996738732 0.0806292295
vn -0 -0.996702731 0.0811390877
vn -0 -0.996603012 0.0823555216
vn -0.00818085391 0.994268537 0.106597438
vn -0.00826711114 0.996226668 0.0863948464
vn -0.00818085391 0.994268537 0.106597431
vn -0.00827445649 0.996377647 0.0846350491
vn -0.00576627441 0.997852564 0.0652460828
vn -0.00580117945 0.997850299 0.0652773455
vn -0.00553657953 0.997959495 0.0636101961
vn -0.0055827233 0.997958541 0.0636201873
vn -0 0.997939289 0.0641650036
vn -0 0.997939289 0.0641649961
vn 2.87391849E-05 0.995206416 0.0977966636
vn -0 0.995344698 0.0963790864
vn -0 0.995206416 0.0977967605
vn 8.28460688E-05 0.995374978 0.0960665569
vn -0 0.995584965 0.0938647017
vn 8.92181924E-05 0.995604873 0.0936537236
vn 4.77717767E-05 0.995719373 0.0924286097
vn -0 0.995609581 0.0936036706
vn 0.00169263734 0.995075762 0.0991029963
vn -0.00267453026 0.99625659 0.0864042267
vn -0.000104141072 0.996018469 0.0891475976
vn -9.34135751E-05 0.996084809 0.0884020105
vn 0.005806664 0.996385932 0.084743306
vn 0.0024283526 0.997798324 0.0662777796
vn 0.000758462062 0.996835947 0.0794826671
vn 0.00374700129 0.996469736 0.0838693604
vn 0.0035990756 0.995775759 0.0917482004
vn 0.00429893704 0.996547878 0.0829081535
vn 0.00823874678 0.997107089 0.0755620524
vn -0.000725268153 0.996487856 0.0837343559
vn -0.0372458175 0.995512187 0.0869959518
vn -0.00329383509 0.996738613 0.0806298852
vn 1.99665976E-07 0.996703684 0.0811281949
vn 2.13225164E-07 0.996603012 0.0823555365
vn -0.248582602 0 0.968610644
vn -0.248582572 0 0.968610644
vn -0.248582602 0 0.968610644
vn -0.248582602 0 0.968610644
vn -0.987818956 0 -0.155607417
vn -0.987818956 0 -0.155607402
vn -0.903524697 0 -0.428535908
vn -0.903524816 0 -0.4285357
vn -0.652369261 0 -0.757901251
vn -0.652368784 0 -0.757901669
vn -0.382028341 0 -0.924150586
vn -0.382028878 0 -0.924150348
vn -6.46510671E-07 0 -1
vn -6.24212532E-07 0 -1
vn -0.797049344 0 0.603914142
vn -0.687710047 0 0.725985527
vn -0.687709987 0 0.725985527
vn -0.797050476 0 0.603912711
vn -0.898182333 0 0.439623237
vn -0.898181975 0 0.439623922
vn -0.799646556 0 0.60047102
vn -0.799646556 0 0.60047102
vn -0.543658555 0 0.839306474
vn -0.543658555 0 0.839306474
vn -0.223026723 0 0.974812329
vn -0.223026723 0 0.974812329
vn -3.862227E-06 0 1
vn -3.8585863E-06 0 1
vn 0.312473625 0 -0.949926496
vn -7.2332723E-06 0 -1
vn -7.25144355E-06 0 -1
vn 0.312475532 0 -0.949925721
vn 0.550580442 0 -0.834782064
vn 0.550583363 0 -0.834780157
vn 0.813556969 0 -0.581485271
vn 0.813556969 0 -0.581485271
vn 0.962985694 0 -0.269552618
vn 0.962985694 0 -0.269552588
vn 0.999951839 0 0.00981747918
vn 0.999951839 0 0.00981748849
vn 0.945393205 0 0.325932175
vn 0.945393205 0 0.325932115
vn 0.798007846 0 0.602647007
vn 0.798007905 0 0.602647007
vn 0.56276083 -8.72918861E-07 0.826619804
vn 0.562763989 -8.72902433E-07 0.826617599
vn 0.310824811 -1.21320511E-06 0.950467229
vn 0.310825884 -1.21320932E-06 0.950466931
vn -2.45679371E-06 -8.70143424E-07 1
vn -2.46459354E-06 -8.70143424E-07 1
vn 0.563142836 -0.750093877 0.34674105
vn 0.598071694 -0.773957431 0.208086893
vn 0.598071635 -0.773957431 0.208086878
vn 0.564389348 -0.751059592 0.342599064
vn 0.440986454 -0.717548788 0.539124012
vn 0.438087881 -0.717375934 0.541710913
vn 0.259245455 -0.711124957 0.653523564
vn 0.254410803 -0.711026371 0.655527771
vn -1.31446271E-07 -0.705155313 0.709052861
vn -1.29976883E-07 -0.705155253 0.70905292
vn 0.598070204 0.773958504 0.208087042
vn 0.598070145 0.773958504 0.208087072
vn 0.563141644 0.750094652 0.346741229
vn 0.564388156 0.751060367 0.342599332
vn 0.440990508 0.717548907 0.539120495
vn 0.438091695 0.717376053 0.541707814
vn 0.259252161 0.711125612 0.653520167
vn 0.254416615 0.711027026 0.65552485
vn 1.25186929E-07 0.705155313 0.709052861
vn 1.14379652E-07 0.705155253 0.70905292
vn 0.40063709 0 0.916236818
vn 0.40063706 0 0.916236937
vn 0.400637031 0 0.916236818
vn 0.40063709 0 0.916236818
vn -0.00728205871 -0.992326379 0.123431645
vn -0.00742980465 -0.992338002 0.123329856
vn -0.00742980419 -0.992338002 0.123329841
vn -0.0072817402 -0.992326379 0.123431854
vn -0.0072308355 -0.992322385 0.123466782
vn -0.00723084947 -0.992322385 0.123466775
vn -0.00722214393 -0.992321551 0.123474449
vn -0.00722227897 -0.992321432 0.123474464
vn -0.00723290676 -0.992322266 0.123467691
vn -0.00723413704 -0.992322385 0.123466782
vn -0.00723990705 -0.992322803 0.123462565
vn -0.00723560574 -0.992322385 0.123466462
vn -0.00660766708 -0.993713796 0.11175523
vn -0.104955047 -0.994156718 0.025235679
vn -0.007226252 -0.992321312 0.123475596
vn 0.117961973 -0.992939591 0.0124858413
vn -0.00724441512 -0.992321908 0.123469874
vn 0.00369153335 -0.992500126 0.122187503
vn 0.00609331485 -0.99679333 0.0797865391
vn 0.0206410494 -0.997268856 0.0709136426
vn 0.0369615331 -0.996606588 -0.0735470727
vn 0.0480664745 -0.989304423 -0.137718648
vn 0.114759699 -0.879363954 -0.462113827
vn 0.131173611 -0.833982766 -0.535972297
vn 0.197164133 -0.542370558 -0.816676497
vn 0.20306623 -0.504691422 -0.839077175
vn 0.237129718 4.97401288E-06 -0.971477926
vn 0.237129673 5.54621829E-06 -0.971477926
vn 0.203072667 0.50468868 -0.839077353
vn 0.197170824 0.542363822 -0.816679358
vn 0.131178632 0.833974719 -0.535983562
vn 0.11476361 0.879358709 -0.462122977
vn 0.0480690226 0.989305019 -0.137713373
vn 0.0369654857 0.996607065 -0.0735388175
vn 0.0206486974 0.997267723 0.0709283277
vn 0.00610248698 0.996791899 0.0798031762
vn 0.00369648822 0.99249965 0.122191451
vn 0.117970496 0.992938578 0.0124889119
vn -0.00724419067 0.992322624 0.123464204
vn -0.0066175689 0.993715703 0.111738093
vn -0.104974009 0.994153559 0.0252819695
vn -0.00723568117 0.992323518 0.123457476
vn -0.00722863479 0.992322385 0.12346673
vn -0.00722851371 0.992322266 0.123468436
vn -0.00721698301 0.992321193 0.123477459
vn -0.00721571455 0.992321074 0.12347839
vn -0.00721624913 0.992321432 0.123475686
vn -0.00721737789 0.992321551 0.123474605
vn -0.00723820878 0.992323637 0.123456195
vn -0.00723820413 0.992323637 0.123456195
vn -0.00726637058 0.992325544 0.123439327
vn -0.00726586627 0.992325425 0.123439647
vn -0.00750000635 0.992343962 0.123276792
vn -0.00750000682 0.992343962 0.123276792
vn 0.99969542 0 -0.0246781632
vn 0.99969542 0 -0.0246781632
vn 0.919315934 0 0.393520236
vn 0.919316113 0 0.3935197
vn 0.893390238 0 0.449281543
vn 0.893390298 0 0.449281514
vn 0.878466845 -3.26845111E-07 0.4778032
vn 0.878467083 -3.26835931E-07 0.477802932
vn 0.852818251 -1.81554594E-06 0.522207618
vn 0.852818251 -1.81554788E-06 0.522207618
vn 0.846396863 -4.78183165E-06 0.532552719
vn 0.0835218951 3.64844504E-06 -0.996505976
vn 0.156557426 3.48210779E-06 -0.987668812
vn 0.0835218877 3.64844504E-06 -0.996505976
vn 0.156556591 3.48210938E-06 -0.987668931
vn 0.284192055 1.91508025E-06 -0.958767414
vn 0.284190357 1.91510321E-06 -0.958767831
vn 0.530126154 0 -0.847918749
vn 0.530124605 0 -0.847919703
vn 0.78296721 0 -0.622062981
vn 0.78296721 0 -0.622063041
vn 0.957322121 0 -0.289022863
vn 0.95732224 0 -0.289022863
vn 0.998985946 0 0.0450221822
vn 0.998986065 0 0.0450202934
vn 0.915870368 0 0.401474029
vn 0.915869474 0 0.401476175
vn 0.675255775 0 0.737583697
vn 0.675257564 0 0.737582028
vn 0.297449946 0 0.954737365
vn 0.297450155 0 0.954737365
vn -0.051232025 0 0.998686731
vn -0.0512319356 0 0.998686731
vn -0.392085016 0 0.919928968
vn -0.392085105 0 0.919928908
vn -0.697217047 0 0.716860116
vn -0.697218537 0 0.716858625
vn -0.873807609 0 0.486271858
vn -0.873807609 0 0.486271828
vn -0.965931475 0 0.258797795
vn -0.965931296 0 0.258798778
vn -0.999567807 0 0.0293985587
vn -0.999567807 0 0.0293988474
vn -0.979654372 0 -0.200692236
vn -0.97965461 0 -0.200691313
vn -0.934489429 0 -0.355990827
vn -0.934489429 0 -0.355990827
vn -0.899056315 0 -0.437833011
vn -0.899056375 0 -0.437832743
vn -0.860081434 0 -0.51015687
vn -0.860081434 0 -0.51015687
vn -0.855659187 0 -0.51753962
vn 0.416217744 -0.908239663 0.043167796
vn -1.61254479E-06 -0.997434914 0.0715787709
vn -0 -0.999400854 0.0346125402
vn 0.37041986 -0.918131053 0.14079985
vn 0.355136037 -0.934814036 0.00103927648
vn -0 -0.988011301 0.154381901
vn 0.270822793 -0.955903649 0.113592461
vn 0.309908837 -0.897952139 0.312471539
vn 4.03136653E-07 -0.95461762 0.297834069
vn 0.409498513 -0.871135235 0.270987689
vn 1.30668502E-06 -0.951155543 0.308712125
vn 0.918764472 0.00260258652 -0.394797474
vn 1.92818379E-06 0.00573715847 -0.999983549
vn 1.96348947E-06 0.005737158 -0.999983549
vn 0.918093979 0.00263331761 -0.3963539
vn 0.852092087 0.0030208705 -0.52338326
vn 0.850643218 0.00285194768 -0.525735617
vn 0.787229478 -0.0039327885 -0.616647661
vn -0 -0.0544617288 0.998515904
vn -0 -0.0544617288 0.998515904
vn 0.920883238 -0.00908214413 0.389732808
vn 0.914781213 -0.00707656704 0.40388763
vn 0.802320302 0.0252477266 0.596359551
vn 0.78777957 0.0295451842 0.615248144
vn 0.638320982 0.0669056103 0.766857147
vn 0.559565365 0.826608956 -0.0600344613
vn -0 0.992860496 -0.119281217
vn -1.31408194E-06 0.999924779 0.0122701311
vn 0.463707983 0.885840833 -0.0161544085
vn 0.403047115 0.904190958 -0.14139241
vn 0.307049036 0.949361444 -0.0665871352
vn 0.36243245 0.922099352 0.135556027
vn -2.08328075E-07 0.999995708 -0.00294184545
vn 0.488516331 0.865193307 0.113103554
vn -0 0.99299109 0.11818932
vn 6.28051112E-07 0.998210788 0.0597921871
vn 0.00817693211 -0.994267702 0.106605262
vn 0.00826048665 -0.99622643 0.0863980353
vn 0.00817693304 -0.994267702 0.106605269
vn 0.00826759636 -0.996377409 0.0846377388
vn 0.00580110168 -0.997850418 0.0652755797
vn 0.00576631818 -0.997852683 0.0652442947
vn 0.00554491766 -0.997959614 0.0636066422
vn 0.00559104839 -0.997958779 0.0636166036
vn -0 -0.997939646 0.0641599968
vn -0 -0.997939646 0.0641600043
vn -0 -0.995344698 0.0963791311
vn 1.26048462E-07 -0.995206296 0.0977974236
vn -2.87391831E-05 -0.995206296 0.0977974236
vn -8.28460616E-05 -0.995374978 0.0960664973
vn -0 -0.995585799 0.0938550457
vn -9.10126037E-05 -0.995605767 0.0936431363
vn -4.5833327E-05 -0.995720685 0.0924134701
vn -0 -0.995610893 0.0935899615
vn -0.00170695956 -0.995075166 0.0991082415
vn 0.00266129826 -0.996254206 0.0864311606
vn 0.00011666739 -0.99601835 0.0891486034
vn 0.000104897932 -0.996083856 0.0884125382
vn -0.00579604553 -0.996385813 0.0847445801
vn -0.00241823704 -0.997798085 0.0662807673
vn -0.000748765888 -0.996836066 0.0794815794
vn -0.00373757002 -0.996470094 0.0838651806
vn -0.00358999101 -0.995776117 0.0917439535
vn -0.00428604428 -0.996548235 0.0829058364
vn -0.00822649989 -0.997107208 0.0755612925
vn 0.000731900043 -0.996487379 0.0837402195
vn 0.0372179896 -0.995513737 0.086989671
vn 0.00328685204 -0.996738732 0.0806293711
vn -0 -0.996702731 0.0811390877
vn -0 -0.996603012 0.0823555216
vn 0.00818086974 0.994268537 0.106597424
vn 0.00818087161 0.994268537 0.106597431
vn 0.00826706924 0.996226668 0.0863948092
vn 0.00827441085 0.996377647 0.0846349597
vn 0.00576627301 0.997852564 0.0652460828
vn 0.00580117945 0.997850299 0.0652773529
vn 0.00553657021 0.997959495 0.0636102036
vn 0.00558269862 0.997958541 0.0636201799
vn -0 0.997939289 0.0641650036
vn -0 0.997939289 0.0641649961
vn -2.87391849E-05 0.995206416 0.0977968574
vn -0 0.995206416 0.0977967605
vn -0 0.995344698 0.0963790864
vn -8.28460616E-05 0.995374978 0.0960664973
vn -0 0.995584965 0.0938647017
vn -8.92184107E-05 0.995604873 0.0936537683
vn -4.7796173E-05 0.995719373 0.092428647
vn -0 0.995609581 0.0936036706
vn -0.00169260346 0.995075762 0.0991031453
vn 0.00267516868 0.99625659 0.0864041001
vn 0.000103983031 0.996018469 0.0891475901
vn 9.3369672E-05 0.996084809 0.0884021297
vn -0.00580653455 0.996385932 0.0847433507
vn -0.00242803409 0.997798324 0.0662775636
vn -0.000758396229 0.996835947 0.0794824585
vn -0.00374702108 0.996469736 0.0838693678
vn -0.0035991841 0.995775759 0.0917484537
vn -0.00429924252 0.996547878 0.0829080865
vn -0.0082391575 0.997107089 0.0755619779
vn 0.000725247897 0.996487856 0.0837342888
vn 0.0372455195 0.995512187 0.0869959295
vn 0.00329410471 0.996738613 0.0806299224
vn 1.99665976E-07 0.996703684 0.0811281949
vn 2.13225164E-07 0.996603012 0.0823555365
vn 0.248583674 0 0.968610406
vn 0.248583674 0 0.968610406
vn 0.248583674 0 0.968610406
vn 0.248583674 0 0.968610406
vn 0.987819672 0 -0.155603394
vn 0.903524995 0 -0.428535342
vn 0.987819672 0 -0.155603394
vn 0.903525114 0 -0.428535283
vn 0.652368784 0 -0.757901728
vn 0.652368248 0 -0.757902145
vn 0.38202852 0 -0.924150586
vn 0.382029027 0 -0.924150348
vn -6.46510671E-07 0 -1
vn -6.24212532E-07 0 -1
vn 0.797048688 0 0.603915095
vn 0.687712073 0 0.72598356
vn 0.687712073 0 0.72598362
vn 0.797049701 0 0.603913665
vn 0.898182511 0 0.439622641
vn 0.898182213 0 0.439623386
vn 0.799650431 0 0.600465894
vn 0.799650431 0 0.600465894
vn 0.543658137 0 0.839306831
vn 0.543658137 0 0.839306831
vn 0.223023176 0 0.974813104
vn 0.223023191 0 0.974813104
vn -3.862227E-06 0 1
vn -3.8585863E-06 0 1
vn -0.312476426 0 -0.949925542
vn -7.25144355E-06 0 -1
vn -7.2332723E-06 0 -1
vn -0.312478304 0 -0.949924886
vn -0.550582588 0 -0.834780753
vn -0.550585389 0 -0.834778905
vn -0.813560069 0 -0.58148092
vn -0.813560009 0 -0.58148098
vn -0.9629879 0 -0.269544274
vn -0.9629879 0 -0.269544274
vn -0.999951959 0 0.00980580598
vn -0.999951959 0 0.00980581995
vn -0.945397139 0 0.325920522
vn -0.945397139 0 0.325920522
vn -0.798009098 0 0.602645338
vn -0.798009038 0 0.602645397
vn -0.562760234 -8.74629848E-07 0.826620221
vn -0.562763453 -8.7461342E-07 0.826618016
vn -0.31082499 -1.21161247E-06 0.95046711
vn -0.310826093 -1.21161668E-06 0.950466812
vn -2.45679371E-06 -8.70143424E-07 1
vn -2.46459354E-06 -8.70143424E-07 1
vn -0.563144386 -0.750092804 0.346740931
vn -0.598074675 -0.773955524 0.208085582
vn -0.598074675 -0.773955524 0.208085552
vn -0.564391017 -0.751058459 0.342598855
vn -0.440986663 -0.717548728 0.539123833
vn -0.438088119 -0.717375934 0.541710913
vn -0.259245574 -0.711124957 0.653523445
vn -0.254410952 -0.71102643 0.655527711
vn -1.31446271E-07 -0.705155313 0.709052861
vn -1.29976883E-07 -0.705155253 0.70905292
vn -0.598078191 0.773952901 0.208084941
vn -0.563146174 0.750091672 0.346740633
vn -0.598078191 0.773952842 0.208084941
vn -0.564392745 0.751057327 0.342598408
vn -0.440991223 0.717548609 0.539120376
vn -0.438092232 0.717375696 0.541707754
vn -0.259251803 0.711125493 0.653520465
vn -0.254416257 0.711026907 0.655525029
vn 1.25186929E-07 0.705155313 0.709052861
vn 1.14379652E-07 0.705155253 0.70905292
vn -0.400648892 0 0.916231692
vn -0.400648892 0 0.916231692
vn -0.400648892 0 0.916231692
vn -0.400648832 0 0.916231692
vn -0.707107008 0.707106471 0
vn -0 0.999823391 -0.0187976696
vn -0 1 0
vn -0.706982136 0.70698154 -0.018797759
vn -1 0 0
vn 2.40753906E-07 0.938275397 -0.345889211
vn -0.999823391 0 -0.0187978558
vn -0.707107008 -0.707106471 0
vn -0.663460553 0.663460732 -0.345890045
vn -0.706982136 -0.70698154 -0.0187977627
vn -0 -1 0
vn -0 -0.999823391 -0.018797677
vn -0.42070055 0.420696378 -0.803757191
vn 4.15506884E-06 0.594956636 -0.803757787
vn -0.594966769 -3.2102875E-07 -0.803750336
vn -0.938275099 -1.85116789E-07 -0.345889986
vn -0.420702517 -0.420695782 -0.803756475
vn -0.663460732 -0.663460553 -0.345890045
vn -7.55643384E-07 -0.938275397 -0.3458893
vn -1.10068036E-07 -0.594956815 -0.803757668
vn -0 0 -1
vn 4.34055255E-06 0 -1
vn 4.3405521E-06 0 -1
vn -0 0 -1
vn -0 0 -1
vn 0.707106948 0.70710659 0
vn -0 1 0
vn -0 0.999823391 -0.0187976696
vn 0.706982136 0.706981599 -0.0187976751
vn 1 0 0
vn 2.40753906E-07 0.938275397 -0.345889211
vn 0.999823391 0 -0.0187977534
vn 0.707106948 -0.70710659 0
vn 0.663461208 0.663460553 -0.345889062
vn 0.706982076 -0.706981599 -0.0187977049
vn -0 -1 0
vn -0 -0.999823391 -0.018797677
vn 0.420696169 0.420693099 -0.803761184
vn 4.15506884E-06 0.594956636 -0.803757787
vn 0.594954729 -3.02683986E-07 -0.803759217
vn 0.938275158 -4.42055125E-07 -0.345889598
vn 0.420700103 -0.420692384 -0.803759515
vn 0.66346091 -0.663460732 -0.34588939
vn -7.55643384E-07 -0.938275397 -0.3458893
vn -1.10068036E-07 -0.594956815 -0.803757668
vn 7.43398459E-06 0 -1
vn 4.3405521E-06 0 -1
vn 4.34055255E-06 0 -1
vn 7.43398368E-06 0 -1
vn -2.89147119E-05 0 -1
vn -0.129397914 0.990291536 0.0507837124
vn -0.819180787 0.571049809 0.053337194
vn -0.706880271 0.703779578 0.0708145201
vn -0.078226395 0.995492458 0.0536210835
vn 0.525819838 0.85030973 0.0220650304
vn 0.68292439 0.72845608 0.0544608235
vn 0.699657559 0.709949911 0.0803138316
vn -0.865394115 0.497561067 0.0593806207
vn 0.995883226 0.00436929194 0.0905409083
vn -0.0272635855 0.998001516 0.0570058078
vn -0.866461217 0.495665222 0.0596738756
vn 0.000209516744 0.998506844 0.0546261109
vn -0.866517544 0.495639265 0.0590677783
vn 0.696110189 0.715963483 0.0531695001
vn 0.994096398 -0.0828298777 0.0700814277
vn 0.989568889 -0.136204645 0.0469240025
vn 0.936837316 -0.34401685 0.0631533489
vn 0.939934373 -0.33090964 0.0837978348
vn 0.925302267 -0.376422137 0.0460653305
vn 0.619466841 -0.782813251 0.0588581823
vn 0.615464151 -0.785323799 0.0668622553
vn 0.606485546 -0.793242633 0.054235369
vn -0.180843011 -0.982482672 0.0449832715
vn -0.205262259 -0.977706015 0.044252824
vn -0.205143511 -0.977682054 0.0453213975
vn -0.872169554 -0.487553775 0.0401446708
vn -0.774846971 -0.630827904 0.0408451706
vn -0.998112679 -0.0601371154 0.0124289067
vn 0.566869974 -0.82204181 0.0539047532
vn 0.904380262 -0.425260991 0.0353479199
vn -0.819180787 0.571049809 0.053337194
vn -0.706880271 0.703779578 0.0708145201
vn -0.903200686 -0.425837487 0.0537682213
vn -0.865394115 0.497561067 0.0593806207
vn -0.245565787 -0.968131959 0.0491731055
vn -0.904046416 -0.423815995 0.0554970913
vn -0.866461217 0.495665222 0.0596738756
vn 0.539062381 -0.840782404 0.0499662422
vn 0.983460367 -0.177824527 0.034411706
vn -0.260140836 -0.964126825 0.0527857579
vn -0.901616454 -0.428966701 0.0554564297
vn -0.866517544 0.495639265 0.0590677783
vn 0.883250058 -0.4681063 0.0273109917
vn 0.719047725 0.693527043 0.0446165018
vn 0.444577098 -0.894156635 0.0532471985
vn -0.894400299 -0.443777502 0.0557645261
vn -0.868956745 0.491034269 0.0616400018
vn -0.266973376 -0.962210178 0.0536355264
vn 0.981558144 -0.188652202 0.0308863223
vn 0.0028576809 0.998549521 0.0537647605
vn -0.888535976 -0.454560518 0.0622773357
vn -0.866570771 0.494242162 0.069136031
vn 0.867617011 -0.496405154 0.0286815111
vn -0.270865738 -0.960668921 0.0612118095
vn 0.508262873 -0.860094368 0.0436640605
vn 0.727244496 0.685138166 0.0412461795
vn 0.00854085945 0.99821645 0.059083011
vn -0.868956745 0.491034269 0.0616400018
vn -0.866570771 0.494242162 0.069136031
vn -0.251261234 -0.965184093 0.0727142543
vn 0.990774453 -0.131016567 0.0346517526
vn 0.0244760085 0.997401357 0.0677610338
vn -0.868818462 0.488289684 0.0820230246
vn 0.731605172 0.68029511 0.0441863313
vn 0.971575022 -0.234633014 0.03145184
vn 0.0373694599 0.996373594 0.0764404088
vn -0.859545588 0.495016843 0.127042502
vn 0.742426217 0.668080091 0.0497211739
vn 0.57941103 -0.813519061 0.0496957898
vn 0.939208329 -0.340596408 0.0433798283
vn 0.0568794385 0.991147876 0.119960673
vn -0.818718016 0.521193743 0.240951732
vn 0.758399725 0.649252117 0.0574596673
vn 0.090439558 0.966732562 0.239267111
vn -0.741219461 0.423873365 0.520504594
vn 0.777431071 0.621033311 0.0995920748
vn 0.939140558 -0.330894202 0.0923260152
vn 0.551326692 -0.828882456 0.0948303044
vn -0.227315068 -0.966758251 0.117074065
vn 0.0672855824 0.86197865 0.502459407
vn -0.67430532 0.335756481 0.657708168
vn 0.0407149643 0.787100971 0.615478992
vn 0.780569017 0.590972543 0.203625888
vn 0.732716978 0.5218997 0.436745375
vn 0.691588342 0.499338776 0.521887243
vn 0.776925743 -0.370457977 0.509064972
vn 0.925021231 -0.324343443 0.197830826
vn 0.844441533 -0.328483403 0.423104197
vn 0.456797808 -0.806232929 0.375931144
vn 0.426180094 -0.781686068 0.455343127
vn -0.177795008 -0.859069884 0.479987353
vn 0.527143776 -0.82835716 0.189589024
vn -0.20363605 -0.90068984 0.383783996
vn -0.714906514 -0.408516914 0.567470312
vn -0.225875303 -0.951552153 0.20863542
vn -0.784498155 -0.424400419 0.452158064
vn -0.67430532 0.335756481 0.657708168
vn -0.741219461 0.423873365 0.520504594
vn -0.867077291 -0.449115455 0.215574309
vn -0.818718016 0.521193743 0.240951732
vn -0.859545588 0.495016843 0.127042502
vn -0.8658638 -0.48566547 0.120037653
vn -0.868818462 0.488289684 0.0820230246
vn -0.878851354 -0.471054286 0.0756845921
vn -0.275340438 -0.436637729 0.856466651
vn -0 -0.425404191 0.905003428
vn 1.01825584E-07 -0.425404191 0.905003548
vn -0.28452158 -0.437365472 0.853087902
vn -0.514451027 -0.455926836 0.726271868
vn -0.513724327 -0.4558644 0.726825237
vn -0.709889114 -0.467648268 0.526652217
vn -0.709276617 -0.467632174 0.527491093
vn -0.839594126 -0.465416104 0.280124396
vn -0.839779258 -0.465396702 0.279601127
vn -0.897353947 -0.441299319 0.00330273225
vn -0.897681534 -0.44064191 -0.00156834419
vn -0.860018551 -0.417093933 -0.293940127
vn -0.859581411 -0.417048573 -0.29527992
vn -0.719904184 -0.426130861 -0.547859848
vn -0.710619509 -0.427565455 -0.558755577
vn -0.519848168 -0.442354381 -0.730808139
vn -0.4999201 -0.442627579 -0.744419694
vn -0.277620256 -0.433498353 -0.857325017
vn -0.264341086 -0.432339668 -0.862094045
vn 3.24478464E-07 -0.42225492 -0.906477094
vn 3.27986299E-07 -0.42225492 -0.906477094
vn 0.26434201 -0.432339519 -0.862093866
vn 0.27762115 -0.433498204 -0.857324719
vn 0.499921292 -0.442627221 -0.744419098
vn 0.5198493 -0.442353934 -0.730807483
vn 0.71061939 -0.427567422 -0.558754086
vn 0.719903886 -0.426133215 -0.547858417
vn 0.859578907 -0.417054594 -0.295278937
vn 0.86001575 -0.417099953 -0.293940037
vn 0.897680044 -0.440645099 -0.00156945363
vn 0.897352397 -0.441302359 0.00330158044
vn 0.839779377 -0.465396404 0.279601246
vn 0.839594185 -0.465415746 0.280124515
vn 0.709276617 -0.467631966 0.527491271
vn 0.709889114 -0.467648 0.526652396
vn 0.514449954 -0.455926806 0.726272702
vn 0.513723195 -0.4558644 0.726826072
vn 0.284521192 -0.437365532 0.853088021
vn 0.27534017 -0.436637878 0.856466651
vn 1.01825584E-07 -0.425404191 0.905003548
vn -0 -0.425404191 0.905003428
vn -0.291852564 0.393119901 -0.871939659
vn 4.96359576E-07 0.403809607 -0.914843023
vn 5.06327979E-07 0.403809547 -0.914843082
vn -0.29881528 0.392591089 -0.869816959
vn -0.552267194 0.381432384 -0.741289675
vn -0.554412246 0.381412566 -0.73969698
vn -0.755750895 0.382796764 -0.531325877
vn -0.758924544 0.382873535 -0.526727021
vn -0.886001647 0.370205522 -0.279193312
vn -0.890051603 0.368925393 -0.267772883
vn -0.937984884 0.346643925 0.00471649878
vn -0.937898993 0.346908242 0.00019179481
vn -0.893892229 0.33929947 0.292972267
vn -0.895088196 0.339255005 0.289349854
vn -0.768144429 0.340460956 0.542254984
vn -0.760290325 0.340392292 0.553255558
vn -0.553143263 0.351267606 0.755409479
vn -0.552025318 0.351369262 0.75617969
vn -0.298413575 0.367515355 0.880841553
vn -0.289427727 0.367874414 0.88368547
vn 2.39659272E-07 0.373481721 0.927637458
vn 2.26239251E-07 0.373481721 0.927637458
vn 0.289428711 0.367876172 0.883684337
vn 0.298412114 0.367517292 0.880841255
vn 0.55314225 0.351269245 0.755409598
vn 0.552024245 0.351370901 0.75617975
vn 0.760290504 0.340392292 0.55325526
vn 0.768144608 0.340460926 0.542254686
vn 0.893892229 0.33929956 0.292971879
vn 0.895088196 0.339254975 0.289349407
vn 0.937983751 0.346647292 0.00471578166
vn 0.937897742 0.346911669 0.000190998166
vn 0.890049219 0.368931383 -0.267772228
vn 0.88599968 0.370211393 -0.279191643
vn 0.758925438 0.382876039 -0.526723921
vn 0.755751908 0.382799119 -0.531322837
vn 0.554413021 0.381413519 -0.739695787
vn 0.552268028 0.381433427 -0.741288483
vn 0.298814476 0.392593145 -0.869816363
vn 0.291854531 0.393121749 -0.871938229
vn 5.06327979E-07 0.403809547 -0.914843082
vn 4.96359576E-07 0.403809607 -0.914843023
vn 0.999804556 -0.000369930058 0.0197684318
vn 0.975104809 0.00490387948 0.221690103
vn 0.977823257 0.00458132522 0.209381282
vn 0.899206161 0.0028879547 0.437515587
vn 0.897002995 0.00280766655 0.442015439
vn 0.792242467 0.000178311384 0.610206425
vn 0.792280912 0.000179052397 0.610156417
vn 0.751220822 0.000400330755 0.660050809
vn 0.751333594 0.000426812301 0.659922481
vn 0.81456542 0.00259128679 0.580065966
vn 0.816721916 0.0026471864 0.577025354
vn 0.932011843 0.00309566665 0.362414598
vn 0.934107363 0.00307172094 0.356979012
vn 0.999954224 0.0030539427 0.00907573104
vn 0.999995112 0.0030775459 -0.000636845129
vn 0.941720903 0.00307260896 -0.336380869
vn 0.941234946 0.00306823966 -0.337738365
vn 0.848490417 0.00141075056 -0.529208899
vn 0.847507238 0.00137885706 -0.530782104
vn 0.79270041 -0.00531034218 -0.609588265
vn 0.792243958 -0.00558138546 -0.610178888
vn 0.797041595 -0.0170109197 -0.603684723
vn 0.79831773 -0.0174945779 -0.601982296
vn 0.862063348 -0.0282206368 -0.506014228
vn 0.865652204 -0.0284306295 -0.499837875
vn 0.961948574 -0.0361748822 -0.270825356
vn 0.962634504 -0.0362685472 -0.26836437
vn 0.998490214 -0.0511506423 0.020024443
vn 0.998423934 -0.0513775125 0.0225816984
vn 0.943842709 -0.0744965225 0.321887016
vn 0.941838622 -0.0748620853 0.327621251
vn 0.734334588 -0.085485965 0.673383057
vn 0.717753172 -0.0847711489 0.691118181
vn 0.389639646 -0.0596303232 0.919034898
vn 0.366269976 -0.0557373799 0.928837776
vn 0.154219881 -0.0205599014 0.987822592
vn -0.314311117 -0.544414282 -0.777702749
vn -0 -0.946454167 -0.322837949
vn -0 -0.628630102 -0.777704358
vn -0.473228931 -0.819654346 -0.322833091
vn -0.544415534 -0.314323932 -0.777696729
vn -0 -0.972844303 0.231460258
vn -0.819657624 -0.473223686 -0.322832376
vn -0.628638744 2.66008271E-07 -0.777697444
vn -0.486428738 -0.842502177 0.231467396
vn -0 -0.665651858 0.746262372
vn -0.332816899 -0.576464057 0.746272147
vn -0.842507362 -0.486420274 0.231466264
vn -0.576463938 -0.332834989 0.7462641
vn -0.94645524 2.71673741E-07 -0.32283482
vn -0.544416249 0.314309686 -0.777701914
vn -0.972845256 0 0.231456563
vn -0.665667295 -5.50124469E-07 0.746248662
vn -0.819659293 0.473217845 -0.322836667
vn -0.314314514 0.544406116 -0.777707219
vn -0.842512071 0.486412555 0.231465593
vn -0.576470554 0.332828432 0.746262014
vn -0.473230302 0.819651604 -0.322838008
vn -0 0.62863028 -0.777704239
vn 5.52103188E-07 0.946454287 -0.32283774
vn -0.486428559 0.842502356 0.231467173
vn -0.332816154 0.576464415 0.746272206
vn -0 0.972844541 0.231459782
vn -1.80637596E-06 0.665652514 0.746261775
vn -5.3876588E-06 0 -1
vn -7.90479362E-07 0 -1
vn -7.90479305E-07 0 -1
vn -5.38756967E-06 0 -1
vn 7.75164972E-06 0 -1
vn 7.75164699E-06 0 -1
vn -0 0 -1
vn -1.19948652E-06 0 1
vn -4.30205375E-07 0 1
vn -4.30205375E-07 0 1
vn -1.19948641E-06 0 1
vn -6.32757883E-06 0 1
vn -6.32758292E-06 0 1
vn -0 0 1
vn -0.999804437 -0.000369882502 0.019772144
vn -0.977823138 0.0045813499 0.209382221
vn -0.97510469 0.00490389904 0.221690699
vn -0.899206758 0.00288717123 0.437514454
vn -0.897003591 0.00280686282 0.442014247
vn -0.792243242 0.000177439724 0.610205293
vn -0.792281628 0.000178178816 0.610155582
vn -0.751221478 0.000399688957 0.660050035
vn -0.751334131 0.000426173123 0.659921825
vn -0.814564407 0.00259037106 0.580067337
vn -0.816720784 0.00264625601 0.577027023
vn -0.932011724 0.00309511204 0.362414837
vn -0.934107244 0.00307118846 0.356979281
vn -0.999954224 0.00305458973 0.00907572173
vn -0.999995112 0.00307822181 -0.000636854907
vn -0.941721022 0.0030732099 -0.33638072
vn -0.941235065 0.00306883431 -0.337738067
vn -0.848491073 0.00141047174 -0.529207826
vn -0.847507834 0.00137857266 -0.530781031
vn -0.79270035 -0.00531092659 -0.609588385
vn -0.792243838 -0.00558196986 -0.610179067
vn -0.797041237 -0.0170115046 -0.60368526
vn -0.798317373 -0.0174951497 -0.601982772
vn -0.862063408 -0.0282210317 -0.506014109
vn -0.865652144 -0.0284310076 -0.499837935
vn -0.961948335 -0.0361749493 -0.270825982
vn -0.962634325 -0.036268618 -0.268364996
vn -0.998490214 -0.0511501059 0.0200268347
vn -0.998423934 -0.0513769649 0.0225840136
vn -0.943843126 -0.0744955987 0.321885735
vn -0.941839159 -0.0748611763 0.327619791
vn -0.734333754 -0.0854861587 0.67338407
vn -0.717751861 -0.0847712308 0.691119432
vn -0.389645636 -0.0596296079 0.919032395
vn -0.366277546 -0.0557368025 0.928834915
vn -0.154225737 -0.0205580983 0.987821758
vn 0.314311117 -0.544414282 -0.777702749
vn -0 -0.628630102 -0.777704358
vn -0 -0.946454167 -0.322837949
vn 0.473228931 -0.819654346 -0.322833091
vn 0.544415534 -0.314323902 -0.777696729
vn -0 -0.972844303 0.231460258
vn 0.819657624 -0.473223686 -0.322832376
vn 0.628637254 0 -0.777698696
vn 0.486429155 -0.842501938 0.231467336
vn -0 -0.665651858 0.746262372
vn 0.332818508 -0.576463521 0.746271729
vn 0.84250766 -0.486419916 0.231465816
vn 0.576466382 -0.332834572 0.74626255
vn 0.946455359 1.60667526E-07 -0.32283479
vn 0.544414341 0.31431058 -0.777702928
vn 0.972845256 1.89422721E-07 0.231456399
vn 0.665668368 -1.47794452E-07 0.746247649
vn 0.819658875 0.473218381 -0.322836846
vn 0.314314842 0.544405937 -0.7777071
vn 0.842512071 0.486412346 0.231465772
vn 0.57647121 0.332828045 0.746261597
vn 0.473230839 0.819651306 -0.322838038
vn -0 0.62863028 -0.777704239
vn 5.52103188E-07 0.946454287 -0.32283774
vn 0.486428738 0.842502177 0.231467173
vn 0.332815379 0.576464653 0.746272385
vn -0 0.972844541 0.231459782
vn -1.80637596E-06 0.665652514 0.746261775
vn 4.83663689E-06 0 -1
vn -7.90479305E-07 0 -1
vn -7.90479362E-07 0 -1
vn 4.83657686E-06 0 -1
vn -3.87582486E-06 0 -1
vn -3.8758235E-06 0 -1
vn -0 0 -1
vn 4.99786267E-07 0 1
vn -4.30205375E-07 0 1
vn -4.30205375E-07 0 1
vn 4.99786211E-07 0 1
vn 6.32757883E-06 0 1
vn 6.32758292E-06 0 1
vn -0 0 1
vn -0.792079866 -0.610218763 -0.0155785633
vn -6.83161772E-07 -0.971632063 -0.236497432
vn -6.68685175E-07 -0.944041908 -0.329825431
vn -0.638249576 -0.7698282 -0.00139969739
vn -2.30404254E-07 -0.999998331 -0.00186859362
vn -6.83354358E-07 -0.948371112 0.317162842
vn -3.02803329E-07 -0.878811836 0.47716856
vn -0.0936631784 0.995480895 -0.0156492703
vn -0 0.984486878 -0.175458208
vn 1.14584452E-07 0.999999762 -0.000659901416
vn 1.51818696E-07 0.961462915 0.274934798
vn 0.792073667 -0.610226691 -0.0155783864
vn -6.68685175E-07 -0.944041908 -0.329825431
vn -6.83161772E-07 -0.971632063 -0.236497432
vn 0.638248324 -0.769829273 -0.00139954698
vn -2.30404254E-07 -0.999998331 -0.00186859362
vn -6.83354358E-07 -0.948371112 0.317162842
vn -3.02803329E-07 -0.878811836 0.47716856
vn 0.0936634094 0.995480895 -0.0156492703
vn 1.14584452E-07 0.999999762 -0.000659901416
vn -0 0.984486878 -0.175458208
vn 1.51818696E-07 0.961462915 0.274934798
vn -0.792079449 0.610219061 -0.015578893
vn -5.14373596E-07 0.944042087 -0.329825103
vn -6.26231667E-07 0.971632183 -0.236497238
vn -0.638249159 0.769828677 -0.00139984139
vn 1.81898102E-07 0.999998331 -0.00186862098
vn -1.0250327E-06 0.948371232 0.317162544
vn -2.17009665E-06 0.878811955 0.477168381
vn -0.0936637819 -0.995480895 -0.0156492591
vn -0 -0.999999762 -0.000659901474
vn -0 -0.984486878 -0.175458178
vn -0 -0.961462915 0.274934739
vn 0.792072296 0.610228479 -0.0155784413
vn -6.26231667E-07 0.971632183 -0.236497238
vn -5.14373596E-07 0.944042087 -0.329825103
vn 0.638247669 0.76982975 -0.00139960565
vn 1.81898102E-07 0.999998331 -0.00186862098
vn -1.0250327E-06 0.948371232 0.317162544
vn -2.17009665E-06 0.878811955 0.477168381
vn 0.0936637819 -0.995480895 -0.0156492591
vn -0 -0.984486878 -0.175458178
vn -0 -0.999999762 -0.000659901474
vn -0 -0.961462915 0.274934739
vn 0.407659262 0 0.913134098
vn 0.407659113 0 0.913134217
vn 0.248015776 0 0.96875596
vn 0.546235323 0 0.837631822
vn 0.546235383 0 0.837631643
vn 0.442026824 0 0.897001863
vn 0.442027897 0 0.897001266
vn 0.267800093 0 0.963474452
vn 0.267799467 0 0.963474691
vn 0.554109514 0 0.832443714
vn 0.554111779 0 0.832442284
vn 0.828538179 0 0.55993247
vn 0.828537822 0 0.559933126
vn 0.913713396 0 0.406359345
vn 0.913713276 0 0.406359404
vn 4.27012856E-06 0 1
vn 4.35560059E-06 0 1
vn -0.407647282 0 0.913139522
vn -0.248005569 0 0.968758643
vn -0.407647163 0 0.913139582
vn -0.546240687 0 0.837628245
vn -0.546240866 0 0.837628126
vn -0.442031235 0 0.896999657
vn -0.442032337 0 0.89699918
vn -0.26781857 0 0.963469386
vn -0.267817944 0 0.963469625
vn -0.554112613 0 0.832441688
vn -0.554114938 0 0.832440197
vn -0.828537405 0 0.559933782
vn -0.828536928 0 0.559934437
vn -0.913713396 0 0.406359226
vn -0.913713396 0 0.406359285
vn 4.27012856E-06 0 1
vn 4.35560059E-06 0 1
vn -0.843416095 -0.368687838 -0.390792251
vn 1.20975059E-07 -0.954437912 -0.298409849
vn -0 -0.0608685799 -0.998145819
vn -0.356550992 -0.923631012 -0.140631422
vn -0.662619293 -0.567620158 -0.488613337
vn -0 -0.989921093 -0.141620532
vn -0.997742295 -0.0578753538 0.0340702608
vn -0.402426779 -0.894251168 0.195876285
vn -0 -0.999238729 0.0390111879
vn -0.545478344 -0.829124868 0.122496523
vn -9.9687179E-07 -0.792205274 0.610254705
vn -0.868086934 0.471264511 -0.155996025
vn 3.96412332E-07 0.500674069 -0.865635872
vn -0 0.977928936 0.208937392
vn -0.474942923 0.842045307 0.255712509
vn -0.739333034 0.656764686 -0.148481548
vn -0 0.955962479 0.29348886
vn -0.997742295 -0.0578753538 0.0340702608
vn -0.550133288 0.686867774 0.474938035
vn 1.59526266E-07 0.919188321 0.393818378
vn -0.625704348 0.680456817 0.38140884
vn -2.05584584E-07 0.516184568 0.85647732
vn 3.96412332E-07 0.500674069 -0.865635872
vn -0.843416095 -0.368687838 -0.390792251
vn -0 -0.0608685799 -0.998145819
vn -0.868086934 0.471264511 -0.155996025
vn -0.739333034 0.656764686 -0.148481548
vn -0.662619293 -0.567620158 -0.488613337
vn -0.997742295 -0.0578753538 0.0340702608
vn -0.402426779 -0.894251168 0.195876285
vn -0.997742295 -0.0578753538 0.0340702608
vn -0.550133288 0.686867774 0.474938035
vn -0.545478344 -0.829124868 0.122496523
vn -0.625704348 0.680456817 0.38140884
vn -2.05584584E-07 0.516184568 0.85647732
vn -9.9687179E-07 -0.792205274 0.610254705
vn 0.843416452 -0.368687719 -0.390791774
vn -0 -0.0608685799 -0.998145819
vn 1.20975059E-07 -0.954437912 -0.298409849
vn 0.356551319 -0.923630893 -0.140631407
vn -0 -0.989921093 -0.141620532
vn 0.662618339 -0.567621231 -0.488613337
vn 0.997742414 -0.0578717478 0.0340715759
vn 0.402425826 -0.894251525 0.195876494
vn -0 -0.999238729 0.0390111879
vn 0.545478284 -0.829124868 0.122496508
vn -9.9687179E-07 -0.792205274 0.610254705
vn 0.868087769 0.471263051 -0.155996054
vn -0 0.977928936 0.208937392
vn 3.96412332E-07 0.500674069 -0.865635872
vn 0.474944055 0.842044711 0.25571233
vn -0 0.955962479 0.29348886
vn 0.739333868 0.656763911 -0.148480773
vn 0.997742414 -0.0578717478 0.0340715759
vn 0.55013299 0.686868012 0.474937797
vn 1.59526266E-07 0.919188321 0.393818378
vn 0.625706375 0.68045491 0.381408781
vn -2.05584584E-07 0.516184568 0.85647732
vn 3.96412332E-07 0.500674069 -0.865635872
vn -0 -0.0608685799 -0.998145819
vn 0.843416452 -0.368687719 -0.390791774
vn 0.868087769 0.471263051 -0.155996054
vn 0.739333868 0.656763911 -0.148480773
vn 0.662618339 -0.567621231 -0.488613337
vn 0.997742414 -0.0578717478 0.0340715759
vn 0.402425826 -0.894251525 0.195876494
vn 0.55013299 0.686868012 0.474937797
vn 0.997742414 -0.0578717478 0.0340715759
vn 0.545478284 -0.829124868 0.122496508
vn 0.625706375 0.68045491 0.381408781
vn -2.05584584E-07 0.516184568 0.85647732
vn -9.9687179E-07 -0.792205274 0.610254705
vn -0.368623704 0.889241934 0.270860016
vn -0.701774001 0.553823709 0.448098749
vn 4.07912751E-07 0.8481372 0.529776692
vn -0 0.998964906 -0.0454888493
vn -0.234977797 0.868530393 0.436394691
vn -0.542069495 0.56074053 0.625883937
vn 0.248234689 0.955314398 -0.160480693
vn -0 0.925391972 -0.379011482
vn 0.223796397 0.97432977 0.0244260412
vn -0.106566884 0.793956161 0.598562479
vn -0.251429677 0.537456989 0.804936647
vn -0.113709696 0.521437526 0.845678985
vn 0.352361858 0.815588295 -0.458973706
vn 2.30074829E-06 0.744508445 -0.667613089
vn 0.22667928 0.964628696 0.134566084
vn 0.0423767529 0.820185244 0.570526302
vn 0.394270033 0.873233914 -0.286380172
vn 0.418816149 0.475108236 -0.773863912
vn 1.74890977E-06 0.403830439 -0.914833844
vn -0.016825119 0.802235782 0.596770167
vn -0.251514584 0.535969138 0.805901706
vn 0.408043951 0.894784749 -0.18127431
vn 0.283360481 0.949639678 0.133758232
vn 0.54233712 0.570955396 -0.616344333
vn 0.430846721 0 -0.90242511
vn 3.27094881E-07 0 -1
vn -4.60241665E-07 -0.403831691 -0.914833307
vn -0.0541438609 0.759032845 0.648797035
vn -0.266102791 0.503801048 0.821811318
vn 0.591881156 0.631881654 -0.500402272
vn 0.719343662 0 -0.694654405
vn 0.617069125 0 -0.786908925
vn 0.418814152 -0.475112706 -0.773862183
vn -7.35291621E-07 -0.744512081 -0.667609036
vn 0.443042189 0.888148904 -0.122086875
vn 0.542338669 -0.570957601 -0.616340935
vn 0.352358401 -0.815592289 -0.458969206
vn -0 -0.925394356 -0.379005879
vn 0.248237863 -0.955313385 -0.160481289
vn -5.12317456E-07 -0.998964429 -0.045497492
vn 0.39427492 -0.873232067 -0.286379248
vn -0.368626773 -0.889240444 0.270860851
vn 4.07908345E-07 -0.848135352 0.529779732
vn -0.701770604 -0.553829849 0.448096573
vn 0.223795041 -0.974330127 0.0244266763
vn -0.234982371 -0.868531406 0.436390281
vn -0.542072356 -0.560747325 0.625875354
vn 0.591876149 -0.631886542 -0.500401795
vn 0.408044279 -0.894783974 -0.18127732
vn 0.22668393 -0.964628279 0.134561703
vn -0.10655944 -0.793960214 0.598558486
vn -0.251419216 -0.537458956 0.804938674
vn -0.113710336 -0.521433353 0.845681489
vn 0.0423715897 -0.820181012 0.570532918
vn 0.283356547 -0.949642181 0.133748889
vn -0.0168382674 -0.80223316 0.596773326
vn -0.251522154 -0.535963774 0.805902839
vn 0.443035245 -0.888151407 -0.122093558
vn 0.32794559 -0.932525396 0.151155233
vn -0.0541474968 -0.759028375 0.648801863
vn -0.26610148 -0.503794134 0.821816027
vn 0.0426191539 -0.749896705 0.660180748
vn -0.16029349 -0.479253143 0.862915099
vn -0.0691927522 -2.24537689E-06 0.997603357
vn 0.311830878 -0.931253612 0.188489407
vn 0.127511129 -0.741878271 0.658299029
vn 0.648758888 6.29157512E-07 0.760994077
vn 0.388116032 -0.912660658 0.128126398
vn 0.461474627 -0.885216296 -0.058592964
vn 0.446174204 -0.89384973 -0.0442846306
vn 0.656233549 -0.735941052 -0.166578203
vn 0.419825584 -0.898225009 0.130146667
vn 0.667885661 -0.670127988 -0.323816657
vn 0.663110733 -0.738927007 -0.119461447
vn 0.6318205 -0.648070633 -0.42521438
vn 0.662765145 -0.706454813 -0.248322159
vn 0.887224674 -3.501778E-07 -0.461337626
vn 0.94161427 -4.86763156E-07 -0.336693794
vn 0.846389115 0 -0.532565117
vn 0.78141588 0 -0.624010623
vn 0.631827414 0.648064256 -0.425213873
vn 0.667886198 0.67012465 -0.323822558
vn 0.91916573 -7.71664816E-07 -0.393871129
vn 0.65624249 0.735934436 -0.166572109
vn 0.663113117 0.73892504 -0.119460911
vn 0.419825166 0.898225248 0.130146816
vn 0.127521232 0.74188 0.658295035
vn -0.0691927522 -2.24537689E-06 0.997603357
vn 0.388119489 0.912658036 0.128134638
vn 0.0426277779 0.749901354 0.660174966
vn -0.16028586 0.479261488 0.86291188
vn 0.662765145 0.706454337 -0.248323798
vn 0.446168214 0.893852949 -0.0442808345
vn 0.311825365 0.931254685 0.188493013
vn 0.46147266 0.885217428 -0.0585929006
vn 0.327946067 0.932524383 0.151161402
vn 0.368623614 0.889242232 0.27085948
vn -0 0.998964906 -0.0454888493
vn 4.07912751E-07 0.8481372 0.529776692
vn 0.701775074 0.553822994 0.448097914
vn -0.248234466 0.955314517 -0.160480335
vn -0 0.925391972 -0.379011482
vn 0.234979823 0.868530035 0.436394304
vn 0.542072952 0.560739398 0.62588197
vn -0.352361232 0.815587997 -0.458974719
vn 2.30074829E-06 0.744508445 -0.667613089
vn -0.223795876 0.974329889 0.0244265962
vn 0.106566705 0.793956459 0.598562241
vn 0.251429349 0.537456632 0.804937065
vn 0.113708742 0.521437764 0.845679104
vn -0.226678595 0.964628816 0.134566203
vn -0.394269496 0.873234153 -0.28638044
vn -0.418813616 0.475109667 -0.773864329
vn 1.74890977E-06 0.403830439 -0.914833844
vn -0.0423774421 0.820184946 0.570526838
vn -0.408043832 0.894784749 -0.181274369
vn -0.542335868 0.570956707 -0.616344094
vn -0.430845708 0 -0.902425587
vn 3.27094881E-07 0 -1
vn -4.60241665E-07 -0.403831691 -0.914833307
vn 0.0168252774 0.80223614 0.59676975
vn 0.251510262 0.535971463 0.805901468
vn -0.283361793 0.94963938 0.133758172
vn -0.591881156 0.631882429 -0.50040108
vn -0.719345272 3.23084521E-07 -0.694652736
vn -0.617068827 2.15802984E-07 -0.786909223
vn -0.418812901 -0.475113839 -0.773862183
vn -7.35291621E-07 -0.744512081 -0.667609036
vn 0.0541426316 0.759033024 0.648796916
vn 0.266096801 0.503804743 0.821810961
vn -0.443044364 0.888147831 -0.122086644
vn -0.327946335 0.932524383 0.151160821
vn -0.542337537 -0.570958972 -0.616340697
vn -0.352358401 -0.815591872 -0.45896998
vn -0 -0.925394356 -0.379005879
vn -0.0426281802 0.749901533 0.660174668
vn 0.160285845 0.479263097 0.862910986
vn 0.0691927001 -2.30047613E-06 0.997603357
vn -0.311825484 0.931255162 0.188490495
vn -0.248238757 -0.955313325 -0.160480946
vn -5.12317456E-07 -0.998964429 -0.045497492
vn -0.394274801 -0.873232067 -0.286379397
vn -0.12751694 0.741879821 0.658296049
vn -0.648757875 -2.96546972E-07 0.760994792
vn 0.368625313 -0.889241397 0.270860106
vn 4.07908345E-07 -0.848135352 0.529779732
vn 0.70176971 -0.553830504 0.44809708
vn -0.388120025 0.912657857 0.128134429
vn -0.223796055 -0.974329889 0.0244273357
vn 0.234980837 -0.868531764 0.4363904
vn 0.542073429 -0.560747027 0.625874698
vn 0.10655883 -0.793960273 0.598558545
vn 0.251417994 -0.537458897 0.804939032
vn 0.113705523 -0.521433711 0.845681906
vn -0.226684108 -0.96462816 0.134561911
vn -0.408044904 -0.894783735 -0.181277245
vn -0.0423739478 -0.820180714 0.570533156
vn 0.0168337319 -0.802233696 0.59677273
vn 0.251515627 -0.535966456 0.805903137
vn -0.283358008 -0.949641824 0.133748829
vn -0.591876864 -0.631887078 -0.500400305
vn 0.0541469343 -0.759028554 0.648801804
vn 0.266102672 -0.503796697 0.821814001
vn -0.44303757 -0.888150275 -0.122093216
vn -0.327948034 -0.932524681 0.151154473
vn -0.0426185541 -0.749897003 0.66018033
vn 0.160295874 -0.479254544 0.862913847
vn 0.0691927001 -2.30047613E-06 0.997603357
vn -0.311831474 -0.93125397 0.188486919
vn -0.127513066 -0.741877258 0.658299685
vn -0.388118893 -0.912659526 0.128126413
vn -0.461475939 -0.88521558 -0.0585943833
vn -0.631822109 -0.648069978 -0.425213039
vn -0.446176559 -0.893848479 -0.0442873351
vn -0.656234801 -0.735939324 -0.166581228
vn -0.419825107 -0.898225307 0.130146444
vn -0.667886317 -0.670126975 -0.323817372
vn -0.663111925 -0.738925517 -0.119464375
vn -0.662766039 -0.706453025 -0.248325065
vn -0.887224376 -2.21778151E-07 -0.461338162
vn -0.846388757 0 -0.532565594
vn -0.94161576 1.63909192E-07 -0.336689562
vn -0.781416118 1.27905324E-07 -0.624010324
vn -0.631827652 0.648064375 -0.425213337
vn -0.667886436 0.670123816 -0.323823512
vn -0.919164836 0 -0.393873006
vn -0.656241953 0.735934198 -0.166575372
vn -0.66311276 0.738924623 -0.11946433
vn -0.419825673 0.898225129 0.130146563
vn -0.66276747 0.706451416 -0.248325989
vn -0.446169287 0.893852293 -0.0442836136
vn -0.461474299 0.885216415 -0.0585944094
vn 0.377226174 -0.926065743 -0.0101285325
vn -0 -0.991817713 0.127661765
vn -0 -0.999946594 -0.0103370594
vn -0 -0.957877338 -0.287177533
vn 0.386346221 -0.914655566 0.118919037
vn 1.75634938E-07 -0.941695154 0.336467385
vn 0.454965651 -0.85122174 -0.261587203
vn -7.70441204E-07 -0.593746364 -0.804652274
vn 0.421643674 -0.852874219 0.307932109
vn 2.70687025E-07 -0.807001054 0.590549946
vn 0.996487379 0.0837264508 0.00165470981
vn 0.551441848 -0.493753225 -0.672398388
vn -5.62907076E-07 0 -1
vn 0.485938966 -0.701107442 0.521835029
vn 4.05299915E-07 0 1
vn 0.692446411 0 0.721469283
vn 0.995713711 0.0924476832 -0.00279018981
vn 0.975751162 0.217046931 0.0282900538
vn 0.987783253 0.137669936 -0.0730156749
vn 0.962551773 1.92136804E-06 -0.271097958
vn 0.989679217 0.141100645 -0.0250144657
vn 0.348823488 0.93708092 0.0141963856
vn 0.421164572 0.711474895 -0.562515557
vn 0.4730829 3.37307597E-06 -0.881017923
vn 0.373348147 0.869789302 -0.322611034
vn 0.355990618 0.926021993 -0.125514582
vn -0 0.999879479 0.0155282412
vn 0.373704761 0.878872514 0.296526343
vn -1.05375008E-07 0.778618336 -0.627497733
vn -2.97639787E-07 3.99905775E-06 -1
vn -0.473083287 3.58389275E-06 -0.881017685
vn -0 0.935988843 -0.352029771
vn -0 0.990739107 -0.135778919
vn -0.42116487 0.711474836 -0.562515497
vn -0.962551773 1.89953425E-06 -0.271097958
vn -0.373348385 0.869789124 -0.322611004
vn -0.987783134 0.137670875 -0.073016189
vn -0.692446232 0 0.721469581
vn -0.355990469 0.926022053 -0.125514612
vn -0.485938758 -0.701107442 0.521835148
vn 4.05299915E-07 0 1
vn 2.70687025E-07 -0.807001054 0.590549946
vn -0.989678979 0.141101763 -0.0250150245
vn -0.421643257 -0.852874458 0.307932138
vn 1.75634938E-07 -0.941695154 0.336467385
vn -0.995713711 0.0924475715 -0.00279018027
vn -0.386346251 -0.914655566 0.118919067
vn -0 -0.991817713 0.127661765
vn -0.348823339 0.93708092 0.0141963819
vn -0.377226263 -0.926065743 -0.0101285223
vn -0 -0.999946594 -0.0103370594
vn -0 -0.957877338 -0.287177533
vn -0.996487379 0.0837267265 0.0016547289
vn -0.454965472 -0.8512218 -0.261587322
vn -7.70441204E-07 -0.593746364 -0.804652274
vn -0.975751162 0.217047021 0.0282897577
vn -0.551442325 -0.493753165 -0.67239809
vn -5.62907076E-07 0 -1
vn -0.373705178 0.878872454 0.296526164
vn -0.983365715 0.14331466 0.111592576
vn -0.596563816 0 -0.802565634
vn -3.22404162E-07 0.944439948 0.328684062
vn -0.453386068 0.544082582 0.705985188
vn -0.551443279 0.493757933 -0.672393739
vn 1.37848144E-06 0.593749583 -0.804649889
vn -0.988876283 -1.20562461E-07 0.148740411
vn -0.983365953 -0.143312737 0.111592494
vn -0.454962045 0.851225376 -0.26158154
vn 2.28012414E-06 0.957876444 -0.287180573
vn -0.975751042 -0.217047796 0.0282865111
vn -0.377224833 0.926066339 -0.010128499
vn 6.30684212E-07 0.999946594 -0.0103369625
vn -0 0.991819382 0.12764883
vn -0.996487379 -0.0837269127 0.0016547133
vn -0.386344671 0.91465795 0.118905775
vn -1.05898906E-07 0.941693664 0.336471319
vn -0.421654284 0.852868497 0.307933658
vn -0 0.806988716 0.590566933
vn -0.995714366 -0.0924396738 -0.00278953952
vn -0.348823696 -0.93708086 0.0141964136
vn -0.373705506 -0.878872275 0.296526194
vn -0 -0.999879479 0.0155282756
vn -0.485946029 0.701093256 0.521847367
vn 4.05299915E-07 0 1
vn -0.692446232 0 0.721469581
vn -0.355987996 -0.926025152 -0.125499055
vn -0.989676893 -0.141116992 -0.0250135958
vn -0.987784326 -0.137660787 -0.0730180591
vn -0.962551773 1.89953425E-06 -0.271097958
vn -0.453386664 -0.544082403 0.705985069
vn -0.373346955 -0.869789839 -0.322610706
vn -0.421166986 -0.711462677 -0.562529266
vn -0.473083287 3.58389275E-06 -0.881017685
vn -0 -0.99074173 -0.135759979
vn -0 -0.935988724 -0.35202986
vn -1.50533126E-07 -0.778608739 -0.627509832
vn -2.97639787E-07 3.99905775E-06 -1
vn 0.4730829 3.37307597E-06 -0.881017923
vn 0.421167076 -0.711462677 -0.562529266
vn 0.962551773 1.92136804E-06 -0.271097958
vn 0.373347431 -0.86978966 -0.322610706
vn 0.987784326 -0.13766101 -0.0730181858
vn 0.692446411 0 0.721469283
vn 0.355988145 -0.926025033 -0.125499055
vn 0.989676774 -0.141117498 -0.0250139274
vn 0.485946387 0.701093137 0.521847308
vn 4.05299915E-07 0 1
vn -0 0.806988716 0.590566933
vn 0.421654284 0.852868497 0.307933599
vn -1.05898906E-07 0.941693664 0.336471319
vn 0.995714366 -0.0924395025 -0.00278957956
vn 0.386344761 0.91465795 0.118905805
vn -0 0.991819382 0.12764883
vn 0.348823756 -0.93708086 0.0141964117
vn 0.996487737 -0.0837235004 0.00165470981
vn 0.377224475 0.926066458 -0.0101284441
vn 6.30684212E-07 0.999946594 -0.0103369625
vn 2.28012414E-06 0.957876444 -0.287180573
vn 0.454964548 0.851222277 -0.261587441
vn 1.37848144E-06 0.593749583 -0.804649889
vn 0.975751042 -0.217047274 0.0282898862
vn 0.551441848 0.493753493 -0.67239821
vn 0.373704731 -0.878872514 0.296526343
vn 0.59656322 0 -0.802566051
vn 0.983365476 -0.143315196 0.11159303
vn -3.41369116E-07 -0.944439948 0.328684121
vn 0.983365476 0.14331533 0.111593537
vn 0.988876164 1.29836437E-07 0.148741066
vn 0.453385919 -0.544082642 0.705985248
vn 0.453385025 0.54408288 0.705985725
vn -3.40427988E-07 -0.600770175 0.799421787
vn 0.495259851 1.0875182E-07 0.86874485
vn -6.70217673E-07 0.600770116 0.799421787
vn -0.495260358 -1.0875187E-07 0.868744552
vn -3.61916506E-07 0 1
vn -0.158365741 0.970028102 -0.184298322
vn -0.642828345 0.757696033 0.112554483
vn -0.654929757 0.755475581 0.0179938227
vn -0.616266012 0.74850601 0.244856998
vn -0.205320552 0.961623251 -0.182000369
vn 0.437022686 0.0431254916 -0.898416102
vn -0.0738729537 0.977705181 -0.196558639
vn -0.58571136 0.738140583 0.334799707
vn 0.398715496 0.811308265 -0.427556813
vn 0.0590265058 0.963333845 -0.26173228
vn -0.606124222 0.740689516 0.289814562
vn 0.433617294 0.829433322 -0.352159739
vn 0.382728964 0.780996025 -0.49352178
vn 0.21352765 0.929176569 -0.301723152
vn -0.64235723 0.750997603 0.152904168
vn 0.586928129 0.59485209 -0.549241662
vn 0.420140833 0.751116335 -0.509220839
vn 0.387983918 0.887669325 -0.248015732
vn -0.657343268 0.750983477 -0.0626383051
vn 0.65670687 0.599260509 -0.457845956
vn 0.535416126 0.573272288 -0.620232522
vn 0.516324818 0.731537938 -0.445264965
vn 0.494125754 0.866384745 -0.0722309798
vn -0.649742484 0.721047938 -0.240675271
vn 0.806796432 0.0126371607 -0.590694308
vn 0.712141454 0.0536866747 -0.699980259
vn 0.552942753 0.559583545 -0.617349565
vn 0.626944482 0.720910013 -0.295345873
vn 0.60107553 -0.563057959 -0.567162991
vn 0.627236664 0.0570866913 -0.776733756
vn 0.641157448 0.562123179 -0.522431493
vn 0.632929623 0.0421838462 -0.773059189
vn 0.34760192 -0.80055815 -0.488138884
vn 0.533972204 -0.563893974 -0.629997909
vn 0.45731914 -0.593157053 -0.662588775
vn -0.212278008 -0.912987649 -0.34841311
vn -0.646185994 -0.747731805 -0.152776778
vn -0.572339177 -0.818921924 -0.0423627794
vn 0.30510363 -0.815250814 -0.492217392
vn -0.132545352 -0.945677102 -0.296861053
vn -0.470142066 -0.880023658 0.0672672465
vn -0.0544094071 -0.96616894 -0.252105772
vn -0.376526207 -0.917190313 0.130345196
vn 0.262254357 -0.837941647 -0.478619307
vn 0.00606020819 -0.975471139 -0.220044091
vn -0.335796654 -0.935464859 0.110209689
vn 0.231941327 -0.873815179 -0.427376121
vn 0.0261925664 -0.98395282 -0.176495895
vn -0.315961778 -0.947471201 0.0496641994
vn 0.412872404 -0.659927547 -0.62771976
vn 0.212321594 -0.917713225 -0.335740864
vn 0.0352961123 -0.992448568 -0.117473319
vn -0.282148629 -0.959214926 -0.0172886699
vn 0.421477526 -0.738514602 -0.526263237
vn 0.197631672 -0.956971228 -0.212479994
vn 0.0274147857 -0.998916626 -0.0376023501
vn 0.738407195 0.0420611314 -0.673042059
vn 0.474018157 -0.803417087 -0.360316068
vn 0.746900022 0.570856571 -0.340973765
vn 0.0194015447 -0.999003351 0.0401989929
vn -0.236399353 -0.969764471 -0.0605991408
vn 0.177442014 -0.981839538 -0.0671230704
vn 0.886909962 0.0483544543 -0.459404558
vn 0.689307511 0.720581532 -0.0749495551
vn 0.0275149886 -0.995925307 0.085881725
vn -0.214456394 -0.973342836 -0.0813155621
vn 0.162474379 -0.98313719 0.0839248076
vn 0.508332133 -0.851090372 -0.131314754
vn 0.807643354 0.580169201 -0.105432063
vn 0.0310159866 -0.993266344 0.1116248
vn -0.232817322 -0.967854977 -0.095147267
vn 0.168884173 -0.967802346 0.186645612
vn 0.500184298 -0.85096252 0.160244942
vn 0.985682309 0.0422335751 -0.163237721
vn 0.974667788 0.063476719 0.214460701
vn 0.792120755 0.584784567 0.174847811
vn 0.467911333 -0.807780862 0.358537287
vn 0.871506631 0.0907707587 0.481909484
vn 0.191879138 -0.947227299 0.25679332
vn 0.67905432 0.71299845 0.174694866
vn 0.723525882 0.567119658 0.393555075
vn 0.440372765 -0.755290806 0.485394299
vn 0.751778662 0.0908584818 0.653126061
vn 0.447434038 0.884035826 0.135216206
vn 0.607907474 0.698661506 0.377254039
vn 0.339811772 0.891376615 0.29995963
vn -0.64103049 0.693080187 -0.329726815
vn 0.642538548 0.549391091 0.53414762
vn 0.698719084 0.100872241 0.708248794
vn 0.463498652 -0.71387893 0.524924636
vn 0.529992282 0.693529487 0.487980515
vn 0.221868515 0.917979956 0.328766108
vn -0.632213831 0.696208417 -0.339999378
vn 0.598510325 0.547809958 0.584542274
vn 0.483981222 0.709164739 0.51268661
vn 0.0989793092 0.954039752 0.282862514
vn -0.64039737 0.700578094 -0.314772248
vn 0.741828859 0.113789231 0.660864592
vn 0.218898773 -0.932826281 0.286213934
vn 0.612490654 0.578802347 0.538370788
vn 0.475816935 0.749247551 0.460680157
vn -0.0220994987 0.977715135 0.208769992
vn -0.692963421 0.693987191 -0.195405841
vn 0.505432367 -0.713315904 0.485508472
vn 0.0116633 -0.99263531 0.120578483
vn -0.294286221 -0.950465262 -0.100057319
vn 0.846741676 0.107764713 0.520975292
vn 0.664581537 0.623071969 0.412447304
vn 0.493207753 0.793858945 0.355716318
vn -0.072348237 0.972899735 0.219617337
vn -0.723661304 0.690155268 -0.000247654214
vn 0.235304251 -0.93016845 0.281812966
vn -0.0423853621 -0.99129194 0.124674417
vn -0.391319633 -0.919075072 -0.0465822145
vn 0.548913836 -0.74227941 0.384337008
vn 0.942905962 0.0996619835 0.317798644
vn 0.702845216 0.666224658 0.249305606
vn 0.509027302 0.823738277 0.249692887
vn -0.100705869 -0.980139613 0.170835659
vn -0.473473758 -0.876403034 0.0879785493
vn 0.250124604 -0.933105767 0.258362412
vn 0.582371831 -0.767239869 0.268674761
vn 0.989576459 0.104650028 0.0989279151
vn -0.128388509 -0.958782852 0.253479362
vn -0.485061735 -0.834905624 0.260091662
vn 0.265233696 -0.93452096 0.237321734
vn -0.112348825 -0.928440452 0.35408479
vn -0.419999123 -0.796551466 0.434863746
vn -0.306098342 -0.748296142 0.588520825
vn 0.600822151 -0.783097506 0.160533816
vn 0.279915273 -0.933762014 0.223015293
vn -0.0581458211 -0.888691127 0.45480451
vn -0.162194833 -0.689237177 0.706147969
vn 0.294987202 -0.934821725 0.197714403
vn 0.0572020896 -0.858826339 0.509063125
vn 0.92178452 0.126731247 0.366404742
vn 0.324323237 -0.92961514 0.175014943
vn 0.610202849 -0.79166925 0.0302035455
vn 0.980736852 0.124728836 -0.150325939
vn 0.615660667 -0.783233821 -0.0866412669
vn 0.922852337 0.149126351 -0.355112374
vn 0.593766987 0.777851045 -0.205884725
vn 0.658536196 0.749787271 -0.0644139424
vn 0.419587731 0.907456338 0.0216593258
vn 0.700655818 0.706711948 0.0981821939
vn 0.16389741 0.872469842 0.460362971
vn -0.109563768 0.646541238 0.754970372
vn 0.471014321 0.876755238 0.0971897021
vn 0.0857470483 0.887458682 0.452840567
vn -0.300195456 0.684903681 0.663919806
vn 0.50322938 0.84668684 0.172862902
vn -0.00887287874 0.926770151 0.375524104
vn -0.519496739 0.705455959 0.482135832
vn -0.673555017 0.697846293 0.243586019
vn -0.0551928394 0.957513809 0.283056617
vn 0.158364728 0.970028222 -0.184298113
vn 0.654932499 0.755473018 0.0179934278
vn 0.642830014 0.757694364 0.112555884
vn 0.616266489 0.748504877 0.244858995
vn 0.205322891 0.961622715 -0.182000786
vn -0.437023818 0.0431277342 -0.898415327
vn 0.0738725662 0.977705181 -0.196558774
vn 0.585712194 0.738139927 0.334799498
vn -0.398715615 0.811308682 -0.427555919
vn -0.0590269007 0.963333607 -0.261733055
vn 0.606124699 0.740688562 0.289815962
vn -0.433616638 0.829433799 -0.352159262
vn -0.382727653 0.780996561 -0.493521988
vn -0.213527173 0.929176867 -0.301722407
vn 0.642358541 0.75099647 0.15290454
vn -0.586926639 0.594854116 -0.549241126
vn -0.420140207 0.751116335 -0.509221375
vn -0.387983799 0.887669325 -0.248015776
vn 0.657342553 0.750984013 -0.0626394525
vn -0.656705499 0.599262178 -0.457845926
vn -0.53541398 0.573274553 -0.620232344
vn -0.516325057 0.7315377 -0.445265085
vn -0.494125485 0.866384804 -0.0722306594
vn 0.649743795 0.721046805 -0.240675271
vn -0.806795955 0.012637374 -0.590694964
vn -0.712140739 0.0536879525 -0.699980855
vn -0.552941918 0.559583962 -0.617350161
vn -0.626944184 0.720910549 -0.295345634
vn -0.601077795 -0.563055456 -0.567163169
vn -0.627237558 0.0570884533 -0.776732862
vn -0.641157448 0.562122345 -0.522432268
vn -0.632930458 0.0421852954 -0.773058534
vn -0.347602993 -0.800557852 -0.488138616
vn -0.533971548 -0.563894808 -0.62999773
vn -0.457320541 -0.593157709 -0.662587225
vn 0.212277547 -0.912987828 -0.348412752
vn 0.646181822 -0.747735202 -0.152778193
vn 0.572334588 -0.818925023 -0.0423652343
vn -0.305102885 -0.815251291 -0.492217094
vn 0.132544458 -0.945677221 -0.296861351
vn 0.47014156 -0.880024016 0.0672655329
vn 0.0544105992 -0.966168821 -0.252105683
vn 0.376525342 -0.91719085 0.130344555
vn -0.262254596 -0.837941885 -0.478618741
vn -0.00606006477 -0.975471139 -0.220044002
vn 0.335793912 -0.935465991 0.110207841
vn -0.231941536 -0.873815179 -0.427375883
vn -0.0261923615 -0.98395282 -0.176496074
vn 0.315958589 -0.947472274 0.0496629924
vn -0.412873775 -0.659927547 -0.627718747
vn -0.212320775 -0.917713284 -0.335741341
vn -0.0352959521 -0.992448568 -0.117473312
vn 0.282148391 -0.959214926 -0.0172888841
vn -0.421478033 -0.738514245 -0.526263356
vn -0.197631478 -0.956971228 -0.212480277
vn -0.0274150781 -0.998916626 -0.0376022495
vn -0.738407016 0.0420624278 -0.673042238
vn -0.474017948 -0.803417385 -0.3603158
vn -0.746899784 0.570856631 -0.340974361
vn -0.0194013454 -0.999003351 0.0401990712
vn 0.236400947 -0.969763994 -0.0606001839
vn -0.1774427 -0.981839418 -0.0671229139
vn -0.886909783 0.048353225 -0.459405154
vn -0.689306736 0.720582247 -0.0749489963
vn -0.162474424 -0.98313719 0.0839250609
vn -0.0275153406 -0.995925307 0.0858815983
vn 0.214456186 -0.973342896 -0.0813152343
vn -0.50833106 -0.851091146 -0.131313831
vn -0.807642996 0.580169916 -0.105430916
vn -0.500184119 -0.850962698 0.160244912
vn -0.168884009 -0.967802465 0.186645657
vn -0.0310166497 -0.993266225 0.111624993
vn 0.232816383 -0.967855275 -0.0951460153
vn -0.985682786 0.0422305651 -0.163236037
vn -0.974667668 0.0634744614 0.214461863
vn -0.792120099 0.584785104 0.174848855
vn -0.467911035 -0.807781279 0.358536869
vn -0.87150681 0.0907702073 0.481909156
vn -0.191879451 -0.947227299 0.256793171
vn -0.0116632441 -0.99263531 0.120578445
vn 0.294285715 -0.9504655 -0.100056745
vn -0.67905426 0.712998509 0.174695089
vn -0.723526061 0.567119896 0.393554479
vn -0.440371782 -0.755291522 0.48539409
vn -0.751779437 0.0908588022 0.653125107
vn -0.218898118 -0.932826579 0.286213815
vn 0.0423851088 -0.99129194 0.124674477
vn 0.391320735 -0.919074595 -0.0465824343
vn -0.447434127 0.884035707 0.13521646
vn -0.607906997 0.698661983 0.37725386
vn -0.339812487 0.891376436 0.299959213
vn 0.641033292 0.69307673 -0.329728514
vn -0.642538369 0.54939121 0.53414768
vn -0.529992461 0.693529546 0.487980276
vn -0.221867368 0.917980433 0.328765601
vn 0.632215679 0.696205676 -0.340001434
vn -0.698719025 0.100873046 0.708248734
vn -0.598511875 0.547808528 0.584542096
vn -0.483980924 0.709164679 0.512686968
vn -0.0989787355 0.954039812 0.282862276
vn 0.640398383 0.700576961 -0.314772844
vn -0.463498592 -0.713879108 0.524924457
vn -0.741830707 0.113790192 0.660862327
vn -0.612491548 0.578801811 0.538370371
vn -0.475816935 0.749247551 0.460680336
vn 0.0220976546 0.977714896 0.208770782
vn 0.692962766 0.693987906 -0.195405737
vn -0.50543189 -0.713315845 0.485509127
vn -0.84674114 0.107765235 0.520976067
vn -0.664580047 0.623072922 0.412448108
vn -0.493207157 0.793859065 0.355716854
vn 0.0723483488 0.972899854 0.219617113
vn 0.723661721 0.690154731 -0.000249282806
vn -0.235303923 -0.930168569 0.281812727
vn -0.54891485 -0.742278755 0.384336799
vn -0.942905545 0.0996636897 0.31779924
vn -0.702844441 0.666225255 0.249306366
vn -0.50902766 0.823738217 0.249692425
vn 0.0551940985 0.957513928 0.283056021
vn 0.673555851 0.697845578 0.243585899
vn -0.250124812 -0.933105767 0.258362442
vn -0.582371414 -0.767239869 0.268675566
vn -0.989576697 0.104648687 0.0989270359
vn -0.700656831 0.706711054 0.0981811062
vn 0.00886996649 0.926770151 0.375524074
vn 0.519495428 0.705456674 0.48213616
vn 0.300195098 0.684903502 0.663920224
vn -0.503231227 0.846685767 0.172862142
vn -0.0857465789 0.887458444 0.452841043
vn 0.109568521 0.646540403 0.754970312
vn -0.471014887 0.87675482 0.0971902609
vn -0.163895294 0.872470796 0.460361719
vn -0.921782792 0.126730874 0.366409391
vn -0.658537507 0.749786139 -0.0644130558
vn -0.419586092 0.907457113 0.0216591656
vn -0.593768656 0.777849615 -0.205885082
vn -0.980737627 0.124724537 -0.1503243
vn -0.922854304 0.149119362 -0.355110466
vn -0.600820184 -0.783098698 0.160535008
vn -0.615657628 -0.783236444 -0.0866391733
vn -0.610202551 -0.791669488 0.0302037261
vn -0.324323475 -0.929615319 0.17501308
vn -0.0571970753 -0.858826816 0.509062827
vn 0.162205607 -0.689235568 0.706147075
vn -0.294987738 -0.934821665 0.197713897
vn 0.0581497699 -0.888690829 0.454804629
vn 0.306105465 -0.748293698 0.588520229
vn -0.265232712 -0.934521079 0.237322211
vn -0.279915869 -0.933761835 0.223015755
vn 0.112348936 -0.928440452 0.35408476
vn 0.420002788 -0.79654938 0.434863985
vn 0.485064834 -0.834903836 0.260091543
vn 0.128388211 -0.958782852 0.253479481
vn 0.473477155 -0.876401365 0.0879774392
vn 0.100705981 -0.980139494 0.170835674
vn 0.129392803 0.990963042 -0.0353510268
vn 0.141911104 0.988895416 -0.04412622
vn 0.160685003 0.986973226 -0.00801967923
vn 0.108849697 0.99124217 -0.0747706071
vn 0.0993768498 0.993059158 -0.0629110038
vn 0.0590496995 0.993395984 -0.0983746722
vn 0.145673096 0.989325762 -0.0037137277
vn -0 0.999676108 0.0254492015
vn 0.152190506 0.98803848 0.0248585362
vn 0.0539780892 0.994968951 -0.0843993276
vn -0 0.995712757 -0.0924993753
vn 0.167785794 0.985505819 0.0250218231
vn -0 0.994240999 -0.107167326
vn 0.161165759 0.985356152 0.0556667484
vn -0.0590493567 0.993395984 -0.0983745754
vn 0.146310508 0.987890482 0.0516283698
vn 0.141250655 0.98598218 0.0888111889
vn 0.12870796 0.988357723 0.0811370313
vn 0.107394636 0.987242818 0.117549621
vn 0.0980160385 0.989356935 0.107543819
vn 0.057300292 0.988630414 0.139020443
vn -0.0539777242 0.994968951 -0.0843992606
vn -0.0993764922 0.993059158 -0.0629109442
vn -0.108849294 0.99124217 -0.0747705325
vn 0.0524912439 0.990507364 0.12704286
vn -0.129392341 0.990963161 -0.0353513286
vn -0 0.990781963 0.13546668
vn -0.141910657 0.988895416 -0.0441265479
vn -0 0.989008486 0.147858754
vn -0.160684764 0.986973226 -0.00801987294
vn -0.0573004447 0.988630414 0.139020443
vn -0.145672843 0.989325881 -0.00371398288
vn -0.152190596 0.98803848 0.0248586852
vn -0.167786077 0.985505819 0.0250220224
vn -0.161166236 0.985356033 0.0556668863
vn -0.146310866 0.987890482 0.0516284332
vn -0.141250938 0.98598206 0.0888114795
vn -0.128708214 0.988357723 0.0811372772
vn -0.107395135 0.987242818 0.11754968
vn -0.0980164483 0.989356935 0.107543774
vn -0.0524914004 0.990507364 0.127042815
vn 0.152857274 -0.987998843 -0.0222018566
vn 0.143519476 -0.985783458 -0.0873681456
vn 0.132544696 -0.987669647 -0.0833103731
vn 0.117956832 -0.982799768 -0.142094105
vn 0.107976899 -0.985077202 -0.134029731
vn 0.0821359232 -0.979546368 -0.183691725
vn 0.0749492273 -0.982213497 -0.172160268
vn 0.0413602702 -0.977418244 -0.207226858
vn 1.99885562E-07 -0.999665618 -0.0258565247
vn 0.140651494 -0.98980391 -0.0224820282
vn 0.0375921614 -0.980411768 -0.193338171
vn 0.133786261 -0.990249693 0.0388192534
vn 0.145731524 -0.988337934 0.0441625491
vn 1.31143352E-07 -0.979591668 -0.200997457
vn -0 -0.976574838 -0.215178177
vn -0.0413602144 -0.977418244 -0.207226783
vn 0.110710777 -0.989863694 0.0889540613
vn 0.121481024 -0.987702906 0.0984147117
vn 0.0754950419 -0.988861859 0.128268644
vn 0.0834266916 -0.986436665 0.141359717
vn 0.0388868637 -0.987945914 0.149835974
vn 0.0429528095 -0.985298395 0.165354431
vn -0 -0.987579525 0.157119751
vn -0 -0.984879553 0.173240721
vn -0.0429529548 -0.985298395 0.165354297
vn -0.0375919789 -0.980411768 -0.193338051
vn -0.0388868414 -0.987945914 0.149835899
vn -0.0749492049 -0.982213616 -0.172160238
vn -0.0834270269 -0.986436665 0.141359612
vn -0.0821360424 -0.979546368 -0.18369168
vn -0.0754952207 -0.988861859 0.128268525
vn -0.121481247 -0.987702906 0.0984147117
vn -0.107976779 -0.985077202 -0.134029761
vn -0.117956743 -0.982799768 -0.142094076
vn -0.110710897 -0.989863694 0.0889540911
vn -0.145731628 -0.988337934 0.0441625416
vn -0.132544428 -0.987669647 -0.0833102614
vn -0.143519178 -0.985783458 -0.0873679891
vn -0.152857259 -0.987998843 -0.0222017486
vn -0.133786246 -0.990249693 0.0388192944
vn -0.14065136 -0.98980391 -0.0224818643
vn 0.66405189 0.747349918 0.0224345531
vn 0.743761182 0.668022275 0.0237807836
vn 0.710060835 0.664067209 0.234154791
vn 0.715585053 0.674159646 -0.182884902
vn 0.634477675 0.743507326 0.211269587
vn 0.606886089 0.668258548 0.430255443
vn 0.633780599 0.756835163 -0.159758285
vn 0.619487286 0.688214779 -0.37761879
vn 0.530241609 0.847517431 0.0236226674
vn 0.509143412 0.844859898 0.164270371
vn 0.5013147 0.857588887 -0.114999481
vn 0.543832421 0.77176559 -0.329581738
vn 0.424304128 0.871159852 -0.247075915
vn 0.529301286 0.708362222 -0.466972321
vn 0.543817103 0.748096287 0.380282581
vn 0.437050849 0.84847641 0.298453271
vn 0.336442769 0.875389695 0.347129822
vn 0.444443494 0.805023491 -0.39294675
vn 0.325043023 0.90117389 -0.286762357
vn 0.446640193 0.773420453 0.449814647
vn 0.518770278 0.682506621 0.514841914
vn 0.173435554 0.944215119 0.279960692
vn 0.365765184 0.873840451 -0.320341438
vn 0.403303772 0.8741588 -0.270540923
vn 0.221994191 0.941572011 -0.253299862
vn 0.151127413 0.967074811 -0.204760328
vn -0 0.986439884 -0.16412276
vn 0.378719389 0.816736937 0.435330212
vn 0.426832289 0.811276674 0.399555326
vn 0.220439896 0.916858613 0.332831204
vn -0 0.973792195 0.227439672
vn -0 0.975215197 -0.221258357
vn -2.60418034E-07 0.981887996 -0.18946217
vn -0.403303564 0.874159157 -0.270540446
vn -0 0.963089526 -0.269181371
vn -0.365764856 0.873840809 -0.320340842
vn -0.529302895 0.708361626 -0.466971546
vn -0.221994013 0.94157207 -0.253299594
vn -0.151127756 0.967074811 -0.204760328
vn -0.325043142 0.90117383 -0.286762416
vn -0.444444209 0.805023313 -0.392946213
vn -0.42430377 0.87116003 -0.24707602
vn -0.5438326 0.771765351 -0.329582065
vn -0.619487882 0.688214004 -0.377619267
vn -0.501313031 0.8575899 -0.114999451
vn -0.633779943 0.75683558 -0.159758747
vn -0.715585053 0.674159408 -0.182885721
vn -0.530239701 0.847518623 0.0236231796
vn -0.664050639 0.747350872 0.0224347245
vn -0.743760407 0.668023109 0.0237807557
vn -0.710059166 0.664068937 0.234154731
vn -0.634476244 0.743508458 0.211269885
vn -0.509142935 0.844860137 0.164270565
vn -0.606885731 0.668259084 0.430255294
vn -0.543816864 0.748096526 0.380282581
vn -0.437050909 0.84847641 0.298453242
vn -0.336443692 0.875389397 0.347129732
vn -0.446641117 0.773420095 0.449814498
vn -0.518771231 0.682506084 0.514841497
vn -0.173436582 0.94421488 0.279960573
vn -0.378719538 0.816736877 0.435330182
vn -0.426833123 0.811276257 0.399555117
vn -0.220439881 0.916858613 0.332831204
vn 2.51161254E-07 0.931895494 0.362727135
vn -1.77236373E-07 0.93101573 0.364979267
vn -4.22966167E-07 0.939518571 0.342497975
vn 0.175986961 0.0203362927 -0.984182417
vn 0.145574883 0.0109636765 -0.989286482
vn 0.231288448 -0.0344340391 -0.972275674
vn 0.0889409781 0.0495966412 -0.994801402
vn 0.233084023 0.0108510265 -0.972396076
vn 0.103115171 0.126294017 -0.986619055
vn 0.201917723 0.00749928178 -0.979373693
vn 0.205753416 0.0167243071 -0.978460968
vn 0.189114541 -0.0403099209 -0.981127322
vn 0.130822927 -0.074279204 -0.988619208
vn 0.14833267 -0.0305441655 -0.988465667
vn 0.243847638 0.318327665 0.916081846
vn 0.891615927 -0.346435249 -0.291553825
vn -0.0736218989 -0.986541629 0.145998076
vn 0.954774976 -0.260028422 -0.144187436
vn -0.149270922 -0.985078812 0.0856621191
vn 0.979878664 -0.192643538 -0.0522133857
vn -0.824847519 0.294908702 0.482343554
vn -0.198382616 -0.976443231 0.08487086
vn 0.985552609 -0.163801104 -0.0430718139
vn 0.110546574 0.979736626 0.167019993
vn 0.891615927 -0.346435249 -0.291553825
vn 0.954774976 -0.260028422 -0.144187436
vn -0.933277071 0.294474185 0.205618098
vn 0.164152354 0.986018181 0.0286712442
vn 0.202691764 0.979241967 0.00107838307
vn 0.979878664 -0.192643538 -0.0522133857
vn -0.967507601 0.219546407 0.125413746
vn 0.260583073 0.965401113 -0.00984888058
vn 0.985552609 -0.163801104 -0.0430718139
vn -0.238870472 -0.968648136 0.0682770759
vn 0.987803578 -0.145609587 -0.0551522784
vn -0.978913784 0.177905977 0.100385211
vn 0.297245532 0.954620123 -0.0185849462
vn 0.987803578 -0.145609587 -0.0551522784
vn -0.292626619 -0.954554439 0.0565284751
vn 0.99444592 -0.0783666447 -0.0702565312
vn -0.983134389 0.158042252 0.0920290649
vn 0.284822911 0.958384335 -0.0193700995
vn 0.99444592 -0.0783666447 -0.0702565312
vn 0.993914068 0.0260107052 -0.107043184
vn -0.270368308 -0.961458385 0.0499867201
vn 0.993914068 0.0260107052 -0.107043184
vn 0.192443043 0.981134892 -0.0184427314
vn 0.987418056 0.0172646716 -0.157186836
vn -0.992074013 0.0700986162 0.104284994
vn -0.177633405 -0.983390629 0.0372728407
vn 0.987418056 0.0172646716 -0.157186836
vn 0.209139064 0.976625681 -0.0496295094
vn 0.978851676 0.0297808629 -0.202392235
vn -0.990912199 -0.0292178504 0.131298572
vn -0.183544531 -0.982199669 0.039939858
vn 0.978851676 0.0297808629 -0.202392235
vn 0.215844333 0.972507119 -0.0874143466
vn 0.969181955 0.0736663043 -0.235073656
vn -0.987973332 -0.00505799847 0.154541746
vn -0.22010991 -0.974544466 0.0426002294
vn 0.969181955 0.0736663043 -0.235073656
vn 0.164585054 0.981361926 -0.0991989896
vn 0.95611304 0.0960292667 -0.276814491
vn -0.985867083 -0.0357527137 0.16366972
vn -0.245823234 -0.968894124 0.0285507962
vn 0.95611304 0.0960292667 -0.276814491
vn 0.10554748 0.988774657 -0.105756618
vn 0.545958936 0.45610109 -0.702780604
vn -0.979848921 -0.12277735 0.157549262
vn -0.977320313 -0.179693997 0.112049416
vn -0.197499558 -0.978001714 -0.0671325326
vn -0.9002285 0.36878863 0.23148115
vn -0.443522543 0.547972381 -0.709234834
vn -0.557938159 0.746133685 -0.363303483
vn 0.822621405 0.164040864 -0.544412136
vn 0.756805301 0.399702132 -0.51718843
vn 0.714989007 0.29053098 -0.635910749
vn -0.733587742 0.674476743 0.0832472295
vn 0.635438561 0.499643117 -0.588705838
vn 0.615227818 0.395217448 -0.682127357
vn -0.693697512 0.710154593 0.120267071
vn -0.859391689 0.407484502 0.308872759
vn 0.550379753 0.549612761 -0.628496587
vn 0.530485868 0.471306622 -0.704595506
vn -0.645714462 0.748618662 0.150408909
vn -0.814564884 0.447193801 0.369461626
vn 0.483197629 0.590384364 -0.64650315
vn 0.472356349 0.521823049 -0.710338116
vn -0.58781141 0.780353487 0.213368401
vn -0.75460577 0.473472029 0.454306573
vn 0.438320369 0.618941367 -0.651756763
vn -0.510909557 0.807816088 0.293946594
vn -0.677526832 0.485889852 0.552148938
vn 0.432097405 0.635297775 -0.640069246
vn 0.456815451 0.549507737 -0.699543238
vn -0.385448247 0.84160924 0.378316581
vn -0.572724998 0.493936449 0.65422678
vn 0.459864497 0.642999768 -0.612434328
vn 0.477043718 0.561190963 -0.676382959
vn -0.21504502 0.852924347 0.475684643
vn -0.424439222 0.501709759 0.753749788
vn -0.00266105239 0.846283317 0.532726526
vn -0.242399395 0.510313153 0.825119972
vn 0.506797254 0.641423047 -0.575962722
vn 0.521072686 0.562730312 -0.641730428
vn 0.176417917 0.819134474 0.545797944
vn -0.0833262652 0.522711813 0.848427415
vn 0.56678468 0.628418863 -0.532770932
vn 0.582429767 0.552942216 -0.595844388
vn 0.295272231 0.797330737 0.526382089
vn -0.00178046932 0.549591839 0.835431337
vn 0.63926065 0.604835749 -0.47488907
vn 0.65591979 0.531181931 -0.536297441
vn 0.321534604 0.786765277 0.526892662
vn -0.00481007202 0.594243407 0.804270864
vn 0.718451202 0.573344529 -0.393832505
vn 0.739694953 0.494756073 -0.456144512
vn 0.344367117 0.79328227 0.502110064
vn -0.0282491054 0.632772624 0.773822129
vn 0.526010871 0.775229275 0.349760085
vn 0.784592867 0.544444621 -0.296638072
vn 0.814375699 0.45548141 -0.359623432
vn 0.900227427 0.368792504 0.231479183
vn 0.557942927 0.746133983 -0.363295913
vn 0.443551153 0.547970831 -0.709218085
vn -0.822621405 0.164038569 -0.544412732
vn -0.756804526 0.399702579 -0.517189384
vn -0.714990258 0.290529817 -0.635909975
vn 0.733583272 0.674482048 0.0832441002
vn -0.635438144 0.49964425 -0.58870548
vn -0.615225852 0.395219356 -0.682128131
vn 0.693698227 0.710153997 0.120266713
vn 0.859391928 0.407484561 0.308871776
vn -0.550378442 0.54961431 -0.62849623
vn -0.530486584 0.47130692 -0.704594731
vn 0.645715117 0.748618245 0.150408834
vn 0.81456542 0.447193146 0.369461119
vn -0.483197868 0.590384424 -0.646502972
vn -0.472358525 0.521822393 -0.710337162
vn 0.587813318 0.780352056 0.213368788
vn 0.754606068 0.473471671 0.454306215
vn -0.43832171 0.618940532 -0.651756704
vn 0.510908544 0.807816386 0.293947458
vn 0.677525878 0.485890478 0.552149534
vn -0.432097286 0.635297477 -0.640069664
vn -0.456813842 0.549508095 -0.699544013
vn 0.385447681 0.841610074 0.378315538
vn 0.572725415 0.493936777 0.654226363
vn -0.459863871 0.643000066 -0.612434506
vn -0.477042139 0.561191499 -0.676383615
vn 0.215045393 0.852924585 0.475683957
vn 0.424439907 0.501709819 0.753749311
vn 0.00266087358 0.846283138 0.532726765
vn 0.242399797 0.510313034 0.825119913
vn -0.506797612 0.641423106 -0.575962245
vn -0.521072984 0.562730014 -0.641730428
vn -0.176416829 0.819134891 0.545797706
vn 0.0833281353 0.522711754 0.848427355
vn -0.566784322 0.628419101 -0.532770991
vn -0.582427621 0.552943051 -0.595845759
vn -0.295271516 0.797330737 0.526382327
vn 0.00178298668 0.549591899 0.835431337
vn -0.639260173 0.60483706 -0.474887908
vn -0.655918241 0.53118366 -0.536297679
vn -0.321532041 0.786764979 0.526894629
vn 0.0048107258 0.594243646 0.804270744
vn -0.718450963 0.573346078 -0.393830687
vn -0.739694238 0.494758993 -0.456142545
vn -0.344368309 0.793282449 0.502108991
vn 0.0282478519 0.632772505 0.773822367
vn -0.52600944 0.775230765 0.349758834
vn -0.784590423 0.544447958 -0.29663825
vn -0.814372599 0.455489606 -0.359619915
vn -0.101082422 -0.700331032 -0.706624925
vn -0.0683810338 -0.641254485 -0.764275253
vn -0.224274442 -0.633838296 -0.740236461
vn 0.133911774 -0.609274566 -0.781570315
vn -0.267205209 -0.675699651 -0.687045336
vn -0.336016536 -0.62626797 -0.703478038
vn -0.133754611 -0.833150744 -0.536628008
vn -0.211093083 -0.609797657 -0.763928354
vn -0.0932081938 -0.730561852 -0.67645514
vn -0.110539794 -0.571888983 -0.812849283
vn 0.0237991866 -0.519459486 -0.854163587
vn 0.0696702749 -0.690246999 -0.720211864
vn 0.245249271 -0.561621845 -0.790211201
vn -0.138531655 -0.934396923 -0.328194112
vn -0.0974044427 -0.87926203 -0.466273308
vn 0.156804994 -0.63100177 -0.759769022
vn 0.172861531 -0.658955991 -0.732049108
vn 0.0796930492 -0.809606612 -0.581537724
vn 0.200245634 -0.769481063 -0.606465578
vn 0.0144523773 -0.65185833 -0.75820303
vn 0.243414104 -0.500859857 -0.830595434
vn -0.0719026923 -0.859099925 -0.506731927
vn -0.179991901 -0.922980607 -0.340161413
vn 0.103707135 -0.888232887 -0.447534531
vn 0.277158886 -0.811322153 -0.514722586
vn -0.313881695 -0.893396199 -0.321436703
vn -0.0575855747 -0.938384354 -0.340762019
vn 0.168998003 -0.901872396 -0.397575051
vn 0.352001101 -0.813799977 -0.462411851
vn -0.153660282 -0.988122284 -0.001688711
vn 0.237998292 -0.900399864 -0.364193559
vn 0.423387736 -0.803746879 -0.418011785
vn -0.253819197 -0.940960467 -0.223985091
vn -0.15173535 -0.987736285 0.0367886722
vn -0.166595504 -0.976994872 0.133142471
vn -0.146190643 -0.989254236 0.00208010501
vn 0.30837816 -0.888403594 -0.340061635
vn -0.225026637 -0.947631121 0.226623356
vn -0.288305789 -0.827280998 0.48216784
vn -0.142911807 -0.989202201 0.0324848182
vn -0.127922952 -0.990713596 0.0460684784
vn -0.361631811 -0.811833024 0.458420724
vn -0.44213593 -0.781306684 0.440540224
vn -0.524957478 -0.587801099 0.6155563
vn -0.413080394 -0.790789664 0.451681614
vn -0.473419785 -0.592517734 0.651764095
vn -0.3941333 -0.613618433 0.6842013
vn -0.28301844 -0.634176195 0.719528377
vn -0.187860399 -0.83584559 0.515820384
vn -0.142647833 -0.613766611 0.776493549
vn -0.0849473551 -0.763646901 0.640021384
vn -0.0890732184 -0.506150901 0.857832909
vn -0.162874311 -0.620887339 0.766792595
vn -0.211501643 -0.363362998 0.907322645
vn -0.0953166112 -0.913270712 0.396044582
vn -0.34428069 -0.534207046 0.772071004
vn -0.37621963 -0.265928656 0.887547553
vn -0.2290833 -0.897204578 0.37755087
vn -0.476332694 -0.473225236 0.74105674
vn -0.508049905 -0.206883997 0.836112559
vn -0.235551223 -0.962325513 0.135813445
vn -0.576161385 -0.43076846 0.69460535
vn -0.616921306 -0.16095911 0.770389736
vn -0.255103141 -0.96581465 0.0460934304
vn -0.676441491 -0.375548124 0.633553743
vn -0.710975587 -0.125781611 0.691876352
vn -0.315690696 -0.947875082 -0.0432706475
vn -0.785828233 -0.308852255 0.535802424
vn -0.799954057 -0.101896361 0.591346502
vn -0.310225606 -0.925612748 -0.216797531
vn -0.861322343 -0.268085033 0.431571722
vn -0.870599985 -0.0954393223 0.48264575
vn -0.272656322 -0.840207815 -0.468731672
vn -0.051461231 -0.904800892 -0.422713995
vn -0.274020404 -0.895837426 -0.349840224
vn 0.0263877697 -0.825425923 -0.563893378
vn 0.353483558 -0.61089021 -0.708422601
vn 0.432498991 -0.48785916 -0.75824672
vn 0.211583212 -0.661173582 -0.719779193
vn -0.0362747014 -0.934114814 -0.355124861
vn -0.00573588628 -0.957392812 -0.288732022
vn -0.10209392 -0.931981921 -0.347831219
vn -0.252903819 -0.903251648 -0.346664578
vn -0.0334383659 -0.971572578 -0.234368667
vn 0.0968980044 -0.942643285 -0.319428176
vn 0.0352953486 -0.94119519 -0.336014837
vn -0.122398093 -0.929702401 -0.347378939
vn -0.151653171 -0.971749723 -0.180841997
vn -0.244093597 -0.912472129 -0.328348845
vn -0.321540415 -0.88834095 -0.327814341
vn -0.412569612 -0.882455587 -0.225960925
vn -0.375233084 -0.868569374 -0.323708892
vn -0.840591133 0.251880676 0.479544014
vn -0.779130995 0.124093138 0.61445576
vn -0.854958653 0.124146312 0.503620386
vn -0.29037866 0.910802066 -0.2934618
vn -0.76830405 0.267378032 0.581565022
vn -0.687411666 0.140304178 0.712586761
vn -0.664312124 0.290385425 0.68874222
vn -0.590000093 0.162189901 0.790945172
vn -0.310131639 0.943347573 -0.117956243
vn -0.25189504 0.939307332 -0.23291789
vn -0.557071924 0.317387968 0.767421484
vn -0.463430166 0.18756339 0.866055727
vn 0.418606728 0.632911384 -0.651299894
vn 0.485564053 0.516685784 -0.705169022
vn 0.288124263 0.542073548 -0.78939265
vn 0.26967153 0.676765203 -0.685030043
vn -0.347659528 0.932553649 0.0973482728
vn 0.0899027139 0.66771245 -0.738970578
vn 0.082237646 0.576281071 -0.813103497
vn 0.10039112 0.821879923 -0.56074506
vn 0.0307400282 0.753168106 -0.65710938
vn -0.0269297846 0.629561543 -0.776483834
vn -0.0995693207 0.668742657 -0.736796498
vn 0.0947147161 0.852865636 -0.513467848
vn -0.107680596 0.709578693 -0.6963498
vn 0.0994147882 0.887992263 -0.448983848
vn -0.217462271 0.962440252 0.162538826
vn 0.205530182 0.904559612 -0.373536229
vn -0.42227307 0.347366303 0.837270558
vn -0.120595843 0.940580845 0.317434013
vn -0.217041239 0.392104059 0.893950522
vn 0.0191876162 0.83151865 0.55516541
vn -0.291317165 0.225435302 0.92968446
vn 0.0939749405 0.477963656 0.873338103
vn -0.0446222648 0.303135842 0.951902032
vn 0.307471812 0.60018599 0.738402188
vn 0.133757755 0.407075524 0.903547704
vn 0.322278798 0.88619709 -0.33285287
vn 0.334894806 0.770307958 0.542652071
vn 0.4374066 0.858880639 0.266457617
vn 0.316272855 0.702221334 0.637853265
vn 0.16355063 0.503563941 0.848336399
vn 0.194706142 0.861323416 -0.469266951
vn 0.289296865 0.762122333 0.579203725
vn 0.104932562 0.572776914 0.812967241
vn 0.239152819 0.801769197 0.547697008
vn 0.0316377319 0.623897195 0.780865729
vn 0.180546507 0.830833316 0.52642101
vn -0.0370951965 0.671652138 0.739937305
vn 0.134081095 0.84879607 0.511436641
vn -0.0818776935 0.711764574 0.697629869
vn 0.533957124 0.839515567 0.100515842
vn 0.529905677 0.84695071 0.0432960726
vn 0.527140141 0.847829759 0.0575163513
vn 0.728517652 0.635280073 -0.25628382
vn 0.773218513 0.54442513 -0.32516852
vn 0.70999831 0.652943373 -0.263756037
vn 0.747833312 0.578426242 -0.325834811
vn 0.535420239 0.841553271 0.0715068728
vn 0.68607837 0.672005951 -0.278755397
vn 0.713220716 0.606032491 -0.352194428
vn 0.526896477 0.844224989 0.0983071253
vn 0.642491877 0.691323042 -0.330570161
vn 0.656496286 0.61601609 -0.435358107
vn 0.497713238 0.853289068 0.155497238
vn 0.569246173 0.667099893 -0.480558515
vn 0.588137746 0.588252127 -0.555025637
vn 0.548794568 0.782429278 -0.294328034
vn 0.539925814 0.61056155 -0.579391778
vn 0.557736635 0.533429861 -0.63591069
vn 0.501951933 0.585200608 -0.636855245
vn 0.396612018 0.854845047 -0.334572673
vn 0.468964815 0.785277665 -0.404241204
vn 0.473118573 0.689390063 -0.548543572
vn 0.300964296 0.677195907 -0.671435893
vn 0.302414566 0.739903688 -0.600905895
vn 0.0696173832 0.710324049 -0.700423539
vn 0.391133517 0.870842695 -0.297737509
vn 0.00788524467 0.752532303 -0.658508122
vn 0.251099259 0.953203917 -0.168379128
vn 0.162299067 0.927598715 -0.336481214
vn 0.154291704 0.978706837 -0.135377005
vn 0.290525138 0.948406935 -0.126962602
vn 0.218125552 0.97323519 -0.0723497719
vn 0.389134884 0.888566315 -0.242948443
vn 0.472765446 0.826491952 -0.305620641
vn 0.341444761 0.876546681 -0.339236349
vn 0.307112664 0.877907693 -0.367368937
vn 0.235885918 0.903114676 -0.358805805
vn 0.280122936 0.838595748 -0.467213422
vn 0.167387635 0.929976642 -0.327299237
vn 0.095618166 0.922044039 -0.375089318
vn 0.058883734 0.943328261 -0.326595038
vn 0.139740825 0.923072636 -0.358342797
vn 0.101082861 -0.700331151 -0.706624746
vn 0.224275231 -0.633838475 -0.740235984
vn 0.0683823153 -0.641254663 -0.764274955
vn -0.133912474 -0.609274447 -0.781570315
vn 0.26720506 -0.675699949 -0.687045097
vn 0.336017251 -0.626267672 -0.703477859
vn 0.133754537 -0.833150804 -0.536627948
vn 0.211093366 -0.609797716 -0.763928294
vn 0.0932079777 -0.730561852 -0.67645514
vn 0.110539116 -0.571888924 -0.812849402
vn -0.0237992853 -0.519459426 -0.854163647
vn -0.0696692243 -0.690247238 -0.720211744
vn -0.245251536 -0.561621189 -0.790210962
vn 0.13853167 -0.934396803 -0.32819441
vn 0.0974051505 -0.879261851 -0.466273427
vn -0.156805724 -0.631001174 -0.75976944
vn -0.172863007 -0.658954978 -0.732049704
vn -0.0796929151 -0.809606254 -0.5815382
vn -0.200245902 -0.769480824 -0.606465936
vn -0.0144519359 -0.65185827 -0.758203089
vn -0.243413553 -0.500860035 -0.830595732
vn 0.0719038993 -0.859099805 -0.506731868
vn 0.17999281 -0.922980428 -0.340161324
vn -0.103707559 -0.888232589 -0.447534919
vn -0.277158231 -0.811322033 -0.514723122
vn 0.313880593 -0.893396676 -0.321436256
vn 0.0575864017 -0.938384235 -0.3407619
vn -0.168997258 -0.901872575 -0.397574961
vn -0.352000535 -0.813800335 -0.462411672
vn 0.153659955 -0.988122404 -0.00168776116
vn -0.237998113 -0.900399983 -0.364193499
vn -0.423388928 -0.803746045 -0.418012232
vn 0.253817439 -0.940960765 -0.223985225
vn 0.15173535 -0.987736285 0.0367889404
vn 0.166595683 -0.976994753 0.133142993
vn 0.146189839 -0.989254355 0.00208144961
vn -0.308380276 -0.888402283 -0.340063334
vn 0.225029632 -0.94762975 0.22662656
vn 0.288306177 -0.8272807 0.482168257
vn 0.142911613 -0.989202201 0.0324857458
vn 0.127923563 -0.990713477 0.0460681021
vn 0.361631751 -0.811833501 0.458420038
vn 0.442134261 -0.781310618 0.44053486
vn 0.524956644 -0.587806582 0.61555177
vn 0.413080007 -0.790791869 0.451678187
vn 0.473419905 -0.592524707 0.651757538
vn 0.394134492 -0.61362195 0.684197426
vn 0.283018887 -0.634177387 0.719527066
vn 0.187860176 -0.83584547 0.515820503
vn 0.142647341 -0.613766968 0.776493311
vn 0.084947437 -0.763647497 0.640020788
vn 0.0890732855 -0.506151199 0.85783273
vn 0.162873983 -0.620887578 0.766792357
vn 0.211501822 -0.363362819 0.907322645
vn 0.095317252 -0.913270533 0.396044821
vn 0.344280481 -0.53420651 0.772071421
vn 0.376218557 -0.265927583 0.887548447
vn 0.229083598 -0.89720422 0.377551675
vn 0.476331651 -0.473224998 0.741057515
vn 0.508047342 -0.206882417 0.836114585
vn 0.235550627 -0.962325633 0.135812953
vn 0.576160371 -0.430769175 0.694605768
vn 0.616919994 -0.160958514 0.770390749
vn 0.255102217 -0.965814829 0.0460931025
vn 0.676441908 -0.375549138 0.633552909
vn 0.710976064 -0.125781357 0.691875875
vn 0.315690815 -0.947874963 -0.0432698838
vn 0.785828233 -0.308853626 0.535801649
vn 0.799953938 -0.101896331 0.591346622
vn 0.310224861 -0.925612926 -0.216797784
vn 0.861321986 -0.26808694 0.431571394
vn 0.870600104 -0.0954392776 0.48264578
vn 0.272659242 -0.840206802 -0.468731761
vn 0.0514609888 -0.904800892 -0.422713935
vn 0.274022967 -0.895836949 -0.349839479
vn -0.0263878591 -0.825425982 -0.563893199
vn -0.35348174 -0.610890388 -0.708423316
vn -0.432498187 -0.487859309 -0.758247018
vn -0.211583212 -0.661173046 -0.71977967
vn 0.0362743139 -0.934114933 -0.355124742
vn 0.00573605113 -0.957392693 -0.288732082
vn 0.102093607 -0.931981683 -0.347831964
vn 0.252904803 -0.903250575 -0.346666455
vn 0.0334386528 -0.971572459 -0.234368965
vn -0.0968979895 -0.942643404 -0.319427878
vn -0.0352959298 -0.941195071 -0.336014837
vn 0.122396775 -0.92970258 -0.34737882
vn 0.151652366 -0.971749842 -0.180841744
vn 0.244092494 -0.912472486 -0.328348547
vn 0.321540803 -0.888340771 -0.327814162
vn 0.375232279 -0.868569553 -0.323709369
vn 0.412570357 -0.88245517 -0.225961715
vn 0.840591013 0.251881063 0.479544252
vn 0.854958355 0.124146439 0.503620744
vn 0.779130757 0.124093205 0.614455938
vn 0.290380508 0.910801351 -0.293462247
vn 0.768304169 0.267377943 0.581564844
vn 0.687411726 0.140304074 0.712586701
vn 0.664312303 0.290385187 0.688742101
vn 0.590000272 0.162189141 0.790945172
vn 0.310132205 0.943347394 -0.117956363
vn 0.251895249 0.939306974 -0.23291868
vn 0.557071984 0.317387849 0.767421544
vn 0.463430911 0.187561989 0.866055667
vn -0.418605655 0.632911563 -0.65130049
vn -0.485563904 0.516684711 -0.705169916
vn -0.288126498 0.542072415 -0.78939265
vn -0.269671708 0.676765084 -0.685030162
vn 0.347659707 0.93255353 0.097348161
vn -0.0899033695 0.66771245 -0.738970518
vn -0.0822389349 0.576280832 -0.813103497
vn -0.10039103 0.821880043 -0.560744941
vn -0.0307405107 0.753168046 -0.657109559
vn 0.0269293282 0.629561424 -0.776483893
vn 0.0995714515 0.668742478 -0.736796439
vn -0.0947143361 0.852865517 -0.513468146
vn 0.107681118 0.709578872 -0.696349502
vn -0.0994153321 0.887992144 -0.448983938
vn 0.217461944 0.962440252 0.162539288
vn -0.205531105 0.904559195 -0.373536497
vn 0.422273546 0.347366005 0.837270498
vn 0.120594919 0.940581083 0.317433566
vn 0.217041045 0.392103821 0.893950701
vn -0.0191877652 0.831518352 0.555165946
vn 0.291316956 0.22543475 0.929684699
vn -0.0939758047 0.477964252 0.873337746
vn 0.0446231402 0.303135574 0.951902032
vn -0.307470232 0.600186408 0.738402605
vn -0.133755773 0.407075465 0.903547943
vn -0.322279006 0.886196911 -0.332853019
vn -0.334893882 0.770307958 0.542652607
vn -0.437405676 0.858881235 0.26645717
vn -0.316271812 0.702221274 0.637853801
vn -0.163549334 0.503563762 0.848336697
vn -0.194704771 0.861324489 -0.46926564
vn -0.289297462 0.762121975 0.579203904
vn -0.104932852 0.572777033 0.812967122
vn -0.239153415 0.801769018 0.547697127
vn -0.0316391066 0.623897493 0.78086555
vn -0.18054615 0.830832899 0.526421785
vn 0.0370954461 0.671652615 0.739936948
vn -0.13407822 0.848796964 0.511435986
vn 0.081885092 0.71176523 0.6976282
vn -0.533952415 0.839518249 0.100518264
vn -0.529905379 0.846950948 0.043295905
vn -0.527139604 0.847829819 0.0575181022
vn -0.728519738 0.635277331 -0.256284654
vn -0.773221254 0.544420779 -0.325168848
vn -0.709997654 0.652943969 -0.263756514
vn -0.747831702 0.578427792 -0.325835794
vn -0.535419464 0.841553748 0.071507059
vn -0.686076224 0.672007501 -0.278756887
vn -0.713218033 0.606034815 -0.352195829
vn -0.526896775 0.844224811 0.098306872
vn -0.64249146 0.691322744 -0.330571383
vn -0.656495571 0.61601603 -0.435359359
vn -0.497713596 0.853288889 0.15549691
vn -0.569246888 0.667099059 -0.480558783
vn -0.588137925 0.588250697 -0.555026948
vn -0.548795342 0.782428682 -0.294328183
vn -0.539926589 0.610559881 -0.579392731
vn -0.557737708 0.533427954 -0.635911405
vn -0.501951456 0.585199118 -0.636856794
vn -0.396611214 0.854845107 -0.334573299
vn -0.468964905 0.785277903 -0.404240757
vn -0.473118931 0.68938911 -0.548544645
vn -0.300963193 0.677194953 -0.671437442
vn -0.302415878 0.739902794 -0.600906432
vn -0.0696169287 0.710324049 -0.700423658
vn -0.391134202 0.870842576 -0.297736824
vn -0.00788554549 0.752532661 -0.658507764
vn -0.25109899 0.953204036 -0.168378577
vn -0.162298009 0.927599013 -0.336481124
vn -0.154291347 0.978706956 -0.135377049
vn -0.290524393 0.948407233 -0.12696217
vn -0.218124956 0.973235428 -0.0723496601
vn -0.389134437 0.888565958 -0.242950335
vn -0.472765803 0.826491058 -0.305622369
vn -0.341442496 0.876547635 -0.339236379
vn -0.30711171 0.877907872 -0.367369324
vn -0.235886484 0.903114974 -0.358804941
vn -0.280122191 0.838596702 -0.467212021
vn -0.167386442 0.929977179 -0.327298582
vn -0.0956165642 0.922044337 -0.37508893
vn -0.0588828921 0.943328083 -0.32659626
vn -0.139739662 0.923072219 -0.358344018
vn 0.184921175 0.446424931 -0.875504971
vn -5.52897689E-07 0.745596111 -0.666398108
vn 1.14553302E-06 0.483209491 -0.875504792
vn 1.28845068E-06 -8.07670972E-07 -1
vn 0.285325557 0.688836694 -0.666403234
vn -6.64373658E-07 0.933441162 -0.358730376
vn 0.341677278 0.341687262 -0.87550354
vn 0.357206911 0.862387955 -0.358734131
vn -3.04075286E-07 1 0
vn 0.527206361 0.527213454 -0.666407824
vn 0.382675111 0.923882961 0
vn -3.06898386E-07 0.933439076 0.358735949
vn 0.446426749 0.184919149 -0.875504494
vn 0.66004169 0.660041273 -0.358734518
vn 0.357206076 0.862386107 0.358739734
vn -6.43609269E-07 0.745593905 0.666400492
vn 0.688838959 0.285319805 -0.666403353
vn 0.707105398 0.70710808 0
vn 0.285324037 0.688834965 0.666405678
vn -4.14307465E-07 0.483225107 0.875496209
vn 0.483211398 -1.47764624E-07 -0.875503719
vn 0.862390161 0.357203901 -0.358731925
vn 0.6600402 0.660039663 0.35874027
vn 0.184924036 0.446439654 0.875496924
vn -6.45944795E-07 -7.90032743E-07 1
vn 0.745593548 0 -0.666400969
vn 0.923882246 0.38267678 -1.06582945E-07
vn 0.527204335 0.527212262 0.666410446
vn 0.446426153 -0.184921756 -0.875504136
vn 0.933440745 0 -0.358731508
vn 0.862388015 0.357203156 0.358737767
vn 0.341685683 0.341698587 0.875495851
vn 0.688838363 -0.285322398 -0.666402996
vn 0.341673791 -0.341685593 -0.875505507
vn 1 0 0
vn 0.688836932 0.285319239 0.666405737
vn 0.184918374 -0.446427017 -0.875504494
vn 1.55082421E-06 -0.483211517 -0.875503719
vn 0.862388849 -0.357207537 -0.3587313
vn 0.527205646 -0.527215958 -0.666406393
vn 0.28532353 -0.688836753 -0.666404068
vn 1.25265117E-07 -0.745592237 -0.666402519
vn 0.933438599 0 0.3587372
vn 0.44644016 0.184925169 0.875496268
vn 0.923880517 -0.382681012 0
vn 0.660043418 -0.660039604 -0.358734339
vn 0.357212424 -0.862383723 -0.358739018
vn -0 -0.933437526 -0.358739913
vn 0.74559176 -1.03669088E-07 0.666402996
vn 0.862387419 -0.357206166 0.358736396
vn 0.707107306 -0.707106173 0
vn 0.382683963 -0.923879325 0
vn -0 -1 0
vn 0.483227193 -2.0525296E-07 0.875494897
vn 0.688836813 -0.285321146 0.666405082
vn 0.660042048 -0.660038054 0.358739734
vn 0.357211471 -0.862381756 0.358744562
vn 3.23760588E-07 -0.93343544 0.358745456
vn 0.446439505 -0.184927851 0.875496089
vn 0.527203858 -0.527214527 0.666408956
vn 0.285322994 -0.688834727 0.666406453
vn 1.06691596E-06 -0.745590031 0.666404903
vn 0.341684222 -0.341696799 0.875497103
vn 0.184924588 -0.446441442 0.875495851
vn 1.25433087E-06 -0.483227104 0.875495017
vn 0.117695428 -0.945740879 -0.302856565
vn 0.0720156878 -0.964994669 -0.252188355
vn 0.173794627 -0.942508757 -0.285433948
vn -0 -0.971728086 -0.236102596
vn 0.323908478 -0.83755511 -0.439982593
vn 0.368445665 -0.852584839 -0.370603353
vn 0.218121007 -0.945783436 -0.240659267
vn 0.422678441 -0.882543623 -0.206057638
vn 0.239203975 -0.961456478 -0.135583654
vn 0.439271271 -0.897996843 -0.0253428444
vn 0.241578519 -0.970068932 -0.0246158689
vn 0.420486808 -0.893323302 0.158632874
vn 0.234029993 -0.968230844 0.0880855396
vn 0.370375603 -0.873502135 0.315936595
vn 0.211351901 -0.959736764 0.185028583
vn 0.16756852 -0.961908102 0.215994537
vn 0.319400996 -0.870568812 0.37428987
vn 0.077208519 -0.982402563 0.170070559
vn 0.466198742 -0.789501429 0.399181962
vn 0.540048659 -0.816447675 0.204354271
vn 0.567437947 -0.822957635 -0.0274754725
vn 0.534378707 -0.806390226 -0.253326446
vn 0.453950822 -0.768108189 -0.451595515
vn 0.42117852 -0.735001445 -0.531395853
vn 0.425363362 -0.76730144 0.479911119
vn 0.297964841 -0.851569533 -0.43133077
vn 0.386734217 -0.805747151 -0.448562443
vn 0.290541649 -0.870713055 0.396792471
vn 0.363762796 -0.835312068 0.412226081
vn -0 -0.937726855 -0.347373456
vn 2.58085606E-07 -0.905297875 -0.42477718
vn -0 -0.900026023 -0.435836166
vn -0.386732668 -0.805748045 -0.448562086
vn -0.297964215 -0.851569951 -0.431330383
vn -0.421178252 -0.735001624 -0.531395853
vn -0.117695548 -0.945740879 -0.302856535
vn -0.0720158294 -0.964994669 -0.252188325
vn -0.173794821 -0.942508757 -0.285433918
vn -0.323908448 -0.83755523 -0.439982504
vn -0.45395124 -0.768107653 -0.451595932
vn -0.368445963 -0.85258466 -0.370603323
vn -0.218120813 -0.945783496 -0.240658998
vn -0.534377575 -0.80639106 -0.253325909
vn -0.422677487 -0.8825441 -0.206057325
vn -0.239203766 -0.961456597 -0.135583371
vn -0.567434132 -0.822960317 -0.0274758581
vn -0.439269155 -0.897998035 -0.0253431536
vn -0.241578266 -0.970069051 -0.0246158931
vn -0.540045977 -0.816449642 0.204353005
vn -0.420485139 -0.893324196 0.158632413
vn -0.2340298 -0.968230844 0.0880852863
vn -0.46619904 -0.789500952 0.399182498
vn -0.370375693 -0.873502254 0.315936446
vn -0.211351544 -0.959737003 0.185028061
vn -0.167568237 -0.961908221 0.215993986
vn -0.319401562 -0.870568454 0.374290228
vn -0.425364405 -0.767300189 0.479912132
vn -0.0772084072 -0.982402563 0.17007035
vn -0.290541887 -0.870712757 0.396792829
vn -0.363763213 -0.83531183 0.412226319
vn -0.119690038 -0.964185417 0.236687273
vn -0 -0.990011156 0.14098905
vn -0 -0.927215874 0.374527484
vn -0 -0.921125293 0.389266104
vn -0 -0.957885206 0.287151456
vn 0.11969012 -0.964185417 0.236687243
vn -0.31372419 -0.619116843 -0.719910741
vn 0.809620798 -0.177093953 -0.559599757
vn -0.595597744 -0.429080755 -0.679082453
vn -0.969133794 -0.184163287 0.163900897
vn 0.685480475 -0.42662254 -0.590008199
vn 0.682116151 -0.283404887 -0.674091339
vn -0.927971601 -0.354938596 0.11352247
vn -0.922004879 -0.311099231 0.230487049
vn -0.410256803 -0.871822238 -0.26761061
vn 0.566322267 -0.519889891 -0.63952601
vn 0.573175907 -0.380244613 -0.725867391
vn -0.883385181 -0.42376405 0.200136617
vn -0.844988227 -0.445028633 0.296554297
vn 0.468283206 -0.592979908 -0.655046344
vn 0.466820359 -0.47966817 -0.742965102
vn -0.314013898 -0.91339761 -0.259037077
vn -0.810721457 -0.514790356 0.278785974
vn 0.378724396 -0.669181943 -0.639346063
vn 0.368876725 -0.571527898 -0.732997894
vn -0.253672242 -0.94211787 -0.219235733
vn -0.725296557 -0.593043327 0.349634886
vn -0.76082021 -0.530903518 0.373221338
vn 0.296242654 -0.743920565 -0.599017978
vn 0.293437213 -0.64091146 -0.709314525
vn -0.213497475 -0.964376509 -0.156194791
vn -0.633518934 -0.651561499 0.417278498
vn -0.674781859 -0.581043839 0.455035657
vn -0.170660466 -0.980804741 -0.0943246707
vn 0.219296455 -0.801598132 -0.55619204
vn 0.2480869 -0.68390435 -0.686095953
vn -0.534319401 -0.690583885 0.487438887
vn -0.574583471 -0.614772797 0.540285349
vn -0.470574439 -0.631301045 0.616456568
vn -0.154651344 -0.987261176 -0.0373940133
vn 0.160069689 -0.834460795 -0.527307332
vn 0.233007163 -0.707792044 -0.666886985
vn -0.437190086 -0.709907115 0.552174509
vn -0.375584155 -0.630799174 0.678991199
vn 0.133982465 -0.848931849 -0.511237085
vn 0.258867621 -0.716000021 -0.648329854
vn -0.139216557 -0.99017185 -0.0133643569
vn -0.35668686 -0.708797038 0.608589649
vn -0.308477163 -0.620758355 0.72076416
vn 0.148946166 -0.849301577 -0.506460071
vn 0.335334569 -0.705523551 -0.624329448
vn -0.136901319 -0.990320385 0.0228834506
vn -0.300624728 -0.694411218 0.653771877
vn -0.295953542 -0.610583782 0.73457408
vn 0.222446069 -0.838315248 -0.497740239
vn 0.462616742 -0.668709159 -0.582077086
vn -0.130797803 -0.988812327 0.0717083365
vn -0.296024024 -0.680668771 0.670119345
vn -0.346343935 -0.606673658 0.715536833
vn 0.354904324 -0.810852647 -0.46536094
vn 0.60908705 -0.60689646 -0.510577738
vn -0.109686695 -0.987941206 0.109274015
vn -0.341859609 -0.673408866 0.655478716
vn -0.406951845 -0.601868808 0.68712759
vn 0.497223675 -0.771856427 -0.396240324
vn 0.0125789084 -0.956221402 0.292373896
vn -0.0811026618 -0.982637346 0.166871652
vn -0.396288425 -0.663912535 0.634173095
vn -0.0534445718 -0.973973513 0.220270947
vn 0.313715458 -0.619123399 -0.719908893
vn 0.595603049 -0.429094076 -0.67906934
vn -0.809621155 -0.177099898 -0.559597373
vn 0.969132662 -0.184173137 0.163896412
vn -0.685485959 -0.426619977 -0.59000361
vn -0.682115972 -0.283407658 -0.674090385
vn 0.927971065 -0.354941368 0.113518313
vn 0.922004402 -0.311101496 0.230485961
vn 0.410255581 -0.871822059 -0.267613083
vn -0.566322684 -0.519890308 -0.639525354
vn -0.573175132 -0.380245596 -0.72586745
vn 0.883384824 -0.423765451 0.200135484
vn 0.844988167 -0.445028692 0.296554446
vn -0.468282223 -0.592980742 -0.655046225
vn -0.466821939 -0.479667127 -0.742964864
vn 0.314014792 -0.913397193 -0.259037167
vn 0.810721397 -0.514790416 0.278785974
vn -0.378724605 -0.669182003 -0.639345825
vn -0.368877769 -0.571527123 -0.732997954
vn 0.253671855 -0.942117751 -0.219236508
vn 0.725296438 -0.593043208 0.349635333
vn 0.760819674 -0.530904293 0.373221308
vn -0.296242654 -0.743920863 -0.599017501
vn -0.293436199 -0.640911341 -0.709315121
vn 0.213497758 -0.964376509 -0.156194478
vn 0.633518934 -0.65156126 0.417278945
vn 0.674781621 -0.581044257 0.455035508
vn 0.170660406 -0.980804741 -0.0943248868
vn -0.219295949 -0.801598132 -0.556192219
vn -0.248085886 -0.683904707 -0.686096013
vn 0.534320176 -0.690583229 0.487438947
vn 0.574583709 -0.61477232 0.540285468
vn 0.470573634 -0.631301105 0.616457045
vn 0.154651299 -0.987261176 -0.0373944305
vn -0.160069242 -0.834460914 -0.527307153
vn -0.233007386 -0.707792282 -0.666886628
vn 0.437189668 -0.709907174 0.552174807
vn 0.375582844 -0.630799592 0.678991437
vn -0.133982614 -0.848931909 -0.511236966
vn -0.258867055 -0.716000378 -0.648329616
vn 0.139216632 -0.990171731 -0.0133643113
vn 0.356686383 -0.708797157 0.608589649
vn 0.308477044 -0.62075901 0.720763564
vn -0.148945838 -0.849301577 -0.50646013
vn -0.335332751 -0.705524504 -0.624329329
vn 0.136901841 -0.990320265 0.0228839274
vn 0.300625682 -0.694411457 0.653771281
vn 0.295954078 -0.610584259 0.734573364
vn -0.222445607 -0.838315248 -0.497740537
vn -0.462615252 -0.668711424 -0.582075894
vn 0.130798995 -0.988812208 0.0717081279
vn 0.296025634 -0.680668831 0.670118451
vn 0.346344918 -0.606672108 0.715537667
vn -0.354903162 -0.810853839 -0.465359867
vn -0.609082103 -0.606903791 -0.510574877
vn 0.10968744 -0.987941325 0.109272845
vn 0.341859877 -0.67340821 0.655479312
vn 0.406950474 -0.601867318 0.687129617
vn -0.497220486 -0.771859407 -0.396238506
vn -0.0125842756 -0.95622313 0.292367905
vn 0.081102185 -0.982637465 0.16687125
vn 0.396288127 -0.663910627 0.634175301
vn 0.0534441471 -0.973973155 0.22027272
vn -0.184916705 0.446424961 -0.875505865
vn 1.14553302E-06 0.483209491 -0.875504792
vn -5.52897689E-07 0.745596111 -0.666398108
vn 1.28845068E-06 -8.07670972E-07 -1
vn -0.28532505 0.68883729 -0.666402817
vn -6.64373658E-07 0.933441162 -0.358730376
vn -0.34167555 0.341686338 -0.875504613
vn -0.357206315 0.86238867 -0.358733147
vn -3.04075286E-07 1 0
vn -0.527208328 0.527212739 -0.666406929
vn -0.382674575 0.9238832 0
vn -3.06898386E-07 0.933439076 0.358735949
vn -0.446426839 0.184915602 -0.875505269
vn -0.660042882 0.660041094 -0.358732671
vn -0.357205689 0.862386525 0.35873878
vn -6.43609269E-07 0.745593905 0.666400492
vn -0.688840806 0.285317451 -0.666402519
vn -0.707105398 0.70710814 0
vn -0.285324663 0.688835323 0.666405141
vn -4.14307465E-07 0.483225107 0.875496209
vn -0.483210802 -2.00978903E-07 -0.875504076
vn -0.862391293 0.357202321 -0.358730525
vn -0.660041094 0.660039783 0.358738422
vn -0.184921712 0.446439415 0.87549746
vn -6.45944795E-07 -7.90032743E-07 1
vn -0.745593548 0 -0.666400969
vn -0.923882544 0.382675946 0
vn -0.527207196 0.527211249 0.666408956
vn -0.446427315 -0.184917957 -0.875504434
vn -0.933440864 1.04547134E-07 -0.35873127
vn -0.862389028 0.357202083 0.358736455
vn -0.341687649 0.341697216 0.875495672
vn -0.68884021 -0.285319746 -0.666402161
vn -0.341674715 -0.341684222 -0.875505805
vn -1 1.75550781E-07 -1.28528256E-07
vn -0.688839078 0.285316497 0.666404724
vn -0.184914425 -0.446426928 -0.875505328
vn 1.55082421E-06 -0.483211517 -0.875503719
vn -0.862389922 -0.357206464 -0.358730137
vn -0.527208507 -0.527215064 -0.666404843
vn -0.285324126 -0.688837111 -0.666403472
vn 1.25265117E-07 -0.745592237 -0.666402519
vn -0.933438599 0 0.358737171
vn -0.446442008 0.184921354 0.875496209
vn -0.923880517 -0.382681042 1.84954814E-07
vn -0.66004473 -0.660039365 -0.358732373
vn -0.357212186 -0.86238414 -0.358738095
vn -0 -0.933437526 -0.358739913
vn -0.745591402 -1.98699169E-07 0.666403413
vn -0.862387419 -0.357206285 0.358736247
vn -0.707107604 -0.707105935 1.75549829E-07
vn -0.382684112 -0.923879325 0
vn -0 -1 0
vn -0.483226687 -1.55840254E-07 0.875495315
vn -0.688837707 -0.285319179 0.666404843
vn -0.660042584 -0.660038292 0.358738273
vn -0.357211232 -0.862382174 0.358743668
vn 3.23760588E-07 -0.93343544 0.358745456
vn -0.446442962 -0.184923947 0.875495195
vn -0.527206779 -0.527213573 0.666407406
vn -0.285322905 -0.688835263 0.666405976
vn 1.06691596E-06 -0.745590031 0.666404903
vn -0.341688216 -0.341694891 0.875496268
vn -0.184922993 -0.446441144 0.875496268
vn 1.25433087E-06 -0.483227104 0.875495017
g WuQi_0
f 3/3/3 2/2/2 1/1/1
f 2/2/2 4/4/4 1/1/1
f 4/4/4 5/5/5 1/1/1
f 5/5/5 6/6/6 1/1/1
f 6/6/6 5/5/5 7/7/7
f 8/8/8 6/6/6 7/7/7
f 8/8/8 7/7/7 9/9/9
f 10/10/10 8/8/8 9/9/9
f 10/10/10 9/9/9 11/11/11
f 12/12/12 10/10/10 11/11/11
f 12/12/12 11/11/11 13/13/13
f 14/14/14 13/13/13 11/11/11
f 15/15/15 12/12/12 13/13/13
f 16/16/16 13/13/13 14/14/14
f 17/17/17 15/15/15 13/13/13
f 18/18/18 13/13/13 16/16/16
f 18/18/18 17/17/17 13/13/13
f 19/19/19 17/17/17 18/18/18
f 20/20/20 18/18/18 16/16/16
f 20/20/20 19/19/19 18/18/18
f 19/19/19 20/20/20 21/21/21
f 20/20/20 22/22/22 21/21/21
f 23/23/23 21/21/21 22/22/22
f 24/24/24 23/23/23 22/22/22
f 25/25/25 23/23/23 24/24/24
f 26/26/26 25/25/25 24/24/24
f 27/27/27 25/25/25 26/26/26
f 28/28/28 27/27/27 26/26/26
f 27/27/27 28/28/28 29/29/29
f 30/30/30 27/27/27 29/29/29
f 29/29/29 31/31/31 30/30/30
f 31/31/31 32/32/32 30/30/30
f 32/32/32 31/31/31 33/33/33
f 34/34/34 32/32/32 33/33/33
f 34/34/34 33/33/33 35/35/35
f 36/36/36 34/34/34 35/35/35
f 36/36/36 35/35/35 37/37/37
f 37/37/37 35/35/35 38/38/38
f 39/39/39 36/36/36 37/37/37
f 40/40/40 37/37/37 38/38/38
f 39/39/39 37/37/37 40/40/40
f 40/40/40 38/38/38 41/41/41
f 42/42/42 39/39/39 40/40/40
f 42/42/42 40/40/40 43/43/43
f 40/40/40 41/41/41 44/44/44
f 40/40/40 44/44/44 43/43/43
f 43/43/43 44/44/44 45/45/45
f 44/44/44 46/46/46 45/45/45
f 45/45/45 46/46/46 47/47/47
f 46/46/46 48/48/48 47/47/47
f 47/47/47 48/48/48 49/49/49
f 48/48/48 50/50/50 49/49/49
f 49/49/49 50/50/50 51/51/51
f 50/50/50 52/52/52 51/51/51
f 52/52/52 53/53/53 51/51/51
f 53/53/53 54/54/54 51/51/51
f 57/57/57 56/56/56 55/55/55
f 56/56/56 58/58/58 55/55/55
f 56/56/56 59/59/59 58/58/58
f 59/59/59 60/60/60 58/58/58
f 61/61/61 60/60/60 59/59/59
f 62/62/62 61/61/61 59/59/59
f 61/61/61 62/62/62 63/63/63
f 64/64/64 61/61/61 63/63/63
f 65/65/65 64/64/64 63/63/63
f 68/68/68 67/67/67 66/66/66
f 69/69/69 68/68/68 66/66/66
f 68/68/68 69/69/69 70/70/70
f 71/71/71 68/68/68 70/70/70
f 71/71/71 70/70/70 72/72/72
f 73/73/73 71/71/71 72/72/72
f 73/73/73 72/72/72 74/74/74
f 75/75/75 73/73/73 74/74/74
f 75/75/75 74/74/74 76/76/76
f 74/74/74 77/77/77 76/76/76
f 76/76/76 77/77/77 78/78/78
f 77/77/77 79/79/79 78/78/78
f 78/78/78 79/79/79 80/80/80
f 81/81/81 78/78/78 80/80/80
f 81/81/81 80/80/80 82/82/82
f 83/83/83 81/81/81 82/82/82
f 83/83/83 82/82/82 84/84/84
f 85/85/85 83/83/83 84/84/84
f 85/85/85 84/84/84 86/86/86
f 87/87/87 85/85/85 86/86/86
f 87/87/87 86/86/86 88/88/88
f 89/89/89 87/87/87 88/88/88
f 89/89/89 88/88/88 90/90/90
f 91/91/91 89/89/89 90/90/90
f 91/91/91 90/90/90 92/92/92
f 93/93/93 91/91/91 92/92/92
f 93/93/93 92/92/92 94/94/94
f 95/95/95 93/93/93 94/94/94
f 95/95/95 94/94/94 96/96/96
f 97/97/97 95/95/95 96/96/96
f 97/97/97 96/96/96 98/98/98
f 96/96/96 99/99/99 98/98/98
f 98/98/98 99/99/99 100/100/100
f 101/101/101 98/98/98 100/100/100
f 101/101/101 100/100/100 102/102/102
f 103/103/103 101/101/101 102/102/102
f 103/103/103 102/102/102 104/104/104
f 105/105/105 103/103/103 104/104/104
f 106/106/106 105/105/105 104/104/104
f 109/109/109 108/108/108 107/107/107
f 107/107/107 108/108/108 110/110/110
f 111/111/111 107/107/107 110/110/110
f 108/108/108 112/112/112 110/110/110
f 113/113/113 111/111/111 110/110/110
f 113/113/113 110/110/110 114/114/114
f 112/112/112 115/115/115 110/110/110
f 116/116/116 114/114/114 110/110/110
f 115/115/115 116/116/116 110/110/110
f 117/117/117 116/116/116 115/115/115
f 120/120/120 119/119/119 118/118/118
f 119/119/119 121/121/121 118/118/118
f 121/121/121 122/122/122 118/118/118
f 122/122/122 123/123/123 118/118/118
f 123/123/123 122/122/122 124/124/124
f 127/127/127 126/126/126 125/125/125
f 126/126/126 128/128/128 125/125/125
f 128/128/128 126/126/126 129/129/129
f 130/130/130 128/128/128 129/129/129
f 129/129/129 131/131/131 130/130/130
f 134/134/134 133/133/133 132/132/132
f 132/132/132 135/135/135 134/134/134
f 135/135/135 132/132/132 136/136/136
f 136/136/136 137/137/137 135/135/135
f 135/135/135 137/137/137 138/138/138
f 135/135/135 139/139/139 134/134/134
f 138/138/138 140/140/140 135/135/135
f 139/139/139 135/135/135 140/140/140
f 141/141/141 139/139/139 140/140/140
f 140/140/140 142/142/142 141/141/141
f 145/145/145 144/144/144 143/143/143
f 146/146/146 145/145/145 143/143/143
f 146/146/146 147/147/147 145/145/145
f 147/147/147 148/148/148 145/145/145
f 148/148/148 147/147/147 149/149/149
f 150/150/150 148/148/148 149/149/149
f 151/151/151 150/150/150 149/149/149
f 152/152/152 151/151/151 149/149/149
f 155/155/155 154/154/154 153/153/153
f 154/154/154 156/156/156 153/153/153
f 157/157/157 153/153/153 156/156/156
f 158/158/158 157/157/157 156/156/156
f 158/158/158 159/159/159 157/157/157
f 159/159/159 160/160/160 157/157/157
f 160/160/160 159/159/159 161/161/161
f 161/161/161 159/159/159 162/162/162
f 162/162/162 159/159/159 163/163/163
f 162/162/162 163/163/163 164/164/164
f 165/165/165 164/164/164 163/163/163
f 166/166/166 164/164/164 165/165/165
f 166/166/166 165/165/165 167/167/167
f 167/167/167 165/165/165 168/168/168
f 169/169/169 167/167/167 168/168/168
f 170/170/170 169/169/169 168/168/168
f 169/169/169 170/170/170 171/171/171
f 171/171/171 170/170/170 172/172/172
f 173/173/173 171/171/171 172/172/172
f 174/174/174 173/173/173 172/172/172
f 175/175/175 174/174/174 172/172/172
f 176/176/176 174/174/174 175/175/175
f 179/179/179 178/178/178 177/177/177
f 178/178/178 180/180/180 177/177/177
f 178/178/178 181/181/181 180/180/180
f 181/181/181 182/182/182 180/180/180
f 182/182/182 181/181/181 183/183/183
f 181/181/181 184/184/184 183/183/183
f 183/183/183 184/184/184 185/185/185
f 186/186/186 183/183/183 185/185/185
f 189/189/189 188/188/188 187/187/187
f 188/188/188 190/190/190 187/187/187
f 190/190/190 188/188/188 191/191/191
f 192/192/192 190/190/190 191/191/191
f 192/192/192 191/191/191 193/193/193
f 191/191/191 194/194/194 193/193/193
f 195/195/195 193/193/193 194/194/194
f 196/196/196 193/193/193 195/195/195
f 197/197/197 193/193/193 196/196/196
f 196/196/196 198/198/198 197/197/197
f 198/198/198 199/199/199 197/197/197
f 200/200/200 199/199/199 198/198/198
f 201/201/201 199/199/199 200/200/200
f 202/202/202 199/199/199 201/201/201
f 203/203/203 202/202/202 201/201/201
f 204/204/204 202/202/202 203/203/203
f 205/205/205 204/204/204 203/203/203
f 206/206/206 204/204/204 205/205/205
f 207/207/207 206/206/206 205/205/205
f 207/207/207 208/208/208 206/206/206
f 206/206/206 208/208/208 209/209/209
f 209/209/209 208/208/208 210/210/210
f 213/213/213 212/212/212 211/211/211
f 214/214/214 213/213/213 211/211/211
f 217/217/217 216/216/216 215/215/215
f 218/218/218 217/217/217 215/215/215
f 219/219/219 217/217/217 218/218/218
f 220/220/220 219/219/219 218/218/218
f 221/221/221 219/219/219 220/220/220
f 222/222/222 221/221/221 220/220/220
f 223/223/223 221/221/221 222/222/222
f 224/224/224 223/223/223 222/222/222
f 227/227/227 226/226/226 225/225/225
f 226/226/226 228/228/228 225/225/225
f 225/225/225 228/228/228 229/229/229
f 228/228/228 230/230/230 229/229/229
f 229/229/229 230/230/230 231/231/231
f 230/230/230 232/232/232 231/231/231
f 231/231/231 232/232/232 233/233/233
f 232/232/232 234/234/234 233/233/233
f 233/233/233 234/234/234 235/235/235
f 234/234/234 236/236/236 235/235/235
f 235/235/235 236/236/236 237/237/237
f 236/236/236 238/238/238 237/237/237
f 241/241/241 240/240/240 239/239/239
f 240/240/240 242/242/242 239/239/239
f 239/239/239 242/242/242 243/243/243
f 242/242/242 244/244/244 243/243/243
f 243/243/243 244/244/244 245/245/245
f 244/244/244 246/246/246 245/245/245
f 245/245/245 246/246/246 247/247/247
f 246/246/246 248/248/248 247/247/247
f 247/247/247 248/248/248 249/249/249
f 248/248/248 250/250/250 249/249/249
f 249/249/249 250/250/250 251/251/251
f 250/250/250 252/252/252 251/251/251
f 251/251/251 252/252/252 253/253/253
f 252/252/252 254/254/254 253/253/253
f 253/253/253 254/254/254 255/255/255
f 254/254/254 256/256/256 255/255/255
f 255/255/255 256/256/256 257/257/257
f 256/256/256 258/258/258 257/257/257
f 257/257/257 258/258/258 259/259/259
f 258/258/258 260/260/260 259/259/259
f 263/263/263 262/262/262 261/261/261
f 264/264/264 263/263/263 261/261/261
f 264/264/264 261/261/261 265/265/265
f 266/266/266 264/264/264 265/265/265
f 266/266/266 265/265/265 267/267/267
f 268/268/268 266/266/266 267/267/267
f 268/268/268 267/267/267 269/269/269
f 270/270/270 268/268/268 269/269/269
f 273/273/273 272/272/272 271/271/271
f 274/274/274 273/273/273 271/271/271
f 275/275/275 273/273/273 274/274/274
f 276/276/276 275/275/275 274/274/274
f 277/277/277 275/275/275 276/276/276
f 278/278/278 277/277/277 276/276/276
f 279/279/279 277/277/277 278/278/278
f 280/280/280 279/279/279 278/278/278
f 283/283/283 282/282/282 281/281/281
f 284/284/284 283/283/283 281/281/281
f 287/287/287 286/286/286 285/285/285
f 288/288/288 287/287/287 285/285/285
f 289/289/289 288/288/288 285/285/285
f 290/290/290 289/289/289 285/285/285
f 289/289/289 290/290/290 291/291/291
f 290/290/290 292/292/292 291/291/291
f 291/291/291 292/292/292 293/293/293
f 292/292/292 294/294/294 293/293/293
f 293/293/293 294/294/294 295/295/295
f 294/294/294 296/296/296 295/295/295
f 295/295/295 296/296/296 297/297/297
f 297/297/297 298/298/298 295/295/295
f 296/296/296 299/299/299 297/297/297
f 297/297/297 300/300/300 298/298/298
f 299/299/299 301/301/301 297/297/297
f 297/297/297 302/302/302 300/300/300
f 301/301/301 302/302/302 297/297/297
f 301/301/301 303/303/303 302/302/302
f 302/302/302 304/304/304 300/300/300
f 303/303/303 304/304/304 302/302/302
f 304/304/304 303/303/303 305/305/305
f 306/306/306 304/304/304 305/305/305
f 305/305/305 307/307/307 306/306/306
f 307/307/307 308/308/308 306/306/306
f 307/307/307 309/309/309 308/308/308
f 309/309/309 310/310/310 308/308/308
f 309/309/309 311/311/311 310/310/310
f 311/311/311 312/312/312 310/310/310
f 312/312/312 311/311/311 313/313/313
f 311/311/311 314/314/314 313/313/313
f 315/315/315 313/313/313 314/314/314
f 316/316/316 315/315/315 314/314/314
f 315/315/315 316/316/316 317/317/317
f 316/316/316 318/318/318 317/317/317
f 317/317/317 318/318/318 319/319/319
f 318/318/318 320/320/320 319/319/319
f 319/319/319 320/320/320 321/321/321
f 319/319/319 321/321/321 322/322/322
f 320/320/320 323/323/323 321/321/321
f 321/321/321 324/324/324 322/322/322
f 321/321/321 323/323/323 324/324/324
f 322/322/322 324/324/324 325/325/325
f 323/323/323 326/326/326 324/324/324
f 324/324/324 326/326/326 327/327/327
f 325/325/325 324/324/324 328/328/328
f 328/328/328 324/324/324 327/327/327
f 328/328/328 327/327/327 329/329/329
f 330/330/330 328/328/328 329/329/329
f 330/330/330 329/329/329 331/331/331
f 332/332/332 330/330/330 331/331/331
f 332/332/332 331/331/331 333/333/333
f 334/334/334 332/332/332 333/333/333
f 334/334/334 333/333/333 335/335/335
f 336/336/336 334/334/334 335/335/335
f 337/337/337 336/336/336 335/335/335
f 338/338/338 337/337/337 335/335/335
f 341/341/341 340/340/340 339/339/339
f 342/342/342 341/341/341 339/339/339
f 343/343/343 341/341/341 342/342/342
f 344/344/344 343/343/343 342/342/342
f 344/344/344 345/345/345 343/343/343
f 345/345/345 346/346/346 343/343/343
f 346/346/346 345/345/345 347/347/347
f 345/345/345 348/348/348 347/347/347
f 348/348/348 349/349/349 347/347/347
f 352/352/352 351/351/351 350/350/350
f 351/351/351 353/353/353 350/350/350
f 353/353/353 351/351/351 354/354/354
f 351/351/351 355/355/355 354/354/354
f 354/354/354 355/355/355 356/356/356
f 355/355/355 357/357/357 356/356/356
f 356/356/356 357/357/357 358/358/358
f 357/357/357 359/359/359 358/358/358
f 358/358/358 359/359/359 360/360/360
f 361/361/361 358/358/358 360/360/360
f 361/361/361 360/360/360 362/362/362
f 363/363/363 361/361/361 362/362/362
f 363/363/363 362/362/362 364/364/364
f 362/362/362 365/365/365 364/364/364
f 364/364/364 365/365/365 366/366/366
f 365/365/365 367/367/367 366/366/366
f 366/366/366 367/367/367 368/368/368
f 367/367/367 369/369/369 368/368/368
f 368/368/368 369/369/369 370/370/370
f 369/369/369 371/371/371 370/370/370
f 370/370/370 371/371/371 372/372/372
f 371/371/371 373/373/373 372/372/372
f 372/372/372 373/373/373 374/374/374
f 373/373/373 375/375/375 374/374/374
f 374/374/374 375/375/375 376/376/376
f 375/375/375 377/377/377 376/376/376
f 376/376/376 377/377/377 378/378/378
f 377/377/377 379/379/379 378/378/378
f 378/378/378 379/379/379 380/380/380
f 379/379/379 381/381/381 380/380/380
f 380/380/380 381/381/381 382/382/382
f 383/383/383 380/380/380 382/382/382
f 383/383/383 382/382/382 384/384/384
f 382/382/382 385/385/385 384/384/384
f 384/384/384 385/385/385 386/386/386
f 385/385/385 387/387/387 386/386/386
f 386/386/386 387/387/387 388/388/388
f 387/387/387 389/389/389 388/388/388
f 389/389/389 390/390/390 388/388/388
f 393/393/393 392/392/392 391/391/391
f 393/393/393 391/391/391 394/394/394
f 395/395/395 394/394/394 391/391/391
f 396/396/396 393/393/393 394/394/394
f 395/395/395 397/397/397 394/394/394
f 394/394/394 397/397/397 398/398/398
f 399/399/399 396/396/396 394/394/394
f 398/398/398 400/400/400 394/394/394
f 400/400/400 399/399/399 394/394/394
f 400/400/400 401/401/401 399/399/399
f 404/404/404 403/403/403 402/402/402
f 405/405/405 404/404/404 402/402/402
f 406/406/406 405/405/405 402/402/402
f 407/407/407 406/406/406 402/402/402
f 406/406/406 407/407/407 408/408/408
f 411/411/411 410/410/410 409/409/409
f 412/412/412 411/411/411 409/409/409
f 411/411/411 412/412/412 413/413/413
f 412/412/412 414/414/414 413/413/413
f 415/415/415 413/413/413 414/414/414
f 418/418/418 417/417/417 416/416/416
f 419/419/419 416/416/416 417/417/417
f 416/416/416 419/419/419 420/420/420
f 421/421/421 420/420/420 419/419/419
f 421/421/421 419/419/419 422/422/422
f 423/423/423 419/419/419 417/417/417
f 424/424/424 422/422/422 419/419/419
f 419/419/419 423/423/423 424/424/424
f 423/423/423 425/425/425 424/424/424
f 426/426/426 424/424/424 425/425/425
f 429/429/429 428/428/428 427/427/427
f 428/428/428 430/430/430 427/427/427
f 431/431/431 430/430/430 428/428/428
f 432/432/432 431/431/431 428/428/428
f 431/431/431 432/432/432 433/433/433
f 432/432/432 434/434/434 433/433/433
f 434/434/434 435/435/435 433/433/433
f 435/435/435 436/436/436 433/433/433
f 439/439/439 438/438/438 437/437/437
f 440/440/440 439/439/439 437/437/437
f 437/437/437 441/441/441 440/440/440
f 441/441/441 442/442/442 440/440/440
f 443/443/443 442/442/442 441/441/441
f 444/444/444 443/443/443 441/441/441
f 443/443/443 444/444/444 445/445/445
f 443/443/443 445/445/445 446/446/446
f 443/443/443 446/446/446 447/447/447
f 447/447/447 446/446/446 448/448/448
f 448/448/448 449/449/449 447/447/447
f 448/448/448 450/450/450 449/449/449
f 449/449/449 450/450/450 451/451/451
f 449/449/449 451/451/451 452/452/452
f 451/451/451 453/453/453 452/452/452
f 453/453/453 454/454/454 452/452/452
f 454/454/454 453/453/453 455/455/455
f 454/454/454 455/455/455 456/456/456
f 455/455/455 457/457/457 456/456/456
f 457/457/457 458/458/458 456/456/456
f 458/458/458 459/459/459 456/456/456
f 458/458/458 460/460/460 459/459/459
f 463/463/463 462/462/462 461/461/461
f 464/464/464 463/463/463 461/461/461
f 465/465/465 463/463/463 464/464/464
f 466/466/466 465/465/465 464/464/464
f 465/465/465 466/466/466 467/467/467
f 468/468/468 465/465/465 467/467/467
f 468/468/468 467/467/467 469/469/469
f 467/467/467 470/470/470 469/469/469
f 473/473/473 472/472/472 471/471/471
f 474/474/474 473/473/473 471/471/471
f 473/473/473 474/474/474 475/475/475
f 474/474/474 476/476/476 475/475/475
f 475/475/475 476/476/476 477/477/477
f 478/478/478 475/475/475 477/477/477
f 477/477/477 479/479/479 478/478/478
f 477/477/477 480/480/480 479/479/479
f 477/477/477 481/481/481 480/480/480
f 482/482/482 480/480/480 481/481/481
f 483/483/483 482/482/482 481/481/481
f 483/483/483 484/484/484 482/482/482
f 483/483/483 485/485/485 484/484/484
f 483/483/483 486/486/486 485/485/485
f 486/486/486 487/487/487 485/485/485
f 486/486/486 488/488/488 487/487/487
f 488/488/488 489/489/489 487/487/487
f 488/488/488 490/490/490 489/489/489
f 490/490/490 491/491/491 489/489/489
f 492/492/492 491/491/491 490/490/490
f 492/492/492 490/490/490 493/493/493
f 492/492/492 493/493/493 494/494/494
f 497/497/497 496/496/496 495/495/495
f 498/498/498 497/497/497 495/495/495
f 501/501/501 500/500/500 499/499/499
f 500/500/500 502/502/502 499/499/499
f 500/500/500 503/503/503 502/502/502
f 503/503/503 504/504/504 502/502/502
f 503/503/503 505/505/505 504/504/504
f 505/505/505 506/506/506 504/504/504
f 505/505/505 507/507/507 506/506/506
f 507/507/507 508/508/508 506/506/506
f 511/511/511 510/510/510 509/509/509
f 512/512/512 511/511/511 509/509/509
f 512/512/512 509/509/509 513/513/513
f 514/514/514 512/512/512 513/513/513
f 514/514/514 513/513/513 515/515/515
f 516/516/516 514/514/514 515/515/515
f 516/516/516 515/515/515 517/517/517
f 518/518/518 516/516/516 517/517/517
f 518/518/518 517/517/517 519/519/519
f 520/520/520 518/518/518 519/519/519
f 520/520/520 519/519/519 521/521/521
f 522/522/522 520/520/520 521/521/521
f 525/525/525 524/524/524 523/523/523
f 526/526/526 525/525/525 523/523/523
f 526/526/526 523/523/523 527/527/527
f 528/528/528 526/526/526 527/527/527
f 528/528/528 527/527/527 529/529/529
f 530/530/530 528/528/528 529/529/529
f 530/530/530 529/529/529 531/531/531
f 532/532/532 530/530/530 531/531/531
f 532/532/532 531/531/531 533/533/533
f 534/534/534 532/532/532 533/533/533
f 534/534/534 533/533/533 535/535/535
f 536/536/536 534/534/534 535/535/535
f 536/536/536 535/535/535 537/537/537
f 538/538/538 536/536/536 537/537/537
f 538/538/538 537/537/537 539/539/539
f 540/540/540 538/538/538 539/539/539
f 540/540/540 539/539/539 541/541/541
f 542/542/542 540/540/540 541/541/541
f 542/542/542 541/541/541 543/543/543
f 544/544/544 542/542/542 543/543/543
f 547/547/547 546/546/546 545/545/545
f 546/546/546 548/548/548 545/545/545
f 545/545/545 548/548/548 549/549/549
f 548/548/548 550/550/550 549/549/549
f 549/549/549 550/550/550 551/551/551
f 550/550/550 552/552/552 551/551/551
f 551/551/551 552/552/552 553/553/553
f 552/552/552 554/554/554 553/553/553
f 557/557/557 556/556/556 555/555/555
f 556/556/556 558/558/558 555/555/555
f 556/556/556 559/559/559 558/558/558
f 559/559/559 560/560/560 558/558/558
f 559/559/559 561/561/561 560/560/560
f 561/561/561 562/562/562 560/560/560
f 561/561/561 563/563/563 562/562/562
f 563/563/563 564/564/564 562/562/562
f 567/567/567 566/566/566 565/565/565
f 568/568/568 567/567/567 565/565/565
f 571/571/571 570/570/570 569/569/569
f 570/570/570 572/572/572 569/569/569
f 569/569/569 572/572/572 573/573/573
f 572/572/572 570/570/570 574/574/574
f 572/572/572 575/575/575 573/573/573
f 573/573/573 575/575/575 576/576/576
f 577/577/577 572/572/572 574/574/574
f 575/575/575 572/572/572 577/577/577
f 575/575/575 578/578/578 576/576/576
f 576/576/576 578/578/578 579/579/579
f 578/578/578 580/580/580 579/579/579
f 577/577/577 574/574/574 581/581/581
f 574/574/574 582/582/582 581/581/581
f 577/577/577 581/581/581 583/583/583
f 584/584/584 575/575/575 577/577/577
f 584/584/584 577/577/577 583/583/583
f 578/578/578 575/575/575 584/584/584
f 584/584/584 583/583/583 585/585/585
f 580/580/580 578/578/578 586/586/586
f 586/586/586 578/578/578 584/584/584
f 586/586/586 584/584/584 585/585/585
f 587/587/587 580/580/580 586/586/586
f 586/586/586 585/585/585 588/588/588
f 587/587/587 586/586/586 588/588/588
f 591/591/591 590/590/590 589/589/589
f 590/590/590 592/592/592 589/589/589
f 593/593/593 589/589/589 592/592/592
f 596/596/596 595/595/595 594/594/594
f 597/597/597 596/596/596 594/594/594
f 597/597/597 594/594/594 598/598/598
f 596/596/596 597/597/597 599/599/599
f 600/600/600 597/597/597 598/598/598
f 600/600/600 598/598/598 601/601/601
f 597/597/597 602/602/602 599/599/599
f 597/597/597 600/600/600 602/602/602
f 603/603/603 600/600/600 601/601/601
f 603/603/603 601/601/601 604/604/604
f 605/605/605 603/603/603 604/604/604
f 599/599/599 602/602/602 606/606/606
f 607/607/607 599/599/599 606/606/606
f 606/606/606 602/602/602 608/608/608
f 600/600/600 609/609/609 602/602/602
f 602/602/602 609/609/609 608/608/608
f 600/600/600 603/603/603 609/609/609
f 608/608/608 609/609/609 610/610/610
f 603/603/603 605/605/605 611/611/611
f 603/603/603 611/611/611 609/609/609
f 609/609/609 611/611/611 610/610/610
f 605/605/605 612/612/612 611/611/611
f 610/610/610 611/611/611 613/613/613
f 611/611/611 612/612/612 613/613/613
f 616/616/616 615/615/615 614/614/614
f 617/617/617 616/616/616 614/614/614
f 614/614/614 618/618/618 617/617/617
f 621/621/621 620/620/620 619/619/619
f 620/620/620 622/622/622 619/619/619
f 619/619/619 622/622/622 623/623/623
f 622/622/622 624/624/624 623/623/623
f 623/623/623 624/624/624 625/625/625
f 620/620/620 626/626/626 622/622/622
f 625/625/625 624/624/624 627/627/627
f 626/626/626 628/628/628 622/622/622
f 622/622/622 628/628/628 624/624/624
f 626/626/626 629/629/629 628/628/628
f 629/629/629 630/630/630 628/628/628
f 629/629/629 631/631/631 630/630/630
f 628/628/628 632/632/632 624/624/624
f 632/632/632 628/628/628 630/630/630
f 624/624/624 633/633/633 627/627/627
f 632/632/632 634/634/634 624/624/624
f 634/634/634 633/633/633 624/624/624
f 627/627/627 633/633/633 635/635/635
f 636/636/636 627/627/627 635/635/635
f 634/634/634 637/637/637 633/633/633
f 637/637/637 635/635/635 633/633/633
f 635/635/635 638/638/638 636/636/636
f 638/638/638 639/639/639 636/636/636
f 637/637/637 640/640/640 635/635/635
f 640/640/640 638/638/638 635/635/635
f 639/639/639 638/638/638 641/641/641
f 642/642/642 639/639/639 641/641/641
f 640/640/640 643/643/643 638/638/638
f 643/643/643 641/641/641 638/638/638
f 642/642/642 641/641/641 644/644/644
f 644/644/644 641/641/641 643/643/643
f 645/645/645 642/642/642 644/644/644
f 645/645/645 644/644/644 646/646/646
f 647/647/647 640/640/640 637/637/637
f 640/640/640 647/647/647 643/643/643
f 637/637/637 634/634/634 648/648/648
f 648/648/648 647/647/647 637/637/637
f 644/644/644 649/649/649 646/646/646
f 650/650/650 646/646/646 649/649/649
f 644/644/644 651/651/651 649/649/649
f 651/651/651 644/644/644 643/643/643
f 651/651/651 652/652/652 649/649/649
f 647/647/647 653/653/653 643/643/643
f 651/651/651 643/643/643 653/653/653
f 652/652/652 651/651/651 654/654/654
f 654/654/654 651/651/651 653/653/653
f 655/655/655 652/652/652 654/654/654
f 647/647/647 656/656/656 653/653/653
f 656/656/656 647/647/647 648/648/648
f 634/634/634 657/657/657 648/648/648
f 657/657/657 634/634/634 632/632/632
f 653/653/653 658/658/658 654/654/654
f 656/656/656 658/658/658 653/653/653
f 654/654/654 659/659/659 655/655/655
f 658/658/658 659/659/659 654/654/654
f 659/659/659 660/660/660 655/655/655
f 661/661/661 656/656/656 648/648/648
f 661/661/661 648/648/648 657/657/657
f 662/662/662 657/657/657 632/632/632
f 662/662/662 632/632/632 630/630/630
f 656/656/656 663/663/663 658/658/658
f 663/663/663 656/656/656 661/661/661
f 660/660/660 659/659/659 664/664/664
f 665/665/665 660/660/660 664/664/664
f 659/659/659 658/658/658 666/666/666
f 663/663/663 666/666/666 658/658/658
f 664/664/664 659/659/659 666/666/666
f 667/667/667 661/661/661 657/657/657
f 657/657/657 662/662/662 667/667/667
f 662/662/662 630/630/630 668/668/668
f 631/631/631 668/668/668 630/630/630
f 664/664/664 669/669/669 665/665/665
f 669/669/669 670/670/670 665/665/665
f 671/671/671 663/663/663 661/661/661
f 661/661/661 667/667/667 671/671/671
f 664/664/664 666/666/666 672/672/672
f 669/669/669 664/664/664 672/672/672
f 666/666/666 663/663/663 673/673/673
f 672/672/672 666/666/666 673/673/673
f 663/663/663 671/671/671 673/673/673
f 674/674/674 662/662/662 668/668/668
f 662/662/662 674/674/674 667/667/667
f 675/675/675 668/668/668 631/631/631
f 674/674/674 668/668/668 675/675/675
f 676/676/676 675/675/675 631/631/631
f 676/676/676 677/677/677 675/675/675
f 672/672/672 678/678/678 669/669/669
f 672/672/672 673/673/673 678/678/678
f 667/667/667 679/679/679 671/671/671
f 667/667/667 674/674/674 679/679/679
f 677/677/677 680/680/680 675/675/675
f 677/677/677 681/681/681 680/680/680
f 682/682/682 674/674/674 675/675/675
f 674/674/674 682/682/682 679/679/679
f 675/675/675 680/680/680 682/682/682
f 679/679/679 683/683/683 671/671/671
f 671/671/671 683/683/683 673/673/673
f 679/679/679 682/682/682 683/683/683
f 681/681/681 684/684/684 680/680/680
f 684/684/684 681/681/681 685/685/685
f 680/680/680 686/686/686 682/682/682
f 682/682/682 686/686/686 683/683/683
f 680/680/680 684/684/684 686/686/686
f 673/673/673 683/683/683 687/687/687
f 673/673/673 687/687/687 678/678/678
f 688/688/688 683/683/683 686/686/686
f 683/683/683 688/688/688 687/687/687
f 689/689/689 684/684/684 685/685/685
f 685/685/685 690/690/690 689/689/689
f 684/684/684 691/691/691 686/686/686
f 691/691/691 688/688/688 686/686/686
f 690/690/690 692/692/692 689/689/689
f 690/690/690 693/693/693 692/692/692
f 684/684/684 689/689/689 694/694/694
f 691/691/691 684/684/684 694/694/694
f 689/689/689 692/692/692 694/694/694
f 695/695/695 688/688/688 691/691/691
f 694/694/694 695/695/695 691/691/691
f 687/687/687 688/688/688 696/696/696
f 688/688/688 695/695/695 696/696/696
f 678/678/678 687/687/687 697/697/697
f 687/687/687 696/696/696 697/697/697
f 693/693/693 698/698/698 692/692/692
f 698/698/698 693/693/693 699/699/699
f 700/700/700 698/698/698 699/699/699
f 692/692/692 701/701/701 694/694/694
f 692/692/692 698/698/698 701/701/701
f 702/702/702 698/698/698 700/700/700
f 698/698/698 702/702/702 701/701/701
f 703/703/703 702/702/702 700/700/700
f 703/703/703 704/704/704 702/702/702
f 695/695/695 694/694/694 705/705/705
f 694/694/694 701/701/701 705/705/705
f 702/702/702 706/706/706 701/701/701
f 704/704/704 706/706/706 702/702/702
f 706/706/706 705/705/705 701/701/701
f 706/706/706 704/704/704 707/707/707
f 705/705/705 706/706/706 707/707/707
f 704/704/704 708/708/708 707/707/707
f 707/707/707 708/708/708 709/709/709
f 695/695/695 705/705/705 710/710/710
f 710/710/710 705/705/705 707/707/707
f 696/696/696 695/695/695 710/710/710
f 711/711/711 707/707/707 709/709/709
f 710/710/710 707/707/707 711/711/711
f 711/711/711 709/709/709 712/712/712
f 710/710/710 713/713/713 696/696/696
f 713/713/713 710/710/710 711/711/711
f 713/713/713 697/697/697 696/696/696
f 714/714/714 711/711/711 712/712/712
f 713/713/713 711/711/711 714/714/714
f 714/714/714 712/712/712 715/715/715
f 716/716/716 714/714/714 715/715/715
f 717/717/717 714/714/714 716/716/716
f 717/717/717 713/713/713 714/714/714
f 718/718/718 717/717/717 716/716/716
f 717/717/717 718/718/718 719/719/719
f 713/713/713 717/717/717 720/720/720
f 720/720/720 717/717/717 719/719/719
f 697/697/697 713/713/713 720/720/720
f 719/719/719 721/721/721 720/720/720
f 697/697/697 720/720/720 722/722/722
f 721/721/721 722/722/722 720/720/720
f 678/678/678 697/697/697 722/722/722
f 722/722/722 721/721/721 670/670/670
f 678/678/678 722/722/722 669/669/669
f 669/669/669 722/722/722 670/670/670
f 725/725/725 724/724/724 723/723/723
f 726/726/726 725/725/725 723/723/723
f 726/726/726 723/723/723 727/727/727
f 728/728/728 726/726/726 727/727/727
f 728/728/728 727/727/727 729/729/729
f 727/727/727 730/730/730 729/729/729
f 729/729/729 730/730/730 731/731/731
f 730/730/730 732/732/732 731/731/731
f 731/731/731 732/732/732 733/733/733
f 732/732/732 734/734/734 733/733/733
f 735/735/735 733/733/733 734/734/734
f 736/736/736 735/735/735 734/734/734
f 737/737/737 735/735/735 736/736/736
f 738/738/738 737/737/737 736/736/736
f 739/739/739 737/737/737 738/738/738
f 740/740/740 739/739/739 738/738/738
f 741/741/741 739/739/739 740/740/740
f 742/742/742 741/741/741 740/740/740
f 743/743/743 741/741/741 742/742/742
f 744/744/744 743/743/743 742/742/742
f 743/743/743 744/744/744 745/745/745
f 746/746/746 743/743/743 745/745/745
f 746/746/746 745/745/745 747/747/747
f 748/748/748 746/746/746 747/747/747
f 748/748/748 747/747/747 749/749/749
f 750/750/750 748/748/748 749/749/749
f 750/750/750 749/749/749 751/751/751
f 752/752/752 750/750/750 751/751/751
f 752/752/752 751/751/751 753/753/753
f 754/754/754 752/752/752 753/753/753
f 754/754/754 753/753/753 755/755/755
f 756/756/756 754/754/754 755/755/755
f 756/756/756 755/755/755 757/757/757
f 758/758/758 756/756/756 757/757/757
f 758/758/758 757/757/757 759/759/759
f 760/760/760 758/758/758 759/759/759
f 761/761/761 760/760/760 759/759/759
f 762/762/762 761/761/761 759/759/759
f 763/763/763 761/761/761 762/762/762
f 764/764/764 763/763/763 762/762/762
f 767/767/767 766/766/766 765/765/765
f 768/768/768 767/767/767 765/765/765
f 768/768/768 765/765/765 769/769/769
f 770/770/770 768/768/768 769/769/769
f 770/770/770 769/769/769 771/771/771
f 772/772/772 770/770/770 771/771/771
f 772/772/772 771/771/771 773/773/773
f 774/774/774 772/772/772 773/773/773
f 774/774/774 773/773/773 775/775/775
f 776/776/776 774/774/774 775/775/775
f 776/776/776 775/775/775 777/777/777
f 775/775/775 778/778/778 777/777/777
f 777/777/777 778/778/778 779/779/779
f 780/780/780 777/777/777 779/779/779
f 780/780/780 779/779/779 781/781/781
f 782/782/782 780/780/780 781/781/781
f 783/783/783 782/782/782 781/781/781
f 784/784/784 783/783/783 781/781/781
f 785/785/785 783/783/783 784/784/784
f 786/786/786 785/785/785 784/784/784
f 785/785/785 786/786/786 787/787/787
f 788/788/788 785/785/785 787/787/787
f 788/788/788 787/787/787 789/789/789
f 790/790/790 788/788/788 789/789/789
f 791/791/791 790/790/790 789/789/789
f 792/792/792 791/791/791 789/789/789
f 793/793/793 791/791/791 792/792/792
f 794/794/794 793/793/793 792/792/792
f 793/793/793 794/794/794 795/795/795
f 796/796/796 793/793/793 795/795/795
f 797/797/797 796/796/796 795/795/795
f 798/798/798 797/797/797 795/795/795
f 799/799/799 797/797/797 798/798/798
f 800/800/800 799/799/799 798/798/798
f 801/801/801 799/799/799 800/800/800
f 802/802/802 801/801/801 800/800/800
f 803/803/803 801/801/801 802/802/802
f 804/804/804 803/803/803 802/802/802
f 805/805/805 803/803/803 804/804/804
f 806/806/806 805/805/805 804/804/804
f 809/809/809 808/808/808 807/807/807
f 809/809/809 810/810/810 808/808/808
f 810/810/810 811/811/811 808/808/808
f 810/810/810 812/812/812 811/811/811
f 812/812/812 813/813/813 811/811/811
f 814/814/814 813/813/813 812/812/812
f 815/815/815 814/814/814 812/812/812
f 816/816/816 814/814/814 815/815/815
f 817/817/817 816/816/816 815/815/815
f 818/818/818 816/816/816 817/817/817
f 819/819/819 818/818/818 817/817/817
f 820/820/820 818/818/818 819/819/819
f 821/821/821 820/820/820 819/819/819
f 822/822/822 820/820/820 821/821/821
f 823/823/823 822/822/822 821/821/821
f 822/822/822 823/823/823 824/824/824
f 825/825/825 822/822/822 824/824/824
f 824/824/824 826/826/826 825/825/825
f 826/826/826 827/827/827 825/825/825
f 826/826/826 828/828/828 827/827/827
f 828/828/828 829/829/829 827/827/827
f 828/828/828 830/830/830 829/829/829
f 830/830/830 831/831/831 829/829/829
f 830/830/830 832/832/832 831/831/831
f 832/832/832 833/833/833 831/831/831
f 832/832/832 834/834/834 833/833/833
f 834/834/834 835/835/835 833/833/833
f 834/834/834 836/836/836 835/835/835
f 836/836/836 837/837/837 835/835/835
f 836/836/836 838/838/838 837/837/837
f 838/838/838 839/839/839 837/837/837
f 838/838/838 840/840/840 839/839/839
f 840/840/840 841/841/841 839/839/839
f 840/840/840 842/842/842 841/841/841
f 845/845/845 844/844/844 843/843/843
f 844/844/844 846/846/846 843/843/843
f 843/843/843 846/846/846 847/847/847
f 846/846/846 844/844/844 848/848/848
f 846/846/846 849/849/849 847/847/847
f 847/847/847 849/849/849 850/850/850
f 851/851/851 846/846/846 848/848/848
f 849/849/849 846/846/846 851/851/851
f 851/851/851 848/848/848 852/852/852
f 853/853/853 851/851/851 852/852/852
f 854/854/854 851/851/851 853/853/853
f 854/854/854 849/849/849 851/851/851
f 855/855/855 854/854/854 853/853/853
f 849/849/849 856/856/856 850/850/850
f 856/856/856 849/849/849 854/854/854
f 850/850/850 856/856/856 857/857/857
f 858/858/858 854/854/854 855/855/855
f 858/858/858 856/856/856 854/854/854
f 859/859/859 858/858/858 855/855/855
f 856/856/856 860/860/860 857/857/857
f 860/860/860 856/856/856 858/858/858
f 857/857/857 860/860/860 861/861/861
f 862/862/862 858/858/858 859/859/859
f 862/862/862 860/860/860 858/858/858
f 863/863/863 862/862/862 859/859/859
f 860/860/860 864/864/864 861/861/861
f 864/864/864 860/860/860 862/862/862
f 861/861/861 864/864/864 865/865/865
f 864/864/864 866/866/866 865/865/865
f 867/867/867 862/862/862 863/863/863
f 867/867/867 864/864/864 862/862/862
f 866/866/866 864/864/864 867/867/867
f 868/868/868 867/867/867 863/863/863
f 869/869/869 866/866/866 867/867/867
f 869/869/869 867/867/867 868/868/868
f 870/870/870 869/869/869 868/868/868
f 873/873/873 872/872/872 871/871/871
f 872/872/872 874/874/874 871/871/871
f 871/871/871 874/874/874 875/875/875
f 874/874/874 876/876/876 875/875/875
f 877/877/877 875/875/875 876/876/876
f 880/880/880 879/879/879 878/878/878
f 879/879/879 881/881/881 878/878/878
f 878/878/878 881/881/881 882/882/882
f 881/881/881 883/883/883 882/882/882
f 884/884/884 882/882/882 883/883/883
f 887/887/887 886/886/886 885/885/885
f 888/888/888 886/886/886 887/887/887
f 889/889/889 888/888/888 887/887/887
f 890/890/890 888/888/888 889/889/889
f 891/891/891 890/890/890 889/889/889
f 891/891/891 892/892/892 890/890/890
f 892/892/892 893/893/893 890/890/890
f 892/892/892 894/894/894 893/893/893
f 894/894/894 895/895/895 893/893/893
f 894/894/894 896/896/896 895/895/895
f 896/896/896 897/897/897 895/895/895
f 896/896/896 898/898/898 897/897/897
f 898/898/898 899/899/899 897/897/897
f 898/898/898 900/900/900 899/899/899
f 900/900/900 901/901/901 899/899/899
f 901/901/901 900/900/900 902/902/902
f 900/900/900 903/903/903 902/902/902
f 904/904/904 902/902/902 903/903/903
f 905/905/905 904/904/904 903/903/903
f 906/906/906 904/904/904 905/905/905
f 907/907/907 906/906/906 905/905/905
f 908/908/908 906/906/906 907/907/907
f 909/909/909 908/908/908 907/907/907
f 910/910/910 908/908/908 909/909/909
f 911/911/911 910/910/910 909/909/909
f 912/912/912 910/910/910 911/911/911
f 913/913/913 912/912/912 911/911/911
f 914/914/914 912/912/912 913/913/913
f 915/915/915 914/914/914 913/913/913
f 916/916/916 914/914/914 915/915/915
f 917/917/917 916/916/916 915/915/915
f 918/918/918 916/916/916 917/917/917
f 919/919/919 918/918/918 917/917/917
f 920/920/920 918/918/918 919/919/919
f 923/923/923 922/922/922 921/921/921
f 924/924/924 923/923/923 921/921/921
f 924/924/924 921/921/921 925/925/925
f 923/923/923 924/924/924 926/926/926
f 927/927/927 924/924/924 925/925/925
f 927/927/927 925/925/925 928/928/928
f 924/924/924 929/929/929 926/926/926
f 924/924/924 927/927/927 929/929/929
f 926/926/926 929/929/929 930/930/930
f 929/929/929 931/931/931 930/930/930
f 929/929/929 932/932/932 931/931/931
f 927/927/927 932/932/932 929/929/929
f 932/932/932 933/933/933 931/931/931
f 934/934/934 927/927/927 928/928/928
f 927/927/927 934/934/934 932/932/932
f 934/934/934 928/928/928 935/935/935
f 932/932/932 936/936/936 933/933/933
f 934/934/934 936/936/936 932/932/932
f 936/936/936 937/937/937 933/933/933
f 938/938/938 934/934/934 935/935/935
f 934/934/934 938/938/938 936/936/936
f 938/938/938 935/935/935 939/939/939
f 936/936/936 940/940/940 937/937/937
f 938/938/938 940/940/940 936/936/936
f 940/940/940 941/941/941 937/937/937
f 942/942/942 938/938/938 939/939/939
f 938/938/938 942/942/942 940/940/940
f 942/942/942 939/939/939 943/943/943
f 944/944/944 942/942/942 943/943/943
f 940/940/940 945/945/945 941/941/941
f 942/942/942 945/945/945 940/940/940
f 942/942/942 944/944/944 945/945/945
f 945/945/945 946/946/946 941/941/941
f 944/944/944 947/947/947 945/945/945
f 945/945/945 947/947/947 946/946/946
f 947/947/947 948/948/948 946/946/946
f 951/951/951 950/950/950 949/949/949
f 952/952/952 951/951/951 949/949/949
f 952/952/952 949/949/949 953/953/953
f 954/954/954 952/952/952 953/953/953
f 953/953/953 955/955/955 954/954/954
f 958/958/958 957/957/957 956/956/956
f 959/959/959 958/958/958 956/956/956
f 959/959/959 956/956/956 960/960/960
f 961/961/961 959/959/959 960/960/960
f 960/960/960 962/962/962 961/961/961
f 965/965/965 964/964/964 963/963/963
f 964/964/964 966/966/966 963/963/963
f 967/967/967 966/966/966 964/964/964
f 968/968/968 966/966/966 967/967/967
f 966/966/966 968/968/968 963/963/963
f 968/968/968 969/969/969 963/963/963
f 972/972/972 971/971/971 970/970/970
f 973/973/973 972/972/972 970/970/970
f 976/976/976 975/975/975 974/974/974
f 977/977/977 976/976/976 974/974/974
f 977/977/977 978/978/978 976/976/976
f 977/977/977 979/979/979 978/978/978
f 979/979/979 977/977/977 974/974/974
f 980/980/980 979/979/979 974/974/974
f 983/983/983 982/982/982 981/981/981
f 982/982/982 984/984/984 981/981/981
f 987/987/987 986/986/986 985/985/985
f 988/988/988 987/987/987 985/985/985
f 988/988/988 989/989/989 987/987/987
f 988/988/988 990/990/990 989/989/989
f 990/990/990 988/988/988 985/985/985
f 991/991/991 990/990/990 985/985/985
f 994/994/994 993/993/993 992/992/992
f 993/993/993 995/995/995 992/992/992
f 998/998/998 997/997/997 996/996/996
f 997/997/997 999/999/999 996/996/996
f 1000/1000/1000 999/999/999 997/997/997
f 1001/1001/1001 999/999/999 1000/1000/1000
f 999/999/999 1001/1001/1001 996/996/996
f 1001/1001/1001 1002/1002/1002 996/996/996
f 1005/1005/1005 1004/1004/1004 1003/1003/1003
f 1006/1006/1006 1005/1005/1005 1003/1003/1003
f 1009/1009/1009 1008/1008/1008 1007/1007/1007
f 1010/1010/1010 1007/1007/1007 1008/1008/1008
f 1011/1011/1011 1010/1010/1010 1008/1008/1008
f 1012/1012/1012 1010/1010/1010 1011/1011/1011
f 1013/1013/1013 1012/1012/1012 1011/1011/1011
f 1014/1014/1014 1012/1012/1012 1013/1013/1013
f 1015/1015/1015 1014/1014/1014 1013/1013/1013
f 1016/1016/1016 1014/1014/1014 1015/1015/1015
f 1017/1017/1017 1016/1016/1016 1015/1015/1015
f 1018/1018/1018 1016/1016/1016 1017/1017/1017
f 1019/1019/1019 1018/1018/1018 1017/1017/1017
f 1020/1020/1020 1018/1018/1018 1019/1019/1019
f 1021/1021/1021 1020/1020/1020 1019/1019/1019
f 1022/1022/1022 1020/1020/1020 1021/1021/1021
f 1023/1023/1023 1022/1022/1022 1021/1021/1021
f 1026/1026/1026 1025/1025/1025 1024/1024/1024
f 1024/1024/1024 1027/1027/1027 1026/1026/1026
f 1027/1027/1027 1028/1028/1028 1026/1026/1026
f 1027/1027/1027 1029/1029/1029 1028/1028/1028
f 1029/1029/1029 1030/1030/1030 1028/1028/1028
f 1029/1029/1029 1031/1031/1031 1030/1030/1030
f 1031/1031/1031 1032/1032/1032 1030/1030/1030
f 1031/1031/1031 1033/1033/1033 1032/1032/1032
f 1033/1033/1033 1034/1034/1034 1032/1032/1032
f 1033/1033/1033 1035/1035/1035 1034/1034/1034
f 1035/1035/1035 1036/1036/1036 1034/1034/1034
f 1035/1035/1035 1037/1037/1037 1036/1036/1036
f 1037/1037/1037 1038/1038/1038 1036/1036/1036
f 1037/1037/1037 1039/1039/1039 1038/1038/1038
f 1039/1039/1039 1040/1040/1040 1038/1038/1038
f 1043/1043/1043 1042/1042/1042 1041/1041/1041
f 1041/1041/1041 1042/1042/1042 1044/1044/1044
f 1045/1045/1045 1041/1041/1041 1044/1044/1044
f 1042/1042/1042 1046/1046/1046 1044/1044/1044
f 1047/1047/1047 1045/1045/1045 1044/1044/1044
f 1044/1044/1044 1048/1048/1048 1047/1047/1047
f 1044/1044/1044 1046/1046/1046 1049/1049/1049
f 1048/1048/1048 1044/1044/1044 1050/1050/1050
f 1050/1050/1050 1044/1044/1044 1049/1049/1049
f 1050/1050/1050 1049/1049/1049 1051/1051/1051
f 1054/1054/1054 1053/1053/1053 1052/1052/1052
f 1054/1054/1054 1052/1052/1052 1055/1055/1055
f 1052/1052/1052 1056/1056/1056 1055/1055/1055
f 1057/1057/1057 1054/1054/1054 1055/1055/1055
f 1058/1058/1058 1055/1055/1055 1056/1056/1056
f 1058/1058/1058 1059/1059/1059 1055/1055/1055
f 1060/1060/1060 1057/1057/1057 1055/1055/1055
f 1059/1059/1059 1061/1061/1061 1055/1055/1055
f 1061/1061/1061 1060/1060/1060 1055/1055/1055
f 1062/1062/1062 1060/1060/1060 1061/1061/1061
f 1065/1065/1065 1064/1064/1064 1063/1063/1063
f 1064/1064/1064 1066/1066/1066 1063/1063/1063
f 1066/1066/1066 1064/1064/1064 1067/1067/1067
f 1064/1064/1064 1068/1068/1068 1067/1067/1067
f 1068/1068/1068 1069/1069/1069 1067/1067/1067
f 1072/1072/1072 1071/1071/1071 1070/1070/1070
f 1070/1070/1070 1073/1073/1073 1072/1072/1072
f 1073/1073/1073 1074/1074/1074 1072/1072/1072
f 1074/1074/1074 1073/1073/1073 1075/1075/1075
f 1073/1073/1073 1076/1076/1076 1075/1075/1075
f 1079/1079/1079 1078/1078/1078 1077/1077/1077
f 1077/1077/1077 1080/1080/1080 1079/1079/1079
f 1080/1080/1080 1081/1081/1081 1079/1079/1079
f 1077/1077/1077 1082/1082/1082 1080/1080/1080
f 1082/1082/1082 1083/1083/1083 1080/1080/1080
f 1084/1084/1084 1080/1080/1080 1083/1083/1083
f 1085/1085/1085 1081/1081/1081 1080/1080/1080
f 1080/1080/1080 1084/1084/1084 1086/1086/1086
f 1086/1086/1086 1085/1085/1085 1080/1080/1080
f 1085/1085/1085 1086/1086/1086 1087/1087/1087
f 1090/1090/1090 1089/1089/1089 1088/1088/1088
f 1091/1091/1091 1088/1088/1088 1089/1089/1089
f 1092/1092/1092 1091/1091/1091 1089/1089/1089
f 1093/1093/1093 1088/1088/1088 1091/1091/1091
f 1091/1091/1091 1094/1094/1094 1093/1093/1093
f 1095/1095/1095 1094/1094/1094 1091/1091/1091
f 1091/1091/1091 1092/1092/1092 1096/1096/1096
f 1097/1097/1097 1095/1095/1095 1091/1091/1091
f 1097/1097/1097 1091/1091/1091 1096/1096/1096
f 1096/1096/1096 1098/1098/1098 1097/1097/1097
f 1101/1101/1101 1100/1100/1100 1099/1099/1099
f 1102/1102/1102 1101/1101/1101 1099/1099/1099
f 1101/1101/1101 1102/1102/1102 1103/1103/1103
f 1104/1104/1104 1101/1101/1101 1103/1103/1103
f 1105/1105/1105 1104/1104/1104 1103/1103/1103
f 1108/1108/1108 1107/1107/1107 1106/1106/1106
f 1106/1106/1106 1107/1107/1107 1109/1109/1109
f 1107/1107/1107 1110/1110/1110 1109/1109/1109
f 1109/1109/1109 1110/1110/1110 1111/1111/1111
f 1112/1112/1112 1109/1109/1109 1111/1111/1111
f 1115/1115/1115 1114/1114/1114 1113/1113/1113
f 1116/1116/1116 1115/1115/1115 1113/1113/1113
f 1117/1117/1117 1113/1113/1113 1114/1114/1114
f 1118/1118/1118 1117/1117/1117 1114/1114/1114
f 1116/1116/1116 1113/1113/1113 1119/1119/1119
f 1120/1120/1120 1116/1116/1116 1119/1119/1119
f 1113/1113/1113 1117/1117/1117 1121/1121/1121
f 1119/1119/1119 1113/1113/1113 1121/1121/1121
f 1122/1122/1122 1117/1117/1117 1118/1118/1118
f 1123/1123/1123 1122/1122/1122 1118/1118/1118
f 1123/1123/1123 1124/1124/1124 1122/1122/1122
f 1120/1120/1120 1119/1119/1119 1125/1125/1125
f 1126/1126/1126 1120/1120/1120 1125/1125/1125
f 1117/1117/1117 1122/1122/1122 1127/1127/1127
f 1121/1121/1121 1117/1117/1117 1127/1127/1127
f 1124/1124/1124 1128/1128/1128 1122/1122/1122
f 1122/1122/1122 1128/1128/1128 1127/1127/1127
f 1119/1119/1119 1121/1121/1121 1129/1129/1129
f 1125/1125/1125 1119/1119/1119 1129/1129/1129
f 1125/1125/1125 1130/1130/1130 1126/1126/1126
f 1130/1130/1130 1131/1131/1131 1126/1126/1126
f 1132/1132/1132 1128/1128/1128 1124/1124/1124
f 1133/1133/1133 1132/1132/1132 1124/1124/1124
f 1121/1121/1121 1127/1127/1127 1134/1134/1134
f 1129/1129/1129 1121/1121/1121 1134/1134/1134
f 1128/1128/1128 1135/1135/1135 1127/1127/1127
f 1135/1135/1135 1128/1128/1128 1132/1132/1132
f 1127/1127/1127 1135/1135/1135 1134/1134/1134
f 1129/1129/1129 1136/1136/1136 1125/1125/1125
f 1136/1136/1136 1130/1130/1130 1125/1125/1125
f 1130/1130/1130 1137/1137/1137 1131/1131/1131
f 1137/1137/1137 1138/1138/1138 1131/1131/1131
f 1139/1139/1139 1138/1138/1138 1137/1137/1137
f 1132/1132/1132 1133/1133/1133 1140/1140/1140
f 1133/1133/1133 1141/1141/1141 1140/1140/1140
f 1134/1134/1134 1142/1142/1142 1129/1129/1129
f 1142/1142/1142 1136/1136/1136 1129/1129/1129
f 1142/1142/1142 1143/1143/1143 1136/1136/1136
f 1136/1136/1136 1144/1144/1144 1130/1130/1130
f 1144/1144/1144 1137/1137/1137 1130/1130/1130
f 1143/1143/1143 1144/1144/1144 1136/1136/1136
f 1145/1145/1145 1139/1139/1139 1137/1137/1137
f 1145/1145/1145 1137/1137/1137 1144/1144/1144
f 1139/1139/1139 1145/1145/1145 1146/1146/1146
f 1134/1134/1134 1147/1147/1147 1142/1142/1142
f 1135/1135/1135 1147/1147/1147 1134/1134/1134
f 1148/1148/1148 1145/1145/1145 1144/1144/1144
f 1148/1148/1148 1144/1144/1144 1143/1143/1143
f 1145/1145/1145 1149/1149/1149 1146/1146/1146
f 1145/1145/1145 1148/1148/1148 1149/1149/1149
f 1150/1150/1150 1146/1146/1146 1149/1149/1149
f 1151/1151/1151 1150/1150/1150 1149/1149/1149
f 1152/1152/1152 1150/1150/1150 1151/1151/1151
f 1148/1148/1148 1153/1153/1153 1149/1149/1149
f 1149/1149/1149 1153/1153/1153 1151/1151/1151
f 1154/1154/1154 1152/1152/1152 1151/1151/1151
f 1152/1152/1152 1154/1154/1154 1155/1155/1155
f 1154/1154/1154 1156/1156/1156 1155/1155/1155
f 1151/1151/1151 1157/1157/1157 1154/1154/1154
f 1153/1153/1153 1157/1157/1157 1151/1151/1151
f 1156/1156/1156 1154/1154/1154 1158/1158/1158
f 1157/1157/1157 1158/1158/1158 1154/1154/1154
f 1159/1159/1159 1156/1156/1156 1158/1158/1158
f 1148/1148/1148 1160/1160/1160 1153/1153/1153
f 1160/1160/1160 1148/1148/1148 1143/1143/1143
f 1153/1153/1153 1161/1161/1161 1157/1157/1157
f 1160/1160/1160 1161/1161/1161 1153/1153/1153
f 1157/1157/1157 1162/1162/1162 1158/1158/1158
f 1161/1161/1161 1162/1162/1162 1157/1157/1157
f 1159/1159/1159 1158/1158/1158 1163/1163/1163
f 1162/1162/1162 1163/1163/1163 1158/1158/1158
f 1164/1164/1164 1159/1159/1159 1163/1163/1163
f 1165/1165/1165 1164/1164/1164 1163/1163/1163
f 1166/1166/1166 1163/1163/1163 1162/1162/1162
f 1166/1166/1166 1165/1165/1165 1163/1163/1163
f 1167/1167/1167 1162/1162/1162 1161/1161/1161
f 1167/1167/1167 1166/1166/1166 1162/1162/1162
f 1165/1165/1165 1166/1166/1166 1168/1168/1168
f 1166/1166/1166 1167/1167/1167 1168/1168/1168
f 1169/1169/1169 1165/1165/1165 1168/1168/1168
f 1161/1161/1161 1160/1160/1160 1170/1170/1170
f 1170/1170/1170 1167/1167/1167 1161/1161/1161
f 1167/1167/1167 1171/1171/1171 1168/1168/1168
f 1167/1167/1167 1170/1170/1170 1171/1171/1171
f 1168/1168/1168 1172/1172/1172 1169/1169/1169
f 1168/1168/1168 1171/1171/1171 1172/1172/1172
f 1172/1172/1172 1173/1173/1173 1169/1169/1169
f 1173/1173/1173 1172/1172/1172 1174/1174/1174
f 1175/1175/1175 1173/1173/1173 1174/1174/1174
f 1176/1176/1176 1175/1175/1175 1174/1174/1174
f 1171/1171/1171 1177/1177/1177 1172/1172/1172
f 1172/1172/1172 1177/1177/1177 1174/1174/1174
f 1178/1178/1178 1176/1176/1176 1174/1174/1174
f 1179/1179/1179 1176/1176/1176 1178/1178/1178
f 1174/1174/1174 1180/1180/1180 1178/1178/1178
f 1177/1177/1177 1180/1180/1180 1174/1174/1174
f 1177/1177/1177 1171/1171/1171 1181/1181/1181
f 1170/1170/1170 1181/1181/1181 1171/1171/1171
f 1182/1182/1182 1177/1177/1177 1181/1181/1181
f 1177/1177/1177 1182/1182/1182 1180/1180/1180
f 1183/1183/1183 1180/1180/1180 1182/1182/1182
f 1180/1180/1180 1184/1184/1184 1178/1178/1178
f 1178/1178/1178 1184/1184/1184 1179/1179/1179
f 1180/1180/1180 1183/1183/1183 1184/1184/1184
f 1185/1185/1185 1181/1181/1181 1170/1170/1170
f 1181/1181/1181 1185/1185/1185 1182/1182/1182
f 1186/1186/1186 1179/1179/1179 1184/1184/1184
f 1183/1183/1183 1186/1186/1186 1184/1184/1184
f 1187/1187/1187 1185/1185/1185 1170/1170/1170
f 1160/1160/1160 1187/1187/1187 1170/1170/1170
f 1187/1187/1187 1160/1160/1160 1143/1143/1143
f 1185/1185/1185 1188/1188/1188 1182/1182/1182
f 1188/1188/1188 1183/1183/1183 1182/1182/1182
f 1188/1188/1188 1185/1185/1185 1189/1189/1189
f 1188/1188/1188 1189/1189/1189 1183/1183/1183
f 1186/1186/1186 1183/1183/1183 1190/1190/1190
f 1179/1179/1179 1186/1186/1186 1190/1190/1190
f 1185/1185/1185 1187/1187/1187 1191/1191/1191
f 1185/1185/1185 1191/1191/1191 1189/1189/1189
f 1192/1192/1192 1187/1187/1187 1143/1143/1143
f 1187/1187/1187 1192/1192/1192 1191/1191/1191
f 1193/1193/1193 1192/1192/1192 1143/1143/1143
f 1191/1191/1191 1192/1192/1192 1193/1193/1193
f 1142/1142/1142 1193/1193/1193 1143/1143/1143
f 1147/1147/1147 1193/1193/1193 1142/1142/1142
f 1194/1194/1194 1191/1191/1191 1193/1193/1193
f 1189/1189/1189 1191/1191/1191 1194/1194/1194
f 1194/1194/1194 1193/1193/1193 1147/1147/1147
f 1183/1183/1183 1195/1195/1195 1190/1190/1190
f 1189/1189/1189 1195/1195/1195 1183/1183/1183
f 1190/1190/1190 1195/1195/1195 1196/1196/1196
f 1195/1195/1195 1189/1189/1189 1196/1196/1196
f 1197/1197/1197 1179/1179/1179 1190/1190/1190
f 1197/1197/1197 1190/1190/1190 1196/1196/1196
f 1179/1179/1179 1197/1197/1197 1198/1198/1198
f 1198/1198/1198 1197/1197/1197 1196/1196/1196
f 1198/1198/1198 1199/1199/1199 1179/1179/1179
f 1200/1200/1200 1179/1179/1179 1199/1199/1199
f 1198/1198/1198 1201/1201/1201 1199/1199/1199
f 1201/1201/1201 1198/1198/1198 1196/1196/1196
f 1200/1200/1200 1199/1199/1199 1202/1202/1202
f 1201/1201/1201 1202/1202/1202 1199/1199/1199
f 1203/1203/1203 1200/1200/1200 1202/1202/1202
f 1203/1203/1203 1202/1202/1202 1141/1141/1141
f 1202/1202/1202 1140/1140/1140 1141/1141/1141
f 1189/1189/1189 1204/1204/1204 1196/1196/1196
f 1204/1204/1204 1189/1189/1189 1194/1194/1194
f 1196/1196/1196 1204/1204/1204 1205/1205/1205
f 1201/1201/1201 1196/1196/1196 1205/1205/1205
f 1205/1205/1205 1204/1204/1204 1194/1194/1194
f 1201/1201/1201 1206/1206/1206 1202/1202/1202
f 1206/1206/1206 1140/1140/1140 1202/1202/1202
f 1201/1201/1201 1205/1205/1205 1206/1206/1206
f 1207/1207/1207 1205/1205/1205 1194/1194/1194
f 1205/1205/1205 1207/1207/1207 1206/1206/1206
f 1207/1207/1207 1194/1194/1194 1147/1147/1147
f 1206/1206/1206 1208/1208/1208 1140/1140/1140
f 1207/1207/1207 1208/1208/1208 1206/1206/1206
f 1208/1208/1208 1207/1207/1207 1147/1147/1147
f 1208/1208/1208 1132/1132/1132 1140/1140/1140
f 1135/1135/1135 1208/1208/1208 1147/1147/1147
f 1208/1208/1208 1135/1135/1135 1132/1132/1132
f 1211/1211/1211 1210/1210/1210 1209/1209/1209
f 1212/1212/1212 1211/1211/1211 1209/1209/1209
f 1209/1209/1209 1210/1210/1210 1213/1213/1213
f 1210/1210/1210 1214/1214/1214 1213/1213/1213
f 1209/1209/1209 1215/1215/1215 1212/1212/1212
f 1215/1215/1215 1216/1216/1216 1212/1212/1212
f 1213/1213/1213 1214/1214/1214 1217/1217/1217
f 1214/1214/1214 1218/1218/1218 1217/1217/1217
f 1209/1209/1209 1213/1213/1213 1219/1219/1219
f 1215/1215/1215 1209/1209/1209 1219/1219/1219
f 1215/1215/1215 1220/1220/1220 1216/1216/1216
f 1220/1220/1220 1221/1221/1221 1216/1216/1216
f 1222/1222/1222 1221/1221/1221 1220/1220/1220
f 1220/1220/1220 1215/1215/1215 1223/1223/1223
f 1215/1215/1215 1219/1219/1219 1223/1223/1223
f 1219/1219/1219 1213/1213/1213 1224/1224/1224
f 1213/1213/1213 1217/1217/1217 1224/1224/1224
f 1225/1225/1225 1217/1217/1217 1218/1218/1218
f 1226/1226/1226 1225/1225/1225 1218/1218/1218
f 1227/1227/1227 1222/1222/1222 1220/1220/1220
f 1227/1227/1227 1220/1220/1220 1223/1223/1223
f 1223/1223/1223 1219/1219/1219 1228/1228/1228
f 1219/1219/1219 1224/1224/1224 1228/1228/1228
f 1229/1229/1229 1224/1224/1224 1217/1217/1217
f 1225/1225/1225 1229/1229/1229 1217/1217/1217
f 1230/1230/1230 1225/1225/1225 1226/1226/1226
f 1231/1231/1231 1230/1230/1230 1226/1226/1226
f 1231/1231/1231 1232/1232/1232 1230/1230/1230
f 1227/1227/1227 1233/1233/1233 1222/1222/1222
f 1233/1233/1233 1234/1234/1234 1222/1222/1222
f 1235/1235/1235 1227/1227/1227 1223/1223/1223
f 1235/1235/1235 1223/1223/1223 1228/1228/1228
f 1227/1227/1227 1235/1235/1235 1233/1233/1233
f 1236/1236/1236 1228/1228/1228 1224/1224/1224
f 1229/1229/1229 1236/1236/1236 1224/1224/1224
f 1237/1237/1237 1236/1236/1236 1229/1229/1229
f 1238/1238/1238 1229/1229/1229 1225/1225/1225
f 1230/1230/1230 1238/1238/1238 1225/1225/1225
f 1238/1238/1238 1237/1237/1237 1229/1229/1229
f 1232/1232/1232 1239/1239/1239 1230/1230/1230
f 1230/1230/1230 1239/1239/1239 1238/1238/1238
f 1239/1239/1239 1232/1232/1232 1240/1240/1240
f 1234/1234/1234 1233/1233/1233 1241/1241/1241
f 1242/1242/1242 1234/1234/1234 1241/1241/1241
f 1243/1243/1243 1228/1228/1228 1236/1236/1236
f 1243/1243/1243 1235/1235/1235 1228/1228/1228
f 1235/1235/1235 1244/1244/1244 1233/1233/1233
f 1233/1233/1233 1244/1244/1244 1241/1241/1241
f 1244/1244/1244 1235/1235/1235 1243/1243/1243
f 1239/1239/1239 1245/1245/1245 1238/1238/1238
f 1238/1238/1238 1245/1245/1245 1237/1237/1237
f 1246/1246/1246 1239/1239/1239 1240/1240/1240
f 1245/1245/1245 1239/1239/1239 1246/1246/1246
f 1240/1240/1240 1247/1247/1247 1246/1246/1246
f 1241/1241/1241 1248/1248/1248 1242/1242/1242
f 1248/1248/1248 1249/1249/1249 1242/1242/1242
f 1250/1250/1250 1249/1249/1249 1248/1248/1248
f 1244/1244/1244 1251/1251/1251 1241/1241/1241
f 1241/1241/1241 1251/1251/1251 1248/1248/1248
f 1247/1247/1247 1252/1252/1252 1246/1246/1246
f 1247/1247/1247 1253/1253/1253 1252/1252/1252
f 1254/1254/1254 1245/1245/1245 1246/1246/1246
f 1254/1254/1254 1246/1246/1246 1252/1252/1252
f 1255/1255/1255 1250/1250/1250 1248/1248/1248
f 1256/1256/1256 1250/1250/1250 1255/1255/1255
f 1253/1253/1253 1257/1257/1257 1252/1252/1252
f 1257/1257/1257 1253/1253/1253 1258/1258/1258
f 1259/1259/1259 1257/1257/1257 1258/1258/1258
f 1248/1248/1248 1260/1260/1260 1255/1255/1255
f 1251/1251/1251 1260/1260/1260 1248/1248/1248
f 1261/1261/1261 1252/1252/1252 1257/1257/1257
f 1261/1261/1261 1254/1254/1254 1252/1252/1252
f 1257/1257/1257 1259/1259/1259 1262/1262/1262
f 1262/1262/1262 1261/1261/1261 1257/1257/1257
f 1259/1259/1259 1263/1263/1263 1262/1262/1262
f 1262/1262/1262 1263/1263/1263 1264/1264/1264
f 1263/1263/1263 1265/1265/1265 1264/1264/1264
f 1265/1265/1265 1266/1266/1266 1264/1264/1264
f 1267/1267/1267 1261/1261/1261 1262/1262/1262
f 1264/1264/1264 1267/1267/1267 1262/1262/1262
f 1268/1268/1268 1254/1254/1254 1261/1261/1261
f 1267/1267/1267 1268/1268/1268 1261/1261/1261
f 1266/1266/1266 1269/1269/1269 1264/1264/1264
f 1264/1264/1264 1269/1269/1269 1267/1267/1267
f 1269/1269/1269 1266/1266/1266 1270/1270/1270
f 1266/1266/1266 1271/1271/1271 1270/1270/1270
f 1269/1269/1269 1272/1272/1272 1267/1267/1267
f 1267/1267/1267 1272/1272/1272 1268/1268/1268
f 1272/1272/1272 1269/1269/1269 1270/1270/1270
f 1268/1268/1268 1273/1273/1273 1254/1254/1254
f 1273/1273/1273 1245/1245/1245 1254/1254/1254
f 1245/1245/1245 1273/1273/1273 1237/1237/1237
f 1274/1274/1274 1270/1270/1270 1271/1271/1271
f 1275/1275/1275 1274/1274/1274 1271/1271/1271
f 1272/1272/1272 1276/1276/1276 1268/1268/1268
f 1273/1273/1273 1268/1268/1268 1276/1276/1276
f 1277/1277/1277 1272/1272/1272 1270/1270/1270
f 1277/1277/1277 1270/1270/1270 1274/1274/1274
f 1276/1276/1276 1272/1272/1272 1277/1277/1277
f 1274/1274/1274 1275/1275/1275 1278/1278/1278
f 1275/1275/1275 1279/1279/1279 1278/1278/1278
f 1279/1279/1279 1280/1280/1280 1278/1278/1278
f 1281/1281/1281 1277/1277/1277 1274/1274/1274
f 1281/1281/1281 1274/1274/1274 1278/1278/1278
f 1280/1280/1280 1282/1282/1282 1278/1278/1278
f 1280/1280/1280 1256/1256/1256 1282/1282/1282
f 1283/1283/1283 1278/1278/1278 1282/1282/1282
f 1283/1283/1283 1281/1281/1281 1278/1278/1278
f 1277/1277/1277 1281/1281/1281 1284/1284/1284
f 1284/1284/1284 1276/1276/1276 1277/1277/1277
f 1285/1285/1285 1273/1273/1273 1276/1276/1276
f 1273/1273/1273 1285/1285/1285 1237/1237/1237
f 1281/1281/1281 1286/1286/1286 1284/1284/1284
f 1286/1286/1286 1281/1281/1281 1283/1283/1283
f 1283/1283/1283 1287/1287/1287 1286/1286/1286
f 1288/1288/1288 1283/1283/1283 1282/1282/1282
f 1288/1288/1288 1282/1282/1282 1256/1256/1256
f 1287/1287/1287 1283/1283/1283 1288/1288/1288
f 1284/1284/1284 1289/1289/1289 1276/1276/1276
f 1289/1289/1289 1284/1284/1284 1286/1286/1286
f 1289/1289/1289 1285/1285/1285 1276/1276/1276
f 1256/1256/1256 1290/1290/1290 1288/1288/1288
f 1290/1290/1290 1287/1287/1287 1288/1288/1288
f 1291/1291/1291 1289/1289/1289 1286/1286/1286
f 1287/1287/1287 1291/1291/1291 1286/1286/1286
f 1289/1289/1289 1291/1291/1291 1292/1292/1292
f 1292/1292/1292 1291/1291/1291 1287/1287/1287
f 1285/1285/1285 1289/1289/1289 1293/1293/1293
f 1293/1293/1293 1289/1289/1289 1292/1292/1292
f 1287/1287/1287 1290/1290/1290 1294/1294/1294
f 1290/1290/1290 1256/1256/1256 1294/1294/1294
f 1295/1295/1295 1285/1285/1285 1293/1293/1293
f 1285/1285/1285 1295/1295/1295 1237/1237/1237
f 1295/1295/1295 1296/1296/1296 1237/1237/1237
f 1295/1295/1295 1293/1293/1293 1296/1296/1296
f 1296/1296/1296 1236/1236/1236 1237/1237/1237
f 1296/1296/1296 1243/1243/1243 1236/1236/1236
f 1293/1293/1293 1297/1297/1297 1296/1296/1296
f 1296/1296/1296 1297/1297/1297 1243/1243/1243
f 1293/1293/1293 1292/1292/1292 1297/1297/1297
f 1298/1298/1298 1287/1287/1287 1294/1294/1294
f 1298/1298/1298 1292/1292/1292 1287/1287/1287
f 1298/1298/1298 1294/1294/1294 1299/1299/1299
f 1292/1292/1292 1298/1298/1298 1299/1299/1299
f 1256/1256/1256 1300/1300/1300 1294/1294/1294
f 1294/1294/1294 1300/1300/1300 1299/1299/1299
f 1300/1300/1300 1256/1256/1256 1301/1301/1301
f 1300/1300/1300 1301/1301/1301 1299/1299/1299
f 1255/1255/1255 1301/1301/1301 1256/1256/1256
f 1260/1260/1260 1301/1301/1301 1255/1255/1255
f 1301/1301/1301 1260/1260/1260 1299/1299/1299
f 1302/1302/1302 1292/1292/1292 1299/1299/1299
f 1292/1292/1292 1302/1302/1302 1297/1297/1297
f 1299/1299/1299 1260/1260/1260 1303/1303/1303
f 1302/1302/1302 1299/1299/1299 1303/1303/1303
f 1302/1302/1302 1303/1303/1303 1297/1297/1297
f 1303/1303/1303 1260/1260/1260 1251/1251/1251
f 1303/1303/1303 1304/1304/1304 1297/1297/1297
f 1304/1304/1304 1303/1303/1303 1251/1251/1251
f 1297/1297/1297 1304/1304/1304 1243/1243/1243
f 1244/1244/1244 1304/1304/1304 1251/1251/1251
f 1304/1304/1304 1244/1244/1244 1243/1243/1243
f 1307/1307/1307 1306/1306/1306 1305/1305/1305
f 1308/1308/1308 1307/1307/1307 1305/1305/1305
f 1306/1306/1306 1309/1309/1309 1305/1305/1305
f 1306/1306/1306 1310/1310/1310 1309/1309/1309
f 1311/1311/1311 1308/1308/1308 1305/1305/1305
f 1312/1312/1312 1308/1308/1308 1311/1311/1311
f 1310/1310/1310 1313/1313/1313 1309/1309/1309
f 1310/1310/1310 1314/1314/1314 1313/1313/1313
f 1305/1305/1305 1309/1309/1309 1315/1315/1315
f 1311/1311/1311 1305/1305/1305 1315/1315/1315
f 1316/1316/1316 1312/1312/1312 1311/1311/1311
f 1317/1317/1317 1312/1312/1312 1316/1316/1316
f 1314/1314/1314 1318/1318/1318 1313/1313/1313
f 1314/1314/1314 1319/1319/1319 1318/1318/1318
f 1319/1319/1319 1320/1320/1320 1318/1318/1318
f 1309/1309/1309 1313/1313/1313 1321/1321/1321
f 1309/1309/1309 1321/1321/1321 1315/1315/1315
f 1322/1322/1322 1311/1311/1311 1315/1315/1315
f 1316/1316/1316 1311/1311/1311 1322/1322/1322
f 1318/1318/1318 1320/1320/1320 1323/1323/1323
f 1320/1320/1320 1324/1324/1324 1323/1323/1323
f 1313/1313/1313 1318/1318/1318 1325/1325/1325
f 1313/1313/1313 1325/1325/1325 1321/1321/1321
f 1318/1318/1318 1323/1323/1323 1325/1325/1325
f 1315/1315/1315 1321/1321/1321 1326/1326/1326
f 1322/1322/1322 1315/1315/1315 1326/1326/1326
f 1323/1323/1323 1324/1324/1324 1327/1327/1327
f 1324/1324/1324 1328/1328/1328 1327/1327/1327
f 1325/1325/1325 1323/1323/1323 1329/1329/1329
f 1323/1323/1323 1327/1327/1327 1329/1329/1329
f 1321/1321/1321 1325/1325/1325 1330/1330/1330
f 1321/1321/1321 1330/1330/1330 1326/1326/1326
f 1325/1325/1325 1329/1329/1329 1330/1330/1330
f 1326/1326/1326 1330/1330/1330 1331/1331/1331
f 1332/1332/1332 1322/1322/1322 1326/1326/1326
f 1332/1332/1332 1326/1326/1326 1331/1331/1331
f 1327/1327/1327 1328/1328/1328 1333/1333/1333
f 1328/1328/1328 1334/1334/1334 1333/1333/1333
f 1333/1333/1333 1334/1334/1334 1335/1335/1335
f 1329/1329/1329 1327/1327/1327 1336/1336/1336
f 1327/1327/1327 1333/1333/1333 1336/1336/1336
f 1330/1330/1330 1329/1329/1329 1337/1337/1337
f 1330/1330/1330 1337/1337/1337 1331/1331/1331
f 1329/1329/1329 1336/1336/1336 1337/1337/1337
f 1338/1338/1338 1333/1333/1333 1335/1335/1335
f 1336/1336/1336 1333/1333/1333 1338/1338/1338
f 1338/1338/1338 1335/1335/1335 1339/1339/1339
f 1337/1337/1337 1336/1336/1336 1340/1340/1340
f 1340/1340/1340 1336/1336/1336 1338/1338/1338
f 1341/1341/1341 1338/1338/1338 1339/1339/1339
f 1340/1340/1340 1338/1338/1338 1341/1341/1341
f 1341/1341/1341 1339/1339/1339 1342/1342/1342
f 1343/1343/1343 1337/1337/1337 1340/1340/1340
f 1331/1331/1331 1337/1337/1337 1343/1343/1343
f 1344/1344/1344 1341/1341/1341 1342/1342/1342
f 1344/1344/1344 1342/1342/1342 1345/1345/1345
f 1346/1346/1346 1344/1344/1344 1345/1345/1345
f 1347/1347/1347 1340/1340/1340 1341/1341/1341
f 1347/1347/1347 1341/1341/1341 1344/1344/1344
f 1343/1343/1343 1340/1340/1340 1347/1347/1347
f 1348/1348/1348 1344/1344/1344 1346/1346/1346
f 1348/1348/1348 1347/1347/1347 1344/1344/1344
f 1349/1349/1349 1348/1348/1348 1346/1346/1346
f 1350/1350/1350 1343/1343/1343 1347/1347/1347
f 1350/1350/1350 1347/1347/1347 1348/1348/1348
f 1351/1351/1351 1348/1348/1348 1349/1349/1349
f 1351/1351/1351 1350/1350/1350 1348/1348/1348
f 1352/1352/1352 1351/1351/1351 1349/1349/1349
f 1353/1353/1353 1343/1343/1343 1350/1350/1350
f 1353/1353/1353 1331/1331/1331 1343/1343/1343
f 1354/1354/1354 1351/1351/1351 1352/1352/1352
f 1355/1355/1355 1354/1354/1354 1352/1352/1352
f 1354/1354/1354 1355/1355/1355 1356/1356/1356
f 1357/1357/1357 1350/1350/1350 1351/1351/1351
f 1354/1354/1354 1357/1357/1357 1351/1351/1351
f 1357/1357/1357 1353/1353/1353 1350/1350/1350
f 1358/1358/1358 1354/1354/1354 1356/1356/1356
f 1357/1357/1357 1354/1354/1354 1358/1358/1358
f 1358/1358/1358 1356/1356/1356 1359/1359/1359
f 1353/1353/1353 1357/1357/1357 1360/1360/1360
f 1360/1360/1360 1357/1357/1357 1358/1358/1358
f 1361/1361/1361 1358/1358/1358 1359/1359/1359
f 1360/1360/1360 1358/1358/1358 1361/1361/1361
f 1361/1361/1361 1359/1359/1359 1362/1362/1362
f 1331/1331/1331 1353/1353/1353 1363/1363/1363
f 1363/1363/1363 1353/1353/1353 1360/1360/1360
f 1364/1364/1364 1360/1360/1360 1361/1361/1361
f 1363/1363/1363 1360/1360/1360 1364/1364/1364
f 1365/1365/1365 1361/1361/1361 1362/1362/1362
f 1364/1364/1364 1361/1361/1361 1365/1365/1365
f 1366/1366/1366 1331/1331/1331 1363/1363/1363
f 1366/1366/1366 1332/1332/1332 1331/1331/1331
f 1367/1367/1367 1363/1363/1363 1364/1364/1364
f 1366/1366/1366 1363/1363/1363 1367/1367/1367
f 1368/1368/1368 1365/1365/1365 1362/1362/1362
f 1369/1369/1369 1368/1368/1368 1362/1362/1362
f 1370/1370/1370 1364/1364/1364 1365/1365/1365
f 1367/1367/1367 1364/1364/1364 1370/1370/1370
f 1368/1368/1368 1371/1371/1371 1365/1365/1365
f 1371/1371/1371 1370/1370/1370 1365/1365/1365
f 1372/1372/1372 1368/1368/1368 1369/1369/1369
f 1373/1373/1373 1372/1372/1372 1369/1369/1369
f 1374/1374/1374 1371/1371/1371 1368/1368/1368
f 1372/1372/1372 1374/1374/1374 1368/1368/1368
f 1375/1375/1375 1372/1372/1372 1373/1373/1373
f 1376/1376/1376 1375/1375/1375 1373/1373/1373
f 1375/1375/1375 1376/1376/1376 1377/1377/1377
f 1375/1375/1375 1378/1378/1378 1372/1372/1372
f 1378/1378/1378 1374/1374/1374 1372/1372/1372
f 1379/1379/1379 1375/1375/1375 1377/1377/1377
f 1378/1378/1378 1375/1375/1375 1379/1379/1379
f 1379/1379/1379 1377/1377/1377 1380/1380/1380
f 1381/1381/1381 1379/1379/1379 1380/1380/1380
f 1381/1381/1381 1380/1380/1380 1382/1382/1382
f 1383/1383/1383 1378/1378/1378 1379/1379/1379
f 1383/1383/1383 1379/1379/1379 1381/1381/1381
f 1378/1378/1378 1384/1384/1384 1374/1374/1374
f 1384/1384/1384 1378/1378/1378 1383/1383/1383
f 1374/1374/1374 1385/1385/1385 1371/1371/1371
f 1384/1384/1384 1385/1385/1385 1374/1374/1374
f 1384/1384/1384 1386/1386/1386 1385/1385/1385
f 1387/1387/1387 1381/1381/1381 1382/1382/1382
f 1387/1387/1387 1382/1382/1382 1388/1388/1388
f 1389/1389/1389 1387/1387/1387 1388/1388/1388
f 1390/1390/1390 1384/1384/1384 1383/1383/1383
f 1386/1386/1386 1384/1384/1384 1390/1390/1390
f 1391/1391/1391 1383/1383/1383 1381/1381/1381
f 1391/1391/1391 1381/1381/1381 1387/1387/1387
f 1390/1390/1390 1383/1383/1383 1391/1391/1391
f 1392/1392/1392 1387/1387/1387 1389/1389/1389
f 1392/1392/1392 1391/1391/1391 1387/1387/1387
f 1393/1393/1393 1392/1392/1392 1389/1389/1389
f 1385/1385/1385 1394/1394/1394 1371/1371/1371
f 1371/1371/1371 1394/1394/1394 1370/1370/1370
f 1395/1395/1395 1390/1390/1390 1391/1391/1391
f 1395/1395/1395 1391/1391/1391 1392/1392/1392
f 1396/1396/1396 1392/1392/1392 1393/1393/1393
f 1396/1396/1396 1395/1395/1395 1392/1392/1392
f 1397/1397/1397 1396/1396/1396 1393/1393/1393
f 1398/1398/1398 1390/1390/1390 1395/1395/1395
f 1398/1398/1398 1386/1386/1386 1390/1390/1390
f 1399/1399/1399 1395/1395/1395 1396/1396/1396
f 1399/1399/1399 1398/1398/1398 1395/1395/1395
f 1400/1400/1400 1396/1396/1396 1397/1397/1397
f 1400/1400/1400 1399/1399/1399 1396/1396/1396
f 1401/1401/1401 1400/1400/1400 1397/1397/1397
f 1401/1401/1401 1402/1402/1402 1400/1400/1400
f 1402/1402/1402 1403/1403/1403 1400/1400/1400
f 1400/1400/1400 1403/1403/1403 1399/1399/1399
f 1402/1402/1402 1404/1404/1404 1403/1403/1403
f 1399/1399/1399 1405/1405/1405 1398/1398/1398
f 1403/1403/1403 1405/1405/1405 1399/1399/1399
f 1404/1404/1404 1406/1406/1406 1403/1403/1403
f 1403/1403/1403 1406/1406/1406 1405/1405/1405
f 1404/1404/1404 1407/1407/1407 1406/1406/1406
f 1405/1405/1405 1408/1408/1408 1398/1398/1398
f 1398/1398/1398 1408/1408/1408 1386/1386/1386
f 1406/1406/1406 1409/1409/1409 1405/1405/1405
f 1405/1405/1405 1409/1409/1409 1408/1408/1408
f 1407/1407/1407 1410/1410/1410 1406/1406/1406
f 1406/1406/1406 1410/1410/1410 1409/1409/1409
f 1407/1407/1407 1411/1411/1411 1410/1410/1410
f 1411/1411/1411 1412/1412/1412 1410/1410/1410
f 1410/1410/1410 1412/1412/1412 1413/1413/1413
f 1410/1410/1410 1413/1413/1413 1409/1409/1409
f 1412/1412/1412 1414/1414/1414 1413/1413/1413
f 1409/1409/1409 1415/1415/1415 1408/1408/1408
f 1409/1409/1409 1413/1413/1413 1415/1415/1415
f 1413/1413/1413 1414/1414/1414 1416/1416/1416
f 1413/1413/1413 1416/1416/1416 1415/1415/1415
f 1414/1414/1414 1417/1417/1417 1416/1416/1416
f 1408/1408/1408 1415/1415/1415 1418/1418/1418
f 1408/1408/1408 1418/1418/1418 1386/1386/1386
f 1415/1415/1415 1416/1416/1416 1419/1419/1419
f 1415/1415/1415 1419/1419/1419 1418/1418/1418
f 1416/1416/1416 1417/1417/1417 1420/1420/1420
f 1416/1416/1416 1420/1420/1420 1419/1419/1419
f 1417/1417/1417 1421/1421/1421 1420/1420/1420
f 1421/1421/1421 1422/1422/1422 1420/1420/1420
f 1422/1422/1422 1423/1423/1423 1420/1420/1420
f 1420/1420/1420 1423/1423/1423 1419/1419/1419
f 1422/1422/1422 1424/1424/1424 1423/1423/1423
f 1419/1419/1419 1425/1425/1425 1418/1418/1418
f 1423/1423/1423 1425/1425/1425 1419/1419/1419
f 1424/1424/1424 1426/1426/1426 1423/1423/1423
f 1423/1423/1423 1426/1426/1426 1425/1425/1425
f 1424/1424/1424 1317/1317/1317 1426/1426/1426
f 1418/1418/1418 1427/1427/1427 1386/1386/1386
f 1425/1425/1425 1427/1427/1427 1418/1418/1418
f 1317/1317/1317 1428/1428/1428 1426/1426/1426
f 1428/1428/1428 1317/1317/1317 1316/1316/1316
f 1426/1426/1426 1429/1429/1429 1425/1425/1425
f 1425/1425/1425 1429/1429/1429 1427/1427/1427
f 1426/1426/1426 1428/1428/1428 1429/1429/1429
f 1427/1427/1427 1430/1430/1430 1386/1386/1386
f 1386/1386/1386 1430/1430/1430 1385/1385/1385
f 1385/1385/1385 1430/1430/1430 1394/1394/1394
f 1428/1428/1428 1316/1316/1316 1431/1431/1431
f 1431/1431/1431 1316/1316/1316 1322/1322/1322
f 1431/1431/1431 1322/1322/1322 1332/1332/1332
f 1428/1428/1428 1432/1432/1432 1429/1429/1429
f 1432/1432/1432 1428/1428/1428 1431/1431/1431
f 1429/1429/1429 1433/1433/1433 1427/1427/1427
f 1427/1427/1427 1433/1433/1433 1430/1430/1430
f 1429/1429/1429 1432/1432/1432 1433/1433/1433
f 1434/1434/1434 1431/1431/1431 1332/1332/1332
f 1432/1432/1432 1431/1431/1431 1434/1434/1434
f 1434/1434/1434 1332/1332/1332 1366/1366/1366
f 1430/1430/1430 1435/1435/1435 1394/1394/1394
f 1433/1433/1433 1435/1435/1435 1430/1430/1430
f 1432/1432/1432 1436/1436/1436 1433/1433/1433
f 1436/1436/1436 1432/1432/1432 1434/1434/1434
f 1433/1433/1433 1436/1436/1436 1435/1435/1435
f 1437/1437/1437 1434/1434/1434 1366/1366/1366
f 1436/1436/1436 1434/1434/1434 1437/1437/1437
f 1437/1437/1437 1366/1366/1366 1367/1367/1367
f 1394/1394/1394 1435/1435/1435 1438/1438/1438
f 1437/1437/1437 1367/1367/1367 1438/1438/1438
f 1394/1394/1394 1438/1438/1438 1370/1370/1370
f 1438/1438/1438 1367/1367/1367 1370/1370/1370
f 1439/1439/1439 1436/1436/1436 1437/1437/1437
f 1436/1436/1436 1439/1439/1439 1435/1435/1435
f 1439/1439/1439 1437/1437/1437 1438/1438/1438
f 1435/1435/1435 1439/1439/1439 1438/1438/1438
f 1442/1442/1442 1441/1441/1441 1440/1440/1440
f 1440/1440/1440 1441/1441/1441 1443/1443/1443
f 1444/1444/1444 1442/1442/1442 1440/1440/1440
f 1444/1444/1444 1445/1445/1445 1442/1442/1442
f 1446/1446/1446 1440/1440/1440 1443/1443/1443
f 1446/1446/1446 1443/1443/1443 1447/1447/1447
f 1444/1444/1444 1440/1440/1440 1448/1448/1448
f 1440/1440/1440 1446/1446/1446 1448/1448/1448
f 1449/1449/1449 1446/1446/1446 1447/1447/1447
f 1449/1449/1449 1447/1447/1447 1450/1450/1450
f 1444/1444/1444 1451/1451/1451 1445/1445/1445
f 1451/1451/1451 1444/1444/1444 1448/1448/1448
f 1446/1446/1446 1452/1452/1452 1448/1448/1448
f 1446/1446/1446 1449/1449/1449 1452/1452/1452
f 1453/1453/1453 1449/1449/1449 1450/1450/1450
f 1453/1453/1453 1450/1450/1450 1454/1454/1454
f 1448/1448/1448 1455/1455/1455 1451/1451/1451
f 1448/1448/1448 1452/1452/1452 1455/1455/1455
f 1449/1449/1449 1456/1456/1456 1452/1452/1452
f 1449/1449/1449 1453/1453/1453 1456/1456/1456
f 1457/1457/1457 1453/1453/1453 1454/1454/1454
f 1457/1457/1457 1454/1454/1454 1458/1458/1458
f 1451/1451/1451 1459/1459/1459 1445/1445/1445
f 1455/1455/1455 1459/1459/1459 1451/1451/1451
f 1452/1452/1452 1456/1456/1456 1460/1460/1460
f 1452/1452/1452 1460/1460/1460 1455/1455/1455
f 1453/1453/1453 1461/1461/1461 1456/1456/1456
f 1453/1453/1453 1457/1457/1457 1461/1461/1461
f 1462/1462/1462 1457/1457/1457 1458/1458/1458
f 1462/1462/1462 1458/1458/1458 1463/1463/1463
f 1464/1464/1464 1459/1459/1459 1455/1455/1455
f 1445/1445/1445 1459/1459/1459 1464/1464/1464
f 1465/1465/1465 1464/1464/1464 1455/1455/1455
f 1465/1465/1465 1455/1455/1455 1460/1460/1460
f 1456/1456/1456 1466/1466/1466 1460/1460/1460
f 1456/1456/1456 1461/1461/1461 1466/1466/1466
f 1457/1457/1457 1467/1467/1467 1461/1461/1461
f 1457/1457/1457 1462/1462/1462 1467/1467/1467
f 1468/1468/1468 1445/1445/1445 1464/1464/1464
f 1468/1468/1468 1464/1464/1464 1465/1465/1465
f 1469/1469/1469 1460/1460/1460 1466/1466/1466
f 1469/1469/1469 1465/1465/1465 1460/1460/1460
f 1461/1461/1461 1470/1470/1470 1466/1466/1466
f 1461/1461/1461 1467/1467/1467 1470/1470/1470
f 1471/1471/1471 1469/1469/1469 1466/1466/1466
f 1471/1471/1471 1466/1466/1466 1470/1470/1470
f 1445/1445/1445 1468/1468/1468 1472/1472/1472
f 1473/1473/1473 1468/1468/1468 1465/1465/1465
f 1472/1472/1472 1468/1468/1468 1473/1473/1473
f 1465/1465/1465 1469/1469/1469 1474/1474/1474
f 1473/1473/1473 1465/1465/1465 1474/1474/1474
f 1445/1445/1445 1472/1472/1472 1475/1475/1475
f 1476/1476/1476 1445/1445/1445 1475/1475/1475
f 1476/1476/1476 1475/1475/1475 1477/1477/1477
f 1478/1478/1478 1472/1472/1472 1473/1473/1473
f 1475/1475/1475 1472/1472/1472 1478/1478/1478
f 1475/1475/1475 1479/1479/1479 1477/1477/1477
f 1479/1479/1479 1475/1475/1475 1478/1478/1478
f 1480/1480/1480 1477/1477/1477 1479/1479/1479
f 1481/1481/1481 1480/1480/1480 1479/1479/1479
f 1481/1481/1481 1479/1479/1479 1478/1478/1478
f 1482/1482/1482 1480/1480/1480 1481/1481/1481
f 1483/1483/1483 1478/1478/1478 1473/1473/1473
f 1483/1483/1483 1481/1481/1481 1478/1478/1478
f 1474/1474/1474 1483/1483/1483 1473/1473/1473
f 1484/1484/1484 1482/1482/1482 1481/1481/1481
f 1484/1484/1484 1481/1481/1481 1483/1483/1483
f 1485/1485/1485 1482/1482/1482 1484/1484/1484
f 1486/1486/1486 1483/1483/1483 1474/1474/1474
f 1486/1486/1486 1484/1484/1484 1483/1483/1483
f 1487/1487/1487 1485/1485/1485 1484/1484/1484
f 1487/1487/1487 1484/1484/1484 1486/1486/1486
f 1488/1488/1488 1485/1485/1485 1487/1487/1487
f 1489/1489/1489 1486/1486/1486 1474/1474/1474
f 1474/1474/1474 1469/1469/1469 1489/1489/1489
f 1469/1469/1469 1471/1471/1471 1489/1489/1489
f 1490/1490/1490 1487/1487/1487 1486/1486/1486
f 1490/1490/1490 1486/1486/1486 1489/1489/1489
f 1491/1491/1491 1488/1488/1488 1487/1487/1487
f 1491/1491/1491 1487/1487/1487 1490/1490/1490
f 1492/1492/1492 1488/1488/1488 1491/1491/1491
f 1489/1489/1489 1471/1471/1471 1493/1493/1493
f 1493/1493/1493 1490/1490/1490 1489/1489/1489
f 1494/1494/1494 1491/1491/1491 1490/1490/1490
f 1494/1494/1494 1490/1490/1490 1493/1493/1493
f 1495/1495/1495 1492/1492/1492 1491/1491/1491
f 1495/1495/1495 1491/1491/1491 1494/1494/1494
f 1471/1471/1471 1496/1496/1496 1493/1493/1493
f 1496/1496/1496 1471/1471/1471 1470/1470/1470
f 1497/1497/1497 1494/1494/1494 1493/1493/1493
f 1493/1493/1493 1496/1496/1496 1497/1497/1497
f 1496/1496/1496 1470/1470/1470 1498/1498/1498
f 1467/1467/1467 1498/1498/1498 1470/1470/1470
f 1495/1495/1495 1499/1499/1499 1492/1492/1492
f 1499/1499/1499 1500/1500/1500 1492/1492/1492
f 1501/1501/1501 1495/1495/1495 1494/1494/1494
f 1501/1501/1501 1494/1494/1494 1497/1497/1497
f 1496/1496/1496 1502/1502/1502 1497/1497/1497
f 1502/1502/1502 1496/1496/1496 1498/1498/1498
f 1467/1467/1467 1503/1503/1503 1498/1498/1498
f 1462/1462/1462 1503/1503/1503 1467/1467/1467
f 1499/1499/1499 1504/1504/1504 1500/1500/1500
f 1504/1504/1504 1505/1505/1505 1500/1500/1500
f 1506/1506/1506 1499/1499/1499 1495/1495/1495
f 1501/1501/1501 1506/1506/1506 1495/1495/1495
f 1507/1507/1507 1501/1501/1501 1497/1497/1497
f 1497/1497/1497 1502/1502/1502 1507/1507/1507
f 1502/1502/1502 1498/1498/1498 1508/1508/1508
f 1503/1503/1503 1508/1508/1508 1498/1498/1498
f 1504/1504/1504 1509/1509/1509 1505/1505/1505
f 1509/1509/1509 1510/1510/1510 1505/1505/1505
f 1511/1511/1511 1504/1504/1504 1499/1499/1499
f 1506/1506/1506 1511/1511/1511 1499/1499/1499
f 1512/1512/1512 1506/1506/1506 1501/1501/1501
f 1507/1507/1507 1512/1512/1512 1501/1501/1501
f 1502/1502/1502 1513/1513/1513 1507/1507/1507
f 1513/1513/1513 1502/1502/1502 1508/1508/1508
f 1507/1507/1507 1513/1513/1513 1514/1514/1514
f 1514/1514/1514 1513/1513/1513 1508/1508/1508
f 1512/1512/1512 1507/1507/1507 1514/1514/1514
f 1508/1508/1508 1503/1503/1503 1515/1515/1515
f 1515/1515/1515 1514/1514/1514 1508/1508/1508
f 1512/1512/1512 1516/1516/1516 1506/1506/1506
f 1516/1516/1516 1511/1511/1511 1506/1506/1506
f 1512/1512/1512 1514/1514/1514 1517/1517/1517
f 1517/1517/1517 1514/1514/1514 1515/1515/1515
f 1516/1516/1516 1512/1512/1512 1517/1517/1517
f 1511/1511/1511 1518/1518/1518 1504/1504/1504
f 1518/1518/1518 1509/1509/1509 1504/1504/1504
f 1503/1503/1503 1519/1519/1519 1515/1515/1515
f 1503/1503/1503 1462/1462/1462 1519/1519/1519
f 1520/1520/1520 1517/1517/1517 1515/1515/1515
f 1515/1515/1515 1519/1519/1519 1520/1520/1520
f 1516/1516/1516 1521/1521/1521 1511/1511/1511
f 1521/1521/1521 1518/1518/1518 1511/1511/1511
f 1516/1516/1516 1517/1517/1517 1522/1522/1522
f 1522/1522/1522 1517/1517/1517 1520/1520/1520
f 1521/1521/1521 1516/1516/1516 1522/1522/1522
f 1462/1462/1462 1523/1523/1523 1519/1519/1519
f 1523/1523/1523 1462/1462/1462 1463/1463/1463
f 1519/1519/1519 1524/1524/1524 1520/1520/1520
f 1519/1519/1519 1523/1523/1523 1524/1524/1524
f 1523/1523/1523 1463/1463/1463 1525/1525/1525
f 1523/1523/1523 1525/1525/1525 1524/1524/1524
f 1463/1463/1463 1526/1526/1526 1525/1525/1525
f 1527/1527/1527 1522/1522/1522 1520/1520/1520
f 1520/1520/1520 1524/1524/1524 1527/1527/1527
f 1521/1521/1521 1522/1522/1522 1528/1528/1528
f 1528/1528/1528 1522/1522/1522 1527/1527/1527
f 1521/1521/1521 1529/1529/1529 1518/1518/1518
f 1529/1529/1529 1521/1521/1521 1528/1528/1528
f 1524/1524/1524 1525/1525/1525 1530/1530/1530
f 1524/1524/1524 1530/1530/1530 1527/1527/1527
f 1525/1525/1525 1526/1526/1526 1531/1531/1531
f 1525/1525/1525 1531/1531/1531 1530/1530/1530
f 1526/1526/1526 1532/1532/1532 1531/1531/1531
f 1533/1533/1533 1528/1528/1528 1527/1527/1527
f 1527/1527/1527 1530/1530/1530 1533/1533/1533
f 1530/1530/1530 1531/1531/1531 1534/1534/1534
f 1530/1530/1530 1534/1534/1534 1533/1533/1533
f 1531/1531/1531 1532/1532/1532 1535/1535/1535
f 1531/1531/1531 1535/1535/1535 1534/1534/1534
f 1532/1532/1532 1536/1536/1536 1535/1535/1535
f 1537/1537/1537 1528/1528/1528 1533/1533/1533
f 1529/1529/1529 1528/1528/1528 1537/1537/1537
f 1529/1529/1529 1538/1538/1538 1518/1518/1518
f 1518/1518/1518 1538/1538/1538 1509/1509/1509
f 1533/1533/1533 1534/1534/1534 1539/1539/1539
f 1539/1539/1539 1537/1537/1537 1533/1533/1533
f 1534/1534/1534 1535/1535/1535 1540/1540/1540
f 1534/1534/1534 1540/1540/1540 1539/1539/1539
f 1535/1535/1535 1536/1536/1536 1541/1541/1541
f 1535/1535/1535 1541/1541/1541 1540/1540/1540
f 1536/1536/1536 1542/1542/1542 1541/1541/1541
f 1543/1543/1543 1529/1529/1529 1537/1537/1537
f 1529/1529/1529 1543/1543/1543 1538/1538/1538
f 1538/1538/1538 1544/1544/1544 1509/1509/1509
f 1509/1509/1509 1544/1544/1544 1510/1510/1510
f 1544/1544/1544 1545/1545/1545 1510/1510/1510
f 1546/1546/1546 1537/1537/1537 1539/1539/1539
f 1543/1543/1543 1537/1537/1537 1546/1546/1546
f 1539/1539/1539 1540/1540/1540 1547/1547/1547
f 1547/1547/1547 1546/1546/1546 1539/1539/1539
f 1540/1540/1540 1541/1541/1541 1548/1548/1548
f 1540/1540/1540 1548/1548/1548 1547/1547/1547
f 1541/1541/1541 1542/1542/1542 1549/1549/1549
f 1541/1541/1541 1549/1549/1549 1548/1548/1548
f 1542/1542/1542 1550/1550/1550 1549/1549/1549
f 1543/1543/1543 1551/1551/1551 1538/1538/1538
f 1538/1538/1538 1551/1551/1551 1544/1544/1544
f 1544/1544/1544 1552/1552/1552 1545/1545/1545
f 1551/1551/1551 1552/1552/1552 1544/1544/1544
f 1552/1552/1552 1553/1553/1553 1545/1545/1545
f 1554/1554/1554 1543/1543/1543 1546/1546/1546
f 1543/1543/1543 1554/1554/1554 1551/1551/1551
f 1555/1555/1555 1546/1546/1546 1547/1547/1547
f 1554/1554/1554 1546/1546/1546 1555/1555/1555
f 1547/1547/1547 1548/1548/1548 1556/1556/1556
f 1556/1556/1556 1555/1555/1555 1547/1547/1547
f 1548/1548/1548 1549/1549/1549 1557/1557/1557
f 1548/1548/1548 1557/1557/1557 1556/1556/1556
f 1552/1552/1552 1558/1558/1558 1553/1553/1553
f 1558/1558/1558 1559/1559/1559 1553/1553/1553
f 1551/1551/1551 1560/1560/1560 1552/1552/1552
f 1554/1554/1554 1560/1560/1560 1551/1551/1551
f 1560/1560/1560 1558/1558/1558 1552/1552/1552
f 1561/1561/1561 1554/1554/1554 1555/1555/1555
f 1554/1554/1554 1561/1561/1561 1560/1560/1560
f 1562/1562/1562 1555/1555/1555 1556/1556/1556
f 1561/1561/1561 1555/1555/1555 1562/1562/1562
f 1558/1558/1558 1563/1563/1563 1559/1559/1559
f 1563/1563/1563 1564/1564/1564 1559/1559/1559
f 1560/1560/1560 1565/1565/1565 1558/1558/1558
f 1561/1561/1561 1565/1565/1565 1560/1560/1560
f 1565/1565/1565 1563/1563/1563 1558/1558/1558
f 1563/1563/1563 1566/1566/1566 1564/1564/1564
f 1566/1566/1566 1567/1567/1567 1564/1564/1564
f 1568/1568/1568 1567/1567/1567 1566/1566/1566
f 1561/1561/1561 1569/1569/1569 1565/1565/1565
f 1569/1569/1569 1561/1561/1561 1562/1562/1562
f 1565/1565/1565 1570/1570/1570 1563/1563/1563
f 1570/1570/1570 1566/1566/1566 1563/1563/1563
f 1569/1569/1569 1570/1570/1570 1565/1565/1565
f 1571/1571/1571 1568/1568/1568 1566/1566/1566
f 1571/1571/1571 1566/1566/1566 1570/1570/1570
f 1568/1568/1568 1571/1571/1571 1572/1572/1572
f 1573/1573/1573 1571/1571/1571 1570/1570/1570
f 1573/1573/1573 1570/1570/1570 1569/1569/1569
f 1571/1571/1571 1574/1574/1574 1572/1572/1572
f 1571/1571/1571 1573/1573/1573 1574/1574/1574
f 1575/1575/1575 1572/1572/1572 1574/1574/1574
f 1573/1573/1573 1576/1576/1576 1574/1574/1574
f 1575/1575/1575 1574/1574/1574 1576/1576/1576
f 1577/1577/1577 1573/1573/1573 1569/1569/1569
f 1573/1573/1573 1577/1577/1577 1576/1576/1576
f 1578/1578/1578 1577/1577/1577 1569/1569/1569
f 1562/1562/1562 1578/1578/1578 1569/1569/1569
f 1577/1577/1577 1579/1579/1579 1576/1576/1576
f 1575/1575/1575 1576/1576/1576 1579/1579/1579
f 1577/1577/1577 1578/1578/1578 1579/1579/1579
f 1575/1575/1575 1579/1579/1579 1580/1580/1580
f 1578/1578/1578 1580/1580/1580 1579/1579/1579
f 1580/1580/1580 1578/1578/1578 1581/1581/1581
f 1581/1581/1581 1575/1575/1575 1580/1580/1580
f 1578/1578/1578 1562/1562/1562 1582/1582/1582
f 1578/1578/1578 1582/1582/1582 1581/1581/1581
f 1583/1583/1583 1575/1575/1575 1581/1581/1581
f 1583/1583/1583 1581/1581/1581 1582/1582/1582
f 1562/1562/1562 1584/1584/1584 1582/1582/1582
f 1584/1584/1584 1562/1562/1562 1556/1556/1556
f 1556/1556/1556 1557/1557/1557 1584/1584/1584
f 1583/1583/1583 1585/1585/1585 1575/1575/1575
f 1586/1586/1586 1575/1575/1575 1585/1585/1585
f 1587/1587/1587 1583/1583/1583 1582/1582/1582
f 1587/1587/1587 1582/1582/1582 1584/1584/1584
f 1583/1583/1583 1587/1587/1587 1585/1585/1585
f 1585/1585/1585 1588/1588/1588 1586/1586/1586
f 1587/1587/1587 1588/1588/1588 1585/1585/1585
f 1588/1588/1588 1589/1589/1589 1586/1586/1586
f 1590/1590/1590 1587/1587/1587 1584/1584/1584
f 1557/1557/1557 1590/1590/1590 1584/1584/1584
f 1587/1587/1587 1590/1590/1590 1588/1588/1588
f 1589/1589/1589 1588/1588/1588 1591/1591/1591
f 1590/1590/1590 1591/1591/1591 1588/1588/1588
f 1592/1592/1592 1589/1589/1589 1591/1591/1591
f 1593/1593/1593 1592/1592/1592 1591/1591/1591
f 1557/1557/1557 1594/1594/1594 1590/1590/1590
f 1594/1594/1594 1591/1591/1591 1590/1590/1590
f 1594/1594/1594 1593/1593/1593 1591/1591/1591
f 1549/1549/1549 1594/1594/1594 1557/1557/1557
f 1593/1593/1593 1594/1594/1594 1550/1550/1550
f 1594/1594/1594 1549/1549/1549 1550/1550/1550
f 1597/1597/1597 1596/1596/1596 1595/1595/1595
f 1597/1597/1597 1595/1595/1595 1598/1598/1598
f 1596/1596/1596 1599/1599/1599 1595/1595/1595
f 1600/1600/1600 1599/1599/1599 1596/1596/1596
f 1595/1595/1595 1601/1601/1601 1598/1598/1598
f 1598/1598/1598 1601/1601/1601 1602/1602/1602
f 1595/1595/1595 1599/1599/1599 1603/1603/1603
f 1601/1601/1601 1595/1595/1595 1603/1603/1603
f 1601/1601/1601 1604/1604/1604 1602/1602/1602
f 1602/1602/1602 1604/1604/1604 1605/1605/1605
f 1606/1606/1606 1599/1599/1599 1600/1600/1600
f 1599/1599/1599 1606/1606/1606 1603/1603/1603
f 1607/1607/1607 1601/1601/1601 1603/1603/1603
f 1604/1604/1604 1601/1601/1601 1607/1607/1607
f 1604/1604/1604 1608/1608/1608 1605/1605/1605
f 1605/1605/1605 1608/1608/1608 1609/1609/1609
f 1610/1610/1610 1603/1603/1603 1606/1606/1606
f 1607/1607/1607 1603/1603/1603 1610/1610/1610
f 1611/1611/1611 1604/1604/1604 1607/1607/1607
f 1608/1608/1608 1604/1604/1604 1611/1611/1611
f 1608/1608/1608 1612/1612/1612 1609/1609/1609
f 1609/1609/1609 1612/1612/1612 1613/1613/1613
f 1614/1614/1614 1606/1606/1606 1600/1600/1600
f 1614/1614/1614 1610/1610/1610 1606/1606/1606
f 1611/1611/1611 1607/1607/1607 1615/1615/1615
f 1615/1615/1615 1607/1607/1607 1610/1610/1610
f 1616/1616/1616 1608/1608/1608 1611/1611/1611
f 1612/1612/1612 1608/1608/1608 1616/1616/1616
f 1612/1612/1612 1617/1617/1617 1613/1613/1613
f 1613/1613/1613 1617/1617/1617 1618/1618/1618
f 1614/1614/1614 1619/1619/1619 1610/1610/1610
f 1614/1614/1614 1600/1600/1600 1619/1619/1619
f 1619/1619/1619 1620/1620/1620 1610/1610/1610
f 1610/1610/1610 1620/1620/1620 1615/1615/1615
f 1621/1621/1621 1611/1611/1611 1615/1615/1615
f 1616/1616/1616 1611/1611/1611 1621/1621/1621
f 1622/1622/1622 1612/1612/1612 1616/1616/1616
f 1617/1617/1617 1612/1612/1612 1622/1622/1622
f 1600/1600/1600 1623/1623/1623 1619/1619/1619
f 1619/1619/1619 1623/1623/1623 1620/1620/1620
f 1615/1615/1615 1624/1624/1624 1621/1621/1621
f 1620/1620/1620 1624/1624/1624 1615/1615/1615
f 1625/1625/1625 1616/1616/1616 1621/1621/1621
f 1622/1622/1622 1616/1616/1616 1625/1625/1625
f 1624/1624/1624 1626/1626/1626 1621/1621/1621
f 1621/1621/1621 1626/1626/1626 1625/1625/1625
f 1623/1623/1623 1600/1600/1600 1627/1627/1627
f 1623/1623/1623 1628/1628/1628 1620/1620/1620
f 1623/1623/1623 1627/1627/1627 1628/1628/1628
f 1624/1624/1624 1620/1620/1620 1629/1629/1629
f 1620/1620/1620 1628/1628/1628 1629/1629/1629
f 1627/1627/1627 1600/1600/1600 1630/1630/1630
f 1600/1600/1600 1631/1631/1631 1630/1630/1630
f 1630/1630/1630 1631/1631/1631 1632/1632/1632
f 1627/1627/1627 1633/1633/1633 1628/1628/1628
f 1627/1627/1627 1630/1630/1630 1633/1633/1633
f 1634/1634/1634 1630/1630/1630 1632/1632/1632
f 1630/1630/1630 1634/1634/1634 1633/1633/1633
f 1632/1632/1632 1635/1635/1635 1634/1634/1634
f 1635/1635/1635 1636/1636/1636 1634/1634/1634
f 1634/1634/1634 1636/1636/1636 1633/1633/1633
f 1635/1635/1635 1637/1637/1637 1636/1636/1636
f 1633/1633/1633 1638/1638/1638 1628/1628/1628
f 1636/1636/1636 1638/1638/1638 1633/1633/1633
f 1638/1638/1638 1629/1629/1629 1628/1628/1628
f 1637/1637/1637 1639/1639/1639 1636/1636/1636
f 1636/1636/1636 1639/1639/1639 1638/1638/1638
f 1637/1637/1637 1640/1640/1640 1639/1639/1639
f 1638/1638/1638 1641/1641/1641 1629/1629/1629
f 1639/1639/1639 1641/1641/1641 1638/1638/1638
f 1640/1640/1640 1642/1642/1642 1639/1639/1639
f 1639/1639/1639 1642/1642/1642 1641/1641/1641
f 1640/1640/1640 1643/1643/1643 1642/1642/1642
f 1641/1641/1641 1644/1644/1644 1629/1629/1629
f 1624/1624/1624 1629/1629/1629 1644/1644/1644
f 1626/1626/1626 1624/1624/1624 1644/1644/1644
f 1642/1642/1642 1645/1645/1645 1641/1641/1641
f 1641/1641/1641 1645/1645/1645 1644/1644/1644
f 1643/1643/1643 1646/1646/1646 1642/1642/1642
f 1642/1642/1642 1646/1646/1646 1645/1645/1645
f 1643/1643/1643 1647/1647/1647 1646/1646/1646
f 1626/1626/1626 1644/1644/1644 1648/1648/1648
f 1645/1645/1645 1648/1648/1648 1644/1644/1644
f 1646/1646/1646 1649/1649/1649 1645/1645/1645
f 1645/1645/1645 1649/1649/1649 1648/1648/1648
f 1647/1647/1647 1650/1650/1650 1646/1646/1646
f 1646/1646/1646 1650/1650/1650 1649/1649/1649
f 1651/1651/1651 1626/1626/1626 1648/1648/1648
f 1626/1626/1626 1651/1651/1651 1625/1625/1625
f 1649/1649/1649 1652/1652/1652 1648/1648/1648
f 1651/1651/1651 1648/1648/1648 1652/1652/1652
f 1625/1625/1625 1651/1651/1651 1653/1653/1653
f 1653/1653/1653 1622/1622/1622 1625/1625/1625
f 1654/1654/1654 1650/1650/1650 1647/1647/1647
f 1655/1655/1655 1654/1654/1654 1647/1647/1647
f 1650/1650/1650 1656/1656/1656 1649/1649/1649
f 1649/1649/1649 1656/1656/1656 1652/1652/1652
f 1657/1657/1657 1651/1651/1651 1652/1652/1652
f 1651/1651/1651 1657/1657/1657 1653/1653/1653
f 1658/1658/1658 1622/1622/1622 1653/1653/1653
f 1658/1658/1658 1617/1617/1617 1622/1622/1622
f 1654/1654/1654 1659/1659/1659 1650/1650/1650
f 1659/1659/1659 1656/1656/1656 1650/1650/1650
f 1660/1660/1660 1654/1654/1654 1655/1655/1655
f 1661/1661/1661 1660/1660/1660 1655/1655/1655
f 1656/1656/1656 1662/1662/1662 1652/1652/1652
f 1657/1657/1657 1652/1652/1652 1662/1662/1662
f 1653/1653/1653 1657/1657/1657 1663/1663/1663
f 1663/1663/1663 1658/1658/1658 1653/1653/1653
f 1659/1659/1659 1664/1664/1664 1656/1656/1656
f 1664/1664/1664 1662/1662/1662 1656/1656/1656
f 1665/1665/1665 1659/1659/1659 1654/1654/1654
f 1660/1660/1660 1665/1665/1665 1654/1654/1654
f 1666/1666/1666 1660/1660/1660 1661/1661/1661
f 1667/1667/1667 1666/1666/1666 1661/1661/1661
f 1668/1668/1668 1657/1657/1657 1662/1662/1662
f 1657/1657/1657 1668/1668/1668 1663/1663/1663
f 1668/1668/1668 1662/1662/1662 1669/1669/1669
f 1668/1668/1668 1669/1669/1669 1663/1663/1663
f 1662/1662/1662 1664/1664/1664 1669/1669/1669
f 1658/1658/1658 1663/1663/1663 1670/1670/1670
f 1669/1669/1669 1670/1670/1670 1663/1663/1663
f 1671/1671/1671 1664/1664/1664 1659/1659/1659
f 1665/1665/1665 1671/1671/1671 1659/1659/1659
f 1669/1669/1669 1664/1664/1664 1672/1672/1672
f 1669/1669/1669 1672/1672/1672 1670/1670/1670
f 1664/1664/1664 1671/1671/1671 1672/1672/1672
f 1673/1673/1673 1665/1665/1665 1660/1660/1660
f 1666/1666/1666 1673/1673/1673 1660/1660/1660
f 1674/1674/1674 1666/1666/1666 1667/1667/1667
f 1675/1675/1675 1674/1674/1674 1667/1667/1667
f 1676/1676/1676 1658/1658/1658 1670/1670/1670
f 1617/1617/1617 1658/1658/1658 1676/1676/1676
f 1672/1672/1672 1677/1677/1677 1670/1670/1670
f 1676/1676/1676 1670/1670/1670 1677/1677/1677
f 1678/1678/1678 1671/1671/1671 1665/1665/1665
f 1673/1673/1673 1678/1678/1678 1665/1665/1665
f 1672/1672/1672 1671/1671/1671 1679/1679/1679
f 1672/1672/1672 1679/1679/1679 1677/1677/1677
f 1671/1671/1671 1678/1678/1678 1679/1679/1679
f 1680/1680/1680 1673/1673/1673 1666/1666/1666
f 1674/1674/1674 1680/1680/1680 1666/1666/1666
f 1681/1681/1681 1674/1674/1674 1675/1675/1675
f 1682/1682/1682 1681/1681/1681 1675/1675/1675
f 1683/1683/1683 1617/1617/1617 1676/1676/1676
f 1617/1617/1617 1683/1683/1683 1618/1618/1618
f 1684/1684/1684 1676/1676/1676 1677/1677/1677
f 1683/1683/1683 1676/1676/1676 1684/1684/1684
f 1618/1618/1618 1683/1683/1683 1685/1685/1685
f 1685/1685/1685 1683/1683/1683 1684/1684/1684
f 1686/1686/1686 1618/1618/1618 1685/1685/1685
f 1684/1684/1684 1677/1677/1677 1687/1687/1687
f 1679/1679/1679 1687/1687/1687 1677/1677/1677
f 1685/1685/1685 1684/1684/1684 1688/1688/1688
f 1688/1688/1688 1684/1684/1684 1687/1687/1687
f 1686/1686/1686 1685/1685/1685 1689/1689/1689
f 1689/1689/1689 1685/1685/1685 1688/1688/1688
f 1690/1690/1690 1686/1686/1686 1689/1689/1689
f 1679/1679/1679 1691/1691/1691 1687/1687/1687
f 1679/1679/1679 1678/1678/1678 1691/1691/1691
f 1688/1688/1688 1687/1687/1687 1692/1692/1692
f 1691/1691/1691 1692/1692/1692 1687/1687/1687
f 1689/1689/1689 1688/1688/1688 1693/1693/1693
f 1693/1693/1693 1688/1688/1688 1692/1692/1692
f 1690/1690/1690 1689/1689/1689 1694/1694/1694
f 1694/1694/1694 1689/1689/1689 1693/1693/1693
f 1695/1695/1695 1690/1690/1690 1694/1694/1694
f 1678/1678/1678 1696/1696/1696 1691/1691/1691
f 1696/1696/1696 1678/1678/1678 1673/1673/1673
f 1680/1680/1680 1696/1696/1696 1673/1673/1673
f 1691/1691/1691 1697/1697/1697 1692/1692/1692
f 1691/1691/1691 1696/1696/1696 1697/1697/1697
f 1693/1693/1693 1692/1692/1692 1698/1698/1698
f 1697/1697/1697 1698/1698/1698 1692/1692/1692
f 1694/1694/1694 1693/1693/1693 1699/1699/1699
f 1699/1699/1699 1693/1693/1693 1698/1698/1698
f 1695/1695/1695 1694/1694/1694 1700/1700/1700
f 1700/1700/1700 1694/1694/1694 1699/1699/1699
f 1701/1701/1701 1695/1695/1695 1700/1700/1700
f 1702/1702/1702 1696/1696/1696 1680/1680/1680
f 1696/1696/1696 1702/1702/1702 1697/1697/1697
f 1697/1697/1697 1703/1703/1703 1698/1698/1698
f 1697/1697/1697 1702/1702/1702 1703/1703/1703
f 1699/1699/1699 1698/1698/1698 1704/1704/1704
f 1703/1703/1703 1704/1704/1704 1698/1698/1698
f 1700/1700/1700 1699/1699/1699 1705/1705/1705
f 1705/1705/1705 1699/1699/1699 1704/1704/1704
f 1701/1701/1701 1700/1700/1700 1706/1706/1706
f 1706/1706/1706 1700/1700/1700 1705/1705/1705
f 1707/1707/1707 1701/1701/1701 1706/1706/1706
f 1708/1708/1708 1702/1702/1702 1680/1680/1680
f 1708/1708/1708 1680/1680/1680 1674/1674/1674
f 1681/1681/1681 1708/1708/1708 1674/1674/1674
f 1702/1702/1702 1709/1709/1709 1703/1703/1703
f 1709/1709/1709 1702/1702/1702 1708/1708/1708
f 1703/1703/1703 1710/1710/1710 1704/1704/1704
f 1703/1703/1703 1709/1709/1709 1710/1710/1710
f 1705/1705/1705 1704/1704/1704 1711/1711/1711
f 1710/1710/1710 1711/1711/1711 1704/1704/1704
f 1706/1706/1706 1705/1705/1705 1712/1712/1712
f 1712/1712/1712 1705/1705/1705 1711/1711/1711
f 1706/1706/1706 1713/1713/1713 1707/1707/1707
f 1713/1713/1713 1706/1706/1706 1712/1712/1712
f 1713/1713/1713 1714/1714/1714 1707/1707/1707
f 1715/1715/1715 1708/1708/1708 1681/1681/1681
f 1715/1715/1715 1709/1709/1709 1708/1708/1708
f 1709/1709/1709 1716/1716/1716 1710/1710/1710
f 1716/1716/1716 1709/1709/1709 1715/1715/1715
f 1710/1710/1710 1717/1717/1717 1711/1711/1711
f 1710/1710/1710 1716/1716/1716 1717/1717/1717
f 1712/1712/1712 1711/1711/1711 1718/1718/1718
f 1717/1717/1717 1718/1718/1718 1711/1711/1711
f 1714/1714/1714 1713/1713/1713 1719/1719/1719
f 1720/1720/1720 1714/1714/1714 1719/1719/1719
f 1721/1721/1721 1720/1720/1720 1719/1719/1719
f 1713/1713/1713 1712/1712/1712 1722/1722/1722
f 1719/1719/1719 1713/1713/1713 1722/1722/1722
f 1722/1722/1722 1712/1712/1712 1718/1718/1718
f 1723/1723/1723 1721/1721/1721 1719/1719/1719
f 1719/1719/1719 1722/1722/1722 1723/1723/1723
f 1721/1721/1721 1723/1723/1723 1724/1724/1724
f 1725/1725/1725 1722/1722/1722 1718/1718/1718
f 1722/1722/1722 1725/1725/1725 1723/1723/1723
f 1723/1723/1723 1726/1726/1726 1724/1724/1724
f 1723/1723/1723 1725/1725/1725 1726/1726/1726
f 1727/1727/1727 1724/1724/1724 1726/1726/1726
f 1728/1728/1728 1725/1725/1725 1718/1718/1718
f 1718/1718/1718 1717/1717/1717 1728/1728/1728
f 1725/1725/1725 1729/1729/1729 1726/1726/1726
f 1726/1726/1726 1729/1729/1729 1727/1727/1727
f 1729/1729/1729 1725/1725/1725 1728/1728/1728
f 1730/1730/1730 1729/1729/1729 1728/1728/1728
f 1727/1727/1727 1729/1729/1729 1730/1730/1730
f 1717/1717/1717 1731/1731/1731 1728/1728/1728
f 1728/1728/1728 1731/1731/1731 1730/1730/1730
f 1727/1727/1727 1730/1730/1730 1732/1732/1732
f 1731/1731/1731 1732/1732/1732 1730/1730/1730
f 1731/1731/1731 1717/1717/1717 1733/1733/1733
f 1716/1716/1716 1733/1733/1733 1717/1717/1717
f 1732/1732/1732 1731/1731/1731 1734/1734/1734
f 1734/1734/1734 1727/1727/1727 1732/1732/1732
f 1731/1731/1731 1735/1735/1735 1734/1734/1734
f 1735/1735/1735 1731/1731/1731 1733/1733/1733
f 1736/1736/1736 1727/1727/1727 1734/1734/1734
f 1734/1734/1734 1735/1735/1735 1736/1736/1736
f 1737/1737/1737 1727/1727/1727 1736/1736/1736
f 1738/1738/1738 1727/1727/1727 1737/1737/1737
f 1735/1735/1735 1739/1739/1739 1736/1736/1736
f 1736/1736/1736 1739/1739/1739 1737/1737/1737
f 1739/1739/1739 1735/1735/1735 1733/1733/1733
f 1737/1737/1737 1740/1740/1740 1738/1738/1738
f 1739/1739/1739 1740/1740/1740 1737/1737/1737
f 1740/1740/1740 1741/1741/1741 1738/1738/1738
f 1733/1733/1733 1716/1716/1716 1742/1742/1742
f 1742/1742/1742 1716/1716/1716 1715/1715/1715
f 1743/1743/1743 1739/1739/1739 1733/1733/1733
f 1740/1740/1740 1739/1739/1739 1743/1743/1743
f 1743/1743/1743 1733/1733/1733 1742/1742/1742
f 1741/1741/1741 1740/1740/1740 1744/1744/1744
f 1744/1744/1744 1740/1740/1740 1743/1743/1743
f 1745/1745/1745 1741/1741/1741 1744/1744/1744
f 1745/1745/1745 1744/1744/1744 1746/1746/1746
f 1744/1744/1744 1743/1743/1743 1747/1747/1747
f 1744/1744/1744 1747/1747/1747 1746/1746/1746
f 1743/1743/1743 1742/1742/1742 1747/1747/1747
f 1746/1746/1746 1747/1747/1747 1748/1748/1748
f 1742/1742/1742 1715/1715/1715 1749/1749/1749
f 1747/1747/1747 1742/1742/1742 1749/1749/1749
f 1747/1747/1747 1749/1749/1749 1748/1748/1748
f 1749/1749/1749 1715/1715/1715 1681/1681/1681
f 1748/1748/1748 1749/1749/1749 1682/1682/1682
f 1749/1749/1749 1681/1681/1681 1682/1682/1682
f 1752/1752/1752 1751/1751/1751 1750/1750/1750
f 1750/1750/1750 1751/1751/1751 1753/1753/1753
f 1754/1754/1754 1750/1750/1750 1753/1753/1753
f 1754/1754/1754 1753/1753/1753 1755/1755/1755
f 1756/1756/1756 1752/1752/1752 1750/1750/1750
f 1754/1754/1754 1757/1757/1757 1750/1750/1750
f 1750/1750/1750 1757/1757/1757 1756/1756/1756
f 1756/1756/1756 1758/1758/1758 1752/1752/1752
f 1756/1756/1756 1757/1757/1757 1758/1758/1758
f 1759/1759/1759 1757/1757/1757 1754/1754/1754
f 1759/1759/1759 1754/1754/1754 1755/1755/1755
f 1760/1760/1760 1757/1757/1757 1759/1759/1759
f 1759/1759/1759 1755/1755/1755 1760/1760/1760
f 1758/1758/1758 1761/1761/1761 1752/1752/1752
f 1755/1755/1755 1762/1762/1762 1760/1760/1760
f 1763/1763/1763 1761/1761/1761 1758/1758/1758
f 1760/1760/1760 1762/1762/1762 1764/1764/1764
f 1765/1765/1765 1763/1763/1763 1758/1758/1758
f 1758/1758/1758 1757/1757/1757 1765/1765/1765
f 1766/1766/1766 1763/1763/1763 1765/1765/1765
f 1767/1767/1767 1766/1766/1766 1765/1765/1765
f 1765/1765/1765 1757/1757/1757 1767/1767/1767
f 1768/1768/1768 1766/1766/1766 1767/1767/1767
f 1769/1769/1769 1768/1768/1768 1767/1767/1767
f 1767/1767/1767 1757/1757/1757 1769/1769/1769
f 1770/1770/1770 1768/1768/1768 1769/1769/1769
f 1771/1771/1771 1760/1760/1760 1764/1764/1764
f 1757/1757/1757 1760/1760/1760 1771/1771/1771
f 1772/1772/1772 1771/1771/1771 1764/1764/1764
f 1757/1757/1757 1771/1771/1771 1772/1772/1772
f 1773/1773/1773 1772/1772/1772 1764/1764/1764
f 1769/1769/1769 1757/1757/1757 1774/1774/1774
f 1774/1774/1774 1770/1770/1770 1769/1769/1769
f 1757/1757/1757 1772/1772/1772 1775/1775/1775
f 1775/1775/1775 1772/1772/1772 1773/1773/1773
f 1774/1774/1774 1757/1757/1757 1776/1776/1776
f 1774/1774/1774 1776/1776/1776 1770/1770/1770
f 1777/1777/1777 1775/1775/1775 1773/1773/1773
f 1776/1776/1776 1778/1778/1778 1770/1770/1770
f 1775/1775/1775 1777/1777/1777 1779/1779/1779
f 1778/1778/1778 1776/1776/1776 1780/1780/1780
f 1781/1781/1781 1775/1775/1775 1779/1779/1779
f 1757/1757/1757 1775/1775/1775 1781/1781/1781
f 1782/1782/1782 1781/1781/1781 1779/1779/1779
f 1757/1757/1757 1781/1781/1781 1782/1782/1782
f 1783/1783/1783 1782/1782/1782 1779/1779/1779
f 1782/1782/1782 1783/1783/1783 1784/1784/1784
f 1785/1785/1785 1782/1782/1782 1784/1784/1784
f 1757/1757/1757 1782/1782/1782 1785/1785/1785
f 1785/1785/1785 1784/1784/1784 1786/1786/1786
f 1787/1787/1787 1785/1785/1785 1786/1786/1786
f 1757/1757/1757 1785/1785/1785 1787/1787/1787
f 1786/1786/1786 1788/1788/1788 1787/1787/1787
f 1788/1788/1788 1789/1789/1789 1787/1787/1787
f 1788/1788/1788 1780/1780/1780 1789/1789/1789
f 1757/1757/1757 1787/1787/1787 1789/1789/1789
f 1776/1776/1776 1790/1790/1790 1780/1780/1780
f 1780/1780/1780 1790/1790/1790 1789/1789/1789
f 1757/1757/1757 1790/1790/1790 1776/1776/1776
f 1757/1757/1757 1789/1789/1789 1790/1790/1790
f 1793/1793/1793 1792/1792/1792 1791/1791/1791
f 1794/1794/1794 1792/1792/1792 1793/1793/1793
f 1795/1795/1795 1794/1794/1794 1793/1793/1793
f 1796/1796/1796 1794/1794/1794 1795/1795/1795
f 1797/1797/1797 1796/1796/1796 1795/1795/1795
f 1798/1798/1798 1796/1796/1796 1797/1797/1797
f 1793/1793/1793 1799/1799/1799 1795/1795/1795
f 1795/1795/1795 1799/1799/1799 1797/1797/1797
f 1800/1800/1800 1799/1799/1799 1793/1793/1793
f 1800/1800/1800 1793/1793/1793 1791/1791/1791
f 1797/1797/1797 1799/1799/1799 1801/1801/1801
f 1801/1801/1801 1798/1798/1798 1797/1797/1797
f 1802/1802/1802 1799/1799/1799 1800/1800/1800
f 1800/1800/1800 1791/1791/1791 1802/1802/1802
f 1791/1791/1791 1803/1803/1803 1802/1802/1802
f 1801/1801/1801 1804/1804/1804 1798/1798/1798
f 1801/1801/1801 1799/1799/1799 1804/1804/1804
f 1804/1804/1804 1805/1805/1805 1798/1798/1798
f 1805/1805/1805 1804/1804/1804 1806/1806/1806
f 1802/1802/1802 1803/1803/1803 1807/1807/1807
f 1807/1807/1807 1799/1799/1799 1802/1802/1802
f 1803/1803/1803 1808/1808/1808 1807/1807/1807
f 1807/1807/1807 1808/1808/1808 1809/1809/1809
f 1809/1809/1809 1799/1799/1799 1807/1807/1807
f 1808/1808/1808 1810/1810/1810 1809/1809/1809
f 1809/1809/1809 1810/1810/1810 1811/1811/1811
f 1811/1811/1811 1799/1799/1799 1809/1809/1809
f 1810/1810/1810 1812/1812/1812 1811/1811/1811
f 1811/1811/1811 1812/1812/1812 1813/1813/1813
f 1813/1813/1813 1799/1799/1799 1811/1811/1811
f 1812/1812/1812 1814/1814/1814 1813/1813/1813
f 1814/1814/1814 1815/1815/1815 1813/1813/1813
f 1799/1799/1799 1816/1816/1816 1804/1804/1804
f 1804/1804/1804 1816/1816/1816 1806/1806/1806
f 1799/1799/1799 1813/1813/1813 1817/1817/1817
f 1815/1815/1815 1817/1817/1817 1813/1813/1813
f 1799/1799/1799 1818/1818/1818 1816/1816/1816
f 1816/1816/1816 1818/1818/1818 1806/1806/1806
f 1815/1815/1815 1819/1819/1819 1817/1817/1817
f 1818/1818/1818 1820/1820/1820 1806/1806/1806
f 1819/1819/1819 1821/1821/1821 1817/1817/1817
f 1799/1799/1799 1817/1817/1817 1821/1821/1821
f 1821/1821/1821 1819/1819/1819 1822/1822/1822
f 1818/1818/1818 1823/1823/1823 1820/1820/1820
f 1799/1799/1799 1823/1823/1823 1818/1818/1818
f 1823/1823/1823 1824/1824/1824 1820/1820/1820
f 1825/1825/1825 1821/1821/1821 1822/1822/1822
f 1799/1799/1799 1821/1821/1821 1825/1825/1825
f 1825/1825/1825 1822/1822/1822 1826/1826/1826
f 1824/1824/1824 1823/1823/1823 1827/1827/1827
f 1799/1799/1799 1827/1827/1827 1823/1823/1823
f 1828/1828/1828 1824/1824/1824 1827/1827/1827
f 1828/1828/1828 1827/1827/1827 1829/1829/1829
f 1830/1830/1830 1825/1825/1825 1826/1826/1826
f 1799/1799/1799 1825/1825/1825 1830/1830/1830
f 1830/1830/1830 1826/1826/1826 1829/1829/1829
f 1827/1827/1827 1831/1831/1831 1829/1829/1829
f 1799/1799/1799 1831/1831/1831 1827/1827/1827
f 1831/1831/1831 1830/1830/1830 1829/1829/1829
f 1799/1799/1799 1830/1830/1830 1831/1831/1831
f 1834/1834/1834 1833/1833/1833 1832/1832/1832
f 1832/1832/1832 1833/1833/1833 1835/1835/1835
f 1836/1836/1836 1834/1834/1834 1832/1832/1832
f 1837/1837/1837 1834/1834/1834 1836/1836/1836
f 1838/1838/1838 1832/1832/1832 1835/1835/1835
f 1838/1838/1838 1835/1835/1835 1839/1839/1839
f 1832/1832/1832 1840/1840/1840 1836/1836/1836
f 1832/1832/1832 1838/1838/1838 1840/1840/1840
f 1840/1840/1840 1841/1841/1841 1836/1836/1836
f 1838/1838/1838 1842/1842/1842 1840/1840/1840
f 1843/1843/1843 1838/1838/1838 1839/1839/1839
f 1838/1838/1838 1843/1843/1843 1842/1842/1842
f 1843/1843/1843 1844/1844/1844 1842/1842/1842
f 1843/1843/1843 1839/1839/1839 1845/1845/1845
f 1836/1836/1836 1841/1841/1841 1846/1846/1846
f 1846/1846/1846 1837/1837/1837 1836/1836/1836
f 1841/1841/1841 1847/1847/1847 1846/1846/1846
f 1846/1846/1846 1847/1847/1847 1848/1848/1848
f 1843/1843/1843 1849/1849/1849 1844/1844/1844
f 1849/1849/1849 1843/1843/1843 1845/1845/1845
f 1849/1849/1849 1850/1850/1850 1844/1844/1844
f 1846/1846/1846 1851/1851/1851 1837/1837/1837
f 1851/1851/1851 1846/1846/1846 1848/1848/1848
f 1851/1851/1851 1852/1852/1852 1837/1837/1837
f 1851/1851/1851 1848/1848/1848 1853/1853/1853
f 1849/1849/1849 1845/1845/1845 1854/1854/1854
f 1845/1845/1845 1855/1855/1855 1854/1854/1854
f 1849/1849/1849 1856/1856/1856 1850/1850/1850
f 1854/1854/1854 1856/1856/1856 1849/1849/1849
f 1856/1856/1856 1857/1857/1857 1850/1850/1850
f 1858/1858/1858 1857/1857/1857 1856/1856/1856
f 1851/1851/1851 1859/1859/1859 1852/1852/1852
f 1859/1859/1859 1860/1860/1860 1852/1852/1852
f 1861/1861/1861 1851/1851/1851 1853/1853/1853
f 1851/1851/1851 1861/1861/1861 1859/1859/1859
f 1861/1861/1861 1853/1853/1853 1862/1862/1862
f 1854/1854/1854 1855/1855/1855 1863/1863/1863
f 1855/1855/1855 1864/1864/1864 1863/1863/1863
f 1864/1864/1864 1865/1865/1865 1863/1863/1863
f 1866/1866/1866 1856/1856/1856 1854/1854/1854
f 1866/1866/1866 1858/1858/1858 1856/1856/1856
f 1863/1863/1863 1866/1866/1866 1854/1854/1854
f 1865/1865/1865 1867/1867/1867 1863/1863/1863
f 1866/1866/1866 1863/1863/1863 1867/1867/1867
f 1865/1865/1865 1868/1868/1868 1867/1867/1867
f 1858/1858/1858 1866/1866/1866 1869/1869/1869
f 1869/1869/1869 1866/1866/1866 1867/1867/1867
f 1870/1870/1870 1858/1858/1858 1869/1869/1869
f 1870/1870/1870 1869/1869/1869 1871/1871/1871
f 1869/1869/1869 1867/1867/1867 1872/1872/1872
f 1869/1869/1869 1872/1872/1872 1871/1871/1871
f 1868/1868/1868 1872/1872/1872 1867/1867/1867
f 1871/1871/1871 1872/1872/1872 1873/1873/1873
f 1874/1874/1874 1872/1872/1872 1868/1868/1868
f 1872/1872/1872 1874/1874/1874 1873/1873/1873
f 1875/1875/1875 1874/1874/1874 1868/1868/1868
f 1873/1873/1873 1874/1874/1874 1876/1876/1876
f 1877/1877/1877 1874/1874/1874 1875/1875/1875
f 1874/1874/1874 1877/1877/1877 1876/1876/1876
f 1878/1878/1878 1877/1877/1877 1875/1875/1875
f 1876/1876/1876 1877/1877/1877 1879/1879/1879
f 1880/1880/1880 1877/1877/1877 1878/1878/1878
f 1877/1877/1877 1880/1880/1880 1879/1879/1879
f 1881/1881/1881 1880/1880/1880 1878/1878/1878
f 1880/1880/1880 1881/1881/1881 1882/1882/1882
f 1880/1880/1880 1883/1883/1883 1879/1879/1879
f 1883/1883/1883 1880/1880/1880 1882/1882/1882
f 1883/1883/1883 1884/1884/1884 1879/1879/1879
f 1882/1882/1882 1885/1885/1885 1883/1883/1883
f 1883/1883/1883 1886/1886/1886 1884/1884/1884
f 1885/1885/1885 1886/1886/1886 1883/1883/1883
f 1886/1886/1886 1887/1887/1887 1884/1884/1884
f 1887/1887/1887 1886/1886/1886 1888/1888/1888
f 1889/1889/1889 1886/1886/1886 1885/1885/1885
f 1886/1886/1886 1889/1889/1889 1888/1888/1888
f 1890/1890/1890 1889/1889/1889 1885/1885/1885
f 1888/1888/1888 1889/1889/1889 1891/1891/1891
f 1892/1892/1892 1889/1889/1889 1890/1890/1890
f 1893/1893/1893 1892/1892/1892 1890/1890/1890
f 1889/1889/1889 1894/1894/1894 1891/1891/1891
f 1894/1894/1894 1889/1889/1889 1892/1892/1892
f 1891/1891/1891 1894/1894/1894 1862/1862/1862
f 1894/1894/1894 1895/1895/1895 1862/1862/1862
f 1894/1894/1894 1892/1892/1892 1895/1895/1895
f 1895/1895/1895 1861/1861/1861 1862/1862/1862
f 1859/1859/1859 1861/1861/1861 1895/1895/1895
f 1896/1896/1896 1892/1892/1892 1893/1893/1893
f 1892/1892/1892 1896/1896/1896 1895/1895/1895
f 1896/1896/1896 1859/1859/1859 1895/1895/1895
f 1897/1897/1897 1896/1896/1896 1893/1893/1893
f 1859/1859/1859 1896/1896/1896 1860/1860/1860
f 1896/1896/1896 1897/1897/1897 1860/1860/1860
f 1900/1900/1900 1899/1899/1899 1898/1898/1898
f 1898/1898/1898 1899/1899/1899 1901/1901/1901
f 1902/1902/1902 1899/1899/1899 1900/1900/1900
f 1901/1901/1901 1899/1899/1899 1903/1903/1903
f 1904/1904/1904 1899/1899/1899 1902/1902/1902
f 1903/1903/1903 1899/1899/1899 1905/1905/1905
f 1906/1906/1906 1899/1899/1899 1904/1904/1904
f 1905/1905/1905 1899/1899/1899 1907/1907/1907
f 1908/1908/1908 1899/1899/1899 1906/1906/1906
f 1907/1907/1907 1899/1899/1899 1908/1908/1908
f 1911/1911/1911 1910/1910/1910 1909/1909/1909
f 1912/1912/1912 1910/1910/1910 1911/1911/1911
f 1913/1913/1913 1912/1912/1912 1911/1911/1911
f 1914/1914/1914 1912/1912/1912 1913/1913/1913
f 1915/1915/1915 1911/1911/1911 1909/1909/1909
f 1913/1913/1913 1911/1911/1911 1915/1915/1915
f 1916/1916/1916 1914/1914/1914 1913/1913/1913
f 1914/1914/1914 1916/1916/1916 1917/1917/1917
f 1909/1909/1909 1918/1918/1918 1915/1915/1915
f 1919/1919/1919 1918/1918/1918 1909/1909/1909
f 1918/1918/1918 1919/1919/1919 1920/1920/1920
f 1921/1921/1921 1913/1913/1913 1915/1915/1915
f 1916/1916/1916 1913/1913/1913 1921/1921/1921
f 1915/1915/1915 1918/1918/1918 1922/1922/1922
f 1922/1922/1922 1918/1918/1918 1920/1920/1920
f 1921/1921/1921 1915/1915/1915 1922/1922/1922
f 1922/1922/1922 1920/1920/1920 1923/1923/1923
f 1921/1921/1921 1922/1922/1922 1923/1923/1923
f 1920/1920/1920 1924/1924/1924 1923/1923/1923
f 1925/1925/1925 1921/1921/1921 1923/1923/1923
f 1925/1925/1925 1916/1916/1916 1921/1921/1921
f 1923/1923/1923 1924/1924/1924 1926/1926/1926
f 1923/1923/1923 1926/1926/1926 1925/1925/1925
f 1924/1924/1924 1927/1927/1927 1926/1926/1926
f 1916/1916/1916 1928/1928/1928 1917/1917/1917
f 1917/1917/1917 1928/1928/1928 1929/1929/1929
f 1925/1925/1925 1930/1930/1930 1916/1916/1916
f 1926/1926/1926 1930/1930/1930 1925/1925/1925
f 1930/1930/1930 1928/1928/1928 1916/1916/1916
f 1926/1926/1926 1927/1927/1927 1931/1931/1931
f 1926/1926/1926 1931/1931/1931 1930/1930/1930
f 1927/1927/1927 1932/1932/1932 1931/1931/1931
f 1928/1928/1928 1933/1933/1933 1929/1929/1929
f 1929/1929/1929 1933/1933/1933 1934/1934/1934
f 1930/1930/1930 1935/1935/1935 1928/1928/1928
f 1931/1931/1931 1935/1935/1935 1930/1930/1930
f 1935/1935/1935 1933/1933/1933 1928/1928/1928
f 1931/1931/1931 1932/1932/1932 1936/1936/1936
f 1931/1931/1931 1936/1936/1936 1935/1935/1935
f 1932/1932/1932 1937/1937/1937 1936/1936/1936
f 1936/1936/1936 1937/1937/1937 1938/1938/1938
f 1933/1933/1933 1939/1939/1939 1934/1934/1934
f 1939/1939/1939 1933/1933/1933 1935/1935/1935
f 1934/1934/1934 1939/1939/1939 1940/1940/1940
f 1941/1941/1941 1936/1936/1936 1938/1938/1938
f 1941/1941/1941 1938/1938/1938 1942/1942/1942
f 1936/1936/1936 1943/1943/1943 1935/1935/1935
f 1943/1943/1943 1939/1939/1939 1935/1935/1935
f 1943/1943/1943 1936/1936/1936 1941/1941/1941
f 1939/1939/1939 1944/1944/1944 1940/1940/1940
f 1939/1939/1939 1943/1943/1943 1944/1944/1944
f 1945/1945/1945 1940/1940/1940 1944/1944/1944
f 1946/1946/1946 1941/1941/1941 1942/1942/1942
f 1942/1942/1942 1947/1947/1947 1946/1946/1946
f 1948/1948/1948 1943/1943/1943 1941/1941/1941
f 1943/1943/1943 1948/1948/1948 1944/1944/1944
f 1948/1948/1948 1941/1941/1941 1946/1946/1946
f 1949/1949/1949 1945/1945/1945 1944/1944/1944
f 1949/1949/1949 1944/1944/1944 1948/1948/1948
f 1945/1945/1945 1949/1949/1949 1950/1950/1950
f 1947/1947/1947 1951/1951/1951 1946/1946/1946
f 1947/1947/1947 1952/1952/1952 1951/1951/1951
f 1953/1953/1953 1948/1948/1948 1946/1946/1946
f 1953/1953/1953 1949/1949/1949 1948/1948/1948
f 1946/1946/1946 1951/1951/1951 1953/1953/1953
f 1949/1949/1949 1954/1954/1954 1950/1950/1950
f 1949/1949/1949 1953/1953/1953 1954/1954/1954
f 1955/1955/1955 1950/1950/1950 1954/1954/1954
f 1952/1952/1952 1956/1956/1956 1951/1951/1951
f 1956/1956/1956 1952/1952/1952 1957/1957/1957
f 1951/1951/1951 1958/1958/1958 1953/1953/1953
f 1953/1953/1953 1958/1958/1958 1954/1954/1954
f 1951/1951/1951 1956/1956/1956 1958/1958/1958
f 1959/1959/1959 1955/1955/1955 1954/1954/1954
f 1959/1959/1959 1954/1954/1954 1958/1958/1958
f 1960/1960/1960 1955/1955/1955 1959/1959/1959
f 1961/1961/1961 1956/1956/1956 1957/1957/1957
f 1962/1962/1962 1961/1961/1961 1957/1957/1957
f 1956/1956/1956 1963/1963/1963 1958/1958/1958
f 1963/1963/1963 1956/1956/1956 1961/1961/1961
f 1963/1963/1963 1959/1959/1959 1958/1958/1958
f 1964/1964/1964 1963/1963/1963 1961/1961/1961
f 1962/1962/1962 1964/1964/1964 1961/1961/1961
f 1959/1959/1959 1963/1963/1963 1964/1964/1964
f 1962/1962/1962 1960/1960/1960 1965/1965/1965
f 1962/1962/1962 1965/1965/1965 1964/1964/1964
f 1965/1965/1965 1960/1960/1960 1959/1959/1959
f 1965/1965/1965 1959/1959/1959 1964/1964/1964
f 1968/1968/1968 1967/1967/1967 1966/1966/1966
f 1968/1968/1968 1969/1969/1969 1967/1967/1967
f 1970/1970/1970 1969/1969/1969 1968/1968/1968
f 1969/1969/1969 1970/1970/1970 1971/1971/1971
f 1972/1972/1972 1968/1968/1968 1966/1966/1966
f 1972/1972/1972 1970/1970/1970 1968/1968/1968
f 1970/1970/1970 1973/1973/1973 1971/1971/1971
f 1970/1970/1970 1972/1972/1972 1973/1973/1973
f 1971/1971/1971 1973/1973/1973 1974/1974/1974
f 1972/1972/1972 1966/1966/1966 1975/1975/1975
f 1972/1972/1972 1975/1975/1975 1973/1973/1973
f 1966/1966/1966 1976/1976/1976 1975/1975/1975
f 1973/1973/1973 1977/1977/1977 1974/1974/1974
f 1973/1973/1973 1975/1975/1975 1977/1977/1977
f 1978/1978/1978 1974/1974/1974 1977/1977/1977
f 1975/1975/1975 1976/1976/1976 1979/1979/1979
f 1975/1975/1975 1979/1979/1979 1977/1977/1977
f 1976/1976/1976 1980/1980/1980 1979/1979/1979
f 1981/1981/1981 1978/1978/1978 1977/1977/1977
f 1977/1977/1977 1979/1979/1979 1981/1981/1981
f 1978/1978/1978 1981/1981/1981 1982/1982/1982
f 1979/1979/1979 1980/1980/1980 1983/1983/1983
f 1979/1979/1979 1983/1983/1983 1981/1981/1981
f 1980/1980/1980 1984/1984/1984 1983/1983/1983
f 1981/1981/1981 1985/1985/1985 1982/1982/1982
f 1981/1981/1981 1983/1983/1983 1985/1985/1985
f 1983/1983/1983 1984/1984/1984 1986/1986/1986
f 1983/1983/1983 1986/1986/1986 1985/1985/1985
f 1984/1984/1984 1987/1987/1987 1986/1986/1986
f 1985/1985/1985 1988/1988/1988 1982/1982/1982
f 1988/1988/1988 1985/1985/1985 1986/1986/1986
f 1988/1988/1988 1989/1989/1989 1982/1982/1982
f 1990/1990/1990 1986/1986/1986 1987/1987/1987
f 1990/1990/1990 1988/1988/1988 1986/1986/1986
f 1991/1991/1991 1990/1990/1990 1987/1987/1987
f 1989/1989/1989 1988/1988/1988 1992/1992/1992
f 1988/1988/1988 1990/1990/1990 1992/1992/1992
f 1993/1993/1993 1989/1989/1989 1992/1992/1992
f 1990/1990/1990 1991/1991/1991 1994/1994/1994
f 1990/1990/1990 1994/1994/1994 1992/1992/1992
f 1991/1991/1991 1995/1995/1995 1994/1994/1994
f 1994/1994/1994 1995/1995/1995 1996/1996/1996
f 1992/1992/1992 1994/1994/1994 1996/1996/1996
f 1995/1995/1995 1997/1997/1997 1996/1996/1996
f 1993/1993/1993 1992/1992/1992 1998/1998/1998
f 1998/1998/1998 1992/1992/1992 1996/1996/1996
f 1999/1999/1999 1993/1993/1993 1998/1998/1998
f 1996/1996/1996 1997/1997/1997 2000/2000/2000
f 1998/1998/1998 1996/1996/1996 2000/2000/2000
f 1997/1997/1997 2001/2001/2001 2000/2000/2000
f 1999/1999/1999 1998/1998/1998 2002/2002/2002
f 2002/2002/2002 1998/1998/1998 2000/2000/2000
f 2003/2003/2003 1999/1999/1999 2002/2002/2002
f 2000/2000/2000 2001/2001/2001 2004/2004/2004
f 2002/2002/2002 2000/2000/2000 2004/2004/2004
f 2001/2001/2001 2005/2005/2005 2004/2004/2004
f 2003/2003/2003 2002/2002/2002 2006/2006/2006
f 2006/2006/2006 2002/2002/2002 2004/2004/2004
f 2007/2007/2007 2003/2003/2003 2006/2006/2006
f 2004/2004/2004 2005/2005/2005 2008/2008/2008
f 2006/2006/2006 2004/2004/2004 2008/2008/2008
f 2005/2005/2005 2009/2009/2009 2008/2008/2008
f 2007/2007/2007 2006/2006/2006 2010/2010/2010
f 2010/2010/2010 2006/2006/2006 2008/2008/2008
f 2011/2011/2011 2007/2007/2007 2010/2010/2010
f 2008/2008/2008 2009/2009/2009 2012/2012/2012
f 2010/2010/2010 2008/2008/2008 2012/2012/2012
f 2009/2009/2009 2013/2013/2013 2012/2012/2012
f 2012/2012/2012 2013/2013/2013 2014/2014/2014
f 2010/2010/2010 2015/2015/2015 2011/2011/2011
f 2015/2015/2015 2010/2010/2010 2012/2012/2012
f 2015/2015/2015 2012/2012/2012 2014/2014/2014
f 2015/2015/2015 2016/2016/2016 2011/2011/2011
f 2015/2015/2015 2014/2014/2014 2016/2016/2016
f 2019/2019/2019 2018/2018/2018 2017/2017/2017
f 2020/2020/2020 2018/2018/2018 2019/2019/2019
f 2020/2020/2020 2021/2021/2021 2018/2018/2018
f 2021/2021/2021 2020/2020/2020 2022/2022/2022
f 2018/2018/2018 2023/2023/2023 2017/2017/2017
f 2021/2021/2021 2023/2023/2023 2018/2018/2018
f 2024/2024/2024 2021/2021/2021 2022/2022/2022
f 2023/2023/2023 2021/2021/2021 2024/2024/2024
f 2024/2024/2024 2022/2022/2022 2025/2025/2025
f 2017/2017/2017 2023/2023/2023 2026/2026/2026
f 2026/2026/2026 2023/2023/2023 2024/2024/2024
f 2027/2027/2027 2017/2017/2017 2026/2026/2026
f 2028/2028/2028 2024/2024/2024 2025/2025/2025
f 2026/2026/2026 2024/2024/2024 2028/2028/2028
f 2025/2025/2025 2029/2029/2029 2028/2028/2028
f 2027/2027/2027 2026/2026/2026 2030/2030/2030
f 2030/2030/2030 2026/2026/2026 2028/2028/2028
f 2031/2031/2031 2027/2027/2027 2030/2030/2030
f 2029/2029/2029 2032/2032/2032 2028/2028/2028
f 2030/2030/2030 2028/2028/2028 2032/2032/2032
f 2032/2032/2032 2029/2029/2029 2033/2033/2033
f 2031/2031/2031 2030/2030/2030 2034/2034/2034
f 2034/2034/2034 2030/2030/2030 2032/2032/2032
f 2035/2035/2035 2031/2031/2031 2034/2034/2034
f 2036/2036/2036 2032/2032/2032 2033/2033/2033
f 2034/2034/2034 2032/2032/2032 2036/2036/2036
f 2035/2035/2035 2034/2034/2034 2037/2037/2037
f 2037/2037/2037 2034/2034/2034 2036/2036/2036
f 2038/2038/2038 2035/2035/2035 2037/2037/2037
f 2039/2039/2039 2036/2036/2036 2033/2033/2033
f 2036/2036/2036 2039/2039/2039 2037/2037/2037
f 2040/2040/2040 2039/2039/2039 2033/2033/2033
f 2037/2037/2037 2041/2041/2041 2038/2038/2038
f 2039/2039/2039 2041/2041/2041 2037/2037/2037
f 2041/2041/2041 2042/2042/2042 2038/2038/2038
f 2039/2039/2039 2040/2040/2040 2043/2043/2043
f 2041/2041/2041 2039/2039/2039 2043/2043/2043
f 2040/2040/2040 2044/2044/2044 2043/2043/2043
f 2042/2042/2042 2041/2041/2041 2045/2045/2045
f 2045/2045/2045 2041/2041/2041 2043/2043/2043
f 2046/2046/2046 2042/2042/2042 2045/2045/2045
f 2046/2046/2046 2045/2045/2045 2047/2047/2047
f 2045/2045/2045 2043/2043/2043 2047/2047/2047
f 2048/2048/2048 2046/2046/2046 2047/2047/2047
f 2043/2043/2043 2044/2044/2044 2049/2049/2049
f 2043/2043/2043 2049/2049/2049 2047/2047/2047
f 2044/2044/2044 2050/2050/2050 2049/2049/2049
f 2048/2048/2048 2047/2047/2047 2051/2051/2051
f 2047/2047/2047 2049/2049/2049 2051/2051/2051
f 2052/2052/2052 2048/2048/2048 2051/2051/2051
f 2049/2049/2049 2050/2050/2050 2053/2053/2053
f 2049/2049/2049 2053/2053/2053 2051/2051/2051
f 2050/2050/2050 2054/2054/2054 2053/2053/2053
f 2052/2052/2052 2051/2051/2051 2055/2055/2055
f 2051/2051/2051 2053/2053/2053 2055/2055/2055
f 2056/2056/2056 2052/2052/2052 2055/2055/2055
f 2053/2053/2053 2054/2054/2054 2057/2057/2057
f 2053/2053/2053 2057/2057/2057 2055/2055/2055
f 2054/2054/2054 2058/2058/2058 2057/2057/2057
f 2056/2056/2056 2055/2055/2055 2059/2059/2059
f 2055/2055/2055 2057/2057/2057 2059/2059/2059
f 2060/2060/2060 2056/2056/2056 2059/2059/2059
f 2057/2057/2057 2058/2058/2058 2061/2061/2061
f 2057/2057/2057 2061/2061/2061 2059/2059/2059
f 2058/2058/2058 2062/2062/2062 2061/2061/2061
f 2060/2060/2060 2059/2059/2059 2063/2063/2063
f 2059/2059/2059 2061/2061/2061 2063/2063/2063
f 2064/2064/2064 2060/2060/2060 2063/2063/2063
f 2064/2064/2064 2063/2063/2063 2065/2065/2065
f 2066/2066/2066 2061/2061/2061 2062/2062/2062
f 2061/2061/2061 2066/2066/2066 2063/2063/2063
f 2063/2063/2063 2066/2066/2066 2065/2065/2065
f 2067/2067/2067 2066/2066/2066 2062/2062/2062
f 2065/2065/2065 2066/2066/2066 2067/2067/2067
f 2070/2070/2070 2069/2069/2069 2068/2068/2068
f 2069/2069/2069 2071/2071/2071 2068/2068/2068
f 2072/2072/2072 2070/2070/2070 2068/2068/2068
f 2073/2073/2073 2070/2070/2070 2072/2072/2072
f 2074/2074/2074 2073/2073/2073 2072/2072/2072
f 2073/2073/2073 2074/2074/2074 2075/2075/2075
f 2074/2074/2074 2076/2076/2076 2075/2075/2075
f 2076/2076/2076 2077/2077/2077 2075/2075/2075
f 2078/2078/2078 2077/2077/2077 2076/2076/2076
f 2071/2071/2071 2079/2079/2079 2068/2068/2068
f 2071/2071/2071 2080/2080/2080 2079/2079/2079
f 2081/2081/2081 2072/2072/2072 2068/2068/2068
f 2072/2072/2072 2081/2081/2081 2074/2074/2074
f 2068/2068/2068 2079/2079/2079 2082/2082/2082
f 2081/2081/2081 2068/2068/2068 2082/2082/2082
f 2080/2080/2080 2083/2083/2083 2079/2079/2079
f 2082/2082/2082 2079/2079/2079 2083/2083/2083
f 2080/2080/2080 2084/2084/2084 2083/2083/2083
f 2084/2084/2084 2085/2085/2085 2083/2083/2083
f 2084/2084/2084 2086/2086/2086 2085/2085/2085
f 2087/2087/2087 2078/2078/2078 2076/2076/2076
f 2088/2088/2088 2078/2078/2078 2087/2087/2087
f 2089/2089/2089 2082/2082/2082 2083/2083/2083
f 2083/2083/2083 2085/2085/2085 2089/2089/2089
f 2089/2089/2089 2085/2085/2085 2090/2090/2090
f 2086/2086/2086 2091/2091/2091 2085/2085/2085
f 2091/2091/2091 2086/2086/2086 2092/2092/2092
f 2093/2093/2093 2082/2082/2082 2089/2089/2089
f 2089/2089/2089 2090/2090/2090 2093/2093/2093
f 2085/2085/2085 2094/2094/2094 2090/2090/2090
f 2094/2094/2094 2085/2085/2085 2091/2091/2091
f 2095/2095/2095 2091/2091/2091 2092/2092/2092
f 2092/2092/2092 2096/2096/2096 2095/2095/2095
f 2094/2094/2094 2091/2091/2091 2097/2097/2097
f 2097/2097/2097 2091/2091/2091 2095/2095/2095
f 2096/2096/2096 2098/2098/2098 2095/2095/2095
f 2096/2096/2096 2099/2099/2099 2098/2098/2098
f 2100/2100/2100 2082/2082/2082 2093/2093/2093
f 2100/2100/2100 2081/2081/2081 2082/2082/2082
f 2094/2094/2094 2101/2101/2101 2090/2090/2090
f 2101/2101/2101 2094/2094/2094 2097/2097/2097
f 2101/2101/2101 2102/2102/2102 2090/2090/2090
f 2103/2103/2103 2097/2097/2097 2095/2095/2095
f 2103/2103/2103 2095/2095/2095 2098/2098/2098
f 2099/2099/2099 2104/2104/2104 2098/2098/2098
f 2105/2105/2105 2104/2104/2104 2099/2099/2099
f 2097/2097/2097 2106/2106/2106 2101/2101/2101
f 2097/2097/2097 2103/2103/2103 2106/2106/2106
f 2107/2107/2107 2098/2098/2098 2104/2104/2104
f 2107/2107/2107 2103/2103/2103 2098/2098/2098
f 2108/2108/2108 2104/2104/2104 2105/2105/2105
f 2108/2108/2108 2107/2107/2107 2104/2104/2104
f 2109/2109/2109 2103/2103/2103 2107/2107/2107
f 2103/2103/2103 2109/2109/2109 2106/2106/2106
f 2110/2110/2110 2108/2108/2108 2105/2105/2105
f 2111/2111/2111 2110/2110/2110 2105/2105/2105
f 2112/2112/2112 2107/2107/2107 2108/2108/2108
f 2110/2110/2110 2112/2112/2112 2108/2108/2108
f 2110/2110/2110 2111/2111/2111 2112/2112/2112
f 2112/2112/2112 2109/2109/2109 2107/2107/2107
f 2111/2111/2111 2113/2113/2113 2112/2112/2112
f 2112/2112/2112 2113/2113/2113 2109/2109/2109
f 2113/2113/2113 2114/2114/2114 2109/2109/2109
f 2109/2109/2109 2114/2114/2114 2106/2106/2106
f 2114/2114/2114 2115/2115/2115 2106/2106/2106
f 2106/2106/2106 2116/2116/2116 2101/2101/2101
f 2106/2106/2106 2115/2115/2115 2116/2116/2116
f 2115/2115/2115 2117/2117/2117 2116/2116/2116
f 2102/2102/2102 2101/2101/2101 2116/2116/2116
f 2118/2118/2118 2116/2116/2116 2117/2117/2117
f 2118/2118/2118 2102/2102/2102 2116/2116/2116
f 2119/2119/2119 2118/2118/2118 2117/2117/2117
f 2120/2120/2120 2118/2118/2118 2119/2119/2119
f 2121/2121/2121 2120/2120/2120 2119/2119/2119
f 2102/2102/2102 2118/2118/2118 2122/2122/2122
f 2118/2118/2118 2120/2120/2120 2122/2122/2122
f 2123/2123/2123 2120/2120/2120 2121/2121/2121
f 2124/2124/2124 2123/2123/2123 2121/2121/2121
f 2125/2125/2125 2122/2122/2122 2120/2120/2120
f 2123/2123/2123 2125/2125/2125 2120/2120/2120
f 2126/2126/2126 2123/2123/2123 2124/2124/2124
f 2127/2127/2127 2126/2126/2126 2124/2124/2124
f 2128/2128/2128 2125/2125/2125 2123/2123/2123
f 2126/2126/2126 2128/2128/2128 2123/2123/2123
f 2126/2126/2126 2127/2127/2127 2129/2129/2129
f 2127/2127/2127 2130/2130/2130 2129/2129/2129
f 2128/2128/2128 2126/2126/2126 2131/2131/2131
f 2126/2126/2126 2129/2129/2129 2131/2131/2131
f 2129/2129/2129 2130/2130/2130 2132/2132/2132
f 2130/2130/2130 2133/2133/2133 2132/2132/2132
f 2131/2131/2131 2129/2129/2129 2134/2134/2134
f 2129/2129/2129 2132/2132/2132 2134/2134/2134
f 2132/2132/2132 2133/2133/2133 2135/2135/2135
f 2133/2133/2133 2136/2136/2136 2135/2135/2135
f 2132/2132/2132 2135/2135/2135 2137/2137/2137
f 2134/2134/2134 2132/2132/2132 2137/2137/2137
f 2135/2135/2135 2136/2136/2136 2138/2138/2138
f 2137/2137/2137 2135/2135/2135 2138/2138/2138
f 2136/2136/2136 2139/2139/2139 2138/2138/2138
f 2139/2139/2139 2140/2140/2140 2138/2138/2138
f 2131/2131/2131 2134/2134/2134 2141/2141/2141
f 2128/2128/2128 2131/2131/2131 2141/2141/2141
f 2138/2138/2138 2140/2140/2140 2142/2142/2142
f 2142/2142/2142 2137/2137/2137 2138/2138/2138
f 2134/2134/2134 2137/2137/2137 2143/2143/2143
f 2134/2134/2134 2143/2143/2143 2141/2141/2141
f 2142/2142/2142 2140/2140/2140 2144/2144/2144
f 2144/2144/2144 2140/2140/2140 2145/2145/2145
f 2145/2145/2145 2088/2088/2088 2144/2144/2144
f 2137/2137/2137 2142/2142/2142 2146/2146/2146
f 2142/2142/2142 2144/2144/2144 2146/2146/2146
f 2088/2088/2088 2146/2146/2146 2144/2144/2144
f 2137/2137/2137 2146/2146/2146 2143/2143/2143
f 2146/2146/2146 2088/2088/2088 2087/2087/2087
f 2143/2143/2143 2146/2146/2146 2087/2087/2087
f 2143/2143/2143 2087/2087/2087 2076/2076/2076
f 2141/2141/2141 2143/2143/2143 2076/2076/2076
f 2147/2147/2147 2141/2141/2141 2076/2076/2076
f 2147/2147/2147 2128/2128/2128 2141/2141/2141
f 2074/2074/2074 2147/2147/2147 2076/2076/2076
f 2128/2128/2128 2147/2147/2147 2148/2148/2148
f 2128/2128/2128 2148/2148/2148 2125/2125/2125
f 2125/2125/2125 2148/2148/2148 2149/2149/2149
f 2125/2125/2125 2149/2149/2149 2122/2122/2122
f 2149/2149/2149 2150/2150/2150 2122/2122/2122
f 2102/2102/2102 2122/2122/2122 2150/2150/2150
f 2147/2147/2147 2074/2074/2074 2151/2151/2151
f 2148/2148/2148 2147/2147/2147 2152/2152/2152
f 2152/2152/2152 2147/2147/2147 2151/2151/2151
f 2153/2153/2153 2148/2148/2148 2152/2152/2152
f 2153/2153/2153 2152/2152/2152 2151/2151/2151
f 2148/2148/2148 2153/2153/2153 2154/2154/2154
f 2149/2149/2149 2148/2148/2148 2154/2154/2154
f 2153/2153/2153 2151/2151/2151 2154/2154/2154
f 2151/2151/2151 2074/2074/2074 2155/2155/2155
f 2151/2151/2151 2155/2155/2155 2154/2154/2154
f 2074/2074/2074 2081/2081/2081 2155/2155/2155
f 2100/2100/2100 2155/2155/2155 2081/2081/2081
f 2154/2154/2154 2155/2155/2155 2100/2100/2100
f 2154/2154/2154 2156/2156/2156 2149/2149/2149
f 2156/2156/2156 2154/2154/2154 2100/2100/2100
f 2156/2156/2156 2150/2150/2150 2149/2149/2149
f 2100/2100/2100 2093/2093/2093 2156/2156/2156
f 2156/2156/2156 2157/2157/2157 2150/2150/2150
f 2102/2102/2102 2150/2150/2150 2157/2157/2157
f 2093/2093/2093 2157/2157/2157 2156/2156/2156
f 2158/2158/2158 2102/2102/2102 2157/2157/2157
f 2090/2090/2090 2102/2102/2102 2158/2158/2158
f 2090/2090/2090 2159/2159/2159 2093/2093/2093
f 2093/2093/2093 2159/2159/2159 2157/2157/2157
f 2159/2159/2159 2158/2158/2158 2157/2157/2157
f 2159/2159/2159 2090/2090/2090 2158/2158/2158
f 2162/2162/2162 2161/2161/2161 2160/2160/2160
f 2162/2162/2162 2160/2160/2160 2163/2163/2163
f 2161/2161/2161 2164/2164/2164 2160/2160/2160
f 2161/2161/2161 2165/2165/2165 2164/2164/2164
f 2165/2165/2165 2166/2166/2166 2164/2164/2164
f 2165/2165/2165 2167/2167/2167 2166/2166/2166
f 2160/2160/2160 2164/2164/2164 2168/2168/2168
f 2168/2168/2168 2164/2164/2164 2166/2166/2166
f 2163/2163/2163 2160/2160/2160 2169/2169/2169
f 2169/2169/2169 2160/2160/2160 2168/2168/2168
f 2167/2167/2167 2170/2170/2170 2166/2166/2166
f 2167/2167/2167 2171/2171/2171 2170/2170/2170
f 2163/2163/2163 2169/2169/2169 2172/2172/2172
f 2163/2163/2163 2172/2172/2172 2173/2173/2173
f 2174/2174/2174 2173/2173/2173 2172/2172/2172
f 2172/2172/2172 2169/2169/2169 2175/2175/2175
f 2175/2175/2175 2174/2174/2174 2172/2172/2172
f 2169/2169/2169 2168/2168/2168 2175/2175/2175
f 2176/2176/2176 2168/2168/2168 2166/2166/2166
f 2176/2176/2176 2166/2166/2166 2170/2170/2170
f 2175/2175/2175 2177/2177/2177 2174/2174/2174
f 2177/2177/2177 2178/2178/2178 2174/2174/2174
f 2175/2175/2175 2168/2168/2168 2179/2179/2179
f 2168/2168/2168 2176/2176/2176 2179/2179/2179
f 2175/2175/2175 2179/2179/2179 2177/2177/2177
f 2177/2177/2177 2180/2180/2180 2178/2178/2178
f 2180/2180/2180 2181/2181/2181 2178/2178/2178
f 2182/2182/2182 2181/2181/2181 2180/2180/2180
f 2183/2183/2183 2182/2182/2182 2180/2180/2180
f 2184/2184/2184 2182/2182/2182 2183/2183/2183
f 2177/2177/2177 2179/2179/2179 2185/2185/2185
f 2179/2179/2179 2176/2176/2176 2185/2185/2185
f 2180/2180/2180 2177/2177/2177 2185/2185/2185
f 2186/2186/2186 2176/2176/2176 2170/2170/2170
f 2176/2176/2176 2186/2186/2186 2185/2185/2185
f 2180/2180/2180 2185/2185/2185 2187/2187/2187
f 2183/2183/2183 2180/2180/2180 2187/2187/2187
f 2186/2186/2186 2170/2170/2170 2188/2188/2188
f 2171/2171/2171 2188/2188/2188 2170/2170/2170
f 2185/2185/2185 2186/2186/2186 2189/2189/2189
f 2189/2189/2189 2186/2186/2186 2188/2188/2188
f 2187/2187/2187 2185/2185/2185 2189/2189/2189
f 2188/2188/2188 2171/2171/2171 2190/2190/2190
f 2189/2189/2189 2188/2188/2188 2190/2190/2190
f 2191/2191/2191 2189/2189/2189 2190/2190/2190
f 2171/2171/2171 2192/2192/2192 2190/2190/2190
f 2190/2190/2190 2192/2192/2192 2193/2193/2193
f 2191/2191/2191 2190/2190/2190 2193/2193/2193
f 2192/2192/2192 2194/2194/2194 2193/2193/2193
f 2195/2195/2195 2193/2193/2193 2194/2194/2194
f 2196/2196/2196 2195/2195/2195 2194/2194/2194
f 2197/2197/2197 2187/2187/2187 2189/2189/2189
f 2189/2189/2189 2191/2191/2191 2197/2197/2197
f 2198/2198/2198 2193/2193/2193 2195/2195/2195
f 2198/2198/2198 2191/2191/2191 2193/2193/2193
f 2199/2199/2199 2198/2198/2198 2195/2195/2195
f 2200/2200/2200 2195/2195/2195 2196/2196/2196
f 2199/2199/2199 2195/2195/2195 2200/2200/2200
f 2201/2201/2201 2200/2200/2200 2196/2196/2196
f 2198/2198/2198 2202/2202/2202 2191/2191/2191
f 2202/2202/2202 2198/2198/2198 2199/2199/2199
f 2200/2200/2200 2201/2201/2201 2203/2203/2203
f 2201/2201/2201 2204/2204/2204 2203/2203/2203
f 2203/2203/2203 2204/2204/2204 2205/2205/2205
f 2204/2204/2204 2206/2206/2206 2205/2205/2205
f 2205/2205/2205 2206/2206/2206 2207/2207/2207
f 2206/2206/2206 2208/2208/2208 2207/2207/2207
f 2207/2207/2207 2208/2208/2208 2209/2209/2209
f 2208/2208/2208 2210/2210/2210 2209/2209/2209
f 2209/2209/2209 2210/2210/2210 2211/2211/2211
f 2207/2207/2207 2209/2209/2209 2212/2212/2212
f 2212/2212/2212 2209/2209/2209 2211/2211/2211
f 2205/2205/2205 2207/2207/2207 2213/2213/2213
f 2213/2213/2213 2207/2207/2207 2212/2212/2212
f 2214/2214/2214 2212/2212/2212 2211/2211/2211
f 2213/2213/2213 2212/2212/2212 2214/2214/2214
f 2214/2214/2214 2211/2211/2211 2215/2215/2215
f 2214/2214/2214 2215/2215/2215 2216/2216/2216
f 2216/2216/2216 2213/2213/2213 2214/2214/2214
f 2215/2215/2215 2217/2217/2217 2216/2216/2216
f 2218/2218/2218 2205/2205/2205 2213/2213/2213
f 2203/2203/2203 2205/2205/2205 2218/2218/2218
f 2218/2218/2218 2213/2213/2213 2216/2216/2216
f 2216/2216/2216 2217/2217/2217 2219/2219/2219
f 2219/2219/2219 2218/2218/2218 2216/2216/2216
f 2217/2217/2217 2220/2220/2220 2219/2219/2219
f 2221/2221/2221 2203/2203/2203 2218/2218/2218
f 2221/2221/2221 2218/2218/2218 2219/2219/2219
f 2200/2200/2200 2203/2203/2203 2221/2221/2221
f 2222/2222/2222 2219/2219/2219 2220/2220/2220
f 2222/2222/2222 2221/2221/2221 2219/2219/2219
f 2223/2223/2223 2222/2222/2222 2220/2220/2220
f 2224/2224/2224 2200/2200/2200 2221/2221/2221
f 2224/2224/2224 2199/2199/2199 2200/2200/2200
f 2222/2222/2222 2223/2223/2223 2225/2225/2225
f 2223/2223/2223 2226/2226/2226 2225/2225/2225
f 2222/2222/2222 2227/2227/2227 2221/2221/2221
f 2227/2227/2227 2224/2224/2224 2221/2221/2221
f 2225/2225/2225 2227/2227/2227 2222/2222/2222
f 2225/2225/2225 2226/2226/2226 2228/2228/2228
f 2226/2226/2226 2229/2229/2229 2228/2228/2228
f 2229/2229/2229 2230/2230/2230 2228/2228/2228
f 2227/2227/2227 2231/2231/2231 2224/2224/2224
f 2231/2231/2231 2199/2199/2199 2224/2224/2224
f 2227/2227/2227 2225/2225/2225 2232/2232/2232
f 2232/2232/2232 2225/2225/2225 2228/2228/2228
f 2231/2231/2231 2227/2227/2227 2232/2232/2232
f 2230/2230/2230 2233/2233/2233 2228/2228/2228
f 2232/2232/2232 2228/2228/2228 2233/2233/2233
f 2230/2230/2230 2234/2234/2234 2233/2233/2233
f 2234/2234/2234 2235/2235/2235 2233/2233/2233
f 2234/2234/2234 2236/2236/2236 2235/2235/2235
f 2237/2237/2237 2232/2232/2232 2233/2233/2233
f 2237/2237/2237 2233/2233/2233 2235/2235/2235
f 2236/2236/2236 2238/2238/2238 2235/2235/2235
f 2238/2238/2238 2236/2236/2236 2184/2184/2184
f 2183/2183/2183 2238/2238/2238 2184/2184/2184
f 2239/2239/2239 2235/2235/2235 2238/2238/2238
f 2239/2239/2239 2237/2237/2237 2235/2235/2235
f 2239/2239/2239 2238/2238/2238 2183/2183/2183
f 2240/2240/2240 2232/2232/2232 2237/2237/2237
f 2231/2231/2231 2232/2232/2232 2240/2240/2240
f 2241/2241/2241 2237/2237/2237 2239/2239/2239
f 2241/2241/2241 2240/2240/2240 2237/2237/2237
f 2239/2239/2239 2183/2183/2183 2242/2242/2242
f 2243/2243/2243 2241/2241/2241 2239/2239/2239
f 2243/2243/2243 2239/2239/2239 2242/2242/2242
f 2244/2244/2244 2242/2242/2242 2183/2183/2183
f 2187/2187/2187 2244/2244/2244 2183/2183/2183
f 2245/2245/2245 2244/2244/2244 2187/2187/2187
f 2197/2197/2197 2245/2245/2245 2187/2187/2187
f 2244/2244/2244 2246/2246/2246 2242/2242/2242
f 2244/2244/2244 2245/2245/2245 2246/2246/2246
f 2197/2197/2197 2247/2247/2247 2245/2245/2245
f 2247/2247/2247 2246/2246/2246 2245/2245/2245
f 2191/2191/2191 2247/2247/2247 2197/2197/2197
f 2246/2246/2246 2248/2248/2248 2242/2242/2242
f 2242/2242/2242 2248/2248/2248 2243/2243/2243
f 2247/2247/2247 2248/2248/2248 2246/2246/2246
f 2249/2249/2249 2247/2247/2247 2191/2191/2191
f 2249/2249/2249 2248/2248/2248 2247/2247/2247
f 2202/2202/2202 2249/2249/2249 2191/2191/2191
f 2249/2249/2249 2202/2202/2202 2248/2248/2248
f 2248/2248/2248 2250/2250/2250 2243/2243/2243
f 2241/2241/2241 2243/2243/2243 2250/2250/2250
f 2202/2202/2202 2250/2250/2250 2248/2248/2248
f 2251/2251/2251 2241/2241/2241 2250/2250/2250
f 2202/2202/2202 2251/2251/2251 2250/2250/2250
f 2251/2251/2251 2202/2202/2202 2199/2199/2199
f 2240/2240/2240 2241/2241/2241 2251/2251/2251
f 2252/2252/2252 2251/2251/2251 2199/2199/2199
f 2252/2252/2252 2240/2240/2240 2251/2251/2251
f 2252/2252/2252 2199/2199/2199 2231/2231/2231
f 2253/2253/2253 2231/2231/2231 2240/2240/2240
f 2253/2253/2253 2252/2252/2252 2231/2231/2231
f 2252/2252/2252 2253/2253/2253 2240/2240/2240
f 2256/2256/2256 2255/2255/2255 2254/2254/2254
f 2257/2257/2257 2256/2256/2256 2254/2254/2254
f 2255/2255/2255 2258/2258/2258 2254/2254/2254
f 2255/2255/2255 2259/2259/2259 2258/2258/2258
f 2259/2259/2259 2260/2260/2260 2258/2258/2258
f 2260/2260/2260 2259/2259/2259 2261/2261/2261
f 2262/2262/2262 2260/2260/2260 2261/2261/2261
f 2263/2263/2263 2262/2262/2262 2261/2261/2261
f 2263/2263/2263 2264/2264/2264 2262/2262/2262
f 2265/2265/2265 2257/2257/2257 2254/2254/2254
f 2266/2266/2266 2257/2257/2257 2265/2265/2265
f 2258/2258/2258 2267/2267/2267 2254/2254/2254
f 2267/2267/2267 2258/2258/2258 2260/2260/2260
f 2265/2265/2265 2254/2254/2254 2268/2268/2268
f 2254/2254/2254 2267/2267/2267 2268/2268/2268
f 2269/2269/2269 2266/2266/2266 2265/2265/2265
f 2265/2265/2265 2268/2268/2268 2269/2269/2269
f 2270/2270/2270 2266/2266/2266 2269/2269/2269
f 2271/2271/2271 2270/2270/2270 2269/2269/2269
f 2272/2272/2272 2270/2270/2270 2271/2271/2271
f 2264/2264/2264 2273/2273/2273 2262/2262/2262
f 2264/2264/2264 2274/2274/2274 2273/2273/2273
f 2268/2268/2268 2275/2275/2275 2269/2269/2269
f 2271/2271/2271 2269/2269/2269 2275/2275/2275
f 2271/2271/2271 2275/2275/2275 2276/2276/2276
f 2277/2277/2277 2272/2272/2272 2271/2271/2271
f 2272/2272/2272 2277/2277/2277 2278/2278/2278
f 2268/2268/2268 2279/2279/2279 2275/2275/2275
f 2275/2275/2275 2279/2279/2279 2276/2276/2276
f 2280/2280/2280 2271/2271/2271 2276/2276/2276
f 2271/2271/2271 2280/2280/2280 2277/2277/2277
f 2277/2277/2277 2281/2281/2281 2278/2278/2278
f 2282/2282/2282 2278/2278/2278 2281/2281/2281
f 2277/2277/2277 2280/2280/2280 2283/2283/2283
f 2277/2277/2277 2283/2283/2283 2281/2281/2281
f 2284/2284/2284 2282/2282/2282 2281/2281/2281
f 2285/2285/2285 2282/2282/2282 2284/2284/2284
f 2268/2268/2268 2286/2286/2286 2279/2279/2279
f 2267/2267/2267 2286/2286/2286 2268/2268/2268
f 2287/2287/2287 2280/2280/2280 2276/2276/2276
f 2280/2280/2280 2287/2287/2287 2283/2283/2283
f 2288/2288/2288 2287/2287/2287 2276/2276/2276
f 2283/2283/2283 2289/2289/2289 2281/2281/2281
f 2281/2281/2281 2289/2289/2289 2284/2284/2284
f 2290/2290/2290 2285/2285/2285 2284/2284/2284
f 2290/2290/2290 2291/2291/2291 2285/2285/2285
f 2292/2292/2292 2283/2283/2283 2287/2287/2287
f 2289/2289/2289 2283/2283/2283 2292/2292/2292
f 2284/2284/2284 2293/2293/2293 2290/2290/2290
f 2289/2289/2289 2293/2293/2293 2284/2284/2284
f 2290/2290/2290 2294/2294/2294 2291/2291/2291
f 2293/2293/2293 2294/2294/2294 2290/2290/2290
f 2289/2289/2289 2295/2295/2295 2293/2293/2293
f 2295/2295/2295 2289/2289/2289 2292/2292/2292
f 2294/2294/2294 2296/2296/2296 2291/2291/2291
f 2296/2296/2296 2297/2297/2297 2291/2291/2291
f 2293/2293/2293 2298/2298/2298 2294/2294/2294
f 2298/2298/2298 2296/2296/2296 2294/2294/2294
f 2297/2297/2297 2296/2296/2296 2298/2298/2298
f 2295/2295/2295 2298/2298/2298 2293/2293/2293
f 2299/2299/2299 2297/2297/2297 2298/2298/2298
f 2299/2299/2299 2298/2298/2298 2295/2295/2295
f 2300/2300/2300 2299/2299/2299 2295/2295/2295
f 2300/2300/2300 2295/2295/2295 2292/2292/2292
f 2301/2301/2301 2300/2300/2300 2292/2292/2292
f 2302/2302/2302 2292/2292/2292 2287/2287/2287
f 2301/2301/2301 2292/2292/2292 2302/2302/2302
f 2303/2303/2303 2301/2301/2301 2302/2302/2302
f 2287/2287/2287 2288/2288/2288 2302/2302/2302
f 2302/2302/2302 2304/2304/2304 2303/2303/2303
f 2288/2288/2288 2304/2304/2304 2302/2302/2302
f 2304/2304/2304 2305/2305/2305 2303/2303/2303
f 2304/2304/2304 2306/2306/2306 2305/2305/2305
f 2306/2306/2306 2307/2307/2307 2305/2305/2305
f 2304/2304/2304 2288/2288/2288 2308/2308/2308
f 2306/2306/2306 2304/2304/2304 2308/2308/2308
f 2306/2306/2306 2309/2309/2309 2307/2307/2307
f 2309/2309/2309 2310/2310/2310 2307/2307/2307
f 2308/2308/2308 2311/2311/2311 2306/2306/2306
f 2311/2311/2311 2309/2309/2309 2306/2306/2306
f 2309/2309/2309 2312/2312/2312 2310/2310/2310
f 2312/2312/2312 2313/2313/2313 2310/2310/2310
f 2311/2311/2311 2314/2314/2314 2309/2309/2309
f 2314/2314/2314 2312/2312/2312 2309/2309/2309
f 2313/2313/2313 2312/2312/2312 2315/2315/2315
f 2316/2316/2316 2313/2313/2313 2315/2315/2315
f 2312/2312/2312 2314/2314/2314 2317/2317/2317
f 2315/2315/2315 2312/2312/2312 2317/2317/2317
f 2316/2316/2316 2315/2315/2315 2318/2318/2318
f 2319/2319/2319 2316/2316/2316 2318/2318/2318
f 2315/2315/2315 2317/2317/2317 2320/2320/2320
f 2318/2318/2318 2315/2315/2315 2320/2320/2320
f 2319/2319/2319 2318/2318/2318 2321/2321/2321
f 2322/2322/2322 2319/2319/2319 2321/2321/2321
f 2321/2321/2321 2318/2318/2318 2323/2323/2323
f 2318/2318/2318 2320/2320/2320 2323/2323/2323
f 2322/2322/2322 2321/2321/2321 2324/2324/2324
f 2321/2321/2321 2323/2323/2323 2324/2324/2324
f 2325/2325/2325 2322/2322/2322 2324/2324/2324
f 2326/2326/2326 2325/2325/2325 2324/2324/2324
f 2320/2320/2320 2317/2317/2317 2327/2327/2327
f 2317/2317/2317 2314/2314/2314 2327/2327/2327
f 2326/2326/2326 2324/2324/2324 2328/2328/2328
f 2323/2323/2323 2328/2328/2328 2324/2324/2324
f 2323/2323/2323 2320/2320/2320 2329/2329/2329
f 2329/2329/2329 2320/2320/2320 2327/2327/2327
f 2326/2326/2326 2328/2328/2328 2330/2330/2330
f 2326/2326/2326 2330/2330/2330 2331/2331/2331
f 2274/2274/2274 2331/2331/2331 2330/2330/2330
f 2328/2328/2328 2323/2323/2323 2332/2332/2332
f 2330/2330/2330 2328/2328/2328 2332/2332/2332
f 2332/2332/2332 2274/2274/2274 2330/2330/2330
f 2332/2332/2332 2323/2323/2323 2329/2329/2329
f 2274/2274/2274 2332/2332/2332 2273/2273/2273
f 2332/2332/2332 2329/2329/2329 2273/2273/2273
f 2273/2273/2273 2329/2329/2329 2262/2262/2262
f 2329/2329/2329 2327/2327/2327 2262/2262/2262
f 2327/2327/2327 2333/2333/2333 2262/2262/2262
f 2314/2314/2314 2333/2333/2333 2327/2327/2327
f 2333/2333/2333 2260/2260/2260 2262/2262/2262
f 2333/2333/2333 2314/2314/2314 2334/2334/2334
f 2334/2334/2334 2314/2314/2314 2311/2311/2311
f 2334/2334/2334 2311/2311/2311 2335/2335/2335
f 2335/2335/2335 2311/2311/2311 2308/2308/2308
f 2336/2336/2336 2335/2335/2335 2308/2308/2308
f 2308/2308/2308 2288/2288/2288 2336/2336/2336
f 2337/2337/2337 2260/2260/2260 2333/2333/2333
f 2333/2333/2333 2334/2334/2334 2338/2338/2338
f 2338/2338/2338 2337/2337/2337 2333/2333/2333
f 2334/2334/2334 2339/2339/2339 2338/2338/2338
f 2338/2338/2338 2339/2339/2339 2337/2337/2337
f 2339/2339/2339 2334/2334/2334 2340/2340/2340
f 2334/2334/2334 2335/2335/2335 2340/2340/2340
f 2339/2339/2339 2340/2340/2340 2337/2337/2337
f 2260/2260/2260 2337/2337/2337 2341/2341/2341
f 2340/2340/2340 2341/2341/2341 2337/2337/2337
f 2267/2267/2267 2260/2260/2260 2341/2341/2341
f 2341/2341/2341 2286/2286/2286 2267/2267/2267
f 2341/2341/2341 2340/2340/2340 2286/2286/2286
f 2342/2342/2342 2340/2340/2340 2335/2335/2335
f 2340/2340/2340 2342/2342/2342 2286/2286/2286
f 2336/2336/2336 2342/2342/2342 2335/2335/2335
f 2286/2286/2286 2342/2342/2342 2279/2279/2279
f 2343/2343/2343 2342/2342/2342 2336/2336/2336
f 2342/2342/2342 2343/2343/2343 2279/2279/2279
f 2336/2336/2336 2288/2288/2288 2343/2343/2343
f 2344/2344/2344 2279/2279/2279 2343/2343/2343
f 2279/2279/2279 2344/2344/2344 2276/2276/2276
f 2288/2288/2288 2345/2345/2345 2343/2343/2343
f 2345/2345/2345 2288/2288/2288 2276/2276/2276
f 2345/2345/2345 2344/2344/2344 2343/2343/2343
f 2344/2344/2344 2345/2345/2345 2276/2276/2276
f 2348/2348/2348 2347/2347/2347 2346/2346/2346
f 2346/2346/2346 2347/2347/2347 2349/2349/2349
f 2350/2350/2350 2348/2348/2348 2346/2346/2346
f 2351/2351/2351 2348/2348/2348 2350/2350/2350
f 2352/2352/2352 2351/2351/2351 2350/2350/2350
f 2353/2353/2353 2351/2351/2351 2352/2352/2352
f 2350/2350/2350 2346/2346/2346 2354/2354/2354
f 2350/2350/2350 2354/2354/2354 2352/2352/2352
f 2346/2346/2346 2349/2349/2349 2355/2355/2355
f 2346/2346/2346 2355/2355/2355 2354/2354/2354
f 2356/2356/2356 2353/2353/2353 2352/2352/2352
f 2357/2357/2357 2353/2353/2353 2356/2356/2356
f 2355/2355/2355 2349/2349/2349 2358/2358/2358
f 2358/2358/2358 2349/2349/2349 2359/2359/2359
f 2359/2359/2359 2360/2360/2360 2358/2358/2358
f 2355/2355/2355 2358/2358/2358 2361/2361/2361
f 2360/2360/2360 2361/2361/2361 2358/2358/2358
f 2354/2354/2354 2355/2355/2355 2361/2361/2361
f 2354/2354/2354 2362/2362/2362 2352/2352/2352
f 2352/2352/2352 2362/2362/2362 2356/2356/2356
f 2363/2363/2363 2361/2361/2361 2360/2360/2360
f 2364/2364/2364 2363/2363/2363 2360/2360/2360
f 2354/2354/2354 2361/2361/2361 2365/2365/2365
f 2362/2362/2362 2354/2354/2354 2365/2365/2365
f 2365/2365/2365 2361/2361/2361 2363/2363/2363
f 2366/2366/2366 2363/2363/2363 2364/2364/2364
f 2367/2367/2367 2366/2366/2366 2364/2364/2364
f 2367/2367/2367 2368/2368/2368 2366/2366/2366
f 2368/2368/2368 2369/2369/2369 2366/2366/2366
f 2368/2368/2368 2370/2370/2370 2369/2369/2369
f 2365/2365/2365 2363/2363/2363 2371/2371/2371
f 2362/2362/2362 2365/2365/2365 2371/2371/2371
f 2363/2363/2363 2366/2366/2366 2371/2371/2371
f 2362/2362/2362 2372/2372/2372 2356/2356/2356
f 2372/2372/2372 2362/2362/2362 2371/2371/2371
f 2371/2371/2371 2366/2366/2366 2373/2373/2373
f 2366/2366/2366 2369/2369/2369 2373/2373/2373
f 2356/2356/2356 2372/2372/2372 2374/2374/2374
f 2374/2374/2374 2357/2357/2357 2356/2356/2356
f 2372/2372/2372 2371/2371/2371 2375/2375/2375
f 2372/2372/2372 2375/2375/2375 2374/2374/2374
f 2371/2371/2371 2373/2373/2373 2375/2375/2375
f 2357/2357/2357 2374/2374/2374 2376/2376/2376
f 2374/2374/2374 2375/2375/2375 2376/2376/2376
f 2375/2375/2375 2377/2377/2377 2376/2376/2376
f 2378/2378/2378 2357/2357/2357 2376/2376/2376
f 2378/2378/2378 2376/2376/2376 2379/2379/2379
f 2376/2376/2376 2377/2377/2377 2379/2379/2379
f 2380/2380/2380 2378/2378/2378 2379/2379/2379
f 2379/2379/2379 2381/2381/2381 2380/2380/2380
f 2381/2381/2381 2382/2382/2382 2380/2380/2380
f 2373/2373/2373 2383/2383/2383 2375/2375/2375
f 2377/2377/2377 2375/2375/2375 2383/2383/2383
f 2379/2379/2379 2384/2384/2384 2381/2381/2381
f 2377/2377/2377 2384/2384/2384 2379/2379/2379
f 2384/2384/2384 2385/2385/2385 2381/2381/2381
f 2381/2381/2381 2386/2386/2386 2382/2382/2382
f 2381/2381/2381 2385/2385/2385 2386/2386/2386
f 2386/2386/2386 2387/2387/2387 2382/2382/2382
f 2384/2384/2384 2377/2377/2377 2388/2388/2388
f 2384/2384/2384 2388/2388/2388 2385/2385/2385
f 2387/2387/2387 2386/2386/2386 2389/2389/2389
f 2390/2390/2390 2387/2387/2387 2389/2389/2389
f 2390/2390/2390 2389/2389/2389 2391/2391/2391
f 2392/2392/2392 2390/2390/2390 2391/2391/2391
f 2392/2392/2392 2391/2391/2391 2393/2393/2393
f 2394/2394/2394 2392/2392/2392 2393/2393/2393
f 2394/2394/2394 2393/2393/2393 2395/2395/2395
f 2396/2396/2396 2394/2394/2394 2395/2395/2395
f 2396/2396/2396 2395/2395/2395 2397/2397/2397
f 2395/2395/2395 2393/2393/2393 2398/2398/2398
f 2395/2395/2395 2398/2398/2398 2397/2397/2397
f 2393/2393/2393 2391/2391/2391 2399/2399/2399
f 2393/2393/2393 2399/2399/2399 2398/2398/2398
f 2398/2398/2398 2400/2400/2400 2397/2397/2397
f 2398/2398/2398 2399/2399/2399 2400/2400/2400
f 2397/2397/2397 2400/2400/2400 2401/2401/2401
f 2401/2401/2401 2400/2400/2400 2402/2402/2402
f 2399/2399/2399 2402/2402/2402 2400/2400/2400
f 2403/2403/2403 2401/2401/2401 2402/2402/2402
f 2391/2391/2391 2404/2404/2404 2399/2399/2399
f 2391/2391/2391 2389/2389/2389 2404/2404/2404
f 2399/2399/2399 2404/2404/2404 2402/2402/2402
f 2403/2403/2403 2402/2402/2402 2405/2405/2405
f 2404/2404/2404 2405/2405/2405 2402/2402/2402
f 2406/2406/2406 2403/2403/2403 2405/2405/2405
f 2389/2389/2389 2407/2407/2407 2404/2404/2404
f 2404/2404/2404 2407/2407/2407 2405/2405/2405
f 2389/2389/2389 2386/2386/2386 2407/2407/2407
f 2405/2405/2405 2408/2408/2408 2406/2406/2406
f 2407/2407/2407 2408/2408/2408 2405/2405/2405
f 2408/2408/2408 2409/2409/2409 2406/2406/2406
f 2386/2386/2386 2410/2410/2410 2407/2407/2407
f 2385/2385/2385 2410/2410/2410 2386/2386/2386
f 2409/2409/2409 2408/2408/2408 2411/2411/2411
f 2412/2412/2412 2409/2409/2409 2411/2411/2411
f 2413/2413/2413 2408/2408/2408 2407/2407/2407
f 2410/2410/2410 2413/2413/2413 2407/2407/2407
f 2413/2413/2413 2411/2411/2411 2408/2408/2408
f 2412/2412/2412 2411/2411/2411 2414/2414/2414
f 2415/2415/2415 2412/2412/2412 2414/2414/2414
f 2416/2416/2416 2415/2415/2415 2414/2414/2414
f 2417/2417/2417 2413/2413/2413 2410/2410/2410
f 2385/2385/2385 2417/2417/2417 2410/2410/2410
f 2411/2411/2411 2413/2413/2413 2418/2418/2418
f 2411/2411/2411 2418/2418/2418 2414/2414/2414
f 2413/2413/2413 2417/2417/2417 2418/2418/2418
f 2419/2419/2419 2416/2416/2416 2414/2414/2414
f 2414/2414/2414 2418/2418/2418 2419/2419/2419
f 2420/2420/2420 2416/2416/2416 2419/2419/2419
f 2421/2421/2421 2420/2420/2420 2419/2419/2419
f 2422/2422/2422 2420/2420/2420 2421/2421/2421
f 2418/2418/2418 2423/2423/2423 2419/2419/2419
f 2419/2419/2419 2423/2423/2423 2421/2421/2421
f 2424/2424/2424 2422/2422/2422 2421/2421/2421
f 2422/2422/2422 2424/2424/2424 2370/2370/2370
f 2424/2424/2424 2369/2369/2369 2370/2370/2370
f 2421/2421/2421 2425/2425/2425 2424/2424/2424
f 2423/2423/2423 2425/2425/2425 2421/2421/2421
f 2424/2424/2424 2425/2425/2425 2369/2369/2369
f 2418/2418/2418 2426/2426/2426 2423/2423/2423
f 2426/2426/2426 2418/2418/2418 2417/2417/2417
f 2423/2423/2423 2427/2427/2427 2425/2425/2425
f 2426/2426/2426 2427/2427/2427 2423/2423/2423
f 2369/2369/2369 2425/2425/2425 2428/2428/2428
f 2427/2427/2427 2429/2429/2429 2425/2425/2425
f 2425/2425/2425 2429/2429/2429 2428/2428/2428
f 2369/2369/2369 2428/2428/2428 2430/2430/2430
f 2373/2373/2373 2369/2369/2369 2430/2430/2430
f 2430/2430/2430 2431/2431/2431 2373/2373/2373
f 2431/2431/2431 2383/2383/2383 2373/2373/2373
f 2430/2430/2430 2428/2428/2428 2432/2432/2432
f 2431/2431/2431 2430/2430/2430 2432/2432/2432
f 2433/2433/2433 2383/2383/2383 2431/2431/2431
f 2432/2432/2432 2433/2433/2433 2431/2431/2431
f 2433/2433/2433 2377/2377/2377 2383/2383/2383
f 2428/2428/2428 2434/2434/2434 2432/2432/2432
f 2434/2434/2434 2428/2428/2428 2429/2429/2429
f 2434/2434/2434 2433/2433/2433 2432/2432/2432
f 2433/2433/2433 2435/2435/2435 2377/2377/2377
f 2434/2434/2434 2435/2435/2435 2433/2433/2433
f 2377/2377/2377 2435/2435/2435 2388/2388/2388
f 2388/2388/2388 2435/2435/2435 2434/2434/2434
f 2436/2436/2436 2434/2434/2434 2429/2429/2429
f 2436/2436/2436 2429/2429/2429 2427/2427/2427
f 2436/2436/2436 2388/2388/2388 2434/2434/2434
f 2437/2437/2437 2436/2436/2436 2427/2427/2427
f 2437/2437/2437 2388/2388/2388 2436/2436/2436
f 2388/2388/2388 2437/2437/2437 2385/2385/2385
f 2437/2437/2437 2427/2427/2427 2426/2426/2426
f 2437/2437/2437 2438/2438/2438 2385/2385/2385
f 2438/2438/2438 2437/2437/2437 2426/2426/2426
f 2417/2417/2417 2385/2385/2385 2438/2438/2438
f 2439/2439/2439 2426/2426/2426 2417/2417/2417
f 2439/2439/2439 2417/2417/2417 2438/2438/2438
f 2439/2439/2439 2438/2438/2438 2426/2426/2426
f 2442/2442/2442 2441/2441/2441 2440/2440/2440
f 2442/2442/2442 2440/2440/2440 2443/2443/2443
f 2441/2441/2441 2444/2444/2444 2440/2440/2440
f 2441/2441/2441 2445/2445/2445 2444/2444/2444
f 2440/2440/2440 2446/2446/2446 2443/2443/2443
f 2440/2440/2440 2444/2444/2444 2446/2446/2446
f 2445/2445/2445 2447/2447/2447 2444/2444/2444
f 2445/2445/2445 2448/2448/2448 2447/2447/2447
f 2444/2444/2444 2449/2449/2449 2446/2446/2446
f 2444/2444/2444 2447/2447/2447 2449/2449/2449
f 2448/2448/2448 2450/2450/2450 2447/2447/2447
f 2448/2448/2448 2451/2451/2451 2450/2450/2450
f 2446/2446/2446 2452/2452/2452 2443/2443/2443
f 2446/2446/2446 2449/2449/2449 2452/2452/2452
f 2447/2447/2447 2453/2453/2453 2449/2449/2449
f 2447/2447/2447 2450/2450/2450 2453/2453/2453
f 2451/2451/2451 2454/2454/2454 2450/2450/2450
f 2451/2451/2451 2455/2455/2455 2454/2454/2454
f 2449/2449/2449 2456/2456/2456 2452/2452/2452
f 2449/2449/2449 2453/2453/2453 2456/2456/2456
f 2450/2450/2450 2457/2457/2457 2453/2453/2453
f 2450/2450/2450 2454/2454/2454 2457/2457/2457
f 2455/2455/2455 2458/2458/2458 2454/2454/2454
f 2455/2455/2455 2459/2459/2459 2458/2458/2458
f 2452/2452/2452 2460/2460/2460 2443/2443/2443
f 2452/2452/2452 2456/2456/2456 2460/2460/2460
f 2453/2453/2453 2461/2461/2461 2456/2456/2456
f 2453/2453/2453 2457/2457/2457 2461/2461/2461
f 2454/2454/2454 2462/2462/2462 2457/2457/2457
f 2454/2454/2454 2458/2458/2458 2462/2462/2462
f 2459/2459/2459 2463/2463/2463 2458/2458/2458
f 2463/2463/2463 2459/2459/2459 2464/2464/2464
f 2456/2456/2456 2465/2465/2465 2460/2460/2460
f 2456/2456/2456 2461/2461/2461 2465/2465/2465
f 2457/2457/2457 2466/2466/2466 2461/2461/2461
f 2457/2457/2457 2462/2462/2462 2466/2466/2466
f 2458/2458/2458 2463/2463/2463 2467/2467/2467
f 2458/2458/2458 2467/2467/2467 2462/2462/2462
f 2460/2460/2460 2468/2468/2468 2443/2443/2443
f 2460/2460/2460 2465/2465/2465 2468/2468/2468
f 2461/2461/2461 2469/2469/2469 2465/2465/2465
f 2461/2461/2461 2466/2466/2466 2469/2469/2469
f 2462/2462/2462 2470/2470/2470 2466/2466/2466
f 2462/2462/2462 2467/2467/2467 2470/2470/2470
f 2463/2463/2463 2471/2471/2471 2467/2467/2467
f 2471/2471/2471 2463/2463/2463 2464/2464/2464
f 2465/2465/2465 2472/2472/2472 2468/2468/2468
f 2465/2465/2465 2469/2469/2469 2472/2472/2472
f 2468/2468/2468 2473/2473/2473 2443/2443/2443
f 2468/2468/2468 2472/2472/2472 2473/2473/2473
f 2466/2466/2466 2474/2474/2474 2469/2469/2469
f 2466/2466/2466 2470/2470/2470 2474/2474/2474
f 2467/2467/2467 2471/2471/2471 2475/2475/2475
f 2467/2467/2467 2475/2475/2475 2470/2470/2470
f 2473/2473/2473 2476/2476/2476 2443/2443/2443
f 2476/2476/2476 2477/2477/2477 2443/2443/2443
f 2469/2469/2469 2478/2478/2478 2472/2472/2472
f 2469/2469/2469 2474/2474/2474 2478/2478/2478
f 2472/2472/2472 2479/2479/2479 2473/2473/2473
f 2473/2473/2473 2479/2479/2479 2476/2476/2476
f 2472/2472/2472 2478/2478/2478 2479/2479/2479
f 2476/2476/2476 2480/2480/2480 2477/2477/2477
f 2479/2479/2479 2480/2480/2480 2476/2476/2476
f 2480/2480/2480 2481/2481/2481 2477/2477/2477
f 2470/2470/2470 2482/2482/2482 2474/2474/2474
f 2470/2470/2470 2475/2475/2475 2482/2482/2482
f 2471/2471/2471 2483/2483/2483 2475/2475/2475
f 2483/2483/2483 2471/2471/2471 2464/2464/2464
f 2474/2474/2474 2484/2484/2484 2478/2478/2478
f 2474/2474/2474 2482/2482/2482 2484/2484/2484
f 2478/2478/2478 2485/2485/2485 2479/2479/2479
f 2479/2479/2479 2485/2485/2485 2480/2480/2480
f 2478/2478/2478 2484/2484/2484 2485/2485/2485
f 2480/2480/2480 2486/2486/2486 2481/2481/2481
f 2485/2485/2485 2486/2486/2486 2480/2480/2480
f 2486/2486/2486 2487/2487/2487 2481/2481/2481
f 2475/2475/2475 2483/2483/2483 2488/2488/2488
f 2475/2475/2475 2488/2488/2488 2482/2482/2482
f 2482/2482/2482 2489/2489/2489 2484/2484/2484
f 2482/2482/2482 2488/2488/2488 2489/2489/2489
f 2484/2484/2484 2490/2490/2490 2485/2485/2485
f 2485/2485/2485 2490/2490/2490 2486/2486/2486
f 2484/2484/2484 2489/2489/2489 2490/2490/2490
f 2486/2486/2486 2491/2491/2491 2487/2487/2487
f 2490/2490/2490 2491/2491/2491 2486/2486/2486
f 2491/2491/2491 2492/2492/2492 2487/2487/2487
f 2483/2483/2483 2493/2493/2493 2488/2488/2488
f 2493/2493/2493 2483/2483/2483 2464/2464/2464
f 2488/2488/2488 2494/2494/2494 2489/2489/2489
f 2488/2488/2488 2493/2493/2493 2494/2494/2494
f 2489/2489/2489 2495/2495/2495 2490/2490/2490
f 2490/2490/2490 2495/2495/2495 2491/2491/2491
f 2489/2489/2489 2494/2494/2494 2495/2495/2495
f 2491/2491/2491 2496/2496/2496 2492/2492/2492
f 2495/2495/2495 2496/2496/2496 2491/2491/2491
f 2496/2496/2496 2497/2497/2497 2492/2492/2492
f 2493/2493/2493 2498/2498/2498 2494/2494/2494
f 2498/2498/2498 2493/2493/2493 2464/2464/2464
f 2494/2494/2494 2499/2499/2499 2495/2495/2495
f 2495/2495/2495 2499/2499/2499 2496/2496/2496
f 2494/2494/2494 2498/2498/2498 2499/2499/2499
f 2496/2496/2496 2500/2500/2500 2497/2497/2497
f 2499/2499/2499 2500/2500/2500 2496/2496/2496
f 2500/2500/2500 2501/2501/2501 2497/2497/2497
f 2498/2498/2498 2502/2502/2502 2499/2499/2499
f 2502/2502/2502 2498/2498/2498 2464/2464/2464
f 2499/2499/2499 2502/2502/2502 2500/2500/2500
f 2500/2500/2500 2503/2503/2503 2501/2501/2501
f 2502/2502/2502 2503/2503/2503 2500/2500/2500
f 2503/2503/2503 2502/2502/2502 2464/2464/2464
f 2503/2503/2503 2504/2504/2504 2501/2501/2501
f 2504/2504/2504 2503/2503/2503 2464/2464/2464
f 2507/2507/2507 2506/2506/2506 2505/2505/2505
f 2506/2506/2506 2508/2508/2508 2505/2505/2505
f 2509/2509/2509 2507/2507/2507 2505/2505/2505
f 2507/2507/2507 2509/2509/2509 2510/2510/2510
f 2511/2511/2511 2507/2507/2507 2510/2510/2510
f 2511/2511/2511 2510/2510/2510 2512/2512/2512
f 2513/2513/2513 2511/2511/2511 2512/2512/2512
f 2513/2513/2513 2512/2512/2512 2514/2514/2514
f 2515/2515/2515 2513/2513/2513 2514/2514/2514
f 2515/2515/2515 2514/2514/2514 2516/2516/2516
f 2517/2517/2517 2515/2515/2515 2516/2516/2516
f 2517/2517/2517 2516/2516/2516 2518/2518/2518
f 2519/2519/2519 2517/2517/2517 2518/2518/2518
f 2520/2520/2520 2519/2519/2519 2518/2518/2518
f 2521/2521/2521 2520/2520/2520 2518/2518/2518
f 2522/2522/2522 2520/2520/2520 2521/2521/2521
f 2523/2523/2523 2518/2518/2518 2516/2516/2516
f 2518/2518/2518 2523/2523/2523 2521/2521/2521
f 2524/2524/2524 2523/2523/2523 2516/2516/2516
f 2524/2524/2524 2516/2516/2516 2514/2514/2514
f 2525/2525/2525 2524/2524/2524 2514/2514/2514
f 2525/2525/2525 2514/2514/2514 2512/2512/2512
f 2526/2526/2526 2525/2525/2525 2512/2512/2512
f 2526/2526/2526 2512/2512/2512 2510/2510/2510
f 2527/2527/2527 2526/2526/2526 2510/2510/2510
f 2527/2527/2527 2510/2510/2510 2509/2509/2509
f 2528/2528/2528 2527/2527/2527 2509/2509/2509
f 2523/2523/2523 2529/2529/2529 2521/2521/2521
f 2528/2528/2528 2509/2509/2509 2530/2530/2530
f 2505/2505/2505 2530/2530/2530 2509/2509/2509
f 2531/2531/2531 2528/2528/2528 2530/2530/2530
f 2521/2521/2521 2529/2529/2529 2532/2532/2532
f 2529/2529/2529 2533/2533/2533 2532/2532/2532
f 2505/2505/2505 2534/2534/2534 2530/2530/2530
f 2508/2508/2508 2534/2534/2534 2505/2505/2505
f 2531/2531/2531 2530/2530/2530 2535/2535/2535
f 2534/2534/2534 2535/2535/2535 2530/2530/2530
f 2536/2536/2536 2531/2531/2531 2535/2535/2535
f 2537/2537/2537 2536/2536/2536 2535/2535/2535
f 2538/2538/2538 2537/2537/2537 2535/2535/2535
f 2535/2535/2535 2534/2534/2534 2538/2538/2538
f 2539/2539/2539 2537/2537/2537 2538/2538/2538
f 2534/2534/2534 2508/2508/2508 2540/2540/2540
f 2534/2534/2534 2540/2540/2540 2538/2538/2538
f 2508/2508/2508 2541/2541/2541 2540/2540/2540
f 2541/2541/2541 2542/2542/2542 2540/2540/2540
f 2543/2543/2543 2539/2539/2539 2538/2538/2538
f 2538/2538/2538 2540/2540/2540 2543/2543/2543
f 2542/2542/2542 2543/2543/2543 2540/2540/2540
f 2544/2544/2544 2539/2539/2539 2543/2543/2543
f 2543/2543/2543 2542/2542/2542 2545/2545/2545
f 2545/2545/2545 2544/2544/2544 2543/2543/2543
f 2542/2542/2542 2546/2546/2546 2545/2545/2545
f 2547/2547/2547 2544/2544/2544 2545/2545/2545
f 2545/2545/2545 2546/2546/2546 2548/2548/2548
f 2548/2548/2548 2547/2547/2547 2545/2545/2545
f 2546/2546/2546 2549/2549/2549 2548/2548/2548
f 2550/2550/2550 2547/2547/2547 2548/2548/2548
f 2548/2548/2548 2549/2549/2549 2551/2551/2551
f 2551/2551/2551 2550/2550/2550 2548/2548/2548
f 2549/2549/2549 2552/2552/2552 2551/2551/2551
f 2553/2553/2553 2550/2550/2550 2551/2551/2551
f 2551/2551/2551 2552/2552/2552 2554/2554/2554
f 2554/2554/2554 2553/2553/2553 2551/2551/2551
f 2552/2552/2552 2555/2555/2555 2554/2554/2554
f 2553/2553/2553 2554/2554/2554 2556/2556/2556
f 2554/2554/2554 2555/2555/2555 2557/2557/2557
f 2554/2554/2554 2557/2557/2557 2556/2556/2556
f 2555/2555/2555 2558/2558/2558 2557/2557/2557
f 2558/2558/2558 2559/2559/2559 2557/2557/2557
f 2556/2556/2556 2557/2557/2557 2560/2560/2560
f 2559/2559/2559 2560/2560/2560 2557/2557/2557
f 2561/2561/2561 2556/2556/2556 2560/2560/2560
f 2559/2559/2559 2562/2562/2562 2560/2560/2560
f 2561/2561/2561 2560/2560/2560 2563/2563/2563
f 2564/2564/2564 2561/2561/2561 2563/2563/2563
f 2562/2562/2562 2565/2565/2565 2560/2560/2560
f 2560/2560/2560 2565/2565/2565 2563/2563/2563
f 2562/2562/2562 2566/2566/2566 2565/2565/2565
f 2564/2564/2564 2563/2563/2563 2567/2567/2567
f 2568/2568/2568 2564/2564/2564 2567/2567/2567
f 2533/2533/2533 2568/2568/2568 2567/2567/2567
f 2532/2532/2532 2533/2533/2533 2567/2567/2567
f 2565/2565/2565 2569/2569/2569 2563/2563/2563
f 2569/2569/2569 2567/2567/2567 2563/2563/2563
f 2566/2566/2566 2569/2569/2569 2565/2565/2565
f 2567/2567/2567 2569/2569/2569 2532/2532/2532
f 2569/2569/2569 2566/2566/2566 2570/2570/2570
f 2569/2569/2569 2570/2570/2570 2532/2532/2532
f 2566/2566/2566 2522/2522/2522 2570/2570/2570
f 2570/2570/2570 2521/2521/2521 2532/2532/2532
f 2570/2570/2570 2522/2522/2522 2521/2521/2521
f 2573/2573/2573 2572/2572/2572 2571/2571/2571
f 2574/2574/2574 2573/2573/2573 2571/2571/2571
f 2572/2572/2572 2575/2575/2575 2571/2571/2571
f 2572/2572/2572 2576/2576/2576 2575/2575/2575
f 2571/2571/2571 2577/2577/2577 2574/2574/2574
f 2578/2578/2578 2574/2574/2574 2577/2577/2577
f 2575/2575/2575 2579/2579/2579 2571/2571/2571
f 2579/2579/2579 2577/2577/2577 2571/2571/2571
f 2576/2576/2576 2580/2580/2580 2575/2575/2575
f 2579/2579/2579 2575/2575/2575 2580/2580/2580
f 2576/2576/2576 2581/2581/2581 2580/2580/2580
f 2582/2582/2582 2578/2578/2578 2577/2577/2577
f 2582/2582/2582 2577/2577/2577 2579/2579/2579
f 2578/2578/2578 2582/2582/2582 2583/2583/2583
f 2581/2581/2581 2584/2584/2584 2580/2580/2580
f 2581/2581/2581 2585/2585/2585 2584/2584/2584
f 2586/2586/2586 2579/2579/2579 2580/2580/2580
f 2586/2586/2586 2582/2582/2582 2579/2579/2579
f 2586/2586/2586 2580/2580/2580 2584/2584/2584
f 2582/2582/2582 2587/2587/2587 2583/2583/2583
f 2582/2582/2582 2586/2586/2586 2587/2587/2587
f 2585/2585/2585 2588/2588/2588 2584/2584/2584
f 2588/2588/2588 2585/2585/2585 2589/2589/2589
f 2590/2590/2590 2586/2586/2586 2584/2584/2584
f 2586/2586/2586 2590/2590/2590 2587/2587/2587
f 2590/2590/2590 2584/2584/2584 2588/2588/2588
f 2583/2583/2583 2587/2587/2587 2591/2591/2591
f 2591/2591/2591 2587/2587/2587 2590/2590/2590
f 2592/2592/2592 2583/2583/2583 2591/2591/2591
f 2593/2593/2593 2588/2588/2588 2589/2589/2589
f 2589/2589/2589 2594/2594/2594 2593/2593/2593
f 2595/2595/2595 2590/2590/2590 2588/2588/2588
f 2595/2595/2595 2591/2591/2591 2590/2590/2590
f 2595/2595/2595 2588/2588/2588 2593/2593/2593
f 2592/2592/2592 2591/2591/2591 2596/2596/2596
f 2597/2597/2597 2592/2592/2592 2596/2596/2596
f 2591/2591/2591 2595/2595/2595 2598/2598/2598
f 2598/2598/2598 2595/2595/2595 2593/2593/2593
f 2596/2596/2596 2591/2591/2591 2598/2598/2598
f 2594/2594/2594 2599/2599/2599 2593/2593/2593
f 2593/2593/2593 2599/2599/2599 2598/2598/2598
f 2599/2599/2599 2594/2594/2594 2600/2600/2600
f 2596/2596/2596 2601/2601/2601 2597/2597/2597
f 2601/2601/2601 2602/2602/2602 2597/2597/2597
f 2603/2603/2603 2602/2602/2602 2601/2601/2601
f 2598/2598/2598 2604/2604/2604 2596/2596/2596
f 2599/2599/2599 2604/2604/2604 2598/2598/2598
f 2604/2604/2604 2601/2601/2601 2596/2596/2596
f 2605/2605/2605 2599/2599/2599 2600/2600/2600
f 2604/2604/2604 2599/2599/2599 2605/2605/2605
f 2605/2605/2605 2600/2600/2600 2606/2606/2606
f 2607/2607/2607 2603/2603/2603 2601/2601/2601
f 2601/2601/2601 2604/2604/2604 2607/2607/2607
f 2608/2608/2608 2603/2603/2603 2607/2607/2607
f 2609/2609/2609 2605/2605/2605 2606/2606/2606
f 2609/2609/2609 2606/2606/2606 2610/2610/2610
f 2611/2611/2611 2604/2604/2604 2605/2605/2605
f 2604/2604/2604 2611/2611/2611 2607/2607/2607
f 2611/2611/2611 2605/2605/2605 2609/2609/2609
f 2612/2612/2612 2608/2608/2608 2607/2607/2607
f 2612/2612/2612 2607/2607/2607 2611/2611/2611
f 2608/2608/2608 2612/2612/2612 2613/2613/2613
f 2614/2614/2614 2609/2609/2609 2610/2610/2610
f 2614/2614/2614 2610/2610/2610 2615/2615/2615
f 2616/2616/2616 2611/2611/2611 2609/2609/2609
f 2616/2616/2616 2612/2612/2612 2611/2611/2611
f 2616/2616/2616 2609/2609/2609 2614/2614/2614
f 2612/2612/2612 2617/2617/2617 2613/2613/2613
f 2612/2612/2612 2616/2616/2616 2617/2617/2617
f 2613/2613/2613 2617/2617/2617 2618/2618/2618
f 2619/2619/2619 2614/2614/2614 2615/2615/2615
f 2619/2619/2619 2615/2615/2615 2620/2620/2620
f 2621/2621/2621 2616/2616/2616 2614/2614/2614
f 2616/2616/2616 2621/2621/2621 2617/2617/2617
f 2621/2621/2621 2614/2614/2614 2619/2619/2619
f 2617/2617/2617 2622/2622/2622 2618/2618/2618
f 2617/2617/2617 2621/2621/2621 2622/2622/2622
f 2623/2623/2623 2618/2618/2618 2622/2622/2622
f 2624/2624/2624 2619/2619/2619 2620/2620/2620
f 2620/2620/2620 2625/2625/2625 2624/2624/2624
f 2626/2626/2626 2621/2621/2621 2619/2619/2619
f 2621/2621/2621 2626/2626/2626 2622/2622/2622
f 2626/2626/2626 2619/2619/2619 2624/2624/2624
f 2627/2627/2627 2623/2623/2623 2622/2622/2622
f 2627/2627/2627 2622/2622/2622 2626/2626/2626
f 2628/2628/2628 2623/2623/2623 2627/2627/2627
f 2625/2625/2625 2629/2629/2629 2624/2624/2624
f 2630/2630/2630 2629/2629/2629 2625/2625/2625
f 2631/2631/2631 2626/2626/2626 2624/2624/2624
f 2631/2631/2631 2627/2627/2627 2626/2626/2626
f 2631/2631/2631 2624/2624/2624 2629/2629/2629
f 2632/2632/2632 2628/2628/2628 2627/2627/2627
f 2628/2628/2628 2632/2632/2632 2630/2630/2630
f 2632/2632/2632 2627/2627/2627 2631/2631/2631
f 2633/2633/2633 2631/2631/2631 2629/2629/2629
f 2633/2633/2633 2629/2629/2629 2630/2630/2630
f 2633/2633/2633 2632/2632/2632 2631/2631/2631
f 2632/2632/2632 2633/2633/2633 2630/2630/2630
f 2636/2636/2636 2635/2635/2635 2634/2634/2634
f 2635/2635/2635 2637/2637/2637 2634/2634/2634
f 2638/2638/2638 2636/2636/2636 2634/2634/2634
f 2639/2639/2639 2636/2636/2636 2638/2638/2638
f 2640/2640/2640 2634/2634/2634 2637/2637/2637
f 2637/2637/2637 2641/2641/2641 2640/2640/2640
f 2642/2642/2642 2638/2638/2638 2634/2634/2634
f 2640/2640/2640 2642/2642/2642 2634/2634/2634
f 2643/2643/2643 2639/2639/2639 2638/2638/2638
f 2638/2638/2638 2642/2642/2642 2643/2643/2643
f 2644/2644/2644 2639/2639/2639 2643/2643/2643
f 2641/2641/2641 2645/2645/2645 2640/2640/2640
f 2640/2640/2640 2645/2645/2645 2642/2642/2642
f 2645/2645/2645 2641/2641/2641 2646/2646/2646
f 2647/2647/2647 2644/2644/2644 2643/2643/2643
f 2648/2648/2648 2644/2644/2644 2647/2647/2647
f 2642/2642/2642 2649/2649/2649 2643/2643/2643
f 2645/2645/2645 2649/2649/2649 2642/2642/2642
f 2643/2643/2643 2649/2649/2649 2647/2647/2647
f 2650/2650/2650 2645/2645/2645 2646/2646/2646
f 2649/2649/2649 2645/2645/2645 2650/2650/2650
f 2651/2651/2651 2648/2648/2648 2647/2647/2647
f 2648/2648/2648 2651/2651/2651 2652/2652/2652
f 2649/2649/2649 2653/2653/2653 2647/2647/2647
f 2653/2653/2653 2649/2649/2649 2650/2650/2650
f 2647/2647/2647 2653/2653/2653 2651/2651/2651
f 2650/2650/2650 2646/2646/2646 2654/2654/2654
f 2650/2650/2650 2654/2654/2654 2653/2653/2653
f 2646/2646/2646 2655/2655/2655 2654/2654/2654
f 2651/2651/2651 2656/2656/2656 2652/2652/2652
f 2657/2657/2657 2652/2652/2652 2656/2656/2656
f 2653/2653/2653 2658/2658/2658 2651/2651/2651
f 2654/2654/2654 2658/2658/2658 2653/2653/2653
f 2651/2651/2651 2658/2658/2658 2656/2656/2656
f 2654/2654/2654 2655/2655/2655 2659/2659/2659
f 2655/2655/2655 2660/2660/2660 2659/2659/2659
f 2658/2658/2658 2654/2654/2654 2661/2661/2661
f 2658/2658/2658 2661/2661/2661 2656/2656/2656
f 2654/2654/2654 2659/2659/2659 2661/2661/2661
f 2662/2662/2662 2657/2657/2657 2656/2656/2656
f 2662/2662/2662 2656/2656/2656 2661/2661/2661
f 2657/2657/2657 2662/2662/2662 2663/2663/2663
f 2664/2664/2664 2659/2659/2659 2660/2660/2660
f 2665/2665/2665 2664/2664/2664 2660/2660/2660
f 2665/2665/2665 2666/2666/2666 2664/2664/2664
f 2667/2667/2667 2661/2661/2661 2659/2659/2659
f 2667/2667/2667 2662/2662/2662 2661/2661/2661
f 2664/2664/2664 2667/2667/2667 2659/2659/2659
f 2662/2662/2662 2668/2668/2668 2663/2663/2663
f 2662/2662/2662 2667/2667/2667 2668/2668/2668
f 2663/2663/2663 2668/2668/2668 2669/2669/2669
f 2666/2666/2666 2670/2670/2670 2664/2664/2664
f 2667/2667/2667 2664/2664/2664 2670/2670/2670
f 2666/2666/2666 2671/2671/2671 2670/2670/2670
f 2668/2668/2668 2672/2672/2672 2669/2669/2669
f 2669/2669/2669 2672/2672/2672 2673/2673/2673
f 2667/2667/2667 2674/2674/2674 2668/2668/2668
f 2674/2674/2674 2667/2667/2667 2670/2670/2670
f 2668/2668/2668 2674/2674/2674 2672/2672/2672
f 2671/2671/2671 2675/2675/2675 2670/2670/2670
f 2670/2670/2670 2675/2675/2675 2674/2674/2674
f 2675/2675/2675 2671/2671/2671 2676/2676/2676
f 2672/2672/2672 2677/2677/2677 2673/2673/2673
f 2673/2673/2673 2677/2677/2677 2678/2678/2678
f 2674/2674/2674 2679/2679/2679 2672/2672/2672
f 2675/2675/2675 2679/2679/2679 2674/2674/2674
f 2672/2672/2672 2679/2679/2679 2677/2677/2677
f 2680/2680/2680 2675/2675/2675 2676/2676/2676
f 2679/2679/2679 2675/2675/2675 2680/2680/2680
f 2680/2680/2680 2676/2676/2676 2681/2681/2681
f 2677/2677/2677 2682/2682/2682 2678/2678/2678
f 2678/2678/2678 2682/2682/2682 2683/2683/2683
f 2679/2679/2679 2684/2684/2684 2677/2677/2677
f 2684/2684/2684 2679/2679/2679 2680/2680/2680
f 2677/2677/2677 2684/2684/2684 2682/2682/2682
f 2685/2685/2685 2680/2680/2680 2681/2681/2681
f 2684/2684/2684 2680/2680/2680 2685/2685/2685
f 2681/2681/2681 2686/2686/2686 2685/2685/2685
f 2682/2682/2682 2687/2687/2687 2683/2683/2683
f 2688/2688/2688 2683/2683/2683 2687/2687/2687
f 2684/2684/2684 2689/2689/2689 2682/2682/2682
f 2689/2689/2689 2684/2684/2684 2685/2685/2685
f 2682/2682/2682 2689/2689/2689 2687/2687/2687
f 2686/2686/2686 2690/2690/2690 2685/2685/2685
f 2685/2685/2685 2690/2690/2690 2689/2689/2689
f 2686/2686/2686 2691/2691/2691 2690/2690/2690
f 2692/2692/2692 2688/2688/2688 2687/2687/2687
f 2692/2692/2692 2693/2693/2693 2688/2688/2688
f 2689/2689/2689 2694/2694/2694 2687/2687/2687
f 2690/2690/2690 2694/2694/2694 2689/2689/2689
f 2687/2687/2687 2694/2694/2694 2692/2692/2692
f 2691/2691/2691 2695/2695/2695 2690/2690/2690
f 2695/2695/2695 2691/2691/2691 2693/2693/2693
f 2690/2690/2690 2695/2695/2695 2694/2694/2694
f 2694/2694/2694 2696/2696/2696 2692/2692/2692
f 2692/2692/2692 2696/2696/2696 2693/2693/2693
f 2695/2695/2695 2696/2696/2696 2694/2694/2694
f 2696/2696/2696 2695/2695/2695 2693/2693/2693
f 2699/2699/2699 2698/2698/2698 2697/2697/2697
f 2697/2697/2697 2698/2698/2698 2700/2700/2700
f 2701/2701/2701 2699/2699/2699 2697/2697/2697
f 2702/2702/2702 2699/2699/2699 2701/2701/2701
f 2703/2703/2703 2697/2697/2697 2700/2700/2700
f 2701/2701/2701 2697/2697/2697 2703/2703/2703
f 2704/2704/2704 2702/2702/2702 2701/2701/2701
f 2705/2705/2705 2702/2702/2702 2704/2704/2704
f 2706/2706/2706 2701/2701/2701 2703/2703/2703
f 2704/2704/2704 2701/2701/2701 2706/2706/2706
f 2707/2707/2707 2705/2705/2705 2704/2704/2704
f 2708/2708/2708 2705/2705/2705 2707/2707/2707
f 2709/2709/2709 2703/2703/2703 2700/2700/2700
f 2706/2706/2706 2703/2703/2703 2709/2709/2709
f 2710/2710/2710 2704/2704/2704 2706/2706/2706
f 2707/2707/2707 2704/2704/2704 2710/2710/2710
f 2711/2711/2711 2708/2708/2708 2707/2707/2707
f 2712/2712/2712 2708/2708/2708 2711/2711/2711
f 2713/2713/2713 2706/2706/2706 2709/2709/2709
f 2710/2710/2710 2706/2706/2706 2713/2713/2713
f 2714/2714/2714 2707/2707/2707 2710/2710/2710
f 2711/2711/2711 2707/2707/2707 2714/2714/2714
f 2715/2715/2715 2712/2712/2712 2711/2711/2711
f 2716/2716/2716 2712/2712/2712 2715/2715/2715
f 2717/2717/2717 2709/2709/2709 2700/2700/2700
f 2713/2713/2713 2709/2709/2709 2717/2717/2717
f 2718/2718/2718 2710/2710/2710 2713/2713/2713
f 2714/2714/2714 2710/2710/2710 2718/2718/2718
f 2719/2719/2719 2711/2711/2711 2714/2714/2714
f 2715/2715/2715 2711/2711/2711 2719/2719/2719
f 2720/2720/2720 2716/2716/2716 2715/2715/2715
f 2716/2716/2716 2720/2720/2720 2721/2721/2721
f 2722/2722/2722 2713/2713/2713 2717/2717/2717
f 2718/2718/2718 2713/2713/2713 2722/2722/2722
f 2723/2723/2723 2714/2714/2714 2718/2718/2718
f 2719/2719/2719 2714/2714/2714 2723/2723/2723
f 2720/2720/2720 2715/2715/2715 2724/2724/2724
f 2724/2724/2724 2715/2715/2715 2719/2719/2719
f 2725/2725/2725 2717/2717/2717 2700/2700/2700
f 2722/2722/2722 2717/2717/2717 2725/2725/2725
f 2726/2726/2726 2718/2718/2718 2722/2722/2722
f 2723/2723/2723 2718/2718/2718 2726/2726/2726
f 2727/2727/2727 2719/2719/2719 2723/2723/2723
f 2724/2724/2724 2719/2719/2719 2727/2727/2727
f 2728/2728/2728 2720/2720/2720 2724/2724/2724
f 2720/2720/2720 2728/2728/2728 2721/2721/2721
f 2729/2729/2729 2722/2722/2722 2725/2725/2725
f 2726/2726/2726 2722/2722/2722 2729/2729/2729
f 2730/2730/2730 2725/2725/2725 2700/2700/2700
f 2729/2729/2729 2725/2725/2725 2730/2730/2730
f 2731/2731/2731 2723/2723/2723 2726/2726/2726
f 2727/2727/2727 2723/2723/2723 2731/2731/2731
f 2728/2728/2728 2724/2724/2724 2732/2732/2732
f 2732/2732/2732 2724/2724/2724 2727/2727/2727
f 2733/2733/2733 2730/2730/2730 2700/2700/2700
f 2734/2734/2734 2733/2733/2733 2700/2700/2700
f 2735/2735/2735 2726/2726/2726 2729/2729/2729
f 2731/2731/2731 2726/2726/2726 2735/2735/2735
f 2736/2736/2736 2729/2729/2729 2730/2730/2730
f 2736/2736/2736 2730/2730/2730 2733/2733/2733
f 2735/2735/2735 2729/2729/2729 2736/2736/2736
f 2737/2737/2737 2733/2733/2733 2734/2734/2734
f 2737/2737/2737 2736/2736/2736 2733/2733/2733
f 2738/2738/2738 2737/2737/2737 2734/2734/2734
f 2739/2739/2739 2727/2727/2727 2731/2731/2731
f 2732/2732/2732 2727/2727/2727 2739/2739/2739
f 2740/2740/2740 2728/2728/2728 2732/2732/2732
f 2728/2728/2728 2740/2740/2740 2721/2721/2721
f 2741/2741/2741 2731/2731/2731 2735/2735/2735
f 2739/2739/2739 2731/2731/2731 2741/2741/2741
f 2742/2742/2742 2735/2735/2735 2736/2736/2736
f 2742/2742/2742 2736/2736/2736 2737/2737/2737
f 2741/2741/2741 2735/2735/2735 2742/2742/2742
f 2743/2743/2743 2737/2737/2737 2738/2738/2738
f 2743/2743/2743 2742/2742/2742 2737/2737/2737
f 2744/2744/2744 2743/2743/2743 2738/2738/2738
f 2740/2740/2740 2732/2732/2732 2745/2745/2745
f 2745/2745/2745 2732/2732/2732 2739/2739/2739
f 2746/2746/2746 2739/2739/2739 2741/2741/2741
f 2745/2745/2745 2739/2739/2739 2746/2746/2746
f 2747/2747/2747 2741/2741/2741 2742/2742/2742
f 2747/2747/2747 2742/2742/2742 2743/2743/2743
f 2746/2746/2746 2741/2741/2741 2747/2747/2747
f 2748/2748/2748 2743/2743/2743 2744/2744/2744
f 2748/2748/2748 2747/2747/2747 2743/2743/2743
f 2749/2749/2749 2748/2748/2748 2744/2744/2744
f 2750/2750/2750 2740/2740/2740 2745/2745/2745
f 2740/2740/2740 2750/2750/2750 2721/2721/2721
f 2751/2751/2751 2745/2745/2745 2746/2746/2746
f 2750/2750/2750 2745/2745/2745 2751/2751/2751
f 2752/2752/2752 2746/2746/2746 2747/2747/2747
f 2752/2752/2752 2747/2747/2747 2748/2748/2748
f 2751/2751/2751 2746/2746/2746 2752/2752/2752
f 2753/2753/2753 2748/2748/2748 2749/2749/2749
f 2753/2753/2753 2752/2752/2752 2748/2748/2748
f 2754/2754/2754 2753/2753/2753 2749/2749/2749
f 2755/2755/2755 2750/2750/2750 2751/2751/2751
f 2750/2750/2750 2755/2755/2755 2721/2721/2721
f 2756/2756/2756 2751/2751/2751 2752/2752/2752
f 2756/2756/2756 2752/2752/2752 2753/2753/2753
f 2755/2755/2755 2751/2751/2751 2756/2756/2756
f 2757/2757/2757 2753/2753/2753 2754/2754/2754
f 2757/2757/2757 2756/2756/2756 2753/2753/2753
f 2758/2758/2758 2757/2757/2757 2754/2754/2754
f 2759/2759/2759 2755/2755/2755 2756/2756/2756
f 2755/2755/2755 2759/2759/2759 2721/2721/2721
f 2759/2759/2759 2756/2756/2756 2757/2757/2757
f 2760/2760/2760 2757/2757/2757 2758/2758/2758
f 2760/2760/2760 2759/2759/2759 2757/2757/2757
f 2759/2759/2759 2760/2760/2760 2721/2721/2721
f 2761/2761/2761 2760/2760/2760 2758/2758/2758
f 2760/2760/2760 2761/2761/2761 2721/2721/2721
