g JunShu2
v 1.5397799 2.87611389 0.459560007
v 1.58869004 2.69646788 0.508637011
v 1.58869004 2.87611389 0.508637011
v 1.5397799 2.69646788 0.459560007
v 1.54101503 2.87611389 0.386882007
v 1.58869004 2.58868098 0.508637011
v 1.54101503 2.69646788 0.386882007
v 1.58859491 2.87611389 0.335280001
v 1.5397799 2.58868098 0.459560007
v 1.58869004 2.48089409 0.508637011
v 1.58859491 2.69646788 0.335280001
v 1.65453088 2.87611389 0.318188995
v 1.54101503 2.58868098 0.386882007
v 1.5397799 2.48089409 0.459560007
v 1.58869004 2.37310696 0.508637011
v 1.65453088 2.69646788 0.318188995
v 1.72036099 2.87611389 0.348268986
v 1.58859491 2.58868098 0.335280001
v 1.5397799 2.37310696 0.459560007
v 1.58869004 2.26531982 0.508636773
v 1.54101503 2.48089409 0.386882007
v 1.72036099 2.69646788 0.348268986
v 1.74973202 2.87611389 0.40823397
v 1.5397799 2.26531982 0.459560007
v 1.58869004 2.15753293 0.508635998
v 1.65453088 2.58868098 0.318188995
v 1.54101503 2.37310696 0.386882007
v 1.58859491 2.48089409 0.335280001
v 1.74973202 2.69646788 0.40823397
v 1.73817503 2.87611389 0.476348966
v 1.5397799 2.15753293 0.459560007
v 1.58869004 2.04974604 0.508635998
v 1.72036099 2.58868098 0.348268986
v 1.54101503 2.26531982 0.386882007
v 1.58859491 2.37310696 0.335280001
v 1.65453088 2.48089409 0.318188995
v 1.73817503 2.69646811 0.476348966
v 1.7040199 2.87611389 0.517673969
v 1.5397799 2.04974604 0.459560007
v 1.58869004 1.87010098 0.508635998
v 1.5397799 1.87010098 0.459560007
v 1.54101503 2.15753293 0.386882007
v 1.54101503 2.04974604 0.386882007
v 1.54101503 1.87010098 0.386882007
v 1.58859491 2.26531982 0.335280001
v 1.58859491 2.04974604 0.335280001
v 1.58859491 1.87010098 0.335280001
v 1.58859491 2.15753293 0.335280001
v 1.65453088 2.37310696 0.318188995
v 1.65453088 2.04974604 0.318188995
v 1.65453088 1.87010098 0.318188995
v 1.65453088 2.26531982 0.318188995
v 1.65453088 2.15753293 0.318188995
v 1.72036099 2.48089409 0.348268986
v 1.72036099 2.04974604 0.348268986
v 1.72036099 1.87010098 0.348268986
v 1.72036099 2.37310696 0.348268986
v 1.72036099 2.26531982 0.348268986
v 1.72036099 2.15753293 0.348268986
v 1.74973202 2.58868098 0.40823397
v 1.74973202 2.04974604 0.40823397
v 1.74973202 1.87010098 0.40823397
v 1.74973202 2.48089409 0.40823397
v 1.74973202 2.37310696 0.40823397
v 1.74973202 2.26531982 0.40823397
v 1.74973202 2.15753293 0.40823397
v 1.73817503 2.58868194 0.476348966
v 1.73817503 2.04974604 0.476348966
v 1.73817503 1.87010098 0.476348966
v 1.73817503 2.48089409 0.476348966
v 1.73817503 2.37310696 0.476348966
v 1.73817503 2.26531982 0.476348966
v 1.73817503 2.15753293 0.476348966
v 1.7040199 2.69646811 0.517673969
v 1.64617896 2.87611389 0.534828961
v 1.7040199 2.04974604 0.517673969
v 1.7040199 1.87010098 0.517673969
v 1.7040199 2.58868194 0.517673969
v 1.64617896 2.69646788 0.534828961
v 1.55477095 2.87611389 0.534828961
v 1.7040199 2.15753293 0.517673969
v 1.7040199 2.26531982 0.517673969
v 1.64617896 2.04974604 0.534828961
v 1.64617896 1.87010098 0.534828961
v 1.7040199 2.48089409 0.517673969
v 1.7040199 2.37310696 0.517673969
v 1.64617896 2.58868098 0.534828961
v 1.64617896 2.15753293 0.534828961
v 1.55477095 2.04974604 0.534828961
v 1.55477095 1.87010098 0.534828961
v 1.45113623 1.87010098 0.534828961
v 1.64617896 2.26531982 0.534828961
v 1.64617896 2.37310696 0.534828961
v 1.64617896 2.48089409 0.534828961
v 1.55477095 2.15753293 0.534828961
v 1.45113647 2.04974604 0.534828961
v 1.34750164 1.87010098 0.534828961
v 1.55477095 2.26531982 0.534828961
v 1.55477095 2.37310696 0.534828961
v 1.55477095 2.48089409 0.534828961
v 1.55477095 2.58868098 0.534828961
v 1.34750211 2.04974604 0.534828961
v 1.24386704 1.87010098 0.534828961
v 1.45113647 2.15753293 0.534828961
v 1.45113647 2.26531982 0.534828961
v 1.45113647 2.37310696 0.534828961
v 1.24386752 2.04974604 0.534828961
v 1.14023256 1.87010098 0.534828961
v 1.34750211 2.15753293 0.534828961
v 1.1402328 2.04974604 0.534828961
v 1.03659785 1.87010098 0.534828961
v 1.34750175 2.26531982 0.534828961
v 1.24386752 2.15753293 0.534828961
v 1.45113647 2.48089409 0.534828961
v 1.03659821 2.04974604 0.534828961
v 0.932963252 1.87010098 0.534828961
v 1.34750175 2.37310696 0.534828961
v 1.24386716 2.26531982 0.534828961
v 1.1402328 2.15753293 0.534828961
v 0.93296355 2.04974604 0.534828961
v 0.829328656 1.87010098 0.534828961
v 1.03659821 2.15753293 0.534828961
v 1.14023256 2.26531982 0.534828961
v 1.24386728 2.37310696 0.534828961
v 1.34750199 2.48089409 0.534828961
v 0.829328895 2.04974604 0.534828961
v 0.72569412 1.87010098 0.534828961
v 0.93296355 2.15753293 0.534828961
v 1.03659797 2.26531982 0.534828961
v 1.14023268 2.37310696 0.534828961
v 0.725694418 2.04974604 0.534828961
v 0.622059464 1.87010098 0.534828961
v 0.829328895 2.15753293 0.534828961
v 0.932963312 2.26531982 0.534828961
v 0.622059762 2.04974604 0.534828961
v 0.518424809 1.87010098 0.534828961
v 0.725694418 2.15753293 0.534828961
v 0.518425107 2.04974604 0.534828961
v 0.414790273 1.87010098 0.534828961
v 1.2438674 2.48089409 0.534828961
v 1.03659809 2.37310696 0.534828961
v 0.829328775 2.26531982 0.534828961
v 0.622059762 2.15753293 0.534828961
v 0.41479063 2.04974604 0.534828961
v 0.311155707 1.87010098 0.534828961
v 1.1402328 2.48089409 0.534828961
v 0.932963371 2.37310696 0.534828961
v 0.72569418 2.26531982 0.534828961
v 0.518425107 2.15753293 0.534828961
v 0.311156005 2.04974604 0.534828961
v 0.207521051 1.87010098 0.534828961
v 1.03659809 2.48089409 0.534828961
v 0.829328775 2.37310696 0.534828961
v 0.622059524 2.26531982 0.534828961
v 0.41479063 2.15753293 0.534828961
v 0.207521364 2.04974604 0.534828961
v 0.103886411 1.87010098 0.534828961
v 0.93296349 2.48089409 0.534828961
v 0.725694239 2.37310696 0.534828961
v 0.518424928 2.26531982 0.534828961
v 0.311156005 2.15753293 0.534828961
v 0.103886716 2.04974604 0.534828961
v 0.000251922611 1.87010098 0.534828961
v 0.000252075202 2.04974604 0.534828961
v 0.207521364 2.15753293 0.534828961
v 0.103886716 2.15753293 0.534828961
v 0.000252075202 2.15753293 0.534828961
v 0.414790332 2.26531982 0.534828961
v 0.622059643 2.37310696 0.534828961
v 0.311155766 2.26531982 0.534828961
v 0.103886485 2.26531982 0.534828961
v 0.000251960737 2.26531982 0.534828961
v 0.207521126 2.26531982 0.534828961
v 0.518424988 2.37310696 0.534828961
v 0.103886567 2.37310696 0.534828961
v 0.000251998892 2.37310696 0.534828961
v 0.414790452 2.37310696 0.534828961
v 0.311155856 2.37310696 0.534828961
v 0.2075212 2.37310696 0.534828961
v 0.103886642 2.48089409 0.534828961
v 0.000252037047 2.48089409 0.534828961
v 0.207521275 2.48089409 0.534828961
v 0.311155915 2.48089409 0.534828961
v 0.414790571 2.48089409 0.534828961
v 0.518425047 2.48089409 0.534828961
v 0.103886411 2.58868098 0.534828961
v 0.000251922611 2.58868098 0.534828961
v 0.207521051 2.58868098 0.534828961
v 0.311155707 2.58868098 0.534828961
v 0.414790273 2.58868098 0.534828961
v 0.103886411 2.69646788 0.534828961
v 0.000251922611 2.69646788 0.534828961
v 0.207521051 2.69646788 0.534828961
v 0.103886716 2.87611389 0.534828961
v 0.000252075202 2.87611389 0.534828961
v 0.207521364 2.87611389 0.534828961
v 0.311156005 2.87611389 0.534828961
v 0.311155707 2.69646788 0.534828961
v 0.41479063 2.87611389 0.534828961
v 0.414790273 2.69646788 0.534828961
v 0.518425107 2.87611389 0.534828961
v 0.518424809 2.69646788 0.534828961
v 0.622059762 2.87611389 0.534828961
v 0.518424809 2.58868098 0.534828961
v 0.622059464 2.69646788 0.534828961
v 0.725694418 2.87611389 0.534828961
v 0.622059464 2.58868098 0.534828961
v 0.72569412 2.69646788 0.534828961
v 0.829328895 2.87611389 0.534828961
v 0.622059703 2.48089409 0.534828961
v 0.829328656 2.69646788 0.534828961
v 0.93296355 2.87611389 0.534828961
v 0.72569412 2.58868098 0.534828961
v 0.725694358 2.48089409 0.534828961
v 0.932963252 2.69646788 0.534828961
v 1.03659821 2.87611389 0.534828961
v 0.829328656 2.58868098 0.534828961
v 0.829328835 2.48089409 0.534828961
v 0.932963252 2.58868098 0.534828961
v 1.03659785 2.69646788 0.534828961
v 1.1402328 2.87611389 0.534828961
v 1.03659785 2.58868098 0.534828961
v 1.14023256 2.69646788 0.534828961
v 1.24386752 2.87611389 0.534828961
v 1.14023256 2.58868098 0.534828961
v 1.24386704 2.69646788 0.534828961
v 1.34750211 2.87611389 0.534828961
v 1.24386704 2.58868098 0.534828961
v 1.34750164 2.69646788 0.534828961
v 1.45113647 2.87611389 0.534828961
v 1.34750164 2.58868098 0.534828961
v 1.45113623 2.69646788 0.534828961
v 1.45113623 2.58868098 0.534828961
v 1.55477095 2.69646788 0.534828961
v 0.000252532947 1.862638 0.548133016
v 0.105004422 1.8522259 0.538083017
v 0.000252532947 1.8522259 0.538083017
v 0.104838558 1.862638 0.548133016
v 0.209756315 1.8522259 0.538083017
v 0.209424585 1.862638 0.548133016
v 0.31401062 1.862638 0.548133016
v 0.3145082 1.8522259 0.538083017
v 0.418596625 1.862638 0.548133016
v 0.419260085 1.8522259 0.538083017
v 0.52318269 1.862638 0.548133016
v 0.52401197 1.8522259 0.538083017
v 0.627768695 1.862638 0.548133016
v 0.628763855 1.8522259 0.538083017
v 0.732354701 1.862638 0.548133016
v 0.733515739 1.8522259 0.538083017
v 0.836940765 1.862638 0.548133016
v 0.838267624 1.8522259 0.538083017
v 0.941526771 1.862638 0.548133016
v 0.943019569 1.8522259 0.538083017
v 1.04611278 1.862638 0.548133016
v 1.04777157 1.8522259 0.538083017
v 1.15069902 1.862638 0.548133016
v 1.15252352 1.8522259 0.538083017
v 1.25528514 1.862638 0.548133016
v 1.25727534 1.8522259 0.538083017
v 1.35987067 1.862638 0.548133016
v 1.36202729 1.8522259 0.538083017
v 1.46445692 1.862638 0.548133016
v 1.46677911 1.8522259 0.538083017
v 1.56904292 1.862638 0.548133016
v 1.57153106 1.8522259 0.538083017
v 1.65034497 1.8522259 0.544137001
v 1.65110898 1.862638 0.554460943
v 1.71208489 1.8522259 0.52432096
v 1.71788406 1.862638 0.532896996
v 1.74908495 1.8522259 0.479589999
v 1.75855696 1.862638 0.483767003
v 1.75826597 1.8522259 0.412450969
v 1.76838386 1.862638 0.410259008
v 1.72604001 1.8522259 0.346507967
v 1.73296094 1.862638 0.338806987
v 1.66045392 1.8522259 0.318376005
v 1.66161096 1.862638 0.308088005
v 1.58868599 1.8522259 0.332514971
v 1.58309996 1.862638 0.323799014
v 1.54314995 1.8522259 0.380987018
v 1.53340888 1.862638 0.377480984
v 1.53534102 1.8522259 0.455357015
v 1.52585196 1.862638 0.459496975
v 1.57633495 1.862638 0.520314991
v 1.58319104 1.8522259 0.512557983
v 1.64874291 1.862638 0.533894002
v 1.64903307 1.8522259 0.524246991
v 1.71027291 1.862638 0.514324963
v 1.70682096 1.8522259 0.504565001
v 0.000252380356 1.89853895 0.548133016
v 0.104838558 1.862638 0.548133016
v 0.000252532947 1.862638 0.548133016
v 0.104838409 1.89853895 0.548133016
v 0.000252532947 1.93443966 0.548133016
v 0.209424585 1.862638 0.548133016
v 0.104838558 1.93443966 0.548133016
v 0.209424436 1.89853895 0.548133016
v 0.31401062 1.862638 0.548133016
v 0.209424585 1.93443966 0.548133016
v 0.314010531 1.89853895 0.548133016
v 0.418596625 1.862638 0.548133016
v 0.31401062 1.93443966 0.548133016
v 0.418596566 1.89853895 0.548133016
v 0.52318269 1.862638 0.548133016
v 0.418596625 1.93443966 0.548133016
v 0.523182571 1.89853895 0.548133016
v 0.627768695 1.862638 0.548133016
v 0.52318269 1.93443966 0.548133016
v 0.627768636 1.89853895 0.548133016
v 0.732354701 1.862638 0.548133016
v 0.627768695 1.93443966 0.548133016
v 0.732354641 1.89853895 0.548133016
v 0.836940765 1.862638 0.548133016
v 0.732354701 1.93443966 0.548133016
v 0.836940646 1.89853895 0.548133016
v 0.941526771 1.862638 0.548133016
v 0.836940765 1.93443966 0.548133016
v 0.941526771 1.89853895 0.548133016
v 1.04611278 1.862638 0.548133016
v 0.941526771 1.93443966 0.548133016
v 1.04611278 1.89853895 0.548133016
v 1.15069902 1.862638 0.548133016
v 1.04611278 1.93443966 0.548133016
v 1.15069878 1.89853895 0.548133016
v 1.25528514 1.862638 0.548133016
v 1.15069902 1.93443966 0.548133016
v 1.25528491 1.89853895 0.548133016
v 1.35987067 1.862638 0.548133016
v 1.25528514 1.93443966 0.548133016
v 1.35987091 1.89853895 0.548133016
v 1.46445692 1.862638 0.548133016
v 1.35987067 1.93443966 0.548133016
v 1.46445692 1.89853895 0.548133016
v 1.46445692 1.93443966 0.548133016
v 1.56904292 1.862638 0.548133016
v 1.56904292 1.89853895 0.548133016
v 1.56904292 1.93443966 0.548133016
v 1.65110898 1.93443966 0.554460943
v 1.65110898 1.89853895 0.554460943
v 1.65110898 1.862638 0.554460943
v 1.71788406 1.93443966 0.532896996
v 1.71788406 1.862638 0.532896996
v 1.71788406 1.89853895 0.532896996
v 1.75855696 1.93443966 0.483767003
v 1.75855696 1.89853895 0.483767003
v 1.75855696 1.862638 0.483767003
v 1.76838386 1.89853895 0.410259008
v 1.76838386 1.93443966 0.410259008
v 1.76838386 1.862638 0.410259008
v 1.73296094 1.89853895 0.338806987
v 1.73296094 1.93443966 0.338806987
v 1.66161096 1.89853895 0.308088005
v 1.73296094 1.862638 0.338806987
v 1.66161096 1.93443966 0.308088005
v 1.66161096 1.862638 0.308088005
v 1.58309996 1.93443966 0.323799014
v 1.58309996 1.862638 0.323799014
v 1.58309996 1.89853895 0.323799014
v 1.53340888 1.93443966 0.377480984
v 1.53340888 1.89853895 0.377480984
v 1.52585196 1.89853895 0.459496975
v 1.53340888 1.862638 0.377480984
v 1.52585196 1.93443966 0.459496975
v 1.52585196 1.862638 0.459496975
v 1.57633495 1.93443966 0.520314991
v 1.57633495 1.862638 0.520314991
v 1.57633495 1.89853895 0.520314991
v 1.64874291 1.89853895 0.533894002
v 1.64874291 1.93443966 0.533894002
v 1.64874291 1.862638 0.533894002
v 1.71027291 1.93443966 0.514324963
v 1.71027291 1.862638 0.514324963
v 1.71027291 1.89853895 0.514324963
v 0.000252532947 1.94485307 0.528033972
v 0.105004422 1.94485307 0.538083017
v 0.000252532947 1.94485307 0.538083017
v 0.105170287 1.94485307 0.528033972
v 0.209756315 1.94485307 0.538083017
v 0.210088044 1.94485307 0.528033972
v 0.314508289 1.94485307 0.538083017
v 0.315005779 1.94485307 0.528033972
v 0.419260174 1.94485307 0.538083017
v 0.419923544 1.94485307 0.528033972
v 0.524012029 1.94485307 0.538083017
v 0.524841309 1.94485307 0.528033972
v 0.628763974 1.94485307 0.538083017
v 0.629759073 1.94485307 0.528033972
v 0.733515859 1.94485307 0.538083017
v 0.734676778 1.94485307 0.528033972
v 0.838267744 1.94485307 0.538083017
v 0.839594543 1.94485307 0.528033972
v 0.943019688 1.94485307 0.538083017
v 0.944512308 1.94485307 0.528033972
v 1.04777157 1.94485307 0.538083017
v 1.04943037 1.94485307 0.528033972
v 1.15252352 1.94485307 0.538083017
v 1.15434802 1.94485307 0.528033972
v 1.25727534 1.94485307 0.538083017
v 1.25926554 1.94485307 0.528033972
v 1.36202729 1.94485307 0.538083017
v 1.36418319 1.94485307 0.528033972
v 1.46677911 1.94485307 0.538083017
v 1.46910143 1.94485307 0.528033972
v 1.57153106 1.94485307 0.538083017
v 1.57401896 1.94485307 0.528033972
v 1.64957988 1.94485199 0.533811986
v 1.65034497 1.94485199 0.544137001
v 1.70628595 1.94485199 0.515744984
v 1.71208489 1.94485199 0.52432096
v 1.73961198 1.94485199 0.475411981
v 1.74908495 1.94485199 0.479589999
v 1.74814796 1.94485199 0.414641976
v 1.75826597 1.94485199 0.412450969
v 1.71912003 1.94485199 0.354207993
v 1.72604001 1.94485199 0.346507967
v 1.65929592 1.94485199 0.328662992
v 1.66045392 1.94485199 0.318376005
v 1.59427202 1.94485199 0.341230989
v 1.58868599 1.94485199 0.332514971
v 1.5528909 1.94485199 0.384492993
v 1.54314888 1.94485199 0.380987018
v 1.54482889 1.94485199 0.451216996
v 1.53534102 1.94485199 0.455357015
v 1.58319104 1.94485199 0.512557983
v 1.590047 1.94485199 0.504800975
v 1.64903307 1.94485199 0.524246991
v 1.64932299 1.94485199 0.514598966
v 1.70682096 1.94485199 0.504565001
v 1.7033689 1.94485199 0.494804978
v 1.7033689 1.94485199 0.494804978
v 1.64932299 1.8522259 0.514598966
v 1.7033689 1.8522259 0.494804978
v 1.64932299 1.94485199 0.514598966
v 1.590047 1.94485199 0.504800975
v 1.590047 1.8522259 0.504800975
v 1.54482889 1.94485199 0.451216996
v 1.54482889 1.8522259 0.451216012
v 1.5528909 1.94485199 0.384492993
v 1.5528909 1.8522259 0.384492993
v 1.59427202 1.8522259 0.341230989
v 1.59427202 1.94485199 0.341230989
v 1.65929592 1.94485199 0.328662992
v 1.65929592 1.8522259 0.328662992
v 1.71912003 1.94485199 0.354207993
v 1.71912003 1.8522259 0.354207993
v 1.74814796 1.94485199 0.414641976
v 1.74814796 1.8522259 0.414641976
v 1.73961198 1.94485199 0.475411981
v 1.73961198 1.8522259 0.475411981
v 1.70628595 1.8522259 0.515744984
v 1.70628595 1.94485199 0.515744984
v 1.64957988 1.94485199 0.533811986
v 1.64957988 1.8522259 0.533811986
v 1.57401896 1.8522259 0.528033972
v 1.57401896 1.94485307 0.528033972
v 1.46910119 1.8522259 0.528033972
v 1.46910143 1.94485307 0.528033972
v 1.36418343 1.8522259 0.528033972
v 1.36418319 1.94485307 0.528033972
v 1.25926566 1.8522259 0.528033972
v 1.25926554 1.94485307 0.528033972
v 1.15434802 1.8522259 0.528033972
v 1.15434802 1.94485307 0.528033972
v 1.04943025 1.8522259 0.528033972
v 1.04943037 1.94485307 0.528033972
v 0.944512486 1.8522259 0.528033972
v 0.944512308 1.94485307 0.528033972
v 0.839594603 1.8522259 0.528033972
v 0.839594543 1.94485307 0.528033972
v 0.734676898 1.8522259 0.528033972
v 0.734676778 1.94485307 0.528033972
v 0.629759133 1.8522259 0.528033972
v 0.629759073 1.94485307 0.528033972
v 0.524841368 1.8522259 0.528033972
v 0.524841309 1.94485307 0.528033972
v 0.419923633 1.8522259 0.528033972
v 0.419923544 1.94485307 0.528033972
v 0.315005869 1.8522259 0.528033972
v 0.315005779 1.94485307 0.528033972
v 0.210088044 1.8522259 0.528033972
v 0.210088044 1.94485307 0.528033972
v 0.105170287 1.8522259 0.528033972
v 0.105170287 1.94485307 0.528033972
v 0.000252532947 1.8522259 0.528033972
v 0.000252532947 1.94485307 0.528033972
v 1.64932299 1.8522259 0.514598966
v 1.70682096 1.8522259 0.504565001
v 1.7033689 1.8522259 0.494804978
v 1.64903307 1.8522259 0.524246991
v 1.590047 1.8522259 0.504800975
v 1.58319104 1.8522259 0.512557983
v 1.54482889 1.8522259 0.451216012
v 1.53534102 1.8522259 0.455357015
v 1.54314995 1.8522259 0.380987018
v 1.5528909 1.8522259 0.384492993
v 1.58868599 1.8522259 0.332514971
v 1.59427202 1.8522259 0.341230989
v 1.66045392 1.8522259 0.318376005
v 1.65929592 1.8522259 0.328662992
v 1.71912003 1.8522259 0.354207993
v 1.72604001 1.8522259 0.346507967
v 1.75826597 1.8522259 0.412450969
v 1.74814796 1.8522259 0.414641976
v 1.74908495 1.8522259 0.479589999
v 1.73961198 1.8522259 0.475411981
v 1.70628595 1.8522259 0.515744984
v 1.71208489 1.8522259 0.52432096
v 1.65034497 1.8522259 0.544137001
v 1.64957988 1.8522259 0.533811986
v 1.57401896 1.8522259 0.528033972
v 1.57153106 1.8522259 0.538083017
v 1.46910119 1.8522259 0.528033972
v 1.46677911 1.8522259 0.538083017
v 1.36418343 1.8522259 0.528033972
v 1.36202729 1.8522259 0.538083017
v 1.25926566 1.8522259 0.528033972
v 1.25727534 1.8522259 0.538083017
v 1.15434802 1.8522259 0.528033972
v 1.15252352 1.8522259 0.538083017
v 1.04943025 1.8522259 0.528033972
v 1.04777157 1.8522259 0.538083017
v 0.944512486 1.8522259 0.528033972
v 0.943019569 1.8522259 0.538083017
v 0.839594603 1.8522259 0.528033972
v 0.838267624 1.8522259 0.538083017
v 0.734676898 1.8522259 0.528033972
v 0.733515739 1.8522259 0.538083017
v 0.629759133 1.8522259 0.528033972
v 0.628763855 1.8522259 0.538083017
v 0.524841368 1.8522259 0.528033972
v 0.52401197 1.8522259 0.538083017
v 0.419923633 1.8522259 0.528033972
v 0.419260085 1.8522259 0.538083017
v 0.315005869 1.8522259 0.528033972
v 0.3145082 1.8522259 0.538083017
v 0.210088044 1.8522259 0.528033972
v 0.209756315 1.8522259 0.538083017
v 0.105004422 1.8522259 0.538083017
v 0.105170287 1.8522259 0.528033972
v 0.000252532947 1.8522259 0.538083017
v 0.000252532947 1.8522259 0.528033972
v 1.71027291 1.93443966 0.514324963
v 1.64903307 1.94485199 0.524246991
v 1.70682096 1.94485199 0.504565001
v 1.64874291 1.93443966 0.533894002
v 1.58319104 1.94485199 0.512557983
v 1.57633495 1.93443966 0.520314991
v 1.53534102 1.94485199 0.455357015
v 1.52585196 1.93443966 0.459496975
v 1.53340888 1.93443966 0.377480984
v 1.54314888 1.94485199 0.380987018
v 1.58309996 1.93443966 0.323799014
v 1.58868599 1.94485199 0.332514971
v 1.66161096 1.93443966 0.308088005
v 1.66045392 1.94485199 0.318376005
v 1.72604001 1.94485199 0.346507967
v 1.73296094 1.93443966 0.338806987
v 1.76838386 1.93443966 0.410259008
v 1.75826597 1.94485199 0.412450969
v 1.75855696 1.93443966 0.483767003
v 1.74908495 1.94485199 0.479589999
v 1.71208489 1.94485199 0.52432096
v 1.71788406 1.93443966 0.532896996
v 1.65110898 1.93443966 0.554460943
v 1.65034497 1.94485199 0.544137001
v 1.57153106 1.94485307 0.538083017
v 1.56904292 1.93443966 0.548133016
v 1.46677911 1.94485307 0.538083017
v 1.46445692 1.93443966 0.548133016
v 1.36202729 1.94485307 0.538083017
v 1.35987067 1.93443966 0.548133016
v 1.25727534 1.94485307 0.538083017
v 1.25528514 1.93443966 0.548133016
v 1.15252352 1.94485307 0.538083017
v 1.15069902 1.93443966 0.548133016
v 1.04777157 1.94485307 0.538083017
v 1.04611278 1.93443966 0.548133016
v 0.943019688 1.94485307 0.538083017
v 0.941526771 1.93443966 0.548133016
v 0.838267744 1.94485307 0.538083017
v 0.836940765 1.93443966 0.548133016
v 0.733515859 1.94485307 0.538083017
v 0.732354701 1.93443966 0.548133016
v 0.628763974 1.94485307 0.538083017
v 0.627768695 1.93443966 0.548133016
v 0.524012029 1.94485307 0.538083017
v 0.52318269 1.93443966 0.548133016
v 0.419260174 1.94485307 0.538083017
v 0.418596625 1.93443966 0.548133016
v 0.314508289 1.94485307 0.538083017
v 0.31401062 1.93443966 0.548133016
v 0.209756315 1.94485307 0.538083017
v 0.209424585 1.93443966 0.548133016
v 0.105004422 1.94485307 0.538083017
v 0.104838558 1.93443966 0.548133016
v 0.000252532947 1.94485307 0.538083017
v 0.000252532947 1.93443966 0.548133016
v 1.59074092 2.90308189 0.337125003
v 1.64008498 2.90308189 0.323903978
v 1.64008498 2.908602 0.302761406
v 1.58016968 2.908602 0.318815142
v 1.55461895 2.90308189 0.373246998
v 1.536309 2.908602 0.362675726
v 1.52025545 2.908602 0.422591001
v 1.54139686 2.90308189 0.422591001
v 1.55461895 2.90308189 0.471935004
v 1.536309 2.908602 0.482505292
v 1.59074092 2.90308189 0.508056998
v 1.58016968 2.908602 0.526365936
v 1.64008498 2.90308189 0.521277964
v 1.64008498 2.908602 0.542420566
v 1.68942785 2.90308189 0.508055985
v 1.69999921 2.908602 0.526365936
v 1.72554994 2.90308189 0.471933991
v 1.74385977 2.908602 0.482505292
v 1.73877192 2.90308189 0.422591001
v 1.75991344 2.908602 0.422591001
v 1.72554994 2.90308189 0.373246998
v 1.74385977 2.908602 0.362675726
v 1.68942785 2.90308189 0.337125003
v 1.69999921 2.908602 0.318815142
v 1.64008498 2.90308189 0.323903978
v 1.64008498 2.908602 0.302761406
v 1.58016968 2.908602 0.318815142
v 1.64008498 2.908602 0.302761406
v 1.64008498 2.91697836 0.298124015
v 1.57785094 2.91697836 0.314799011
v 1.64008498 2.92535496 0.302761406
v 1.536309 2.908602 0.362675726
v 1.58016968 2.92535496 0.318815142
v 1.53229296 2.91697836 0.360357016
v 1.52025545 2.908602 0.422591001
v 1.536309 2.92535496 0.362675726
v 1.51561797 2.91697836 0.422591001
v 1.536309 2.908602 0.482505292
v 1.52025545 2.92535496 0.422591001
v 1.53229296 2.91697836 0.484823972
v 1.58016968 2.908602 0.526365936
v 1.536309 2.92535496 0.482505292
v 1.57785094 2.91697836 0.530381978
v 1.64008498 2.908602 0.542420566
v 1.58016968 2.92535496 0.526365936
v 1.64008498 2.91697836 0.547057986
v 1.69999921 2.908602 0.526365936
v 1.64008498 2.92535496 0.542420566
v 1.70231795 2.91697836 0.530381978
v 1.74385977 2.908602 0.482505292
v 1.69999921 2.92535496 0.526365936
v 1.74787593 2.91697836 0.484823972
v 1.75991344 2.908602 0.422591001
v 1.74385977 2.92535496 0.482505292
v 1.76455092 2.91697836 0.422591001
v 1.74385977 2.908602 0.362675726
v 1.75991344 2.92535496 0.422591001
v 1.74787593 2.91697836 0.360357016
v 1.69999921 2.908602 0.318815142
v 1.74385977 2.92535496 0.362675726
v 1.70231795 2.91697836 0.314799011
v 1.64008498 2.908602 0.302761406
v 1.69999921 2.92535496 0.318815142
v 1.64008498 2.91697836 0.298124015
v 1.64008498 2.92535496 0.302761406
v 1.58016968 2.92535496 0.318815142
v 1.64008498 2.92535496 0.302761406
v 1.64008498 2.93252015 0.324831009
v 1.591205 2.93252015 0.337928981
v 1.536309 2.92535496 0.362675726
v 1.55542207 2.93252015 0.37371102
v 1.5423249 2.93252015 0.422591001
v 1.52025545 2.92535496 0.422591001
v 1.536309 2.92535496 0.482505292
v 1.55542207 2.93252015 0.471470982
v 1.58016968 2.92535496 0.526365936
v 1.591205 2.93252015 0.507252991
v 1.64008498 2.92535496 0.542420566
v 1.64008498 2.93252015 0.520349979
v 1.69999921 2.92535496 0.526365936
v 1.68896389 2.93252015 0.507252991
v 1.74385977 2.92535496 0.482505292
v 1.72474694 2.93252015 0.471470982
v 1.75991344 2.92535496 0.422591001
v 1.73784387 2.93252015 0.422591001
v 1.74385977 2.92535496 0.362675726
v 1.72474694 2.93252015 0.37371102
v 1.69999921 2.92535496 0.318815142
v 1.68896389 2.93252015 0.337928981
v 1.64008498 2.92535496 0.302761406
v 1.64008498 2.93252015 0.324831009
v 1.591205 2.93252015 0.337928981
v 1.64008498 2.93252015 0.324831009
v 1.64008498 2.97239804 0.318118989
v 1.5878489 2.97239804 0.332114965
v 1.55542207 2.93252015 0.37371102
v 1.54960907 2.97239804 0.37035498
v 1.53561199 2.97239804 0.422591001
v 1.5423249 2.93252015 0.422591001
v 1.55542207 2.93252015 0.471470982
v 1.54960907 2.97239804 0.474826992
v 1.591205 2.93252015 0.507252991
v 1.5878489 2.97239804 0.513065994
v 1.64008498 2.93252015 0.520349979
v 1.64008498 2.97239804 0.527062953
v 1.68896389 2.93252015 0.507252991
v 1.69232094 2.97239804 0.513065994
v 1.72474694 2.93252015 0.471470982
v 1.73055995 2.97239804 0.474826992
v 1.73784387 2.93252015 0.422591001
v 1.74455702 2.97239804 0.422591001
v 1.72474694 2.93252015 0.37371102
v 1.73055995 2.97239804 0.37035498
v 1.68896389 2.93252015 0.337928981
v 1.69232094 2.97239804 0.332114965
v 1.64008498 2.93252015 0.324831009
v 1.64008498 2.97239804 0.318118989
v 1.5878489 2.97239804 0.332114965
v 1.64008498 2.97239804 0.318118989
v 1.64008498 2.97739887 0.298358709
v 1.57796884 2.97739887 0.315002561
v 1.54960907 2.97239804 0.37035498
v 1.53249657 2.97739887 0.360474855
v 1.51585281 2.97739887 0.422591001
v 1.53561199 2.97239804 0.422591001
v 1.54960907 2.97239804 0.474826992
v 1.53249657 2.97739887 0.484707087
v 1.5878489 2.97239804 0.513065994
v 1.57796884 2.97739887 0.530178428
v 1.64008498 2.97239804 0.527062953
v 1.64008498 2.97739887 0.54682225
v 1.69232094 2.97239804 0.513065994
v 1.70220017 2.97739887 0.530178428
v 1.73055995 2.97239804 0.474826992
v 1.74767256 2.97739887 0.484707087
v 1.74455702 2.97239804 0.422591001
v 1.7643162 2.97739887 0.422591001
v 1.73055995 2.97239804 0.37035498
v 1.74767256 2.97739887 0.360474855
v 1.69232094 2.97239804 0.332114965
v 1.70220017 2.97739887 0.315002561
v 1.64008498 2.97239804 0.318118989
v 1.64008498 2.97739887 0.298358709
v 1.57796884 2.97739887 0.315002561
v 1.64008498 2.97739887 0.298358709
v 1.64008498 2.9939549 0.292348981
v 1.57496393 2.9939549 0.309797972
v 1.64008498 3.01051068 0.298358709
v 1.53249657 2.97739887 0.360474855
v 1.57796884 3.01051068 0.315002561
v 1.52729201 2.9939549 0.357470006
v 1.51585281 2.97739887 0.422591001
v 1.53249657 3.01051068 0.360474855
v 1.50984299 2.9939549 0.422591001
v 1.53249657 2.97739887 0.484707087
v 1.51585281 3.01051068 0.422591001
v 1.52729201 2.9939549 0.487711966
v 1.57796884 2.97739887 0.530178428
v 1.53249657 3.01051068 0.484707087
v 1.57496393 2.9939549 0.535382986
v 1.64008498 2.97739887 0.54682225
v 1.57796884 3.01051068 0.530178428
v 1.64008498 2.9939549 0.552832007
v 1.70220017 2.97739887 0.530178428
v 1.64008498 3.01051068 0.54682225
v 1.70520484 2.9939549 0.535382986
v 1.74767256 2.97739887 0.484707087
v 1.70220017 3.01051068 0.530178428
v 1.752877 2.9939549 0.487711966
v 1.7643162 2.97739887 0.422591001
v 1.74767256 3.01051068 0.484707087
v 1.7703259 2.9939549 0.422591001
v 1.74767256 2.97739887 0.360474855
v 1.7643162 3.01051068 0.422591001
v 1.752877 2.9939549 0.357470006
v 1.70220017 2.97739887 0.315002561
v 1.74767256 3.01051068 0.360474855
v 1.70520484 2.9939549 0.309797972
v 1.64008498 2.97739887 0.298358709
v 1.70220017 3.01051068 0.315002561
v 1.64008498 2.9939549 0.292348981
v 1.64008498 3.01051068 0.298358709
v 1.57796884 3.01051068 0.315002561
v 1.64008498 3.01051068 0.298358709
v 1.64008498 3.01714492 0.367862999
v 1.61272001 3.01714492 0.375194997
v 1.53249657 3.01051068 0.360474855
v 1.59268796 3.01714492 0.395227015
v 1.585356 3.01714492 0.422591001
v 1.51585281 3.01051068 0.422591001
v 1.53249657 3.01051068 0.484707087
v 1.59268904 3.01714492 0.449954987
v 1.57796884 3.01051068 0.530178428
v 1.61272001 3.01714492 0.469986975
v 1.64008498 3.01051068 0.54682225
v 1.64008498 3.01714492 0.477318972
v 1.70220017 3.01051068 0.530178428
v 1.667449 3.01714492 0.469986975
v 1.74767256 3.01051068 0.484707087
v 1.68748093 3.01714492 0.449954987
v 1.7643162 3.01051068 0.422591001
v 1.69481289 3.01714492 0.422591001
v 1.74767256 3.01051068 0.360474855
v 1.68748093 3.01714492 0.395227015
v 1.70220017 3.01051068 0.315002561
v 1.667449 3.01714492 0.375194997
v 1.64008498 3.01051068 0.298358709
v 1.64008498 3.01714492 0.367862999
v 1.61272001 3.01714492 0.375194997
v 1.64008498 3.01714492 0.367862999
v 1.64008498 3.0397377 0.359845996
v 1.60871196 3.0397377 0.368251979
v 1.59268796 3.01714492 0.395227015
v 1.60075891 3.06259871 0.354476988
v 1.64008498 3.06259871 0.34393999
v 1.57197094 3.06259871 0.383264989
v 1.58574593 3.0397377 0.391217977
v 1.56143296 3.06259871 0.422591001
v 1.57733989 3.0397377 0.422591001
v 1.585356 3.01714492 0.422591001
v 1.59268904 3.01714492 0.449954987
v 1.58574593 3.0397377 0.453963012
v 1.57197094 3.06259871 0.461916983
v 1.61272001 3.01714492 0.469986975
v 1.60075891 3.06259871 0.490704983
v 1.60871196 3.0397377 0.476929009
v 1.64008498 3.01714492 0.477318972
v 1.64008498 3.06259871 0.501241982
v 1.64008498 3.0397377 0.485335976
v 1.667449 3.01714492 0.469986975
v 1.67940986 3.06259871 0.490704983
v 1.67145705 3.0397377 0.476929009
v 1.68748093 3.01714492 0.449954987
v 1.70819902 3.06259871 0.461916
v 1.69442308 3.0397377 0.453963012
v 1.69481289 3.01714492 0.422591001
v 1.71873593 3.06259871 0.422591001
v 1.70282888 3.0397377 0.422591001
v 1.68748093 3.01714492 0.395227015
v 1.70819902 3.06259871 0.383264989
v 1.69442308 3.0397377 0.391217977
v 1.667449 3.01714492 0.375194997
v 1.67940986 3.06259871 0.354476988
v 1.67145705 3.0397377 0.368251979
v 1.64008498 3.01714492 0.367862999
v 1.64008498 3.06259871 0.34393999
v 1.64008498 3.0397377 0.359845996
v 1.60075891 3.06259871 0.354476988
v 1.64008498 3.06259871 0.34393999
v 1.64008498 3.07113004 0.320230007
v 1.58890438 3.07113004 0.333943963
v 1.57197094 3.06259871 0.383264989
v 1.55143797 3.07113004 0.371410489
v 1.53772402 3.07113004 0.422591001
v 1.56143296 3.06259871 0.422591001
v 1.57197094 3.06259871 0.461916983
v 1.55143797 3.07113004 0.473771453
v 1.60075891 3.06259871 0.490704983
v 1.58890438 3.07113004 0.511237025
v 1.64008498 3.06259871 0.501241982
v 1.64008498 3.07113004 0.524950981
v 1.67940986 3.06259871 0.490704983
v 1.69126451 3.07113004 0.511237025
v 1.70819902 3.06259871 0.461916
v 1.72873104 3.07113004 0.473770499
v 1.71873593 3.06259871 0.422591001
v 1.74244487 3.07113004 0.422591001
v 1.70819902 3.06259871 0.383264989
v 1.72873104 3.07113004 0.371410489
v 1.67940986 3.06259871 0.354476988
v 1.69126451 3.07113004 0.333943963
v 1.64008498 3.06259871 0.34393999
v 1.64008498 3.07113004 0.320230007
v 1.58890438 3.07113004 0.333943963
v 1.64008498 3.07113004 0.320230007
v 1.64008498 3.08031964 0.317259014
v 1.58741891 3.08031964 0.331371009
v 1.64008498 3.09107208 0.320230007
v 1.55143797 3.07113004 0.371410489
v 1.58890438 3.09107208 0.333943963
v 1.54886496 3.08031964 0.369924992
v 1.53772402 3.07113004 0.422591001
v 1.55143797 3.09107208 0.371410489
v 1.53475296 3.08031964 0.422591001
v 1.55143797 3.07113004 0.473771453
v 1.53772402 3.09107208 0.422591001
v 1.54886496 3.08031964 0.475256979
v 1.58890438 3.07113004 0.511237025
v 1.55143797 3.09107208 0.473771453
v 1.58741891 3.08031964 0.513809979
v 1.64008498 3.07113004 0.524950981
v 1.58890438 3.09107208 0.511237025
v 1.64008498 3.08031964 0.527921975
v 1.69126451 3.07113004 0.511237025
v 1.64008498 3.09107208 0.524950981
v 1.69274986 3.08031964 0.513809979
v 1.72873104 3.07113004 0.473770499
v 1.69126451 3.09107208 0.511237025
v 1.73130393 3.08031964 0.475255996
v 1.74244487 3.07113004 0.422591001
v 1.72873104 3.09107208 0.473770499
v 1.74541593 3.08031964 0.422591001
v 1.72873104 3.07113004 0.371410489
v 1.74244487 3.09107208 0.422591001
v 1.73130393 3.08031964 0.369924992
v 1.69126451 3.07113004 0.333943963
v 1.72873104 3.09107208 0.371410489
v 1.69274986 3.08031964 0.331371009
v 1.64008498 3.07113004 0.320230007
v 1.69126451 3.09107208 0.333943963
v 1.64008498 3.08031964 0.317259014
v 1.64008498 3.09107208 0.320230007
v 1.64008498 3.09107208 0.320230007
v 1.64008498 3.09660697 0.332778007
v 1.59517801 3.09660697 0.344810963
v 1.58890438 3.09107208 0.333943963
v 1.56230497 3.09660697 0.37768501
v 1.55143797 3.09107208 0.371410489
v 1.55027199 3.09660697 0.422591001
v 1.53772402 3.09107208 0.422591001
v 1.56230497 3.09660697 0.467496961
v 1.55143797 3.09107208 0.473771453
v 1.59517801 3.09660697 0.500370979
v 1.58890438 3.09107208 0.511237025
v 1.64008498 3.09660697 0.512402952
v 1.64008498 3.09107208 0.524950981
v 1.684991 3.09660697 0.500370979
v 1.69126451 3.09107208 0.511237025
v 1.71786499 3.09660697 0.467496961
v 1.72873104 3.09107208 0.473770499
v 1.72989702 3.09660697 0.422591001
v 1.74244487 3.09107208 0.422591001
v 1.71786499 3.09660697 0.37768501
v 1.72873104 3.09107208 0.371410489
v 1.684991 3.09660697 0.344810963
v 1.69126451 3.09107208 0.333943963
v 1.64008498 3.09660697 0.332778007
v 1.64008498 3.09107208 0.320230007
v 1.64008498 3.09660697 0.332778007
v 1.64008498 3.10375476 0.336124003
v 1.59685099 3.10375476 0.347709
v 1.59517801 3.09660697 0.344810963
v 1.565202 3.10375476 0.379357964
v 1.56230497 3.09660697 0.37768501
v 1.55361795 3.10375476 0.422591001
v 1.55027199 3.09660697 0.422591001
v 1.565202 3.10375476 0.465824008
v 1.56230497 3.09660697 0.467496961
v 1.59685099 3.10375476 0.497472972
v 1.59517801 3.09660697 0.500370979
v 1.64008498 3.10375476 0.509056985
v 1.64008498 3.09660697 0.512402952
v 1.68331802 3.10375476 0.497472972
v 1.684991 3.09660697 0.500370979
v 1.71496701 3.10375476 0.465824008
v 1.71786499 3.09660697 0.467496961
v 1.72655106 3.10375476 0.422591001
v 1.72989702 3.09660697 0.422591001
v 1.71496701 3.10375476 0.379357964
v 1.71786499 3.09660697 0.37768501
v 1.68331802 3.10375476 0.347709
v 1.684991 3.09660697 0.344810963
v 1.64008498 3.10375476 0.336124003
v 1.64008498 3.09660697 0.332778007
v 1.64008498 3.10375476 0.336124003
v 1.64008498 3.10375476 0.344559997
v 1.60106897 3.10375476 0.355013996
v 1.59685099 3.10375476 0.347709
v 1.57250786 3.10375476 0.383576006
v 1.565202 3.10375476 0.379357964
v 1.56205392 3.10375476 0.422591001
v 1.55361795 3.10375476 0.422591001
v 1.57250786 3.10375476 0.461605966
v 1.565202 3.10375476 0.465824008
v 1.60106897 3.10375476 0.490166992
v 1.59685099 3.10375476 0.497472972
v 1.64008498 3.10375476 0.500620961
v 1.64008498 3.10375476 0.509056985
v 1.67910004 3.10375476 0.490166992
v 1.68331802 3.10375476 0.497472972
v 1.70766091 3.10375476 0.461605966
v 1.71496701 3.10375476 0.465824008
v 1.71811485 3.10375476 0.422591001
v 1.72655106 3.10375476 0.422591001
v 1.70766091 3.10375476 0.383576006
v 1.71496701 3.10375476 0.379357964
v 1.67910004 3.10375476 0.355013996
v 1.68331802 3.10375476 0.347709
v 1.64008498 3.10375476 0.344559997
v 1.64008498 3.10375476 0.336124003
v 1.64008498 3.10375476 0.344559997
v 1.64008498 3.08821678 0.344559997
v 1.60106897 3.08821678 0.355013996
v 1.60106897 3.10375476 0.355013996
v 1.57250786 3.08821678 0.383576006
v 1.57250786 3.10375476 0.383576006
v 1.56205392 3.08821678 0.422591001
v 1.56205392 3.10375476 0.422591001
v 1.57250786 3.08821678 0.461605966
v 1.57250786 3.10375476 0.461605966
v 1.60106897 3.08821678 0.490166992
v 1.60106897 3.10375476 0.490166992
v 1.64008498 3.08821678 0.500620961
v 1.64008498 3.10375476 0.500620961
v 1.67910004 3.08821678 0.490166992
v 1.67910004 3.10375476 0.490166992
v 1.70766091 3.08821678 0.461605966
v 1.70766091 3.10375476 0.461605966
v 1.71811485 3.08821678 0.422591001
v 1.71811485 3.10375476 0.422591001
v 1.70766091 3.08821678 0.383576006
v 1.70766091 3.10375476 0.383576006
v 1.67910004 3.08821678 0.355013996
v 1.67910004 3.10375476 0.355013996
v 1.64008498 3.08821678 0.344559997
v 1.64008498 3.10375476 0.344559997
v 1.64008498 2.90308189 0.323903978
v 1.59074092 1.84117401 0.337125003
v 1.64008498 1.84117401 0.323903978
v 1.59074092 2.90308189 0.337125003
v 1.55461895 2.90308189 0.373246998
v 1.55461895 1.84117401 0.373246998
v 1.54139686 1.84117401 0.422591001
v 1.54139686 2.90308189 0.422591001
v 1.55461895 1.84117401 0.471935004
v 1.55461895 2.90308189 0.471935004
v 1.59074092 1.84117401 0.508056998
v 1.59074092 2.90308189 0.508056998
v 1.64008498 1.84117401 0.521277964
v 1.64008498 2.90308189 0.521277964
v 1.68942785 2.90308189 0.508055985
v 1.68942785 1.84117401 0.508055985
v 1.72554994 1.84117401 0.471933991
v 1.72554994 2.90308189 0.471933991
v 1.73877192 1.84117401 0.422591001
v 1.73877192 2.90308189 0.422591001
v 1.72554994 2.90308189 0.373246998
v 1.72554994 1.84117401 0.373246998
v 1.68942785 1.84117401 0.337125003
v 1.68942785 2.90308189 0.337125003
v 1.64008498 1.84117401 0.323903978
v 1.64008498 2.90308189 0.323903978
v 1.58016968 1.8356539 0.318815142
v 1.64008498 1.8356539 0.302761406
v 1.64008498 1.84117401 0.323903978
v 1.59074092 1.84117401 0.337125003
v 1.536309 1.8356539 0.362675726
v 1.55461895 1.84117401 0.373246998
v 1.54139686 1.84117401 0.422591001
v 1.52025545 1.8356539 0.422591001
v 1.536309 1.8356539 0.482505292
v 1.55461895 1.84117401 0.471935004
v 1.58016968 1.8356539 0.526365936
v 1.59074092 1.84117401 0.508056998
v 1.64008498 1.8356539 0.542420566
v 1.64008498 1.84117401 0.521277964
v 1.69999921 1.8356539 0.526365936
v 1.68942785 1.84117401 0.508055985
v 1.74385977 1.8356539 0.482505292
v 1.72554994 1.84117401 0.471933991
v 1.75991344 1.8356539 0.422591001
v 1.73877192 1.84117401 0.422591001
v 1.74385977 1.8356539 0.362675726
v 1.72554994 1.84117401 0.373246998
v 1.69999921 1.8356539 0.318815142
v 1.68942785 1.84117401 0.337125003
v 1.64008498 1.8356539 0.302761406
v 1.64008498 1.84117401 0.323903978
v 1.64008498 1.8272779 0.299316674
v 1.64008498 1.8189019 0.302761406
v 1.69999921 1.8189019 0.318815142
v 1.70172143 1.8272779 0.3158319
v 1.74385977 1.8189019 0.362675726
v 1.69999921 1.8356539 0.318815142
v 1.64008498 1.8356539 0.302761406
v 1.74385977 1.8356539 0.362675726
v 1.74684286 1.8272779 0.360953361
v 1.75991344 1.8189019 0.422591001
v 1.75991344 1.8356539 0.422591001
v 1.76335812 1.8272779 0.422591001
v 1.74385977 1.8189019 0.482505292
v 1.74385977 1.8356539 0.482505292
v 1.74684286 1.8272779 0.484227628
v 1.69999921 1.8189019 0.526365936
v 1.69999921 1.8356539 0.526365936
v 1.70172143 1.8272779 0.529349148
v 1.64008498 1.8189019 0.542420566
v 1.64008498 1.8356539 0.542420566
v 1.64008498 1.8272779 0.545865297
v 1.58016968 1.8189019 0.526365936
v 1.58016968 1.8356539 0.526365936
v 1.57844722 1.8272779 0.529349148
v 1.536309 1.8189019 0.482505292
v 1.536309 1.8356539 0.482505292
v 1.53332579 1.8272779 0.484227628
v 1.52025545 1.8189019 0.422591001
v 1.52025545 1.8356539 0.422591001
v 1.51681054 1.8272779 0.422591001
v 1.536309 1.8189019 0.362675726
v 1.536309 1.8356539 0.362675726
v 1.53332579 1.8272779 0.360953361
v 1.58016968 1.8189019 0.318815142
v 1.58016968 1.8356539 0.318815142
v 1.57844722 1.8272779 0.3158319
v 1.64008498 1.8189019 0.302761406
v 1.64008498 1.8356539 0.302761406
v 1.64008498 1.8272779 0.299316674
v 1.591205 1.81173599 0.337928981
v 1.64008498 1.81173599 0.324831009
v 1.64008498 1.8189019 0.302761406
v 1.58016968 1.8189019 0.318815142
v 1.55542207 1.81173599 0.37371102
v 1.536309 1.8189019 0.362675726
v 1.52025545 1.8189019 0.422591001
v 1.5423249 1.81173599 0.422591001
v 1.55542207 1.81173599 0.471470982
v 1.536309 1.8189019 0.482505292
v 1.591205 1.81173599 0.507252991
v 1.58016968 1.8189019 0.526365936
v 1.64008498 1.81173599 0.520349979
v 1.64008498 1.8189019 0.542420566
v 1.68896389 1.81173599 0.507252991
v 1.69999921 1.8189019 0.526365936
v 1.72474694 1.81173599 0.471470982
v 1.74385977 1.8189019 0.482505292
v 1.73784387 1.81173599 0.422591001
v 1.75991344 1.8189019 0.422591001
v 1.72474694 1.81173599 0.37371102
v 1.74385977 1.8189019 0.362675726
v 1.68896389 1.81173599 0.337928981
v 1.69999921 1.8189019 0.318815142
v 1.64008498 1.81173599 0.324831009
v 1.64008498 1.8189019 0.302761406
v 1.5878489 1.77185893 0.332114965
v 1.64008498 1.77185893 0.318118989
v 1.64008498 1.81173599 0.324831009
v 1.591205 1.81173599 0.337928981
v 1.54960907 1.77185893 0.37035498
v 1.55542207 1.81173599 0.37371102
v 1.5423249 1.81173599 0.422591001
v 1.53561199 1.77185893 0.422591001
v 1.54960907 1.77185893 0.474826992
v 1.55542207 1.81173599 0.471470982
v 1.5878489 1.77185893 0.513065994
v 1.591205 1.81173599 0.507252991
v 1.64008498 1.77185893 0.527062953
v 1.64008498 1.81173599 0.520349979
v 1.69232094 1.77185893 0.513065994
v 1.68896389 1.81173599 0.507252991
v 1.73055995 1.77185893 0.474826992
v 1.72474694 1.81173599 0.471470982
v 1.74455702 1.77185893 0.422591001
v 1.73784387 1.81173599 0.422591001
v 1.73055995 1.77185893 0.37035498
v 1.72474694 1.81173599 0.37371102
v 1.69232094 1.77185893 0.332114965
v 1.68896389 1.81173599 0.337928981
v 1.64008498 1.77185893 0.318118989
v 1.64008498 1.81173599 0.324831009
v 1.57741284 1.76685691 0.314039588
v 1.64008498 1.76685691 0.297246754
v 1.64008498 1.77185893 0.318118989
v 1.5878489 1.77185893 0.332114965
v 1.5315336 1.76685691 0.359918922
v 1.54960907 1.77185893 0.37035498
v 1.53561199 1.77185893 0.422591001
v 1.51474071 1.76685691 0.422591001
v 1.5315336 1.76685691 0.485263139
v 1.54960907 1.77185893 0.474826992
v 1.57741284 1.76685691 0.53114146
v 1.5878489 1.77185893 0.513065994
v 1.64008498 1.76685691 0.547934294
v 1.64008498 1.77185893 0.527062953
v 1.70275617 1.76685691 0.53114146
v 1.69232094 1.77185893 0.513065994
v 1.74863553 1.76685691 0.485263139
v 1.73055995 1.77185893 0.474826992
v 1.76542807 1.76685691 0.422591001
v 1.74455702 1.77185893 0.422591001
v 1.74863553 1.76685691 0.359918922
v 1.73055995 1.77185893 0.37035498
v 1.70275617 1.76685691 0.314039588
v 1.69232094 1.77185893 0.332114965
v 1.64008498 1.76685691 0.297246754
v 1.64008498 1.77185893 0.318118989
v 1.64008498 1.75030148 0.292348981
v 1.64008498 1.73374605 0.297246754
v 1.70275617 1.73374605 0.314039588
v 1.70520484 1.75030148 0.309797972
v 1.74863553 1.73374605 0.359918922
v 1.70275617 1.76685691 0.314039588
v 1.64008498 1.76685691 0.297246754
v 1.74863553 1.76685691 0.359918922
v 1.752877 1.75030148 0.357470006
v 1.76542807 1.73374605 0.422591001
v 1.76542807 1.76685691 0.422591001
v 1.7703259 1.75030148 0.422591001
v 1.74863553 1.73374605 0.485263139
v 1.74863553 1.76685691 0.485263139
v 1.752877 1.75030148 0.487711966
v 1.70275617 1.73374605 0.53114146
v 1.70275617 1.76685691 0.53114146
v 1.70520484 1.75030148 0.535382986
v 1.64008498 1.73374605 0.547934294
v 1.64008498 1.76685691 0.547934294
v 1.64008498 1.75030148 0.552832007
v 1.57741284 1.73374605 0.53114146
v 1.57741284 1.76685691 0.53114146
v 1.57496393 1.75030148 0.535382986
v 1.5315336 1.73374605 0.485263139
v 1.5315336 1.76685691 0.485263139
v 1.52729201 1.75030148 0.487711966
v 1.51474071 1.73374605 0.422591001
v 1.51474071 1.76685691 0.422591001
v 1.50984299 1.75030148 0.422591001
v 1.5315336 1.73374605 0.359918922
v 1.5315336 1.76685691 0.359918922
v 1.52729201 1.75030148 0.357470006
v 1.57741284 1.73374605 0.314039588
v 1.57741284 1.76685691 0.314039588
v 1.57496393 1.75030148 0.309797972
v 1.64008498 1.73374605 0.297246754
v 1.64008498 1.76685691 0.297246754
v 1.64008498 1.75030148 0.292348981
v 1.61272001 1.72711098 0.375194997
v 1.64008498 1.72711098 0.367862999
v 1.64008498 1.73374605 0.297246754
v 1.57741284 1.73374605 0.314039588
v 1.59268796 1.72711098 0.395227015
v 1.5315336 1.73374605 0.359918922
v 1.51474071 1.73374605 0.422591001
v 1.585356 1.72711098 0.422591001
v 1.59268904 1.72711098 0.449954987
v 1.5315336 1.73374605 0.485263139
v 1.61272001 1.72711098 0.469986975
v 1.57741284 1.73374605 0.53114146
v 1.64008498 1.72711098 0.477318972
v 1.64008498 1.73374605 0.547934294
v 1.667449 1.72711098 0.469986975
v 1.70275617 1.73374605 0.53114146
v 1.68748093 1.72711098 0.449954987
v 1.74863553 1.73374605 0.485263139
v 1.69481289 1.72711098 0.422591001
v 1.76542807 1.73374605 0.422591001
v 1.68748093 1.72711098 0.395227015
v 1.74863553 1.73374605 0.359918922
v 1.667449 1.72711098 0.375194997
v 1.70275617 1.73374605 0.314039588
v 1.64008498 1.72711098 0.367862999
v 1.64008498 1.73374605 0.297246754
v 1.64008498 1.70451903 0.359845996
v 1.667449 1.72711098 0.375194997
v 1.64008498 1.72711098 0.367862999
v 1.67145705 1.70451903 0.368251979
v 1.64008498 1.68165803 0.34393999
v 1.68748093 1.72711098 0.395227015
v 1.67940986 1.68165803 0.354476988
v 1.69442308 1.70451903 0.391217977
v 1.69481289 1.72711098 0.422591001
v 1.70819902 1.68165803 0.383264989
v 1.70282888 1.70451903 0.422591001
v 1.68748093 1.72711098 0.449954987
v 1.71873593 1.68165803 0.422591001
v 1.69442308 1.70451903 0.453963012
v 1.667449 1.72711098 0.469986975
v 1.70819902 1.68165803 0.461916
v 1.67145705 1.70451903 0.476929009
v 1.64008498 1.72711098 0.477318972
v 1.67940986 1.68165803 0.490704983
v 1.64008498 1.70451903 0.485335976
v 1.61272001 1.72711098 0.469986975
v 1.64008498 1.68165803 0.501241982
v 1.60871196 1.70451903 0.476929009
v 1.59268904 1.72711098 0.449954987
v 1.60075891 1.68165803 0.490704983
v 1.58574593 1.70451903 0.453963012
v 1.57197094 1.68165803 0.461916983
v 1.585356 1.72711098 0.422591001
v 1.57733989 1.70451903 0.422591001
v 1.56143296 1.68165803 0.422591001
v 1.57197094 1.68165803 0.383264989
v 1.58574593 1.70451903 0.391217977
v 1.59268796 1.72711098 0.395227015
v 1.61272001 1.72711098 0.375194997
v 1.60871196 1.70451903 0.368251979
v 1.64008498 1.72711098 0.367862999
v 1.60075891 1.68165803 0.354476988
v 1.64008498 1.70451903 0.359845996
v 1.64008498 1.68165803 0.34393999
v 1.58890438 1.67312694 0.333943963
v 1.64008498 1.67312694 0.320230007
v 1.64008498 1.68165803 0.34393999
v 1.60075891 1.68165803 0.354476988
v 1.55143797 1.67312694 0.371410489
v 1.57197094 1.68165803 0.383264989
v 1.56143296 1.68165803 0.422591001
v 1.53772402 1.67312694 0.422591001
v 1.55143797 1.67312694 0.473771453
v 1.57197094 1.68165803 0.461916983
v 1.58890438 1.67312694 0.511237025
v 1.60075891 1.68165803 0.490704983
v 1.64008498 1.67312694 0.524950981
v 1.64008498 1.68165803 0.501241982
v 1.69126451 1.67312694 0.511237025
v 1.67940986 1.68165803 0.490704983
v 1.72873104 1.67312694 0.473770499
v 1.70819902 1.68165803 0.461916
v 1.74244487 1.67312694 0.422591001
v 1.71873593 1.68165803 0.422591001
v 1.72873104 1.67312694 0.371410489
v 1.70819902 1.68165803 0.383264989
v 1.69126451 1.67312694 0.333943963
v 1.67940986 1.68165803 0.354476988
v 1.64008498 1.67312694 0.320230007
v 1.64008498 1.68165803 0.34393999
v 1.64008498 1.66393638 0.317259014
v 1.64008498 1.65474594 0.320230007
v 1.69126451 1.65474594 0.333943963
v 1.69274986 1.66393638 0.331371009
v 1.72873104 1.65474594 0.371410489
v 1.69126451 1.67312694 0.333943963
v 1.64008498 1.67312694 0.320230007
v 1.72873104 1.67312694 0.371410489
v 1.73130393 1.66393638 0.369924992
v 1.74244487 1.65474594 0.422591001
v 1.74244487 1.67312694 0.422591001
v 1.74541593 1.66393638 0.422591001
v 1.72873104 1.65474594 0.473770499
v 1.72873104 1.67312694 0.473770499
v 1.73130393 1.66393638 0.475255996
v 1.69126451 1.65474594 0.511237025
v 1.69126451 1.67312694 0.511237025
v 1.69274986 1.66393638 0.513809979
v 1.64008498 1.65474594 0.524950981
v 1.64008498 1.67312694 0.524950981
v 1.64008498 1.66393638 0.527921975
v 1.58890438 1.65474594 0.511237025
v 1.58890438 1.67312694 0.511237025
v 1.58741891 1.66393638 0.513809979
v 1.55143797 1.65474594 0.473771453
v 1.55143797 1.67312694 0.473771453
v 1.54886496 1.66393638 0.475256979
v 1.53772402 1.65474594 0.422591001
v 1.53772402 1.67312694 0.422591001
v 1.53475296 1.66393638 0.422591001
v 1.55143797 1.65474594 0.371410489
v 1.55143797 1.67312694 0.371410489
v 1.54886496 1.66393638 0.369924992
v 1.58890438 1.65474594 0.333943963
v 1.58890438 1.67312694 0.333943963
v 1.58741891 1.66393638 0.331371009
v 1.64008498 1.65474594 0.320230007
v 1.64008498 1.67312694 0.320230007
v 1.64008498 1.66393638 0.317259014
v 1.59517801 1.64765 0.344810963
v 1.64008498 1.64765 0.332778007
v 1.64008498 1.65474594 0.320230007
v 1.58890438 1.65474594 0.333943963
v 1.56230497 1.64765 0.37768501
v 1.55143797 1.65474594 0.371410489
v 1.53772402 1.65474594 0.422591001
v 1.55027199 1.64765 0.422591001
v 1.56230497 1.64765 0.467496961
v 1.55143797 1.65474594 0.473771453
v 1.59517801 1.64765 0.500370979
v 1.58890438 1.65474594 0.511237025
v 1.64008498 1.64765 0.512402952
v 1.64008498 1.65474594 0.524950981
v 1.684991 1.64765 0.500370979
v 1.69126451 1.65474594 0.511237025
v 1.71786499 1.64765 0.467496961
v 1.72873104 1.65474594 0.473770499
v 1.72989702 1.64765 0.422591001
v 1.74244487 1.65474594 0.422591001
v 1.71786499 1.64765 0.37768501
v 1.72873104 1.65474594 0.371410489
v 1.684991 1.64765 0.344810963
v 1.69126451 1.65474594 0.333943963
v 1.64008498 1.64765 0.332778007
v 1.64008498 1.65474594 0.320230007
v 1.59685099 1.6405009 0.347709
v 1.64008498 1.6405009 0.336124003
v 1.64008498 1.64765 0.332778007
v 1.59517801 1.64765 0.344810963
v 1.565202 1.6405009 0.379357964
v 1.56230497 1.64765 0.37768501
v 1.55361795 1.6405009 0.422591001
v 1.55027199 1.64765 0.422591001
v 1.565202 1.6405009 0.465824008
v 1.56230497 1.64765 0.467496961
v 1.59685099 1.6405009 0.497472972
v 1.59517801 1.64765 0.500370979
v 1.64008498 1.6405009 0.509056985
v 1.64008498 1.64765 0.512402952
v 1.68331802 1.6405009 0.497472972
v 1.684991 1.64765 0.500370979
v 1.71496701 1.6405009 0.465824008
v 1.71786499 1.64765 0.467496961
v 1.72655106 1.6405009 0.422591001
v 1.72989702 1.64765 0.422591001
v 1.71496701 1.6405009 0.379357964
v 1.71786499 1.64765 0.37768501
v 1.68331802 1.6405009 0.347709
v 1.684991 1.64765 0.344810963
v 1.64008498 1.6405009 0.336124003
v 1.64008498 1.64765 0.332778007
v 1.60106897 1.6405009 0.355013996
v 1.64008498 1.6405009 0.344559997
v 1.64008498 1.6405009 0.336124003
v 1.59685099 1.6405009 0.347709
v 1.57250786 1.6405009 0.383576006
v 1.565202 1.6405009 0.379357964
v 1.56205392 1.6405009 0.422591001
v 1.55361795 1.6405009 0.422591001
v 1.57250786 1.6405009 0.461605966
v 1.565202 1.6405009 0.465824008
v 1.60106897 1.6405009 0.490166992
v 1.59685099 1.6405009 0.497472972
v 1.64008498 1.6405009 0.500620961
v 1.64008498 1.6405009 0.509056985
v 1.67910004 1.6405009 0.490166992
v 1.68331802 1.6405009 0.497472972
v 1.70766091 1.6405009 0.461605966
v 1.71496701 1.6405009 0.465824008
v 1.71811485 1.6405009 0.422591001
v 1.72655106 1.6405009 0.422591001
v 1.70766091 1.6405009 0.383576006
v 1.71496701 1.6405009 0.379357964
v 1.67910004 1.6405009 0.355013996
v 1.68331802 1.6405009 0.347709
v 1.64008498 1.6405009 0.344559997
v 1.64008498 1.6405009 0.336124003
v 1.60106897 1.65603995 0.355013996
v 1.64008498 1.65603995 0.344559997
v 1.64008498 1.6405009 0.344559997
v 1.60106897 1.6405009 0.355013996
v 1.57250786 1.65603995 0.383576006
v 1.57250786 1.6405009 0.383576006
v 1.56205392 1.65603995 0.422591001
v 1.56205392 1.6405009 0.422591001
v 1.57250786 1.65603995 0.461605966
v 1.57250786 1.6405009 0.461605966
v 1.60106897 1.65603995 0.490166992
v 1.60106897 1.6405009 0.490166992
v 1.64008498 1.65603995 0.500620961
v 1.64008498 1.6405009 0.500620961
v 1.67910004 1.65603995 0.490166992
v 1.67910004 1.6405009 0.490166992
v 1.70766091 1.65603995 0.461605966
v 1.70766091 1.6405009 0.461605966
v 1.71811485 1.65603995 0.422591001
v 1.71811485 1.6405009 0.422591001
v 1.70766091 1.65603995 0.383576006
v 1.70766091 1.6405009 0.383576006
v 1.67910004 1.65603995 0.355013996
v 1.67910004 1.6405009 0.355013996
v 1.64008498 1.65603995 0.344559997
v 1.64008498 1.6405009 0.344559997
v 0.000252532947 2.80136204 0.528033972
v 0.105170287 2.89398885 0.528033972
v 0.000252532947 2.89398885 0.528033972
v 0.105170287 2.80136204 0.528033972
v 0.210088044 2.89398885 0.528033972
v 0.210088044 2.80136204 0.528033972
v 0.315005779 2.89398885 0.528033972
v 0.315005869 2.80136204 0.528033972
v 0.419923544 2.89398885 0.528033972
v 0.419923633 2.80136204 0.528033972
v 0.524841309 2.89398885 0.528033972
v 0.524841368 2.80136204 0.528033972
v 0.629759073 2.89398885 0.528033972
v 0.629759133 2.80136204 0.528033972
v 0.734676778 2.89398885 0.528033972
v 0.734676898 2.80136204 0.528033972
v 0.839594543 2.89398885 0.528033972
v 0.839594603 2.80136204 0.528033972
v 0.944512308 2.89398885 0.528033972
v 0.944512486 2.80136204 0.528033972
v 1.04943037 2.89398885 0.528033972
v 1.04943025 2.80136204 0.528033972
v 1.15434802 2.89398885 0.528033972
v 1.15434802 2.80136204 0.528033972
v 1.25926554 2.89398885 0.528033972
v 1.25926566 2.80136204 0.528033972
v 1.36418319 2.89398885 0.528033972
v 1.36418343 2.80136204 0.528033972
v 1.46910143 2.89398885 0.528033972
v 1.46910119 2.80136204 0.528033972
v 1.57401896 2.89398885 0.528033972
v 1.57401896 2.80136204 0.528033972
v 1.64957988 2.80136204 0.533813
v 1.64957988 2.89398885 0.533813
v 1.70628595 2.89398885 0.515744984
v 1.70628595 2.80136204 0.515744984
v 1.73961198 2.80136204 0.475411981
v 1.73961198 2.89398885 0.475411981
v 1.74814796 2.89398885 0.414641976
v 1.74814796 2.80136204 0.414641976
v 1.71912003 2.89398885 0.354207993
v 1.71912003 2.80136204 0.354207993
v 1.65929592 2.89398885 0.328664005
v 1.65929592 2.80136204 0.328664005
v 1.59427202 2.89398885 0.341230989
v 1.59427202 2.80136204 0.341230989
v 1.5528909 2.80136204 0.384492993
v 1.5528909 2.89398885 0.384492993
v 1.54482889 2.89398885 0.451216996
v 1.54482889 2.80136204 0.451216996
v 1.590047 2.89398885 0.504800975
v 1.590047 2.80136204 0.504800975
v 1.64932299 2.89398885 0.514598966
v 1.64932299 2.80136204 0.514598966
v 1.7033689 2.80136204 0.494804978
v 1.7033689 2.89398885 0.494804978
v 0.000252380356 2.81177402 0.548133016
v 0.105004422 2.80136204 0.538083017
v 0.000252532947 2.80136204 0.538083017
v 0.104838409 2.81177402 0.548133016
v 0.209756315 2.80136204 0.538083017
v 0.209424436 2.81177402 0.548133016
v 0.314010531 2.81177402 0.548133016
v 0.3145082 2.80136204 0.538083017
v 0.418596566 2.81177402 0.548133016
v 0.419260085 2.80136204 0.538083017
v 0.523182571 2.81177402 0.548133016
v 0.52401197 2.80136204 0.538083017
v 0.627768636 2.81177402 0.548133016
v 0.628763855 2.80136204 0.538083017
v 0.732354641 2.81177402 0.548133016
v 0.733515739 2.80136204 0.538083017
v 0.836940646 2.81177402 0.548133016
v 0.838267624 2.80136204 0.538083017
v 0.941526771 2.81177402 0.548133016
v 0.943019569 2.80136204 0.538083017
v 1.04611278 2.81177402 0.548133016
v 1.04777157 2.80136204 0.538083017
v 1.15069878 2.81177402 0.548133016
v 1.15252352 2.80136204 0.538083017
v 1.25528491 2.81177402 0.548133016
v 1.25727534 2.80136204 0.538083017
v 1.35987091 2.81177402 0.548133016
v 1.36202729 2.80136204 0.538083017
v 1.46445692 2.81177402 0.548133016
v 1.46677911 2.80136204 0.538083017
v 1.56904292 2.81177402 0.548133016
v 1.57153106 2.80136204 0.538083017
v 1.65110898 2.81177545 0.554462016
v 1.65034497 2.80136204 0.544137001
v 1.71208489 2.80136204 0.52432096
v 1.71788406 2.81177545 0.532896996
v 1.75855696 2.81177402 0.483767003
v 1.74908495 2.80136204 0.479589999
v 1.75826597 2.80136204 0.412450969
v 1.76838386 2.81177402 0.410259008
v 1.72604001 2.80136204 0.346507967
v 1.73296094 2.81177545 0.338806987
v 1.66161096 2.81177545 0.308088005
v 1.66045392 2.80136204 0.318376005
v 1.58868599 2.80136204 0.332514971
v 1.58309996 2.81177545 0.323799014
v 1.54314888 2.80136204 0.380987018
v 1.53340888 2.81177545 0.377480984
v 1.53534102 2.80136204 0.455357015
v 1.52585196 2.81177402 0.459496975
v 1.57633495 2.81177402 0.520314991
v 1.58319104 2.80136204 0.512557983
v 1.64874291 2.81177402 0.533894002
v 1.64903307 2.80136204 0.524246991
v 1.71027291 2.81177402 0.514324963
v 1.70682096 2.80136204 0.504565001
v 0.000252532947 2.89398885 0.528033972
v 0.105004422 2.89398885 0.538083017
v 0.000252532947 2.89398885 0.538083017
v 0.105170287 2.89398885 0.528033972
v 0.209756315 2.89398885 0.538083017
v 0.210088044 2.89398885 0.528033972
v 0.314508289 2.89398885 0.538083017
v 0.315005779 2.89398885 0.528033972
v 0.419260174 2.89398885 0.538083017
v 0.419923544 2.89398885 0.528033972
v 0.524012029 2.89398885 0.538083017
v 0.524841309 2.89398885 0.528033972
v 0.628763974 2.89398885 0.538083017
v 0.629759073 2.89398885 0.528033972
v 0.733515859 2.89398885 0.538083017
v 0.734676778 2.89398885 0.528033972
v 0.838267744 2.89398885 0.538083017
v 0.839594543 2.89398885 0.528033972
v 0.943019688 2.89398885 0.538083017
v 0.944512308 2.89398885 0.528033972
v 1.04777157 2.89398885 0.538083017
v 1.04943037 2.89398885 0.528033972
v 1.15252352 2.89398885 0.538083017
v 1.15434802 2.89398885 0.528033972
v 1.25727534 2.89398885 0.538083017
v 1.25926554 2.89398885 0.528033972
v 1.36202729 2.89398885 0.538083017
v 1.36418319 2.89398885 0.528033972
v 1.46677911 2.89398885 0.538083017
v 1.46910143 2.89398885 0.528033972
v 1.57153106 2.89398885 0.538083017
v 1.57401896 2.89398885 0.528033972
v 1.65034497 2.89398885 0.544137001
v 1.64957988 2.89398885 0.533813
v 1.70628595 2.89398885 0.515744984
v 1.71208489 2.89398885 0.52432096
v 1.74908495 2.89398885 0.479589999
v 1.73961198 2.89398885 0.475411981
v 1.74814796 2.89398885 0.414641976
v 1.75826597 2.89398885 0.412450969
v 1.71912003 2.89398885 0.354207993
v 1.72604001 2.89398885 0.346507967
v 1.66045392 2.89398885 0.318376005
v 1.65929592 2.89398885 0.328664005
v 1.59427202 2.89398885 0.341230989
v 1.58868599 2.89398885 0.332514971
v 1.5528909 2.89398885 0.384492993
v 1.54314995 2.89398885 0.380987018
v 1.54482889 2.89398885 0.451216996
v 1.53534102 2.89398885 0.455357015
v 1.58319104 2.89398885 0.512557983
v 1.590047 2.89398885 0.504800975
v 1.64903307 2.89398885 0.524246991
v 1.64932299 2.89398885 0.514598966
v 1.70682096 2.89398885 0.504565001
v 1.7033689 2.89398885 0.494804978
v 1.64932299 2.80136204 0.514598966
v 1.70682096 2.80136204 0.504565001
v 1.7033689 2.80136204 0.494804978
v 1.64903307 2.80136204 0.524246991
v 1.590047 2.80136204 0.504800975
v 1.58319104 2.80136204 0.512557983
v 1.54482889 2.80136204 0.451216996
v 1.53534102 2.80136204 0.455357015
v 1.54314888 2.80136204 0.380987018
v 1.5528909 2.80136204 0.384492993
v 1.58868599 2.80136204 0.332514971
v 1.59427202 2.80136204 0.341230989
v 1.66045392 2.80136204 0.318376005
v 1.65929592 2.80136204 0.328664005
v 1.72604001 2.80136204 0.346507967
v 1.71912003 2.80136204 0.354207993
v 1.75826597 2.80136204 0.412450969
v 1.74814796 2.80136204 0.414641976
v 1.74908495 2.80136204 0.479589999
v 1.73961198 2.80136204 0.475411981
v 1.71208489 2.80136204 0.52432096
v 1.70628595 2.80136204 0.515744984
v 1.65034497 2.80136204 0.544137001
v 1.64957988 2.80136204 0.533813
v 1.57153106 2.80136204 0.538083017
v 1.57401896 2.80136204 0.528033972
v 1.46910119 2.80136204 0.528033972
v 1.46677911 2.80136204 0.538083017
v 1.36418343 2.80136204 0.528033972
v 1.36202729 2.80136204 0.538083017
v 1.25926566 2.80136204 0.528033972
v 1.25727534 2.80136204 0.538083017
v 1.15434802 2.80136204 0.528033972
v 1.15252352 2.80136204 0.538083017
v 1.04943025 2.80136204 0.528033972
v 1.04777157 2.80136204 0.538083017
v 0.944512486 2.80136204 0.528033972
v 0.943019569 2.80136204 0.538083017
v 0.839594603 2.80136204 0.528033972
v 0.838267624 2.80136204 0.538083017
v 0.734676898 2.80136204 0.528033972
v 0.733515739 2.80136204 0.538083017
v 0.629759133 2.80136204 0.528033972
v 0.628763855 2.80136204 0.538083017
v 0.524841368 2.80136204 0.528033972
v 0.52401197 2.80136204 0.538083017
v 0.419923633 2.80136204 0.528033972
v 0.419260085 2.80136204 0.538083017
v 0.315005869 2.80136204 0.528033972
v 0.3145082 2.80136204 0.538083017
v 0.210088044 2.80136204 0.528033972
v 0.209756315 2.80136204 0.538083017
v 0.105004422 2.80136204 0.538083017
v 0.105170287 2.80136204 0.528033972
v 0.000252532947 2.80136204 0.538083017
v 0.000252532947 2.80136204 0.528033972
v 1.64903307 2.89398885 0.524246991
v 1.70682096 2.89398885 0.504565001
v 1.71027291 2.88357568 0.514324963
v 1.64874291 2.88357568 0.533894002
v 1.58319104 2.89398885 0.512557983
v 1.57633495 2.88357568 0.520314991
v 1.53534102 2.89398885 0.455357015
v 1.52585196 2.88357568 0.459496975
v 1.53340888 2.88357544 0.377480984
v 1.54314995 2.89398885 0.380987018
v 1.58309996 2.88357544 0.323799014
v 1.58868599 2.89398885 0.332514971
v 1.66161096 2.88357544 0.308088005
v 1.66045392 2.89398885 0.318376005
v 1.73296094 2.88357544 0.338806987
v 1.72604001 2.89398885 0.346507967
v 1.76838386 2.88357568 0.410259008
v 1.75826597 2.89398885 0.412450969
v 1.75855696 2.88357568 0.483767003
v 1.74908495 2.89398885 0.479589999
v 1.71788406 2.88357544 0.532896996
v 1.71208489 2.89398885 0.52432096
v 1.65110898 2.88357544 0.554462016
v 1.65034497 2.89398885 0.544137001
v 1.56904292 2.88357568 0.548133016
v 1.57153106 2.89398885 0.538083017
v 1.46677911 2.89398885 0.538083017
v 1.46445692 2.88357568 0.548133016
v 1.36202729 2.89398885 0.538083017
v 1.35987091 2.88357568 0.548133016
v 1.25727534 2.89398885 0.538083017
v 1.25528491 2.88357568 0.548133016
v 1.15252352 2.89398885 0.538083017
v 1.15069878 2.88357568 0.548133016
v 1.04777157 2.89398885 0.538083017
v 1.04611278 2.88357568 0.548133016
v 0.943019688 2.89398885 0.538083017
v 0.941526771 2.88357568 0.548133016
v 0.838267744 2.89398885 0.538083017
v 0.836940646 2.88357568 0.548133016
v 0.733515859 2.89398885 0.538083017
v 0.732354641 2.88357568 0.548133016
v 0.628763974 2.89398885 0.538083017
v 0.627768636 2.88357568 0.548133016
v 0.524012029 2.89398885 0.538083017
v 0.523182571 2.88357568 0.548133016
v 0.419260174 2.89398885 0.538083017
v 0.418596566 2.88357568 0.548133016
v 0.314508289 2.89398885 0.538083017
v 0.314010531 2.88357568 0.548133016
v 0.209756315 2.89398885 0.538083017
v 0.209424436 2.88357568 0.548133016
v 0.105004422 2.89398885 0.538083017
v 0.104838409 2.88357568 0.548133016
v 0.000252532947 2.89398885 0.538083017
v 0.000252380356 2.88357568 0.548133016
v 0.104838409 2.81177402 0.548133016
v 0.000252380356 2.81177402 0.548133016
v 0.000252532947 2.84767485 0.548133016
v 0.104838558 2.84767485 0.548133016
v 0.000252380356 2.88357568 0.548133016
v 0.209424436 2.81177402 0.548133016
v 0.104838409 2.88357568 0.548133016
v 0.209424585 2.84767485 0.548133016
v 0.314010531 2.81177402 0.548133016
v 0.209424436 2.88357568 0.548133016
v 0.31401062 2.84767485 0.548133016
v 0.418596566 2.81177402 0.548133016
v 0.314010531 2.88357568 0.548133016
v 0.418596625 2.84767485 0.548133016
v 0.523182571 2.81177402 0.548133016
v 0.418596566 2.88357568 0.548133016
v 0.52318269 2.84767485 0.548133016
v 0.627768636 2.81177402 0.548133016
v 0.523182571 2.88357568 0.548133016
v 0.627768695 2.84767485 0.548133016
v 0.732354641 2.81177402 0.548133016
v 0.627768636 2.88357568 0.548133016
v 0.732354701 2.84767485 0.548133016
v 0.836940646 2.81177402 0.548133016
v 0.732354641 2.88357568 0.548133016
v 0.836940765 2.84767485 0.548133016
v 0.941526771 2.81177402 0.548133016
v 0.836940646 2.88357568 0.548133016
v 0.941526771 2.84767485 0.548133016
v 1.04611278 2.81177402 0.548133016
v 0.941526771 2.88357568 0.548133016
v 1.04611278 2.84767485 0.548133016
v 1.15069878 2.81177402 0.548133016
v 1.04611278 2.88357568 0.548133016
v 1.15069902 2.84767485 0.548133016
v 1.25528491 2.81177402 0.548133016
v 1.15069878 2.88357568 0.548133016
v 1.25528514 2.84767485 0.548133016
v 1.35987091 2.81177402 0.548133016
v 1.25528491 2.88357568 0.548133016
v 1.35987067 2.84767485 0.548133016
v 1.46445692 2.81177402 0.548133016
v 1.35987091 2.88357568 0.548133016
v 1.46445692 2.84767485 0.548133016
v 1.56904292 2.81177402 0.548133016
v 1.46445692 2.88357568 0.548133016
v 1.56904292 2.84767485 0.548133016
v 1.65110898 2.81177545 0.554462016
v 1.56904292 2.88357568 0.548133016
v 1.65110898 2.84767485 0.554462016
v 1.65110898 2.88357544 0.554462016
v 1.71788406 2.81177545 0.532896996
v 1.71788406 2.88357544 0.532896996
v 1.71788406 2.84767485 0.532896996
v 1.75855696 2.81177402 0.483767003
v 1.75855696 2.84767485 0.483767003
v 1.75855696 2.88357568 0.483767003
v 1.76838386 2.84767485 0.410259008
v 1.76838386 2.81177402 0.410259008
v 1.76838386 2.88357568 0.410259008
v 1.73296094 2.84767485 0.338806987
v 1.73296094 2.81177545 0.338806987
v 1.66161096 2.84767485 0.308088005
v 1.73296094 2.88357544 0.338806987
v 1.66161096 2.81177545 0.308088005
v 1.66161096 2.88357544 0.308088005
v 1.58309996 2.81177545 0.323799014
v 1.58309996 2.88357544 0.323799014
v 1.58309996 2.84767485 0.323799014
v 1.53340888 2.81177545 0.377480984
v 1.53340888 2.84767485 0.377480984
v 1.52585196 2.84767485 0.459496975
v 1.53340888 2.88357544 0.377480984
v 1.52585196 2.81177402 0.459496975
v 1.52585196 2.88357568 0.459496975
v 1.57633495 2.81177402 0.520314991
v 1.57633495 2.88357568 0.520314991
v 1.57633495 2.84767485 0.520314991
v 1.64874291 2.84767485 0.533894002
v 1.64874291 2.81177402 0.533894002
v 1.64874291 2.88357568 0.533894002
v 1.71027291 2.81177402 0.514324963
v 1.71027291 2.88357568 0.514324963
v 1.71027291 2.84767485 0.514324963
v 1.53953993 1.87010098 0.459656984
v 1.58850598 2.04974604 0.508818984
v 1.58850598 1.87010098 0.508818984
v 1.53953993 2.04974604 0.459656984
v 1.54077494 1.87010098 0.386785984
v 1.58850598 2.15753293 0.508818984
v 1.54077494 2.04974604 0.386785984
v 1.588462 1.87010098 0.335057974
v 1.53953993 2.15753293 0.459656984
v 1.58850598 2.26531982 0.508818984
v 1.588462 2.04974604 0.335057974
v 1.65455389 1.87010098 0.317930996
v 1.54077494 2.15753293 0.386785984
v 1.53953993 2.26531982 0.459656984
v 1.58850598 2.37310696 0.508818984
v 1.65455389 2.04974604 0.317930996
v 1.72054195 1.87010098 0.348082989
v 1.588462 2.15753293 0.335057974
v 1.53953993 2.37310696 0.459656984
v 1.58850598 2.48089409 0.508818984
v 1.54077494 2.26531982 0.386785984
v 1.72054195 2.04974604 0.348082989
v 1.74998796 1.87010098 0.408196986
v 1.53953993 2.48089409 0.459656984
v 1.58850598 2.58868098 0.508818984
v 1.65455389 2.15753293 0.317930996
v 1.54077494 2.37310696 0.386785984
v 1.588462 2.26531982 0.335057974
v 1.74998796 2.04974604 0.408196986
v 1.73841 1.87010098 0.476455986
v 1.53953993 2.58868098 0.459656984
v 1.58850598 2.69646788 0.508818984
v 1.72054195 2.15753293 0.348082989
v 1.54077494 2.48089409 0.386785984
v 1.588462 2.37310696 0.335057974
v 1.65455389 2.26531982 0.317930996
v 1.73841 2.04974604 0.476455986
v 1.70416498 1.87010098 0.517888963
v 1.53953993 2.69646788 0.459656984
v 1.58850598 2.87611389 0.508818984
v 1.53953993 2.87611389 0.459656984
v 1.54077494 2.58868098 0.386785984
v 1.54077494 2.69646788 0.386785984
v 1.54077494 2.87611389 0.386785984
v 1.588462 2.48089409 0.335057974
v 1.65455389 2.37310696 0.317930996
v 1.588462 2.69646788 0.335057974
v 1.588462 2.87611389 0.335057974
v 1.588462 2.58868098 0.335057974
v 1.65455389 2.69646788 0.317930996
v 1.65455389 2.87611389 0.317930996
v 1.65455389 2.48089409 0.317930996
v 1.65455389 2.58868098 0.317930996
v 1.72054195 2.26531982 0.348082989
v 1.72054195 2.69646788 0.348082989
v 1.72054195 2.87611389 0.348082989
v 1.72054195 2.37310696 0.348082989
v 1.72054195 2.48089409 0.348082989
v 1.72054195 2.58868098 0.348082989
v 1.74998796 2.15753293 0.408196986
v 1.74998796 2.69646788 0.408196986
v 1.74998796 2.87611389 0.408196986
v 1.74998796 2.26531982 0.408196986
v 1.74998796 2.37310696 0.408196986
v 1.74998796 2.48089409 0.408196986
v 1.74998796 2.58868098 0.408196986
v 1.73841 2.15753293 0.476455986
v 1.73841 2.69646907 0.476455986
v 1.73841 2.87611389 0.476455986
v 1.73841 2.26531982 0.476455986
v 1.73841 2.37310696 0.476455986
v 1.73841 2.48089409 0.476455986
v 1.73841 2.58868194 0.476455986
v 1.70416498 2.04974604 0.517888963
v 1.64620101 1.87010098 0.536394
v 1.70416498 2.69646907 0.517888963
v 1.70416498 2.87611389 0.517888963
v 1.70416498 2.15753293 0.517888963
v 1.64620101 2.04974604 0.536394
v 1.55471694 1.87010098 0.535757005
v 1.70416498 2.58868194 0.517888963
v 1.70416498 2.48089409 0.517888963
v 1.64620101 2.69646788 0.536394
v 1.64620101 2.87611389 0.536394
v 1.70416498 2.26531982 0.517888963
v 1.70416498 2.37310696 0.517888963
v 1.64620101 2.15753293 0.536394
v 1.64620101 2.58868098 0.536394
v 1.55471694 2.69646788 0.535757005
v 1.55471694 2.87611389 0.535757005
v 1.45108604 2.87611389 0.535757005
v 1.64620101 2.48089409 0.536394
v 1.64620101 2.37310696 0.536394
v 1.64620101 2.26531982 0.536394
v 1.55471694 2.58868098 0.535757005
v 1.45108628 2.69646788 0.535757005
v 1.34745514 2.87611389 0.535757005
v 1.55471694 2.48089409 0.535757005
v 1.55471694 2.37310696 0.535757005
v 1.55471694 2.26531982 0.535757005
v 1.55471694 2.15753293 0.535757005
v 1.34745526 2.69646788 0.535757005
v 1.24382424 2.87611389 0.535757005
v 1.45108628 2.58868098 0.535757005
v 1.45108604 2.48089409 0.535757005
v 1.45108604 2.37310696 0.535757005
v 1.24382424 2.69646788 0.535757005
v 1.14019334 2.87611389 0.535757005
v 1.34745526 2.58868098 0.535757005
v 1.14019334 2.69646788 0.535757005
v 1.03656232 2.87611389 0.535757005
v 1.34745514 2.48089409 0.535757005
v 1.24382424 2.58868098 0.535757005
v 1.45108604 2.26531982 0.535757005
v 1.03656232 2.69646788 0.535757005
v 0.932931423 2.87611389 0.535757005
v 1.34745514 2.37310696 0.535757005
v 1.24382424 2.48089409 0.535757005
v 1.14019334 2.58868098 0.535757005
v 0.932931364 2.69646788 0.535757005
v 0.829300523 2.87611389 0.535757005
v 1.03656232 2.58868098 0.535757005
v 1.14019334 2.48089409 0.535757005
v 1.24382424 2.37310696 0.535757005
v 1.34745514 2.26531982 0.535757005
v 0.829300344 2.69646788 0.535757005
v 0.725669563 2.87611389 0.535757005
v 0.932931364 2.58868098 0.535757005
v 1.03656232 2.48089409 0.535757005
v 1.14019334 2.37310696 0.535757005
v 0.725669384 2.69646788 0.535757005
v 0.622038662 2.87611389 0.535757005
v 0.829300344 2.58868098 0.535757005
v 0.932931364 2.48089409 0.535757005
v 0.622038543 2.69646788 0.535757005
v 0.518407762 2.87611389 0.535757005
v 0.725669384 2.58868098 0.535757005
v 0.518407583 2.69646788 0.535757005
v 0.414776742 2.87611389 0.535757005
v 1.24382424 2.26531982 0.535757005
v 1.03656232 2.37310696 0.535757005
v 0.829300523 2.48089409 0.535757005
v 0.622038543 2.58868098 0.535757005
v 0.414776593 2.69646788 0.535757005
v 0.311145842 2.87611389 0.535757005
v 1.14019334 2.26531982 0.535757005
v 0.932931364 2.37310696 0.535757005
v 0.725669563 2.48089409 0.535757005
v 0.518407583 2.58868098 0.535757005
v 0.311145782 2.69646788 0.535757005
v 0.207514942 2.87611389 0.535757005
v 1.03656232 2.26531982 0.535757005
v 0.829300463 2.37310696 0.535757005
v 0.622038662 2.48089409 0.535757005
v 0.414776593 2.58868098 0.535757005
v 0.207514793 2.69646788 0.535757005
v 0.103883967 2.87611389 0.535757005
v 0.932931364 2.26531982 0.535757005
v 0.725669444 2.37310696 0.535757005
v 0.518407702 2.48089409 0.535757005
v 0.311145782 2.58868098 0.535757005
v 0.103883818 2.69646788 0.535757005
v 0.000252990721 2.87611389 0.535757005
v 0.000252990721 2.69646788 0.535757005
v 0.207514793 2.58868098 0.535757005
v 0.103883818 2.58868098 0.535757005
v 0.000252990721 2.58868098 0.535757005
v 0.414776713 2.48089409 0.535757005
v 0.622038603 2.37310696 0.535757005
v 0.311145842 2.48089409 0.535757005
v 0.10388393 2.48089409 0.535757005
v 0.000252990721 2.48089409 0.535757005
v 0.207514912 2.48089409 0.535757005
v 0.518407643 2.37310696 0.535757005
v 0.103883892 2.37310696 0.535757005
v 0.000252990721 2.37310696 0.535757005
v 0.414776683 2.37310696 0.535757005
v 0.311145812 2.37310696 0.535757005
v 0.207514867 2.37310696 0.535757005
v 0.103883855 2.26531982 0.535757005
v 0.000252990721 2.26531982 0.535757005
v 0.207514837 2.26531982 0.535757005
v 0.311145782 2.26531982 0.535757005
v 0.414776653 2.26531982 0.535757005
v 0.518407643 2.26531982 0.535757005
v 0.103883967 2.15753293 0.535757005
v 0.000252990721 2.15753293 0.535757005
v 0.207514942 2.15753293 0.535757005
v 0.311145842 2.15753293 0.535757005
v 0.414776742 2.15753293 0.535757005
v 0.103883624 2.04974604 0.535757005
v 0.000252647384 2.04974604 0.535757005
v 0.207514599 2.04974604 0.535757005
v 0.103883356 1.87010098 0.535757005
v 0.000252380356 1.87010098 0.535757005
v 0.207514346 1.87010098 0.535757005
v 0.311145306 1.87010098 0.535757005
v 0.311145514 2.04974604 0.535757005
v 0.414776295 1.87010098 0.535757005
v 0.414776415 2.04974604 0.535757005
v 0.518407285 1.87010098 0.535757005
v 0.518407404 2.04974604 0.535757005
v 0.622038245 1.87010098 0.535757005
v 0.518407762 2.15753293 0.535757005
v 0.622038305 2.04974604 0.535757005
v 0.725669086 1.87010098 0.535757005
v 0.622038662 2.15753293 0.535757005
v 0.725669324 2.04974604 0.535757005
v 0.829300046 1.87010098 0.535757005
v 0.622038543 2.26531982 0.535757005
v 0.829300284 2.04974604 0.535757005
v 0.932931066 1.87010098 0.535757005
v 0.725669563 2.15753293 0.535757005
v 0.725669384 2.26531982 0.535757005
v 0.932931185 2.04974604 0.535757005
v 1.03656185 1.87010098 0.535757005
v 0.829300523 2.15753293 0.535757005
v 0.829300344 2.26531982 0.535757005
v 0.932931423 2.15753293 0.535757005
v 1.0365622 2.04974604 0.535757005
v 1.14019287 1.87010098 0.535757005
v 1.03656232 2.15753293 0.535757005
v 1.1401931 2.04974604 0.535757005
v 1.24382377 1.87010098 0.535757005
v 1.14019334 2.15753293 0.535757005
v 1.24382401 2.04974604 0.535757005
v 1.34745479 1.87010098 0.535757005
v 1.24382424 2.15753293 0.535757005
v 1.34745514 2.04974604 0.535757005
v 1.45108581 1.87010098 0.535757005
v 1.34745514 2.15753293 0.535757005
v 1.45108604 2.04974604 0.535757005
v 1.45108604 2.15753293 0.535757005
v 1.55471694 2.04974604 0.535757005
v 1.60106897 1.65603995 0.490166992
v 1.64008498 1.65603995 0.422591001
v 1.57250786 1.65603995 0.461605966
v 1.64008498 1.65603995 0.500620961
v 1.56205392 1.65603995 0.422591001
v 1.67910004 1.65603995 0.490166992
v 1.57250786 1.65603995 0.383576006
v 1.70766091 1.65603995 0.461605966
v 1.60106897 1.65603995 0.355013996
v 1.71811485 1.65603995 0.422591001
v 1.64008498 1.65603995 0.344559997
v 1.70766091 1.65603995 0.383576006
v 1.67910004 1.65603995 0.355013996
v 1.60106897 3.08821678 0.490166992
v 1.57250786 3.08821678 0.461605966
v 1.64008498 3.08821678 0.422591001
v 1.64008498 3.08821678 0.500620961
v 1.56205392 3.08821678 0.422591001
v 1.67910004 3.08821678 0.490166992
v 1.57250786 3.08821678 0.383576006
v 1.70766091 3.08821678 0.461605966
v 1.60106897 3.08821678 0.355013996
v 1.71811485 3.08821678 0.422591001
v 1.64008498 3.08821678 0.344559997
v 1.70766091 3.08821678 0.383576006
v 1.67910004 3.08821678 0.355013996
v 1.60092497 1.63395596 0.490351975
v 1.57220197 1.63395596 0.461628973
v 1.56437099 1.66512406 0.466150016
v 1.59640396 1.66512406 0.498182982
v 1.55264604 1.66512406 0.422392011
v 1.64016199 1.63395596 0.500864983
v 1.64016199 1.66512406 0.509907007
v 1.56168795 1.63395596 0.422392011
v 1.56437099 1.66512406 0.378634989
v 1.67939806 1.63395596 0.490351975
v 1.68391907 1.66512406 0.498182982
v 1.57220197 1.63395596 0.383156002
v 1.59640396 1.66512406 0.346601963
v 1.70812094 1.63395596 0.461628973
v 1.71595192 1.66512406 0.466150016
v 1.60092497 1.63395596 0.354431987
v 1.64016199 1.66512406 0.334877014
v 1.71863496 1.63395596 0.422392011
v 1.72767699 1.66512406 0.422392011
v 1.64016199 1.63395596 0.343918979
v 1.68391907 1.66512406 0.346601963
v 1.70812094 1.63395596 0.383154988
v 1.71595192 1.66512406 0.378634989
v 1.67939806 1.63395596 0.354431987
v 1.69197905 1.61718798 0.452308983
v 1.69999492 1.61718798 0.422392011
v 1.69197905 1.61718798 0.392475009
v 1.67007792 1.61718798 0.370574981
v 1.64016199 1.61718798 0.362558991
v 1.61024499 1.61718798 0.370574981
v 1.67007792 1.61718798 0.474208981
v 1.58834398 1.61718798 0.392475009
v 1.64016199 1.61718798 0.482225984
v 1.58032799 1.61718798 0.422392011
v 1.61024499 1.61718798 0.474208981
v 1.58834398 1.61718798 0.452308983
v 1.65830398 1.60517585 0.453814983
v 1.64016199 1.60517585 0.458676964
v 1.62201905 1.60517585 0.453814983
v 1.60873795 1.60517585 0.440533966
v 1.64016199 1.60089087 0.422392011
v 1.67158484 1.60517585 0.440533966
v 1.60387695 1.60517585 0.422392011
v 1.60873795 1.60517585 0.404249996
v 1.67644608 1.60517585 0.422392011
v 1.62201905 1.60517585 0.390969008
v 1.67158484 1.60517585 0.404249996
v 1.64016199 1.60517585 0.386108011
v 1.65830398 1.60517585 0.390969008
v 1.56437099 3.07913208 0.466150016
v 1.57220197 3.11029983 0.461628973
v 1.60092497 3.11029983 0.490351975
v 1.59640396 3.07913208 0.498182982
v 1.55264604 3.07913208 0.422392011
v 1.64016199 3.11029983 0.500864983
v 1.64016199 3.07913208 0.509907007
v 1.56168795 3.11029983 0.422392011
v 1.56437099 3.07913208 0.378634989
v 1.67939806 3.11029983 0.490351975
v 1.68391907 3.07913208 0.498182982
v 1.57220197 3.11029983 0.383156002
v 1.59640396 3.07913208 0.346601963
v 1.70812094 3.11029983 0.461628973
v 1.71595192 3.07913208 0.466150016
v 1.60092497 3.11029983 0.354431987
v 1.64016199 3.07913208 0.334877014
v 1.71863496 3.11029983 0.422392011
v 1.72767699 3.07913208 0.422392011
v 1.64016199 3.11029983 0.343918979
v 1.68391907 3.07913208 0.346601963
v 1.70812094 3.11029983 0.383154988
v 1.71595192 3.07913208 0.378634989
v 1.67939806 3.11029983 0.354431987
v 1.69197905 3.1270678 0.452308983
v 1.69999492 3.1270678 0.422392011
v 1.69197905 3.1270678 0.392475009
v 1.67007792 3.1270678 0.370574981
v 1.64016199 3.1270678 0.362558991
v 1.61024499 3.1270678 0.370574981
v 1.67007792 3.1270678 0.474208981
v 1.58834398 3.1270678 0.392475009
v 1.64016199 3.1270678 0.482225984
v 1.58032799 3.1270678 0.422392011
v 1.61024499 3.1270678 0.474208981
v 1.58834398 3.1270678 0.452308983
v 1.64016199 3.139081 0.386108011
v 1.62201905 3.13907981 0.390969008
v 1.60873795 3.13907981 0.404249996
v 1.60387695 3.139081 0.422392011
v 1.64016199 3.14336491 0.422392011
v 1.65830398 3.139081 0.390969008
v 1.60873795 3.13907981 0.440533966
v 1.62201905 3.139081 0.453814983
v 1.67158484 3.13907981 0.404249996
v 1.64016199 3.139081 0.458676964
v 1.67644608 3.139081 0.422392011
v 1.65830398 3.139081 0.453814983
v 1.67158484 3.139081 0.440533966
vt 0.235595703 0.0191192627
vt 0.275146484 0.00390625
vt 0.235595703 0.00390625
vt 0.275146484 0.0191192627
vt 0.235595703 0.0350646973
vt 0.298828125 0.00390625
vt 0.275146484 0.0350646973
vt 0.235595703 0.0504760742
vt 0.298828125 0.0191192627
vt 0.322509766 0.00390625
vt 0.275146484 0.0504760742
vt 0.235595703 0.0654296875
vt 0.298828125 0.0350646973
vt 0.322509766 0.0191192627
vt 0.346191406 0.00390625
vt 0.275146484 0.0654296875
vt 0.235595703 0.0813598633
vt 0.298828125 0.0504760742
vt 0.346191406 0.0191192627
vt 0.369873047 0.00390625
vt 0.322509766 0.0350646973
vt 0.275146484 0.0813598633
vt 0.235595703 0.0960083008
vt 0.369873047 0.0191192627
vt 0.393310547 0.00390625
vt 0.298828125 0.0654296875
vt 0.346191406 0.0350646973
vt 0.322509766 0.0504760742
vt 0.275146484 0.0960083008
vt 0.235595703 0.11114502
vt 0.393310547 0.0191192627
vt 0.416992188 0.00390625
vt 0.298828125 0.0813598633
vt 0.369873047 0.0350646973
vt 0.346191406 0.0504760742
vt 0.322509766 0.0654296875
vt 0.275146484 0.11114502
vt 0.235595703 0.122924805
vt 0.416992188 0.0191192627
vt 0.456542969 0.00390625
vt 0.456542969 0.0191192627
vt 0.393310547 0.0350646973
vt 0.416992188 0.0350646973
vt 0.456542969 0.0350646973
vt 0.369873047 0.0504760742
vt 0.416992188 0.0504760742
vt 0.456542969 0.0504760742
vt 0.393310547 0.0504760742
vt 0.346191406 0.0654296875
vt 0.416992188 0.0654296875
vt 0.456542969 0.0654296875
vt 0.369873047 0.0654296875
vt 0.393310547 0.0654296875
vt 0.322509766 0.0813598633
vt 0.416992188 0.0813598633
vt 0.456542969 0.0813598633
vt 0.346191406 0.0813598633
vt 0.369873047 0.0813598633
vt 0.393310547 0.0813598633
vt 0.298828125 0.0960083008
vt 0.416992188 0.0960083008
vt 0.456542969 0.0960083008
vt 0.322509766 0.0960083008
vt 0.346191406 0.0960083008
vt 0.369873047 0.0960083008
vt 0.393310547 0.0960083008
vt 0.298828125 0.11114502
vt 0.416992188 0.11114502
vt 0.456542969 0.11114502
vt 0.322509766 0.11114502
vt 0.346191406 0.11114502
vt 0.369873047 0.11114502
vt 0.393310547 0.11114502
vt 0.275146484 0.122924805
vt 0.235595703 0.136230469
vt 0.416992188 0.122924805
vt 0.456542969 0.122924805
vt 0.298828125 0.122924805
vt 0.275146484 0.136230469
vt 0.235595703 0.15625
vt 0.393310547 0.122924805
vt 0.369873047 0.122924805
vt 0.416992188 0.136230469
vt 0.456542969 0.136230469
vt 0.322509766 0.122924805
vt 0.346191406 0.122924805
vt 0.298828125 0.136230469
vt 0.393310547 0.136230469
vt 0.416992188 0.15625
vt 0.456542969 0.15625
vt 0.456542969 0.178955078
vt 0.369873047 0.136230469
vt 0.346191406 0.136230469
vt 0.322509766 0.136230469
vt 0.393310547 0.15625
vt 0.416992188 0.178955078
vt 0.456542969 0.201782227
vt 0.369873047 0.15625
vt 0.346191406 0.15625
vt 0.322509766 0.15625
vt 0.298828125 0.15625
vt 0.416992188 0.201782227
vt 0.456542969 0.224487305
vt 0.393310547 0.178955078
vt 0.369873047 0.178955078
vt 0.346191406 0.178955078
vt 0.416992188 0.224487305
vt 0.456542969 0.247314453
vt 0.393310547 0.201782227
vt 0.416992188 0.247314453
vt 0.456542969 0.270019531
vt 0.369873047 0.201782227
vt 0.393310547 0.224487305
vt 0.322509766 0.178955078
vt 0.416992188 0.270019531
vt 0.456542969 0.292724609
vt 0.346191406 0.201782227
vt 0.369873047 0.224487305
vt 0.393310547 0.247314453
vt 0.416992188 0.292724609
vt 0.456542969 0.315429688
vt 0.393310547 0.270019531
vt 0.369873047 0.247314453
vt 0.346191406 0.224487305
vt 0.322509766 0.201782227
vt 0.416992188 0.315429688
vt 0.456542969 0.338378906
vt 0.393310547 0.292724609
vt 0.369873047 0.270019531
vt 0.346191406 0.247314453
vt 0.416992188 0.338378906
vt 0.456542969 0.361083984
vt 0.393310547 0.315429688
vt 0.369873047 0.292724609
vt 0.416992188 0.361083984
vt 0.456542969 0.383789062
vt 0.393310547 0.338378906
vt 0.416992188 0.383789062
vt 0.456542969 0.406494141
vt 0.322509766 0.224487305
vt 0.346191406 0.270019531
vt 0.369873047 0.315429688
vt 0.393310547 0.361083984
vt 0.416992188 0.406494141
vt 0.456542969 0.429199219
vt 0.322509766 0.247314453
vt 0.346191406 0.292724609
vt 0.369873047 0.338378906
vt 0.393310547 0.383789062
vt 0.416992188 0.429199219
vt 0.456542969 0.452148438
vt 0.322509766 0.270019531
vt 0.346191406 0.315429688
vt 0.369873047 0.361083984
vt 0.393310547 0.406494141
vt 0.416992188 0.452148438
vt 0.456542969 0.474853516
vt 0.322509766 0.292724609
vt 0.346191406 0.338378906
vt 0.369873047 0.383789062
vt 0.393310547 0.429199219
vt 0.416992188 0.474853516
vt 0.456542969 0.497558594
vt 0.416992188 0.497558594
vt 0.393310547 0.452148438
vt 0.393310547 0.474853516
vt 0.393310547 0.497558594
vt 0.369873047 0.406494141
vt 0.346191406 0.361083984
vt 0.369873047 0.429199219
vt 0.369873047 0.474853516
vt 0.369873047 0.497558594
vt 0.369873047 0.452148438
vt 0.346191406 0.383789062
vt 0.346191406 0.474853516
vt 0.346191406 0.497558594
vt 0.346191406 0.406494141
vt 0.346191406 0.429199219
vt 0.346191406 0.452148438
vt 0.322509766 0.474853516
vt 0.322509766 0.497558594
vt 0.322509766 0.452148438
vt 0.322509766 0.429199219
vt 0.322509766 0.406494141
vt 0.322509766 0.383789062
vt 0.298828125 0.474853516
vt 0.298828125 0.497558594
vt 0.298828125 0.452148438
vt 0.298828125 0.429199219
vt 0.298828125 0.406494141
vt 0.275146484 0.474853516
vt 0.275146484 0.497558594
vt 0.275146484 0.452148438
vt 0.235595703 0.474853516
vt 0.235595703 0.497558594
vt 0.235595703 0.452148438
vt 0.235595703 0.429199219
vt 0.275146484 0.429199219
vt 0.235595703 0.406494141
vt 0.275146484 0.406494141
vt 0.235595703 0.383789062
vt 0.275146484 0.383789062
vt 0.235595703 0.361083984
vt 0.298828125 0.383789062
vt 0.275146484 0.361083984
vt 0.235595703 0.338378906
vt 0.298828125 0.361083984
vt 0.275146484 0.338378906
vt 0.235595703 0.315429688
vt 0.322509766 0.361083984
vt 0.275146484 0.315429688
vt 0.235595703 0.292724609
vt 0.298828125 0.338378906
vt 0.322509766 0.338378906
vt 0.275146484 0.292724609
vt 0.235595703 0.270019531
vt 0.298828125 0.315429688
vt 0.322509766 0.315429688
vt 0.298828125 0.292724609
vt 0.275146484 0.270019531
vt 0.235595703 0.247314453
vt 0.298828125 0.270019531
vt 0.275146484 0.247314453
vt 0.235595703 0.224487305
vt 0.298828125 0.247314453
vt 0.275146484 0.224487305
vt 0.235595703 0.201782227
vt 0.298828125 0.224487305
vt 0.275146484 0.201782227
vt 0.235595703 0.178955078
vt 0.298828125 0.201782227
vt 0.275146484 0.178955078
vt 0.298828125 0.178955078
vt 0.275146484 0.15625
vt 0.55078125 0.493652344
vt 0.555664062 0.514648438
vt 0.555664062 0.493652344
vt 0.55078125 0.514648438
vt 0.555664062 0.535644531
vt 0.55078125 0.535644531
vt 0.55078125 0.556640625
vt 0.555664062 0.556640625
vt 0.55078125 0.577636719
vt 0.555664062 0.577636719
vt 0.55078125 0.598632812
vt 0.555664062 0.598632812
vt 0.55078125 0.619628906
vt 0.555664062 0.619628906
vt 0.55078125 0.640625
vt 0.555664062 0.640625
vt 0.55078125 0.662109375
vt 0.555664062 0.662109375
vt 0.55078125 0.683105469
vt 0.555664062 0.683105469
vt 0.55078125 0.704101562
vt 0.555664062 0.704101562
vt 0.55078125 0.725097656
vt 0.555664062 0.725097656
vt 0.55078125 0.74609375
vt 0.555664062 0.74609375
vt 0.55078125 0.767089844
vt 0.555664062 0.767089844
vt 0.55078125 0.788085938
vt 0.555664062 0.788085938
vt 0.55078125 0.809082031
vt 0.555664062 0.809082031
vt 0.555664062 0.825195312
vt 0.55078125 0.825195312
vt 0.555664062 0.838867188
vt 0.55078125 0.838867188
vt 0.555664062 0.851074219
vt 0.55078125 0.851074219
vt 0.555664062 0.865234375
vt 0.55078125 0.865234375
vt 0.555664062 0.880859375
vt 0.55078125 0.880859375
vt 0.555664062 0.895996094
vt 0.55078125 0.895996094
vt 0.555664062 0.911132812
vt 0.55078125 0.911132812
vt 0.555664062 0.925292969
vt 0.55078125 0.925292969
vt 0.555664062 0.940917969
vt 0.55078125 0.940917969
vt 0.55078125 0.956542969
vt 0.555664062 0.956542969
vt 0.55078125 0.970703125
vt 0.555664062 0.970703125
vt 0.55078125 0.983398438
vt 0.555664062 0.983398438
vt 0.502441406 0.5
vt 0.507324219 0.520996094
vt 0.507324219 0.5
vt 0.502441406 0.520996094
vt 0.496826172 0.5
vt 0.507324219 0.541992188
vt 0.496826172 0.520996094
vt 0.502441406 0.541992188
vt 0.507324219 0.562988281
vt 0.496826172 0.541992188
vt 0.502441406 0.562988281
vt 0.507324219 0.583984375
vt 0.496826172 0.562988281
vt 0.502441406 0.583984375
vt 0.507324219 0.604980469
vt 0.496826172 0.583984375
vt 0.502441406 0.604980469
vt 0.507324219 0.625976562
vt 0.496826172 0.604980469
vt 0.502441406 0.625976562
vt 0.507324219 0.646972656
vt 0.496826172 0.625976562
vt 0.502441406 0.646972656
vt 0.507324219 0.66796875
vt 0.496826172 0.646972656
vt 0.502441406 0.66796875
vt 0.507324219 0.688964844
vt 0.496826172 0.66796875
vt 0.502441406 0.688964844
vt 0.507324219 0.709960938
vt 0.496826172 0.688964844
vt 0.502441406 0.709960938
vt 0.507324219 0.730957031
vt 0.496826172 0.709960938
vt 0.502441406 0.730957031
vt 0.507324219 0.751953125
vt 0.496826172 0.730957031
vt 0.502441406 0.751953125
vt 0.507324219 0.772949219
vt 0.496826172 0.751953125
vt 0.502441406 0.772949219
vt 0.507324219 0.793945312
vt 0.496826172 0.772949219
vt 0.502441406 0.793945312
vt 0.496826172 0.793945312
vt 0.507324219 0.814941406
vt 0.502441406 0.814941406
vt 0.496826172 0.814941406
vt 0.496826172 0.831542969
vt 0.502441406 0.831542969
vt 0.507324219 0.831542969
vt 0.496826172 0.845703125
vt 0.507324219 0.845703125
vt 0.502441406 0.845703125
vt 0.496826172 0.858398438
vt 0.502441406 0.858398438
vt 0.507324219 0.858398438
vt 0.502441406 0.873535156
vt 0.496826172 0.873535156
vt 0.507324219 0.873535156
vt 0.502441406 0.889648438
vt 0.496826172 0.889648438
vt 0.502441406 0.905273438
vt 0.507324219 0.889648438
vt 0.496826172 0.905273438
vt 0.507324219 0.905273438
vt 0.496826172 0.921386719
vt 0.507324219 0.921386719
vt 0.502441406 0.921386719
vt 0.496826172 0.936035156
vt 0.502441406 0.936035156
vt 0.502441406 0.952636719
vt 0.507324219 0.936035156
vt 0.496826172 0.952636719
vt 0.507324219 0.952636719
vt 0.496826172 0.968261719
vt 0.507324219 0.968261719
vt 0.502441406 0.968261719
vt 0.502441406 0.982910156
vt 0.496826172 0.982910156
vt 0.507324219 0.982910156
vt 0.496826172 0.99609375
vt 0.507324219 0.99609375
vt 0.502441406 0.99609375
vt 0.64453125 0.481445312
vt 0.642578125 0.460205078
vt 0.642578125 0.481445312
vt 0.64453125 0.460205078
vt 0.642578125 0.439208984
vt 0.64453125 0.439208984
vt 0.642578125 0.41796875
vt 0.64453125 0.41796875
vt 0.642578125 0.396972656
vt 0.64453125 0.396972656
vt 0.642578125 0.375732422
vt 0.64453125 0.375732422
vt 0.642578125 0.354736328
vt 0.64453125 0.354736328
vt 0.642578125 0.333496094
vt 0.64453125 0.333496094
vt 0.642578125 0.312255859
vt 0.64453125 0.312255859
vt 0.642578125 0.291259766
vt 0.64453125 0.291259766
vt 0.642578125 0.270019531
vt 0.64453125 0.270019531
vt 0.642578125 0.249023438
vt 0.64453125 0.249023438
vt 0.642578125 0.227905273
vt 0.64453125 0.227905273
vt 0.642578125 0.206787109
vt 0.64453125 0.206787109
vt 0.642578125 0.185546875
vt 0.64453125 0.185546875
vt 0.642578125 0.164428711
vt 0.64453125 0.164428711
vt 0.64453125 0.148925781
vt 0.642578125 0.148925781
vt 0.64453125 0.136352539
vt 0.642578125 0.136352539
vt 0.64453125 0.125244141
vt 0.642578125 0.125244141
vt 0.64453125 0.112182617
vt 0.642578125 0.112182617
vt 0.64453125 0.0980834961
vt 0.642578125 0.0980834961
vt 0.64453125 0.0842895508
vt 0.642578125 0.0842895508
vt 0.64453125 0.0702514648
vt 0.642578125 0.0702514648
vt 0.64453125 0.0575256348
vt 0.642578125 0.0575256348
vt 0.64453125 0.0432128906
vt 0.642578125 0.0432128906
vt 0.642578125 0.0286560059
vt 0.64453125 0.0286560059
vt 0.642578125 0.0158538818
vt 0.64453125 0.0158538818
vt 0.642578125 0.00390625
vt 0.64453125 0.00390625
vt 0.631835938 0.942382812
vt 0.61328125 0.930664062
vt 0.61328125 0.942382812
vt 0.631835938 0.930664062
vt 0.631835938 0.918945312
vt 0.61328125 0.918945312
vt 0.631835938 0.904785156
vt 0.61328125 0.904785156
vt 0.631835938 0.891113281
vt 0.61328125 0.891113281
vt 0.61328125 0.879394531
vt 0.631835938 0.879394531
vt 0.631835938 0.865722656
vt 0.61328125 0.865722656
vt 0.631835938 0.853027344
vt 0.61328125 0.853027344
vt 0.631835938 0.839355469
vt 0.61328125 0.839355469
vt 0.631835938 0.827148438
vt 0.61328125 0.827148438
vt 0.61328125 0.81640625
vt 0.631835938 0.81640625
vt 0.631835938 0.8046875
vt 0.61328125 0.8046875
vt 0.61328125 0.789550781
vt 0.631835938 0.789550781
vt 0.61328125 0.768066406
vt 0.631835938 0.768066406
vt 0.61328125 0.747070312
vt 0.631835938 0.747070312
vt 0.61328125 0.726074219
vt 0.631835938 0.726074219
vt 0.61328125 0.705078125
vt 0.631835938 0.705078125
vt 0.61328125 0.684082031
vt 0.631835938 0.684082031
vt 0.61328125 0.663085938
vt 0.631835938 0.663085938
vt 0.61328125 0.641601562
vt 0.631835938 0.641601562
vt 0.61328125 0.620605469
vt 0.631835938 0.620605469
vt 0.61328125 0.599609375
vt 0.631835938 0.599609375
vt 0.61328125 0.578613281
vt 0.631835938 0.578613281
vt 0.61328125 0.557617188
vt 0.631835938 0.557617188
vt 0.61328125 0.536621094
vt 0.631835938 0.536621094
vt 0.61328125 0.515136719
vt 0.631835938 0.515136719
vt 0.61328125 0.494140625
vt 0.631835938 0.494140625
vt 0.61328125 0.473144531
vt 0.631835938 0.473144531
vt 0.656738281 0.946777344
vt 0.654785156 0.958984375
vt 0.656738281 0.958984375
vt 0.654785156 0.946777344
vt 0.656738281 0.934082031
vt 0.654785156 0.934082031
vt 0.656738281 0.919433594
vt 0.654785156 0.919433594
vt 0.654785156 0.905273438
vt 0.656738281 0.905273438
vt 0.654785156 0.892578125
vt 0.656738281 0.892578125
vt 0.654785156 0.878417969
vt 0.656738281 0.878417969
vt 0.656738281 0.864746094
vt 0.654785156 0.864746094
vt 0.654785156 0.850585938
vt 0.656738281 0.850585938
vt 0.654785156 0.837402344
vt 0.656738281 0.837402344
vt 0.656738281 0.826660156
vt 0.654785156 0.826660156
vt 0.654785156 0.813964844
vt 0.656738281 0.813964844
vt 0.656738281 0.798339844
vt 0.654785156 0.798339844
vt 0.656738281 0.77734375
vt 0.654785156 0.77734375
vt 0.656738281 0.755859375
vt 0.654785156 0.755859375
vt 0.656738281 0.734863281
vt 0.654785156 0.734863281
vt 0.656738281 0.713867188
vt 0.654785156 0.713867188
vt 0.656738281 0.692871094
vt 0.654785156 0.692871094
vt 0.656738281 0.671386719
vt 0.654785156 0.671386719
vt 0.656738281 0.650390625
vt 0.654785156 0.650390625
vt 0.656738281 0.629394531
vt 0.654785156 0.629394531
vt 0.656738281 0.607910156
vt 0.654785156 0.607910156
vt 0.656738281 0.586914062
vt 0.654785156 0.586914062
vt 0.656738281 0.565917969
vt 0.654785156 0.565917969
vt 0.656738281 0.544921875
vt 0.654785156 0.544921875
vt 0.656738281 0.5234375
vt 0.654785156 0.5234375
vt 0.654785156 0.502441406
vt 0.656738281 0.502441406
vt 0.654785156 0.481445312
vt 0.656738281 0.481445312
vt 0.5390625 0.983398438
vt 0.534179688 0.970703125
vt 0.534179688 0.983398438
vt 0.5390625 0.970703125
vt 0.534179688 0.956542969
vt 0.5390625 0.956542969
vt 0.534179688 0.940917969
vt 0.5390625 0.940917969
vt 0.5390625 0.925292969
vt 0.534179688 0.925292969
vt 0.5390625 0.911132812
vt 0.534179688 0.911132812
vt 0.5390625 0.895996094
vt 0.534179688 0.895996094
vt 0.534179688 0.880859375
vt 0.5390625 0.880859375
vt 0.5390625 0.865234375
vt 0.534179688 0.865234375
vt 0.5390625 0.851074219
vt 0.534179688 0.851074219
vt 0.534179688 0.838867188
vt 0.5390625 0.838867188
vt 0.5390625 0.825195312
vt 0.534179688 0.825195312
vt 0.534179688 0.809082031
vt 0.5390625 0.809082031
vt 0.534179688 0.788085938
vt 0.5390625 0.788085938
vt 0.534179688 0.767089844
vt 0.5390625 0.767089844
vt 0.534179688 0.74609375
vt 0.5390625 0.74609375
vt 0.534179688 0.725097656
vt 0.5390625 0.725097656
vt 0.534179688 0.704101562
vt 0.5390625 0.704101562
vt 0.534179688 0.683105469
vt 0.5390625 0.683105469
vt 0.534179688 0.662109375
vt 0.5390625 0.662109375
vt 0.534179688 0.640625
vt 0.5390625 0.640625
vt 0.534179688 0.619628906
vt 0.5390625 0.619628906
vt 0.534179688 0.598632812
vt 0.5390625 0.598632812
vt 0.534179688 0.577636719
vt 0.5390625 0.577636719
vt 0.534179688 0.556640625
vt 0.5390625 0.556640625
vt 0.534179688 0.535644531
vt 0.5390625 0.535644531
vt 0.534179688 0.514648438
vt 0.5390625 0.514648438
vt 0.534179688 0.493652344
vt 0.5390625 0.493652344
vt 0.932617188 0.483398438
vt 0.932617188 0.501953125
vt 0.924316406 0.501953125
vt 0.924316406 0.483398438
vt 0.932617188 0.464355469
vt 0.924316406 0.464355469
vt 0.924316406 0.445556641
vt 0.932617188 0.445556641
vt 0.932617188 0.426757812
vt 0.924316406 0.426757812
vt 0.932617188 0.407958984
vt 0.924316406 0.407958984
vt 0.932617188 0.388916016
vt 0.924316406 0.388916016
vt 0.932617188 0.370117188
vt 0.924316406 0.370117188
vt 0.932617188 0.351318359
vt 0.924316406 0.351318359
vt 0.932617188 0.332519531
vt 0.924316406 0.332519531
vt 0.932617188 0.313476562
vt 0.924316406 0.313476562
vt 0.932617188 0.294677734
vt 0.924316406 0.294677734
vt 0.932617188 0.275878906
vt 0.924316406 0.275878906
vt 0.958496094 0.235595703
vt 0.958496094 0.256591797
vt 0.955566406 0.256591797
vt 0.955566406 0.235595703
vt 0.952636719 0.256591797
vt 0.958496094 0.214599609
vt 0.952636719 0.235595703
vt 0.955566406 0.214599609
vt 0.958496094 0.193481445
vt 0.952636719 0.214599609
vt 0.955566406 0.193481445
vt 0.958496094 0.172485352
vt 0.952636719 0.193481445
vt 0.955566406 0.172485352
vt 0.958496094 0.151367188
vt 0.952636719 0.172485352
vt 0.955566406 0.151367188
vt 0.958496094 0.130249023
vt 0.952636719 0.151367188
vt 0.955566406 0.130249023
vt 0.958496094 0.10925293
vt 0.952636719 0.130249023
vt 0.955566406 0.10925293
vt 0.958496094 0.0881958008
vt 0.952636719 0.10925293
vt 0.955566406 0.0881958008
vt 0.958496094 0.0670776367
vt 0.952636719 0.0881958008
vt 0.955566406 0.0670776367
vt 0.958496094 0.0460510254
vt 0.952636719 0.0670776367
vt 0.955566406 0.0460510254
vt 0.958496094 0.0249786377
vt 0.952636719 0.0460510254
vt 0.955566406 0.0249786377
vt 0.958496094 0.00390625
vt 0.952636719 0.0249786377
vt 0.955566406 0.00390625
vt 0.952636719 0.00390625
vt 0.730957031 0.377441406
vt 0.730957031 0.358642578
vt 0.739746094 0.358642578
vt 0.739746094 0.377441406
vt 0.730957031 0.395996094
vt 0.739746094 0.395996094
vt 0.739746094 0.414794922
vt 0.730957031 0.414794922
vt 0.730957031 0.43359375
vt 0.739746094 0.43359375
vt 0.730957031 0.452392578
vt 0.739746094 0.452392578
vt 0.730957031 0.471191406
vt 0.739746094 0.471191406
vt 0.730957031 0.489990234
vt 0.739746094 0.489990234
vt 0.730957031 0.508789062
vt 0.739746094 0.508789062
vt 0.730957031 0.52734375
vt 0.739746094 0.52734375
vt 0.730957031 0.546386719
vt 0.739746094 0.546386719
vt 0.730957031 0.564941406
vt 0.739746094 0.564941406
vt 0.730957031 0.583984375
vt 0.739746094 0.583984375
vt 0.787597656 0.375732422
vt 0.787597656 0.358642578
vt 0.80078125 0.358642578
vt 0.80078125 0.375732422
vt 0.787597656 0.392822266
vt 0.80078125 0.392822266
vt 0.80078125 0.409912109
vt 0.787597656 0.409912109
vt 0.787597656 0.427001953
vt 0.80078125 0.427001953
vt 0.787597656 0.444091797
vt 0.80078125 0.444091797
vt 0.787597656 0.461181641
vt 0.80078125 0.461181641
vt 0.787597656 0.478271484
vt 0.80078125 0.478271484
vt 0.787597656 0.495361328
vt 0.80078125 0.495361328
vt 0.787597656 0.512695312
vt 0.80078125 0.512695312
vt 0.787597656 0.529785156
vt 0.80078125 0.529785156
vt 0.787597656 0.546875
vt 0.80078125 0.546875
vt 0.787597656 0.563964844
vt 0.80078125 0.563964844
vt 0.9140625 0.494140625
vt 0.9140625 0.513671875
vt 0.905761719 0.513671875
vt 0.905761719 0.494140625
vt 0.9140625 0.474121094
vt 0.905761719 0.474121094
vt 0.905761719 0.454345703
vt 0.9140625 0.454345703
vt 0.9140625 0.434570312
vt 0.905761719 0.434570312
vt 0.9140625 0.414794922
vt 0.905761719 0.414794922
vt 0.9140625 0.394775391
vt 0.905761719 0.394775391
vt 0.9140625 0.375
vt 0.905761719 0.375
vt 0.9140625 0.355224609
vt 0.905761719 0.355224609
vt 0.9140625 0.335449219
vt 0.905761719 0.335449219
vt 0.9140625 0.315429688
vt 0.905761719 0.315429688
vt 0.9140625 0.295654297
vt 0.905761719 0.295654297
vt 0.9140625 0.275878906
vt 0.905761719 0.275878906
vt 0.905761719 0.0259552002
vt 0.905761719 0.00390625
vt 0.911132812 0.00390625
vt 0.911132812 0.0259552002
vt 0.916503906 0.00390625
vt 0.905761719 0.0480041504
vt 0.916503906 0.0259552002
vt 0.911132812 0.0480041504
vt 0.905761719 0.0700073242
vt 0.916503906 0.0480041504
vt 0.911132812 0.0700073242
vt 0.905761719 0.0921020508
vt 0.916503906 0.0700073242
vt 0.911132812 0.0921020508
vt 0.905761719 0.114135742
vt 0.916503906 0.0921020508
vt 0.911132812 0.114135742
vt 0.905761719 0.136108398
vt 0.916503906 0.114135742
vt 0.911132812 0.136108398
vt 0.905761719 0.158203125
vt 0.916503906 0.136108398
vt 0.911132812 0.158203125
vt 0.905761719 0.180297852
vt 0.916503906 0.158203125
vt 0.911132812 0.180297852
vt 0.905761719 0.202270508
vt 0.916503906 0.180297852
vt 0.911132812 0.202270508
vt 0.905761719 0.224365234
vt 0.916503906 0.202270508
vt 0.911132812 0.224365234
vt 0.905761719 0.246337891
vt 0.916503906 0.224365234
vt 0.911132812 0.246337891
vt 0.905761719 0.268310547
vt 0.916503906 0.246337891
vt 0.911132812 0.268310547
vt 0.916503906 0.268310547
vt 0.948242188 0.681640625
vt 0.948242188 0.697265625
vt 0.924316406 0.697265625
vt 0.924316406 0.681640625
vt 0.948242188 0.666015625
vt 0.924316406 0.666015625
vt 0.924316406 0.650390625
vt 0.948242188 0.650390625
vt 0.948242188 0.634765625
vt 0.924316406 0.634765625
vt 0.948242188 0.619140625
vt 0.924316406 0.619140625
vt 0.948242188 0.603515625
vt 0.924316406 0.603515625
vt 0.948242188 0.587890625
vt 0.924316406 0.587890625
vt 0.948242188 0.572265625
vt 0.924316406 0.572265625
vt 0.948242188 0.556640625
vt 0.924316406 0.556640625
vt 0.948242188 0.541015625
vt 0.924316406 0.541015625
vt 0.948242188 0.525390625
vt 0.924316406 0.525390625
vt 0.948242188 0.509765625
vt 0.924316406 0.509765625
vt 0.693359375 0.603515625
vt 0.693359375 0.592285156
vt 0.701171875 0.592285156
vt 0.701171875 0.603515625
vt 0.693359375 0.614257812
vt 0.709960938 0.603515625
vt 0.709960938 0.592285156
vt 0.709960938 0.614257812
vt 0.701171875 0.614257812
vt 0.709960938 0.625488281
vt 0.701171875 0.625488281
vt 0.693359375 0.625488281
vt 0.693359375 0.636230469
vt 0.701171875 0.636230469
vt 0.709960938 0.636230469
vt 0.693359375 0.647460938
vt 0.709960938 0.647460938
vt 0.701171875 0.647460938
vt 0.693359375 0.658203125
vt 0.709960938 0.658203125
vt 0.701171875 0.658203125
vt 0.693359375 0.669433594
vt 0.709960938 0.669433594
vt 0.701171875 0.669433594
vt 0.693359375 0.680175781
vt 0.709960938 0.680175781
vt 0.701171875 0.680175781
vt 0.693359375 0.69140625
vt 0.709960938 0.69140625
vt 0.701171875 0.69140625
vt 0.693359375 0.702148438
vt 0.709960938 0.702148438
vt 0.701171875 0.702148438
vt 0.693359375 0.713378906
vt 0.709960938 0.713378906
vt 0.701171875 0.713378906
vt 0.693359375 0.724121094
vt 0.709960938 0.724121094
vt 0.701171875 0.724121094
vt 0.971679688 0.473632812
vt 0.971679688 0.458251953
vt 0.98046875 0.458251953
vt 0.98046875 0.473632812
vt 0.971679688 0.489257812
vt 0.98046875 0.489257812
vt 0.98046875 0.504882812
vt 0.971679688 0.504882812
vt 0.971679688 0.520507812
vt 0.98046875 0.520507812
vt 0.971679688 0.536132812
vt 0.98046875 0.536132812
vt 0.971679688 0.551269531
vt 0.98046875 0.551269531
vt 0.971679688 0.566894531
vt 0.98046875 0.566894531
vt 0.971679688 0.582519531
vt 0.98046875 0.582519531
vt 0.971679688 0.598144531
vt 0.98046875 0.598144531
vt 0.971679688 0.613769531
vt 0.98046875 0.613769531
vt 0.971679688 0.629394531
vt 0.98046875 0.629394531
vt 0.971679688 0.64453125
vt 0.98046875 0.64453125
vt 0.768554688 0.376464844
vt 0.768554688 0.358642578
vt 0.771484375 0.358642578
vt 0.771484375 0.376464844
vt 0.774902344 0.358642578
vt 0.768554688 0.394287109
vt 0.774902344 0.376464844
vt 0.771484375 0.394287109
vt 0.768554688 0.412109375
vt 0.774902344 0.394287109
vt 0.771484375 0.412109375
vt 0.768554688 0.429931641
vt 0.774902344 0.412109375
vt 0.771484375 0.429931641
vt 0.768554688 0.447753906
vt 0.774902344 0.429931641
vt 0.771484375 0.447753906
vt 0.768554688 0.465576172
vt 0.774902344 0.447753906
vt 0.771484375 0.465576172
vt 0.768554688 0.483398438
vt 0.774902344 0.465576172
vt 0.771484375 0.483398438
vt 0.768554688 0.500976562
vt 0.774902344 0.483398438
vt 0.771484375 0.500976562
vt 0.768554688 0.519042969
vt 0.774902344 0.500976562
vt 0.771484375 0.519042969
vt 0.768554688 0.536621094
vt 0.774902344 0.519042969
vt 0.771484375 0.536621094
vt 0.768554688 0.5546875
vt 0.774902344 0.536621094
vt 0.771484375 0.5546875
vt 0.768554688 0.572265625
vt 0.774902344 0.5546875
vt 0.771484375 0.572265625
vt 0.774902344 0.572265625
vt 0.990722656 0.00390625
vt 0.99609375 0.00390625
vt 0.99609375 0.020401001
vt 0.990722656 0.020401001
vt 0.99609375 0.036895752
vt 0.990722656 0.036895752
vt 0.99609375 0.0533752441
vt 0.990722656 0.0533752441
vt 0.99609375 0.0698852539
vt 0.990722656 0.0698852539
vt 0.99609375 0.0863647461
vt 0.990722656 0.0863647461
vt 0.99609375 0.102844238
vt 0.990722656 0.102844238
vt 0.99609375 0.119384766
vt 0.990722656 0.119384766
vt 0.99609375 0.135864258
vt 0.990722656 0.135864258
vt 0.99609375 0.15234375
vt 0.990722656 0.15234375
vt 0.99609375 0.168823242
vt 0.990722656 0.168823242
vt 0.99609375 0.185302734
vt 0.990722656 0.185302734
vt 0.99609375 0.201782227
vt 0.990722656 0.201782227
vt 0.88671875 0.358642578
vt 0.889160156 0.358642578
vt 0.889160156 0.373535156
vt 0.88671875 0.373535156
vt 0.889160156 0.388427734
vt 0.88671875 0.388427734
vt 0.889160156 0.403320312
vt 0.88671875 0.403320312
vt 0.889160156 0.418212891
vt 0.88671875 0.418212891
vt 0.889160156 0.433105469
vt 0.88671875 0.433105469
vt 0.889160156 0.447998047
vt 0.88671875 0.447998047
vt 0.889160156 0.462890625
vt 0.88671875 0.462890625
vt 0.889160156 0.477783203
vt 0.88671875 0.477783203
vt 0.889160156 0.492675781
vt 0.88671875 0.492675781
vt 0.889160156 0.5078125
vt 0.88671875 0.5078125
vt 0.889160156 0.522460938
vt 0.88671875 0.522460938
vt 0.889160156 0.537597656
vt 0.88671875 0.537597656
vt 0.903320312 0.687988281
vt 0.900878906 0.687988281
vt 0.900878906 0.674316406
vt 0.903320312 0.674316406
vt 0.900878906 0.66015625
vt 0.903320312 0.66015625
vt 0.900878906 0.646484375
vt 0.903320312 0.646484375
vt 0.900878906 0.632324219
vt 0.903320312 0.632324219
vt 0.900878906 0.618652344
vt 0.903320312 0.618652344
vt 0.900878906 0.604492188
vt 0.903320312 0.604492188
vt 0.900878906 0.590820312
vt 0.903320312 0.590820312
vt 0.900878906 0.577148438
vt 0.903320312 0.577148438
vt 0.900878906 0.562988281
vt 0.903320312 0.562988281
vt 0.900878906 0.549316406
vt 0.903320312 0.549316406
vt 0.900878906 0.53515625
vt 0.903320312 0.53515625
vt 0.900878906 0.521484375
vt 0.903320312 0.521484375
vt 0.83984375 0.711914062
vt 0.834960938 0.711914062
vt 0.834960938 0.698730469
vt 0.83984375 0.698730469
vt 0.834960938 0.685546875
vt 0.83984375 0.685546875
vt 0.834960938 0.672363281
vt 0.83984375 0.672363281
vt 0.834960938 0.659179688
vt 0.83984375 0.659179688
vt 0.834960938 0.645996094
vt 0.83984375 0.645996094
vt 0.834960938 0.6328125
vt 0.83984375 0.6328125
vt 0.834960938 0.619628906
vt 0.83984375 0.619628906
vt 0.834960938 0.606445312
vt 0.83984375 0.606445312
vt 0.834960938 0.593261719
vt 0.83984375 0.593261719
vt 0.834960938 0.580078125
vt 0.83984375 0.580078125
vt 0.834960938 0.566894531
vt 0.83984375 0.566894531
vt 0.834960938 0.553710938
vt 0.83984375 0.553710938
vt 0.893554688 0.351074219
vt 0.876953125 0.00390625
vt 0.893554688 0.00390625
vt 0.876953125 0.351074219
vt 0.860351562 0.351074219
vt 0.860351562 0.00390625
vt 0.843261719 0.00390625
vt 0.843261719 0.351074219
vt 0.826660156 0.00390625
vt 0.826660156 0.351074219
vt 0.810058594 0.00390625
vt 0.810058594 0.351074219
vt 0.793457031 0.00390625
vt 0.793457031 0.351074219
vt 0.776855469 0.351074219
vt 0.776855469 0.00390625
vt 0.759765625 0.00390625
vt 0.759765625 0.351074219
vt 0.743164062 0.00390625
vt 0.743164062 0.351074219
vt 0.7265625 0.351074219
vt 0.7265625 0.00390625
vt 0.709960938 0.00390625
vt 0.709960938 0.351074219
vt 0.693359375 0.00390625
vt 0.693359375 0.351074219
vt 0.693359375 0.377441406
vt 0.693359375 0.358642578
vt 0.701660156 0.358642578
vt 0.701660156 0.377441406
vt 0.693359375 0.396240234
vt 0.701660156 0.396240234
vt 0.701660156 0.415039062
vt 0.693359375 0.415039062
vt 0.693359375 0.434082031
vt 0.701660156 0.434082031
vt 0.693359375 0.452880859
vt 0.701660156 0.452880859
vt 0.693359375 0.471679688
vt 0.701660156 0.471679688
vt 0.693359375 0.490478516
vt 0.701660156 0.490478516
vt 0.693359375 0.509277344
vt 0.701660156 0.509277344
vt 0.693359375 0.528320312
vt 0.701660156 0.528320312
vt 0.693359375 0.547363281
vt 0.701660156 0.547363281
vt 0.693359375 0.565917969
vt 0.701660156 0.565917969
vt 0.693359375 0.584960938
vt 0.701660156 0.584960938
vt 0.974609375 0.00390625
vt 0.977050781 0.00390625
vt 0.977050781 0.0249786377
vt 0.974609375 0.0249786377
vt 0.977050781 0.0460510254
vt 0.971679688 0.0249786377
vt 0.971679688 0.00390625
vt 0.971679688 0.0460510254
vt 0.974609375 0.0460510254
vt 0.977050781 0.0670776367
vt 0.971679688 0.0670776367
vt 0.974609375 0.0670776367
vt 0.977050781 0.0881958008
vt 0.971679688 0.0881958008
vt 0.974609375 0.0881958008
vt 0.977050781 0.10925293
vt 0.971679688 0.10925293
vt 0.974609375 0.10925293
vt 0.977050781 0.130249023
vt 0.971679688 0.130249023
vt 0.974609375 0.130249023
vt 0.977050781 0.151367188
vt 0.971679688 0.151367188
vt 0.974609375 0.151367188
vt 0.977050781 0.172485352
vt 0.971679688 0.172485352
vt 0.974609375 0.172485352
vt 0.977050781 0.193481445
vt 0.971679688 0.193481445
vt 0.974609375 0.193481445
vt 0.977050781 0.214599609
vt 0.971679688 0.214599609
vt 0.974609375 0.214599609
vt 0.977050781 0.235595703
vt 0.971679688 0.235595703
vt 0.974609375 0.235595703
vt 0.977050781 0.256591797
vt 0.971679688 0.256591797
vt 0.974609375 0.256591797
vt 0.720703125 0.564941406
vt 0.720703125 0.583984375
vt 0.711914062 0.583984375
vt 0.711914062 0.564941406
vt 0.720703125 0.546386719
vt 0.711914062 0.546386719
vt 0.711914062 0.52734375
vt 0.720703125 0.52734375
vt 0.720703125 0.508789062
vt 0.711914062 0.508789062
vt 0.720703125 0.489990234
vt 0.711914062 0.489990234
vt 0.720703125 0.471191406
vt 0.711914062 0.471191406
vt 0.720703125 0.452392578
vt 0.711914062 0.452392578
vt 0.720703125 0.43359375
vt 0.711914062 0.43359375
vt 0.720703125 0.414794922
vt 0.711914062 0.414794922
vt 0.720703125 0.395996094
vt 0.711914062 0.395996094
vt 0.720703125 0.377441406
vt 0.711914062 0.377441406
vt 0.720703125 0.358642578
vt 0.711914062 0.358642578
vt 0.82421875 0.546875
vt 0.82421875 0.563964844
vt 0.811035156 0.563964844
vt 0.811035156 0.546875
vt 0.82421875 0.529785156
vt 0.811035156 0.529785156
vt 0.811035156 0.512695312
vt 0.82421875 0.512695312
vt 0.82421875 0.495361328
vt 0.811035156 0.495361328
vt 0.82421875 0.478271484
vt 0.811035156 0.478271484
vt 0.82421875 0.461181641
vt 0.811035156 0.461181641
vt 0.82421875 0.444091797
vt 0.811035156 0.444091797
vt 0.82421875 0.427001953
vt 0.811035156 0.427001953
vt 0.82421875 0.409912109
vt 0.811035156 0.409912109
vt 0.82421875 0.392822266
vt 0.811035156 0.392822266
vt 0.82421875 0.375732422
vt 0.811035156 0.375732422
vt 0.82421875 0.358642578
vt 0.811035156 0.358642578
vt 0.9609375 0.482421875
vt 0.9609375 0.501953125
vt 0.952636719 0.501953125
vt 0.952636719 0.482421875
vt 0.9609375 0.462402344
vt 0.952636719 0.462402344
vt 0.952636719 0.442626953
vt 0.9609375 0.442626953
vt 0.9609375 0.422851562
vt 0.952636719 0.422851562
vt 0.9609375 0.403076172
vt 0.952636719 0.403076172
vt 0.9609375 0.383056641
vt 0.952636719 0.383056641
vt 0.9609375 0.36328125
vt 0.952636719 0.36328125
vt 0.9609375 0.343505859
vt 0.952636719 0.343505859
vt 0.9609375 0.323730469
vt 0.952636719 0.323730469
vt 0.9609375 0.303710938
vt 0.952636719 0.303710938
vt 0.9609375 0.283935547
vt 0.952636719 0.283935547
vt 0.9609375 0.264160156
vt 0.952636719 0.264160156
vt 0.934570312 0.00390625
vt 0.939941406 0.00390625
vt 0.939941406 0.0259552002
vt 0.934570312 0.0259552002
vt 0.939941406 0.0480041504
vt 0.929199219 0.0259552002
vt 0.929199219 0.00390625
vt 0.929199219 0.0480041504
vt 0.934570312 0.0480041504
vt 0.939941406 0.0700073242
vt 0.929199219 0.0700073242
vt 0.934570312 0.0700073242
vt 0.939941406 0.0921020508
vt 0.929199219 0.0921020508
vt 0.934570312 0.0921020508
vt 0.939941406 0.114135742
vt 0.929199219 0.114135742
vt 0.934570312 0.114135742
vt 0.939941406 0.136108398
vt 0.929199219 0.136108398
vt 0.934570312 0.136108398
vt 0.939941406 0.158203125
vt 0.929199219 0.158203125
vt 0.934570312 0.158203125
vt 0.939941406 0.180297852
vt 0.929199219 0.180297852
vt 0.934570312 0.180297852
vt 0.939941406 0.202270508
vt 0.929199219 0.202270508
vt 0.934570312 0.202270508
vt 0.939941406 0.224365234
vt 0.929199219 0.224365234
vt 0.934570312 0.224365234
vt 0.939941406 0.246337891
vt 0.929199219 0.246337891
vt 0.934570312 0.246337891
vt 0.939941406 0.268310547
vt 0.929199219 0.268310547
vt 0.934570312 0.268310547
vt 0.858886719 0.530273438
vt 0.858886719 0.545898438
vt 0.834960938 0.545898438
vt 0.834960938 0.530273438
vt 0.858886719 0.514648438
vt 0.834960938 0.514648438
vt 0.834960938 0.499267578
vt 0.858886719 0.499267578
vt 0.858886719 0.483642578
vt 0.834960938 0.483642578
vt 0.858886719 0.468017578
vt 0.834960938 0.468017578
vt 0.858886719 0.452392578
vt 0.834960938 0.452392578
vt 0.858886719 0.436767578
vt 0.834960938 0.436767578
vt 0.858886719 0.421142578
vt 0.834960938 0.421142578
vt 0.858886719 0.405517578
vt 0.834960938 0.405517578
vt 0.858886719 0.389892578
vt 0.834960938 0.389892578
vt 0.858886719 0.374267578
vt 0.834960938 0.374267578
vt 0.858886719 0.358642578
vt 0.834960938 0.358642578
vt 0.7578125 0.580078125
vt 0.75 0.590820312
vt 0.75 0.580078125
vt 0.7578125 0.590820312
vt 0.766601562 0.580078125
vt 0.75 0.602050781
vt 0.766601562 0.590820312
vt 0.7578125 0.602050781
vt 0.75 0.612792969
vt 0.766601562 0.602050781
vt 0.7578125 0.612792969
vt 0.75 0.624023438
vt 0.766601562 0.612792969
vt 0.7578125 0.624023438
vt 0.75 0.634765625
vt 0.766601562 0.624023438
vt 0.7578125 0.634765625
vt 0.75 0.645996094
vt 0.766601562 0.634765625
vt 0.7578125 0.645996094
vt 0.75 0.656738281
vt 0.766601562 0.645996094
vt 0.7578125 0.656738281
vt 0.75 0.66796875
vt 0.766601562 0.656738281
vt 0.7578125 0.66796875
vt 0.766601562 0.66796875
vt 0.75 0.678710938
vt 0.7578125 0.678710938
vt 0.766601562 0.678710938
vt 0.766601562 0.689941406
vt 0.7578125 0.689941406
vt 0.75 0.689941406
vt 0.75 0.700683594
vt 0.7578125 0.700683594
vt 0.75 0.711914062
vt 0.766601562 0.700683594
vt 0.7578125 0.711914062
vt 0.766601562 0.711914062
vt 0.971679688 0.279785156
vt 0.971679688 0.264160156
vt 0.98046875 0.264160156
vt 0.98046875 0.279785156
vt 0.971679688 0.295166016
vt 0.98046875 0.295166016
vt 0.98046875 0.310791016
vt 0.971679688 0.310791016
vt 0.971679688 0.326416016
vt 0.98046875 0.326416016
vt 0.971679688 0.341796875
vt 0.98046875 0.341796875
vt 0.971679688 0.357421875
vt 0.98046875 0.357421875
vt 0.971679688 0.373046875
vt 0.98046875 0.373046875
vt 0.971679688 0.388427734
vt 0.98046875 0.388427734
vt 0.971679688 0.404052734
vt 0.98046875 0.404052734
vt 0.971679688 0.419677734
vt 0.98046875 0.419677734
vt 0.971679688 0.435058594
vt 0.98046875 0.435058594
vt 0.971679688 0.450683594
vt 0.98046875 0.450683594
vt 0.752929688 0.358642578
vt 0.755859375 0.358642578
vt 0.755859375 0.376464844
vt 0.752929688 0.376464844
vt 0.755859375 0.394287109
vt 0.75 0.376464844
vt 0.75 0.358642578
vt 0.75 0.394287109
vt 0.752929688 0.394287109
vt 0.755859375 0.412109375
vt 0.75 0.412109375
vt 0.752929688 0.412109375
vt 0.755859375 0.429931641
vt 0.75 0.429931641
vt 0.752929688 0.429931641
vt 0.755859375 0.447753906
vt 0.75 0.447753906
vt 0.752929688 0.447753906
vt 0.755859375 0.465576172
vt 0.75 0.465576172
vt 0.752929688 0.465576172
vt 0.755859375 0.483398438
vt 0.75 0.483398438
vt 0.752929688 0.483398438
vt 0.755859375 0.500976562
vt 0.75 0.500976562
vt 0.752929688 0.500976562
vt 0.755859375 0.519042969
vt 0.75 0.519042969
vt 0.752929688 0.519042969
vt 0.755859375 0.536621094
vt 0.75 0.536621094
vt 0.752929688 0.536621094
vt 0.755859375 0.5546875
vt 0.75 0.5546875
vt 0.752929688 0.5546875
vt 0.755859375 0.572265625
vt 0.75 0.572265625
vt 0.752929688 0.572265625
vt 0.99609375 0.390625
vt 0.99609375 0.407226562
vt 0.990722656 0.407226562
vt 0.990722656 0.390625
vt 0.99609375 0.374267578
vt 0.990722656 0.374267578
vt 0.990722656 0.357666016
vt 0.99609375 0.357666016
vt 0.99609375 0.341308594
vt 0.990722656 0.341308594
vt 0.99609375 0.324707031
vt 0.990722656 0.324707031
vt 0.99609375 0.308349609
vt 0.990722656 0.308349609
vt 0.99609375 0.291748047
vt 0.990722656 0.291748047
vt 0.99609375 0.275146484
vt 0.990722656 0.275146484
vt 0.99609375 0.258789062
vt 0.990722656 0.258789062
vt 0.99609375 0.24230957
vt 0.990722656 0.24230957
vt 0.99609375 0.225708008
vt 0.990722656 0.225708008
vt 0.99609375 0.209228516
vt 0.990722656 0.209228516
vt 0.875 0.522460938
vt 0.875 0.537597656
vt 0.872558594 0.537597656
vt 0.872558594 0.522460938
vt 0.875 0.5078125
vt 0.872558594 0.5078125
vt 0.875 0.492675781
vt 0.872558594 0.492675781
vt 0.875 0.477783203
vt 0.872558594 0.477783203
vt 0.875 0.462890625
vt 0.872558594 0.462890625
vt 0.875 0.447998047
vt 0.872558594 0.447998047
vt 0.875 0.433105469
vt 0.872558594 0.433105469
vt 0.875 0.418212891
vt 0.872558594 0.418212891
vt 0.875 0.403320312
vt 0.872558594 0.403320312
vt 0.875 0.388427734
vt 0.872558594 0.388427734
vt 0.875 0.373535156
vt 0.872558594 0.373535156
vt 0.875 0.358642578
vt 0.872558594 0.358642578
vt 0.875 0.697753906
vt 0.875 0.711914062
vt 0.872558594 0.711914062
vt 0.872558594 0.697753906
vt 0.875 0.684082031
vt 0.872558594 0.684082031
vt 0.875 0.669921875
vt 0.872558594 0.669921875
vt 0.875 0.65625
vt 0.872558594 0.65625
vt 0.875 0.642089844
vt 0.872558594 0.642089844
vt 0.875 0.628417969
vt 0.872558594 0.628417969
vt 0.875 0.614257812
vt 0.872558594 0.614257812
vt 0.875 0.600585938
vt 0.872558594 0.600585938
vt 0.875 0.586425781
vt 0.872558594 0.586425781
vt 0.875 0.572753906
vt 0.872558594 0.572753906
vt 0.875 0.559082031
vt 0.872558594 0.559082031
vt 0.875 0.544921875
vt 0.872558594 0.544921875
vt 0.792480469 0.716796875
vt 0.792480469 0.729980469
vt 0.787597656 0.729980469
vt 0.787597656 0.716796875
vt 0.792480469 0.703613281
vt 0.787597656 0.703613281
vt 0.792480469 0.690429688
vt 0.787597656 0.690429688
vt 0.792480469 0.677246094
vt 0.787597656 0.677246094
vt 0.792480469 0.663574219
vt 0.787597656 0.663574219
vt 0.792480469 0.650390625
vt 0.787597656 0.650390625
vt 0.792480469 0.637207031
vt 0.787597656 0.637207031
vt 0.792480469 0.624023438
vt 0.787597656 0.624023438
vt 0.792480469 0.610839844
vt 0.787597656 0.610839844
vt 0.792480469 0.59765625
vt 0.787597656 0.59765625
vt 0.792480469 0.584472656
vt 0.787597656 0.584472656
vt 0.792480469 0.571289062
vt 0.787597656 0.571289062
vt 0.584472656 0.473144531
vt 0.603027344 0.494140625
vt 0.603027344 0.473144531
vt 0.584472656 0.494140625
vt 0.603027344 0.515136719
vt 0.584472656 0.515136719
vt 0.603027344 0.536621094
vt 0.584472656 0.536621094
vt 0.603027344 0.557617188
vt 0.584472656 0.557617188
vt 0.603027344 0.578613281
vt 0.584472656 0.578613281
vt 0.603027344 0.599609375
vt 0.584472656 0.599609375
vt 0.603027344 0.620605469
vt 0.584472656 0.620605469
vt 0.603027344 0.641601562
vt 0.584472656 0.641601562
vt 0.603027344 0.663085938
vt 0.584472656 0.663085938
vt 0.603027344 0.684082031
vt 0.584472656 0.684082031
vt 0.603027344 0.705078125
vt 0.584472656 0.705078125
vt 0.603027344 0.726074219
vt 0.584472656 0.726074219
vt 0.603027344 0.747070312
vt 0.584472656 0.747070312
vt 0.603027344 0.768066406
vt 0.584472656 0.768066406
vt 0.603027344 0.789550781
vt 0.584472656 0.789550781
vt 0.584472656 0.8046875
vt 0.603027344 0.8046875
vt 0.603027344 0.81640625
vt 0.584472656 0.81640625
vt 0.584472656 0.827148438
vt 0.603027344 0.827148438
vt 0.603027344 0.839355469
vt 0.584472656 0.839355469
vt 0.603027344 0.853027344
vt 0.584472656 0.853027344
vt 0.603027344 0.865722656
vt 0.584472656 0.865722656
vt 0.603027344 0.879394531
vt 0.584472656 0.879394531
vt 0.584472656 0.891113281
vt 0.603027344 0.891113281
vt 0.603027344 0.904785156
vt 0.584472656 0.904785156
vt 0.603027344 0.918945312
vt 0.584472656 0.918945312
vt 0.603027344 0.930664062
vt 0.584472656 0.930664062
vt 0.584472656 0.942382812
vt 0.603027344 0.942382812
vt 0.572265625 0.493652344
vt 0.567382812 0.472412109
vt 0.567382812 0.493652344
vt 0.572265625 0.472412109
vt 0.567382812 0.451416016
vt 0.572265625 0.451416016
vt 0.572265625 0.430419922
vt 0.567382812 0.430419922
vt 0.572265625 0.409423828
vt 0.567382812 0.409423828
vt 0.572265625 0.388427734
vt 0.567382812 0.388427734
vt 0.572265625 0.367431641
vt 0.567382812 0.367431641
vt 0.572265625 0.346191406
vt 0.567382812 0.346191406
vt 0.572265625 0.325195312
vt 0.567382812 0.325195312
vt 0.572265625 0.304199219
vt 0.567382812 0.304199219
vt 0.572265625 0.283203125
vt 0.567382812 0.283203125
vt 0.572265625 0.262207031
vt 0.567382812 0.262207031
vt 0.572265625 0.241088867
vt 0.567382812 0.241088867
vt 0.572265625 0.220092773
vt 0.567382812 0.220092773
vt 0.572265625 0.198974609
vt 0.567382812 0.198974609
vt 0.572265625 0.177978516
vt 0.567382812 0.177978516
vt 0.572265625 0.161743164
vt 0.567382812 0.161743164
vt 0.567382812 0.148193359
vt 0.572265625 0.148193359
vt 0.572265625 0.135986328
vt 0.567382812 0.135986328
vt 0.567382812 0.121704102
vt 0.572265625 0.121704102
vt 0.567382812 0.106323242
vt 0.572265625 0.106323242
vt 0.572265625 0.0913085938
vt 0.567382812 0.0913085938
vt 0.567382812 0.0759277344
vt 0.572265625 0.0759277344
vt 0.567382812 0.0618896484
vt 0.572265625 0.0618896484
vt 0.567382812 0.046081543
vt 0.572265625 0.046081543
vt 0.572265625 0.0306549072
vt 0.567382812 0.0306549072
vt 0.572265625 0.0165252686
vt 0.567382812 0.0165252686
vt 0.572265625 0.00390625
vt 0.567382812 0.00390625
vt 0.669433594 0.481445312
vt 0.667480469 0.460205078
vt 0.667480469 0.481445312
vt 0.669433594 0.460205078
vt 0.667480469 0.439208984
vt 0.669433594 0.439208984
vt 0.667480469 0.41796875
vt 0.669433594 0.41796875
vt 0.667480469 0.396972656
vt 0.669433594 0.396972656
vt 0.667480469 0.375732422
vt 0.669433594 0.375732422
vt 0.667480469 0.354736328
vt 0.669433594 0.354736328
vt 0.667480469 0.333496094
vt 0.669433594 0.333496094
vt 0.667480469 0.312255859
vt 0.669433594 0.312255859
vt 0.667480469 0.291259766
vt 0.669433594 0.291259766
vt 0.667480469 0.270019531
vt 0.669433594 0.270019531
vt 0.667480469 0.249023438
vt 0.669433594 0.249023438
vt 0.667480469 0.227905273
vt 0.669433594 0.227905273
vt 0.667480469 0.206787109
vt 0.669433594 0.206787109
vt 0.667480469 0.185546875
vt 0.669433594 0.185546875
vt 0.667480469 0.164428711
vt 0.669433594 0.164428711
vt 0.667480469 0.148925781
vt 0.669433594 0.148925781
vt 0.669433594 0.136352539
vt 0.667480469 0.136352539
vt 0.667480469 0.125244141
vt 0.669433594 0.125244141
vt 0.669433594 0.112182617
vt 0.667480469 0.112182617
vt 0.669433594 0.0980834961
vt 0.667480469 0.0980834961
vt 0.667480469 0.0842895508
vt 0.669433594 0.0842895508
vt 0.669433594 0.0702514648
vt 0.667480469 0.0702514648
vt 0.669433594 0.0575256348
vt 0.667480469 0.0575256348
vt 0.669433594 0.0432128906
vt 0.667480469 0.0432128906
vt 0.667480469 0.0286560059
vt 0.669433594 0.0286560059
vt 0.667480469 0.0158538818
vt 0.669433594 0.0158538818
vt 0.667480469 0.00390625
vt 0.669433594 0.00390625
vt 0.682128906 0.946777344
vt 0.6796875 0.958984375
vt 0.682128906 0.958984375
vt 0.6796875 0.946777344
vt 0.682128906 0.934082031
vt 0.6796875 0.934082031
vt 0.682128906 0.919433594
vt 0.6796875 0.919433594
vt 0.6796875 0.905273438
vt 0.682128906 0.905273438
vt 0.6796875 0.892578125
vt 0.682128906 0.892578125
vt 0.6796875 0.878417969
vt 0.682128906 0.878417969
vt 0.6796875 0.864746094
vt 0.682128906 0.864746094
vt 0.6796875 0.850585938
vt 0.682128906 0.850585938
vt 0.6796875 0.837402344
vt 0.682128906 0.837402344
vt 0.6796875 0.826660156
vt 0.682128906 0.826660156
vt 0.6796875 0.813964844
vt 0.682128906 0.813964844
vt 0.6796875 0.798339844
vt 0.682128906 0.798339844
vt 0.682128906 0.77734375
vt 0.6796875 0.77734375
vt 0.682128906 0.755859375
vt 0.6796875 0.755859375
vt 0.682128906 0.734863281
vt 0.6796875 0.734863281
vt 0.682128906 0.713867188
vt 0.6796875 0.713867188
vt 0.682128906 0.692871094
vt 0.6796875 0.692871094
vt 0.682128906 0.671386719
vt 0.6796875 0.671386719
vt 0.682128906 0.650390625
vt 0.6796875 0.650390625
vt 0.682128906 0.629394531
vt 0.6796875 0.629394531
vt 0.682128906 0.607910156
vt 0.6796875 0.607910156
vt 0.682128906 0.586914062
vt 0.6796875 0.586914062
vt 0.682128906 0.565917969
vt 0.6796875 0.565917969
vt 0.682128906 0.544921875
vt 0.6796875 0.544921875
vt 0.682128906 0.5234375
vt 0.6796875 0.5234375
vt 0.6796875 0.502441406
vt 0.682128906 0.502441406
vt 0.6796875 0.481445312
vt 0.682128906 0.481445312
vt 0.517578125 0.970703125
vt 0.517578125 0.983398438
vt 0.522460938 0.983398438
vt 0.522460938 0.970703125
vt 0.517578125 0.956542969
vt 0.522460938 0.956542969
vt 0.517578125 0.940917969
vt 0.522460938 0.940917969
vt 0.522460938 0.925292969
vt 0.517578125 0.925292969
vt 0.522460938 0.911132812
vt 0.517578125 0.911132812
vt 0.522460938 0.895996094
vt 0.517578125 0.895996094
vt 0.522460938 0.880859375
vt 0.517578125 0.880859375
vt 0.522460938 0.865234375
vt 0.517578125 0.865234375
vt 0.522460938 0.851074219
vt 0.517578125 0.851074219
vt 0.522460938 0.838867188
vt 0.517578125 0.838867188
vt 0.522460938 0.825195312
vt 0.517578125 0.825195312
vt 0.522460938 0.809082031
vt 0.517578125 0.809082031
vt 0.517578125 0.788085938
vt 0.522460938 0.788085938
vt 0.517578125 0.767089844
vt 0.522460938 0.767089844
vt 0.517578125 0.74609375
vt 0.522460938 0.74609375
vt 0.517578125 0.725097656
vt 0.522460938 0.725097656
vt 0.517578125 0.704101562
vt 0.522460938 0.704101562
vt 0.517578125 0.683105469
vt 0.522460938 0.683105469
vt 0.517578125 0.662109375
vt 0.522460938 0.662109375
vt 0.517578125 0.640625
vt 0.522460938 0.640625
vt 0.517578125 0.619628906
vt 0.522460938 0.619628906
vt 0.517578125 0.598632812
vt 0.522460938 0.598632812
vt 0.517578125 0.577636719
vt 0.522460938 0.577636719
vt 0.517578125 0.556640625
vt 0.522460938 0.556640625
vt 0.517578125 0.535644531
vt 0.522460938 0.535644531
vt 0.517578125 0.514648438
vt 0.522460938 0.514648438
vt 0.517578125 0.493652344
vt 0.522460938 0.493652344
vt 0.476074219 0.479003906
vt 0.476074219 0.5
vt 0.481445312 0.5
vt 0.481445312 0.479003906
vt 0.486816406 0.5
vt 0.476074219 0.458007812
vt 0.486816406 0.479003906
vt 0.481445312 0.458007812
vt 0.476074219 0.437011719
vt 0.486816406 0.458007812
vt 0.481445312 0.437011719
vt 0.476074219 0.416015625
vt 0.486816406 0.437011719
vt 0.481445312 0.416015625
vt 0.476074219 0.395019531
vt 0.486816406 0.416015625
vt 0.481445312 0.395019531
vt 0.476074219 0.374023438
vt 0.486816406 0.395019531
vt 0.481445312 0.374023438
vt 0.476074219 0.353027344
vt 0.486816406 0.374023438
vt 0.481445312 0.353027344
vt 0.476074219 0.33203125
vt 0.486816406 0.353027344
vt 0.481445312 0.33203125
vt 0.476074219 0.310791016
vt 0.486816406 0.33203125
vt 0.481445312 0.310791016
vt 0.476074219 0.289794922
vt 0.486816406 0.310791016
vt 0.481445312 0.289794922
vt 0.476074219 0.268798828
vt 0.486816406 0.289794922
vt 0.481445312 0.268798828
vt 0.476074219 0.247924805
vt 0.486816406 0.268798828
vt 0.481445312 0.247924805
vt 0.476074219 0.226928711
vt 0.486816406 0.247924805
vt 0.481445312 0.226928711
vt 0.476074219 0.205810547
vt 0.486816406 0.226928711
vt 0.481445312 0.205810547
vt 0.476074219 0.184814453
vt 0.486816406 0.205810547
vt 0.481445312 0.184814453
vt 0.476074219 0.168334961
vt 0.486816406 0.184814453
vt 0.481445312 0.168334961
vt 0.486816406 0.168334961
vt 0.476074219 0.154174805
vt 0.486816406 0.154174805
vt 0.481445312 0.154174805
vt 0.476074219 0.141357422
vt 0.481445312 0.141357422
vt 0.486816406 0.141357422
vt 0.481445312 0.126464844
vt 0.476074219 0.126464844
vt 0.486816406 0.126464844
vt 0.481445312 0.110473633
vt 0.476074219 0.110473633
vt 0.481445312 0.094909668
vt 0.486816406 0.110473633
vt 0.476074219 0.094909668
vt 0.486816406 0.094909668
vt 0.476074219 0.0787963867
vt 0.486816406 0.0787963867
vt 0.481445312 0.0787963867
vt 0.476074219 0.0640869141
vt 0.481445312 0.0640869141
vt 0.481445312 0.0475463867
vt 0.486816406 0.0640869141
vt 0.476074219 0.0475463867
vt 0.486816406 0.0475463867
vt 0.476074219 0.0316772461
vt 0.486816406 0.0316772461
vt 0.481445312 0.0316772461
vt 0.481445312 0.0168762207
vt 0.476074219 0.0168762207
vt 0.486816406 0.0168762207
vt 0.476074219 0.00390625
vt 0.486816406 0.00390625
vt 0.481445312 0.00390625
vt 0.00390625 0.0191345215
vt 0.0433349609 0.00390625
vt 0.00390625 0.00390625
vt 0.0433349609 0.0191345215
vt 0.00390625 0.03515625
vt 0.0670166016 0.00390625
vt 0.0433349609 0.03515625
vt 0.00390625 0.0505981445
vt 0.0670166016 0.0191345215
vt 0.0906982422 0.00390625
vt 0.0433349609 0.0505981445
vt 0.00390625 0.0655517578
vt 0.0670166016 0.03515625
vt 0.0906982422 0.0191345215
vt 0.114318848 0.00390625
vt 0.0433349609 0.0655517578
vt 0.00390625 0.0814819336
vt 0.0670166016 0.0505981445
vt 0.114318848 0.0191345215
vt 0.138061523 0.00390625
vt 0.0906982422 0.03515625
vt 0.0433349609 0.0814819336
vt 0.00390625 0.0961914062
vt 0.138061523 0.0191345215
vt 0.161621094 0.00390625
vt 0.0670166016 0.0655517578
vt 0.114318848 0.03515625
vt 0.0906982422 0.0505981445
vt 0.0433349609 0.0961914062
vt 0.00390625 0.11138916
vt 0.161621094 0.0191345215
vt 0.185302734 0.00390625
vt 0.0670166016 0.0814819336
vt 0.138061523 0.03515625
vt 0.114318848 0.0505981445
vt 0.0906982422 0.0655517578
vt 0.0433349609 0.11138916
vt 0.00390625 0.12322998
vt 0.185302734 0.0191345215
vt 0.224731445 0.00390625
vt 0.224731445 0.0191345215
vt 0.161621094 0.03515625
vt 0.185302734 0.03515625
vt 0.224731445 0.03515625
vt 0.138061523 0.0505981445
vt 0.114318848 0.0655517578
vt 0.185302734 0.0505981445
vt 0.224731445 0.0505981445
vt 0.161621094 0.0505981445
vt 0.185302734 0.0655517578
vt 0.224731445 0.0655517578
vt 0.138061523 0.0655517578
vt 0.161621094 0.0655517578
vt 0.0906982422 0.0814819336
vt 0.185302734 0.0814819336
vt 0.224731445 0.0814819336
vt 0.114318848 0.0814819336
vt 0.138061523 0.0814819336
vt 0.161621094 0.0814819336
vt 0.0670166016 0.0961914062
vt 0.185302734 0.0961914062
vt 0.224731445 0.0961914062
vt 0.0906982422 0.0961914062
vt 0.114318848 0.0961914062
vt 0.138061523 0.0961914062
vt 0.161621094 0.0961914062
vt 0.0670166016 0.11138916
vt 0.185302734 0.11138916
vt 0.224731445 0.11138916
vt 0.0906982422 0.11138916
vt 0.114318848 0.11138916
vt 0.138061523 0.11138916
vt 0.161621094 0.11138916
vt 0.0433349609 0.12322998
vt 0.00390625 0.13659668
vt 0.185302734 0.12322998
vt 0.224731445 0.12322998
vt 0.0670166016 0.12322998
vt 0.0433349609 0.13659668
vt 0.00390625 0.156616211
vt 0.161621094 0.12322998
vt 0.138061523 0.12322998
vt 0.185302734 0.13659668
vt 0.224731445 0.13659668
vt 0.0906982422 0.12322998
vt 0.114318848 0.12322998
vt 0.0670166016 0.13659668
vt 0.161621094 0.13659668
vt 0.185302734 0.156616211
vt 0.224731445 0.156616211
vt 0.224731445 0.179443359
vt 0.138061523 0.13659668
vt 0.114318848 0.13659668
vt 0.0906982422 0.13659668
vt 0.161621094 0.156616211
vt 0.185302734 0.179443359
vt 0.224731445 0.202148438
vt 0.138061523 0.156616211
vt 0.114318848 0.156616211
vt 0.0906982422 0.156616211
vt 0.0670166016 0.156616211
vt 0.185302734 0.202148438
vt 0.224731445 0.224853516
vt 0.161621094 0.179443359
vt 0.138061523 0.179443359
vt 0.114318848 0.179443359
vt 0.185302734 0.224853516
vt 0.224731445 0.247680664
vt 0.161621094 0.202148438
vt 0.185302734 0.247680664
vt 0.224731445 0.270507812
vt 0.138061523 0.202148438
vt 0.161621094 0.224853516
vt 0.0906982422 0.179443359
vt 0.185302734 0.270507812
vt 0.224731445 0.293212891
vt 0.114318848 0.202148438
vt 0.138061523 0.224853516
vt 0.161621094 0.247680664
vt 0.185302734 0.293212891
vt 0.224731445 0.315917969
vt 0.161621094 0.270507812
vt 0.138061523 0.247680664
vt 0.114318848 0.224853516
vt 0.0906982422 0.202148438
vt 0.185302734 0.315917969
vt 0.224731445 0.338623047
vt 0.161621094 0.293212891
vt 0.138061523 0.270507812
vt 0.114318848 0.247680664
vt 0.185302734 0.338623047
vt 0.224731445 0.361328125
vt 0.161621094 0.315917969
vt 0.138061523 0.293212891
vt 0.185302734 0.361328125
vt 0.224731445 0.384277344
vt 0.161621094 0.338623047
vt 0.185302734 0.384277344
vt 0.224731445 0.406982422
vt 0.0906982422 0.224853516
vt 0.114318848 0.270507812
vt 0.138061523 0.315917969
vt 0.161621094 0.361328125
vt 0.185302734 0.406982422
vt 0.224731445 0.4296875
vt 0.0906982422 0.247680664
vt 0.114318848 0.293212891
vt 0.138061523 0.338623047
vt 0.161621094 0.384277344
vt 0.185302734 0.4296875
vt 0.224731445 0.452392578
vt 0.0906982422 0.270507812
vt 0.114318848 0.315917969
vt 0.138061523 0.361328125
vt 0.161621094 0.406982422
vt 0.185302734 0.452392578
vt 0.224731445 0.475097656
vt 0.0906982422 0.293212891
vt 0.114318848 0.338623047
vt 0.138061523 0.384277344
vt 0.161621094 0.4296875
vt 0.185302734 0.475097656
vt 0.224731445 0.498046875
vt 0.185302734 0.498046875
vt 0.161621094 0.452392578
vt 0.161621094 0.475097656
vt 0.161621094 0.498046875
vt 0.138061523 0.406982422
vt 0.114318848 0.361328125
vt 0.138061523 0.4296875
vt 0.138061523 0.475097656
vt 0.138061523 0.498046875
vt 0.138061523 0.452392578
vt 0.114318848 0.384277344
vt 0.114318848 0.475097656
vt 0.114318848 0.498046875
vt 0.114318848 0.406982422
vt 0.114318848 0.4296875
vt 0.114318848 0.452392578
vt 0.0906982422 0.475097656
vt 0.0906982422 0.498046875
vt 0.0906982422 0.452392578
vt 0.0906982422 0.4296875
vt 0.0906982422 0.406982422
vt 0.0906982422 0.384277344
vt 0.0670166016 0.475097656
vt 0.0670166016 0.498046875
vt 0.0670166016 0.452392578
vt 0.0670166016 0.4296875
vt 0.0670166016 0.406982422
vt 0.0433349609 0.475097656
vt 0.0433349609 0.498046875
vt 0.0433349609 0.452392578
vt 0.00390625 0.475097656
vt 0.00390625 0.498046875
vt 0.00390625 0.452392578
vt 0.00390625 0.4296875
vt 0.0433349609 0.4296875
vt 0.00390625 0.406982422
vt 0.0433349609 0.406982422
vt 0.00390625 0.384277344
vt 0.0433349609 0.384277344
vt 0.00390625 0.361328125
vt 0.0670166016 0.384277344
vt 0.0433349609 0.361328125
vt 0.00390625 0.338623047
vt 0.0670166016 0.361328125
vt 0.0433349609 0.338623047
vt 0.00390625 0.315917969
vt 0.0906982422 0.361328125
vt 0.0433349609 0.315917969
vt 0.00390625 0.293212891
vt 0.0670166016 0.338623047
vt 0.0906982422 0.338623047
vt 0.0433349609 0.293212891
vt 0.00390625 0.270507812
vt 0.0670166016 0.315917969
vt 0.0906982422 0.315917969
vt 0.0670166016 0.293212891
vt 0.0433349609 0.270507812
vt 0.00390625 0.247680664
vt 0.0670166016 0.270507812
vt 0.0433349609 0.247680664
vt 0.00390625 0.224853516
vt 0.0670166016 0.247680664
vt 0.0433349609 0.224853516
vt 0.00390625 0.202148438
vt 0.0670166016 0.224853516
vt 0.0433349609 0.202148438
vt 0.00390625 0.179443359
vt 0.0670166016 0.202148438
vt 0.0433349609 0.179443359
vt 0.0670166016 0.179443359
vt 0.0433349609 0.156616211
vt 0.728027344 0.725585938
vt 0.74609375 0.743652344
vt 0.721679688 0.737304688
vt 0.739257812 0.719238281
vt 0.721679688 0.750488281
vt 0.752929688 0.719238281
vt 0.728027344 0.76171875
vt 0.764160156 0.725585938
vt 0.739257812 0.768554688
vt 0.770507812 0.737304688
vt 0.752929688 0.768554688
vt 0.770507812 0.750488281
vt 0.764160156 0.76171875
vt 0.718261719 0.83203125
vt 0.70703125 0.825195312
vt 0.725097656 0.807128906
vt 0.731445312 0.83203125
vt 0.700195312 0.813964844
vt 0.743164062 0.825195312
vt 0.700195312 0.80078125
vt 0.749511719 0.813964844
vt 0.70703125 0.7890625
vt 0.749511719 0.80078125
vt 0.718261719 0.782714844
vt 0.743164062 0.7890625
vt 0.731445312 0.782714844
vt 0.921386719 0.84765625
vt 0.9453125 0.833496094
vt 0.959960938 0.848144531
vt 0.926269531 0.867675781
vt 0.979492188 0.814453125
vt 0.893066406 0.84765625
vt 0.887207031 0.867675781
vt 0.959472656 0.809082031
vt 0.979492188 0.775878906
vt 0.868652344 0.833984375
vt 0.853515625 0.848144531
vt 0.958984375 0.780761719
vt 0.959960938 0.7421875
vt 0.854492188 0.809570312
vt 0.833984375 0.814453125
vt 0.944824219 0.756347656
vt 0.926269531 0.72265625
vt 0.854003906 0.781738281
vt 0.833984375 0.775878906
vt 0.920410156 0.742675781
vt 0.887207031 0.72265625
vt 0.868164062 0.756835938
vt 0.853515625 0.7421875
vt 0.892089844 0.742675781
vt 0.869628906 0.805664062
vt 0.869140625 0.785644531
vt 0.87890625 0.768066406
vt 0.895996094 0.7578125
vt 0.916015625 0.7578125
vt 0.93359375 0.767578125
vt 0.879882812 0.822753906
vt 0.943847656 0.784667969
vt 0.896972656 0.832519531
vt 0.944335938 0.8046875
vt 0.916992188 0.832519531
vt 0.934570312 0.822265625
vt 0.891113281 0.811035156
vt 0.900878906 0.816894531
vt 0.912597656 0.816894531
vt 0.922851562 0.811035156
vt 0.906738281 0.795410156
vt 0.885253906 0.801269531
vt 0.928222656 0.80078125
vt 0.928222656 0.7890625
vt 0.885253906 0.789550781
vt 0.922363281 0.779296875
vt 0.890625 0.779296875
vt 0.912109375 0.7734375
vt 0.900878906 0.7734375
vt 0.736816406 0.961914062
vt 0.751464844 0.946777344
vt 0.775390625 0.9609375
vt 0.770507812 0.981445312
vt 0.717285156 0.928222656
vt 0.803710938 0.961425781
vt 0.809570312 0.981445312
vt 0.737304688 0.922363281
vt 0.717285156 0.889160156
vt 0.828125 0.947265625
vt 0.843261719 0.961914062
vt 0.737792969 0.894042969
vt 0.736816406 0.85546875
vt 0.842285156 0.923339844
vt 0.862792969 0.928222656
vt 0.751953125 0.870117188
vt 0.770507812 0.8359375
vt 0.842773438 0.895019531
vt 0.862792969 0.889160156
vt 0.776367188 0.855957031
vt 0.809570312 0.8359375
vt 0.828613281 0.870605469
vt 0.843261719 0.85546875
vt 0.8046875 0.856445312
vt 0.827148438 0.918945312
vt 0.827636719 0.898925781
vt 0.817871094 0.881835938
vt 0.800292969 0.871582031
vt 0.780273438 0.87109375
vt 0.763183594 0.880859375
vt 0.816894531 0.936523438
vt 0.752929688 0.8984375
vt 0.799316406 0.946289062
vt 0.752441406 0.918457031
vt 0.779296875 0.945800781
vt 0.762207031 0.935546875
vt 0.784179688 0.887207031
vt 0.774414062 0.892578125
vt 0.768554688 0.902832031
vt 0.768554688 0.914550781
vt 0.790039062 0.908691406
vt 0.795898438 0.887207031
vt 0.773925781 0.924316406
vt 0.784179688 0.930175781
vt 0.806152344 0.893066406
vt 0.795410156 0.930175781
vt 0.811523438 0.902832031
vt 0.805664062 0.924804688
vt 0.811523438 0.914550781
vn 0.93116051 0 -0.364609659
vn 0.708310664 0 -0.705900908
vn 0.708310783 0 -0.705900729
vn 0.93116039 0 -0.364609748
vn 0.930775225 0 0.365591913
vn 0.708310425 0 -0.705901146
vn 0.930775106 0 0.365592122
vn 0.517725766 0 0.855546713
vn 0.93116039 0 -0.364609927
vn 0.708309948 0 -0.705901563
vn 0.517725587 0 0.855546713
vn -0.0981007963 0 0.995176554
vn 0.930775106 0 0.365592211
vn 0.931160212 0 -0.364610314
vn 0.708309531 4.08628523E-07 -0.70590204
vn -0.0981008336 0 0.995176435
vn -0.6871593 0 0.726506829
vn 0.517725468 0 0.855546892
vn 0.931160212 2.16531404E-07 -0.364610404
vn 0.708307862 1.87408352E-06 -0.705903769
vn 0.930775344 0 0.365591824
vn -0.687159181 0 0.726506889
vn -0.99046576 0 0.137759045
vn 0.931159973 9.93072376E-07 -0.364610881
vn 0.708304644 1.46546597E-06 -0.705906808
vn -0.0981008857 0 0.995176435
vn 0.930775106 0 0.365592122
vn 0.517725587 0 0.855546713
vn -0.99046576 0 0.137759507
vn -0.922740996 0 -0.385420531
vn 0.931159556 7.76543743E-07 -0.364611953
vn 0.708303154 0 -0.705908358
vn -0.687159121 0 0.726506948
vn 0.930775106 0 0.365592211
vn 0.517725408 0 0.855546892
vn -0.0981008187 0 0.995176435
vn -0.922740996 0 -0.385420501
vn -0.536464691 0 -0.843922734
vn 0.931159258 0 -0.364612639
vn 0.708302975 0 -0.705908477
vn 0.931159258 0 -0.364612758
vn 0.930775225 0 0.365591884
vn 0.930775106 0 0.365592092
vn 0.930775106 0 0.365592211
vn 0.517725408 0 0.855546892
vn 0.517725646 0 0.855546713
vn 0.517725706 0 0.855546713
vn 0.517725587 0 0.855546713
vn -0.0981008112 0 0.995176554
vn -0.0981008112 0 0.995176435
vn -0.098100774 0 0.995176554
vn -0.0981008708 0 0.995176435
vn -0.0981008857 0 0.995176435
vn -0.687159121 0 0.726506948
vn -0.687159181 0 0.726506889
vn -0.687159121 0 0.726506889
vn -0.687159181 0 0.726506889
vn -0.6871593 0 0.726506829
vn -0.687159121 0 0.726506948
vn -0.99046576 0 0.13775897
vn -0.99046576 0 0.13775894
vn -0.99046576 0 0.137759045
vn -0.990465879 0 0.137758568
vn -0.99046576 0 0.137759089
vn -0.99046576 0 0.137759224
vn -0.99046576 0 0.13775906
vn -0.922740877 0 -0.385420859
vn -0.922740877 0 -0.385420829
vn -0.922740877 0 -0.38542068
vn -0.922740817 0 -0.385421067
vn -0.922740877 0 -0.385420889
vn -0.922740996 0 -0.385420561
vn -0.922740877 0 -0.38542074
vn -0.536464632 0 -0.843922794
vn -0.114190437 0 -0.993458927
vn -0.536464512 0 -0.843922913
vn -0.536464453 0 -0.843922913
vn -0.536464989 0 -0.843922555
vn -0.114190325 0 -0.993458927
vn -0 0 -1
vn -0.536464512 0 -0.843922913
vn -0.536464691 0 -0.843922734
vn -0.11419037 0 -0.993458927
vn -0.11419034 0 -0.993458927
vn -0.536464751 0 -0.843922734
vn -0.536464691 0 -0.843922734
vn -0.114190415 0 -0.993458927
vn -0.11419037 0 -0.993458927
vn -0 0 -1
vn -0 0 -1
vn -0 0 -1
vn -0.114190355 0 -0.993458927
vn -0.114190392 0 -0.993458927
vn -0.114190482 0 -0.993458927
vn -0 0 -1
vn -0 0 -1
vn -0 0 -1
vn -0 0 -1
vn -0 0 -1
vn -0 0 -1
vn -0 0 -1
vn -0 0 -1
vn -0 0 -1
vn -0 0 -1
vn -0 0 -1
vn -0 0 -1
vn -0 0 -1
vn -0 0 -1
vn -0 0 -1
vn -0 0 -1
vn -0 0 -1
vn -0 0 -1
vn -0 0 -1
vn -0 0 -1
vn -0 0 -1
vn -0 0 -1
vn -0 0 -1
vn -0 0 -1
vn -0 0 -1
vn -0 0 -1
vn -0 0 -1
vn -0 0 -1
vn -0 0 -1
vn -0 0 -1
vn -0 0 -1
vn -0 0 -1
vn -0 0 -1
vn -0 0 -1
vn -0 0 -1
vn -0 0 -1
vn -0 0 -1
vn -0 0 -1
vn -0 0 -1
vn -0 0 -1
vn -0 0 -1
vn -0 0 -1
vn -0 0 -1
vn -0 0 -1
vn -0 0 -1
vn -0 0 -1
vn -0 0 -1
vn -0 0 -1
vn -0 0 -1
vn -0 0 -1
vn -0 0 -1
vn -0 0 -1
vn -0 0 -1
vn -0 0 -1
vn -0 0 -1
vn -0 0 -1
vn -0 0 -1
vn -0 0 -1
vn -0 0 -1
vn -0 0 -1
vn -0 0 -1
vn -0 0 -1
vn -0 0 -1
vn -0 0 -1
vn -0 0 -1
vn -0 0 -1
vn -0 0 -1
vn -0 0 -1
vn -0 0 -1
vn -0 0 -1
vn -0 0 -1
vn -0 0 -1
vn -0 0 -1
vn -0 0 -1
vn -0 0 -1
vn -0 0 -1
vn -0 0 -1
vn -0 0 -1
vn -0 0 -1
vn -0 0 -1
vn -0 0 -1
vn -0 0 -1
vn -0 0 -1
vn -0 0 -1
vn -0 0 -1
vn -0 0 -1
vn -0 0 -1
vn -0 0 -1
vn -0 0 -1
vn -0 0 -1
vn -0 0 -1
vn -0 0 -1
vn -0 0 -1
vn -0 0 -1
vn -0 0 -1
vn -0 0 -1
vn -0 0 -1
vn -0 0 -1
vn -0 0 -1
vn -0 0 -1
vn -0 0 -1
vn -0 0 -1
vn -0 0 -1
vn -0 0 -1
vn -0 0 -1
vn -0 0 -1
vn -0 0 -1
vn -0 0 -1
vn -0 0 -1
vn -0 0 -1
vn -0 0 -1
vn -0 0 -1
vn -0 0 -1
vn -0 0 -1
vn -0 0 -1
vn -0 0 -1
vn -0 0 -1
vn -0 0 -1
vn -0 0 -1
vn -0 0 -1
vn -0 0 -1
vn -0 0 -1
vn -0 0 -1
vn -0 0 -1
vn -0 0 -1
vn -0 0 -1
vn -0 0 -1
vn -0 0 -1
vn -0 0 -1
vn -0 0 -1
vn -0 0 -1
vn -0 0 -1
vn -0 0 -1
vn -0 0 -1
vn -0 0 -1
vn -0 0 -1
vn -0 0 -1
vn -0 0 -1
vn -0 0 -1
vn -0 0 -1
vn -0 -0.694482803 0.719509304
vn -0 -0.694482863 0.719509244
vn -0 -0.694482803 0.719509304
vn -0 -0.694482863 0.719509244
vn -0 -0.694482267 0.7195099
vn -0 -0.694482267 0.71950978
vn -0 -0.694483399 0.719508767
vn -0 -0.694483399 0.719508767
vn -0 -0.69448483 0.719507337
vn -0 -0.69448477 0.719507396
vn -0 -0.694484234 0.719507873
vn -0 -0.694484174 0.719507933
vn -0 -0.694483697 0.719508469
vn -0 -0.694483638 0.719508529
vn -0 -0.694483161 0.719509006
vn -0 -0.694483042 0.719509065
vn -0 -0.694482505 0.719509602
vn -0 -0.694482446 0.719509602
vn -0 -0.694482088 0.719510078
vn -0 -0.694482028 0.719510138
vn -0 -0.694483876 0.71950829
vn -0 -0.694484174 0.719507992
vn -0 -0.694485545 0.719506681
vn -0 -0.694485426 0.7195068
vn -0 -0.694483757 0.71950841
vn -0 -0.694483519 0.719508588
vn -0 -0.694483638 0.719508529
vn -0 -0.694483936 0.71950829
vn -0 -0.694484472 0.719507694
vn -0 -0.694484293 0.719507873
vn -0.0215619504 -0.697149932 0.716601074
vn -0.0264911857 -0.6977126 0.715887725
vn 0.0732715428 -0.703708172 0.706700802
vn 0.0678911582 -0.703810632 0.707135916
vn 0.388255417 -0.706381619 0.591846943
vn 0.38810882 -0.706381023 0.591943741
vn 0.657845438 -0.702686906 0.271054506
vn 0.657660127 -0.702696383 0.27147916
vn 0.701713264 -0.702594519 -0.118150368
vn 0.70005703 -0.702524424 -0.127983153
vn 0.489624709 -0.709806144 -0.506401956
vn 0.485034913 -0.709833384 -0.510761797
vn 0.0709738061 -0.702070951 -0.70856142
vn 0.072370708 -0.702086091 -0.708404839
vn -0.332404852 -0.701685488 -0.630194008
vn -0.343428135 -0.70179534 -0.624131799
vn -0.654051781 -0.699407876 -0.288175017
vn -0.661066234 -0.698931336 -0.272921979
vn -0.673644423 -0.714000404 0.190805227
vn -0.664124489 -0.71499747 0.218442619
vn -0.389315665 -0.703663766 0.594382524
vn -0.35264802 -0.701310635 0.619518161
vn 0.0315861553 -0.682754874 0.729964435
vn 0.0471141748 -0.683693051 0.728247166
vn 0.228518099 -0.682086468 0.694649339
vn 0.228518099 -0.682086468 0.69464922
vn -0 0 1
vn -0 0 1
vn -0 0 1
vn -0 0 1
vn -0 0 1
vn -0 0 1
vn -0 0 1
vn -0 0 1
vn -0 0 1
vn -0 0 1
vn -0 0 1
vn -0 0 1
vn -0 0 1
vn -0 0 1
vn -0 0 1
vn -0 0 1
vn -0 0 1
vn -0 0 1
vn -0 0 1
vn -0 0 1
vn -0 0 1
vn -0 0 1
vn -0 0 1
vn -0 0 1
vn -0 0 1
vn -0 0 1
vn -0 0 1
vn -0 0 1
vn -0 0 1
vn -0 0 1
vn -0 0 1
vn -0 0 1
vn -0 0 1
vn -0 0 1
vn -0 0 1
vn -0 0 1
vn -0 0 1
vn -0 0 1
vn -0 0 1
vn -0 0 1
vn -0 0 1
vn -0 0 1
vn -0 0 1
vn -0 0 1
vn -0 0 1
vn -0.0338830613 0 0.999425769
vn -0.0338830687 0 0.999425769
vn -0.0338830836 0 0.999425769
vn 0.101832531 0 0.994801641
vn 0.101832062 0 0.994801641
vn 0.1018316 0 0.994801641
vn 0.549641848 0 0.835400403
vn 0.549640477 0 0.835401297
vn 0.549641192 0 0.835400879
vn 0.92467314 0 0.380762011
vn 0.92467314 0 0.380761921
vn 0.92467314 0 0.380761892
vn 0.984766364 0 -0.173882991
vn 0.984766364 0 -0.173882946
vn 0.984766364 0 -0.17388308
vn 0.691365063 0 -0.722505569
vn 0.691365778 0 -0.722504914
vn 0.0996474102 0 -0.995022774
vn 0.691364408 0 -0.722506225
vn 0.0996475443 0 -0.995022774
vn 0.0996473059 0 -0.995022774
vn -0.476019263 0 -0.879434824
vn -0.476018876 0 -0.879435122
vn -0.476019114 0 -0.879434943
vn -0.921363354 0 -0.388702363
vn -0.921363235 0 -0.388702691
vn -0.957686186 0 0.287814677
vn -0.921363175 0 -0.388702959
vn -0.957686186 0 0.287814707
vn -0.957686186 0 0.287814647
vn -0.517882228 0 0.855451882
vn -0.517883241 0 0.855451345
vn -0.517882764 0 0.855451584
vn 0.0446779057 0 0.999001443
vn 0.0446778089 0 0.999001443
vn 0.0446780063 0 0.999001443
vn 0.303081185 0 0.952964783
vn 0.303080857 0 0.952964902
vn 0.303080976 0 0.952964783
vn -0 1 0
vn -0 1 5.73275884E-06
vn -0 1 0
vn -0 1 5.85450289E-06
vn -0 1 5.91534035E-06
vn -0 1 5.67191864E-06
vn -0 1 0
vn -0 1 0
vn -0 1 5.5505011E-06
vn -0 1 6.03676017E-06
vn -0 1 6.09730387E-06
vn -0 1 5.48996013E-06
vn -0 1 0
vn -0 1 0
vn -0 1 5.36939842E-06
vn -0 1 6.21786694E-06
vn -0 1 6.2778231E-06
vn -0 1 5.30943953E-06
vn -0 1 0
vn -0 1 0
vn -0 1 -5.19023934E-06
vn -0 1 -6.39702012E-06
vn -0 1 -6.45607224E-06
vn -0 1 -5.13119812E-06
vn -0 1 0
vn -0 1 0
vn -0 1 0
vn -0 1 0
vn -0 1 0
vn -0 1 0
vn 5.05753269E-06 1 -2.26071165E-06
vn 6.81413439E-06 1 -3.04591049E-06
vn 7.53691847E-06 1 -3.92331458E-06
vn 7.90986269E-06 1 -4.05674018E-06
vn -0 1 -3.2577434E-06
vn -0 1 -3.2570349E-06
vn -0 1 -2.57638476E-06
vn -0 1 -2.58091154E-06
vn -0 1 -2.23301072E-06
vn -0 1 -2.39634801E-06
vn -0 1 2.26913676E-06
vn -0 1 2.54280303E-06
vn -0 1 -6.68091889E-06
vn -0 1 -6.54711221E-06
vn -0 1 -7.66712765E-06
vn -0 1 -6.23471124E-06
vn -0 1 6.09524614E-06
vn -0 1 5.64526454E-06
vn -0 1 5.24234383E-06
vn -0 1 5.72894487E-06
vn -0 1 5.31164642E-06
vn -0 1 4.20121978E-06
vn -0 1 0
vn -0 1 0
vn -0 1 0
vn -0 1 0
vn -0.343904167 0 -0.939004838
vn -0.087867558 0 -0.996132135
vn -0.343904167 0 -0.939004838
vn -0.087867558 0 -0.996132135
vn 0.51861769 2.1566766E-06 -0.855006337
vn 0.51861769 2.1566766E-06 -0.855006337
vn 0.955469012 3.13994155E-06 -0.29509142
vn 0.955470622 3.13992973E-06 -0.295086443
vn 0.912077963 1.09288248E-06 0.410016865
vn 0.912077963 1.09288248E-06 0.410016865
vn 0.464620978 0 0.88550961
vn 0.464620978 0 0.88550961
vn -0.103385434 0 0.994641304
vn -0.103385434 0 0.994641304
vn -0.695392966 0 0.718629718
vn -0.695392966 0 0.718629718
vn -0.986006975 0 0.166704163
vn -0.986006975 0 0.166704163
vn -0.923931837 0 -0.382557124
vn -0.923931837 0 -0.382557124
vn -0.544196188 0 -0.838958025
vn -0.544196188 0 -0.838958025
vn -0.092510432 0 -0.995711684
vn -0.0925112888 0 -0.995711684
vn 0.0319983102 0 -0.999487877
vn 0.0319981463 0 -0.999487877
vn -0 0 -1
vn -0 0 -1
vn -0 0 -1
vn -0 0 -1
vn -0 0 -1
vn -0 0 -1
vn -0 0 -1
vn -0 0 -1
vn -0 0 -1
vn -0 0 -1
vn -0 0 -1
vn -0 0 -1
vn -0 0 -1
vn -0 0 -1
vn -0 0 -1
vn -0 0 -1
vn -0 0 -1
vn -0 0 -1
vn -0 0 -1
vn -0 0 -1
vn -0 0 -1
vn -0 0 -1
vn -0 0 -1
vn -0 0 -1
vn -0 0 -1
vn -0 0 -1
vn -0 0 -1
vn -0 0 -1
vn -0 0 -1
vn -0 0 -1
vn -0 -1 1.59627905E-06
vn -0 -1 1.34619486E-05
vn -0 -1 1.34619486E-05
vn -0 -1 -2.74790466E-07
vn -0 -1 -6.91604919E-06
vn -0 -1 -5.63006051E-06
vn -0 -1 -1.0218165E-06
vn -0 -1 -1.18855598E-06
vn -0 -1 0
vn -0 -1 0
vn -0 -1 8.95619633E-06
vn -0 -1 9.75172316E-06
vn -0 -1 6.71298631E-06
vn -0 -1 6.8076256E-06
vn -0 -1 -2.2038007E-06
vn -0 -1 -2.2939048E-06
vn -0 -1 0
vn -0 -1 0
vn -0 -1 4.51660208E-06
vn -0 -1 4.50868083E-06
vn -0 -1 4.56063435E-06
vn -0 -1 4.55904501E-06
vn -0 -1 1.66386144E-06
vn -0 -1 1.58541161E-06
vn -0 -1 3.25975589E-06
vn -0 -1 3.35288701E-06
vn -0 -1 4.24053087E-06
vn -0 -1 4.44992611E-06
vn -0 -1 5.69618169E-06
vn -0 -1 5.89107731E-06
vn -0 -1 2.07945277E-06
vn -0 -1 8.17360728E-07
vn -0 -1 -3.05979506E-06
vn -0 -1 -2.91488755E-06
vn -0 -1 -2.5158588E-06
vn -0 -1 -2.55356713E-06
vn -0 -1 -4.27425221E-06
vn -0 -1 -4.59723697E-06
vn -0 -1 -2.65634696E-07
vn -0 -1 8.0878732E-07
vn -0 -1 2.00071258E-06
vn -0 -1 1.25820634E-06
vn -0 -1 -2.803695E-06
vn -0 -1 -2.71835802E-06
vn -0 -1 -1.39584836E-06
vn -0 -1 -1.31991646E-06
vn -0 -1 0
vn -0 -1 0
vn -0 -1 -9.85433871E-07
vn -0 -1 -1.09665177E-06
vn -0 -1 -1.43262162E-06
vn -0 -1 -1.37366794E-06
vn -0 -1 0
vn -0 -1 0
vn -0 -1 0
vn -0 -1 0
vn 0.228516102 0.682071507 0.694664478
vn 0.0471133105 0.683683693 0.728256166
vn 0.228516102 0.682071567 0.694664538
vn 0.0315854698 0.682745993 0.72997278
vn -0.35264957 0.701307356 0.619521022
vn -0.389317244 0.703660548 0.594385386
vn -0.673657656 0.713986754 0.190809637
vn -0.664137065 0.714984775 0.218446061
vn -0.661081851 0.698911428 -0.272935271
vn -0.654070556 0.699387968 -0.288181096
vn -0.343434125 0.701787531 -0.624137223
vn -0.332410306 0.701678276 -0.630199194
vn 0.0723701864 0.702084064 -0.708406985
vn 0.0709732771 0.702068925 -0.708563447
vn 0.489629239 0.709800005 -0.506406128
vn 0.485039383 0.709827244 -0.510766089
vn 0.700062454 0.70251894 -0.12798284
vn 0.701718569 0.702589154 -0.118150294
vn 0.657663524 0.702691972 0.271482438
vn 0.657848775 0.702682555 0.271057755
vn 0.388255775 0.706373692 0.591856122
vn 0.388109148 0.706373096 0.591952801
vn 0.0678910911 0.703792334 0.707154155
vn 0.0732709393 0.703690231 0.706718862
vn -0.0264891386 0.697678626 0.715920985
vn -0.0215605721 0.697114706 0.716635406
vn -0 0.694440663 0.719550014
vn -0 0.694440305 0.719550312
vn -0 0.694440126 0.71955049
vn -0 0.694440424 0.719550192
vn -0 0.694442391 0.719548345
vn -0 0.694442391 0.719548345
vn -0 0.694440842 0.719549775
vn -0 0.694440663 0.719550073
vn -0 0.694440484 0.719550192
vn -0 0.694440782 0.719549954
vn -0 0.694442511 0.719548106
vn -0 0.69444257 0.719548047
vn -0 0.694442511 0.719548285
vn -0 0.69444257 0.719548225
vn -0 0.694442451 0.719548285
vn -0 0.694442451 0.719548285
vn -0 0.694442511 0.719548106
vn -0 0.694442511 0.719548106
vn -0 0.69444257 0.719548225
vn -0 0.694442511 0.719548285
vn -0 0.69444257 0.719548225
vn -0 0.69444257 0.719548047
vn -0 0.69444257 0.719548047
vn -0 0.69444257 0.719548047
vn -0 0.69444257 0.719548047
vn -0 0.694442511 0.719548106
vn -0 0.694442511 0.719548106
vn -0 0.694442511 0.719548106
vn -0 0.69444257 0.719548047
vn -0 0.69444257 0.719548047
vn -0.126307175 -0.967564404 -0.218781903
vn -0 -0.967564166 -0.252625376
vn -1.74311225E-07 -0.967564166 -0.252625376
vn -0.126307771 -0.967564404 -0.218781546
vn -0.218776509 -0.967564464 -0.12631622
vn -0.218776464 -0.967564464 -0.126316324
vn -0.252624631 -0.967564404 -3.75534182E-06
vn -0.252624601 -0.967564404 -3.64931952E-06
vn -0.218779877 -0.967564404 0.126311526
vn -0.218781531 -0.967564404 0.126308665
vn -0.126311004 -0.967563808 0.21878238
vn -0.126312941 -0.967563808 0.218781278
vn 1.53034614E-06 -0.967563689 0.252626985
vn 9.89045702E-07 -0.967563808 0.252626956
vn 0.126309827 -0.967564285 0.218781456
vn 0.126309559 -0.967564285 0.21878159
vn 0.218776092 -0.967564702 0.126314685
vn 0.218776062 -0.967564702 0.126314744
vn 0.252625436 -0.967564166 1.20732147E-06
vn 0.252625465 -0.967564166 1.00800037E-06
vn 0.218777344 -0.967565358 -0.126307711
vn 0.218777269 -0.967565358 -0.126307815
vn 0.126308471 -0.96756506 -0.218778372
vn 0.126308888 -0.96756506 -0.218778148
vn -0 -0.967564166 -0.252625376
vn -1.74311225E-07 -0.967564166 -0.252625376
vn -0.437431365 -0.484357506 -0.757661879
vn 1.38192593E-06 -0.48435083 -0.874873936
vn -0 -2.66055986E-06 -1
vn -0.499996394 -6.77236699E-07 -0.866027474
vn -8.17137504E-07 0.484345436 -0.874876857
vn -0.757662237 -0.484361768 -0.437426239
vn -0.437431216 0.484356463 -0.757662654
vn -0.866029918 0 -0.499992162
vn -0.874872446 -0.484353334 3.00419117E-07
vn -0.757662356 0.484361738 -0.437425911
vn -1 0 -1.28997712E-07
vn -0.757664084 -0.484352648 0.437433034
vn -0.874872446 0.484353334 0
vn -0.86602819 -2.22523022E-06 0.499995202
vn -0.437440038 -0.484350979 0.757661104
vn -0.757664859 0.484352648 0.437431633
vn -0.500003278 -1.77370953E-06 0.866023481
vn 3.07627602E-06 -0.484349877 0.874874413
vn -0.437438339 0.48435092 0.757662177
vn 1.94302493E-06 -1.90271317E-06 1
vn 0.437447548 -0.484346628 0.757659554
vn 9.37300683E-07 0.484345347 0.874876857
vn 0.500009358 -2.4509568E-06 0.866019964
vn 0.757666051 -0.484348655 0.437434077
vn 0.437445492 0.484342873 0.757663131
vn 0.866027832 0 0.499995768
vn 0.874872446 -0.484353393 -1.80251618E-07
vn 0.757666171 0.484348655 0.437433779
vn 1 0 -3.91024486E-07
vn 0.757667542 -0.484349787 -0.437430263
vn 0.874872446 0.484353393 0
vn 0.866029799 -2.22521157E-06 -0.4999924
vn 0.437441796 -0.484352171 -0.757659316
vn 0.757668376 0.484349787 -0.437428832
vn 0.500004053 -4.33759669E-06 -0.866023004
vn 1.38192593E-06 -0.48435083 -0.874873936
vn 0.437438518 0.484348357 -0.757663727
vn -0 -2.66055986E-06 -1
vn -8.17137504E-07 0.484345436 -0.874876857
vn -0.154394075 0.951130867 -0.267418444
vn -1.28582997E-07 0.951130986 -0.308787972
vn 1.24571187E-07 0.951130986 -0.308787912
vn -0.154394135 0.951130867 -0.267418414
vn -0.267421335 0.951130211 -0.154392868
vn -0.267422199 0.951130211 -0.154391468
vn -0.308795899 0.951128244 1.16269371E-06
vn -0.308795899 0.951128244 1.03582124E-06
vn -0.267425448 0.95112884 0.154394478
vn -0.267424285 0.95112884 0.154396489
vn -0.154396176 0.951129794 0.267420799
vn -0.154394403 0.951129794 0.267421901
vn -2.28594217E-07 0.951131165 0.308787197
vn -0 0.951131165 0.308787167
vn 0.154397175 0.951129138 0.267422795
vn 0.154395536 0.951129138 0.267423689
vn 0.267427772 0.951127529 0.154398203
vn 0.267426819 0.951127529 0.154399917
vn 0.308801472 0.951126575 -1.385877E-06
vn 0.308801472 0.951126575 -1.25354882E-06
vn 0.267422199 0.951129138 -0.154398233
vn 0.267423183 0.951129019 -0.154396489
vn 0.154395014 0.951130092 -0.267420352
vn 0.154395267 0.951130092 -0.267420202
vn -1.28582997E-07 0.951130986 -0.308787972
vn 1.24571187E-07 0.951130986 -0.308787912
vn -0.49306345 -0.165994465 -0.854010701
vn -0 -0.165995494 -0.986126602
vn -1.22123026E-07 -0.165995494 -0.986126602
vn -0.493059278 -0.16599448 -0.854013145
vn -0.854008317 -0.165996015 -0.493067056
vn -0.854008853 -0.16599603 -0.493066162
vn -0.986126125 -0.165997952 0
vn -0.986126125 -0.165997952 0
vn -0.854007244 -0.16599296 0.493069947
vn -0.85400784 -0.165992975 0.493068963
vn -0.493058085 -0.165990159 0.854014635
vn -0.493057698 -0.165990144 0.854014754
vn -0 -0.165994763 0.986126721
vn -1.22123623E-07 -0.165994763 0.986126721
vn 0.49305883 -0.165993229 0.854013562
vn 0.493064672 -0.165993258 0.854010165
vn 0.854009807 -0.165994957 0.493064821
vn 0.854010284 -0.165994957 0.493064016
vn 0.986126006 -0.165998369 0
vn 0.986126006 -0.165998384 0
vn 0.854010761 -0.165998474 -0.49306187
vn 0.854011238 -0.165998474 -0.493061155
vn 0.493064135 -0.165997535 -0.854009748
vn 0.493066251 -0.165997565 -0.854008496
vn -0 -0.165995494 -0.986126602
vn -1.22123026E-07 -0.165995494 -0.986126602
vn -0.122673407 -0.969434977 -0.212478384
vn -0 -0.969436169 -0.245343581
vn -0 -0.969436169 -0.245343581
vn -0.122674242 -0.969434977 -0.212477908
vn -0.212481245 -0.969434202 -0.122674763
vn -0.212480754 -0.969434202 -0.12267559
vn -0.245354295 -0.969433486 0
vn -0.245354295 -0.969433486 0
vn -0.212480888 -0.969434083 0.122676328
vn -0.212480724 -0.969434083 0.122676603
vn -0.122675054 -0.969433844 0.212482408
vn -0.122675933 -0.969433844 0.212481871
vn -0 -0.969434977 0.245348424
vn -0 -0.969434977 0.245348424
vn 0.12267752 -0.969434381 0.212478742
vn 0.122675307 -0.969434381 0.212480038
vn 0.212481365 -0.969433069 0.122682825
vn 0.21248126 -0.969433069 0.122683033
vn 0.245353937 -0.969433486 -1.18303569E-06
vn 0.245353937 -0.969433486 -1.19207334E-06
vn 0.212481916 -0.969433606 -0.12267787
vn 0.212481529 -0.969433606 -0.122678623
vn 0.122676492 -0.969436407 -0.21246998
vn 0.122674219 -0.969436407 -0.212471321
vn -0 -0.969436169 -0.245343581
vn -0 -0.969436169 -0.245343581
vn -0.469994456 -0.34121272 -0.814051032
vn -3.07772098E-07 -0.341207713 -0.939987898
vn -5.65004825E-07 -1.756096E-07 -1
vn -0.500000954 -7.25339873E-07 -0.866024792
vn -3.33428034E-07 0.341216505 -0.939984739
vn -0.81405431 -0.341213435 -0.469988346
vn -0.469991237 0.34121716 -0.814051151
vn -0.866026521 -7.63513299E-07 -0.499998063
vn -0.93998611 -0.341212928 0
vn -0.814049065 0.341217428 -0.469994456
vn -1 -2.74864391E-07 0
vn -0.814051509 -0.341215521 0.469991684
vn -0.939984024 0.341218412 0
vn -0.866025269 -1.60338715E-07 0.500000358
vn -0.469988257 -0.341214001 0.814054132
vn -0.814047873 0.341220379 0.469994396
vn -0.49999696 -1.83243756E-07 0.866027117
vn -2.18004729E-07 -0.34120661 0.939988315
vn -0.46998781 0.341219991 0.814051867
vn -3.89394046E-07 -2.5959605E-07 1
vn 0.469989687 -0.341200441 0.814058959
vn -1.02593042E-07 0.341215312 0.939985156
vn 0.499995977 1.13763883E-06 0.866027772
vn 0.814052403 -0.341202229 0.469999731
vn 0.469992548 0.341211855 0.814052522
vn 0.86602366 1.22162589E-06 0.50000304
vn 0.939987779 -0.341208071 1.66709327E-07
vn 0.814052463 0.34121114 0.469993055
vn 1 0 2.1378311E-07
vn 0.814052165 -0.34120968 -0.469994575
vn 0.939985812 0.341213554 2.56479666E-07
vn 0.866025805 0 -0.499999344
vn 0.469994754 -0.341205209 -0.814054072
vn 0.814052701 0.341216296 -0.469988883
vn 0.500001788 0 -0.866024375
vn -3.07772098E-07 -0.341207713 -0.939987898
vn 0.469998717 0.34121418 -0.814047992
vn -5.65004825E-07 -1.756096E-07 -1
vn -3.33428034E-07 0.341216505 -0.939984739
vn -0.0475090668 0.995475233 -0.0822924599
vn -0 0.995474994 -0.0950245485
vn 1.23986567E-07 0.995474994 -0.0950245485
vn -0.0475093238 0.995475233 -0.0822923109
vn -0.0822896138 0.995475352 -0.047511775
vn -0.0822897777 0.995475352 -0.0475114882
vn -0.0950198174 0.995475352 2.68080953E-06
vn -0.0950198174 0.995475352 2.42483088E-06
vn -0.0822894052 0.995475233 0.0475142002
vn -0.0822893381 0.995475233 0.0475142971
vn -0.0475096591 0.995474994 0.0822938606
vn -0.047509782 0.995474994 0.0822937861
vn -0 0.995474756 0.0950258151
vn -0 0.995474756 0.0950258151
vn 0.0475098751 0.995475233 0.0822921842
vn 0.0475099161 0.995475233 0.082292147
vn 0.0822892785 0.995475471 0.0475079268
vn 0.0822893754 0.995475471 0.0475077704
vn 0.0950198621 0.995475352 -1.9660788E-06
vn 0.0950198621 0.995475352 -1.95983694E-06
vn 0.0822893307 0.995475471 -0.0475096814
vn 0.0822894722 0.995475471 -0.0475094356
vn 0.0475096181 0.995475233 -0.0822915286
vn 0.0475099608 0.995475233 -0.0822913349
vn -0 0.995474994 -0.0950245485
vn 1.23986567E-07 0.995474994 -0.0950245485
vn -0.471207917 -0.334411561 -0.816169202
vn 3.47329774E-07 -0.334417045 -0.942425251
vn -1.09793895E-07 -0.484841079 -0.874602318
vn -0.437296063 -0.484839916 -0.757431388
vn -0.816176414 -0.334392101 -0.471209109
vn -0.410427779 -0.571132064 -0.710884809
vn -6.98056681E-07 -0.571131945 -0.8208583
vn -0.710884631 -0.571135581 -0.41042304
vn -0.757430851 -0.484836578 -0.437300742
vn -0.820849478 -0.571144581 0
vn -0.874601305 -0.484842747 3.41235523E-06
vn -0.94243443 -0.334390849 9.51090624E-06
vn -0.81616956 -0.334393322 0.471219927
vn -0.75742799 -0.484845102 0.437296331
vn -0.710873842 -0.571146965 0.41042605
vn -0.471218765 -0.334394783 0.816169739
vn -0.41042304 -0.571146131 0.710876226
vn -0.437302947 -0.484843969 0.757424831
vn -0 -0.334399223 0.942431569
vn -1.27691834E-07 -0.571146429 0.820848167
vn -0 -0.484846324 0.874599397
vn 0.47122094 -0.334389657 0.816170514
vn 0.410428017 -0.571145356 0.710873902
vn 0.437307954 -0.484842062 0.757423162
vn 0.816174269 -0.334385812 0.471217304
vn 0.710875809 -0.571147501 0.410421908
vn 0.757426262 -0.484843135 0.437301546
vn 0.942434132 -0.334391832 1.05223035E-06
vn 0.820848405 -0.571146011 -1.5918805E-06
vn 0.874600828 -0.484843701 -3.24987298E-07
vn 0.81617409 -0.334403068 -0.471205384
vn 0.710880339 -0.571143568 -0.410419494
vn 0.757425725 -0.484846354 -0.437298805
vn 0.471212924 -0.334412217 -0.816165924
vn 0.410428017 -0.571134567 -0.710882723
vn 0.437298536 -0.484842271 -0.757428527
vn 3.47329774E-07 -0.334417045 -0.942425251
vn -6.98056681E-07 -0.571131945 -0.8208583
vn -1.09793895E-07 -0.484841079 -0.874602318
vn -0.169284001 -0.940941572 -0.293209463
vn 1.5824412E-07 -0.940942109 -0.338567674
vn -1.65720508E-07 -0.940942109 -0.338567674
vn -0.16928339 -0.940941572 -0.293209821
vn -0.293212712 -0.940939367 -0.169291317
vn -0.293213397 -0.940939367 -0.16929017
vn -0.338574171 -0.940939665 -2.78174548E-06
vn -0.338574201 -0.940939665 -2.76206538E-06
vn -0.293213993 -0.94093895 0.169291034
vn -0.293214917 -0.94093895 0.169289365
vn -0.169286326 -0.940938413 0.293218553
vn -0.169288054 -0.940938413 0.29321754
vn 1.06458963E-07 -0.940937579 0.338580221
vn -2.24914146E-07 -0.940937579 0.338580281
vn 0.169291332 -0.940936923 0.293220311
vn 0.169292539 -0.940936923 0.293219626
vn 0.293218136 -0.940937757 0.169290304
vn 0.293217599 -0.940937757 0.169291273
vn 0.338577956 -0.940938294 -1.09623204E-06
vn 0.338578016 -0.940938294 -1.41260614E-06
vn 0.293216139 -0.940938532 -0.169289693
vn 0.293215692 -0.940938532 -0.169290587
vn 0.169286475 -0.940939784 -0.293214023
vn 0.169285983 -0.940939784 -0.293214232
vn 1.5824412E-07 -0.940942109 -0.338567674
vn -1.65720508E-07 -0.940942109 -0.338567674
vn -0.475754559 -0.307608008 -0.824035764
vn -7.63344531E-07 -0.307617724 -0.951509953
vn -1.12292037E-06 0.00106639741 -0.999999404
vn -0.499997407 0.00106642337 -0.866026223
vn -9.0368593E-07 0.266331643 -0.963881433
vn -0.824033558 -0.307605982 -0.475759625
vn -0.481942207 0.266326338 -0.834746659
vn -0.866023839 0.00106631359 -0.500001609
vn -0.951513827 -0.307605833 -2.76531614E-06
vn -0.834747016 0.266323417 -0.481943339
vn -0.999999404 0.00106618018 -2.73807473E-06
vn -0.824035108 -0.307597935 0.475762129
vn -0.963883877 0.266323 -2.48514766E-06
vn -0.866023183 0.00106842257 0.500002682
vn -0.475748539 -0.307602465 0.824041307
vn -0.834747314 0.266320974 0.481943905
vn -0.499990314 0.00106847438 0.866030455
vn 1.02259401E-06 -0.307616383 0.951510489
vn -0.481934339 0.266326278 0.834751248
vn 7.92197E-07 0.00106698938 0.999999404
vn 0.475763291 -0.307616919 0.8240273
vn 9.41340147E-07 0.266331613 0.963881433
vn 0.500002265 0.00106708088 0.866023481
vn 0.824031711 -0.307608992 0.475761116
vn 0.48194167 0.266329944 0.834745824
vn 0.866020858 0.00106653047 0.500006676
vn 0.951512992 -0.307608515 2.8517577E-06
vn 0.834742188 0.266324818 0.481950909
vn 0.999999404 0.00106637436 1.27675412E-06
vn 0.824034929 -0.30761236 -0.475753099
vn 0.963883221 0.266325384 2.3847565E-07
vn 0.866024613 0.00106571114 -0.500000358
vn 0.475763887 -0.307616889 -0.824027061
vn 0.834744573 0.26632762 -0.481945127
vn 0.500002146 0.00106580427 -0.866023481
vn -7.63344531E-07 -0.307617724 -0.951509953
vn 0.481941253 0.266328782 -0.83474642
vn -1.12292037E-06 0.00106639741 -0.999999404
vn -9.0368593E-07 0.266331643 -0.963881433
vn -1.63029682E-07 0.914943755 -0.403581351
vn 1.64942165E-07 0.914943755 -0.403581262
vn -0.201794803 0.914943993 -0.349508733
vn -0.201791033 0.914943993 -0.349510938
vn -0.349512905 0.914944291 -0.201786488
vn -0.349510849 0.914944291 -0.201790079
vn -0.403580815 0.914943993 0
vn -0.403580815 0.914943993 0
vn -0.349517465 0.914941072 0.201792732
vn -0.349515826 0.914941072 0.201795608
vn -0.201794669 0.914937496 0.34952575
vn -0.201796234 0.914937496 0.349524915
vn 1.24961602E-07 0.91493541 0.403600276
vn -2.10586947E-07 0.91493541 0.403600276
vn 0.201801226 0.914934397 0.349530131
vn 0.2018013 0.914934397 0.349530131
vn 0.34952867 0.914935291 0.201799691
vn 0.349528641 0.914935291 0.201799676
vn 0.403592527 0.914938867 2.09433665E-06
vn 0.403592497 0.914938867 1.90885066E-06
vn 0.349520743 0.914941788 -0.201784059
vn 0.349516273 0.914941788 -0.201791823
vn 0.201798394 0.914943397 -0.349508226
vn 0.201793581 0.914943397 -0.349510998
vn 1.64942165E-07 0.914943755 -0.403581262
vn -1.63029682E-07 0.914943755 -0.403581351
vn 4.69238216E-07 0.423982352 -0.905670404
vn 7.95294341E-07 0.423982352 -0.905670404
vn -0.452848405 0.423964798 -0.784335494
vn -0.452841789 0.423964798 -0.784339249
vn -0.784349918 0.423944622 -0.452842474
vn -0.784343541 0.423944592 -0.452853322
vn -0.90568924 0.423942208 -3.23224708E-06
vn -0.90568924 0.423942178 -3.23781637E-06
vn -0.784349978 0.423945397 0.452841431
vn -0.784343719 0.423945338 0.452852309
vn -0.452836752 0.423966289 0.784341455
vn -0.452831268 0.423966289 0.784344614
vn -6.2196483E-07 0.423981011 0.90567106
vn -9.50202832E-07 0.423981011 0.90567106
vn 0.452834398 0.423983514 0.784333408
vn 0.452829123 0.423983514 0.784336567
vn 0.784334123 0.423983902 0.452832937
vn 0.784336448 0.423983961 0.452828765
vn 0.905677319 0.4239676 -1.3561023E-06
vn 0.905677319 0.4239676 -1.34906873E-06
vn 0.784339845 0.423972785 -0.452833444
vn 0.78434217 0.423972785 -0.452829361
vn 0.452846348 0.423983514 -0.784326494
vn 0.452839911 0.423983663 -0.784330189
vn 7.95294341E-07 0.423982352 -0.905670404
vn 4.69238216E-07 0.423982352 -0.905670404
vn -0 1 -3.07892915E-05
vn -0 1 -3.07892733E-05
vn -0 1 -2.19923404E-05
vn -0 1 -2.19916274E-05
vn -0 1 -8.79685467E-06
vn -0 1 -8.79685467E-06
vn -0 1 4.398486E-06
vn -0 1 4.39848418E-06
vn -0 1 1.31951192E-05
vn -0 1 1.31951347E-05
vn -0 1 1.75928762E-05
vn -0 1 1.75929654E-05
vn -0 1 3.07876544E-05
vn -0 1 3.07876362E-05
vn -0 1 1.31947527E-05
vn -0 1 1.31950701E-05
vn -0 1 -2.19915523E-06
vn -0 1 -2.19905564E-06
vn -0 1 -2.1991118E-06
vn -0 1 -2.19911271E-06
vn -0 1 -6.5974582E-06
vn -0 1 -6.59748002E-06
vn -0 1 -1.5394844E-05
vn -0 1 -1.53943001E-05
vn -0 1 -3.07892733E-05
vn -0 1 -3.07892915E-05
vn -0 0 1
vn -0 0 1
vn 0.499999911 0 0.866025507
vn 0.499999911 0 0.866025507
vn 0.86602658 0 0.499998033
vn 0.86602658 0 0.499998033
vn 1 0 0
vn 1 0 0
vn 0.866023004 0 -0.500004053
vn 0.866023004 0 -0.500004053
vn 0.499989927 0 -0.866031229
vn 0.499989927 0 -0.866031229
vn -0 0 -1
vn -0 0 -1
vn -0.500000775 0 -0.866024911
vn -0.500000775 0 -0.866024911
vn -0.866025269 0 -0.500000298
vn -0.866025269 0 -0.500000298
vn -1 0 0
vn -1 0 0
vn -0.866028666 0 0.499994278
vn -0.866028666 0 0.499994278
vn -0.500010729 0 0.866019189
vn -0.500010729 0 0.866019189
vn -0 0 1
vn -0 0 1
vn -0 0 -1
vn -0.499993861 0 -0.866029024
vn -0 0 -1
vn -0.499993861 0 -0.866029024
vn -0.866024613 0 -0.500001431
vn -0.866024613 0 -0.500001431
vn -1 0 0
vn -1 0 0
vn -0.866024435 0 0.500001729
vn -0.866024435 0 0.500001729
vn -0.499993712 0 0.866029084
vn -0.499993712 0 0.866029084
vn 1.02427302E-05 0 1
vn 1.02427302E-05 0 1
vn 0.50000596 0 0.866021931
vn 0.50000596 0 0.866021931
vn 0.866021872 0 0.500006139
vn 0.866021872 0 0.500006139
vn 1 0 0
vn 1 0 0
vn 0.866024613 0 -0.500001431
vn 0.866024613 0 -0.500001431
vn 0.49999851 0 -0.866026223
vn 0.49999851 0 -0.866026223
vn -0 0 -1
vn -0 0 -1
vn -0.12630865 0.96756649 -0.218772009
vn -1.17471309E-07 0.967566848 -0.252615362
vn -0 0.967566848 -0.252615362
vn -0.126308054 0.96756649 -0.218772382
vn -0.21877709 0.96756506 -0.126310527
vn -0.218777165 0.967565179 -0.126310408
vn -0.252623975 0.967564464 1.10328529E-06
vn -0.252623975 0.967564464 9.96626909E-07
vn -0.218780234 0.967564285 0.126311943
vn -0.218778595 0.967564285 0.126314789
vn -0.126312613 0.967565179 0.218775764
vn -0.126310676 0.967565179 0.218776882
vn 1.09136454E-06 0.967566252 0.25261724
vn 1.63712014E-06 0.967566252 0.25261724
vn 0.126309872 0.967566371 0.218771845
vn 0.126310155 0.967566371 0.218771636
vn 0.218776718 0.96756494 0.126312479
vn 0.218776777 0.96756494 0.126312435
vn 0.252625465 0.967564166 2.34948132E-07
vn 0.252625465 0.967564166 4.29818698E-07
vn 0.218776464 0.967565179 -0.126311645
vn 0.218776509 0.967565179 -0.126311526
vn 0.126309037 0.967566252 -0.218772918
vn 0.12630862 0.967566252 -0.218773156
vn -1.17471309E-07 0.967566848 -0.252615362
vn -0 0.967566848 -0.252615362
vn -1.43157649E-07 0 -1
vn 3.50276338E-07 -0.380346864 -0.924843907
vn 0.462421775 -0.38034144 -0.80094099
vn 0.499996752 0 -0.866027236
vn 0.800943434 -0.380342305 -0.462416917
vn 0.462423474 0.3803415 -0.800939977
vn -0 0.380346954 -0.924843907
vn 0.800945342 0.380337387 -0.462417692
vn 0.866027594 -2.20305742E-06 -0.499996185
vn 0.924840331 -0.380355418 1.55679459E-07
vn 0.924841881 0.380351931 0
vn 1 -1.90083085E-06 -1.988317E-07
vn 0.800939441 -0.380351394 0.462416291
vn 0.800938845 0.380349219 0.462419063
vn 0.866026759 -1.20095262E-06 0.499997735
vn 0.462429374 -0.38034457 0.800935149
vn 0.462428689 0.380342573 0.80093646
vn 0.500003636 -1.16913066E-06 0.866023302
vn 6.35683136E-07 -0.380351633 0.924842
vn 5.57845226E-07 0.380351722 0.924842
vn 3.57895942E-07 -2.06784335E-07 1
vn -0.462420046 -0.380353868 0.800936162
vn -0.46241945 0.380355865 0.800935566
vn -0.500000596 5.01052E-07 0.86602509
vn -0.800937057 -0.380354017 0.462418258
vn -0.800936759 0.380353987 0.462418884
vn -0.866027117 -2.14740211E-07 0.49999702
vn -0.924841285 -0.380353391 -1.66057657E-06
vn -0.924841881 0.380351871 1.03786057E-07
vn -1 -8.74860859E-07 -1.12141254E-06
vn -0.800933957 -0.380365968 -0.462413847
vn -0.800934613 0.380365819 -0.462412775
vn -0.86602813 0 -0.499995321
vn -0.462411851 -0.380360305 -0.800937772
vn -0.462412715 0.380359441 -0.800937653
vn -0.499994159 -4.45381687E-07 -0.866028726
vn 3.50276338E-07 -0.380346864 -0.924843907
vn -0 0.380346954 -0.924843907
vn -1.43157649E-07 0 -1
vn -0.154408902 -0.951121032 -0.267444491
vn -0 -0.951121926 -0.308815807
vn -2.71450091E-07 -0.951121807 -0.308815777
vn -0.154408813 -0.951121032 -0.267444521
vn -0.267447561 -0.951119781 -0.15441148
vn -0.267446756 -0.951119781 -0.154412851
vn -0.308825493 -0.951118648 -1.17867913E-07
vn -0.308825493 -0.951118648 0
vn -0.267449707 -0.951118588 0.154415399
vn -0.267450899 -0.951118588 0.154413372
vn -0.154409334 -0.951120079 0.267447919
vn -0.154411122 -0.951120079 0.267446905
vn 2.23190085E-07 -0.951122046 0.308815449
vn -0 -0.951122046 0.308815479
vn 0.154411137 -0.951120317 0.267445982
vn 0.154412732 -0.951120317 0.267445058
vn 0.267452329 -0.951118231 0.154413283
vn 0.267453283 -0.951118231 0.154411599
vn 0.308829814 -0.951117396 1.34956835E-07
vn 0.308829755 -0.951117396 0
vn 0.267448336 -0.951120079 -0.15440838
vn 0.267447323 -0.951120079 -0.154410094
vn 0.154410318 -0.951121688 -0.267441571
vn 0.154410079 -0.951121688 -0.26744172
vn -0 -0.951121926 -0.308815807
vn -2.71450091E-07 -0.951121807 -0.308815777
vn -0.493059009 0.165998131 -0.854012549
vn 1.98454472E-07 0.16599904 -0.986125886
vn 2.74601405E-07 0.16599901 -0.986125886
vn -0.493063241 0.165998161 -0.854010165
vn -0.854008317 0.166000247 -0.493065476
vn -0.8540079 0.166000232 -0.49306637
vn -0.98612541 0.16600211 0
vn -0.98612541 0.166002095 0
vn -0.854007661 0.16599673 0.493068069
vn -0.854007065 0.165996715 0.493069053
vn -0.493057579 0.16599384 0.854014277
vn -0.493057966 0.16599381 0.854013979
vn -0 0.165998653 0.986126006
vn 1.30074213E-07 0.165998653 0.986126006
vn 0.493063658 0.165996701 0.854010165
vn 0.493057668 0.165996686 0.854013562
vn 0.854008615 0.165998399 0.493065715
vn 0.854008198 0.165998414 0.493066579
vn 0.98612541 0.166002125 -3.35847034E-07
vn 0.98612541 0.166002095 -3.32410451E-07
vn 0.854009211 0.166001901 -0.493063569
vn 0.854008794 0.166001916 -0.493064225
vn 0.493065059 0.166000664 -0.854008615
vn 0.493062884 0.166000664 -0.854009807
vn 1.98454472E-07 0.16599904 -0.986125886
vn 2.74601405E-07 0.16599901 -0.986125886
vn -0.116526105 0.972463727 -0.201831505
vn -1.1015802E-07 0.972464025 -0.233053118
vn -0 0.972464025 -0.233053118
vn -0.11652521 0.972463727 -0.201832026
vn -0.201831788 0.97246325 -0.116530053
vn -0.201832086 0.97246325 -0.116529509
vn -0.233057529 0.972462893 0
vn -0.233057529 0.972462893 0
vn -0.201830804 0.972463369 0.116530575
vn -0.201831013 0.972463369 0.116530217
vn -0.11652711 0.972463012 0.201834604
vn -0.116526209 0.972463012 0.201835126
vn -0 0.972463012 0.233057305
vn 1.66840664E-07 0.972463012 0.23305735
vn 0.116527215 0.972463608 0.201831356
vn 0.116529152 0.972463608 0.201830283
vn 0.201832831 0.972463131 0.116529167
vn 0.201833025 0.972463131 0.116528809
vn 0.233058095 0.972462773 1.05018898E-06
vn 0.233058095 0.972462773 1.04871526E-06
vn 0.201833814 0.972462773 -0.1165298
vn 0.201834142 0.972462773 -0.116529278
vn 0.116526566 0.972463787 -0.201830775
vn 0.116528489 0.972463787 -0.201829612
vn -1.1015802E-07 0.972464025 -0.233053118
vn -0 0.972464025 -0.233053118
vn -0 5.56949658E-07 -1
vn 4.33754252E-07 -0.2836878 -0.958916664
vn 0.47946173 -0.283685446 -0.830444992
vn 0.500000834 -2.55894065E-07 -0.866024911
vn 0.830447555 -0.283687264 -0.479456335
vn 0.47946173 0.283685118 -0.83044517
vn -0 0.283687294 -0.958916783
vn 0.830447614 0.283686578 -0.479456782
vn 0.866025686 -3.98892212E-07 -0.499999523
vn 0.958917141 -0.283686399 3.02310127E-07
vn 0.958917022 0.283686668 1.23552854E-06
vn 1 1.12894043E-07 7.90258241E-07
vn 0.83044523 -0.28368634 0.479460925
vn 0.830444932 0.283685535 0.479461938
vn 0.866023719 -3.98895054E-07 0.50000298
vn 0.479455769 -0.283681929 0.83044976
vn 0.479455829 0.283682346 0.830449522
vn 0.499995142 2.0321049E-07 0.86602819
vn -0 -0.283684641 0.958917677
vn -0 0.283683479 0.958918035
vn -1.43000548E-07 2.10737653E-07 1
vn -0.479454726 -0.283687204 0.830448627
vn -0.479451746 0.283686161 0.830450594
vn -0.4999955 3.61263034E-07 0.866028011
vn -0.830444992 -0.283684611 0.479462296
vn -0.830444157 0.283685356 0.479463428
vn -0.866023719 5.04263824E-07 0.50000298
vn -0.958917677 -0.283684492 -3.54885771E-07
vn -0.958917797 0.283684194 0
vn -1 -1.80630536E-07 -2.10735621E-07
vn -0.830447376 -0.283686072 -0.479457438
vn -0.830445945 0.283686161 -0.479459673
vn -0.866025269 0 -0.500000238
vn -0.479462177 -0.283688903 -0.83044368
vn -0.479458034 0.283687711 -0.830446482
vn -0.500001848 2.10735976E-07 -0.866024375
vn 4.33754252E-07 -0.2836878 -0.958916664
vn -0 0.283687294 -0.958916783
vn -0 5.56949658E-07 -1
vn -0.0467732139 -0.995614767 -0.0810152218
vn -0 -0.995614767 -0.0935474336
vn -0 -0.995614767 -0.0935474411
vn -0.0467729867 -0.995614767 -0.0810153633
vn -0.0810145363 -0.995614886 -0.0467725582
vn -0.0810143873 -0.995614886 -0.0467728153
vn -0.0935472324 -0.995614767 3.49078277E-07
vn -0.0935472324 -0.995614767 5.98317968E-07
vn -0.0810140818 -0.995614886 0.0467736423
vn -0.0810141191 -0.995614886 0.0467735566
vn -0.0467734598 -0.995614648 0.0810167491
vn -0.0467733443 -0.995614648 0.0810168087
vn 1.00910604E-07 -0.995614648 0.0935487673
vn -0 -0.995614648 0.0935487822
vn 0.0467737764 -0.995614767 0.08101473
vn 0.0467737354 -0.995614767 0.0810147524
vn 0.081014581 -0.995614767 0.0467739664
vn 0.0810144842 -0.995614767 0.0467741378
vn 0.0935474634 -0.995614767 0
vn 0.0935474634 -0.995614767 0
vn 0.0810144097 -0.995614886 -0.0467726365
vn 0.0810142681 -0.995614886 -0.0467728749
vn 0.0467737056 -0.995615005 -0.0810124725
vn 0.0467733853 -0.995615005 -0.0810126662
vn -0 -0.995614767 -0.0935474336
vn -0 -0.995614767 -0.0935474411
vn 1.53712733E-07 0.484845489 -0.874599814
vn 0.471213728 0.334423542 -0.816160738
vn 1.634547E-07 0.334428936 -0.942421019
vn 0.43729642 0.484847695 -0.757426262
vn -1.61743714E-07 0.571128607 -0.820860565
vn 0.816171944 0.33441332 -0.471201718
vn 0.410425723 0.571133494 -0.71088475
vn 0.757422686 0.484851331 -0.437298506
vn 0.942430615 0.334401727 0
vn 0.710878968 0.571142972 -0.410422653
vn 0.874597728 0.484849334 -3.03032238E-07
vn 0.816172242 0.334396571 0.471213132
vn 0.820848107 0.571146667 -9.44913381E-07
vn 0.757423818 0.484848529 0.437299788
vn 0.47122106 0.334401131 0.816165864
vn 0.710875511 0.571147025 0.41042307
vn 0.437307566 0.484847039 0.757420242
vn 2.65615625E-07 0.334409654 0.942427754
vn 0.410428941 0.571143627 0.710874915
vn 2.63505825E-07 0.484850019 0.874597371
vn -0.471217901 0.334405094 0.816166103
vn -0 0.571142793 0.82085067
vn -0.437301129 0.484848082 0.757423341
vn -0.816166639 0.334403604 0.471217901
vn -0.410422295 0.57114327 0.710879028
vn -0.757425368 0.484849393 0.437296063
vn -0.710873961 0.571144998 0.410428345
vn -0.942430615 0.334401727 9.63376806E-06
vn -0.874598444 0.484847933 3.39043709E-06
vn -0.820849895 0.571144104 -1.02153287E-07
vn -0.710883915 0.571133971 -0.410426736
vn -0.757427692 0.484841168 -0.437301069
vn -0.816173434 0.334403008 -0.471206367
vn -0.471206903 0.334423274 -0.816164911
vn -0.437292725 0.484843761 -0.757430911
vn 1.634547E-07 0.334428936 -0.942421019
vn -0.410424709 0.571128249 -0.710889578
vn 1.53712733E-07 0.484845489 -0.874599814
vn -1.61743714E-07 0.571128607 -0.820860565
vn -0.169280708 0.940942824 -0.293207526
vn -1.85449423E-07 0.940942943 -0.33856529
vn 1.38104085E-07 0.940942943 -0.33856529
vn -0.169281304 0.940942824 -0.293207139
vn -0.29320842 0.940941989 -0.169283912
vn -0.293207794 0.940941989 -0.169285014
vn -0.3385683 0.940941811 6.7037729E-07
vn -0.33856827 0.940941811 6.58939882E-07
vn -0.293210238 0.940940499 0.169288933
vn -0.293209285 0.940940499 0.169290543
vn -0.169285208 0.94093895 0.29321748
vn -0.169283465 0.94093895 0.293218464
vn -0 0.940938413 0.338577896
vn 2.33059026E-07 0.940938413 0.338577837
vn 0.16929023 0.940938592 0.293215364
vn 0.169289067 0.940938592 0.293216109
vn 0.293213308 0.940939546 0.169288635
vn 0.293213874 0.940939546 0.169287667
vn 0.338572681 0.940940201 5.72146632E-07
vn 0.338572681 0.94094032 8.80440325E-07
vn 0.293210775 0.940940499 -0.169287875
vn 0.293211311 0.940940499 -0.169286996
vn 0.169282869 0.940941155 -0.293211639
vn 0.16928336 0.940941155 -0.293211401
vn -1.85449423E-07 0.940942943 -0.33856529
vn 1.38104085E-07 0.940942943 -0.33856529
vn -2.42925182E-07 3.26692486E-07 -1
vn -0 -0.307593822 -0.951517761
vn 0.475762278 -0.307588428 -0.824038565
vn 0.500000834 9.8845112E-07 -0.866024911
vn 0.82403928 -0.307588309 -0.475761145
vn 0.475762159 0.30759111 -0.82403779
vn -0 0.307596356 -0.951516867
vn 0.824037373 0.307587683 -0.475764781
vn 0.86602366 -2.01039953E-07 -0.500003099
vn 0.951520205 -0.307586223 1.52658913E-06
vn 0.951520562 0.307585329 1.56979456E-06
vn 1 -4.85851956E-07 1.36122321E-06
vn 0.82403791 -0.307584703 0.475765914
vn 0.82403487 0.307584465 0.475771248
vn 0.86602062 3.18315443E-07 0.500008225
vn 0.475763559 -0.307591885 0.824036539
vn 0.475762367 0.307592452 0.824037015
vn 0.500002027 2.84807953E-07 0.866024256
vn 3.02434842E-07 -0.307595193 0.951517284
vn -0 0.307596326 0.951516867
vn -1.00520793E-07 -3.85329713E-07 1
vn -0.475751847 -0.30758962 0.824044168
vn -0.475752801 0.307586759 0.824044704
vn -0.49999091 -1.7256026E-06 0.866030693
vn -0.824038029 -0.30758512 0.475765496
vn -0.82403928 0.307579875 0.475766599
vn -0.86602211 -2.71407657E-06 0.500005782
vn -0.951520443 -0.307585448 1.09452606E-06
vn -0.951521277 0.307582647 1.29614961E-07
vn -1 -1.49942616E-06 6.40816211E-07
vn -0.824041903 -0.307584614 -0.475759
vn -0.824040294 0.307582885 -0.475762933
vn -0.866025269 -6.6175636E-07 -0.500000238
vn -0.475761175 -0.307588786 -0.824039042
vn -0.475760698 0.307586819 -0.824040115
vn -0.499999225 -9.04679098E-07 -0.866025865
vn -0 -0.307593822 -0.951517761
vn -0 0.307596356 -0.951516867
vn -2.42925182E-07 3.26692486E-07 -1
vn -0.246125489 -0.870455265 -0.426297963
vn -0 -0.870456338 -0.492245555
vn -3.07473243E-07 -0.870456338 -0.492245525
vn -0.246121109 -0.870455265 -0.426300436
vn -0.426296026 -0.870457172 -0.246121958
vn -0.426293582 -0.870457172 -0.246126056
vn -0.492242455 -0.870458186 0
vn -0.492242366 -0.870458186 0
vn -0.426300287 -0.870453954 0.246125877
vn -0.42629838 -0.870454013 0.246129215
vn -0.24612467 -0.870448589 0.42631197
vn -0.246126428 -0.870448589 0.426310897
vn 1.96255428E-07 -0.870447576 0.492261171
vn -1.85770887E-07 -0.870447576 0.492261112
vn 0.246133789 -0.870445192 0.426313668
vn 0.246133864 -0.870445251 0.426313639
vn 0.426314384 -0.870444775 0.24613373
vn 0.426314414 -0.870444775 0.24613373
vn 0.492255658 -0.870450675 1.77106642E-07
vn 0.492255658 -0.870450675 0
vn 0.426303953 -0.870453358 -0.246121421
vn 0.426298857 -0.870453358 -0.246130422
vn 0.246129557 -0.870455265 -0.426295459
vn 0.246123955 -0.870455265 -0.426298648
vn -0 -0.870456338 -0.492245555
vn -3.07473243E-07 -0.870456338 -0.492245525
vn -0.45286119 -0.423902601 -0.78436178
vn -1.42724886E-07 -0.423917532 -0.905700803
vn -4.92620472E-07 -0.423917532 -0.905700803
vn -0.452854514 -0.423902601 -0.784365594
vn -0.784377396 -0.423886776 -0.452848792
vn -0.784371138 -0.423886716 -0.45285967
vn -0.905716538 -0.423883975 2.0390074E-07
vn -0.905716538 -0.423883975 1.87671361E-07
vn -0.784377635 -0.423886865 0.452848434
vn -0.784371316 -0.423886865 0.452859372
vn -0.452852011 -0.423904657 0.784365952
vn -0.452846557 -0.423904657 0.784369051
vn 2.54867388E-07 -0.423915714 0.905701697
vn -0 -0.423915684 0.905701697
vn 0.452851385 -0.423923731 0.784355879
vn 0.45284611 -0.42392382 0.784358978
vn 0.784362972 -0.423920512 0.452842444
vn 0.784365296 -0.423920453 0.452838302
vn 0.905706346 -0.423905522 3.36431725E-07
vn 0.905706346 -0.423905522 3.28418707E-07
vn 0.784365952 -0.423913211 -0.452843875
vn 0.784368396 -0.423913181 -0.452839822
vn 0.452859879 -0.423923492 -0.78435123
vn 0.452853411 -0.423923492 -0.784354925
vn -1.42724886E-07 -0.423917532 -0.905700803
vn -4.92620472E-07 -0.423917532 -0.905700803
vn -0 -1 -8.79663548E-06
vn -0 -1 0
vn -0 -1 0
vn -0 -1 -8.79711024E-06
vn -0 -1 -8.79683193E-06
vn -0 -1 -8.79684012E-06
vn -0 -1 0
vn -0 -1 0
vn -0 -1 4.39834912E-06
vn -0 -1 4.3983332E-06
vn -0 -1 4.39820587E-06
vn -0 -1 4.3981604E-06
vn -0 -1 0
vn -0 -1 0
vn -0 -1 8.79663457E-06
vn -0 -1 8.79650634E-06
vn -0 -1 8.79658182E-06
vn -0 -1 8.79644995E-06
vn -0 -1 0
vn -0 -1 0
vn -0 -1 -4.3983232E-06
vn -0 -1 -4.39827863E-06
vn -0 -1 -4.39838595E-06
vn -0 -1 -4.39860423E-06
vn -0 -1 0
vn -0 -1 0
vn 0.500002742 0 0.866023839
vn -0 0 1
vn -0 0 1
vn 0.500002742 0 0.866023839
vn 0.866028309 0 0.499995053
vn 0.866028309 0 0.499995053
vn 1 0 0
vn 1 0 0
vn 0.86602509 0 -0.500000536
vn 0.86602509 0 -0.500000536
vn 0.499993086 0 -0.866029441
vn 0.499993086 0 -0.866029441
vn -0 0 -1
vn -0 0 -1
vn -0.49999854 0 -0.866026223
vn -0.49999854 0 -0.866026223
vn -0.866026223 0 -0.499998599
vn -0.866026223 0 -0.499998599
vn -1 0 0
vn -1 0 0
vn -0.866029382 0 0.499993205
vn -0.866029382 0 0.499993205
vn -0.500008225 0 0.86602062
vn -0.500008225 0 0.86602062
vn -0 0 1
vn -0 0 1
vn -0 0 -1
vn -0 0 -1
vn -0 0 -1
vn -0 0 -1
vn -0 0 -1
vn -0 0 -1
vn -0 0 -1
vn -0 0 -1
vn -0 0 -1
vn -0 0 -1
vn -0 0 -1
vn -0 0 -1
vn -0 0 -1
vn -0 0 -1
vn -0 0 -1
vn -0 0 -1
vn -0 0 -1
vn -0 0 -1
vn -0 0 -1
vn -0 0 -1
vn -0 0 -1
vn -0 0 -1
vn -0 0 -1
vn -0 0 -1
vn -0 0 -1
vn -0 0 -1
vn -0 0 -1
vn -0 0 -1
vn -0 0 -1
vn -0 0 -1
vn 0.0320043862 0 -0.999487758
vn 0.0320043862 0 -0.999487758
vn -0.0925116763 0 -0.995711565
vn -0.0925116763 0 -0.995711565
vn -0.544203401 0 -0.838953257
vn -0.544203401 0 -0.838953257
vn -0.923932016 0 -0.382556587
vn -0.923932016 0 -0.382556587
vn -0.986006975 0 0.166703939
vn -0.986006975 0 0.166703939
vn -0.695388556 0 0.71863395
vn -0.695388556 0 0.71863395
vn -0.103385381 0 0.994641304
vn -0.103385381 0 0.994641304
vn 0.464613974 0 0.885513365
vn 0.464613974 0 0.885513365
vn 0.91207844 0 0.410015821
vn 0.91207844 0 0.410015821
vn 0.955469787 0 -0.295088798
vn 0.955469787 0 -0.295088798
vn 0.518614531 0 -0.855008125
vn 0.518614531 0 -0.855008125
vn -0.0878677964 0 -0.996132135
vn -0.0878677964 0 -0.996132135
vn -0.343904704 0 -0.939004481
vn -0.343904704 0 -0.939004481
vn -0 -0.694494903 0.719497561
vn -0 -0.694494784 0.719497621
vn -0 -0.694494784 0.719497621
vn -0 -0.694494903 0.719497561
vn -0 -0.694494128 0.719498396
vn -0 -0.694494128 0.719498396
vn -0 -0.694494665 0.719497919
vn -0 -0.694494665 0.719497919
vn -0 -0.694496393 0.719496191
vn -0 -0.694496393 0.719496191
vn -0 -0.694497406 0.719495237
vn -0 -0.694497406 0.719495177
vn -0 -0.694494426 0.719498098
vn -0 -0.694494128 0.719498396
vn -0 -0.694491267 0.719501019
vn -0 -0.694491327 0.719501019
vn -0 -0.69449234 0.719500065
vn -0 -0.694492459 0.719500065
vn -0 -0.694490492 0.719501913
vn -0 -0.694490075 0.719502211
vn -0 -0.694490135 0.719502151
vn -0 -0.694490552 0.719501853
vn -0 -0.694493234 0.719499171
vn -0 -0.694493353 0.719499052
vn -0 -0.694494307 0.719498217
vn -0 -0.694494426 0.719498158
vn -0 -0.694495201 0.719497263
vn -0 -0.69449538 0.719497144
vn -0 -0.694496393 0.71949625
vn -0 -0.694496393 0.71949625
vn -0.0215622671 -0.697154224 0.716596901
vn -0.0264911763 -0.697714806 0.715885758
vn 0.0679008514 -0.703794181 0.707151413
vn 0.0732817128 -0.703691304 0.706716597
vn 0.388261288 -0.706357181 0.591872275
vn 0.388113052 -0.706356585 0.591970146
vn 0.657661319 -0.702690542 0.271491319
vn 0.657847106 -0.702681065 0.271065444
vn 0.701718271 -0.70258671 -0.118166447
vn 0.700062335 -0.702516019 -0.128000632
vn 0.48963657 -0.709770441 -0.50644052
vn 0.485046118 -0.709797382 -0.510801375
vn 0.072375156 -0.702038169 -0.708451986
vn 0.070978269 -0.70202291 -0.708608449
vn -0.332429349 -0.701634884 -0.63023746
vn -0.343453318 -0.701744318 -0.624175251
vn -0.654092193 -0.699360251 -0.288199097
vn -0.661102057 -0.698884606 -0.272954702
vn -0.673664093 -0.713983595 0.190798774
vn -0.664142787 -0.714983106 0.218434334
vn -0.389312416 -0.703670323 0.594376981
vn -0.352644891 -0.701317251 0.619512439
vn 0.0315852277 -0.682758689 0.729960859
vn 0.0471131802 -0.683696449 0.728244066
vn 0.22851412 -0.68208611 0.694651008
vn 0.22851412 -0.68208611 0.694651008
vn -0 1 0
vn -0 1 0
vn -0 1 0
vn -0 1 0
vn -0 1 0
vn -0 1 0
vn -0 1 0
vn -0 1 0
vn -0 1 0
vn -0 1 0
vn -0 1 0
vn -0 1 0
vn -0 1 0
vn -0 1 0
vn -0 1 0
vn -0 1 0
vn -0 1 0
vn -0 1 0
vn -0 1 0
vn -0 1 0
vn -0 1 -1.03804787E-05
vn -0 1 -1.27940402E-05
vn -0 1 -2.31745435E-05
vn -0 1 -2.31745435E-05
vn -0 1 -2.31745416E-05
vn -0 1 -2.31745435E-05
vn -0 1 -2.31744998E-05
vn -0 1 -2.31744852E-05
vn -0 1 -2.31745053E-05
vn -0 1 -2.31745289E-05
vn -0 1 -1.46500188E-05
vn -0 1 -1.16892006E-05
vn -0 1 1.04214378E-05
vn -0 1 1.10869669E-05
vn -0 1 2.60926436E-06
vn -0 1 2.61701393E-06
vn -0 1 -7.75024455E-06
vn -0 1 -7.72822568E-06
vn -0 1 -2.0866928E-06
vn -0 1 -2.59072181E-06
vn -0 1 -4.55224745E-06
vn -0 1 -4.37661083E-06
vn -0 1 -2.80697321E-07
vn -0 1 -2.83053964E-07
vn -0 1 -5.95761094E-06
vn -0 1 -6.48021251E-06
vn -0 1 -8.46144212E-06
vn -0 1 -7.99897316E-06
vn -0 1 -2.30986052E-06
vn -0 1 -1.95012512E-06
vn -0 1 7.64851939E-06
vn -0 1 1.04282572E-05
vn -0 1 1.70061753E-06
vn -0 1 -1.42863098E-06
vn -0 1 -2.12732011E-05
vn -0 1 -2.12732011E-05
vn -0 -1 -2.44677085E-06
vn -0 -1 1.3960539E-05
vn -0 -1 1.39605409E-05
vn -0 -1 -5.03400088E-06
vn -0 -1 -1.04282753E-05
vn -0 -1 -7.64853576E-06
vn -0 -1 -1.15489809E-06
vn -0 -1 -9.75047101E-07
vn -0 -1 -1.25588258E-06
vn -0 -1 -1.12276552E-06
vn -0 -1 -8.9557916E-06
vn -0 -1 -9.75135208E-06
vn -0 -1 -8.98232429E-06
vn -0 -1 -9.05773777E-06
vn -0 -1 4.37665449E-06
vn -0 -1 4.55229156E-06
vn -0 -1 4.79270784E-06
vn -0 -1 4.46603099E-06
vn -0 -1 -1.03236416E-05
vn -0 -1 -1.03055363E-05
vn -0 -1 -1.04209248E-05
vn -0 -1 -1.04246083E-05
vn -0 -1 0
vn -0 -1 0
vn -0 -1 -7.78281537E-06
vn -0 -1 -6.2098834E-06
vn -0 -1 -5.03227875E-06
vn -0 -1 -2.57187253E-06
vn -0 -1 2.35699144E-06
vn -0 -1 1.62612855E-06
vn -0 -1 -3.26041913E-06
vn -0 -1 -3.98161501E-06
vn -0 -1 -9.08343191E-06
vn -0 -1 -9.74587056E-06
vn -0 -1 -9.71631653E-06
vn -0 -1 -9.11298139E-06
vn -0 -1 -1.26817724E-06
vn -0 -1 -1.80229307E-07
vn -0 -1 2.41473504E-06
vn -0 -1 1.93048868E-06
vn -0 -1 -3.3249803E-06
vn -0 -1 -3.73601006E-06
vn -0 -1 -9.05154502E-06
vn -0 -1 -9.41565031E-06
vn -0 -1 -3.80978008E-06
vn -0 -1 -2.88910678E-06
vn -0 -1 2.69966904E-06
vn -0 -1 2.46028367E-06
vn -0 -1 5.38337872E-06
vn -0 -1 5.75125341E-06
vn -0 -1 5.82291295E-06
vn -0 -1 5.58329521E-06
vn -0 -1 0
vn -0 -1 0
vn -0 -1 0
vn -0 -1 0
vn 0.0471134745 0.683653474 0.728284419
vn 0.228524297 0.682036161 0.694696605
vn 0.228524297 0.682036102 0.694696605
vn 0.0315857455 0.68271625 0.730000556
vn -0.35266611 0.701279759 0.619542837
vn -0.389333576 0.703632414 0.594407916
vn -0.673682511 0.713962793 0.190811604
vn -0.664162576 0.714960396 0.218448356
vn -0.661104858 0.698886633 -0.272942722
vn -0.654090881 0.699362934 -0.28819561
vn -0.343451947 0.701751351 -0.624168098
vn -0.332428813 0.701641917 -0.63022995
vn 0.0723762438 0.702039599 -0.708450496
vn 0.0709793493 0.7020244 -0.708606958
vn 0.485062927 0.709786594 -0.510800123
vn 0.489652991 0.709759474 -0.506440043
vn 0.700094342 0.702485621 -0.127991229
vn 0.701750517 0.702556014 -0.118158512
vn 0.657691956 0.70265919 0.271498591
vn 0.657877207 0.702649713 0.271073669
vn 0.388125271 0.706345439 0.591975391
vn 0.388272673 0.706346035 0.591877997
vn 0.0678949207 0.703787446 0.707158744
vn 0.0732764006 0.703684866 0.70672363
vn -0.0215644427 0.697118998 0.716631055
vn -0.0264937803 0.697682917 0.715916574
vn -0 0.694442928 0.719547749
vn -0 0.694442093 0.719548583
vn -0 0.694442213 0.719548583
vn -0 0.694442809 0.719547868
vn -0 0.694446445 0.719544291
vn -0 0.694446504 0.719544351
vn -0 0.694442809 0.719547868
vn -0 0.694442272 0.719548464
vn -0 0.694442213 0.719548523
vn -0 0.694442749 0.719547927
vn -0 0.694446564 0.719544232
vn -0 0.694446683 0.719544172
vn -0 0.694442809 0.719547868
vn -0 0.694442391 0.719548345
vn -0 0.694442332 0.719548404
vn -0 0.694442689 0.719547987
vn -0 0.694446564 0.719544291
vn -0 0.694446445 0.719544291
vn -0 0.69444263 0.719547987
vn -0 0.694442391 0.719548345
vn -0 0.694442451 0.719548285
vn -0 0.69444263 0.719547987
vn -0 0.694446683 0.719544172
vn -0 0.694446683 0.719544113
vn -0 0.694442689 0.719547987
vn -0 0.69444257 0.719548047
vn -0 0.69444257 0.719548225
vn -0 0.69444257 0.719548047
vn -0 0.694446445 0.719544291
vn -0 0.694446564 0.719544291
vn -0 0 1
vn -0 0 1
vn -0 0 1
vn -0 0 1
vn -0 0 1
vn -0 0 1
vn -0 0 1
vn -0 0 1
vn -0 0 1
vn -0 0 1
vn -0 0 1
vn -0 0 1
vn -0 0 1
vn -0 0 1
vn -0 0 1
vn -0 0 1
vn -0 0 1
vn -0 0 1
vn -0 0 1
vn -0 0 1
vn -0 0 1
vn -0 0 1
vn -0 0 1
vn -0 0 1
vn -0 0 1
vn -0 0 1
vn -0 0 1
vn -0 0 1
vn -0 0 1
vn -0 0 1
vn -0 0 1
vn -0 0 1
vn -0 0 1
vn -0 0 1
vn -0 0 1
vn -0 0 1
vn -0 0 1
vn -0 0 1
vn -0 0 1
vn -0 0 1
vn -0 0 1
vn -0 0 1
vn -0 0 1
vn -0 0 1
vn -0.033888042 0 0.99942565
vn -0 0 1
vn -0.0338883325 0 0.99942565
vn 0.101829089 0 0.994801998
vn -0.0338883661 0 0.99942565
vn 0.101830907 0 0.99480176
vn 0.101831391 0 0.99480176
vn 0.549651802 0 0.835393846
vn 0.54964906 0 0.835395634
vn 0.549649298 0 0.835395515
vn 0.924675405 0 0.380756378
vn 0.924674273 0 0.380759239
vn 0.924674094 0 0.380759597
vn 0.984766781 0 -0.173880234
vn 0.984767377 0 -0.173877165
vn 0.984766662 0 -0.173881084
vn 0.691367865 0 -0.722502947
vn 0.691370368 0 -0.722500503
vn 0.0996475816 0 -0.995022774
vn 0.691367269 0 -0.722503483
vn 0.0996478051 0 -0.995022774
vn 0.0996473432 0 -0.995022774
vn -0.476020366 0 -0.879434288
vn -0.47601825 0 -0.87943542
vn -0.476019353 0 -0.879434824
vn -0.921365559 0 -0.388697118
vn -0.921364248 0 -0.388700247
vn -0.957685292 0 0.287817329
vn -0.92136395 0 -0.388701111
vn -0.957684457 0 0.28782019
vn -0.957685292 0 0.287817329
vn -0.517882645 0 0.855451584
vn -0.517881751 0 0.85545224
vn -0.517882168 0 0.855451941
vn 0.0446778834 0 0.999001443
vn 0.0446778908 0 0.999001443
vn 0.0446778908 0 0.999001443
vn 0.303080857 0 0.952964902
vn 0.303080857 0 0.952964902
vn 0.303080857 0 0.952964902
vn -0.931297183 0 0.364260346
vn -0.708517373 0 0.705693424
vn -0.708517313 0 0.705693483
vn -0.931297183 0 0.364260346
vn -0.930821419 0 -0.365474463
vn -0.708517611 0 0.705693185
vn -0.930821478 0 -0.365474313
vn -0.517740786 0 -0.855537534
vn -0.931297243 0 0.364260018
vn -0.708517432 0 0.705693305
vn -0.517740846 0 -0.855537534
vn 0.0981386229 0 -0.995172799
vn -0.9308213 0 -0.365474582
vn -0.931297243 0 0.364260167
vn -0.708516955 0 0.705693722
vn 0.0981385559 0 -0.995172799
vn 0.687162161 0 -0.726504028
vn -0.517740786 0 -0.855537534
vn -0.931297064 0 0.364260465
vn -0.708517432 0 0.705693305
vn -0.9308213 0 -0.365474701
vn 0.687162042 0 -0.726504147
vn 0.990451813 0 -0.137859404
vn -0.931297243 0 0.364260167
vn -0.708517432 0 0.705693305
vn 0.098138541 0 -0.995172799
vn -0.930821478 0 -0.365474254
vn -0.517740667 0 -0.855537653
vn 0.990451813 0 -0.137859449
vn 0.922724485 0 0.385460198
vn -0.931297183 0 0.364260226
vn -0.708517313 0 0.705693483
vn 0.687161922 0 -0.726504266
vn -0.930821478 0 -0.365474254
vn -0.517740965 0 -0.855537355
vn 0.0981386378 0 -0.995172799
vn 0.922724485 0 0.385460347
vn 0.545002282 0 0.838434517
vn -0.931297183 0 0.364260375
vn -0.708517492 0 0.705693245
vn -0.931297243 0 0.364260167
vn -0.930821419 0 -0.365474373
vn -0.930821419 0 -0.365474552
vn -0.9308213 0 -0.365474612
vn -0.517741144 0 -0.855537355
vn 0.0981386974 0 -0.995172799
vn -0.517740726 0 -0.855537653
vn -0.517740667 0 -0.855537653
vn -0.517740965 0 -0.855537474
vn 0.0981385782 0 -0.995172799
vn 0.0981386378 0 -0.995172799
vn 0.0981386527 0 -0.995172799
vn 0.098138541 0 -0.995172799
vn 0.68716222 0 -0.726503968
vn 0.687161922 0 -0.726504266
vn 0.687161982 0 -0.726504147
vn 0.687161922 0 -0.726504207
vn 0.687162101 0 -0.726504147
vn 0.687162161 0 -0.726504028
vn 0.990451813 0 -0.137859553
vn 0.990451694 0 -0.137860328
vn 0.990451694 0 -0.13786006
vn 0.990451813 0 -0.137859538
vn 0.990451813 0 -0.137859523
vn 0.990451813 0 -0.137858942
vn 0.990451813 0 -0.137858957
vn 0.922724366 0 0.385460436
vn 0.922724664 0 0.385459691
vn 0.922724545 0 0.38545996
vn 0.922724485 0 0.385460258
vn 0.922724485 0 0.385460258
vn 0.922724247 0 0.385460734
vn 0.922724366 0 0.385460556
vn 0.545002282 0 0.838434637
vn 0.118714459 0 0.992928445
vn 0.545001805 0 0.838434875
vn 0.545001984 0 0.838434815
vn 0.545001924 0 0.838434815
vn 0.118714429 0 0.992928445
vn -0.00326492148 0 0.999994755
vn 0.54500252 0 0.838434398
vn 0.545002401 0 0.838434517
vn 0.118714161 0 0.992928445
vn 0.118714541 0 0.992928445
vn 0.545002043 0 0.838434696
vn 0.545002341 0 0.838434517
vn 0.118714325 0 0.992928445
vn 0.118714377 0 0.992928445
vn -0.00326480996 0 0.999994755
vn -0.00326473615 0 0.999994755
vn -0 0 1
vn 0.118714444 0 0.992928445
vn 0.118714318 0 0.992928445
vn 0.118714288 0 0.992928445
vn -0.00326493382 0 0.999994755
vn -0 0 1
vn -0 0 1
vn -0.003264928 0 0.999994755
vn -0.00326492172 0 0.999994755
vn -0.00326492637 0 0.999994755
vn -0.00326493103 0 0.999994755
vn -0 0 1
vn -0 0 1
vn -0 0 1
vn -0 0 1
vn -0 0 1
vn -0 0 1
vn -0 0 1
vn -0 0 1
vn -0 0 1
vn -0 0 1
vn -0 0 1
vn -0 0 1
vn -0 0 1
vn -0 0 1
vn -0 0 1
vn -0 0 1
vn -0 0 1
vn -0 0 1
vn -0 0 1
vn -0 0 1
vn -0 0 1
vn -0 0 1
vn -0 0 1
vn -0 0 1
vn -0 0 1
vn -0 0 1
vn -0 0 1
vn -0 0 1
vn -0 0 1
vn -0 0 1
vn -0 0 1
vn -0 0 1
vn -0 0 1
vn -0 0 1
vn -0 0 1
vn -0 0 1
vn -0 0 1
vn -0 0 1
vn -0 0 1
vn -0 0 1
vn -0 0 1
vn -0 0 1
vn -0 0 1
vn -0 0 1
vn -0 0 1
vn -0 0 1
vn -0 0 1
vn -0 0 1
vn -0 0 1
vn -0 0 1
vn -0 0 1
vn -0 0 1
vn -0 0 1
vn -0 0 1
vn -0 0 1
vn -0 0 1
vn -0 0 1
vn -0 0 1
vn -0 0 1
vn -0 0 1
vn -0 0 1
vn -0 0 1
vn -0 0 1
vn -0 0 1
vn -0 0 1
vn -0 0 1
vn -0 0 1
vn -0 0 1
vn -0 0 1
vn -0 0 1
vn -0 0 1
vn -0 0 1
vn -0 0 1
vn -0 0 1
vn -0 0 1
vn -0 0 1
vn -0 0 1
vn -0 0 1
vn -0 0 1
vn -0 0 1
vn -0 0 1
vn -0 0 1
vn -0 0 1
vn -0 0 1
vn -0 0 1
vn -0 0 1
vn -0 0 1
vn -0 0 1
vn -0 0 1
vn -0 0 1
vn -0 0 1
vn -0 0 1
vn -0 0 1
vn -0 0 1
vn -0 0 1
vn -0 0 1
vn -0 0 1
vn -0 0 1
vn -0 0 1
vn -0 0 1
vn -0 0 1
vn -0 0 1
vn -0 0 1
vn -0 0 1
vn -0 0 1
vn -0 0 1
vn -0 0 1
vn -0 0 1
vn -0 0 1
vn -0 0 1
vn -0 0 1
vn -0 0 1
vn -0 0 1
vn -0 0 1
vn -0 0 1
vn -0 0 1
vn -0 0 1
vn -0 0 1
vn -0 0 1
vn -0 0 1
vn -0 0 1
vn -0 0 1
vn -0 0 1
vn -0 0 1
vn -0 0 1
vn -0 0 1
vn -0 0 1
vn -0 0 1
vn -0 0 1
vn -0 0 1
vn -0 0 1
vn -0 0 1
vn -0.00326492498 0 0.999994755
vn -0 -1 -2.00485852E-06
vn -0 -1 -3.34138917E-07
vn -0 -1 -2.00483305E-06
vn -0 -1 0
vn -0 -1 0
vn -0 -1 0
vn -0 -1 0
vn -0 -1 0
vn -0 -1 0
vn -0 -1 0
vn -0 -1 0
vn -0 -1 0
vn -0 -1 0
vn -0 1 0
vn -0 1 -1.00242744E-06
vn -0 1 0
vn -0 1 0
vn -0 1 0
vn -0 1 -2.00486852E-06
vn -0 1 1.00240811E-06
vn -0 1 -3.00732063E-06
vn -0 1 0
vn -0 1 0
vn -0 1 0
vn -0 1 3.00729175E-06
vn -0 1 2.00481713E-06
vn -0.444601268 -0.457487106 0.770087898
vn -0.770082116 -0.457486451 0.444611758
vn -0.831731379 -0.278619528 0.480202049
vn -0.48019138 -0.278623551 0.831736207
vn -0.960402071 -0.278617769 -4.13468797E-07
vn -1.34160317E-07 -0.457486957 0.889216304
vn -3.18960645E-07 -0.278623641 0.960400343
vn -0.889218509 -0.457482696 -3.84352347E-07
vn -0.831731915 -0.278613389 -0.480204761
vn 0.444607019 -0.457488745 0.770083547
vn 0.480197549 -0.278626978 0.831731439
vn -0.770084679 -0.457480729 -0.444613278
vn -0.480205238 -0.278609723 -0.831732869
vn 0.770080447 -0.457491308 0.444609761
vn 0.831729531 -0.278628021 0.480200291
vn -0.444608808 -0.457479298 -0.770088077
vn -0 -0.278609008 -0.960404634
vn 0.889215291 -0.457489043 1.99425969E-07
vn 0.960399568 -0.278626651 5.67038569E-07
vn 1.16030868E-07 -0.457483381 -0.889218211
vn 0.480205595 -0.278609186 -0.831732869
vn 0.770081162 -0.457484752 -0.444615275
vn 0.831733823 -0.278615505 -0.480200142
vn 0.444608778 -0.457481652 -0.770086825
vn 0.516896307 -0.802344203 0.298432559
vn 0.596862972 -0.80234319 -1.07794926E-06
vn 0.516896605 -0.802344024 -0.29843238
vn 0.29842636 -0.802346051 -0.516897142
vn 1.2369911E-07 -0.802345335 -0.596860051
vn -0.298425019 -0.802344322 -0.51690048
vn 0.298432708 -0.802343249 0.516897738
vn -0.516898274 -0.802341223 -0.298437446
vn 1.13602098E-07 -0.802341402 0.596865296
vn -0.596862376 -0.802343547 -1.28748638E-07
vn -0.298427731 -0.802344322 0.516898811
vn -0.516895294 -0.802344739 0.298432916
vn 0.183134347 -0.930512905 0.317186922
vn 3.31365584E-07 -0.930514395 0.366255313
vn -0.183129102 -0.930515051 0.317183644
vn -0.317184895 -0.93051523 0.183126107
vn 7.44528904E-07 -1 0
vn 0.317188352 -0.930513203 0.183130145
vn -0.36625424 -0.930514812 0
vn -0.317185044 -0.930515051 -0.183126971
vn 0.366258889 -0.930512965 -1.80918687E-06
vn -0.183123007 -0.930514216 -0.317189604
vn 0.317187399 -0.93051368 -0.183129624
vn 3.8389598E-07 -0.930514097 -0.366256118
vn 0.183127671 -0.930513382 -0.317189246
vn -0.831731677 0.278620958 0.480200648
vn -0.77008146 0.457488835 0.444610506
vn -0.44460085 0.457488686 0.770087183
vn -0.480191588 0.278624684 0.83173573
vn -0.960401773 0.278618902 -3.78030364E-07
vn -0 0.45748806 0.889215767
vn -2.59894165E-07 0.278623521 0.960400462
vn -0.889217436 0.457484782 -3.00956543E-07
vn -0.831731915 0.278614134 -0.480204195
vn 0.444606274 0.45749107 0.770082474
vn 0.480196893 0.278627992 0.831731617
vn -0.770084083 0.457483053 -0.444612056
vn -0.480204403 0.27861017 -0.831733286
vn 0.770079792 0.457493246 0.444608748
vn 0.831729472 0.278628677 0.480200082
vn -0.444607794 0.457481593 -0.770087302
vn -0 0.278609127 -0.960404634
vn 0.889214635 0.457490414 -2.57441997E-07
vn 0.96039933 0.278627306 6.26107692E-07
vn -0 0.45748502 -0.889217377
vn 0.480205894 0.278611094 -0.831732094
vn 0.77008009 0.457486898 -0.444614798
vn 0.831733763 0.278617322 -0.480199188
vn 0.444608241 0.457483947 -0.770085752
vn 0.51690352 0.802337945 0.298436761
vn 0.596867979 0.802339435 -2.73398928E-06
vn 0.516899824 0.802340865 -0.298435241
vn 0.29843083 0.802342951 -0.516899288
vn -2.68097847E-06 0.802343726 -0.596862137
vn -0.298428148 0.802344978 -0.516897619
vn 0.298437506 0.80233866 0.516902089
vn -0.51689744 0.802341223 -0.29843846
vn 1.91859883E-07 0.802336872 0.596871376
vn -0.596863627 0.802342653 -7.5734232E-07
vn -0.29843238 0.802339733 0.516903281
vn -0.516899228 0.802341342 0.298435301
vn -1.36011458E-05 0.930510402 -0.366265416
vn -0.183140635 0.930509865 -0.317192048
vn -0.317186683 0.930510998 -0.183144629
vn -0.366256118 0.930514097 -4.17608862E-06
vn -6.91118294E-06 1 -1.09643552E-05
vn 0.18314594 0.930508673 -0.317192852
vn -0.317202985 0.9305076 0.183133751
vn -0.183147103 0.930509567 0.317189425
vn 0.317204714 0.93050617 -0.183137923
vn 2.25842882E-07 0.930506885 0.366274506
vn 0.366269588 0.930508852 -1.043068E-05
vn 0.183145463 0.930505455 0.31720233
vn 0.317206413 0.930504918 0.183140978
g JunShu2_0
f 3/3/3 2/2/2 1/1/1
f 2/2/2 4/4/4 1/1/1
f 1/1/1 4/4/4 5/5/5
f 2/2/2 6/6/6 4/4/4
f 4/4/4 7/7/7 5/5/5
f 5/5/5 7/7/7 8/8/8
f 6/6/6 9/9/9 4/4/4
f 4/4/4 9/9/9 7/7/7
f 6/6/6 10/10/10 9/9/9
f 7/7/7 11/11/11 8/8/8
f 8/8/8 11/11/11 12/12/12
f 9/9/9 13/13/13 7/7/7
f 7/7/7 13/13/13 11/11/11
f 10/10/10 14/14/14 9/9/9
f 9/9/9 14/14/14 13/13/13
f 10/10/10 15/15/15 14/14/14
f 11/11/11 16/16/16 12/12/12
f 12/12/12 16/16/16 17/17/17
f 13/13/13 18/18/18 11/11/11
f 11/11/11 18/18/18 16/16/16
f 15/15/15 19/19/19 14/14/14
f 15/15/15 20/20/20 19/19/19
f 14/14/14 21/21/21 13/13/13
f 13/13/13 21/21/21 18/18/18
f 21/21/21 14/14/14 19/19/19
f 16/16/16 22/22/22 17/17/17
f 17/17/17 22/22/22 23/23/23
f 20/20/20 24/24/24 19/19/19
f 24/24/24 20/20/20 25/25/25
f 18/18/18 26/26/26 16/16/16
f 16/16/16 26/26/26 22/22/22
f 27/27/27 21/21/21 19/19/19
f 27/27/27 19/19/19 24/24/24
f 21/21/21 28/28/28 18/18/18
f 18/18/18 28/28/28 26/26/26
f 28/28/28 21/21/21 27/27/27
f 22/22/22 29/29/29 23/23/23
f 23/23/23 29/29/29 30/30/30
f 31/31/31 24/24/24 25/25/25
f 31/31/31 25/25/25 32/32/32
f 26/26/26 33/33/33 22/22/22
f 22/22/22 33/33/33 29/29/29
f 34/34/34 27/27/27 24/24/24
f 34/34/34 24/24/24 31/31/31
f 35/35/35 28/28/28 27/27/27
f 35/35/35 27/27/27 34/34/34
f 28/28/28 36/36/36 26/26/26
f 26/26/26 36/36/36 33/33/33
f 28/28/28 35/35/35 36/36/36
f 29/29/29 37/37/37 30/30/30
f 30/30/30 37/37/37 38/38/38
f 39/39/39 31/31/31 32/32/32
f 39/39/39 32/32/32 40/40/40
f 41/41/41 39/39/39 40/40/40
f 42/42/42 34/34/34 31/31/31
f 42/42/42 31/31/31 39/39/39
f 43/43/43 39/39/39 41/41/41
f 43/43/43 42/42/42 39/39/39
f 44/44/44 43/43/43 41/41/41
f 45/45/45 35/35/35 34/34/34
f 45/45/45 34/34/34 42/42/42
f 46/46/46 43/43/43 44/44/44
f 47/47/47 46/46/46 44/44/44
f 48/48/48 42/42/42 43/43/43
f 48/48/48 45/45/45 42/42/42
f 46/46/46 48/48/48 43/43/43
f 35/35/35 45/45/45 49/49/49
f 35/35/35 49/49/49 36/36/36
f 50/50/50 46/46/46 47/47/47
f 51/51/51 50/50/50 47/47/47
f 52/52/52 45/45/45 48/48/48
f 45/45/45 52/52/52 49/49/49
f 53/53/53 48/48/48 46/46/46
f 50/50/50 53/53/53 46/46/46
f 53/53/53 52/52/52 48/48/48
f 54/54/54 36/36/36 49/49/49
f 36/36/36 54/54/54 33/33/33
f 55/55/55 50/50/50 51/51/51
f 56/56/56 55/55/55 51/51/51
f 57/57/57 49/49/49 52/52/52
f 57/57/57 54/54/54 49/49/49
f 58/58/58 52/52/52 53/53/53
f 58/58/58 57/57/57 52/52/52
f 59/59/59 53/53/53 50/50/50
f 55/55/55 59/59/59 50/50/50
f 59/59/59 58/58/58 53/53/53
f 33/33/33 54/54/54 60/60/60
f 33/33/33 60/60/60 29/29/29
f 29/29/29 60/60/60 37/37/37
f 61/61/61 55/55/55 56/56/56
f 62/62/62 61/61/61 56/56/56
f 63/63/63 54/54/54 57/57/57
f 54/54/54 63/63/63 60/60/60
f 64/64/64 57/57/57 58/58/58
f 64/64/64 63/63/63 57/57/57
f 65/65/65 58/58/58 59/59/59
f 65/65/65 64/64/64 58/58/58
f 66/66/66 59/59/59 55/55/55
f 61/61/61 66/66/66 55/55/55
f 66/66/66 65/65/65 59/59/59
f 60/60/60 67/67/67 37/37/37
f 60/60/60 63/63/63 67/67/67
f 68/68/68 61/61/61 62/62/62
f 69/69/69 68/68/68 62/62/62
f 70/70/70 63/63/63 64/64/64
f 63/63/63 70/70/70 67/67/67
f 71/71/71 64/64/64 65/65/65
f 71/71/71 70/70/70 64/64/64
f 72/72/72 65/65/65 66/66/66
f 72/72/72 71/71/71 65/65/65
f 73/73/73 66/66/66 61/61/61
f 68/68/68 73/73/73 61/61/61
f 73/73/73 72/72/72 66/66/66
f 37/37/37 67/67/67 74/74/74
f 37/37/37 74/74/74 38/38/38
f 38/38/38 74/74/74 75/75/75
f 76/76/76 68/68/68 69/69/69
f 77/77/77 76/76/76 69/69/69
f 67/67/67 70/70/70 78/78/78
f 67/67/67 78/78/78 74/74/74
f 74/74/74 79/79/79 75/75/75
f 74/74/74 78/78/78 79/79/79
f 75/75/75 79/79/79 80/80/80
f 81/81/81 73/73/73 68/68/68
f 76/76/76 81/81/81 68/68/68
f 82/82/82 72/72/72 73/73/73
f 81/81/81 82/82/82 73/73/73
f 83/83/83 76/76/76 77/77/77
f 84/84/84 83/83/83 77/77/77
f 70/70/70 85/85/85 78/78/78
f 85/85/85 70/70/70 71/71/71
f 86/86/86 71/71/71 72/72/72
f 82/82/82 86/86/86 72/72/72
f 86/86/86 85/85/85 71/71/71
f 78/78/78 87/87/87 79/79/79
f 78/78/78 85/85/85 87/87/87
f 88/88/88 81/81/81 76/76/76
f 83/83/83 88/88/88 76/76/76
f 89/89/89 83/83/83 84/84/84
f 90/90/90 89/89/89 84/84/84
f 90/90/90 91/91/91 89/89/89
f 92/92/92 82/82/82 81/81/81
f 88/88/88 92/92/92 81/81/81
f 86/86/86 82/82/82 93/93/93
f 82/82/82 92/92/92 93/93/93
f 85/85/85 86/86/86 94/94/94
f 85/85/85 94/94/94 87/87/87
f 86/86/86 93/93/93 94/94/94
f 95/95/95 88/88/88 83/83/83
f 89/89/89 95/95/95 83/83/83
f 91/91/91 96/96/96 89/89/89
f 89/89/89 96/96/96 95/95/95
f 91/91/91 97/97/97 96/96/96
f 98/98/98 92/92/92 88/88/88
f 95/95/95 98/98/98 88/88/88
f 93/93/93 92/92/92 99/99/99
f 92/92/92 98/98/98 99/99/99
f 94/94/94 93/93/93 100/100/100
f 93/93/93 99/99/99 100/100/100
f 87/87/87 94/94/94 101/101/101
f 94/94/94 100/100/100 101/101/101
f 97/97/97 102/102/102 96/96/96
f 97/97/97 103/103/103 102/102/102
f 96/96/96 104/104/104 95/95/95
f 95/95/95 104/104/104 98/98/98
f 96/96/96 102/102/102 104/104/104
f 98/98/98 105/105/105 99/99/99
f 104/104/104 105/105/105 98/98/98
f 99/99/99 106/106/106 100/100/100
f 105/105/105 106/106/106 99/99/99
f 103/103/103 107/107/107 102/102/102
f 103/103/103 108/108/108 107/107/107
f 102/102/102 109/109/109 104/104/104
f 104/104/104 109/109/109 105/105/105
f 102/102/102 107/107/107 109/109/109
f 108/108/108 110/110/110 107/107/107
f 108/108/108 111/111/111 110/110/110
f 109/109/109 112/112/112 105/105/105
f 105/105/105 112/112/112 106/106/106
f 107/107/107 113/113/113 109/109/109
f 107/107/107 110/110/110 113/113/113
f 109/109/109 113/113/113 112/112/112
f 106/106/106 114/114/114 100/100/100
f 100/100/100 114/114/114 101/101/101
f 111/111/111 115/115/115 110/110/110
f 111/111/111 116/116/116 115/115/115
f 112/112/112 117/117/117 106/106/106
f 106/106/106 117/117/117 114/114/114
f 113/113/113 118/118/118 112/112/112
f 112/112/112 118/118/118 117/117/117
f 110/110/110 119/119/119 113/113/113
f 110/110/110 115/115/115 119/119/119
f 113/113/113 119/119/119 118/118/118
f 116/116/116 120/120/120 115/115/115
f 116/116/116 121/121/121 120/120/120
f 115/115/115 122/122/122 119/119/119
f 115/115/115 120/120/120 122/122/122
f 119/119/119 123/123/123 118/118/118
f 119/119/119 122/122/122 123/123/123
f 118/118/118 124/124/124 117/117/117
f 118/118/118 123/123/123 124/124/124
f 117/117/117 125/125/125 114/114/114
f 117/117/117 124/124/124 125/125/125
f 121/121/121 126/126/126 120/120/120
f 121/121/121 127/127/127 126/126/126
f 120/120/120 128/128/128 122/122/122
f 120/120/120 126/126/126 128/128/128
f 122/122/122 129/129/129 123/123/123
f 122/122/122 128/128/128 129/129/129
f 123/123/123 130/130/130 124/124/124
f 123/123/123 129/129/129 130/130/130
f 127/127/127 131/131/131 126/126/126
f 127/127/127 132/132/132 131/131/131
f 126/126/126 133/133/133 128/128/128
f 126/126/126 131/131/131 133/133/133
f 128/128/128 134/134/134 129/129/129
f 128/128/128 133/133/133 134/134/134
f 132/132/132 135/135/135 131/131/131
f 132/132/132 136/136/136 135/135/135
f 131/131/131 137/137/137 133/133/133
f 131/131/131 135/135/135 137/137/137
f 136/136/136 138/138/138 135/135/135
f 136/136/136 139/139/139 138/138/138
f 124/124/124 130/130/130 140/140/140
f 124/124/124 140/140/140 125/125/125
f 129/129/129 141/141/141 130/130/130
f 129/129/129 134/134/134 141/141/141
f 133/133/133 142/142/142 134/134/134
f 133/133/133 137/137/137 142/142/142
f 135/135/135 143/143/143 137/137/137
f 135/135/135 138/138/138 143/143/143
f 139/139/139 144/144/144 138/138/138
f 139/139/139 145/145/145 144/144/144
f 130/130/130 146/146/146 140/140/140
f 130/130/130 141/141/141 146/146/146
f 134/134/134 147/147/147 141/141/141
f 134/134/134 142/142/142 147/147/147
f 137/137/137 148/148/148 142/142/142
f 137/137/137 143/143/143 148/148/148
f 138/138/138 149/149/149 143/143/143
f 138/138/138 144/144/144 149/149/149
f 145/145/145 150/150/150 144/144/144
f 145/145/145 151/151/151 150/150/150
f 141/141/141 152/152/152 146/146/146
f 141/141/141 147/147/147 152/152/152
f 142/142/142 153/153/153 147/147/147
f 142/142/142 148/148/148 153/153/153
f 143/143/143 154/154/154 148/148/148
f 143/143/143 149/149/149 154/154/154
f 144/144/144 155/155/155 149/149/149
f 144/144/144 150/150/150 155/155/155
f 151/151/151 156/156/156 150/150/150
f 151/151/151 157/157/157 156/156/156
f 147/147/147 158/158/158 152/152/152
f 147/147/147 153/153/153 158/158/158
f 148/148/148 159/159/159 153/153/153
f 148/148/148 154/154/154 159/159/159
f 149/149/149 160/160/160 154/154/154
f 149/149/149 155/155/155 160/160/160
f 150/150/150 161/161/161 155/155/155
f 150/150/150 156/156/156 161/161/161
f 157/157/157 162/162/162 156/156/156
f 162/162/162 157/157/157 163/163/163
f 164/164/164 162/162/162 163/163/163
f 156/156/156 162/162/162 165/165/165
f 156/156/156 165/165/165 161/161/161
f 166/166/166 162/162/162 164/164/164
f 162/162/162 166/166/166 165/165/165
f 167/167/167 166/166/166 164/164/164
f 155/155/155 161/161/161 168/168/168
f 155/155/155 168/168/168 160/160/160
f 154/154/154 160/160/160 169/169/169
f 154/154/154 169/169/169 159/159/159
f 161/161/161 165/165/165 170/170/170
f 161/161/161 170/170/170 168/168/168
f 171/171/171 166/166/166 167/167/167
f 172/172/172 171/171/171 167/167/167
f 165/165/165 166/166/166 173/173/173
f 165/165/165 173/173/173 170/170/170
f 166/166/166 171/171/171 173/173/173
f 160/160/160 168/168/168 174/174/174
f 160/160/160 174/174/174 169/169/169
f 171/171/171 172/172/172 175/175/175
f 172/172/172 176/176/176 175/175/175
f 168/168/168 170/170/170 177/177/177
f 168/168/168 177/177/177 174/174/174
f 170/170/170 173/173/173 178/178/178
f 170/170/170 178/178/178 177/177/177
f 173/173/173 171/171/171 179/179/179
f 171/171/171 175/175/175 179/179/179
f 173/173/173 179/179/179 178/178/178
f 175/175/175 176/176/176 180/180/180
f 176/176/176 181/181/181 180/180/180
f 179/179/179 175/175/175 182/182/182
f 175/175/175 180/180/180 182/182/182
f 178/178/178 179/179/179 183/183/183
f 179/179/179 182/182/182 183/183/183
f 177/177/177 178/178/178 184/184/184
f 178/178/178 183/183/183 184/184/184
f 174/174/174 177/177/177 185/185/185
f 177/177/177 184/184/184 185/185/185
f 180/180/180 181/181/181 186/186/186
f 181/181/181 187/187/187 186/186/186
f 182/182/182 180/180/180 188/188/188
f 180/180/180 186/186/186 188/188/188
f 183/183/183 182/182/182 189/189/189
f 182/182/182 188/188/188 189/189/189
f 184/184/184 183/183/183 190/190/190
f 183/183/183 189/189/189 190/190/190
f 186/186/186 187/187/187 191/191/191
f 187/187/187 192/192/192 191/191/191
f 188/188/188 186/186/186 193/193/193
f 186/186/186 191/191/191 193/193/193
f 191/191/191 192/192/192 194/194/194
f 192/192/192 195/195/195 194/194/194
f 191/191/191 194/194/194 196/196/196
f 193/193/193 191/191/191 196/196/196
f 193/193/193 196/196/196 197/197/197
f 188/188/188 193/193/193 198/198/198
f 198/198/198 193/193/193 197/197/197
f 189/189/189 188/188/188 198/198/198
f 198/198/198 197/197/197 199/199/199
f 189/189/189 198/198/198 200/200/200
f 200/200/200 198/198/198 199/199/199
f 190/190/190 189/189/189 200/200/200
f 200/200/200 199/199/199 201/201/201
f 202/202/202 200/200/200 201/201/201
f 190/190/190 200/200/200 202/202/202
f 202/202/202 201/201/201 203/203/203
f 204/204/204 190/190/190 202/202/202
f 184/184/184 190/190/190 204/204/204
f 185/185/185 184/184/184 204/204/204
f 205/205/205 202/202/202 203/203/203
f 204/204/204 202/202/202 205/205/205
f 205/205/205 203/203/203 206/206/206
f 185/185/185 204/204/204 207/207/207
f 207/207/207 204/204/204 205/205/205
f 208/208/208 205/205/205 206/206/206
f 207/207/207 205/205/205 208/208/208
f 208/208/208 206/206/206 209/209/209
f 210/210/210 185/185/185 207/207/207
f 174/174/174 185/185/185 210/210/210
f 169/169/169 174/174/174 210/210/210
f 211/211/211 208/208/208 209/209/209
f 211/211/211 209/209/209 212/212/212
f 213/213/213 207/207/207 208/208/208
f 210/210/210 207/207/207 213/213/213
f 213/213/213 208/208/208 211/211/211
f 169/169/169 210/210/210 214/214/214
f 214/214/214 210/210/210 213/213/213
f 159/159/159 169/169/169 214/214/214
f 215/215/215 211/211/211 212/212/212
f 215/215/215 212/212/212 216/216/216
f 217/217/217 213/213/213 211/211/211
f 214/214/214 213/213/213 217/217/217
f 217/217/217 211/211/211 215/215/215
f 159/159/159 214/214/214 218/218/218
f 218/218/218 214/214/214 217/217/217
f 153/153/153 159/159/159 218/218/218
f 153/153/153 218/218/218 158/158/158
f 218/218/218 217/217/217 219/219/219
f 219/219/219 217/217/217 215/215/215
f 158/158/158 218/218/218 219/219/219
f 220/220/220 215/215/215 216/216/216
f 219/219/219 215/215/215 220/220/220
f 220/220/220 216/216/216 221/221/221
f 158/158/158 219/219/219 222/222/222
f 222/222/222 219/219/219 220/220/220
f 152/152/152 158/158/158 222/222/222
f 223/223/223 220/220/220 221/221/221
f 222/222/222 220/220/220 223/223/223
f 223/223/223 221/221/221 224/224/224
f 152/152/152 222/222/222 225/225/225
f 225/225/225 222/222/222 223/223/223
f 146/146/146 152/152/152 225/225/225
f 226/226/226 223/223/223 224/224/224
f 225/225/225 223/223/223 226/226/226
f 226/226/226 224/224/224 227/227/227
f 146/146/146 225/225/225 228/228/228
f 228/228/228 225/225/225 226/226/226
f 140/140/140 146/146/146 228/228/228
f 229/229/229 226/226/226 227/227/227
f 228/228/228 226/226/226 229/229/229
f 229/229/229 227/227/227 230/230/230
f 140/140/140 228/228/228 231/231/231
f 231/231/231 228/228/228 229/229/229
f 125/125/125 140/140/140 231/231/231
f 232/232/232 229/229/229 230/230/230
f 231/231/231 229/229/229 232/232/232
f 232/232/232 230/230/230 80/80/80
f 125/125/125 231/231/231 233/233/233
f 233/233/233 231/231/231 232/232/232
f 114/114/114 125/125/125 233/233/233
f 114/114/114 233/233/233 101/101/101
f 234/234/234 232/232/232 80/80/80
f 233/233/233 232/232/232 234/234/234
f 101/101/101 233/233/233 234/234/234
f 79/79/79 234/234/234 80/80/80
f 87/87/87 101/101/101 234/234/234
f 79/79/79 87/87/87 234/234/234
f 237/237/237 236/236/236 235/235/235
f 236/236/236 238/238/238 235/235/235
f 238/238/238 236/236/236 239/239/239
f 240/240/240 238/238/238 239/239/239
f 241/241/241 240/240/240 239/239/239
f 242/242/242 241/241/241 239/239/239
f 243/243/243 241/241/241 242/242/242
f 244/244/244 243/243/243 242/242/242
f 245/245/245 243/243/243 244/244/244
f 246/246/246 245/245/245 244/244/244
f 247/247/247 245/245/245 246/246/246
f 248/248/248 247/247/247 246/246/246
f 249/249/249 247/247/247 248/248/248
f 250/250/250 249/249/249 248/248/248
f 251/251/251 249/249/249 250/250/250
f 252/252/252 251/251/251 250/250/250
f 253/253/253 251/251/251 252/252/252
f 254/254/254 253/253/253 252/252/252
f 255/255/255 253/253/253 254/254/254
f 256/256/256 255/255/255 254/254/254
f 257/257/257 255/255/255 256/256/256
f 258/258/258 257/257/257 256/256/256
f 259/259/259 257/257/257 258/258/258
f 260/260/260 259/259/259 258/258/258
f 261/261/261 259/259/259 260/260/260
f 262/262/262 261/261/261 260/260/260
f 263/263/263 261/261/261 262/262/262
f 264/264/264 263/263/263 262/262/262
f 265/265/265 263/263/263 264/264/264
f 266/266/266 265/265/265 264/264/264
f 266/266/266 267/267/267 265/265/265
f 267/267/267 268/268/268 265/265/265
f 267/267/267 269/269/269 268/268/268
f 269/269/269 270/270/270 268/268/268
f 269/269/269 271/271/271 270/270/270
f 271/271/271 272/272/272 270/270/270
f 271/271/271 273/273/273 272/272/272
f 273/273/273 274/274/274 272/272/272
f 273/273/273 275/275/275 274/274/274
f 275/275/275 276/276/276 274/274/274
f 275/275/275 277/277/277 276/276/276
f 277/277/277 278/278/278 276/276/276
f 277/277/277 279/279/279 278/278/278
f 279/279/279 280/280/280 278/278/278
f 279/279/279 281/281/281 280/280/280
f 281/281/281 282/282/282 280/280/280
f 281/281/281 283/283/283 282/282/282
f 283/283/283 284/284/284 282/282/282
f 284/284/284 283/283/283 285/285/285
f 283/283/283 286/286/286 285/285/285
f 287/287/287 285/285/285 286/286/286
f 288/288/288 287/287/287 286/286/286
f 289/289/289 287/287/287 288/288/288
f 290/290/290 289/289/289 288/288/288
f 293/293/293 292/292/292 291/291/291
f 292/292/292 294/294/294 291/291/291
f 291/291/291 294/294/294 295/295/295
f 294/294/294 292/292/292 296/296/296
f 294/294/294 297/297/297 295/295/295
f 298/298/298 294/294/294 296/296/296
f 297/297/297 294/294/294 298/298/298
f 298/298/298 296/296/296 299/299/299
f 300/300/300 297/297/297 298/298/298
f 301/301/301 298/298/298 299/299/299
f 300/300/300 298/298/298 301/301/301
f 301/301/301 299/299/299 302/302/302
f 303/303/303 300/300/300 301/301/301
f 304/304/304 301/301/301 302/302/302
f 303/303/303 301/301/301 304/304/304
f 304/304/304 302/302/302 305/305/305
f 306/306/306 303/303/303 304/304/304
f 307/307/307 304/304/304 305/305/305
f 306/306/306 304/304/304 307/307/307
f 307/307/307 305/305/305 308/308/308
f 309/309/309 306/306/306 307/307/307
f 310/310/310 307/307/307 308/308/308
f 309/309/309 307/307/307 310/310/310
f 310/310/310 308/308/308 311/311/311
f 312/312/312 309/309/309 310/310/310
f 313/313/313 310/310/310 311/311/311
f 312/312/312 310/310/310 313/313/313
f 313/313/313 311/311/311 314/314/314
f 315/315/315 312/312/312 313/313/313
f 316/316/316 313/313/313 314/314/314
f 315/315/315 313/313/313 316/316/316
f 316/316/316 314/314/314 317/317/317
f 318/318/318 315/315/315 316/316/316
f 319/319/319 316/316/316 317/317/317
f 318/318/318 316/316/316 319/319/319
f 319/319/319 317/317/317 320/320/320
f 321/321/321 318/318/318 319/319/319
f 322/322/322 319/319/319 320/320/320
f 321/321/321 319/319/319 322/322/322
f 322/322/322 320/320/320 323/323/323
f 324/324/324 321/321/321 322/322/322
f 325/325/325 322/322/322 323/323/323
f 324/324/324 322/322/322 325/325/325
f 325/325/325 323/323/323 326/326/326
f 327/327/327 324/324/324 325/325/325
f 328/328/328 325/325/325 326/326/326
f 327/327/327 325/325/325 328/328/328
f 328/328/328 326/326/326 329/329/329
f 330/330/330 327/327/327 328/328/328
f 331/331/331 328/328/328 329/329/329
f 330/330/330 328/328/328 331/331/331
f 331/331/331 329/329/329 332/332/332
f 333/333/333 330/330/330 331/331/331
f 334/334/334 331/331/331 332/332/332
f 333/333/333 331/331/331 334/334/334
f 335/335/335 333/333/333 334/334/334
f 334/334/334 332/332/332 336/336/336
f 335/335/335 334/334/334 337/337/337
f 337/337/337 334/334/334 336/336/336
f 338/338/338 335/335/335 337/337/337
f 338/338/338 337/337/337 339/339/339
f 337/337/337 336/336/336 340/340/340
f 337/337/337 340/340/340 339/339/339
f 336/336/336 341/341/341 340/340/340
f 339/339/339 340/340/340 342/342/342
f 340/340/340 341/341/341 343/343/343
f 340/340/340 344/344/344 342/342/342
f 344/344/344 340/340/340 343/343/343
f 342/342/342 344/344/344 345/345/345
f 344/344/344 343/343/343 346/346/346
f 344/344/344 346/346/346 345/345/345
f 343/343/343 347/347/347 346/346/346
f 346/346/346 348/348/348 345/345/345
f 348/348/348 346/346/346 347/347/347
f 348/348/348 349/349/349 345/345/345
f 350/350/350 348/348/348 347/347/347
f 348/348/348 351/351/351 349/349/349
f 351/351/351 348/348/348 350/350/350
f 351/351/351 352/352/352 349/349/349
f 351/351/351 353/353/353 352/352/352
f 354/354/354 351/351/351 350/350/350
f 353/353/353 351/351/351 354/354/354
f 353/353/353 355/355/355 352/352/352
f 356/356/356 353/353/353 354/354/354
f 355/355/355 353/353/353 357/357/357
f 353/353/353 356/356/356 358/358/358
f 353/353/353 359/359/359 357/357/357
f 359/359/359 353/353/353 358/358/358
f 357/357/357 359/359/359 360/360/360
f 359/359/359 358/358/358 361/361/361
f 359/359/359 361/361/361 360/360/360
f 361/361/361 362/362/362 360/360/360
f 358/358/358 363/363/363 361/361/361
f 362/362/362 361/361/361 363/363/363
f 362/362/362 364/364/364 360/360/360
f 365/365/365 362/362/362 363/363/363
f 364/364/364 362/362/362 366/366/366
f 362/362/362 365/365/365 367/367/367
f 362/362/362 368/368/368 366/366/366
f 368/368/368 362/362/362 367/367/367
f 366/366/366 368/368/368 369/369/369
f 369/369/369 368/368/368 367/367/367
f 370/370/370 366/366/366 369/369/369
f 371/371/371 369/369/369 367/367/367
f 370/370/370 369/369/369 372/372/372
f 369/369/369 371/371/371 373/373/373
f 369/369/369 374/374/374 372/372/372
f 374/374/374 369/369/369 373/373/373
f 377/377/377 376/376/376 375/375/375
f 376/376/376 378/378/378 375/375/375
f 378/378/378 376/376/376 379/379/379
f 380/380/380 378/378/378 379/379/379
f 380/380/380 379/379/379 381/381/381
f 382/382/382 380/380/380 381/381/381
f 382/382/382 381/381/381 383/383/383
f 384/384/384 382/382/382 383/383/383
f 384/384/384 383/383/383 385/385/385
f 386/386/386 384/384/384 385/385/385
f 386/386/386 385/385/385 387/387/387
f 388/388/388 386/386/386 387/387/387
f 388/388/388 387/387/387 389/389/389
f 390/390/390 388/388/388 389/389/389
f 390/390/390 389/389/389 391/391/391
f 392/392/392 390/390/390 391/391/391
f 392/392/392 391/391/391 393/393/393
f 394/394/394 392/392/392 393/393/393
f 394/394/394 393/393/393 395/395/395
f 396/396/396 394/394/394 395/395/395
f 396/396/396 395/395/395 397/397/397
f 398/398/398 396/396/396 397/397/397
f 398/398/398 397/397/397 399/399/399
f 400/400/400 398/398/398 399/399/399
f 400/400/400 399/399/399 401/401/401
f 402/402/402 400/400/400 401/401/401
f 402/402/402 401/401/401 403/403/403
f 404/404/404 402/402/402 403/403/403
f 404/404/404 403/403/403 405/405/405
f 406/406/406 404/404/404 405/405/405
f 406/406/406 405/405/405 407/407/407
f 405/405/405 408/408/408 407/407/407
f 407/407/407 408/408/408 409/409/409
f 408/408/408 410/410/410 409/409/409
f 409/409/409 410/410/410 411/411/411
f 410/410/410 412/412/412 411/411/411
f 411/411/411 412/412/412 413/413/413
f 412/412/412 414/414/414 413/413/413
f 413/413/413 414/414/414 415/415/415
f 414/414/414 416/416/416 415/415/415
f 415/415/415 416/416/416 417/417/417
f 416/416/416 418/418/418 417/417/417
f 417/417/417 418/418/418 419/419/419
f 418/418/418 420/420/420 419/419/419
f 419/419/419 420/420/420 421/421/421
f 420/420/420 422/422/422 421/421/421
f 421/421/421 422/422/422 423/423/423
f 422/422/422 424/424/424 423/423/423
f 423/423/423 424/424/424 425/425/425
f 426/426/426 423/423/423 425/425/425
f 425/425/425 427/427/427 426/426/426
f 427/427/427 428/428/428 426/426/426
f 428/428/428 427/427/427 429/429/429
f 430/430/430 428/428/428 429/429/429
f 433/433/433 432/432/432 431/431/431
f 432/432/432 434/434/434 431/431/431
f 434/434/434 432/432/432 435/435/435
f 432/432/432 436/436/436 435/435/435
f 437/437/437 435/435/435 436/436/436
f 438/438/438 437/437/437 436/436/436
f 437/437/437 438/438/438 439/439/439
f 438/438/438 440/440/440 439/439/439
f 440/440/440 441/441/441 439/439/439
f 441/441/441 442/442/442 439/439/439
f 443/443/443 442/442/442 441/441/441
f 444/444/444 443/443/443 441/441/441
f 443/443/443 444/444/444 445/445/445
f 444/444/444 446/446/446 445/445/445
f 445/445/445 446/446/446 447/447/447
f 446/446/446 448/448/448 447/447/447
f 447/447/447 448/448/448 449/449/449
f 448/448/448 450/450/450 449/449/449
f 450/450/450 451/451/451 449/449/449
f 451/451/451 452/452/452 449/449/449
f 453/453/453 452/452/452 451/451/451
f 454/454/454 453/453/453 451/451/451
f 454/454/454 455/455/455 453/453/453
f 455/455/455 456/456/456 453/453/453
f 455/455/455 457/457/457 456/456/456
f 457/457/457 458/458/458 456/456/456
f 457/457/457 459/459/459 458/458/458
f 459/459/459 460/460/460 458/458/458
f 459/459/459 461/461/461 460/460/460
f 461/461/461 462/462/462 460/460/460
f 461/461/461 463/463/463 462/462/462
f 463/463/463 464/464/464 462/462/462
f 463/463/463 465/465/465 464/464/464
f 465/465/465 466/466/466 464/464/464
f 465/465/465 467/467/467 466/466/466
f 467/467/467 468/468/468 466/466/466
f 467/467/467 469/469/469 468/468/468
f 469/469/469 470/470/470 468/468/468
f 469/469/469 471/471/471 470/470/470
f 471/471/471 472/472/472 470/470/470
f 471/471/471 473/473/473 472/472/472
f 473/473/473 474/474/474 472/472/472
f 473/473/473 475/475/475 474/474/474
f 475/475/475 476/476/476 474/474/474
f 475/475/475 477/477/477 476/476/476
f 477/477/477 478/478/478 476/476/476
f 477/477/477 479/479/479 478/478/478
f 479/479/479 480/480/480 478/478/478
f 479/479/479 481/481/481 480/480/480
f 481/481/481 482/482/482 480/480/480
f 481/481/481 483/483/483 482/482/482
f 483/483/483 484/484/484 482/482/482
f 483/483/483 485/485/485 484/484/484
f 485/485/485 486/486/486 484/484/484
f 489/489/489 488/488/488 487/487/487
f 488/488/488 490/490/490 487/487/487
f 487/487/487 490/490/490 491/491/491
f 490/490/490 492/492/492 491/491/491
f 491/491/491 492/492/492 493/493/493
f 492/492/492 494/494/494 493/493/493
f 493/493/493 494/494/494 495/495/495
f 496/496/496 493/493/493 495/495/495
f 496/496/496 495/495/495 497/497/497
f 498/498/498 496/496/496 497/497/497
f 498/498/498 497/497/497 499/499/499
f 500/500/500 498/498/498 499/499/499
f 500/500/500 499/499/499 501/501/501
f 499/499/499 502/502/502 501/501/501
f 501/501/501 502/502/502 503/503/503
f 504/504/504 501/501/501 503/503/503
f 504/504/504 503/503/503 505/505/505
f 506/506/506 504/504/504 505/505/505
f 506/506/506 505/505/505 507/507/507
f 505/505/505 508/508/508 507/507/507
f 507/507/507 508/508/508 509/509/509
f 510/510/510 507/507/507 509/509/509
f 510/510/510 509/509/509 511/511/511
f 509/509/509 512/512/512 511/511/511
f 511/511/511 512/512/512 513/513/513
f 512/512/512 514/514/514 513/513/513
f 513/513/513 514/514/514 515/515/515
f 514/514/514 516/516/516 515/515/515
f 515/515/515 516/516/516 517/517/517
f 516/516/516 518/518/518 517/517/517
f 517/517/517 518/518/518 519/519/519
f 518/518/518 520/520/520 519/519/519
f 519/519/519 520/520/520 521/521/521
f 520/520/520 522/522/522 521/521/521
f 521/521/521 522/522/522 523/523/523
f 522/522/522 524/524/524 523/523/523
f 523/523/523 524/524/524 525/525/525
f 524/524/524 526/526/526 525/525/525
f 525/525/525 526/526/526 527/527/527
f 526/526/526 528/528/528 527/527/527
f 527/527/527 528/528/528 529/529/529
f 528/528/528 530/530/530 529/529/529
f 529/529/529 530/530/530 531/531/531
f 530/530/530 532/532/532 531/531/531
f 531/531/531 532/532/532 533/533/533
f 532/532/532 534/534/534 533/533/533
f 533/533/533 534/534/534 535/535/535
f 534/534/534 536/536/536 535/535/535
f 535/535/535 536/536/536 537/537/537
f 536/536/536 538/538/538 537/537/537
f 538/538/538 539/539/539 537/537/537
f 539/539/539 540/540/540 537/537/537
f 539/539/539 541/541/541 540/540/540
f 541/541/541 542/542/542 540/540/540
f 545/545/545 544/544/544 543/543/543
f 544/544/544 546/546/546 543/543/543
f 546/546/546 544/544/544 547/547/547
f 548/548/548 546/546/546 547/547/547
f 547/547/547 549/549/549 548/548/548
f 549/549/549 550/550/550 548/548/548
f 550/550/550 549/549/549 551/551/551
f 549/549/549 552/552/552 551/551/551
f 551/551/551 552/552/552 553/553/553
f 552/552/552 554/554/554 553/553/553
f 553/553/553 554/554/554 555/555/555
f 554/554/554 556/556/556 555/555/555
f 556/556/556 557/557/557 555/555/555
f 557/557/557 558/558/558 555/555/555
f 558/558/558 557/557/557 559/559/559
f 557/557/557 560/560/560 559/559/559
f 559/559/559 560/560/560 561/561/561
f 560/560/560 562/562/562 561/561/561
f 562/562/562 563/563/563 561/561/561
f 563/563/563 564/564/564 561/561/561
f 564/564/564 563/563/563 565/565/565
f 563/563/563 566/566/566 565/565/565
f 566/566/566 567/567/567 565/565/565
f 567/567/567 568/568/568 565/565/565
f 567/567/567 569/569/569 568/568/568
f 569/569/569 570/570/570 568/568/568
f 569/569/569 571/571/571 570/570/570
f 571/571/571 572/572/572 570/570/570
f 571/571/571 573/573/573 572/572/572
f 573/573/573 574/574/574 572/572/572
f 573/573/573 575/575/575 574/574/574
f 575/575/575 576/576/576 574/574/574
f 575/575/575 577/577/577 576/576/576
f 577/577/577 578/578/578 576/576/576
f 577/577/577 579/579/579 578/578/578
f 579/579/579 580/580/580 578/578/578
f 579/579/579 581/581/581 580/580/580
f 581/581/581 582/582/582 580/580/580
f 581/581/581 583/583/583 582/582/582
f 583/583/583 584/584/584 582/582/582
f 583/583/583 585/585/585 584/584/584
f 585/585/585 586/586/586 584/584/584
f 585/585/585 587/587/587 586/586/586
f 587/587/587 588/588/588 586/586/586
f 587/587/587 589/589/589 588/588/588
f 589/589/589 590/590/590 588/588/588
f 589/589/589 591/591/591 590/590/590
f 591/591/591 592/592/592 590/590/590
f 591/591/591 593/593/593 592/592/592
f 593/593/593 594/594/594 592/592/592
f 593/593/593 595/595/595 594/594/594
f 595/595/595 596/596/596 594/594/594
f 595/595/595 597/597/597 596/596/596
f 597/597/597 598/598/598 596/596/596
f 601/601/601 600/600/600 599/599/599
f 602/602/602 601/601/601 599/599/599
f 602/602/602 599/599/599 603/603/603
f 604/604/604 602/602/602 603/603/603
f 605/605/605 604/604/604 603/603/603
f 606/606/606 605/605/605 603/603/603
f 605/605/605 606/606/606 607/607/607
f 608/608/608 605/605/605 607/607/607
f 608/608/608 607/607/607 609/609/609
f 610/610/610 608/608/608 609/609/609
f 610/610/610 609/609/609 611/611/611
f 612/612/612 610/610/610 611/611/611
f 612/612/612 611/611/611 613/613/613
f 614/614/614 612/612/612 613/613/613
f 614/614/614 613/613/613 615/615/615
f 616/616/616 614/614/614 615/615/615
f 616/616/616 615/615/615 617/617/617
f 618/618/618 616/616/616 617/617/617
f 618/618/618 617/617/617 619/619/619
f 620/620/620 618/618/618 619/619/619
f 620/620/620 619/619/619 621/621/621
f 622/622/622 620/620/620 621/621/621
f 622/622/622 621/621/621 623/623/623
f 624/624/624 622/622/622 623/623/623
f 627/627/627 626/626/626 625/625/625
f 628/628/628 627/627/627 625/625/625
f 629/629/629 627/627/627 628/628/628
f 628/628/628 625/625/625 630/630/630
f 631/631/631 629/629/629 628/628/628
f 632/632/632 628/628/628 630/630/630
f 631/631/631 628/628/628 632/632/632
f 632/632/632 630/630/630 633/633/633
f 634/634/634 631/631/631 632/632/632
f 635/635/635 632/632/632 633/633/633
f 634/634/634 632/632/632 635/635/635
f 635/635/635 633/633/633 636/636/636
f 637/637/637 634/634/634 635/635/635
f 638/638/638 635/635/635 636/636/636
f 637/637/637 635/635/635 638/638/638
f 638/638/638 636/636/636 639/639/639
f 640/640/640 637/637/637 638/638/638
f 641/641/641 638/638/638 639/639/639
f 640/640/640 638/638/638 641/641/641
f 641/641/641 639/639/639 642/642/642
f 643/643/643 640/640/640 641/641/641
f 644/644/644 641/641/641 642/642/642
f 643/643/643 641/641/641 644/644/644
f 644/644/644 642/642/642 645/645/645
f 646/646/646 643/643/643 644/644/644
f 647/647/647 644/644/644 645/645/645
f 646/646/646 644/644/644 647/647/647
f 647/647/647 645/645/645 648/648/648
f 649/649/649 646/646/646 647/647/647
f 650/650/650 647/647/647 648/648/648
f 649/649/649 647/647/647 650/650/650
f 650/650/650 648/648/648 651/651/651
f 652/652/652 649/649/649 650/650/650
f 653/653/653 650/650/650 651/651/651
f 652/652/652 650/650/650 653/653/653
f 653/653/653 651/651/651 654/654/654
f 655/655/655 652/652/652 653/653/653
f 656/656/656 653/653/653 654/654/654
f 655/655/655 653/653/653 656/656/656
f 656/656/656 654/654/654 657/657/657
f 658/658/658 655/655/655 656/656/656
f 659/659/659 656/656/656 657/657/657
f 658/658/658 656/656/656 659/659/659
f 659/659/659 657/657/657 660/660/660
f 661/661/661 658/658/658 659/659/659
f 662/662/662 659/659/659 660/660/660
f 661/661/661 659/659/659 662/662/662
f 663/663/663 661/661/661 662/662/662
f 666/666/666 665/665/665 664/664/664
f 667/667/667 666/666/666 664/664/664
f 667/667/667 664/664/664 668/668/668
f 669/669/669 667/667/667 668/668/668
f 670/670/670 669/669/669 668/668/668
f 671/671/671 670/670/670 668/668/668
f 670/670/670 671/671/671 672/672/672
f 673/673/673 670/670/670 672/672/672
f 673/673/673 672/672/672 674/674/674
f 675/675/675 673/673/673 674/674/674
f 675/675/675 674/674/674 676/676/676
f 677/677/677 675/675/675 676/676/676
f 677/677/677 676/676/676 678/678/678
f 679/679/679 677/677/677 678/678/678
f 679/679/679 678/678/678 680/680/680
f 681/681/681 679/679/679 680/680/680
f 681/681/681 680/680/680 682/682/682
f 683/683/683 681/681/681 682/682/682
f 683/683/683 682/682/682 684/684/684
f 685/685/685 683/683/683 684/684/684
f 685/685/685 684/684/684 686/686/686
f 687/687/687 685/685/685 686/686/686
f 687/687/687 686/686/686 688/688/688
f 689/689/689 687/687/687 688/688/688
f 692/692/692 691/691/691 690/690/690
f 693/693/693 692/692/692 690/690/690
f 693/693/693 690/690/690 694/694/694
f 695/695/695 693/693/693 694/694/694
f 696/696/696 695/695/695 694/694/694
f 697/697/697 696/696/696 694/694/694
f 696/696/696 697/697/697 698/698/698
f 699/699/699 696/696/696 698/698/698
f 699/699/699 698/698/698 700/700/700
f 701/701/701 699/699/699 700/700/700
f 701/701/701 700/700/700 702/702/702
f 703/703/703 701/701/701 702/702/702
f 703/703/703 702/702/702 704/704/704
f 705/705/705 703/703/703 704/704/704
f 705/705/705 704/704/704 706/706/706
f 707/707/707 705/705/705 706/706/706
f 707/707/707 706/706/706 708/708/708
f 709/709/709 707/707/707 708/708/708
f 709/709/709 708/708/708 710/710/710
f 711/711/711 709/709/709 710/710/710
f 711/711/711 710/710/710 712/712/712
f 713/713/713 711/711/711 712/712/712
f 713/713/713 712/712/712 714/714/714
f 715/715/715 713/713/713 714/714/714
f 718/718/718 717/717/717 716/716/716
f 719/719/719 718/718/718 716/716/716
f 719/719/719 716/716/716 720/720/720
f 721/721/721 719/719/719 720/720/720
f 722/722/722 721/721/721 720/720/720
f 723/723/723 722/722/722 720/720/720
f 722/722/722 723/723/723 724/724/724
f 725/725/725 722/722/722 724/724/724
f 725/725/725 724/724/724 726/726/726
f 727/727/727 725/725/725 726/726/726
f 727/727/727 726/726/726 728/728/728
f 729/729/729 727/727/727 728/728/728
f 729/729/729 728/728/728 730/730/730
f 731/731/731 729/729/729 730/730/730
f 731/731/731 730/730/730 732/732/732
f 733/733/733 731/731/731 732/732/732
f 733/733/733 732/732/732 734/734/734
f 735/735/735 733/733/733 734/734/734
f 735/735/735 734/734/734 736/736/736
f 737/737/737 735/735/735 736/736/736
f 737/737/737 736/736/736 738/738/738
f 739/739/739 737/737/737 738/738/738
f 739/739/739 738/738/738 740/740/740
f 741/741/741 739/739/739 740/740/740
f 744/744/744 743/743/743 742/742/742
f 745/745/745 744/744/744 742/742/742
f 746/746/746 744/744/744 745/745/745
f 745/745/745 742/742/742 747/747/747
f 748/748/748 746/746/746 745/745/745
f 749/749/749 745/745/745 747/747/747
f 748/748/748 745/745/745 749/749/749
f 749/749/749 747/747/747 750/750/750
f 751/751/751 748/748/748 749/749/749
f 752/752/752 749/749/749 750/750/750
f 751/751/751 749/749/749 752/752/752
f 752/752/752 750/750/750 753/753/753
f 754/754/754 751/751/751 752/752/752
f 755/755/755 752/752/752 753/753/753
f 754/754/754 752/752/752 755/755/755
f 755/755/755 753/753/753 756/756/756
f 757/757/757 754/754/754 755/755/755
f 758/758/758 755/755/755 756/756/756
f 757/757/757 755/755/755 758/758/758
f 758/758/758 756/756/756 759/759/759
f 760/760/760 757/757/757 758/758/758
f 761/761/761 758/758/758 759/759/759
f 760/760/760 758/758/758 761/761/761
f 761/761/761 759/759/759 762/762/762
f 763/763/763 760/760/760 761/761/761
f 764/764/764 761/761/761 762/762/762
f 763/763/763 761/761/761 764/764/764
f 764/764/764 762/762/762 765/765/765
f 766/766/766 763/763/763 764/764/764
f 767/767/767 764/764/764 765/765/765
f 766/766/766 764/764/764 767/767/767
f 767/767/767 765/765/765 768/768/768
f 769/769/769 766/766/766 767/767/767
f 770/770/770 767/767/767 768/768/768
f 769/769/769 767/767/767 770/770/770
f 770/770/770 768/768/768 771/771/771
f 772/772/772 769/769/769 770/770/770
f 773/773/773 770/770/770 771/771/771
f 772/772/772 770/770/770 773/773/773
f 773/773/773 771/771/771 774/774/774
f 775/775/775 772/772/772 773/773/773
f 776/776/776 773/773/773 774/774/774
f 775/775/775 773/773/773 776/776/776
f 776/776/776 774/774/774 777/777/777
f 778/778/778 775/775/775 776/776/776
f 779/779/779 776/776/776 777/777/777
f 778/778/778 776/776/776 779/779/779
f 780/780/780 778/778/778 779/779/779
f 783/783/783 782/782/782 781/781/781
f 784/784/784 783/783/783 781/781/781
f 784/784/784 781/781/781 785/785/785
f 786/786/786 784/784/784 785/785/785
f 787/787/787 786/786/786 785/785/785
f 788/788/788 787/787/787 785/785/785
f 787/787/787 788/788/788 789/789/789
f 790/790/790 787/787/787 789/789/789
f 790/790/790 789/789/789 791/791/791
f 792/792/792 790/790/790 791/791/791
f 792/792/792 791/791/791 793/793/793
f 794/794/794 792/792/792 793/793/793
f 794/794/794 793/793/793 795/795/795
f 796/796/796 794/794/794 795/795/795
f 796/796/796 795/795/795 797/797/797
f 798/798/798 796/796/796 797/797/797
f 798/798/798 797/797/797 799/799/799
f 800/800/800 798/798/798 799/799/799
f 800/800/800 799/799/799 801/801/801
f 802/802/802 800/800/800 801/801/801
f 802/802/802 801/801/801 803/803/803
f 804/804/804 802/802/802 803/803/803
f 804/804/804 803/803/803 805/805/805
f 806/806/806 804/804/804 805/805/805
f 809/809/809 808/808/808 807/807/807
f 810/810/810 809/809/809 807/807/807
f 810/810/810 807/807/807 811/811/811
f 810/810/810 812/812/812 809/809/809
f 812/812/812 813/813/813 809/809/809
f 814/814/814 812/812/812 810/810/810
f 815/815/815 814/814/814 810/810/810
f 815/815/815 810/810/810 811/811/811
f 816/816/816 814/814/814 815/815/815
f 817/817/817 815/815/815 811/811/811
f 817/817/817 816/816/816 815/815/815
f 818/818/818 817/817/817 811/811/811
f 817/817/817 818/818/818 819/819/819
f 817/817/817 820/820/820 816/816/816
f 820/820/820 817/817/817 819/819/819
f 820/820/820 821/821/821 816/816/816
f 820/820/820 819/819/819 822/822/822
f 823/823/823 821/821/821 820/820/820
f 824/824/824 820/820/820 822/822/822
f 824/824/824 823/823/823 820/820/820
f 824/824/824 822/822/822 825/825/825
f 826/826/826 823/823/823 824/824/824
f 827/827/827 824/824/824 825/825/825
f 827/827/827 826/826/826 824/824/824
f 827/827/827 825/825/825 828/828/828
f 829/829/829 826/826/826 827/827/827
f 830/830/830 827/827/827 828/828/828
f 830/830/830 829/829/829 827/827/827
f 830/830/830 828/828/828 831/831/831
f 832/832/832 829/829/829 830/830/830
f 833/833/833 830/830/830 831/831/831
f 833/833/833 832/832/832 830/830/830
f 833/833/833 831/831/831 834/834/834
f 835/835/835 832/832/832 833/833/833
f 836/836/836 833/833/833 834/834/834
f 836/836/836 835/835/835 833/833/833
f 836/836/836 834/834/834 837/837/837
f 838/838/838 835/835/835 836/836/836
f 839/839/839 836/836/836 837/837/837
f 839/839/839 838/838/838 836/836/836
f 839/839/839 837/837/837 840/840/840
f 841/841/841 838/838/838 839/839/839
f 842/842/842 839/839/839 840/840/840
f 842/842/842 841/841/841 839/839/839
f 842/842/842 840/840/840 843/843/843
f 844/844/844 841/841/841 842/842/842
f 845/845/845 842/842/842 843/843/843
f 845/845/845 844/844/844 842/842/842
f 848/848/848 847/847/847 846/846/846
f 849/849/849 848/848/848 846/846/846
f 849/849/849 846/846/846 850/850/850
f 851/851/851 849/849/849 850/850/850
f 852/852/852 851/851/851 850/850/850
f 853/853/853 852/852/852 850/850/850
f 852/852/852 853/853/853 854/854/854
f 855/855/855 852/852/852 854/854/854
f 855/855/855 854/854/854 856/856/856
f 857/857/857 855/855/855 856/856/856
f 857/857/857 856/856/856 858/858/858
f 859/859/859 857/857/857 858/858/858
f 859/859/859 858/858/858 860/860/860
f 861/861/861 859/859/859 860/860/860
f 861/861/861 860/860/860 862/862/862
f 863/863/863 861/861/861 862/862/862
f 863/863/863 862/862/862 864/864/864
f 865/865/865 863/863/863 864/864/864
f 865/865/865 864/864/864 866/866/866
f 867/867/867 865/865/865 866/866/866
f 867/867/867 866/866/866 868/868/868
f 869/869/869 867/867/867 868/868/868
f 869/869/869 868/868/868 870/870/870
f 871/871/871 869/869/869 870/870/870
f 874/874/874 873/873/873 872/872/872
f 875/875/875 874/874/874 872/872/872
f 876/876/876 874/874/874 875/875/875
f 875/875/875 872/872/872 877/877/877
f 878/878/878 876/876/876 875/875/875
f 879/879/879 875/875/875 877/877/877
f 878/878/878 875/875/875 879/879/879
f 879/879/879 877/877/877 880/880/880
f 881/881/881 878/878/878 879/879/879
f 882/882/882 879/879/879 880/880/880
f 881/881/881 879/879/879 882/882/882
f 882/882/882 880/880/880 883/883/883
f 884/884/884 881/881/881 882/882/882
f 885/885/885 882/882/882 883/883/883
f 884/884/884 882/882/882 885/885/885
f 885/885/885 883/883/883 886/886/886
f 887/887/887 884/884/884 885/885/885
f 888/888/888 885/885/885 886/886/886
f 887/887/887 885/885/885 888/888/888
f 888/888/888 886/886/886 889/889/889
f 890/890/890 887/887/887 888/888/888
f 891/891/891 888/888/888 889/889/889
f 890/890/890 888/888/888 891/891/891
f 891/891/891 889/889/889 892/892/892
f 893/893/893 890/890/890 891/891/891
f 894/894/894 891/891/891 892/892/892
f 893/893/893 891/891/891 894/894/894
f 894/894/894 892/892/892 895/895/895
f 896/896/896 893/893/893 894/894/894
f 897/897/897 894/894/894 895/895/895
f 896/896/896 894/894/894 897/897/897
f 897/897/897 895/895/895 898/898/898
f 899/899/899 896/896/896 897/897/897
f 900/900/900 897/897/897 898/898/898
f 899/899/899 897/897/897 900/900/900
f 900/900/900 898/898/898 901/901/901
f 902/902/902 899/899/899 900/900/900
f 903/903/903 900/900/900 901/901/901
f 902/902/902 900/900/900 903/903/903
f 903/903/903 901/901/901 904/904/904
f 905/905/905 902/902/902 903/903/903
f 906/906/906 903/903/903 904/904/904
f 905/905/905 903/903/903 906/906/906
f 906/906/906 904/904/904 907/907/907
f 908/908/908 905/905/905 906/906/906
f 909/909/909 906/906/906 907/907/907
f 908/908/908 906/906/906 909/909/909
f 910/910/910 908/908/908 909/909/909
f 913/913/913 912/912/912 911/911/911
f 914/914/914 913/913/913 911/911/911
f 915/915/915 913/913/913 914/914/914
f 916/916/916 915/915/915 914/914/914
f 917/917/917 915/915/915 916/916/916
f 918/918/918 917/917/917 916/916/916
f 919/919/919 917/917/917 918/918/918
f 920/920/920 919/919/919 918/918/918
f 921/921/921 919/919/919 920/920/920
f 922/922/922 921/921/921 920/920/920
f 923/923/923 921/921/921 922/922/922
f 924/924/924 923/923/923 922/922/922
f 925/925/925 923/923/923 924/924/924
f 926/926/926 925/925/925 924/924/924
f 927/927/927 925/925/925 926/926/926
f 928/928/928 927/927/927 926/926/926
f 929/929/929 927/927/927 928/928/928
f 930/930/930 929/929/929 928/928/928
f 931/931/931 929/929/929 930/930/930
f 932/932/932 931/931/931 930/930/930
f 933/933/933 931/931/931 932/932/932
f 934/934/934 933/933/933 932/932/932
f 935/935/935 933/933/933 934/934/934
f 936/936/936 935/935/935 934/934/934
f 939/939/939 938/938/938 937/937/937
f 940/940/940 939/939/939 937/937/937
f 941/941/941 939/939/939 940/940/940
f 942/942/942 941/941/941 940/940/940
f 943/943/943 941/941/941 942/942/942
f 944/944/944 943/943/943 942/942/942
f 945/945/945 943/943/943 944/944/944
f 946/946/946 945/945/945 944/944/944
f 947/947/947 945/945/945 946/946/946
f 948/948/948 947/947/947 946/946/946
f 949/949/949 947/947/947 948/948/948
f 950/950/950 949/949/949 948/948/948
f 951/951/951 949/949/949 950/950/950
f 952/952/952 951/951/951 950/950/950
f 953/953/953 951/951/951 952/952/952
f 954/954/954 953/953/953 952/952/952
f 955/955/955 953/953/953 954/954/954
f 956/956/956 955/955/955 954/954/954
f 957/957/957 955/955/955 956/956/956
f 958/958/958 957/957/957 956/956/956
f 959/959/959 957/957/957 958/958/958
f 960/960/960 959/959/959 958/958/958
f 961/961/961 959/959/959 960/960/960
f 962/962/962 961/961/961 960/960/960
f 965/965/965 964/964/964 963/963/963
f 966/966/966 965/965/965 963/963/963
f 967/967/967 965/965/965 966/966/966
f 968/968/968 967/967/967 966/966/966
f 969/969/969 967/967/967 968/968/968
f 970/970/970 969/969/969 968/968/968
f 971/971/971 969/969/969 970/970/970
f 972/972/972 971/971/971 970/970/970
f 973/973/973 971/971/971 972/972/972
f 974/974/974 973/973/973 972/972/972
f 975/975/975 973/973/973 974/974/974
f 976/976/976 975/975/975 974/974/974
f 977/977/977 975/975/975 976/976/976
f 978/978/978 977/977/977 976/976/976
f 979/979/979 977/977/977 978/978/978
f 980/980/980 979/979/979 978/978/978
f 981/981/981 979/979/979 980/980/980
f 982/982/982 981/981/981 980/980/980
f 983/983/983 981/981/981 982/982/982
f 984/984/984 983/983/983 982/982/982
f 985/985/985 983/983/983 984/984/984
f 986/986/986 985/985/985 984/984/984
f 987/987/987 985/985/985 986/986/986
f 988/988/988 987/987/987 986/986/986
f 991/991/991 990/990/990 989/989/989
f 992/992/992 991/991/991 989/989/989
f 993/993/993 991/991/991 992/992/992
f 994/994/994 993/993/993 992/992/992
f 995/995/995 993/993/993 994/994/994
f 996/996/996 995/995/995 994/994/994
f 997/997/997 995/995/995 996/996/996
f 998/998/998 997/997/997 996/996/996
f 999/999/999 997/997/997 998/998/998
f 1000/1000/1000 999/999/999 998/998/998
f 1001/1001/1001 999/999/999 1000/1000/1000
f 1002/1002/1002 1001/1001/1001 1000/1000/1000
f 1003/1003/1003 1001/1001/1001 1002/1002/1002
f 1004/1004/1004 1003/1003/1003 1002/1002/1002
f 1005/1005/1005 1003/1003/1003 1004/1004/1004
f 1006/1006/1006 1005/1005/1005 1004/1004/1004
f 1007/1007/1007 1005/1005/1005 1006/1006/1006
f 1008/1008/1008 1007/1007/1007 1006/1006/1006
f 1009/1009/1009 1007/1007/1007 1008/1008/1008
f 1010/1010/1010 1009/1009/1009 1008/1008/1008
f 1011/1011/1011 1009/1009/1009 1010/1010/1010
f 1012/1012/1012 1011/1011/1011 1010/1010/1010
f 1013/1013/1013 1011/1011/1011 1012/1012/1012
f 1014/1014/1014 1013/1013/1013 1012/1012/1012
f 1017/1017/1017 1016/1016/1016 1015/1015/1015
f 1016/1016/1016 1018/1018/1018 1015/1015/1015
f 1018/1018/1018 1016/1016/1016 1019/1019/1019
f 1016/1016/1016 1020/1020/1020 1019/1019/1019
f 1020/1020/1020 1021/1021/1021 1019/1019/1019
f 1021/1021/1021 1022/1022/1022 1019/1019/1019
f 1021/1021/1021 1023/1023/1023 1022/1022/1022
f 1023/1023/1023 1024/1024/1024 1022/1022/1022
f 1023/1023/1023 1025/1025/1025 1024/1024/1024
f 1025/1025/1025 1026/1026/1026 1024/1024/1024
f 1025/1025/1025 1027/1027/1027 1026/1026/1026
f 1027/1027/1027 1028/1028/1028 1026/1026/1026
f 1028/1028/1028 1027/1027/1027 1029/1029/1029
f 1027/1027/1027 1030/1030/1030 1029/1029/1029
f 1030/1030/1030 1031/1031/1031 1029/1029/1029
f 1031/1031/1031 1032/1032/1032 1029/1029/1029
f 1031/1031/1031 1033/1033/1033 1032/1032/1032
f 1033/1033/1033 1034/1034/1034 1032/1032/1032
f 1034/1034/1034 1033/1033/1033 1035/1035/1035
f 1033/1033/1033 1036/1036/1036 1035/1035/1035
f 1036/1036/1036 1037/1037/1037 1035/1035/1035
f 1037/1037/1037 1038/1038/1038 1035/1035/1035
f 1037/1037/1037 1039/1039/1039 1038/1038/1038
f 1039/1039/1039 1040/1040/1040 1038/1038/1038
f 1043/1043/1043 1042/1042/1042 1041/1041/1041
f 1044/1044/1044 1043/1043/1043 1041/1041/1041
f 1044/1044/1044 1041/1041/1041 1045/1045/1045
f 1046/1046/1046 1044/1044/1044 1045/1045/1045
f 1046/1046/1046 1045/1045/1045 1047/1047/1047
f 1045/1045/1045 1048/1048/1048 1047/1047/1047
f 1047/1047/1047 1048/1048/1048 1049/1049/1049
f 1050/1050/1050 1047/1047/1047 1049/1049/1049
f 1050/1050/1050 1049/1049/1049 1051/1051/1051
f 1052/1052/1052 1050/1050/1050 1051/1051/1051
f 1052/1052/1052 1051/1051/1051 1053/1053/1053
f 1054/1054/1054 1052/1052/1052 1053/1053/1053
f 1054/1054/1054 1053/1053/1053 1055/1055/1055
f 1056/1056/1056 1054/1054/1054 1055/1055/1055
f 1056/1056/1056 1055/1055/1055 1057/1057/1057
f 1058/1058/1058 1056/1056/1056 1057/1057/1057
f 1058/1058/1058 1057/1057/1057 1059/1059/1059
f 1060/1060/1060 1058/1058/1058 1059/1059/1059
f 1060/1060/1060 1059/1059/1059 1061/1061/1061
f 1062/1062/1062 1060/1060/1060 1061/1061/1061
f 1062/1062/1062 1061/1061/1061 1063/1063/1063
f 1064/1064/1064 1062/1062/1062 1063/1063/1063
f 1064/1064/1064 1063/1063/1063 1065/1065/1065
f 1066/1066/1066 1064/1064/1064 1065/1065/1065
f 1069/1069/1069 1068/1068/1068 1067/1067/1067
f 1070/1070/1070 1069/1069/1069 1067/1067/1067
f 1071/1071/1071 1069/1069/1069 1070/1070/1070
f 1072/1072/1072 1070/1070/1070 1067/1067/1067
f 1073/1073/1073 1072/1072/1072 1067/1067/1067
f 1072/1072/1072 1074/1074/1074 1070/1070/1070
f 1075/1075/1075 1071/1071/1071 1070/1070/1070
f 1074/1074/1074 1075/1075/1075 1070/1070/1070
f 1076/1076/1076 1071/1071/1071 1075/1075/1075
f 1074/1074/1074 1077/1077/1077 1075/1075/1075
f 1078/1078/1078 1076/1076/1076 1075/1075/1075
f 1077/1077/1077 1078/1078/1078 1075/1075/1075
f 1079/1079/1079 1076/1076/1076 1078/1078/1078
f 1077/1077/1077 1080/1080/1080 1078/1078/1078
f 1081/1081/1081 1079/1079/1079 1078/1078/1078
f 1080/1080/1080 1081/1081/1081 1078/1078/1078
f 1082/1082/1082 1079/1079/1079 1081/1081/1081
f 1080/1080/1080 1083/1083/1083 1081/1081/1081
f 1084/1084/1084 1082/1082/1082 1081/1081/1081
f 1083/1083/1083 1084/1084/1084 1081/1081/1081
f 1085/1085/1085 1082/1082/1082 1084/1084/1084
f 1083/1083/1083 1086/1086/1086 1084/1084/1084
f 1087/1087/1087 1085/1085/1085 1084/1084/1084
f 1086/1086/1086 1087/1087/1087 1084/1084/1084
f 1088/1088/1088 1085/1085/1085 1087/1087/1087
f 1086/1086/1086 1089/1089/1089 1087/1087/1087
f 1090/1090/1090 1088/1088/1088 1087/1087/1087
f 1089/1089/1089 1090/1090/1090 1087/1087/1087
f 1091/1091/1091 1088/1088/1088 1090/1090/1090
f 1089/1089/1089 1092/1092/1092 1090/1090/1090
f 1093/1093/1093 1091/1091/1091 1090/1090/1090
f 1092/1092/1092 1093/1093/1093 1090/1090/1090
f 1094/1094/1094 1091/1091/1091 1093/1093/1093
f 1092/1092/1092 1095/1095/1095 1093/1093/1093
f 1096/1096/1096 1094/1094/1094 1093/1093/1093
f 1095/1095/1095 1096/1096/1096 1093/1093/1093
f 1097/1097/1097 1094/1094/1094 1096/1096/1096
f 1095/1095/1095 1098/1098/1098 1096/1096/1096
f 1099/1099/1099 1097/1097/1097 1096/1096/1096
f 1098/1098/1098 1099/1099/1099 1096/1096/1096
f 1100/1100/1100 1097/1097/1097 1099/1099/1099
f 1098/1098/1098 1101/1101/1101 1099/1099/1099
f 1102/1102/1102 1100/1100/1100 1099/1099/1099
f 1101/1101/1101 1102/1102/1102 1099/1099/1099
f 1103/1103/1103 1100/1100/1100 1102/1102/1102
f 1101/1101/1101 1104/1104/1104 1102/1102/1102
f 1105/1105/1105 1103/1103/1103 1102/1102/1102
f 1104/1104/1104 1105/1105/1105 1102/1102/1102
f 1108/1108/1108 1107/1107/1107 1106/1106/1106
f 1109/1109/1109 1108/1108/1108 1106/1106/1106
f 1109/1109/1109 1106/1106/1106 1110/1110/1110
f 1111/1111/1111 1109/1109/1109 1110/1110/1110
f 1111/1111/1111 1110/1110/1110 1112/1112/1112
f 1110/1110/1110 1113/1113/1113 1112/1112/1112
f 1112/1112/1112 1113/1113/1113 1114/1114/1114
f 1115/1115/1115 1112/1112/1112 1114/1114/1114
f 1115/1115/1115 1114/1114/1114 1116/1116/1116
f 1117/1117/1117 1115/1115/1115 1116/1116/1116
f 1117/1117/1117 1116/1116/1116 1118/1118/1118
f 1119/1119/1119 1117/1117/1117 1118/1118/1118
f 1119/1119/1119 1118/1118/1118 1120/1120/1120
f 1121/1121/1121 1119/1119/1119 1120/1120/1120
f 1121/1121/1121 1120/1120/1120 1122/1122/1122
f 1123/1123/1123 1121/1121/1121 1122/1122/1122
f 1123/1123/1123 1122/1122/1122 1124/1124/1124
f 1125/1125/1125 1123/1123/1123 1124/1124/1124
f 1125/1125/1125 1124/1124/1124 1126/1126/1126
f 1127/1127/1127 1125/1125/1125 1126/1126/1126
f 1127/1127/1127 1126/1126/1126 1128/1128/1128
f 1129/1129/1129 1127/1127/1127 1128/1128/1128
f 1129/1129/1129 1128/1128/1128 1130/1130/1130
f 1131/1131/1131 1129/1129/1129 1130/1130/1130
f 1134/1134/1134 1133/1133/1133 1132/1132/1132
f 1135/1135/1135 1134/1134/1134 1132/1132/1132
f 1135/1135/1135 1132/1132/1132 1136/1136/1136
f 1137/1137/1137 1135/1135/1135 1136/1136/1136
f 1137/1137/1137 1136/1136/1136 1138/1138/1138
f 1136/1136/1136 1139/1139/1139 1138/1138/1138
f 1138/1138/1138 1139/1139/1139 1140/1140/1140
f 1141/1141/1141 1138/1138/1138 1140/1140/1140
f 1141/1141/1141 1140/1140/1140 1142/1142/1142
f 1143/1143/1143 1141/1141/1141 1142/1142/1142
f 1143/1143/1143 1142/1142/1142 1144/1144/1144
f 1145/1145/1145 1143/1143/1143 1144/1144/1144
f 1145/1145/1145 1144/1144/1144 1146/1146/1146
f 1147/1147/1147 1145/1145/1145 1146/1146/1146
f 1147/1147/1147 1146/1146/1146 1148/1148/1148
f 1149/1149/1149 1147/1147/1147 1148/1148/1148
f 1149/1149/1149 1148/1148/1148 1150/1150/1150
f 1151/1151/1151 1149/1149/1149 1150/1150/1150
f 1151/1151/1151 1150/1150/1150 1152/1152/1152
f 1153/1153/1153 1151/1151/1151 1152/1152/1152
f 1153/1153/1153 1152/1152/1152 1154/1154/1154
f 1155/1155/1155 1153/1153/1153 1154/1154/1154
f 1155/1155/1155 1154/1154/1154 1156/1156/1156
f 1157/1157/1157 1155/1155/1155 1156/1156/1156
f 1160/1160/1160 1159/1159/1159 1158/1158/1158
f 1161/1161/1161 1160/1160/1160 1158/1158/1158
f 1161/1161/1161 1158/1158/1158 1162/1162/1162
f 1163/1163/1163 1161/1161/1161 1162/1162/1162
f 1163/1163/1163 1162/1162/1162 1164/1164/1164
f 1162/1162/1162 1165/1165/1165 1164/1164/1164
f 1164/1164/1164 1165/1165/1165 1166/1166/1166
f 1167/1167/1167 1164/1164/1164 1166/1166/1166
f 1167/1167/1167 1166/1166/1166 1168/1168/1168
f 1169/1169/1169 1167/1167/1167 1168/1168/1168
f 1169/1169/1169 1168/1168/1168 1170/1170/1170
f 1171/1171/1171 1169/1169/1169 1170/1170/1170
f 1171/1171/1171 1170/1170/1170 1172/1172/1172
f 1173/1173/1173 1171/1171/1171 1172/1172/1172
f 1173/1173/1173 1172/1172/1172 1174/1174/1174
f 1175/1175/1175 1173/1173/1173 1174/1174/1174
f 1175/1175/1175 1174/1174/1174 1176/1176/1176
f 1177/1177/1177 1175/1175/1175 1176/1176/1176
f 1177/1177/1177 1176/1176/1176 1178/1178/1178
f 1179/1179/1179 1177/1177/1177 1178/1178/1178
f 1179/1179/1179 1178/1178/1178 1180/1180/1180
f 1181/1181/1181 1179/1179/1179 1180/1180/1180
f 1181/1181/1181 1180/1180/1180 1182/1182/1182
f 1183/1183/1183 1181/1181/1181 1182/1182/1182
f 1186/1186/1186 1185/1185/1185 1184/1184/1184
f 1187/1187/1187 1186/1186/1186 1184/1184/1184
f 1188/1188/1188 1186/1186/1186 1187/1187/1187
f 1189/1189/1189 1187/1187/1187 1184/1184/1184
f 1190/1190/1190 1189/1189/1189 1184/1184/1184
f 1189/1189/1189 1191/1191/1191 1187/1187/1187
f 1192/1192/1192 1188/1188/1188 1187/1187/1187
f 1191/1191/1191 1192/1192/1192 1187/1187/1187
f 1193/1193/1193 1188/1188/1188 1192/1192/1192
f 1191/1191/1191 1194/1194/1194 1192/1192/1192
f 1195/1195/1195 1193/1193/1193 1192/1192/1192
f 1194/1194/1194 1195/1195/1195 1192/1192/1192
f 1196/1196/1196 1193/1193/1193 1195/1195/1195
f 1194/1194/1194 1197/1197/1197 1195/1195/1195
f 1198/1198/1198 1196/1196/1196 1195/1195/1195
f 1197/1197/1197 1198/1198/1198 1195/1195/1195
f 1199/1199/1199 1196/1196/1196 1198/1198/1198
f 1197/1197/1197 1200/1200/1200 1198/1198/1198
f 1201/1201/1201 1199/1199/1199 1198/1198/1198
f 1200/1200/1200 1201/1201/1201 1198/1198/1198
f 1202/1202/1202 1199/1199/1199 1201/1201/1201
f 1200/1200/1200 1203/1203/1203 1201/1201/1201
f 1204/1204/1204 1202/1202/1202 1201/1201/1201
f 1203/1203/1203 1204/1204/1204 1201/1201/1201
f 1205/1205/1205 1202/1202/1202 1204/1204/1204
f 1203/1203/1203 1206/1206/1206 1204/1204/1204
f 1207/1207/1207 1205/1205/1205 1204/1204/1204
f 1206/1206/1206 1207/1207/1207 1204/1204/1204
f 1208/1208/1208 1205/1205/1205 1207/1207/1207
f 1206/1206/1206 1209/1209/1209 1207/1207/1207
f 1210/1210/1210 1208/1208/1208 1207/1207/1207
f 1209/1209/1209 1210/1210/1210 1207/1207/1207
f 1211/1211/1211 1208/1208/1208 1210/1210/1210
f 1209/1209/1209 1212/1212/1212 1210/1210/1210
f 1213/1213/1213 1211/1211/1211 1210/1210/1210
f 1212/1212/1212 1213/1213/1213 1210/1210/1210
f 1214/1214/1214 1211/1211/1211 1213/1213/1213
f 1212/1212/1212 1215/1215/1215 1213/1213/1213
f 1216/1216/1216 1214/1214/1214 1213/1213/1213
f 1215/1215/1215 1216/1216/1216 1213/1213/1213
f 1217/1217/1217 1214/1214/1214 1216/1216/1216
f 1215/1215/1215 1218/1218/1218 1216/1216/1216
f 1219/1219/1219 1217/1217/1217 1216/1216/1216
f 1218/1218/1218 1219/1219/1219 1216/1216/1216
f 1220/1220/1220 1217/1217/1217 1219/1219/1219
f 1218/1218/1218 1221/1221/1221 1219/1219/1219
f 1222/1222/1222 1220/1220/1220 1219/1219/1219
f 1221/1221/1221 1222/1222/1222 1219/1219/1219
f 1225/1225/1225 1224/1224/1224 1223/1223/1223
f 1226/1226/1226 1225/1225/1225 1223/1223/1223
f 1226/1226/1226 1223/1223/1223 1227/1227/1227
f 1228/1228/1228 1226/1226/1226 1227/1227/1227
f 1228/1228/1228 1227/1227/1227 1229/1229/1229
f 1227/1227/1227 1230/1230/1230 1229/1229/1229
f 1229/1229/1229 1230/1230/1230 1231/1231/1231
f 1232/1232/1232 1229/1229/1229 1231/1231/1231
f 1232/1232/1232 1231/1231/1231 1233/1233/1233
f 1234/1234/1234 1232/1232/1232 1233/1233/1233
f 1234/1234/1234 1233/1233/1233 1235/1235/1235
f 1236/1236/1236 1234/1234/1234 1235/1235/1235
f 1236/1236/1236 1235/1235/1235 1237/1237/1237
f 1238/1238/1238 1236/1236/1236 1237/1237/1237
f 1238/1238/1238 1237/1237/1237 1239/1239/1239
f 1240/1240/1240 1238/1238/1238 1239/1239/1239
f 1240/1240/1240 1239/1239/1239 1241/1241/1241
f 1242/1242/1242 1240/1240/1240 1241/1241/1241
f 1242/1242/1242 1241/1241/1241 1243/1243/1243
f 1244/1244/1244 1242/1242/1242 1243/1243/1243
f 1244/1244/1244 1243/1243/1243 1245/1245/1245
f 1246/1246/1246 1244/1244/1244 1245/1245/1245
f 1246/1246/1246 1245/1245/1245 1247/1247/1247
f 1248/1248/1248 1246/1246/1246 1247/1247/1247
f 1251/1251/1251 1250/1250/1250 1249/1249/1249
f 1250/1250/1250 1252/1252/1252 1249/1249/1249
f 1253/1253/1253 1249/1249/1249 1252/1252/1252
f 1250/1250/1250 1254/1254/1254 1252/1252/1252
f 1255/1255/1255 1253/1253/1253 1252/1252/1252
f 1254/1254/1254 1256/1256/1256 1252/1252/1252
f 1255/1255/1255 1252/1252/1252 1256/1256/1256
f 1254/1254/1254 1257/1257/1257 1256/1256/1256
f 1258/1258/1258 1255/1255/1255 1256/1256/1256
f 1257/1257/1257 1259/1259/1259 1256/1256/1256
f 1258/1258/1258 1256/1256/1256 1259/1259/1259
f 1257/1257/1257 1260/1260/1260 1259/1259/1259
f 1261/1261/1261 1258/1258/1258 1259/1259/1259
f 1260/1260/1260 1262/1262/1262 1259/1259/1259
f 1261/1261/1261 1259/1259/1259 1262/1262/1262
f 1260/1260/1260 1263/1263/1263 1262/1262/1262
f 1264/1264/1264 1261/1261/1261 1262/1262/1262
f 1263/1263/1263 1265/1265/1265 1262/1262/1262
f 1264/1264/1264 1262/1262/1262 1265/1265/1265
f 1263/1263/1263 1266/1266/1266 1265/1265/1265
f 1267/1267/1267 1264/1264/1264 1265/1265/1265
f 1266/1266/1266 1268/1268/1268 1265/1265/1265
f 1267/1267/1267 1265/1265/1265 1268/1268/1268
f 1266/1266/1266 1269/1269/1269 1268/1268/1268
f 1270/1270/1270 1267/1267/1267 1268/1268/1268
f 1269/1269/1269 1271/1271/1271 1268/1268/1268
f 1270/1270/1270 1268/1268/1268 1271/1271/1271
f 1269/1269/1269 1272/1272/1272 1271/1271/1271
f 1273/1273/1273 1270/1270/1270 1271/1271/1271
f 1272/1272/1272 1274/1274/1274 1271/1271/1271
f 1273/1273/1273 1271/1271/1271 1274/1274/1274
f 1275/1275/1275 1273/1273/1273 1274/1274/1274
f 1272/1272/1272 1276/1276/1276 1274/1274/1274
f 1275/1275/1275 1274/1274/1274 1277/1277/1277
f 1276/1276/1276 1277/1277/1277 1274/1274/1274
f 1278/1278/1278 1275/1275/1275 1277/1277/1277
f 1279/1279/1279 1278/1278/1278 1277/1277/1277
f 1280/1280/1280 1277/1277/1277 1276/1276/1276
f 1280/1280/1280 1279/1279/1279 1277/1277/1277
f 1281/1281/1281 1280/1280/1280 1276/1276/1276
f 1281/1281/1281 1282/1282/1282 1280/1280/1280
f 1279/1279/1279 1280/1280/1280 1283/1283/1283
f 1282/1282/1282 1283/1283/1283 1280/1280/1280
f 1282/1282/1282 1284/1284/1284 1283/1283/1283
f 1285/1285/1285 1279/1279/1279 1283/1283/1283
f 1284/1284/1284 1286/1286/1286 1283/1283/1283
f 1285/1285/1285 1283/1283/1283 1286/1286/1286
f 1287/1287/1287 1285/1285/1285 1286/1286/1286
f 1290/1290/1290 1289/1289/1289 1288/1288/1288
f 1291/1291/1291 1290/1290/1290 1288/1288/1288
f 1291/1291/1291 1288/1288/1288 1292/1292/1292
f 1293/1293/1293 1291/1291/1291 1292/1292/1292
f 1293/1293/1293 1292/1292/1292 1294/1294/1294
f 1292/1292/1292 1295/1295/1295 1294/1294/1294
f 1294/1294/1294 1295/1295/1295 1296/1296/1296
f 1297/1297/1297 1294/1294/1294 1296/1296/1296
f 1297/1297/1297 1296/1296/1296 1298/1298/1298
f 1299/1299/1299 1297/1297/1297 1298/1298/1298
f 1299/1299/1299 1298/1298/1298 1300/1300/1300
f 1301/1301/1301 1299/1299/1299 1300/1300/1300
f 1301/1301/1301 1300/1300/1300 1302/1302/1302
f 1303/1303/1303 1301/1301/1301 1302/1302/1302
f 1303/1303/1303 1302/1302/1302 1304/1304/1304
f 1305/1305/1305 1303/1303/1303 1304/1304/1304
f 1305/1305/1305 1304/1304/1304 1306/1306/1306
f 1307/1307/1307 1305/1305/1305 1306/1306/1306
f 1307/1307/1307 1306/1306/1306 1308/1308/1308
f 1309/1309/1309 1307/1307/1307 1308/1308/1308
f 1309/1309/1309 1308/1308/1308 1310/1310/1310
f 1311/1311/1311 1309/1309/1309 1310/1310/1310
f 1311/1311/1311 1310/1310/1310 1312/1312/1312
f 1313/1313/1313 1311/1311/1311 1312/1312/1312
f 1316/1316/1316 1315/1315/1315 1314/1314/1314
f 1317/1317/1317 1316/1316/1316 1314/1314/1314
f 1318/1318/1318 1316/1316/1316 1317/1317/1317
f 1319/1319/1319 1317/1317/1317 1314/1314/1314
f 1320/1320/1320 1319/1319/1319 1314/1314/1314
f 1319/1319/1319 1321/1321/1321 1317/1317/1317
f 1322/1322/1322 1318/1318/1318 1317/1317/1317
f 1321/1321/1321 1322/1322/1322 1317/1317/1317
f 1323/1323/1323 1318/1318/1318 1322/1322/1322
f 1321/1321/1321 1324/1324/1324 1322/1322/1322
f 1325/1325/1325 1323/1323/1323 1322/1322/1322
f 1324/1324/1324 1325/1325/1325 1322/1322/1322
f 1326/1326/1326 1323/1323/1323 1325/1325/1325
f 1324/1324/1324 1327/1327/1327 1325/1325/1325
f 1328/1328/1328 1326/1326/1326 1325/1325/1325
f 1327/1327/1327 1328/1328/1328 1325/1325/1325
f 1329/1329/1329 1326/1326/1326 1328/1328/1328
f 1327/1327/1327 1330/1330/1330 1328/1328/1328
f 1331/1331/1331 1329/1329/1329 1328/1328/1328
f 1330/1330/1330 1331/1331/1331 1328/1328/1328
f 1332/1332/1332 1329/1329/1329 1331/1331/1331
f 1330/1330/1330 1333/1333/1333 1331/1331/1331
f 1334/1334/1334 1332/1332/1332 1331/1331/1331
f 1333/1333/1333 1334/1334/1334 1331/1331/1331
f 1335/1335/1335 1332/1332/1332 1334/1334/1334
f 1333/1333/1333 1336/1336/1336 1334/1334/1334
f 1337/1337/1337 1335/1335/1335 1334/1334/1334
f 1336/1336/1336 1337/1337/1337 1334/1334/1334
f 1338/1338/1338 1335/1335/1335 1337/1337/1337
f 1336/1336/1336 1339/1339/1339 1337/1337/1337
f 1340/1340/1340 1338/1338/1338 1337/1337/1337
f 1339/1339/1339 1340/1340/1340 1337/1337/1337
f 1341/1341/1341 1338/1338/1338 1340/1340/1340
f 1339/1339/1339 1342/1342/1342 1340/1340/1340
f 1343/1343/1343 1341/1341/1341 1340/1340/1340
f 1342/1342/1342 1343/1343/1343 1340/1340/1340
f 1344/1344/1344 1341/1341/1341 1343/1343/1343
f 1342/1342/1342 1345/1345/1345 1343/1343/1343
f 1346/1346/1346 1344/1344/1344 1343/1343/1343
f 1345/1345/1345 1346/1346/1346 1343/1343/1343
f 1347/1347/1347 1344/1344/1344 1346/1346/1346
f 1345/1345/1345 1348/1348/1348 1346/1346/1346
f 1349/1349/1349 1347/1347/1347 1346/1346/1346
f 1348/1348/1348 1349/1349/1349 1346/1346/1346
f 1350/1350/1350 1347/1347/1347 1349/1349/1349
f 1348/1348/1348 1351/1351/1351 1349/1349/1349
f 1352/1352/1352 1350/1350/1350 1349/1349/1349
f 1351/1351/1351 1352/1352/1352 1349/1349/1349
f 1355/1355/1355 1354/1354/1354 1353/1353/1353
f 1356/1356/1356 1355/1355/1355 1353/1353/1353
f 1356/1356/1356 1353/1353/1353 1357/1357/1357
f 1358/1358/1358 1356/1356/1356 1357/1357/1357
f 1358/1358/1358 1357/1357/1357 1359/1359/1359
f 1357/1357/1357 1360/1360/1360 1359/1359/1359
f 1359/1359/1359 1360/1360/1360 1361/1361/1361
f 1362/1362/1362 1359/1359/1359 1361/1361/1361
f 1362/1362/1362 1361/1361/1361 1363/1363/1363
f 1364/1364/1364 1362/1362/1362 1363/1363/1363
f 1364/1364/1364 1363/1363/1363 1365/1365/1365
f 1366/1366/1366 1364/1364/1364 1365/1365/1365
f 1366/1366/1366 1365/1365/1365 1367/1367/1367
f 1368/1368/1368 1366/1366/1366 1367/1367/1367
f 1368/1368/1368 1367/1367/1367 1369/1369/1369
f 1370/1370/1370 1368/1368/1368 1369/1369/1369
f 1370/1370/1370 1369/1369/1369 1371/1371/1371
f 1372/1372/1372 1370/1370/1370 1371/1371/1371
f 1372/1372/1372 1371/1371/1371 1373/1373/1373
f 1374/1374/1374 1372/1372/1372 1373/1373/1373
f 1374/1374/1374 1373/1373/1373 1375/1375/1375
f 1376/1376/1376 1374/1374/1374 1375/1375/1375
f 1376/1376/1376 1375/1375/1375 1377/1377/1377
f 1378/1378/1378 1376/1376/1376 1377/1377/1377
f 1381/1381/1381 1380/1380/1380 1379/1379/1379
f 1382/1382/1382 1381/1381/1381 1379/1379/1379
f 1382/1382/1382 1379/1379/1379 1383/1383/1383
f 1384/1384/1384 1382/1382/1382 1383/1383/1383
f 1384/1384/1384 1383/1383/1383 1385/1385/1385
f 1386/1386/1386 1384/1384/1384 1385/1385/1385
f 1386/1386/1386 1385/1385/1385 1387/1387/1387
f 1388/1388/1388 1386/1386/1386 1387/1387/1387
f 1388/1388/1388 1387/1387/1387 1389/1389/1389
f 1390/1390/1390 1388/1388/1388 1389/1389/1389
f 1390/1390/1390 1389/1389/1389 1391/1391/1391
f 1392/1392/1392 1390/1390/1390 1391/1391/1391
f 1392/1392/1392 1391/1391/1391 1393/1393/1393
f 1394/1394/1394 1392/1392/1392 1393/1393/1393
f 1394/1394/1394 1393/1393/1393 1395/1395/1395
f 1396/1396/1396 1394/1394/1394 1395/1395/1395
f 1396/1396/1396 1395/1395/1395 1397/1397/1397
f 1398/1398/1398 1396/1396/1396 1397/1397/1397
f 1398/1398/1398 1397/1397/1397 1399/1399/1399
f 1400/1400/1400 1398/1398/1398 1399/1399/1399
f 1400/1400/1400 1399/1399/1399 1401/1401/1401
f 1402/1402/1402 1400/1400/1400 1401/1401/1401
f 1402/1402/1402 1401/1401/1401 1403/1403/1403
f 1404/1404/1404 1402/1402/1402 1403/1403/1403
f 1407/1407/1407 1406/1406/1406 1405/1405/1405
f 1408/1408/1408 1407/1407/1407 1405/1405/1405
f 1408/1408/1408 1405/1405/1405 1409/1409/1409
f 1410/1410/1410 1408/1408/1408 1409/1409/1409
f 1410/1410/1410 1409/1409/1409 1411/1411/1411
f 1412/1412/1412 1410/1410/1410 1411/1411/1411
f 1412/1412/1412 1411/1411/1411 1413/1413/1413
f 1414/1414/1414 1412/1412/1412 1413/1413/1413
f 1414/1414/1414 1413/1413/1413 1415/1415/1415
f 1416/1416/1416 1414/1414/1414 1415/1415/1415
f 1416/1416/1416 1415/1415/1415 1417/1417/1417
f 1418/1418/1418 1416/1416/1416 1417/1417/1417
f 1418/1418/1418 1417/1417/1417 1419/1419/1419
f 1420/1420/1420 1418/1418/1418 1419/1419/1419
f 1420/1420/1420 1419/1419/1419 1421/1421/1421
f 1422/1422/1422 1420/1420/1420 1421/1421/1421
f 1422/1422/1422 1421/1421/1421 1423/1423/1423
f 1424/1424/1424 1422/1422/1422 1423/1423/1423
f 1424/1424/1424 1423/1423/1423 1425/1425/1425
f 1426/1426/1426 1424/1424/1424 1425/1425/1425
f 1426/1426/1426 1425/1425/1425 1427/1427/1427
f 1428/1428/1428 1426/1426/1426 1427/1427/1427
f 1428/1428/1428 1427/1427/1427 1429/1429/1429
f 1430/1430/1430 1428/1428/1428 1429/1429/1429
f 1433/1433/1433 1432/1432/1432 1431/1431/1431
f 1434/1434/1434 1433/1433/1433 1431/1431/1431
f 1434/1434/1434 1431/1431/1431 1435/1435/1435
f 1436/1436/1436 1434/1434/1434 1435/1435/1435
f 1436/1436/1436 1435/1435/1435 1437/1437/1437
f 1438/1438/1438 1436/1436/1436 1437/1437/1437
f 1438/1438/1438 1437/1437/1437 1439/1439/1439
f 1440/1440/1440 1438/1438/1438 1439/1439/1439
f 1440/1440/1440 1439/1439/1439 1441/1441/1441
f 1442/1442/1442 1440/1440/1440 1441/1441/1441
f 1442/1442/1442 1441/1441/1441 1443/1443/1443
f 1444/1444/1444 1442/1442/1442 1443/1443/1443
f 1444/1444/1444 1443/1443/1443 1445/1445/1445
f 1446/1446/1446 1444/1444/1444 1445/1445/1445
f 1446/1446/1446 1445/1445/1445 1447/1447/1447
f 1448/1448/1448 1446/1446/1446 1447/1447/1447
f 1448/1448/1448 1447/1447/1447 1449/1449/1449
f 1450/1450/1450 1448/1448/1448 1449/1449/1449
f 1450/1450/1450 1449/1449/1449 1451/1451/1451
f 1452/1452/1452 1450/1450/1450 1451/1451/1451
f 1452/1452/1452 1451/1451/1451 1453/1453/1453
f 1454/1454/1454 1452/1452/1452 1453/1453/1453
f 1454/1454/1454 1453/1453/1453 1455/1455/1455
f 1456/1456/1456 1454/1454/1454 1455/1455/1455
f 1459/1459/1459 1458/1458/1458 1457/1457/1457
f 1458/1458/1458 1460/1460/1460 1457/1457/1457
f 1460/1460/1460 1458/1458/1458 1461/1461/1461
f 1462/1462/1462 1460/1460/1460 1461/1461/1461
f 1462/1462/1462 1461/1461/1461 1463/1463/1463
f 1464/1464/1464 1462/1462/1462 1463/1463/1463
f 1464/1464/1464 1463/1463/1463 1465/1465/1465
f 1466/1466/1466 1464/1464/1464 1465/1465/1465
f 1466/1466/1466 1465/1465/1465 1467/1467/1467
f 1468/1468/1468 1466/1466/1466 1467/1467/1467
f 1468/1468/1468 1467/1467/1467 1469/1469/1469
f 1470/1470/1470 1468/1468/1468 1469/1469/1469
f 1470/1470/1470 1469/1469/1469 1471/1471/1471
f 1472/1472/1472 1470/1470/1470 1471/1471/1471
f 1472/1472/1472 1471/1471/1471 1473/1473/1473
f 1474/1474/1474 1472/1472/1472 1473/1473/1473
f 1474/1474/1474 1473/1473/1473 1475/1475/1475
f 1476/1476/1476 1474/1474/1474 1475/1475/1475
f 1476/1476/1476 1475/1475/1475 1477/1477/1477
f 1478/1478/1478 1476/1476/1476 1477/1477/1477
f 1478/1478/1478 1477/1477/1477 1479/1479/1479
f 1480/1480/1480 1478/1478/1478 1479/1479/1479
f 1480/1480/1480 1479/1479/1479 1481/1481/1481
f 1482/1482/1482 1480/1480/1480 1481/1481/1481
f 1482/1482/1482 1481/1481/1481 1483/1483/1483
f 1484/1484/1484 1482/1482/1482 1483/1483/1483
f 1484/1484/1484 1483/1483/1483 1485/1485/1485
f 1486/1486/1486 1484/1484/1484 1485/1485/1485
f 1486/1486/1486 1485/1485/1485 1487/1487/1487
f 1488/1488/1488 1486/1486/1486 1487/1487/1487
f 1489/1489/1489 1488/1488/1488 1487/1487/1487
f 1490/1490/1490 1489/1489/1489 1487/1487/1487
f 1490/1490/1490 1491/1491/1491 1489/1489/1489
f 1491/1491/1491 1492/1492/1492 1489/1489/1489
f 1493/1493/1493 1492/1492/1492 1491/1491/1491
f 1494/1494/1494 1493/1493/1493 1491/1491/1491
f 1493/1493/1493 1494/1494/1494 1495/1495/1495
f 1496/1496/1496 1493/1493/1493 1495/1495/1495
f 1496/1496/1496 1495/1495/1495 1497/1497/1497
f 1498/1498/1498 1496/1496/1496 1497/1497/1497
f 1498/1498/1498 1497/1497/1497 1499/1499/1499
f 1500/1500/1500 1498/1498/1498 1499/1499/1499
f 1499/1499/1499 1501/1501/1501 1500/1500/1500
f 1501/1501/1501 1502/1502/1502 1500/1500/1500
f 1503/1503/1503 1502/1502/1502 1501/1501/1501
f 1504/1504/1504 1503/1503/1503 1501/1501/1501
f 1503/1503/1503 1504/1504/1504 1505/1505/1505
f 1506/1506/1506 1503/1503/1503 1505/1505/1505
f 1505/1505/1505 1507/1507/1507 1506/1506/1506
f 1507/1507/1507 1508/1508/1508 1506/1506/1506
f 1508/1508/1508 1507/1507/1507 1509/1509/1509
f 1510/1510/1510 1508/1508/1508 1509/1509/1509
f 1511/1511/1511 1510/1510/1510 1509/1509/1509
f 1512/1512/1512 1511/1511/1511 1509/1509/1509
f 1515/1515/1515 1514/1514/1514 1513/1513/1513
f 1514/1514/1514 1516/1516/1516 1513/1513/1513
f 1516/1516/1516 1514/1514/1514 1517/1517/1517
f 1518/1518/1518 1516/1516/1516 1517/1517/1517
f 1519/1519/1519 1518/1518/1518 1517/1517/1517
f 1520/1520/1520 1519/1519/1519 1517/1517/1517
f 1521/1521/1521 1519/1519/1519 1520/1520/1520
f 1522/1522/1522 1521/1521/1521 1520/1520/1520
f 1523/1523/1523 1521/1521/1521 1522/1522/1522
f 1524/1524/1524 1523/1523/1523 1522/1522/1522
f 1525/1525/1525 1523/1523/1523 1524/1524/1524
f 1526/1526/1526 1525/1525/1525 1524/1524/1524
f 1527/1527/1527 1525/1525/1525 1526/1526/1526
f 1528/1528/1528 1527/1527/1527 1526/1526/1526
f 1529/1529/1529 1527/1527/1527 1528/1528/1528
f 1530/1530/1530 1529/1529/1529 1528/1528/1528
f 1531/1531/1531 1529/1529/1529 1530/1530/1530
f 1532/1532/1532 1531/1531/1531 1530/1530/1530
f 1533/1533/1533 1531/1531/1531 1532/1532/1532
f 1534/1534/1534 1533/1533/1533 1532/1532/1532
f 1535/1535/1535 1533/1533/1533 1534/1534/1534
f 1536/1536/1536 1535/1535/1535 1534/1534/1534
f 1537/1537/1537 1535/1535/1535 1536/1536/1536
f 1538/1538/1538 1537/1537/1537 1536/1536/1536
f 1539/1539/1539 1537/1537/1537 1538/1538/1538
f 1540/1540/1540 1539/1539/1539 1538/1538/1538
f 1541/1541/1541 1539/1539/1539 1540/1540/1540
f 1542/1542/1542 1541/1541/1541 1540/1540/1540
f 1543/1543/1543 1541/1541/1541 1542/1542/1542
f 1544/1544/1544 1543/1543/1543 1542/1542/1542
f 1545/1545/1545 1543/1543/1543 1544/1544/1544
f 1546/1546/1546 1545/1545/1545 1544/1544/1544
f 1546/1546/1546 1547/1547/1547 1545/1545/1545
f 1547/1547/1547 1548/1548/1548 1545/1545/1545
f 1549/1549/1549 1548/1548/1548 1547/1547/1547
f 1550/1550/1550 1549/1549/1549 1547/1547/1547
f 1550/1550/1550 1551/1551/1551 1549/1549/1549
f 1551/1551/1551 1552/1552/1552 1549/1549/1549
f 1551/1551/1551 1553/1553/1553 1552/1552/1552
f 1553/1553/1553 1554/1554/1554 1552/1552/1552
f 1555/1555/1555 1554/1554/1554 1553/1553/1553
f 1556/1556/1556 1555/1555/1555 1553/1553/1553
f 1556/1556/1556 1557/1557/1557 1555/1555/1555
f 1557/1557/1557 1558/1558/1558 1555/1555/1555
f 1557/1557/1557 1559/1559/1559 1558/1558/1558
f 1559/1559/1559 1560/1560/1560 1558/1558/1558
f 1559/1559/1559 1561/1561/1561 1560/1560/1560
f 1561/1561/1561 1562/1562/1562 1560/1560/1560
f 1563/1563/1563 1562/1562/1562 1561/1561/1561
f 1564/1564/1564 1563/1563/1563 1561/1561/1561
f 1565/1565/1565 1563/1563/1563 1564/1564/1564
f 1566/1566/1566 1565/1565/1565 1564/1564/1564
f 1567/1567/1567 1565/1565/1565 1566/1566/1566
f 1568/1568/1568 1567/1567/1567 1566/1566/1566
f 1571/1571/1571 1570/1570/1570 1569/1569/1569
f 1570/1570/1570 1572/1572/1572 1569/1569/1569
f 1572/1572/1572 1570/1570/1570 1573/1573/1573
f 1574/1574/1574 1572/1572/1572 1573/1573/1573
f 1574/1574/1574 1573/1573/1573 1575/1575/1575
f 1576/1576/1576 1574/1574/1574 1575/1575/1575
f 1576/1576/1576 1575/1575/1575 1577/1577/1577
f 1578/1578/1578 1576/1576/1576 1577/1577/1577
f 1578/1578/1578 1577/1577/1577 1579/1579/1579
f 1580/1580/1580 1578/1578/1578 1579/1579/1579
f 1580/1580/1580 1579/1579/1579 1581/1581/1581
f 1582/1582/1582 1580/1580/1580 1581/1581/1581
f 1582/1582/1582 1581/1581/1581 1583/1583/1583
f 1584/1584/1584 1582/1582/1582 1583/1583/1583
f 1584/1584/1584 1583/1583/1583 1585/1585/1585
f 1586/1586/1586 1584/1584/1584 1585/1585/1585
f 1586/1586/1586 1585/1585/1585 1587/1587/1587
f 1588/1588/1588 1586/1586/1586 1587/1587/1587
f 1588/1588/1588 1587/1587/1587 1589/1589/1589
f 1590/1590/1590 1588/1588/1588 1589/1589/1589
f 1590/1590/1590 1589/1589/1589 1591/1591/1591
f 1592/1592/1592 1590/1590/1590 1591/1591/1591
f 1592/1592/1592 1591/1591/1591 1593/1593/1593
f 1594/1594/1594 1592/1592/1592 1593/1593/1593
f 1594/1594/1594 1593/1593/1593 1595/1595/1595
f 1596/1596/1596 1594/1594/1594 1595/1595/1595
f 1596/1596/1596 1595/1595/1595 1597/1597/1597
f 1598/1598/1598 1596/1596/1596 1597/1597/1597
f 1598/1598/1598 1597/1597/1597 1599/1599/1599
f 1600/1600/1600 1598/1598/1598 1599/1599/1599
f 1600/1600/1600 1599/1599/1599 1601/1601/1601
f 1602/1602/1602 1600/1600/1600 1601/1601/1601
f 1603/1603/1603 1602/1602/1602 1601/1601/1601
f 1604/1604/1604 1603/1603/1603 1601/1601/1601
f 1603/1603/1603 1604/1604/1604 1605/1605/1605
f 1606/1606/1606 1603/1603/1603 1605/1605/1605
f 1607/1607/1607 1606/1606/1606 1605/1605/1605
f 1608/1608/1608 1607/1607/1607 1605/1605/1605
f 1609/1609/1609 1607/1607/1607 1608/1608/1608
f 1610/1610/1610 1609/1609/1609 1608/1608/1608
f 1609/1609/1609 1610/1610/1610 1611/1611/1611
f 1612/1612/1612 1609/1609/1609 1611/1611/1611
f 1613/1613/1613 1612/1612/1612 1611/1611/1611
f 1614/1614/1614 1613/1613/1613 1611/1611/1611
f 1615/1615/1615 1613/1613/1613 1614/1614/1614
f 1616/1616/1616 1615/1615/1615 1614/1614/1614
f 1617/1617/1617 1615/1615/1615 1616/1616/1616
f 1618/1618/1618 1617/1617/1617 1616/1616/1616
f 1617/1617/1617 1618/1618/1618 1619/1619/1619
f 1620/1620/1620 1617/1617/1617 1619/1619/1619
f 1620/1620/1620 1619/1619/1619 1621/1621/1621
f 1622/1622/1622 1620/1620/1620 1621/1621/1621
f 1621/1621/1621 1623/1623/1623 1622/1622/1622
f 1623/1623/1623 1624/1624/1624 1622/1622/1622
f 1627/1627/1627 1626/1626/1626 1625/1625/1625
f 1626/1626/1626 1628/1628/1628 1625/1625/1625
f 1625/1625/1625 1628/1628/1628 1629/1629/1629
f 1628/1628/1628 1630/1630/1630 1629/1629/1629
f 1631/1631/1631 1629/1629/1629 1630/1630/1630
f 1632/1632/1632 1631/1631/1631 1630/1630/1630
f 1631/1631/1631 1632/1632/1632 1633/1633/1633
f 1634/1634/1634 1631/1631/1631 1633/1633/1633
f 1634/1634/1634 1633/1633/1633 1635/1635/1635
f 1636/1636/1636 1634/1634/1634 1635/1635/1635
f 1636/1636/1636 1635/1635/1635 1637/1637/1637
f 1638/1638/1638 1636/1636/1636 1637/1637/1637
f 1638/1638/1638 1637/1637/1637 1639/1639/1639
f 1640/1640/1640 1638/1638/1638 1639/1639/1639
f 1640/1640/1640 1639/1639/1639 1641/1641/1641
f 1642/1642/1642 1640/1640/1640 1641/1641/1641
f 1642/1642/1642 1641/1641/1641 1643/1643/1643
f 1644/1644/1644 1642/1642/1642 1643/1643/1643
f 1644/1644/1644 1643/1643/1643 1645/1645/1645
f 1646/1646/1646 1644/1644/1644 1645/1645/1645
f 1646/1646/1646 1645/1645/1645 1647/1647/1647
f 1648/1648/1648 1646/1646/1646 1647/1647/1647
f 1648/1648/1648 1647/1647/1647 1649/1649/1649
f 1650/1650/1650 1648/1648/1648 1649/1649/1649
f 1650/1650/1650 1649/1649/1649 1651/1651/1651
f 1649/1649/1649 1652/1652/1652 1651/1651/1651
f 1651/1651/1651 1652/1652/1652 1653/1653/1653
f 1652/1652/1652 1654/1654/1654 1653/1653/1653
f 1653/1653/1653 1654/1654/1654 1655/1655/1655
f 1654/1654/1654 1656/1656/1656 1655/1655/1655
f 1655/1655/1655 1656/1656/1656 1657/1657/1657
f 1656/1656/1656 1658/1658/1658 1657/1657/1657
f 1657/1657/1657 1658/1658/1658 1659/1659/1659
f 1658/1658/1658 1660/1660/1660 1659/1659/1659
f 1659/1659/1659 1660/1660/1660 1661/1661/1661
f 1660/1660/1660 1662/1662/1662 1661/1661/1661
f 1661/1661/1661 1662/1662/1662 1663/1663/1663
f 1662/1662/1662 1664/1664/1664 1663/1663/1663
f 1663/1663/1663 1664/1664/1664 1665/1665/1665
f 1664/1664/1664 1666/1666/1666 1665/1665/1665
f 1665/1665/1665 1666/1666/1666 1667/1667/1667
f 1666/1666/1666 1668/1668/1668 1667/1667/1667
f 1667/1667/1667 1668/1668/1668 1669/1669/1669
f 1668/1668/1668 1670/1670/1670 1669/1669/1669
f 1669/1669/1669 1670/1670/1670 1671/1671/1671
f 1670/1670/1670 1672/1672/1672 1671/1671/1671
f 1671/1671/1671 1672/1672/1672 1673/1673/1673
f 1672/1672/1672 1674/1674/1674 1673/1673/1673
f 1673/1673/1673 1674/1674/1674 1675/1675/1675
f 1674/1674/1674 1676/1676/1676 1675/1675/1675
f 1676/1676/1676 1677/1677/1677 1675/1675/1675
f 1677/1677/1677 1678/1678/1678 1675/1675/1675
f 1677/1677/1677 1679/1679/1679 1678/1678/1678
f 1679/1679/1679 1680/1680/1680 1678/1678/1678
f 1683/1683/1683 1682/1682/1682 1681/1681/1681
f 1684/1684/1684 1683/1683/1683 1681/1681/1681
f 1681/1681/1681 1685/1685/1685 1684/1684/1684
f 1685/1685/1685 1686/1686/1686 1684/1684/1684
f 1685/1685/1685 1687/1687/1687 1686/1686/1686
f 1687/1687/1687 1688/1688/1688 1686/1686/1686
f 1689/1689/1689 1688/1688/1688 1687/1687/1687
f 1690/1690/1690 1689/1689/1689 1687/1687/1687
f 1691/1691/1691 1689/1689/1689 1690/1690/1690
f 1692/1692/1692 1691/1691/1691 1690/1690/1690
f 1693/1693/1693 1691/1691/1691 1692/1692/1692
f 1694/1694/1694 1693/1693/1693 1692/1692/1692
f 1695/1695/1695 1693/1693/1693 1694/1694/1694
f 1696/1696/1696 1695/1695/1695 1694/1694/1694
f 1697/1697/1697 1695/1695/1695 1696/1696/1696
f 1698/1698/1698 1697/1697/1697 1696/1696/1696
f 1699/1699/1699 1697/1697/1697 1698/1698/1698
f 1700/1700/1700 1699/1699/1699 1698/1698/1698
f 1701/1701/1701 1699/1699/1699 1700/1700/1700
f 1702/1702/1702 1701/1701/1701 1700/1700/1700
f 1703/1703/1703 1701/1701/1701 1702/1702/1702
f 1704/1704/1704 1703/1703/1703 1702/1702/1702
f 1705/1705/1705 1703/1703/1703 1704/1704/1704
f 1706/1706/1706 1705/1705/1705 1704/1704/1704
f 1706/1706/1706 1707/1707/1707 1705/1705/1705
f 1707/1707/1707 1708/1708/1708 1705/1705/1705
f 1707/1707/1707 1709/1709/1709 1708/1708/1708
f 1709/1709/1709 1710/1710/1710 1708/1708/1708
f 1709/1709/1709 1711/1711/1711 1710/1710/1710
f 1711/1711/1711 1712/1712/1712 1710/1710/1710
f 1711/1711/1711 1713/1713/1713 1712/1712/1712
f 1713/1713/1713 1714/1714/1714 1712/1712/1712
f 1713/1713/1713 1715/1715/1715 1714/1714/1714
f 1715/1715/1715 1716/1716/1716 1714/1714/1714
f 1715/1715/1715 1717/1717/1717 1716/1716/1716
f 1717/1717/1717 1718/1718/1718 1716/1716/1716
f 1717/1717/1717 1719/1719/1719 1718/1718/1718
f 1719/1719/1719 1720/1720/1720 1718/1718/1718
f 1719/1719/1719 1721/1721/1721 1720/1720/1720
f 1721/1721/1721 1722/1722/1722 1720/1720/1720
f 1721/1721/1721 1723/1723/1723 1722/1722/1722
f 1723/1723/1723 1724/1724/1724 1722/1722/1722
f 1723/1723/1723 1725/1725/1725 1724/1724/1724
f 1725/1725/1725 1726/1726/1726 1724/1724/1724
f 1725/1725/1725 1727/1727/1727 1726/1726/1726
f 1727/1727/1727 1728/1728/1728 1726/1726/1726
f 1727/1727/1727 1729/1729/1729 1728/1728/1728
f 1729/1729/1729 1730/1730/1730 1728/1728/1728
f 1729/1729/1729 1731/1731/1731 1730/1730/1730
f 1731/1731/1731 1732/1732/1732 1730/1730/1730
f 1731/1731/1731 1733/1733/1733 1732/1732/1732
f 1733/1733/1733 1734/1734/1734 1732/1732/1732
f 1733/1733/1733 1735/1735/1735 1734/1734/1734
f 1735/1735/1735 1736/1736/1736 1734/1734/1734
f 1739/1739/1739 1738/1738/1738 1737/1737/1737
f 1740/1740/1740 1739/1739/1739 1737/1737/1737
f 1741/1741/1741 1739/1739/1739 1740/1740/1740
f 1740/1740/1740 1737/1737/1737 1742/1742/1742
f 1743/1743/1743 1741/1741/1741 1740/1740/1740
f 1744/1744/1744 1740/1740/1740 1742/1742/1742
f 1743/1743/1743 1740/1740/1740 1744/1744/1744
f 1744/1744/1744 1742/1742/1742 1745/1745/1745
f 1746/1746/1746 1743/1743/1743 1744/1744/1744
f 1747/1747/1747 1744/1744/1744 1745/1745/1745
f 1746/1746/1746 1744/1744/1744 1747/1747/1747
f 1747/1747/1747 1745/1745/1745 1748/1748/1748
f 1749/1749/1749 1746/1746/1746 1747/1747/1747
f 1750/1750/1750 1747/1747/1747 1748/1748/1748
f 1749/1749/1749 1747/1747/1747 1750/1750/1750
f 1750/1750/1750 1748/1748/1748 1751/1751/1751
f 1752/1752/1752 1749/1749/1749 1750/1750/1750
f 1753/1753/1753 1750/1750/1750 1751/1751/1751
f 1752/1752/1752 1750/1750/1750 1753/1753/1753
f 1753/1753/1753 1751/1751/1751 1754/1754/1754
f 1755/1755/1755 1752/1752/1752 1753/1753/1753
f 1756/1756/1756 1753/1753/1753 1754/1754/1754
f 1755/1755/1755 1753/1753/1753 1756/1756/1756
f 1756/1756/1756 1754/1754/1754 1757/1757/1757
f 1758/1758/1758 1755/1755/1755 1756/1756/1756
f 1759/1759/1759 1756/1756/1756 1757/1757/1757
f 1758/1758/1758 1756/1756/1756 1759/1759/1759
f 1759/1759/1759 1757/1757/1757 1760/1760/1760
f 1761/1761/1761 1758/1758/1758 1759/1759/1759
f 1762/1762/1762 1759/1759/1759 1760/1760/1760
f 1761/1761/1761 1759/1759/1759 1762/1762/1762
f 1762/1762/1762 1760/1760/1760 1763/1763/1763
f 1764/1764/1764 1761/1761/1761 1762/1762/1762
f 1765/1765/1765 1762/1762/1762 1763/1763/1763
f 1764/1764/1764 1762/1762/1762 1765/1765/1765
f 1765/1765/1765 1763/1763/1763 1766/1766/1766
f 1767/1767/1767 1764/1764/1764 1765/1765/1765
f 1768/1768/1768 1765/1765/1765 1766/1766/1766
f 1767/1767/1767 1765/1765/1765 1768/1768/1768
f 1768/1768/1768 1766/1766/1766 1769/1769/1769
f 1770/1770/1770 1767/1767/1767 1768/1768/1768
f 1771/1771/1771 1768/1768/1768 1769/1769/1769
f 1770/1770/1770 1768/1768/1768 1771/1771/1771
f 1771/1771/1771 1769/1769/1769 1772/1772/1772
f 1773/1773/1773 1770/1770/1770 1771/1771/1771
f 1774/1774/1774 1771/1771/1771 1772/1772/1772
f 1773/1773/1773 1771/1771/1771 1774/1774/1774
f 1774/1774/1774 1772/1772/1772 1775/1775/1775
f 1776/1776/1776 1773/1773/1773 1774/1774/1774
f 1777/1777/1777 1774/1774/1774 1775/1775/1775
f 1776/1776/1776 1774/1774/1774 1777/1777/1777
f 1777/1777/1777 1775/1775/1775 1778/1778/1778
f 1779/1779/1779 1776/1776/1776 1777/1777/1777
f 1780/1780/1780 1777/1777/1777 1778/1778/1778
f 1779/1779/1779 1777/1777/1777 1780/1780/1780
f 1780/1780/1780 1778/1778/1778 1781/1781/1781
f 1782/1782/1782 1779/1779/1779 1780/1780/1780
f 1783/1783/1783 1780/1780/1780 1781/1781/1781
f 1782/1782/1782 1780/1780/1780 1783/1783/1783
f 1781/1781/1781 1784/1784/1784 1783/1783/1783
f 1785/1785/1785 1782/1782/1782 1783/1783/1783
f 1784/1784/1784 1786/1786/1786 1783/1783/1783
f 1783/1783/1783 1786/1786/1786 1785/1785/1785
f 1786/1786/1786 1787/1787/1787 1785/1785/1785
f 1784/1784/1784 1788/1788/1788 1786/1786/1786
f 1789/1789/1789 1787/1787/1787 1786/1786/1786
f 1788/1788/1788 1790/1790/1790 1786/1786/1786
f 1790/1790/1790 1789/1789/1789 1786/1786/1786
f 1788/1788/1788 1791/1791/1791 1790/1790/1790
f 1790/1790/1790 1792/1792/1792 1789/1789/1789
f 1791/1791/1791 1792/1792/1792 1790/1790/1790
f 1792/1792/1792 1793/1793/1793 1789/1789/1789
f 1792/1792/1792 1791/1791/1791 1794/1794/1794
f 1793/1793/1793 1792/1792/1792 1794/1794/1794
f 1791/1791/1791 1795/1795/1795 1794/1794/1794
f 1796/1796/1796 1793/1793/1793 1794/1794/1794
f 1794/1794/1794 1795/1795/1795 1797/1797/1797
f 1796/1796/1796 1794/1794/1794 1797/1797/1797
f 1795/1795/1795 1798/1798/1798 1797/1797/1797
f 1797/1797/1797 1798/1798/1798 1799/1799/1799
f 1800/1800/1800 1796/1796/1796 1797/1797/1797
f 1800/1800/1800 1797/1797/1797 1799/1799/1799
f 1798/1798/1798 1801/1801/1801 1799/1799/1799
f 1802/1802/1802 1800/1800/1800 1799/1799/1799
f 1801/1801/1801 1803/1803/1803 1799/1799/1799
f 1804/1804/1804 1802/1802/1802 1799/1799/1799
f 1803/1803/1803 1805/1805/1805 1799/1799/1799
f 1805/1805/1805 1804/1804/1804 1799/1799/1799
f 1803/1803/1803 1806/1806/1806 1805/1805/1805
f 1805/1805/1805 1807/1807/1807 1804/1804/1804
f 1806/1806/1806 1807/1807/1807 1805/1805/1805
f 1807/1807/1807 1806/1806/1806 1808/1808/1808
f 1807/1807/1807 1809/1809/1809 1804/1804/1804
f 1809/1809/1809 1807/1807/1807 1808/1808/1808
f 1806/1806/1806 1810/1810/1810 1808/1808/1808
f 1811/1811/1811 1809/1809/1809 1808/1808/1808
f 1810/1810/1810 1812/1812/1812 1808/1808/1808
f 1813/1813/1813 1811/1811/1811 1808/1808/1808
f 1812/1812/1812 1814/1814/1814 1808/1808/1808
f 1814/1814/1814 1813/1813/1813 1808/1808/1808
f 1815/1815/1815 1814/1814/1814 1812/1812/1812
f 1813/1813/1813 1814/1814/1814 1815/1815/1815
f 1816/1816/1816 1815/1815/1815 1812/1812/1812
f 1817/1817/1817 1813/1813/1813 1815/1815/1815
f 1816/1816/1816 1818/1818/1818 1815/1815/1815
f 1819/1819/1819 1817/1817/1817 1815/1815/1815
f 1818/1818/1818 1820/1820/1820 1815/1815/1815
f 1820/1820/1820 1819/1819/1819 1815/1815/1815
f 1823/1823/1823 1822/1822/1822 1821/1821/1821
f 1822/1822/1822 1824/1824/1824 1821/1821/1821
f 1821/1821/1821 1824/1824/1824 1825/1825/1825
f 1822/1822/1822 1826/1826/1826 1824/1824/1824
f 1824/1824/1824 1827/1827/1827 1825/1825/1825
f 1825/1825/1825 1827/1827/1827 1828/1828/1828
f 1826/1826/1826 1829/1829/1829 1824/1824/1824
f 1824/1824/1824 1829/1829/1829 1827/1827/1827
f 1826/1826/1826 1830/1830/1830 1829/1829/1829
f 1827/1827/1827 1831/1831/1831 1828/1828/1828
f 1828/1828/1828 1831/1831/1831 1832/1832/1832
f 1829/1829/1829 1833/1833/1833 1827/1827/1827
f 1827/1827/1827 1833/1833/1833 1831/1831/1831
f 1830/1830/1830 1834/1834/1834 1829/1829/1829
f 1829/1829/1829 1834/1834/1834 1833/1833/1833
f 1834/1834/1834 1830/1830/1830 1835/1835/1835
f 1831/1831/1831 1836/1836/1836 1832/1832/1832
f 1832/1832/1832 1836/1836/1836 1837/1837/1837
f 1833/1833/1833 1838/1838/1838 1831/1831/1831
f 1831/1831/1831 1838/1838/1838 1836/1836/1836
f 1839/1839/1839 1834/1834/1834 1835/1835/1835
f 1839/1839/1839 1835/1835/1835 1840/1840/1840
f 1834/1834/1834 1841/1841/1841 1833/1833/1833
f 1833/1833/1833 1841/1841/1841 1838/1838/1838
f 1841/1841/1841 1834/1834/1834 1839/1839/1839
f 1836/1836/1836 1842/1842/1842 1837/1837/1837
f 1837/1837/1837 1842/1842/1842 1843/1843/1843
f 1844/1844/1844 1839/1839/1839 1840/1840/1840
f 1844/1844/1844 1840/1840/1840 1845/1845/1845
f 1838/1838/1838 1846/1846/1846 1836/1836/1836
f 1836/1836/1836 1846/1846/1846 1842/1842/1842
f 1847/1847/1847 1841/1841/1841 1839/1839/1839
f 1847/1847/1847 1839/1839/1839 1844/1844/1844
f 1841/1841/1841 1848/1848/1848 1838/1838/1838
f 1838/1838/1838 1848/1848/1848 1846/1846/1846
f 1848/1848/1848 1841/1841/1841 1847/1847/1847
f 1842/1842/1842 1849/1849/1849 1843/1843/1843
f 1843/1843/1843 1849/1849/1849 1850/1850/1850
f 1851/1851/1851 1844/1844/1844 1845/1845/1845
f 1851/1851/1851 1845/1845/1845 1852/1852/1852
f 1846/1846/1846 1853/1853/1853 1842/1842/1842
f 1842/1842/1842 1853/1853/1853 1849/1849/1849
f 1854/1854/1854 1847/1847/1847 1844/1844/1844
f 1854/1854/1854 1844/1844/1844 1851/1851/1851
f 1855/1855/1855 1848/1848/1848 1847/1847/1847
f 1855/1855/1855 1847/1847/1847 1854/1854/1854
f 1848/1848/1848 1856/1856/1856 1846/1846/1846
f 1846/1846/1846 1856/1856/1856 1853/1853/1853
f 1856/1856/1856 1848/1848/1848 1855/1855/1855
f 1849/1849/1849 1857/1857/1857 1850/1850/1850
f 1850/1850/1850 1857/1857/1857 1858/1858/1858
f 1859/1859/1859 1851/1851/1851 1852/1852/1852
f 1859/1859/1859 1852/1852/1852 1860/1860/1860
f 1861/1861/1861 1859/1859/1859 1860/1860/1860
f 1862/1862/1862 1854/1854/1854 1851/1851/1851
f 1862/1862/1862 1851/1851/1851 1859/1859/1859
f 1863/1863/1863 1859/1859/1859 1861/1861/1861
f 1863/1863/1863 1862/1862/1862 1859/1859/1859
f 1864/1864/1864 1863/1863/1863 1861/1861/1861
f 1865/1865/1865 1855/1855/1855 1854/1854/1854
f 1865/1865/1865 1854/1854/1854 1862/1862/1862
f 1866/1866/1866 1856/1856/1856 1855/1855/1855
f 1866/1866/1866 1855/1855/1855 1865/1865/1865
f 1867/1867/1867 1863/1863/1863 1864/1864/1864
f 1868/1868/1868 1867/1867/1867 1864/1864/1864
f 1869/1869/1869 1862/1862/1862 1863/1863/1863
f 1869/1869/1869 1865/1865/1865 1862/1862/1862
f 1867/1867/1867 1869/1869/1869 1863/1863/1863
f 1870/1870/1870 1867/1867/1867 1868/1868/1868
f 1871/1871/1871 1870/1870/1870 1868/1868/1868
f 1872/1872/1872 1865/1865/1865 1869/1869/1869
f 1872/1872/1872 1866/1866/1866 1865/1865/1865
f 1873/1873/1873 1869/1869/1869 1867/1867/1867
f 1870/1870/1870 1873/1873/1873 1867/1867/1867
f 1873/1873/1873 1872/1872/1872 1869/1869/1869
f 1874/1874/1874 1856/1856/1856 1866/1866/1866
f 1856/1856/1856 1874/1874/1874 1853/1853/1853
f 1875/1875/1875 1870/1870/1870 1871/1871/1871
f 1876/1876/1876 1875/1875/1875 1871/1871/1871
f 1877/1877/1877 1866/1866/1866 1872/1872/1872
f 1877/1877/1877 1874/1874/1874 1866/1866/1866
f 1878/1878/1878 1872/1872/1872 1873/1873/1873
f 1878/1878/1878 1877/1877/1877 1872/1872/1872
f 1879/1879/1879 1873/1873/1873 1870/1870/1870
f 1875/1875/1875 1879/1879/1879 1870/1870/1870
f 1879/1879/1879 1878/1878/1878 1873/1873/1873
f 1853/1853/1853 1874/1874/1874 1880/1880/1880
f 1853/1853/1853 1880/1880/1880 1849/1849/1849
f 1849/1849/1849 1880/1880/1880 1857/1857/1857
f 1881/1881/1881 1875/1875/1875 1876/1876/1876
f 1882/1882/1882 1881/1881/1881 1876/1876/1876
f 1883/1883/1883 1874/1874/1874 1877/1877/1877
f 1874/1874/1874 1883/1883/1883 1880/1880/1880
f 1884/1884/1884 1877/1877/1877 1878/1878/1878
f 1884/1884/1884 1883/1883/1883 1877/1877/1877
f 1885/1885/1885 1878/1878/1878 1879/1879/1879
f 1885/1885/1885 1884/1884/1884 1878/1878/1878
f 1886/1886/1886 1879/1879/1879 1875/1875/1875
f 1881/1881/1881 1886/1886/1886 1875/1875/1875
f 1886/1886/1886 1885/1885/1885 1879/1879/1879
f 1880/1880/1880 1887/1887/1887 1857/1857/1857
f 1880/1880/1880 1883/1883/1883 1887/1887/1887
f 1888/1888/1888 1881/1881/1881 1882/1882/1882
f 1889/1889/1889 1888/1888/1888 1882/1882/1882
f 1890/1890/1890 1883/1883/1883 1884/1884/1884
f 1883/1883/1883 1890/1890/1890 1887/1887/1887
f 1891/1891/1891 1884/1884/1884 1885/1885/1885
f 1891/1891/1891 1890/1890/1890 1884/1884/1884
f 1892/1892/1892 1885/1885/1885 1886/1886/1886
f 1892/1892/1892 1891/1891/1891 1885/1885/1885
f 1893/1893/1893 1886/1886/1886 1881/1881/1881
f 1888/1888/1888 1893/1893/1893 1881/1881/1881
f 1893/1893/1893 1892/1892/1892 1886/1886/1886
f 1857/1857/1857 1887/1887/1887 1894/1894/1894
f 1857/1857/1857 1894/1894/1894 1858/1858/1858
f 1858/1858/1858 1894/1894/1894 1895/1895/1895
f 1896/1896/1896 1888/1888/1888 1889/1889/1889
f 1897/1897/1897 1896/1896/1896 1889/1889/1889
f 1887/1887/1887 1890/1890/1890 1898/1898/1898
f 1887/1887/1887 1898/1898/1898 1894/1894/1894
f 1894/1894/1894 1899/1899/1899 1895/1895/1895
f 1894/1894/1894 1898/1898/1898 1899/1899/1899
f 1895/1895/1895 1899/1899/1899 1900/1900/1900
f 1901/1901/1901 1893/1893/1893 1888/1888/1888
f 1896/1896/1896 1901/1901/1901 1888/1888/1888
f 1902/1902/1902 1892/1892/1892 1893/1893/1893
f 1901/1901/1901 1902/1902/1902 1893/1893/1893
f 1903/1903/1903 1896/1896/1896 1897/1897/1897
f 1904/1904/1904 1903/1903/1903 1897/1897/1897
f 1890/1890/1890 1905/1905/1905 1898/1898/1898
f 1905/1905/1905 1890/1890/1890 1891/1891/1891
f 1906/1906/1906 1891/1891/1891 1892/1892/1892
f 1902/1902/1902 1906/1906/1906 1892/1892/1892
f 1906/1906/1906 1905/1905/1905 1891/1891/1891
f 1898/1898/1898 1907/1907/1907 1899/1899/1899
f 1898/1898/1898 1905/1905/1905 1907/1907/1907
f 1908/1908/1908 1901/1901/1901 1896/1896/1896
f 1903/1903/1903 1908/1908/1908 1896/1896/1896
f 1909/1909/1909 1903/1903/1903 1904/1904/1904
f 1910/1910/1910 1909/1909/1909 1904/1904/1904
f 1910/1910/1910 1911/1911/1911 1909/1909/1909
f 1912/1912/1912 1902/1902/1902 1901/1901/1901
f 1908/1908/1908 1912/1912/1912 1901/1901/1901
f 1913/1913/1913 1906/1906/1906 1902/1902/1902
f 1912/1912/1912 1913/1913/1913 1902/1902/1902
f 1914/1914/1914 1905/1905/1905 1906/1906/1906
f 1905/1905/1905 1914/1914/1914 1907/1907/1907
f 1913/1913/1913 1914/1914/1914 1906/1906/1906
f 1915/1915/1915 1908/1908/1908 1903/1903/1903
f 1909/1909/1909 1915/1915/1915 1903/1903/1903
f 1911/1911/1911 1916/1916/1916 1909/1909/1909
f 1909/1909/1909 1916/1916/1916 1915/1915/1915
f 1911/1911/1911 1917/1917/1917 1916/1916/1916
f 1918/1918/1918 1912/1912/1912 1908/1908/1908
f 1915/1915/1915 1918/1918/1918 1908/1908/1908
f 1919/1919/1919 1913/1913/1913 1912/1912/1912
f 1918/1918/1918 1919/1919/1919 1912/1912/1912
f 1920/1920/1920 1914/1914/1914 1913/1913/1913
f 1919/1919/1919 1920/1920/1920 1913/1913/1913
f 1907/1907/1907 1914/1914/1914 1921/1921/1921
f 1914/1914/1914 1920/1920/1920 1921/1921/1921
f 1917/1917/1917 1922/1922/1922 1916/1916/1916
f 1917/1917/1917 1923/1923/1923 1922/1922/1922
f 1916/1916/1916 1924/1924/1924 1915/1915/1915
f 1915/1915/1915 1924/1924/1924 1918/1918/1918
f 1916/1916/1916 1922/1922/1922 1924/1924/1924
f 1918/1918/1918 1925/1925/1925 1919/1919/1919
f 1924/1924/1924 1925/1925/1925 1918/1918/1918
f 1919/1919/1919 1926/1926/1926 1920/1920/1920
f 1925/1925/1925 1926/1926/1926 1919/1919/1919
f 1923/1923/1923 1927/1927/1927 1922/1922/1922
f 1923/1923/1923 1928/1928/1928 1927/1927/1927
f 1922/1922/1922 1929/1929/1929 1924/1924/1924
f 1924/1924/1924 1929/1929/1929 1925/1925/1925
f 1922/1922/1922 1927/1927/1927 1929/1929/1929
f 1928/1928/1928 1930/1930/1930 1927/1927/1927
f 1928/1928/1928 1931/1931/1931 1930/1930/1930
f 1929/1929/1929 1932/1932/1932 1925/1925/1925
f 1925/1925/1925 1932/1932/1932 1926/1926/1926
f 1927/1927/1927 1933/1933/1933 1929/1929/1929
f 1927/1927/1927 1930/1930/1930 1933/1933/1933
f 1929/1929/1929 1933/1933/1933 1932/1932/1932
f 1926/1926/1926 1934/1934/1934 1920/1920/1920
f 1920/1920/1920 1934/1934/1934 1921/1921/1921
f 1931/1931/1931 1935/1935/1935 1930/1930/1930
f 1931/1931/1931 1936/1936/1936 1935/1935/1935
f 1932/1932/1932 1937/1937/1937 1926/1926/1926
f 1926/1926/1926 1937/1937/1937 1934/1934/1934
f 1933/1933/1933 1938/1938/1938 1932/1932/1932
f 1932/1932/1932 1938/1938/1938 1937/1937/1937
f 1930/1930/1930 1939/1939/1939 1933/1933/1933
f 1930/1930/1930 1935/1935/1935 1939/1939/1939
f 1933/1933/1933 1939/1939/1939 1938/1938/1938
f 1936/1936/1936 1940/1940/1940 1935/1935/1935
f 1936/1936/1936 1941/1941/1941 1940/1940/1940
f 1935/1935/1935 1942/1942/1942 1939/1939/1939
f 1935/1935/1935 1940/1940/1940 1942/1942/1942
f 1939/1939/1939 1943/1943/1943 1938/1938/1938
f 1939/1939/1939 1942/1942/1942 1943/1943/1943
f 1938/1938/1938 1944/1944/1944 1937/1937/1937
f 1938/1938/1938 1943/1943/1943 1944/1944/1944
f 1937/1937/1937 1945/1945/1945 1934/1934/1934
f 1937/1937/1937 1944/1944/1944 1945/1945/1945
f 1941/1941/1941 1946/1946/1946 1940/1940/1940
f 1941/1941/1941 1947/1947/1947 1946/1946/1946
f 1940/1940/1940 1948/1948/1948 1942/1942/1942
f 1940/1940/1940 1946/1946/1946 1948/1948/1948
f 1942/1942/1942 1949/1949/1949 1943/1943/1943
f 1942/1942/1942 1948/1948/1948 1949/1949/1949
f 1943/1943/1943 1950/1950/1950 1944/1944/1944
f 1943/1943/1943 1949/1949/1949 1950/1950/1950
f 1947/1947/1947 1951/1951/1951 1946/1946/1946
f 1947/1947/1947 1952/1952/1952 1951/1951/1951
f 1946/1946/1946 1953/1953/1953 1948/1948/1948
f 1946/1946/1946 1951/1951/1951 1953/1953/1953
f 1948/1948/1948 1954/1954/1954 1949/1949/1949
f 1948/1948/1948 1953/1953/1953 1954/1954/1954
f 1952/1952/1952 1955/1955/1955 1951/1951/1951
f 1952/1952/1952 1956/1956/1956 1955/1955/1955
f 1951/1951/1951 1957/1957/1957 1953/1953/1953
f 1951/1951/1951 1955/1955/1955 1957/1957/1957
f 1956/1956/1956 1958/1958/1958 1955/1955/1955
f 1956/1956/1956 1959/1959/1959 1958/1958/1958
f 1944/1944/1944 1950/1950/1950 1960/1960/1960
f 1944/1944/1944 1960/1960/1960 1945/1945/1945
f 1949/1949/1949 1961/1961/1961 1950/1950/1950
f 1949/1949/1949 1954/1954/1954 1961/1961/1961
f 1953/1953/1953 1962/1962/1962 1954/1954/1954
f 1953/1953/1953 1957/1957/1957 1962/1962/1962
f 1955/1955/1955 1963/1963/1963 1957/1957/1957
f 1955/1955/1955 1958/1958/1958 1963/1963/1963
f 1959/1959/1959 1964/1964/1964 1958/1958/1958
f 1959/1959/1959 1965/1965/1965 1964/1964/1964
f 1950/1950/1950 1966/1966/1966 1960/1960/1960
f 1950/1950/1950 1961/1961/1961 1966/1966/1966
f 1954/1954/1954 1967/1967/1967 1961/1961/1961
f 1954/1954/1954 1962/1962/1962 1967/1967/1967
f 1957/1957/1957 1968/1968/1968 1962/1962/1962
f 1957/1957/1957 1963/1963/1963 1968/1968/1968
f 1958/1958/1958 1969/1969/1969 1963/1963/1963
f 1958/1958/1958 1964/1964/1964 1969/1969/1969
f 1965/1965/1965 1970/1970/1970 1964/1964/1964
f 1965/1965/1965 1971/1971/1971 1970/1970/1970
f 1961/1961/1961 1972/1972/1972 1966/1966/1966
f 1961/1961/1961 1967/1967/1967 1972/1972/1972
f 1962/1962/1962 1973/1973/1973 1967/1967/1967
f 1962/1962/1962 1968/1968/1968 1973/1973/1973
f 1963/1963/1963 1974/1974/1974 1968/1968/1968
f 1963/1963/1963 1969/1969/1969 1974/1974/1974
f 1964/1964/1964 1975/1975/1975 1969/1969/1969
f 1964/1964/1964 1970/1970/1970 1975/1975/1975
f 1971/1971/1971 1976/1976/1976 1970/1970/1970
f 1971/1971/1971 1977/1977/1977 1976/1976/1976
f 1967/1967/1967 1978/1978/1978 1972/1972/1972
f 1967/1967/1967 1973/1973/1973 1978/1978/1978
f 1968/1968/1968 1979/1979/1979 1973/1973/1973
f 1968/1968/1968 1974/1974/1974 1979/1979/1979
f 1969/1969/1969 1980/1980/1980 1974/1974/1974
f 1969/1969/1969 1975/1975/1975 1980/1980/1980
f 1970/1970/1970 1981/1981/1981 1975/1975/1975
f 1970/1970/1970 1976/1976/1976 1981/1981/1981
f 1977/1977/1977 1982/1982/1982 1976/1976/1976
f 1982/1982/1982 1977/1977/1977 1983/1983/1983
f 1984/1984/1984 1982/1982/1982 1983/1983/1983
f 1976/1976/1976 1982/1982/1982 1985/1985/1985
f 1976/1976/1976 1985/1985/1985 1981/1981/1981
f 1986/1986/1986 1982/1982/1982 1984/1984/1984
f 1982/1982/1982 1986/1986/1986 1985/1985/1985
f 1987/1987/1987 1986/1986/1986 1984/1984/1984
f 1975/1975/1975 1981/1981/1981 1988/1988/1988
f 1975/1975/1975 1988/1988/1988 1980/1980/1980
f 1974/1974/1974 1980/1980/1980 1989/1989/1989
f 1974/1974/1974 1989/1989/1989 1979/1979/1979
f 1981/1981/1981 1985/1985/1985 1990/1990/1990
f 1981/1981/1981 1990/1990/1990 1988/1988/1988
f 1991/1991/1991 1986/1986/1986 1987/1987/1987
f 1992/1992/1992 1991/1991/1991 1987/1987/1987
f 1985/1985/1985 1986/1986/1986 1993/1993/1993
f 1985/1985/1985 1993/1993/1993 1990/1990/1990
f 1986/1986/1986 1991/1991/1991 1993/1993/1993
f 1980/1980/1980 1988/1988/1988 1994/1994/1994
f 1980/1980/1980 1994/1994/1994 1989/1989/1989
f 1995/1995/1995 1991/1991/1991 1992/1992/1992
f 1996/1996/1996 1995/1995/1995 1992/1992/1992
f 1988/1988/1988 1990/1990/1990 1997/1997/1997
f 1988/1988/1988 1997/1997/1997 1994/1994/1994
f 1990/1990/1990 1993/1993/1993 1998/1998/1998
f 1990/1990/1990 1998/1998/1998 1997/1997/1997
f 1993/1993/1993 1991/1991/1991 1999/1999/1999
f 1991/1991/1991 1995/1995/1995 1999/1999/1999
f 1993/1993/1993 1999/1999/1999 1998/1998/1998
f 2000/2000/2000 1995/1995/1995 1996/1996/1996
f 2001/2001/2001 2000/2000/2000 1996/1996/1996
f 1999/1999/1999 1995/1995/1995 2002/2002/2002
f 1995/1995/1995 2000/2000/2000 2002/2002/2002
f 1998/1998/1998 1999/1999/1999 2003/2003/2003
f 1999/1999/1999 2002/2002/2002 2003/2003/2003
f 1997/1997/1997 1998/1998/1998 2004/2004/2004
f 1998/1998/1998 2003/2003/2003 2004/2004/2004
f 1994/1994/1994 1997/1997/1997 2005/2005/2005
f 1997/1997/1997 2004/2004/2004 2005/2005/2005
f 2000/2000/2000 2001/2001/2001 2006/2006/2006
f 2001/2001/2001 2007/2007/2007 2006/2006/2006
f 2002/2002/2002 2000/2000/2000 2008/2008/2008
f 2000/2000/2000 2006/2006/2006 2008/2008/2008
f 2003/2003/2003 2002/2002/2002 2009/2009/2009
f 2002/2002/2002 2008/2008/2008 2009/2009/2009
f 2004/2004/2004 2003/2003/2003 2010/2010/2010
f 2003/2003/2003 2009/2009/2009 2010/2010/2010
f 2006/2006/2006 2007/2007/2007 2011/2011/2011
f 2007/2007/2007 2012/2012/2012 2011/2011/2011
f 2008/2008/2008 2006/2006/2006 2013/2013/2013
f 2006/2006/2006 2011/2011/2011 2013/2013/2013
f 2011/2011/2011 2012/2012/2012 2014/2014/2014
f 2012/2012/2012 2015/2015/2015 2014/2014/2014
f 2011/2011/2011 2014/2014/2014 2016/2016/2016
f 2013/2013/2013 2011/2011/2011 2016/2016/2016
f 2013/2013/2013 2016/2016/2016 2017/2017/2017
f 2008/2008/2008 2013/2013/2013 2018/2018/2018
f 2018/2018/2018 2013/2013/2013 2017/2017/2017
f 2009/2009/2009 2008/2008/2008 2018/2018/2018
f 2018/2018/2018 2017/2017/2017 2019/2019/2019
f 2009/2009/2009 2018/2018/2018 2020/2020/2020
f 2020/2020/2020 2018/2018/2018 2019/2019/2019
f 2010/2010/2010 2009/2009/2009 2020/2020/2020
f 2020/2020/2020 2019/2019/2019 2021/2021/2021
f 2022/2022/2022 2020/2020/2020 2021/2021/2021
f 2010/2010/2010 2020/2020/2020 2022/2022/2022
f 2022/2022/2022 2021/2021/2021 2023/2023/2023
f 2024/2024/2024 2010/2010/2010 2022/2022/2022
f 2004/2004/2004 2010/2010/2010 2024/2024/2024
f 2005/2005/2005 2004/2004/2004 2024/2024/2024
f 2025/2025/2025 2022/2022/2022 2023/2023/2023
f 2024/2024/2024 2022/2022/2022 2025/2025/2025
f 2025/2025/2025 2023/2023/2023 2026/2026/2026
f 2005/2005/2005 2024/2024/2024 2027/2027/2027
f 2027/2027/2027 2024/2024/2024 2025/2025/2025
f 2028/2028/2028 2025/2025/2025 2026/2026/2026
f 2027/2027/2027 2025/2025/2025 2028/2028/2028
f 2028/2028/2028 2026/2026/2026 2029/2029/2029
f 2030/2030/2030 2005/2005/2005 2027/2027/2027
f 1994/1994/1994 2005/2005/2005 2030/2030/2030
f 1989/1989/1989 1994/1994/1994 2030/2030/2030
f 2031/2031/2031 2028/2028/2028 2029/2029/2029
f 2031/2031/2031 2029/2029/2029 2032/2032/2032
f 2033/2033/2033 2027/2027/2027 2028/2028/2028
f 2030/2030/2030 2027/2027/2027 2033/2033/2033
f 2033/2033/2033 2028/2028/2028 2031/2031/2031
f 1989/1989/1989 2030/2030/2030 2034/2034/2034
f 2034/2034/2034 2030/2030/2030 2033/2033/2033
f 1979/1979/1979 1989/1989/1989 2034/2034/2034
f 2035/2035/2035 2031/2031/2031 2032/2032/2032
f 2035/2035/2035 2032/2032/2032 2036/2036/2036
f 2037/2037/2037 2033/2033/2033 2031/2031/2031
f 2034/2034/2034 2033/2033/2033 2037/2037/2037
f 2037/2037/2037 2031/2031/2031 2035/2035/2035
f 1979/1979/1979 2034/2034/2034 2038/2038/2038
f 2038/2038/2038 2034/2034/2034 2037/2037/2037
f 1973/1973/1973 1979/1979/1979 2038/2038/2038
f 1973/1973/1973 2038/2038/2038 1978/1978/1978
f 2038/2038/2038 2037/2037/2037 2039/2039/2039
f 2039/2039/2039 2037/2037/2037 2035/2035/2035
f 1978/1978/1978 2038/2038/2038 2039/2039/2039
f 2040/2040/2040 2035/2035/2035 2036/2036/2036
f 2039/2039/2039 2035/2035/2035 2040/2040/2040
f 2040/2040/2040 2036/2036/2036 2041/2041/2041
f 1978/1978/1978 2039/2039/2039 2042/2042/2042
f 2042/2042/2042 2039/2039/2039 2040/2040/2040
f 1972/1972/1972 1978/1978/1978 2042/2042/2042
f 2043/2043/2043 2040/2040/2040 2041/2041/2041
f 2042/2042/2042 2040/2040/2040 2043/2043/2043
f 2043/2043/2043 2041/2041/2041 2044/2044/2044
f 1972/1972/1972 2042/2042/2042 2045/2045/2045
f 2045/2045/2045 2042/2042/2042 2043/2043/2043
f 1966/1966/1966 1972/1972/1972 2045/2045/2045
f 2046/2046/2046 2043/2043/2043 2044/2044/2044
f 2045/2045/2045 2043/2043/2043 2046/2046/2046
f 2046/2046/2046 2044/2044/2044 2047/2047/2047
f 1966/1966/1966 2045/2045/2045 2048/2048/2048
f 2048/2048/2048 2045/2045/2045 2046/2046/2046
f 1960/1960/1960 1966/1966/1966 2048/2048/2048
f 2049/2049/2049 2046/2046/2046 2047/2047/2047
f 2048/2048/2048 2046/2046/2046 2049/2049/2049
f 2049/2049/2049 2047/2047/2047 2050/2050/2050
f 1960/1960/1960 2048/2048/2048 2051/2051/2051
f 2051/2051/2051 2048/2048/2048 2049/2049/2049
f 1945/1945/1945 1960/1960/1960 2051/2051/2051
f 2052/2052/2052 2049/2049/2049 2050/2050/2050
f 2051/2051/2051 2049/2049/2049 2052/2052/2052
f 2052/2052/2052 2050/2050/2050 1900/1900/1900
f 1945/1945/1945 2051/2051/2051 2053/2053/2053
f 2053/2053/2053 2051/2051/2051 2052/2052/2052
f 1934/1934/1934 1945/1945/1945 2053/2053/2053
f 1934/1934/1934 2053/2053/2053 1921/1921/1921
f 2054/2054/2054 2052/2052/2052 1900/1900/1900
f 2053/2053/2053 2052/2052/2052 2054/2054/2054
f 1921/1921/1921 2053/2053/2053 2054/2054/2054
f 1899/1899/1899 2054/2054/2054 1900/1900/1900
f 1907/1907/1907 1921/1921/1921 2054/2054/2054
f 1899/1899/1899 1907/1907/1907 2054/2054/2054
f 2057/2057/2057 2056/2056/2056 2055/2055/2055
f 2055/2055/2055 2056/2056/2056 2058/2058/2058
f 2059/2059/2059 2056/2056/2056 2057/2057/2057
f 2058/2058/2058 2056/2056/2056 2060/2060/2060
f 2061/2061/2061 2056/2056/2056 2059/2059/2059
f 2060/2060/2060 2056/2056/2056 2062/2062/2062
f 2063/2063/2063 2056/2056/2056 2061/2061/2061
f 2062/2062/2062 2056/2056/2056 2064/2064/2064
f 2065/2065/2065 2056/2056/2056 2063/2063/2063
f 2064/2064/2064 2056/2056/2056 2066/2066/2066
f 2067/2067/2067 2056/2056/2056 2065/2065/2065
f 2066/2066/2066 2056/2056/2056 2067/2067/2067
f 2070/2070/2070 2069/2069/2069 2068/2068/2068
f 2070/2070/2070 2068/2068/2068 2071/2071/2071
f 2070/2070/2070 2072/2072/2072 2069/2069/2069
f 2070/2070/2070 2071/2071/2071 2073/2073/2073
f 2070/2070/2070 2074/2074/2074 2072/2072/2072
f 2070/2070/2070 2073/2073/2073 2075/2075/2075
f 2070/2070/2070 2076/2076/2076 2074/2074/2074
f 2070/2070/2070 2075/2075/2075 2077/2077/2077
f 2070/2070/2070 2078/2078/2078 2076/2076/2076
f 2070/2070/2070 2077/2077/2077 2079/2079/2079
f 2070/2070/2070 2080/2080/2080 2078/2078/2078
f 2070/2070/2070 2079/2079/2079 2080/2080/2080
f 2083/2083/2083 2082/2082/2082 2081/2081/2081
f 2084/2084/2084 2083/2083/2083 2081/2081/2081
f 2083/2083/2083 2085/2085/2085 2082/2082/2082
f 2084/2084/2084 2081/2081/2081 2086/2086/2086
f 2087/2087/2087 2084/2084/2084 2086/2086/2086
f 2085/2085/2085 2088/2088/2088 2082/2082/2082
f 2085/2085/2085 2089/2089/2089 2088/2088/2088
f 2087/2087/2087 2086/2086/2086 2090/2090/2090
f 2091/2091/2091 2087/2087/2087 2090/2090/2090
f 2089/2089/2089 2092/2092/2092 2088/2088/2088
f 2089/2089/2089 2093/2093/2093 2092/2092/2092
f 2091/2091/2091 2090/2090/2090 2094/2094/2094
f 2095/2095/2095 2091/2091/2091 2094/2094/2094
f 2093/2093/2093 2096/2096/2096 2092/2092/2092
f 2093/2093/2093 2097/2097/2097 2096/2096/2096
f 2095/2095/2095 2094/2094/2094 2098/2098/2098
f 2099/2099/2099 2095/2095/2095 2098/2098/2098
f 2097/2097/2097 2100/2100/2100 2096/2096/2096
f 2097/2097/2097 2101/2101/2101 2100/2100/2100
f 2099/2099/2099 2098/2098/2098 2102/2102/2102
f 2103/2103/2103 2099/2099/2099 2102/2102/2102
f 2101/2101/2101 2103/2103/2103 2104/2104/2104
f 2101/2101/2101 2104/2104/2104 2100/2100/2100
f 2103/2103/2103 2102/2102/2102 2104/2104/2104
f 2094/2094/2094 2090/2090/2090 2105/2105/2105
f 2098/2098/2098 2094/2094/2094 2106/2106/2106
f 2094/2094/2094 2105/2105/2105 2106/2106/2106
f 2102/2102/2102 2098/2098/2098 2107/2107/2107
f 2098/2098/2098 2106/2106/2106 2107/2107/2107
f 2104/2104/2104 2102/2102/2102 2108/2108/2108
f 2102/2102/2102 2107/2107/2107 2108/2108/2108
f 2100/2100/2100 2104/2104/2104 2109/2109/2109
f 2104/2104/2104 2108/2108/2108 2109/2109/2109
f 2096/2096/2096 2100/2100/2100 2110/2110/2110
f 2100/2100/2100 2109/2109/2109 2110/2110/2110
f 2090/2090/2090 2111/2111/2111 2105/2105/2105
f 2090/2090/2090 2086/2086/2086 2111/2111/2111
f 2096/2096/2096 2110/2110/2110 2112/2112/2112
f 2092/2092/2092 2096/2096/2096 2112/2112/2112
f 2086/2086/2086 2113/2113/2113 2111/2111/2111
f 2086/2086/2086 2081/2081/2081 2113/2113/2113
f 2092/2092/2092 2112/2112/2112 2114/2114/2114
f 2088/2088/2088 2092/2092/2092 2114/2114/2114
f 2081/2081/2081 2115/2115/2115 2113/2113/2113
f 2081/2081/2081 2082/2082/2082 2115/2115/2115
f 2082/2082/2082 2088/2088/2088 2116/2116/2116
f 2088/2088/2088 2114/2114/2114 2116/2116/2116
f 2082/2082/2082 2116/2116/2116 2115/2115/2115
f 2111/2111/2111 2117/2117/2117 2105/2105/2105
f 2113/2113/2113 2118/2118/2118 2111/2111/2111
f 2118/2118/2118 2117/2117/2117 2111/2111/2111
f 2115/2115/2115 2119/2119/2119 2113/2113/2113
f 2119/2119/2119 2118/2118/2118 2113/2113/2113
f 2116/2116/2116 2120/2120/2120 2115/2115/2115
f 2120/2120/2120 2119/2119/2119 2115/2115/2115
f 2121/2121/2121 2118/2118/2118 2119/2119/2119
f 2121/2121/2121 2117/2117/2117 2118/2118/2118
f 2121/2121/2121 2119/2119/2119 2120/2120/2120
f 2121/2121/2121 2122/2122/2122 2117/2117/2117
f 2117/2117/2117 2122/2122/2122 2105/2105/2105
f 2121/2121/2121 2120/2120/2120 2123/2123/2123
f 2123/2123/2123 2120/2120/2120 2116/2116/2116
f 2114/2114/2114 2123/2123/2123 2116/2116/2116
f 2105/2105/2105 2122/2122/2122 2106/2106/2106
f 2124/2124/2124 2123/2123/2123 2114/2114/2114
f 2121/2121/2121 2123/2123/2123 2124/2124/2124
f 2112/2112/2112 2124/2124/2124 2114/2114/2114
f 2122/2122/2122 2125/2125/2125 2106/2106/2106
f 2121/2121/2121 2125/2125/2125 2122/2122/2122
f 2106/2106/2106 2125/2125/2125 2107/2107/2107
f 2126/2126/2126 2124/2124/2124 2112/2112/2112
f 2121/2121/2121 2124/2124/2124 2126/2126/2126
f 2110/2110/2110 2126/2126/2126 2112/2112/2112
f 2125/2125/2125 2127/2127/2127 2107/2107/2107
f 2121/2121/2121 2127/2127/2127 2125/2125/2125
f 2107/2107/2107 2127/2127/2127 2108/2108/2108
f 2128/2128/2128 2126/2126/2126 2110/2110/2110
f 2121/2121/2121 2126/2126/2126 2128/2128/2128
f 2109/2109/2109 2128/2128/2128 2110/2110/2110
f 2108/2108/2108 2129/2129/2129 2109/2109/2109
f 2127/2127/2127 2129/2129/2129 2108/2108/2108
f 2121/2121/2121 2129/2129/2129 2127/2127/2127
f 2129/2129/2129 2128/2128/2128 2109/2109/2109
f 2121/2121/2121 2128/2128/2128 2129/2129/2129
f 2132/2132/2132 2131/2131/2131 2130/2130/2130
f 2133/2133/2133 2132/2132/2132 2130/2130/2130
f 2130/2130/2130 2131/2131/2131 2134/2134/2134
f 2135/2135/2135 2132/2132/2132 2133/2133/2133
f 2136/2136/2136 2135/2135/2135 2133/2133/2133
f 2131/2131/2131 2137/2137/2137 2134/2134/2134
f 2134/2134/2134 2137/2137/2137 2138/2138/2138
f 2139/2139/2139 2135/2135/2135 2136/2136/2136
f 2140/2140/2140 2139/2139/2139 2136/2136/2136
f 2137/2137/2137 2141/2141/2141 2138/2138/2138
f 2138/2138/2138 2141/2141/2141 2142/2142/2142
f 2143/2143/2143 2139/2139/2139 2140/2140/2140
f 2144/2144/2144 2143/2143/2143 2140/2140/2140
f 2141/2141/2141 2145/2145/2145 2142/2142/2142
f 2142/2142/2142 2145/2145/2145 2146/2146/2146
f 2147/2147/2147 2143/2143/2143 2144/2144/2144
f 2148/2148/2148 2147/2147/2147 2144/2144/2144
f 2145/2145/2145 2149/2149/2149 2146/2146/2146
f 2146/2146/2146 2149/2149/2149 2150/2150/2150
f 2151/2151/2151 2147/2147/2147 2148/2148/2148
f 2152/2152/2152 2151/2151/2151 2148/2148/2148
f 2150/2150/2150 2153/2153/2153 2152/2152/2152
f 2149/2149/2149 2153/2153/2153 2150/2150/2150
f 2153/2153/2153 2151/2151/2151 2152/2152/2152
f 2143/2143/2143 2154/2154/2154 2139/2139/2139
f 2147/2147/2147 2155/2155/2155 2143/2143/2143
f 2155/2155/2155 2154/2154/2154 2143/2143/2143
f 2151/2151/2151 2156/2156/2156 2147/2147/2147
f 2156/2156/2156 2155/2155/2155 2147/2147/2147
f 2153/2153/2153 2157/2157/2157 2151/2151/2151
f 2157/2157/2157 2156/2156/2156 2151/2151/2151
f 2149/2149/2149 2158/2158/2158 2153/2153/2153
f 2158/2158/2158 2157/2157/2157 2153/2153/2153
f 2145/2145/2145 2159/2159/2159 2149/2149/2149
f 2159/2159/2159 2158/2158/2158 2149/2149/2149
f 2154/2154/2154 2160/2160/2160 2139/2139/2139
f 2139/2139/2139 2160/2160/2160 2135/2135/2135
f 2161/2161/2161 2159/2159/2159 2145/2145/2145
f 2141/2141/2141 2161/2161/2161 2145/2145/2145
f 2160/2160/2160 2162/2162/2162 2135/2135/2135
f 2135/2135/2135 2162/2162/2162 2132/2132/2132
f 2163/2163/2163 2161/2161/2161 2141/2141/2141
f 2137/2137/2137 2163/2163/2163 2141/2141/2141
f 2162/2162/2162 2164/2164/2164 2132/2132/2132
f 2132/2132/2132 2164/2164/2164 2131/2131/2131
f 2131/2131/2131 2165/2165/2165 2137/2137/2137
f 2165/2165/2165 2163/2163/2163 2137/2137/2137
f 2164/2164/2164 2165/2165/2165 2131/2131/2131
f 2158/2158/2158 2159/2159/2159 2166/2166/2166
f 2159/2159/2159 2161/2161/2161 2167/2167/2167
f 2159/2159/2159 2167/2167/2167 2166/2166/2166
f 2161/2161/2161 2163/2163/2163 2168/2168/2168
f 2161/2161/2161 2168/2168/2168 2167/2167/2167
f 2163/2163/2163 2165/2165/2165 2169/2169/2169
f 2163/2163/2163 2169/2169/2169 2168/2168/2168
f 2168/2168/2168 2170/2170/2170 2167/2167/2167
f 2167/2167/2167 2170/2170/2170 2166/2166/2166
f 2169/2169/2169 2170/2170/2170 2168/2168/2168
f 2166/2166/2166 2170/2170/2170 2171/2171/2171
f 2158/2158/2158 2166/2166/2166 2171/2171/2171
f 2172/2172/2172 2170/2170/2170 2169/2169/2169
f 2165/2165/2165 2172/2172/2172 2169/2169/2169
f 2165/2165/2165 2164/2164/2164 2172/2172/2172
f 2157/2157/2157 2158/2158/2158 2171/2171/2171
f 2164/2164/2164 2173/2173/2173 2172/2172/2172
f 2173/2173/2173 2170/2170/2170 2172/2172/2172
f 2164/2164/2164 2162/2162/2162 2173/2173/2173
f 2157/2157/2157 2171/2171/2171 2174/2174/2174
f 2171/2171/2171 2170/2170/2170 2174/2174/2174
f 2156/2156/2156 2157/2157/2157 2174/2174/2174
f 2162/2162/2162 2175/2175/2175 2173/2173/2173
f 2175/2175/2175 2170/2170/2170 2173/2173/2173
f 2162/2162/2162 2160/2160/2160 2175/2175/2175
f 2156/2156/2156 2174/2174/2174 2176/2176/2176
f 2174/2174/2174 2170/2170/2170 2176/2176/2176
f 2155/2155/2155 2156/2156/2156 2176/2176/2176
f 2160/2160/2160 2177/2177/2177 2175/2175/2175
f 2177/2177/2177 2170/2170/2170 2175/2175/2175
f 2160/2160/2160 2154/2154/2154 2177/2177/2177
f 2155/2155/2155 2176/2176/2176 2178/2178/2178
f 2176/2176/2176 2170/2170/2170 2178/2178/2178
f 2178/2178/2178 2170/2170/2170 2177/2177/2177
f 2154/2154/2154 2155/2155/2155 2178/2178/2178
f 2154/2154/2154 2178/2178/2178 2177/2177/2177
