g HanWuDi_ShengTi
v -0 6.54603338 0.631878018
v 0.0261015892 6.46295404 0.581537485
v 0.0297108255 6.54420233 0.627092242
v -0 6.54603338 0.631878018
v -0.0297108255 6.54420233 0.627092242
v -0.0261015892 6.46295404 0.581537485
v 0.134162962 5.86029768 0.794058502
v -0 5.83373165 0.83077848
v -0 5.96511602 0.612119138
v 0.121955618 5.98803329 0.580629885
v 0.319509089 5.83989143 0.687049568
v -0 6.08878469 0.478616327
v 0.321241796 5.95175171 0.521979332
v 0.484945595 5.83318233 0.481767565
v 0.325184464 6.02206612 0.411204815
v 0.531787157 5.93502617 0.345728129
v 0.303156346 6.09597635 0.304686278
v 0.472561717 6.02294159 0.191747427
v 0.40556848 6.07351065 0.0933172554
v 0.111258678 6.0787549 0.449585557
v -0 6.15688896 0.463525385
v 0.104164436 6.14582634 0.410479128
v 0.224399403 6.23925591 0.243667603
v 0.299331367 6.16732454 0.181298822
v -0 6.21780157 0.445413798
v 0.261963993 6.26386499 0.0735382065
v 0.329728723 6.14122295 -0.0217730701
v 0.206668079 6.29388285 -0.0340393074
v 0.238196641 6.19068003 -0.0966125503
v 0.102484055 6.29703474 -0.0981030241
v 0.110408679 6.20613718 -0.143702388
v -0 6.29377842 -0.116489254
v -0 6.20380974 -0.161239013
v -0 6.41230822 -0.0617230199
v 0.0878574848 6.41523123 -0.0489208959
v -0 6.49167156 -0.0332153328
v 0.1904919 6.40169668 0.00440063467
v 0.0792593807 6.49754333 -0.0252386462
v 0.0788801536 6.55499125 -0.0343530253
v -0 6.55448103 -0.0470770262
v -0 6.62240219 -0.0362231433
v 0.0799524635 6.61670113 -0.0306652822
v 0.17950727 6.5032053 0.0237872303
v 0.181233436 6.57668543 0.0273834225
v 0.180474967 6.632236 0.0147509761
v 0.2200066 6.63257599 0.0917480439
v 0.211480424 6.69254684 0.0715832487
v 0.231697381 6.56298065 0.110814206
v 0.23205699 6.48325062 0.105014645
v 0.244525865 6.54641199 0.159342647
v 0.23809199 6.37345028 0.0897076428
v 0.239929304 6.45339584 0.187713012
v 0.236146286 6.36147213 0.19265686
v 0.235149682 6.48323774 0.238902584
v 0.247023582 6.55385303 0.219117433
v 0.250292808 6.55939817 0.248252556
v 0.244852781 6.49244356 0.264114976
v 0.246160477 6.44787788 0.290491313
v 0.227251217 6.42873287 0.256700426
v 0.19901523 6.35658312 0.266878039
v 0.213965029 6.40315437 0.285809934
v 0.235071138 6.41372061 0.315050036
v 0.196912706 6.37025261 0.333880603
v 0.216502011 6.37945843 0.355117798
v 0.199684978 6.35662651 0.381376326
v 0.160785049 6.33604622 0.304506212
v 0.167358801 6.34216356 0.363617539
v 0.163095698 6.3134203 0.430584699
v 0.136582196 6.22418928 0.354875475
v 0.127500251 6.29516459 0.355667114
v 0.122400247 6.30693388 0.392438948
v 0.074342452 6.2767005 0.454071045
v 0.127552554 6.2811985 0.48512876
v 0.0577347279 6.21391773 0.424517214
v 0.0572508797 6.247931 0.422228396
v -0 6.2538147 0.433552861
v 0.0604678094 6.27003098 0.434233397
v -0 6.27743196 0.427485347
v -0 6.28577566 0.451547235
v -0 6.25530624 0.52310425
v 0.0612393506 6.25273037 0.531264007
v 0.123524852 6.25907278 0.547950447
v -0 6.24327517 0.593876302
v 0.060598582 6.24373341 0.592385828
v -0 6.54739285 0.630282581
v 0.0298677534 6.54564095 0.625104368
v 0.0265621059 6.57205772 0.615916133
v 0.0514708683 6.54378414 0.616656482
v 0.0709685981 6.54041004 0.603475332
v 0.0862293988 6.53635597 0.590502918
v 0.0934740305 6.53251123 0.581139505
v 0.0976586491 6.52994776 0.57643187
v 0.099986352 6.52851009 0.573816538
v 0.0358177647 6.60444832 0.598976433
v 0.126653701 6.57597923 0.521325648
v 0.136238337 6.57718229 0.46504271
v 0.0354777612 6.59218121 0.414212018
v 0.132355258 6.56638098 0.509739339
v 0.141573727 6.55134249 0.441530138
v 0.0400808454 6.55055761 0.304445803
v 0.0359746851 6.47276735 0.350267321
v 0.133375242 6.55105448 0.501056492
v 0.118515402 6.47451353 0.448754251
v 0.125166073 6.51215506 0.511831641
v 0.113449134 6.46471167 0.528502166
v 0.0261015892 6.46295404 0.581537485
v 0.0989925042 6.52877188 0.575385749
v 0.095553264 6.53027582 0.580524862
v 0.0862032473 6.5348649 0.591444075
v 0.0708770677 6.5390501 0.605018318
v 0.0512877926 6.54252863 0.619167447
v 0.0297108255 6.54420233 0.627092242
v 0.181037292 6.78581238 0.514735103
v 0.185156509 6.7892127 0.510380208
v 0.195513457 6.78727627 0.513414323
v 0.187628075 6.78215075 0.523313582
v 0.175963417 6.78256893 0.518971562
v 0.187628075 6.78215075 0.523313582
v 0.180435732 6.77788687 0.529982269
v 0.16725418 6.78018904 0.52174437
v 0.195343465 6.7712183 0.525013387
v 0.195513457 6.78727627 0.513414323
v 0.166642293 6.77205133 0.535970449
v 0.151274145 6.77640963 0.526007056
v 0.150633365 6.77042055 0.539750993
v 0.185718819 6.76716423 0.531917691
v 0.169911534 6.76245308 0.53934449
v 0.150907993 6.76088715 0.545491934
v 0.135332093 6.76917887 0.542216778
v 0.173308566 6.74945498 0.534080207
v 0.188857302 6.7559185 0.528204322
v 0.153510302 6.74469852 0.53865236
v 0.203699648 6.77753448 0.512053847
v 0.198900387 6.76177645 0.521038175
v 0.198743448 6.79078102 0.507254601
v 0.185156509 6.7892127 0.510380208
v 0.187654212 6.79187965 0.498205543
v 0.19862096 6.79273748 0.509451866
v 0.183731139 6.7952795 0.494805276
v 0.190396816 6.79627657 0.515519381
v 0.180723429 6.80030155 0.499984115
v 0.173220724 6.80269814 0.510524273
v 0.178709596 6.79949617 0.520593226
v 0.161679 6.80636072 0.518781126
v 0.167495996 6.80283165 0.532427967
v 0.146487981 6.80621195 0.525745809
v 0.186472371 6.79958057 0.528073132
v 0.19783707 6.79712629 0.516382456
v 0.206118867 6.79276848 0.508457601
v 0.207818866 6.7855773 0.502155125
v 0.21008119 6.77178097 0.507372439
v 0.208394259 6.80173922 0.514473259
v 0.213808119 6.79357958 0.505345464
v 0.197174236 6.80600262 0.528465569
v 0.213598877 6.78369379 0.49896422
v 0.210682705 6.75127554 0.51464355
v 0.219424665 6.7678833 0.500697017
v 0.199724227 6.74093246 0.524817467
v 0.182104453 6.73055172 0.533029139
v 0.215534285 6.72215319 0.520880699
v 0.22602199 6.73957205 0.508143902
v 0.159028769 6.72528553 0.539561749
v 0.217574269 6.81017447 0.503240347
v 0.222726583 6.79722786 0.496740699
v 0.224143982 6.78186274 0.494006336
v 0.231726527 6.76202488 0.492262572
v 0.235651046 6.78252411 0.485809922
v 0.205399618 6.82678223 0.515284419
v 0.233606607 6.8035965 0.487770379
v 0.229840443 6.81962872 0.494936526
v 0.240642011 6.73125458 0.498833001
v 0.243386164 6.75900507 0.481473982
v 0.244237557 6.78506947 0.47498107
v 0.242158934 6.81091976 0.480002433
v 0.231278911 6.7098875 0.513191521
v 0.253418177 6.78844023 0.455365598
v 0.239752784 6.82880926 0.489993274
v 0.217495814 6.8447628 0.510026872
v 0.249168187 6.82122421 0.464780867
v 0.261905134 6.72816896 0.471711427
v 0.254869729 6.70308781 0.490803808
v 0.259786665 6.75421858 0.459550172
v 0.218071207 6.68977451 0.527759373
v 0.240563542 6.67771816 0.508300781
v 0.176264182 6.67712927 0.549872398
v 0.197988048 6.70482159 0.533677995
v 0.1690588 6.69823599 0.54468137
v 0.270405143 6.75291061 0.435697615
v 0.276080579 6.724298 0.442655027
v 0.272785157 6.69471788 0.457012922
v 0.258033305 6.66812229 0.484786987
v 0.259786665 6.79291248 0.432611674
v 0.136572078 6.7038455 0.551978767
v 0.135765895 6.72482109 0.54297483
v 0.133437186 6.69259977 0.558621228
v 0.134358168 6.74399233 0.540692151
v 0.134102851 6.75997162 0.549226046
v 0.114998691 6.71093369 0.552605569
v 0.116554849 6.72724104 0.544249237
v 0.113010995 6.69900703 0.561340928
v 0.106420211 6.67778301 0.57707274
v 0.0948078781 6.70706224 0.565734863
v 0.12705563 6.66664171 0.574274302
v 0.118529469 6.74459314 0.540941179
v 0.0986263454 6.71770716 0.554933488
v 0.102196358 6.73160791 0.54503417
v 0.11855562 6.76041746 0.549755216
v 0.105007894 6.74671173 0.538875103
v 0.083234787 6.73942804 0.548316658
v 0.118215613 6.76679802 0.544000864
v 0.124283321 6.77255154 0.530793428
v 0.134509489 6.77365017 0.529825449
v 0.114475608 6.77213383 0.530636609
v 0.106341749 6.76224709 0.547374845
v 0.107440211 6.76711226 0.54334718
v 0.102183282 6.77272224 0.529276133
v 0.0950955749 6.76894283 0.539633155
v 0.0927286521 6.76531982 0.54117614
v 0.0864124745 6.77140188 0.534298062
v 0.0898124874 6.75144577 0.535017073
v 0.0813124627 6.76836777 0.53440243
v 0.0837970898 6.77566433 0.52951169
v 0.0933955759 6.77417326 0.527262568
v 0.0740678385 6.7593708 0.530793428
v 0.0885832459 6.77788734 0.525327146
v 0.0859417021 6.78298759 0.527236342
v 0.0763955414 6.77286625 0.532676399
v 0.0871094242 6.77935696 0.535134852
v 0.0900478736 6.78811407 0.530061007
v 0.0792463124 6.77806997 0.540941179
v 0.0649139732 6.76862907 0.536468506
v 0.0619193539 6.75237417 0.5519647
v 0.0928851366 6.78342247 0.539319456
v 0.0997771248 6.79483557 0.533330083
v 0.089341715 6.78340578 0.546511829
v 0.102992989 6.78957176 0.544655144
v 0.11201714 6.80001307 0.533826888
v 0.0764347613 6.72729254 0.560817838
v 0.114737146 6.79567194 0.545701265
v 0.123263322 6.80307341 0.531943977
v 0.12739563 6.79907227 0.546538055
v 0.133986428 6.80521822 0.529877901
v 0.11469318 6.79402161 0.553311765
v 0.10058789 6.7900486 0.551350057
v 0.0826463178 6.78667545 0.552841187
v 0.139949501 6.80071926 0.544995129
v 0.0990186557 6.79475641 0.560164154
v 0.0651493594 6.77880239 0.545203865
v 0.152006447 6.80296898 0.541176736
v 0.15513739 6.80084467 0.548656583
v 0.141408429 6.79956102 0.552710533
v 0.128496662 6.79733944 0.554750383
v 0.112566382 6.79996157 0.561602771
v 0.14149259 6.80772924 0.559144258
v 0.17025131 6.8013401 0.541019261
v 0.158571079 6.80893183 0.553547323
v 0.177192658 6.80843496 0.543452144
v 0.187798083 6.83617163 0.531290293
v 0.164168015 6.83712626 0.547505498
v 0.198115766 6.85632324 0.529224217
v 0.126114085 6.80435514 0.561628997
v 0.140956432 6.83139896 0.559039891
v 0.12160255 6.82308149 0.565512657
v 0.172171116 6.85540628 0.551506937
v 0.14431721 6.84740448 0.568742692
v 0.227748141 6.85648012 0.50994873
v 0.102078661 6.8147912 0.567879617
v 0.120961778 6.84118032 0.578890383
v 0.246160477 6.84353399 0.478433222
v 0.0824893937 6.80657816 0.564100325
v 0.0954878777 6.83124113 0.587285757
v 0.253012806 6.83142519 0.442236304
v 0.0672547519 6.79486132 0.556162715
v 0.0723678321 6.81837368 0.591417849
v 0.049953945 6.8088541 0.582081258
v 0.0330193006 6.82365704 0.613910496
v 0.0703016743 6.83346415 0.610353351
v 0.0957232639 6.84539032 0.599264503
v 0.0632662773 6.86032438 0.613674939
v 0.122740246 6.85590458 0.589221179
v 0.0945201889 6.86741257 0.598139644
v 0.147952601 6.86205053 0.578288555
v 0.122766398 6.87280035 0.59243834
v 0.178238824 6.86790943 0.557261348
v 0.148998752 6.87698412 0.580040872
v 0.205961943 6.86845827 0.533905625
v 0.182972655 6.88252974 0.559719861
v 0.21278812 6.88284302 0.534794927
v 0.236248165 6.87214565 0.504194915
v 0.0903878734 6.89390612 0.587311983
v 0.119471006 6.89971256 0.578053594
v 0.149835676 6.9044199 0.566257894
v 0.182763442 6.90418434 0.546956778
v 0.214200422 6.90159512 0.522842407
v 0.238497391 6.89058495 0.488790274
v 0.0606247373 6.89223194 0.599813223
v 0.247494355 6.86223364 0.457144141
v 0.0889232531 6.93390846 0.572142959
v 0.122740246 6.93568707 0.560203254
v 0.154687226 6.93491554 0.546276212
v 0.184803441 6.9317503 0.528164685
v 0.0594739616 6.93462753 0.58031553
v 0.0300508272 6.89296484 0.601723015
v 0.215377346 6.9258399 0.49964416
v 0.235162765 6.91229248 0.460883766
v 0.0302862134 6.85182476 0.618801236
v -0 6.85169363 0.621573448
v -0 6.89471674 0.601801157
v -0 6.81978559 0.61893189
v 0.0296062138 6.93747854 0.584539771
v -0 6.93860292 0.585075676
v 0.0214854255 6.80844831 0.595877051
v -0 6.80550623 0.600676894
v 0.0280108247 6.97689199 0.570259392
v -0 6.97911549 0.575202644
v -0 7.01471043 0.567513406
v 0.0376093052 6.79556751 0.57590878
v 0.0209100414 6.78386354 0.606207848
v -0 6.78834867 0.614773571
v 0.0621155053 6.97668314 0.5661273
v 0.0511962548 7.01684237 0.557967544
v -0 7.05106497 0.547976673
v 0.0509347133 7.0487895 0.541882336
v 0.0942324921 6.97419834 0.55498594
v 0.103334054 7.01201725 0.538508892
v 0.107335597 7.04546738 0.518317878
v 0.12705563 6.96998787 0.542196631
v 0.156792611 7.00928402 0.504181504
v 0.170693412 7.0367198 0.474052727
v 0.160846472 6.96891594 0.521718144
v 0.189484999 6.96546316 0.49763
v 0.19380039 7.00270653 0.463107288
v 0.209832728 7.02386475 0.412865579
v 0.216685042 6.95709419 0.46250549
v 0.222700432 6.97669601 0.399487913
v 0.228676602 7.00007725 0.349180907
v 0.233781263 6.93936157 0.42129454
v 0.241985187 6.93838692 0.328679204
v 0.242357954 6.95885658 0.280108035
v 0.261674047 6.8834734 0.279066771
v 0.254817426 6.89677 0.231618643
v 0.243230522 6.91077614 0.38092652
v 0.244878948 6.88581181 0.425929546
v 0.252319723 6.84633207 0.405947864
v 0.25220719 6.86576414 0.343814075
v 0.263118327 6.79790258 0.394420773
v 0.259708196 6.81811285 0.220137328
v 0.258086652 6.82814217 0.184384763
v 0.270169765 6.79049349 0.187601924
v 0.270653605 6.77315331 0.214096069
v 0.262062043 6.80942917 0.251495957
v 0.280749023 6.74413538 0.23844482
v 0.263905913 6.80033445 0.334848613
v 0.278879017 6.751472 0.330153793
v 0.279519767 6.75140667 0.394257188
v 0.28603211 6.71231937 0.328885496
v 0.284371346 6.69820976 0.246997669
v 0.276394397 6.6524663 0.249181509
v 0.287418246 6.71864843 0.398690164
v 0.282645166 6.66577864 0.330258161
v 0.282932878 6.67575645 0.407085568
v 0.263289899 6.64173651 0.456288427
v 0.262881666 6.61598444 0.384984136
v 0.268994987 6.61604214 0.331704706
v 0.267214388 6.60270882 0.266717523
v 0.269254386 6.59841919 0.251234114
v 0.263343573 6.57820225 0.247651368
v 0.261774361 6.57025194 0.274903566
v 0.250292808 6.55939817 0.248252556
v 0.256033599 6.50430393 0.28835997
v 0.244852781 6.49244356 0.264114976
v 0.246160477 6.44787788 0.290491313
v 0.259675205 6.55378151 0.331099242
v 0.247295827 6.45437241 0.309932232
v 0.235071138 6.41372061 0.315050036
v 0.238065109 6.42261839 0.330420524
v 0.216502011 6.37945843 0.355117798
v 0.249135494 6.46489716 0.341432482
v 0.252998948 6.50099611 0.337905258
v 0.252477139 6.55072355 0.381383657
v 0.244600102 6.49580956 0.381236553
v 0.247962207 6.60234928 0.437593371
v 0.23619701 6.5427556 0.430964947
v 0.225616604 6.58051872 0.480695784
v 0.233224124 6.61238289 0.495400369
v 0.229948401 6.64027739 0.514063716
v 0.215361953 6.65707064 0.528612077
v 0.23896201 6.45810413 0.382647693
v 0.227695823 6.48849487 0.430702507
v 0.216894254 6.52386808 0.474915773
v 0.202308208 6.55799007 0.51080507
v 0.202133521 6.58966398 0.522351682
v 0.199224412 6.61728668 0.535745203
v 0.178339764 6.59844828 0.558837891
v 0.189818189 6.6366787 0.55088073
v 0.159100696 6.65207386 0.565009117
v 0.158571079 6.61314392 0.566911638
v 0.13258718 6.63092899 0.574156463
v 0.187486574 6.57490015 0.54478699
v 0.109506376 6.64594078 0.577974856
v 0.130481794 6.59263897 0.570991814
v 0.110539451 6.60755968 0.584605098
v 0.180906504 6.54148197 0.534166873
v 0.156387225 6.56091499 0.555129409
v 0.145049527 6.57982349 0.562779546
v 0.197550729 6.50626945 0.506849349
v 0.207583502 6.47192621 0.474915773
v 0.224413529 6.43996572 0.426203609
v 0.13280949 6.56920528 0.567983985
v 0.143218741 6.55347395 0.559313953
v 0.164272636 6.53457737 0.547165513
v 0.177781105 6.4937644 0.535108626
v 0.191435635 6.4527874 0.511728525
v 0.202823475 6.4169116 0.476680905
v 0.122034088 6.58139324 0.575333238
v 0.232325077 6.41604805 0.390661001
v 0.222569674 6.39640617 0.419037461
v 0.243466616 6.43867111 0.358151227
v 0.227430612 6.39113998 0.37078613
v 0.213981241 6.37053347 0.398790896
v 0.199684978 6.35662651 0.381376326
v 0.20411931 6.3728385 0.468283683
v 0.195225775 6.33603001 0.44851318
v 0.163095698 6.3134203 0.430584699
v 0.180230021 6.37982607 0.529933453
v 0.156740323 6.29066706 0.503959358
v 0.127552554 6.2811985 0.48512876
v 0.123524852 6.25907278 0.547950447
v 0.178845704 6.33324862 0.523146987
v 0.17258957 6.44063282 0.544393301
v 0.152979523 6.29626703 0.570747077
v 0.156011507 6.34799623 0.584804654
v 0.137752578 6.39063931 0.599630117
v 0.120647922 6.26746798 0.61540097
v 0.060598582 6.24373341 0.592385828
v 0.16210185 6.48815393 0.553037107
v 0.120804854 6.30311584 0.634676516
v 0.0604024269 6.26034117 0.643529654
v -0 6.24327517 0.593876302
v -0 6.2631259 0.660516977
v 0.0583885759 6.29919243 0.673057258
v -0 6.30209589 0.687742889
v 0.105400205 6.34203291 0.641398311
v 0.0531708747 6.33640957 0.666963458
v -0 6.33489227 0.677150846
v -0 6.38816833 0.657822847
v 0.0859417021 6.39245701 0.634964585
v 0.0431146994 6.38785505 0.651964724
v 0.0372039229 6.42546368 0.641829848
v -0 6.42541122 0.647675157
v 0.0735970661 6.42891598 0.630073845
v 0.0306981374 6.47301149 0.641574681
v -0 6.47294617 0.644314587
v 0.120020233 6.41925287 0.605999112
v 0.0554593466 6.47545624 0.634702742
v 0.0275662076 6.50116539 0.651166975
v -0 6.5012579 0.654291987
v -0 6.52805233 0.64560914
v 0.050790865 6.50217247 0.64239198
v 0.0273308232 6.52743769 0.641561866
v -0 6.54603338 0.631878018
v 0.0297108255 6.54420233 0.627092242
v 0.0481624007 6.52684927 0.633748174
v 0.0512877926 6.54252863 0.619167447
v 0.0689220577 6.52549553 0.619808316
v 0.0708770677 6.5390501 0.605018318
v 0.0718316808 6.50303555 0.624699056
v 0.0860986337 6.52351427 0.60338378
v 0.0862032473 6.5348649 0.591444075
v 0.0803120807 6.48061514 0.616172493
v 0.0893155634 6.50491905 0.604652107
v 0.0963509604 6.52146816 0.589096665
v 0.095553264 6.53027582 0.580524862
v 0.101917341 6.44481182 0.608354449
v 0.0968102068 6.48534584 0.599702716
v 0.101294048 6.50733852 0.588475943
v 0.103464812 6.52252054 0.575294197
v 0.0989925042 6.52877188 0.575385749
v 0.099986352 6.52851009 0.573816538
v 0.140158743 6.45044041 0.580355227
v 0.120317884 6.46384382 0.58888793
v 0.115371376 6.49704695 0.579903543
v 0.111284837 6.5149889 0.569867551
v 0.102863282 6.52800655 0.568598628
v 0.0976586491 6.52994776 0.57643187
v 0.156034157 6.44233274 0.566676617
v 0.148697987 6.48803711 0.564479351
v 0.134247959 6.49065161 0.572443247
v 0.123067163 6.51368093 0.567317486
v 0.150881842 6.52725458 0.555064082
v 0.139452592 6.51917267 0.562675178
v 0.110709444 6.52775145 0.562701404
v 0.134156421 6.54345703 0.564230919
v 0.120608687 6.53257656 0.565845907
v 0.124571018 6.55879641 0.572927237
v 0.111703299 6.54533958 0.577648282
v 0.115992546 6.56889153 0.580538332
v 0.10451097 6.53850079 0.579622805
v 0.104628667 6.55423212 0.585651219
v 0.0981686562 6.53444672 0.58079952
v 0.0934740305 6.53251123 0.581139505
v 0.0980248079 6.54569244 0.588724375
v 0.0915386379 6.54017448 0.590463221
v 0.0862293988 6.53635597 0.590502918
v 0.0857520923 6.56902218 0.601853609
v 0.0950171053 6.58569574 0.596491694
v 0.0753232241 6.54766846 0.60662657
v 0.0709685981 6.54041004 0.603475332
v 0.0514708683 6.54378414 0.616656482
v 0.0800963193 6.55710936 0.606535017
v 0.0533147231 6.55233622 0.622619629
v 0.0298677534 6.54564095 0.625104368
v 0.0566754937 6.56415796 0.625234962
v 0.0609778166 6.5775094 0.620357633
v 0.0307112169 6.55378771 0.631845713
v -0 6.54739285 0.630282581
v -0 6.55381393 0.635827601
v -0 6.56525612 0.640325904
v 0.0321169831 6.56639385 0.63730526
v -0 6.57952309 0.637723386
v 0.0334312208 6.57976532 0.632466435
v 0.0348500684 6.59505844 0.630164802
v -0 6.5926919 0.636245728
v 0.0678432137 6.59350204 0.614093602
v 0.0307439063 6.60323095 0.633839726
v -0 6.59805298 0.639253497
v 0.0271085165 6.60674286 0.648028553
v -0 6.59620953 0.653219581
v 0.0238392781 6.60421228 0.672351062
v 0.0496400967 6.62211418 0.632008672
v -0 6.5962224 0.677961409
v 0.0560216494 6.6158905 0.624293804
v 0.0630570427 6.62786865 0.624005735
v 0.0243623555 6.61241198 0.686121225
v -0 6.60908985 0.697550654
v 0.0402246937 6.6166482 0.666610718
v 0.0647308975 6.60995293 0.617179573
v 0.0715047568 6.62509632 0.618121326
v 0.0690593645 6.63506079 0.636965334
v 0.0260754358 6.6278429 0.696608841
v -0 6.6261425 0.707279623
v 0.0422908552 6.62044048 0.674509287
v 0.0553416461 6.63163519 0.665093362
v 0.0799001604 6.60582066 0.606064439
v 0.0261538979 6.64813805 0.700035393
v -0 6.64803267 0.709371924
v -0 6.66859055 0.702964485
v 0.0444616266 6.63357019 0.6796875
v 0.0256046671 6.66753101 0.694974363
v -0 6.68959236 0.689155281
v 0.0575124212 6.63971615 0.668597996
v 0.0630308911 6.6356101 0.654448867
v 0.0461093225 6.64988995 0.681361079
v 0.0251077414 6.68730354 0.681622922
v -0 6.70635653 0.671605825
v 0.0677124411 6.64261961 0.655521214
v 0.0580355003 6.65255785 0.668310523
v 0.0453508608 6.66649818 0.674143076
v 0.0240485091 6.70597744 0.664112508
v -0 6.73919296 0.65081358
v 0.0775201619 6.63655138 0.635722637
v 0.0451677851 6.68229485 0.662007451
v 0.0715047568 6.65334272 0.653298318
v 0.0577216521 6.66743946 0.662033677
v 0.0236300472 6.73542643 0.642326653
v 0.0440954678 6.69986963 0.64576596
v 0.0554201081 6.68287039 0.64644593
v 0.0721847564 6.66856432 0.647335172
v 0.0219561979 6.76700735 0.619821131
v -0 6.77422571 0.62703979
v 0.0413362347 6.72639084 0.622240603
v 0.0523077957 6.69296598 0.632584214
v 0.0405908488 6.74880409 0.599107027
v 0.0831955522 6.65229607 0.632976651
v 0.0687062889 6.68307972 0.631983042
v 0.0522031784 6.71735477 0.610327125
v 0.0821493864 6.66513777 0.626856685
v 0.0887140185 6.64662075 0.612811863
v 0.0669147447 6.68689823 0.607293665
v 0.0789847672 6.67452765 0.618356943
v 0.0873540193 6.66121435 0.607162476
v 0.0808678493 6.66856432 0.592098355
v 0.0871447921 6.63587189 0.613413692
v 0.0885047913 6.65109348 0.594059408
v 0.08058016 6.62543631 0.604390264
v 0.0861509368 6.6355319 0.598819554
v 0.089446336 6.61832237 0.597956538
v 0.0952524915 6.65501642 0.582264364
v 0.10154251 6.59691525 0.590920985
v 0.0873409435 6.68906832 0.582735002
v 0.0717139915 6.71866179 0.572901011
v 0.067987062 6.70394993 0.594118655
v 0.0521508679 6.73475933 0.585585952
v 0.0545308776 6.74446297 0.569448829
v 0.0392046943 6.76766109 0.58147949
v 0.053236261 6.76364613 0.552514017
v 0.0518370233 6.78132677 0.553063333
v 0.151274145 6.77640963 0.526007056
v 0.150633365 6.77042055 0.539750993
v 0.135332093 6.76917887 0.542216778
v 0.0950955749 6.76894283 0.539633155
v 0.0864124745 6.77140188 0.534298062
v 0.102183282 6.77272224 0.529276133
v -0 6.5501461 0.608129859
v -0 6.60253906 0.600275874
v 0.0249270219 6.60233736 0.598007798
v 0.0361933783 6.55052042 0.60466063
v 0.0513254777 6.60334826 0.588764608
v 0.0661267191 6.55176735 0.591624737
v 0.0931607485 6.55263758 0.571744382
v 0.0790081546 6.60396767 0.569938362
v 0.0938050374 6.60445166 0.554796755
v 0.119245775 6.55396032 0.500238001
v 0.114409246 6.60627556 0.495364368
v 0.131791994 6.55775213 0.410195291
v 0.0931694582 6.55085182 0.494906604
v 0.131791994 6.55775213 0.410195291
v 0.103465028 6.55475283 0.407254636
v 0.119245775 6.55396032 0.500238001
v 0.0815809593 6.55001259 0.565344214
v 0.0931607485 6.55263758 0.571744382
v 0.0622696914 6.54963732 0.584368289
v 0.0661267191 6.55176735 0.591624737
v 0.0313655622 6.54841518 0.596375704
v 0.0361933783 6.55052042 0.60466063
v -0 6.5501461 0.608129859
v -0 6.54855824 0.600487649
v 0.0931694582 6.55085182 0.494906604
v 0.103465028 6.55475283 0.407254636
v 0.0780373663 6.59925938 0.49370116
v 0.0667710081 6.59867096 0.556686401
v 0.0815809593 6.55001259 0.565344214
v 0.0529318452 6.59793997 0.56910336
v 0.0622696914 6.54963732 0.584368289
v 0.0242914408 6.59737396 0.58334291
v 0.0313655622 6.54841518 0.596375704
v -0 6.5970788 0.585196495
v -0 6.54855824 0.600487649
v 0.0320054963 6.49433041 0.592945516
v -0 6.49404049 0.594799817
v -0 6.54604149 0.597965062
v 0.0371598154 6.54472208 0.596022964
v 0.0712810382 6.4962101 0.583165288
v 0.0733749792 6.54689312 0.586909771
v 0.0925251767 6.49801397 0.572477996
v 0.101536512 6.54446173 0.564696014
v 0.1079707 6.4989171 0.556840181
v 0.121335343 6.54578829 0.491918921
v 0.127612829 6.50055599 0.490328372
v 0.131791994 6.54839516 0.40781799
v 0.131791994 6.54839516 0.40781799
v 0.101214372 6.5460577 0.485946029
v 0.109899215 6.54807234 0.404192507
v 0.121335343 6.54578829 0.491918921
v 0.0931694582 6.54501152 0.560527921
v 0.101536512 6.54446173 0.564696014
v 0.0688605979 6.54729271 0.581146836
v 0.0733749792 6.54689312 0.586909771
v 0.0355447382 6.54571152 0.589069188
v 0.0371598154 6.54472208 0.596022964
v -0 6.54604149 0.597965062
v -0 6.54721308 0.590535283
v 0.101214372 6.5460577 0.485946029
v 0.103465028 6.49984074 0.45378235
v 0.109899215 6.54807234 0.404192507
v 0.088010788 6.49746132 0.519899309
v 0.0931694582 6.54501152 0.560527921
v 0.0835181773 6.49740028 0.550113499
v 0.0679028705 6.49974108 0.571292698
v 0.0688605979 6.54729271 0.581146836
v 0.034587007 6.49958658 0.579888284
v 0.0355447382 6.54571152 0.589069188
v -0 6.50018167 0.581445932
v -0 6.54721308 0.590535283
v 0.0263505504 6.53533554 0.591534436
v -0 6.53469324 0.594904184
v -0 6.55653048 0.556096792
v 0.032667201 6.5551219 0.556222498
v -0 6.54942894 0.452042222
v 0.0645682365 6.53622198 0.55884397
v 0.0579250902 6.52641582 0.56018734
v 0.0971483812 6.50476933 0.457424313
v 0.0456357077 6.55042458 0.452663571
v -0 6.52064276 0.372603744
v 0.0908317268 6.52823734 0.455576777
v 0.0914977938 6.50408173 0.383054793
v 0.103465028 6.47116327 0.390231311
v 0.0855119973 6.47991514 0.366291493
v 0.0469634607 6.51863337 0.371365339
v -0 6.48001146 0.356833488
v -0 6.50634623 0.456575304
v 0.103465028 6.47116327 0.390231311
v -0 6.47199202 0.383538187
v 0.0971483812 6.50476933 0.457424313
v 0.0579250902 6.52641582 0.56018734
v -0 6.53469324 0.594904184
v 0.0263505504 6.53533554 0.591534436
v 0.588632703 0.843266249 0.515753448
v 0.663628995 0.4496454 0.579949617
v 0.629498184 0.431726813 0.45462957
v 0.530440271 0.82384944 0.408861041
v 0.429133147 1.13671136 0.404356986
v 0.512877882 1.16141701 0.510328889
v 0.346800685 1.5198344 0.407701403
v 0.443596244 1.52706647 0.512111664
v 0.418776184 1.66770661 0.520337999
v 0.533500254 0.809527278 0.330840826
v 0.636847377 0.413009435 0.392721891
v 0.325877577 1.65954602 0.411113739
v 0.388385385 1.80672121 0.534690142
v 0.4322716 1.13064718 0.277676463
v 0.635147452 0.815276027 0.276175886
v 0.713138342 0.4216429 0.360726476
v 0.57394731 1.14612114 0.188571319
v 0.347206056 1.49451637 0.244924232
v 0.727091432 0.833721578 0.325873554
v 0.791940033 0.443811834 0.391119719
v 0.702755272 1.16743338 0.251317501
v 0.770402253 0.856898785 0.423855782
v 0.826803207 0.481039464 0.474665999
v 0.782953322 0.506479859 0.596320689
v 0.747399986 1.18807387 0.390367121
v 0.53296417 1.48158336 0.137593374
v 0.334887624 1.63499475 0.257556915
v 0.718157053 0.8663342 0.553637028
v 0.588632703 0.843266249 0.515753448
v 0.663628995 0.4496454 0.579949617
v 0.684117794 1.1902957 0.542486131
v 0.512877882 1.16141701 0.510328889
v 0.443596244 1.52706647 0.512111664
v 0.681675196 1.49162483 0.21965377
v 0.509817958 1.62333405 0.149531096
v 0.716695249 1.51050365 0.374963224
v 0.648302853 1.63329828 0.237450093
v 0.64038837 1.52595353 0.53142637
v 0.679059803 1.65044522 0.385461271
v 0.61240375 1.66462767 0.526534081
v 0.418776184 1.66770661 0.520337999
v 0.61079812 1.77358258 0.26244995
v 0.483350158 1.76295769 0.175164789
v 0.639332056 1.78996229 0.397012323
v 0.588499069 1.80308378 0.534130454
v 0.388385385 1.80672121 0.534690142
v 0.321509838 1.77500784 0.274158925
v 0.461380899 1.87798667 0.205452114
v 0.583441138 1.88733196 0.28006193
v 0.579266787 1.91732931 0.555818498
v 0.356032997 1.91947913 0.548918724
v 0.613831937 1.90214622 0.401114494
v 0.568125188 2.06098604 0.584280968
v 0.320699066 2.06083608 0.558269799
v 0.588331938 2.04281783 0.404620796
v 0.555874944 2.02870965 0.290016472
v 0.444040895 2.01921344 0.21589905
v 0.305869848 1.88754487 0.285489798
v 0.285456717 2.02712774 0.284597158
v 0.297971368 1.79781246 0.41607222
v 0.356032997 1.91947913 0.548918724
v 0.266377449 1.90905058 0.418682247
v 0.235934332 2.04814529 0.412263334
v 0.320699066 2.06083608 0.558269799
v 1.63253534 4.81174564 0.112847291
v 1.55248237 4.85753822 0.105333552
v 1.50375009 4.70801735 0.178171992
v 1.59101224 4.67103624 0.192611694
v 1.72154558 4.77131557 0.133762509
v 1.56384242 4.6243248 0.368698418
v 1.47416365 4.66095972 0.368763417
v 1.67892039 4.63485193 0.209656671
v 1.85846233 4.7181344 0.17493102
v 1.57617342 4.67716074 0.471516401
v 1.49042571 4.71815395 0.46696195
v 1.65399086 4.59441233 0.383834213
v 1.66754591 4.64611435 0.483314812
v 1.81727946 4.59419537 0.255473942
v 2.07063007 4.6547246 0.233522639
v 1.79677629 4.56218386 0.415789783
v 1.81011319 4.61180449 0.513473809
v 2.01997089 4.53728008 0.313349605
v 2.27460217 4.56597662 0.285765976
v 1.99531412 4.50846958 0.469877303
v 2.00817227 4.5541997 0.563738704
v 2.20775867 4.47254896 0.363054812
v 2.4311862 4.48942137 0.328715801
v 2.17673635 4.4576869 0.507546067
v 2.18676519 4.50269794 0.587655902
v 2.33465791 4.45306349 0.602871716
v 2.36937618 4.41301394 0.403672159
v 2.52278447 4.43490458 0.353460997
v 2.33054328 4.41611242 0.538710296
v 2.42933226 4.41821814 0.606935084
v 2.42302155 4.38623476 0.546231389
v 2.52058244 4.38046026 0.610712886
v 2.46212053 4.38225079 0.426486194
v 2.51700354 4.35365248 0.551328123
v 2.54628658 4.36530352 0.395730287
v 2.58695364 4.39945126 0.362930298
v 2.57722616 4.32856464 0.603716731
v 2.57081318 4.35338593 0.640142798
v 2.53377366 4.33774996 0.471755356
v 2.60493159 4.32537174 0.384174198
v 2.64759302 4.35941648 0.365647256
v 2.5937047 4.30582619 0.434817791
v 2.63967514 4.28216219 0.368437797
v 2.68399692 4.31546879 0.346441031
v 2.59388351 4.30133343 0.50630188
v 2.678859 4.22135687 0.380688787
v 2.72217798 4.26153421 0.33162719
v 2.7914772 4.1989274 0.33107695
v 2.61354971 4.28614092 0.422203362
v 2.67950439 4.22141981 0.506910086
v 2.58027434 4.30992556 0.557048023
v 2.59780288 4.27417946 0.572572291
v 2.76360989 4.14996004 0.377006203
v 2.78970122 4.15424919 0.522080958
v 2.82957196 4.12641335 0.358006597
v 2.8487184 4.14914989 0.330750108
v 2.87551975 4.12453413 0.336397082
v 2.82404566 4.11499786 0.401606441
v 2.85188532 4.10177565 0.362237841
v 2.89301085 4.08707476 0.339235514
v 2.58085179 4.25476742 0.675602376
v 2.58052874 4.30070066 0.715317667
v 2.60011959 4.24579525 0.759183049
v 2.67832875 4.18226862 0.601035476
v 2.59694552 4.21001625 0.722403228
v 2.63732362 4.18134928 0.794673443
v 2.60671163 4.22072792 0.635484576
v 2.62611914 4.17460394 0.680723846
v 2.65547228 4.14550543 0.731951296
v 2.69271111 4.14395428 0.664063692
v 2.66996527 4.13297176 0.756724238
v 2.65811419 4.14350462 0.805484891
v 2.79012132 4.15670586 0.614609957
v 2.71511602 4.13954544 0.722803354
v 2.68380761 4.09071779 0.778888524
v 2.66230464 4.09521437 0.817510664
v 2.79176903 4.15233088 0.673426211
v 2.722435 4.12695312 0.740722954
v 2.69128108 4.06768131 0.788375199
v 2.66612053 4.06878614 0.819984734
v 2.76904964 4.14746857 0.738630354
v 2.6938448 4.04368353 0.7898193
v 2.66902161 4.04181433 0.824049354
v 2.70401859 3.97468162 0.806897879
v 2.68750143 3.97442675 0.835148931
v 2.71633053 3.95046616 0.824594378
v 2.7037096 3.94890857 0.84337616
v 2.72245049 3.93732786 0.844860494
v 2.74571252 3.93431878 0.843858957
v 2.74704456 3.94839644 0.816973269
v 2.76993585 3.93963432 0.841439188
v 2.7447083 3.97869873 0.792246401
v 2.77417707 3.95555329 0.817513704
v 2.78693819 3.95380211 0.8366763
v 2.79841447 3.98802352 0.831242979
v 2.78458357 3.98793459 0.802013814
v 2.80265427 4.06091261 0.825329244
v 2.73784351 4.05408096 0.773764312
v 2.78397298 4.05866528 0.789220572
v 2.80000877 4.08868027 0.823310554
v 2.77982807 4.08176327 0.788350821
v 2.79287314 4.12406492 0.813589454
v 2.73458958 4.07625008 0.774785757
v 2.7784164 4.10534668 0.778797925
v 2.79109359 4.15181541 0.804641068
v 2.73233414 4.09318733 0.762719691
v 2.76961136 4.1391325 0.757147789
v 2.79377413 4.18040133 0.790936887
v 2.80209708 4.20091343 0.773930967
v 2.82480645 4.17689514 0.726658285
v 2.81683683 4.21221161 0.762015343
v 2.85447407 4.19691277 0.763436556
v 2.873142 4.24377537 0.782752335
v 2.87845445 4.18402719 0.780036628
v 2.90281987 4.22438097 0.791559458
v 2.8560338 4.16661644 0.73440212
v 2.86745 4.14912367 0.683599234
v 2.90933895 4.17083883 0.785670757
v 2.92998934 4.19845581 0.801010132
v 2.88179231 4.15231752 0.745424151
v 2.98593497 4.09526682 0.823772252
v 3.01595235 4.116539 0.838908076
v 2.87144399 4.13072968 0.626303077
v 2.89659142 4.14579105 0.70301789
v 2.90694022 4.14757538 0.753821671
v 2.91991258 4.14802647 0.716605842
v 3.00130272 4.07583618 0.827763677
v 3.02896762 4.09522057 0.845793724
v 3.03924513 4.07389355 0.849987447
v 2.9812479 4.07864761 0.787885427
v 3.01162076 4.05475664 0.836384535
v 3.06955004 3.99212456 0.87969327
v 3.0010519 4.06302404 0.796829224
v 2.89998364 4.13320684 0.675958216
v 3.0003159 4.07415581 0.758734405
v 2.96200562 4.17647505 0.698005676
v 2.97259474 4.16813612 0.705558777
v 2.96507907 4.17359877 0.684751272
v 3.03340459 4.08361387 0.74446106
v 3.01453876 4.05586576 0.768598616
v 3.04768491 4.06356478 0.75257659
v 3.05558467 4.04563475 0.762787163
v 3.00451612 4.03954887 0.802553058
v 3.02474141 4.03446484 0.777322054
v 3.07679009 3.96587181 0.788522959
v 3.02628422 3.97110748 0.828247368
v 3.04934025 3.96129107 0.799748242
v 3.03778625 3.98338771 0.866752625
v 3.05449677 3.94933105 0.806280494
v 3.08137417 3.95283771 0.792829573
v 3.0855453 3.93745852 0.79813534
v 3.03560948 3.95972729 0.83261627
v 3.04425287 3.97176385 0.871603668
v 3.07466006 3.97926545 0.883571744
v 3.04665804 3.9588573 0.875227332
v 3.07689452 3.96582627 0.886840522
v 3.05644107 3.93341541 0.811623514
v 3.09146595 3.90775037 0.807241797
v 3.03972864 3.93807101 0.840288699
v 3.05158949 3.92893863 0.880051255
v 3.08388305 3.92819023 0.893928528
v 3.04342246 3.91395259 0.847033083
v 3.06335497 3.90186048 0.886754751
v 3.08998013 3.90149903 0.899721682
v 3.06163955 3.90423179 0.818416417
v 3.07866144 3.87459397 0.884834886
v 3.09950256 3.86917281 0.893254995
v 3.10357404 3.85757613 0.883883655
v 3.05251217 3.88615704 0.857536316
v 3.07068229 3.87939382 0.82727021
v 3.09907532 3.88008666 0.815180659
v 3.07826138 3.8642199 0.863827169
v 3.10617781 3.85166669 0.869986832
v 3.10790253 3.85010862 0.854535818
v 3.08285975 3.86148238 0.838182032
v 3.10404205 3.85813522 0.833156109
v -0.134162962 5.86029768 0.794058502
v -0 5.96511602 0.612119138
v -0 5.83373165 0.83077848
v -0.121955618 5.98803329 0.580629885
v -0.319509089 5.83989143 0.687049568
v -0 6.08878469 0.478616327
v -0.321241796 5.95175171 0.521979332
v -0.484945595 5.83318233 0.481767565
v -0.325184464 6.02206612 0.411204815
v -0.531787157 5.93502617 0.345728129
v -0.303156346 6.09597635 0.304686278
v -0.472561717 6.02294159 0.191747427
v -0.40556848 6.07351065 0.0933172554
v -0.111258678 6.0787549 0.449585557
v -0 6.15688896 0.463525385
v -0.104164436 6.14582634 0.410479128
v -0.224399403 6.23925591 0.243667603
v -0.299331367 6.16732454 0.181298822
v -0 6.21780157 0.445413798
v -0.261963993 6.26386499 0.0735382065
v -0.329728723 6.14122295 -0.0217730701
v -0.206668079 6.29388285 -0.0340393074
v -0.238196641 6.19068003 -0.0966125503
v -0.102484055 6.29703474 -0.0981030241
v -0.110408679 6.20613718 -0.143702388
v -0 6.29377842 -0.116489254
v -0 6.20380974 -0.161239013
v -0 6.41230822 -0.0617230199
v -0.0878574848 6.41523123 -0.0489208959
v -0 6.49167156 -0.0332153328
v -0.1904919 6.40169668 0.00440063467
v -0.0792593807 6.49754333 -0.0252386462
v -0.0788801536 6.55499125 -0.0343530253
v -0 6.55448103 -0.0470770262
v -0 6.62240219 -0.0362231433
v -0.0799524635 6.61670113 -0.0306652822
v -0.17950727 6.5032053 0.0237872303
v -0.181233436 6.57668543 0.0273834225
v -0.180474967 6.632236 0.0147509761
v -0.2200066 6.63257599 0.0917480439
v -0.211480424 6.69254684 0.0715832487
v -0.231697381 6.56298065 0.110814206
v -0.23205699 6.48325062 0.105014645
v -0.244525865 6.54641199 0.159342647
v -0.23809199 6.37345028 0.0897076428
v -0.239929304 6.45339584 0.187713012
v -0.236146286 6.36147213 0.19265686
v -0.235149682 6.48323774 0.238902584
v -0.247023582 6.55385303 0.219117433
v -0.250292808 6.55939817 0.248252556
v -0.244852781 6.49244356 0.264114976
v -0.246160477 6.44787788 0.290491313
v -0.227251217 6.42873287 0.256700426
v -0.19901523 6.35658312 0.266878039
v -0.213965029 6.40315437 0.285809934
v -0.235071138 6.41372061 0.315050036
v -0.196912706 6.37025261 0.333880603
v -0.216502011 6.37945843 0.355117798
v -0.199684978 6.35662651 0.381376326
v -0.160785049 6.33604622 0.304506212
v -0.167358801 6.34216356 0.363617539
v -0.163095698 6.3134203 0.430584699
v -0.136582196 6.22418928 0.354875475
v -0.127500251 6.29516459 0.355667114
v -0.122400247 6.30693388 0.392438948
v -0.074342452 6.2767005 0.454071045
v -0.127552554 6.2811985 0.48512876
v -0.0577347279 6.21391773 0.424517214
v -0.0572508797 6.247931 0.422228396
v -0 6.2538147 0.433552861
v -0.0604678094 6.27003098 0.434233397
v -0 6.27743196 0.427485347
v -0 6.28577566 0.451547235
v -0 6.25530624 0.52310425
v -0.0612393506 6.25273037 0.531264007
v -0.123524852 6.25907278 0.547950447
v -0 6.24327517 0.593876302
v -0.060598582 6.24373341 0.592385828
v -0 6.54739285 0.630282581
v -0.0265621059 6.57205772 0.615916133
v -0.0298677534 6.54564095 0.625104368
v -0.0514708683 6.54378414 0.616656482
v -0.0709685981 6.54041004 0.603475332
v -0.0862293988 6.53635597 0.590502918
v -0.0934740305 6.53251123 0.581139505
v -0.0976586491 6.52994776 0.57643187
v -0.099986352 6.52851009 0.573816538
v -0.0358177647 6.60444832 0.598976433
v -0.126653701 6.57597923 0.521325648
v -0.136238337 6.57718229 0.46504271
v -0.0354777612 6.59218121 0.414212018
v -0.132355258 6.56638098 0.509739339
v -0.141573727 6.55134249 0.441530138
v -0.0400808454 6.55055761 0.304445803
v -0.0359746851 6.47276735 0.350267321
v -0.133375242 6.55105448 0.501056492
v -0.118515402 6.47451353 0.448754251
v -0.125166073 6.51215506 0.511831641
v -0.113449134 6.46471167 0.528502166
v -0.0261015892 6.46295404 0.581537485
v -0.0989925042 6.52877188 0.575385749
v -0.095553264 6.53027582 0.580524862
v -0.0862032473 6.5348649 0.591444075
v -0.0708770677 6.5390501 0.605018318
v -0.0512877926 6.54252863 0.619167447
v -0.0297108255 6.54420233 0.627092242
v -0.181037292 6.78581238 0.514735103
v -0.187628075 6.78215075 0.523313582
v -0.195513457 6.78727627 0.513414323
v -0.185156509 6.7892127 0.510380208
v -0.175963417 6.78256893 0.518971562
v -0.187628075 6.78215075 0.523313582
v -0.180435732 6.77788687 0.529982269
v -0.16725418 6.78018904 0.52174437
v -0.195343465 6.7712183 0.525013387
v -0.195513457 6.78727627 0.513414323
v -0.166642293 6.77205133 0.535970449
v -0.151274145 6.77640963 0.526007056
v -0.150633365 6.77042055 0.539750993
v -0.185718819 6.76716423 0.531917691
v -0.169911534 6.76245308 0.53934449
v -0.150907993 6.76088715 0.545491934
v -0.135332093 6.76917887 0.542216778
v -0.173308566 6.74945498 0.534080207
v -0.188857302 6.7559185 0.528204322
v -0.153510302 6.74469852 0.53865236
v -0.203699648 6.77753448 0.512053847
v -0.198900387 6.76177645 0.521038175
v -0.198743448 6.79078102 0.507254601
v -0.185156509 6.7892127 0.510380208
v -0.187654212 6.79187965 0.498205543
v -0.19862096 6.79273748 0.509451866
v -0.183731139 6.7952795 0.494805276
v -0.190396816 6.79627657 0.515519381
v -0.180723429 6.80030155 0.499984115
v -0.173220724 6.80269814 0.510524273
v -0.178709596 6.79949617 0.520593226
v -0.161679 6.80636072 0.518781126
v -0.167495996 6.80283165 0.532427967
v -0.146487981 6.80621195 0.525745809
v -0.186472371 6.79958057 0.528073132
v -0.19783707 6.79712629 0.516382456
v -0.206118867 6.79276848 0.508457601
v -0.207818866 6.7855773 0.502155125
v -0.21008119 6.77178097 0.507372439
v -0.208394259 6.80173922 0.514473259
v -0.213808119 6.79357958 0.505345464
v -0.197174236 6.80600262 0.528465569
v -0.213598877 6.78369379 0.49896422
v -0.210682705 6.75127554 0.51464355
v -0.219424665 6.7678833 0.500697017
v -0.199724227 6.74093246 0.524817467
v -0.182104453 6.73055172 0.533029139
v -0.215534285 6.72215319 0.520880699
v -0.22602199 6.73957205 0.508143902
v -0.159028769 6.72528553 0.539561749
v -0.222726583 6.79722786 0.496740699
v -0.224143982 6.78186274 0.494006336
v -0.231726527 6.76202488 0.492262572
v -0.217574269 6.81017447 0.503240347
v -0.235651046 6.78252411 0.485809922
v -0.233606607 6.8035965 0.487770379
v -0.205399618 6.82678223 0.515284419
v -0.229840443 6.81962872 0.494936526
v -0.240642011 6.73125458 0.498833001
v -0.243386164 6.75900507 0.481473982
v -0.244237557 6.78506947 0.47498107
v -0.242158934 6.81091976 0.480002433
v -0.231278911 6.7098875 0.513191521
v -0.253418177 6.78844023 0.455365598
v -0.239752784 6.82880926 0.489993274
v -0.217495814 6.8447628 0.510026872
v -0.249168187 6.82122421 0.464780867
v -0.261905134 6.72816896 0.471711427
v -0.254869729 6.70308781 0.490803808
v -0.259786665 6.75421858 0.459550172
v -0.218071207 6.68977451 0.527759373
v -0.240563542 6.67771816 0.508300781
v -0.176264182 6.67712927 0.549872398
v -0.197988048 6.70482159 0.533677995
v -0.1690588 6.69823599 0.54468137
v -0.270405143 6.75291061 0.435697615
v -0.276080579 6.724298 0.442655027
v -0.272785157 6.69471788 0.457012922
v -0.258033305 6.66812229 0.484786987
v -0.259786665 6.79291248 0.432611674
v -0.136572078 6.7038455 0.551978767
v -0.135765895 6.72482109 0.54297483
v -0.133437186 6.69259977 0.558621228
v -0.134358168 6.74399233 0.540692151
v -0.134102851 6.75997162 0.549226046
v -0.114998691 6.71093369 0.552605569
v -0.116554849 6.72724104 0.544249237
v -0.113010995 6.69900703 0.561340928
v -0.106420211 6.67778301 0.57707274
v -0.0948078781 6.70706224 0.565734863
v -0.12705563 6.66664171 0.574274302
v -0.118529469 6.74459314 0.540941179
v -0.0986263454 6.71770716 0.554933488
v -0.102196358 6.73160791 0.54503417
v -0.11855562 6.76041746 0.549755216
v -0.105007894 6.74671173 0.538875103
v -0.083234787 6.73942804 0.548316658
v -0.118215613 6.76679802 0.544000864
v -0.124283321 6.77255154 0.530793428
v -0.134509489 6.77365017 0.529825449
v -0.114475608 6.77213383 0.530636609
v -0.106341749 6.76224709 0.547374845
v -0.107440211 6.76711226 0.54334718
v -0.102183282 6.77272224 0.529276133
v -0.0950955749 6.76894283 0.539633155
v -0.0927286521 6.76531982 0.54117614
v -0.0864124745 6.77140188 0.534298062
v -0.0898124874 6.75144577 0.535017073
v -0.0813124627 6.76836777 0.53440243
v -0.0837970898 6.77566433 0.52951169
v -0.0933955759 6.77417326 0.527262568
v -0.0740678385 6.7593708 0.530793428
v -0.0885832459 6.77788734 0.525327146
v -0.0859417021 6.78298759 0.527236342
v -0.0763955414 6.77286625 0.532676399
v -0.0871094242 6.77935696 0.535134852
v -0.0900478736 6.78811407 0.530061007
v -0.0792463124 6.77806997 0.540941179
v -0.0649139732 6.76862907 0.536468506
v -0.0619193539 6.75237417 0.5519647
v -0.0928851366 6.78342247 0.539319456
v -0.0997771248 6.79483557 0.533330083
v -0.089341715 6.78340578 0.546511829
v -0.102992989 6.78957176 0.544655144
v -0.11201714 6.80001307 0.533826888
v -0.0764347613 6.72729254 0.560817838
v -0.114737146 6.79567194 0.545701265
v -0.123263322 6.80307341 0.531943977
v -0.12739563 6.79907227 0.546538055
v -0.133986428 6.80521822 0.529877901
v -0.11469318 6.79402161 0.553311765
v -0.10058789 6.7900486 0.551350057
v -0.0826463178 6.78667545 0.552841187
v -0.139949501 6.80071926 0.544995129
v -0.0990186557 6.79475641 0.560164154
v -0.0651493594 6.77880239 0.545203865
v -0.152006447 6.80296898 0.541176736
v -0.15513739 6.80084467 0.548656583
v -0.141408429 6.79956102 0.552710533
v -0.128496662 6.79733944 0.554750383
v -0.112566382 6.79996157 0.561602771
v -0.14149259 6.80772924 0.559144258
v -0.17025131 6.8013401 0.541019261
v -0.158571079 6.80893183 0.553547323
v -0.177192658 6.80843496 0.543452144
v -0.187798083 6.83617163 0.531290293
v -0.164168015 6.83712626 0.547505498
v -0.198115766 6.85632324 0.529224217
v -0.126114085 6.80435514 0.561628997
v -0.140956432 6.83139896 0.559039891
v -0.12160255 6.82308149 0.565512657
v -0.172171116 6.85540628 0.551506937
v -0.14431721 6.84740448 0.568742692
v -0.227748141 6.85648012 0.50994873
v -0.102078661 6.8147912 0.567879617
v -0.120961778 6.84118032 0.578890383
v -0.246160477 6.84353399 0.478433222
v -0.0824893937 6.80657816 0.564100325
v -0.0954878777 6.83124113 0.587285757
v -0.253012806 6.83142519 0.442236304
v -0.0672547519 6.79486132 0.556162715
v -0.0723678321 6.81837368 0.591417849
v -0.049953945 6.8088541 0.582081258
v -0.0330193006 6.82365704 0.613910496
v -0.0703016743 6.83346415 0.610353351
v -0.0957232639 6.84539032 0.599264503
v -0.0632662773 6.86032438 0.613674939
v -0.122740246 6.85590458 0.589221179
v -0.0945201889 6.86741257 0.598139644
v -0.147952601 6.86205053 0.578288555
v -0.122766398 6.87280035 0.59243834
v -0.178238824 6.86790943 0.557261348
v -0.148998752 6.87698412 0.580040872
v -0.205961943 6.86845827 0.533905625
v -0.182972655 6.88252974 0.559719861
v -0.21278812 6.88284302 0.534794927
v -0.236248165 6.87214565 0.504194915
v -0.0903878734 6.89390612 0.587311983
v -0.119471006 6.89971256 0.578053594
v -0.149835676 6.9044199 0.566257894
v -0.182763442 6.90418434 0.546956778
v -0.214200422 6.90159512 0.522842407
v -0.238497391 6.89058495 0.488790274
v -0.0606247373 6.89223194 0.599813223
v -0.247494355 6.86223364 0.457144141
v -0.0889232531 6.93390846 0.572142959
v -0.122740246 6.93568707 0.560203254
v -0.154687226 6.93491554 0.546276212
v -0.184803441 6.9317503 0.528164685
v -0.0594739616 6.93462753 0.58031553
v -0.0300508272 6.89296484 0.601723015
v -0.215377346 6.9258399 0.49964416
v -0.0302862134 6.85182476 0.618801236
v -0.235162765 6.91229248 0.460883766
v -0 6.85169363 0.621573448
v -0 6.89471674 0.601801157
v -0 6.81978559 0.61893189
v -0.0296062138 6.93747854 0.584539771
v -0 6.93860292 0.585075676
v -0.0214854255 6.80844831 0.595877051
v -0 6.80550623 0.600676894
v -0.0280108247 6.97689199 0.570259392
v -0 6.97911549 0.575202644
v -0 7.01471043 0.567513406
v -0.0376093052 6.79556751 0.57590878
v -0.0209100414 6.78386354 0.606207848
v -0 6.78834867 0.614773571
v -0.0621155053 6.97668314 0.5661273
v -0.0511962548 7.01684237 0.557967544
v -0 7.05106497 0.547976673
v -0.0509347133 7.0487895 0.541882336
v -0.0942324921 6.97419834 0.55498594
v -0.103334054 7.01201725 0.538508892
v -0.107335597 7.04546738 0.518317878
v -0.12705563 6.96998787 0.542196631
v -0.156792611 7.00928402 0.504181504
v -0.170693412 7.0367198 0.474052727
v -0.160846472 6.96891594 0.521718144
v -0.189484999 6.96546316 0.49763
v -0.19380039 7.00270653 0.463107288
v -0.209832728 7.02386475 0.412865579
v -0.216685042 6.95709419 0.46250549
v -0.222700432 6.97669601 0.399487913
v -0.228676602 7.00007725 0.349180907
v -0.233781263 6.93936157 0.42129454
v -0.241985187 6.93838692 0.328679204
v -0.242357954 6.95885658 0.280108035
v -0.261674047 6.8834734 0.279066771
v -0.254817426 6.89677 0.231618643
v -0.243230522 6.91077614 0.38092652
v -0.244878948 6.88581181 0.425929546
v -0.252319723 6.84633207 0.405947864
v -0.25220719 6.86576414 0.343814075
v -0.263118327 6.79790258 0.394420773
v -0.259708196 6.81811285 0.220137328
v -0.258086652 6.82814217 0.184384763
v -0.270169765 6.79049349 0.187601924
v -0.270653605 6.77315331 0.214096069
v -0.262062043 6.80942917 0.251495957
v -0.280749023 6.74413538 0.23844482
v -0.263905913 6.80033445 0.334848613
v -0.278879017 6.751472 0.330153793
v -0.279519767 6.75140667 0.394257188
v -0.28603211 6.71231937 0.328885496
v -0.284371346 6.69820976 0.246997669
v -0.276394397 6.6524663 0.249181509
v -0.287418246 6.71864843 0.398690164
v -0.282645166 6.66577864 0.330258161
v -0.282932878 6.67575645 0.407085568
v -0.263289899 6.64173651 0.456288427
v -0.262881666 6.61598444 0.384984136
v -0.268994987 6.61604214 0.331704706
v -0.267214388 6.60270882 0.266717523
v -0.269254386 6.59841919 0.251234114
v -0.263343573 6.57820225 0.247651368
v -0.261774361 6.57025194 0.274903566
v -0.250292808 6.55939817 0.248252556
v -0.256033599 6.50430393 0.28835997
v -0.244852781 6.49244356 0.264114976
v -0.246160477 6.44787788 0.290491313
v -0.259675205 6.55378151 0.331099242
v -0.247295827 6.45437241 0.309932232
v -0.235071138 6.41372061 0.315050036
v -0.238065109 6.42261839 0.330420524
v -0.216502011 6.37945843 0.355117798
v -0.249135494 6.46489716 0.341432482
v -0.252998948 6.50099611 0.337905258
v -0.252477139 6.55072355 0.381383657
v -0.244600102 6.49580956 0.381236553
v -0.247962207 6.60234928 0.437593371
v -0.23619701 6.5427556 0.430964947
v -0.225616604 6.58051872 0.480695784
v -0.233224124 6.61238289 0.495400369
v -0.229948401 6.64027739 0.514063716
v -0.215361953 6.65707064 0.528612077
v -0.23896201 6.45810413 0.382647693
v -0.227695823 6.48849487 0.430702507
v -0.216894254 6.52386808 0.474915773
v -0.202308208 6.55799007 0.51080507
v -0.202133521 6.58966398 0.522351682
v -0.199224412 6.61728668 0.535745203
v -0.178339764 6.59844828 0.558837891
v -0.189818189 6.6366787 0.55088073
v -0.159100696 6.65207386 0.565009117
v -0.158571079 6.61314392 0.566911638
v -0.13258718 6.63092899 0.574156463
v -0.187486574 6.57490015 0.54478699
v -0.109506376 6.64594078 0.577974856
v -0.130481794 6.59263897 0.570991814
v -0.110539451 6.60755968 0.584605098
v -0.180906504 6.54148197 0.534166873
v -0.156387225 6.56091499 0.555129409
v -0.145049527 6.57982349 0.562779546
v -0.197550729 6.50626945 0.506849349
v -0.207583502 6.47192621 0.474915773
v -0.224413529 6.43996572 0.426203609
v -0.13280949 6.56920528 0.567983985
v -0.143218741 6.55347395 0.559313953
v -0.164272636 6.53457737 0.547165513
v -0.177781105 6.4937644 0.535108626
v -0.191435635 6.4527874 0.511728525
v -0.202823475 6.4169116 0.476680905
v -0.122034088 6.58139324 0.575333238
v -0.232325077 6.41604805 0.390661001
v -0.222569674 6.39640617 0.419037461
v -0.243466616 6.43867111 0.358151227
v -0.227430612 6.39113998 0.37078613
v -0.213981241 6.37053347 0.398790896
v -0.199684978 6.35662651 0.381376326
v -0.20411931 6.3728385 0.468283683
v -0.195225775 6.33603001 0.44851318
v -0.163095698 6.3134203 0.430584699
v -0.180230021 6.37982607 0.529933453
v -0.156740323 6.29066706 0.503959358
v -0.127552554 6.2811985 0.48512876
v -0.123524852 6.25907278 0.547950447
v -0.178845704 6.33324862 0.523146987
v -0.17258957 6.44063282 0.544393301
v -0.152979523 6.29626703 0.570747077
v -0.156011507 6.34799623 0.584804654
v -0.137752578 6.39063931 0.599630117
v -0.120647922 6.26746798 0.61540097
v -0.060598582 6.24373341 0.592385828
v -0.16210185 6.48815393 0.553037107
v -0.120804854 6.30311584 0.634676516
v -0.0604024269 6.26034117 0.643529654
v -0 6.24327517 0.593876302
v -0 6.2631259 0.660516977
v -0.0583885759 6.29919243 0.673057258
v -0 6.30209589 0.687742889
v -0.105400205 6.34203291 0.641398311
v -0.0531708747 6.33640957 0.666963458
v -0 6.33489227 0.677150846
v -0 6.38816833 0.657822847
v -0.0859417021 6.39245701 0.634964585
v -0.0431146994 6.38785505 0.651964724
v -0.0372039229 6.42546368 0.641829848
v -0 6.42541122 0.647675157
v -0.0735970661 6.42891598 0.630073845
v -0.0306981374 6.47301149 0.641574681
v -0 6.47294617 0.644314587
v -0.120020233 6.41925287 0.605999112
v -0.0554593466 6.47545624 0.634702742
v -0.0275662076 6.50116539 0.651166975
v -0 6.5012579 0.654291987
v -0 6.52805233 0.64560914
v -0.050790865 6.50217247 0.64239198
v -0.0273308232 6.52743769 0.641561866
v -0 6.54603338 0.631878018
v -0.0297108255 6.54420233 0.627092242
v -0.0481624007 6.52684927 0.633748174
v -0.0512877926 6.54252863 0.619167447
v -0.0689220577 6.52549553 0.619808316
v -0.0708770677 6.5390501 0.605018318
v -0.0718316808 6.50303555 0.624699056
v -0.0860986337 6.52351427 0.60338378
v -0.0862032473 6.5348649 0.591444075
v -0.0803120807 6.48061514 0.616172493
v -0.0893155634 6.50491905 0.604652107
v -0.0963509604 6.52146816 0.589096665
v -0.095553264 6.53027582 0.580524862
v -0.101917341 6.44481182 0.608354449
v -0.0968102068 6.48534584 0.599702716
v -0.101294048 6.50733852 0.588475943
v -0.103464812 6.52252054 0.575294197
v -0.0989925042 6.52877188 0.575385749
v -0.099986352 6.52851009 0.573816538
v -0.140158743 6.45044041 0.580355227
v -0.120317884 6.46384382 0.58888793
v -0.115371376 6.49704695 0.579903543
v -0.111284837 6.5149889 0.569867551
v -0.102863282 6.52800655 0.568598628
v -0.0976586491 6.52994776 0.57643187
v -0.156034157 6.44233274 0.566676617
v -0.148697987 6.48803711 0.564479351
v -0.134247959 6.49065161 0.572443247
v -0.123067163 6.51368093 0.567317486
v -0.150881842 6.52725458 0.555064082
v -0.139452592 6.51917267 0.562675178
v -0.110709444 6.52775145 0.562701404
v -0.134156421 6.54345703 0.564230919
v -0.120608687 6.53257656 0.565845907
v -0.124571018 6.55879641 0.572927237
v -0.111703299 6.54533958 0.577648282
v -0.115992546 6.56889153 0.580538332
v -0.10451097 6.53850079 0.579622805
v -0.104628667 6.55423212 0.585651219
v -0.0981686562 6.53444672 0.58079952
v -0.0934740305 6.53251123 0.581139505
v -0.0980248079 6.54569244 0.588724375
v -0.0915386379 6.54017448 0.590463221
v -0.0862293988 6.53635597 0.590502918
v -0.0857520923 6.56902218 0.601853609
v -0.0950171053 6.58569574 0.596491694
v -0.0800963193 6.55710936 0.606535017
v -0.0753232241 6.54766846 0.60662657
v -0.0709685981 6.54041004 0.603475332
v -0.0514708683 6.54378414 0.616656482
v -0.0533147231 6.55233622 0.622619629
v -0.0298677534 6.54564095 0.625104368
v -0.0566754937 6.56415796 0.625234962
v -0.0609778166 6.5775094 0.620357633
v -0.0307112169 6.55378771 0.631845713
v -0 6.54739285 0.630282581
v -0 6.55381393 0.635827601
v -0 6.56525612 0.640325904
v -0.0321169831 6.56639385 0.63730526
v -0 6.57952309 0.637723386
v -0.0334312208 6.57976532 0.632466435
v -0.0348500684 6.59505844 0.630164802
v -0 6.5926919 0.636245728
v -0.0678432137 6.59350204 0.614093602
v -0.0307439063 6.60323095 0.633839726
v -0 6.59805298 0.639253497
v -0.0271085165 6.60674286 0.648028553
v -0 6.59620953 0.653219581
v -0.0238392781 6.60421228 0.672351062
v -0.0496400967 6.62211418 0.632008672
v -0 6.5962224 0.677961409
v -0.0560216494 6.6158905 0.624293804
v -0.0630570427 6.62786865 0.624005735
v -0.0243623555 6.61241198 0.686121225
v -0 6.60908985 0.697550654
v -0.0402246937 6.6166482 0.666610718
v -0.0647308975 6.60995293 0.617179573
v -0.0715047568 6.62509632 0.618121326
v -0.0690593645 6.63506079 0.636965334
v -0.0260754358 6.6278429 0.696608841
v -0 6.6261425 0.707279623
v -0.0422908552 6.62044048 0.674509287
v -0.0553416461 6.63163519 0.665093362
v -0.0799001604 6.60582066 0.606064439
v -0.0261538979 6.64813805 0.700035393
v -0 6.64803267 0.709371924
v -0 6.66859055 0.702964485
v -0.0444616266 6.63357019 0.6796875
v -0.0256046671 6.66753101 0.694974363
v -0 6.68959236 0.689155281
v -0.0575124212 6.63971615 0.668597996
v -0.0630308911 6.6356101 0.654448867
v -0.0461093225 6.64988995 0.681361079
v -0.0251077414 6.68730354 0.681622922
v -0 6.70635653 0.671605825
v -0.0677124411 6.64261961 0.655521214
v -0.0580355003 6.65255785 0.668310523
v -0.0453508608 6.66649818 0.674143076
v -0.0240485091 6.70597744 0.664112508
v -0 6.73919296 0.65081358
v -0.0775201619 6.63655138 0.635722637
v -0.0451677851 6.68229485 0.662007451
v -0.0715047568 6.65334272 0.653298318
v -0.0577216521 6.66743946 0.662033677
v -0.0236300472 6.73542643 0.642326653
v -0.0440954678 6.69986963 0.64576596
v -0.0554201081 6.68287039 0.64644593
v -0.0721847564 6.66856432 0.647335172
v -0.0219561979 6.76700735 0.619821131
v -0 6.77422571 0.62703979
v -0.0413362347 6.72639084 0.622240603
v -0.0523077957 6.69296598 0.632584214
v -0.0405908488 6.74880409 0.599107027
v -0.0831955522 6.65229607 0.632976651
v -0.0687062889 6.68307972 0.631983042
v -0.0522031784 6.71735477 0.610327125
v -0.0821493864 6.66513777 0.626856685
v -0.0887140185 6.64662075 0.612811863
v -0.0669147447 6.68689823 0.607293665
v -0.0789847672 6.67452765 0.618356943
v -0.0873540193 6.66121435 0.607162476
v -0.0808678493 6.66856432 0.592098355
v -0.0871447921 6.63587189 0.613413692
v -0.0885047913 6.65109348 0.594059408
v -0.08058016 6.62543631 0.604390264
v -0.0861509368 6.6355319 0.598819554
v -0.089446336 6.61832237 0.597956538
v -0.0952524915 6.65501642 0.582264364
v -0.10154251 6.59691525 0.590920985
v -0.0873409435 6.68906832 0.582735002
v -0.0717139915 6.71866179 0.572901011
v -0.067987062 6.70394993 0.594118655
v -0.0521508679 6.73475933 0.585585952
v -0.0545308776 6.74446297 0.569448829
v -0.0392046943 6.76766109 0.58147949
v -0.053236261 6.76364613 0.552514017
v -0.0518370233 6.78132677 0.553063333
v -0.135332093 6.76917887 0.542216778
v -0.150633365 6.77042055 0.539750993
v -0.151274145 6.77640963 0.526007056
v -0.0950955749 6.76894283 0.539633155
v -0.102183282 6.77272224 0.529276133
v -0.0864124745 6.77140188 0.534298062
v -0 6.5501461 0.608129859
v -0.0249270219 6.60233736 0.598007798
v -0 6.60253906 0.600275874
v -0.0361933783 6.55052042 0.60466063
v -0.0513254777 6.60334826 0.588764608
v -0.0661267191 6.55176735 0.591624737
v -0.0931607485 6.55263758 0.571744382
v -0.0790081546 6.60396767 0.569938362
v -0.0938050374 6.60445166 0.554796755
v -0.119245775 6.55396032 0.500238001
v -0.114409246 6.60627556 0.495364368
v -0.131791994 6.55775213 0.410195291
v -0.0931694582 6.55085182 0.494906604
v -0.103465028 6.55475283 0.407254636
v -0.131791994 6.55775213 0.410195291
v -0.119245775 6.55396032 0.500238001
v -0.0815809593 6.55001259 0.565344214
v -0.0931607485 6.55263758 0.571744382
v -0.0622696914 6.54963732 0.584368289
v -0.0661267191 6.55176735 0.591624737
v -0.0313655622 6.54841518 0.596375704
v -0.0361933783 6.55052042 0.60466063
v -0 6.5501461 0.608129859
v -0 6.54855824 0.600487649
v -0.0931694582 6.55085182 0.494906604
v -0.0780373663 6.59925938 0.49370116
v -0.103465028 6.55475283 0.407254636
v -0.0667710081 6.59867096 0.556686401
v -0.0815809593 6.55001259 0.565344214
v -0.0529318452 6.59793997 0.56910336
v -0.0622696914 6.54963732 0.584368289
v -0.0242914408 6.59737396 0.58334291
v -0.0313655622 6.54841518 0.596375704
v -0 6.5970788 0.585196495
v -0 6.54855824 0.600487649
v -0.0320054963 6.49433041 0.592945516
v -0 6.54604149 0.597965062
v -0 6.49404049 0.594799817
v -0.0371598154 6.54472208 0.596022964
v -0.0712810382 6.4962101 0.583165288
v -0.0733749792 6.54689312 0.586909771
v -0.0925251767 6.49801397 0.572477996
v -0.101536512 6.54446173 0.564696014
v -0.1079707 6.4989171 0.556840181
v -0.121335343 6.54578829 0.491918921
v -0.127612829 6.50055599 0.490328372
v -0.131791994 6.54839516 0.40781799
v -0.131791994 6.54839516 0.40781799
v -0.109899215 6.54807234 0.404192507
v -0.101214372 6.5460577 0.485946029
v -0.121335343 6.54578829 0.491918921
v -0.0931694582 6.54501152 0.560527921
v -0.101536512 6.54446173 0.564696014
v -0.0688605979 6.54729271 0.581146836
v -0.0733749792 6.54689312 0.586909771
v -0.0355447382 6.54571152 0.589069188
v -0.0371598154 6.54472208 0.596022964
v -0 6.54604149 0.597965062
v -0 6.54721308 0.590535283
v -0.101214372 6.5460577 0.485946029
v -0.109899215 6.54807234 0.404192507
v -0.103465028 6.49984074 0.45378235
v -0.088010788 6.49746132 0.519899309
v -0.0931694582 6.54501152 0.560527921
v -0.0835181773 6.49740028 0.550113499
v -0.0679028705 6.49974108 0.571292698
v -0.0688605979 6.54729271 0.581146836
v -0.034587007 6.49958658 0.579888284
v -0.0355447382 6.54571152 0.589069188
v -0 6.50018167 0.581445932
v -0 6.54721308 0.590535283
v -0.0263505504 6.53533554 0.591534436
v -0 6.55653048 0.556096792
v -0 6.53469324 0.594904184
v -0.032667201 6.5551219 0.556222498
v -0 6.54942894 0.452042222
v -0.0645682365 6.53622198 0.55884397
v -0.0579250902 6.52641582 0.56018734
v -0.0971483812 6.50476933 0.457424313
v -0.0456357077 6.55042458 0.452663571
v -0 6.52064276 0.372603744
v -0.0908317268 6.52823734 0.455576777
v -0.0914977938 6.50408173 0.383054793
v -0.103465028 6.47116327 0.390231311
v -0.0855119973 6.47991514 0.366291493
v -0.0469634607 6.51863337 0.371365339
v -0 6.48001146 0.356833488
v -0 6.50634623 0.456575304
v -0 6.47199202 0.383538187
v -0.103465028 6.47116327 0.390231311
v -0.0971483812 6.50476933 0.457424313
v -0.0579250902 6.52641582 0.56018734
v -0 6.53469324 0.594904184
v -0.0263505504 6.53533554 0.591534436
v -0.588632703 0.843266249 0.515753448
v -0.629498184 0.431726813 0.45462957
v -0.663628995 0.4496454 0.579949617
v -0.530440271 0.82384944 0.408861041
v -0.429133147 1.13671136 0.404356986
v -0.512877882 1.16141701 0.510328889
v -0.346800685 1.5198344 0.407701403
v -0.443596244 1.52706647 0.512111664
v -0.418776184 1.66770661 0.520337999
v -0.533500254 0.809527278 0.330840826
v -0.636847377 0.413009435 0.392721891
v -0.325877577 1.65954602 0.411113739
v -0.388385385 1.80672121 0.534690142
v -0.4322716 1.13064718 0.277676463
v -0.635147452 0.815276027 0.276175886
v -0.713138342 0.4216429 0.360726476
v -0.57394731 1.14612114 0.188571319
v -0.347206056 1.49451637 0.244924232
v -0.727091432 0.833721578 0.325873554
v -0.791940033 0.443811834 0.391119719
v -0.702755272 1.16743338 0.251317501
v -0.770402253 0.856898785 0.423855782
v -0.826803207 0.481039464 0.474665999
v -0.782953322 0.506479859 0.596320689
v -0.747399986 1.18807387 0.390367121
v -0.53296417 1.48158336 0.137593374
v -0.334887624 1.63499475 0.257556915
v -0.718157053 0.8663342 0.553637028
v -0.588632703 0.843266249 0.515753448
v -0.663628995 0.4496454 0.579949617
v -0.684117794 1.1902957 0.542486131
v -0.512877882 1.16141701 0.510328889
v -0.443596244 1.52706647 0.512111664
v -0.681675196 1.49162483 0.21965377
v -0.509817958 1.62333405 0.149531096
v -0.716695249 1.51050365 0.374963224
v -0.648302853 1.63329828 0.237450093
v -0.64038837 1.52595353 0.53142637
v -0.679059803 1.65044522 0.385461271
v -0.61240375 1.66462767 0.526534081
v -0.418776184 1.66770661 0.520337999
v -0.61079812 1.77358258 0.26244995
v -0.483350158 1.76295769 0.175164789
v -0.639332056 1.78996229 0.397012323
v -0.588499069 1.80308378 0.534130454
v -0.388385385 1.80672121 0.534690142
v -0.321509838 1.77500784 0.274158925
v -0.461380899 1.87798667 0.205452114
v -0.583441138 1.88733196 0.28006193
v -0.579266787 1.91732931 0.555818498
v -0.356032997 1.91947913 0.548918724
v -0.613831937 1.90214622 0.401114494
v -0.568125188 2.06098604 0.584280968
v -0.320699066 2.06083608 0.558269799
v -0.588331938 2.04281783 0.404620796
v -0.555874944 2.02870965 0.290016472
v -0.444040895 2.01921344 0.21589905
v -0.305869848 1.88754487 0.285489798
v -0.285456717 2.02712774 0.284597158
v -0.297971368 1.79781246 0.41607222
v -0.356032997 1.91947913 0.548918724
v -0.266377449 1.90905058 0.418682247
v -0.235934332 2.04814529 0.412263334
v -0.320699066 2.06083608 0.558269799
v -1.63253534 4.81174564 0.112847291
v -1.50375009 4.70801735 0.178171992
v -1.55248237 4.85753822 0.105333552
v -1.59101224 4.67103624 0.192611694
v -1.72154558 4.77131557 0.133762509
v -1.56384242 4.6243248 0.368698418
v -1.47416365 4.66095972 0.368763417
v -1.67892039 4.63485193 0.209656671
v -1.85846233 4.7181344 0.17493102
v -1.57617342 4.67716074 0.471516401
v -1.49042571 4.71815395 0.46696195
v -1.65399086 4.59441233 0.383834213
v -1.66754591 4.64611435 0.483314812
v -1.81727946 4.59419537 0.255473942
v -2.07063007 4.6547246 0.233522639
v -1.79677629 4.56218386 0.415789783
v -1.81011319 4.61180449 0.513473809
v -2.01997089 4.53728008 0.313349605
v -2.27460217 4.56597662 0.285765976
v -1.99531412 4.50846958 0.469877303
v -2.00817227 4.5541997 0.563738704
v -2.20775867 4.47254896 0.363054812
v -2.4311862 4.48942137 0.328715801
v -2.17673635 4.4576869 0.507546067
v -2.18676519 4.50269794 0.587655902
v -2.33465791 4.45306349 0.602871716
v -2.36937618 4.41301394 0.403672159
v -2.52278447 4.43490458 0.353460997
v -2.33054328 4.41611242 0.538710296
v -2.42933226 4.41821814 0.606935084
v -2.42302155 4.38623476 0.546231389
v -2.52058244 4.38046026 0.610712886
v -2.46212053 4.38225079 0.426486194
v -2.51700354 4.35365248 0.551328123
v -2.54628658 4.36530352 0.395730287
v -2.58695364 4.39945126 0.362930298
v -2.57722616 4.32856464 0.603716731
v -2.57081318 4.35338593 0.640142798
v -2.53377366 4.33774996 0.471755356
v -2.60493159 4.32537174 0.384174198
v -2.64759302 4.35941648 0.365647256
v -2.5937047 4.30582619 0.434817791
v -2.63967514 4.28216219 0.368437797
v -2.68399692 4.31546879 0.346441031
v -2.59388351 4.30133343 0.50630188
v -2.678859 4.22135687 0.380688787
v -2.72217798 4.26153421 0.33162719
v -2.7914772 4.1989274 0.33107695
v -2.61354971 4.28614092 0.422203362
v -2.67950439 4.22141981 0.506910086
v -2.58027434 4.30992556 0.557048023
v -2.59780288 4.27417946 0.572572291
v -2.76360989 4.14996004 0.377006203
v -2.78970122 4.15424919 0.522080958
v -2.82957196 4.12641335 0.358006597
v -2.8487184 4.14914989 0.330750108
v -2.87551975 4.12453413 0.336397082
v -2.82404566 4.11499786 0.401606441
v -2.85188532 4.10177565 0.362237841
v -2.89301085 4.08707476 0.339235514
v -2.58085179 4.25476742 0.675602376
v -2.58052874 4.30070066 0.715317667
v -2.60011959 4.24579525 0.759183049
v -2.67832875 4.18226862 0.601035476
v -2.59694552 4.21001625 0.722403228
v -2.63732362 4.18134928 0.794673443
v -2.60671163 4.22072792 0.635484576
v -2.62611914 4.17460394 0.680723846
v -2.65547228 4.14550543 0.731951296
v -2.69271111 4.14395428 0.664063692
v -2.66996527 4.13297176 0.756724238
v -2.65811419 4.14350462 0.805484891
v -2.79012132 4.15670586 0.614609957
v -2.71511602 4.13954544 0.722803354
v -2.68380761 4.09071779 0.778888524
v -2.66230464 4.09521437 0.817510664
v -2.79176903 4.15233088 0.673426211
v -2.722435 4.12695312 0.740722954
v -2.69128108 4.06768131 0.788375199
v -2.66612053 4.06878614 0.819984734
v -2.76904964 4.14746857 0.738630354
v -2.6938448 4.04368353 0.7898193
v -2.66902161 4.04181433 0.824049354
v -2.70401859 3.97468162 0.806897879
v -2.68750143 3.97442675 0.835148931
v -2.71633053 3.95046616 0.824594378
v -2.7037096 3.94890857 0.84337616
v -2.72245049 3.93732786 0.844860494
v -2.74571252 3.93431878 0.843858957
v -2.74704456 3.94839644 0.816973269
v -2.76993585 3.93963432 0.841439188
v -2.7447083 3.97869873 0.792246401
v -2.77417707 3.95555329 0.817513704
v -2.78693819 3.95380211 0.8366763
v -2.79841447 3.98802352 0.831242979
v -2.78458357 3.98793459 0.802013814
v -2.80265427 4.06091261 0.825329244
v -2.73784351 4.05408096 0.773764312
v -2.78397298 4.05866528 0.789220572
v -2.80000877 4.08868027 0.823310554
v -2.77982807 4.08176327 0.788350821
v -2.79287314 4.12406492 0.813589454
v -2.73458958 4.07625008 0.774785757
v -2.7784164 4.10534668 0.778797925
v -2.79109359 4.15181541 0.804641068
v -2.73233414 4.09318733 0.762719691
v -2.76961136 4.1391325 0.757147789
v -2.79377413 4.18040133 0.790936887
v -2.80209708 4.20091343 0.773930967
v -2.82480645 4.17689514 0.726658285
v -2.81683683 4.21221161 0.762015343
v -2.85447407 4.19691277 0.763436556
v -2.873142 4.24377537 0.782752335
v -2.87845445 4.18402719 0.780036628
v -2.90281987 4.22438097 0.791559458
v -2.8560338 4.16661644 0.73440212
v -2.86745 4.14912367 0.683599234
v -2.90933895 4.17083883 0.785670757
v -2.92998934 4.19845581 0.801010132
v -2.88179231 4.15231752 0.745424151
v -2.98593497 4.09526682 0.823772252
v -3.01595235 4.116539 0.838908076
v -2.87144399 4.13072968 0.626303077
v -2.89659142 4.14579105 0.70301789
v -2.90694022 4.14757538 0.753821671
v -2.91991258 4.14802647 0.716605842
v -3.00130272 4.07583618 0.827763677
v -3.02896762 4.09522057 0.845793724
v -3.03924513 4.07389355 0.849987447
v -2.9812479 4.07864761 0.787885427
v -3.01162076 4.05475664 0.836384535
v -3.06955004 3.99212456 0.87969327
v -3.0010519 4.06302404 0.796829224
v -2.89998364 4.13320684 0.675958216
v -3.0003159 4.07415581 0.758734405
v -2.96200562 4.17647505 0.698005676
v -2.97259474 4.16813612 0.705558777
v -2.96507907 4.17359877 0.684751272
v -3.03340459 4.08361387 0.74446106
v -3.01453876 4.05586576 0.768598616
v -3.04768491 4.06356478 0.75257659
v -3.05558467 4.04563475 0.762787163
v -3.00451612 4.03954887 0.802553058
v -3.02474141 4.03446484 0.777322054
v -3.07679009 3.96587181 0.788522959
v -3.02628422 3.97110748 0.828247368
v -3.04934025 3.96129107 0.799748242
v -3.03778625 3.98338771 0.866752625
v -3.05449677 3.94933105 0.806280494
v -3.08137417 3.95283771 0.792829573
v -3.0855453 3.93745852 0.79813534
v -3.03560948 3.95972729 0.83261627
v -3.04425287 3.97176385 0.871603668
v -3.07466006 3.97926545 0.883571744
v -3.04665804 3.9588573 0.875227332
v -3.07689452 3.96582627 0.886840522
v -3.05644107 3.93341541 0.811623514
v -3.09146595 3.90775037 0.807241797
v -3.03972864 3.93807101 0.840288699
v -3.05158949 3.92893863 0.880051255
v -3.08388305 3.92819023 0.893928528
v -3.04342246 3.91395259 0.847033083
v -3.06335497 3.90186048 0.886754751
v -3.08998013 3.90149903 0.899721682
v -3.06163955 3.90423179 0.818416417
v -3.07866144 3.87459397 0.884834886
v -3.09950256 3.86917281 0.893254995
v -3.10357404 3.85757613 0.883883655
v -3.05251217 3.88615704 0.857536316
v -3.07068229 3.87939382 0.82727021
v -3.09907532 3.88008666 0.815180659
v -3.07826138 3.8642199 0.863827169
v -3.10617781 3.85166669 0.869986832
v -3.10790253 3.85010862 0.854535818
v -3.08285975 3.86148238 0.838182032
v -3.10404205 3.85813522 0.833156109
v -2.92598677 4.1328373 0.674088418
v -2.97280788 4.16574192 0.684241652
v -3.04867244 4.02649879 0.684086621
v -3.07275224 4.04854727 0.701450765
v -3.08179474 4.02910948 0.704093933
v -2.91884828 4.11471319 0.632600665
v -3.06509757 4.00761509 0.685347915
v -3.09004974 4.00999117 0.705990255
v -2.89814878 4.11824608 0.631194115
v -3.042449 4.0100584 0.653067946
v -3.07187748 3.98830795 0.688005686
v -3.13100934 3.91347647 0.724506199
v -2.93154287 4.11228943 0.594855666
v -2.90104246 4.11614847 0.582738638
v -3.05858541 3.99343824 0.655444324
v -2.86977434 4.12002802 0.570406795
v -3.107795 3.90519285 0.707929969
v -3.06311846 3.9759984 0.658135355
v -3.11615801 3.88935995 0.710440934
v -3.13706231 3.89632893 0.728974879
v -3.11954641 3.87022471 0.716573179
v -3.11336684 3.86338639 0.68344754
v -3.14360309 3.87880611 0.732211292
v -3.15297294 3.84747219 0.737669051
v -3.12718081 3.83091545 0.720303357
v -3.16164398 3.81768942 0.739703655
v -3.11356068 3.88208055 0.680405259
v -3.10205293 3.89634514 0.675702214
v -3.11239719 3.89639354 0.647702932
v -3.07532525 3.97580004 0.628809512
v -3.12429309 3.87893724 0.653667867
v -3.13820243 3.80067229 0.722137153
v -3.16714072 3.79933 0.737533271
v -3.06504703 3.99558187 0.624613345
v -3.14268708 3.90091205 0.634899914
v -3.09494019 3.99740171 0.608707249
v -3.14805055 3.88249254 0.639739037
v -3.08527064 4.01712656 0.603410304
v -3.15270662 3.86518335 0.643620908
v -3.05225468 4.01316309 0.620794058
v -3.07621098 4.03563309 0.598532081
v -2.98614597 4.13298368 0.576018333
v -2.97177267 4.13972044 0.567440152
v -2.9695828 4.13814306 0.555501997
v -3.12711048 3.86049485 0.655758977
v -3.15978813 3.83315539 0.650070786
v -3.13423514 3.82412958 0.662534177
v -3.16847157 3.8051877 0.657650113
v -2.89763737 4.10563993 0.55625242
v -3.11835575 3.82412767 0.689452827
v -3.1323278 3.79418778 0.696299136
v -3.14566684 3.79141831 0.671725452
v -3.17699385 3.77999115 0.671636045
v -3.15531182 3.77659416 0.681398928
v -3.18033075 3.77257061 0.689122319
v -3.148844 3.7769351 0.702174366
v -3.17955661 3.77309108 0.706205428
v -3.15259433 3.7850883 0.724113166
v -3.17606711 3.78192043 0.727941275
v -2.86230683 4.09912348 0.511887193
v -2.84632897 4.10495758 0.455537111
v -2.84436679 4.08598232 0.405476987
v -2.87147856 4.06241322 0.362935483
v -2.91214132 3.98463368 0.370151967
v -2.93495011 3.9947598 0.34712401
v -2.94613242 3.97350597 0.349663675
v -2.86988449 4.05628252 0.403985888
v -2.87209535 4.08929205 0.443750918
v -2.88839412 4.09110641 0.47341156
v -2.93207288 3.96352005 0.374131769
v -2.95176959 3.95399928 0.352124006
v -2.91910434 3.98573565 0.403404832
v -2.89599991 4.06732702 0.431025982
v -2.89027286 4.08848429 0.512104452
v -2.91891718 4.08399057 0.475147098
v -2.92485642 4.10777426 0.430612773
v -2.93129444 4.11103344 0.443224162
v -2.93086457 4.0946331 0.428316653
v -2.94808149 4.10663843 0.445674419
v -2.97219872 4.01507378 0.425563961
v -3.00875545 4.02168703 0.458247662
v -2.94438434 3.99903035 0.422693461
v -2.98100305 3.98626852 0.426545411
v -2.91495991 4.08280373 0.513534844
v -2.98753619 4.0019908 0.485928953
v -3.02024317 3.99660707 0.46174866
v -2.93739486 3.968925 0.40156433
v -2.95722699 3.97690749 0.422560722
v -2.98465872 3.96828938 0.428151548
v -2.96048403 3.95916772 0.423455507
v -2.93954086 3.95068145 0.404125959
v -2.96842146 3.90971923 0.42842558
v -2.99376512 3.91292381 0.433915704
v -2.93414736 3.94634962 0.375667721
v -2.9639101 3.89612103 0.35569182
v -2.94871545 3.90302086 0.40841797
v -2.96145415 3.88427782 0.407672107
v -2.97573042 3.88861442 0.429624617
v -2.99783158 3.88945246 0.435905457
v -2.94220424 3.89734793 0.378409415
v -2.97580218 3.86886883 0.434066445
v -3.00038099 3.86559844 0.437883914
v -2.95588946 3.87941217 0.379677713
v -2.96500349 3.87665987 0.360686034
v -2.96485901 3.85482264 0.367076725
v -2.9545083 3.85651755 0.383783549
v -2.96696711 3.82684588 0.372369975
v -2.96008039 3.86215162 0.413473189
v -2.97683644 3.83782268 0.435448915
v -3.00242829 3.83544207 0.437350452
v -2.96221423 3.83238006 0.417185962
v -2.98348737 3.8118701 0.429196149
v -3.00325131 3.81397748 0.432545453
v -3.00217795 3.80111408 0.423590392
v -2.97167134 3.80607176 0.414821476
v -2.98997068 3.79021835 0.405404359
v -2.98107719 3.79164624 0.392761827
v -2.96391535 3.80448604 0.395803839
v -2.97260642 3.80056429 0.381911606
v -2.95601106 3.82781339 0.38918671
v -3.03178334 3.97191119 0.466231972
v -3.00211287 3.97823024 0.489034414
v -3.01223159 3.96239901 0.489915758
v -3.06526303 3.89037895 0.479564518
v -3.00311184 3.98247433 0.518859565
v -2.98403168 4.00109577 0.518430769
v -3.00037217 4.01254272 0.546046138
v -2.93576813 4.10470438 0.550073862
v -2.96925378 4.12507915 0.552156985
v -3.02580261 4.03153086 0.559424102
v -3.03960037 4.01127386 0.557775855
v -3.01423383 3.98947644 0.54609251
v -3.04820561 3.98245287 0.560166597
v -3.00776005 3.96194506 0.522205472
v -3.02472782 3.97112179 0.550302744
v -3.07533646 3.90476108 0.569782674
v -3.0504458 3.90166354 0.560193181
v -3.03856158 3.88632321 0.498450607
v -3.0340662 3.88890576 0.531795621
v -3.04731417 3.87103653 0.503261387
v -3.06964803 3.87394404 0.483516216
v -3.07512164 3.84434867 0.490922838
v -3.06146049 3.87695003 0.559837639
v -3.08101058 3.88678265 0.571715713
v -3.0883801 3.85797238 0.575415969
v -3.04833126 3.87228274 0.53316772
v -3.05524445 3.83719015 0.509455264
v -3.08385396 3.81340694 0.496046424
v -3.06421375 3.84815884 0.565169692
v -3.09527326 3.82813215 0.578424692
v -3.0504458 3.83995652 0.537848473
v -3.07338619 3.81519794 0.568859518
v -3.1001482 3.80688715 0.577507019
v -3.06685328 3.80309415 0.516854525
v -3.09502578 3.78838372 0.508935213
v -3.06321263 3.80632782 0.542858243
v -3.08506608 3.79800653 0.565662801
v -3.10648036 3.79051208 0.565654576
v -3.08186436 3.78661728 0.522785306
v -3.10080457 3.77954268 0.527448118
v -3.08254147 3.78752184 0.545180023
v -3.10426331 3.77865386 0.543178678
v 2.92598677 4.1328373 0.674088418
v 2.97280788 4.16574192 0.684241652
v 3.04867244 4.02649879 0.684086621
v 3.07275224 4.04854727 0.701450765
v 3.08179474 4.02910948 0.704093933
v 2.91884828 4.11471319 0.632600665
v 3.06509757 4.00761509 0.685347915
v 3.09004974 4.00999117 0.705990255
v 2.89814878 4.11824608 0.631194115
v 3.042449 4.0100584 0.653067946
v 3.07187748 3.98830795 0.688005686
v 3.13100934 3.91347647 0.724506199
v 2.93154287 4.11228943 0.594855666
v 2.90104246 4.11614847 0.582738638
v 3.05858541 3.99343824 0.655444324
v 2.86977434 4.12002802 0.570406795
v 3.107795 3.90519285 0.707929969
v 3.06311846 3.9759984 0.658135355
v 3.11615801 3.88935995 0.710440934
v 3.13706231 3.89632893 0.728974879
v 3.11954641 3.87022471 0.716573179
v 3.11336684 3.86338639 0.68344754
v 3.14360309 3.87880611 0.732211292
v 3.15297294 3.84747219 0.737669051
v 3.12718081 3.83091545 0.720303357
v 3.16164398 3.81768942 0.739703655
v 3.11356068 3.88208055 0.680405259
v 3.10205293 3.89634514 0.675702214
v 3.11239719 3.89639354 0.647702932
v 3.07532525 3.97580004 0.628809512
v 3.12429309 3.87893724 0.653667867
v 3.13820243 3.80067229 0.722137153
v 3.16714072 3.79933 0.737533271
v 3.06504703 3.99558187 0.624613345
v 3.14268708 3.90091205 0.634899914
v 3.09494019 3.99740171 0.608707249
v 3.14805055 3.88249254 0.639739037
v 3.08527064 4.01712656 0.603410304
v 3.15270662 3.86518335 0.643620908
v 3.05225468 4.01316309 0.620794058
v 3.07621098 4.03563309 0.598532081
v 2.98614597 4.13298368 0.576018333
v 2.97177267 4.13972044 0.567440152
v 2.9695828 4.13814306 0.555501997
v 3.12711048 3.86049485 0.655758977
v 3.15978813 3.83315539 0.650070786
v 3.13423514 3.82412958 0.662534177
v 3.16847157 3.8051877 0.657650113
v 2.89763737 4.10563993 0.55625242
v 3.11835575 3.82412767 0.689452827
v 3.1323278 3.79418778 0.696299136
v 3.14566684 3.79141831 0.671725452
v 3.17699385 3.77999115 0.671636045
v 3.15531182 3.77659416 0.681398928
v 3.18033075 3.77257061 0.689122319
v 3.148844 3.7769351 0.702174366
v 3.17955661 3.77309108 0.706205428
v 3.15259433 3.7850883 0.724113166
v 3.17606711 3.78192043 0.727941275
v 2.86230683 4.09912348 0.511887193
v 2.84632897 4.10495758 0.455537111
v 2.84436679 4.08598232 0.405476987
v 2.87147856 4.06241322 0.362935483
v 2.91214132 3.98463368 0.370151967
v 2.93495011 3.9947598 0.34712401
v 2.94613242 3.97350597 0.349663675
v 2.86988449 4.05628252 0.403985888
v 2.87209535 4.08929205 0.443750918
v 2.88839412 4.09110641 0.47341156
v 2.93207288 3.96352005 0.374131769
v 2.95176959 3.95399928 0.352124006
v 2.91910434 3.98573565 0.403404832
v 2.89599991 4.06732702 0.431025982
v 2.89027286 4.08848429 0.512104452
v 2.91891718 4.08399057 0.475147098
v 2.92485642 4.10777426 0.430612773
v 2.93129444 4.11103344 0.443224162
v 2.93086457 4.0946331 0.428316653
v 2.94808149 4.10663843 0.445674419
v 2.97219872 4.01507378 0.425563961
v 3.00875545 4.02168703 0.458247662
v 2.94438434 3.99903035 0.422693461
v 2.98100305 3.98626852 0.426545411
v 2.91495991 4.08280373 0.513534844
v 2.98753619 4.0019908 0.485928953
v 3.02024317 3.99660707 0.46174866
v 2.93739486 3.968925 0.40156433
v 2.95722699 3.97690749 0.422560722
v 2.98465872 3.96828938 0.428151548
v 2.96048403 3.95916772 0.423455507
v 2.93954086 3.95068145 0.404125959
v 2.96842146 3.90971923 0.42842558
v 2.99376512 3.91292381 0.433915704
v 2.93414736 3.94634962 0.375667721
v 2.9639101 3.89612103 0.35569182
v 2.94871545 3.90302086 0.40841797
v 2.96145415 3.88427782 0.407672107
v 2.97573042 3.88861442 0.429624617
v 2.99783158 3.88945246 0.435905457
v 2.94220424 3.89734793 0.378409415
v 2.97580218 3.86886883 0.434066445
v 3.00038099 3.86559844 0.437883914
v 2.95588946 3.87941217 0.379677713
v 2.96500349 3.87665987 0.360686034
v 2.96485901 3.85482264 0.367076725
v 2.9545083 3.85651755 0.383783549
v 2.96696711 3.82684588 0.372369975
v 2.96008039 3.86215162 0.413473189
v 2.97683644 3.83782268 0.435448915
v 3.00242829 3.83544207 0.437350452
v 2.96221423 3.83238006 0.417185962
v 2.98348737 3.8118701 0.429196149
v 3.00325131 3.81397748 0.432545453
v 3.00217795 3.80111408 0.423590392
v 2.97167134 3.80607176 0.414821476
v 2.98997068 3.79021835 0.405404359
v 2.98107719 3.79164624 0.392761827
v 2.96391535 3.80448604 0.395803839
v 2.97260642 3.80056429 0.381911606
v 2.95601106 3.82781339 0.38918671
v 3.03178334 3.97191119 0.466231972
v 3.00211287 3.97823024 0.489034414
v 3.01223159 3.96239901 0.489915758
v 3.06526303 3.89037895 0.479564518
v 3.00311184 3.98247433 0.518859565
v 2.98403168 4.00109577 0.518430769
v 3.00037217 4.01254272 0.546046138
v 2.93576813 4.10470438 0.550073862
v 2.96925378 4.12507915 0.552156985
v 3.02580261 4.03153086 0.559424102
v 3.03960037 4.01127386 0.557775855
v 3.01423383 3.98947644 0.54609251
v 3.04820561 3.98245287 0.560166597
v 3.00776005 3.96194506 0.522205472
v 3.02472782 3.97112179 0.550302744
v 3.07533646 3.90476108 0.569782674
v 3.0504458 3.90166354 0.560193181
v 3.03856158 3.88632321 0.498450607
v 3.0340662 3.88890576 0.531795621
v 3.04731417 3.87103653 0.503261387
v 3.06964803 3.87394404 0.483516216
v 3.07512164 3.84434867 0.490922838
v 3.06146049 3.87695003 0.559837639
v 3.08101058 3.88678265 0.571715713
v 3.0883801 3.85797238 0.575415969
v 3.04833126 3.87228274 0.53316772
v 3.05524445 3.83719015 0.509455264
v 3.08385396 3.81340694 0.496046424
v 3.06421375 3.84815884 0.565169692
v 3.09527326 3.82813215 0.578424692
v 3.0504458 3.83995652 0.537848473
v 3.07338619 3.81519794 0.568859518
v 3.1001482 3.80688715 0.577507019
v 3.06685328 3.80309415 0.516854525
v 3.09502578 3.78838372 0.508935213
v 3.06321263 3.80632782 0.542858243
v 3.08506608 3.79800653 0.565662801
v 3.10648036 3.79051208 0.565654576
v 3.08186436 3.78661728 0.522785306
v 3.10080457 3.77954268 0.527448118
v 3.08254147 3.78752184 0.545180023
v 3.10426331 3.77865386 0.543178678
v -1.60386086 4.79762554 0.527005911
v -1.52194679 4.8454051 0.520174563
v -1.49042571 4.71815395 0.46696195
v -1.57617342 4.67716074 0.471516401
v -1.62794936 4.92005777 0.476614058
v -1.54367733 4.95911932 0.46993652
v -1.6962831 4.76433897 0.535548985
v -1.66754591 4.64611435 0.483314812
v -1.71869111 4.87574911 0.482887864
v -1.62060058 5.00537586 0.337234497
v -1.52964842 5.0561018 0.333410949
v -1.5517205 4.98396587 0.155617669
v -1.83745587 4.72228241 0.566721201
v -1.81011319 4.61180449 0.513473809
v -2.00817227 4.5541997 0.563738704
v -1.71042812 4.95745754 0.350236505
v -1.6378479 4.94261837 0.167430118
v -1.55248237 4.85753822 0.105333552
v -1.63253534 4.81174564 0.112847291
v -1.72743773 4.89660931 0.185625613
v -1.72154558 4.77131557 0.133762509
v -1.85970962 4.82389641 0.508991063
v -1.85876715 4.88831091 0.356990665
v -1.87089825 4.84254122 0.225722045
v -1.85846233 4.7181344 0.17493102
v -2.09114122 4.7768631 0.282947391
v -2.07063007 4.6547246 0.233522639
v -2.07749152 4.80810308 0.406861246
v -2.31807113 4.67080307 0.329984128
v -2.27460217 4.56597662 0.285765976
v -2.07200599 4.76077461 0.55232054
v -2.49012852 4.58759212 0.363611132
v -2.4311862 4.48942137 0.328715801
v -2.58966112 4.5196538 0.369811684
v -2.52278447 4.43490458 0.353460997
v -2.58695364 4.39945126 0.362930298
v -2.31370211 4.71148682 0.461224049
v -2.0396297 4.66184521 0.613809466
v -2.18676519 4.50269794 0.587655902
v -2.27329803 4.67709446 0.573432326
v -2.21945834 4.59305382 0.629131734
v -2.42913985 4.61628437 0.594643235
v -2.35908127 4.53200674 0.638939202
v -2.33465791 4.45306349 0.602871716
v -2.45573568 4.49114084 0.646142542
v -2.42933226 4.41821814 0.606935084
v -2.49635386 4.63916683 0.496444076
v -2.53866434 4.44664955 0.659817815
v -2.52058244 4.38046026 0.610712886
v -2.57081318 4.35338593 0.640142798
v -2.54251623 4.5511055 0.603662372
v -2.60842276 4.56640816 0.505739152
v -2.59277558 4.41414213 0.677098989
v -2.58052874 4.30070066 0.715317667
v -2.62299395 4.49939537 0.624477804
v -2.6767602 4.53205633 0.541171551
v -2.66551137 4.44504213 0.670527339
v -2.61453366 4.33746052 0.743480206
v -2.62954974 4.2818675 0.789757371
v -2.60011959 4.24579525 0.759183049
v -2.63732362 4.18134928 0.794673443
v -2.71663427 4.3827033 0.731856346
v -2.67512536 4.20654726 0.835844696
v -2.65811419 4.14350462 0.805484891
v -2.71593857 4.30960846 0.792894244
v -2.79564595 4.43028927 0.620559096
v -2.73905563 4.48151731 0.576125145
v -2.80723357 4.34870338 0.735513926
v -2.68196321 4.16593933 0.848271489
v -2.72834468 4.20833874 0.844275475
v -2.68427491 4.12102365 0.861509681
v -2.66230464 4.09521437 0.817510664
v -2.72952318 4.16918039 0.855051577
v -2.77181053 4.19757462 0.828186929
v -2.79276395 4.24821568 0.787877798
v -2.68337631 4.08188152 0.865476072
v -2.66612053 4.06878614 0.819984734
v -2.6848526 4.05247164 0.862792313
v -2.73688674 4.05919123 0.873134136
v -2.66902161 4.04181433 0.824049354
v -2.69215918 3.97993135 0.86216855
v -2.74114776 3.98438334 0.879534602
v -2.68750143 3.97442675 0.835148931
v -2.7037096 3.94890857 0.84337616
v -2.7351563 4.09152699 0.875595987
v -2.70549178 3.95677662 0.869445145
v -2.72319913 3.94868708 0.872467637
v -2.72245049 3.93732786 0.844860494
v -2.74555087 3.94711304 0.87339443
v -2.74571252 3.93431878 0.843858957
v -2.76861405 3.95022821 0.869405806
v -2.76993585 3.93963432 0.841439188
v -2.78256726 3.96263695 0.863650799
v -2.78693819 3.95380211 0.8366763
v -2.78631687 3.98501968 0.858987689
v -2.79841447 3.98802352 0.831242979
v -2.78200436 4.06090069 0.854652405
v -2.80265427 4.06091261 0.825329244
v -2.80000877 4.08868027 0.823310554
v -2.77811313 4.09190893 0.857891798
v -2.77413487 4.12914419 0.853493631
v -2.79287314 4.12406492 0.813589454
v -2.73066211 4.12810802 0.869761348
v -2.77130008 4.16855478 0.838195145
v -2.79109359 4.15181541 0.804641068
v -2.79377413 4.18040133 0.790936887
v -2.80209708 4.20091343 0.773930967
v -2.81683683 4.21221161 0.762015343
v -2.82302785 4.2623868 0.768046856
v -2.873142 4.24377537 0.782752335
v -2.86357903 4.30587721 0.746293604
v -2.90911055 4.26831341 0.76549679
v -2.90281987 4.22438097 0.791559458
v -2.88932848 4.33431053 0.648541272
v -2.88863277 4.32577801 0.525729954
v -2.95430255 4.26519012 0.674389005
v -2.94146419 4.27328062 0.734915137
v -2.93622637 4.24585819 0.778883338
v -2.92998934 4.19845581 0.801010132
v -2.96260285 4.25530338 0.742911637
v -2.96674728 4.21845341 0.78777951
v -3.01595235 4.116539 0.838908076
v -3.04834795 4.12787104 0.825023174
v -3.02896762 4.09522057 0.845793724
v -2.99450278 4.21589613 0.750255108
v -2.79330468 4.41340303 0.48986572
v -2.97384906 4.23538923 0.70337826
v -2.74329424 4.4625392 0.47099638
v -2.75863695 4.36903906 0.375206888
v -2.66733789 4.50419569 0.449758291
v -2.70944142 4.4107523 0.388804913
v -2.65236235 4.46637678 0.386947632
v -2.64759302 4.35941648 0.365647256
v -2.68399692 4.31546879 0.346441031
v -2.72217798 4.26153421 0.33162719
v -2.85926199 4.29013014 0.396968693
v -2.91709781 4.20493221 0.400630802
v -2.82622004 4.26186132 0.349689931
v -2.7914772 4.1989274 0.33107695
v -2.88355136 4.17790174 0.341005862
v -2.8487184 4.14914989 0.330750108
v -2.87551975 4.12453413 0.336397082
v -2.90469813 4.19591618 0.363430768
v -2.9081285 4.15003538 0.341625959
v -2.93023348 4.17001963 0.362913817
v -2.92589474 4.10835505 0.340134889
v -2.89301085 4.08707476 0.339235514
v -2.94760036 4.11936951 0.365346968
v -2.96896529 4.00696135 0.343663335
v -2.93495011 3.9947598 0.34712401
v -2.9745748 3.98732495 0.345328659
v -2.94613242 3.97350597 0.349663675
v -2.93899655 4.16907072 0.401974171
v -2.99146414 4.01631021 0.372540891
v -2.97695804 3.96630692 0.348722845
v -2.95176959 3.95399928 0.352124006
v -2.9639101 3.89612103 0.35569182
v -2.95190859 4.11475086 0.401370227
v -3.00157404 3.99597454 0.371652514
v -3.00630069 3.97854352 0.371960759
v -2.99459076 4.01884031 0.408344716
v -3.00293779 3.99715424 0.41068846
v -2.97219872 4.01507378 0.425563961
v -2.93086457 4.0946331 0.428316653
v -2.92485642 4.10777426 0.430612773
v -2.98100305 3.98626852 0.426545411
v -2.93129444 4.11103344 0.443224162
v -3.00754905 3.97649813 0.412629694
v -2.98465872 3.96828938 0.428151548
v -2.99376512 3.91292381 0.433915704
v -2.95678163 4.17995501 0.440657645
v -3.01070642 3.91018558 0.379896224
v -3.01786923 3.91351962 0.418663919
v -2.99783158 3.88945246 0.435905457
v -2.98371339 4.14974499 0.4492459
v -2.94808149 4.10663843 0.445674419
v -2.98498869 4.20870304 0.482379138
v -2.98528004 3.89863157 0.352871388
v -3.01584935 3.8846724 0.38100189
v -2.98564458 3.8780148 0.354045391
v -2.96500349 3.87665987 0.360686034
v -3.0225203 3.88618207 0.42147553
v -3.04512715 4.04794502 0.460547477
v -3.00875545 4.02168703 0.458247662
v -2.98494768 3.85670733 0.358863831
v -2.96485901 3.85482264 0.367076725
v -3.01273513 3.86058116 0.385644227
v -3.01046038 3.83368349 0.390473306
v -2.984164 3.82824063 0.365772992
v -2.96696711 3.82684588 0.372369975
v -3.01748276 3.86518431 0.423639834
v -3.00038099 3.86559844 0.437883914
v -2.98756838 3.80639768 0.37063536
v -2.97260642 3.80056429 0.381911606
v -3.01455188 3.83781719 0.425294191
v -3.00242829 3.83544207 0.437350452
v -2.99621391 3.79691911 0.381939381
v -2.98107719 3.79164624 0.392761827
v -2.98997068 3.79021835 0.405404359
v -3.01488519 3.81811643 0.423874497
v -3.00325131 3.81397748 0.432545453
v -3.00217795 3.80111408 0.423590392
v -3.00586081 3.7972424 0.396908551
v -3.01287079 3.80447078 0.41413939
v -3.05796146 4.0209775 0.460727215
v -3.02024317 3.99660707 0.46174866
v -3.06892228 3.99381971 0.465810537
v -3.03178334 3.97191119 0.466231972
v -3.06526303 3.89037895 0.479564518
v -3.06112885 4.0584445 0.496498704
v -3.07764816 4.03286457 0.498823225
v -3.0043304 4.16569281 0.488111854
v -2.99745512 4.16307545 0.533571482
v -3.05547071 4.05831766 0.539481819
v -2.9868927 4.21093702 0.526851475
v -3.06702137 4.03070927 0.542931497
v -3.08714795 4.0074873 0.502121866
v -3.02580261 4.03153086 0.559424102
v -2.96925378 4.12507915 0.552156985
v -2.9695828 4.13814306 0.555501997
v -2.99030137 4.21451759 0.57320863
v -3.03960037 4.01127386 0.557775855
v -2.97177267 4.13972044 0.567440152
v -3.07555628 4.00396585 0.54602021
v -3.04820561 3.98245287 0.560166597
v -3.07533646 3.90476108 0.569782674
v -3.11321902 3.90589499 0.517417312
v -3.10507154 3.90930009 0.560058594
v -3.08101058 3.88678265 0.571715713
v -2.96124077 4.24767065 0.544619143
v -3.01031733 4.18552399 0.581188977
v -3.02148819 4.19910622 0.624384463
v -2.98614597 4.13298368 0.576018333
v -3.10740113 4.06273937 0.608718574
v -3.07621098 4.03563309 0.598532081
v -2.95464993 4.23921347 0.481713235
v -2.96813297 4.26379442 0.608765841
v -2.99808049 4.23418903 0.618528128
v -2.98385501 4.23048067 0.660524249
v -3.11928725 4.04299355 0.612341583
v -3.08527064 4.01712656 0.603410304
v -3.12952304 4.0214653 0.617573202
v -3.09494019 3.99740171 0.608707249
v -3.14268708 3.90091205 0.634899914
v -3.12601042 4.0535264 0.648970306
v -3.11544633 4.0746336 0.644623697
v -3.13277674 4.03229237 0.6534338
v -3.11240172 4.05398369 0.689494312
v -3.10231042 4.07493877 0.686365008
v -3.00291944 4.19117689 0.671233833
v -2.96507907 4.17359877 0.684751272
v -2.97280788 4.16574192 0.684241652
v -3.07275224 4.04854727 0.701450765
v -2.96200562 4.17647505 0.698005676
v -3.08179474 4.02910948 0.704093933
v -2.99791646 4.19399214 0.710430562
v -2.97259474 4.16813612 0.705558777
v -3.12031603 4.03229284 0.693209827
v -3.09004974 4.00999117 0.705990255
v -3.13100934 3.91347647 0.724506199
v -3.06257033 4.10959578 0.751636624
v -3.03340459 4.08361387 0.74446106
v -3.06694508 4.12713289 0.788200974
v -3.0742557 4.09201813 0.7595523
v -3.04768491 4.06356478 0.75257659
v -3.17794418 3.92159414 0.678886712
v -3.16213441 3.91997409 0.718410909
v -3.13706231 3.89632893 0.728974879
v -3.06259632 4.11032867 0.831085801
v -3.06963801 4.08893585 0.834604144
v -3.03924513 4.07389355 0.849987447
v -3.06955004 3.99212456 0.87969327
v -3.08103848 4.10535097 0.79626739
v -3.16986322 3.90432525 0.721401036
v -3.08687425 4.08733702 0.802201509
v -3.10060978 4.00050259 0.865180016
v -3.07466006 3.97926545 0.883571744
v -3.11654758 3.99649215 0.834896207
v -3.11070633 3.98255181 0.7986691
v -3.08353782 4.0702033 0.766563416
v -3.05558467 4.04563475 0.762787163
v -3.07679009 3.96587181 0.788522959
v -3.08137417 3.95283771 0.792829573
v -3.10757804 3.98371077 0.872416079
v -3.12665367 3.98092794 0.839021266
v -3.11752892 3.96630597 0.803006887
v -3.12017655 3.94974422 0.809118927
v -3.0855453 3.93745852 0.79813534
v -3.10888219 3.96946645 0.875916123
v -3.07689452 3.96582627 0.886840522
v -3.12917662 3.9625082 0.845128179
v -3.12322545 3.9169569 0.819451571
v -3.09146595 3.90775037 0.807241797
v -3.09907532 3.88008666 0.815180659
v -3.1265471 3.92796493 0.853489637
v -3.10918474 3.9322288 0.884118021
v -3.08388305 3.92819023 0.893928528
v -3.12765956 3.89898133 0.863420725
v -3.12764764 3.88968444 0.827226877
v -3.10404205 3.85813522 0.833156109
v -3.11050367 3.90540648 0.893522918
v -3.08998013 3.90149903 0.899721682
v -3.13344836 3.86702251 0.839454949
v -3.10790253 3.85010862 0.854535818
v -3.11654997 3.87794733 0.894647181
v -3.09950256 3.86917281 0.893254995
v -3.10357404 3.85757613 0.883883655
v -3.12351823 3.86901927 0.88203764
v -3.10617781 3.85166669 0.869986832
v -3.1278398 3.86458874 0.870161414
v -3.12994814 3.86330533 0.856627166
v -3.14360309 3.87880611 0.732211292
v -3.17278647 3.88547182 0.725465059
v -3.17917681 3.85557604 0.731738269
v -3.19629979 3.85042405 0.692001939
v -3.15297294 3.84747219 0.737669051
v -3.18544579 3.82707119 0.734672844
v -3.20229673 3.8188026 0.698077977
v -3.16164398 3.81768942 0.739703655
v -3.19202232 3.80908346 0.733818948
v -3.16714072 3.79933 0.737533271
v -3.17606711 3.78192043 0.727941275
v -3.18976474 3.88478136 0.685718656
v -3.19653988 3.79572105 0.724233091
v -3.19811296 3.78674603 0.70754087
v -3.17955661 3.77309108 0.706205428
v -3.19935536 3.78548789 0.688759148
v -3.18033075 3.77257061 0.689122319
v -3.17699385 3.77999115 0.671636045
v -3.19680691 3.79385757 0.674176335
v -3.16847157 3.8051877 0.657650113
v -3.19427752 3.8126018 0.661531985
v -3.15978813 3.83315539 0.650070786
v -3.18815517 3.84318066 0.656249702
v -3.15270662 3.86518335 0.643620908
v -3.18154502 3.87643671 0.650813282
v -3.14805055 3.88249254 0.639739037
v -3.17783499 3.89434814 0.64748776
v -3.1885097 3.90325737 0.682354093
v -3.17394805 3.91284728 0.644011497
v -3.09607196 3.90024233 0.484591365
v -3.1001935 3.88266039 0.486165464
v -3.06964803 3.87394404 0.483516216
v -3.11853337 3.89057875 0.519714057
v -3.11980224 3.85792899 0.525687575
v -3.10467529 3.85194612 0.490565777
v -3.07512164 3.84434867 0.490922838
v -3.10891938 3.89146495 0.563359082
v -3.10851026 3.82165003 0.498948038
v -3.12369227 3.81963992 0.53301698
v -3.08385396 3.81340694 0.496046424
v -3.11070085 3.86212063 0.568616033
v -3.0883801 3.85797238 0.575415969
v -3.09527326 3.82813215 0.578424692
v -3.11503863 3.79894423 0.506689131
v -3.09502578 3.78838372 0.508935213
v -3.11882782 3.83351183 0.572312891
v -3.1001482 3.80688715 0.577507019
v -3.12021041 3.78990173 0.521057129
v -3.10080457 3.77954268 0.527448118
v -3.12380028 3.81428909 0.570322275
v -3.10648036 3.79051208 0.565654576
v -3.12264705 3.78713131 0.541609466
v -3.10426331 3.77865386 0.543178678
v -3.12558079 3.7965014 0.558742344
v -0.187654212 6.79187965 0.498205543
v -0.183731139 6.7952795 0.494805276
v -0.141754135 6.78670073 0.505005479
v -0.185156509 6.7892127 0.510380208
v -0.180723429 6.80030155 0.499984115
v -0.181037292 6.78581238 0.514735103
v -0.173220724 6.80269814 0.510524273
v -0.175963417 6.78256893 0.518971562
v -0.161679 6.80636072 0.518781126
v -0.16725418 6.78018904 0.52174437
v -0.146487981 6.80621195 0.525745809
v -0.151274145 6.77640963 0.526007056
v -0.133986428 6.80521822 0.529877901
v -0.134509489 6.77365017 0.529825449
v -0.123263322 6.80307341 0.531943977
v -0.124283321 6.77255154 0.530793428
v -0.11201714 6.80001307 0.533826888
v -0.114475608 6.77213383 0.530636609
v -0.0997771248 6.79483557 0.533330083
v -0.102183282 6.77272224 0.529276133
v -0.0900478736 6.78811407 0.530061007
v -0.0933955759 6.77417326 0.527262568
v -0.0859417021 6.78298759 0.527236342
v -0.0885832459 6.77788734 0.525327146
v -0.0402246937 6.6166482 0.666610718
v -0.0238392781 6.60421228 0.672351062
v -0.0463708639 6.63432837 0.642679453
v -0.0553416461 6.63163519 0.665093362
v -0.0271085165 6.60674286 0.648028553
v -0.0630308911 6.6356101 0.654448867
v -0.0496400967 6.62211418 0.632008672
v -0.0690593645 6.63506079 0.636965334
v -0.0630570427 6.62786865 0.624005735
v -0.262245119 6.80414581 0.157734364
v -0.258086652 6.84876442 0.121354364
v -0.258086652 6.82814217 0.184384763
v -0.272602081 6.7757163 0.111415401
v -0.251260489 6.81078911 0.0756890848
v -0.22387737 6.75230885 0.0667187497
v -0.270169765 6.79049349 0.187601924
v -0.261068195 6.71558952 0.10788513
v -0.211480424 6.69254684 0.0715832487
v -0.265344352 6.64620733 0.131645501
v -0.2200066 6.63257599 0.0917480439
v -0.231697381 6.56298065 0.110814206
v -0.26014629 6.60444117 0.160251468
v -0.244525865 6.54641199 0.159342647
v -0.263206273 6.58287048 0.189857781
v -0.247023582 6.55385303 0.219117433
v -0.255602032 6.56614542 0.232586667
v -0.250292808 6.55939817 0.248252556
v -0.263343573 6.57820225 0.247651368
v -0.275400549 6.57320738 0.237503663
v -0.269254386 6.59841919 0.251234114
v -0.281507462 6.60765123 0.235803217
v -0.276394397 6.6524663 0.249181509
v -0.273273379 6.57046986 0.204593495
v -0.271215916 6.56496859 0.229814455
v -0.287902117 6.56828976 0.222778931
v -0.284900963 6.6336484 0.207916871
v -0.274354398 6.65444136 0.215377197
v -0.283508271 6.56494236 0.214644775
v -0.29818058 6.58649349 0.176146239
v -0.279179782 6.67695951 0.203725576
v -0.284371346 6.69820976 0.246997669
v -0.300979048 6.57467127 0.203294069
v -0.291851372 6.57221365 0.193094477
v -0.30660212 6.58950043 0.182684928
v -0.306497514 6.60901165 0.166469723
v -0.294231325 6.66317606 0.172524408
v -0.270718992 6.66252232 0.21006836
v -0.299200594 6.60587311 0.157891229
v -0.303620607 6.63113832 0.137778923
v -0.308354437 6.63470793 0.147743523
v -0.314919084 6.65703011 0.131240234
v -0.310629845 6.65723991 0.116228022
v -0.318659097 6.67837191 0.106838375
v -0.322712928 6.68101358 0.120125122
v -0.329748333 6.70797825 0.0969262645
v -0.302155972 6.69674492 0.152189329
v -0.332442194 6.70664406 0.111206666
v -0.331879884 6.74339056 0.111193232
v -0.331016809 6.74663305 0.0999468938
v -0.323889881 6.77746916 0.116437376
v -0.281886727 6.69716311 0.164403677
v -0.298965216 6.73226166 0.163906246
v -0.289340585 6.76232529 0.168542475
v -0.324439079 6.77061653 0.124257199
v -0.316357523 6.7900486 0.138380125
v -0.313611388 6.794312 0.133646235
v -0.301632911 6.79460001 0.162128299
v -0.30359444 6.78863716 0.16301696
v -0.292819053 6.78311872 0.188229367
v -0.270653605 6.77315331 0.214096069
v -0.297134459 6.77657938 0.187209472
v -0.288137466 6.7712183 0.20214355
v -0.293734431 6.76337194 0.199528188
v -0.292505175 6.75393057 0.209492788
v -0.280749023 6.74413538 0.23844482
v -0.285365164 6.74767923 0.197958976
v -0.292295963 6.73659039 0.219470203
v -0.279179782 6.72826052 0.175584108
v -0.289706707 6.71069813 0.22576049
v -0.284175187 6.7310071 0.206046745
v -0.285522103 6.71093369 0.208067626
v -0.288346708 6.69759512 0.219117433
v -0.274589747 6.69640493 0.201712027
v -0.285705149 6.70172691 0.208289787
v -0.283455968 6.68934298 0.202941284
v -0.27155593 6.68151045 0.202744752
v -0.276172072 6.6720295 0.175989375
v 1.60386086 4.79762554 0.527005911
v 1.57617342 4.67716074 0.471516401
v 1.49042571 4.71815395 0.46696195
v 1.52194679 4.8454051 0.520174563
v 1.6962831 4.76433897 0.535548985
v 1.66754591 4.64611435 0.483314812
v 1.62794936 4.92005777 0.476614058
v 1.54367733 4.95911932 0.46993652
v 1.83745587 4.72228241 0.566721201
v 1.81011319 4.61180449 0.513473809
v 2.00817227 4.5541997 0.563738704
v 1.71869111 4.87574911 0.482887864
v 1.62060058 5.00537586 0.337234497
v 1.52964842 5.0561018 0.333410949
v 1.5517205 4.98396587 0.155617669
v 1.71042812 4.95745754 0.350236505
v 1.6378479 4.94261837 0.167430118
v 1.55248237 4.85753822 0.105333552
v 1.63253534 4.81174564 0.112847291
v 1.72743773 4.89660931 0.185625613
v 1.72154558 4.77131557 0.133762509
v 1.85970962 4.82389641 0.508991063
v 1.85876715 4.88831091 0.356990665
v 1.87089825 4.84254122 0.225722045
v 1.85846233 4.7181344 0.17493102
v 2.09114122 4.7768631 0.282947391
v 2.07063007 4.6547246 0.233522639
v 2.07749152 4.80810308 0.406861246
v 2.31807113 4.67080307 0.329984128
v 2.27460217 4.56597662 0.285765976
v 2.07200599 4.76077461 0.55232054
v 2.49012852 4.58759212 0.363611132
v 2.4311862 4.48942137 0.328715801
v 2.58966112 4.5196538 0.369811684
v 2.52278447 4.43490458 0.353460997
v 2.58695364 4.39945126 0.362930298
v 2.31370211 4.71148682 0.461224049
v 2.0396297 4.66184521 0.613809466
v 2.18676519 4.50269794 0.587655902
v 2.27329803 4.67709446 0.573432326
v 2.21945834 4.59305382 0.629131734
v 2.42913985 4.61628437 0.594643235
v 2.35908127 4.53200674 0.638939202
v 2.33465791 4.45306349 0.602871716
v 2.45573568 4.49114084 0.646142542
v 2.42933226 4.41821814 0.606935084
v 2.49635386 4.63916683 0.496444076
v 2.53866434 4.44664955 0.659817815
v 2.52058244 4.38046026 0.610712886
v 2.57081318 4.35338593 0.640142798
v 2.54251623 4.5511055 0.603662372
v 2.60842276 4.56640816 0.505739152
v 2.59277558 4.41414213 0.677098989
v 2.58052874 4.30070066 0.715317667
v 2.62299395 4.49939537 0.624477804
v 2.6767602 4.53205633 0.541171551
v 2.66551137 4.44504213 0.670527339
v 2.61453366 4.33746052 0.743480206
v 2.62954974 4.2818675 0.789757371
v 2.60011959 4.24579525 0.759183049
v 2.63732362 4.18134928 0.794673443
v 2.71663427 4.3827033 0.731856346
v 2.67512536 4.20654726 0.835844696
v 2.65811419 4.14350462 0.805484891
v 2.71593857 4.30960846 0.792894244
v 2.79564595 4.43028927 0.620559096
v 2.73905563 4.48151731 0.576125145
v 2.80723357 4.34870338 0.735513926
v 2.68196321 4.16593933 0.848271489
v 2.72834468 4.20833874 0.844275475
v 2.68427491 4.12102365 0.861509681
v 2.66230464 4.09521437 0.817510664
v 2.72952318 4.16918039 0.855051577
v 2.77181053 4.19757462 0.828186929
v 2.79276395 4.24821568 0.787877798
v 2.68337631 4.08188152 0.865476072
v 2.66612053 4.06878614 0.819984734
v 2.6848526 4.05247164 0.862792313
v 2.73688674 4.05919123 0.873134136
v 2.66902161 4.04181433 0.824049354
v 2.69215918 3.97993135 0.86216855
v 2.74114776 3.98438334 0.879534602
v 2.68750143 3.97442675 0.835148931
v 2.7037096 3.94890857 0.84337616
v 2.7351563 4.09152699 0.875595987
v 2.70549178 3.95677662 0.869445145
v 2.72319913 3.94868708 0.872467637
v 2.72245049 3.93732786 0.844860494
v 2.74555087 3.94711304 0.87339443
v 2.74571252 3.93431878 0.843858957
v 2.76861405 3.95022821 0.869405806
v 2.76993585 3.93963432 0.841439188
v 2.78256726 3.96263695 0.863650799
v 2.78693819 3.95380211 0.8366763
v 2.78631687 3.98501968 0.858987689
v 2.79841447 3.98802352 0.831242979
v 2.78200436 4.06090069 0.854652405
v 2.80265427 4.06091261 0.825329244
v 2.80000877 4.08868027 0.823310554
v 2.77811313 4.09190893 0.857891798
v 2.77413487 4.12914419 0.853493631
v 2.79287314 4.12406492 0.813589454
v 2.73066211 4.12810802 0.869761348
v 2.77130008 4.16855478 0.838195145
v 2.79109359 4.15181541 0.804641068
v 2.79377413 4.18040133 0.790936887
v 2.80209708 4.20091343 0.773930967
v 2.81683683 4.21221161 0.762015343
v 2.82302785 4.2623868 0.768046856
v 2.873142 4.24377537 0.782752335
v 2.86357903 4.30587721 0.746293604
v 2.90911055 4.26831341 0.76549679
v 2.90281987 4.22438097 0.791559458
v 2.88932848 4.33431053 0.648541272
v 2.88863277 4.32577801 0.525729954
v 2.95430255 4.26519012 0.674389005
v 2.94146419 4.27328062 0.734915137
v 2.93622637 4.24585819 0.778883338
v 2.92998934 4.19845581 0.801010132
v 2.96260285 4.25530338 0.742911637
v 2.96674728 4.21845341 0.78777951
v 3.01595235 4.116539 0.838908076
v 3.04834795 4.12787104 0.825023174
v 3.02896762 4.09522057 0.845793724
v 2.99450278 4.21589613 0.750255108
v 2.79330468 4.41340303 0.48986572
v 2.97384906 4.23538923 0.70337826
v 2.74329424 4.4625392 0.47099638
v 2.75863695 4.36903906 0.375206888
v 2.66733789 4.50419569 0.449758291
v 2.70944142 4.4107523 0.388804913
v 2.65236235 4.46637678 0.386947632
v 2.64759302 4.35941648 0.365647256
v 2.68399692 4.31546879 0.346441031
v 2.72217798 4.26153421 0.33162719
v 2.85926199 4.29013014 0.396968693
v 2.91709781 4.20493221 0.400630802
v 2.82622004 4.26186132 0.349689931
v 2.7914772 4.1989274 0.33107695
v 2.88355136 4.17790174 0.341005862
v 2.8487184 4.14914989 0.330750108
v 2.87551975 4.12453413 0.336397082
v 2.90469813 4.19591618 0.363430768
v 2.9081285 4.15003538 0.341625959
v 2.93023348 4.17001963 0.362913817
v 2.92589474 4.10835505 0.340134889
v 2.89301085 4.08707476 0.339235514
v 2.94760036 4.11936951 0.365346968
v 2.96896529 4.00696135 0.343663335
v 2.93495011 3.9947598 0.34712401
v 2.9745748 3.98732495 0.345328659
v 2.94613242 3.97350597 0.349663675
v 2.93899655 4.16907072 0.401974171
v 2.99146414 4.01631021 0.372540891
v 2.97695804 3.96630692 0.348722845
v 2.95176959 3.95399928 0.352124006
v 2.9639101 3.89612103 0.35569182
v 2.95190859 4.11475086 0.401370227
v 3.00157404 3.99597454 0.371652514
v 3.00630069 3.97854352 0.371960759
v 2.99459076 4.01884031 0.408344716
v 3.00293779 3.99715424 0.41068846
v 2.97219872 4.01507378 0.425563961
v 2.93086457 4.0946331 0.428316653
v 2.92485642 4.10777426 0.430612773
v 2.98100305 3.98626852 0.426545411
v 2.93129444 4.11103344 0.443224162
v 3.00754905 3.97649813 0.412629694
v 2.98465872 3.96828938 0.428151548
v 2.99376512 3.91292381 0.433915704
v 2.95678163 4.17995501 0.440657645
v 3.01070642 3.91018558 0.379896224
v 3.01786923 3.91351962 0.418663919
v 2.99783158 3.88945246 0.435905457
v 2.98371339 4.14974499 0.4492459
v 2.94808149 4.10663843 0.445674419
v 2.98498869 4.20870304 0.482379138
v 2.98528004 3.89863157 0.352871388
v 3.01584935 3.8846724 0.38100189
v 2.98564458 3.8780148 0.354045391
v 2.96500349 3.87665987 0.360686034
v 3.0225203 3.88618207 0.42147553
v 3.04512715 4.04794502 0.460547477
v 3.00875545 4.02168703 0.458247662
v 2.98494768 3.85670733 0.358863831
v 2.96485901 3.85482264 0.367076725
v 3.01273513 3.86058116 0.385644227
v 3.01046038 3.83368349 0.390473306
v 2.984164 3.82824063 0.365772992
v 2.96696711 3.82684588 0.372369975
v 3.01748276 3.86518431 0.423639834
v 3.00038099 3.86559844 0.437883914
v 2.98756838 3.80639768 0.37063536
v 2.97260642 3.80056429 0.381911606
v 3.01455188 3.83781719 0.425294191
v 3.00242829 3.83544207 0.437350452
v 2.99621391 3.79691911 0.381939381
v 2.98107719 3.79164624 0.392761827
v 2.98997068 3.79021835 0.405404359
v 3.01488519 3.81811643 0.423874497
v 3.00325131 3.81397748 0.432545453
v 3.00217795 3.80111408 0.423590392
v 3.00586081 3.7972424 0.396908551
v 3.01287079 3.80447078 0.41413939
v 3.05796146 4.0209775 0.460727215
v 3.02024317 3.99660707 0.46174866
v 3.06892228 3.99381971 0.465810537
v 3.03178334 3.97191119 0.466231972
v 3.06526303 3.89037895 0.479564518
v 3.06112885 4.0584445 0.496498704
v 3.07764816 4.03286457 0.498823225
v 3.0043304 4.16569281 0.488111854
v 2.99745512 4.16307545 0.533571482
v 3.05547071 4.05831766 0.539481819
v 2.9868927 4.21093702 0.526851475
v 3.06702137 4.03070927 0.542931497
v 3.08714795 4.0074873 0.502121866
v 3.02580261 4.03153086 0.559424102
v 2.96925378 4.12507915 0.552156985
v 2.9695828 4.13814306 0.555501997
v 2.99030137 4.21451759 0.57320863
v 3.03960037 4.01127386 0.557775855
v 2.97177267 4.13972044 0.567440152
v 3.07555628 4.00396585 0.54602021
v 3.04820561 3.98245287 0.560166597
v 3.07533646 3.90476108 0.569782674
v 3.11321902 3.90589499 0.517417312
v 3.10507154 3.90930009 0.560058594
v 3.08101058 3.88678265 0.571715713
v 2.96124077 4.24767065 0.544619143
v 3.01031733 4.18552399 0.581188977
v 3.02148819 4.19910622 0.624384463
v 2.98614597 4.13298368 0.576018333
v 3.10740113 4.06273937 0.608718574
v 3.07621098 4.03563309 0.598532081
v 2.95464993 4.23921347 0.481713235
v 2.96813297 4.26379442 0.608765841
v 2.99808049 4.23418903 0.618528128
v 2.98385501 4.23048067 0.660524249
v 3.11928725 4.04299355 0.612341583
v 3.08527064 4.01712656 0.603410304
v 3.12952304 4.0214653 0.617573202
v 3.09494019 3.99740171 0.608707249
v 3.14268708 3.90091205 0.634899914
v 3.12601042 4.0535264 0.648970306
v 3.11544633 4.0746336 0.644623697
v 3.13277674 4.03229237 0.6534338
v 3.11240172 4.05398369 0.689494312
v 3.10231042 4.07493877 0.686365008
v 3.00291944 4.19117689 0.671233833
v 2.96507907 4.17359877 0.684751272
v 2.97280788 4.16574192 0.684241652
v 3.07275224 4.04854727 0.701450765
v 2.96200562 4.17647505 0.698005676
v 3.08179474 4.02910948 0.704093933
v 2.99791646 4.19399214 0.710430562
v 2.97259474 4.16813612 0.705558777
v 3.12031603 4.03229284 0.693209827
v 3.09004974 4.00999117 0.705990255
v 3.13100934 3.91347647 0.724506199
v 3.06257033 4.10959578 0.751636624
v 3.03340459 4.08361387 0.74446106
v 3.06694508 4.12713289 0.788200974
v 3.0742557 4.09201813 0.7595523
v 3.04768491 4.06356478 0.75257659
v 3.17794418 3.92159414 0.678886712
v 3.16213441 3.91997409 0.718410909
v 3.13706231 3.89632893 0.728974879
v 3.06259632 4.11032867 0.831085801
v 3.06963801 4.08893585 0.834604144
v 3.03924513 4.07389355 0.849987447
v 3.06955004 3.99212456 0.87969327
v 3.08103848 4.10535097 0.79626739
v 3.16986322 3.90432525 0.721401036
v 3.17394805 3.91284728 0.644011497
v 3.08687425 4.08733702 0.802201509
v 3.10060978 4.00050259 0.865180016
v 3.07466006 3.97926545 0.883571744
v 3.1885097 3.90325737 0.682354093
v 3.17783499 3.89434814 0.64748776
v 3.14805055 3.88249254 0.639739037
v 3.11654758 3.99649215 0.834896207
v 3.11070633 3.98255181 0.7986691
v 3.08353782 4.0702033 0.766563416
v 3.05558467 4.04563475 0.762787163
v 3.07679009 3.96587181 0.788522959
v 3.08137417 3.95283771 0.792829573
v 3.18976474 3.88478136 0.685718656
v 3.18154502 3.87643671 0.650813282
v 3.19629979 3.85042405 0.692001939
v 3.15270662 3.86518335 0.643620908
v 3.17278647 3.88547182 0.725465059
v 3.14360309 3.87880611 0.732211292
v 3.18815517 3.84318066 0.656249702
v 3.15978813 3.83315539 0.650070786
v 3.17917681 3.85557604 0.731738269
v 3.15297294 3.84747219 0.737669051
v 3.19427752 3.8126018 0.661531985
v 3.20229673 3.8188026 0.698077977
v 3.16847157 3.8051877 0.657650113
v 3.18544579 3.82707119 0.734672844
v 3.16164398 3.81768942 0.739703655
v 3.19680691 3.79385757 0.674176335
v 3.17699385 3.77999115 0.671636045
v 3.19202232 3.80908346 0.733818948
v 3.16714072 3.79933 0.737533271
v 3.17606711 3.78192043 0.727941275
v 3.19935536 3.78548789 0.688759148
v 3.18033075 3.77257061 0.689122319
v 3.17955661 3.77309108 0.706205428
v 3.19811296 3.78674603 0.70754087
v 3.19653988 3.79572105 0.724233091
v 3.10757804 3.98371077 0.872416079
v 3.10888219 3.96946645 0.875916123
v 3.07689452 3.96582627 0.886840522
v 3.12665367 3.98092794 0.839021266
v 3.12917662 3.9625082 0.845128179
v 3.10918474 3.9322288 0.884118021
v 3.08388305 3.92819023 0.893928528
v 3.11752892 3.96630597 0.803006887
v 3.12017655 3.94974422 0.809118927
v 3.0855453 3.93745852 0.79813534
v 3.1265471 3.92796493 0.853489637
v 3.12765956 3.89898133 0.863420725
v 3.11050367 3.90540648 0.893522918
v 3.08998013 3.90149903 0.899721682
v 3.12322545 3.9169569 0.819451571
v 3.09146595 3.90775037 0.807241797
v 3.09907532 3.88008666 0.815180659
v 3.11654997 3.87794733 0.894647181
v 3.09950256 3.86917281 0.893254995
v 3.10357404 3.85757613 0.883883655
v 3.12764764 3.88968444 0.827226877
v 3.10404205 3.85813522 0.833156109
v 3.12351823 3.86901927 0.88203764
v 3.10617781 3.85166669 0.869986832
v 3.13344836 3.86702251 0.839454949
v 3.10790253 3.85010862 0.854535818
v 3.1278398 3.86458874 0.870161414
v 3.12994814 3.86330533 0.856627166
v 3.09607196 3.90024233 0.484591365
v 3.1001935 3.88266039 0.486165464
v 3.06964803 3.87394404 0.483516216
v 3.11853337 3.89057875 0.519714057
v 3.11980224 3.85792899 0.525687575
v 3.10467529 3.85194612 0.490565777
v 3.07512164 3.84434867 0.490922838
v 3.10891938 3.89146495 0.563359082
v 3.10851026 3.82165003 0.498948038
v 3.12369227 3.81963992 0.53301698
v 3.08385396 3.81340694 0.496046424
v 3.11070085 3.86212063 0.568616033
v 3.0883801 3.85797238 0.575415969
v 3.09527326 3.82813215 0.578424692
v 3.11503863 3.79894423 0.506689131
v 3.09502578 3.78838372 0.508935213
v 3.11882782 3.83351183 0.572312891
v 3.1001482 3.80688715 0.577507019
v 3.12021041 3.78990173 0.521057129
v 3.10080457 3.77954268 0.527448118
v 3.12380028 3.81428909 0.570322275
v 3.10648036 3.79051208 0.565654576
v 3.12264705 3.78713131 0.541609466
v 3.10426331 3.77865386 0.543178678
v 3.12558079 3.7965014 0.558742344
v 0.187654212 6.79187965 0.498205543
v 0.141754135 6.78670073 0.505005479
v 0.183731139 6.7952795 0.494805276
v 0.185156509 6.7892127 0.510380208
v 0.180723429 6.80030155 0.499984115
v 0.181037292 6.78581238 0.514735103
v 0.173220724 6.80269814 0.510524273
v 0.175963417 6.78256893 0.518971562
v 0.161679 6.80636072 0.518781126
v 0.16725418 6.78018904 0.52174437
v 0.146487981 6.80621195 0.525745809
v 0.151274145 6.77640963 0.526007056
v 0.133986428 6.80521822 0.529877901
v 0.134509489 6.77365017 0.529825449
v 0.123263322 6.80307341 0.531943977
v 0.124283321 6.77255154 0.530793428
v 0.11201714 6.80001307 0.533826888
v 0.114475608 6.77213383 0.530636609
v 0.0997771248 6.79483557 0.533330083
v 0.102183282 6.77272224 0.529276133
v 0.0900478736 6.78811407 0.530061007
v 0.0933955759 6.77417326 0.527262568
v 0.0859417021 6.78298759 0.527236342
v 0.0885832459 6.77788734 0.525327146
v 0.0402246937 6.6166482 0.666610718
v 0.0463708639 6.63432837 0.642679453
v 0.0238392781 6.60421228 0.672351062
v 0.0553416461 6.63163519 0.665093362
v 0.0271085165 6.60674286 0.648028553
v 0.0630308911 6.6356101 0.654448867
v 0.0496400967 6.62211418 0.632008672
v 0.0690593645 6.63506079 0.636965334
v 0.0630570427 6.62786865 0.624005735
v 0.262245119 6.80414581 0.157734364
v 0.258086652 6.82814217 0.184384763
v 0.258086652 6.84876442 0.121354364
v 0.272602081 6.7757163 0.111415401
v 0.251260489 6.81078911 0.0756890848
v 0.22387737 6.75230885 0.0667187497
v 0.270169765 6.79049349 0.187601924
v 0.261068195 6.71558952 0.10788513
v 0.211480424 6.69254684 0.0715832487
v 0.265344352 6.64620733 0.131645501
v 0.2200066 6.63257599 0.0917480439
v 0.231697381 6.56298065 0.110814206
v 0.26014629 6.60444117 0.160251468
v 0.244525865 6.54641199 0.159342647
v 0.263206273 6.58287048 0.189857781
v 0.247023582 6.55385303 0.219117433
v 0.255602032 6.56614542 0.232586667
v 0.250292808 6.55939817 0.248252556
v 0.263343573 6.57820225 0.247651368
v 0.275400549 6.57320738 0.237503663
v 0.269254386 6.59841919 0.251234114
v 0.281507462 6.60765123 0.235803217
v 0.276394397 6.6524663 0.249181509
v 0.273273379 6.57046986 0.204593495
v 0.271215916 6.56496859 0.229814455
v 0.287902117 6.56828976 0.222778931
v 0.284900963 6.6336484 0.207916871
v 0.274354398 6.65444136 0.215377197
v 0.283508271 6.56494236 0.214644775
v 0.29818058 6.58649349 0.176146239
v 0.279179782 6.67695951 0.203725576
v 0.284371346 6.69820976 0.246997669
v 0.300979048 6.57467127 0.203294069
v 0.291851372 6.57221365 0.193094477
v 0.30660212 6.58950043 0.182684928
v 0.306497514 6.60901165 0.166469723
v 0.294231325 6.66317606 0.172524408
v 0.270718992 6.66252232 0.21006836
v 0.299200594 6.60587311 0.157891229
v 0.308354437 6.63470793 0.147743523
v 0.303620607 6.63113832 0.137778923
v 0.314919084 6.65703011 0.131240234
v 0.310629845 6.65723991 0.116228022
v 0.318659097 6.67837191 0.106838375
v 0.322712928 6.68101358 0.120125122
v 0.329748333 6.70797825 0.0969262645
v 0.302155972 6.69674492 0.152189329
v 0.332442194 6.70664406 0.111206666
v 0.331879884 6.74339056 0.111193232
v 0.331016809 6.74663305 0.0999468938
v 0.323889881 6.77746916 0.116437376
v 0.281886727 6.69716311 0.164403677
v 0.298965216 6.73226166 0.163906246
v 0.289340585 6.76232529 0.168542475
v 0.324439079 6.77061653 0.124257199
v 0.316357523 6.7900486 0.138380125
v 0.313611388 6.794312 0.133646235
v 0.301632911 6.79460001 0.162128299
v 0.30359444 6.78863716 0.16301696
v 0.292819053 6.78311872 0.188229367
v 0.270653605 6.77315331 0.214096069
v 0.297134459 6.77657938 0.187209472
v 0.288137466 6.7712183 0.20214355
v 0.293734431 6.76337194 0.199528188
v 0.292505175 6.75393057 0.209492788
v 0.280749023 6.74413538 0.23844482
v 0.285365164 6.74767923 0.197958976
v 0.292295963 6.73659039 0.219470203
v 0.279179782 6.72826052 0.175584108
v 0.289706707 6.71069813 0.22576049
v 0.284175187 6.7310071 0.206046745
v 0.285522103 6.71093369 0.208067626
v 0.288346708 6.69759512 0.219117433
v 0.274589747 6.69640493 0.201712027
v 0.285705149 6.70172691 0.208289787
v 0.283455968 6.68934298 0.202941284
v 0.27155593 6.68151045 0.202744752
v 0.276172072 6.6720295 0.175989375
vt 0.492919922 0.904785156
vt 0.469970703 0.920898438
vt 0.494628906 0.9140625
vt 0.492919922 0.904785156
vt 0.494628906 0.9140625
vt 0.469970703 0.920898438
vt 0.541503906 0.0219726562
vt 0.495117188 0.00550079346
vt 0.496337891 0.0964355469
vt 0.540039062 0.112426758
vt 0.612304688 0.0463867188
vt 0.496337891 0.162353516
vt 0.613769531 0.119873047
vt 0.685546875 0.098449707
vt 0.6171875 0.169433594
vt 0.697753906 0.16027832
vt 0.61328125 0.217895508
vt 0.687988281 0.223144531
vt 0.678222656 0.263183594
vt 0.538574219 0.172973633
vt 0.491210938 0.185791016
vt 0.531738281 0.202026367
vt 0.573242188 0.273925781
vt 0.618164062 0.269042969
vt 0.485351562 0.203613281
vt 0.613769531 0.325195312
vt 0.67578125 0.310791016
vt 0.6328125 0.3671875
vt 0.676269531 0.348876953
vt 0.654785156 0.404785156
vt 0.690917969 0.390136719
vt 0.670898438 0.4375
vt 0.70703125 0.424804688
vt 0.625488281 0.454345703
vt 0.610351562 0.427246094
vt 0.596679688 0.468505859
vt 0.592773438 0.388671875
vt 0.581542969 0.445800781
vt 0.562011719 0.458984375
vt 0.576171875 0.482177734
vt 0.553222656 0.496337891
vt 0.541015625 0.471435547
vt 0.55859375 0.412597656
vt 0.533203125 0.429199219
vt 0.517578125 0.445068359
vt 0.500488281 0.421386719
vt 0.485107422 0.440917969
vt 0.518554688 0.399658203
vt 0.543457031 0.380126953
vt 0.512207031 0.383789062
vt 0.578613281 0.353271484
vt 0.532226562 0.351318359
vt 0.555664062 0.322753906
vt 0.511230469 0.348144531
vt 0.495849609 0.372314453
vt 0.487060547 0.3671875
vt 0.501953125 0.345458984
vt 0.505859375 0.329345703
vt 0.521484375 0.328857422
vt 0.53515625 0.301757812
vt 0.51953125 0.314941406
vt 0.506347656 0.31640625
vt 0.509277344 0.296630859
vt 0.5 0.300292969
vt 0.496337891 0.289794922
vt 0.522949219 0.286376953
vt 0.505371094 0.279785156
vt 0.484863281 0.271240234
vt 0.534667969 0.239013672
vt 0.514648438 0.258789062
vt 0.499267578 0.258056641
vt 0.476318359 0.238037109
vt 0.465820312 0.257568359
vt 0.503417969 0.215454102
vt 0.494628906 0.225585938
vt 0.481201172 0.210449219
vt 0.485595703 0.231445312
vt 0.477294922 0.211547852
vt 0.472412109 0.211425781
vt 0.448242188 0.213745117
vt 0.446777344 0.234741211
vt 0.442871094 0.257080078
vt 0.423583984 0.21496582
vt 0.425292969 0.235839844
vt 0.507324219 0.975585938
vt 0.503417969 0.967285156
vt 0.488037109 0.975097656
vt 0.5 0.961425781
vt 0.494873047 0.955566406
vt 0.490478516 0.951171875
vt 0.487304688 0.948730469
vt 0.485595703 0.946777344
vt 0.484375 0.944335938
vt 0.474609375 0.976074219
vt 0.46875 0.9609375
vt 0.452392578 0.9609375
vt 0.433837891 0.976074219
vt 0.465820312 0.958007812
vt 0.446777344 0.954589844
vt 0.418701172 0.958007812
vt 0.428466797 0.937988281
vt 0.463623047 0.953125
vt 0.450683594 0.946289062
vt 0.465820312 0.945800781
vt 0.467041016 0.939453125
vt 0.469970703 0.920898438
vt 0.484375 0.942871094
vt 0.485839844 0.940429688
vt 0.489257812 0.936523438
vt 0.492431641 0.930175781
vt 0.495117188 0.921875
vt 0.494628906 0.9140625
vt 0.188354492 0.615722656
vt 0.192504883 0.620605469
vt 0.194458008 0.623535156
vt 0.188354492 0.615722656
vt 0.183959961 0.609375
vt 0.188354492 0.615722656
vt 0.183959961 0.609375
vt 0.176391602 0.603515625
vt 0.195068359 0.607421875
vt 0.194458008 0.623535156
vt 0.176391602 0.603515625
vt 0.16418457 0.601074219
vt 0.16418457 0.601074219
vt 0.188232422 0.601074219
vt 0.176879883 0.595214844
vt 0.163452148 0.592285156
vt 0.152099609 0.599609375
vt 0.181030273 0.584472656
vt 0.192871094 0.592773438
vt 0.166015625 0.578613281
vt 0.202514648 0.618164062
vt 0.200927734 0.601074219
vt 0.196166992 0.631835938
vt 0.194458008 0.623535156
vt 0.196166992 0.631835938
vt 0.193847656 0.634765625
vt 0.193847656 0.634765625
vt 0.186645508 0.639648438
vt 0.186645508 0.639648438
vt 0.177246094 0.644042969
vt 0.177246094 0.644042969
vt 0.165649414 0.648925781
vt 0.165649414 0.648925781
vt 0.152954102 0.650878906
vt 0.181396484 0.650390625
vt 0.193359375 0.644042969
vt 0.200195312 0.637207031
vt 0.205078125 0.629882812
vt 0.209960938 0.615722656
vt 0.199829102 0.6484375
vt 0.207397461 0.639648438
vt 0.187011719 0.655273438
vt 0.211547852 0.629882812
vt 0.212280273 0.593261719
vt 0.220581055 0.61328125
vt 0.202392578 0.580566406
vt 0.187744141 0.568847656
vt 0.215087891 0.564453125
vt 0.225952148 0.583984375
vt 0.169311523 0.562011719
vt 0.212402344 0.656738281
vt 0.219116211 0.644042969
vt 0.223144531 0.62890625
vt 0.23425293 0.609375
vt 0.236694336 0.630859375
vt 0.19921875 0.673339844
vt 0.232055664 0.651855469
vt 0.224731445 0.667480469
vt 0.240112305 0.577636719
vt 0.248046875 0.607421875
vt 0.249145508 0.634765625
vt 0.24206543 0.659667969
vt 0.228881836 0.554199219
vt 0.268554688 0.639648438
vt 0.233642578 0.676757812
vt 0.209350586 0.690917969
vt 0.255859375 0.670898438
vt 0.268554688 0.576660156
vt 0.253417969 0.548828125
vt 0.272705078 0.604980469
vt 0.21484375 0.53125
vt 0.237915039 0.521484375
vt 0.178833008 0.514648438
vt 0.198608398 0.545410156
vt 0.174804688 0.536621094
vt 0.295166016 0.605957031
vt 0.295410156 0.575683594
vt 0.286621094 0.544921875
vt 0.262939453 0.515136719
vt 0.2890625 0.646972656
vt 0.149169922 0.541015625
vt 0.150878906 0.561523438
vt 0.145141602 0.528808594
vt 0.151489258 0.577636719
vt 0.151855469 0.591308594
vt 0.133300781 0.549316406
vt 0.136230469 0.564941406
vt 0.129760742 0.535644531
vt 0.120788574 0.511230469
vt 0.115600586 0.544433594
vt 0.136474609 0.499755859
vt 0.139282227 0.579589844
vt 0.120788574 0.556640625
vt 0.125366211 0.5703125
vt 0.141479492 0.592773438
vt 0.129150391 0.583007812
vt 0.110473633 0.579589844
vt 0.142089844 0.598632812
vt 0.142089844 0.598632812
vt 0.152099609 0.599609375
vt 0.134521484 0.599609375
vt 0.133544922 0.595703125
vt 0.134521484 0.599609375
vt 0.125244141 0.603515625
vt 0.125244141 0.603515625
vt 0.123657227 0.601074219
vt 0.118408203 0.608886719
vt 0.118225098 0.590820312
vt 0.114501953 0.607421875
vt 0.116577148 0.614746094
vt 0.118408203 0.608886719
vt 0.108703613 0.6015625
vt 0.116577148 0.614746094
vt 0.11517334 0.620605469
vt 0.110473633 0.612304688
vt 0.11517334 0.620605469
vt 0.115722656 0.627441406
vt 0.108215332 0.620605469
vt 0.10168457 0.609375
vt 0.0938720703 0.59375
vt 0.115722656 0.627441406
vt 0.118530273 0.636230469
vt 0.110290527 0.629394531
vt 0.118530273 0.636230469
vt 0.125976562 0.642089844
vt 0.102844238 0.567871094
vt 0.125976562 0.642089844
vt 0.134155273 0.646972656
vt 0.134155273 0.646972656
vt 0.142822266 0.649902344
vt 0.122314453 0.645996094
vt 0.114624023 0.638671875
vt 0.103027344 0.6328125
vt 0.142822266 0.649902344
vt 0.109985352 0.645019531
vt 0.0974731445 0.619140625
vt 0.152954102 0.650878906
vt 0.152587891 0.65625
vt 0.141357422 0.654785156
vt 0.131347656 0.651855469
vt 0.118225098 0.651855469
vt 0.139526367 0.661132812
vt 0.166992188 0.655761719
vt 0.153320312 0.662109375
vt 0.169067383 0.66015625
vt 0.180541992 0.683105469
vt 0.157348633 0.685058594
vt 0.186767578 0.702148438
vt 0.127685547 0.657226562
vt 0.136352539 0.680664062
vt 0.120544434 0.671386719
vt 0.159057617 0.703613281
vt 0.132080078 0.696777344
vt 0.214355469 0.703125
vt 0.105773926 0.662597656
vt 0.112426758 0.688964844
vt 0.243041992 0.691894531
vt 0.0942382812 0.650390625
vt 0.0914916992 0.679199219
vt 0.274658203 0.684082031
vt 0.088684082 0.635253906
vt 0.0734863281 0.66796875
vt 0.0634155273 0.649414062
vt 0.0379943848 0.672363281
vt 0.0646972656 0.685546875
vt 0.0858764648 0.696289062
vt 0.0578918457 0.709960938
vt 0.108093262 0.705566406
vt 0.0842895508 0.717285156
vt 0.129516602 0.709960938
vt 0.106323242 0.721191406
vt 0.158813477 0.715820312
vt 0.128295898 0.724609375
vt 0.187866211 0.71484375
vt 0.159179688 0.729003906
vt 0.189453125 0.728515625
vt 0.220092773 0.71875
vt 0.0827026367 0.744628906
vt 0.106689453 0.748535156
vt 0.13269043 0.751464844
vt 0.163330078 0.75
vt 0.194946289 0.746582031
vt 0.228881836 0.737304688
vt 0.057800293 0.742675781
vt 0.257568359 0.712402344
vt 0.0841674805 0.784179688
vt 0.113586426 0.783691406
vt 0.142456055 0.780761719
vt 0.171386719 0.776855469
vt 0.0594482422 0.787109375
vt 0.0346984863 0.745605469
vt 0.206054688 0.771484375
vt 0.243408203 0.762207031
vt 0.0335998535 0.701171875
vt 0.0126037598 0.701660156
vt 0.0126037598 0.749511719
vt 0.0126037598 0.66796875
vt 0.0355529785 0.792480469
vt 0.0126037598 0.797363281
vt 0.0354614258 0.647460938
vt 0.0126037598 0.646484375
vt 0.0354003906 0.833496094
vt 0.0126037598 0.83984375
vt 0.0126037598 0.875976562
vt 0.0602111816 0.633300781
vt 0.0349121094 0.62109375
vt 0.0126037598 0.626464844
vt 0.0635986328 0.828613281
vt 0.0555114746 0.869628906
vt 0.0126037598 0.914550781
vt 0.0575866699 0.901367188
vt 0.0919189453 0.823242188
vt 0.102111816 0.859863281
vt 0.110412598 0.89453125
vt 0.121704102 0.816894531
vt 0.15625 0.85546875
vt 0.176269531 0.885742188
vt 0.155273438 0.814453125
vt 0.187255859 0.812011719
vt 0.204467773 0.852539062
vt 0.238891602 0.883789062
vt 0.225463867 0.807128906
vt 0.268554688 0.838378906
vt 0.301025391 0.874023438
vt 0.266601562 0.795410156
vt 0.342285156 0.817871094
vt 0.375244141 0.853027344
vt 0.399658203 0.771484375
vt 0.435302734 0.795410156
vt 0.308349609 0.775878906
vt 0.278320312 0.741699219
vt 0.302490234 0.705078125
vt 0.350830078 0.736328125
vt 0.321533203 0.657714844
vt 0.463867188 0.715332031
vt 0.491699219 0.732910156
vt 0.498779297 0.693359375
vt 0.480224609 0.669921875
vt 0.439697266 0.698730469
vt 0.465820312 0.629394531
vt 0.371826172 0.670898438
vt 0.385742188 0.618652344
vt 0.331298828 0.609375
vt 0.392578125 0.576660156
vt 0.465087891 0.573730469
vt 0.466552734 0.51953125
vt 0.333251953 0.575195312
vt 0.395263672 0.52734375
vt 0.330322266 0.530273438
vt 0.287841797 0.491699219
vt 0.347167969 0.466796875
vt 0.394287109 0.472167969
vt 0.452392578 0.463867188
vt 0.465820312 0.460449219
vt 0.469238281 0.437988281
vt 0.445800781 0.428222656
vt 0.470214844 0.415283203
vt 0.433105469 0.356201172
vt 0.456298828 0.34375
vt 0.431396484 0.295898438
vt 0.395019531 0.406005859
vt 0.414306641 0.302490234
vt 0.409912109 0.259033203
vt 0.396240234 0.268310547
vt 0.374755859 0.219360352
vt 0.386230469 0.312988281
vt 0.388916016 0.350341797
vt 0.350097656 0.399658203
vt 0.350585938 0.342529297
vt 0.299560547 0.448486328
vt 0.304443359 0.386962891
vt 0.260009766 0.423095703
vt 0.250244141 0.456542969
vt 0.233520508 0.481689453
vt 0.214599609 0.496826172
vt 0.349609375 0.303466797
vt 0.3046875 0.330810547
vt 0.262695312 0.363525391
vt 0.225708008 0.39453125
vt 0.216308594 0.426757812
vt 0.203613281 0.454101562
vt 0.178588867 0.433837891
vt 0.188598633 0.473144531
vt 0.161987305 0.486572266
vt 0.161254883 0.446533203
vt 0.139404297 0.462402344
vt 0.193359375 0.411132812
vt 0.121887207 0.476318359
vt 0.139648438 0.422119141
vt 0.119140625 0.435302734
vt 0.197387695 0.375
vt 0.166992188 0.391845703
vt 0.154174805 0.41015625
vt 0.230102539 0.342041016
vt 0.262695312 0.309570312
vt 0.310058594 0.281005859
vt 0.143798828 0.3984375
vt 0.155639648 0.3828125
vt 0.178344727 0.365722656
vt 0.199462891 0.326171875
vt 0.228637695 0.286621094
vt 0.263671875 0.252197266
vt 0.132324219 0.409912109
vt 0.343261719 0.259277344
vt 0.318115234 0.236572266
vt 0.371826172 0.28515625
vt 0.362060547 0.235351562
vt 0.337158203 0.210205078
vt 0.351074219 0.190795898
vt 0.272460938 0.206542969
vt 0.289794922 0.169067383
vt 0.322509766 0.147460938
vt 0.215698242 0.208007812
vt 0.236938477 0.111572266
vt 0.254150391 0.0852050781
vt 0.190795898 0.0650024414
vt 0.223022461 0.158935547
vt 0.195556641 0.270996094
vt 0.180541992 0.11706543
vt 0.16809082 0.170532227
vt 0.145141602 0.212158203
vt 0.134643555 0.0856933594
vt 0.0924682617 0.0256500244
vt 0.177734375 0.318359375
vt 0.121704102 0.119873047
vt 0.0750732422 0.0665283203
vt 0.0126037598 0.0173950195
vt 0.0126037598 0.0606079102
vt 0.0613098145 0.107727051
vt 0.0126037598 0.100830078
vt 0.106079102 0.155517578
vt 0.0571594238 0.143432617
vt 0.0126037598 0.13684082
vt 0.0126037598 0.192504883
vt 0.0908203125 0.204956055
vt 0.0505981445 0.19519043
vt 0.0463867188 0.232543945
vt 0.0126037598 0.229248047
vt 0.0803222656 0.240356445
vt 0.0393371582 0.277587891
vt 0.0126037598 0.273681641
vt 0.126953125 0.238647461
vt 0.0614624023 0.284179688
vt 0.0338134766 0.303955078
vt 0.0126037598 0.300537109
vt 0.0126037598 0.327880859
vt 0.0531005859 0.308349609
vt 0.0341186523 0.330078125
vt 0.0127029419 0.349853516
vt 0.0375976562 0.350585938
vt 0.0516052246 0.332763672
vt 0.0570983887 0.351806641
vt 0.0718994141 0.335449219
vt 0.0780029297 0.352783203
vt 0.0750732422 0.313964844
vt 0.0914916992 0.338378906
vt 0.0960083008 0.352783203
vt 0.0873413086 0.294677734
vt 0.0966186523 0.321289062
vt 0.106201172 0.340820312
vt 0.109069824 0.352050781
vt 0.109680176 0.262207031
vt 0.106262207 0.304443359
vt 0.112670898 0.328125
vt 0.118225098 0.345947266
vt 0.114929199 0.352539062
vt 0.116882324 0.353271484
vt 0.149658203 0.27734375
vt 0.129760742 0.287109375
vt 0.128295898 0.321289062
vt 0.127563477 0.340332031
vt 0.121826172 0.353271484
vt 0.114501953 0.355712891
vt 0.170043945 0.270263672
vt 0.160766602 0.316894531
vt 0.146118164 0.317382812
vt 0.137817383 0.340332031
vt 0.16418457 0.356933594
vt 0.15246582 0.347412109
vt 0.129760742 0.353759766
vt 0.147338867 0.372070312
vt 0.136352539 0.359863281
vt 0.136230469 0.387451172
vt 0.125366211 0.373779297
vt 0.126098633 0.396972656
vt 0.119384766 0.3671875
vt 0.116271973 0.382080078
vt 0.114929199 0.362792969
vt 0.111877441 0.360595703
vt 0.110229492 0.373535156
vt 0.105163574 0.367431641
vt 0.102111816 0.362548828
vt 0.0944213867 0.393554688
vt 0.102966309 0.410888672
vt 0.0854492188 0.371337891
vt 0.0849609375 0.362792969
vt 0.0639038086 0.361816406
vt 0.0883789062 0.381103516
vt 0.0619506836 0.371337891
vt 0.041809082 0.359619141
vt 0.0629272461 0.383544922
vt 0.0679931641 0.397705078
vt 0.0403137207 0.369140625
vt 0.0126037598 0.357910156
vt 0.0126037598 0.365722656
vt 0.0126037598 0.376953125
vt 0.0399475098 0.381591797
vt 0.0126037598 0.389648438
vt 0.0422363281 0.39453125
vt 0.0444641113 0.408447266
vt 0.0126037598 0.399658203
vt 0.0755004883 0.414794922
vt 0.0415039062 0.412353516
vt 0.0126037598 0.402099609
vt 0.037322998 0.415039062
vt 0.0126037598 0.404785156
vt 0.0321350098 0.424560547
vt 0.054107666 0.436279297
vt 0.0126037598 0.412353516
vt 0.0626831055 0.43359375
vt 0.0662231445 0.447509766
vt 0.0295562744 0.435058594
vt 0.0126037598 0.427978516
vt 0.0481872559 0.437988281
vt 0.0723266602 0.430908203
vt 0.075378418 0.447753906
vt 0.0661621094 0.462402344
vt 0.0272979736 0.450927734
vt 0.0126037598 0.446289062
vt 0.0443115234 0.443359375
vt 0.0530090332 0.45703125
vt 0.087890625 0.429199219
vt 0.0252990723 0.470703125
vt 0.0126037598 0.469238281
vt 0.0126037598 0.491699219
vt 0.0409851074 0.457275391
vt 0.0255432129 0.489990234
vt 0.0126037598 0.515625
vt 0.0498962402 0.465087891
vt 0.05859375 0.46484375
vt 0.0392150879 0.473876953
vt 0.0279541016 0.511230469
vt 0.0126037598 0.536621094
vt 0.0584106445 0.471679688
vt 0.048614502 0.477783203
vt 0.0412902832 0.491455078
vt 0.0303497314 0.533691406
vt 0.0126037598 0.571289062
vt 0.0712280273 0.466064453
vt 0.0458984375 0.509277344
vt 0.0609130859 0.480957031
vt 0.0508117676 0.493164062
vt 0.0320129395 0.56640625
vt 0.050201416 0.529785156
vt 0.0574951172 0.511230469
vt 0.0637817383 0.494628906
vt 0.0329589844 0.6015625
vt 0.0126037598 0.609863281
vt 0.0535583496 0.560058594
vt 0.0621948242 0.524902344
vt 0.0589904785 0.586425781
vt 0.0769042969 0.480957031
vt 0.0706787109 0.510742188
vt 0.0676269531 0.552246094
vt 0.0797729492 0.492919922
vt 0.0906982422 0.474609375
vt 0.084777832 0.520996094
vt 0.0831298828 0.503417969
vt 0.0936889648 0.489746094
vt 0.100708008 0.500976562
vt 0.0872802734 0.463134766
vt 0.103820801 0.48046875
vt 0.0894775391 0.449707031
vt 0.0974121094 0.463134766
vt 0.0985107422 0.444091797
vt 0.112304688 0.485351562
vt 0.110046387 0.423095703
vt 0.105773926 0.5234375
vt 0.0965576172 0.557617188
vt 0.0877685547 0.540039062
vt 0.076171875 0.573730469
vt 0.0833129883 0.585449219
vt 0.063293457 0.606445312
vt 0.0874633789 0.604492188
vt 0.0838623047 0.619628906
vt 0.159545898 0.600097656
vt 0.16418457 0.601074219
vt 0.152099609 0.599609375
vt 0.125244141 0.603515625
vt 0.118408203 0.608886719
vt 0.122619629 0.604980469
vt 0.937988281 0.615234375
vt 0.944335938 0.616210938
vt 0.944824219 0.614257812
vt 0.938964844 0.612304688
vt 0.9453125 0.611816406
vt 0.939453125 0.609863281
vt 0.940429688 0.606933594
vt 0.946289062 0.608398438
vt 0.946777344 0.606445312
vt 0.94140625 0.598632812
vt 0.947753906 0.599121094
vt 0.942382812 0.588378906
vt 0.939453125 0.598144531
vt 0.942382812 0.588378906
vt 0.940429688 0.587890625
vt 0.94140625 0.598632812
vt 0.938964844 0.606445312
vt 0.940429688 0.606933594
vt 0.938476562 0.609375
vt 0.939453125 0.609863281
vt 0.937988281 0.612304688
vt 0.938964844 0.612304688
vt 0.937988281 0.615234375
vt 0.937011719 0.614746094
vt 0.939453125 0.598144531
vt 0.940429688 0.587890625
vt 0.93359375 0.59765625
vt 0.933105469 0.60546875
vt 0.938964844 0.606445312
vt 0.933105469 0.607421875
vt 0.938476562 0.609375
vt 0.932128906 0.610351562
vt 0.937988281 0.612304688
vt 0.931640625 0.612304688
vt 0.937011719 0.614746094
vt 0.960449219 0.565917969
vt 0.959960938 0.569824219
vt 0.96875 0.570800781
vt 0.96875 0.56640625
vt 0.9609375 0.561035156
vt 0.969238281 0.561523438
vt 0.961425781 0.558105469
vt 0.969238281 0.557128906
vt 0.961914062 0.5546875
vt 0.970703125 0.544433594
vt 0.962890625 0.543457031
vt 0.973632812 0.531738281
vt 0.973632812 0.531738281
vt 0.973632812 0.543945312
vt 0.975585938 0.531738281
vt 0.970703125 0.544433594
vt 0.970703125 0.556640625
vt 0.969238281 0.557128906
vt 0.970214844 0.561523438
vt 0.969238281 0.561523438
vt 0.970214844 0.565917969
vt 0.96875 0.56640625
vt 0.96875 0.570800781
vt 0.970214844 0.5703125
vt 0.973632812 0.543945312
vt 0.982421875 0.541015625
vt 0.975585938 0.531738281
vt 0.98046875 0.551757812
vt 0.970703125 0.556640625
vt 0.979003906 0.557128906
vt 0.978027344 0.561523438
vt 0.970214844 0.561523438
vt 0.978515625 0.565917969
vt 0.970214844 0.565917969
vt 0.978515625 0.569824219
vt 0.970214844 0.5703125
vt 0.942871094 0.487792969
vt 0.940429688 0.487060547
vt 0.938964844 0.492919922
vt 0.941894531 0.493164062
vt 0.937988281 0.505859375
vt 0.945800781 0.492919922
vt 0.946777344 0.491943359
vt 0.950195312 0.507324219
vt 0.941894531 0.506347656
vt 0.9375 0.516113281
vt 0.947265625 0.506835938
vt 0.946289062 0.516601562
vt 0.949707031 0.519042969
vt 0.945800781 0.520996094
vt 0.94140625 0.516601562
vt 0.9375 0.521972656
vt 0.964355469 0.457763672
vt 0.977050781 0.444824219
vt 0.964355469 0.443847656
vt 0.975585938 0.458251953
vt 0.971191406 0.475830078
vt 0.96484375 0.482177734
vt 0.967773438 0.481445312
vt 0.981933594 0.102600098
vt 0.981933594 0.00759887695
vt 0.94140625 0.00905609131
vt 0.943359375 0.103393555
vt 0.947265625 0.181396484
vt 0.981933594 0.181274414
vt 0.948730469 0.279541016
vt 0.981933594 0.279541016
vt 0.981933594 0.317138672
vt 0.913085938 0.102600098
vt 0.913085938 0.00759887695
vt 0.948242188 0.316894531
vt 0.981933594 0.354003906
vt 0.913085938 0.181274414
vt 0.872070312 0.102600098
vt 0.872070312 0.00759887695
vt 0.872070312 0.181274414
vt 0.913085938 0.279541016
vt 0.840332031 0.102600098
vt 0.840332031 0.00759887695
vt 0.840332031 0.181274414
vt 0.809082031 0.102600098
vt 0.809082031 0.00759887695
vt 0.771484375 0.00701141357
vt 0.809082031 0.181274414
vt 0.872070312 0.279541016
vt 0.913085938 0.317138672
vt 0.771484375 0.102722168
vt 0.727050781 0.102600098
vt 0.727050781 0.00759887695
vt 0.7734375 0.181884766
vt 0.727050781 0.181274414
vt 0.727050781 0.279541016
vt 0.840332031 0.279541016
vt 0.872070312 0.317138672
vt 0.809082031 0.279541016
vt 0.840332031 0.317138672
vt 0.7734375 0.280029297
vt 0.809082031 0.317138672
vt 0.772949219 0.317626953
vt 0.727050781 0.317138672
vt 0.840332031 0.354003906
vt 0.872070312 0.354003906
vt 0.809082031 0.354003906
vt 0.772949219 0.354736328
vt 0.727050781 0.354003906
vt 0.913085938 0.354003906
vt 0.872070312 0.384521484
vt 0.840332031 0.384521484
vt 0.773925781 0.385498047
vt 0.727050781 0.384521484
vt 0.809082031 0.384521484
vt 0.775390625 0.413085938
vt 0.727050781 0.412109375
vt 0.809082031 0.412109375
vt 0.840332031 0.412109375
vt 0.872070312 0.412109375
vt 0.913085938 0.384521484
vt 0.913085938 0.412109375
vt 0.947753906 0.353515625
vt 0.981933594 0.384521484
vt 0.947753906 0.384765625
vt 0.947753906 0.412841797
vt 0.981933594 0.412109375
vt 0.524414062 0.956542969
vt 0.524414062 0.979003906
vt 0.559082031 0.979003906
vt 0.559082031 0.956542969
vt 0.524414062 0.930664062
vt 0.597167969 0.956542969
vt 0.597167969 0.979003906
vt 0.559082031 0.930664062
vt 0.524414062 0.904296875
vt 0.620605469 0.956542969
vt 0.620605469 0.979003906
vt 0.597167969 0.930664062
vt 0.620605469 0.930664062
vt 0.559082031 0.904296875
vt 0.524414062 0.871582031
vt 0.597167969 0.904296875
vt 0.620605469 0.904296875
vt 0.559082031 0.871582031
vt 0.524414062 0.819824219
vt 0.597167969 0.871582031
vt 0.620605469 0.871582031
vt 0.561035156 0.822265625
vt 0.524414062 0.782226562
vt 0.598144531 0.825195312
vt 0.620605469 0.828613281
vt 0.620605469 0.793457031
vt 0.561035156 0.783203125
vt 0.524414062 0.7578125
vt 0.599609375 0.790039062
vt 0.620605469 0.770019531
vt 0.598632812 0.767578125
vt 0.612792969 0.746582031
vt 0.562011719 0.760253906
vt 0.596679688 0.744140625
vt 0.553222656 0.741699219
vt 0.537109375 0.739257812
vt 0.609375 0.728515625
vt 0.617675781 0.734863281
vt 0.575683594 0.738769531
vt 0.554199219 0.723144531
vt 0.540527344 0.723144531
vt 0.568359375 0.721191406
vt 0.554199219 0.708007812
vt 0.540039062 0.708984375
vt 0.586425781 0.720214844
vt 0.559570312 0.689453125
vt 0.540039062 0.692382812
vt 0.540527344 0.669921875
vt 0.56640625 0.713867188
vt 0.588867188 0.686523438
vt 0.598632812 0.723632812
vt 0.603515625 0.711914062
vt 0.557617188 0.662109375
vt 0.591308594 0.651855469
vt 0.549316406 0.649414062
vt 0.540527344 0.653320312
vt 0.5390625 0.647460938
vt 0.559082031 0.644042969
vt 0.547363281 0.641601562
vt 0.536621094 0.639160156
vt 0.629882812 0.710449219
vt 0.637207031 0.723632812
vt 0.649902344 0.709960938
vt 0.614257812 0.678710938
vt 0.642578125 0.699707031
vt 0.660644531 0.691894531
vt 0.621582031 0.698730469
vt 0.635253906 0.687011719
vt 0.648925781 0.678222656
vt 0.631347656 0.670410156
vt 0.656738281 0.674804688
vt 0.665039062 0.68359375
vt 0.614746094 0.649414062
vt 0.645996094 0.664550781
vt 0.668945312 0.669433594
vt 0.674316406 0.677734375
vt 0.62890625 0.646972656
vt 0.653320312 0.662109375
vt 0.67578125 0.666992188
vt 0.6796875 0.675292969
vt 0.645507812 0.651855469
vt 0.682128906 0.665039062
vt 0.686523438 0.673828125
vt 0.700683594 0.659667969
vt 0.705078125 0.666015625
vt 0.708007812 0.655761719
vt 0.711425781 0.659667969
vt 0.713378906 0.654296875
vt 0.713378906 0.647949219
vt 0.706054688 0.648925781
vt 0.710449219 0.642089844
vt 0.696777344 0.650878906
vt 0.703613281 0.643066406
vt 0.705566406 0.638183594
vt 0.695800781 0.634765625
vt 0.694335938 0.642089844
vt 0.675292969 0.635253906
vt 0.677246094 0.655273438
vt 0.67578125 0.64453125
vt 0.668457031 0.636230469
vt 0.669433594 0.645996094
vt 0.66015625 0.641113281
vt 0.670898438 0.657226562
vt 0.662597656 0.647460938
vt 0.653808594 0.645019531
vt 0.665039062 0.658691406
vt 0.651367188 0.650390625
vt 0.648925781 0.645019531
vt 0.646484375 0.641601562
vt 0.639648438 0.637207031
vt 0.647949219 0.637207031
vt 0.650878906 0.632324219
vt 0.659667969 0.637695312
vt 0.654785156 0.627929688
vt 0.665527344 0.633300781
vt 0.642089844 0.629394531
vt 0.629394531 0.626464844
vt 0.657714844 0.622070312
vt 0.666503906 0.625976562
vt 0.645019531 0.622070312
vt 0.674316406 0.599609375
vt 0.681640625 0.60546875
vt 0.614257812 0.626464844
vt 0.635253906 0.618652344
vt 0.649414062 0.616699219
vt 0.641113281 0.612304688
vt 0.677734375 0.594726562
vt 0.684570312 0.601074219
vt 0.6875 0.59765625
vt 0.666992188 0.594238281
vt 0.682128906 0.590820312
vt 0.703613281 0.582519531
vt 0.671875 0.588867188
vt 0.626464844 0.618164062
vt 0.662109375 0.588378906
vt 0.634277344 0.609375
vt 0.637695312 0.60546875
vt 0.632324219 0.609375
vt 0.65625 0.58203125
vt 0.666503906 0.583496094
vt 0.66015625 0.576660156
vt 0.664550781 0.573242188
vt 0.676269531 0.583984375
vt 0.671386719 0.578125
vt 0.681152344 0.558105469
vt 0.690429688 0.570800781
vt 0.686035156 0.562988281
vt 0.697265625 0.577148438
vt 0.688964844 0.560546875
vt 0.684082031 0.555175781
vt 0.6875 0.552246094
vt 0.692871094 0.567871094
vt 0.700195312 0.575195312
vt 0.706542969 0.580078125
vt 0.702636719 0.572753906
vt 0.708496094 0.577636719
vt 0.692382812 0.557617188
vt 0.694335938 0.546875
vt 0.697265625 0.563964844
vt 0.70703125 0.566894531
vt 0.71484375 0.569335938
vt 0.702148438 0.559570312
vt 0.712402344 0.561523438
vt 0.71875 0.562988281
vt 0.698730469 0.552734375
vt 0.716308594 0.5546875
vt 0.721191406 0.553710938
vt 0.720703125 0.548828125
vt 0.707519531 0.555175781
vt 0.704101562 0.548339844
vt 0.701171875 0.541992188
vt 0.713378906 0.549804688
vt 0.71875 0.544921875
vt 0.715332031 0.541992188
vt 0.708984375 0.545410156
vt 0.709472656 0.540527344
vt 0.541503906 0.0219726562
vt 0.496337891 0.0964355469
vt 0.495117188 0.00550079346
vt 0.540039062 0.112426758
vt 0.612304688 0.0463867188
vt 0.496337891 0.162353516
vt 0.613769531 0.119873047
vt 0.685546875 0.098449707
vt 0.6171875 0.169433594
vt 0.697753906 0.16027832
vt 0.61328125 0.217895508
vt 0.687988281 0.223144531
vt 0.678222656 0.263183594
vt 0.538574219 0.172973633
vt 0.491210938 0.185791016
vt 0.531738281 0.202026367
vt 0.573242188 0.273925781
vt 0.618164062 0.269042969
vt 0.485351562 0.203613281
vt 0.613769531 0.325195312
vt 0.67578125 0.310791016
vt 0.6328125 0.3671875
vt 0.676269531 0.348876953
vt 0.654785156 0.404785156
vt 0.690917969 0.390136719
vt 0.670898438 0.4375
vt 0.70703125 0.424804688
vt 0.625488281 0.454345703
vt 0.610351562 0.427246094
vt 0.596679688 0.468505859
vt 0.592773438 0.388671875
vt 0.581542969 0.445800781
vt 0.562011719 0.458984375
vt 0.576171875 0.482177734
vt 0.553222656 0.496337891
vt 0.541015625 0.471435547
vt 0.55859375 0.412597656
vt 0.533203125 0.429199219
vt 0.517578125 0.445068359
vt 0.500488281 0.421386719
vt 0.485107422 0.440917969
vt 0.518554688 0.399658203
vt 0.543457031 0.380126953
vt 0.512207031 0.383789062
vt 0.578613281 0.353271484
vt 0.532226562 0.351318359
vt 0.555664062 0.322753906
vt 0.511230469 0.348144531
vt 0.495849609 0.372314453
vt 0.487060547 0.3671875
vt 0.501953125 0.345458984
vt 0.505859375 0.329345703
vt 0.521484375 0.328857422
vt 0.53515625 0.301757812
vt 0.51953125 0.314941406
vt 0.506347656 0.31640625
vt 0.509277344 0.296630859
vt 0.5 0.300292969
vt 0.496337891 0.289794922
vt 0.522949219 0.286376953
vt 0.505371094 0.279785156
vt 0.484863281 0.271240234
vt 0.534667969 0.239013672
vt 0.514648438 0.258789062
vt 0.499267578 0.258056641
vt 0.476318359 0.238037109
vt 0.465820312 0.257568359
vt 0.503417969 0.215454102
vt 0.494628906 0.225585938
vt 0.481201172 0.210449219
vt 0.485595703 0.231445312
vt 0.477294922 0.211547852
vt 0.472412109 0.211425781
vt 0.448242188 0.213745117
vt 0.446777344 0.234741211
vt 0.442871094 0.257080078
vt 0.423583984 0.21496582
vt 0.425292969 0.235839844
vt 0.507324219 0.975585938
vt 0.488037109 0.975097656
vt 0.503417969 0.967285156
vt 0.5 0.961425781
vt 0.494873047 0.955566406
vt 0.490478516 0.951171875
vt 0.487304688 0.948730469
vt 0.485595703 0.946777344
vt 0.484375 0.944335938
vt 0.474609375 0.976074219
vt 0.46875 0.9609375
vt 0.452392578 0.9609375
vt 0.433837891 0.976074219
vt 0.465820312 0.958007812
vt 0.446777344 0.954589844
vt 0.418701172 0.958007812
vt 0.428466797 0.937988281
vt 0.463623047 0.953125
vt 0.450683594 0.946289062
vt 0.465820312 0.945800781
vt 0.467041016 0.939453125
vt 0.469970703 0.920898438
vt 0.484375 0.942871094
vt 0.485839844 0.940429688
vt 0.489257812 0.936523438
vt 0.492431641 0.930175781
vt 0.495117188 0.921875
vt 0.494628906 0.9140625
vt 0.188354492 0.615722656
vt 0.188354492 0.615722656
vt 0.194458008 0.623535156
vt 0.192504883 0.620605469
vt 0.183959961 0.609375
vt 0.188354492 0.615722656
vt 0.183959961 0.609375
vt 0.176391602 0.603515625
vt 0.195068359 0.607421875
vt 0.194458008 0.623535156
vt 0.176391602 0.603515625
vt 0.16418457 0.601074219
vt 0.16418457 0.601074219
vt 0.188232422 0.601074219
vt 0.176879883 0.595214844
vt 0.163452148 0.592285156
vt 0.152099609 0.599609375
vt 0.181030273 0.584472656
vt 0.192871094 0.592773438
vt 0.166015625 0.578613281
vt 0.202514648 0.618164062
vt 0.200927734 0.601074219
vt 0.196166992 0.631835938
vt 0.194458008 0.623535156
vt 0.196166992 0.631835938
vt 0.193847656 0.634765625
vt 0.193847656 0.634765625
vt 0.186645508 0.639648438
vt 0.186645508 0.639648438
vt 0.177246094 0.644042969
vt 0.177246094 0.644042969
vt 0.165649414 0.648925781
vt 0.165649414 0.648925781
vt 0.152954102 0.650878906
vt 0.181396484 0.650390625
vt 0.193359375 0.644042969
vt 0.200195312 0.637207031
vt 0.205078125 0.629882812
vt 0.209960938 0.615722656
vt 0.199829102 0.6484375
vt 0.207397461 0.639648438
vt 0.187011719 0.655273438
vt 0.211547852 0.629882812
vt 0.212280273 0.593261719
vt 0.220581055 0.61328125
vt 0.202392578 0.580566406
vt 0.187744141 0.568847656
vt 0.215087891 0.564453125
vt 0.225952148 0.583984375
vt 0.169311523 0.562011719
vt 0.219116211 0.644042969
vt 0.223144531 0.62890625
vt 0.23425293 0.609375
vt 0.212402344 0.656738281
vt 0.236694336 0.630859375
vt 0.232055664 0.651855469
vt 0.19921875 0.673339844
vt 0.224731445 0.667480469
vt 0.240112305 0.577636719
vt 0.248046875 0.607421875
vt 0.249145508 0.634765625
vt 0.24206543 0.659667969
vt 0.228881836 0.554199219
vt 0.268554688 0.639648438
vt 0.233642578 0.676757812
vt 0.209350586 0.690917969
vt 0.255859375 0.670898438
vt 0.268554688 0.576660156
vt 0.253417969 0.548828125
vt 0.272705078 0.604980469
vt 0.21484375 0.53125
vt 0.237915039 0.521484375
vt 0.178833008 0.514648438
vt 0.198608398 0.545410156
vt 0.174804688 0.536621094
vt 0.295166016 0.605957031
vt 0.295410156 0.575683594
vt 0.286621094 0.544921875
vt 0.262939453 0.515136719
vt 0.2890625 0.646972656
vt 0.149169922 0.541015625
vt 0.150878906 0.561523438
vt 0.145141602 0.528808594
vt 0.151489258 0.577636719
vt 0.151855469 0.591308594
vt 0.133300781 0.549316406
vt 0.136230469 0.564941406
vt 0.129760742 0.535644531
vt 0.120788574 0.511230469
vt 0.115600586 0.544433594
vt 0.136474609 0.499755859
vt 0.139282227 0.579589844
vt 0.120788574 0.556640625
vt 0.125366211 0.5703125
vt 0.141479492 0.592773438
vt 0.129150391 0.583007812
vt 0.110473633 0.579589844
vt 0.142089844 0.598632812
vt 0.142089844 0.598632812
vt 0.152099609 0.599609375
vt 0.134521484 0.599609375
vt 0.133544922 0.595703125
vt 0.134521484 0.599609375
vt 0.125244141 0.603515625
vt 0.125244141 0.603515625
vt 0.123657227 0.601074219
vt 0.118408203 0.608886719
vt 0.118225098 0.590820312
vt 0.114501953 0.607421875
vt 0.116577148 0.614746094
vt 0.118408203 0.608886719
vt 0.108703613 0.6015625
vt 0.116577148 0.614746094
vt 0.11517334 0.620605469
vt 0.110473633 0.612304688
vt 0.11517334 0.620605469
vt 0.115722656 0.627441406
vt 0.108215332 0.620605469
vt 0.10168457 0.609375
vt 0.0938720703 0.59375
vt 0.115722656 0.627441406
vt 0.118530273 0.636230469
vt 0.110290527 0.629394531
vt 0.118530273 0.636230469
vt 0.125976562 0.642089844
vt 0.102844238 0.567871094
vt 0.125976562 0.642089844
vt 0.134155273 0.646972656
vt 0.134155273 0.646972656
vt 0.142822266 0.649902344
vt 0.122314453 0.645996094
vt 0.114624023 0.638671875
vt 0.103027344 0.6328125
vt 0.142822266 0.649902344
vt 0.109985352 0.645019531
vt 0.0974731445 0.619140625
vt 0.152954102 0.650878906
vt 0.152587891 0.65625
vt 0.141357422 0.654785156
vt 0.131347656 0.651855469
vt 0.118225098 0.651855469
vt 0.139526367 0.661132812
vt 0.166992188 0.655761719
vt 0.153320312 0.662109375
vt 0.169067383 0.66015625
vt 0.180541992 0.683105469
vt 0.157348633 0.685058594
vt 0.186767578 0.702148438
vt 0.127685547 0.657226562
vt 0.136352539 0.680664062
vt 0.120544434 0.671386719
vt 0.159057617 0.703613281
vt 0.132080078 0.696777344
vt 0.214355469 0.703125
vt 0.105773926 0.662597656
vt 0.112426758 0.688964844
vt 0.243041992 0.691894531
vt 0.0942382812 0.650390625
vt 0.0914916992 0.679199219
vt 0.274658203 0.684082031
vt 0.088684082 0.635253906
vt 0.0734863281 0.66796875
vt 0.0634155273 0.649414062
vt 0.0379943848 0.672363281
vt 0.0646972656 0.685546875
vt 0.0858764648 0.696289062
vt 0.0578918457 0.709960938
vt 0.108093262 0.705566406
vt 0.0842895508 0.717285156
vt 0.129516602 0.709960938
vt 0.106323242 0.721191406
vt 0.158813477 0.715820312
vt 0.128295898 0.724609375
vt 0.187866211 0.71484375
vt 0.159179688 0.729003906
vt 0.189453125 0.728515625
vt 0.220092773 0.71875
vt 0.0827026367 0.744628906
vt 0.106689453 0.748535156
vt 0.13269043 0.751464844
vt 0.163330078 0.75
vt 0.194946289 0.746582031
vt 0.228881836 0.737304688
vt 0.057800293 0.742675781
vt 0.257568359 0.712402344
vt 0.0841674805 0.784179688
vt 0.113586426 0.783691406
vt 0.142456055 0.780761719
vt 0.171386719 0.776855469
vt 0.0594482422 0.787109375
vt 0.0346984863 0.745605469
vt 0.206054688 0.771484375
vt 0.0335998535 0.701171875
vt 0.243408203 0.762207031
vt 0.0126037598 0.701660156
vt 0.0126037598 0.749511719
vt 0.0126037598 0.66796875
vt 0.0355529785 0.792480469
vt 0.0126037598 0.797363281
vt 0.0354614258 0.647460938
vt 0.0126037598 0.646484375
vt 0.0354003906 0.833496094
vt 0.0126037598 0.83984375
vt 0.0126037598 0.875976562
vt 0.0602111816 0.633300781
vt 0.0349121094 0.62109375
vt 0.0126037598 0.626464844
vt 0.0635986328 0.828613281
vt 0.0555114746 0.869628906
vt 0.0126037598 0.914550781
vt 0.0575866699 0.901367188
vt 0.0919189453 0.823242188
vt 0.102111816 0.859863281
vt 0.110412598 0.89453125
vt 0.121704102 0.816894531
vt 0.15625 0.85546875
vt 0.176269531 0.885742188
vt 0.155273438 0.814453125
vt 0.187255859 0.812011719
vt 0.204467773 0.852539062
vt 0.238891602 0.883789062
vt 0.225463867 0.807128906
vt 0.268554688 0.838378906
vt 0.301025391 0.874023438
vt 0.266601562 0.795410156
vt 0.342285156 0.817871094
vt 0.375244141 0.853027344
vt 0.399658203 0.771484375
vt 0.435302734 0.795410156
vt 0.308349609 0.775878906
vt 0.278320312 0.741699219
vt 0.302490234 0.705078125
vt 0.350830078 0.736328125
vt 0.321533203 0.657714844
vt 0.463867188 0.715332031
vt 0.491699219 0.732910156
vt 0.498779297 0.693359375
vt 0.480224609 0.669921875
vt 0.439697266 0.698730469
vt 0.465820312 0.629394531
vt 0.371826172 0.670898438
vt 0.385742188 0.618652344
vt 0.331298828 0.609375
vt 0.392578125 0.576660156
vt 0.465087891 0.573730469
vt 0.466552734 0.51953125
vt 0.333251953 0.575195312
vt 0.395263672 0.52734375
vt 0.330322266 0.530273438
vt 0.287841797 0.491699219
vt 0.347167969 0.466796875
vt 0.394287109 0.472167969
vt 0.452392578 0.463867188
vt 0.465820312 0.460449219
vt 0.469238281 0.437988281
vt 0.445800781 0.428222656
vt 0.470214844 0.415283203
vt 0.433105469 0.356201172
vt 0.456298828 0.34375
vt 0.431396484 0.295898438
vt 0.395019531 0.406005859
vt 0.414306641 0.302490234
vt 0.409912109 0.259033203
vt 0.396240234 0.268310547
vt 0.374755859 0.219360352
vt 0.386230469 0.312988281
vt 0.388916016 0.350341797
vt 0.350097656 0.399658203
vt 0.350585938 0.342529297
vt 0.299560547 0.448486328
vt 0.304443359 0.386962891
vt 0.260009766 0.423095703
vt 0.250244141 0.456542969
vt 0.233520508 0.481689453
vt 0.214599609 0.496826172
vt 0.349609375 0.303466797
vt 0.3046875 0.330810547
vt 0.262695312 0.363525391
vt 0.225708008 0.39453125
vt 0.216308594 0.426757812
vt 0.203613281 0.454101562
vt 0.178588867 0.433837891
vt 0.188598633 0.473144531
vt 0.161987305 0.486572266
vt 0.161254883 0.446533203
vt 0.139404297 0.462402344
vt 0.193359375 0.411132812
vt 0.121887207 0.476318359
vt 0.139648438 0.422119141
vt 0.119140625 0.435302734
vt 0.197387695 0.375
vt 0.166992188 0.391845703
vt 0.154174805 0.41015625
vt 0.230102539 0.342041016
vt 0.262695312 0.309570312
vt 0.310058594 0.281005859
vt 0.143798828 0.3984375
vt 0.155639648 0.3828125
vt 0.178344727 0.365722656
vt 0.199462891 0.326171875
vt 0.228637695 0.286621094
vt 0.263671875 0.252197266
vt 0.132324219 0.409912109
vt 0.343261719 0.259277344
vt 0.318115234 0.236572266
vt 0.371826172 0.28515625
vt 0.362060547 0.235351562
vt 0.337158203 0.210205078
vt 0.351074219 0.190795898
vt 0.272460938 0.206542969
vt 0.289794922 0.169067383
vt 0.322509766 0.147460938
vt 0.215698242 0.208007812
vt 0.236938477 0.111572266
vt 0.254150391 0.0852050781
vt 0.190795898 0.0650024414
vt 0.223022461 0.158935547
vt 0.195556641 0.270996094
vt 0.180541992 0.11706543
vt 0.16809082 0.170532227
vt 0.145141602 0.212158203
vt 0.134643555 0.0856933594
vt 0.0924682617 0.0256500244
vt 0.177734375 0.318359375
vt 0.121704102 0.119873047
vt 0.0750732422 0.0665283203
vt 0.0126037598 0.0173950195
vt 0.0126037598 0.0606079102
vt 0.0613098145 0.107727051
vt 0.0126037598 0.100830078
vt 0.106079102 0.155517578
vt 0.0571594238 0.143432617
vt 0.0126037598 0.13684082
vt 0.0126037598 0.192504883
vt 0.0908203125 0.204956055
vt 0.0505981445 0.19519043
vt 0.0463867188 0.232543945
vt 0.0126037598 0.229248047
vt 0.0803222656 0.240356445
vt 0.0393371582 0.277587891
vt 0.0126037598 0.273681641
vt 0.126953125 0.238647461
vt 0.0614624023 0.284179688
vt 0.0338134766 0.303955078
vt 0.0126037598 0.300537109
vt 0.0126037598 0.327880859
vt 0.0531005859 0.308349609
vt 0.0341186523 0.330078125
vt 0.0127029419 0.349853516
vt 0.0375976562 0.350585938
vt 0.0516052246 0.332763672
vt 0.0570983887 0.351806641
vt 0.0718994141 0.335449219
vt 0.0780029297 0.352783203
vt 0.0750732422 0.313964844
vt 0.0914916992 0.338378906
vt 0.0960083008 0.352783203
vt 0.0873413086 0.294677734
vt 0.0966186523 0.321289062
vt 0.106201172 0.340820312
vt 0.109069824 0.352050781
vt 0.109680176 0.262207031
vt 0.106262207 0.304443359
vt 0.112670898 0.328125
vt 0.118225098 0.345947266
vt 0.114929199 0.352539062
vt 0.116882324 0.353271484
vt 0.149658203 0.27734375
vt 0.129760742 0.287109375
vt 0.128295898 0.321289062
vt 0.127563477 0.340332031
vt 0.121826172 0.353271484
vt 0.114501953 0.355712891
vt 0.170043945 0.270263672
vt 0.160766602 0.316894531
vt 0.146118164 0.317382812
vt 0.137817383 0.340332031
vt 0.16418457 0.356933594
vt 0.15246582 0.347412109
vt 0.129760742 0.353759766
vt 0.147338867 0.372070312
vt 0.136352539 0.359863281
vt 0.136230469 0.387451172
vt 0.125366211 0.373779297
vt 0.126098633 0.396972656
vt 0.119384766 0.3671875
vt 0.116271973 0.382080078
vt 0.114929199 0.362792969
vt 0.111877441 0.360595703
vt 0.110229492 0.373535156
vt 0.105163574 0.367431641
vt 0.102111816 0.362548828
vt 0.0944213867 0.393554688
vt 0.102966309 0.410888672
vt 0.0883789062 0.381103516
vt 0.0854492188 0.371337891
vt 0.0849609375 0.362792969
vt 0.0639038086 0.361816406
vt 0.0619506836 0.371337891
vt 0.041809082 0.359619141
vt 0.0629272461 0.383544922
vt 0.0679931641 0.397705078
vt 0.0403137207 0.369140625
vt 0.0126037598 0.357910156
vt 0.0126037598 0.365722656
vt 0.0126037598 0.376953125
vt 0.0399475098 0.381591797
vt 0.0126037598 0.389648438
vt 0.0422363281 0.39453125
vt 0.0444641113 0.408447266
vt 0.0126037598 0.399658203
vt 0.0755004883 0.414794922
vt 0.0415039062 0.412353516
vt 0.0126037598 0.402099609
vt 0.037322998 0.415039062
vt 0.0126037598 0.404785156
vt 0.0321350098 0.424560547
vt 0.054107666 0.436279297
vt 0.0126037598 0.412353516
vt 0.0626831055 0.43359375
vt 0.0662231445 0.447509766
vt 0.0295562744 0.435058594
vt 0.0126037598 0.427978516
vt 0.0481872559 0.437988281
vt 0.0723266602 0.430908203
vt 0.075378418 0.447753906
vt 0.0661621094 0.462402344
vt 0.0272979736 0.450927734
vt 0.0126037598 0.446289062
vt 0.0443115234 0.443359375
vt 0.0530090332 0.45703125
vt 0.087890625 0.429199219
vt 0.0252990723 0.470703125
vt 0.0126037598 0.469238281
vt 0.0126037598 0.491699219
vt 0.0409851074 0.457275391
vt 0.0255432129 0.489990234
vt 0.0126037598 0.515625
vt 0.0498962402 0.465087891
vt 0.05859375 0.46484375
vt 0.0392150879 0.473876953
vt 0.0279541016 0.511230469
vt 0.0126037598 0.536621094
vt 0.0584106445 0.471679688
vt 0.048614502 0.477783203
vt 0.0412902832 0.491455078
vt 0.0303497314 0.533691406
vt 0.0126037598 0.571289062
vt 0.0712280273 0.466064453
vt 0.0458984375 0.509277344
vt 0.0609130859 0.480957031
vt 0.0508117676 0.493164062
vt 0.0320129395 0.56640625
vt 0.050201416 0.529785156
vt 0.0574951172 0.511230469
vt 0.0637817383 0.494628906
vt 0.0329589844 0.6015625
vt 0.0126037598 0.609863281
vt 0.0535583496 0.560058594
vt 0.0621948242 0.524902344
vt 0.0589904785 0.586425781
vt 0.0769042969 0.480957031
vt 0.0706787109 0.510742188
vt 0.0676269531 0.552246094
vt 0.0797729492 0.492919922
vt 0.0906982422 0.474609375
vt 0.084777832 0.520996094
vt 0.0831298828 0.503417969
vt 0.0936889648 0.489746094
vt 0.100708008 0.500976562
vt 0.0872802734 0.463134766
vt 0.103820801 0.48046875
vt 0.0894775391 0.449707031
vt 0.0974121094 0.463134766
vt 0.0985107422 0.444091797
vt 0.112304688 0.485351562
vt 0.110046387 0.423095703
vt 0.105773926 0.5234375
vt 0.0965576172 0.557617188
vt 0.0877685547 0.540039062
vt 0.076171875 0.573730469
vt 0.0833129883 0.585449219
vt 0.063293457 0.606445312
vt 0.0874633789 0.604492188
vt 0.0838623047 0.619628906
vt 0.152099609 0.599609375
vt 0.16418457 0.601074219
vt 0.159545898 0.600097656
vt 0.125244141 0.603515625
vt 0.122619629 0.604980469
vt 0.118408203 0.608886719
vt 0.937988281 0.615234375
vt 0.944824219 0.614257812
vt 0.944335938 0.616210938
vt 0.938964844 0.612304688
vt 0.9453125 0.611816406
vt 0.939453125 0.609863281
vt 0.940429688 0.606933594
vt 0.946289062 0.608398438
vt 0.946777344 0.606445312
vt 0.94140625 0.598632812
vt 0.947753906 0.599121094
vt 0.942382812 0.588378906
vt 0.939453125 0.598144531
vt 0.940429688 0.587890625
vt 0.942382812 0.588378906
vt 0.94140625 0.598632812
vt 0.938964844 0.606445312
vt 0.940429688 0.606933594
vt 0.938476562 0.609375
vt 0.939453125 0.609863281
vt 0.937988281 0.612304688
vt 0.938964844 0.612304688
vt 0.937988281 0.615234375
vt 0.937011719 0.614746094
vt 0.939453125 0.598144531
vt 0.93359375 0.59765625
vt 0.940429688 0.587890625
vt 0.933105469 0.60546875
vt 0.938964844 0.606445312
vt 0.933105469 0.607421875
vt 0.938476562 0.609375
vt 0.932128906 0.610351562
vt 0.937988281 0.612304688
vt 0.931640625 0.612304688
vt 0.937011719 0.614746094
vt 0.960449219 0.565917969
vt 0.96875 0.570800781
vt 0.959960938 0.569824219
vt 0.96875 0.56640625
vt 0.9609375 0.561035156
vt 0.969238281 0.561523438
vt 0.961425781 0.558105469
vt 0.969238281 0.557128906
vt 0.961914062 0.5546875
vt 0.970703125 0.544433594
vt 0.962890625 0.543457031
vt 0.973632812 0.531738281
vt 0.973632812 0.531738281
vt 0.975585938 0.531738281
vt 0.973632812 0.543945312
vt 0.970703125 0.544433594
vt 0.970703125 0.556640625
vt 0.969238281 0.557128906
vt 0.970214844 0.561523438
vt 0.969238281 0.561523438
vt 0.970214844 0.565917969
vt 0.96875 0.56640625
vt 0.96875 0.570800781
vt 0.970214844 0.5703125
vt 0.973632812 0.543945312
vt 0.975585938 0.531738281
vt 0.982421875 0.541015625
vt 0.98046875 0.551757812
vt 0.970703125 0.556640625
vt 0.979003906 0.557128906
vt 0.978027344 0.561523438
vt 0.970214844 0.561523438
vt 0.978515625 0.565917969
vt 0.970214844 0.565917969
vt 0.978515625 0.569824219
vt 0.970214844 0.5703125
vt 0.942871094 0.487792969
vt 0.938964844 0.492919922
vt 0.940429688 0.487060547
vt 0.941894531 0.493164062
vt 0.937988281 0.505859375
vt 0.945800781 0.492919922
vt 0.946777344 0.491943359
vt 0.950195312 0.507324219
vt 0.941894531 0.506347656
vt 0.9375 0.516113281
vt 0.947265625 0.506835938
vt 0.946289062 0.516601562
vt 0.949707031 0.519042969
vt 0.945800781 0.520996094
vt 0.94140625 0.516601562
vt 0.9375 0.521972656
vt 0.964355469 0.457763672
vt 0.964355469 0.443847656
vt 0.977050781 0.444824219
vt 0.975585938 0.458251953
vt 0.971191406 0.475830078
vt 0.96484375 0.482177734
vt 0.967773438 0.481445312
vt 0.981933594 0.102600098
vt 0.94140625 0.00905609131
vt 0.981933594 0.00759887695
vt 0.943359375 0.103393555
vt 0.947265625 0.181396484
vt 0.981933594 0.181274414
vt 0.948730469 0.279541016
vt 0.981933594 0.279541016
vt 0.981933594 0.317138672
vt 0.913085938 0.102600098
vt 0.913085938 0.00759887695
vt 0.948242188 0.316894531
vt 0.981933594 0.354003906
vt 0.913085938 0.181274414
vt 0.872070312 0.102600098
vt 0.872070312 0.00759887695
vt 0.872070312 0.181274414
vt 0.913085938 0.279541016
vt 0.840332031 0.102600098
vt 0.840332031 0.00759887695
vt 0.840332031 0.181274414
vt 0.809082031 0.102600098
vt 0.809082031 0.00759887695
vt 0.771484375 0.00701141357
vt 0.809082031 0.181274414
vt 0.872070312 0.279541016
vt 0.913085938 0.317138672
vt 0.771484375 0.102722168
vt 0.727050781 0.102600098
vt 0.727050781 0.00759887695
vt 0.7734375 0.181884766
vt 0.727050781 0.181274414
vt 0.727050781 0.279541016
vt 0.840332031 0.279541016
vt 0.872070312 0.317138672
vt 0.809082031 0.279541016
vt 0.840332031 0.317138672
vt 0.7734375 0.280029297
vt 0.809082031 0.317138672
vt 0.772949219 0.317626953
vt 0.727050781 0.317138672
vt 0.840332031 0.354003906
vt 0.872070312 0.354003906
vt 0.809082031 0.354003906
vt 0.772949219 0.354736328
vt 0.727050781 0.354003906
vt 0.913085938 0.354003906
vt 0.872070312 0.384521484
vt 0.840332031 0.384521484
vt 0.773925781 0.385498047
vt 0.727050781 0.384521484
vt 0.809082031 0.384521484
vt 0.775390625 0.413085938
vt 0.727050781 0.412109375
vt 0.809082031 0.412109375
vt 0.840332031 0.412109375
vt 0.872070312 0.412109375
vt 0.913085938 0.384521484
vt 0.913085938 0.412109375
vt 0.947753906 0.353515625
vt 0.981933594 0.384521484
vt 0.947753906 0.384765625
vt 0.947753906 0.412841797
vt 0.981933594 0.412109375
vt 0.524414062 0.956542969
vt 0.559082031 0.979003906
vt 0.524414062 0.979003906
vt 0.559082031 0.956542969
vt 0.524414062 0.930664062
vt 0.597167969 0.956542969
vt 0.597167969 0.979003906
vt 0.559082031 0.930664062
vt 0.524414062 0.904296875
vt 0.620605469 0.956542969
vt 0.620605469 0.979003906
vt 0.597167969 0.930664062
vt 0.620605469 0.930664062
vt 0.559082031 0.904296875
vt 0.524414062 0.871582031
vt 0.597167969 0.904296875
vt 0.620605469 0.904296875
vt 0.559082031 0.871582031
vt 0.524414062 0.819824219
vt 0.597167969 0.871582031
vt 0.620605469 0.871582031
vt 0.561035156 0.822265625
vt 0.524414062 0.782226562
vt 0.598144531 0.825195312
vt 0.620605469 0.828613281
vt 0.620605469 0.793457031
vt 0.561035156 0.783203125
vt 0.524414062 0.7578125
vt 0.599609375 0.790039062
vt 0.620605469 0.770019531
vt 0.598632812 0.767578125
vt 0.612792969 0.746582031
vt 0.562011719 0.760253906
vt 0.596679688 0.744140625
vt 0.553222656 0.741699219
vt 0.537109375 0.739257812
vt 0.609375 0.728515625
vt 0.617675781 0.734863281
vt 0.575683594 0.738769531
vt 0.554199219 0.723144531
vt 0.540527344 0.723144531
vt 0.568359375 0.721191406
vt 0.554199219 0.708007812
vt 0.540039062 0.708984375
vt 0.586425781 0.720214844
vt 0.559570312 0.689453125
vt 0.540039062 0.692382812
vt 0.540527344 0.669921875
vt 0.56640625 0.713867188
vt 0.588867188 0.686523438
vt 0.598632812 0.723632812
vt 0.603515625 0.711914062
vt 0.557617188 0.662109375
vt 0.591308594 0.651855469
vt 0.549316406 0.649414062
vt 0.540527344 0.653320312
vt 0.5390625 0.647460938
vt 0.559082031 0.644042969
vt 0.547363281 0.641601562
vt 0.536621094 0.639160156
vt 0.629882812 0.710449219
vt 0.637207031 0.723632812
vt 0.649902344 0.709960938
vt 0.614257812 0.678710938
vt 0.642578125 0.699707031
vt 0.660644531 0.691894531
vt 0.621582031 0.698730469
vt 0.635253906 0.687011719
vt 0.648925781 0.678222656
vt 0.631347656 0.670410156
vt 0.656738281 0.674804688
vt 0.665039062 0.68359375
vt 0.614746094 0.649414062
vt 0.645996094 0.664550781
vt 0.668945312 0.669433594
vt 0.674316406 0.677734375
vt 0.62890625 0.646972656
vt 0.653320312 0.662109375
vt 0.67578125 0.666992188
vt 0.6796875 0.675292969
vt 0.645507812 0.651855469
vt 0.682128906 0.665039062
vt 0.686523438 0.673828125
vt 0.700683594 0.659667969
vt 0.705078125 0.666015625
vt 0.708007812 0.655761719
vt 0.711425781 0.659667969
vt 0.713378906 0.654296875
vt 0.713378906 0.647949219
vt 0.706054688 0.648925781
vt 0.710449219 0.642089844
vt 0.696777344 0.650878906
vt 0.703613281 0.643066406
vt 0.705566406 0.638183594
vt 0.695800781 0.634765625
vt 0.694335938 0.642089844
vt 0.675292969 0.635253906
vt 0.677246094 0.655273438
vt 0.67578125 0.64453125
vt 0.668457031 0.636230469
vt 0.669433594 0.645996094
vt 0.66015625 0.641113281
vt 0.670898438 0.657226562
vt 0.662597656 0.647460938
vt 0.653808594 0.645019531
vt 0.665039062 0.658691406
vt 0.651367188 0.650390625
vt 0.648925781 0.645019531
vt 0.646484375 0.641601562
vt 0.639648438 0.637207031
vt 0.647949219 0.637207031
vt 0.650878906 0.632324219
vt 0.659667969 0.637695312
vt 0.654785156 0.627929688
vt 0.665527344 0.633300781
vt 0.642089844 0.629394531
vt 0.629394531 0.626464844
vt 0.657714844 0.622070312
vt 0.666503906 0.625976562
vt 0.645019531 0.622070312
vt 0.674316406 0.599609375
vt 0.681640625 0.60546875
vt 0.614257812 0.626464844
vt 0.635253906 0.618652344
vt 0.649414062 0.616699219
vt 0.641113281 0.612304688
vt 0.677734375 0.594726562
vt 0.684570312 0.601074219
vt 0.6875 0.59765625
vt 0.666992188 0.594238281
vt 0.682128906 0.590820312
vt 0.703613281 0.582519531
vt 0.671875 0.588867188
vt 0.626464844 0.618164062
vt 0.662109375 0.588378906
vt 0.634277344 0.609375
vt 0.637695312 0.60546875
vt 0.632324219 0.609375
vt 0.65625 0.58203125
vt 0.666503906 0.583496094
vt 0.66015625 0.576660156
vt 0.664550781 0.573242188
vt 0.676269531 0.583984375
vt 0.671386719 0.578125
vt 0.681152344 0.558105469
vt 0.690429688 0.570800781
vt 0.686035156 0.562988281
vt 0.697265625 0.577148438
vt 0.688964844 0.560546875
vt 0.684082031 0.555175781
vt 0.6875 0.552246094
vt 0.692871094 0.567871094
vt 0.700195312 0.575195312
vt 0.706542969 0.580078125
vt 0.702636719 0.572753906
vt 0.708496094 0.577636719
vt 0.692382812 0.557617188
vt 0.694335938 0.546875
vt 0.697265625 0.563964844
vt 0.70703125 0.566894531
vt 0.71484375 0.569335938
vt 0.702148438 0.559570312
vt 0.712402344 0.561523438
vt 0.71875 0.562988281
vt 0.698730469 0.552734375
vt 0.716308594 0.5546875
vt 0.721191406 0.553710938
vt 0.720703125 0.548828125
vt 0.707519531 0.555175781
vt 0.704101562 0.548339844
vt 0.701171875 0.541992188
vt 0.713378906 0.549804688
vt 0.71875 0.544921875
vt 0.715332031 0.541992188
vt 0.708984375 0.545410156
vt 0.709472656 0.540527344
vt 0.625976562 0.611816406
vt 0.631835938 0.606445312
vt 0.625 0.571289062
vt 0.633300781 0.571289062
vt 0.6328125 0.567382812
vt 0.615234375 0.612304688
vt 0.625 0.564941406
vt 0.632324219 0.5625
vt 0.614746094 0.618164062
vt 0.616699219 0.569824219
vt 0.625 0.559570312
vt 0.634277344 0.536132812
vt 0.605957031 0.610351562
vt 0.603027344 0.619140625
vt 0.6171875 0.562988281
vt 0.600097656 0.627441406
vt 0.627441406 0.536132812
vt 0.6171875 0.558105469
vt 0.627929688 0.531738281
vt 0.634765625 0.531738281
vt 0.62890625 0.526367188
vt 0.620605469 0.525390625
vt 0.635742188 0.52734375
vt 0.637207031 0.518066406
vt 0.62890625 0.516113281
vt 0.63671875 0.509277344
vt 0.620117188 0.530273438
vt 0.619628906 0.53515625
vt 0.612792969 0.534667969
vt 0.609863281 0.557128906
vt 0.612792969 0.528808594
vt 0.62890625 0.508300781
vt 0.634765625 0.503417969
vt 0.609375 0.563476562
vt 0.604980469 0.532226562
vt 0.602050781 0.560058594
vt 0.606445312 0.527832031
vt 0.601074219 0.565917969
vt 0.606933594 0.5234375
vt 0.609375 0.569335938
vt 0.599609375 0.5703125
vt 0.599609375 0.604492188
vt 0.599121094 0.608886719
vt 0.59765625 0.608886719
vt 0.613769531 0.523925781
vt 0.607910156 0.514160156
vt 0.614746094 0.514160156
vt 0.609863281 0.505371094
vt 0.594726562 0.620117188
vt 0.621582031 0.515625
vt 0.622558594 0.5078125
vt 0.6171875 0.505859375
vt 0.614746094 0.498291016
vt 0.619140625 0.501464844
vt 0.619628906 0.495605469
vt 0.623535156 0.502441406
vt 0.625 0.495361328
vt 0.62890625 0.502929688
vt 0.630859375 0.498046875
vt 0.584472656 0.62890625
vt 0.570800781 0.634765625
vt 0.556640625 0.634765625
vt 0.54296875 0.631835938
vt 0.530273438 0.614257812
vt 0.524414062 0.619140625
vt 0.521484375 0.615234375
vt 0.550292969 0.625976562
vt 0.565429688 0.627441406
vt 0.573730469 0.623535156
vt 0.525390625 0.608886719
vt 0.518554688 0.612304688
vt 0.53515625 0.608886719
vt 0.557128906 0.620605469
vt 0.583007812 0.62109375
vt 0.573730469 0.615722656
vt 0.565429688 0.620605469
vt 0.568359375 0.619628906
vt 0.562011719 0.617675781
vt 0.568359375 0.615234375
vt 0.546875 0.599121094
vt 0.558105469 0.594238281
vt 0.541015625 0.604003906
vt 0.540527344 0.594726562
vt 0.582519531 0.614257812
vt 0.565917969 0.588867188
vt 0.556640625 0.588378906
vt 0.530761719 0.604003906
vt 0.536132812 0.599121094
vt 0.536132812 0.591796875
vt 0.531738281 0.596191406
vt 0.526855469 0.601074219
vt 0.520507812 0.588378906
vt 0.523925781 0.583007812
vt 0.521972656 0.605957031
vt 0.506347656 0.603027344
vt 0.516601562 0.593261719
vt 0.51171875 0.58984375
vt 0.515625 0.584472656
vt 0.518554688 0.579589844
vt 0.51171875 0.598632812
vt 0.511230469 0.58203125
vt 0.513183594 0.576171875
vt 0.507324219 0.595214844
vt 0.503417969 0.599121094
vt 0.499511719 0.595214844
vt 0.502441406 0.591796875
vt 0.493408203 0.590332031
vt 0.507324219 0.586425781
vt 0.504394531 0.578125
vt 0.505371094 0.572265625
vt 0.500976562 0.58203125
vt 0.497802734 0.575195312
vt 0.499267578 0.570800781
vt 0.494628906 0.571289062
vt 0.494873047 0.578613281
vt 0.489501953 0.575195312
vt 0.48828125 0.579101562
vt 0.492431641 0.58203125
vt 0.489013672 0.583496094
vt 0.496582031 0.586914062
vt 0.554199219 0.582519531
vt 0.562988281 0.582519531
vt 0.560546875 0.578125
vt 0.543457031 0.562988281
vt 0.569824219 0.580078125
vt 0.572265625 0.586425781
vt 0.579589844 0.583496094
vt 0.592773438 0.610351562
vt 0.596679688 0.606933594
vt 0.587402344 0.581542969
vt 0.584960938 0.575683594
vt 0.576171875 0.577148438
vt 0.581054688 0.569335938
vt 0.567382812 0.574707031
vt 0.574707031 0.571777344
vt 0.5703125 0.549804688
vt 0.565917969 0.553710938
vt 0.55078125 0.560058594
vt 0.558105469 0.556640625
vt 0.548828125 0.555664062
vt 0.542480469 0.55859375
vt 0.539550781 0.551269531
vt 0.562011719 0.547851562
vt 0.567382812 0.545410156
vt 0.563476562 0.538574219
vt 0.555175781 0.551757812
vt 0.544921875 0.547851562
vt 0.536132812 0.54296875
vt 0.557617188 0.541503906
vt 0.558105469 0.531738281
vt 0.55078125 0.544921875
vt 0.552734375 0.534667969
vt 0.553222656 0.527832031
vt 0.541503906 0.5390625
vt 0.53515625 0.534667969
vt 0.546875 0.537109375
vt 0.549316406 0.530761719
vt 0.547851562 0.525390625
vt 0.539550781 0.534179688
vt 0.537597656 0.529785156
vt 0.543945312 0.531738281
vt 0.541015625 0.526855469
vt 0.625976562 0.611816406
vt 0.631835938 0.606445312
vt 0.625 0.571289062
vt 0.633300781 0.571289062
vt 0.6328125 0.567382812
vt 0.615234375 0.612304688
vt 0.625 0.564941406
vt 0.632324219 0.5625
vt 0.614746094 0.618164062
vt 0.616699219 0.569824219
vt 0.625 0.559570312
vt 0.634277344 0.536132812
vt 0.605957031 0.610351562
vt 0.603027344 0.619140625
vt 0.6171875 0.562988281
vt 0.600097656 0.627441406
vt 0.627441406 0.536132812
vt 0.6171875 0.558105469
vt 0.627929688 0.531738281
vt 0.634765625 0.531738281
vt 0.62890625 0.526367188
vt 0.620605469 0.525390625
vt 0.635742188 0.52734375
vt 0.637207031 0.518066406
vt 0.62890625 0.516113281
vt 0.63671875 0.509277344
vt 0.620117188 0.530273438
vt 0.619628906 0.53515625
vt 0.612792969 0.534667969
vt 0.609863281 0.557128906
vt 0.612792969 0.528808594
vt 0.62890625 0.508300781
vt 0.634765625 0.503417969
vt 0.609375 0.563476562
vt 0.604980469 0.532226562
vt 0.602050781 0.560058594
vt 0.606445312 0.527832031
vt 0.601074219 0.565917969
vt 0.606933594 0.5234375
vt 0.609375 0.569335938
vt 0.599609375 0.5703125
vt 0.599609375 0.604492188
vt 0.599121094 0.608886719
vt 0.59765625 0.608886719
vt 0.613769531 0.523925781
vt 0.607910156 0.514160156
vt 0.614746094 0.514160156
vt 0.609863281 0.505371094
vt 0.594726562 0.620117188
vt 0.621582031 0.515625
vt 0.622558594 0.5078125
vt 0.6171875 0.505859375
vt 0.614746094 0.498291016
vt 0.619140625 0.501464844
vt 0.619628906 0.495605469
vt 0.623535156 0.502441406
vt 0.625 0.495361328
vt 0.62890625 0.502929688
vt 0.630859375 0.498046875
vt 0.584472656 0.62890625
vt 0.570800781 0.634765625
vt 0.556640625 0.634765625
vt 0.54296875 0.631835938
vt 0.530273438 0.614257812
vt 0.524414062 0.619140625
vt 0.521484375 0.615234375
vt 0.550292969 0.625976562
vt 0.565429688 0.627441406
vt 0.573730469 0.623535156
vt 0.525390625 0.608886719
vt 0.518554688 0.612304688
vt 0.53515625 0.608886719
vt 0.557128906 0.620605469
vt 0.583007812 0.62109375
vt 0.573730469 0.615722656
vt 0.565429688 0.620605469
vt 0.568359375 0.619628906
vt 0.562011719 0.617675781
vt 0.568359375 0.615234375
vt 0.546875 0.599121094
vt 0.558105469 0.594238281
vt 0.541015625 0.604003906
vt 0.540527344 0.594726562
vt 0.582519531 0.614257812
vt 0.565917969 0.588867188
vt 0.556640625 0.588378906
vt 0.530761719 0.604003906
vt 0.536132812 0.599121094
vt 0.536132812 0.591796875
vt 0.531738281 0.596191406
vt 0.526855469 0.601074219
vt 0.520507812 0.588378906
vt 0.523925781 0.583007812
vt 0.521972656 0.605957031
vt 0.506347656 0.603027344
vt 0.516601562 0.593261719
vt 0.51171875 0.58984375
vt 0.515625 0.584472656
vt 0.518554688 0.579589844
vt 0.51171875 0.598632812
vt 0.511230469 0.58203125
vt 0.513183594 0.576171875
vt 0.507324219 0.595214844
vt 0.503417969 0.599121094
vt 0.499511719 0.595214844
vt 0.502441406 0.591796875
vt 0.493408203 0.590332031
vt 0.507324219 0.586425781
vt 0.504394531 0.578125
vt 0.505371094 0.572265625
vt 0.500976562 0.58203125
vt 0.497802734 0.575195312
vt 0.499267578 0.570800781
vt 0.494628906 0.571289062
vt 0.494873047 0.578613281
vt 0.489501953 0.575195312
vt 0.48828125 0.579101562
vt 0.492431641 0.58203125
vt 0.489013672 0.583496094
vt 0.496582031 0.586914062
vt 0.554199219 0.582519531
vt 0.562988281 0.582519531
vt 0.560546875 0.578125
vt 0.543457031 0.562988281
vt 0.569824219 0.580078125
vt 0.572265625 0.586425781
vt 0.579589844 0.583496094
vt 0.592773438 0.610351562
vt 0.596679688 0.606933594
vt 0.587402344 0.581542969
vt 0.584960938 0.575683594
vt 0.576171875 0.577148438
vt 0.581054688 0.569335938
vt 0.567382812 0.574707031
vt 0.574707031 0.571777344
vt 0.5703125 0.549804688
vt 0.565917969 0.553710938
vt 0.55078125 0.560058594
vt 0.558105469 0.556640625
vt 0.548828125 0.555664062
vt 0.542480469 0.55859375
vt 0.539550781 0.551269531
vt 0.562011719 0.547851562
vt 0.567382812 0.545410156
vt 0.563476562 0.538574219
vt 0.555175781 0.551757812
vt 0.544921875 0.547851562
vt 0.536132812 0.54296875
vt 0.557617188 0.541503906
vt 0.558105469 0.531738281
vt 0.55078125 0.544921875
vt 0.552734375 0.534667969
vt 0.553222656 0.527832031
vt 0.541503906 0.5390625
vt 0.53515625 0.534667969
vt 0.546875 0.537109375
vt 0.549316406 0.530761719
vt 0.547851562 0.525390625
vt 0.539550781 0.534179688
vt 0.537597656 0.529785156
vt 0.543945312 0.531738281
vt 0.541015625 0.526855469
vt 0.780273438 0.467285156
vt 0.780761719 0.436279297
vt 0.745117188 0.438476562
vt 0.745117188 0.468261719
vt 0.810546875 0.470214844
vt 0.810546875 0.440429688
vt 0.780761719 0.494384766
vt 0.745117188 0.494628906
vt 0.811035156 0.495849609
vt 0.84375 0.468017578
vt 0.843261719 0.439941406
vt 0.887207031 0.438476562
vt 0.78125 0.524902344
vt 0.745117188 0.525390625
vt 0.745117188 0.555664062
vt 0.844238281 0.494140625
vt 0.887207031 0.468261719
vt 0.919921875 0.438476562
vt 0.919921875 0.468261719
vt 0.887207031 0.494628906
vt 0.919921875 0.494628906
vt 0.812011719 0.525878906
vt 0.849609375 0.524414062
vt 0.887207031 0.525390625
vt 0.919921875 0.525390625
vt 0.887207031 0.555664062
vt 0.919921875 0.555664062
vt 0.850585938 0.555175781
vt 0.88671875 0.60546875
vt 0.919921875 0.6171875
vt 0.8125 0.556640625
vt 0.885253906 0.645996094
vt 0.919921875 0.655761719
vt 0.887207031 0.6796875
vt 0.919921875 0.686523438
vt 0.919921875 0.70703125
vt 0.848144531 0.600585938
vt 0.78125 0.555664062
vt 0.745117188 0.598144531
vt 0.810058594 0.598632812
vt 0.774414062 0.598144531
vt 0.809570312 0.630859375
vt 0.771972656 0.628417969
vt 0.745117188 0.633300781
vt 0.771484375 0.657226562
vt 0.745117188 0.660644531
vt 0.845214844 0.639648438
vt 0.770019531 0.68359375
vt 0.745117188 0.685546875
vt 0.747558594 0.700683594
vt 0.807128906 0.666015625
vt 0.84375 0.675292969
vt 0.768066406 0.701660156
vt 0.738769531 0.723632812
vt 0.802734375 0.692382812
vt 0.834472656 0.695800781
vt 0.790039062 0.713378906
vt 0.752441406 0.729003906
vt 0.740234375 0.746582031
vt 0.727050781 0.740722656
vt 0.714355469 0.762207031
vt 0.778808594 0.741210938
vt 0.7265625 0.771972656
vt 0.70703125 0.772460938
vt 0.758300781 0.759277344
vt 0.818359375 0.744140625
vt 0.827148438 0.719726562
vt 0.786132812 0.766601562
vt 0.717773438 0.780761719
vt 0.734375 0.783203125
vt 0.708007812 0.790039062
vt 0.695800781 0.782714844
vt 0.725585938 0.791015625
vt 0.740234375 0.793457031
vt 0.758300781 0.786621094
vt 0.69921875 0.796875
vt 0.689453125 0.788574219
vt 0.692382812 0.801757812
vt 0.701660156 0.812011719
vt 0.68359375 0.794921875
vt 0.676757812 0.815917969
vt 0.686035156 0.825195312
vt 0.670898438 0.8125
vt 0.66796875 0.822753906
vt 0.708496094 0.806152344
vt 0.674804688 0.823242188
vt 0.675292969 0.827636719
vt 0.668457031 0.830566406
vt 0.678222656 0.83203125
vt 0.671875 0.837402344
vt 0.681640625 0.836425781
vt 0.678222656 0.842773438
vt 0.686035156 0.837890625
vt 0.685546875 0.844726562
vt 0.691894531 0.8359375
vt 0.696777344 0.841796875
vt 0.709472656 0.821777344
vt 0.715332031 0.829101562
vt 0.721679688 0.823730469
vt 0.715820312 0.815429688
vt 0.723632812 0.807617188
vt 0.730957031 0.815917969
vt 0.715820312 0.798828125
vt 0.732910156 0.799316406
vt 0.737792969 0.809570312
vt 0.74609375 0.804199219
vt 0.753417969 0.80078125
vt 0.758300781 0.800292969
vt 0.768066406 0.7890625
vt 0.773925781 0.801757812
vt 0.786132812 0.787109375
vt 0.784667969 0.803710938
vt 0.772460938 0.809082031
vt 0.814941406 0.783691406
vt 0.847167969 0.782226562
vt 0.810546875 0.8125
vt 0.794921875 0.80859375
vt 0.782226562 0.812988281
vt 0.769042969 0.817871094
vt 0.79296875 0.81640625
vt 0.778808594 0.823242188
vt 0.754394531 0.846679688
vt 0.76171875 0.852539062
vt 0.750488281 0.853027344
vt 0.788085938 0.830078125
vt 0.853515625 0.743652344
vt 0.802734375 0.82421875
vt 0.856445312 0.722167969
vt 0.888183594 0.743652344
vt 0.862792969 0.698730469
vt 0.887695312 0.725097656
vt 0.887695312 0.702148438
vt 0.913574219 0.727539062
vt 0.913574219 0.743164062
vt 0.91796875 0.761230469
vt 0.8828125 0.780273438
vt 0.888671875 0.810058594
vt 0.898925781 0.778808594
vt 0.918457031 0.785644531
vt 0.907226562 0.805664062
vt 0.918945312 0.8046875
vt 0.919921875 0.8125
vt 0.8984375 0.807128906
vt 0.909667969 0.814941406
vt 0.900878906 0.816894531
vt 0.916992188 0.82421875
vt 0.926269531 0.8203125
vt 0.909667969 0.829101562
vt 0.938964844 0.844238281
vt 0.9453125 0.837402344
vt 0.943359375 0.847167969
vt 0.949707031 0.841796875
vt 0.892578125 0.822265625
vt 0.932617188 0.8515625
vt 0.948242188 0.849609375
vt 0.954101562 0.845214844
vt 0.967285156 0.853515625
vt 0.904296875 0.836425781
vt 0.9375 0.854980469
vt 0.941894531 0.857421875
vt 0.926757812 0.858398438
vt 0.932128906 0.862792969
vt 0.921875 0.863769531
vt 0.899414062 0.842773438
vt 0.895019531 0.837890625
vt 0.9296875 0.870117188
vt 0.891601562 0.837402344
vt 0.9375 0.866699219
vt 0.935058594 0.874023438
vt 0.950683594 0.882324219
vt 0.880859375 0.824707031
vt 0.958496094 0.866210938
vt 0.954101562 0.875488281
vt 0.958007812 0.884765625
vt 0.879394531 0.836425781
vt 0.890136719 0.840332031
vt 0.865234375 0.82421875
vt 0.96484375 0.858398438
vt 0.96484375 0.869140625
vt 0.970214844 0.860351562
vt 0.97265625 0.85546875
vt 0.961425781 0.878417969
vt 0.888671875 0.868652344
vt 0.900390625 0.867675781
vt 0.975097656 0.862792969
vt 0.978515625 0.858398438
vt 0.970703125 0.871582031
vt 0.977050781 0.874511719
vt 0.982421875 0.866699219
vt 0.985351562 0.86328125
vt 0.966796875 0.880859375
vt 0.965332031 0.88671875
vt 0.986816406 0.870605469
vt 0.991210938 0.869628906
vt 0.974121094 0.883300781
vt 0.974121094 0.887695312
vt 0.987792969 0.874511719
vt 0.992675781 0.875
vt 0.991210938 0.879882812
vt 0.979492188 0.883789062
vt 0.980957031 0.887695312
vt 0.985839844 0.885253906
vt 0.986816406 0.878417969
vt 0.983886719 0.882324219
vt 0.892089844 0.875976562
vt 0.903320312 0.874511719
vt 0.89453125 0.883300781
vt 0.905761719 0.882324219
vt 0.913574219 0.905273438
vt 0.87890625 0.871582031
vt 0.881835938 0.879394531
vt 0.867675781 0.837890625
vt 0.857910156 0.841796875
vt 0.869140625 0.875488281
vt 0.853515625 0.826660156
vt 0.872070312 0.884277344
vt 0.884765625 0.886230469
vt 0.860839844 0.883789062
vt 0.851074219 0.849121094
vt 0.850097656 0.843261719
vt 0.840820312 0.828125
vt 0.865234375 0.890625
vt 0.848632812 0.843261719
vt 0.875 0.892089844
vt 0.868652344 0.899414062
vt 0.880859375 0.922363281
vt 0.897460938 0.913574219
vt 0.888183594 0.918457031
vt 0.884277344 0.927734375
vt 0.846679688 0.813964844
vt 0.838378906 0.838867188
vt 0.827148438 0.837890625
vt 0.847167969 0.846679688
vt 0.8359375 0.884277344
vt 0.846679688 0.887207031
vt 0.86328125 0.812011719
vt 0.828613281 0.813476562
vt 0.827148438 0.825683594
vt 0.814941406 0.825683594
vt 0.835449219 0.891113281
vt 0.846191406 0.894042969
vt 0.834960938 0.897460938
vt 0.845703125 0.900878906
vt 0.841308594 0.932617188
vt 0.826171875 0.889648438
vt 0.826660156 0.883300781
vt 0.825683594 0.895996094
vt 0.815917969 0.889160156
vt 0.81640625 0.8828125
vt 0.814941406 0.839355469
vt 0.807617188 0.836425781
vt 0.808105469 0.840820312
vt 0.805664062 0.885742188
vt 0.8046875 0.836425781
vt 0.805664062 0.892578125
vt 0.796386719 0.837890625
vt 0.801269531 0.841796875
vt 0.815429688 0.895996094
vt 0.805664062 0.898925781
vt 0.805175781 0.9296875
vt 0.778320312 0.865234375
vt 0.78515625 0.873046875
vt 0.770019531 0.858398438
vt 0.773925781 0.870117188
vt 0.779785156 0.879394531
vt 0.823730469 0.930664062
vt 0.812988281 0.930664062
vt 0.8046875 0.935058594
vt 0.759277344 0.857910156
vt 0.755859375 0.862792969
vt 0.747070312 0.858886719
vt 0.731933594 0.878417969
vt 0.766113281 0.864257812
vt 0.813476562 0.935546875
vt 0.763183594 0.868164062
vt 0.739257812 0.883789062
vt 0.729492188 0.881835938
vt 0.74609375 0.890136719
vt 0.752929688 0.897460938
vt 0.770019531 0.875976562
vt 0.774902344 0.884765625
vt 0.759277344 0.905761719
vt 0.755859375 0.909179688
vt 0.735839844 0.887695312
vt 0.743164062 0.894042969
vt 0.749511719 0.901367188
vt 0.74609375 0.905273438
vt 0.751953125 0.913085938
vt 0.733398438 0.890625
vt 0.7265625 0.885253906
vt 0.739746094 0.897460938
vt 0.739257812 0.912109375
vt 0.744628906 0.919921875
vt 0.737304688 0.925292969
vt 0.733398438 0.904296875
vt 0.7265625 0.8984375
vt 0.720214844 0.895019531
vt 0.728027344 0.91015625
vt 0.733398438 0.917480469
vt 0.728515625 0.928222656
vt 0.721191406 0.904296875
vt 0.716308594 0.90234375
vt 0.728027344 0.920410156
vt 0.721679688 0.926269531
vt 0.718261719 0.911621094
vt 0.713867188 0.913085938
vt 0.71484375 0.918457031
vt 0.720214844 0.915527344
vt 0.717285156 0.922851562
vt 0.722167969 0.91796875
vt 0.724121094 0.919921875
vt 0.8046875 0.94140625
vt 0.8125 0.940917969
vt 0.812011719 0.949707031
vt 0.822753906 0.951171875
vt 0.8046875 0.951171875
vt 0.812011719 0.958496094
vt 0.821777344 0.959960938
vt 0.806152344 0.9609375
vt 0.813476562 0.963378906
vt 0.808105469 0.967285156
vt 0.812988281 0.97265625
vt 0.823242188 0.94140625
vt 0.81640625 0.966796875
vt 0.8203125 0.969238281
vt 0.819824219 0.975585938
vt 0.824707031 0.969238281
vt 0.825683594 0.975097656
vt 0.831054688 0.972167969
vt 0.828125 0.966796875
vt 0.836425781 0.964355469
vt 0.830566406 0.961425781
vt 0.839355469 0.955078125
vt 0.83203125 0.952636719
vt 0.840332031 0.944824219
vt 0.832519531 0.942382812
vt 0.840820312 0.938964844
vt 0.832519531 0.9375
vt 0.823730469 0.936035156
vt 0.832519531 0.931640625
vt 0.905761719 0.908691406
vt 0.908203125 0.913085938
vt 0.915527344 0.91015625
vt 0.899414062 0.916992188
vt 0.903808594 0.925292969
vt 0.912597656 0.920410156
vt 0.919921875 0.918457031
vt 0.890625 0.923339844
vt 0.916015625 0.928710938
vt 0.908691406 0.934570312
vt 0.922363281 0.927734375
vt 0.89453125 0.931152344
vt 0.889648438 0.935058594
vt 0.895019531 0.942871094
vt 0.917480469 0.935546875
vt 0.922851562 0.9375
vt 0.899414062 0.937988281
vt 0.900878906 0.947753906
vt 0.916015625 0.939453125
vt 0.919921875 0.943847656
vt 0.903320312 0.94140625
vt 0.907714844 0.948730469
vt 0.913085938 0.942871094
vt 0.915527344 0.947265625
vt 0.908203125 0.943359375
vt 0.959472656 0.68359375
vt 0.963867188 0.684570312
vt 0.96484375 0.713867188
vt 0.952148438 0.687988281
vt 0.969238281 0.686523438
vt 0.94921875 0.692382812
vt 0.977050781 0.690429688
vt 0.947265625 0.696777344
vt 0.982421875 0.700195312
vt 0.947265625 0.703125
vt 0.984863281 0.7109375
vt 0.947753906 0.71484375
vt 0.986328125 0.719238281
vt 0.94921875 0.726074219
vt 0.986328125 0.727050781
vt 0.951171875 0.732910156
vt 0.985351562 0.734863281
vt 0.954101562 0.738769531
vt 0.981933594 0.743652344
vt 0.958984375 0.74609375
vt 0.9765625 0.75
vt 0.962890625 0.750488281
vt 0.972167969 0.753417969
vt 0.967285156 0.751953125
vt 0.294433594 0.0520935059
vt 0.286865234 0.041809082
vt 0.318359375 0.0528869629
vt 0.306396484 0.06640625
vt 0.307128906 0.0358886719
vt 0.317871094 0.0679931641
vt 0.325683594 0.0419921875
vt 0.332519531 0.0629272461
vt 0.337402344 0.049407959
vt 0.435058594 0.0429992676
vt 0.421386719 0.0173034668
vt 0.449462891 0.03125
vt 0.407714844 0.0556945801
vt 0.395996094 0.0325012207
vt 0.370361328 0.0570983887
vt 0.453369141 0.0534973145
vt 0.385498047 0.0838012695
vt 0.356689453 0.0891113281
vt 0.386474609 0.124328613
vt 0.356689453 0.123596191
vt 0.362548828 0.158447266
vt 0.388183594 0.150878906
vt 0.371826172 0.172851562
vt 0.395507812 0.168212891
vt 0.397705078 0.190429688
vt 0.408447266 0.188110352
vt 0.411132812 0.196166992
vt 0.421386719 0.188232422
vt 0.419433594 0.182250977
vt 0.436279297 0.17980957
vt 0.435546875 0.168212891
vt 0.459960938 0.152099609
vt 0.404541016 0.173583984
vt 0.412353516 0.182861328
vt 0.415039062 0.176025391
vt 0.436035156 0.149047852
vt 0.447509766 0.142211914
vt 0.411132812 0.175537109
vt 0.406494141 0.157348633
vt 0.451904297 0.128540039
vt 0.473632812 0.12322998
vt 0.412597656 0.167358398
vt 0.407470703 0.166503906
vt 0.410644531 0.157348633
vt 0.409912109 0.146606445
vt 0.428955078 0.127807617
vt 0.447753906 0.13671875
vt 0.404785156 0.145751953
vt 0.404296875 0.131713867
vt 0.409912109 0.132568359
vt 0.409912109 0.120605469
vt 0.404296875 0.117004395
vt 0.406738281 0.107116699
vt 0.412109375 0.108520508
vt 0.409667969 0.0936889648
vt 0.428466797 0.108093262
vt 0.413574219 0.0961303711
vt 0.416748047 0.0805053711
vt 0.414306641 0.0790405273
vt 0.422607422 0.0682983398
vt 0.437744141 0.111755371
vt 0.439941406 0.0927734375
vt 0.447265625 0.0786743164
vt 0.424560547 0.0704956055
vt 0.431152344 0.0614929199
vt 0.429199219 0.0599975586
vt 0.441894531 0.0596008301
vt 0.443359375 0.0626831055
vt 0.454101562 0.06640625
vt 0.468994141 0.0699462891
vt 0.454345703 0.0704956055
vt 0.4609375 0.073425293
vt 0.459716797 0.0786743164
vt 0.463867188 0.0850219727
vt 0.476806641 0.0938720703
vt 0.458740234 0.0885620117
vt 0.467041016 0.0966796875
vt 0.447753906 0.0983886719
vt 0.467041016 0.112487793
vt 0.460693359 0.0989379883
vt 0.459228516 0.110473633
vt 0.462402344 0.11932373
vt 0.452636719 0.117919922
vt 0.458496094 0.115905762
vt 0.454345703 0.122070312
vt 0.449707031 0.125854492
vt 0.437255859 0.12487793
vt 0.780273438 0.467285156
vt 0.745117188 0.468261719
vt 0.745117188 0.438476562
vt 0.780761719 0.436279297
vt 0.780761719 0.494384766
vt 0.745117188 0.494628906
vt 0.810546875 0.470214844
vt 0.810546875 0.440429688
vt 0.78125 0.524902344
vt 0.745117188 0.525390625
vt 0.745117188 0.555664062
vt 0.811035156 0.495849609
vt 0.84375 0.468017578
vt 0.843261719 0.439941406
vt 0.887207031 0.438476562
vt 0.844238281 0.494140625
vt 0.887207031 0.468261719
vt 0.919921875 0.438476562
vt 0.919921875 0.468261719
vt 0.887207031 0.494628906
vt 0.919921875 0.494628906
vt 0.812011719 0.525878906
vt 0.849609375 0.524414062
vt 0.887207031 0.525390625
vt 0.919921875 0.525390625
vt 0.887207031 0.555664062
vt 0.919921875 0.555664062
vt 0.850585938 0.555175781
vt 0.88671875 0.60546875
vt 0.919921875 0.6171875
vt 0.8125 0.556640625
vt 0.885253906 0.645996094
vt 0.919921875 0.655761719
vt 0.887207031 0.6796875
vt 0.919921875 0.686523438
vt 0.919921875 0.70703125
vt 0.848144531 0.600585938
vt 0.78125 0.555664062
vt 0.745117188 0.598144531
vt 0.810058594 0.598632812
vt 0.774414062 0.598144531
vt 0.809570312 0.630859375
vt 0.771972656 0.628417969
vt 0.745117188 0.633300781
vt 0.771484375 0.657226562
vt 0.745117188 0.660644531
vt 0.845214844 0.639648438
vt 0.770019531 0.68359375
vt 0.745117188 0.685546875
vt 0.747558594 0.700683594
vt 0.807128906 0.666015625
vt 0.84375 0.675292969
vt 0.768066406 0.701660156
vt 0.738769531 0.723632812
vt 0.802734375 0.692382812
vt 0.834472656 0.695800781
vt 0.790039062 0.713378906
vt 0.752441406 0.729003906
vt 0.740234375 0.746582031
vt 0.727050781 0.740722656
vt 0.714355469 0.762207031
vt 0.778808594 0.741210938
vt 0.7265625 0.771972656
vt 0.70703125 0.772460938
vt 0.758300781 0.759277344
vt 0.818359375 0.744140625
vt 0.827148438 0.719726562
vt 0.786132812 0.766601562
vt 0.717773438 0.780761719
vt 0.734375 0.783203125
vt 0.708007812 0.790039062
vt 0.695800781 0.782714844
vt 0.725585938 0.791015625
vt 0.740234375 0.793457031
vt 0.758300781 0.786621094
vt 0.69921875 0.796875
vt 0.689453125 0.788574219
vt 0.692382812 0.801757812
vt 0.701660156 0.812011719
vt 0.68359375 0.794921875
vt 0.676757812 0.815917969
vt 0.686035156 0.825195312
vt 0.670898438 0.8125
vt 0.66796875 0.822753906
vt 0.708496094 0.806152344
vt 0.674804688 0.823242188
vt 0.675292969 0.827636719
vt 0.668457031 0.830566406
vt 0.678222656 0.83203125
vt 0.671875 0.837402344
vt 0.681640625 0.836425781
vt 0.678222656 0.842773438
vt 0.686035156 0.837890625
vt 0.685546875 0.844726562
vt 0.691894531 0.8359375
vt 0.696777344 0.841796875
vt 0.709472656 0.821777344
vt 0.715332031 0.829101562
vt 0.721679688 0.823730469
vt 0.715820312 0.815429688
vt 0.723632812 0.807617188
vt 0.730957031 0.815917969
vt 0.715820312 0.798828125
vt 0.732910156 0.799316406
vt 0.737792969 0.809570312
vt 0.74609375 0.804199219
vt 0.753417969 0.80078125
vt 0.758300781 0.800292969
vt 0.768066406 0.7890625
vt 0.773925781 0.801757812
vt 0.786132812 0.787109375
vt 0.784667969 0.803710938
vt 0.772460938 0.809082031
vt 0.814941406 0.783691406
vt 0.847167969 0.782226562
vt 0.810546875 0.8125
vt 0.794921875 0.80859375
vt 0.782226562 0.812988281
vt 0.769042969 0.817871094
vt 0.79296875 0.81640625
vt 0.778808594 0.823242188
vt 0.754394531 0.846679688
vt 0.76171875 0.852539062
vt 0.750488281 0.853027344
vt 0.788085938 0.830078125
vt 0.853515625 0.743652344
vt 0.802734375 0.82421875
vt 0.856445312 0.722167969
vt 0.888183594 0.743652344
vt 0.862792969 0.698730469
vt 0.887695312 0.725097656
vt 0.887695312 0.702148438
vt 0.913574219 0.727539062
vt 0.913574219 0.743164062
vt 0.91796875 0.761230469
vt 0.8828125 0.780273438
vt 0.888671875 0.810058594
vt 0.898925781 0.778808594
vt 0.918457031 0.785644531
vt 0.907226562 0.805664062
vt 0.918945312 0.8046875
vt 0.919921875 0.8125
vt 0.8984375 0.807128906
vt 0.909667969 0.814941406
vt 0.900878906 0.816894531
vt 0.916992188 0.82421875
vt 0.926269531 0.8203125
vt 0.909667969 0.829101562
vt 0.938964844 0.844238281
vt 0.9453125 0.837402344
vt 0.943359375 0.847167969
vt 0.949707031 0.841796875
vt 0.892578125 0.822265625
vt 0.932617188 0.8515625
vt 0.948242188 0.849609375
vt 0.954101562 0.845214844
vt 0.967285156 0.853515625
vt 0.904296875 0.836425781
vt 0.9375 0.854980469
vt 0.941894531 0.857421875
vt 0.926757812 0.858398438
vt 0.932128906 0.862792969
vt 0.921875 0.863769531
vt 0.899414062 0.842773438
vt 0.895019531 0.837890625
vt 0.9296875 0.870117188
vt 0.891601562 0.837402344
vt 0.9375 0.866699219
vt 0.935058594 0.874023438
vt 0.950683594 0.882324219
vt 0.880859375 0.824707031
vt 0.958496094 0.866210938
vt 0.954101562 0.875488281
vt 0.958007812 0.884765625
vt 0.879394531 0.836425781
vt 0.890136719 0.840332031
vt 0.865234375 0.82421875
vt 0.96484375 0.858398438
vt 0.96484375 0.869140625
vt 0.970214844 0.860351562
vt 0.97265625 0.85546875
vt 0.961425781 0.878417969
vt 0.888671875 0.868652344
vt 0.900390625 0.867675781
vt 0.975097656 0.862792969
vt 0.978515625 0.858398438
vt 0.970703125 0.871582031
vt 0.977050781 0.874511719
vt 0.982421875 0.866699219
vt 0.985351562 0.86328125
vt 0.966796875 0.880859375
vt 0.965332031 0.88671875
vt 0.986816406 0.870605469
vt 0.991210938 0.869628906
vt 0.974121094 0.883300781
vt 0.974121094 0.887695312
vt 0.987792969 0.874511719
vt 0.992675781 0.875
vt 0.991210938 0.879882812
vt 0.979492188 0.883789062
vt 0.980957031 0.887695312
vt 0.985839844 0.885253906
vt 0.986816406 0.878417969
vt 0.983886719 0.882324219
vt 0.892089844 0.875976562
vt 0.903320312 0.874511719
vt 0.89453125 0.883300781
vt 0.905761719 0.882324219
vt 0.913574219 0.905273438
vt 0.87890625 0.871582031
vt 0.881835938 0.879394531
vt 0.867675781 0.837890625
vt 0.857910156 0.841796875
vt 0.869140625 0.875488281
vt 0.853515625 0.826660156
vt 0.872070312 0.884277344
vt 0.884765625 0.886230469
vt 0.860839844 0.883789062
vt 0.851074219 0.849121094
vt 0.850097656 0.843261719
vt 0.840820312 0.828125
vt 0.865234375 0.890625
vt 0.848632812 0.843261719
vt 0.875 0.892089844
vt 0.868652344 0.899414062
vt 0.880859375 0.922363281
vt 0.897460938 0.913574219
vt 0.888183594 0.918457031
vt 0.884277344 0.927734375
vt 0.846679688 0.813964844
vt 0.838378906 0.838867188
vt 0.827148438 0.837890625
vt 0.847167969 0.846679688
vt 0.8359375 0.884277344
vt 0.846679688 0.887207031
vt 0.86328125 0.812011719
vt 0.828613281 0.813476562
vt 0.827148438 0.825683594
vt 0.814941406 0.825683594
vt 0.835449219 0.891113281
vt 0.846191406 0.894042969
vt 0.834960938 0.897460938
vt 0.845703125 0.900878906
vt 0.841308594 0.932617188
vt 0.826171875 0.889648438
vt 0.826660156 0.883300781
vt 0.825683594 0.895996094
vt 0.815917969 0.889160156
vt 0.81640625 0.8828125
vt 0.814941406 0.839355469
vt 0.807617188 0.836425781
vt 0.808105469 0.840820312
vt 0.805664062 0.885742188
vt 0.8046875 0.836425781
vt 0.805664062 0.892578125
vt 0.796386719 0.837890625
vt 0.801269531 0.841796875
vt 0.815429688 0.895996094
vt 0.805664062 0.898925781
vt 0.805175781 0.9296875
vt 0.778320312 0.865234375
vt 0.78515625 0.873046875
vt 0.770019531 0.858398438
vt 0.773925781 0.870117188
vt 0.779785156 0.879394531
vt 0.823730469 0.930664062
vt 0.812988281 0.930664062
vt 0.8046875 0.935058594
vt 0.759277344 0.857910156
vt 0.755859375 0.862792969
vt 0.747070312 0.858886719
vt 0.731933594 0.878417969
vt 0.766113281 0.864257812
vt 0.813476562 0.935546875
vt 0.832519531 0.931640625
vt 0.763183594 0.868164062
vt 0.739257812 0.883789062
vt 0.729492188 0.881835938
vt 0.823730469 0.936035156
vt 0.832519531 0.9375
vt 0.840820312 0.938964844
vt 0.74609375 0.890136719
vt 0.752929688 0.897460938
vt 0.770019531 0.875976562
vt 0.774902344 0.884765625
vt 0.759277344 0.905761719
vt 0.755859375 0.909179688
vt 0.823242188 0.94140625
vt 0.832519531 0.942382812
vt 0.822753906 0.951171875
vt 0.840332031 0.944824219
vt 0.8125 0.940917969
vt 0.8046875 0.94140625
vt 0.83203125 0.952636719
vt 0.839355469 0.955078125
vt 0.812011719 0.949707031
vt 0.8046875 0.951171875
vt 0.830566406 0.961425781
vt 0.821777344 0.959960938
vt 0.836425781 0.964355469
vt 0.812011719 0.958496094
vt 0.806152344 0.9609375
vt 0.828125 0.966796875
vt 0.831054688 0.972167969
vt 0.813476562 0.963378906
vt 0.808105469 0.967285156
vt 0.812988281 0.97265625
vt 0.824707031 0.969238281
vt 0.825683594 0.975097656
vt 0.819824219 0.975585938
vt 0.8203125 0.969238281
vt 0.81640625 0.966796875
vt 0.735839844 0.887695312
vt 0.733398438 0.890625
vt 0.7265625 0.885253906
vt 0.743164062 0.894042969
vt 0.739746094 0.897460938
vt 0.7265625 0.8984375
vt 0.720214844 0.895019531
vt 0.749511719 0.901367188
vt 0.74609375 0.905273438
vt 0.751953125 0.913085938
vt 0.733398438 0.904296875
vt 0.728027344 0.91015625
vt 0.721191406 0.904296875
vt 0.716308594 0.90234375
vt 0.739257812 0.912109375
vt 0.744628906 0.919921875
vt 0.737304688 0.925292969
vt 0.718261719 0.911621094
vt 0.713867188 0.913085938
vt 0.71484375 0.918457031
vt 0.733398438 0.917480469
vt 0.728515625 0.928222656
vt 0.720214844 0.915527344
vt 0.717285156 0.922851562
vt 0.728027344 0.920410156
vt 0.721679688 0.926269531
vt 0.722167969 0.91796875
vt 0.724121094 0.919921875
vt 0.905761719 0.908691406
vt 0.908203125 0.913085938
vt 0.915527344 0.91015625
vt 0.899414062 0.916992188
vt 0.903808594 0.925292969
vt 0.912597656 0.920410156
vt 0.919921875 0.918457031
vt 0.890625 0.923339844
vt 0.916015625 0.928710938
vt 0.908691406 0.934570312
vt 0.922363281 0.927734375
vt 0.89453125 0.931152344
vt 0.889648438 0.935058594
vt 0.895019531 0.942871094
vt 0.917480469 0.935546875
vt 0.922851562 0.9375
vt 0.899414062 0.937988281
vt 0.900878906 0.947753906
vt 0.916015625 0.939453125
vt 0.919921875 0.943847656
vt 0.903320312 0.94140625
vt 0.907714844 0.948730469
vt 0.913085938 0.942871094
vt 0.915527344 0.947265625
vt 0.908203125 0.943359375
vt 0.959472656 0.68359375
vt 0.96484375 0.713867188
vt 0.963867188 0.684570312
vt 0.952148438 0.687988281
vt 0.969238281 0.686523438
vt 0.94921875 0.692382812
vt 0.977050781 0.690429688
vt 0.947265625 0.696777344
vt 0.982421875 0.700195312
vt 0.947265625 0.703125
vt 0.984863281 0.7109375
vt 0.947753906 0.71484375
vt 0.986328125 0.719238281
vt 0.94921875 0.726074219
vt 0.986328125 0.727050781
vt 0.951171875 0.732910156
vt 0.985351562 0.734863281
vt 0.954101562 0.738769531
vt 0.981933594 0.743652344
vt 0.958984375 0.74609375
vt 0.9765625 0.75
vt 0.962890625 0.750488281
vt 0.972167969 0.753417969
vt 0.967285156 0.751953125
vt 0.294433594 0.0520935059
vt 0.318359375 0.0528869629
vt 0.286865234 0.041809082
vt 0.306396484 0.06640625
vt 0.307128906 0.0358886719
vt 0.317871094 0.0679931641
vt 0.325683594 0.0419921875
vt 0.332519531 0.0629272461
vt 0.337402344 0.049407959
vt 0.435058594 0.0429992676
vt 0.449462891 0.03125
vt 0.421386719 0.0173034668
vt 0.407714844 0.0556945801
vt 0.395996094 0.0325012207
vt 0.370361328 0.0570983887
vt 0.453369141 0.0534973145
vt 0.385498047 0.0838012695
vt 0.356689453 0.0891113281
vt 0.386474609 0.124328613
vt 0.356689453 0.123596191
vt 0.362548828 0.158447266
vt 0.388183594 0.150878906
vt 0.371826172 0.172851562
vt 0.395507812 0.168212891
vt 0.397705078 0.190429688
vt 0.408447266 0.188110352
vt 0.411132812 0.196166992
vt 0.421386719 0.188232422
vt 0.419433594 0.182250977
vt 0.436279297 0.17980957
vt 0.435546875 0.168212891
vt 0.459960938 0.152099609
vt 0.404541016 0.173583984
vt 0.412353516 0.182861328
vt 0.415039062 0.176025391
vt 0.436035156 0.149047852
vt 0.447509766 0.142211914
vt 0.411132812 0.175537109
vt 0.406494141 0.157348633
vt 0.451904297 0.128540039
vt 0.473632812 0.12322998
vt 0.412597656 0.167358398
vt 0.407470703 0.166503906
vt 0.410644531 0.157348633
vt 0.409912109 0.146606445
vt 0.428955078 0.127807617
vt 0.447753906 0.13671875
vt 0.404785156 0.145751953
vt 0.409912109 0.132568359
vt 0.404296875 0.131713867
vt 0.409912109 0.120605469
vt 0.404296875 0.117004395
vt 0.406738281 0.107116699
vt 0.412109375 0.108520508
vt 0.409667969 0.0936889648
vt 0.428466797 0.108093262
vt 0.413574219 0.0961303711
vt 0.416748047 0.0805053711
vt 0.414306641 0.0790405273
vt 0.422607422 0.0682983398
vt 0.437744141 0.111755371
vt 0.439941406 0.0927734375
vt 0.447265625 0.0786743164
vt 0.424560547 0.0704956055
vt 0.431152344 0.0614929199
vt 0.429199219 0.0599975586
vt 0.441894531 0.0596008301
vt 0.443359375 0.0626831055
vt 0.454101562 0.06640625
vt 0.468994141 0.0699462891
vt 0.454345703 0.0704956055
vt 0.4609375 0.073425293
vt 0.459716797 0.0786743164
vt 0.463867188 0.0850219727
vt 0.476806641 0.0938720703
vt 0.458740234 0.0885620117
vt 0.467041016 0.0966796875
vt 0.447753906 0.0983886719
vt 0.467041016 0.112487793
vt 0.460693359 0.0989379883
vt 0.459228516 0.110473633
vt 0.462402344 0.11932373
vt 0.452636719 0.117919922
vt 0.458496094 0.115905762
vt 0.454345703 0.122070312
vt 0.449707031 0.125854492
vt 0.437255859 0.12487793
vn -0.109138176 0.48981908 -0.864965975
vn -0.109138176 0.48981908 -0.864965975
vn -0.109138183 0.48981908 -0.864965916
vn 0.109137975 0.489819139 -0.864965916
vn 0.10913799 0.489819139 -0.864965916
vn 0.109137997 0.489819139 -0.864965975
vn 0.148969963 0.844023883 0.515200615
vn -0 0.857253969 0.514893889
vn -0 0.836037934 0.548671663
vn 0.213968098 0.816752434 0.535847962
vn 0.378223211 0.7829386 0.493917346
vn -0 0.690258145 0.723563194
vn 0.415701479 0.746074021 0.520159364
vn 0.537641704 0.65236336 0.534194171
vn 0.4430224 0.747837543 0.494439363
vn 0.513691187 0.731182992 0.44887951
vn 0.537294984 0.722383201 0.435289085
vn 0.548210323 0.783525944 0.29249388
vn 0.704195142 0.69586134 0.141018435
vn 0.29916659 0.731254816 0.612997353
vn 3.11688382E-07 0.316876441 0.948466778
vn 0.46880129 0.534707963 0.703073919
vn 0.779117942 0.354558557 0.516975343
vn 0.729621232 0.66353792 0.16543971
vn 7.85829513E-07 0.199019045 0.979995668
vn 0.888952971 0.449237347 -0.0891545638
vn 0.790672481 0.603148282 -0.105114765
vn 0.660728812 0.465332478 -0.588984966
vn 0.633374333 0.565470397 -0.528280437
vn 0.312124342 0.4426108 -0.840639174
vn 0.294087678 0.486683518 -0.822588265
vn -0 0.430514842 -0.902583539
vn -0 0.451736927 -0.892151117
vn -0 0.376482666 -0.926423669
vn 0.321363658 0.347767442 -0.880785584
vn -0 0.125372425 -0.992109716
vn 0.696938217 0.27892977 -0.66066277
vn 0.336521983 0.125613898 -0.933259964
vn 0.336298525 -0.0452531539 -0.94066757
vn -1.12416011E-07 -0.0338562913 -0.999426723
vn -1.70495127E-07 0.110513009 -0.993874609
vn 0.333638608 0.00596090034 -0.942682147
vn 0.688199699 0.112924591 -0.716679394
vn 0.667844474 -0.0315430574 -0.743632138
vn 0.638916075 -0.0707582533 -0.766015351
vn 0.874347568 -0.025024876 -0.484654605
vn 0.889321446 -0.0270502977 -0.456481963
vn 0.906945288 -0.00104769471 -0.421247333
vn 0.944348931 0.0520215556 -0.324806064
vn 0.990548313 -0.0581678674 -0.1242195
vn 0.975582123 0.138294935 -0.170628369
vn 0.998638451 -0.0373539403 0.0364114493
vn 0.985698164 0.0254337564 0.166589603
vn 0.988403857 -0.131507993 -0.0759170949
vn 0.98070085 -0.171131 -0.0945520401
vn 0.967970908 -0.169755265 -0.184974179
vn 0.945637345 -0.191741705 -0.262688398
vn 0.875715911 -0.375787675 -0.303158909
vn 0.965453386 -0.222474471 0.135664582
vn 0.870800912 -0.0737384558 0.486074477
vn 0.81506443 -0.576899886 -0.0534459166
vn 0.72543788 -0.638082862 -0.25805071
vn 0.723092973 -0.687988043 -0.0617177747
vn 0.616900384 -0.742154062 -0.261994809
vn 0.51120764 -0.807081938 -0.295441091
vn 0.829199135 -0.116186775 0.546744466
vn 0.625080109 -0.765393794 -0.15312466
vn 0.406984419 -0.865206182 -0.29288581
vn 0.620419145 0.365919828 0.693673432
vn 0.796809137 -0.213355422 0.565309465
vn 0.597806036 -0.799782395 0.0545539968
vn 0.11495249 -0.961291432 -0.250408739
vn 0.226701826 -0.925846994 -0.302346796
vn 0.508344352 0.1673906 0.844728649
vn 0.583876669 -0.0515754335 0.810202479
vn 1.91822934E-07 0.0644965395 0.99791795
vn 0.381348103 -0.757908046 0.529291034
vn -0 -0.658551157 0.752535999
vn -0 -0.981288671 -0.192542419
vn -0 -0.961301923 -0.275497049
vn 0.0537227467 -0.964335203 -0.259174854
vn 0.191477075 -0.947919428 -0.254529655
vn -0 -0.98752147 -0.15748404
vn 0.0233540349 -0.987704158 -0.154580802
vn -0.179968759 -0.343178153 -0.921867609
vn -0.268147439 -0.346256584 -0.8990013
vn -0.53676939 -0.276632339 -0.797090411
vn -0.501871943 -0.461296707 -0.731662512
vn -0.584689438 -0.610268891 -0.5345186
vn -0.552723289 -0.820670903 -0.144901469
vn -0.502720296 -0.864308178 0.0156072695
vn -0.495356619 -0.868022919 0.0340290219
vn -0.715537608 0.0214384571 -0.698245108
vn -0.449303776 -0.836432278 -0.3138583
vn -0.608206213 -0.703753889 -0.36717236
vn -0.387380391 -0.900035083 0.199682668
vn -0.331757307 -0.904605448 0.267630309
vn -0.950460792 0.00724499486 -0.310759902
vn -0.829585612 -0.22701107 0.510150552
vn -0.777731657 -0.0368721597 0.627514064
vn -0.677261353 0.506580472 0.533566475
vn -0.968562782 0.15067479 -0.197947741
vn -0.729443848 0.545193076 0.413129687
vn -0.961628556 0.189929083 -0.197983354
vn -0.263522059 0.954688787 -0.138294578
vn -0.146248221 0.965764225 -0.214268401
vn -0.586692989 0.598774374 -0.545216024
vn -0.551240683 0.560112596 -0.618391037
vn -0.505560756 0.517626941 -0.690268576
vn -0.469397277 0.500633359 -0.727346182
vn -0.360871136 0.489585191 -0.793774784
vn -0.2693896 0.480056465 -0.834850371
vn -0.0824690461 0.877560079 0.472321093
vn -0.0416881479 0.916291773 0.398335963
vn 0.38915962 0.70460248 0.593371868
vn 0.330143124 0.653706372 0.68093574
vn -0.13755773 0.87730813 0.459791601
vn 0.330143124 0.653706372 0.68093574
vn 0.160698965 0.641710877 0.749921918
vn -0.0918174684 0.883985996 0.458408356
vn 0.63057518 0.232772082 0.740399897
vn 0.38915962 0.70460248 0.593371868
vn 0.100146621 0.683469594 0.723076761
vn -0.0398847088 0.90637815 0.420580387
vn 0.0581181012 0.763727486 0.642917275
vn 0.45617795 0.0814606398 0.886152267
vn 0.330756336 -0.0199896041 0.943504393
vn 0.222029462 -0.0567852445 0.973385036
vn 0.00450936519 0.804788709 0.593544364
vn 0.318781286 -0.0488589369 0.946568131
vn 0.458129108 0.0157971513 0.888745248
vn 0.205712631 -0.0903557166 0.97443217
vn 0.681996047 0.327883393 0.653738439
vn 0.628308952 0.149098933 0.763542652
vn 0.227069974 0.496912062 0.837566495
vn -0.0416881479 0.916291773 0.398335963
vn -0.502394736 0.483389735 0.716891766
vn -0.283908129 -0.846143126 0.451040894
vn -0.490301907 -0.83997345 0.232483611
vn -0.273870438 -0.949590027 0.152557611
vn -0.413282484 -0.907018542 0.0807153732
vn -0.346528769 -0.934752584 -0.0784570277
vn -0.272013307 -0.962147176 -0.0167789645
vn -0.221237898 -0.964306235 -0.145489901
vn -0.16929692 -0.979252875 -0.111366235
vn -0.0365884826 -0.974584818 -0.221010774
vn 0.218861282 -0.866115928 0.449380666
vn 0.285029262 -0.787739992 0.546098948
vn 0.281370729 -0.623181641 0.72970897
vn 0.599613369 0.0780152604 0.796478152
vn 0.644175231 0.266494215 0.716951191
vn 0.725635171 -0.12298578 0.67699939
vn 0.628772676 -0.262972683 0.731772125
vn 0.670868874 -0.0704982355 0.738217473
vn 0.584852397 0.0364526995 0.810320199
vn 0.574446499 0.271475583 0.772212505
vn 0.597765148 0.278995961 0.751557231
vn 0.438040644 0.19096756 0.878437102
vn 0.305360079 0.177100152 0.935623229
vn 0.486590028 0.225984335 0.843896389
vn 0.598356485 0.287947714 0.747700214
vn 0.218912914 0.2158252 0.951575935
vn 0.682571113 -0.0905180946 0.725191772
vn 0.651088953 -0.120672658 0.74934721
vn 0.596185386 0.0585926324 0.80070591
vn 0.65100199 0.264602691 0.711464524
vn 0.689743459 0.0524754897 0.722149849
vn 0.655877292 -0.0603469461 0.752451539
vn 0.688444018 -0.104812056 0.717676342
vn 0.603389263 -0.212104619 0.7687217
vn 0.718490005 0.251764089 0.648372531
vn 0.775582612 0.243630171 0.582336664
vn 0.841932535 0.0812131912 0.533436179
vn 0.865612805 -0.0700698942 0.495786935
vn 0.649652719 0.164255485 0.742274463
vn 0.920148253 0.139537439 0.365864009
vn 0.782923877 -0.173859835 0.597329795
vn 0.552078903 -0.300030887 0.777939796
vn 0.961000919 0.0348733515 0.27433759
vn 0.846188426 0.199590832 0.494093746
vn 0.812567711 0.0832699463 0.576888025
vn 0.861811697 0.247481912 0.442756593
vn 0.541806281 0.0758833438 0.837070882
vn 0.715883434 -0.0205094181 0.697918653
vn 0.437731147 0.234741986 0.867921412
vn 0.364346534 0.23163192 0.901996911
vn 0.287502557 0.287482798 0.913616955
vn 0.931800961 0.268757731 0.24395968
vn 0.95210439 0.107616059 0.286209762
vn 0.942490458 -0.067943953 0.327254385
vn 0.875522912 -0.165870324 0.453813523
vn 0.959847927 0.21861656 0.17578046
vn 0.228846833 0.377058506 0.897472024
vn 0.150572181 0.271083087 0.950706065
vn 0.316371292 0.39982 0.860263467
vn 0.0964568108 -0.133066043 0.986402333
vn 0.0915096104 -0.0942602977 0.991332948
vn 0.238466397 0.478945762 0.844834089
vn 0.128517359 0.342862993 0.930552602
vn 0.350350589 0.488575757 0.799092054
vn 0.37411803 0.293567985 0.879689455
vn 0.492262244 0.524798274 0.694452882
vn 0.301302165 0.237668037 0.923434258
vn -0.0231889971 -0.118893623 0.992636144
vn 0.379508525 0.53124547 0.757463932
vn 0.236953318 0.464037269 0.853535295
vn -0.079755798 -0.142804652 0.986532271
vn -0.0855324715 0.058319591 0.994627059
vn 0.408454955 0.585580885 0.700185359
vn -0.0251382869 0.817681849 0.575121224
vn -0.0633035749 0.930250764 0.36142233
vn -0.0592350885 0.929182351 0.364844263
vn -0.0048317574 0.928544223 0.37119019
vn -0.291146129 -0.186014026 0.938420355
vn -0.0392607264 0.844911993 0.533462644
vn 0.0244627427 0.928497791 0.37053147
vn -0.0701512545 0.83617568 0.543956876
vn -0.403431505 -0.118252784 0.907336414
vn -0.0489400513 0.76295948 0.644591093
vn 0.0639255196 0.378647387 0.923330665
vn -0.269122988 -0.0429276414 0.962148607
vn 0.624498188 -0.0846719742 0.776423037
vn 0.100441918 0.889616132 0.445527315
vn 0.334470272 0.474429965 0.814276338
vn 0.646472812 0.505504608 0.571434975
vn 0.879356325 -0.423642993 -0.217391655
vn 0.265724659 -0.518917024 0.812474847
vn 0.612360954 -0.786282778 0.0823007971
vn 0.674253225 -0.5778054 -0.459916979
vn 0.248473138 -0.819571316 0.516298354
vn 0.656832457 0.0162651893 0.75386107
vn 0.638013721 0.527127147 0.561315894
vn 0.582844436 -0.796995878 -0.158398166
vn 0.515918612 -0.720005691 -0.464133292
vn 0.254557192 -0.859971464 0.442322999
vn 0.469276965 -0.854069293 -0.22437647
vn 0.320473582 -0.861444712 -0.393966764
vn 0.537125409 0.547323108 0.641820669
vn 0.313656867 -0.903354943 -0.292522252
vn 0.167509735 -0.930117846 -0.326835573
vn 0.17251578 -0.944584548 -0.279281735
vn 0.0743866935 -0.956055105 -0.283593625
vn 0.255454451 -0.908617854 0.330388486
vn 0.277667433 -0.873399913 0.400091648
vn 0.0208956134 -0.633556724 0.773414016
vn 0.0779395327 -0.963578701 -0.255815119
vn 0.0249483306 -0.542381287 0.839761972
vn 0.357815385 -0.526541293 0.771182537
vn -0.0293059815 -0.975750387 -0.216915816
vn 0.215637818 -0.884448528 0.413824946
vn 0.229542598 -0.86980778 0.43674317
vn 0.227205276 -0.887290537 0.401364326
vn 0.121656291 -0.441656828 0.888897538
vn 0.327152878 -0.130498394 0.935917318
vn 0.19903785 -0.891999125 0.405858874
vn 0.446818858 -0.0476445407 0.893354833
vn 0.568169355 -0.0444619693 0.821709573
vn 0.612436175 -0.0841220841 0.786031365
vn 0.537262678 -0.15999034 0.828101337
vn 0.560119033 -0.405000627 0.722662508
vn 0.220128402 -0.287927002 0.932009339
vn 0.443026215 -0.266873419 0.855865836
vn 0.359054089 -0.405398995 0.840673387
vn 0.557283163 -0.469607711 0.684765697
vn 0.497835457 -0.522408783 0.692278028
vn 0.694194674 -0.257400334 0.672189593
vn 0.293897599 -0.570460975 0.766941011
vn 0.441944927 -0.558350682 0.70208919
vn 0.954297602 0.0237150248 0.297915637
vn 0.192131862 -0.717021227 0.670049071
vn 0.436710149 -0.633478642 0.638740301
vn 0.983923495 0.141653255 0.10876061
vn 0.221737877 -0.693621755 0.685362041
vn 0.29947266 -0.768824279 0.565000355
vn 0.274828225 -0.771890938 0.573283374
vn 0.196999148 -0.46374774 0.863787711
vn 0.317247182 -0.410051614 0.855109215
vn 0.448541284 -0.269223571 0.852249563
vn 0.213362798 0.203946397 0.955448687
vn 0.410974979 -0.322599709 0.85266
vn 0.304949671 0.256601185 0.91714859
vn 0.510438681 -0.376104921 0.773302972
vn 0.274139673 0.259956747 0.925888777
vn 0.571350873 -0.408660531 0.711726665
vn 0.428115875 0.228075534 0.874470353
vn 0.602201402 -0.389683992 0.696778238
vn 0.556824028 0.182590291 0.810313404
vn 0.711875021 0.137656584 0.688683271
vn 0.888583183 0.0829106867 0.45116055
vn 0.264794886 0.397097945 0.878747344
vn 0.25782609 0.420561731 0.869858265
vn 0.379256636 0.440430939 0.813747585
vn 0.523020029 0.444199085 0.727418184
vn 0.716383219 0.419117808 0.557795048
vn 0.917426944 0.291978538 0.270326495
vn 0.194424257 0.391957253 0.899204433
vn 0.980816543 0.165137112 0.103578813
vn 0.295332342 0.358168423 0.885716796
vn 0.335492074 0.402884394 0.851545155
vn 0.448354274 0.448058486 0.77344811
vn 0.589194119 0.475601196 0.653187394
vn 0.211906612 0.354319304 0.910798311
vn 0.0635309964 0.384969771 0.920740008
vn 0.772720277 0.449217975 0.448449016
vn 0.933041155 0.303583115 0.19305867
vn 0.097953625 0.162141398 0.981893778
vn -0 0.191843331 0.981425524
vn -1.30809553E-07 0.37891838 0.925430059
vn -2.1091077E-07 -0.437314808 0.899308443
vn 0.096470736 0.34295103 0.934386373
vn -3.78570121E-07 0.326992959 0.945026815
vn 0.509715736 -0.408260763 0.757306397
vn 8.15133546E-07 -0.269329786 0.963048041
vn 0.144118547 0.259136945 0.955027699
vn -1.63423039E-07 0.241580501 0.970380783
vn 1.65854971E-07 0.344508976 0.93878299
vn 0.718965948 -0.275156558 0.638260782
vn 0.695423663 0.392143816 0.602170348
vn -0 0.576592505 0.81703192
vn 0.261879057 0.299680799 0.917393565
vn 0.255385935 0.372935653 0.892018616
vn 3.12904916E-07 0.462835342 0.88644433
vn 0.258161515 0.449833125 0.854987025
vn 0.370409995 0.325662971 0.869907975
vn 0.434211195 0.383950323 0.814888239
vn 0.467766762 0.442114949 0.765329123
vn 0.434891075 0.372322887 0.819905639
vn 0.59858489 0.411790609 0.687113345
vn 0.704732716 0.395507812 0.589003861
vn 0.562799394 0.433814079 0.703606606
vn 0.713772476 0.447915286 0.538424373
vn 0.819941461 0.368505478 0.438063622
vn 0.923465252 0.207736626 0.322579354
vn 0.846735239 0.411044508 0.337760031
vn 0.948861539 0.241559669 0.203250289
vn 0.971034646 0.168272078 0.169635743
vn 0.949899495 0.28336978 0.131881088
vn 0.974664629 0.197721452 0.104571432
vn 0.973408103 0.221182317 0.0596243329
vn 0.99012506 0.136322692 0.0326879993
vn 0.988256752 0.147773325 -0.0388785042
vn 0.97452569 0.205698028 0.0893750265
vn 0.979930997 0.187380433 0.0679985434
vn 0.983749151 0.172520414 0.0497441813
vn 0.98772198 0.135044619 0.0785387084
vn 0.968632221 0.242084697 0.0560948998
vn 0.991754532 0.122378722 -0.0380315073
vn 0.986523986 0.161532134 0.0260325968
vn 0.960606515 0.264916718 0.0839891508
vn 0.962481976 0.271246135 0.00734443497
vn 0.986881018 0.161398605 -0.00404272135
vn 0.976107895 0.217129186 -0.00825671665
vn 0.97872293 0.202939108 0.0302849878
vn 0.971211135 0.23817043 -0.00487134326
vn 0.961550593 0.268395931 0.0581727661
vn 0.999678612 0.0194746647 -0.016226327
vn 0.99976474 -0.00442848075 -0.0212346595
vn 0.984599411 -0.173914924 -0.0178236403
vn 0.996212244 0.0510106497 0.0704212859
vn 0.981858909 -0.189498648 0.00657685706
vn 0.971388817 -0.208523631 0.113673769
vn 0.910682321 -0.319646448 0.261694402
vn 0.954972684 -0.264618874 0.134179026
vn 0.974863172 -0.218565434 0.0432553925
vn 0.980980754 -0.194011524 0.00602291245
vn 0.979227841 -0.177008405 0.098898828
vn 0.948166788 -0.317568868 0.0113893049
vn 0.986159265 -0.152164683 -0.0658466443
vn 0.925244093 -0.191890076 -0.327263892
vn 0.985036492 -0.133098736 -0.109489538
vn 0.944921434 -0.163640261 -0.283452511
vn 0.968185484 -0.210937738 -0.13461791
vn 0.988620043 -0.131314397 0.0733967796
vn 0.979646802 -0.197158337 -0.0376926772
vn 0.920239806 -0.38996774 -0.0329232514
vn 0.939933419 -0.341308236 -0.00582372863
vn 0.826043248 -0.557814837 -0.0805925429
vn 0.983808458 -0.150748089 0.0969330892
vn 0.98845458 -0.117737085 0.0953704044
vn 0.966471672 -0.156533688 0.203543007
vn 0.9627828 -0.125267342 0.239493787
vn 0.923795462 -0.295370162 0.243635923
vn 0.935629487 -0.174297109 0.306949526
vn 0.879651487 -0.26539427 0.394688725
vn 0.823800921 -0.339137375 0.454244465
vn 0.762931883 -0.222420618 0.607012272
vn 0.616188347 -0.0301705636 0.787020683
vn 0.960277855 -0.1019646 0.259749264
vn 0.935956776 -0.126112476 0.328756154
vn 0.903635263 -0.159353048 0.397554755
vn 0.835201919 -0.189413711 0.516294718
vn 0.792313814 -0.252059907 0.555611908
vn 0.714063108 -0.167388424 0.679775596
vn 0.564117193 -0.149436384 0.812059522
vn 0.555212736 0.0549063049 0.829893947
vn 0.390816897 0.17856124 0.902982891
vn 0.391394109 -0.0627121627 0.918083787
vn 0.348308742 0.0262853261 0.937011242
vn 0.695630014 -0.228219271 0.681186318
vn 0.368345857 0.116656765 0.922340751
vn 0.379742295 -0.119755946 0.917308152
vn 0.455149084 0.0388608761 0.889566839
vn 0.742080331 -0.132499024 0.657085061
vn 0.42840445 -0.226091012 0.874844253
vn 0.340843916 -0.222319007 0.913454771
vn 0.862273514 -0.0973115861 0.497005969
vn 0.921200573 -0.100363031 0.375921398
vn 0.93983233 -0.0856409594 0.330727726
vn 0.510588765 -0.0859246254 0.855520844
vn 0.480264992 -0.0789611936 0.873562098
vn 0.59073776 -0.0611107908 0.804546118
vn 0.797744095 -0.0135160666 0.602844715
vn 0.90315479 -0.04286566 0.427169859
vn 0.930368364 -0.0658723712 0.360659838
vn 0.566928804 -0.0235227495 0.823430836
vn 0.960758448 -0.204631463 0.187267751
vn 0.948208511 -0.207050294 0.240895718
vn 0.97098273 -0.207450181 0.118983388
vn 0.902411401 -0.430439174 0.0193837751
vn 0.846487999 -0.532406271 -0.00122222654
vn 0.707245529 -0.69090718 -0.1498366
vn 0.935660362 -0.226731792 0.270430118
vn 0.81083405 -0.58518666 0.010229107
vn 0.59556365 -0.779531658 -0.193995684
vn 0.915974081 -0.0455763862 0.398640573
vn 0.74549818 -0.666408122 -0.0115173897
vn 0.524453104 -0.822326303 -0.220745131
vn 0.611353397 -0.781905055 0.121949509
vn 0.915172875 -0.306075007 0.262253016
vn 0.854307353 0.0345793888 0.518616557
vn 0.879680336 -0.378952265 0.287328452
vn 0.854293346 -0.0214103907 0.519350171
vn 0.699689984 0.170338407 0.693843365
vn 0.569634855 -0.691419542 0.444359392
vn 0.181845248 -0.952277958 0.245150834
vn 0.702414751 0.0758559778 0.70771414
vn 0.687444746 -0.164929062 0.707260966
vn 0.242784411 -0.815336406 0.525625587
vn -0 -0.955272377 0.295727521
vn -0 -0.808652759 0.588286161
vn 0.353875101 -0.247847781 0.901855767
vn -5.24492918E-07 -0.242526263 0.970144868
vn 0.563964486 0.184461117 0.804933548
vn 0.311535627 0.246681914 0.9176566
vn -8.32216983E-07 0.289529622 0.957168996
vn -5.44284205E-07 0.305885911 0.95206821
vn 0.437516183 0.274757445 0.856205583
vn 0.247520506 0.293967724 0.923209965
vn 0.218250841 0.158395156 0.962952554
vn -2.50133809E-07 0.160311356 0.987066448
vn 0.418863773 0.194326207 0.887012184
vn 0.204738706 -0.0663657486 0.976564288
vn -0 -0.0849186182 0.996387959
vn 0.562123537 0.25569281 0.78653568
vn 0.441300005 0.00635949429 0.897337139
vn 0.208515882 -0.00548209716 0.978003621
vn -0 -0.0177272744 0.999842882
vn -3.43587715E-07 0.463065267 0.886324167
vn 0.468434244 0.0510077998 0.882024705
vn 0.216244176 0.460036248 0.861164987
vn -6.94704966E-07 0.624072373 0.781366527
vn 0.22479786 0.613880634 0.756714225
vn 0.435115635 0.433772981 0.788996458
vn 0.437422842 0.581818581 0.685673714
vn 0.609581172 0.385462612 0.692697108
vn 0.578400254 0.555053353 0.597803354
vn 0.655096769 0.0917995572 0.749947369
vn 0.712357223 0.349938154 0.608350694
vn 0.683459222 0.521461666 0.510843694
vn 0.611836731 0.116428547 0.782368422
vn 0.730130136 0.152209252 0.66613996
vn 0.784094095 0.338763297 0.520034432
vn 0.753108144 0.491561234 0.437259376
vn 0.542335808 0.237982035 0.805752099
vn 0.633894384 0.215411842 0.742815971
vn 0.719486058 0.269945353 0.639897883
vn 0.764450133 0.395180047 0.509361029
vn 0.761772931 0.503677607 0.407444328
vn 0.758103311 0.536184728 0.371194303
vn 0.611523569 0.220593676 0.759853482
vn 0.54905653 0.271762818 0.790368259
vn 0.523632288 0.326631993 0.786842287
vn 0.49516952 0.442526191 0.74764812
vn 0.689939737 -0.183225289 0.700294018
vn 0.497345626 -0.628391564 0.598139942
vn 0.751864374 0.126909062 0.646988392
vn 0.577605426 0.168672338 0.798700035
vn 0.477665275 0.264463365 0.8377918
vn 0.284253031 0.300616801 0.910400808
vn 0.51656729 0.0710169971 0.853296459
vn 0.395509392 0.157893747 0.904788315
vn 0.332923859 -0.11522954 0.935886681
vn 0.4587093 -0.081591174 0.884832561
vn 0.291333646 -0.162102446 0.942787051
vn 0.548950851 -0.161165431 0.820169926
vn 0.501417696 -0.33923316 0.795927823
vn 0.590424478 -0.06856253 0.804175436
vn 0.484707892 -0.531377375 0.694763541
vn 0.589324236 -0.141560435 0.795397818
vn 0.483510584 -0.600884795 0.636517704
vn 0.424620032 -0.657411635 0.622501314
vn 0.607363343 -0.234489515 0.759028614
vn 0.516812027 -0.453550965 0.726083159
vn 0.428055048 -0.592345119 0.682565808
vn 0.594594479 -0.0344717354 0.803286433
vn 0.581072152 -0.0137100564 0.813736498
vn 0.497651696 -0.416136324 0.761034369
vn 0.410527945 -0.571567953 0.710476577
vn 0.333592355 -0.590046585 0.735228658
vn 0.604391694 -0.124274902 0.786934853
vn 0.399083108 -0.438278019 0.805385053
vn 0.176321477 -0.629971027 0.75633812
vn 0.500604153 -0.0510235764 0.864171267
vn 0.514258862 0.0977512449 0.852046132
vn 0.204321951 -0.481483966 0.852306128
vn 5.47315551E-07 -0.647966266 0.76166904
vn 4.95952804E-07 -0.496041805 0.86829865
vn 5.83748715E-07 -0.0532158613 0.998583078
vn 0.248345181 -0.0290351752 0.968236327
vn 6.85761051E-07 0.18952401 0.981876075
vn 0.286054075 0.181100473 0.940944016
vn 0.355003953 -0.0209487323 0.934630096
vn -0 -0.0477476679 0.998859406
vn 0.516682386 0.00815431308 0.856138349
vn 0.458314717 -0.603295028 0.652673602
vn -5.54626297E-07 -0.889455318 0.45702216
vn 0.378732979 -0.916560173 0.128369585
vn -0 -0.999905229 0.0137683144
vn 0.402213305 -0.891606569 0.207995877
vn 0.613828301 -0.528511345 0.586421967
vn 4.31437314E-07 -0.968821406 0.247760192
vn 0.556581557 -0.346064568 0.755285561
vn 0.386070549 -0.601795971 0.699135959
vn 0.480243504 -0.637803733 0.602140009
vn 1.51749589E-06 -0.690813363 0.72303313
vn 0.621333659 -0.724025726 0.299551398
vn 0.544144392 -0.14167437 0.826943398
vn 0.582195342 -0.573235869 0.57658416
vn 0.325781733 -0.843846262 0.426368147
vn 0.514371455 -0.298056543 0.804104567
vn 6.35848608E-07 -0.323695451 0.946161389
vn 0.668114126 -0.549435496 0.501741052
vn 0.734903693 -0.434678227 0.520549297
vn 0.563368797 0.0223214515 0.825903952
vn 0.506966889 0.066792734 0.859373808
vn -8.58093699E-07 0.0678959414 0.997692466
vn -7.91230093E-07 0.425192624 0.905102849
vn 0.694445848 -0.253891021 0.673263907
vn 0.479938447 0.393848896 0.783927381
vn -0 0.628867447 0.777512491
vn 0.745794117 -0.214506328 0.630696654
vn 0.655264676 -0.637035906 0.405972123
vn 0.697722793 0.0916240662 0.710484326
vn 0.470722228 0.566338599 0.676521242
vn -0 0.633530617 0.773717582
vn 0.786766648 -0.308356017 0.53470999
vn 0.714081466 0.138500661 0.686225355
vn 0.67108655 0.385107875 0.633509934
vn 0.503957689 0.560531259 0.657138765
vn -2.33938664E-07 0.571616411 0.820520937
vn 0.755114496 -0.475672752 0.451151192
vn 0.668412924 0.512766123 0.538790405
vn 0.818137288 0.0551945046 0.572367787
vn 0.64623034 0.451551914 0.615213215
vn 0.581042051 0.501027942 0.641374409
vn 0.738380909 0.475592911 0.478126615
vn 0.627751231 0.642137289 0.439986557
vn 0.731899381 0.45093897 0.510859251
vn 0.651487947 0.487102658 0.581631005
vn -6.91209095E-07 0.602480054 0.798133969
vn 0.793213665 0.425127089 0.435980737
vn 0.764133394 0.527458072 0.371333003
vn 0.828693569 0.403541446 0.387841731
vn 0.92052871 0.00980691612 0.390551776
vn 0.626619697 0.715670645 0.308485568
vn 0.815944493 0.420805722 0.396430373
vn 0.893065035 0.333040476 0.30252099
vn 0.981556177 -0.0472712629 0.185237229
vn 0.802896678 0.434839696 0.407764047
vn 0.79745245 0.599063933 0.0720561668
vn 0.90788728 0.419047683 0.0118209198
vn 0.756017447 0.337428331 0.560873985
vn 0.902099967 -0.368474483 0.224593252
vn 0.969290555 0.131444097 0.207841679
vn 0.692721546 -0.173995018 0.699901879
vn 0.791084588 0.107014999 0.602273166
vn 0.531283975 0.12881285 0.837343693
vn 0.461846262 0.143932298 0.875203729
vn 0.581551373 0.0213889536 0.813228488
vn 0.589567542 0.354036421 0.725994706
vn 0.651306808 0.529900134 0.543143928
vn 0.745818138 0.422117174 0.515337229
vn 0.794363856 0.458735824 0.398180217
vn 0.752559781 0.464227498 0.46706152
vn 0.858000636 0.276447028 0.432911009
vn 0.831536293 0.237870619 0.501961172
vn 0.717039764 -0.2613841 0.646167397
vn -0.0398847088 0.90637815 0.420580387
vn 0.0581181012 0.763727486 0.642917275
vn 0.00450936519 0.804788709 0.593544364
vn -0.0701512545 0.83617568 0.543956876
vn -0.0489400513 0.76295948 0.644591093
vn 0.0244627427 0.928497791 0.37053147
vn -0 0.147673756 0.989036143
vn -0 0.147673756 0.989036143
vn 0.211878583 0.160680816 0.96399653
vn 0.238441393 0.16342029 0.957308471
vn 0.419652343 0.180300474 0.889597476
vn 0.449903935 0.190017864 0.872628033
vn 0.837688684 0.143589452 0.526934206
vn 0.602413237 0.193344221 0.774413407
vn 0.906128645 0.12691845 0.403512776
vn 0.9668414 0.107016645 0.231873021
vn 0.966486633 0.110919729 0.231517524
vn 0.984431326 0.104198068 0.141554669
vn 0.125607684 -0.992029428 -0.0100110425
vn 0.115742669 -0.992881417 -0.0281110723
vn 0.115742669 -0.992881417 -0.0281110741
vn 0.125675693 -0.992022038 -0.00988588203
vn 0.146481499 -0.988106966 0.0467742458
vn 0.146035641 -0.988335133 0.0432108194
vn 0.141634792 -0.973988891 0.176876143
vn 0.140473247 -0.973945916 0.178035244
vn 0.0678786784 -0.975495875 0.209285423
vn 0.084385477 -0.974972546 0.20568803
vn -0 -0.975984037 0.217842281
vn -0 -0.975984037 0.217842236
vn -0.941271603 -0.30323869 -0.148506358
vn -0.94614917 -0.298862934 -0.124429025
vn -0.940530658 -0.303845316 -0.151921585
vn -0.895981133 -0.323190063 -0.304575294
vn -0.892903626 -0.323986232 -0.312659472
vn -0.495540887 -0.32687673 -0.804730356
vn -0.489097565 -0.326479703 -0.80882287
vn -0.247257054 -0.304492265 -0.919863224
vn -0.256427228 -0.305547208 -0.916998327
vn 4.40642481E-07 -0.285840273 -0.958277285
vn 4.38568435E-07 -0.285840273 -0.958277285
vn 0.117188908 -0.0705350041 0.990601659
vn 2.14480067E-07 -0.0635545999 0.997978389
vn 2.14723016E-07 -0.0635545924 0.997978389
vn 0.128426239 -0.0711616576 0.989162564
vn 0.321801007 -0.0839750543 0.943075955
vn 0.405790538 -0.0508670211 0.912549555
vn 0.594757795 -0.0346648954 0.80315727
vn 0.911084175 0.0849068835 0.403381437
vn 0.941626847 0.0930159315 0.323553532
vn 0.968423784 0.115292616 0.221049741
vn 0.966491759 0.11360123 0.230192393
vn 0.98316586 0.132004023 0.126332551
vn -0.00744518125 0.999607742 0.0270016119
vn 0.00217629899 0.999691606 0.0247359071
vn -0.00744518079 0.999607742 0.0270016082
vn 0.00460234284 0.999697447 0.0241642296
vn 0.0333897248 0.999341667 0.0141850421
vn 0.031402275 0.999391437 0.0151898768
vn 0.0249395147 0.997898698 0.0598018244
vn 0.0386634618 0.998333275 0.0428465456
vn 0.0134593053 0.991048157 0.132824659
vn 0.0097993277 0.991255164 0.131594613
vn -0 0.989648283 0.143513814
vn -0 0.989648283 0.143513784
vn -0.983473063 0.106327645 -0.146543935
vn -0.987220585 0.055804424 -0.149269477
vn -0.994165659 0.024661852 -0.1050063
vn -0.974140346 0.171189904 -0.147460774
vn -0.870385647 0.223969564 -0.438481957
vn -0.836898029 0.235176072 -0.494260877
vn -0.483704299 0.218293801 -0.84757179
vn -0.45139733 0.216353834 -0.865697145
vn -0.139561549 0.196400493 -0.970540762
vn -0.13829495 0.196367458 -0.970728755
vn -0 0.192819178 -0.981234372
vn -0 0.192819193 -0.981234372
vn 0.179956242 0.648211181 0.739890516
vn -0 -0.830892146 0.556433558
vn -0 0.99733597 0.0729446635
vn 0.170719042 0.980753005 0.0947554782
vn -0 0.978393197 -0.206753254
vn 0.714425087 0.645685315 0.269605875
vn 0.070607312 -0.965897799 0.249110371
vn 0.164926991 -0.908072829 0.384971172
vn 0.201053545 0.959380805 -0.19790417
vn -0 0.870316386 -0.492493123
vn 0.601903915 0.787722051 -0.131170571
vn 0.568782032 0.743506193 -0.351689607
vn 0.140643209 -0.893030822 0.427452445
vn 0.34540832 0.306816459 -0.886880338
vn 0.198689073 0.821072757 -0.535128176
vn -0 0.289456159 -0.957191288
vn -0 -0.937247753 0.348664016
vn 0.140643209 -0.893030822 0.427452445
vn -0 -0.900369346 0.435126573
vn 0.164926991 -0.908072829 0.384971172
vn 0.070607312 -0.965897799 0.249110371
vn -0 -0.830892146 0.556433558
vn 0.179956242 0.648211181 0.739890516
vn -0.5918715 -0.0734558403 0.802678287
vn -0.668730378 -0.0386519507 0.742499709
vn -0.95262599 -0.191361368 0.236399204
vn -0.931385994 -0.229320154 0.282723218
vn -0.914282441 -0.227360368 0.335253567
vn -0.474481642 -0.0942740887 0.875202537
vn -0.920894444 -0.180341274 0.345587045
vn -0.430385798 -0.0836741626 0.898758471
vn -0.37010324 -0.116937891 0.921601415
vn -0.751265764 -0.320118219 -0.577168941
vn -0.717430115 -0.29308787 -0.631975949
vn -0.93574357 -0.163873002 0.312297404
vn -0.367663354 -0.187149823 0.910932779
vn -0.795799434 -0.274386555 -0.539828837
vn -0.0120285414 -0.229742274 -0.973177135
vn 0.00785039924 -0.194074988 -0.980955303
vn -0.074910447 -0.200294837 -0.976867557
vn -0.830650806 -0.176159248 -0.528192341
vn 0.737241626 -0.0417947359 -0.674335182
vn 0.702383935 -0.0106262071 -0.711718976
vn 0.757285833 -0.0402228571 -0.651843727
vn 0.993957639 0.108518876 0.016485244
vn 0.987949371 0.14887403 -0.0423379615
vn 0.431335628 0.189583331 0.882047415
vn 0.994662344 0.0814495161 0.0633471608
vn -0.0956590995 -0.0821864828 -0.992015481
vn -0.816928744 -0.038985841 -0.575419545
vn 0.449639648 0.124229558 0.884528756
vn -0.5918715 -0.0734558403 0.802678287
vn -0.668730378 -0.0386519507 0.742499709
vn 0.442673832 0.0617237203 0.894555867
vn -0.474481642 -0.0942740887 0.875202537
vn -0.430385798 -0.0836741626 0.898758471
vn 0.770185232 0.0652807653 -0.634470701
vn -0.0578446537 0.138388842 -0.988687277
vn 0.985743225 0.140813634 0.0920958892
vn 0.762397051 0.265226066 -0.590259135
vn 0.418824881 0.0722533613 0.905187905
vn 0.965143979 0.246215597 0.0887409821
vn 0.465589166 0.0720895678 0.882059932
vn -0.37010324 -0.116937891 0.921601415
vn 0.761770725 0.290626109 -0.579000711
vn -0.0522159673 0.184415832 -0.981460333
vn 0.973593593 0.218907297 0.0647683665
vn 0.476177514 -0.00546759879 0.879332125
vn -0.367663354 -0.187149823 0.910932779
vn -0.799168825 -0.0362700783 -0.600011468
vn -0.0208253227 0.128169015 -0.991533697
vn 0.765228391 0.22917825 -0.601583719
vn 0.509735227 -0.0517192222 0.858775377
vn -0.396379054 -0.199470073 0.896155894
vn 0.986670077 0.162682295 -0.00407858053
vn 0.401685834 -0.0699860826 0.913099349
vn -0.452228487 -0.186125845 0.87226516
vn 0.989422739 0.144289762 -0.0149385575
vn 0.773846209 0.177541524 -0.607981205
vn -0.0281304922 0.0518915914 -0.998256385
vn -0.744575441 -0.0821803585 -0.662460327
vn -0.750882804 -0.113388941 -0.650628924
vn -0.937697053 -0.217618287 0.270862311
vn -0.396379054 -0.199470073 0.896155894
vn -0.95191896 -0.226290464 0.206501752
vn -0.958387733 -0.208648935 0.194829583
vn -0.452228487 -0.186125845 0.87226516
vn 0.121267445 -0.117037185 -0.985696018
vn 0.122158326 -0.0130665945 -0.992424607
vn -0.245265469 -0.727804244 -0.640426278
vn -0.21564649 -0.760391355 -0.612618506
vn 0.216476575 -0.127479792 -0.967929125
vn -0.357072294 -0.934047759 -0.00736233406
vn -0.383266181 -0.923416257 0.0202325694
vn -0.103857063 -0.794768751 -0.597960055
vn 0.228810012 -0.158709526 -0.960446417
vn -0.306889832 -0.599469244 0.739226043
vn -0.309938133 -0.5637182 0.765610874
vn -0.276748508 -0.960729659 0.0202173702
vn -0.302318871 -0.611428499 0.731271923
vn -0.0683839098 -0.822939932 -0.563997686
vn 0.203742996 -0.15711017 -0.966335952
vn -0.260115862 -0.964730322 0.0404367447
vn -0.333028674 -0.595762968 0.730861485
vn -0.109445415 -0.82888943 -0.548601925
vn 0.161137342 -0.204549953 -0.965501904
vn -0.288374901 -0.955054998 0.0686279237
vn -0.316702694 -0.587160289 0.744944394
vn -0.165657118 -0.84411931 -0.509921849
vn 0.116410293 -0.257180572 -0.959326267
vn -0.299710423 -0.950078964 0.0867383406
vn -0.276315212 -0.592878163 0.75640291
vn -0.271995306 -0.593698025 0.757325053
vn -0.205802158 -0.869045973 -0.449893862
vn 0.0392861627 -0.273394465 -0.961099386
vn -0.311471194 -0.942505479 0.12111631
vn -0.29423207 -0.620687068 0.726756513
vn -0.347036093 -0.926700711 0.144193277
vn -0.435920238 -0.618170738 0.654093623
vn -0.290278375 -0.879210293 -0.377793074
vn -0.445726365 -0.879551113 0.166486427
vn -0.363216847 -0.615393341 -0.699545979
vn 0.0195215922 -0.12286792 -0.992231071
vn -0.892768264 -0.444285154 0.0746685863
vn -0.883678854 -0.191268995 0.427232742
vn -0.453398615 -0.886484504 -0.0926000848
vn -0.500511408 -0.362798661 -0.786044121
vn -0.0395463295 0.140140161 -0.989341617
vn -0.648368418 -0.717512846 -0.254545987
vn -0.578107357 -0.293660581 -0.761285305
vn -0.0855370611 0.18855153 -0.978331089
vn -0.655406773 -0.753093421 -0.0573784038
vn -0.630335867 -0.737080276 -0.243699491
vn -0.144799694 -0.0268804282 -0.989095747
vn -0.205828503 -0.222830743 -0.952880502
vn -0.72153163 -0.687052369 -0.0857393593
vn -0.588311017 -0.804774404 -0.0789193287
vn -0.710023284 -0.70163399 0.0598040074
vn -0.769812107 -0.569724679 -0.287755281
vn -0.580520988 -0.787536204 -0.206838384
vn -0.4877114 -0.872993171 0.0045275935
vn -0.467239946 -0.596222699 -0.652844012
vn -0.098863855 -0.140680939 -0.985106468
vn -0.135377824 -0.173146591 -0.975547612
vn -0.578736365 -0.814144492 0.0472550169
vn -0.657832444 -0.514912367 -0.549656034
vn -0.245020673 -0.172442883 -0.954058945
vn -0.961257756 -0.270496875 -0.0530568436
vn -0.943174183 0.0809157714 0.32229656
vn -0.857075214 -0.0269559417 0.514485717
vn -0.441316813 -0.842376053 -0.309260488
vn -0.905667543 -0.414480388 0.0892879069
vn -0.818010986 -0.245110646 0.520364106
vn -0.748317838 -0.585872531 -0.311084837
vn -0.618204236 -0.743253052 -0.255731344
vn -0.528093874 -0.845650375 -0.0774104372
vn -0.195657805 -0.940674961 -0.277215809
vn -0.672185242 -0.63871938 -0.374438852
vn -0.943862796 -0.224686399 0.242155075
vn -0.265952259 -0.957207561 -0.114119045
vn -0.0282411296 -0.984232783 -0.174608991
vn -0.622848749 -0.454358578 -0.636881113
vn -0.988146186 -0.124439143 0.0898998603
vn -0.0313279666 -0.998268247 -0.0497908145
vn 0.027089607 -0.678230286 -0.734349906
vn -0.566186547 -0.269842803 -0.778856575
vn -0.990901351 -0.133186162 -0.0193934441
vn 0.359623611 -0.930355072 -0.0714856088
vn -0.533833623 -0.237715527 -0.811488092
vn -0.972442627 -0.203793764 -0.113240771
vn -0.523970485 -0.377698123 -0.763412774
vn -0.936823905 -0.323418975 -0.133270919
vn -0.36117658 -0.708870411 -0.605849922
vn -0.734213054 -0.678213775 -0.030939823
vn -0.259820759 -0.965607166 -0.00980200525
vn 0.0404760651 -0.997631311 -0.0556189418
vn 0.0170388408 -0.721291006 -0.692422569
vn 0.385448128 -0.922429085 -0.023542339
vn 0.00283918739 -0.338034004 -0.941129565
vn 0.457106382 -0.598948896 -0.657505929
vn 0.876855314 -0.477674544 -0.0543316752
vn 0.994463861 -0.105046101 -0.00260788668
vn 0.599718153 -0.23127909 -0.766060114
vn 0.999800026 0.00826165266 0.0182103291
vn 0.0144627299 -0.170012906 -0.985335708
vn 0.612452686 -0.0907294154 -0.785283267
vn 0.988766611 0.121195078 0.0874778107
vn 0.680534959 -0.0727813169 -0.729092002
vn 0.993580699 0.109360859 0.028943019
vn 0.0371740609 -0.267003894 -0.962978184
vn 0.710289001 -0.233752072 -0.663965046
vn 0.998436987 0.0176313519 0.0530344881
vn 0.0663214996 -0.502630115 -0.861953855
vn 0.716221273 -0.396084517 -0.574581623
vn 0.964245498 -0.0957014859 0.247126982
vn 0.809612513 -0.228634745 0.540604949
vn 0.00871527009 -0.879053473 0.476643473
vn 0.198906213 -0.365376264 0.909360409
vn -0.43039304 -0.462098479 0.775388122
vn -0.137248531 0.311293036 0.940350711
vn -0.481201261 -0.361718267 0.798501909
vn -0.173464537 0.208530605 0.962509692
vn -0.347642064 -0.830968976 0.43432194
vn -0.247414514 -0.942430079 0.224970296
vn -0.572170019 -0.348745942 0.742292225
vn -0.174128145 0.212868243 0.961439729
vn -0.392842412 -0.853753269 0.341731161
vn -0.627173007 -0.307588726 0.715572
vn -0.126002416 0.281817794 0.951158345
vn -0.31398198 -0.941397011 0.123235695
vn -0.0146464435 -0.98579818 0.167294517
vn -0.62078923 -0.766449153 0.164852947
vn -0.245868832 -0.79092437 -0.56034559
vn -0.7219432 -0.257741988 0.64215821
vn -0.121630631 0.183154956 0.975530684
vn -0.0669918135 0.295327187 0.953044593
vn -0.703290641 -0.705685735 0.0859648958
vn -0.769855499 -0.0342603065 0.637298048
vn -0.0646435767 0.32237497 0.944402277
vn -0.841951966 -0.53955245 -6.12363656E-05
vn -0.0908347666 -0.908273518 0.408397257
vn -0.323756814 -0.672185242 -0.665844142
vn 0.755659521 -0.617400587 -0.218621105
vn 0.158186272 -0.363320798 -0.918136656
vn 0.604597449 -0.321199626 0.728898346
vn 0.123084262 -0.363335013 -0.923492312
vn -0.499790311 -0.593174636 -0.631152511
vn 0.0973423198 -0.36823377 -0.92462343
vn 0.107726984 -0.308665067 -0.945050657
vn -0.941806257 -0.327346683 -0.0764532238
vn -0.551009893 -0.426441818 -0.717311263
vn 0.0564462841 -0.301535726 -0.951782584
vn -0.931313396 -0.359551698 -0.0581206344
vn -0.540410459 -0.43771112 -0.718585789
vn -0.740725696 -0.0294336583 0.671162546
vn -0.621725559 -0.4425053 -0.646255612
vn 0.0699093267 -0.305938661 -0.94948101
vn 0.067569986 -0.291591078 -0.954153538
vn -0.922981203 -0.383379489 -0.033553008
vn -0.769766152 -0.0746140182 0.633950233
vn -0.0169766173 0.286638588 0.957888424
vn -0.760280907 0.00735226646 0.649552822
vn -0.0451583192 0.184839085 0.981730819
vn -0.644371927 -0.314298511 -0.697137952
vn 0.0590077899 -0.285504043 -0.956559181
vn -0.978473067 -0.192006797 -0.0756560415
vn -0.752645493 -0.0464527868 0.656785369
vn -0.0743361637 0.17374292 0.981981456
vn -0.961779058 -0.270484179 -0.0426549911
vn -0.687127531 -0.226580441 0.690302134
vn -0.15293169 -0.0135067934 0.988144398
vn -0.631393731 -0.369965136 -0.681518674
vn -0.580117345 -0.521504283 0.625697374
vn -0.0817159191 -0.359356552 0.929615736
vn -0.0964112654 -0.843079805 0.529075921
vn -0.867006779 -0.491500884 0.0820134357
vn -0.600144625 -0.566691935 -0.564523399
vn 0.0948041975 -0.412999541 -0.905783415
vn -0.625000596 -0.763504207 0.162589893
vn -0.110483371 -0.962433636 0.248022243
vn 0.0373114161 -0.996854246 -0.0699243173
vn -0.501846611 -0.792443573 -0.346674293
vn 0.163293436 -0.716499329 -0.678206444
vn -0.148970023 0.844024122 0.515200138
vn -0 0.836037934 0.548671663
vn -0 0.857253969 0.514893889
vn -0.213968098 0.816752613 0.535847723
vn -0.378223211 0.782938778 0.493917078
vn -0 0.690258145 0.723563194
vn -0.41570127 0.746073961 0.520159721
vn -0.537641108 0.652362764 0.534195602
vn -0.443022251 0.747837305 0.494439691
vn -0.513690948 0.731182635 0.448880374
vn -0.537294805 0.722382963 0.435289711
vn -0.548210144 0.783525705 0.292494714
vn -0.704195023 0.695861161 0.141019672
vn -0.29916653 0.731254816 0.612997353
vn 3.11688382E-07 0.316876441 0.948466778
vn -0.468801051 0.534707665 0.703074098
vn -0.779117942 0.354558408 0.516975343
vn -0.729621053 0.6635378 0.165440708
vn 7.85829513E-07 0.199019045 0.979995668
vn -0.888952971 0.449237406 -0.0891545936
vn -0.790672541 0.603148282 -0.105114393
vn -0.66072917 0.465332806 -0.588984191
vn -0.633375108 0.565470994 -0.528278947
vn -0.312124789 0.442611396 -0.840638578
vn -0.294088155 0.486684293 -0.822587729
vn -0 0.430514842 -0.902583539
vn -0 0.451736927 -0.892151117
vn -0 0.376482666 -0.926423669
vn -0.321363926 0.34776777 -0.880785406
vn -0 0.125372425 -0.992109716
vn -0.696938097 0.27892983 -0.660662949
vn -0.336522162 0.125613973 -0.933259845
vn -0.336298555 -0.0452530682 -0.94066757
vn -1.12416011E-07 -0.0338562913 -0.999426723
vn -1.70495127E-07 0.110513009 -0.993874609
vn -0.333638132 0.00596111594 -0.942682385
vn -0.688199699 0.112924598 -0.716679394
vn -0.667844296 -0.031543009 -0.743632317
vn -0.638915479 -0.0707581043 -0.766015887
vn -0.874347508 -0.0250248425 -0.484654635
vn -0.889321446 -0.0270501524 -0.456481963
vn -0.906945288 -0.0010477032 -0.421247035
vn -0.944348812 0.0520215444 -0.324806333
vn -0.990548313 -0.0581678376 -0.124219723
vn -0.975582004 0.138294891 -0.170629084
vn -0.998638451 -0.0373539515 0.0364114083
vn -0.985698283 0.025433816 0.166589364
vn -0.988403857 -0.131507948 -0.075917244
vn -0.98070085 -0.171130911 -0.0945519805
vn -0.967970788 -0.16975522 -0.184974894
vn -0.945637047 -0.19174163 -0.262689441
vn -0.87571609 -0.375787765 -0.303158104
vn -0.965453386 -0.222474441 0.135664806
vn -0.870801628 -0.0737382248 0.486073166
vn -0.81506443 -0.576899886 -0.0534462482
vn -0.725437641 -0.638082385 -0.258052707
vn -0.723092854 -0.687988043 -0.0617191792
vn -0.616899788 -0.742153466 -0.261997998
vn -0.511207461 -0.807082117 -0.295441151
vn -0.829200149 -0.116186537 0.546742916
vn -0.62507993 -0.765393913 -0.153124675
vn -0.406984776 -0.865206897 -0.292883217
vn -0.620419323 0.365919441 0.693673491
vn -0.796809554 -0.213355109 0.565308809
vn -0.597805738 -0.799782455 0.054555811
vn -0.114952438 -0.961291432 -0.250409156
vn -0.226701811 -0.925846457 -0.302348554
vn -0.508344233 0.167390287 0.844728708
vn -0.583877981 -0.0515751131 0.810201526
vn 1.91822934E-07 0.0644965395 0.99791795
vn -0.381349057 -0.75791049 0.529286861
vn -0 -0.658551157 0.752535999
vn -0 -0.981288671 -0.192542419
vn -0 -0.961301923 -0.275497049
vn -0.0537226088 -0.964334965 -0.259175479
vn -0.191476837 -0.947918534 -0.254532725
vn -0 -0.98752147 -0.15748404
vn -0.0233539343 -0.987703919 -0.154582053
vn 0.179968119 -0.343178213 -0.921867788
vn 0.536768556 -0.276631504 -0.797091246
vn 0.268143594 -0.346253991 -0.899003386
vn 0.50187099 -0.461295336 -0.731664002
vn 0.584668934 -0.610246956 -0.534566045
vn 0.5527215 -0.820670009 -0.144912973
vn 0.502720356 -0.864308357 0.0155990273
vn 0.495356709 -0.868023276 0.0340190157
vn 0.715538323 0.0214388315 -0.698244393
vn 0.449303627 -0.83643198 -0.313859522
vn 0.608206868 -0.703753889 -0.367171496
vn 0.387380451 -0.900035203 0.199681997
vn 0.331757307 -0.904605627 0.267629832
vn 0.950461209 0.00724500278 -0.310758948
vn 0.829585612 -0.227010906 0.510150731
vn 0.777731538 -0.0368720368 0.627514124
vn 0.677261412 0.506580472 0.533566475
vn 0.968562782 0.150674671 -0.197947815
vn 0.729444087 0.545193136 0.413129181
vn 0.961628675 0.189928919 -0.197983205
vn 0.263522327 0.954688907 -0.138293892
vn 0.146248564 0.965764344 -0.214267388
vn 0.586693048 0.598774374 -0.545216084
vn 0.551243067 0.560116291 -0.618385673
vn 0.505564392 0.517631233 -0.690262675
vn 0.469399214 0.500634193 -0.727344275
vn 0.360872239 0.489584982 -0.793774366
vn 0.269390732 0.480056316 -0.834850013
vn 0.0824694261 0.877566755 0.472308576
vn -0.330142379 0.653709352 0.680933237
vn -0.389160037 0.704605043 0.593368351
vn 0.0416883975 0.916296542 0.398324847
vn 0.137557209 0.877308011 0.459791899
vn -0.330142379 0.653709352 0.680933237
vn -0.160698727 0.641711354 0.74992162
vn 0.0918170288 0.883982241 0.458415747
vn -0.630576253 0.232773021 0.740398765
vn -0.389160037 0.704605043 0.593368351
vn -0.100146607 0.683466017 0.723080099
vn 0.0398848951 0.906371295 0.420595258
vn -0.0581176914 0.763720691 0.642925322
vn -0.456176311 0.0814632997 0.886152804
vn -0.330756307 -0.019989755 0.943504512
vn -0.222031653 -0.0567905381 0.973384142
vn -0.00450854516 0.804779232 0.593557179
vn -0.318778574 -0.0488592647 0.946569085
vn -0.45812583 0.0157983545 0.888746977
vn -0.205713838 -0.090357706 0.974431753
vn -0.681998432 0.327884555 0.653735399
vn -0.628309488 0.149099439 0.763542116
vn -0.227070183 0.496911913 0.837566495
vn 0.0416883975 0.916296542 0.398324847
vn 0.502401829 0.483386844 0.716888845
vn 0.28391251 -0.846151948 0.451021791
vn 0.490303278 -0.83997494 0.232475311
vn 0.273870915 -0.949589252 0.152561322
vn 0.413282841 -0.907017529 0.0807240382
vn 0.346530139 -0.934755206 -0.0784199163
vn 0.272013664 -0.962147474 -0.0167568047
vn 0.221237764 -0.964304805 -0.145499632
vn 0.169296756 -0.979251802 -0.111374743
vn 0.0365878046 -0.974579215 -0.221035406
vn -0.218859211 -0.86611253 0.449388385
vn -0.285030842 -0.787744105 0.546092212
vn -0.281374305 -0.623183966 0.729705513
vn -0.599621177 0.0780183002 0.796472013
vn -0.644176602 0.266496122 0.716949284
vn -0.725636125 -0.122985631 0.676998436
vn -0.628772557 -0.262971669 0.731772482
vn -0.670870304 -0.070496358 0.738216281
vn -0.584855199 0.0364560075 0.810318053
vn -0.574445903 0.271475911 0.772212863
vn -0.597767711 0.278997213 0.751554608
vn -0.438037276 0.190965965 0.878439128
vn -0.30535695 0.177099064 0.935624361
vn -0.486588717 0.225983292 0.843897521
vn -0.598355651 0.287947357 0.747701108
vn -0.218912333 0.215825647 0.951575935
vn -0.651096344 -0.120673925 0.749340653
vn -0.596196055 0.0585952178 0.800697803
vn -0.651002169 0.264602542 0.711464405
vn -0.682571352 -0.0905177146 0.725191534
vn -0.689747572 0.0524760708 0.722145855
vn -0.688450396 -0.104813054 0.717670083
vn -0.655875444 -0.0603450425 0.752453208
vn -0.603388846 -0.21210435 0.768722057
vn -0.718491077 0.25176397 0.648371518
vn -0.775583506 0.243629843 0.582335591
vn -0.841933072 0.0812133253 0.533435106
vn -0.86561203 -0.0700697824 0.495788336
vn -0.649654627 0.164255887 0.742272794
vn -0.92014879 0.139537647 0.365862727
vn -0.78292191 -0.173859313 0.597332716
vn -0.552075982 -0.300029606 0.777942359
vn -0.961000144 0.0348733999 0.274340034
vn -0.84618938 0.199590653 0.494092137
vn -0.812569857 0.0832698494 0.576885104
vn -0.861813307 0.247481838 0.442753524
vn -0.541808248 0.0758827031 0.837069631
vn -0.715884686 -0.0205093957 0.697917163
vn -0.437729537 0.234741464 0.867922425
vn -0.364341825 0.231629357 0.901999295
vn -0.287500173 0.287482023 0.913617969
vn -0.931801379 0.268757761 0.243958205
vn -0.952104926 0.107616134 0.286207855
vn -0.942490757 -0.0679440498 0.327253371
vn -0.87552309 -0.165870145 0.453813195
vn -0.959847808 0.218616515 0.175781026
vn -0.228846878 0.377059281 0.897471607
vn -0.150572211 0.271084666 0.950705588
vn -0.316372067 0.399820954 0.860262692
vn -0.0964570045 -0.133066118 0.986402333
vn -0.0915091708 -0.0942625031 0.99133271
vn -0.238465607 0.478946865 0.844833791
vn -0.128517285 0.342864484 0.930552125
vn -0.350350022 0.488575161 0.79909265
vn -0.374118596 0.293567508 0.879689395
vn -0.492263466 0.524799466 0.694451094
vn -0.301304489 0.237668604 0.923433363
vn 0.0231894292 -0.118892945 0.992636204
vn -0.379508734 0.531246483 0.757463038
vn -0.236954555 0.464038432 0.853534341
vn 0.0797559842 -0.142799065 0.986533046
vn 0.0855323449 0.0583205 0.994627059
vn -0.408454925 0.585580528 0.700185657
vn 0.0251379106 0.817675471 0.575130403
vn 0.0633032024 0.930247366 0.361431211
vn 0.0592346415 0.929177284 0.364857167
vn 0.00483145472 0.928544223 0.371190339
vn 0.291145772 -0.186007857 0.938421726
vn 0.0392611884 0.844910681 0.53346467
vn -0.0244630855 0.928500473 0.370524645
vn 0.0701527521 0.836179912 0.543950081
vn 0.403434128 -0.118249178 0.907335699
vn 0.0489459932 0.76297015 0.64457804
vn -0.0639255717 0.37864849 0.923330307
vn 0.269127578 -0.0429279171 0.962147355
vn -0.624496698 -0.0846979469 0.776421368
vn -0.100440584 0.889623165 0.445513546
vn -0.334470123 0.474429846 0.814276397
vn -0.64647758 0.505485117 0.571446836
vn -0.879357338 -0.423641652 -0.21739015
vn -0.265720278 -0.518910885 0.812480271
vn -0.612361312 -0.786283731 0.0822888464
vn -0.674257219 -0.577808797 -0.459906757
vn -0.248474389 -0.819571316 0.516297758
vn -0.656831205 0.0162658002 0.753862202
vn -0.63801235 0.527126014 0.561318517
vn -0.582844853 -0.796997011 -0.158390552
vn -0.515919566 -0.720010102 -0.464125454
vn -0.25455761 -0.859971702 0.442322403
vn -0.469277084 -0.8540712 -0.22436887
vn -0.320473164 -0.861444771 -0.393966794
vn -0.537124455 0.547323048 0.641821384
vn -0.313656509 -0.903354168 -0.292525083
vn -0.167509481 -0.930115223 -0.326842725
vn -0.172515556 -0.944582343 -0.279289335
vn -0.0743859634 -0.956054986 -0.283594072
vn -0.255454987 -0.908620179 0.330381751
vn -0.277667165 -0.873401403 0.400088727
vn -0.0208942275 -0.633552134 0.77341789
vn -0.0779392645 -0.963577747 -0.25581938
vn -0.0249498282 -0.542389512 0.839756548
vn -0.357813895 -0.526531816 0.77118963
vn 0.0293059684 -0.975748003 -0.216926292
vn -0.21563147 -0.88444519 0.413835436
vn -0.22954531 -0.869814932 0.436727643
vn -0.227207974 -0.887294769 0.401353419
vn -0.121659309 -0.441661894 0.888894618
vn -0.327155918 -0.130500138 0.935915947
vn -0.199030027 -0.891992629 0.405877262
vn -0.446818173 -0.0476390272 0.893355489
vn -0.568170071 -0.0444578677 0.821709335
vn -0.612435818 -0.0841195807 0.786031902
vn -0.537266493 -0.159992814 0.828098476
vn -0.560117006 -0.404999912 0.722664535
vn -0.220132083 -0.287930429 0.932007492
vn -0.443029612 -0.266874611 0.85586375
vn -0.359056056 -0.405400246 0.840672016
vn -0.557283819 -0.469608158 0.684764802
vn -0.497837991 -0.522409976 0.692275345
vn -0.694194317 -0.257399291 0.672190368
vn -0.29390049 -0.570465386 0.76693666
vn -0.441945761 -0.558351576 0.702087939
vn -0.954296708 0.0237150211 0.297918499
vn -0.192130342 -0.717015386 0.670055866
vn -0.436712861 -0.633482635 0.6387344
vn -0.983923495 0.141653135 0.108761154
vn -0.221734896 -0.69361186 0.685373068
vn -0.299473166 -0.768823743 0.565000892
vn -0.274827391 -0.771888018 0.573287785
vn -0.196999177 -0.46374765 0.86378783
vn -0.317248881 -0.410053551 0.855107665
vn -0.448543012 -0.269225419 0.852248192
vn -0.213363051 0.203945726 0.955448747
vn -0.410975158 -0.322599262 0.85266
vn -0.304949522 0.2566019 0.917148411
vn -0.510442019 -0.376104116 0.773301125
vn -0.274140686 0.259958506 0.925888002
vn -0.571353197 -0.408659726 0.711725175
vn -0.428119928 0.228072748 0.874469101
vn -0.602201223 -0.389683068 0.696778834
vn -0.556825578 0.182587624 0.810312986
vn -0.711873055 0.137655035 0.688685656
vn -0.888581932 0.082910195 0.451163113
vn -0.264794827 0.397098124 0.878747344
vn -0.257825702 0.420561224 0.869858742
vn -0.37925598 0.440430611 0.813748062
vn -0.523019016 0.444197923 0.727419674
vn -0.716383696 0.419118434 0.557794034
vn -0.917426944 0.291978657 0.270326108
vn -0.19442451 0.391956717 0.899204731
vn -0.980816543 0.165137053 0.103578977
vn -0.295332819 0.358168483 0.885716617
vn -0.335491806 0.402883798 0.851545572
vn -0.448352993 0.448057175 0.7734496
vn -0.589195013 0.475601673 0.653186321
vn -0.211907446 0.354318827 0.910798192
vn -0.063530758 0.38496843 0.920740485
vn -0.772721648 0.449218899 0.448446006
vn -0.0979536176 0.162139744 0.981893957
vn -0.933041334 0.303583205 0.193057179
vn -0 0.191843331 0.981425524
vn -1.30809553E-07 0.37891838 0.925430059
vn -2.1091077E-07 -0.437314808 0.899308443
vn -0.096470587 0.342949897 0.934386909
vn -3.78570121E-07 0.326992959 0.945026815
vn -0.509714723 -0.408261597 0.757306695
vn 8.15133546E-07 -0.269329786 0.963048041
vn -0.144118354 0.2591362 0.955027938
vn -1.63423039E-07 0.241580501 0.970380783
vn 1.65854971E-07 0.344508976 0.93878299
vn -0.718965411 -0.275156558 0.638261497
vn -0.69542253 0.392143041 0.602172196
vn -0 0.576592505 0.81703192
vn -0.261879116 0.299680442 0.917393625
vn -0.25538525 0.372934639 0.892019153
vn 3.12904916E-07 0.462835342 0.88644433
vn -0.258161038 0.449831933 0.85498786
vn -0.370410413 0.325663388 0.869907737
vn -0.434211135 0.383950323 0.814888179
vn -0.467767507 0.442115813 0.765328169
vn -0.434891135 0.372322649 0.819905818
vn -0.598585308 0.411790788 0.687112749
vn -0.704733372 0.3955082 0.589002728
vn -0.562798738 0.433813423 0.70360738
vn -0.713772714 0.447915435 0.538423836
vn -0.81994164 0.368505418 0.438063473
vn -0.923465252 0.207736507 0.322579205
vn -0.846735954 0.411044747 0.337758005
vn -0.948861361 0.241559699 0.203250915
vn -0.971034408 0.168272197 0.169636965
vn -0.949899375 0.283369809 0.13188155
vn -0.974664509 0.197721452 0.104572095
vn -0.973408103 0.221182361 0.0596238449
vn -0.99012506 0.136322767 0.0326877385
vn -0.988256752 0.147773296 -0.0388791524
vn -0.97452569 0.205697954 0.0893760994
vn -0.979930997 0.187380284 0.0679987743
vn -0.983749151 0.17252028 0.0497443825
vn -0.98772198 0.135044664 0.0785390288
vn -0.968632221 0.242084727 0.0560954399
vn -0.991754532 0.122378744 -0.03803128
vn -0.986523986 0.161532044 0.0260331389
vn -0.960606515 0.264916629 0.0839897096
vn -0.962481976 0.271246165 0.00734465849
vn -0.986881018 0.161398694 -0.00404250203
vn -0.976107895 0.217129067 -0.00825648103
vn -0.978722811 0.202939138 0.0302852299
vn -0.971211135 0.238170385 -0.00487112673
vn -0.961550534 0.26839599 0.0581726618
vn -0.999678612 0.0194746181 -0.0162263028
vn -0.99976474 -0.00442853896 -0.0212348718
vn -0.984599411 -0.173914865 -0.0178238545
vn -0.996212244 0.0510107204 0.0704205036
vn -0.981858909 -0.189498648 0.00657666568
vn -0.971388817 -0.208523571 0.113673076
vn -0.910682023 -0.31964612 0.261695683
vn -0.954972804 -0.264618933 0.134178132
vn -0.974863172 -0.218565479 0.0432552733
vn -0.980980754 -0.19401145 0.00602336321
vn -0.979227364 -0.177008107 0.0989029557
vn -0.948166788 -0.317568719 0.0113904662
vn -0.986159265 -0.152164683 -0.065847151
vn -0.925243556 -0.191889733 -0.327265322
vn -0.985036373 -0.133098811 -0.109490231
vn -0.944921136 -0.163640141 -0.283453643
vn -0.968185484 -0.210937858 -0.134617761
vn -0.988620043 -0.131314486 0.0733965635
vn -0.979646802 -0.197158292 -0.0376929678
vn -0.920239806 -0.38996771 -0.0329223163
vn -0.939933419 -0.341308147 -0.00582408672
vn -0.826043308 -0.557814658 -0.0805925354
vn -0.983808577 -0.150748074 0.0969315693
vn -0.98845458 -0.117737144 0.0953698307
vn -0.966471672 -0.156533837 0.203542873
vn -0.9627828 -0.125267327 0.239494085
vn -0.923795283 -0.295370102 0.243636653
vn -0.935629606 -0.174297258 0.306949049
vn -0.87965101 -0.265394092 0.394689739
vn -0.823799372 -0.339136541 0.454247653
vn -0.76293087 -0.222420201 0.607013702
vn -0.616188109 -0.0301711056 0.787020922
vn -0.960277975 -0.10196463 0.259748906
vn -0.935956538 -0.126112431 0.328756511
vn -0.903635561 -0.159353137 0.397554308
vn -0.835201681 -0.189413816 0.516295075
vn -0.79231441 -0.252059996 0.555611134
vn -0.714063227 -0.167388186 0.679775596
vn -0.564118803 -0.149437681 0.812058091
vn -0.555211365 0.0549052134 0.82989502
vn -0.390817195 0.178561628 0.902982712
vn -0.391393989 -0.0627119541 0.918083787
vn -0.348310113 0.0262861755 0.937010705
vn -0.695630372 -0.228220254 0.681185722
vn -0.368348688 0.116657145 0.922339618
vn -0.379742265 -0.119755834 0.917308152
vn -0.455149084 0.0388618894 0.889566839
vn -0.742079437 -0.13249889 0.657086074
vn -0.428405881 -0.226092696 0.874843121
vn -0.340845525 -0.222320363 0.913453817
vn -0.862273157 -0.0973115414 0.497006536
vn -0.921200752 -0.100363038 0.375920713
vn -0.939832449 -0.0856409594 0.330727398
vn -0.510593176 -0.0859249085 0.855518281
vn -0.480264336 -0.0789608136 0.873562574
vn -0.590738118 -0.0611106418 0.80454582
vn -0.797743976 -0.0135158943 0.602844775
vn -0.903154671 -0.0428656712 0.427170038
vn -0.930368364 -0.065872401 0.360659719
vn -0.566930056 -0.0235227291 0.823429942
vn -0.960758448 -0.204631492 0.187267751
vn -0.948208511 -0.207050458 0.240895659
vn -0.97098273 -0.207450196 0.118982762
vn -0.90241152 -0.430439055 0.0193837807
vn -0.846488178 -0.532406092 -0.00122219487
vn -0.707245827 -0.690906882 -0.149836615
vn -0.935659945 -0.226731837 0.270431191
vn -0.810833931 -0.585186899 0.0102312844
vn -0.595563948 -0.779532075 -0.193992957
vn -0.915974021 -0.045576375 0.398640871
vn -0.745498121 -0.666408241 -0.011515067
vn -0.524453819 -0.822326958 -0.220741391
vn -0.611353397 -0.781904817 0.121950306
vn -0.915172577 -0.306074917 0.262254328
vn -0.85430795 0.0345794633 0.518615544
vn -0.879680455 -0.378952235 0.287328422
vn -0.854294121 -0.0214104205 0.51934886
vn -0.69969207 0.170338929 0.693841219
vn -0.569634914 -0.691419184 0.444359869
vn -0.181845188 -0.952277839 0.245151281
vn -0.702416539 0.0758563206 0.707712471
vn -0.687445164 -0.164929241 0.707260609
vn -0.242784083 -0.815336287 0.525625885
vn -0 -0.955272377 0.295727521
vn -0 -0.808652759 0.588286161
vn -0.353873849 -0.247847125 0.901856482
vn -5.24492918E-07 -0.242526263 0.970144868
vn -0.563965082 0.184461072 0.80493325
vn -0.3115336 0.24668169 0.917657256
vn -8.32216983E-07 0.289529622 0.957168996
vn -5.44284205E-07 0.305885911 0.95206821
vn -0.437516659 0.274757445 0.856205285
vn -0.247519672 0.293967634 0.923210204
vn -0.218251273 0.158395335 0.962952316
vn -2.50133809E-07 0.160311356 0.987066448
vn -0.41886422 0.194326311 0.887011886
vn -0.204739287 -0.0663657188 0.976564169
vn -0 -0.0849186182 0.996387959
vn -0.562124312 0.255693197 0.786534905
vn -0.441301227 0.00635934575 0.897336543
vn -0.208517462 -0.00548132835 0.978003263
vn -0 -0.0177272744 0.999842882
vn -3.43587715E-07 0.463065267 0.886324167
vn -0.46843785 0.0510090739 0.882022679
vn -0.216245338 0.460038155 0.861163676
vn -6.94704966E-07 0.624072373 0.781366527
vn -0.224796966 0.613880217 0.75671488
vn -0.435118318 0.433773547 0.78899461
vn -0.437422276 0.581816971 0.685675383
vn -0.60958302 0.385463566 0.692695081
vn -0.578397989 0.555051446 0.597807407
vn -0.655098498 0.0918007195 0.749945641
vn -0.712358475 0.349937797 0.608349323
vn -0.683458447 0.521460295 0.5108459
vn -0.611836851 0.116428472 0.782368183
vn -0.730133116 0.152210176 0.666136384
vn -0.784096003 0.338763207 0.52003181
vn -0.753108025 0.491560787 0.437259972
vn -0.542335629 0.237982094 0.805752099
vn -0.63389504 0.215411767 0.742815495
vn -0.719490826 0.269946426 0.639892161
vn -0.764452517 0.395179957 0.509357691
vn -0.761770189 0.503675699 0.407451779
vn -0.758100271 0.536181688 0.371205032
vn -0.611523807 0.22059375 0.759853303
vn -0.549055755 0.27176252 0.790368915
vn -0.523632407 0.326631993 0.786842167
vn -0.495169878 0.442526907 0.747647524
vn -0.689930439 -0.183218494 0.700304985
vn -0.497343689 -0.628392458 0.598140538
vn -0.751866281 0.126909271 0.646986187
vn -0.577605307 0.168672472 0.798699915
vn -0.477664798 0.264463484 0.837792039
vn -0.284255058 0.300619334 0.910399437
vn -0.516566813 0.0710166618 0.853296697
vn -0.39550963 0.157893673 0.904788196
vn -0.332919866 -0.115228005 0.93588829
vn -0.458709866 -0.0815910473 0.884832263
vn -0.291333199 -0.162103206 0.942787051
vn -0.548956752 -0.161166951 0.820165634
vn -0.501419127 -0.339235127 0.795926094
vn -0.590429187 -0.0685635284 0.80417186
vn -0.48470372 -0.531375527 0.694767952
vn -0.589329243 -0.141561776 0.795393825
vn -0.483507752 -0.600881457 0.636523128
vn -0.424619555 -0.657411814 0.622501433
vn -0.607365847 -0.234491348 0.759026051
vn -0.516814351 -0.453550547 0.726081848
vn -0.428053766 -0.592338324 0.682572544
vn -0.594595551 -0.0344720632 0.803285599
vn -0.581071079 -0.0137101486 0.813737214
vn -0.604394317 -0.124275424 0.786932766
vn -0.497650445 -0.416134447 0.761036336
vn -0.410525143 -0.571561456 0.710483372
vn -0.333592147 -0.590045929 0.735229194
vn -0.399083108 -0.438278615 0.805384636
vn -0.176322639 -0.629973948 0.756335378
vn -0.500603676 -0.0510236956 0.864171624
vn -0.514257729 0.09775123 0.852046728
vn -0.20432359 -0.481484324 0.852305591
vn 5.47315551E-07 -0.647966266 0.76166904
vn 4.95952804E-07 -0.496041805 0.86829865
vn 5.83748715E-07 -0.0532158613 0.998583078
vn -0.248345912 -0.0290362146 0.968236148
vn 6.85761051E-07 0.18952401 0.981876075
vn -0.286053896 0.181100264 0.940944135
vn -0.355006397 -0.0209494233 0.934629142
vn -0 -0.0477476679 0.998859406
vn -0.516684651 0.00815325323 0.856136978
vn -0.458316237 -0.60329473 0.652672768
vn -5.54626297E-07 -0.889455318 0.45702216
vn -0.378733069 -0.916559756 0.128372088
vn -0 -0.999905229 0.0137683144
vn -0.402213216 -0.891606629 0.207995594
vn -0.613827944 -0.528511763 0.586421847
vn 4.31437314E-07 -0.968821406 0.247760192
vn -0.556583345 -0.346064687 0.75528425
vn -0.386070877 -0.601789713 0.699141204
vn -0.480243951 -0.637805343 0.602137923
vn 1.51749589E-06 -0.690813363 0.72303313
vn -0.62133801 -0.724028647 0.299535662
vn -0.544150412 -0.141674712 0.826939285
vn -0.582194269 -0.573232412 0.576588511
vn -0.325781405 -0.843842745 0.42637521
vn -0.514371872 -0.298056662 0.804104328
vn 6.35848608E-07 -0.323695451 0.946161389
vn -0.668119133 -0.549438834 0.50173074
vn -0.734905005 -0.434679776 0.52054584
vn -0.563369572 0.022320943 0.825903475
vn -0.506966293 0.0667927414 0.859374166
vn -8.58093699E-07 0.0678959414 0.997692466
vn -7.91230093E-07 0.425192624 0.905102849
vn -0.694448113 -0.253892034 0.673261225
vn -0.479936868 0.393848777 0.783928454
vn -0 0.628867447 0.777512491
vn -0.745792985 -0.214506432 0.630697787
vn -0.655263722 -0.63703692 0.405972332
vn -0.697721183 0.0916233733 0.710485995
vn -0.470719844 0.566338778 0.676522851
vn -0 0.633530617 0.773717582
vn -0.786765158 -0.308356166 0.534712195
vn -0.714080155 0.138500288 0.686226726
vn -0.671084106 0.385106385 0.633513331
vn -0.503955841 0.560531318 0.657140076
vn -2.33938664E-07 0.571616411 0.820520937
vn -0.755114138 -0.47567004 0.451154828
vn -0.668410957 0.512764931 0.538793981
vn -0.81813699 0.0551950149 0.572368205
vn -0.646227777 0.451549083 0.615217805
vn -0.581041694 0.50102818 0.641374648
vn -0.738380551 0.475592732 0.478127211
vn -0.627748728 0.642134428 0.439994246
vn -0.731897771 0.450936407 0.51086396
vn -0.65148741 0.487102568 0.581631541
vn -6.91209095E-07 0.602480054 0.798133969
vn -0.793213665 0.425127089 0.435980588
vn -0.764133215 0.527457356 0.371334344
vn -0.828693092 0.403541505 0.387842774
vn -0.920529008 0.00980684068 0.390551031
vn -0.626619041 0.715669036 0.308490396
vn -0.815944254 0.420805573 0.396431148
vn -0.89306587 0.33304131 0.302517325
vn -0.981556177 -0.0472711474 0.185237244
vn -0.802898049 0.434839904 0.407761157
vn -0.797453046 0.599063933 0.0720487982
vn -0.907887399 0.419047505 0.0118181854
vn -0.756019652 0.337428868 0.560870826
vn -0.902099729 -0.368473887 0.224595726
vn -0.969291031 0.131444335 0.207839713
vn -0.692721665 -0.173995972 0.699901462
vn -0.791085482 0.107014887 0.602272093
vn -0.531282425 0.128812551 0.837344766
vn -0.461848468 0.143932447 0.875202537
vn -0.581547737 0.0213888865 0.813231111
vn -0.589569688 0.354037434 0.725992441
vn -0.65130657 0.529900134 0.543144166
vn -0.745818794 0.422117114 0.515336215
vn -0.794363439 0.458735913 0.398180991
vn -0.75255847 0.464227229 0.467064142
vn -0.8580001 0.2764467 0.43291226
vn -0.831536949 0.237869903 0.501960456
vn -0.717040896 -0.261383116 0.646166503
vn -0.00450854516 0.804779232 0.593557179
vn -0.0581176914 0.763720691 0.642925322
vn 0.0398848951 0.906371295 0.420595258
vn 0.0701527521 0.836179912 0.543950081
vn -0.0244630855 0.928500473 0.370524645
vn 0.0489459932 0.76297015 0.64457804
vn -0 0.147673756 0.989036143
vn -0.211878479 0.160680816 0.96399653
vn -0 0.147673756 0.989036143
vn -0.238441214 0.16342026 0.957308471
vn -0.419653654 0.180300936 0.889596701
vn -0.449906737 0.190018892 0.872626364
vn -0.837690711 0.143589988 0.526930928
vn -0.602415681 0.193344727 0.7744115
vn -0.906130075 0.126918495 0.403509468
vn -0.966841936 0.10701675 0.231870875
vn -0.966487408 0.1109199 0.231514394
vn -0.984431326 0.104198143 0.141554713
vn -0.125607669 -0.992029428 -0.0100093437
vn -0.115742683 -0.992881536 -0.0281061586
vn -0.115742706 -0.992881536 -0.0281061623
vn -0.125675708 -0.992022157 -0.00988420565
vn -0.146481469 -0.988107204 0.0467699878
vn -0.146035612 -0.988335371 0.04320658
vn -0.14163439 -0.973986089 0.176891953
vn -0.140472755 -0.973942876 0.178052321
vn -0.0678781569 -0.975492239 0.209302306
vn -0.0843847394 -0.974967659 0.205711842
vn -0 -0.975984037 0.217842281
vn -0 -0.975984037 0.217842236
vn 0.941271722 -0.30323869 -0.14850536
vn 0.940530777 -0.303845465 -0.151920408
vn 0.94614929 -0.298862666 -0.124429002
vn 0.895981312 -0.323190361 -0.304574132
vn 0.892903924 -0.32398662 -0.312658429
vn 0.495538265 -0.326874554 -0.8047328
vn 0.489094913 -0.326477468 -0.808825493
vn 0.247255489 -0.304491103 -0.919863999
vn 0.256425411 -0.305545777 -0.91699934
vn 4.40642481E-07 -0.285840273 -0.958277285
vn 4.38568435E-07 -0.285840273 -0.958277285
vn -0.117188714 -0.0705347881 0.990601659
vn 2.14723016E-07 -0.0635545924 0.997978389
vn 2.14480067E-07 -0.0635545999 0.997978389
vn -0.128425807 -0.0711613446 0.989162683
vn -0.321800351 -0.0839749649 0.943076313
vn -0.405789673 -0.0508667007 0.912549913
vn -0.594756067 -0.0346647874 0.803158581
vn -0.911083698 0.084906809 0.403382391
vn -0.941626549 0.0930158421 0.323554635
vn -0.968423665 0.115292482 0.221050277
vn -0.96649164 0.113601051 0.230193019
vn -0.98316586 0.132003859 0.126332581
vn 0.00744515983 0.999607742 0.0269981939
vn 0.00744516123 0.999607742 0.0269981939
vn -0.00217631599 0.999691606 0.0247372445
vn -0.00460235868 0.999697328 0.0241667554
vn -0.0333898664 0.999341667 0.0141892992
vn -0.0314023867 0.999391317 0.0151952468
vn -0.0249397084 0.997899652 0.0597848855
vn -0.0386637487 0.99833411 0.0428282171
vn -0.0134592764 0.991049767 0.132813007
vn -0.00979929697 0.991256714 0.131582901
vn -0 0.989648283 0.143513814
vn -0 0.989648283 0.143513784
vn 0.983472943 0.106327668 -0.146544501
vn 0.99416554 0.0246618427 -0.105007038
vn 0.987220466 0.0558044165 -0.149270326
vn 0.974140227 0.171189994 -0.147461116
vn 0.870385826 0.223969847 -0.438481361
vn 0.836898446 0.235176414 -0.494260222
vn 0.483705014 0.218293622 -0.847571433
vn 0.451397866 0.216353476 -0.865696967
vn 0.139560148 0.196399927 -0.97054112
vn 0.138293564 0.196366876 -0.970729113
vn -0 0.192819178 -0.981234372
vn -0 0.192819193 -0.981234372
vn -0.179954901 0.648211181 0.739890873
vn -0 0.99733597 0.0729446635
vn -0 -0.830892146 0.556433558
vn -0.170719251 0.980753124 0.0947533399
vn -0 0.978393197 -0.206753254
vn -0.714425206 0.645687103 0.269601047
vn -0.0706066713 -0.96589756 0.249111369
vn -0.164927006 -0.908072829 0.384971172
vn -0.201053485 0.959380805 -0.197903872
vn -0 0.870316386 -0.492493123
vn -0.601903796 0.78772217 -0.131170303
vn -0.568782091 0.743506491 -0.351688892
vn -0.140643448 -0.893030703 0.427452475
vn -0.345410049 0.306817085 -0.886879444
vn -0.198689014 0.821072996 -0.535127819
vn -0 0.289456159 -0.957191288
vn -0 -0.937247753 0.348664016
vn -0 -0.900369346 0.435126573
vn -0.140643448 -0.893030703 0.427452475
vn -0.164927006 -0.908072829 0.384971172
vn -0.0706066713 -0.96589756 0.249111369
vn -0 -0.830892146 0.556433558
vn -0.179954901 0.648211181 0.739890873
vn 0.59187144 -0.0734558105 0.802678287
vn 0.95262599 -0.191361398 0.236399204
vn 0.668730378 -0.0386518948 0.742499709
vn 0.931385994 -0.229320183 0.282723159
vn 0.914282441 -0.227360368 0.335253537
vn 0.474481642 -0.0942741185 0.875202537
vn 0.920894444 -0.180341288 0.345587134
vn 0.430385828 -0.083674185 0.898758471
vn 0.37010324 -0.116937898 0.921601415
vn 0.751265824 -0.320118189 -0.577169001
vn 0.717430115 -0.29308784 -0.631975949
vn 0.93574357 -0.163872972 0.312297404
vn 0.367663473 -0.187149748 0.910932779
vn 0.795799434 -0.274386555 -0.539828837
vn 0.0120285032 -0.229742199 -0.973177135
vn -0.00785053335 -0.194074869 -0.980955303
vn 0.0749104992 -0.200294822 -0.976867676
vn 0.830650806 -0.176159248 -0.528192341
vn -0.737241626 -0.0417947099 -0.674335182
vn -0.702383995 -0.0106261596 -0.711718917
vn -0.757285833 -0.0402228869 -0.651843727
vn -0.993957639 0.108518913 0.0164852869
vn -0.987949371 0.148874089 -0.0423379615
vn -0.431335539 0.189583436 0.882047534
vn -0.994662344 0.0814495087 0.0633471832
vn 0.0956592113 -0.0821864381 -0.992015481
vn 0.816928804 -0.0389857367 -0.575419366
vn -0.449639648 0.124229573 0.884528756
vn 0.59187144 -0.0734558105 0.802678287
vn 0.668730378 -0.0386518948 0.742499709
vn -0.442673862 0.0617237128 0.894555867
vn 0.474481642 -0.0942741185 0.875202537
vn 0.430385828 -0.083674185 0.898758471
vn -0.770185292 0.0652807727 -0.634470701
vn 0.0578448027 0.138388932 -0.988687277
vn -0.985743225 0.140813664 0.0920958742
vn -0.762397051 0.265226185 -0.590259075
vn -0.418824852 0.0722533837 0.905187905
vn -0.965143979 0.246215656 0.0887409672
vn -0.465589106 0.072089538 0.882060051
vn 0.37010324 -0.116937898 0.921601415
vn -0.761770666 0.290626079 -0.579000771
vn 0.052216094 0.184415713 -0.981460333
vn -0.973593593 0.218907326 0.0647683367
vn -0.476177514 -0.00546762859 0.879332125
vn 0.367663473 -0.187149748 0.910932779
vn 0.799168825 -0.0362700634 -0.600011349
vn 0.0208253842 0.128168955 -0.991533697
vn -0.765228391 0.22917828 -0.60158366
vn -0.509735286 -0.0517191812 0.858775377
vn 0.396379054 -0.199470043 0.896155894
vn -0.986670077 0.162682384 -0.00407860056
vn -0.401685745 -0.0699860305 0.913099408
vn 0.452228367 -0.186125845 0.87226522
vn -0.989422619 0.144289881 -0.0149386283
vn -0.773846209 0.177541643 -0.607981205
vn 0.0281303786 0.0518916994 -0.998256385
vn 0.7445755 -0.0821803361 -0.662460327
vn 0.750882804 -0.113388859 -0.650628924
vn 0.937697172 -0.217618182 0.270862192
vn 0.396379054 -0.199470043 0.896155894
vn 0.95191896 -0.22629045 0.206501797
vn 0.958387733 -0.208648935 0.194829702
vn 0.452228367 -0.186125845 0.87226522
vn -0.121267483 -0.117036954 -0.985696018
vn 0.24526529 -0.727804065 -0.640426457
vn -0.122158304 -0.0130665153 -0.992424607
vn 0.21564649 -0.760391355 -0.612618506
vn -0.216476783 -0.127480134 -0.967929006
vn 0.357072324 -0.934047759 -0.0073623322
vn 0.383266121 -0.923416376 0.0202322435
vn 0.103857026 -0.794768929 -0.597959995
vn -0.228810236 -0.158709794 -0.960446298
vn 0.3068901 -0.599469602 0.739225745
vn 0.309938699 -0.563718855 0.765610337
vn 0.276748508 -0.960729659 0.0202170089
vn 0.302318901 -0.611428559 0.731271744
vn 0.0683838427 -0.822940052 -0.563997626
vn -0.203742996 -0.157110304 -0.966335952
vn 0.260115862 -0.964730322 0.0404365472
vn 0.333028853 -0.595763028 0.730861306
vn 0.109445453 -0.828889847 -0.548601329
vn -0.161137372 -0.204550087 -0.965501904
vn 0.288374811 -0.955054998 0.0686281621
vn 0.316702843 -0.587160707 0.744943976
vn 0.165657267 -0.844119906 -0.509920716
vn -0.116410509 -0.257180095 -0.959326267
vn 0.299710393 -0.950078964 0.086739324
vn 0.276315302 -0.592878222 0.75640291
vn 0.271994948 -0.59369725 0.757325649
vn 0.205802411 -0.86904633 -0.449893177
vn -0.0392860621 -0.273394406 -0.961099386
vn 0.311471134 -0.9425053 0.121118367
vn 0.294231921 -0.620687544 0.726756096
vn 0.347036153 -0.926700592 0.144194067
vn 0.435920179 -0.618171871 0.65409261
vn 0.290278643 -0.879210472 -0.377792537
vn 0.445726395 -0.879551113 0.166486353
vn 0.363217443 -0.615393996 -0.699545026
vn -0.0195214562 -0.122867979 -0.992231071
vn 0.892768741 -0.44428423 0.0746693313
vn 0.883678496 -0.191269159 0.427233487
vn 0.453399032 -0.886484504 -0.0925979987
vn 0.500511169 -0.362799942 -0.786043763
vn 0.0395463295 0.140140638 -0.989341497
vn 0.648367047 -0.717514455 -0.254544973
vn 0.578106761 -0.293661594 -0.761285365
vn 0.085537158 0.188551232 -0.978331208
vn 0.655406952 -0.753093243 -0.0573786236
vn 0.630335629 -0.737080336 -0.243699715
vn 0.144799888 -0.0268811211 -0.989095747
vn 0.205829173 -0.222831354 -0.952880144
vn 0.721530974 -0.687052906 -0.0857395306
vn 0.588311017 -0.804774404 -0.0789194703
vn 0.710022926 -0.701634467 0.0598031357
vn 0.769812763 -0.569723964 -0.287755013
vn 0.580520988 -0.787536144 -0.206838444
vn 0.487711549 -0.872993112 0.00452760886
vn 0.467240602 -0.596224129 -0.652842283
vn 0.0988652036 -0.140682548 -0.985106111
vn 0.135379091 -0.173148617 -0.975547016
vn 0.578736782 -0.814144194 0.0472554453
vn 0.65783304 -0.514914691 -0.549653172
vn 0.245021567 -0.172443897 -0.954058468
vn 0.961258173 -0.270495594 -0.0530563556
vn 0.943174183 0.0809159577 0.322296709
vn 0.857075095 -0.0269550364 0.514485717
vn 0.441316813 -0.842376292 -0.309259892
vn 0.905667543 -0.41448015 0.0892887637
vn 0.818010986 -0.245110199 0.520364285
vn 0.748317897 -0.585872591 -0.311084539
vn 0.618203402 -0.743253887 -0.255730927
vn 0.528094351 -0.845650017 -0.0774110928
vn 0.195657551 -0.940675497 -0.277214259
vn 0.672184408 -0.63871932 -0.37444073
vn 0.943862557 -0.224687487 0.242155045
vn 0.265952289 -0.95720768 -0.11411801
vn 0.0282406136 -0.984232426 -0.17461057
vn 0.622847319 -0.454361141 -0.636880875
vn 0.988146186 -0.124440998 0.0898981243
vn 0.031327866 -0.998268247 -0.0497891344
vn -0.0270920079 -0.678229213 -0.73435092
vn 0.566185415 -0.269844741 -0.778856814
vn 0.990901709 -0.133182958 -0.0193964578
vn -0.3596237 -0.930355191 -0.0714849383
vn 0.533834159 -0.237714916 -0.811487913
vn 0.972443402 -0.203790486 -0.113240361
vn 0.523971498 -0.377697587 -0.763412297
vn 0.936824143 -0.323418707 -0.133269891
vn 0.361176819 -0.708869517 -0.605850875
vn 0.734212458 -0.678214312 -0.030940894
vn 0.259820789 -0.965607166 -0.00980334077
vn -0.040474724 -0.997631431 -0.0556179695
vn -0.0170387086 -0.721291602 -0.692422032
vn -0.385446489 -0.922429919 -0.0235409401
vn -0.00283899298 -0.33803466 -0.941129386
vn -0.457106769 -0.598950803 -0.657503903
vn -0.876853704 -0.477677256 -0.0543313362
vn -0.994463742 -0.105047405 -0.00260726921
vn -0.599718451 -0.231280282 -0.766059577
vn -0.999800026 0.00825974531 0.0182111897
vn -0.0144629814 -0.17001313 -0.985335708
vn -0.612453461 -0.0907306299 -0.785282552
vn -0.988766253 0.121194683 0.0874815509
vn -0.680537105 -0.0727819502 -0.729089916
vn -0.993580222 0.109364502 0.0289448556
vn -0.037174277 -0.267006278 -0.962977529
vn -0.710290074 -0.233750552 -0.66396445
vn -0.998437107 0.0176338311 0.0530327596
vn -0.0663230047 -0.502631783 -0.861952782
vn -0.716220796 -0.396083474 -0.574582994
vn -0.964246035 -0.0957020819 0.247124627
vn -0.80961287 -0.228634328 0.540604591
vn -0.00871534552 -0.879052401 0.476645499
vn -0.198906302 -0.365376055 0.909360647
vn 0.430393517 -0.462099493 0.775387287
vn 0.137248695 0.311291158 0.940351307
vn 0.481201768 -0.361719906 0.798500836
vn 0.17346561 0.208530292 0.962509573
vn 0.347641736 -0.830968857 0.434322506
vn 0.247414663 -0.9424299 0.224970877
vn 0.572170079 -0.348746538 0.742291868
vn 0.174129099 0.212868646 0.96143955
vn 0.392840892 -0.853752911 0.341733724
vn 0.627173126 -0.307588488 0.71557194
vn 0.126002818 0.281818688 0.951158047
vn 0.313982099 -0.941396892 0.123235598
vn 0.0146456892 -0.985797942 0.167296454
vn 0.620788515 -0.766449511 0.164853886
vn 0.245869815 -0.790923655 -0.560346127
vn 0.72194314 -0.25774008 0.642159104
vn 0.121631116 0.183157265 0.975530267
vn 0.066992119 0.295327395 0.953044474
vn 0.703290522 -0.705685914 0.0859645754
vn 0.769855261 -0.0342600346 0.637298286
vn 0.0646438077 0.322376043 0.94440186
vn 0.841951966 -0.53955251 -6.18778358E-05
vn 0.0908346325 -0.908274114 0.408395976
vn 0.323756874 -0.672185838 -0.665843666
vn -0.755660057 -0.6173985 -0.218625426
vn -0.158185437 -0.363320827 -0.918136895
vn -0.60459727 -0.321201444 0.728897631
vn -0.123083606 -0.363335609 -0.923492134
vn 0.499789685 -0.593175173 -0.631152511
vn -0.097340934 -0.368232399 -0.924624026
vn -0.107725821 -0.308663011 -0.945051491
vn 0.941806257 -0.327346921 -0.0764528289
vn 0.551008999 -0.426441938 -0.717311859
vn -0.0564450137 -0.301533312 -0.951783419
vn 0.931313217 -0.359552115 -0.0581201725
vn 0.540409565 -0.437710762 -0.718586624
vn 0.740725398 -0.0294342395 0.671162784
vn 0.621726632 -0.442505538 -0.646254539
vn -0.0699076951 -0.305934995 -0.949482322
vn -0.0675701723 -0.291590273 -0.954153776
vn 0.922980785 -0.3833808 -0.0335496813
vn 0.769767106 -0.0746135041 0.633949041
vn 0.0169812553 0.2866413 0.957887411
vn 0.760281742 0.00734938169 0.649551868
vn 0.0451605581 0.184837699 0.981730819
vn 0.644374073 -0.314297169 -0.697136641
vn -0.0590086877 -0.285504133 -0.956559062
vn 0.97847259 -0.192009628 -0.0756550506
vn 0.752644539 -0.0464559011 0.656786144
vn 0.0743356198 0.173742816 0.981981456
vn 0.961778581 -0.270485729 -0.0426550843
vn 0.687127829 -0.22658065 0.690301716
vn 0.152931452 -0.0135076949 0.988144398
vn 0.631393671 -0.369963557 -0.681519568
vn 0.580118775 -0.521506727 0.625693917
vn 0.0817159116 -0.359359026 0.929614842
vn 0.0964116901 -0.843079567 0.529076219
vn 0.867007673 -0.491499424 0.0820118934
vn 0.600145638 -0.566689909 -0.564524472
vn -0.0948051512 -0.412998527 -0.905783713
vn 0.625003695 -0.763502419 0.162586764
vn 0.110485271 -0.962434173 0.248019144
vn -0.037309505 -0.99685365 -0.0699337497
vn 0.501849473 -0.792441607 -0.34667477
vn -0.163293183 -0.716498256 -0.678207695
vn 0.417149901 -0.475583285 0.77447176
vn 0.0354716033 0.0628107786 0.997394919
vn 0.483765572 -0.423797965 0.765745521
vn 0.0539967865 0.0613980256 0.996651709
vn 0.117731892 0.0407912284 0.992207348
vn 0.563669741 -0.808738589 0.167982951
vn 0.695335627 -0.33494246 0.635863185
vn 0.12956214 0.136513606 0.982129216
vn 0.263913453 -0.943911254 0.198447123
vn 0.657232761 -0.742303967 0.130498767
vn 0.775753319 -0.209142432 0.595370591
vn 0.158152193 0.136263639 0.977967381
vn 0.377059102 -0.758233726 -0.531890988
vn 0.0276029836 -0.997210443 0.0693502724
vn 0.85799408 -0.507617295 0.0785546377
vn 0.389201641 -0.906644344 0.162844181
vn 0.773727119 -0.230765507 0.589994609
vn 0.913628995 -0.406104177 0.0190128479
vn 0.839461088 -0.166553482 0.51726687
vn 0.227155417 0.137578383 0.964091599
vn 0.829036295 -0.056138467 0.556369662
vn 0.984533429 -0.14837876 -0.0931533203
vn 0.237138078 0.116322502 0.964486718
vn 0.244498894 0.0478849858 0.96846652
vn 0.795916796 -0.153289557 0.585678041
vn 0.226180434 -0.0654125586 0.971886635
vn 0.935940802 -0.3474648 -0.0572971627
vn 0.893850386 -0.448069006 0.0163014214
vn 0.602019966 -0.470307052 -0.64527756
vn 0.59603858 -0.445966572 -0.667721331
vn 0.650826275 -0.389508963 -0.651696265
vn 0.725576878 -0.331037849 0.603284538
vn 0.0760338977 -0.281496644 0.956545115
vn 0.618511736 -0.50877291 -0.598826706
vn -0.0590301491 -0.232630789 -0.970772028
vn -0.0662276521 -0.222773165 -0.972618163
vn 0.0258934218 -0.244911924 -0.969199538
vn -0.0039328984 -0.242158651 -0.970228672
vn 0.0394626409 -0.190158203 -0.980960011
vn 0.445326626 -0.642063498 -0.62405014
vn -0.0282181744 -0.231012568 -0.972541511
vn -0.0666677728 -0.245163202 -0.967186868
vn -0.67421031 -0.596711278 -0.43517381
vn -0.793896616 -0.404702634 0.453810334
vn 0.685135424 -0.22691299 -0.692170501
vn 0.0622652322 -0.227908954 -0.971689463
vn 0.64444828 -0.327017248 -0.691191792
vn 0.0215280484 -0.360434234 -0.932536125
vn 0.0552006513 -0.909832239 0.411288321
vn 0.955696106 -0.28177321 -0.0851402134
vn 0.864363432 -0.501474559 -0.0374051146
vn 0.551489294 -0.521920085 -0.650737286
vn -0.150667012 -0.644052625 -0.74999702
vn 0.372344226 -0.824131668 -0.426809937
vn -0.245200142 -0.958694577 -0.144158885
vn 0.487774968 -0.86329776 0.129586622
vn -0.169632584 -0.956706464 0.23651132
vn 0.457088292 -0.684928656 0.567400396
vn -0.174926683 -0.770982563 0.612361431
vn 0.467671484 -0.862081409 0.195189938
vn 0.554983616 -0.822492063 0.124498725
vn 0.734570384 -0.673672199 0.0810686797
vn 0.744424403 -0.454807848 -0.488858044
vn 0.77129519 -0.510407448 -0.380247325
vn 0.284123063 -0.224400401 -0.932157993
vn 0.369255543 -0.29959172 -0.879713118
vn 0.75865227 -0.564633906 0.325015634
vn 0.309434175 -0.825985849 0.471166611
vn 0.134346738 -0.985237062 -0.1061083
vn 0.837409675 -0.487323791 -0.247509003
vn 0.436387211 -0.152503595 -0.886740625
vn 0.717885613 -0.523539901 0.458853245
vn 0.226063535 -0.313354254 0.9223364
vn 0.243714511 -0.94856298 0.202068344
vn 0.546529591 -0.673541903 -0.497641176
vn -0.832897365 -0.417458653 0.363332361
vn -0.492938995 -0.601755202 -0.628412187
vn -0.409388334 0.106110319 0.906168759
vn 0.0693200976 -0.240759969 -0.968106031
vn -0.331964195 0.137710601 0.933185697
vn 0.17622593 -0.254470706 -0.950888574
vn 0.244616389 -0.230884507 0.941729784
vn -0.215104863 0.110864274 0.970277846
vn 0.60655272 -0.730240464 0.314392775
vn 0.66399765 -0.582340062 -0.469028026
vn 0.235506535 -0.253658324 -0.938186646
vn 0.741298854 -0.403072447 0.536664367
vn 0.362640023 -0.137361482 0.921750486
vn -0.229934067 0.132663772 0.964121699
vn 0.465440065 0.00618568109 0.885057688
vn 0.862589538 -0.0968501791 0.496547431
vn 0.488311619 -0.049945496 0.871238887
vn -0.209875762 0.124989383 0.969706059
vn 0.946068764 -0.184404999 -0.266361803
vn 0.462345868 -0.17324242 -0.869611144
vn 0.848257005 -0.219304293 0.482043087
vn 0.885908782 -0.187260225 0.424381047
vn 0.530188084 -0.0154641848 0.8477391
vn -0.221769094 0.108070649 0.969091952
vn 0.930240452 -0.282785743 -0.233848169
vn 0.523435771 0.0784555972 0.848445415
vn -0.227357015 0.0417341478 0.972916782
vn 0.955554903 -0.272046149 -0.113603108
vn 0.58738023 -0.243932739 -0.771674335
vn 0.641237378 -0.176680326 -0.746725202
vn 0.995372713 -0.0346763842 -0.0896142498
vn 0.634381592 -0.268556416 -0.724870682
vn 0.92079258 0.0478126593 0.387111157
vn 0.478466004 -0.104171559 0.871905148
vn -0.220477879 -0.0854058489 0.971645713
vn 0.883044839 -0.141793609 0.447354943
vn 0.396590799 -0.463152766 0.792594016
vn -0.245910764 -0.316046029 0.916320264
vn -0.162619829 -0.810319722 0.562971413
vn 0.674719512 -0.541462839 0.501569271
vn 0.0839911699 -0.953309059 0.290081471
vn 0.267821252 -0.958986104 -0.0928298086
vn 0.868817627 -0.492218435 0.0536376685
vn 0.540433466 -0.560801864 -0.627242327
vn 0.977965653 -0.198681429 -0.0641004369
vn 0.179672629 -0.240817666 -0.953794897
vn 0.766204596 -0.496361047 -0.408112854
vn 0.796813965 -0.371617168 -0.476432681
vn 0.175479248 -0.238662958 -0.955116212
vn 0.833422542 -0.483191758 0.268202633
vn 0.7412889 -0.596718729 0.307274312
vn 0.458375186 -0.335651517 0.822939932
vn 0.326857716 -0.399131536 0.85665518
vn -0.1598555 0.0785115659 0.984013259
vn -0.0865109041 0.0758408457 0.993359983
vn -0.08461757 0.0728739426 0.993745148
vn 0.578906417 -0.269582361 0.769540608
vn -0.035557624 0.134888366 0.990222573
vn 0.924502075 -0.302499413 0.231926769
vn 0.631002307 -0.127332151 0.765259862
vn -0.0269797854 0.126487002 0.991601288
vn 0.628644228 -0.161892518 0.76065582
vn 0.796034038 -0.390927047 -0.462067068
vn 0.904726505 -0.349220008 0.243957758
vn 0.823285341 -0.380714864 -0.421019673
vn 0.232570529 -0.264137417 -0.936024785
vn 0.293757349 -0.268059105 -0.917524278
vn 0.694292128 -0.117659815 0.710010231
vn 0.0904131606 0.0926639363 0.991583943
vn 0.111260094 0.106637642 0.988053381
vn 0.926287711 -0.277249932 0.255192935
vn 0.85222733 -0.304202676 -0.425639957
vn 0.259533525 -0.363336742 -0.89477855
vn 0.721245348 -0.057748463 0.690268278
vn 0.0951264724 0.00677559432 0.995442152
vn 0.960802615 -0.198509753 0.193526
vn 0.669835865 -0.25676623 0.696700037
vn -0.0411676355 -0.284444213 0.957808316
vn 0.775463939 -0.503311932 -0.381225437
vn 0.0735904872 -0.641740382 -0.76338315
vn 0.874456525 -0.438831002 0.206768245
vn 0.492852837 -0.614921272 0.615603626
vn -0.132871121 -0.760449469 0.635658562
vn 0.577563643 -0.772211373 -0.264782459
vn -0.053016942 -0.974215388 -0.219302431
vn 0.548270822 -0.791529894 0.269961983
vn -0.0341424979 -0.974188447 0.223139137
vn -0.41715017 -0.475583047 0.774471819
vn -0.0354718491 0.0628111511 0.997394919
vn -0.483765334 -0.423797905 0.76574564
vn -0.053997498 0.0613976866 0.996651709
vn -0.117734142 0.0407900289 0.99220711
vn -0.56366992 -0.808738589 0.167982325
vn -0.695335269 -0.334942073 0.635863662
vn -0.129561335 0.136513546 0.982129276
vn -0.263913244 -0.943911254 0.198447302
vn -0.657232702 -0.742304027 0.130498439
vn -0.775752187 -0.209142074 0.59537226
vn -0.158151194 0.136263728 0.977967501
vn -0.377059221 -0.758234084 -0.531890571
vn -0.0276031606 -0.997210324 0.0693513229
vn -0.857994258 -0.507616937 0.078555651
vn -0.38920182 -0.906644344 0.162843794
vn -0.773725986 -0.23076494 0.589996219
vn -0.913628876 -0.406104416 0.0190145783
vn -0.839460254 -0.166552097 0.517268658
vn -0.227153584 0.137578681 0.964091897
vn -0.829036534 -0.0561381616 0.556369424
vn -0.984533012 -0.148380443 -0.0931560546
vn -0.237136081 0.116322882 0.964487195
vn -0.244496629 0.0478854924 0.968467057
vn -0.795916796 -0.153288975 0.58567822
vn -0.226177379 -0.0654113665 0.97188741
vn -0.935940146 -0.347466588 -0.0572981909
vn -0.893850267 -0.448069125 0.0163029358
vn -0.602020919 -0.470306575 -0.645277262
vn -0.596038997 -0.445966631 -0.667720973
vn -0.650825858 -0.389508039 -0.651697218
vn -0.725575149 -0.331036657 0.60328716
vn -0.0760308653 -0.281494886 0.956545889
vn -0.618511558 -0.508773208 -0.598826587
vn 0.0590308458 -0.232628942 -0.970772386
vn 0.066228658 -0.222771823 -0.972618401
vn -0.0258947425 -0.244910389 -0.969199836
vn 0.00393303903 -0.242158711 -0.970228672
vn -0.0394640453 -0.190159425 -0.980959773
vn -0.445326596 -0.642063797 -0.624049902
vn 0.0282191169 -0.231013045 -0.972541392
vn 0.066668883 -0.245163694 -0.96718663
vn 0.674210787 -0.596711874 -0.4351722
vn 0.7938959 -0.404702604 0.453811884
vn -0.68513459 -0.226915464 -0.692170501
vn -0.0622655712 -0.22790879 -0.971689463
vn -0.644446909 -0.327018559 -0.691192508
vn -0.0215267632 -0.36043489 -0.932535887
vn -0.0552009009 -0.909831405 0.411290199
vn -0.95569551 -0.281774342 -0.0851421133
vn -0.864362597 -0.501475811 -0.0374060087
vn -0.551487744 -0.521920264 -0.650738418
vn 0.150669128 -0.644054949 -0.749994755
vn -0.372344285 -0.824131668 -0.426809877
vn 0.245199591 -0.958694875 -0.144157127
vn -0.487774849 -0.863297939 0.129585177
vn 0.16963172 -0.95670712 0.236509219
vn -0.457087129 -0.68492943 0.567400277
vn 0.174925119 -0.770985425 0.612358391
vn -0.467670798 -0.862081468 0.195190743
vn -0.554982901 -0.822492361 0.124499664
vn -0.734571159 -0.673671305 0.0810692161
vn -0.744424522 -0.454807013 -0.48885867
vn -0.771295667 -0.510406971 -0.380246788
vn -0.284122616 -0.224400043 -0.932158172
vn -0.369255722 -0.299591869 -0.87971288
vn -0.758652329 -0.564633548 0.325016171
vn -0.30943501 -0.825984836 0.471167803
vn -0.134346619 -0.985236943 -0.106108576
vn -0.837409914 -0.487323105 -0.247509494
vn -0.436387271 -0.152503893 -0.886740446
vn -0.717885256 -0.52353996 0.458853543
vn -0.226063177 -0.313354522 0.9223364
vn -0.243713915 -0.94856298 0.202068642
vn -0.546530247 -0.673542738 -0.497639269
vn 0.832895875 -0.417460769 0.363333076
vn 0.492937505 -0.601755977 -0.628412545
vn 0.40938741 0.106109947 0.906169236
vn -0.0693208426 -0.240759954 -0.968106031
vn 0.331963301 0.137710258 0.933186054
vn -0.176226482 -0.254471004 -0.950888395
vn -0.24461627 -0.230885506 0.941729724
vn 0.215102822 0.110863499 0.970278323
vn -0.606552958 -0.730240047 0.314393014
vn -0.663998008 -0.582340479 -0.469026953
vn -0.235506579 -0.253658056 -0.938186705
vn -0.741299272 -0.403071851 0.536664188
vn -0.362641096 -0.137361363 0.921750128
vn 0.229933545 0.13266398 0.964121819
vn -0.465440959 0.00618592789 0.885057271
vn -0.862589538 -0.096849449 0.49654755
vn -0.488311976 -0.0499451309 0.871238708
vn 0.209874645 0.124988578 0.969706357
vn -0.946069062 -0.184404776 -0.266360819
vn -0.462346256 -0.173243001 -0.869610667
vn -0.848257124 -0.21930325 0.482043535
vn -0.88590914 -0.187261 0.424379885
vn -0.530188203 -0.0154647203 0.847738922
vn 0.221769169 0.10806866 0.969092131
vn -0.93024075 -0.282785952 -0.233846352
vn -0.523437083 0.0784542784 0.84844476
vn 0.22735931 0.0417337045 0.972916186
vn -0.955554545 -0.27204746 -0.113603339
vn -0.587379992 -0.243932709 -0.771674514
vn -0.641237676 -0.176680118 -0.746725023
vn -0.995372474 -0.0346775725 -0.0896160454
vn -0.63438195 -0.268554807 -0.724870861
vn -0.920793951 0.0478100367 0.387108177
vn -0.478466481 -0.104172744 0.87190479
vn 0.220478266 -0.0854054689 0.971645594
vn -0.883045197 -0.141795382 0.447353661
vn -0.396588862 -0.463152587 0.792595148
vn 0.245910496 -0.316043615 0.916321158
vn 0.162619546 -0.810319185 0.562972128
vn -0.674718261 -0.541463315 0.501570404
vn -0.0839917883 -0.953308642 0.290082842
vn -0.267822653 -0.958985984 -0.0928274542
vn -0.868817747 -0.492218137 0.0536379293
vn -0.540433288 -0.560802162 -0.627242208
vn -0.977965653 -0.198681116 -0.064102076
vn -0.179672569 -0.240817741 -0.953794897
vn -0.766204774 -0.496360868 -0.408113122
vn -0.796813309 -0.37161842 -0.476432979
vn -0.175479159 -0.238663509 -0.955116093
vn -0.833422363 -0.483192354 0.268201917
vn -0.741288662 -0.596718669 0.307274818
vn -0.458375841 -0.335651904 0.822939456
vn -0.326857388 -0.399131268 0.856655359
vn 0.159855351 0.0785115585 0.984013259
vn 0.0865106583 0.0758406296 0.993359983
vn 0.0846165046 0.0728726983 0.993745208
vn -0.57890743 -0.26958409 0.769539237
vn 0.0355570056 0.134888545 0.990222573
vn -0.924501956 -0.302500218 0.231926247
vn -0.631002367 -0.127331749 0.765259802
vn 0.0269796811 0.126487464 0.991601169
vn -0.628643692 -0.161891967 0.760656357
vn -0.796033025 -0.390928417 -0.462067515
vn -0.904726148 -0.349220872 0.243957698
vn -0.823285937 -0.380714059 -0.421018958
vn -0.232571438 -0.264138013 -0.936024427
vn -0.293759376 -0.268059462 -0.917523563
vn -0.694292247 -0.117660165 0.710010171
vn -0.0904110298 0.0926643983 0.991584182
vn -0.111258686 0.106637195 0.98805362
vn -0.926287949 -0.277249724 0.255192786
vn -0.852228343 -0.304202855 -0.425637722
vn -0.259535968 -0.363335818 -0.894778252
vn -0.721246123 -0.0577490404 0.690267444
vn -0.0951251313 0.00677581551 0.995442271
vn -0.960802615 -0.198510706 0.193525061
vn -0.669835389 -0.256767601 0.696699977
vn 0.0411675237 -0.28444466 0.957808137
vn -0.775464475 -0.503312528 -0.381223381
vn -0.0735929459 -0.641734183 -0.763388157
vn -0.874455333 -0.438833326 0.206768438
vn -0.492851555 -0.614922762 0.615603328
vn 0.132870182 -0.760448635 0.635659695
vn -0.577563465 -0.772211552 -0.264782697
vn 0.0530169718 -0.974214137 -0.219307885
vn -0.548269391 -0.791530967 0.269961864
vn 0.034143392 -0.974188328 0.223139703
vn 0.0875659287 -0.0146100139 0.99605161
vn 0.0416147485 0.0665799081 0.996912837
vn 0.309938699 -0.563718855 0.765610337
vn 0.3068901 -0.599469602 0.739225745
vn -0.265560716 0.647637308 0.714173257
vn -0.301516294 0.677964747 0.670411587
vn 0.139586002 0.0351673849 0.98958534
vn 0.302318901 -0.611428559 0.731271744
vn -0.212192088 0.70708096 0.67454493
vn -0.460345864 0.885076642 0.0687089413
vn -0.459710926 0.886374354 0.05483092
vn -0.439841777 0.74295944 -0.504529953
vn 0.186694309 0.0850842893 0.978726745
vn 0.333028853 -0.595763028 0.730861306
vn 0.316702843 -0.587160707 0.744943976
vn -0.420543015 0.903509021 0.0825523138
vn -0.445489377 0.694435656 -0.565064788
vn -0.122158304 -0.0130665153 -0.992424607
vn -0.121267483 -0.117036954 -0.985696018
vn -0.444418579 0.677603841 -0.585956633
vn -0.216476783 -0.127480134 -0.967929006
vn -0.144212082 0.77292794 0.617887735
vn -0.346756518 0.936301708 0.0556683987
vn -0.405640513 0.680151701 -0.610614002
vn -0.228810236 -0.158709794 -0.960446298
vn -0.409360766 0.687500715 -0.599805415
vn -0.203742996 -0.157110304 -0.966335952
vn -0.341857672 0.937430263 0.0660136044
vn -0.429686219 0.652517498 -0.624172091
vn -0.161137372 -0.204550087 -0.965501904
vn -0.181270391 0.779480278 0.599626064
vn -0.426599294 0.591932714 -0.683833838
vn -0.116410509 -0.257180095 -0.959326267
vn -0.415578663 0.420302778 -0.806622624
vn -0.0392860621 -0.273394406 -0.961099386
vn -0.0195214562 -0.122867979 -0.992231071
vn -0.387384057 0.921180725 0.0368735418
vn 0.120755672 0.111958906 0.986348391
vn 0.276315302 -0.592878222 0.75640291
vn -0.229571998 0.755190253 0.613990545
vn 0.043789871 0.115044415 0.992394686
vn -0.251467079 0.71094656 0.65674895
vn 0.0330118164 0.101525791 0.994285047
vn 0.271994948 -0.59369725 0.757325649
vn 0.0338784568 0.0903441906 0.995334208
vn 0.294231921 -0.620687544 0.726756096
vn -0.440742284 0.89546901 0.0623017214
vn 0.162987381 0.114413075 0.979971826
vn 0.435920179 -0.618171871 0.65409261
vn 0.883678496 -0.191269159 0.427233487
vn -0.288538009 0.675484538 0.678576827
vn -0.495804518 0.865314305 0.073546119
vn 0.384646744 0.406990021 0.828496218
vn 0.943174183 0.0809159577 0.322296709
vn -0.224419668 0.715564907 0.661515415
vn -0.484240115 0.863194406 0.142852634
vn -0.124472834 0.725994647 0.676341891
vn 0.473360807 0.512482345 0.716443539
vn 0.441998512 0.388449699 0.808544517
vn 0.857075095 -0.0269550364 0.514485717
vn 0.818010986 -0.245110199 0.520364285
vn -0.0607631505 0.71704185 0.694376528
vn 0.399136037 0.26390481 0.878091455
vn 0.943862557 -0.224687487 0.242155045
vn -0.000369566173 0.534642696 0.84507823
vn -0.584748507 0.784399867 0.206848174
vn -0.525678813 0.816335797 0.239285544
vn -0.399204671 0.658508599 0.637967169
vn 0.575401306 0.133508474 0.80690074
vn -0.0233526155 0.408644497 0.912394822
vn 0.612187684 0.13865608 0.778460503
vn 0.988146186 -0.124440998 0.0898981243
vn -0.0742076486 0.305978268 0.949141979
vn -0.604394495 0.299188823 0.738372028
vn -0.468181342 0.330626994 0.819446206
vn 0.587745309 -0.00573945185 0.809025645
vn 0.990901709 -0.133182958 -0.0193964578
vn 0.583601117 -0.0597278886 0.809840977
vn -0.0739255473 0.0153855905 0.997144997
vn 0.972443402 -0.203790486 -0.113240361
vn 0.651427567 -0.101160638 0.751936615
vn -0.0569061898 0.0469574705 0.997274578
vn 0.936824143 -0.323418707 -0.133269891
vn 0.734212458 -0.678214312 -0.030940894
vn -0.0824462324 0.0504010431 0.995320261
vn 0.647189736 -0.434277058 0.626537204
vn 0.255627573 -0.69977361 0.667061806
vn 0.259820789 -0.965607166 -0.00980334077
vn -0.0758811608 -0.721316695 0.688436151
vn -0.040474724 -0.997631431 -0.0556179695
vn -0.428377956 -0.634791017 0.643065155
vn -0.385446489 -0.922429919 -0.0235409401
vn -0.769265771 -0.273422629 0.577468812
vn -0.876853704 -0.477677256 -0.0543313362
vn -0.655933022 0.036512062 0.753935516
vn -0.994463742 -0.105047405 -0.00260726921
vn -0.614914656 0.0527404435 0.786828041
vn -0.999800026 0.00825974531 0.0182111897
vn -0.988766253 0.121194683 0.0874815509
vn -0.617955089 0.114603728 0.777815819
vn -0.615739822 0.258719683 0.744263828
vn -0.993580222 0.109364502 0.0289448556
vn -0.0578744821 0.244532838 0.967912376
vn -0.632354438 0.265714288 0.727683783
vn -0.998437107 0.0176338311 0.0530327596
vn -0.964246035 -0.0957020819 0.247124627
vn -0.80961287 -0.228634328 0.540604591
vn -0.198906302 -0.365376055 0.909360647
vn -0.252293706 0.346841276 0.903354228
vn 0.137248695 0.311291158 0.940351307
vn -0.39652738 0.737758636 0.546331584
vn -0.163007617 0.624004722 0.764229417
vn 0.17346561 0.208530292 0.962509573
vn -0.661185741 0.745492101 0.084112376
vn -0.699149489 0.678881645 -0.224298447
vn -0.645217001 0.755702078 0.112291642
vn -0.562345088 0.785398185 0.258684397
vn -0.303690463 0.610919952 0.731128514
vn 0.174129099 0.212868646 0.96143955
vn -0.690226495 0.687274873 0.226364106
vn -0.395819515 0.621433496 0.676126778
vn 0.126002818 0.281818688 0.951158047
vn -0.446277469 0.636589527 0.628959715
vn 0.121631116 0.183157265 0.975530267
vn -0.758051872 0.645206809 0.0952134356
vn -0.687070012 0.678360045 -0.260312319
vn -0.900666416 0.428810209 -0.0701551065
vn -0.632726014 0.699954987 -0.331241131
vn -0.477754861 0.571291685 -0.667365193
vn -0.561888695 0.740194917 -0.369313717
vn -0.401085109 0.507030666 -0.762922406
vn -0.402780622 0.360174358 -0.841452479
vn 0.0395463295 0.140140638 -0.989341497
vn 0.085537158 0.188551232 -0.978331208
vn 0.144799888 -0.0268811211 -0.989095747
vn -0.66072619 0.603364944 -0.446532965
vn -0.687363803 0.558497488 -0.464339852
vn -0.346822947 0.379256189 -0.857833683
vn 0.205829173 -0.222831354 -0.952880144
vn -0.251241118 0.239277095 -0.93788296
vn 0.0988652036 -0.140682548 -0.985106111
vn 0.135379091 -0.173148617 -0.975547016
vn -0.620730817 0.503612101 -0.600889444
vn -0.37205416 0.186780453 -0.909224331
vn -0.777448297 0.404068053 -0.481978387
vn -0.390891939 0.123493381 -0.912114561
vn 0.245021567 -0.172443897 -0.954058468
vn -0.847507656 0.313884377 -0.428027242
vn -0.390454829 0.111178912 -0.913884103
vn 0.284123063 -0.224400401 -0.932157993
vn -0.370534718 0.0247303247 -0.928489387
vn 0.369255543 -0.29959172 -0.879713118
vn -0.954788208 0.198941052 -0.220911592
vn -0.851643801 0.346209049 -0.3935
vn -0.438628763 -0.035662856 -0.897960424
vn 0.436387211 -0.152503595 -0.886740625
vn 0.462345868 -0.17324242 -0.869611144
vn -0.900344729 0.347837925 0.261511505
vn -0.87445724 0.258308202 -0.410611004
vn -0.89299041 0.0790256634 -0.443083614
vn -0.8615399 0.389234751 0.325952917
vn -0.867683172 0.312921703 0.386272043
vn -0.331964195 0.137710601 0.933185697
vn -0.409388334 0.106110319 0.906168759
vn -0.832897365 -0.417458653 0.363332361
vn -0.215104863 0.110864274 0.970277846
vn -0.492938995 -0.601755202 -0.628412187
vn -0.941652536 0.166888088 0.29229936
vn -0.229934067 0.132663772 0.964121699
vn -0.209875762 0.124989383 0.969706059
vn -0.72056216 0.247814193 -0.647594333
vn -0.886654198 0.0681689531 -0.45738101
vn -0.94078362 0.163440809 0.297007173
vn -0.221769094 0.108070649 0.969091952
vn -0.529806972 0.19646135 -0.825049937
vn 0.0693200976 -0.240759969 -0.968106031
vn -0.803169847 0.466339678 -0.37073639
vn -0.422771633 -0.0288362913 -0.905777395
vn -0.89309442 -0.0317605883 -0.448746771
vn -0.426473528 -0.136867926 -0.894084752
vn 0.58738023 -0.243932739 -0.771674335
vn -0.96645087 0.0451980159 0.25284332
vn -0.49328512 0.192037433 -0.848405302
vn 0.17622593 -0.254470706 -0.950888574
vn -0.389712602 -0.233835801 -0.890755236
vn 0.641237378 -0.176680326 -0.746725202
vn -0.8812114 -0.18279326 -0.435950905
vn -0.887128472 -0.141966581 -0.439145267
vn -0.274785131 -0.235160023 -0.932305217
vn 0.634381592 -0.268556416 -0.724870682
vn -0.960547268 -0.094981432 0.261395186
vn -0.227357015 0.0417341478 0.972916782
vn -0.1270978 -0.408558816 -0.903839529
vn 0.540433466 -0.560801864 -0.627242327
vn -0.95923686 -0.0638483167 0.275296271
vn -0.220477879 -0.0854058489 0.971645713
vn -0.456140816 -0.663339019 -0.593225718
vn 0.267821252 -0.958986104 -0.0928298086
vn 0.0839911699 -0.953309059 0.290081471
vn -0.924466908 -0.156423464 0.347696364
vn -0.245910764 -0.316046029 0.916320264
vn -0.162619829 -0.810319722 0.562971413
vn -0.718185008 -0.658223927 -0.225724623
vn -0.847969592 -0.523620844 0.0822727233
vn -0.490895689 0.132309318 -0.861113012
vn 0.235506535 -0.253658324 -0.938186646
vn -0.594855726 0.0378685594 -0.802939892
vn 0.179672629 -0.240817666 -0.953794897
vn 0.175479248 -0.238662958 -0.955116212
vn -0.867453277 0.461030036 -0.187019303
vn -0.905529022 0.396244079 -0.151683435
vn -0.875454247 0.425635695 -0.228941411
vn -0.769454837 0.389436185 0.506239831
vn -0.684674501 0.413929731 0.59990257
vn -0.931781471 0.362462342 -0.0201061387
vn -0.728357255 0.361298084 0.582202196
vn -0.956353605 0.260091662 -0.133191705
vn -0.0865109041 0.0758408457 0.993359983
vn -0.1598555 0.0785115659 0.984013259
vn -0.793896616 -0.404702634 0.453810334
vn -0.88191855 0.327649504 -0.33891812
vn -0.08461757 0.0728739426 0.993745148
vn -0.67421031 -0.596711278 -0.43517381
vn -0.785519481 0.304694653 0.538628101
vn -0.035557624 0.134888366 0.990222573
vn -0.0269797854 0.126487002 0.991601288
vn -0.96179384 0.247212172 -0.11763826
vn -0.772404432 0.30202347 0.558724642
vn 0.0904131606 0.0926639363 0.991583943
vn -0.752867222 0.626702845 -0.201083094
vn -0.632196426 0.307184994 -0.711312294
vn -0.80358094 0.59516108 -0.00641103974
vn -0.0666677728 -0.245163202 -0.967186868
vn -0.596297741 0.290889531 -0.748206139
vn -0.0282181744 -0.231012568 -0.972541511
vn -0.707564712 0.58872056 -0.390845656
vn -0.708616912 0.704477429 -0.0396681018
vn -0.808183193 0.588726997 -0.0155063039
vn -0.813403785 0.479399294 0.329470098
vn -0.683546722 0.166423887 -0.710680664
vn -0.0039328984 -0.242158651 -0.970228672
vn -0.740808904 0.144567639 -0.655974329
vn -0.0662276521 -0.222773165 -0.972618163
vn -0.0590301491 -0.232630789 -0.970772028
vn -0.913288236 0.406792969 0.0205903854
vn -0.80436337 0.593948603 -0.0149888163
vn -0.922783911 0.378294379 0.0732343495
vn -0.655452192 0.376053393 0.654955208
vn -0.544091165 0.513164043 0.663797736
vn -0.532493472 0.511200309 0.67462939
vn -0.60459727 -0.321201444 0.728897631
vn 0.0354716033 0.0628107786 0.997394919
vn 0.0539967865 0.0613980256 0.996651709
vn -0.755660057 -0.6173985 -0.218625426
vn 0.117731892 0.0407912284 0.992207348
vn -0.719201148 0.274769634 -0.638162553
vn -0.158185437 -0.363320827 -0.918136895
vn -0.66943574 0.385523856 0.635001779
vn 0.12956214 0.136513606 0.982129216
vn 0.158152193 0.136263639 0.977967381
vn -0.709887147 0.232857317 -0.664708793
vn -0.123083606 -0.363335609 -0.923492134
vn -0.772523582 0.632892609 0.0515189208
vn -0.74075979 0.128732711 -0.659320116
vn -0.097340934 -0.368232399 -0.924624026
vn -0.915567517 0.392240018 0.0887918994
vn -0.620607436 0.399120212 0.674944043
vn 0.227155417 0.137578383 0.964091599
vn -0.566485047 0.488547593 0.663638353
vn -0.613412082 0.422225475 0.667421281
vn 0.066992119 0.295327395 0.953044474
vn 0.0646438077 0.322376043 0.94440186
vn -0.886798382 0.46064654 0.0373276696
vn -0.649888456 0.343665689 0.677892983
vn -0.939765394 0.333811432 0.0735587627
vn -0.581775486 0.454298943 0.674647868
vn 0.0169812553 0.2866413 0.957887411
vn -0.929226995 0.361590564 0.0760873333
vn -0.765695035 0.0420924462 -0.64182508
vn -0.804263651 0.0479799435 -0.592332602
vn -0.107725821 -0.308663011 -0.945051491
vn -0.0564450137 -0.301533312 -0.951783419
vn -0.0699076951 -0.305934995 -0.949482322
vn -0.621716082 0.400078744 0.673354387
vn -0.945767939 0.322752655 0.0367924906
vn -0.748206377 0.026824452 -0.662923515
vn -0.793698192 -0.126133382 -0.595091343
vn -0.0675701723 -0.291590273 -0.954153776
vn -0.650024176 0.19343783 0.734881282
vn 0.0451605581 0.184837699 0.981730819
vn -0.984082878 0.0729691237 0.162038222
vn -0.814614058 -0.102344871 -0.570902348
vn -0.0590086877 -0.285504133 -0.956559062
vn -0.0948051512 -0.412998527 -0.905783713
vn -0.979110658 0.0749878436 0.188995123
vn -0.655112326 0.199095249 0.728827059
vn 0.0743356198 0.173742816 0.981981456
vn -0.96445483 0.147638828 0.219156936
vn -0.784220636 -0.141735703 -0.604076982
vn -0.163293183 -0.716498256 -0.678207695
vn -0.595654368 0.18985717 0.780480683
vn 0.152931452 -0.0135076949 0.988144398
vn -0.712108076 -0.490802497 -0.502010942
vn -0.037309505 -0.99685365 -0.0699337497
vn -0.499401659 -0.109000131 0.85948652
vn 0.0817159116 -0.359359026 0.929614842
vn 0.0964116901 -0.843079567 0.529076219
vn -0.719352722 -0.414228976 0.557625353
vn 0.110485271 -0.962434173 0.248019144
vn -0.770198941 -0.56263864 0.300385147
vn -0.74592942 -0.665834367 -0.0159352086
vn 0.237138078 0.116322502 0.964486718
vn -0.672779739 0.257712156 0.693506956
vn -0.684785724 0.249664187 0.684643209
vn -0.9756217 0.206287652 0.0748842806
vn 0.244498894 0.0478849858 0.96846652
vn -0.659588635 0.195724294 0.725696027
vn -0.984323978 0.163094014 0.0671319216
vn 0.226180434 -0.0654125586 0.971886635
vn -0.570346296 -0.057267379 0.819405675
vn 0.0760338977 -0.281496644 0.956545115
vn -0.174926683 -0.770982563 0.612361431
vn -0.979115009 0.185326278 0.0835933462
vn -0.706777573 -0.40888834 0.577300489
vn -0.777005613 -0.58330816 0.236672372
vn -0.169632584 -0.956706464 0.23651132
vn -0.793894172 -0.582215548 -0.17537719
vn -0.245200142 -0.958694577 -0.144158885
vn -0.150667012 -0.644052625 -0.74999702
vn -0.662345231 -0.415226638 -0.623606861
vn 0.0215280484 -0.360434234 -0.932536125
vn -0.721633971 -0.0939724743 -0.685867071
vn 0.0622652322 -0.227908954 -0.971689463
vn -0.756424308 0.0251289681 -0.653598309
vn 0.0394626409 -0.190158203 -0.980960011
vn -0.754978299 0.0154507766 -0.655567646
vn 0.0258934218 -0.244911924 -0.969199538
vn -0.735429347 0.0505649596 -0.675712109
vn -0.953041673 0.292725533 0.0776104555
vn -0.744506299 0.144017965 -0.651896596
vn -0.608019412 0.0313970819 -0.793301105
vn -0.62334013 -0.0321744643 -0.781288743
vn 0.232570529 -0.264137417 -0.936024785
vn -0.98440969 0.126750082 -0.121950835
vn -0.989542961 0.081731841 -0.118847214
vn -0.642410636 -0.0849021748 -0.761643052
vn 0.293757349 -0.268059105 -0.917524278
vn -0.815456867 0.193422139 0.54554373
vn -0.633817911 -0.118752569 -0.764311969
vn -0.985714316 0.103513509 -0.132861674
vn 0.259533525 -0.363336742 -0.89477855
vn -0.824895978 0.182698965 0.534946501
vn 0.111260094 0.106637642 0.988053381
vn 0.0951264724 0.00677559432 0.995442152
vn -0.519765258 -0.369351715 -0.770339847
vn 0.0735904872 -0.641740382 -0.76338315
vn -0.823117793 0.191835701 0.53448689
vn -0.0411676355 -0.284444213 0.957808316
vn -0.694900811 -0.611991584 -0.377596349
vn -0.053016942 -0.974215388 -0.219302431
vn -0.720064282 -0.0800038129 0.689279914
vn -0.132871121 -0.760449469 0.635658562
vn -0.728326917 -0.68210566 0.0653580204
vn -0.0341424979 -0.974188447 0.223139137
vn -0.768463671 -0.472609967 0.431396872
vn 0.0531454273 0.934189916 0.352795452
vn -0.189036489 0.214616403 0.958230138
vn -0.232011586 0.0531813018 0.971258163
vn 0.089422822 0.957325518 0.274829626
vn -0.32770744 -0.70799768 0.62557745
vn 0.113212228 0.838151038 0.533559561
vn -0.312398195 -0.794251442 0.521125734
vn 0.10333281 0.856053174 0.506453693
vn -0.265036017 -0.718880296 0.642625034
vn 0.0858958587 0.877330899 0.472135991
vn -0.27914983 -0.730377316 0.62339735
vn 0.0637898296 0.884442747 0.462268144
vn -0.266562432 -0.731368303 0.627729833
vn 0.0481774546 0.889805198 0.453790396
vn -0.289949507 -0.716461003 0.634517848
vn 0.0473947674 0.888897955 0.455646932
vn -0.286067933 -0.722850025 0.629009604
vn 0.018789174 0.877705574 0.478831798
vn -0.2849738 -0.722522497 0.629881859
vn -0.0116372099 0.858193934 0.513193607
vn -0.306366771 -0.675852954 0.67034483
vn -0.137845218 0.704602838 0.69608444
vn -0.357566208 -0.438830048 0.824363112
vn -0.335009724 0.130460158 0.933139086
vn -0.496631116 -0.75419271 -0.429593951
vn -0.753296137 -0.651589274 -0.0893106684
vn -0.608251095 -0.769178808 0.195945382
vn -0.542788744 -0.780173123 -0.310982645
vn -0.82434833 -0.548413813 0.14032875
vn -0.127943575 -0.989062607 -0.0733868107
vn -0.65411067 -0.390731514 0.647663593
vn -0.100827284 -0.955302298 0.277905375
vn -0.293508381 -0.791486442 0.536098957
vn -0.851840019 0.506149113 -0.134839118
vn -0.975077212 0.199767783 -0.0965257287
vn -0.983325005 0.181578457 -0.0100585595
vn -0.610566676 0.19207713 -0.768319488
vn -0.903463781 0.0278781001 -0.427757025
vn -0.679361165 -0.178891987 -0.711664259
vn -0.410007834 0.827555835 0.383464336
vn -0.398198724 -0.163321331 -0.902642727
vn -0.64429462 -0.196166798 -0.739190757
vn -0.489377052 -0.315126985 -0.813145161
vn -0.767299831 -0.174713314 -0.617030203
vn -0.840889037 -0.203011304 -0.501689136
vn -0.671066523 -0.419528365 -0.611281931
vn -0.924723089 -0.320485085 -0.205369398
vn -0.706315756 -0.621572256 -0.338771224
vn -0.901774347 -0.421190888 -0.0969596878
vn -0.596163988 -0.79957056 0.0726319477
vn -0.816500545 -0.576648533 0.0283439159
vn -0.473032862 -0.604306221 0.641134858
vn -0.654652774 -0.318740726 0.685444474
vn -0.773329258 -0.111984998 0.624036193
vn -0.896185756 0.0634942502 0.439112246
vn -0.994751513 -0.099582471 0.0235107839
vn 0.278376997 -0.831400752 -0.480914861
vn -0.0582408234 -0.958250344 0.279936045
vn -0.894381702 -0.0649207532 0.442568153
vn -0.880801976 0.259475887 0.396055698
vn -0.998954177 0.0454942659 0.00457173074
vn -0.185740128 -0.974411488 -0.126581505
vn -0.0822407678 -0.768437922 -0.634617746
vn -0.949215353 -0.279498607 -0.144466713
vn -0.979445636 -0.172127813 0.105157971
vn -0.945482492 -0.0563402884 0.320762724
vn -0.0736543462 -0.852724075 -0.517142892
vn -0.990590632 -0.043395631 0.129795641
vn -0.977531552 0.0657553896 0.200270191
vn -0.832188904 0.245226964 0.497318208
vn -0.823581457 0.45262903 0.341819376
vn -0.0850212872 -0.656559765 -0.749466956
vn -0.152057454 -0.616481543 -0.772547126
vn -0.972890377 0.0151271475 0.230771467
vn -0.948452055 -0.10434214 0.299251407
vn 0.0677179247 -0.413116664 -0.908156812
vn 0.0333249867 -0.374032199 -0.926816702
vn -0.936699212 -0.147629797 0.317490041
vn -0.0406355299 -0.0261820629 -0.998830974
vn -0.787920356 -0.0133133307 0.615633249
vn -0.917095542 -0.1042099 0.384806424
vn -0.897420645 0.0213743038 0.440657914
vn -0.0290134065 0.143276379 -0.989257395
vn -0.190395921 0.718771398 -0.668668091
vn -0.798129082 -0.0490314662 0.600488067
vn -0.791625857 -0.0460278802 0.609270036
vn -0.904312491 -0.0409406796 0.424903214
vn -0.862473667 0.0838139877 0.49911356
vn -0.876695812 0.0805101544 0.474259943
vn -0.0660213754 0.860661626 -0.504878938
vn -0.32625863 0.896329582 0.300247431
vn -0.921741486 -0.0686829612 0.381674439
vn -0.357757777 0.797938883 0.485080332
vn -0.556833863 0.618103921 0.554872513
vn -0.973678589 -0.184641123 0.133632854
vn -0.459868073 0.639744282 0.615831673
vn -0.961684108 -0.27393499 0.0110994987
vn -0.896879673 0.328368515 0.296278417
vn -0.846356273 0.29908675 0.440713167
vn -0.965410113 -0.253119886 -0.0625582039
vn -0.958907485 0.179102808 0.220042616
vn -0.926021636 -0.178939864 0.332361907
vn -0.980114758 0.0295746885 0.196215421
vn -0.970768511 -0.0280379299 -0.238374308
vn -0.989893019 -0.0506027043 -0.132480696
vn -0.974624217 -0.223555937 -0.0114215696
vn -0.939347208 -0.337124765 0.0630382299
vn -0.896152079 0.0239984002 -0.443097591
vn -0.639413297 -0.150447339 -0.754000127
vn -0.9717924 -0.129319534 -0.197220579
vn -0.793782234 0.267298043 0.546316326
vn -0.0875654817 -0.0146094486 0.99605161
vn -0.306889832 -0.599469244 0.739226043
vn -0.309938133 -0.5637182 0.765610874
vn -0.0416143909 0.0665801913 0.996912837
vn -0.139585838 0.0351680331 0.98958534
vn -0.302318871 -0.611428499 0.731271923
vn 0.265560687 0.647637427 0.714173138
vn 0.301516265 0.677964509 0.670411944
vn -0.18669413 0.0850848928 0.978726745
vn -0.333028674 -0.595762968 0.730861485
vn -0.316702694 -0.587160289 0.744944394
vn 0.212192088 0.707081318 0.674544632
vn 0.460345864 0.885076642 0.0687095076
vn 0.459710985 0.886374176 0.0548317432
vn 0.439841837 0.742959559 -0.504529715
vn 0.420543015 0.903509021 0.0825521499
vn 0.445489466 0.694435596 -0.565064788
vn 0.122158326 -0.0130665945 -0.992424607
vn 0.121267445 -0.117037185 -0.985696018
vn 0.44441843 0.677603483 -0.58595705
vn 0.216476575 -0.127479792 -0.967929125
vn 0.144212082 0.772928298 0.617887199
vn 0.346756548 0.936301708 0.055668015
vn 0.405640572 0.680151522 -0.61061424
vn 0.228810012 -0.158709526 -0.960446417
vn 0.409360915 0.687500656 -0.599805295
vn 0.203742996 -0.15711017 -0.966335952
vn 0.341857761 0.937430263 0.0660137683
vn 0.429686219 0.652517319 -0.624172211
vn 0.161137342 -0.204549953 -0.965501904
vn 0.181270316 0.779480219 0.599626184
vn 0.426599115 0.591932356 -0.683834195
vn 0.116410293 -0.257180572 -0.959326267
vn 0.415578783 0.420302093 -0.806622922
vn 0.0392861627 -0.273394465 -0.961099386
vn 0.0195215922 -0.12286792 -0.992231071
vn 0.387384206 0.921180606 0.0368739888
vn -0.120755583 0.111959167 0.986348391
vn -0.276315212 -0.592878163 0.75640291
vn 0.229572013 0.755189836 0.613991022
vn -0.0437897891 0.115044408 0.992394686
vn 0.251467168 0.710946441 0.65674907
vn -0.0330118872 0.101525567 0.994285047
vn -0.271995306 -0.593698025 0.757325053
vn -0.033878915 0.0903437734 0.995334208
vn -0.29423207 -0.620687068 0.726756513
vn 0.440742403 0.895468831 0.0623025671
vn -0.162987992 0.114412442 0.979971707
vn -0.435920238 -0.618170738 0.654093623
vn -0.883678854 -0.191268995 0.427232742
vn 0.28853789 0.67548424 0.678577125
vn 0.495805115 0.865313888 0.0735466555
vn -0.384647489 0.406990111 0.8284958
vn -0.943174183 0.0809157714 0.32229656
vn 0.224419773 0.715565026 0.661515236
vn 0.484240711 0.863194346 0.142851472
vn 0.124472901 0.725995898 0.67634052
vn -0.473361015 0.51248312 0.716442883
vn -0.441998452 0.388449669 0.808544397
vn -0.857075214 -0.0269559417 0.514485717
vn -0.818010986 -0.245110646 0.520364106
vn 0.0607630722 0.717042863 0.694375575
vn -0.399136126 0.263904899 0.878091455
vn -0.943862796 -0.224686399 0.242155075
vn 0.000369277812 0.534642756 0.845078111
vn 0.584748566 0.784399927 0.206847489
vn 0.52567935 0.816336036 0.239283785
vn 0.39920485 0.658508778 0.637966752
vn -0.575401247 0.133508757 0.80690068
vn 0.0233525112 0.408644706 0.912394822
vn -0.612187862 0.138657019 0.778460205
vn -0.988146186 -0.124439143 0.0898998603
vn 0.0742078871 0.305978 0.949141979
vn 0.604394078 0.299188912 0.738372386
vn 0.468181133 0.330626935 0.819446206
vn -0.587745368 -0.00574151147 0.809025645
vn -0.990901351 -0.133186162 -0.0193934441
vn -0.583601475 -0.0597306527 0.809840441
vn 0.0739253387 0.0153854256 0.997145116
vn -0.972442627 -0.203793764 -0.113240771
vn -0.651429117 -0.101160184 0.751935303
vn 0.0569056943 0.046957653 0.997274697
vn -0.936823905 -0.323418975 -0.133270919
vn -0.734213054 -0.678213775 -0.030939823
vn 0.0824470818 0.050401248 0.995320141
vn -0.647192419 -0.434274644 0.626536131
vn -0.2556265 -0.69977361 0.667062163
vn -0.259820759 -0.965607166 -0.00980200525
vn 0.0758813024 -0.721316397 0.688436449
vn 0.0404760651 -0.997631311 -0.0556189418
vn 0.428378642 -0.634789288 0.643066347
vn 0.385448128 -0.922429085 -0.023542339
vn 0.769265354 -0.273420185 0.577470541
vn 0.876855314 -0.477674544 -0.0543316752
vn 0.655932426 0.0365129411 0.753935933
vn 0.994463861 -0.105046101 -0.00260788668
vn 0.614914656 0.0527410917 0.786828041
vn 0.999800026 0.00826165266 0.0182103291
vn 0.988766611 0.121195078 0.0874778107
vn 0.617957175 0.114603639 0.77781415
vn 0.615742028 0.25871861 0.744262278
vn 0.993580699 0.109360859 0.028943019
vn 0.057875447 0.244533613 0.967912018
vn 0.632355034 0.265712827 0.727683783
vn 0.998436987 0.0176313519 0.0530344881
vn 0.964245498 -0.0957014859 0.247126982
vn 0.809612513 -0.228634745 0.540604949
vn 0.198906213 -0.365376264 0.909360409
vn 0.252293527 0.346841782 0.903354168
vn -0.137248531 0.311293036 0.940350711
vn 0.396526754 0.737759173 0.546331286
vn 0.163007364 0.624005318 0.764229119
vn -0.173464537 0.208530605 0.962509692
vn 0.661185563 0.74549222 0.0841124728
vn 0.699149549 0.678881824 -0.224297822
vn 0.645217061 0.755702138 0.112291038
vn 0.562345922 0.785397768 0.258684307
vn 0.30369094 0.610918999 0.731129169
vn -0.174128145 0.212868243 0.961439729
vn 0.690227389 0.687273741 0.226364762
vn 0.395819336 0.62143302 0.676127315
vn -0.126002416 0.281817794 0.951158345
vn 0.446277261 0.636588573 0.628960848
vn -0.121630631 0.183154956 0.975530684
vn 0.758051813 0.645206809 0.0952133909
vn 0.687070251 0.678360105 -0.260311514
vn 0.900666714 0.428809524 -0.0701555237
vn 0.632726371 0.699954867 -0.331240743
vn 0.477754921 0.571291864 -0.667364836
vn 0.56188947 0.740193903 -0.369314313
vn 0.401085168 0.507030725 -0.762922347
vn 0.402781367 0.36017406 -0.841452241
vn -0.0395463295 0.140140161 -0.989341617
vn -0.0855370611 0.18855153 -0.978331089
vn -0.144799694 -0.0268804282 -0.989095747
vn 0.660726309 0.603365004 -0.446532607
vn 0.687363863 0.558497369 -0.464339763
vn 0.346823305 0.379256427 -0.857833445
vn -0.205828503 -0.222830743 -0.952880502
vn 0.251241297 0.239276707 -0.93788296
vn -0.098863855 -0.140680939 -0.985106468
vn -0.135377824 -0.173146591 -0.975547612
vn 0.620731235 0.503611565 -0.600889444
vn 0.372053504 0.18677935 -0.909224808
vn 0.777448595 0.404066682 -0.481979072
vn 0.39089182 0.123492897 -0.91211462
vn -0.245020673 -0.172442883 -0.954058945
vn 0.847507656 0.313883871 -0.42802763
vn 0.390455484 0.111178689 -0.913883924
vn -0.284122616 -0.224400043 -0.932158172
vn 0.370536745 0.0247303788 -0.928488433
vn -0.369255722 -0.299591869 -0.87971288
vn 0.954788446 0.198939919 -0.220911473
vn 0.851644039 0.346208513 -0.393499702
vn 0.438629478 -0.0356631204 -0.897960067
vn -0.436387271 -0.152503893 -0.886740446
vn -0.462346256 -0.173243001 -0.869610667
vn 0.900344253 0.347837746 0.261513203
vn 0.874458075 0.258306086 -0.410610616
vn 0.892990768 0.0790242404 -0.443083137
vn 0.861539543 0.389234632 0.325954139
vn 0.867683589 0.312919378 0.386272639
vn 0.331963301 0.137710258 0.933186054
vn 0.40938741 0.106109947 0.906169236
vn 0.832895875 -0.417460769 0.363333076
vn 0.215102822 0.110863499 0.970278323
vn 0.492937505 -0.601755977 -0.628412545
vn 0.941652656 0.166886315 0.292299777
vn 0.229933545 0.13266398 0.964121819
vn 0.209874645 0.124988578 0.969706357
vn 0.720561743 0.247814059 -0.64759481
vn 0.886654496 0.0681680217 -0.457380623
vn 0.940783501 0.163440064 0.297007829
vn 0.221769169 0.10806866 0.969092131
vn 0.529806495 0.196461305 -0.825050354
vn -0.0693208426 -0.240759954 -0.968106031
vn 0.803170025 0.46633935 -0.370736599
vn 0.422772318 -0.0288369842 -0.905776978
vn 0.893094301 -0.031758748 -0.44874692
vn 0.426474512 -0.136868224 -0.894084275
vn -0.587379992 -0.243932709 -0.771674514
vn 0.966450989 0.0452000946 0.252842575
vn 0.493285209 0.192037374 -0.848405182
vn -0.176226482 -0.254471004 -0.950888395
vn 0.389714032 -0.233834937 -0.890754819
vn -0.641237676 -0.176680118 -0.746725023
vn 0.88121146 -0.182790816 -0.435951531
vn 0.887128651 -0.141966194 -0.439145088
vn 0.274786592 -0.235159725 -0.9323048
vn -0.63438195 -0.268554807 -0.724870861
vn 0.960548103 -0.0949795395 0.261392653
vn 0.22735931 0.0417337045 0.972916186
vn 0.127098054 -0.408561319 -0.903838277
vn -0.540433288 -0.560802162 -0.627242208
vn 0.959237218 -0.0638480335 0.275295377
vn 0.220478266 -0.0854054689 0.971645594
vn 0.45614031 -0.66334033 -0.593224704
vn -0.267822653 -0.958985984 -0.0928274542
vn -0.0839917883 -0.953308642 0.290082842
vn 0.924466312 -0.15642707 0.347696304
vn 0.245910496 -0.316043615 0.916321158
vn 0.162619546 -0.810319185 0.562972128
vn 0.718184412 -0.658224106 -0.22572571
vn 0.847968161 -0.523623466 0.0822709352
vn 0.490895391 0.132311076 -0.861113012
vn -0.235506579 -0.253658056 -0.938186705
vn 0.594855547 0.0378687494 -0.802940071
vn -0.179672569 -0.240817741 -0.953794897
vn -0.175479159 -0.238663509 -0.955116093
vn 0.867453456 0.46102941 -0.187019661
vn 0.905528724 0.396244526 -0.151683599
vn 0.875454366 0.425635189 -0.228941709
vn 0.769454896 0.389436066 0.506239653
vn 0.68467468 0.413929194 0.599902689
vn 0.931781888 0.362461418 -0.0201071259
vn 0.728358328 0.361296803 0.5822016
vn 0.956353724 0.260091126 -0.133192092
vn 0.0865106583 0.0758406296 0.993359983
vn 0.159855351 0.0785115585 0.984013259
vn 0.7938959 -0.404702604 0.453811884
vn 0.88191843 0.327649862 -0.33891812
vn 0.0846165046 0.0728726983 0.993745208
vn 0.674210787 -0.596711874 -0.4351722
vn 0.785519898 0.304694235 0.538627744
vn 0.0355570056 0.134888545 0.990222573
vn 0.0269796811 0.126487464 0.991601169
vn 0.961794257 0.247210875 -0.11763753
vn 0.772404134 0.302022755 0.558725357
vn -0.0904110298 0.0926643983 0.991584182
vn 0.752867818 0.626702785 -0.201081604
vn 0.632196665 0.307184666 -0.711312234
vn 0.803580761 0.59516108 -0.00641152076
vn 0.066668883 -0.245163694 -0.96718663
vn 0.596298397 0.290888965 -0.748205781
vn 0.0282191169 -0.231013045 -0.972541392
vn 0.707564831 0.588720441 -0.390845537
vn 0.708616674 0.704477727 -0.0396678858
vn 0.808183312 0.588726938 -0.0155053977
vn 0.813403726 0.479399055 0.329470694
vn 0.683547139 0.166425005 -0.710679948
vn 0.00393303903 -0.242158711 -0.970228672
vn 0.740808189 0.144568846 -0.655974984
vn 0.066228658 -0.222771823 -0.972618401
vn 0.0590308458 -0.232628942 -0.970772386
vn 0.913288295 0.406792849 0.0205904096
vn 0.80436337 0.593948662 -0.0149892475
vn 0.922783554 0.378295362 0.0732342005
vn 0.655451 0.376052529 0.654956937
vn 0.544091046 0.51316458 0.663797379
vn 0.53249383 0.511200964 0.674628735
vn 0.604597449 -0.321199626 0.728898346
vn -0.0354718491 0.0628111511 0.997394919
vn -0.053997498 0.0613976866 0.996651709
vn 0.755659521 -0.617400587 -0.218621105
vn -0.117734142 0.0407900289 0.99220711
vn 0.719200552 0.27476868 -0.638163567
vn 0.158186272 -0.363320798 -0.918136656
vn 0.66943568 0.385524154 0.6350016
vn -0.129561335 0.136513546 0.982129276
vn -0.158151194 0.136263728 0.977967501
vn 0.70988673 0.232857183 -0.66470921
vn 0.123084262 -0.363335013 -0.923492312
vn 0.772523344 0.632892847 0.0515188165
vn 0.740760863 0.128735796 -0.659318149
vn 0.0973423198 -0.36823377 -0.92462343
vn 0.915567279 0.392240196 0.088792108
vn 0.620607555 0.399120033 0.674944043
vn -0.227153584 0.137578681 0.964091897
vn 0.566484213 0.488547653 0.663639128
vn 0.613411546 0.422226191 0.667421401
vn -0.0669918135 0.295327187 0.953044593
vn -0.0646435767 0.32237497 0.944402277
vn 0.886795998 0.460651159 0.0373273566
vn 0.649889708 0.34366411 0.677892625
vn 0.744505763 0.144018039 -0.651897132
vn 0.939764738 0.33381322 0.0735590458
vn 0.581775606 0.454297692 0.674648702
vn -0.0169766173 0.286638588 0.957888424
vn 0.953042328 0.29272303 0.0776110366
vn 0.735431194 0.050563179 -0.675710201
vn -0.0258947425 -0.244910389 -0.969199836
vn 0.929227114 0.361590087 0.0760884508
vn 0.765696466 0.0420904644 -0.641823471
vn 0.804264486 0.0479793139 -0.592331588
vn 0.107726984 -0.308665067 -0.945050657
vn 0.0564462841 -0.301535726 -0.951782584
vn 0.0699093267 -0.305938661 -0.94948101
vn 0.979115367 0.185325116 0.0835924372
vn 0.754979908 0.0154489055 -0.655565917
vn 0.975621462 0.20628871 0.0748840123
vn -0.0394640453 -0.190159425 -0.980959773
vn 0.672780037 0.257712781 0.69350636
vn -0.237136081 0.116322882 0.964487195
vn 0.756424665 0.025129389 -0.653597891
vn -0.0622655712 -0.22790879 -0.971689463
vn 0.684785247 0.249665096 0.684643328
vn -0.244496629 0.0478854924 0.968467057
vn 0.72163409 -0.0939702168 -0.68586725
vn 0.984323323 0.163097635 0.0671317801
vn -0.0215267632 -0.36043489 -0.932535887
vn 0.659589291 0.195726067 0.725694954
vn -0.226177379 -0.0654113665 0.97188741
vn 0.662345469 -0.415230304 -0.623604238
vn 0.150669128 -0.644054949 -0.749994755
vn 0.570348978 -0.0572703257 0.819403589
vn -0.0760308653 -0.281494886 0.956545889
vn 0.174925119 -0.770985425 0.612358391
vn 0.793891728 -0.582218945 -0.175376862
vn 0.245199591 -0.958694875 -0.144157127
vn 0.16963172 -0.95670712 0.236509219
vn 0.777005196 -0.583308935 0.236671984
vn 0.706776559 -0.408892393 0.57729882
vn 0.621717155 0.400074512 0.673355937
vn 0.650024116 0.193439156 0.734880865
vn -0.0451583192 0.184839085 0.981730819
vn 0.945768595 0.322750509 0.0367935635
vn 0.984082878 0.0729689896 0.162037805
vn 0.655110121 0.199096903 0.728828609
vn -0.0743361637 0.17374292 0.981981456
vn 0.748206854 0.026822051 -0.662923098
vn 0.793697655 -0.126134187 -0.59509182
vn 0.067569986 -0.291591078 -0.954153538
vn 0.97911042 0.0749875829 0.188996509
vn 0.964454234 0.147638246 0.219159395
vn 0.595651686 0.189858258 0.780482411
vn -0.15293169 -0.0135067934 0.988144398
vn 0.814613879 -0.102345884 -0.570902288
vn 0.0590077899 -0.285504043 -0.956559181
vn 0.0948041975 -0.412999541 -0.905783415
vn 0.499402821 -0.109000526 0.859485686
vn -0.0817159191 -0.359356552 0.929615736
vn -0.0964112654 -0.843079805 0.529075921
vn 0.784220099 -0.141737983 -0.604077101
vn 0.163293436 -0.716499329 -0.678206444
vn 0.719350874 -0.4142299 0.557627022
vn -0.110483371 -0.962433636 0.248022243
vn 0.712108731 -0.490804732 -0.502007782
vn 0.0373114161 -0.996854246 -0.0699243173
vn 0.770198643 -0.562636733 0.300389498
vn 0.745930493 -0.665833414 -0.0159263778
vn 0.608019888 0.0313963294 -0.793300748
vn 0.623341739 -0.0321743749 -0.781287253
vn -0.232571438 -0.264138013 -0.936024427
vn 0.984409809 0.126750529 -0.121948697
vn 0.989542842 0.081734173 -0.118846774
vn 0.64241159 -0.0849008486 -0.761642516
vn -0.293759376 -0.268059462 -0.917523563
vn 0.815455198 0.193422616 0.545546055
vn 0.63381815 -0.118752256 -0.764311671
vn 0.985714376 0.103513502 -0.132860914
vn -0.259535968 -0.363335818 -0.894778252
vn 0.824895263 0.182700202 0.534947157
vn -0.111258686 0.106637195 0.98805362
vn -0.0951251313 0.00677581551 0.995442271
vn 0.519762754 -0.369347095 -0.770343721
vn -0.0735929459 -0.641734183 -0.763388157
vn 0.823117614 0.191836327 0.534486949
vn 0.0411675237 -0.28444466 0.957808137
vn 0.694902062 -0.611986518 -0.377602577
vn 0.0530169718 -0.974214137 -0.219307885
vn 0.720063865 -0.0800095499 0.689279735
vn 0.132870182 -0.760448635 0.635659695
vn 0.728327096 -0.682105362 0.0653601587
vn 0.034143392 -0.974188328 0.223139703
vn 0.768461525 -0.472613186 0.431397438
vn -0.0531454124 0.934189916 0.352795422
vn 0.232008189 0.0531846657 0.9712587
vn 0.189034775 0.214618236 0.958230138
vn -0.0894221216 0.957322121 0.274841905
vn 0.327709794 -0.708004892 0.625568151
vn -0.113210045 0.83813709 0.533581972
vn 0.312400639 -0.794259489 0.521112025
vn -0.10333553 0.856074154 0.506417632
vn 0.265033305 -0.718873262 0.642634153
vn -0.0858978629 0.877342343 0.472114295
vn 0.279148519 -0.730373979 0.623401999
vn -0.0637894571 0.884442747 0.462268144
vn 0.266561478 -0.731365204 0.627734065
vn -0.0481783673 0.889814675 0.453771591
vn 0.289949775 -0.716460764 0.634517968
vn -0.0473956689 0.888890862 0.455660731
vn 0.286065608 -0.722841501 0.629020452
vn -0.0187900588 0.877691805 0.478856981
vn 0.284967422 -0.722505212 0.629904568
vn 0.0116375452 0.858167768 0.513237298
vn 0.306359708 -0.675836205 0.670365036
vn 0.137846723 0.704596698 0.696090341
vn 0.357551485 -0.438817233 0.824376404
vn 0.334994346 0.130469501 0.933143377
vn 0.49662751 -0.754186571 -0.429608971
vn 0.608253062 -0.769178033 0.195942059
vn 0.753297031 -0.651588142 -0.0893109515
vn 0.542786777 -0.780170023 -0.310994178
vn 0.824348092 -0.5484128 0.1403341
vn 0.127942935 -0.989061236 -0.0734073445
vn 0.654117286 -0.390735745 0.647654414
vn 0.100826353 -0.95529741 0.277922332
vn 0.293508977 -0.791476727 0.536112845
vn 0.851840198 0.506149292 -0.134837478
vn 0.983325005 0.181578457 -0.0100585595
vn 0.975077212 0.199767753 -0.0965257287
vn 0.610567212 0.192077741 -0.768318832
vn 0.903463781 0.0278782714 -0.427757055
vn 0.679361463 -0.178891927 -0.711663961
vn 0.410007238 0.827552795 0.383471519
vn 0.398199141 -0.163321897 -0.902642429
vn 0.644295156 -0.196167096 -0.739190221
vn 0.489376962 -0.315127254 -0.813145161
vn 0.767299831 -0.174713299 -0.617030203
vn 0.840889037 -0.2030112 -0.501689255
vn 0.671066523 -0.419529051 -0.611281633
vn 0.924723208 -0.320485204 -0.205368564
vn 0.706315458 -0.621573806 -0.33876884
vn 0.901774526 -0.421191126 -0.0969576761
vn 0.596162915 -0.799571395 0.0726325214
vn 0.816501141 -0.576647937 0.0283368584
vn 0.473032564 -0.604309559 0.641131938
vn 0.654651523 -0.318743706 0.685444295
vn 0.773327827 -0.111984722 0.624038041
vn 0.896185458 0.0634942353 0.439112663
vn 0.994751513 -0.099582471 0.0235108417
vn -0.278376848 -0.831399024 -0.480917871
vn 0.0582419224 -0.958250165 0.279936582
vn 0.894383311 -0.0649212003 0.442565054
vn 0.880801558 0.259475619 0.396056861
vn 0.998954177 0.0454943515 0.00457209256
vn 0.185740054 -0.97440809 -0.126608163
vn 0.0822389424 -0.768439114 -0.634616435
vn 0.949215472 -0.279498249 -0.144466907
vn 0.979445636 -0.172127858 0.105157934
vn 0.945484281 -0.0563398302 0.320757389
vn 0.0736535788 -0.852719545 -0.517150342
vn 0.990591228 -0.0433940627 0.12979193
vn 0.977531791 0.06575571 0.200269192
vn 0.832188785 0.245226532 0.497318476
vn 0.823579848 0.452628642 0.341824025
vn 0.0850206167 -0.656560183 -0.749466658
vn 0.972890556 0.0151272351 0.230770454
vn 0.152057409 -0.616481423 -0.772547185
vn 0.948452473 -0.104341887 0.299250007
vn -0.0677191988 -0.413118482 -0.908155918
vn -0.0333261676 -0.374033749 -0.926816106
vn 0.936699033 -0.147629991 0.317490518
vn 0.0406361222 -0.0261828061 -0.998830855
vn 0.787919283 -0.0133132739 0.615634561
vn 0.917094588 -0.104210258 0.384808779
vn 0.89741987 0.0213743746 0.440659314
vn 0.0290142521 0.14327617 -0.989257395
vn 0.190395623 0.718771636 -0.668667912
vn 0.798129022 -0.0490313843 0.600488067
vn 0.791623831 -0.0460278057 0.609272718
vn 0.904312134 -0.0409408361 0.424904048
vn 0.862473607 0.0838141367 0.49911359
vn 0.876697302 0.080509223 0.47425741
vn 0.0660210103 0.860662937 -0.504876792
vn 0.326258689 0.896328092 0.300252169
vn 0.921745837 -0.068683356 0.38166368
vn 0.357758254 0.797936499 0.485083818
vn 0.556834161 0.618103862 0.554872453
vn 0.973679483 -0.184640124 0.133627534
vn 0.459868819 0.639744818 0.615830541
vn 0.961684346 -0.273934484 0.011097786
vn 0.896879852 0.32836926 0.296277195
vn 0.846356153 0.29908675 0.440713614
vn 0.965410233 -0.2531192 -0.0625595525
vn 0.958907366 0.179103047 0.220042795
vn 0.926021576 -0.178939104 0.332362592
vn 0.980114758 0.0295747127 0.196215555
vn 0.970768511 -0.0280372445 -0.238374442
vn 0.989893138 -0.050602328 -0.132480204
vn 0.974624217 -0.223555952 -0.0114215724
vn 0.93934685 -0.337125748 0.0630375519
vn 0.896150827 0.0239959806 -0.443100393
vn 0.63940841 -0.150451869 -0.754003346
vn 0.971793056 -0.129318833 -0.19721821
vn 0.793781221 0.267297029 0.546318173
g HanWuDi_ShengTi_0
f 3/3/3 2/2/2 1/1/1
f 6/6/6 5/5/5 4/4/4
f 9/9/9 8/8/8 7/7/7
f 10/10/10 9/9/9 7/7/7
f 7/7/7 11/11/11 10/10/10
f 12/12/12 9/9/9 10/10/10
f 11/11/11 13/13/13 10/10/10
f 11/11/11 14/14/14 13/13/13
f 13/13/13 14/14/14 15/15/15
f 10/10/10 13/13/13 15/15/15
f 14/14/14 16/16/16 15/15/15
f 15/15/15 16/16/16 17/17/17
f 16/16/16 18/18/18 17/17/17
f 18/18/18 19/19/19 17/17/17
f 20/20/20 12/12/12 10/10/10
f 20/20/20 10/10/10 15/15/15
f 20/20/20 15/15/15 17/17/17
f 12/12/12 20/20/20 21/21/21
f 20/20/20 22/22/22 21/21/21
f 22/22/22 20/20/20 17/17/17
f 17/17/17 23/23/23 22/22/22
f 24/24/24 23/23/23 17/17/17
f 19/19/19 24/24/24 17/17/17
f 25/25/25 21/21/21 22/22/22
f 26/26/26 24/24/24 19/19/19
f 23/23/23 24/24/24 26/26/26
f 27/27/27 26/26/26 19/19/19
f 26/26/26 27/27/27 28/28/28
f 27/27/27 29/29/29 28/28/28
f 28/28/28 29/29/29 30/30/30
f 29/29/29 31/31/31 30/30/30
f 32/32/32 30/30/30 31/31/31
f 33/33/33 32/32/32 31/31/31
f 32/32/32 34/34/34 30/30/30
f 34/34/34 35/35/35 30/30/30
f 30/30/30 35/35/35 28/28/28
f 35/35/35 34/34/34 36/36/36
f 28/28/28 37/37/37 26/26/26
f 35/35/35 37/37/37 28/28/28
f 38/38/38 35/35/35 36/36/36
f 35/35/35 38/38/38 37/37/37
f 38/38/38 36/36/36 39/39/39
f 36/36/36 40/40/40 39/39/39
f 40/40/40 41/41/41 39/39/39
f 41/41/41 42/42/42 39/39/39
f 43/43/43 38/38/38 39/39/39
f 38/38/38 43/43/43 37/37/37
f 44/44/44 39/39/39 42/42/42
f 44/44/44 43/43/43 39/39/39
f 45/45/45 44/44/44 42/42/42
f 46/46/46 44/44/44 45/45/45
f 46/46/46 45/45/45 47/47/47
f 44/44/44 46/46/46 48/48/48
f 44/44/44 48/48/48 43/43/43
f 48/48/48 49/49/49 43/43/43
f 43/43/43 49/49/49 37/37/37
f 49/49/49 48/48/48 50/50/50
f 49/49/49 51/51/51 37/37/37
f 37/37/37 51/51/51 26/26/26
f 23/23/23 26/26/26 51/51/51
f 52/52/52 49/49/49 50/50/50
f 49/49/49 52/52/52 51/51/51
f 53/53/53 23/23/23 51/51/51
f 52/52/52 53/53/53 51/51/51
f 54/54/54 52/52/52 50/50/50
f 54/54/54 50/50/50 55/55/55
f 54/54/54 55/55/55 56/56/56
f 57/57/57 54/54/54 56/56/56
f 57/57/57 58/58/58 54/54/54
f 54/54/54 59/59/59 52/52/52
f 53/53/53 52/52/52 59/59/59
f 58/58/58 59/59/59 54/54/54
f 60/60/60 53/53/53 59/59/59
f 23/23/23 53/53/53 60/60/60
f 61/61/61 59/59/59 58/58/58
f 60/60/60 59/59/59 61/61/61
f 62/62/62 61/61/61 58/58/58
f 61/61/61 62/62/62 63/63/63
f 60/60/60 61/61/61 63/63/63
f 62/62/62 64/64/64 63/63/63
f 64/64/64 65/65/65 63/63/63
f 23/23/23 60/60/60 66/66/66
f 66/66/66 60/60/60 63/63/63
f 65/65/65 67/67/67 63/63/63
f 66/66/66 63/63/63 67/67/67
f 67/67/67 65/65/65 68/68/68
f 69/69/69 23/23/23 66/66/66
f 23/23/23 69/69/69 22/22/22
f 70/70/70 66/66/66 67/67/67
f 69/69/69 66/66/66 70/70/70
f 71/71/71 67/67/67 68/68/68
f 71/71/71 70/70/70 67/67/67
f 71/71/71 68/68/68 72/72/72
f 68/68/68 73/73/73 72/72/72
f 74/74/74 22/22/22 69/69/69
f 74/74/74 25/25/25 22/22/22
f 69/69/69 70/70/70 75/75/75
f 74/74/74 69/69/69 75/75/75
f 74/74/74 75/75/75 25/25/25
f 75/75/75 70/70/70 71/71/71
f 75/75/75 76/76/76 25/25/25
f 77/77/77 75/75/75 71/71/71
f 76/76/76 75/75/75 77/77/77
f 71/71/71 72/72/72 77/77/77
f 78/78/78 76/76/76 77/77/77
f 77/77/77 72/72/72 78/78/78
f 72/72/72 79/79/79 78/78/78
f 79/79/79 72/72/72 80/80/80
f 81/81/81 72/72/72 73/73/73
f 72/72/72 81/81/81 80/80/80
f 82/82/82 81/81/81 73/73/73
f 80/80/80 81/81/81 83/83/83
f 81/81/81 82/82/82 84/84/84
f 81/81/81 84/84/84 83/83/83
f 87/87/87 86/86/86 85/85/85
f 87/87/87 88/88/88 86/86/86
f 87/87/87 89/89/89 88/88/88
f 90/90/90 89/89/89 87/87/87
f 91/91/91 90/90/90 87/87/87
f 91/91/91 87/87/87 92/92/92
f 87/87/87 93/93/93 92/92/92
f 87/87/87 94/94/94 93/93/93
f 95/95/95 93/93/93 94/94/94
f 96/96/96 95/95/95 94/94/94
f 97/97/97 96/96/96 94/94/94
f 98/98/98 93/93/93 95/95/95
f 95/95/95 96/96/96 98/98/98
f 99/99/99 96/96/96 97/97/97
f 100/100/100 99/99/99 97/97/97
f 100/100/100 101/101/101 99/99/99
f 102/102/102 98/98/98 96/96/96
f 99/99/99 102/102/102 96/96/96
f 101/101/101 103/103/103 99/99/99
f 99/99/99 103/103/103 102/102/102
f 98/98/98 102/102/102 104/104/104
f 103/103/103 104/104/104 102/102/102
f 93/93/93 98/98/98 104/104/104
f 103/103/103 101/101/101 105/105/105
f 104/104/104 103/103/103 105/105/105
f 104/104/104 105/105/105 93/93/93
f 106/106/106 105/105/105 101/101/101
f 106/106/106 93/93/93 105/105/105
f 107/107/107 93/93/93 106/106/106
f 108/108/108 107/107/107 106/106/106
f 106/106/106 109/109/109 108/108/108
f 106/106/106 110/110/110 109/109/109
f 106/106/106 111/111/111 110/110/110
f 106/106/106 112/112/112 111/111/111
f 115/115/115 114/114/114 113/113/113
f 116/116/116 115/115/115 113/113/113
f 118/118/118 113/113/113 117/117/117
f 119/119/119 118/118/118 117/117/117
f 117/117/117 120/120/120 119/119/119
f 118/118/118 119/119/119 121/121/121
f 122/122/122 118/118/118 121/121/121
f 120/120/120 123/123/123 119/119/119
f 123/123/123 120/120/120 124/124/124
f 125/125/125 123/123/123 124/124/124
f 119/119/119 123/123/123 126/126/126
f 119/119/119 126/126/126 121/121/121
f 123/123/123 125/125/125 127/127/127
f 123/123/123 127/127/127 126/126/126
f 125/125/125 128/128/128 127/127/127
f 128/128/128 125/125/125 129/129/129
f 127/127/127 130/130/130 126/126/126
f 126/126/126 131/131/131 121/121/121
f 130/130/130 131/131/131 126/126/126
f 128/128/128 132/132/132 127/127/127
f 132/132/132 130/130/130 127/127/127
f 133/133/133 122/122/122 121/121/121
f 131/131/131 134/134/134 121/121/121
f 121/121/121 134/134/134 133/133/133
f 135/135/135 122/122/122 133/133/133
f 122/122/122 135/135/135 136/136/136
f 135/135/135 137/137/137 136/136/136
f 137/137/137 135/135/135 138/138/138
f 139/139/139 137/137/137 138/138/138
f 138/138/138 140/140/140 139/139/139
f 140/140/140 141/141/141 139/139/139
f 141/141/141 140/140/140 142/142/142
f 140/140/140 143/143/143 142/142/142
f 144/144/144 142/142/142 143/143/143
f 145/145/145 144/144/144 143/143/143
f 146/146/146 144/144/144 145/145/145
f 143/143/143 140/140/140 147/147/147
f 143/143/143 147/147/147 145/145/145
f 140/140/140 138/138/138 148/148/148
f 140/140/140 148/148/148 147/147/147
f 138/138/138 135/135/135 149/149/149
f 138/138/138 149/149/149 148/148/148
f 135/135/135 150/150/150 149/149/149
f 150/150/150 135/135/135 133/133/133
f 133/133/133 151/151/151 150/150/150
f 134/134/134 151/151/151 133/133/133
f 148/148/148 149/149/149 152/152/152
f 153/153/153 149/149/149 150/150/150
f 149/149/149 153/153/153 152/152/152
f 154/154/154 147/147/147 148/148/148
f 152/152/152 154/154/154 148/148/148
f 151/151/151 155/155/155 150/150/150
f 155/155/155 153/153/153 150/150/150
f 134/134/134 156/156/156 151/151/151
f 151/151/151 157/157/157 155/155/155
f 156/156/156 157/157/157 151/151/151
f 156/156/156 134/134/134 158/158/158
f 134/134/134 131/131/131 158/158/158
f 159/159/159 158/158/158 131/131/131
f 130/130/130 159/159/159 131/131/131
f 156/156/156 158/158/158 160/160/160
f 160/160/160 158/158/158 159/159/159
f 156/156/156 161/161/161 157/157/157
f 161/161/161 156/156/156 160/160/160
f 159/159/159 130/130/130 162/162/162
f 130/130/130 132/132/132 162/162/162
f 163/163/163 152/152/152 153/153/153
f 164/164/164 153/153/153 155/155/155
f 164/164/164 163/163/163 153/153/153
f 157/157/157 165/165/165 155/155/155
f 165/165/165 164/164/164 155/155/155
f 157/157/157 166/166/166 165/165/165
f 161/161/161 166/166/166 157/157/157
f 165/165/165 167/167/167 164/164/164
f 166/166/166 167/167/167 165/165/165
f 163/163/163 168/168/168 152/152/152
f 168/168/168 154/154/154 152/152/152
f 163/163/163 164/164/164 169/169/169
f 167/167/167 169/169/169 164/164/164
f 163/163/163 170/170/170 168/168/168
f 170/170/170 163/163/163 169/169/169
f 166/166/166 161/161/161 171/171/171
f 166/166/166 172/172/172 167/167/167
f 172/172/172 166/166/166 171/171/171
f 167/167/167 173/173/173 169/169/169
f 172/172/172 173/173/173 167/167/167
f 173/173/173 174/174/174 169/169/169
f 169/169/169 174/174/174 170/170/170
f 175/175/175 171/171/171 161/161/161
f 160/160/160 175/175/175 161/161/161
f 173/173/173 172/172/172 176/176/176
f 173/173/173 176/176/176 174/174/174
f 174/174/174 177/177/177 170/170/170
f 170/170/170 178/178/178 168/168/168
f 170/170/170 177/177/177 178/178/178
f 176/176/176 179/179/179 174/174/174
f 174/174/174 179/179/179 177/177/177
f 171/171/171 180/180/180 172/172/172
f 171/171/171 175/175/175 181/181/181
f 180/180/180 171/171/171 181/181/181
f 172/172/172 182/182/182 176/176/176
f 180/180/180 182/182/182 172/172/172
f 183/183/183 175/175/175 160/160/160
f 184/184/184 181/181/181 175/175/175
f 183/183/183 184/184/184 175/175/175
f 183/183/183 185/185/185 184/184/184
f 183/183/183 186/186/186 185/185/185
f 186/186/186 183/183/183 160/160/160
f 186/186/186 160/160/160 159/159/159
f 186/186/186 159/159/159 187/187/187
f 186/186/186 187/187/187 185/185/185
f 159/159/159 162/162/162 187/187/187
f 182/182/182 188/188/188 176/176/176
f 180/180/180 189/189/189 182/182/182
f 189/189/189 188/188/188 182/182/182
f 180/180/180 181/181/181 190/190/190
f 189/189/189 180/180/180 190/190/190
f 181/181/181 184/184/184 191/191/191
f 190/190/190 181/181/181 191/191/191
f 188/188/188 192/192/192 176/176/176
f 176/176/176 192/192/192 179/179/179
f 193/193/193 187/187/187 162/162/162
f 194/194/194 193/193/193 162/162/162
f 194/194/194 162/162/162 132/132/132
f 187/187/187 193/193/193 195/195/195
f 185/185/185 187/187/187 195/195/195
f 196/196/196 194/194/194 132/132/132
f 132/132/132 128/128/128 196/196/196
f 128/128/128 197/197/197 196/196/196
f 197/197/197 128/128/128 129/129/129
f 198/198/198 193/193/193 194/194/194
f 194/194/194 196/196/196 199/199/199
f 199/199/199 198/198/198 194/194/194
f 195/195/195 193/193/193 200/200/200
f 193/193/193 198/198/198 200/200/200
f 200/200/200 201/201/201 195/195/195
f 202/202/202 200/200/200 198/198/198
f 200/200/200 202/202/202 201/201/201
f 195/195/195 203/203/203 185/185/185
f 201/201/201 203/203/203 195/195/195
f 196/196/196 197/197/197 204/204/204
f 196/196/196 204/204/204 199/199/199
f 205/205/205 198/198/198 199/199/199
f 205/205/205 202/202/202 198/198/198
f 206/206/206 199/199/199 204/204/204
f 206/206/206 205/205/205 199/199/199
f 197/197/197 207/207/207 204/204/204
f 208/208/208 206/206/206 204/204/204
f 208/208/208 204/204/204 207/207/207
f 205/205/205 206/206/206 209/209/209
f 209/209/209 206/206/206 208/208/208
f 207/207/207 197/197/197 210/210/210
f 197/197/197 129/129/129 210/210/210
f 211/211/211 210/210/210 129/129/129
f 212/212/212 211/211/211 129/129/129
f 211/211/211 213/213/213 210/210/210
f 207/207/207 210/210/210 214/214/214
f 214/214/214 208/208/208 207/207/207
f 213/213/213 215/215/215 210/210/210
f 210/210/210 215/215/215 214/214/214
f 213/213/213 216/216/216 215/215/215
f 216/216/216 217/217/217 215/215/215
f 218/218/218 214/214/214 215/215/215
f 217/217/217 218/218/218 215/215/215
f 214/214/214 218/218/218 208/208/208
f 217/217/217 219/219/219 218/218/218
f 218/218/218 220/220/220 208/208/208
f 220/220/220 209/209/209 208/208/208
f 219/219/219 221/221/221 218/218/218
f 218/218/218 221/221/221 220/220/220
f 219/219/219 222/222/222 221/221/221
f 219/219/219 223/223/223 222/222/222
f 221/221/221 224/224/224 220/220/220
f 209/209/209 220/220/220 224/224/224
f 223/223/223 225/225/225 222/222/222
f 225/225/225 226/226/226 222/222/222
f 224/224/224 221/221/221 227/227/227
f 222/222/222 227/227/227 221/221/221
f 226/226/226 228/228/228 222/222/222
f 226/226/226 229/229/229 228/228/228
f 227/227/227 222/222/222 230/230/230
f 222/222/222 228/228/228 230/230/230
f 231/231/231 224/224/224 227/227/227
f 227/227/227 230/230/230 231/231/231
f 232/232/232 209/209/209 224/224/224
f 224/224/224 231/231/231 232/232/232
f 229/229/229 233/233/233 228/228/228
f 229/229/229 234/234/234 233/233/233
f 233/233/233 235/235/235 228/228/228
f 235/235/235 230/230/230 228/228/228
f 234/234/234 236/236/236 233/233/233
f 235/235/235 233/233/233 236/236/236
f 236/236/236 234/234/234 237/237/237
f 238/238/238 209/209/209 232/232/232
f 238/238/238 205/205/205 209/209/209
f 202/202/202 205/205/205 238/238/238
f 239/239/239 236/236/236 237/237/237
f 237/237/237 240/240/240 239/239/239
f 240/240/240 241/241/241 239/239/239
f 240/240/240 242/242/242 241/241/241
f 236/236/236 239/239/239 243/243/243
f 239/239/239 241/241/241 243/243/243
f 244/244/244 235/235/235 236/236/236
f 244/244/244 236/236/236 243/243/243
f 235/235/235 244/244/244 245/245/245
f 235/235/235 245/245/245 230/230/230
f 242/242/242 246/246/246 241/241/241
f 242/242/242 146/146/146 246/246/246
f 244/244/244 243/243/243 247/247/247
f 244/244/244 247/247/247 245/245/245
f 245/245/245 248/248/248 230/230/230
f 230/230/230 248/248/248 231/231/231
f 146/146/146 249/249/249 246/246/246
f 249/249/249 146/146/146 145/145/145
f 249/249/249 250/250/250 246/246/246
f 250/250/250 249/249/249 145/145/145
f 246/246/246 251/251/251 241/241/241
f 250/250/250 251/251/251 246/246/246
f 241/241/241 252/252/252 243/243/243
f 251/251/251 252/252/252 241/241/241
f 243/243/243 253/253/253 247/247/247
f 243/243/243 252/252/252 253/253/253
f 252/252/252 251/251/251 254/254/254
f 254/254/254 251/251/251 250/250/250
f 255/255/255 250/250/250 145/145/145
f 147/147/147 255/255/255 145/145/145
f 256/256/256 250/250/250 255/255/255
f 256/256/256 254/254/254 250/250/250
f 257/257/257 255/255/255 147/147/147
f 257/257/257 256/256/256 255/255/255
f 154/154/154 257/257/257 147/147/147
f 258/258/258 257/257/257 154/154/154
f 168/168/168 258/258/258 154/154/154
f 259/259/259 256/256/256 257/257/257
f 258/258/258 259/259/259 257/257/257
f 260/260/260 258/258/258 168/168/168
f 178/178/178 260/260/260 168/168/168
f 261/261/261 252/252/252 254/254/254
f 252/252/252 261/261/261 253/253/253
f 254/254/254 256/256/256 262/262/262
f 256/256/256 259/259/259 262/262/262
f 261/261/261 254/254/254 263/263/263
f 253/253/253 261/261/261 263/263/263
f 254/254/254 262/262/262 263/263/263
f 264/264/264 259/259/259 258/258/258
f 260/260/260 264/264/264 258/258/258
f 262/262/262 259/259/259 265/265/265
f 259/259/259 264/264/264 265/265/265
f 178/178/178 266/266/266 260/260/260
f 177/177/177 266/266/266 178/178/178
f 267/267/267 253/253/253 263/263/263
f 253/253/253 267/267/267 247/247/247
f 268/268/268 263/263/263 262/262/262
f 265/265/265 268/268/268 262/262/262
f 266/266/266 177/177/177 269/269/269
f 179/179/179 269/269/269 177/177/177
f 267/267/267 270/270/270 247/247/247
f 247/247/247 270/270/270 245/245/245
f 271/271/271 267/267/267 263/263/263
f 268/268/268 271/271/271 263/263/263
f 269/269/269 179/179/179 272/272/272
f 192/192/192 272/272/272 179/179/179
f 270/270/270 273/273/273 245/245/245
f 248/248/248 245/245/245 273/273/273
f 274/274/274 270/270/270 267/267/267
f 271/271/271 274/274/274 267/267/267
f 273/273/273 270/270/270 275/275/275
f 270/270/270 274/274/274 275/275/275
f 276/276/276 275/275/275 274/274/274
f 277/277/277 274/274/274 271/271/271
f 277/277/277 276/276/276 274/274/274
f 278/278/278 271/271/271 268/268/268
f 278/278/278 277/277/277 271/271/271
f 277/277/277 279/279/279 276/276/276
f 279/279/279 277/277/277 278/278/278
f 280/280/280 278/278/278 268/268/268
f 280/280/280 268/268/268 265/265/265
f 281/281/281 279/279/279 278/278/278
f 281/281/281 278/278/278 280/280/280
f 282/282/282 280/280/280 265/265/265
f 282/282/282 265/265/265 264/264/264
f 283/283/283 281/281/281 280/280/280
f 280/280/280 282/282/282 283/283/283
f 284/284/284 282/282/282 264/264/264
f 284/284/284 264/264/264 260/260/260
f 282/282/282 285/285/285 283/283/283
f 285/285/285 282/282/282 284/284/284
f 286/286/286 284/284/284 260/260/260
f 266/266/266 286/286/286 260/260/260
f 287/287/287 284/284/284 286/286/286
f 287/287/287 285/285/285 284/284/284
f 288/288/288 286/286/286 266/266/266
f 288/288/288 287/287/287 286/286/286
f 289/289/289 288/288/288 266/266/266
f 289/289/289 266/266/266 269/269/269
f 290/290/290 281/281/281 283/283/283
f 291/291/291 283/283/283 285/285/285
f 291/291/291 290/290/290 283/283/283
f 292/292/292 285/285/285 287/287/287
f 292/292/292 291/291/291 285/285/285
f 293/293/293 287/287/287 288/288/288
f 293/293/293 292/292/292 287/287/287
f 294/294/294 288/288/288 289/289/289
f 294/294/294 293/293/293 288/288/288
f 295/295/295 289/289/289 269/269/269
f 295/295/295 294/294/294 289/289/289
f 290/290/290 296/296/296 281/281/281
f 296/296/296 279/279/279 281/281/281
f 297/297/297 295/295/295 269/269/269
f 297/297/297 269/269/269 272/272/272
f 298/298/298 290/290/290 291/291/291
f 299/299/299 291/291/291 292/292/292
f 299/299/299 298/298/298 291/291/291
f 292/292/292 293/293/293 300/300/300
f 300/300/300 299/299/299 292/292/292
f 293/293/293 294/294/294 301/301/301
f 293/293/293 301/301/301 300/300/300
f 296/296/296 290/290/290 302/302/302
f 290/290/290 298/298/298 302/302/302
f 296/296/296 303/303/303 279/279/279
f 296/296/296 302/302/302 303/303/303
f 294/294/294 304/304/304 301/301/301
f 294/294/294 295/295/295 304/304/304
f 305/305/305 295/295/295 297/297/297
f 295/295/295 305/305/305 304/304/304
f 303/303/303 306/306/306 279/279/279
f 279/279/279 306/306/306 276/276/276
f 307/307/307 306/306/306 303/303/303
f 276/276/276 306/306/306 307/307/307
f 308/308/308 307/307/307 303/303/303
f 309/309/309 276/276/276 307/307/307
f 308/308/308 303/303/303 310/310/310
f 302/302/302 310/310/310 303/303/303
f 311/311/311 308/308/308 310/310/310
f 276/276/276 309/309/309 312/312/312
f 275/275/275 276/276/276 312/312/312
f 309/309/309 313/313/313 312/312/312
f 311/311/311 310/310/310 314/314/314
f 314/314/314 310/310/310 302/302/302
f 315/315/315 311/311/311 314/314/314
f 315/315/315 314/314/314 316/316/316
f 317/317/317 275/275/275 312/312/312
f 273/273/273 275/275/275 317/317/317
f 318/318/318 312/312/312 313/313/313
f 317/317/317 312/312/312 318/318/318
f 319/319/319 318/318/318 313/313/313
f 320/320/320 314/314/314 302/302/302
f 320/320/320 302/302/302 298/298/298
f 314/314/314 321/321/321 316/316/316
f 320/320/320 321/321/321 314/314/314
f 322/322/322 316/316/316 321/321/321
f 323/323/323 322/322/322 321/321/321
f 324/324/324 320/320/320 298/298/298
f 321/321/321 320/320/320 324/324/324
f 324/324/324 298/298/298 299/299/299
f 323/323/323 321/321/321 325/325/325
f 325/325/325 321/321/321 324/324/324
f 326/326/326 323/323/323 325/325/325
f 327/327/327 324/324/324 299/299/299
f 325/325/325 324/324/324 327/327/327
f 299/299/299 300/300/300 327/327/327
f 326/326/326 325/325/325 328/328/328
f 328/328/328 325/325/325 327/327/327
f 329/329/329 326/326/326 328/328/328
f 300/300/300 330/330/330 327/327/327
f 327/327/327 330/330/330 328/328/328
f 300/300/300 301/301/301 330/330/330
f 301/301/301 331/331/331 330/330/330
f 330/330/330 331/331/331 328/328/328
f 331/331/331 301/301/301 304/304/304
f 329/329/329 328/328/328 332/332/332
f 331/331/331 332/332/332 328/328/328
f 333/333/333 329/329/329 332/332/332
f 334/334/334 331/331/331 304/304/304
f 332/332/332 331/331/331 334/334/334
f 304/304/304 305/305/305 334/334/334
f 333/333/333 332/332/332 335/335/335
f 335/335/335 332/332/332 334/334/334
f 336/336/336 333/333/333 335/335/335
f 305/305/305 337/337/337 334/334/334
f 337/337/337 335/335/335 334/334/334
f 336/336/336 335/335/335 338/338/338
f 339/339/339 336/336/336 338/338/338
f 338/338/338 340/340/340 339/339/339
f 340/340/340 341/341/341 339/339/339
f 338/338/338 335/335/335 342/342/342
f 335/335/335 337/337/337 342/342/342
f 340/340/340 338/338/338 342/342/342
f 337/337/337 305/305/305 343/343/343
f 342/342/342 337/337/337 343/343/343
f 343/343/343 305/305/305 297/297/297
f 343/343/343 297/297/297 344/344/344
f 343/343/343 344/344/344 342/342/342
f 297/297/297 272/272/272 344/344/344
f 344/344/344 345/345/345 342/342/342
f 345/345/345 340/340/340 342/342/342
f 346/346/346 344/344/344 272/272/272
f 344/344/344 346/346/346 345/345/345
f 192/192/192 346/346/346 272/272/272
f 341/341/341 340/340/340 347/347/347
f 341/341/341 347/347/347 348/348/348
f 348/348/348 347/347/347 349/349/349
f 347/347/347 350/350/350 349/349/349
f 351/351/351 350/350/350 347/347/347
f 340/340/340 351/351/351 347/347/347
f 351/351/351 352/352/352 350/350/350
f 340/340/340 345/345/345 353/353/353
f 351/351/351 340/340/340 353/353/353
f 346/346/346 353/353/353 345/345/345
f 351/351/351 353/353/353 354/354/354
f 352/352/352 351/351/351 354/354/354
f 354/354/354 353/353/353 346/346/346
f 355/355/355 346/346/346 192/192/192
f 355/355/355 354/354/354 346/346/346
f 188/188/188 355/355/355 192/192/192
f 354/354/354 356/356/356 352/352/352
f 354/354/354 355/355/355 356/356/356
f 356/356/356 357/357/357 352/352/352
f 358/358/358 357/357/357 356/356/356
f 359/359/359 355/355/355 188/188/188
f 355/355/355 359/359/359 356/356/356
f 189/189/189 359/359/359 188/188/188
f 360/360/360 356/356/356 359/359/359
f 360/360/360 358/358/358 356/356/356
f 359/359/359 189/189/189 361/361/361
f 361/361/361 360/360/360 359/359/359
f 189/189/189 190/190/190 361/361/361
f 362/362/362 361/361/361 190/190/190
f 191/191/191 362/362/362 190/190/190
f 361/361/361 363/363/363 360/360/360
f 361/361/361 362/362/362 363/363/363
f 360/360/360 364/364/364 358/358/358
f 363/363/363 364/364/364 360/360/360
f 364/364/364 365/365/365 358/358/358
f 365/365/365 366/366/366 358/358/358
f 367/367/367 366/366/366 365/365/365
f 368/368/368 367/367/367 365/365/365
f 368/368/368 365/365/365 364/364/364
f 368/368/368 369/369/369 367/367/367
f 368/368/368 370/370/370 369/369/369
f 370/370/370 371/371/371 369/369/369
f 371/371/371 370/370/370 372/372/372
f 373/373/373 368/368/368 364/364/364
f 364/364/364 363/363/363 373/373/373
f 368/368/368 373/373/373 370/370/370
f 370/370/370 374/374/374 372/372/372
f 372/372/372 374/374/374 375/375/375
f 374/374/374 376/376/376 375/375/375
f 375/375/375 376/376/376 377/377/377
f 374/374/374 370/370/370 378/378/378
f 376/376/376 374/374/374 378/378/378
f 373/373/373 379/379/379 370/370/370
f 370/370/370 379/379/379 378/378/378
f 363/363/363 380/380/380 373/373/373
f 379/379/379 373/373/373 380/380/380
f 379/379/379 381/381/381 378/378/378
f 381/381/381 379/379/379 380/380/380
f 363/363/363 382/382/382 380/380/380
f 362/362/362 382/382/382 363/363/363
f 382/382/382 383/383/383 380/380/380
f 381/381/381 380/380/380 383/383/383
f 384/384/384 382/382/382 362/362/362
f 383/383/383 382/382/382 384/384/384
f 385/385/385 384/384/384 362/362/362
f 385/385/385 362/362/362 191/191/191
f 386/386/386 385/385/385 191/191/191
f 191/191/191 184/184/184 386/386/386
f 184/184/184 387/387/387 386/386/386
f 185/185/185 387/387/387 184/184/184
f 381/381/381 388/388/388 378/378/378
f 389/389/389 381/381/381 383/383/383
f 388/388/388 381/381/381 389/389/389
f 390/390/390 383/383/383 384/384/384
f 389/389/389 383/383/383 390/390/390
f 384/384/384 385/385/385 391/391/391
f 384/384/384 391/391/391 390/390/390
f 385/385/385 386/386/386 392/392/392
f 385/385/385 392/392/392 391/391/391
f 386/386/386 387/387/387 393/393/393
f 386/386/386 393/393/393 392/392/392
f 392/392/392 393/393/393 394/394/394
f 387/387/387 395/395/395 393/393/393
f 395/395/395 387/387/387 185/185/185
f 394/394/394 393/393/393 395/395/395
f 396/396/396 395/395/395 185/185/185
f 203/203/203 396/396/396 185/185/185
f 395/395/395 396/396/396 397/397/397
f 397/397/397 394/394/394 395/395/395
f 398/398/398 396/396/396 203/203/203
f 396/396/396 398/398/398 397/397/397
f 391/391/391 392/392/392 399/399/399
f 399/399/399 392/392/392 394/394/394
f 400/400/400 398/398/398 203/203/203
f 400/400/400 203/203/203 201/201/201
f 401/401/401 397/397/397 398/398/398
f 397/397/397 401/401/401 394/394/394
f 402/402/402 398/398/398 400/400/400
f 402/402/402 401/401/401 398/398/398
f 403/403/403 391/391/391 399/399/399
f 399/399/399 394/394/394 404/404/404
f 399/399/399 404/404/404 403/403/403
f 401/401/401 405/405/405 394/394/394
f 394/394/394 405/405/405 404/404/404
f 391/391/391 403/403/403 406/406/406
f 391/391/391 406/406/406 390/390/390
f 407/407/407 390/390/390 406/406/406
f 407/407/407 389/389/389 390/390/390
f 408/408/408 389/389/389 407/407/407
f 408/408/408 388/388/388 389/389/389
f 409/409/409 405/405/405 401/401/401
f 404/404/404 405/405/405 410/410/410
f 405/405/405 409/409/409 410/410/410
f 404/404/404 411/411/411 403/403/403
f 411/411/411 404/404/404 410/410/410
f 403/403/403 412/412/412 406/406/406
f 403/403/403 411/411/411 412/412/412
f 413/413/413 407/407/407 406/406/406
f 406/406/406 412/412/412 413/413/413
f 414/414/414 408/408/408 407/407/407
f 414/414/414 407/407/407 413/413/413
f 415/415/415 409/409/409 401/401/401
f 415/415/415 401/401/401 402/402/402
f 416/416/416 388/388/388 408/408/408
f 417/417/417 408/408/408 414/414/414
f 417/417/417 416/416/416 408/408/408
f 416/416/416 418/418/418 388/388/388
f 418/418/418 378/378/378 388/388/388
f 418/418/418 376/376/376 378/378/378
f 419/419/419 376/376/376 418/418/418
f 416/416/416 419/419/419 418/418/418
f 376/376/376 419/419/419 377/377/377
f 419/419/419 416/416/416 420/420/420
f 377/377/377 419/419/419 420/420/420
f 416/416/416 417/417/417 420/420/420
f 421/421/421 377/377/377 420/420/420
f 422/422/422 417/417/417 414/414/414
f 420/420/420 417/417/417 422/422/422
f 421/421/421 420/420/420 423/423/423
f 423/423/423 420/420/420 422/422/422
f 424/424/424 421/421/421 423/423/423
f 422/422/422 414/414/414 425/425/425
f 425/425/425 414/414/414 413/413/413
f 423/423/423 426/426/426 424/424/424
f 426/426/426 427/427/427 424/424/424
f 426/426/426 428/428/428 427/427/427
f 422/422/422 429/429/429 423/423/423
f 429/429/429 426/426/426 423/423/423
f 429/429/429 422/422/422 425/425/425
f 425/425/425 413/413/413 430/430/430
f 412/412/412 430/430/430 413/413/413
f 428/428/428 426/426/426 431/431/431
f 426/426/426 429/429/429 431/431/431
f 429/429/429 425/425/425 432/432/432
f 431/431/431 429/429/429 432/432/432
f 432/432/432 425/425/425 430/430/430
f 432/432/432 430/430/430 433/433/433
f 428/428/428 431/431/431 434/434/434
f 431/431/431 432/432/432 434/434/434
f 435/435/435 428/428/428 434/434/434
f 412/412/412 436/436/436 430/430/430
f 411/411/411 436/436/436 412/412/412
f 432/432/432 437/437/437 434/434/434
f 432/432/432 433/433/433 437/437/437
f 438/438/438 435/435/435 434/434/434
f 438/438/438 434/434/434 437/437/437
f 435/435/435 438/438/438 439/439/439
f 438/438/438 440/440/440 439/439/439
f 440/440/440 438/438/438 441/441/441
f 441/441/441 438/438/438 437/437/437
f 442/442/442 440/440/440 441/441/441
f 437/437/437 443/443/443 441/441/441
f 433/433/433 443/443/443 437/437/437
f 441/441/441 444/444/444 442/442/442
f 443/443/443 444/444/444 441/441/441
f 444/444/444 445/445/445 442/442/442
f 446/446/446 445/445/445 444/444/444
f 444/444/444 443/443/443 447/447/447
f 443/443/443 433/433/433 447/447/447
f 448/448/448 446/446/446 444/444/444
f 448/448/448 444/444/444 447/447/447
f 446/446/446 448/448/448 449/449/449
f 450/450/450 446/446/446 449/449/449
f 448/448/448 447/447/447 451/451/451
f 449/449/449 448/448/448 451/451/451
f 449/449/449 452/452/452 450/450/450
f 452/452/452 453/453/453 450/450/450
f 433/433/433 454/454/454 447/447/447
f 451/451/451 447/447/447 454/454/454
f 449/449/449 451/451/451 455/455/455
f 452/452/452 449/449/449 455/455/455
f 453/453/453 452/452/452 456/456/456
f 457/457/457 453/453/453 456/456/456
f 458/458/458 457/457/457 456/456/456
f 459/459/459 456/456/456 452/452/452
f 455/455/455 459/459/459 452/452/452
f 460/460/460 458/458/458 456/456/456
f 456/456/456 459/459/459 460/460/460
f 461/461/461 458/458/458 460/460/460
f 462/462/462 461/461/461 460/460/460
f 460/460/460 463/463/463 462/462/462
f 459/459/459 463/463/463 460/460/460
f 463/463/463 464/464/464 462/462/462
f 464/464/464 463/463/463 465/465/465
f 463/463/463 459/459/459 465/465/465
f 466/466/466 464/464/464 465/465/465
f 467/467/467 459/459/459 455/455/455
f 459/459/459 467/467/467 465/465/465
f 466/466/466 465/465/465 468/468/468
f 468/468/468 465/465/465 467/467/467
f 469/469/469 466/466/466 468/468/468
f 470/470/470 467/467/467 455/455/455
f 455/455/455 451/451/451 470/470/470
f 471/471/471 468/468/468 467/467/467
f 467/467/467 470/470/470 471/471/471
f 469/469/469 468/468/468 472/472/472
f 472/472/472 468/468/468 471/471/471
f 473/473/473 469/469/469 472/472/472
f 451/451/451 474/474/474 470/470/470
f 474/474/474 451/451/451 454/454/454
f 470/470/470 475/475/475 471/471/471
f 470/470/470 474/474/474 475/475/475
f 476/476/476 472/472/472 471/471/471
f 476/476/476 471/471/471 475/475/475
f 472/472/472 477/477/477 473/473/473
f 477/477/477 472/472/472 476/476/476
f 477/477/477 478/478/478 473/473/473
f 479/479/479 478/478/478 477/477/477
f 474/474/474 454/454/454 480/480/480
f 480/480/480 454/454/454 433/433/433
f 474/474/474 481/481/481 475/475/475
f 481/481/481 474/474/474 480/480/480
f 482/482/482 476/476/476 475/475/475
f 482/482/482 475/475/475 481/481/481
f 483/483/483 477/477/477 476/476/476
f 476/476/476 482/482/482 483/483/483
f 484/484/484 479/479/479 477/477/477
f 477/477/477 483/483/483 484/484/484
f 484/484/484 485/485/485 479/479/479
f 486/486/486 480/480/480 433/433/433
f 430/430/430 486/486/486 433/433/433
f 436/436/436 486/486/486 430/430/430
f 487/487/487 480/480/480 486/486/486
f 480/480/480 487/487/487 481/481/481
f 436/436/436 487/487/487 486/486/486
f 488/488/488 482/482/482 481/481/481
f 487/487/487 488/488/488 481/481/481
f 482/482/482 489/489/489 483/483/483
f 482/482/482 488/488/488 489/489/489
f 490/490/490 487/487/487 436/436/436
f 411/411/411 490/490/490 436/436/436
f 490/490/490 411/411/411 410/410/410
f 488/488/488 487/487/487 491/491/491
f 487/487/487 490/490/490 491/491/491
f 488/488/488 491/491/491 489/489/489
f 483/483/483 489/489/489 492/492/492
f 483/483/483 492/492/492 484/484/484
f 490/490/490 410/410/410 493/493/493
f 491/491/491 490/490/490 493/493/493
f 494/494/494 489/489/489 491/491/491
f 493/493/493 494/494/494 491/491/491
f 489/489/489 494/494/494 492/492/492
f 493/493/493 410/410/410 495/495/495
f 494/494/494 493/493/493 495/495/495
f 410/410/410 409/409/409 495/495/495
f 494/494/494 496/496/496 492/492/492
f 496/496/496 494/494/494 495/495/495
f 495/495/495 409/409/409 497/497/497
f 496/496/496 495/495/495 497/497/497
f 409/409/409 415/415/415 497/497/497
f 492/492/492 498/498/498 484/484/484
f 496/496/496 498/498/498 492/492/492
f 499/499/499 496/496/496 497/497/497
f 498/498/498 496/496/496 499/499/499
f 498/498/498 500/500/500 484/484/484
f 484/484/484 500/500/500 485/485/485
f 500/500/500 501/501/501 485/485/485
f 502/502/502 498/498/498 499/499/499
f 500/500/500 498/498/498 502/502/502
f 500/500/500 503/503/503 501/501/501
f 503/503/503 500/500/500 502/502/502
f 503/503/503 504/504/504 501/501/501
f 499/499/499 497/497/497 505/505/505
f 502/502/502 499/499/499 505/505/505
f 497/497/497 415/415/415 506/506/506
f 497/497/497 506/506/506 505/505/505
f 504/504/504 503/503/503 507/507/507
f 508/508/508 504/504/504 507/507/507
f 509/509/509 508/508/508 507/507/507
f 503/503/503 502/502/502 510/510/510
f 510/510/510 502/502/502 505/505/505
f 507/507/507 503/503/503 510/510/510
f 511/511/511 509/509/509 507/507/507
f 509/509/509 511/511/511 512/512/512
f 507/507/507 510/510/510 513/513/513
f 511/511/511 507/507/507 513/513/513
f 510/510/510 505/505/505 514/514/514
f 513/513/513 510/510/510 514/514/514
f 511/511/511 515/515/515 512/512/512
f 512/512/512 515/515/515 516/516/516
f 515/515/515 517/517/517 516/516/516
f 518/518/518 517/517/517 515/515/515
f 515/515/515 511/511/511 519/519/519
f 519/519/519 518/518/518 515/515/515
f 511/511/511 513/513/513 519/519/519
f 518/518/518 519/519/519 520/520/520
f 521/521/521 519/519/519 513/513/513
f 519/519/519 521/521/521 520/520/520
f 514/514/514 521/521/521 513/513/513
f 521/521/521 522/522/522 520/520/520
f 522/522/522 521/521/521 514/514/514
f 522/522/522 523/523/523 520/520/520
f 524/524/524 514/514/514 505/505/505
f 524/524/524 522/522/522 514/514/514
f 506/506/506 524/524/524 505/505/505
f 522/522/522 525/525/525 523/523/523
f 525/525/525 526/526/526 523/523/523
f 525/525/525 527/527/527 526/526/526
f 527/527/527 528/528/528 526/526/526
f 528/528/528 527/527/527 529/529/529
f 527/527/527 525/525/525 530/530/530
f 531/531/531 528/528/528 529/529/529
f 525/525/525 532/532/532 530/530/530
f 532/532/532 525/525/525 522/522/522
f 533/533/533 530/530/530 532/532/532
f 529/529/529 534/534/534 531/531/531
f 534/534/534 535/535/535 531/531/531
f 534/534/534 529/529/529 536/536/536
f 537/537/537 522/522/522 524/524/524
f 537/537/537 532/532/532 522/522/522
f 538/538/538 533/533/533 532/532/532
f 538/538/538 532/532/532 537/537/537
f 533/533/533 538/538/538 539/539/539
f 535/535/535 534/534/534 540/540/540
f 541/541/541 535/535/535 540/540/540
f 542/542/542 534/534/534 536/536/536
f 540/540/540 534/534/534 542/542/542
f 536/536/536 543/543/543 542/542/542
f 544/544/544 537/537/537 524/524/524
f 524/524/524 506/506/506 544/544/544
f 540/540/540 545/545/545 541/541/541
f 545/545/545 546/546/546 541/541/541
f 546/546/546 545/545/545 547/547/547
f 548/548/548 540/540/540 542/542/542
f 542/542/542 543/543/543 548/548/548
f 545/545/545 540/540/540 548/548/548
f 545/545/545 549/549/549 547/547/547
f 550/550/550 547/547/547 549/549/549
f 543/543/543 551/551/551 548/548/548
f 551/551/551 543/543/543 552/552/552
f 553/553/553 545/545/545 548/548/548
f 545/545/545 553/553/553 549/549/549
f 548/548/548 551/551/551 553/553/553
f 554/554/554 550/550/550 549/549/549
f 550/550/550 554/554/554 555/555/555
f 556/556/556 551/551/551 552/552/552
f 556/556/556 552/552/552 539/539/539
f 551/551/551 557/557/557 553/553/553
f 551/551/551 556/556/556 557/557/557
f 553/553/553 558/558/558 549/549/549
f 554/554/554 549/549/549 558/558/558
f 553/553/553 557/557/557 558/558/558
f 554/554/554 559/559/559 555/555/555
f 560/560/560 555/555/555 559/559/559
f 561/561/561 556/556/556 539/539/539
f 538/538/538 561/561/561 539/539/539
f 562/562/562 554/554/554 558/558/558
f 554/554/554 562/562/562 559/559/559
f 556/556/556 563/563/563 557/557/557
f 556/556/556 561/561/561 563/563/563
f 557/557/557 564/564/564 558/558/558
f 558/558/558 564/564/564 562/562/562
f 564/564/564 557/557/557 563/563/563
f 565/565/565 560/560/560 559/559/559
f 562/562/562 566/566/566 559/559/559
f 559/559/559 566/566/566 565/565/565
f 564/564/564 567/567/567 562/562/562
f 566/566/566 562/562/562 567/567/567
f 568/568/568 564/564/564 563/563/563
f 567/567/567 564/564/564 568/568/568
f 565/565/565 569/569/569 560/560/560
f 569/569/569 570/570/570 560/560/560
f 319/319/319 570/570/570 569/569/569
f 318/318/318 319/319/319 569/569/569
f 566/566/566 571/571/571 565/565/565
f 569/569/569 565/565/565 571/571/571
f 572/572/572 566/566/566 567/567/567
f 571/571/571 566/566/566 572/572/572
f 318/318/318 569/569/569 573/573/573
f 573/573/573 569/569/569 571/571/571
f 568/568/568 563/563/563 574/574/574
f 561/561/561 574/574/574 563/563/563
f 575/575/575 567/567/567 568/568/568
f 572/572/572 567/567/567 575/575/575
f 576/576/576 571/571/571 572/572/572
f 571/571/571 576/576/576 573/573/573
f 577/577/577 568/568/568 574/574/574
f 568/568/568 577/577/577 575/575/575
f 578/578/578 574/574/574 561/561/561
f 577/577/577 574/574/574 578/578/578
f 579/579/579 572/572/572 575/575/575
f 572/572/572 579/579/579 576/576/576
f 577/577/577 580/580/580 575/575/575
f 580/580/580 579/579/579 575/575/575
f 581/581/581 580/580/580 577/577/577
f 581/581/581 577/577/577 578/578/578
f 580/580/580 581/581/581 582/582/582
f 579/579/579 580/580/580 582/582/582
f 583/583/583 578/578/578 561/561/561
f 583/583/583 561/561/561 538/538/538
f 584/584/584 581/581/581 578/578/578
f 584/584/584 582/582/582 581/581/581
f 538/538/538 585/585/585 583/583/583
f 585/585/585 538/538/538 537/537/537
f 537/537/537 544/544/544 585/585/585
f 583/583/583 586/586/586 578/578/578
f 586/586/586 584/584/584 578/578/578
f 585/585/585 586/586/586 583/583/583
f 544/544/544 587/587/587 585/585/585
f 585/585/585 587/587/587 586/586/586
f 586/586/586 588/588/588 584/584/584
f 588/588/588 582/582/582 584/584/584
f 586/586/586 587/587/587 588/588/588
f 587/587/587 544/544/544 589/589/589
f 506/506/506 589/589/589 544/544/544
f 415/415/415 589/589/589 506/506/506
f 589/589/589 415/415/415 402/402/402
f 402/402/402 587/587/587 589/589/589
f 587/587/587 402/402/402 400/400/400
f 587/587/587 400/400/400 588/588/588
f 588/588/588 400/400/400 201/201/201
f 582/582/582 588/588/588 201/201/201
f 590/590/590 582/582/582 201/201/201
f 202/202/202 590/590/590 201/201/201
f 582/582/582 590/590/590 579/579/579
f 202/202/202 591/591/591 590/590/590
f 591/591/591 202/202/202 238/238/238
f 590/590/590 592/592/592 579/579/579
f 591/591/591 592/592/592 590/590/590
f 579/579/579 592/592/592 576/576/576
f 593/593/593 576/576/576 592/592/592
f 591/591/591 593/593/593 592/592/592
f 576/576/576 593/593/593 573/573/573
f 591/591/591 238/238/238 594/594/594
f 593/593/593 591/591/591 594/594/594
f 593/593/593 594/594/594 573/573/573
f 594/594/594 238/238/238 232/232/232
f 594/594/594 595/595/595 573/573/573
f 595/595/595 318/318/318 573/573/573
f 595/595/595 317/317/317 318/318/318
f 232/232/232 596/596/596 594/594/594
f 596/596/596 595/595/595 594/594/594
f 231/231/231 596/596/596 232/232/232
f 596/596/596 231/231/231 248/248/248
f 317/317/317 595/595/595 597/597/597
f 595/595/595 596/596/596 597/597/597
f 597/597/597 596/596/596 248/248/248
f 597/597/597 273/273/273 317/317/317
f 597/597/597 248/248/248 273/273/273
f 599/599/599 598/598/598 212/212/212
f 600/600/600 599/599/599 212/212/212
f 223/223/223 602/602/602 601/601/601
f 603/603/603 223/223/223 601/601/601
f 606/606/606 605/605/605 604/604/604
f 607/607/607 606/606/606 604/604/604
f 608/608/608 606/606/606 607/607/607
f 609/609/609 608/608/608 607/607/607
f 609/609/609 610/610/610 608/608/608
f 611/611/611 608/608/608 610/610/610
f 611/611/611 610/610/610 612/612/612
f 610/610/610 613/613/613 612/612/612
f 613/613/613 614/614/614 612/612/612
f 615/615/615 614/614/614 613/613/613
f 618/618/618 617/617/617 616/616/616
f 617/617/617 619/619/619 616/616/616
f 616/616/616 619/619/619 620/620/620
f 619/619/619 621/621/621 620/620/620
f 620/620/620 621/621/621 622/622/622
f 621/621/621 623/623/623 622/622/622
f 622/622/622 623/623/623 624/624/624
f 623/623/623 625/625/625 624/624/624
f 624/624/624 625/625/625 626/626/626
f 627/627/627 624/624/624 626/626/626
f 630/630/630 629/629/629 628/628/628
f 630/630/630 628/628/628 631/631/631
f 628/628/628 632/632/632 631/631/631
f 631/631/631 632/632/632 633/633/633
f 632/632/632 634/634/634 633/633/633
f 635/635/635 633/633/633 634/634/634
f 636/636/636 635/635/635 634/634/634
f 635/635/635 636/636/636 637/637/637
f 636/636/636 638/638/638 637/637/637
f 641/641/641 640/640/640 639/639/639
f 642/642/642 641/641/641 639/639/639
f 642/642/642 639/639/639 643/643/643
f 642/642/642 643/643/643 644/644/644
f 644/644/644 643/643/643 645/645/645
f 645/645/645 646/646/646 644/644/644
f 646/646/646 645/645/645 647/647/647
f 646/646/646 647/647/647 648/648/648
f 647/647/647 649/649/649 648/648/648
f 649/649/649 650/650/650 648/648/648
f 653/653/653 652/652/652 651/651/651
f 652/652/652 654/654/654 651/651/651
f 652/652/652 655/655/655 654/654/654
f 655/655/655 656/656/656 654/654/654
f 656/656/656 655/655/655 657/657/657
f 658/658/658 656/656/656 657/657/657
f 658/658/658 657/657/657 659/659/659
f 660/660/660 658/658/658 659/659/659
f 661/661/661 660/660/660 659/659/659
f 662/662/662 661/661/661 659/659/659
f 665/665/665 664/664/664 663/663/663
f 664/664/664 666/666/666 663/663/663
f 667/667/667 663/663/663 666/666/666
f 668/668/668 667/667/667 666/666/666
f 667/667/667 668/668/668 669/669/669
f 670/670/670 667/667/667 669/669/669
f 669/669/669 671/671/671 670/670/670
f 671/671/671 672/672/672 670/670/670
f 672/672/672 671/671/671 673/673/673
f 674/674/674 672/672/672 673/673/673
f 677/677/677 676/676/676 675/675/675
f 678/678/678 677/677/677 675/675/675
f 679/679/679 677/677/677 678/678/678
f 675/675/675 680/680/680 678/678/678
f 680/680/680 675/675/675 681/681/681
f 680/680/680 681/681/681 682/682/682
f 683/683/683 679/679/679 678/678/678
f 679/679/679 683/683/683 684/684/684
f 685/685/685 678/678/678 680/680/680
f 682/682/682 685/685/685 680/680/680
f 685/685/685 683/683/683 678/678/678
f 686/686/686 685/685/685 682/682/682
f 685/685/685 686/686/686 683/683/683
f 682/682/682 687/687/687 686/686/686
f 686/686/686 687/687/687 688/688/688
f 683/683/683 689/689/689 684/684/684
f 686/686/686 689/689/689 683/683/683
f 686/686/686 688/688/688 689/689/689
f 689/689/689 690/690/690 684/684/684
f 688/688/688 690/690/690 689/689/689
f 693/693/693 692/692/692 691/691/691
f 692/692/692 694/694/694 691/691/691
f 695/695/695 691/691/691 694/694/694
f 695/695/695 696/696/696 691/691/691
f 695/695/695 697/697/697 696/696/696
f 700/700/700 699/699/699 698/698/698
f 701/701/701 700/700/700 698/698/698
f 701/701/701 698/698/698 702/702/702
f 698/698/698 703/703/703 702/702/702
f 704/704/704 702/702/702 703/703/703
f 705/705/705 704/704/704 703/703/703
f 704/704/704 705/705/705 706/706/706
f 700/700/700 701/701/701 707/707/707
f 707/707/707 701/701/701 702/702/702
f 708/708/708 700/700/700 707/707/707
f 709/709/709 704/704/704 706/706/706
f 706/706/706 710/710/710 709/709/709
f 711/711/711 707/707/707 702/702/702
f 702/702/702 704/704/704 711/711/711
f 708/708/708 707/707/707 712/712/712
f 713/713/713 708/708/708 712/712/712
f 711/711/711 714/714/714 707/707/707
f 714/714/714 712/712/712 707/707/707
f 704/704/704 715/715/715 711/711/711
f 711/711/711 715/715/715 714/714/714
f 713/713/713 712/712/712 716/716/716
f 717/717/717 713/713/713 716/716/716
f 714/714/714 718/718/718 712/712/712
f 718/718/718 716/716/716 712/712/712
f 716/716/716 719/719/719 717/717/717
f 719/719/719 720/720/720 717/717/717
f 720/720/720 719/719/719 721/721/721
f 719/719/719 716/716/716 722/722/722
f 716/716/716 718/718/718 722/722/722
f 718/718/718 714/714/714 723/723/723
f 715/715/715 723/723/723 714/714/714
f 715/715/715 704/704/704 724/724/724
f 704/704/704 709/709/709 724/724/724
f 719/719/719 725/725/725 721/721/721
f 725/725/725 719/719/719 722/722/722
f 725/725/725 726/726/726 721/721/721
f 726/726/726 727/727/727 721/721/721
f 725/725/725 728/728/728 726/726/726
f 728/728/728 725/725/725 722/722/722
f 728/728/728 729/729/729 726/726/726
f 729/729/729 728/728/728 730/730/730
f 718/718/718 731/731/731 722/722/722
f 731/731/731 718/718/718 723/723/723
f 732/732/732 723/723/723 715/715/715
f 724/724/724 732/732/732 715/715/715
f 728/728/728 722/722/722 733/733/733
f 731/731/731 733/733/733 722/722/722
f 731/731/731 723/723/723 734/734/734
f 723/723/723 732/732/732 734/734/734
f 733/733/733 731/731/731 734/734/734
f 728/728/728 735/735/735 730/730/730
f 735/735/735 728/728/728 733/733/733
f 736/736/736 733/733/733 734/734/734
f 735/735/735 733/733/733 736/736/736
f 730/730/730 735/735/735 737/737/737
f 737/737/737 735/735/735 736/736/736
f 738/738/738 730/730/730 737/737/737
f 734/734/734 732/732/732 739/739/739
f 734/734/734 739/739/739 736/736/736
f 732/732/732 724/724/724 740/740/740
f 732/732/732 740/740/740 739/739/739
f 737/737/737 736/736/736 741/741/741
f 739/739/739 741/741/741 736/736/736
f 738/738/738 737/737/737 742/742/742
f 742/742/742 737/737/737 741/741/741
f 743/743/743 738/738/738 742/742/742
f 724/724/724 744/744/744 740/740/740
f 724/724/724 709/709/709 744/744/744
f 740/740/740 745/745/745 739/739/739
f 745/745/745 740/740/740 744/744/744
f 739/739/739 746/746/746 741/741/741
f 745/745/745 746/746/746 739/739/739
f 743/743/743 742/742/742 747/747/747
f 748/748/748 743/743/743 747/747/747
f 742/742/742 741/741/741 749/749/749
f 746/746/746 749/749/749 741/741/741
f 747/747/747 742/742/742 749/749/749
f 748/748/748 747/747/747 750/750/750
f 751/751/751 748/748/748 750/750/750
f 750/750/750 747/747/747 752/752/752
f 747/747/747 749/749/749 752/752/752
f 753/753/753 752/752/752 749/749/749
f 746/746/746 753/753/753 749/749/749
f 753/753/753 746/746/746 745/745/745
f 754/754/754 753/753/753 745/745/745
f 754/754/754 745/745/745 755/755/755
f 755/755/755 745/745/745 744/744/744
f 756/756/756 754/754/754 755/755/755
f 744/744/744 757/757/757 755/755/755
f 709/709/709 757/757/757 744/744/744
f 710/710/710 757/757/757 709/709/709
f 710/710/710 758/758/758 757/757/757
f 755/755/755 759/759/759 756/756/756
f 757/757/757 759/759/759 755/755/755
f 758/758/758 759/759/759 757/757/757
f 759/759/759 760/760/760 756/756/756
f 758/758/758 761/761/761 759/759/759
f 761/761/761 760/760/760 759/759/759
f 764/764/764 763/763/763 762/762/762
f 765/765/765 764/764/764 762/762/762
f 765/765/765 762/762/762 766/766/766
f 764/764/764 765/765/765 767/767/767
f 768/768/768 764/764/764 767/767/767
f 769/769/769 765/765/765 766/766/766
f 767/767/767 765/765/765 769/769/769
f 769/769/769 766/766/766 770/770/770
f 768/768/768 767/767/767 771/771/771
f 772/772/772 768/768/768 771/771/771
f 771/771/771 767/767/767 773/773/773
f 773/773/773 767/767/767 769/769/769
f 774/774/774 771/771/771 773/773/773
f 775/775/775 769/769/769 770/770/770
f 773/773/773 769/769/769 775/775/775
f 775/775/775 770/770/770 776/776/776
f 774/774/774 773/773/773 777/777/777
f 777/777/777 773/773/773 775/775/775
f 778/778/778 774/774/774 777/777/777
f 779/779/779 775/775/775 776/776/776
f 777/777/777 775/775/775 779/779/779
f 779/779/779 776/776/776 780/780/780
f 778/778/778 777/777/777 781/781/781
f 781/781/781 777/777/777 779/779/779
f 782/782/782 778/778/778 781/781/781
f 783/783/783 779/779/779 780/780/780
f 781/781/781 779/779/779 783/783/783
f 783/783/783 780/780/780 784/784/784
f 782/782/782 781/781/781 785/785/785
f 785/785/785 781/781/781 783/783/783
f 786/786/786 782/782/782 785/785/785
f 787/787/787 786/786/786 785/785/785
f 788/788/788 783/783/783 784/784/784
f 783/783/783 788/788/788 785/785/785
f 784/784/784 789/789/789 788/788/788
f 790/790/790 787/787/787 785/785/785
f 788/788/788 790/790/790 785/785/785
f 787/787/787 790/790/790 791/791/791
f 790/790/790 792/792/792 791/791/791
f 790/790/790 788/788/788 792/792/792
f 791/791/791 792/792/792 793/793/793
f 789/789/789 794/794/794 788/788/788
f 788/788/788 794/794/794 792/792/792
f 792/792/792 795/795/795 793/793/793
f 795/795/795 792/792/792 794/794/794
f 794/794/794 789/789/789 796/796/796
f 789/789/789 797/797/797 796/796/796
f 795/795/795 798/798/798 793/793/793
f 798/798/798 799/799/799 793/793/793
f 800/800/800 795/795/795 794/794/794
f 796/796/796 800/800/800 794/794/794
f 796/796/796 797/797/797 801/801/801
f 797/797/797 802/802/802 801/801/801
f 803/803/803 800/800/800 796/796/796
f 801/801/801 803/803/803 796/796/796
f 801/801/801 802/802/802 804/804/804
f 803/803/803 801/801/801 804/804/804
f 802/802/802 805/805/805 804/804/804
f 800/800/800 806/806/806 795/795/795
f 803/803/803 806/806/806 800/800/800
f 807/807/807 804/804/804 805/805/805
f 808/808/808 807/807/807 805/805/805
f 807/807/807 808/808/808 809/809/809
f 810/810/810 803/803/803 804/804/804
f 810/810/810 806/806/806 803/803/803
f 807/807/807 810/810/810 804/804/804
f 807/807/807 811/811/811 810/810/810
f 811/811/811 806/806/806 810/810/810
f 795/795/795 806/806/806 812/812/812
f 795/795/795 812/812/812 798/798/798
f 813/813/813 812/812/812 806/806/806
f 812/812/812 813/813/813 798/798/798
f 813/813/813 806/806/806 811/811/811
f 814/814/814 807/807/807 809/809/809
f 811/811/811 807/807/807 814/814/814
f 815/815/815 811/811/811 814/814/814
f 814/814/814 809/809/809 816/816/816
f 809/809/809 817/817/817 816/816/816
f 817/817/817 818/818/818 816/816/816
f 819/819/819 814/814/814 816/816/816
f 814/814/814 819/819/819 815/815/815
f 818/818/818 820/820/820 816/816/816
f 819/819/819 816/816/816 820/820/820
f 820/820/820 818/818/818 821/821/821
f 822/822/822 798/798/798 813/813/813
f 799/799/799 798/798/798 822/822/822
f 823/823/823 799/799/799 822/822/822
f 824/824/824 823/823/823 822/822/822
f 813/813/813 811/811/811 825/825/825
f 825/825/825 811/811/811 815/815/815
f 826/826/826 824/824/824 822/822/822
f 827/827/827 824/824/824 826/826/826
f 828/828/828 822/822/822 813/813/813
f 828/828/828 813/813/813 825/825/825
f 826/826/826 822/822/822 828/828/828
f 829/829/829 826/826/826 828/828/828
f 829/829/829 828/828/828 825/825/825
f 827/827/827 826/826/826 830/830/830
f 826/826/826 829/829/829 830/830/830
f 831/831/831 829/829/829 825/825/825
f 829/829/829 831/831/831 830/830/830
f 830/830/830 832/832/832 827/827/827
f 832/832/832 833/833/833 827/827/827
f 834/834/834 825/825/825 815/815/815
f 825/825/825 834/834/834 831/831/831
f 831/831/831 835/835/835 830/830/830
f 830/830/830 835/835/835 832/832/832
f 832/832/832 836/836/836 833/833/833
f 836/836/836 837/837/837 833/833/833
f 834/834/834 838/838/838 831/831/831
f 835/835/835 831/831/831 838/838/838
f 835/835/835 839/839/839 832/832/832
f 836/836/836 832/832/832 839/839/839
f 836/836/836 840/840/840 837/837/837
f 840/840/840 841/841/841 837/837/837
f 842/842/842 835/835/835 838/838/838
f 835/835/835 842/842/842 839/839/839
f 841/841/841 840/840/840 843/843/843
f 844/844/844 841/841/841 843/843/843
f 844/844/844 843/843/843 845/845/845
f 846/846/846 844/844/844 845/845/845
f 845/845/845 847/847/847 846/846/846
f 847/847/847 848/848/848 846/846/846
f 848/848/848 847/847/847 849/849/849
f 850/850/850 849/849/849 847/847/847
f 851/851/851 850/850/850 847/847/847
f 847/847/847 845/845/845 851/851/851
f 850/850/850 851/851/851 852/852/852
f 853/853/853 845/845/845 843/843/843
f 845/845/845 853/853/853 851/851/851
f 851/851/851 854/854/854 852/852/852
f 851/851/851 853/853/853 854/854/854
f 855/855/855 852/852/852 854/854/854
f 855/855/855 854/854/854 856/856/856
f 854/854/854 857/857/857 856/856/856
f 853/853/853 857/857/857 854/854/854
f 856/856/856 857/857/857 858/858/858
f 859/859/859 853/853/853 843/843/843
f 857/857/857 853/853/853 859/859/859
f 859/859/859 843/843/843 840/840/840
f 857/857/857 860/860/860 858/858/858
f 860/860/860 857/857/857 859/859/859
f 861/861/861 858/858/858 860/860/860
f 862/862/862 861/861/861 860/860/860
f 862/862/862 860/860/860 859/859/859
f 863/863/863 861/861/861 862/862/862
f 864/864/864 859/859/859 840/840/840
f 864/864/864 862/862/862 859/859/859
f 840/840/840 836/836/836 864/864/864
f 865/865/865 863/863/863 862/862/862
f 865/865/865 862/862/862 864/864/864
f 863/863/863 865/865/865 866/866/866
f 836/836/836 867/867/867 864/864/864
f 867/867/867 865/865/865 864/864/864
f 867/867/867 836/836/836 839/839/839
f 865/865/865 868/868/868 866/866/866
f 868/868/868 865/865/865 867/867/867
f 839/839/839 868/868/868 867/867/867
f 869/869/869 866/866/866 868/868/868
f 842/842/842 868/868/868 839/839/839
f 842/842/842 869/869/869 868/868/868
f 842/842/842 870/870/870 869/869/869
f 871/871/871 870/870/870 842/842/842
f 872/872/872 870/870/870 871/871/871
f 838/838/838 871/871/871 842/842/842
f 872/872/872 871/871/871 873/873/873
f 873/873/873 874/874/874 872/872/872
f 874/874/874 873/873/873 875/875/875
f 876/876/876 874/874/874 875/875/875
f 871/871/871 877/877/877 873/873/873
f 875/875/875 873/873/873 877/877/877
f 838/838/838 878/878/878 871/871/871
f 878/878/878 877/877/877 871/871/871
f 876/876/876 875/875/875 879/879/879
f 880/880/880 876/876/876 879/879/879
f 881/881/881 875/875/875 877/877/877
f 875/875/875 881/881/881 879/879/879
f 879/879/879 882/882/882 880/880/880
f 882/882/882 883/883/883 880/880/880
f 878/878/878 838/838/838 884/884/884
f 838/838/838 834/834/834 884/884/884
f 877/877/877 878/878/878 885/885/885
f 881/881/881 877/877/877 885/885/885
f 881/881/881 886/886/886 879/879/879
f 882/882/882 879/879/879 886/886/886
f 887/887/887 886/886/886 881/881/881
f 885/885/885 887/887/887 881/881/881
f 883/883/883 882/882/882 888/888/888
f 889/889/889 883/883/883 888/888/888
f 889/889/889 888/888/888 890/890/890
f 891/891/891 882/882/882 886/886/886
f 886/886/886 887/887/887 891/891/891
f 888/888/888 892/892/892 890/890/890
f 893/893/893 890/890/890 892/892/892
f 888/888/888 882/882/882 894/894/894
f 882/882/882 891/891/891 894/894/894
f 888/888/888 894/894/894 892/892/892
f 878/878/878 895/895/895 885/885/885
f 878/878/878 884/884/884 895/895/895
f 887/887/887 896/896/896 891/891/891
f 891/891/891 896/896/896 894/894/894
f 885/885/885 897/897/897 887/887/887
f 897/897/897 898/898/898 887/887/887
f 887/887/887 898/898/898 896/896/896
f 899/899/899 897/897/897 885/885/885
f 895/895/895 899/899/899 885/885/885
f 898/898/898 900/900/900 896/896/896
f 896/896/896 900/900/900 901/901/901
f 896/896/896 901/901/901 894/894/894
f 900/900/900 902/902/902 901/901/901
f 902/902/902 903/903/903 901/901/901
f 904/904/904 894/894/894 901/901/901
f 894/894/894 904/904/904 892/892/892
f 903/903/903 905/905/905 901/901/901
f 905/905/905 904/904/904 901/901/901
f 905/905/905 903/903/903 906/906/906
f 892/892/892 904/904/904 907/907/907
f 904/904/904 905/905/905 907/907/907
f 908/908/908 905/905/905 906/906/906
f 905/905/905 908/908/908 907/907/907
f 909/909/909 892/892/892 907/907/907
f 909/909/909 893/893/893 892/892/892
f 908/908/908 906/906/906 910/910/910
f 906/906/906 911/911/911 910/910/910
f 910/910/910 911/911/911 912/912/912
f 913/913/913 907/907/907 908/908/908
f 907/907/907 913/913/913 909/909/909
f 910/910/910 913/913/913 908/908/908
f 909/909/909 914/914/914 893/893/893
f 913/913/913 914/914/914 909/909/909
f 914/914/914 915/915/915 893/893/893
f 914/914/914 916/916/916 915/915/915
f 916/916/916 914/914/914 913/913/913
f 916/916/916 917/917/917 915/915/915
f 918/918/918 910/910/910 912/912/912
f 918/918/918 912/912/912 919/919/919
f 913/913/913 910/910/910 920/920/920
f 920/920/920 916/916/916 913/913/913
f 910/910/910 918/918/918 920/920/920
f 916/916/916 921/921/921 917/917/917
f 916/916/916 920/920/920 921/921/921
f 921/921/921 922/922/922 917/917/917
f 923/923/923 920/920/920 918/918/918
f 920/920/920 923/923/923 921/921/921
f 922/922/922 921/921/921 924/924/924
f 924/924/924 921/921/921 923/923/923
f 925/925/925 922/922/922 924/924/924
f 926/926/926 918/918/918 919/919/919
f 926/926/926 923/923/923 918/918/918
f 925/925/925 924/924/924 927/927/927
f 928/928/928 925/925/925 927/927/927
f 928/928/928 927/927/927 929/929/929
f 930/930/930 924/924/924 923/923/923
f 930/930/930 923/923/923 926/926/926
f 924/924/924 930/930/930 927/927/927
f 931/931/931 926/926/926 919/919/919
f 931/931/931 930/930/930 926/926/926
f 932/932/932 931/931/931 919/919/919
f 927/927/927 933/933/933 929/929/929
f 930/930/930 933/933/933 927/927/927
f 933/933/933 930/930/930 931/931/931
f 933/933/933 934/934/934 929/929/929
f 934/934/934 933/933/933 935/935/935
f 931/931/931 932/932/932 936/936/936
f 936/936/936 933/933/933 931/931/931
f 933/933/933 936/936/936 935/935/935
f 932/932/932 937/937/937 936/936/936
f 937/937/937 935/935/935 936/936/936
f 940/940/940 939/939/939 938/938/938
f 939/939/939 941/941/941 938/938/938
f 942/942/942 938/938/938 941/941/941
f 939/939/939 943/943/943 941/941/941
f 944/944/944 942/942/942 941/941/941
f 945/945/945 942/942/942 944/944/944
f 945/945/945 944/944/944 946/946/946
f 944/944/944 941/941/941 946/946/946
f 947/947/947 945/945/945 946/946/946
f 947/947/947 946/946/946 948/948/948
f 949/949/949 947/947/947 948/948/948
f 950/950/950 949/949/949 948/948/948
f 943/943/943 951/951/951 941/941/941
f 941/941/941 951/951/951 946/946/946
f 946/946/946 951/951/951 948/948/948
f 951/951/951 943/943/943 952/952/952
f 953/953/953 951/951/951 952/952/952
f 951/951/951 953/953/953 948/948/948
f 954/954/954 948/948/948 953/953/953
f 954/954/954 955/955/955 948/948/948
f 955/955/955 950/950/950 948/948/948
f 952/952/952 956/956/956 953/953/953
f 955/955/955 957/957/957 950/950/950
f 955/955/955 954/954/954 957/957/957
f 957/957/957 958/958/958 950/950/950
f 958/958/958 957/957/957 959/959/959
f 960/960/960 958/958/958 959/959/959
f 960/960/960 959/959/959 961/961/961
f 962/962/962 960/960/960 961/961/961
f 961/961/961 963/963/963 962/962/962
f 963/963/963 964/964/964 962/962/962
f 965/965/965 963/963/963 961/961/961
f 966/966/966 965/965/965 961/961/961
f 966/966/966 961/961/961 959/959/959
f 965/965/965 966/966/966 967/967/967
f 968/968/968 959/959/959 957/957/957
f 968/968/968 966/966/966 959/959/959
f 966/966/966 969/969/969 967/967/967
f 969/969/969 966/966/966 968/968/968
f 967/967/967 969/969/969 970/970/970
f 971/971/971 967/967/967 970/970/970
f 972/972/972 971/971/971 970/970/970
f 973/973/973 972/972/972 970/970/970
f 969/969/969 974/974/974 970/970/970
f 974/974/974 969/969/969 968/968/968
f 970/970/970 975/975/975 973/973/973
f 974/974/974 975/975/975 970/970/970
f 975/975/975 976/976/976 973/973/973
f 975/975/975 977/977/977 976/976/976
f 976/976/976 977/977/977 978/978/978
f 977/977/977 975/975/975 979/979/979
f 979/979/979 975/975/975 974/974/974
f 980/980/980 979/979/979 974/974/974
f 980/980/980 974/974/974 968/968/968
f 979/979/979 980/980/980 981/981/981
f 982/982/982 980/980/980 968/968/968
f 982/982/982 968/968/968 957/957/957
f 957/957/957 954/954/954 982/982/982
f 980/980/980 983/983/983 981/981/981
f 983/983/983 980/980/980 982/982/982
f 954/954/954 984/984/984 982/982/982
f 984/984/984 983/983/983 982/982/982
f 983/983/983 985/985/985 981/981/981
f 981/981/981 985/985/985 986/986/986
f 987/987/987 986/986/986 985/985/985
f 988/988/988 987/987/987 985/985/985
f 989/989/989 988/988/988 985/985/985
f 990/990/990 985/985/985 983/983/983
f 983/983/983 984/984/984 990/990/990
f 990/990/990 989/989/989 985/985/985
f 984/984/984 991/991/991 990/990/990
f 984/984/984 954/954/954 991/991/991
f 990/990/990 992/992/992 989/989/989
f 990/990/990 991/991/991 992/992/992
f 992/992/992 993/993/993 989/989/989
f 993/993/993 992/992/992 994/994/994
f 992/992/992 991/991/991 994/994/994
f 995/995/995 993/993/993 994/994/994
f 996/996/996 995/995/995 994/994/994
f 991/991/991 954/954/954 997/997/997
f 991/991/991 997/997/997 994/994/994
f 998/998/998 996/996/996 994/994/994
f 994/994/994 997/997/997 998/998/998
f 996/996/996 998/998/998 999/999/999
f 954/954/954 1000/1000/1000 997/997/997
f 1000/1000/1000 954/954/954 953/953/953
f 997/997/997 1001/1001/1001 998/998/998
f 997/997/997 1000/1000/1000 1001/1001/1001
f 998/998/998 1002/1002/1002 999/999/999
f 1001/1001/1001 1002/1002/1002 998/998/998
f 999/999/999 1002/1002/1002 1003/1003/1003
f 1004/1004/1004 999/999/999 1003/1003/1003
f 953/953/953 1005/1005/1005 1000/1000/1000
f 956/956/956 1005/1005/1005 953/953/953
f 1001/1001/1001 1000/1000/1000 1006/1006/1006
f 1000/1000/1000 1005/1005/1005 1006/1006/1006
f 1006/1006/1006 1005/1005/1005 956/956/956
f 1001/1001/1001 1006/1006/1006 1002/1002/1002
f 1007/1007/1007 1006/1006/1006 956/956/956
f 1006/1006/1006 1008/1008/1008 1002/1002/1002
f 1006/1006/1006 1007/1007/1007 1008/1008/1008
f 1003/1003/1003 1002/1002/1002 1008/1008/1008
f 1007/1007/1007 1009/1009/1009 1008/1008/1008
f 1003/1003/1003 1008/1008/1008 1009/1009/1009
f 1010/1010/1010 1003/1003/1003 1009/1009/1009
f 1010/1010/1010 1011/1011/1011 1003/1003/1003
f 1004/1004/1004 1003/1003/1003 1012/1012/1012
f 1011/1011/1011 1012/1012/1012 1003/1003/1003
f 1013/1013/1013 1004/1004/1004 1012/1012/1012
f 1012/1012/1012 1011/1011/1011 1014/1014/1014
f 1013/1013/1013 1012/1012/1012 1015/1015/1015
f 1015/1015/1015 1012/1012/1012 1014/1014/1014
f 1018/1018/1018 1017/1017/1017 1016/1016/1016
f 1019/1019/1019 1017/1017/1017 1018/1018/1018
f 1020/1020/1020 1017/1017/1017 1019/1019/1019
f 1020/1020/1020 1021/1021/1021 1017/1017/1017
f 1021/1021/1021 1022/1022/1022 1017/1017/1017
f 1017/1017/1017 1022/1022/1022 1023/1023/1023
f 1024/1024/1024 1017/1017/1017 1023/1023/1023
f 1025/1025/1025 1017/1017/1017 1024/1024/1024
f 1024/1024/1024 1026/1026/1026 1025/1025/1025
f 1026/1026/1026 1027/1027/1027 1025/1025/1025
f 1027/1027/1027 1028/1028/1028 1025/1025/1025
f 1024/1024/1024 1029/1029/1029 1026/1026/1026
f 1027/1027/1027 1026/1026/1026 1029/1029/1029
f 1027/1027/1027 1030/1030/1030 1028/1028/1028
f 1030/1030/1030 1031/1031/1031 1028/1028/1028
f 1032/1032/1032 1031/1031/1031 1030/1030/1030
f 1029/1029/1029 1033/1033/1033 1027/1027/1027
f 1033/1033/1033 1030/1030/1030 1027/1027/1027
f 1034/1034/1034 1032/1032/1032 1030/1030/1030
f 1034/1034/1034 1030/1030/1030 1033/1033/1033
f 1033/1033/1033 1029/1029/1029 1035/1035/1035
f 1035/1035/1035 1034/1034/1034 1033/1033/1033
f 1029/1029/1029 1024/1024/1024 1035/1035/1035
f 1032/1032/1032 1034/1034/1034 1036/1036/1036
f 1034/1034/1034 1035/1035/1035 1036/1036/1036
f 1036/1036/1036 1035/1035/1035 1024/1024/1024
f 1036/1036/1036 1037/1037/1037 1032/1032/1032
f 1024/1024/1024 1037/1037/1037 1036/1036/1036
f 1024/1024/1024 1038/1038/1038 1037/1037/1037
f 1038/1038/1038 1039/1039/1039 1037/1037/1037
f 1040/1040/1040 1037/1037/1037 1039/1039/1039
f 1041/1041/1041 1037/1037/1037 1040/1040/1040
f 1042/1042/1042 1037/1037/1037 1041/1041/1041
f 1043/1043/1043 1037/1037/1037 1042/1042/1042
f 1046/1046/1046 1045/1045/1045 1044/1044/1044
f 1047/1047/1047 1046/1046/1046 1044/1044/1044
f 1044/1044/1044 1049/1049/1049 1048/1048/1048
f 1049/1049/1049 1050/1050/1050 1048/1048/1048
f 1051/1051/1051 1048/1048/1048 1050/1050/1050
f 1050/1050/1050 1049/1049/1049 1052/1052/1052
f 1049/1049/1049 1053/1053/1053 1052/1052/1052
f 1054/1054/1054 1051/1051/1051 1050/1050/1050
f 1051/1051/1051 1054/1054/1054 1055/1055/1055
f 1054/1054/1054 1056/1056/1056 1055/1055/1055
f 1054/1054/1054 1050/1050/1050 1057/1057/1057
f 1057/1057/1057 1050/1050/1050 1052/1052/1052
f 1056/1056/1056 1054/1054/1054 1058/1058/1058
f 1058/1058/1058 1054/1054/1054 1057/1057/1057
f 1059/1059/1059 1056/1056/1056 1058/1058/1058
f 1056/1056/1056 1059/1059/1059 1060/1060/1060
f 1061/1061/1061 1058/1058/1058 1057/1057/1057
f 1062/1062/1062 1057/1057/1057 1052/1052/1052
f 1062/1062/1062 1061/1061/1061 1057/1057/1057
f 1063/1063/1063 1059/1059/1059 1058/1058/1058
f 1061/1061/1061 1063/1063/1063 1058/1058/1058
f 1053/1053/1053 1064/1064/1064 1052/1052/1052
f 1065/1065/1065 1062/1062/1062 1052/1052/1052
f 1065/1065/1065 1052/1052/1052 1064/1064/1064
f 1053/1053/1053 1066/1066/1066 1064/1064/1064
f 1066/1066/1066 1053/1053/1053 1067/1067/1067
f 1068/1068/1068 1066/1066/1066 1067/1067/1067
f 1066/1066/1066 1068/1068/1068 1069/1069/1069
f 1068/1068/1068 1070/1070/1070 1069/1069/1069
f 1071/1071/1071 1069/1069/1069 1070/1070/1070
f 1072/1072/1072 1071/1071/1071 1070/1070/1070
f 1071/1071/1071 1072/1072/1072 1073/1073/1073
f 1074/1074/1074 1071/1071/1071 1073/1073/1073
f 1073/1073/1073 1075/1075/1075 1074/1074/1074
f 1075/1075/1075 1076/1076/1076 1074/1074/1074
f 1075/1075/1075 1077/1077/1077 1076/1076/1076
f 1071/1071/1071 1074/1074/1074 1078/1078/1078
f 1074/1074/1074 1076/1076/1076 1078/1078/1078
f 1069/1069/1069 1071/1071/1071 1079/1079/1079
f 1079/1079/1079 1071/1071/1071 1078/1078/1078
f 1066/1066/1066 1069/1069/1069 1080/1080/1080
f 1080/1080/1080 1069/1069/1069 1079/1079/1079
f 1081/1081/1081 1066/1066/1066 1080/1080/1080
f 1066/1066/1066 1081/1081/1081 1064/1064/1064
f 1082/1082/1082 1064/1064/1064 1081/1081/1081
f 1082/1082/1082 1065/1065/1065 1064/1064/1064
f 1080/1080/1080 1079/1079/1079 1083/1083/1083
f 1080/1080/1080 1084/1084/1084 1081/1081/1081
f 1084/1084/1084 1080/1080/1080 1083/1083/1083
f 1078/1078/1078 1085/1085/1085 1079/1079/1079
f 1085/1085/1085 1083/1083/1083 1079/1079/1079
f 1086/1086/1086 1082/1082/1082 1081/1081/1081
f 1084/1084/1084 1086/1086/1086 1081/1081/1081
f 1087/1087/1087 1065/1065/1065 1082/1082/1082
f 1088/1088/1088 1082/1082/1082 1086/1086/1086
f 1088/1088/1088 1087/1087/1087 1082/1082/1082
f 1065/1065/1065 1087/1087/1087 1089/1089/1089
f 1062/1062/1062 1065/1065/1065 1089/1089/1089
f 1089/1089/1089 1090/1090/1090 1062/1062/1062
f 1090/1090/1090 1061/1061/1061 1062/1062/1062
f 1089/1089/1089 1087/1087/1087 1091/1091/1091
f 1089/1089/1089 1091/1091/1091 1090/1090/1090
f 1092/1092/1092 1087/1087/1087 1088/1088/1088
f 1087/1087/1087 1092/1092/1092 1091/1091/1091
f 1061/1061/1061 1090/1090/1090 1093/1093/1093
f 1063/1063/1063 1061/1061/1061 1093/1093/1093
f 1084/1084/1084 1094/1094/1094 1086/1086/1086
f 1095/1095/1095 1088/1088/1088 1086/1086/1086
f 1094/1094/1094 1095/1095/1095 1086/1086/1086
f 1096/1096/1096 1088/1088/1088 1095/1095/1095
f 1096/1096/1096 1092/1092/1092 1088/1088/1088
f 1097/1097/1097 1094/1094/1094 1084/1084/1084
f 1083/1083/1083 1097/1097/1097 1084/1084/1084
f 1098/1098/1098 1095/1095/1095 1094/1094/1094
f 1098/1098/1098 1096/1096/1096 1095/1095/1095
f 1094/1094/1094 1097/1097/1097 1099/1099/1099
f 1099/1099/1099 1098/1098/1098 1094/1094/1094
f 1100/1100/1100 1097/1097/1097 1083/1083/1083
f 1085/1085/1085 1100/1100/1100 1083/1083/1083
f 1097/1097/1097 1101/1101/1101 1099/1099/1099
f 1101/1101/1101 1097/1097/1097 1100/1100/1100
f 1092/1092/1092 1096/1096/1096 1102/1102/1102
f 1103/1103/1103 1096/1096/1096 1098/1098/1098
f 1096/1096/1096 1103/1103/1103 1102/1102/1102
f 1104/1104/1104 1098/1098/1098 1099/1099/1099
f 1104/1104/1104 1103/1103/1103 1098/1098/1098
f 1105/1105/1105 1104/1104/1104 1099/1099/1099
f 1105/1105/1105 1099/1099/1099 1101/1101/1101
f 1102/1102/1102 1106/1106/1106 1092/1092/1092
f 1106/1106/1106 1091/1091/1091 1092/1092/1092
f 1104/1104/1104 1107/1107/1107 1103/1103/1103
f 1107/1107/1107 1104/1104/1104 1105/1105/1105
f 1108/1108/1108 1105/1105/1105 1101/1101/1101
f 1109/1109/1109 1101/1101/1101 1100/1100/1100
f 1108/1108/1108 1101/1101/1101 1109/1109/1109
f 1110/1110/1110 1107/1107/1107 1105/1105/1105
f 1110/1110/1110 1105/1105/1105 1108/1108/1108
f 1111/1111/1111 1102/1102/1102 1103/1103/1103
f 1106/1106/1106 1102/1102/1102 1112/1112/1112
f 1102/1102/1102 1111/1111/1111 1112/1112/1112
f 1107/1107/1107 1113/1113/1113 1103/1103/1103
f 1113/1113/1113 1111/1111/1111 1103/1103/1103
f 1106/1106/1106 1114/1114/1114 1091/1091/1091
f 1112/1112/1112 1115/1115/1115 1106/1106/1106
f 1115/1115/1115 1114/1114/1114 1106/1106/1106
f 1114/1114/1114 1115/1115/1115 1116/1116/1116
f 1117/1117/1117 1114/1114/1114 1116/1116/1116
f 1114/1114/1114 1117/1117/1117 1091/1091/1091
f 1091/1091/1091 1117/1117/1117 1090/1090/1090
f 1090/1090/1090 1117/1117/1117 1118/1118/1118
f 1118/1118/1118 1117/1117/1117 1116/1116/1116
f 1093/1093/1093 1090/1090/1090 1118/1118/1118
f 1119/1119/1119 1113/1113/1113 1107/1107/1107
f 1120/1120/1120 1111/1111/1111 1113/1113/1113
f 1119/1119/1119 1120/1120/1120 1113/1113/1113
f 1112/1112/1112 1111/1111/1111 1121/1121/1121
f 1111/1111/1111 1120/1120/1120 1121/1121/1121
f 1115/1115/1115 1112/1112/1112 1122/1122/1122
f 1112/1112/1112 1121/1121/1121 1122/1122/1122
f 1123/1123/1123 1119/1119/1119 1107/1107/1107
f 1123/1123/1123 1107/1107/1107 1110/1110/1110
f 1118/1118/1118 1124/1124/1124 1093/1093/1093
f 1124/1124/1124 1125/1125/1125 1093/1093/1093
f 1093/1093/1093 1125/1125/1125 1063/1063/1063
f 1124/1124/1124 1118/1118/1118 1126/1126/1126
f 1118/1118/1118 1116/1116/1116 1126/1126/1126
f 1125/1125/1125 1127/1127/1127 1063/1063/1063
f 1059/1059/1059 1063/1063/1063 1127/1127/1127
f 1128/1128/1128 1059/1059/1059 1127/1127/1127
f 1059/1059/1059 1128/1128/1128 1060/1060/1060
f 1124/1124/1124 1129/1129/1129 1125/1125/1125
f 1127/1127/1127 1125/1125/1125 1130/1130/1130
f 1129/1129/1129 1130/1130/1130 1125/1125/1125
f 1124/1124/1124 1126/1126/1126 1131/1131/1131
f 1129/1129/1129 1124/1124/1124 1131/1131/1131
f 1132/1132/1132 1131/1131/1131 1126/1126/1126
f 1129/1129/1129 1131/1131/1131 1133/1133/1133
f 1133/1133/1133 1131/1131/1131 1132/1132/1132
f 1134/1134/1134 1126/1126/1126 1116/1116/1116
f 1134/1134/1134 1132/1132/1132 1126/1126/1126
f 1128/1128/1128 1127/1127/1127 1135/1135/1135
f 1135/1135/1135 1127/1127/1127 1130/1130/1130
f 1129/1129/1129 1136/1136/1136 1130/1130/1130
f 1136/1136/1136 1129/1129/1129 1133/1133/1133
f 1130/1130/1130 1137/1137/1137 1135/1135/1135
f 1136/1136/1136 1137/1137/1137 1130/1130/1130
f 1138/1138/1138 1128/1128/1128 1135/1135/1135
f 1137/1137/1137 1139/1139/1139 1135/1135/1135
f 1135/1135/1135 1139/1139/1139 1138/1138/1138
f 1137/1137/1137 1136/1136/1136 1140/1140/1140
f 1137/1137/1137 1140/1140/1140 1139/1139/1139
f 1128/1128/1128 1138/1138/1138 1141/1141/1141
f 1060/1060/1060 1128/1128/1128 1141/1141/1141
f 1141/1141/1141 1142/1142/1142 1060/1060/1060
f 1142/1142/1142 1143/1143/1143 1060/1060/1060
f 1144/1144/1144 1142/1142/1142 1141/1141/1141
f 1141/1141/1141 1138/1138/1138 1145/1145/1145
f 1139/1139/1139 1145/1145/1145 1138/1138/1138
f 1146/1146/1146 1144/1144/1144 1141/1141/1141
f 1146/1146/1146 1141/1141/1141 1145/1145/1145
f 1147/1147/1147 1144/1144/1144 1146/1146/1146
f 1148/1148/1148 1147/1147/1147 1146/1146/1146
f 1145/1145/1145 1149/1149/1149 1146/1146/1146
f 1149/1149/1149 1148/1148/1148 1146/1146/1146
f 1149/1149/1149 1145/1145/1145 1139/1139/1139
f 1150/1150/1150 1148/1148/1148 1149/1149/1149
f 1151/1151/1151 1149/1149/1149 1139/1139/1139
f 1140/1140/1140 1151/1151/1151 1139/1139/1139
f 1152/1152/1152 1150/1150/1150 1149/1149/1149
f 1152/1152/1152 1149/1149/1149 1151/1151/1151
f 1153/1153/1153 1150/1150/1150 1152/1152/1152
f 1154/1154/1154 1150/1150/1150 1153/1153/1153
f 1155/1155/1155 1152/1152/1152 1151/1151/1151
f 1151/1151/1151 1140/1140/1140 1155/1155/1155
f 1156/1156/1156 1154/1154/1154 1153/1153/1153
f 1157/1157/1157 1156/1156/1156 1153/1153/1153
f 1152/1152/1152 1155/1155/1155 1158/1158/1158
f 1158/1158/1158 1153/1153/1153 1152/1152/1152
f 1159/1159/1159 1157/1157/1157 1153/1153/1153
f 1160/1160/1160 1157/1157/1157 1159/1159/1159
f 1153/1153/1153 1158/1158/1158 1161/1161/1161
f 1159/1159/1159 1153/1153/1153 1161/1161/1161
f 1155/1155/1155 1162/1162/1162 1158/1158/1158
f 1161/1161/1161 1158/1158/1158 1162/1162/1162
f 1140/1140/1140 1163/1163/1163 1155/1155/1155
f 1162/1162/1162 1155/1155/1155 1163/1163/1163
f 1164/1164/1164 1160/1160/1160 1159/1159/1159
f 1165/1165/1165 1160/1160/1160 1164/1164/1164
f 1166/1166/1166 1164/1164/1164 1159/1159/1159
f 1161/1161/1161 1166/1166/1166 1159/1159/1159
f 1167/1167/1167 1165/1165/1165 1164/1164/1164
f 1164/1164/1164 1166/1166/1166 1167/1167/1167
f 1165/1165/1165 1167/1167/1167 1168/1168/1168
f 1140/1140/1140 1169/1169/1169 1163/1163/1163
f 1136/1136/1136 1169/1169/1169 1140/1140/1140
f 1136/1136/1136 1133/1133/1133 1169/1169/1169
f 1167/1167/1167 1170/1170/1170 1168/1168/1168
f 1171/1171/1171 1168/1168/1168 1170/1170/1170
f 1172/1172/1172 1171/1171/1171 1170/1170/1170
f 1173/1173/1173 1171/1171/1171 1172/1172/1172
f 1170/1170/1170 1167/1167/1167 1174/1174/1174
f 1172/1172/1172 1170/1170/1170 1174/1174/1174
f 1166/1166/1166 1175/1175/1175 1167/1167/1167
f 1167/1167/1167 1175/1175/1175 1174/1174/1174
f 1175/1175/1175 1166/1166/1166 1176/1176/1176
f 1176/1176/1176 1166/1166/1166 1161/1161/1161
f 1177/1177/1177 1173/1173/1173 1172/1172/1172
f 1077/1077/1077 1173/1173/1173 1177/1177/1177
f 1174/1174/1174 1175/1175/1175 1178/1178/1178
f 1178/1178/1178 1175/1175/1175 1176/1176/1176
f 1179/1179/1179 1176/1176/1176 1161/1161/1161
f 1179/1179/1179 1161/1161/1161 1162/1162/1162
f 1180/1180/1180 1077/1077/1077 1177/1177/1177
f 1077/1077/1077 1180/1180/1180 1076/1076/1076
f 1180/1180/1180 1177/1177/1177 1181/1181/1181
f 1180/1180/1180 1181/1181/1181 1076/1076/1076
f 1182/1182/1182 1177/1177/1177 1172/1172/1172
f 1177/1177/1177 1182/1182/1182 1181/1181/1181
f 1183/1183/1183 1172/1172/1172 1174/1174/1174
f 1183/1183/1183 1182/1182/1182 1172/1172/1172
f 1184/1184/1184 1174/1174/1174 1178/1178/1178
f 1183/1183/1183 1174/1174/1174 1184/1184/1184
f 1182/1182/1182 1183/1183/1183 1185/1185/1185
f 1182/1182/1182 1185/1185/1185 1181/1181/1181
f 1181/1181/1181 1186/1186/1186 1076/1076/1076
f 1076/1076/1076 1186/1186/1186 1078/1078/1078
f 1181/1181/1181 1187/1187/1187 1186/1186/1186
f 1185/1185/1185 1187/1187/1187 1181/1181/1181
f 1186/1186/1186 1188/1188/1188 1078/1078/1078
f 1187/1187/1187 1188/1188/1188 1186/1186/1186
f 1188/1188/1188 1085/1085/1085 1078/1078/1078
f 1188/1188/1188 1189/1189/1189 1085/1085/1085
f 1189/1189/1189 1100/1100/1100 1085/1085/1085
f 1187/1187/1187 1190/1190/1190 1188/1188/1188
f 1190/1190/1190 1189/1189/1189 1188/1188/1188
f 1189/1189/1189 1191/1191/1191 1100/1100/1100
f 1191/1191/1191 1109/1109/1109 1100/1100/1100
f 1183/1183/1183 1192/1192/1192 1185/1185/1185
f 1192/1192/1192 1183/1183/1183 1184/1184/1184
f 1187/1187/1187 1185/1185/1185 1193/1193/1193
f 1190/1190/1190 1187/1187/1187 1193/1193/1193
f 1185/1185/1185 1192/1192/1192 1194/1194/1194
f 1192/1192/1192 1184/1184/1184 1194/1194/1194
f 1193/1193/1193 1185/1185/1185 1194/1194/1194
f 1190/1190/1190 1195/1195/1195 1189/1189/1189
f 1195/1195/1195 1191/1191/1191 1189/1189/1189
f 1190/1190/1190 1193/1193/1193 1196/1196/1196
f 1195/1195/1195 1190/1190/1190 1196/1196/1196
f 1197/1197/1197 1109/1109/1109 1191/1191/1191
f 1197/1197/1197 1108/1108/1108 1109/1109/1109
f 1184/1184/1184 1198/1198/1198 1194/1194/1194
f 1198/1198/1198 1184/1184/1184 1178/1178/1178
f 1194/1194/1194 1199/1199/1199 1193/1193/1193
f 1199/1199/1199 1196/1196/1196 1193/1193/1193
f 1108/1108/1108 1197/1197/1197 1200/1200/1200
f 1200/1200/1200 1110/1110/1110 1108/1108/1108
f 1201/1201/1201 1198/1198/1198 1178/1178/1178
f 1201/1201/1201 1178/1178/1178 1176/1176/1176
f 1198/1198/1198 1202/1202/1202 1194/1194/1194
f 1202/1202/1202 1199/1199/1199 1194/1194/1194
f 1110/1110/1110 1200/1200/1200 1203/1203/1203
f 1203/1203/1203 1123/1123/1123 1110/1110/1110
f 1204/1204/1204 1201/1201/1201 1176/1176/1176
f 1176/1176/1176 1179/1179/1179 1204/1204/1204
f 1201/1201/1201 1205/1205/1205 1198/1198/1198
f 1205/1205/1205 1202/1202/1202 1198/1198/1198
f 1201/1201/1201 1204/1204/1204 1206/1206/1206
f 1205/1205/1205 1201/1201/1201 1206/1206/1206
f 1206/1206/1206 1207/1207/1207 1205/1205/1205
f 1205/1205/1205 1208/1208/1208 1202/1202/1202
f 1207/1207/1207 1208/1208/1208 1205/1205/1205
f 1202/1202/1202 1209/1209/1209 1199/1199/1199
f 1208/1208/1208 1209/1209/1209 1202/1202/1202
f 1210/1210/1210 1208/1208/1208 1207/1207/1207
f 1208/1208/1208 1210/1210/1210 1209/1209/1209
f 1209/1209/1209 1211/1211/1211 1199/1199/1199
f 1199/1199/1199 1211/1211/1211 1196/1196/1196
f 1210/1210/1210 1212/1212/1212 1209/1209/1209
f 1209/1209/1209 1212/1212/1212 1211/1211/1211
f 1211/1211/1211 1213/1213/1213 1196/1196/1196
f 1196/1196/1196 1213/1213/1213 1195/1195/1195
f 1212/1212/1212 1214/1214/1214 1211/1211/1211
f 1213/1213/1213 1211/1211/1211 1214/1214/1214
f 1213/1213/1213 1215/1215/1215 1195/1195/1195
f 1195/1195/1195 1215/1215/1215 1191/1191/1191
f 1216/1216/1216 1213/1213/1213 1214/1214/1214
f 1213/1213/1213 1216/1216/1216 1215/1215/1215
f 1215/1215/1215 1217/1217/1217 1191/1191/1191
f 1217/1217/1217 1197/1197/1197 1191/1191/1191
f 1215/1215/1215 1218/1218/1218 1217/1217/1217
f 1216/1216/1216 1218/1218/1218 1215/1215/1215
f 1217/1217/1217 1219/1219/1219 1197/1197/1197
f 1218/1218/1218 1219/1219/1219 1217/1217/1217
f 1219/1219/1219 1220/1220/1220 1197/1197/1197
f 1197/1197/1197 1220/1220/1220 1200/1200/1200
f 1212/1212/1212 1221/1221/1221 1214/1214/1214
f 1214/1214/1214 1222/1222/1222 1216/1216/1216
f 1221/1221/1221 1222/1222/1222 1214/1214/1214
f 1216/1216/1216 1223/1223/1223 1218/1218/1218
f 1222/1222/1222 1223/1223/1223 1216/1216/1216
f 1218/1218/1218 1224/1224/1224 1219/1219/1219
f 1223/1223/1223 1224/1224/1224 1218/1218/1218
f 1219/1219/1219 1225/1225/1225 1220/1220/1220
f 1224/1224/1224 1225/1225/1225 1219/1219/1219
f 1220/1220/1220 1226/1226/1226 1200/1200/1200
f 1225/1225/1225 1226/1226/1226 1220/1220/1220
f 1227/1227/1227 1221/1221/1221 1212/1212/1212
f 1210/1210/1210 1227/1227/1227 1212/1212/1212
f 1226/1226/1226 1228/1228/1228 1200/1200/1200
f 1200/1200/1200 1228/1228/1228 1203/1203/1203
f 1221/1221/1221 1229/1229/1229 1222/1222/1222
f 1222/1222/1222 1230/1230/1230 1223/1223/1223
f 1229/1229/1229 1230/1230/1230 1222/1222/1222
f 1224/1224/1224 1223/1223/1223 1231/1231/1231
f 1230/1230/1230 1231/1231/1231 1223/1223/1223
f 1225/1225/1225 1224/1224/1224 1232/1232/1232
f 1232/1232/1232 1224/1224/1224 1231/1231/1231
f 1221/1221/1221 1227/1227/1227 1233/1233/1233
f 1229/1229/1229 1221/1221/1221 1233/1233/1233
f 1234/1234/1234 1227/1227/1227 1210/1210/1210
f 1233/1233/1233 1227/1227/1227 1234/1234/1234
f 1235/1235/1235 1225/1225/1225 1232/1232/1232
f 1226/1226/1226 1225/1225/1225 1235/1235/1235
f 1236/1236/1236 1234/1234/1234 1210/1210/1210
f 1236/1236/1236 1210/1210/1210 1207/1207/1207
f 1237/1237/1237 1226/1226/1226 1235/1235/1235
f 1226/1226/1226 1237/1237/1237 1228/1228/1228
f 1236/1236/1236 1238/1238/1238 1234/1234/1234
f 1236/1236/1236 1207/1207/1207 1238/1238/1238
f 1238/1238/1238 1239/1239/1239 1234/1234/1234
f 1207/1207/1207 1240/1240/1240 1238/1238/1238
f 1234/1234/1234 1239/1239/1239 1241/1241/1241
f 1241/1241/1241 1233/1233/1233 1234/1234/1234
f 1239/1239/1239 1242/1242/1242 1241/1241/1241
f 1240/1240/1240 1207/1207/1207 1243/1243/1243
f 1207/1207/1207 1206/1206/1206 1243/1243/1243
f 1244/1244/1244 1240/1240/1240 1243/1243/1243
f 1241/1241/1241 1242/1242/1242 1245/1245/1245
f 1241/1241/1241 1245/1245/1245 1233/1233/1233
f 1242/1242/1242 1246/1246/1246 1245/1245/1245
f 1245/1245/1245 1246/1246/1246 1247/1247/1247
f 1206/1206/1206 1248/1248/1248 1243/1243/1243
f 1206/1206/1206 1204/1204/1204 1248/1248/1248
f 1243/1243/1243 1249/1249/1249 1244/1244/1244
f 1243/1243/1243 1248/1248/1248 1249/1249/1249
f 1249/1249/1249 1250/1250/1250 1244/1244/1244
f 1245/1245/1245 1251/1251/1251 1233/1233/1233
f 1233/1233/1233 1251/1251/1251 1229/1229/1229
f 1252/1252/1252 1245/1245/1245 1247/1247/1247
f 1252/1252/1252 1251/1251/1251 1245/1245/1245
f 1247/1247/1247 1253/1253/1253 1252/1252/1252
f 1253/1253/1253 1254/1254/1254 1252/1252/1252
f 1251/1251/1251 1255/1255/1255 1229/1229/1229
f 1251/1251/1251 1252/1252/1252 1255/1255/1255
f 1229/1229/1229 1255/1255/1255 1230/1230/1230
f 1252/1252/1252 1254/1254/1254 1256/1256/1256
f 1252/1252/1252 1256/1256/1256 1255/1255/1255
f 1254/1254/1254 1257/1257/1257 1256/1256/1256
f 1255/1255/1255 1258/1258/1258 1230/1230/1230
f 1255/1255/1255 1256/1256/1256 1258/1258/1258
f 1231/1231/1231 1230/1230/1230 1258/1258/1258
f 1256/1256/1256 1257/1257/1257 1259/1259/1259
f 1256/1256/1256 1259/1259/1259 1258/1258/1258
f 1257/1257/1257 1260/1260/1260 1259/1259/1259
f 1261/1261/1261 1231/1231/1231 1258/1258/1258
f 1261/1261/1261 1258/1258/1258 1259/1259/1259
f 1232/1232/1232 1231/1231/1231 1261/1261/1261
f 1262/1262/1262 1232/1232/1232 1261/1261/1261
f 1262/1262/1262 1261/1261/1261 1259/1259/1259
f 1232/1232/1232 1262/1262/1262 1235/1235/1235
f 1259/1259/1259 1260/1260/1260 1263/1263/1263
f 1263/1263/1263 1262/1262/1262 1259/1259/1259
f 1260/1260/1260 1264/1264/1264 1263/1263/1263
f 1262/1262/1262 1265/1265/1265 1235/1235/1235
f 1262/1262/1262 1263/1263/1263 1265/1265/1265
f 1237/1237/1237 1235/1235/1235 1265/1265/1265
f 1263/1263/1263 1264/1264/1264 1266/1266/1266
f 1263/1263/1263 1266/1266/1266 1265/1265/1265
f 1264/1264/1264 1267/1267/1267 1266/1266/1266
f 1268/1268/1268 1237/1237/1237 1265/1265/1265
f 1266/1266/1266 1268/1268/1268 1265/1265/1265
f 1266/1266/1266 1267/1267/1267 1269/1269/1269
f 1267/1267/1267 1270/1270/1270 1269/1269/1269
f 1271/1271/1271 1269/1269/1269 1270/1270/1270
f 1272/1272/1272 1271/1271/1271 1270/1270/1270
f 1266/1266/1266 1269/1269/1269 1273/1273/1273
f 1268/1268/1268 1266/1266/1266 1273/1273/1273
f 1269/1269/1269 1271/1271/1271 1273/1273/1273
f 1237/1237/1237 1268/1268/1268 1274/1274/1274
f 1268/1268/1268 1273/1273/1273 1274/1274/1274
f 1237/1237/1237 1274/1274/1274 1228/1228/1228
f 1228/1228/1228 1274/1274/1274 1275/1275/1275
f 1275/1275/1275 1274/1274/1274 1273/1273/1273
f 1203/1203/1203 1228/1228/1228 1275/1275/1275
f 1276/1276/1276 1275/1275/1275 1273/1273/1273
f 1271/1271/1271 1276/1276/1276 1273/1273/1273
f 1275/1275/1275 1277/1277/1277 1203/1203/1203
f 1277/1277/1277 1275/1275/1275 1276/1276/1276
f 1277/1277/1277 1123/1123/1123 1203/1203/1203
f 1272/1272/1272 1278/1278/1278 1271/1271/1271
f 1278/1278/1278 1272/1272/1272 1279/1279/1279
f 1278/1278/1278 1279/1279/1279 1280/1280/1280
f 1281/1281/1281 1278/1278/1278 1280/1280/1280
f 1281/1281/1281 1282/1282/1282 1278/1278/1278
f 1278/1278/1278 1282/1282/1282 1271/1271/1271
f 1283/1283/1283 1282/1282/1282 1281/1281/1281
f 1276/1276/1276 1271/1271/1271 1284/1284/1284
f 1271/1271/1271 1282/1282/1282 1284/1284/1284
f 1284/1284/1284 1277/1277/1277 1276/1276/1276
f 1284/1284/1284 1282/1282/1282 1285/1285/1285
f 1282/1282/1282 1283/1283/1283 1285/1285/1285
f 1284/1284/1284 1285/1285/1285 1277/1277/1277
f 1277/1277/1277 1286/1286/1286 1123/1123/1123
f 1285/1285/1285 1286/1286/1286 1277/1277/1277
f 1286/1286/1286 1119/1119/1119 1123/1123/1123
f 1285/1285/1285 1283/1283/1283 1287/1287/1287
f 1286/1286/1286 1285/1285/1285 1287/1287/1287
f 1283/1283/1283 1288/1288/1288 1287/1287/1287
f 1287/1287/1287 1288/1288/1288 1289/1289/1289
f 1286/1286/1286 1290/1290/1290 1119/1119/1119
f 1290/1290/1290 1286/1286/1286 1287/1287/1287
f 1290/1290/1290 1120/1120/1120 1119/1119/1119
f 1287/1287/1287 1291/1291/1291 1290/1290/1290
f 1291/1291/1291 1287/1287/1287 1289/1289/1289
f 1120/1120/1120 1290/1290/1290 1292/1292/1292
f 1291/1291/1291 1292/1292/1292 1290/1290/1290
f 1121/1121/1121 1120/1120/1120 1292/1292/1292
f 1292/1292/1292 1293/1293/1293 1121/1121/1121
f 1293/1293/1293 1122/1122/1122 1121/1121/1121
f 1294/1294/1294 1292/1292/1292 1291/1291/1291
f 1293/1293/1293 1292/1292/1292 1294/1294/1294
f 1295/1295/1295 1291/1291/1291 1289/1289/1289
f 1295/1295/1295 1294/1294/1294 1291/1291/1291
f 1296/1296/1296 1295/1295/1295 1289/1289/1289
f 1297/1297/1297 1296/1296/1296 1289/1289/1289
f 1297/1297/1297 1298/1298/1298 1296/1296/1296
f 1298/1298/1298 1299/1299/1299 1296/1296/1296
f 1296/1296/1296 1299/1299/1299 1295/1295/1295
f 1300/1300/1300 1299/1299/1299 1298/1298/1298
f 1301/1301/1301 1299/1299/1299 1300/1300/1300
f 1302/1302/1302 1301/1301/1301 1300/1300/1300
f 1302/1302/1302 1303/1303/1303 1301/1301/1301
f 1299/1299/1299 1304/1304/1304 1295/1295/1295
f 1294/1294/1294 1295/1295/1295 1304/1304/1304
f 1299/1299/1299 1301/1301/1301 1304/1304/1304
f 1303/1303/1303 1305/1305/1305 1301/1301/1301
f 1303/1303/1303 1306/1306/1306 1305/1305/1305
f 1306/1306/1306 1307/1307/1307 1305/1305/1305
f 1306/1306/1306 1308/1308/1308 1307/1307/1307
f 1305/1305/1305 1309/1309/1309 1301/1301/1301
f 1309/1309/1309 1305/1305/1305 1307/1307/1307
f 1301/1301/1301 1310/1310/1310 1304/1304/1304
f 1309/1309/1309 1310/1310/1310 1301/1301/1301
f 1311/1311/1311 1294/1294/1294 1304/1304/1304
f 1304/1304/1304 1310/1310/1310 1311/1311/1311
f 1312/1312/1312 1310/1310/1310 1309/1309/1309
f 1310/1310/1310 1312/1312/1312 1311/1311/1311
f 1313/1313/1313 1294/1294/1294 1311/1311/1311
f 1313/1313/1313 1293/1293/1293 1294/1294/1294
f 1314/1314/1314 1313/1313/1313 1311/1311/1311
f 1311/1311/1311 1312/1312/1312 1314/1314/1314
f 1313/1313/1313 1315/1315/1315 1293/1293/1293
f 1313/1313/1313 1314/1314/1314 1315/1315/1315
f 1315/1315/1315 1316/1316/1316 1293/1293/1293
f 1293/1293/1293 1316/1316/1316 1122/1122/1122
f 1316/1316/1316 1317/1317/1317 1122/1122/1122
f 1115/1115/1115 1122/1122/1122 1317/1317/1317
f 1318/1318/1318 1115/1115/1115 1317/1317/1317
f 1115/1115/1115 1318/1318/1318 1116/1116/1116
f 1319/1319/1319 1312/1312/1312 1309/1309/1309
f 1312/1312/1312 1320/1320/1320 1314/1314/1314
f 1312/1312/1312 1319/1319/1319 1320/1320/1320
f 1314/1314/1314 1321/1321/1321 1315/1315/1315
f 1314/1314/1314 1320/1320/1320 1321/1321/1321
f 1316/1316/1316 1315/1315/1315 1322/1322/1322
f 1322/1322/1322 1315/1315/1315 1321/1321/1321
f 1317/1317/1317 1316/1316/1316 1323/1323/1323
f 1323/1323/1323 1316/1316/1316 1322/1322/1322
f 1318/1318/1318 1317/1317/1317 1324/1324/1324
f 1324/1324/1324 1317/1317/1317 1323/1323/1323
f 1325/1325/1325 1324/1324/1324 1323/1323/1323
f 1326/1326/1326 1318/1318/1318 1324/1324/1324
f 1324/1324/1324 1325/1325/1325 1326/1326/1326
f 1318/1318/1318 1326/1326/1326 1116/1116/1116
f 1326/1326/1326 1327/1327/1327 1116/1116/1116
f 1327/1327/1327 1134/1134/1134 1116/1116/1116
f 1327/1327/1327 1326/1326/1326 1328/1328/1328
f 1325/1325/1325 1328/1328/1328 1326/1326/1326
f 1327/1327/1327 1329/1329/1329 1134/1134/1134
f 1329/1329/1329 1327/1327/1327 1328/1328/1328
f 1330/1330/1330 1323/1323/1323 1322/1322/1322
f 1330/1330/1330 1325/1325/1325 1323/1323/1323
f 1329/1329/1329 1331/1331/1331 1134/1134/1134
f 1134/1134/1134 1331/1331/1331 1132/1132/1132
f 1329/1329/1329 1328/1328/1328 1332/1332/1332
f 1328/1328/1328 1325/1325/1325 1332/1332/1332
f 1331/1331/1331 1329/1329/1329 1333/1333/1333
f 1333/1333/1333 1329/1329/1329 1332/1332/1332
f 1334/1334/1334 1330/1330/1330 1322/1322/1322
f 1325/1325/1325 1330/1330/1330 1335/1335/1335
f 1335/1335/1335 1330/1330/1330 1334/1334/1334
f 1325/1325/1325 1336/1336/1336 1332/1332/1332
f 1336/1336/1336 1325/1325/1325 1335/1335/1335
f 1334/1334/1334 1322/1322/1322 1337/1337/1337
f 1337/1337/1337 1322/1322/1322 1321/1321/1321
f 1321/1321/1321 1338/1338/1338 1337/1337/1337
f 1320/1320/1320 1338/1338/1338 1321/1321/1321
f 1320/1320/1320 1339/1339/1339 1338/1338/1338
f 1319/1319/1319 1339/1339/1339 1320/1320/1320
f 1336/1336/1336 1340/1340/1340 1332/1332/1332
f 1336/1336/1336 1335/1335/1335 1341/1341/1341
f 1340/1340/1340 1336/1336/1336 1341/1341/1341
f 1342/1342/1342 1335/1335/1335 1334/1334/1334
f 1335/1335/1335 1342/1342/1342 1341/1341/1341
f 1343/1343/1343 1334/1334/1334 1337/1337/1337
f 1342/1342/1342 1334/1334/1334 1343/1343/1343
f 1338/1338/1338 1344/1344/1344 1337/1337/1337
f 1343/1343/1343 1337/1337/1337 1344/1344/1344
f 1339/1339/1339 1345/1345/1345 1338/1338/1338
f 1338/1338/1338 1345/1345/1345 1344/1344/1344
f 1340/1340/1340 1346/1346/1346 1332/1332/1332
f 1332/1332/1332 1346/1346/1346 1333/1333/1333
f 1319/1319/1319 1347/1347/1347 1339/1339/1339
f 1339/1339/1339 1348/1348/1348 1345/1345/1345
f 1347/1347/1347 1348/1348/1348 1339/1339/1339
f 1349/1349/1349 1347/1347/1347 1319/1319/1319
f 1309/1309/1309 1349/1349/1349 1319/1319/1319
f 1349/1349/1349 1309/1309/1309 1307/1307/1307
f 1349/1349/1349 1307/1307/1307 1350/1350/1350
f 1347/1347/1347 1349/1349/1349 1350/1350/1350
f 1308/1308/1308 1350/1350/1350 1307/1307/1307
f 1350/1350/1350 1351/1351/1351 1347/1347/1347
f 1350/1350/1350 1308/1308/1308 1351/1351/1351
f 1351/1351/1351 1348/1348/1348 1347/1347/1347
f 1308/1308/1308 1352/1352/1352 1351/1351/1351
f 1348/1348/1348 1353/1353/1353 1345/1345/1345
f 1348/1348/1348 1351/1351/1351 1353/1353/1353
f 1351/1351/1351 1352/1352/1352 1354/1354/1354
f 1351/1351/1351 1354/1354/1354 1353/1353/1353
f 1352/1352/1352 1355/1355/1355 1354/1354/1354
f 1345/1345/1345 1353/1353/1353 1356/1356/1356
f 1345/1345/1345 1356/1356/1356 1344/1344/1344
f 1357/1357/1357 1354/1354/1354 1355/1355/1355
f 1358/1358/1358 1357/1357/1357 1355/1355/1355
f 1359/1359/1359 1357/1357/1357 1358/1358/1358
f 1360/1360/1360 1353/1353/1353 1354/1354/1354
f 1357/1357/1357 1360/1360/1360 1354/1354/1354
f 1353/1353/1353 1360/1360/1360 1356/1356/1356
f 1361/1361/1361 1344/1344/1344 1356/1356/1356
f 1361/1361/1361 1343/1343/1343 1344/1344/1344
f 1357/1357/1357 1359/1359/1359 1362/1362/1362
f 1360/1360/1360 1357/1357/1357 1362/1362/1362
f 1356/1356/1356 1360/1360/1360 1363/1363/1363
f 1360/1360/1360 1362/1362/1362 1363/1363/1363
f 1363/1363/1363 1361/1361/1361 1356/1356/1356
f 1361/1361/1361 1363/1363/1363 1364/1364/1364
f 1362/1362/1362 1359/1359/1359 1365/1365/1365
f 1363/1363/1363 1362/1362/1362 1365/1365/1365
f 1359/1359/1359 1366/1366/1366 1365/1365/1365
f 1367/1367/1367 1343/1343/1343 1361/1361/1361
f 1367/1367/1367 1342/1342/1342 1343/1343/1343
f 1368/1368/1368 1363/1363/1363 1365/1365/1365
f 1364/1364/1364 1363/1363/1363 1368/1368/1368
f 1366/1366/1366 1369/1369/1369 1365/1365/1365
f 1365/1365/1365 1369/1369/1369 1368/1368/1368
f 1369/1369/1369 1366/1366/1366 1370/1370/1370
f 1371/1371/1371 1369/1369/1369 1370/1370/1370
f 1369/1369/1369 1371/1371/1371 1372/1372/1372
f 1369/1369/1369 1372/1372/1372 1368/1368/1368
f 1371/1371/1371 1373/1373/1373 1372/1372/1372
f 1374/1374/1374 1368/1368/1368 1372/1372/1372
f 1374/1374/1374 1364/1364/1364 1368/1368/1368
f 1372/1372/1372 1373/1373/1373 1375/1375/1375
f 1375/1375/1375 1374/1374/1374 1372/1372/1372
f 1373/1373/1373 1376/1376/1376 1375/1375/1375
f 1375/1375/1375 1376/1376/1376 1377/1377/1377
f 1374/1374/1374 1375/1375/1375 1378/1378/1378
f 1364/1364/1364 1374/1374/1374 1378/1378/1378
f 1379/1379/1379 1375/1375/1375 1377/1377/1377
f 1375/1375/1375 1379/1379/1379 1378/1378/1378
f 1379/1379/1379 1377/1377/1377 1380/1380/1380
f 1377/1377/1377 1381/1381/1381 1380/1380/1380
f 1378/1378/1378 1379/1379/1379 1382/1382/1382
f 1379/1379/1379 1380/1380/1380 1382/1382/1382
f 1383/1383/1383 1380/1380/1380 1381/1381/1381
f 1384/1384/1384 1383/1383/1383 1381/1381/1381
f 1385/1385/1385 1364/1364/1364 1378/1378/1378
f 1378/1378/1378 1382/1382/1382 1385/1385/1385
f 1380/1380/1380 1383/1383/1383 1386/1386/1386
f 1382/1382/1382 1380/1380/1380 1386/1386/1386
f 1383/1383/1383 1384/1384/1384 1387/1387/1387
f 1384/1384/1384 1388/1388/1388 1387/1387/1387
f 1388/1388/1388 1389/1389/1389 1387/1387/1387
f 1387/1387/1387 1390/1390/1390 1383/1383/1383
f 1390/1390/1390 1386/1386/1386 1383/1383/1383
f 1389/1389/1389 1391/1391/1391 1387/1387/1387
f 1390/1390/1390 1387/1387/1387 1391/1391/1391
f 1389/1389/1389 1392/1392/1392 1391/1391/1391
f 1392/1392/1392 1393/1393/1393 1391/1391/1391
f 1394/1394/1394 1391/1391/1391 1393/1393/1393
f 1394/1394/1394 1390/1390/1390 1391/1391/1391
f 1395/1395/1395 1394/1394/1394 1393/1393/1393
f 1394/1394/1394 1395/1395/1395 1396/1396/1396
f 1390/1390/1390 1394/1394/1394 1396/1396/1396
f 1395/1395/1395 1397/1397/1397 1396/1396/1396
f 1390/1390/1390 1398/1398/1398 1386/1386/1386
f 1398/1398/1398 1390/1390/1390 1396/1396/1396
f 1396/1396/1396 1397/1397/1397 1399/1399/1399
f 1396/1396/1396 1399/1399/1399 1398/1398/1398
f 1397/1397/1397 1400/1400/1400 1399/1399/1399
f 1398/1398/1398 1401/1401/1401 1386/1386/1386
f 1382/1382/1382 1386/1386/1386 1401/1401/1401
f 1399/1399/1399 1402/1402/1402 1398/1398/1398
f 1401/1401/1401 1398/1398/1398 1402/1402/1402
f 1399/1399/1399 1400/1400/1400 1403/1403/1403
f 1399/1399/1399 1403/1403/1403 1402/1402/1402
f 1400/1400/1400 1404/1404/1404 1403/1403/1403
f 1405/1405/1405 1382/1382/1382 1401/1401/1401
f 1382/1382/1382 1405/1405/1405 1385/1385/1385
f 1406/1406/1406 1401/1401/1401 1402/1402/1402
f 1405/1405/1405 1401/1401/1401 1406/1406/1406
f 1403/1403/1403 1407/1407/1407 1402/1402/1402
f 1402/1402/1402 1407/1407/1407 1406/1406/1406
f 1408/1408/1408 1403/1403/1403 1404/1404/1404
f 1403/1403/1403 1408/1408/1408 1407/1407/1407
f 1409/1409/1409 1408/1408/1408 1404/1404/1404
f 1409/1409/1409 1410/1410/1410 1408/1408/1408
f 1385/1385/1385 1405/1405/1405 1411/1411/1411
f 1385/1385/1385 1411/1411/1411 1364/1364/1364
f 1412/1412/1412 1405/1405/1405 1406/1406/1406
f 1405/1405/1405 1412/1412/1412 1411/1411/1411
f 1407/1407/1407 1413/1413/1413 1406/1406/1406
f 1406/1406/1406 1413/1413/1413 1412/1412/1412
f 1408/1408/1408 1414/1414/1414 1407/1407/1407
f 1413/1413/1413 1407/1407/1407 1414/1414/1414
f 1410/1410/1410 1415/1415/1415 1408/1408/1408
f 1414/1414/1414 1408/1408/1408 1415/1415/1415
f 1416/1416/1416 1415/1415/1415 1410/1410/1410
f 1411/1411/1411 1417/1417/1417 1364/1364/1364
f 1417/1417/1417 1361/1361/1361 1364/1364/1364
f 1417/1417/1417 1367/1367/1367 1361/1361/1361
f 1411/1411/1411 1418/1418/1418 1417/1417/1417
f 1418/1418/1418 1411/1411/1411 1412/1412/1412
f 1418/1418/1418 1367/1367/1367 1417/1417/1417
f 1413/1413/1413 1419/1419/1419 1412/1412/1412
f 1419/1419/1419 1418/1418/1418 1412/1412/1412
f 1420/1420/1420 1413/1413/1413 1414/1414/1414
f 1419/1419/1419 1413/1413/1413 1420/1420/1420
f 1418/1418/1418 1421/1421/1421 1367/1367/1367
f 1421/1421/1421 1342/1342/1342 1367/1367/1367
f 1342/1342/1342 1421/1421/1421 1341/1341/1341
f 1418/1418/1418 1419/1419/1419 1422/1422/1422
f 1421/1421/1421 1418/1418/1418 1422/1422/1422
f 1422/1422/1422 1419/1419/1419 1420/1420/1420
f 1414/1414/1414 1423/1423/1423 1420/1420/1420
f 1423/1423/1423 1414/1414/1414 1415/1415/1415
f 1341/1341/1341 1421/1421/1421 1424/1424/1424
f 1421/1421/1421 1422/1422/1422 1424/1424/1424
f 1420/1420/1420 1425/1425/1425 1422/1422/1422
f 1425/1425/1425 1424/1424/1424 1422/1422/1422
f 1423/1423/1423 1425/1425/1425 1420/1420/1420
f 1341/1341/1341 1424/1424/1424 1426/1426/1426
f 1424/1424/1424 1425/1425/1425 1426/1426/1426
f 1340/1340/1340 1341/1341/1341 1426/1426/1426
f 1427/1427/1427 1425/1425/1425 1423/1423/1423
f 1425/1425/1425 1427/1427/1427 1426/1426/1426
f 1340/1340/1340 1426/1426/1426 1428/1428/1428
f 1428/1428/1428 1426/1426/1426 1427/1427/1427
f 1346/1346/1346 1340/1340/1340 1428/1428/1428
f 1429/1429/1429 1423/1423/1423 1415/1415/1415
f 1429/1429/1429 1427/1427/1427 1423/1423/1423
f 1430/1430/1430 1428/1428/1428 1427/1427/1427
f 1427/1427/1427 1429/1429/1429 1430/1430/1430
f 1431/1431/1431 1429/1429/1429 1415/1415/1415
f 1431/1431/1431 1415/1415/1415 1416/1416/1416
f 1432/1432/1432 1431/1431/1431 1416/1416/1416
f 1429/1429/1429 1433/1433/1433 1430/1430/1430
f 1429/1429/1429 1431/1431/1431 1433/1433/1433
f 1434/1434/1434 1431/1431/1431 1432/1432/1432
f 1431/1431/1431 1434/1434/1434 1433/1433/1433
f 1435/1435/1435 1434/1434/1434 1432/1432/1432
f 1428/1428/1428 1430/1430/1430 1436/1436/1436
f 1430/1430/1430 1433/1433/1433 1436/1436/1436
f 1346/1346/1346 1428/1428/1428 1437/1437/1437
f 1437/1437/1437 1428/1428/1428 1436/1436/1436
f 1433/1433/1433 1434/1434/1434 1438/1438/1438
f 1433/1433/1433 1438/1438/1438 1436/1436/1436
f 1434/1434/1434 1435/1435/1435 1439/1439/1439
f 1434/1434/1434 1439/1439/1439 1438/1438/1438
f 1435/1435/1435 1440/1440/1440 1439/1439/1439
f 1440/1440/1440 1441/1441/1441 1439/1439/1439
f 1441/1441/1441 1442/1442/1442 1439/1439/1439
f 1442/1442/1442 1441/1441/1441 1443/1443/1443
f 1438/1438/1438 1439/1439/1439 1444/1444/1444
f 1439/1439/1439 1442/1442/1442 1444/1444/1444
f 1436/1436/1436 1438/1438/1438 1445/1445/1445
f 1438/1438/1438 1444/1444/1444 1445/1445/1445
f 1446/1446/1446 1442/1442/1442 1443/1443/1443
f 1446/1446/1446 1443/1443/1443 1447/1447/1447
f 1448/1448/1448 1446/1446/1446 1447/1447/1447
f 1448/1448/1448 1449/1449/1449 1446/1446/1446
f 1442/1442/1442 1446/1446/1446 1450/1450/1450
f 1449/1449/1449 1450/1450/1450 1446/1446/1446
f 1444/1444/1444 1442/1442/1442 1450/1450/1450
f 1450/1450/1450 1449/1449/1449 1451/1451/1451
f 1450/1450/1450 1452/1452/1452 1444/1444/1444
f 1452/1452/1452 1450/1450/1450 1451/1451/1451
f 1452/1452/1452 1445/1445/1445 1444/1444/1444
f 1453/1453/1453 1452/1452/1452 1451/1451/1451
f 1452/1452/1452 1453/1453/1453 1445/1445/1445
f 1454/1454/1454 1453/1453/1453 1451/1451/1451
f 1445/1445/1445 1455/1455/1455 1436/1436/1436
f 1453/1453/1453 1455/1455/1455 1445/1445/1445
f 1455/1455/1455 1437/1437/1437 1436/1436/1436
f 1456/1456/1456 1453/1453/1453 1454/1454/1454
f 1457/1457/1457 1456/1456/1456 1454/1454/1454
f 1458/1458/1458 1456/1456/1456 1457/1457/1457
f 1459/1459/1459 1458/1458/1458 1457/1457/1457
f 1458/1458/1458 1459/1459/1459 1460/1460/1460
f 1456/1456/1456 1458/1458/1458 1461/1461/1461
f 1459/1459/1459 1462/1462/1462 1460/1460/1460
f 1463/1463/1463 1456/1456/1456 1461/1461/1461
f 1456/1456/1456 1463/1463/1463 1453/1453/1453
f 1461/1461/1461 1464/1464/1464 1463/1463/1463
f 1465/1465/1465 1460/1460/1460 1462/1462/1462
f 1466/1466/1466 1465/1465/1465 1462/1462/1462
f 1460/1460/1460 1465/1465/1465 1467/1467/1467
f 1453/1453/1453 1468/1468/1468 1455/1455/1455
f 1463/1463/1463 1468/1468/1468 1453/1453/1453
f 1464/1464/1464 1469/1469/1469 1463/1463/1463
f 1463/1463/1463 1469/1469/1469 1468/1468/1468
f 1469/1469/1469 1464/1464/1464 1470/1470/1470
f 1465/1465/1465 1466/1466/1466 1471/1471/1471
f 1466/1466/1466 1472/1472/1472 1471/1471/1471
f 1465/1465/1465 1473/1473/1473 1467/1467/1467
f 1465/1465/1465 1471/1471/1471 1473/1473/1473
f 1474/1474/1474 1467/1467/1467 1473/1473/1473
f 1468/1468/1468 1475/1475/1475 1455/1455/1455
f 1437/1437/1437 1455/1455/1455 1475/1475/1475
f 1476/1476/1476 1471/1471/1471 1472/1472/1472
f 1477/1477/1477 1476/1476/1476 1472/1472/1472
f 1476/1476/1476 1477/1477/1477 1478/1478/1478
f 1471/1471/1471 1479/1479/1479 1473/1473/1473
f 1474/1474/1474 1473/1473/1473 1479/1479/1479
f 1471/1471/1471 1476/1476/1476 1479/1479/1479
f 1480/1480/1480 1476/1476/1476 1478/1478/1478
f 1478/1478/1478 1481/1481/1481 1480/1480/1480
f 1482/1482/1482 1474/1474/1474 1479/1479/1479
f 1474/1474/1474 1482/1482/1482 1483/1483/1483
f 1476/1476/1476 1484/1484/1484 1479/1479/1479
f 1484/1484/1484 1476/1476/1476 1480/1480/1480
f 1482/1482/1482 1479/1479/1479 1484/1484/1484
f 1481/1481/1481 1485/1485/1485 1480/1480/1480
f 1485/1485/1485 1481/1481/1481 1486/1486/1486
f 1482/1482/1482 1487/1487/1487 1483/1483/1483
f 1483/1483/1483 1487/1487/1487 1470/1470/1470
f 1488/1488/1488 1482/1482/1482 1484/1484/1484
f 1487/1487/1487 1482/1482/1482 1488/1488/1488
f 1489/1489/1489 1484/1484/1484 1480/1480/1480
f 1480/1480/1480 1485/1485/1485 1489/1489/1489
f 1488/1488/1488 1484/1484/1484 1489/1489/1489
f 1490/1490/1490 1485/1485/1485 1486/1486/1486
f 1486/1486/1486 1491/1491/1491 1490/1490/1490
f 1487/1487/1487 1492/1492/1492 1470/1470/1470
f 1492/1492/1492 1469/1469/1469 1470/1470/1470
f 1485/1485/1485 1493/1493/1493 1489/1489/1489
f 1493/1493/1493 1485/1485/1485 1490/1490/1490
f 1494/1494/1494 1487/1487/1487 1488/1488/1488
f 1492/1492/1492 1487/1487/1487 1494/1494/1494
f 1495/1495/1495 1488/1488/1488 1489/1489/1489
f 1495/1495/1495 1489/1489/1489 1493/1493/1493
f 1488/1488/1488 1495/1495/1495 1494/1494/1494
f 1491/1491/1491 1496/1496/1496 1490/1490/1490
f 1497/1497/1497 1493/1493/1493 1490/1490/1490
f 1497/1497/1497 1490/1490/1490 1496/1496/1496
f 1498/1498/1498 1495/1495/1495 1493/1493/1493
f 1493/1493/1493 1497/1497/1497 1498/1498/1498
f 1495/1495/1495 1499/1499/1499 1494/1494/1494
f 1495/1495/1495 1498/1498/1498 1499/1499/1499
f 1500/1500/1500 1496/1496/1496 1491/1491/1491
f 1501/1501/1501 1500/1500/1500 1491/1491/1491
f 1501/1501/1501 1250/1250/1250 1500/1500/1500
f 1250/1250/1250 1249/1249/1249 1500/1500/1500
f 1502/1502/1502 1497/1497/1497 1496/1496/1496
f 1496/1496/1496 1500/1500/1500 1502/1502/1502
f 1497/1497/1497 1503/1503/1503 1498/1498/1498
f 1497/1497/1497 1502/1502/1502 1503/1503/1503
f 1500/1500/1500 1249/1249/1249 1504/1504/1504
f 1500/1500/1500 1504/1504/1504 1502/1502/1502
f 1494/1494/1494 1499/1499/1499 1505/1505/1505
f 1505/1505/1505 1492/1492/1492 1494/1494/1494
f 1498/1498/1498 1506/1506/1506 1499/1499/1499
f 1498/1498/1498 1503/1503/1503 1506/1506/1506
f 1502/1502/1502 1507/1507/1507 1503/1503/1503
f 1507/1507/1507 1502/1502/1502 1504/1504/1504
f 1499/1499/1499 1508/1508/1508 1505/1505/1505
f 1508/1508/1508 1499/1499/1499 1506/1506/1506
f 1505/1505/1505 1509/1509/1509 1492/1492/1492
f 1505/1505/1505 1508/1508/1508 1509/1509/1509
f 1503/1503/1503 1510/1510/1510 1506/1506/1506
f 1510/1510/1510 1503/1503/1503 1507/1507/1507
f 1511/1511/1511 1508/1508/1508 1506/1506/1506
f 1510/1510/1510 1511/1511/1511 1506/1506/1506
f 1511/1511/1511 1512/1512/1512 1508/1508/1508
f 1508/1508/1508 1512/1512/1512 1509/1509/1509
f 1512/1512/1512 1511/1511/1511 1513/1513/1513
f 1511/1511/1511 1510/1510/1510 1513/1513/1513
f 1509/1509/1509 1514/1514/1514 1492/1492/1492
f 1492/1492/1492 1514/1514/1514 1469/1469/1469
f 1512/1512/1512 1515/1515/1515 1509/1509/1509
f 1513/1513/1513 1515/1515/1515 1512/1512/1512
f 1516/1516/1516 1469/1469/1469 1514/1514/1514
f 1469/1469/1469 1516/1516/1516 1468/1468/1468
f 1475/1475/1475 1468/1468/1468 1516/1516/1516
f 1517/1517/1517 1514/1514/1514 1509/1509/1509
f 1515/1515/1515 1517/1517/1517 1509/1509/1509
f 1517/1517/1517 1516/1516/1516 1514/1514/1514
f 1518/1518/1518 1475/1475/1475 1516/1516/1516
f 1516/1516/1516 1517/1517/1517 1518/1518/1518
f 1519/1519/1519 1517/1517/1517 1515/1515/1515
f 1513/1513/1513 1519/1519/1519 1515/1515/1515
f 1518/1518/1518 1517/1517/1517 1519/1519/1519
f 1475/1475/1475 1518/1518/1518 1520/1520/1520
f 1520/1520/1520 1437/1437/1437 1475/1475/1475
f 1520/1520/1520 1346/1346/1346 1437/1437/1437
f 1346/1346/1346 1520/1520/1520 1333/1333/1333
f 1518/1518/1518 1333/1333/1333 1520/1520/1520
f 1518/1518/1518 1331/1331/1331 1333/1333/1333
f 1331/1331/1331 1518/1518/1518 1519/1519/1519
f 1331/1331/1331 1519/1519/1519 1132/1132/1132
f 1519/1519/1519 1513/1513/1513 1132/1132/1132
f 1513/1513/1513 1521/1521/1521 1132/1132/1132
f 1521/1521/1521 1133/1133/1133 1132/1132/1132
f 1521/1521/1521 1513/1513/1513 1510/1510/1510
f 1522/1522/1522 1133/1133/1133 1521/1521/1521
f 1133/1133/1133 1522/1522/1522 1169/1169/1169
f 1523/1523/1523 1521/1521/1521 1510/1510/1510
f 1523/1523/1523 1522/1522/1522 1521/1521/1521
f 1523/1523/1523 1510/1510/1510 1507/1507/1507
f 1507/1507/1507 1524/1524/1524 1523/1523/1523
f 1524/1524/1524 1522/1522/1522 1523/1523/1523
f 1524/1524/1524 1507/1507/1507 1504/1504/1504
f 1169/1169/1169 1522/1522/1522 1525/1525/1525
f 1522/1522/1522 1524/1524/1524 1525/1525/1525
f 1525/1525/1525 1524/1524/1524 1504/1504/1504
f 1169/1169/1169 1525/1525/1525 1163/1163/1163
f 1526/1526/1526 1525/1525/1525 1504/1504/1504
f 1249/1249/1249 1526/1526/1526 1504/1504/1504
f 1248/1248/1248 1526/1526/1526 1249/1249/1249
f 1527/1527/1527 1163/1163/1163 1525/1525/1525
f 1526/1526/1526 1527/1527/1527 1525/1525/1525
f 1527/1527/1527 1162/1162/1162 1163/1163/1163
f 1162/1162/1162 1527/1527/1527 1179/1179/1179
f 1526/1526/1526 1248/1248/1248 1528/1528/1528
f 1527/1527/1527 1526/1526/1526 1528/1528/1528
f 1527/1527/1527 1528/1528/1528 1179/1179/1179
f 1204/1204/1204 1528/1528/1528 1248/1248/1248
f 1179/1179/1179 1528/1528/1528 1204/1204/1204
f 1530/1530/1530 1529/1529/1529 1143/1143/1143
f 1531/1531/1531 1530/1530/1530 1143/1143/1143
f 1154/1154/1154 1533/1533/1533 1532/1532/1532
f 1534/1534/1534 1154/1154/1154 1532/1532/1532
f 1537/1537/1537 1536/1536/1536 1535/1535/1535
f 1536/1536/1536 1538/1538/1538 1535/1535/1535
f 1536/1536/1536 1539/1539/1539 1538/1538/1538
f 1539/1539/1539 1540/1540/1540 1538/1538/1538
f 1541/1541/1541 1540/1540/1540 1539/1539/1539
f 1539/1539/1539 1542/1542/1542 1541/1541/1541
f 1541/1541/1541 1542/1542/1542 1543/1543/1543
f 1544/1544/1544 1541/1541/1541 1543/1543/1543
f 1545/1545/1545 1544/1544/1544 1543/1543/1543
f 1545/1545/1545 1546/1546/1546 1544/1544/1544
f 1549/1549/1549 1548/1548/1548 1547/1547/1547
f 1550/1550/1550 1549/1549/1549 1547/1547/1547
f 1550/1550/1550 1547/1547/1547 1551/1551/1551
f 1552/1552/1552 1550/1550/1550 1551/1551/1551
f 1552/1552/1552 1551/1551/1551 1553/1553/1553
f 1554/1554/1554 1552/1552/1552 1553/1553/1553
f 1554/1554/1554 1553/1553/1553 1555/1555/1555
f 1556/1556/1556 1554/1554/1554 1555/1555/1555
f 1556/1556/1556 1555/1555/1555 1557/1557/1557
f 1555/1555/1555 1558/1558/1558 1557/1557/1557
f 1561/1561/1561 1560/1560/1560 1559/1559/1559
f 1559/1559/1559 1560/1560/1560 1562/1562/1562
f 1563/1563/1563 1559/1559/1559 1562/1562/1562
f 1563/1563/1563 1562/1562/1562 1564/1564/1564
f 1565/1565/1565 1563/1563/1563 1564/1564/1564
f 1564/1564/1564 1566/1566/1566 1565/1565/1565
f 1566/1566/1566 1567/1567/1567 1565/1565/1565
f 1567/1567/1567 1566/1566/1566 1568/1568/1568
f 1569/1569/1569 1567/1567/1567 1568/1568/1568
f 1572/1572/1572 1571/1571/1571 1570/1570/1570
f 1571/1571/1571 1573/1573/1573 1570/1570/1570
f 1570/1570/1570 1573/1573/1573 1574/1574/1574
f 1574/1574/1574 1573/1573/1573 1575/1575/1575
f 1574/1574/1574 1575/1575/1575 1576/1576/1576
f 1577/1577/1577 1576/1576/1576 1575/1575/1575
f 1576/1576/1576 1577/1577/1577 1578/1578/1578
f 1578/1578/1578 1577/1577/1577 1579/1579/1579
f 1580/1580/1580 1578/1578/1578 1579/1579/1579
f 1581/1581/1581 1580/1580/1580 1579/1579/1579
f 1584/1584/1584 1583/1583/1583 1582/1582/1582
f 1585/1585/1585 1584/1584/1584 1582/1582/1582
f 1586/1586/1586 1584/1584/1584 1585/1585/1585
f 1587/1587/1587 1586/1586/1586 1585/1585/1585
f 1586/1586/1586 1587/1587/1587 1588/1588/1588
f 1587/1587/1587 1589/1589/1589 1588/1588/1588
f 1588/1588/1588 1589/1589/1589 1590/1590/1590
f 1589/1589/1589 1591/1591/1591 1590/1590/1590
f 1591/1591/1591 1592/1592/1592 1590/1590/1590
f 1592/1592/1592 1593/1593/1593 1590/1590/1590
f 1596/1596/1596 1595/1595/1595 1594/1594/1594
f 1597/1597/1597 1596/1596/1596 1594/1594/1594
f 1594/1594/1594 1598/1598/1598 1597/1597/1597
f 1598/1598/1598 1599/1599/1599 1597/1597/1597
f 1599/1599/1599 1598/1598/1598 1600/1600/1600
f 1598/1598/1598 1601/1601/1601 1600/1600/1600
f 1602/1602/1602 1600/1600/1600 1601/1601/1601
f 1603/1603/1603 1602/1602/1602 1601/1601/1601
f 1602/1602/1602 1603/1603/1603 1604/1604/1604
f 1603/1603/1603 1605/1605/1605 1604/1604/1604
f 1608/1608/1608 1607/1607/1607 1606/1606/1606
f 1607/1607/1607 1609/1609/1609 1606/1606/1606
f 1607/1607/1607 1610/1610/1610 1609/1609/1609
f 1611/1611/1611 1606/1606/1606 1609/1609/1609
f 1606/1606/1606 1611/1611/1611 1612/1612/1612
f 1612/1612/1612 1611/1611/1611 1613/1613/1613
f 1610/1610/1610 1614/1614/1614 1609/1609/1609
f 1614/1614/1614 1610/1610/1610 1615/1615/1615
f 1609/1609/1609 1616/1616/1616 1611/1611/1611
f 1616/1616/1616 1613/1613/1613 1611/1611/1611
f 1614/1614/1614 1616/1616/1616 1609/1609/1609
f 1616/1616/1616 1617/1617/1617 1613/1613/1613
f 1617/1617/1617 1616/1616/1616 1614/1614/1614
f 1618/1618/1618 1613/1613/1613 1617/1617/1617
f 1618/1618/1618 1617/1617/1617 1619/1619/1619
f 1620/1620/1620 1614/1614/1614 1615/1615/1615
f 1620/1620/1620 1617/1617/1617 1614/1614/1614
f 1619/1619/1619 1617/1617/1617 1620/1620/1620
f 1621/1621/1621 1620/1620/1620 1615/1615/1615
f 1621/1621/1621 1619/1619/1619 1620/1620/1620
f 1624/1624/1624 1623/1623/1623 1622/1622/1622
f 1625/1625/1625 1624/1624/1624 1622/1622/1622
f 1622/1622/1622 1626/1626/1626 1625/1625/1625
f 1627/1627/1627 1626/1626/1626 1622/1622/1622
f 1628/1628/1628 1626/1626/1626 1627/1627/1627
f 1631/1631/1631 1630/1630/1630 1629/1629/1629
f 1630/1630/1630 1632/1632/1632 1629/1629/1629
f 1629/1629/1629 1632/1632/1632 1633/1633/1633
f 1634/1634/1634 1629/1629/1629 1633/1633/1633
f 1633/1633/1633 1635/1635/1635 1634/1634/1634
f 1635/1635/1635 1636/1636/1636 1634/1634/1634
f 1636/1636/1636 1635/1635/1635 1637/1637/1637
f 1638/1638/1638 1632/1632/1632 1630/1630/1630
f 1633/1633/1633 1632/1632/1632 1638/1638/1638
f 1639/1639/1639 1638/1638/1638 1630/1630/1630
f 1635/1635/1635 1640/1640/1640 1637/1637/1637
f 1641/1641/1641 1637/1637/1637 1640/1640/1640
f 1642/1642/1642 1633/1633/1633 1638/1638/1638
f 1635/1635/1635 1633/1633/1633 1642/1642/1642
f 1638/1638/1638 1639/1639/1639 1643/1643/1643
f 1639/1639/1639 1644/1644/1644 1643/1643/1643
f 1645/1645/1645 1642/1642/1642 1638/1638/1638
f 1643/1643/1643 1645/1645/1645 1638/1638/1638
f 1646/1646/1646 1635/1635/1635 1642/1642/1642
f 1646/1646/1646 1642/1642/1642 1645/1645/1645
f 1643/1643/1643 1644/1644/1644 1647/1647/1647
f 1644/1644/1644 1648/1648/1648 1647/1647/1647
f 1649/1649/1649 1645/1645/1645 1643/1643/1643
f 1647/1647/1647 1649/1649/1649 1643/1643/1643
f 1647/1647/1647 1648/1648/1648 1650/1650/1650
f 1648/1648/1648 1651/1651/1651 1650/1650/1650
f 1650/1650/1650 1651/1651/1651 1652/1652/1652
f 1647/1647/1647 1650/1650/1650 1653/1653/1653
f 1649/1649/1649 1647/1647/1647 1653/1653/1653
f 1645/1645/1645 1649/1649/1649 1654/1654/1654
f 1654/1654/1654 1646/1646/1646 1645/1645/1645
f 1635/1635/1635 1646/1646/1646 1655/1655/1655
f 1640/1640/1640 1635/1635/1635 1655/1655/1655
f 1656/1656/1656 1650/1650/1650 1652/1652/1652
f 1653/1653/1653 1650/1650/1650 1656/1656/1656
f 1657/1657/1657 1656/1656/1656 1652/1652/1652
f 1658/1658/1658 1657/1657/1657 1652/1652/1652
f 1659/1659/1659 1656/1656/1656 1657/1657/1657
f 1659/1659/1659 1653/1653/1653 1656/1656/1656
f 1660/1660/1660 1659/1659/1659 1657/1657/1657
f 1660/1660/1660 1661/1661/1661 1659/1659/1659
f 1662/1662/1662 1649/1649/1649 1653/1653/1653
f 1649/1649/1649 1662/1662/1662 1654/1654/1654
f 1654/1654/1654 1663/1663/1663 1646/1646/1646
f 1663/1663/1663 1655/1655/1655 1646/1646/1646
f 1653/1653/1653 1659/1659/1659 1664/1664/1664
f 1664/1664/1664 1662/1662/1662 1653/1653/1653
f 1654/1654/1654 1662/1662/1662 1665/1665/1665
f 1663/1663/1663 1654/1654/1654 1665/1665/1665
f 1662/1662/1662 1664/1664/1664 1665/1665/1665
f 1661/1661/1661 1666/1666/1666 1659/1659/1659
f 1659/1659/1659 1666/1666/1666 1664/1664/1664
f 1664/1664/1664 1667/1667/1667 1665/1665/1665
f 1664/1664/1664 1666/1666/1666 1667/1667/1667
f 1666/1666/1666 1661/1661/1661 1668/1668/1668
f 1666/1666/1666 1668/1668/1668 1667/1667/1667
f 1661/1661/1661 1669/1669/1669 1668/1668/1668
f 1663/1663/1663 1665/1665/1665 1670/1670/1670
f 1670/1670/1670 1665/1665/1665 1667/1667/1667
f 1655/1655/1655 1663/1663/1663 1671/1671/1671
f 1671/1671/1671 1663/1663/1663 1670/1670/1670
f 1667/1667/1667 1668/1668/1668 1672/1672/1672
f 1672/1672/1672 1670/1670/1670 1667/1667/1667
f 1668/1668/1668 1669/1669/1669 1673/1673/1673
f 1668/1668/1668 1673/1673/1673 1672/1672/1672
f 1669/1669/1669 1674/1674/1674 1673/1673/1673
f 1675/1675/1675 1655/1655/1655 1671/1671/1671
f 1640/1640/1640 1655/1655/1655 1675/1675/1675
f 1671/1671/1671 1670/1670/1670 1676/1676/1676
f 1671/1671/1671 1676/1676/1676 1675/1675/1675
f 1677/1677/1677 1670/1670/1670 1672/1672/1672
f 1670/1670/1670 1677/1677/1677 1676/1676/1676
f 1673/1673/1673 1674/1674/1674 1678/1678/1678
f 1674/1674/1674 1679/1679/1679 1678/1678/1678
f 1672/1672/1672 1673/1673/1673 1680/1680/1680
f 1680/1680/1680 1677/1677/1677 1672/1672/1672
f 1673/1673/1673 1678/1678/1678 1680/1680/1680
f 1678/1678/1678 1679/1679/1679 1681/1681/1681
f 1679/1679/1679 1682/1682/1682 1681/1681/1681
f 1678/1678/1678 1681/1681/1681 1683/1683/1683
f 1680/1680/1680 1678/1678/1678 1683/1683/1683
f 1683/1683/1683 1684/1684/1684 1680/1680/1680
f 1684/1684/1684 1677/1677/1677 1680/1680/1680
f 1677/1677/1677 1684/1684/1684 1676/1676/1676
f 1684/1684/1684 1685/1685/1685 1676/1676/1676
f 1676/1676/1676 1685/1685/1685 1686/1686/1686
f 1676/1676/1676 1686/1686/1686 1675/1675/1675
f 1685/1685/1685 1687/1687/1687 1686/1686/1686
f 1688/1688/1688 1675/1675/1675 1686/1686/1686
f 1688/1688/1688 1640/1640/1640 1675/1675/1675
f 1688/1688/1688 1641/1641/1641 1640/1640/1640
f 1689/1689/1689 1641/1641/1641 1688/1688/1688
f 1690/1690/1690 1686/1686/1686 1687/1687/1687
f 1690/1690/1690 1688/1688/1688 1686/1686/1686
f 1690/1690/1690 1689/1689/1689 1688/1688/1688
f 1691/1691/1691 1690/1690/1690 1687/1687/1687
f 1692/1692/1692 1689/1689/1689 1690/1690/1690
f 1691/1691/1691 1692/1692/1692 1690/1690/1690
f 1695/1695/1695 1694/1694/1694 1693/1693/1693
f 1694/1694/1694 1696/1696/1696 1693/1693/1693
f 1693/1693/1693 1696/1696/1696 1697/1697/1697
f 1696/1696/1696 1694/1694/1694 1698/1698/1698
f 1694/1694/1694 1699/1699/1699 1698/1698/1698
f 1696/1696/1696 1700/1700/1700 1697/1697/1697
f 1696/1696/1696 1698/1698/1698 1700/1700/1700
f 1697/1697/1697 1700/1700/1700 1701/1701/1701
f 1698/1698/1698 1699/1699/1699 1702/1702/1702
f 1699/1699/1699 1703/1703/1703 1702/1702/1702
f 1698/1698/1698 1702/1702/1702 1704/1704/1704
f 1698/1698/1698 1704/1704/1704 1700/1700/1700
f 1702/1702/1702 1705/1705/1705 1704/1704/1704
f 1700/1700/1700 1706/1706/1706 1701/1701/1701
f 1700/1700/1700 1704/1704/1704 1706/1706/1706
f 1701/1701/1701 1706/1706/1706 1707/1707/1707
f 1704/1704/1704 1705/1705/1705 1708/1708/1708
f 1704/1704/1704 1708/1708/1708 1706/1706/1706
f 1705/1705/1705 1709/1709/1709 1708/1708/1708
f 1706/1706/1706 1710/1710/1710 1707/1707/1707
f 1706/1706/1706 1708/1708/1708 1710/1710/1710
f 1707/1707/1707 1710/1710/1710 1711/1711/1711
f 1708/1708/1708 1709/1709/1709 1712/1712/1712
f 1708/1708/1708 1712/1712/1712 1710/1710/1710
f 1709/1709/1709 1713/1713/1713 1712/1712/1712
f 1710/1710/1710 1714/1714/1714 1711/1711/1711
f 1710/1710/1710 1712/1712/1712 1714/1714/1714
f 1711/1711/1711 1714/1714/1714 1715/1715/1715
f 1712/1712/1712 1713/1713/1713 1716/1716/1716
f 1712/1712/1712 1716/1716/1716 1714/1714/1714
f 1713/1713/1713 1717/1717/1717 1716/1716/1716
f 1717/1717/1717 1718/1718/1718 1716/1716/1716
f 1714/1714/1714 1719/1719/1719 1715/1715/1715
f 1719/1719/1719 1714/1714/1714 1716/1716/1716
f 1720/1720/1720 1715/1715/1715 1719/1719/1719
f 1718/1718/1718 1721/1721/1721 1716/1716/1716
f 1721/1721/1721 1719/1719/1719 1716/1716/1716
f 1721/1721/1721 1718/1718/1718 1722/1722/1722
f 1723/1723/1723 1721/1721/1721 1722/1722/1722
f 1719/1719/1719 1721/1721/1721 1723/1723/1723
f 1723/1723/1723 1722/1722/1722 1724/1724/1724
f 1725/1725/1725 1720/1720/1720 1719/1719/1719
f 1725/1725/1725 1719/1719/1719 1723/1723/1723
f 1726/1726/1726 1723/1723/1723 1724/1724/1724
f 1723/1723/1723 1726/1726/1726 1725/1725/1725
f 1720/1720/1720 1725/1725/1725 1727/1727/1727
f 1728/1728/1728 1720/1720/1720 1727/1727/1727
f 1729/1729/1729 1726/1726/1726 1724/1724/1724
f 1730/1730/1730 1729/1729/1729 1724/1724/1724
f 1726/1726/1726 1731/1731/1731 1725/1725/1725
f 1731/1731/1731 1727/1727/1727 1725/1725/1725
f 1728/1728/1728 1727/1727/1727 1732/1732/1732
f 1733/1733/1733 1728/1728/1728 1732/1732/1732
f 1731/1731/1731 1734/1734/1734 1727/1727/1727
f 1734/1734/1734 1732/1732/1732 1727/1727/1727
f 1733/1733/1733 1732/1732/1732 1735/1735/1735
f 1732/1732/1732 1734/1734/1734 1735/1735/1735
f 1736/1736/1736 1733/1733/1733 1735/1735/1735
f 1737/1737/1737 1731/1731/1731 1726/1726/1726
f 1737/1737/1737 1734/1734/1734 1731/1731/1731
f 1735/1735/1735 1738/1738/1738 1736/1736/1736
f 1738/1738/1738 1739/1739/1739 1736/1736/1736
f 1739/1739/1739 1738/1738/1738 1740/1740/1740
f 1734/1734/1734 1741/1741/1741 1735/1735/1735
f 1737/1737/1737 1741/1741/1741 1734/1734/1734
f 1741/1741/1741 1738/1738/1738 1735/1735/1735
f 1742/1742/1742 1738/1738/1738 1741/1741/1741
f 1737/1737/1737 1742/1742/1742 1741/1741/1741
f 1737/1737/1737 1726/1726/1726 1743/1743/1743
f 1743/1743/1743 1726/1726/1726 1729/1729/1729
f 1743/1743/1743 1744/1744/1744 1737/1737/1737
f 1744/1744/1744 1743/1743/1743 1729/1729/1729
f 1737/1737/1737 1744/1744/1744 1742/1742/1742
f 1738/1738/1738 1745/1745/1745 1740/1740/1740
f 1738/1738/1738 1742/1742/1742 1745/1745/1745
f 1742/1742/1742 1746/1746/1746 1745/1745/1745
f 1745/1745/1745 1747/1747/1747 1740/1740/1740
f 1747/1747/1747 1748/1748/1748 1740/1740/1740
f 1749/1749/1749 1748/1748/1748 1747/1747/1747
f 1745/1745/1745 1750/1750/1750 1747/1747/1747
f 1750/1750/1750 1745/1745/1745 1746/1746/1746
f 1751/1751/1751 1749/1749/1749 1747/1747/1747
f 1747/1747/1747 1750/1750/1750 1751/1751/1751
f 1749/1749/1749 1751/1751/1751 1752/1752/1752
f 1729/1729/1729 1753/1753/1753 1744/1744/1744
f 1729/1729/1729 1730/1730/1730 1753/1753/1753
f 1730/1730/1730 1754/1754/1754 1753/1753/1753
f 1754/1754/1754 1755/1755/1755 1753/1753/1753
f 1742/1742/1742 1744/1744/1744 1756/1756/1756
f 1742/1742/1742 1756/1756/1756 1746/1746/1746
f 1755/1755/1755 1757/1757/1757 1753/1753/1753
f 1755/1755/1755 1758/1758/1758 1757/1757/1757
f 1753/1753/1753 1759/1759/1759 1744/1744/1744
f 1744/1744/1744 1759/1759/1759 1756/1756/1756
f 1753/1753/1753 1757/1757/1757 1759/1759/1759
f 1757/1757/1757 1760/1760/1760 1759/1759/1759
f 1759/1759/1759 1760/1760/1760 1756/1756/1756
f 1757/1757/1757 1758/1758/1758 1761/1761/1761
f 1760/1760/1760 1757/1757/1757 1761/1761/1761
f 1760/1760/1760 1762/1762/1762 1756/1756/1756
f 1762/1762/1762 1760/1760/1760 1761/1761/1761
f 1763/1763/1763 1761/1761/1761 1758/1758/1758
f 1764/1764/1764 1763/1763/1763 1758/1758/1758
f 1756/1756/1756 1765/1765/1765 1746/1746/1746
f 1765/1765/1765 1756/1756/1756 1762/1762/1762
f 1766/1766/1766 1762/1762/1762 1761/1761/1761
f 1766/1766/1766 1761/1761/1761 1763/1763/1763
f 1767/1767/1767 1763/1763/1763 1764/1764/1764
f 1768/1768/1768 1767/1767/1767 1764/1764/1764
f 1769/1769/1769 1765/1765/1765 1762/1762/1762
f 1762/1762/1762 1766/1766/1766 1769/1769/1769
f 1770/1770/1770 1766/1766/1766 1763/1763/1763
f 1763/1763/1763 1767/1767/1767 1770/1770/1770
f 1771/1771/1771 1767/1767/1767 1768/1768/1768
f 1772/1772/1772 1771/1771/1771 1768/1768/1768
f 1766/1766/1766 1773/1773/1773 1769/1769/1769
f 1773/1773/1773 1766/1766/1766 1770/1770/1770
f 1771/1771/1771 1772/1772/1772 1774/1774/1774
f 1772/1772/1772 1775/1775/1775 1774/1774/1774
f 1774/1774/1774 1775/1775/1775 1776/1776/1776
f 1775/1775/1775 1777/1777/1777 1776/1776/1776
f 1778/1778/1778 1776/1776/1776 1777/1777/1777
f 1779/1779/1779 1778/1778/1778 1777/1777/1777
f 1778/1778/1778 1779/1779/1779 1780/1780/1780
f 1778/1778/1778 1780/1780/1780 1781/1781/1781
f 1782/1782/1782 1778/1778/1778 1781/1781/1781
f 1778/1778/1778 1782/1782/1782 1776/1776/1776
f 1782/1782/1782 1781/1781/1781 1783/1783/1783
f 1776/1776/1776 1784/1784/1784 1774/1774/1774
f 1782/1782/1782 1784/1784/1784 1776/1776/1776
f 1785/1785/1785 1782/1782/1782 1783/1783/1783
f 1784/1784/1784 1782/1782/1782 1785/1785/1785
f 1783/1783/1783 1786/1786/1786 1785/1785/1785
f 1785/1785/1785 1786/1786/1786 1787/1787/1787
f 1788/1788/1788 1785/1785/1785 1787/1787/1787
f 1788/1788/1788 1784/1784/1784 1785/1785/1785
f 1788/1788/1788 1787/1787/1787 1789/1789/1789
f 1784/1784/1784 1790/1790/1790 1774/1774/1774
f 1784/1784/1784 1788/1788/1788 1790/1790/1790
f 1774/1774/1774 1790/1790/1790 1771/1771/1771
f 1791/1791/1791 1788/1788/1788 1789/1789/1789
f 1788/1788/1788 1791/1791/1791 1790/1790/1790
f 1789/1789/1789 1792/1792/1792 1791/1791/1791
f 1792/1792/1792 1793/1793/1793 1791/1791/1791
f 1791/1791/1791 1793/1793/1793 1790/1790/1790
f 1792/1792/1792 1794/1794/1794 1793/1793/1793
f 1790/1790/1790 1795/1795/1795 1771/1771/1771
f 1793/1793/1793 1795/1795/1795 1790/1790/1790
f 1767/1767/1767 1771/1771/1771 1795/1795/1795
f 1794/1794/1794 1796/1796/1796 1793/1793/1793
f 1793/1793/1793 1796/1796/1796 1795/1795/1795
f 1796/1796/1796 1794/1794/1794 1797/1797/1797
f 1798/1798/1798 1767/1767/1767 1795/1795/1795
f 1796/1796/1796 1798/1798/1798 1795/1795/1795
f 1767/1767/1767 1798/1798/1798 1770/1770/1770
f 1799/1799/1799 1796/1796/1796 1797/1797/1797
f 1796/1796/1796 1799/1799/1799 1798/1798/1798
f 1799/1799/1799 1770/1770/1770 1798/1798/1798
f 1797/1797/1797 1800/1800/1800 1799/1799/1799
f 1799/1799/1799 1773/1773/1773 1770/1770/1770
f 1800/1800/1800 1773/1773/1773 1799/1799/1799
f 1801/1801/1801 1773/1773/1773 1800/1800/1800
f 1801/1801/1801 1802/1802/1802 1773/1773/1773
f 1801/1801/1801 1803/1803/1803 1802/1802/1802
f 1802/1802/1802 1769/1769/1769 1773/1773/1773
f 1802/1802/1802 1803/1803/1803 1804/1804/1804
f 1805/1805/1805 1804/1804/1804 1803/1803/1803
f 1804/1804/1804 1805/1805/1805 1806/1806/1806
f 1805/1805/1805 1807/1807/1807 1806/1806/1806
f 1808/1808/1808 1802/1802/1802 1804/1804/1804
f 1804/1804/1804 1806/1806/1806 1808/1808/1808
f 1809/1809/1809 1769/1769/1769 1802/1802/1802
f 1808/1808/1808 1809/1809/1809 1802/1802/1802
f 1806/1806/1806 1807/1807/1807 1810/1810/1810
f 1807/1807/1807 1811/1811/1811 1810/1810/1810
f 1806/1806/1806 1812/1812/1812 1808/1808/1808
f 1812/1812/1812 1806/1806/1806 1810/1810/1810
f 1813/1813/1813 1810/1810/1810 1811/1811/1811
f 1814/1814/1814 1813/1813/1813 1811/1811/1811
f 1769/1769/1769 1809/1809/1809 1815/1815/1815
f 1765/1765/1765 1769/1769/1769 1815/1815/1815
f 1809/1809/1809 1808/1808/1808 1816/1816/1816
f 1808/1808/1808 1812/1812/1812 1816/1816/1816
f 1817/1817/1817 1812/1812/1812 1810/1810/1810
f 1817/1817/1817 1810/1810/1810 1813/1813/1813
f 1817/1817/1817 1818/1818/1818 1812/1812/1812
f 1818/1818/1818 1816/1816/1816 1812/1812/1812
f 1813/1813/1813 1814/1814/1814 1819/1819/1819
f 1814/1814/1814 1820/1820/1820 1819/1819/1819
f 1819/1819/1819 1820/1820/1820 1821/1821/1821
f 1822/1822/1822 1817/1817/1817 1813/1813/1813
f 1817/1817/1817 1822/1822/1822 1818/1818/1818
f 1823/1823/1823 1819/1819/1819 1821/1821/1821
f 1823/1823/1823 1821/1821/1821 1824/1824/1824
f 1819/1819/1819 1825/1825/1825 1813/1813/1813
f 1825/1825/1825 1822/1822/1822 1813/1813/1813
f 1825/1825/1825 1819/1819/1819 1823/1823/1823
f 1826/1826/1826 1809/1809/1809 1816/1816/1816
f 1815/1815/1815 1809/1809/1809 1826/1826/1826
f 1822/1822/1822 1827/1827/1827 1818/1818/1818
f 1827/1827/1827 1822/1822/1822 1825/1825/1825
f 1828/1828/1828 1816/1816/1816 1818/1818/1818
f 1829/1829/1829 1828/1828/1828 1818/1818/1818
f 1818/1818/1818 1827/1827/1827 1829/1829/1829
f 1828/1828/1828 1830/1830/1830 1816/1816/1816
f 1830/1830/1830 1826/1826/1826 1816/1816/1816
f 1827/1827/1827 1831/1831/1831 1829/1829/1829
f 1831/1831/1831 1827/1827/1827 1832/1832/1832
f 1832/1832/1832 1827/1827/1827 1825/1825/1825
f 1833/1833/1833 1831/1831/1831 1832/1832/1832
f 1834/1834/1834 1833/1833/1833 1832/1832/1832
f 1825/1825/1825 1835/1835/1835 1832/1832/1832
f 1835/1835/1835 1825/1825/1825 1823/1823/1823
f 1836/1836/1836 1834/1834/1834 1832/1832/1832
f 1835/1835/1835 1836/1836/1836 1832/1832/1832
f 1834/1834/1834 1836/1836/1836 1837/1837/1837
f 1835/1835/1835 1823/1823/1823 1838/1838/1838
f 1836/1836/1836 1835/1835/1835 1838/1838/1838
f 1836/1836/1836 1839/1839/1839 1837/1837/1837
f 1839/1839/1839 1836/1836/1836 1838/1838/1838
f 1823/1823/1823 1840/1840/1840 1838/1838/1838
f 1840/1840/1840 1823/1823/1823 1824/1824/1824
f 1837/1837/1837 1839/1839/1839 1841/1841/1841
f 1842/1842/1842 1837/1837/1837 1841/1841/1841
f 1842/1842/1842 1841/1841/1841 1843/1843/1843
f 1838/1838/1838 1844/1844/1844 1839/1839/1839
f 1844/1844/1844 1838/1838/1838 1840/1840/1840
f 1844/1844/1844 1841/1841/1841 1839/1839/1839
f 1845/1845/1845 1840/1840/1840 1824/1824/1824
f 1845/1845/1845 1844/1844/1844 1840/1840/1840
f 1846/1846/1846 1845/1845/1845 1824/1824/1824
f 1847/1847/1847 1845/1845/1845 1846/1846/1846
f 1845/1845/1845 1847/1847/1847 1844/1844/1844
f 1848/1848/1848 1847/1847/1847 1846/1846/1846
f 1841/1841/1841 1849/1849/1849 1843/1843/1843
f 1843/1843/1843 1849/1849/1849 1850/1850/1850
f 1841/1841/1841 1844/1844/1844 1851/1851/1851
f 1847/1847/1847 1851/1851/1851 1844/1844/1844
f 1849/1849/1849 1841/1841/1841 1851/1851/1851
f 1852/1852/1852 1847/1847/1847 1848/1848/1848
f 1851/1851/1851 1847/1847/1847 1852/1852/1852
f 1853/1853/1853 1852/1852/1852 1848/1848/1848
f 1851/1851/1851 1854/1854/1854 1849/1849/1849
f 1854/1854/1854 1851/1851/1851 1852/1852/1852
f 1852/1852/1852 1853/1853/1853 1855/1855/1855
f 1852/1852/1852 1855/1855/1855 1854/1854/1854
f 1853/1853/1853 1856/1856/1856 1855/1855/1855
f 1849/1849/1849 1857/1857/1857 1850/1850/1850
f 1854/1854/1854 1857/1857/1857 1849/1849/1849
f 1855/1855/1855 1856/1856/1856 1858/1858/1858
f 1856/1856/1856 1859/1859/1859 1858/1858/1858
f 1858/1858/1858 1859/1859/1859 1860/1860/1860
f 1855/1855/1855 1861/1861/1861 1854/1854/1854
f 1854/1854/1854 1861/1861/1861 1857/1857/1857
f 1861/1861/1861 1855/1855/1855 1858/1858/1858
f 1857/1857/1857 1862/1862/1862 1850/1850/1850
f 1861/1861/1861 1862/1862/1862 1857/1857/1857
f 1862/1862/1862 1863/1863/1863 1850/1850/1850
f 1864/1864/1864 1858/1858/1858 1860/1860/1860
f 1864/1864/1864 1861/1861/1861 1858/1858/1858
f 1861/1861/1861 1864/1864/1864 1862/1862/1862
f 1865/1865/1865 1864/1864/1864 1860/1860/1860
f 1864/1864/1864 1865/1865/1865 1866/1866/1866
f 1863/1863/1863 1862/1862/1862 1867/1867/1867
f 1864/1864/1864 1867/1867/1867 1862/1862/1862
f 1867/1867/1867 1864/1864/1864 1866/1866/1866
f 1868/1868/1868 1863/1863/1863 1867/1867/1867
f 1866/1866/1866 1868/1868/1868 1867/1867/1867
f 1830/1830/1830 1870/1870/1870 1869/1869/1869
f 1826/1826/1826 1830/1830/1830 1869/1869/1869
f 1871/1871/1871 1869/1869/1869 1870/1870/1870
f 1872/1872/1872 1871/1871/1871 1870/1870/1870
f 1872/1872/1872 1873/1873/1873 1871/1871/1871
f 1826/1826/1826 1869/1869/1869 1874/1874/1874
f 1874/1874/1874 1869/1869/1869 1871/1871/1871
f 1873/1873/1873 1875/1875/1875 1871/1871/1871
f 1875/1875/1875 1873/1873/1873 1876/1876/1876
f 1877/1877/1877 1826/1826/1826 1874/1874/1874
f 1877/1877/1877 1815/1815/1815 1826/1826/1826
f 1878/1878/1878 1874/1874/1874 1871/1871/1871
f 1871/1871/1871 1875/1875/1875 1878/1878/1878
f 1879/1879/1879 1875/1875/1875 1876/1876/1876
f 1879/1879/1879 1876/1876/1876 1880/1880/1880
f 1874/1874/1874 1881/1881/1881 1877/1877/1877
f 1881/1881/1881 1874/1874/1874 1878/1878/1878
f 1877/1877/1877 1882/1882/1882 1815/1815/1815
f 1881/1881/1881 1882/1882/1882 1877/1877/1877
f 1875/1875/1875 1883/1883/1883 1878/1878/1878
f 1883/1883/1883 1875/1875/1875 1879/1879/1879
f 1882/1882/1882 1884/1884/1884 1815/1815/1815
f 1815/1815/1815 1884/1884/1884 1765/1765/1765
f 1884/1884/1884 1746/1746/1746 1765/1765/1765
f 1885/1885/1885 1879/1879/1879 1880/1880/1880
f 1886/1886/1886 1883/1883/1883 1879/1879/1879
f 1886/1886/1886 1879/1879/1879 1885/1885/1885
f 1885/1885/1885 1880/1880/1880 1887/1887/1887
f 1880/1880/1880 1888/1888/1888 1887/1887/1887
f 1887/1887/1887 1888/1888/1888 1889/1889/1889
f 1889/1889/1889 1890/1890/1890 1887/1887/1887
f 1888/1888/1888 1891/1891/1891 1889/1889/1889
f 1889/1889/1889 1891/1891/1891 1892/1892/1892
f 1893/1893/1893 1889/1889/1889 1892/1892/1892
f 1890/1890/1890 1889/1889/1889 1893/1893/1893
f 1892/1892/1892 1894/1894/1894 1893/1893/1893
f 1887/1887/1887 1895/1895/1895 1885/1885/1885
f 1890/1890/1890 1895/1895/1895 1887/1887/1887
f 1896/1896/1896 1886/1886/1886 1885/1885/1885
f 1895/1895/1895 1896/1896/1896 1885/1885/1885
f 1886/1886/1886 1896/1896/1896 1897/1897/1897
f 1897/1897/1897 1896/1896/1896 1895/1895/1895
f 1883/1883/1883 1886/1886/1886 1898/1898/1898
f 1898/1898/1898 1886/1886/1886 1897/1897/1897
f 1899/1899/1899 1897/1897/1897 1895/1895/1895
f 1899/1899/1899 1895/1895/1895 1890/1890/1890
f 1894/1894/1894 1900/1900/1900 1893/1893/1893
f 1900/1900/1900 1894/1894/1894 1901/1901/1901
f 1902/1902/1902 1883/1883/1883 1898/1898/1898
f 1878/1878/1878 1883/1883/1883 1902/1902/1902
f 1897/1897/1897 1903/1903/1903 1898/1898/1898
f 1903/1903/1903 1897/1897/1897 1899/1899/1899
f 1903/1903/1903 1904/1904/1904 1898/1898/1898
f 1898/1898/1898 1904/1904/1904 1902/1902/1902
f 1905/1905/1905 1903/1903/1903 1899/1899/1899
f 1904/1904/1904 1906/1906/1906 1902/1902/1902
f 1907/1907/1907 1905/1905/1905 1899/1899/1899
f 1908/1908/1908 1878/1878/1878 1902/1902/1902
f 1908/1908/1908 1902/1902/1902 1906/1906/1906
f 1909/1909/1909 1908/1908/1908 1906/1906/1906
f 1908/1908/1908 1909/1909/1909 1910/1910/1910
f 1908/1908/1908 1881/1881/1881 1878/1878/1878
f 1881/1881/1881 1908/1908/1908 1910/1910/1910
f 1910/1910/1910 1911/1911/1911 1881/1881/1881
f 1911/1911/1911 1882/1882/1882 1881/1881/1881
f 1911/1911/1911 1912/1912/1912 1882/1882/1882
f 1913/1913/1913 1907/1907/1907 1899/1899/1899
f 1914/1914/1914 1907/1907/1907 1913/1913/1913
f 1913/1913/1913 1899/1899/1899 1890/1890/1890
f 1915/1915/1915 1914/1914/1914 1913/1913/1913
f 1915/1915/1915 1913/1913/1913 1890/1890/1890
f 1914/1914/1914 1915/1915/1915 1916/1916/1916
f 1912/1912/1912 1917/1917/1917 1882/1882/1882
f 1882/1882/1882 1917/1917/1917 1884/1884/1884
f 1918/1918/1918 1915/1915/1915 1890/1890/1890
f 1918/1918/1918 1890/1890/1890 1893/1893/1893
f 1918/1918/1918 1893/1893/1893 1919/1919/1919
f 1915/1915/1915 1918/1918/1918 1919/1919/1919
f 1893/1893/1893 1900/1900/1900 1919/1919/1919
f 1915/1915/1915 1920/1920/1920 1916/1916/1916
f 1920/1920/1920 1915/1915/1915 1919/1919/1919
f 1916/1916/1916 1920/1920/1920 1921/1921/1921
f 1920/1920/1920 1922/1922/1922 1921/1921/1921
f 1920/1920/1920 1919/1919/1919 1922/1922/1922
f 1923/1923/1923 1921/1921/1921 1922/1922/1922
f 1919/1919/1919 1924/1924/1924 1922/1922/1922
f 1922/1922/1922 1924/1924/1924 1923/1923/1923
f 1919/1919/1919 1900/1900/1900 1924/1924/1924
f 1924/1924/1924 1925/1925/1925 1923/1923/1923
f 1900/1900/1900 1926/1926/1926 1924/1924/1924
f 1924/1924/1924 1926/1926/1926 1925/1925/1925
f 1926/1926/1926 1900/1900/1900 1901/1901/1901
f 1926/1926/1926 1927/1927/1927 1925/1925/1925
f 1927/1927/1927 1926/1926/1926 1901/1901/1901
f 1928/1928/1928 1746/1746/1746 1884/1884/1884
f 1928/1928/1928 1884/1884/1884 1917/1917/1917
f 1746/1746/1746 1928/1928/1928 1929/1929/1929
f 1929/1929/1929 1750/1750/1750 1746/1746/1746
f 1750/1750/1750 1929/1929/1929 1930/1930/1930
f 1750/1750/1750 1930/1930/1930 1751/1751/1751
f 1931/1931/1931 1751/1751/1751 1930/1930/1930
f 1751/1751/1751 1931/1931/1931 1752/1752/1752
f 1931/1931/1931 1932/1932/1932 1752/1752/1752
f 1932/1932/1932 1933/1933/1933 1752/1752/1752
f 1933/1933/1933 1932/1932/1932 1934/1934/1934
f 1935/1935/1935 1931/1931/1931 1930/1930/1930
f 1931/1931/1931 1935/1935/1935 1932/1932/1932
f 1929/1929/1929 1936/1936/1936 1930/1930/1930
f 1935/1935/1935 1930/1930/1930 1936/1936/1936
f 1937/1937/1937 1929/1929/1929 1928/1928/1928
f 1929/1929/1929 1937/1937/1937 1936/1936/1936
f 1932/1932/1932 1938/1938/1938 1934/1934/1934
f 1939/1939/1939 1934/1934/1934 1938/1938/1938
f 1935/1935/1935 1940/1940/1940 1932/1932/1932
f 1938/1938/1938 1932/1932/1932 1940/1940/1940
f 1941/1941/1941 1935/1935/1935 1936/1936/1936
f 1935/1935/1935 1941/1941/1941 1940/1940/1940
f 1942/1942/1942 1937/1937/1937 1928/1928/1928
f 1937/1937/1937 1942/1942/1942 1943/1943/1943
f 1942/1942/1942 1928/1928/1928 1917/1917/1917
f 1936/1936/1936 1937/1937/1937 1944/1944/1944
f 1936/1936/1936 1944/1944/1944 1941/1941/1941
f 1937/1937/1937 1945/1945/1945 1944/1944/1944
f 1945/1945/1945 1937/1937/1937 1943/1943/1943
f 1944/1944/1944 1946/1946/1946 1941/1941/1941
f 1947/1947/1947 1945/1945/1945 1943/1943/1943
f 1941/1941/1941 1946/1946/1946 1948/1948/1948
f 1947/1947/1947 1943/1943/1943 1949/1949/1949
f 1950/1950/1950 1941/1941/1941 1948/1948/1948
f 1941/1941/1941 1950/1950/1950 1940/1940/1940
f 1948/1948/1948 1951/1951/1951 1950/1950/1950
f 1952/1952/1952 1942/1942/1942 1917/1917/1917
f 1942/1942/1942 1952/1952/1952 1943/1943/1943
f 1943/1943/1943 1953/1953/1953 1949/1949/1949
f 1954/1954/1954 1949/1949/1949 1953/1953/1953
f 1955/1955/1955 1940/1940/1940 1950/1950/1950
f 1955/1955/1955 1938/1938/1938 1940/1940/1940
f 1951/1951/1951 1956/1956/1956 1950/1950/1950
f 1956/1956/1956 1955/1955/1955 1950/1950/1950
f 1956/1956/1956 1951/1951/1951 1957/1957/1957
f 1956/1956/1956 1958/1958/1958 1955/1955/1955
f 1958/1958/1958 1956/1956/1956 1957/1957/1957
f 1938/1938/1938 1955/1955/1955 1959/1959/1959
f 1958/1958/1958 1959/1959/1959 1955/1955/1955
f 1960/1960/1960 1958/1958/1958 1957/1957/1957
f 1961/1961/1961 1960/1960/1960 1957/1957/1957
f 1962/1962/1962 1938/1938/1938 1959/1959/1959
f 1962/1962/1962 1939/1939/1939 1938/1938/1938
f 1963/1963/1963 1939/1939/1939 1962/1962/1962
f 1959/1959/1959 1958/1958/1958 1964/1964/1964
f 1959/1959/1959 1964/1964/1964 1962/1962/1962
f 1958/1958/1958 1960/1960/1960 1964/1964/1964
f 1965/1965/1965 1964/1964/1964 1960/1960/1960
f 1966/1966/1966 1960/1960/1960 1961/1961/1961
f 1966/1966/1966 1965/1965/1965 1960/1960/1960
f 1967/1967/1967 1966/1966/1966 1961/1961/1961
f 1964/1964/1964 1968/1968/1968 1962/1962/1962
f 1968/1968/1968 1963/1963/1963 1962/1962/1962
f 1964/1964/1964 1965/1965/1965 1968/1968/1968
f 1966/1966/1966 1967/1967/1967 1969/1969/1969
f 1965/1965/1965 1966/1966/1966 1969/1969/1969
f 1967/1967/1967 1970/1970/1970 1969/1969/1969
f 1963/1963/1963 1968/1968/1968 1971/1971/1971
f 1965/1965/1965 1971/1971/1971 1968/1968/1968
f 1972/1972/1972 1963/1963/1963 1971/1971/1971
f 1973/1973/1973 1972/1972/1972 1971/1971/1971
f 1974/1974/1974 1973/1973/1973 1971/1971/1971
f 1971/1971/1971 1965/1965/1965 1974/1974/1974
f 1975/1975/1975 1973/1973/1973 1974/1974/1974
f 1976/1976/1976 1965/1965/1965 1969/1969/1969
f 1965/1965/1965 1976/1976/1976 1974/1974/1974
f 1969/1969/1969 1970/1970/1970 1977/1977/1977
f 1976/1976/1976 1969/1969/1969 1977/1977/1977
f 1970/1970/1970 1978/1978/1978 1977/1977/1977
f 1976/1976/1976 1979/1979/1979 1974/1974/1974
f 1979/1979/1979 1976/1976/1976 1977/1977/1977
f 1980/1980/1980 1977/1977/1977 1978/1978/1978
f 1979/1979/1979 1977/1977/1977 1980/1980/1980
f 1981/1981/1981 1980/1980/1980 1978/1978/1978
f 1982/1982/1982 1980/1980/1980 1981/1981/1981
f 1980/1980/1980 1982/1982/1982 1983/1983/1983
f 1983/1983/1983 1979/1979/1979 1980/1980/1980
f 1982/1982/1982 1984/1984/1984 1983/1983/1983
f 1984/1984/1984 1985/1985/1985 1983/1983/1983
f 1985/1985/1985 1986/1986/1986 1983/1983/1983
f 1979/1979/1979 1983/1983/1983 1986/1986/1986
f 1985/1985/1985 1987/1987/1987 1986/1986/1986
f 1987/1987/1987 1975/1975/1975 1986/1986/1986
f 1988/1988/1988 1975/1975/1975 1974/1974/1974
f 1979/1979/1979 1988/1988/1988 1974/1974/1974
f 1975/1975/1975 1988/1988/1988 1986/1986/1986
f 1988/1988/1988 1979/1979/1979 1986/1986/1986
f 1954/1954/1954 1990/1990/1990 1989/1989/1989
f 1990/1990/1990 1954/1954/1954 1953/1953/1953
f 1990/1990/1990 1991/1991/1991 1989/1989/1989
f 1992/1992/1992 1989/1989/1989 1991/1991/1991
f 1993/1993/1993 1990/1990/1990 1953/1953/1953
f 1990/1990/1990 1993/1993/1993 1991/1991/1991
f 1994/1994/1994 1993/1993/1993 1953/1953/1953
f 1993/1993/1993 1994/1994/1994 1995/1995/1995
f 1953/1953/1953 1943/1943/1943 1994/1994/1994
f 1943/1943/1943 1952/1952/1952 1994/1994/1994
f 1994/1994/1994 1952/1952/1952 1995/1995/1995
f 1952/1952/1952 1996/1996/1996 1995/1995/1995
f 1996/1996/1996 1952/1952/1952 1917/1917/1917
f 1917/1917/1917 1912/1912/1912 1996/1996/1996
f 1912/1912/1912 1997/1997/1997 1996/1996/1996
f 1996/1996/1996 1997/1997/1997 1995/1995/1995
f 1997/1997/1997 1998/1998/1998 1995/1995/1995
f 1995/1995/1995 1998/1998/1998 1999/1999/1999
f 2000/2000/2000 1995/1995/1995 1999/1999/1999
f 2000/2000/2000 1993/1993/1993 1995/1995/1995
f 2000/2000/2000 1999/1999/1999 2001/2001/2001
f 1993/1993/1993 2002/2002/2002 1991/1991/1991
f 2002/2002/2002 1993/1993/1993 2000/2000/2000
f 2003/2003/2003 2000/2000/2000 2001/2001/2001
f 2003/2003/2003 2002/2002/2002 2000/2000/2000
f 2003/2003/2003 2001/2001/2001 2004/2004/2004
f 2005/2005/2005 2003/2003/2003 2004/2004/2004
f 2002/2002/2002 2003/2003/2003 2005/2005/2005
f 1991/1991/1991 2002/2002/2002 2006/2006/2006
f 2006/2006/2006 1992/1992/1992 1991/1991/1991
f 2002/2002/2002 2007/2007/2007 2006/2006/2006
f 2007/2007/2007 2002/2002/2002 2005/2005/2005
f 2006/2006/2006 2008/2008/2008 1992/1992/1992
f 2006/2006/2006 2007/2007/2007 2008/2008/2008
f 2008/2008/2008 2009/2009/2009 1992/1992/1992
f 2010/2010/2010 2009/2009/2009 2008/2008/2008
f 2011/2011/2011 2005/2005/2005 2004/2004/2004
f 2012/2012/2012 2011/2011/2011 2004/2004/2004
f 2011/2011/2011 2012/2012/2012 2013/2013/2013
f 2014/2014/2014 2007/2007/2007 2005/2005/2005
f 2007/2007/2007 2014/2014/2014 2008/2008/2008
f 2011/2011/2011 2014/2014/2014 2005/2005/2005
f 2015/2015/2015 2010/2010/2010 2008/2008/2008
f 2015/2015/2015 2008/2008/2008 2014/2014/2014
f 2016/2016/2016 2010/2010/2010 2015/2015/2015
f 2017/2017/2017 2011/2011/2011 2013/2013/2013
f 2011/2011/2011 2017/2017/2017 2014/2014/2014
f 2017/2017/2017 2013/2013/2013 2018/2018/2018
f 2017/2017/2017 2019/2019/2019 2014/2014/2014
f 2019/2019/2019 2015/2015/2015 2014/2014/2014
f 2020/2020/2020 2017/2017/2017 2018/2018/2018
f 2019/2019/2019 2017/2017/2017 2020/2020/2020
f 2018/2018/2018 2021/2021/2021 2020/2020/2020
f 2022/2022/2022 2016/2016/2016 2015/2015/2015
f 2023/2023/2023 2016/2016/2016 2022/2022/2022
f 2019/2019/2019 2024/2024/2024 2015/2015/2015
f 2024/2024/2024 2019/2019/2019 2020/2020/2020
f 2024/2024/2024 2022/2022/2022 2015/2015/2015
f 2021/2021/2021 2025/2025/2025 2020/2020/2020
f 2020/2020/2020 2025/2025/2025 2024/2024/2024
f 2026/2026/2026 2025/2025/2025 2021/2021/2021
f 2027/2027/2027 2023/2023/2023 2022/2022/2022
f 2022/2022/2022 2024/2024/2024 2027/2027/2027
f 2028/2028/2028 2023/2023/2023 2027/2027/2027
f 2025/2025/2025 2029/2029/2029 2024/2024/2024
f 2025/2025/2025 2026/2026/2026 2029/2029/2029
f 2024/2024/2024 2029/2029/2029 2027/2027/2027
f 2028/2028/2028 2027/2027/2027 2029/2029/2029
f 2026/2026/2026 2030/2030/2030 2029/2029/2029
f 2030/2030/2030 2028/2028/2028 2029/2029/2029
f 899/899/899 895/895/895 2031/2031/2031
f 2032/2032/2032 899/899/899 2031/2031/2031
f 2031/2031/2031 2033/2033/2033 2032/2032/2032
f 2033/2033/2033 2034/2034/2034 2032/2032/2032
f 2035/2035/2035 2034/2034/2034 2033/2033/2033
f 2031/2031/2031 895/895/895 2036/2036/2036
f 2033/2033/2033 2031/2031/2031 2036/2036/2036
f 2037/2037/2037 2035/2035/2035 2033/2033/2033
f 2035/2035/2035 2037/2037/2037 2038/2038/2038
f 895/895/895 2039/2039/2039 2036/2036/2036
f 884/884/884 2039/2039/2039 895/895/895
f 2040/2040/2040 2033/2033/2033 2036/2036/2036
f 2037/2037/2037 2033/2033/2033 2040/2040/2040
f 2037/2037/2037 2041/2041/2041 2038/2038/2038
f 2042/2042/2042 2038/2038/2038 2041/2041/2041
f 2043/2043/2043 2036/2036/2036 2039/2039/2039
f 2040/2040/2040 2036/2036/2036 2043/2043/2043
f 2044/2044/2044 2039/2039/2039 884/884/884
f 2044/2044/2044 2043/2043/2043 2039/2039/2039
f 2045/2045/2045 2037/2037/2037 2040/2040/2040
f 2037/2037/2037 2045/2045/2045 2041/2041/2041
f 2046/2046/2046 2044/2044/2044 884/884/884
f 2046/2046/2046 884/884/884 834/834/834
f 815/815/815 2046/2046/2046 834/834/834
f 2047/2047/2047 2042/2042/2042 2041/2041/2041
f 2045/2045/2045 2048/2048/2048 2041/2041/2041
f 2047/2047/2047 2041/2041/2041 2048/2048/2048
f 2042/2042/2042 2047/2047/2047 2049/2049/2049
f 2050/2050/2050 2042/2042/2042 2049/2049/2049
f 2050/2050/2050 2049/2049/2049 2051/2051/2051
f 2052/2052/2052 2051/2051/2051 2049/2049/2049
f 2053/2053/2053 2050/2050/2050 2051/2051/2051
f 2053/2053/2053 2051/2051/2051 2054/2054/2054
f 2051/2051/2051 2055/2055/2055 2054/2054/2054
f 2051/2051/2051 2052/2052/2052 2055/2055/2055
f 2056/2056/2056 2054/2054/2054 2055/2055/2055
f 2057/2057/2057 2049/2049/2049 2047/2047/2047
f 2057/2057/2057 2052/2052/2052 2049/2049/2049
f 2058/2058/2058 2047/2047/2047 2048/2048/2048
f 2058/2058/2058 2057/2057/2057 2047/2047/2047
f 2058/2058/2058 2048/2048/2048 2059/2059/2059
f 2058/2058/2058 2059/2059/2059 2057/2057/2057
f 2048/2048/2048 2045/2045/2045 2060/2060/2060
f 2048/2048/2048 2060/2060/2060 2059/2059/2059
f 2059/2059/2059 2061/2061/2061 2057/2057/2057
f 2057/2057/2057 2061/2061/2061 2052/2052/2052
f 2062/2062/2062 2056/2056/2056 2055/2055/2055
f 2056/2056/2056 2062/2062/2062 2063/2063/2063
f 2045/2045/2045 2064/2064/2064 2060/2060/2060
f 2045/2045/2045 2040/2040/2040 2064/2064/2064
f 2065/2065/2065 2059/2059/2059 2060/2060/2060
f 2059/2059/2059 2065/2065/2065 2061/2061/2061
f 2066/2066/2066 2065/2065/2065 2060/2060/2060
f 2066/2066/2066 2060/2060/2060 2064/2064/2064
f 2065/2065/2065 2067/2067/2067 2061/2061/2061
f 2068/2068/2068 2066/2066/2066 2064/2064/2064
f 2067/2067/2067 2069/2069/2069 2061/2061/2061
f 2040/2040/2040 2070/2070/2070 2064/2064/2064
f 2064/2064/2064 2070/2070/2070 2068/2068/2068
f 2070/2070/2070 2071/2071/2071 2068/2068/2068
f 2071/2071/2071 2070/2070/2070 2072/2072/2072
f 2070/2070/2070 2040/2040/2040 2043/2043/2043
f 2070/2070/2070 2043/2043/2043 2072/2072/2072
f 2073/2073/2073 2072/2072/2072 2043/2043/2043
f 2044/2044/2044 2073/2073/2073 2043/2043/2043
f 2074/2074/2074 2073/2073/2073 2044/2044/2044
f 2069/2069/2069 2075/2075/2075 2061/2061/2061
f 2069/2069/2069 2076/2076/2076 2075/2075/2075
f 2061/2061/2061 2075/2075/2075 2052/2052/2052
f 2076/2076/2076 2077/2077/2077 2075/2075/2075
f 2075/2075/2075 2077/2077/2077 2052/2052/2052
f 2077/2077/2077 2076/2076/2076 2078/2078/2078
f 2079/2079/2079 2074/2074/2074 2044/2044/2044
f 2079/2079/2079 2044/2044/2044 2046/2046/2046
f 2077/2077/2077 2080/2080/2080 2052/2052/2052
f 2052/2052/2052 2080/2080/2080 2055/2055/2055
f 2055/2055/2055 2080/2080/2080 2081/2081/2081
f 2080/2080/2080 2077/2077/2077 2081/2081/2081
f 2062/2062/2062 2055/2055/2055 2081/2081/2081
f 2082/2082/2082 2077/2077/2077 2078/2078/2078
f 2077/2077/2077 2082/2082/2082 2081/2081/2081
f 2082/2082/2082 2078/2078/2078 2083/2083/2083
f 2084/2084/2084 2082/2082/2082 2083/2083/2083
f 2081/2081/2081 2082/2082/2082 2084/2084/2084
f 2083/2083/2083 2085/2085/2085 2084/2084/2084
f 2086/2086/2086 2081/2081/2081 2084/2084/2084
f 2086/2086/2086 2084/2084/2084 2085/2085/2085
f 2062/2062/2062 2081/2081/2081 2086/2086/2086
f 2087/2087/2087 2086/2086/2086 2085/2085/2085
f 2088/2088/2088 2062/2062/2062 2086/2086/2086
f 2088/2088/2088 2086/2086/2086 2087/2087/2087
f 2062/2062/2062 2088/2088/2088 2063/2063/2063
f 2089/2089/2089 2088/2088/2088 2087/2087/2087
f 2088/2088/2088 2089/2089/2089 2063/2063/2063
f 815/815/815 2090/2090/2090 2046/2046/2046
f 2046/2046/2046 2090/2090/2090 2079/2079/2079
f 2090/2090/2090 815/815/815 2091/2091/2091
f 819/819/819 2091/2091/2091 815/815/815
f 2091/2091/2091 819/819/819 2092/2092/2092
f 2092/2092/2092 819/819/819 820/820/820
f 820/820/820 2093/2093/2093 2092/2092/2092
f 2093/2093/2093 820/820/820 821/821/821
f 2093/2093/2093 821/821/821 2094/2094/2094
f 821/821/821 2095/2095/2095 2094/2094/2094
f 2094/2094/2094 2095/2095/2095 2096/2096/2096
f 2093/2093/2093 2097/2097/2097 2092/2092/2092
f 2097/2097/2097 2093/2093/2093 2094/2094/2094
f 2098/2098/2098 2091/2091/2091 2092/2092/2092
f 2092/2092/2092 2097/2097/2097 2098/2098/2098
f 2091/2091/2091 2099/2099/2099 2090/2090/2090
f 2099/2099/2099 2091/2091/2091 2098/2098/2098
f 2100/2100/2100 2094/2094/2094 2096/2096/2096
f 2096/2096/2096 2101/2101/2101 2100/2100/2100
f 2102/2102/2102 2097/2097/2097 2094/2094/2094
f 2094/2094/2094 2100/2100/2100 2102/2102/2102
f 2097/2097/2097 2103/2103/2103 2098/2098/2098
f 2103/2103/2103 2097/2097/2097 2102/2102/2102
f 2099/2099/2099 2104/2104/2104 2090/2090/2090
f 2104/2104/2104 2099/2099/2099 2105/2105/2105
f 2090/2090/2090 2104/2104/2104 2079/2079/2079
f 2099/2099/2099 2098/2098/2098 2106/2106/2106
f 2106/2106/2106 2098/2098/2098 2103/2103/2103
f 2107/2107/2107 2099/2099/2099 2106/2106/2106
f 2099/2099/2099 2107/2107/2107 2105/2105/2105
f 2108/2108/2108 2106/2106/2106 2103/2103/2103
f 2107/2107/2107 2109/2109/2109 2105/2105/2105
f 2108/2108/2108 2103/2103/2103 2110/2110/2110
f 2105/2105/2105 2109/2109/2109 2111/2111/2111
f 2103/2103/2103 2112/2112/2112 2110/2110/2110
f 2112/2112/2112 2103/2103/2103 2102/2102/2102
f 2113/2113/2113 2110/2110/2110 2112/2112/2112
f 2104/2104/2104 2114/2114/2114 2079/2079/2079
f 2114/2114/2114 2104/2104/2104 2105/2105/2105
f 2115/2115/2115 2105/2105/2105 2111/2111/2111
f 2111/2111/2111 2116/2116/2116 2115/2115/2115
f 2102/2102/2102 2117/2117/2117 2112/2112/2112
f 2100/2100/2100 2117/2117/2117 2102/2102/2102
f 2118/2118/2118 2113/2113/2113 2112/2112/2112
f 2117/2117/2117 2118/2118/2118 2112/2112/2112
f 2113/2113/2113 2118/2118/2118 2119/2119/2119
f 2120/2120/2120 2118/2118/2118 2117/2117/2117
f 2118/2118/2118 2120/2120/2120 2119/2119/2119
f 2117/2117/2117 2100/2100/2100 2121/2121/2121
f 2121/2121/2121 2120/2120/2120 2117/2117/2117
f 2120/2120/2120 2122/2122/2122 2119/2119/2119
f 2122/2122/2122 2123/2123/2123 2119/2119/2119
f 2100/2100/2100 2124/2124/2124 2121/2121/2121
f 2101/2101/2101 2124/2124/2124 2100/2100/2100
f 2101/2101/2101 2125/2125/2125 2124/2124/2124
f 2121/2121/2121 2126/2126/2126 2120/2120/2120
f 2126/2126/2126 2121/2121/2121 2124/2124/2124
f 2126/2126/2126 2122/2122/2122 2120/2120/2120
f 2126/2126/2126 2127/2127/2127 2122/2122/2122
f 2122/2122/2122 2128/2128/2128 2123/2123/2123
f 2127/2127/2127 2128/2128/2128 2122/2122/2122
f 2128/2128/2128 2129/2129/2129 2123/2123/2123
f 2130/2130/2130 2126/2126/2126 2124/2124/2124
f 2125/2125/2125 2130/2130/2130 2124/2124/2124
f 2127/2127/2127 2126/2126/2126 2130/2130/2130
f 2129/2129/2129 2128/2128/2128 2131/2131/2131
f 2128/2128/2128 2127/2127/2127 2131/2131/2131
f 2132/2132/2132 2129/2129/2129 2131/2131/2131
f 2130/2130/2130 2125/2125/2125 2133/2133/2133
f 2133/2133/2133 2127/2127/2127 2130/2130/2130
f 2125/2125/2125 2134/2134/2134 2133/2133/2133
f 2134/2134/2134 2135/2135/2135 2133/2133/2133
f 2135/2135/2135 2136/2136/2136 2133/2133/2133
f 2127/2127/2127 2133/2133/2133 2136/2136/2136
f 2135/2135/2135 2137/2137/2137 2136/2136/2136
f 2127/2127/2127 2138/2138/2138 2131/2131/2131
f 2138/2138/2138 2127/2127/2127 2136/2136/2136
f 2132/2132/2132 2131/2131/2131 2139/2139/2139
f 2131/2131/2131 2138/2138/2138 2139/2139/2139
f 2140/2140/2140 2132/2132/2132 2139/2139/2139
f 2141/2141/2141 2138/2138/2138 2136/2136/2136
f 2138/2138/2138 2141/2141/2141 2139/2139/2139
f 2139/2139/2139 2142/2142/2142 2140/2140/2140
f 2139/2139/2139 2141/2141/2141 2142/2142/2142
f 2142/2142/2142 2143/2143/2143 2140/2140/2140
f 2142/2142/2142 2144/2144/2144 2143/2143/2143
f 2144/2144/2144 2142/2142/2142 2145/2145/2145
f 2141/2141/2141 2145/2145/2145 2142/2142/2142
f 2146/2146/2146 2144/2144/2144 2145/2145/2145
f 2147/2147/2147 2146/2146/2146 2145/2145/2145
f 2148/2148/2148 2147/2147/2147 2145/2145/2145
f 2145/2145/2145 2141/2141/2141 2148/2148/2148
f 2149/2149/2149 2147/2147/2147 2148/2148/2148
f 2137/2137/2137 2149/2149/2149 2148/2148/2148
f 2137/2137/2137 2150/2150/2150 2136/2136/2136
f 2150/2150/2150 2141/2141/2141 2136/2136/2136
f 2150/2150/2150 2137/2137/2137 2148/2148/2148
f 2141/2141/2141 2150/2150/2150 2148/2148/2148
f 2152/2152/2152 2116/2116/2116 2151/2151/2151
f 2116/2116/2116 2152/2152/2152 2115/2115/2115
f 2153/2153/2153 2152/2152/2152 2151/2151/2151
f 2151/2151/2151 2154/2154/2154 2153/2153/2153
f 2152/2152/2152 2155/2155/2155 2115/2115/2115
f 2155/2155/2155 2152/2152/2152 2153/2153/2153
f 2155/2155/2155 2156/2156/2156 2115/2115/2115
f 2156/2156/2156 2155/2155/2155 2157/2157/2157
f 2115/2115/2115 2156/2156/2156 2105/2105/2105
f 2156/2156/2156 2114/2114/2114 2105/2105/2105
f 2156/2156/2156 2157/2157/2157 2114/2114/2114
f 2157/2157/2157 2158/2158/2158 2114/2114/2114
f 2114/2114/2114 2158/2158/2158 2079/2079/2079
f 2074/2074/2074 2079/2079/2079 2158/2158/2158
f 2159/2159/2159 2074/2074/2074 2158/2158/2158
f 2159/2159/2159 2158/2158/2158 2157/2157/2157
f 2160/2160/2160 2159/2159/2159 2157/2157/2157
f 2160/2160/2160 2157/2157/2157 2161/2161/2161
f 2157/2157/2157 2162/2162/2162 2161/2161/2161
f 2155/2155/2155 2162/2162/2162 2157/2157/2157
f 2161/2161/2161 2162/2162/2162 2163/2163/2163
f 2164/2164/2164 2155/2155/2155 2153/2153/2153
f 2155/2155/2155 2164/2164/2164 2162/2162/2162
f 2162/2162/2162 2165/2165/2165 2163/2163/2163
f 2164/2164/2164 2165/2165/2165 2162/2162/2162
f 2166/2166/2166 2163/2163/2163 2165/2165/2165
f 2167/2167/2167 2166/2166/2166 2165/2165/2165
f 2167/2167/2167 2165/2165/2165 2164/2164/2164
f 2164/2164/2164 2153/2153/2153 2168/2168/2168
f 2154/2154/2154 2168/2168/2168 2153/2153/2153
f 2169/2169/2169 2164/2164/2164 2168/2168/2168
f 2169/2169/2169 2167/2167/2167 2164/2164/2164
f 2170/2170/2170 2168/2168/2168 2154/2154/2154
f 2169/2169/2169 2168/2168/2168 2170/2170/2170
f 2171/2171/2171 2170/2170/2170 2154/2154/2154
f 2171/2171/2171 2172/2172/2172 2170/2170/2170
f 2167/2167/2167 2173/2173/2173 2166/2166/2166
f 2173/2173/2173 2174/2174/2174 2166/2166/2166
f 2174/2174/2174 2173/2173/2173 2175/2175/2175
f 2169/2169/2169 2176/2176/2176 2167/2167/2167
f 2176/2176/2176 2169/2169/2169 2170/2170/2170
f 2176/2176/2176 2173/2173/2173 2167/2167/2167
f 2172/2172/2172 2177/2177/2177 2170/2170/2170
f 2170/2170/2170 2177/2177/2177 2176/2176/2176
f 2172/2172/2172 2178/2178/2178 2177/2177/2177
f 2173/2173/2173 2179/2179/2179 2175/2175/2175
f 2179/2179/2179 2173/2173/2173 2176/2176/2176
f 2175/2175/2175 2179/2179/2179 2180/2180/2180
f 2181/2181/2181 2179/2179/2179 2176/2176/2176
f 2177/2177/2177 2181/2181/2181 2176/2176/2176
f 2179/2179/2179 2182/2182/2182 2180/2180/2180
f 2179/2179/2179 2181/2181/2181 2182/2182/2182
f 2183/2183/2183 2180/2180/2180 2182/2182/2182
f 2178/2178/2178 2184/2184/2184 2177/2177/2177
f 2178/2178/2178 2185/2185/2185 2184/2184/2184
f 2181/2181/2181 2177/2177/2177 2186/2186/2186
f 2181/2181/2181 2186/2186/2186 2182/2182/2182
f 2177/2177/2177 2184/2184/2184 2186/2186/2186
f 2187/2187/2187 2183/2183/2183 2182/2182/2182
f 2187/2187/2187 2182/2182/2182 2186/2186/2186
f 2187/2187/2187 2188/2188/2188 2183/2183/2183
f 2185/2185/2185 2189/2189/2189 2184/2184/2184
f 2186/2186/2186 2184/2184/2184 2189/2189/2189
f 2185/2185/2185 2190/2190/2190 2189/2189/2189
f 2188/2188/2188 2187/2187/2187 2191/2191/2191
f 2191/2191/2191 2187/2187/2187 2186/2186/2186
f 2191/2191/2191 2186/2186/2186 2189/2189/2189
f 2189/2189/2189 2190/2190/2190 2191/2191/2191
f 2192/2192/2192 2188/2188/2188 2191/2191/2191
f 2190/2190/2190 2192/2192/2192 2191/2191/2191
f 2195/2195/2195 2194/2194/2194 2193/2193/2193
f 2196/2196/2196 2195/2195/2195 2193/2193/2193
f 2193/2193/2193 2194/2194/2194 2197/2197/2197
f 2194/2194/2194 2198/2198/2198 2197/2197/2197
f 2196/2196/2196 2193/2193/2193 2199/2199/2199
f 2200/2200/2200 2196/2196/2196 2199/2199/2199
f 2193/2193/2193 2197/2197/2197 2201/2201/2201
f 2199/2199/2199 2193/2193/2193 2201/2201/2201
f 2197/2197/2197 2198/2198/2198 2202/2202/2202
f 2198/2198/2198 2203/2203/2203 2202/2202/2202
f 2203/2203/2203 2204/2204/2204 2202/2202/2202
f 2200/2200/2200 2199/2199/2199 2205/2205/2205
f 2206/2206/2206 2200/2200/2200 2205/2205/2205
f 2206/2206/2206 2205/2205/2205 2207/2207/2207
f 2197/2197/2197 2202/2202/2202 2208/2208/2208
f 2201/2201/2201 2197/2197/2197 2208/2208/2208
f 2204/2204/2204 2209/2209/2209 2202/2202/2202
f 2202/2202/2202 2209/2209/2209 2208/2208/2208
f 2204/2204/2204 2210/2210/2210 2209/2209/2209
f 2210/2210/2210 2211/2211/2211 2209/2209/2209
f 2209/2209/2209 2211/2211/2211 2212/2212/2212
f 2209/2209/2209 2212/2212/2212 2208/2208/2208
f 2211/2211/2211 2213/2213/2213 2212/2212/2212
f 2199/2199/2199 2201/2201/2201 2214/2214/2214
f 2205/2205/2205 2199/2199/2199 2214/2214/2214
f 2201/2201/2201 2208/2208/2208 2215/2215/2215
f 2208/2208/2208 2212/2212/2212 2215/2215/2215
f 2214/2214/2214 2201/2201/2201 2215/2215/2215
f 2212/2212/2212 2213/2213/2213 2216/2216/2216
f 2212/2212/2212 2216/2216/2216 2215/2215/2215
f 2213/2213/2213 2217/2217/2217 2216/2216/2216
f 2216/2216/2216 2217/2217/2217 2218/2218/2218
f 2215/2215/2215 2216/2216/2216 2218/2218/2218
f 2217/2217/2217 2219/2219/2219 2218/2218/2218
f 2214/2214/2214 2215/2215/2215 2220/2220/2220
f 2220/2220/2220 2215/2215/2215 2218/2218/2218
f 2218/2218/2218 2219/2219/2219 2221/2221/2221
f 2220/2220/2220 2218/2218/2218 2221/2221/2221
f 2219/2219/2219 2222/2222/2222 2221/2221/2221
f 2205/2205/2205 2214/2214/2214 2223/2223/2223
f 2223/2223/2223 2214/2214/2214 2220/2220/2220
f 2224/2224/2224 2221/2221/2221 2222/2222/2222
f 2225/2225/2225 2224/2224/2224 2222/2222/2222
f 2224/2224/2224 2225/2225/2225 2226/2226/2226
f 2225/2225/2225 2227/2227/2227 2226/2226/2226
f 2226/2226/2226 2227/2227/2227 2228/2228/2228
f 2229/2229/2229 2220/2220/2220 2221/2221/2221
f 2220/2220/2220 2229/2229/2229 2223/2223/2223
f 2229/2229/2229 2221/2221/2221 2224/2224/2224
f 2230/2230/2230 2205/2205/2205 2223/2223/2223
f 2205/2205/2205 2230/2230/2230 2207/2207/2207
f 2231/2231/2231 2207/2207/2207 2230/2230/2230
f 2223/2223/2223 2232/2232/2232 2230/2230/2230
f 2229/2229/2229 2232/2232/2232 2223/2223/2223
f 2233/2233/2233 2231/2231/2231 2230/2230/2230
f 2232/2232/2232 2233/2233/2233 2230/2230/2230
f 2232/2232/2232 2229/2229/2229 2234/2234/2234
f 2232/2232/2232 2234/2234/2234 2233/2233/2233
f 2233/2233/2233 2235/2235/2235 2231/2231/2231
f 2234/2234/2234 2235/2235/2235 2233/2233/2233
f 2235/2235/2235 2236/2236/2236 2231/2231/2231
f 2236/2236/2236 2235/2235/2235 2237/2237/2237
f 2237/2237/2237 2235/2235/2235 2234/2234/2234
f 2238/2238/2238 2236/2236/2236 2237/2237/2237
f 2239/2239/2239 2229/2229/2229 2224/2224/2224
f 2229/2229/2229 2239/2239/2239 2234/2234/2234
f 2237/2237/2237 2240/2240/2240 2238/2238/2238
f 2240/2240/2240 2241/2241/2241 2238/2238/2238
f 2242/2242/2242 2241/2241/2241 2240/2240/2240
f 2243/2243/2243 2237/2237/2237 2234/2234/2234
f 2243/2243/2243 2234/2234/2234 2239/2239/2239
f 2240/2240/2240 2237/2237/2237 2243/2243/2243
f 2239/2239/2239 2224/2224/2224 2244/2244/2244
f 2244/2244/2244 2243/2243/2243 2239/2239/2239
f 2226/2226/2226 2244/2244/2244 2224/2224/2224
f 2245/2245/2245 2242/2242/2242 2240/2240/2240
f 2242/2242/2242 2245/2245/2245 2246/2246/2246
f 2247/2247/2247 2240/2240/2240 2243/2243/2243
f 2243/2243/2243 2244/2244/2244 2247/2247/2247
f 2245/2245/2245 2240/2240/2240 2247/2247/2247
f 2244/2244/2244 2248/2248/2248 2247/2247/2247
f 2244/2244/2244 2226/2226/2226 2248/2248/2248
f 2249/2249/2249 2245/2245/2245 2247/2247/2247
f 2249/2249/2249 2247/2247/2247 2248/2248/2248
f 2245/2245/2245 2250/2250/2250 2246/2246/2246
f 2245/2245/2245 2249/2249/2249 2250/2250/2250
f 2246/2246/2246 2250/2250/2250 2251/2251/2251
f 2252/2252/2252 2246/2246/2246 2251/2251/2251
f 2253/2253/2253 2252/2252/2252 2251/2251/2251
f 2249/2249/2249 2254/2254/2254 2250/2250/2250
f 2251/2251/2251 2250/2250/2250 2254/2254/2254
f 2255/2255/2255 2253/2253/2253 2251/2251/2251
f 2256/2256/2256 2253/2253/2253 2255/2255/2255
f 2257/2257/2257 2251/2251/2251 2254/2254/2254
f 2251/2251/2251 2257/2257/2257 2255/2255/2255
f 2254/2254/2254 2249/2249/2249 2258/2258/2258
f 2259/2259/2259 2249/2249/2249 2248/2248/2248
f 2249/2249/2249 2259/2259/2259 2258/2258/2258
f 2254/2254/2254 2260/2260/2260 2257/2257/2257
f 2260/2260/2260 2254/2254/2254 2258/2258/2258
f 2261/2261/2261 2256/2256/2256 2255/2255/2255
f 2257/2257/2257 2262/2262/2262 2255/2255/2255
f 2261/2261/2261 2255/2255/2255 2262/2262/2262
f 2261/2261/2261 2263/2263/2263 2256/2256/2256
f 2263/2263/2263 2264/2264/2264 2256/2256/2256
f 2265/2265/2265 2261/2261/2261 2262/2262/2262
f 2263/2263/2263 2261/2261/2261 2265/2265/2265
f 2266/2266/2266 2262/2262/2262 2257/2257/2257
f 2262/2262/2262 2266/2266/2266 2265/2265/2265
f 2267/2267/2267 2257/2257/2257 2260/2260/2260
f 2267/2267/2267 2266/2266/2266 2257/2257/2257
f 2263/2263/2263 2268/2268/2268 2264/2264/2264
f 2268/2268/2268 2269/2269/2269 2264/2264/2264
f 2269/2269/2269 2268/2268/2268 2270/2270/2270
f 2271/2271/2271 2270/2270/2270 2268/2268/2268
f 2272/2272/2272 2269/2269/2269 2270/2270/2270
f 2270/2270/2270 2273/2273/2273 2272/2272/2272
f 2273/2273/2273 2270/2270/2270 2271/2271/2271
f 2274/2274/2274 2273/2273/2273 2271/2271/2271
f 2273/2273/2273 2275/2275/2275 2272/2272/2272
f 2276/2276/2276 2275/2275/2275 2273/2273/2273
f 2277/2277/2277 2268/2268/2268 2263/2263/2263
f 2277/2277/2277 2271/2271/2271 2268/2268/2268
f 2278/2278/2278 2276/2276/2276 2273/2273/2273
f 2278/2278/2278 2273/2273/2273 2274/2274/2274
f 2278/2278/2278 2279/2279/2279 2276/2276/2276
f 2279/2279/2279 2278/2278/2278 2274/2274/2274
f 2279/2279/2279 2280/2280/2280 2276/2276/2276
f 2280/2280/2280 2279/2279/2279 2281/2281/2281
f 2279/2279/2279 2274/2274/2274 2281/2281/2281
f 2282/2282/2282 2280/2280/2280 2281/2281/2281
f 2282/2282/2282 2281/2281/2281 2283/2283/2283
f 2283/2283/2283 2281/2281/2281 2274/2274/2274
f 2284/2284/2284 2282/2282/2282 2283/2283/2283
f 2284/2284/2284 2283/2283/2283 2285/2285/2285
f 2285/2285/2285 2283/2283/2283 2274/2274/2274
f 2286/2286/2286 2284/2284/2284 2285/2285/2285
f 2287/2287/2287 2285/2285/2285 2274/2274/2274
f 2285/2285/2285 2287/2287/2287 2286/2286/2286
f 2287/2287/2287 2274/2274/2274 2271/2271/2271
f 2287/2287/2287 2288/2288/2288 2286/2286/2286
f 2288/2288/2288 2287/2287/2287 2289/2289/2289
f 2289/2289/2289 2287/2287/2287 2271/2271/2271
f 2290/2290/2290 2288/2288/2288 2289/2289/2289
f 2290/2290/2290 2289/2289/2289 2291/2291/2291
f 2289/2289/2289 2271/2271/2271 2292/2292/2292
f 2289/2289/2289 2292/2292/2292 2291/2291/2291
f 2271/2271/2271 2277/2277/2277 2292/2292/2292
f 2291/2291/2291 2292/2292/2292 2293/2293/2293
f 2292/2292/2292 2277/2277/2277 2293/2293/2293
f 2294/2294/2294 2291/2291/2291 2293/2293/2293
f 2277/2277/2277 2295/2295/2295 2293/2293/2293
f 2295/2295/2295 2277/2277/2277 2263/2263/2263
f 2295/2295/2295 2263/2263/2263 2265/2265/2265
f 2293/2293/2293 2295/2295/2295 2265/2265/2265
f 2293/2293/2293 2296/2296/2296 2294/2294/2294
f 2296/2296/2296 2293/2293/2293 2265/2265/2265
f 2296/2296/2296 2297/2297/2297 2294/2294/2294
f 2297/2297/2297 2296/2296/2296 2298/2298/2298
f 2266/2266/2266 2296/2296/2296 2265/2265/2265
f 2296/2296/2296 2266/2266/2266 2298/2298/2298
f 2298/2298/2298 2266/2266/2266 2299/2299/2299
f 2266/2266/2266 2267/2267/2267 2299/2299/2299
f 2299/2299/2299 2267/2267/2267 2300/2300/2300
f 2267/2267/2267 2301/2301/2301 2300/2300/2300
f 2301/2301/2301 2302/2302/2302 2300/2300/2300
f 2301/2301/2301 2267/2267/2267 2260/2260/2260
f 2301/2301/2301 2303/2303/2303 2302/2302/2302
f 2301/2301/2301 2260/2260/2260 2303/2303/2303
f 2303/2303/2303 2304/2304/2304 2302/2302/2302
f 2305/2305/2305 2302/2302/2302 2304/2304/2304
f 2306/2306/2306 2303/2303/2303 2260/2260/2260
f 2306/2306/2306 2260/2260/2260 2258/2258/2258
f 2306/2306/2306 2258/2258/2258 2307/2307/2307
f 2306/2306/2306 2307/2307/2307 2308/2308/2308
f 2303/2303/2303 2306/2306/2306 2309/2309/2309
f 2309/2309/2309 2304/2304/2304 2303/2303/2303
f 2306/2306/2306 2308/2308/2308 2309/2309/2309
f 2310/2310/2310 2305/2305/2305 2304/2304/2304
f 2304/2304/2304 2309/2309/2309 2310/2310/2310
f 2305/2305/2305 2310/2310/2310 2311/2311/2311
f 2309/2309/2309 2312/2312/2312 2310/2310/2310
f 2309/2309/2309 2308/2308/2308 2312/2312/2312
f 2310/2310/2310 2313/2313/2313 2311/2311/2311
f 2313/2313/2313 2310/2310/2310 2312/2312/2312
f 2311/2311/2311 2313/2313/2313 2314/2314/2314
f 2313/2313/2313 2315/2315/2315 2314/2314/2314
f 2316/2316/2316 2314/2314/2314 2315/2315/2315
f 2317/2317/2317 2313/2313/2313 2312/2312/2312
f 2313/2313/2313 2317/2317/2317 2315/2315/2315
f 2258/2258/2258 2318/2318/2318 2307/2307/2307
f 2318/2318/2318 2258/2258/2258 2259/2259/2259
f 2308/2308/2308 2319/2319/2319 2312/2312/2312
f 2312/2312/2312 2319/2319/2319 2317/2317/2317
f 2320/2320/2320 2318/2318/2318 2259/2259/2259
f 2321/2321/2321 2318/2318/2318 2320/2320/2320
f 2259/2259/2259 2248/2248/2248 2320/2320/2320
f 2248/2248/2248 2322/2322/2322 2320/2320/2320
f 2226/2226/2226 2322/2322/2322 2248/2248/2248
f 2323/2323/2323 2320/2320/2320 2322/2322/2322
f 2323/2323/2323 2321/2321/2321 2320/2320/2320
f 2226/2226/2226 2324/2324/2324 2322/2322/2322
f 2324/2324/2324 2323/2323/2323 2322/2322/2322
f 2324/2324/2324 2226/2226/2226 2228/2228/2228
f 2228/2228/2228 2325/2325/2325 2324/2324/2324
f 2325/2325/2325 2323/2323/2323 2324/2324/2324
f 2323/2323/2323 2325/2325/2325 2321/2321/2321
f 2325/2325/2325 2326/2326/2326 2321/2321/2321
f 2326/2326/2326 2327/2327/2327 2321/2321/2321
f 2321/2321/2321 2328/2328/2328 2318/2318/2318
f 2328/2328/2328 2307/2307/2307 2318/2318/2318
f 2307/2307/2307 2328/2328/2328 2329/2329/2329
f 2328/2328/2328 2330/2330/2330 2329/2329/2329
f 2328/2328/2328 2321/2321/2321 2330/2330/2330
f 2327/2327/2327 2330/2330/2330 2321/2321/2321
f 2330/2330/2330 2327/2327/2327 2331/2331/2331
f 2330/2330/2330 2331/2331/2331 2332/2332/2332
f 2331/2331/2331 2333/2333/2333 2332/2332/2332
f 2332/2332/2332 2333/2333/2333 2334/2334/2334
f 2335/2335/2335 2330/2330/2330 2332/2332/2332
f 2330/2330/2330 2335/2335/2335 2329/2329/2329
f 2336/2336/2336 2332/2332/2332 2334/2334/2334
f 2332/2332/2332 2336/2336/2336 2335/2335/2335
f 2329/2329/2329 2335/2335/2335 2337/2337/2337
f 2336/2336/2336 2337/2337/2337 2335/2335/2335
f 2336/2336/2336 2334/2334/2334 2338/2338/2338
f 2334/2334/2334 2339/2339/2339 2338/2338/2338
f 2337/2337/2337 2336/2336/2336 2340/2340/2340
f 2336/2336/2336 2338/2338/2338 2340/2340/2340
f 2338/2338/2338 2339/2339/2339 2341/2341/2341
f 2340/2340/2340 2338/2338/2338 2341/2341/2341
f 2339/2339/2339 2342/2342/2342 2341/2341/2341
f 2343/2343/2343 2341/2341/2341 2342/2342/2342
f 2344/2344/2344 2343/2343/2343 2342/2342/2342
f 2345/2345/2345 2329/2329/2329 2337/2337/2337
f 2337/2337/2337 2340/2340/2340 2345/2345/2345
f 2346/2346/2346 2340/2340/2340 2341/2341/2341
f 2346/2346/2346 2341/2341/2341 2343/2343/2343
f 2343/2343/2343 2344/2344/2344 2347/2347/2347
f 2344/2344/2344 2348/2348/2348 2347/2347/2347
f 2347/2347/2347 2348/2348/2348 2349/2349/2349
f 2340/2340/2340 2350/2350/2350 2345/2345/2345
f 2350/2350/2350 2340/2340/2340 2346/2346/2346
f 2351/2351/2351 2346/2346/2346 2343/2343/2343
f 2343/2343/2343 2347/2347/2347 2352/2352/2352
f 2351/2351/2351 2343/2343/2343 2352/2352/2352
f 2353/2353/2353 2346/2346/2346 2351/2351/2351
f 2353/2353/2353 2350/2350/2350 2346/2346/2346
f 2354/2354/2354 2353/2353/2353 2351/2351/2351
f 2351/2351/2351 2352/2352/2352 2354/2354/2354
f 2353/2353/2353 2355/2355/2355 2350/2350/2350
f 2355/2355/2355 2353/2353/2353 2354/2354/2354
f 2355/2355/2355 2356/2356/2356 2350/2350/2350
f 2350/2350/2350 2356/2356/2356 2357/2357/2357
f 2345/2345/2345 2350/2350/2350 2357/2357/2357
f 2358/2358/2358 2355/2355/2355 2354/2354/2354
f 2357/2357/2357 2359/2359/2359 2345/2345/2345
f 2354/2354/2354 2360/2360/2360 2358/2358/2358
f 2352/2352/2352 2360/2360/2360 2354/2354/2354
f 2360/2360/2360 2361/2361/2361 2358/2358/2358
f 2362/2362/2362 2361/2361/2361 2360/2360/2360
f 2359/2359/2359 2363/2363/2363 2345/2345/2345
f 2363/2363/2363 2329/2329/2329 2345/2345/2345
f 2352/2352/2352 2364/2364/2364 2360/2360/2360
f 2364/2364/2364 2352/2352/2352 2347/2347/2347
f 2365/2365/2365 2362/2362/2362 2360/2360/2360
f 2364/2364/2364 2365/2365/2365 2360/2360/2360
f 2366/2366/2366 2362/2362/2362 2365/2365/2365
f 2367/2367/2367 2363/2363/2363 2359/2359/2359
f 2368/2368/2368 2367/2367/2367 2359/2359/2359
f 2363/2363/2363 2369/2369/2369 2329/2329/2329
f 2363/2363/2363 2367/2367/2367 2369/2369/2369
f 2370/2370/2370 2364/2364/2364 2347/2347/2347
f 2370/2370/2370 2347/2347/2347 2349/2349/2349
f 2365/2365/2365 2364/2364/2364 2371/2371/2371
f 2364/2364/2364 2370/2370/2370 2371/2371/2371
f 2370/2370/2370 2349/2349/2349 2372/2372/2372
f 2370/2370/2370 2372/2372/2372 2371/2371/2371
f 2349/2349/2349 2373/2373/2373 2372/2372/2372
f 2374/2374/2374 2366/2366/2366 2365/2365/2365
f 2374/2374/2374 2365/2365/2365 2371/2371/2371
f 2375/2375/2375 2367/2367/2367 2368/2368/2368
f 2376/2376/2376 2375/2375/2375 2368/2368/2368
f 2377/2377/2377 2372/2372/2372 2373/2373/2373
f 2378/2378/2378 2377/2377/2377 2373/2373/2373
f 2371/2371/2371 2372/2372/2372 2379/2379/2379
f 2371/2371/2371 2379/2379/2379 2374/2374/2374
f 2372/2372/2372 2377/2377/2377 2379/2379/2379
f 2380/2380/2380 2379/2379/2379 2377/2377/2377
f 2381/2381/2381 2380/2380/2380 2377/2377/2377
f 2381/2381/2381 2377/2377/2377 2378/2378/2378
f 2382/2382/2382 2381/2381/2381 2378/2378/2378
f 2374/2374/2374 2383/2383/2383 2366/2366/2366
f 2379/2379/2379 2383/2383/2383 2374/2374/2374
f 2383/2383/2383 2384/2384/2384 2366/2366/2366
f 2381/2381/2381 2382/2382/2382 2385/2385/2385
f 2381/2381/2381 2385/2385/2385 2380/2380/2380
f 2382/2382/2382 2386/2386/2386 2385/2385/2385
f 2383/2383/2383 2379/2379/2379 2387/2387/2387
f 2384/2384/2384 2383/2383/2383 2387/2387/2387
f 2379/2379/2379 2380/2380/2380 2387/2387/2387
f 2388/2388/2388 2384/2384/2384 2387/2387/2387
f 2385/2385/2385 2386/2386/2386 2389/2389/2389
f 2385/2385/2385 2389/2389/2389 2380/2380/2380
f 2386/2386/2386 2390/2390/2390 2389/2389/2389
f 2389/2389/2389 2390/2390/2390 2391/2391/2391
f 2387/2387/2387 2392/2392/2392 2388/2388/2388
f 2380/2380/2380 2392/2392/2392 2387/2387/2387
f 2392/2392/2392 2393/2393/2393 2388/2388/2388
f 2393/2393/2393 2392/2392/2392 2394/2394/2394
f 2395/2395/2395 2389/2389/2389 2391/2391/2391
f 2389/2389/2389 2395/2395/2395 2380/2380/2380
f 2391/2391/2391 2394/2394/2394 2395/2395/2395
f 2392/2392/2392 2396/2396/2396 2394/2394/2394
f 2380/2380/2380 2396/2396/2396 2392/2392/2392
f 2394/2394/2394 2396/2396/2396 2395/2395/2395
f 2380/2380/2380 2395/2395/2395 2396/2396/2396
f 2376/2376/2376 2398/2398/2398 2397/2397/2397
f 2397/2397/2397 2398/2398/2398 2399/2399/2399
f 2398/2398/2398 2400/2400/2400 2399/2399/2399
f 2375/2375/2375 2376/2376/2376 2397/2397/2397
f 2400/2400/2400 2401/2401/2401 2399/2399/2399
f 2375/2375/2375 2397/2397/2397 2402/2402/2402
f 2403/2403/2403 2397/2397/2397 2399/2399/2399
f 2397/2397/2397 2403/2403/2403 2402/2402/2402
f 2402/2402/2402 2404/2404/2404 2375/2375/2375
f 2404/2404/2404 2367/2367/2367 2375/2375/2375
f 2367/2367/2367 2404/2404/2404 2369/2369/2369
f 2404/2404/2404 2402/2402/2402 2405/2405/2405
f 2406/2406/2406 2402/2402/2402 2403/2403/2403
f 2402/2402/2402 2406/2406/2406 2405/2405/2405
f 2369/2369/2369 2404/2404/2404 2407/2407/2407
f 2404/2404/2404 2405/2405/2405 2407/2407/2407
f 2408/2408/2408 2406/2406/2406 2403/2403/2403
f 2409/2409/2409 2403/2403/2403 2399/2399/2399
f 2403/2403/2403 2409/2409/2409 2408/2408/2408
f 2405/2405/2405 2406/2406/2406 2410/2410/2410
f 2406/2406/2406 2408/2408/2408 2410/2410/2410
f 2411/2411/2411 2405/2405/2405 2410/2410/2410
f 2411/2411/2411 2412/2412/2412 2405/2405/2405
f 2412/2412/2412 2407/2407/2407 2405/2405/2405
f 2413/2413/2413 2407/2407/2407 2412/2412/2412
f 2408/2408/2408 2414/2414/2414 2410/2410/2410
f 2415/2415/2415 2413/2413/2413 2412/2412/2412
f 2414/2414/2414 2408/2408/2408 2416/2416/2416
f 2409/2409/2409 2416/2416/2416 2408/2408/2408
f 2417/2417/2417 2414/2414/2414 2416/2416/2416
f 2418/2418/2418 2417/2417/2417 2416/2416/2416
f 2409/2409/2409 2399/2399/2399 2419/2419/2419
f 2409/2409/2409 2419/2419/2419 2416/2416/2416
f 2420/2420/2420 2418/2418/2418 2416/2416/2416
f 2419/2419/2419 2420/2420/2420 2416/2416/2416
f 2418/2418/2418 2420/2420/2420 2421/2421/2421
f 2407/2407/2407 2413/2413/2413 2422/2422/2422
f 2369/2369/2369 2407/2407/2407 2422/2422/2422
f 2423/2423/2423 2413/2413/2413 2415/2415/2415
f 2413/2413/2413 2423/2423/2423 2424/2424/2424
f 2425/2425/2425 2423/2423/2423 2415/2415/2415
f 2423/2423/2423 2425/2425/2425 2426/2426/2426
f 2423/2423/2423 2426/2426/2426 2424/2424/2424
f 2425/2425/2425 2427/2427/2427 2426/2426/2426
f 2428/2428/2428 2369/2369/2369 2422/2422/2422
f 2369/2369/2369 2428/2428/2428 2329/2329/2329
f 2428/2428/2428 2307/2307/2307 2329/2329/2329
f 2422/2422/2422 2307/2307/2307 2428/2428/2428
f 2429/2429/2429 2307/2307/2307 2422/2422/2422
f 2422/2422/2422 2413/2413/2413 2429/2429/2429
f 2307/2307/2307 2429/2429/2429 2308/2308/2308
f 2413/2413/2413 2430/2430/2430 2429/2429/2429
f 2429/2429/2429 2430/2430/2430 2308/2308/2308
f 2430/2430/2430 2413/2413/2413 2424/2424/2424
f 2430/2430/2430 2431/2431/2431 2308/2308/2308
f 2430/2430/2430 2424/2424/2424 2431/2431/2431
f 2431/2431/2431 2319/2319/2319 2308/2308/2308
f 2432/2432/2432 2426/2426/2426 2427/2427/2427
f 2433/2433/2433 2432/2432/2432 2427/2427/2427
f 2432/2432/2432 2433/2433/2433 2434/2434/2434
f 2433/2433/2433 2435/2435/2435 2434/2434/2434
f 2435/2435/2435 2436/2436/2436 2434/2434/2434
f 2426/2426/2426 2432/2432/2432 2437/2437/2437
f 2426/2426/2426 2438/2438/2438 2424/2424/2424
f 2438/2438/2438 2426/2426/2426 2437/2437/2437
f 2437/2437/2437 2432/2432/2432 2439/2439/2439
f 2432/2432/2432 2434/2434/2434 2439/2439/2439
f 2438/2438/2438 2437/2437/2437 2440/2440/2440
f 2437/2437/2437 2439/2439/2439 2440/2440/2440
f 2424/2424/2424 2438/2438/2438 2441/2441/2441
f 2441/2441/2441 2438/2438/2438 2440/2440/2440
f 2424/2424/2424 2442/2442/2442 2431/2431/2431
f 2442/2442/2442 2424/2424/2424 2441/2441/2441
f 2319/2319/2319 2431/2431/2431 2443/2443/2443
f 2431/2431/2431 2442/2442/2442 2443/2443/2443
f 2442/2442/2442 2444/2444/2444 2443/2443/2443
f 2444/2444/2444 2442/2442/2442 2445/2445/2445
f 2442/2442/2442 2441/2441/2441 2445/2445/2445
f 2445/2445/2445 2441/2441/2441 2440/2440/2440
f 2446/2446/2446 2319/2319/2319 2443/2443/2443
f 2447/2447/2447 2445/2445/2445 2440/2440/2440
f 2319/2319/2319 2446/2446/2446 2448/2448/2448
f 2446/2446/2446 2449/2449/2449 2448/2448/2448
f 2319/2319/2319 2448/2448/2448 2317/2317/2317
f 2447/2447/2447 2440/2440/2440 2450/2450/2450
f 2451/2451/2451 2447/2447/2447 2450/2450/2450
f 2439/2439/2439 2450/2450/2450 2440/2440/2440
f 2452/2452/2452 2451/2451/2451 2450/2450/2450
f 2453/2453/2453 2448/2448/2448 2449/2449/2449
f 2454/2454/2454 2453/2453/2453 2449/2449/2449
f 2317/2317/2317 2448/2448/2448 2455/2455/2455
f 2448/2448/2448 2453/2453/2453 2455/2455/2455
f 2317/2317/2317 2455/2455/2455 2315/2315/2315
f 2453/2453/2453 2454/2454/2454 2456/2456/2456
f 2455/2455/2455 2453/2453/2453 2456/2456/2456
f 2454/2454/2454 2457/2457/2457 2456/2456/2456
f 2439/2439/2439 2458/2458/2458 2450/2450/2450
f 2439/2439/2439 2434/2434/2434 2458/2458/2458
f 2459/2459/2459 2452/2452/2452 2450/2450/2450
f 2458/2458/2458 2459/2459/2459 2450/2450/2450
f 2460/2460/2460 2452/2452/2452 2459/2459/2459
f 2461/2461/2461 2315/2315/2315 2455/2455/2455
f 2461/2461/2461 2316/2316/2316 2315/2315/2315
f 2316/2316/2316 2461/2461/2461 2462/2462/2462
f 2463/2463/2463 2316/2316/2316 2462/2462/2462
f 2464/2464/2464 2463/2463/2463 2462/2462/2462
f 2465/2465/2465 2461/2461/2461 2455/2455/2455
f 2461/2461/2461 2465/2465/2465 2462/2462/2462
f 2465/2465/2465 2455/2455/2455 2456/2456/2456
f 2466/2466/2466 2460/2460/2460 2459/2459/2459
f 2459/2459/2459 2458/2458/2458 2466/2466/2466
f 2467/2467/2467 2465/2465/2465 2456/2456/2456
f 2465/2465/2465 2467/2467/2467 2462/2462/2462
f 2468/2468/2468 2464/2464/2464 2462/2462/2462
f 2469/2469/2469 2464/2464/2464 2468/2468/2468
f 2470/2470/2470 2468/2468/2468 2462/2462/2462
f 2467/2467/2467 2470/2470/2470 2462/2462/2462
f 2471/2471/2471 2470/2470/2470 2467/2467/2467
f 2472/2472/2472 2467/2467/2467 2456/2456/2456
f 2472/2472/2472 2471/2471/2471 2467/2467/2467
f 2472/2472/2472 2456/2456/2456 2457/2457/2457
f 2473/2473/2473 2472/2472/2472 2457/2457/2457
f 2471/2471/2471 2472/2472/2472 2473/2473/2473
f 2474/2474/2474 2471/2471/2471 2473/2473/2473
f 2471/2471/2471 2474/2474/2474 2475/2475/2475
f 2476/2476/2476 2469/2469/2469 2468/2468/2468
f 2468/2468/2468 2470/2470/2470 2476/2476/2476
f 2477/2477/2477 2470/2470/2470 2471/2471/2471
f 2470/2470/2470 2477/2477/2477 2476/2476/2476
f 2478/2478/2478 2471/2471/2471 2475/2475/2475
f 2478/2478/2478 2477/2477/2477 2471/2471/2471
f 2479/2479/2479 2478/2478/2478 2475/2475/2475
f 2478/2478/2478 2479/2479/2479 2477/2477/2477
f 2480/2480/2480 2479/2479/2479 2475/2475/2475
f 2469/2469/2469 2476/2476/2476 2481/2481/2481
f 2482/2482/2482 2469/2469/2469 2481/2481/2481
f 2477/2477/2477 2483/2483/2483 2476/2476/2476
f 2479/2479/2479 2483/2483/2483 2477/2477/2477
f 2483/2483/2483 2481/2481/2481 2476/2476/2476
f 2479/2479/2479 2480/2480/2480 2484/2484/2484
f 2480/2480/2480 2485/2485/2485 2484/2484/2484
f 2484/2484/2484 2485/2485/2485 2486/2486/2486
f 2487/2487/2487 2483/2483/2483 2479/2479/2479
f 2481/2481/2481 2483/2483/2483 2487/2487/2487
f 2484/2484/2484 2487/2487/2487 2479/2479/2479
f 2482/2482/2482 2481/2481/2481 2488/2488/2488
f 2488/2488/2488 2481/2481/2481 2487/2487/2487
f 2489/2489/2489 2482/2482/2482 2488/2488/2488
f 2488/2488/2488 2487/2487/2487 2490/2490/2490
f 2491/2491/2491 2490/2490/2490 2487/2487/2487
f 2484/2484/2484 2491/2491/2491 2487/2487/2487
f 2491/2491/2491 2484/2484/2484 2486/2486/2486
f 2486/2486/2486 2492/2492/2492 2491/2491/2491
f 2488/2488/2488 2493/2493/2493 2489/2489/2489
f 2493/2493/2493 2488/2488/2488 2490/2490/2490
f 2493/2493/2493 2494/2494/2494 2489/2489/2489
f 2492/2492/2492 2495/2495/2495 2491/2491/2491
f 2490/2490/2490 2491/2491/2491 2495/2495/2495
f 2492/2492/2492 2496/2496/2496 2495/2495/2495
f 2493/2493/2493 2497/2497/2497 2494/2494/2494
f 2493/2493/2493 2490/2490/2490 2497/2497/2497
f 2497/2497/2497 2498/2498/2498 2494/2494/2494
f 2499/2499/2499 2498/2498/2498 2497/2497/2497
f 2500/2500/2500 2499/2499/2499 2497/2497/2497
f 2490/2490/2490 2500/2500/2500 2497/2497/2497
f 2499/2499/2499 2500/2500/2500 2501/2501/2501
f 2500/2500/2500 2502/2502/2502 2501/2501/2501
f 2496/2496/2496 2501/2501/2501 2502/2502/2502
f 2490/2490/2490 2502/2502/2502 2500/2500/2500
f 2503/2503/2503 2490/2490/2490 2495/2495/2495
f 2496/2496/2496 2503/2503/2503 2495/2495/2495
f 2503/2503/2503 2496/2496/2496 2502/2502/2502
f 2503/2503/2503 2502/2502/2502 2490/2490/2490
f 2505/2505/2505 2504/2504/2504 2460/2460/2460
f 2466/2466/2466 2505/2505/2505 2460/2460/2460
f 2505/2505/2505 2506/2506/2506 2504/2504/2504
f 2507/2507/2507 2506/2506/2506 2505/2505/2505
f 2506/2506/2506 2508/2508/2508 2504/2504/2504
f 2508/2508/2508 2506/2506/2506 2509/2509/2509
f 2506/2506/2506 2507/2507/2507 2509/2509/2509
f 2507/2507/2507 2510/2510/2510 2509/2509/2509
f 2511/2511/2511 2508/2508/2508 2509/2509/2509
f 2509/2509/2509 2512/2512/2512 2511/2511/2511
f 2510/2510/2510 2512/2512/2512 2509/2509/2509
f 2512/2512/2512 2513/2513/2513 2511/2511/2511
f 2514/2514/2514 2513/2513/2513 2512/2512/2512
f 2505/2505/2505 2466/2466/2466 2515/2515/2515
f 2515/2515/2515 2507/2507/2507 2505/2505/2505
f 2516/2516/2516 2514/2514/2514 2512/2512/2512
f 2510/2510/2510 2516/2516/2516 2512/2512/2512
f 2516/2516/2516 2517/2517/2517 2514/2514/2514
f 2510/2510/2510 2517/2517/2517 2516/2516/2516
f 2517/2517/2517 2518/2518/2518 2514/2514/2514
f 2518/2518/2518 2517/2517/2517 2519/2519/2519
f 2519/2519/2519 2517/2517/2517 2510/2510/2510
f 2520/2520/2520 2518/2518/2518 2519/2519/2519
f 2521/2521/2521 2520/2520/2520 2519/2519/2519
f 2522/2522/2522 2521/2521/2521 2519/2519/2519
f 2522/2522/2522 2519/2519/2519 2510/2510/2510
f 2523/2523/2523 2521/2521/2521 2522/2522/2522
f 2524/2524/2524 2522/2522/2522 2510/2510/2510
f 2524/2524/2524 2523/2523/2523 2522/2522/2522
f 2524/2524/2524 2510/2510/2510 2507/2507/2507
f 2525/2525/2525 2523/2523/2523 2524/2524/2524
f 2526/2526/2526 2525/2525/2525 2524/2524/2524
f 2526/2526/2526 2524/2524/2524 2507/2507/2507
f 2527/2527/2527 2525/2525/2525 2526/2526/2526
f 2528/2528/2528 2526/2526/2526 2507/2507/2507
f 2528/2528/2528 2527/2527/2527 2526/2526/2526
f 2529/2529/2529 2527/2527/2527 2528/2528/2528
f 2515/2515/2515 2528/2528/2528 2507/2507/2507
f 2530/2530/2530 2529/2529/2529 2528/2528/2528
f 2530/2530/2530 2528/2528/2528 2515/2515/2515
f 2436/2436/2436 2529/2529/2529 2530/2530/2530
f 2531/2531/2531 2530/2530/2530 2515/2515/2515
f 2466/2466/2466 2531/2531/2531 2515/2515/2515
f 2458/2458/2458 2531/2531/2531 2466/2466/2466
f 2532/2532/2532 2436/2436/2436 2530/2530/2530
f 2532/2532/2532 2530/2530/2530 2531/2531/2531
f 2458/2458/2458 2532/2532/2532 2531/2531/2531
f 2436/2436/2436 2532/2532/2532 2434/2434/2434
f 2434/2434/2434 2532/2532/2532 2458/2458/2458
f 2401/2401/2401 2533/2533/2533 2399/2399/2399
f 2399/2399/2399 2533/2533/2533 2419/2419/2419
f 2534/2534/2534 2533/2533/2533 2401/2401/2401
f 2419/2419/2419 2533/2533/2533 2534/2534/2534
f 2535/2535/2535 2534/2534/2534 2401/2401/2401
f 2536/2536/2536 2419/2419/2419 2534/2534/2534
f 2536/2536/2536 2534/2534/2534 2537/2537/2537
f 2420/2420/2420 2419/2419/2419 2536/2536/2536
f 2538/2538/2538 2534/2534/2534 2535/2535/2535
f 2534/2534/2534 2538/2538/2538 2537/2537/2537
f 2539/2539/2539 2538/2538/2538 2535/2535/2535
f 2540/2540/2540 2420/2420/2420 2536/2536/2536
f 2540/2540/2540 2536/2536/2536 2537/2537/2537
f 2420/2420/2420 2540/2540/2540 2421/2421/2421
f 2541/2541/2541 2538/2538/2538 2539/2539/2539
f 2538/2538/2538 2541/2541/2541 2537/2537/2537
f 2541/2541/2541 2542/2542/2542 2537/2537/2537
f 2543/2543/2543 2541/2541/2541 2539/2539/2539
f 2421/2421/2421 2540/2540/2540 2544/2544/2544
f 2544/2544/2544 2540/2540/2540 2537/2537/2537
f 2545/2545/2545 2421/2421/2421 2544/2544/2544
f 2545/2545/2545 2544/2544/2544 2546/2546/2546
f 2541/2541/2541 2543/2543/2543 2547/2547/2547
f 2541/2541/2541 2547/2547/2547 2542/2542/2542
f 2543/2543/2543 2548/2548/2548 2547/2547/2547
f 2549/2549/2549 2544/2544/2544 2537/2537/2537
f 2544/2544/2544 2549/2549/2549 2546/2546/2546
f 2542/2542/2542 2549/2549/2549 2537/2537/2537
f 2546/2546/2546 2549/2549/2549 2550/2550/2550
f 2551/2551/2551 2547/2547/2547 2548/2548/2548
f 2547/2547/2547 2551/2551/2551 2542/2542/2542
f 2552/2552/2552 2551/2551/2551 2548/2548/2548
f 2549/2549/2549 2553/2553/2553 2550/2550/2550
f 2542/2542/2542 2553/2553/2553 2549/2549/2549
f 2554/2554/2554 2550/2550/2550 2553/2553/2553
f 2555/2555/2555 2551/2551/2551 2552/2552/2552
f 2551/2551/2551 2555/2555/2555 2542/2542/2542
f 2556/2556/2556 2555/2555/2555 2552/2552/2552
f 2555/2555/2555 2556/2556/2556 2554/2554/2554
f 2557/2557/2557 2554/2554/2554 2553/2553/2553
f 2542/2542/2542 2557/2557/2557 2553/2553/2553
f 2557/2557/2557 2555/2555/2555 2554/2554/2554
f 2542/2542/2542 2555/2555/2555 2557/2557/2557
f 2560/2560/2560 2559/2559/2559 2558/2558/2558
f 2560/2560/2560 2558/2558/2558 2561/2561/2561
f 2560/2560/2560 2562/2562/2562 2559/2559/2559
f 2560/2560/2560 2561/2561/2561 2563/2563/2563
f 2560/2560/2560 2564/2564/2564 2562/2562/2562
f 2560/2560/2560 2563/2563/2563 2565/2565/2565
f 2560/2560/2560 2566/2566/2566 2564/2564/2564
f 2560/2560/2560 2565/2565/2565 2567/2567/2567
f 2560/2560/2560 2568/2568/2568 2566/2566/2566
f 2560/2560/2560 2567/2567/2567 2569/2569/2569
f 2560/2560/2560 2570/2570/2570 2568/2568/2568
f 2560/2560/2560 2569/2569/2569 2571/2571/2571
f 2560/2560/2560 2572/2572/2572 2570/2570/2570
f 2560/2560/2560 2571/2571/2571 2573/2573/2573
f 2560/2560/2560 2574/2574/2574 2572/2572/2572
f 2560/2560/2560 2573/2573/2573 2575/2575/2575
f 2560/2560/2560 2576/2576/2576 2574/2574/2574
f 2560/2560/2560 2575/2575/2575 2577/2577/2577
f 2560/2560/2560 2578/2578/2578 2576/2576/2576
f 2560/2560/2560 2577/2577/2577 2579/2579/2579
f 2560/2560/2560 2580/2580/2580 2578/2578/2578
f 2560/2560/2560 2579/2579/2579 2581/2581/2581
f 2560/2560/2560 2581/2581/2581 2580/2580/2580
f 2584/2584/2584 2583/2583/2583 2582/2582/2582
f 2584/2584/2584 2582/2582/2582 2585/2585/2585
f 2583/2583/2583 2584/2584/2584 2586/2586/2586
f 2584/2584/2584 2585/2585/2585 2587/2587/2587
f 2586/2586/2586 2584/2584/2584 2588/2588/2588
f 2584/2584/2584 2587/2587/2587 2589/2589/2589
f 2584/2584/2584 2590/2590/2590 2588/2588/2588
f 2584/2584/2584 2589/2589/2589 2590/2590/2590
f 2593/2593/2593 2592/2592/2592 2591/2591/2591
f 2594/2594/2594 2591/2591/2591 2592/2592/2592
f 2595/2595/2595 2594/2594/2594 2592/2592/2592
f 2595/2595/2595 2596/2596/2596 2594/2594/2594
f 2597/2597/2597 2593/2593/2593 2591/2591/2591
f 2596/2596/2596 2598/2598/2598 2594/2594/2594
f 2598/2598/2598 2596/2596/2596 2599/2599/2599
f 2600/2600/2600 2598/2598/2598 2599/2599/2599
f 2599/2599/2599 2601/2601/2601 2600/2600/2600
f 2600/2600/2600 2601/2601/2601 2602/2602/2602
f 2603/2603/2603 2600/2600/2600 2602/2602/2602
f 2602/2602/2602 2604/2604/2604 2603/2603/2603
f 2605/2605/2605 2603/2603/2603 2604/2604/2604
f 2606/2606/2606 2605/2605/2605 2604/2604/2604
f 2605/2605/2605 2606/2606/2606 2607/2607/2607
f 2606/2606/2606 2608/2608/2608 2607/2607/2607
f 2607/2607/2607 2608/2608/2608 2609/2609/2609
f 2607/2607/2607 2609/2609/2609 2610/2610/2610
f 2610/2610/2610 2609/2609/2609 2611/2611/2611
f 2611/2611/2611 2612/2612/2612 2610/2610/2610
f 2612/2612/2612 2611/2611/2611 2613/2613/2613
f 2605/2605/2605 2607/2607/2607 2614/2614/2614
f 2615/2615/2615 2607/2607/2607 2610/2610/2610
f 2607/2607/2607 2615/2615/2615 2614/2614/2614
f 2610/2610/2610 2616/2616/2616 2615/2615/2615
f 2612/2612/2612 2616/2616/2616 2610/2610/2610
f 2616/2616/2616 2612/2612/2612 2617/2617/2617
f 2612/2612/2612 2613/2613/2613 2618/2618/2618
f 2618/2618/2618 2617/2617/2617 2612/2612/2612
f 2616/2616/2616 2619/2619/2619 2615/2615/2615
f 2615/2615/2615 2619/2619/2619 2614/2614/2614
f 2620/2620/2620 2605/2605/2605 2614/2614/2614
f 2603/2603/2603 2605/2605/2605 2620/2620/2620
f 2613/2613/2613 2621/2621/2621 2618/2618/2618
f 2613/2613/2613 2622/2622/2622 2621/2621/2621
f 2616/2616/2616 2623/2623/2623 2619/2619/2619
f 2623/2623/2623 2616/2616/2616 2617/2617/2617
f 2619/2619/2619 2624/2624/2624 2614/2614/2614
f 2623/2623/2623 2624/2624/2624 2619/2619/2619
f 2624/2624/2624 2620/2620/2620 2614/2614/2614
f 2623/2623/2623 2625/2625/2625 2624/2624/2624
f 2625/2625/2625 2623/2623/2623 2617/2617/2617
f 2625/2625/2625 2620/2620/2620 2624/2624/2624
f 2620/2620/2620 2625/2625/2625 2626/2626/2626
f 2626/2626/2626 2625/2625/2625 2617/2617/2617
f 2626/2626/2626 2617/2617/2617 2627/2627/2627
f 2618/2618/2618 2628/2628/2628 2617/2617/2617
f 2621/2621/2621 2628/2628/2628 2618/2618/2618
f 2617/2617/2617 2628/2628/2628 2627/2627/2627
f 2629/2629/2629 2603/2603/2603 2620/2620/2620
f 2629/2629/2629 2620/2620/2620 2626/2626/2626
f 2629/2629/2629 2630/2630/2630 2603/2603/2603
f 2630/2630/2630 2600/2600/2600 2603/2603/2603
f 2629/2629/2629 2626/2626/2626 2631/2631/2631
f 2631/2631/2631 2626/2626/2626 2627/2627/2627
f 2630/2630/2630 2629/2629/2629 2631/2631/2631
f 2631/2631/2631 2632/2632/2632 2630/2630/2630
f 2632/2632/2632 2631/2631/2631 2627/2627/2627
f 2600/2600/2600 2630/2630/2630 2633/2633/2633
f 2632/2632/2632 2633/2633/2633 2630/2630/2630
f 2600/2600/2600 2633/2633/2633 2634/2634/2634
f 2598/2598/2598 2600/2600/2600 2634/2634/2634
f 2633/2633/2633 2632/2632/2632 2635/2635/2635
f 2634/2634/2634 2633/2633/2633 2635/2635/2635
f 2598/2598/2598 2634/2634/2634 2636/2636/2636
f 2598/2598/2598 2636/2636/2636 2594/2594/2594
f 2635/2635/2635 2632/2632/2632 2637/2637/2637
f 2632/2632/2632 2627/2627/2627 2637/2637/2637
f 2634/2634/2634 2635/2635/2635 2638/2638/2638
f 2636/2636/2636 2634/2634/2634 2638/2638/2638
f 2638/2638/2638 2635/2635/2635 2637/2637/2637
f 2636/2636/2636 2638/2638/2638 2639/2639/2639
f 2638/2638/2638 2637/2637/2637 2639/2639/2639
f 2636/2636/2636 2640/2640/2640 2594/2594/2594
f 2640/2640/2640 2636/2636/2636 2639/2639/2639
f 2640/2640/2640 2641/2641/2641 2594/2594/2594
f 2641/2641/2641 2640/2640/2640 2639/2639/2639
f 2591/2591/2591 2594/2594/2594 2641/2641/2641
f 2642/2642/2642 2637/2637/2637 2627/2627/2627
f 2637/2637/2637 2643/2643/2643 2639/2639/2639
f 2637/2637/2637 2642/2642/2642 2643/2643/2643
f 2643/2643/2643 2644/2644/2644 2639/2639/2639
f 2645/2645/2645 2641/2641/2641 2639/2639/2639
f 2644/2644/2644 2645/2645/2645 2639/2639/2639
f 2641/2641/2641 2645/2645/2645 2646/2646/2646
f 2645/2645/2645 2644/2644/2644 2646/2646/2646
f 2647/2647/2647 2591/2591/2591 2641/2641/2641
f 2647/2647/2647 2641/2641/2641 2646/2646/2646
f 2647/2647/2647 2648/2648/2648 2591/2591/2591
f 2647/2647/2647 2646/2646/2646 2648/2648/2648
f 2597/2597/2597 2591/2591/2591 2648/2648/2648
f 2646/2646/2646 2649/2649/2649 2648/2648/2648
f 2644/2644/2644 2649/2649/2649 2646/2646/2646
f 2650/2650/2650 2597/2597/2597 2648/2648/2648
f 2650/2650/2650 2648/2648/2648 2649/2649/2649
f 2597/2597/2597 2650/2650/2650 2651/2651/2651
f 2652/2652/2652 2650/2650/2650 2649/2649/2649
f 2649/2649/2649 2644/2644/2644 2652/2652/2652
f 2650/2650/2650 2653/2653/2653 2651/2651/2651
f 2650/2650/2650 2652/2652/2652 2653/2653/2653
f 2654/2654/2654 2652/2652/2652 2644/2644/2644
f 2652/2652/2652 2654/2654/2654 2653/2653/2653
f 2651/2651/2651 2653/2653/2653 2655/2655/2655
f 2653/2653/2653 2654/2654/2654 2655/2655/2655
f 2656/2656/2656 2651/2651/2651 2655/2655/2655
f 2657/2657/2657 2654/2654/2654 2644/2644/2644
f 2654/2654/2654 2657/2657/2657 2655/2655/2655
f 2643/2643/2643 2657/2657/2657 2644/2644/2644
f 2658/2658/2658 2656/2656/2656 2655/2655/2655
f 2655/2655/2655 2657/2657/2657 2658/2658/2658
f 2643/2643/2643 2659/2659/2659 2657/2657/2657
f 2642/2642/2642 2659/2659/2659 2643/2643/2643
f 2656/2656/2656 2658/2658/2658 2660/2660/2660
f 2622/2622/2622 2656/2656/2656 2660/2660/2660
f 2657/2657/2657 2661/2661/2661 2658/2658/2658
f 2657/2657/2657 2659/2659/2659 2661/2661/2661
f 2658/2658/2658 2661/2661/2661 2660/2660/2660
f 2661/2661/2661 2659/2659/2659 2662/2662/2662
f 2661/2661/2661 2662/2662/2662 2660/2660/2660
f 2659/2659/2659 2642/2642/2642 2662/2662/2662
f 2622/2622/2622 2660/2660/2660 2663/2663/2663
f 2660/2660/2660 2662/2662/2662 2663/2663/2663
f 2622/2622/2622 2663/2663/2663 2621/2621/2621
f 2662/2662/2662 2642/2642/2642 2664/2664/2664
f 2662/2662/2662 2665/2665/2665 2663/2663/2663
f 2662/2662/2662 2664/2664/2664 2665/2665/2665
f 2666/2666/2666 2663/2663/2663 2665/2665/2665
f 2663/2663/2663 2666/2666/2666 2621/2621/2621
f 2666/2666/2666 2665/2665/2665 2664/2664/2664
f 2621/2621/2621 2666/2666/2666 2667/2667/2667
f 2666/2666/2666 2664/2664/2664 2667/2667/2667
f 2628/2628/2628 2621/2621/2621 2667/2667/2667
f 2642/2642/2642 2668/2668/2668 2664/2664/2664
f 2668/2668/2668 2667/2667/2667 2664/2664/2664
f 2668/2668/2668 2628/2628/2628 2667/2667/2667
f 2668/2668/2668 2642/2642/2642 2627/2627/2627
f 2628/2628/2628 2668/2668/2668 2627/2627/2627
f 2671/2671/2671 2670/2670/2670 2669/2669/2669
f 2672/2672/2672 2671/2671/2671 2669/2669/2669
f 2669/2669/2669 2670/2670/2670 2673/2673/2673
f 2670/2670/2670 2674/2674/2674 2673/2673/2673
f 2672/2672/2672 2669/2669/2669 2675/2675/2675
f 2676/2676/2676 2672/2672/2672 2675/2675/2675
f 2673/2673/2673 2674/2674/2674 2677/2677/2677
f 2674/2674/2674 2678/2678/2678 2677/2677/2677
f 2677/2677/2677 2678/2678/2678 2679/2679/2679
f 2669/2669/2669 2673/2673/2673 2680/2680/2680
f 2675/2675/2675 2669/2669/2669 2680/2680/2680
f 2676/2676/2676 2675/2675/2675 2681/2681/2681
f 2682/2682/2682 2676/2676/2676 2681/2681/2681
f 2683/2683/2683 2682/2682/2682 2681/2681/2681
f 2681/2681/2681 2675/2675/2675 2684/2684/2684
f 2675/2675/2675 2680/2680/2680 2684/2684/2684
f 2685/2685/2685 2683/2683/2683 2681/2681/2681
f 2685/2685/2685 2681/2681/2681 2684/2684/2684
f 2686/2686/2686 2683/2683/2683 2685/2685/2685
f 2687/2687/2687 2686/2686/2686 2685/2685/2685
f 2687/2687/2687 2685/2685/2685 2688/2688/2688
f 2688/2688/2688 2685/2685/2685 2684/2684/2684
f 2689/2689/2689 2687/2687/2687 2688/2688/2688
f 2680/2680/2680 2673/2673/2673 2690/2690/2690
f 2673/2673/2673 2677/2677/2677 2690/2690/2690
f 2684/2684/2684 2680/2680/2680 2691/2691/2691
f 2688/2688/2688 2684/2684/2684 2691/2691/2691
f 2680/2680/2680 2690/2690/2690 2691/2691/2691
f 2689/2689/2689 2688/2688/2688 2692/2692/2692
f 2692/2692/2692 2688/2688/2688 2691/2691/2691
f 2693/2693/2693 2689/2689/2689 2692/2692/2692
f 2693/2693/2693 2692/2692/2692 2694/2694/2694
f 2692/2692/2692 2691/2691/2691 2694/2694/2694
f 2695/2695/2695 2693/2693/2693 2694/2694/2694
f 2691/2691/2691 2690/2690/2690 2696/2696/2696
f 2691/2691/2691 2696/2696/2696 2694/2694/2694
f 2695/2695/2695 2694/2694/2694 2697/2697/2697
f 2694/2694/2694 2696/2696/2696 2697/2697/2697
f 2698/2698/2698 2695/2695/2695 2697/2697/2697
f 2690/2690/2690 2677/2677/2677 2699/2699/2699
f 2690/2690/2690 2699/2699/2699 2696/2696/2696
f 2697/2697/2697 2700/2700/2700 2698/2698/2698
f 2700/2700/2700 2701/2701/2701 2698/2698/2698
f 2701/2701/2701 2700/2700/2700 2702/2702/2702
f 2703/2703/2703 2701/2701/2701 2702/2702/2702
f 2703/2703/2703 2702/2702/2702 2704/2704/2704
f 2696/2696/2696 2705/2705/2705 2697/2697/2697
f 2705/2705/2705 2696/2696/2696 2699/2699/2699
f 2697/2697/2697 2705/2705/2705 2700/2700/2700
f 2677/2677/2677 2706/2706/2706 2699/2699/2699
f 2706/2706/2706 2677/2677/2677 2679/2679/2679
f 2679/2679/2679 2707/2707/2707 2706/2706/2706
f 2708/2708/2708 2699/2699/2699 2706/2706/2706
f 2708/2708/2708 2705/2705/2705 2699/2699/2699
f 2707/2707/2707 2709/2709/2709 2706/2706/2706
f 2709/2709/2709 2708/2708/2708 2706/2706/2706
f 2705/2705/2705 2708/2708/2708 2710/2710/2710
f 2710/2710/2710 2708/2708/2708 2709/2709/2709
f 2711/2711/2711 2709/2709/2709 2707/2707/2707
f 2711/2711/2711 2710/2710/2710 2709/2709/2709
f 2712/2712/2712 2711/2711/2711 2707/2707/2707
f 2711/2711/2711 2712/2712/2712 2713/2713/2713
f 2711/2711/2711 2713/2713/2713 2710/2710/2710
f 2712/2712/2712 2714/2714/2714 2713/2713/2713
f 2705/2705/2705 2715/2715/2715 2700/2700/2700
f 2715/2715/2715 2705/2705/2705 2710/2710/2710
f 2716/2716/2716 2713/2713/2713 2714/2714/2714
f 2717/2717/2717 2716/2716/2716 2714/2714/2714
f 2717/2717/2717 2718/2718/2718 2716/2716/2716
f 2713/2713/2713 2719/2719/2719 2710/2710/2710
f 2710/2710/2710 2719/2719/2719 2715/2715/2715
f 2713/2713/2713 2716/2716/2716 2719/2719/2719
f 2700/2700/2700 2715/2715/2715 2720/2720/2720
f 2719/2719/2719 2720/2720/2720 2715/2715/2715
f 2720/2720/2720 2702/2702/2702 2700/2700/2700
f 2718/2718/2718 2721/2721/2721 2716/2716/2716
f 2721/2721/2721 2718/2718/2718 2722/2722/2722
f 2716/2716/2716 2723/2723/2723 2719/2719/2719
f 2720/2720/2720 2719/2719/2719 2723/2723/2723
f 2716/2716/2716 2721/2721/2721 2723/2723/2723
f 2724/2724/2724 2720/2720/2720 2723/2723/2723
f 2702/2702/2702 2720/2720/2720 2724/2724/2724
f 2721/2721/2721 2725/2725/2725 2723/2723/2723
f 2723/2723/2723 2725/2725/2725 2724/2724/2724
f 2726/2726/2726 2721/2721/2721 2722/2722/2722
f 2725/2725/2725 2721/2721/2721 2726/2726/2726
f 2726/2726/2726 2722/2722/2722 2727/2727/2727
f 2722/2722/2722 2728/2728/2728 2727/2727/2727
f 2728/2728/2728 2729/2729/2729 2727/2727/2727
f 2730/2730/2730 2725/2725/2725 2726/2726/2726
f 2726/2726/2726 2727/2727/2727 2730/2730/2730
f 2729/2729/2729 2731/2731/2731 2727/2727/2727
f 2729/2729/2729 2732/2732/2732 2731/2731/2731
f 2727/2727/2727 2733/2733/2733 2730/2730/2730
f 2733/2733/2733 2727/2727/2727 2731/2731/2731
f 2725/2725/2725 2730/2730/2730 2734/2734/2734
f 2725/2725/2725 2735/2735/2735 2724/2724/2724
f 2735/2735/2735 2725/2725/2725 2734/2734/2734
f 2736/2736/2736 2730/2730/2730 2733/2733/2733
f 2730/2730/2730 2736/2736/2736 2734/2734/2734
f 2732/2732/2732 2737/2737/2737 2731/2731/2731
f 2738/2738/2738 2733/2733/2733 2731/2731/2731
f 2731/2731/2731 2737/2737/2737 2738/2738/2738
f 2739/2739/2739 2737/2737/2737 2732/2732/2732
f 2740/2740/2740 2739/2739/2739 2732/2732/2732
f 2737/2737/2737 2741/2741/2741 2738/2738/2738
f 2741/2741/2741 2737/2737/2737 2739/2739/2739
f 2738/2738/2738 2742/2742/2742 2733/2733/2733
f 2742/2742/2742 2738/2738/2738 2741/2741/2741
f 2733/2733/2733 2743/2743/2743 2736/2736/2736
f 2742/2742/2742 2743/2743/2743 2733/2733/2733
f 2744/2744/2744 2739/2739/2739 2740/2740/2740
f 2745/2745/2745 2744/2744/2744 2740/2740/2740
f 2744/2744/2744 2745/2745/2745 2746/2746/2746
f 2746/2746/2746 2747/2747/2747 2744/2744/2744
f 2745/2745/2745 2748/2748/2748 2746/2746/2746
f 2746/2746/2746 2748/2748/2748 2749/2749/2749
f 2746/2746/2746 2749/2749/2749 2747/2747/2747
f 2749/2749/2749 2750/2750/2750 2747/2747/2747
f 2748/2748/2748 2751/2751/2751 2749/2749/2749
f 2751/2751/2751 2752/2752/2752 2749/2749/2749
f 2744/2744/2744 2753/2753/2753 2739/2739/2739
f 2747/2747/2747 2753/2753/2753 2744/2744/2744
f 2752/2752/2752 2754/2754/2754 2749/2749/2749
f 2749/2749/2749 2754/2754/2754 2750/2750/2750
f 2755/2755/2755 2754/2754/2754 2752/2752/2752
f 2754/2754/2754 2755/2755/2755 2750/2750/2750
f 2756/2756/2756 2755/2755/2755 2752/2752/2752
f 2755/2755/2755 2756/2756/2756 2757/2757/2757
f 2750/2750/2750 2755/2755/2755 2757/2757/2757
f 2756/2756/2756 2758/2758/2758 2757/2757/2757
f 2757/2757/2757 2758/2758/2758 2759/2759/2759
f 2757/2757/2757 2759/2759/2759 2750/2750/2750
f 2758/2758/2758 2760/2760/2760 2759/2759/2759
f 2759/2759/2759 2760/2760/2760 2761/2761/2761
f 2759/2759/2759 2761/2761/2761 2750/2750/2750
f 2760/2760/2760 2762/2762/2762 2761/2761/2761
f 2761/2761/2761 2763/2763/2763 2750/2750/2750
f 2763/2763/2763 2761/2761/2761 2762/2762/2762
f 2747/2747/2747 2750/2750/2750 2763/2763/2763
f 2764/2764/2764 2763/2763/2763 2762/2762/2762
f 2765/2765/2765 2763/2763/2763 2764/2764/2764
f 2765/2765/2765 2747/2747/2747 2763/2763/2763
f 2766/2766/2766 2765/2765/2765 2764/2764/2764
f 2765/2765/2765 2766/2766/2766 2767/2767/2767
f 2747/2747/2747 2765/2765/2765 2768/2768/2768
f 2768/2768/2768 2765/2765/2765 2767/2767/2767
f 2753/2753/2753 2747/2747/2747 2768/2768/2768
f 2768/2768/2768 2767/2767/2767 2769/2769/2769
f 2753/2753/2753 2768/2768/2768 2769/2769/2769
f 2767/2767/2767 2770/2770/2770 2769/2769/2769
f 2771/2771/2771 2753/2753/2753 2769/2769/2769
f 2753/2753/2753 2771/2771/2771 2739/2739/2739
f 2771/2771/2771 2741/2741/2741 2739/2739/2739
f 2771/2771/2771 2769/2769/2769 2741/2741/2741
f 2772/2772/2772 2769/2769/2769 2770/2770/2770
f 2769/2769/2769 2772/2772/2772 2741/2741/2741
f 2773/2773/2773 2772/2772/2772 2770/2770/2770
f 2772/2772/2772 2773/2773/2773 2774/2774/2774
f 2772/2772/2772 2742/2742/2742 2741/2741/2741
f 2742/2742/2742 2772/2772/2772 2774/2774/2774
f 2742/2742/2742 2774/2774/2774 2775/2775/2775
f 2743/2743/2743 2742/2742/2742 2775/2775/2775
f 2743/2743/2743 2775/2775/2775 2776/2776/2776
f 2777/2777/2777 2743/2743/2743 2776/2776/2776
f 2778/2778/2778 2777/2777/2777 2776/2776/2776
f 2743/2743/2743 2777/2777/2777 2736/2736/2736
f 2779/2779/2779 2777/2777/2777 2778/2778/2778
f 2736/2736/2736 2777/2777/2777 2779/2779/2779
f 2780/2780/2780 2779/2779/2779 2778/2778/2778
f 2778/2778/2778 2781/2781/2781 2780/2780/2780
f 2779/2779/2779 2782/2782/2782 2736/2736/2736
f 2736/2736/2736 2782/2782/2782 2734/2734/2734
f 2782/2782/2782 2783/2783/2783 2734/2734/2734
f 2783/2783/2783 2782/2782/2782 2784/2784/2784
f 2779/2779/2779 2785/2785/2785 2782/2782/2782
f 2780/2780/2780 2785/2785/2785 2779/2779/2779
f 2785/2785/2785 2784/2784/2784 2782/2782/2782
f 2781/2781/2781 2786/2786/2786 2780/2780/2780
f 2785/2785/2785 2780/2780/2780 2786/2786/2786
f 2786/2786/2786 2781/2781/2781 2787/2787/2787
f 2788/2788/2788 2785/2785/2785 2786/2786/2786
f 2784/2784/2784 2785/2785/2785 2788/2788/2788
f 2789/2789/2789 2786/2786/2786 2787/2787/2787
f 2786/2786/2786 2789/2789/2789 2788/2788/2788
f 2789/2789/2789 2787/2787/2787 2790/2790/2790
f 2791/2791/2791 2789/2789/2789 2790/2790/2790
f 2790/2790/2790 2792/2792/2792 2791/2791/2791
f 2789/2789/2789 2793/2793/2793 2788/2788/2788
f 2793/2793/2793 2789/2789/2789 2791/2791/2791
f 2783/2783/2783 2794/2794/2794 2734/2734/2734
f 2734/2734/2734 2794/2794/2794 2735/2735/2735
f 2795/2795/2795 2784/2784/2784 2788/2788/2788
f 2795/2795/2795 2788/2788/2788 2793/2793/2793
f 2794/2794/2794 2796/2796/2796 2735/2735/2735
f 2796/2796/2796 2794/2794/2794 2797/2797/2797
f 2735/2735/2735 2796/2796/2796 2724/2724/2724
f 2796/2796/2796 2798/2798/2798 2724/2724/2724
f 2798/2798/2798 2702/2702/2702 2724/2724/2724
f 2798/2798/2798 2796/2796/2796 2799/2799/2799
f 2799/2799/2799 2796/2796/2796 2797/2797/2797
f 2800/2800/2800 2702/2702/2702 2798/2798/2798
f 2800/2800/2800 2798/2798/2798 2799/2799/2799
f 2702/2702/2702 2800/2800/2800 2704/2704/2704
f 2801/2801/2801 2704/2704/2704 2800/2800/2800
f 2799/2799/2799 2801/2801/2801 2800/2800/2800
f 2801/2801/2801 2799/2799/2799 2797/2797/2797
f 2802/2802/2802 2801/2801/2801 2797/2797/2797
f 2803/2803/2803 2802/2802/2802 2797/2797/2797
f 2797/2797/2797 2794/2794/2794 2804/2804/2804
f 2794/2794/2794 2783/2783/2783 2804/2804/2804
f 2804/2804/2804 2783/2783/2783 2805/2805/2805
f 2806/2806/2806 2804/2804/2804 2805/2805/2805
f 2797/2797/2797 2804/2804/2804 2806/2806/2806
f 2806/2806/2806 2803/2803/2803 2797/2797/2797
f 2803/2803/2803 2806/2806/2806 2807/2807/2807
f 2807/2807/2807 2806/2806/2806 2808/2808/2808
f 2809/2809/2809 2807/2807/2807 2808/2808/2808
f 2809/2809/2809 2808/2808/2808 2810/2810/2810
f 2806/2806/2806 2811/2811/2811 2808/2808/2808
f 2811/2811/2811 2806/2806/2806 2805/2805/2805
f 2808/2808/2808 2812/2812/2812 2810/2810/2810
f 2812/2812/2812 2808/2808/2808 2811/2811/2811
f 2811/2811/2811 2805/2805/2805 2813/2813/2813
f 2813/2813/2813 2812/2812/2812 2811/2811/2811
f 2810/2810/2810 2812/2812/2812 2814/2814/2814
f 2815/2815/2815 2810/2810/2810 2814/2814/2814
f 2812/2812/2812 2813/2813/2813 2816/2816/2816
f 2814/2814/2814 2812/2812/2812 2816/2816/2816
f 2815/2815/2815 2814/2814/2814 2817/2817/2817
f 2814/2814/2814 2816/2816/2816 2817/2817/2817
f 2818/2818/2818 2815/2815/2815 2817/2817/2817
f 2817/2817/2817 2819/2819/2819 2818/2818/2818
f 2819/2819/2819 2820/2820/2820 2818/2818/2818
f 2805/2805/2805 2821/2821/2821 2813/2813/2813
f 2816/2816/2816 2813/2813/2813 2821/2821/2821
f 2816/2816/2816 2822/2822/2822 2817/2817/2817
f 2817/2817/2817 2822/2822/2822 2819/2819/2819
f 2820/2820/2820 2819/2819/2819 2823/2823/2823
f 2824/2824/2824 2820/2820/2820 2823/2823/2823
f 2825/2825/2825 2824/2824/2824 2823/2823/2823
f 2826/2826/2826 2816/2816/2816 2821/2821/2821
f 2816/2816/2816 2826/2826/2826 2822/2822/2822
f 2822/2822/2822 2827/2827/2827 2819/2819/2819
f 2823/2823/2823 2819/2819/2819 2828/2828/2828
f 2819/2819/2819 2827/2827/2827 2828/2828/2828
f 2822/2822/2822 2829/2829/2829 2827/2827/2827
f 2826/2826/2826 2829/2829/2829 2822/2822/2822
f 2829/2829/2829 2830/2830/2830 2827/2827/2827
f 2828/2828/2828 2827/2827/2827 2830/2830/2830
f 2831/2831/2831 2829/2829/2829 2826/2826/2826
f 2829/2829/2829 2831/2831/2831 2830/2830/2830
f 2832/2832/2832 2831/2831/2831 2826/2826/2826
f 2832/2832/2832 2826/2826/2826 2833/2833/2833
f 2826/2826/2826 2821/2821/2821 2833/2833/2833
f 2831/2831/2831 2834/2834/2834 2830/2830/2830
f 2835/2835/2835 2833/2833/2833 2821/2821/2821
f 2836/2836/2836 2830/2830/2830 2834/2834/2834
f 2836/2836/2836 2828/2828/2828 2830/2830/2830
f 2837/2837/2837 2836/2836/2836 2834/2834/2834
f 2837/2837/2837 2838/2838/2838 2836/2836/2836
f 2839/2839/2839 2835/2835/2835 2821/2821/2821
f 2805/2805/2805 2839/2839/2839 2821/2821/2821
f 2840/2840/2840 2828/2828/2828 2836/2836/2836
f 2828/2828/2828 2840/2840/2840 2823/2823/2823
f 2838/2838/2838 2841/2841/2841 2836/2836/2836
f 2841/2841/2841 2840/2840/2840 2836/2836/2836
f 2838/2838/2838 2842/2842/2842 2841/2841/2841
f 2839/2839/2839 2843/2843/2843 2835/2835/2835
f 2843/2843/2843 2844/2844/2844 2835/2835/2835
f 2845/2845/2845 2839/2839/2839 2805/2805/2805
f 2843/2843/2843 2839/2839/2839 2845/2845/2845
f 2840/2840/2840 2846/2846/2846 2823/2823/2823
f 2846/2846/2846 2825/2825/2825 2823/2823/2823
f 2840/2840/2840 2841/2841/2841 2847/2847/2847
f 2846/2846/2846 2840/2840/2840 2847/2847/2847
f 2825/2825/2825 2846/2846/2846 2848/2848/2848
f 2848/2848/2848 2846/2846/2846 2847/2847/2847
f 2849/2849/2849 2825/2825/2825 2848/2848/2848
f 2842/2842/2842 2850/2850/2850 2841/2841/2841
f 2841/2841/2841 2850/2850/2850 2847/2847/2847
f 2843/2843/2843 2851/2851/2851 2844/2844/2844
f 2851/2851/2851 2852/2852/2852 2844/2844/2844
f 2848/2848/2848 2853/2853/2853 2849/2849/2849
f 2853/2853/2853 2854/2854/2854 2849/2849/2849
f 2848/2848/2848 2847/2847/2847 2855/2855/2855
f 2855/2855/2855 2847/2847/2847 2850/2850/2850
f 2853/2853/2853 2848/2848/2848 2855/2855/2855
f 2855/2855/2855 2856/2856/2856 2853/2853/2853
f 2856/2856/2856 2857/2857/2857 2853/2853/2853
f 2853/2853/2853 2857/2857/2857 2854/2854/2854
f 2857/2857/2857 2858/2858/2858 2854/2854/2854
f 2859/2859/2859 2850/2850/2850 2842/2842/2842
f 2859/2859/2859 2855/2855/2855 2850/2850/2850
f 2860/2860/2860 2859/2859/2859 2842/2842/2842
f 2858/2858/2858 2857/2857/2857 2861/2861/2861
f 2861/2861/2861 2857/2857/2857 2856/2856/2856
f 2862/2862/2862 2858/2858/2858 2861/2861/2861
f 2855/2855/2855 2859/2859/2859 2863/2863/2863
f 2859/2859/2859 2860/2860/2860 2863/2863/2863
f 2856/2856/2856 2855/2855/2855 2863/2863/2863
f 2860/2860/2860 2864/2864/2864 2863/2863/2863
f 2862/2862/2862 2861/2861/2861 2865/2865/2865
f 2865/2865/2865 2861/2861/2861 2856/2856/2856
f 2866/2866/2866 2862/2862/2862 2865/2865/2865
f 2866/2866/2866 2865/2865/2865 2867/2867/2867
f 2868/2868/2868 2863/2863/2863 2864/2864/2864
f 2868/2868/2868 2856/2856/2856 2863/2863/2863
f 2869/2869/2869 2868/2868/2868 2864/2864/2864
f 2868/2868/2868 2869/2869/2869 2870/2870/2870
f 2865/2865/2865 2871/2871/2871 2867/2867/2867
f 2871/2871/2871 2865/2865/2865 2856/2856/2856
f 2870/2870/2870 2867/2867/2867 2871/2871/2871
f 2872/2872/2872 2868/2868/2868 2870/2870/2870
f 2872/2872/2872 2856/2856/2856 2868/2868/2868
f 2872/2872/2872 2870/2870/2870 2871/2871/2871
f 2871/2871/2871 2856/2856/2856 2872/2872/2872
f 2852/2852/2852 2851/2851/2851 2873/2873/2873
f 2874/2874/2874 2852/2852/2852 2873/2873/2873
f 2874/2874/2874 2873/2873/2873 2875/2875/2875
f 2876/2876/2876 2874/2874/2874 2875/2875/2875
f 2876/2876/2876 2875/2875/2875 2877/2877/2877
f 2873/2873/2873 2851/2851/2851 2878/2878/2878
f 2873/2873/2873 2879/2879/2879 2875/2875/2875
f 2879/2879/2879 2873/2873/2873 2878/2878/2878
f 2878/2878/2878 2851/2851/2851 2880/2880/2880
f 2851/2851/2851 2843/2843/2843 2880/2880/2880
f 2880/2880/2880 2843/2843/2843 2845/2845/2845
f 2878/2878/2878 2880/2880/2880 2881/2881/2881
f 2878/2878/2878 2882/2882/2882 2879/2879/2879
f 2882/2882/2882 2878/2878/2878 2881/2881/2881
f 2880/2880/2880 2845/2845/2845 2883/2883/2883
f 2881/2881/2881 2880/2880/2880 2883/2883/2883
f 2882/2882/2882 2884/2884/2884 2879/2879/2879
f 2879/2879/2879 2885/2885/2885 2875/2875/2875
f 2885/2885/2885 2879/2879/2879 2884/2884/2884
f 2886/2886/2886 2882/2882/2882 2881/2881/2881
f 2884/2884/2884 2882/2882/2882 2886/2886/2886
f 2887/2887/2887 2886/2886/2886 2881/2881/2881
f 2888/2888/2888 2887/2887/2887 2881/2881/2881
f 2883/2883/2883 2888/2888/2888 2881/2881/2881
f 2883/2883/2883 2889/2889/2889 2888/2888/2888
f 2890/2890/2890 2884/2884/2884 2886/2886/2886
f 2889/2889/2889 2891/2891/2891 2888/2888/2888
f 2884/2884/2884 2890/2890/2890 2892/2892/2892
f 2892/2892/2892 2885/2885/2885 2884/2884/2884
f 2890/2890/2890 2893/2893/2893 2892/2892/2892
f 2893/2893/2893 2894/2894/2894 2892/2892/2892
f 2875/2875/2875 2885/2885/2885 2895/2895/2895
f 2885/2885/2885 2892/2892/2892 2895/2895/2895
f 2894/2894/2894 2896/2896/2896 2892/2892/2892
f 2892/2892/2892 2896/2896/2896 2895/2895/2895
f 2896/2896/2896 2894/2894/2894 2897/2897/2897
f 2889/2889/2889 2883/2883/2883 2898/2898/2898
f 2883/2883/2883 2845/2845/2845 2898/2898/2898
f 2889/2889/2889 2899/2899/2899 2891/2891/2891
f 2900/2900/2900 2899/2899/2899 2889/2889/2889
f 2899/2899/2899 2901/2901/2901 2891/2891/2891
f 2901/2901/2901 2899/2899/2899 2902/2902/2902
f 2902/2902/2902 2899/2899/2899 2900/2900/2900
f 2903/2903/2903 2901/2901/2901 2902/2902/2902
f 2845/2845/2845 2904/2904/2904 2898/2898/2898
f 2904/2904/2904 2845/2845/2845 2805/2805/2805
f 2783/2783/2783 2904/2904/2904 2805/2805/2805
f 2783/2783/2783 2898/2898/2898 2904/2904/2904
f 2783/2783/2783 2905/2905/2905 2898/2898/2898
f 2889/2889/2889 2898/2898/2898 2905/2905/2905
f 2905/2905/2905 2783/2783/2783 2784/2784/2784
f 2906/2906/2906 2889/2889/2889 2905/2905/2905
f 2906/2906/2906 2905/2905/2905 2784/2784/2784
f 2906/2906/2906 2900/2900/2900 2889/2889/2889
f 2907/2907/2907 2906/2906/2906 2784/2784/2784
f 2900/2900/2900 2906/2906/2906 2907/2907/2907
f 2795/2795/2795 2907/2907/2907 2784/2784/2784
f 2902/2902/2902 2908/2908/2908 2903/2903/2903
f 2908/2908/2908 2909/2909/2909 2903/2903/2903
f 2909/2909/2909 2908/2908/2908 2910/2910/2910
f 2911/2911/2911 2909/2909/2909 2910/2910/2910
f 2911/2911/2911 2910/2910/2910 2912/2912/2912
f 2908/2908/2908 2902/2902/2902 2913/2913/2913
f 2914/2914/2914 2902/2902/2902 2900/2900/2900
f 2902/2902/2902 2914/2914/2914 2913/2913/2913
f 2908/2908/2908 2913/2913/2913 2915/2915/2915
f 2910/2910/2910 2908/2908/2908 2915/2915/2915
f 2913/2913/2913 2914/2914/2914 2916/2916/2916
f 2915/2915/2915 2913/2913/2913 2916/2916/2916
f 2914/2914/2914 2900/2900/2900 2917/2917/2917
f 2914/2914/2914 2917/2917/2917 2916/2916/2916
f 2918/2918/2918 2900/2900/2900 2907/2907/2907
f 2900/2900/2900 2918/2918/2918 2917/2917/2917
f 2907/2907/2907 2795/2795/2795 2919/2919/2919
f 2918/2918/2918 2907/2907/2907 2919/2919/2919
f 2920/2920/2920 2918/2918/2918 2919/2919/2919
f 2918/2918/2918 2920/2920/2920 2921/2921/2921
f 2917/2917/2917 2918/2918/2918 2921/2921/2921
f 2917/2917/2917 2921/2921/2921 2916/2916/2916
f 2795/2795/2795 2922/2922/2922 2919/2919/2919
f 2921/2921/2921 2923/2923/2923 2916/2916/2916
f 2922/2922/2922 2795/2795/2795 2924/2924/2924
f 2925/2925/2925 2922/2922/2922 2924/2924/2924
f 2924/2924/2924 2795/2795/2795 2793/2793/2793
f 2916/2916/2916 2923/2923/2923 2926/2926/2926
f 2923/2923/2923 2927/2927/2927 2926/2926/2926
f 2926/2926/2926 2915/2915/2915 2916/2916/2916
f 2926/2926/2926 2927/2927/2927 2928/2928/2928
f 2924/2924/2924 2929/2929/2929 2925/2925/2925
f 2929/2929/2929 2930/2930/2930 2925/2925/2925
f 2924/2924/2924 2793/2793/2793 2931/2931/2931
f 2929/2929/2929 2924/2924/2924 2931/2931/2931
f 2931/2931/2931 2793/2793/2793 2791/2791/2791
f 2930/2930/2930 2929/2929/2929 2932/2932/2932
f 2929/2929/2929 2931/2931/2931 2932/2932/2932
f 2933/2933/2933 2930/2930/2930 2932/2932/2932
f 2915/2915/2915 2926/2926/2926 2934/2934/2934
f 2910/2910/2910 2915/2915/2915 2934/2934/2934
f 2935/2935/2935 2926/2926/2926 2928/2928/2928
f 2926/2926/2926 2935/2935/2935 2934/2934/2934
f 2928/2928/2928 2936/2936/2936 2935/2935/2935
f 2791/2791/2791 2937/2937/2937 2931/2931/2931
f 2792/2792/2792 2937/2937/2937 2791/2791/2791
f 2937/2937/2937 2792/2792/2792 2938/2938/2938
f 2792/2792/2792 2939/2939/2939 2938/2938/2938
f 2939/2939/2939 2940/2940/2940 2938/2938/2938
f 2937/2937/2937 2941/2941/2941 2931/2931/2931
f 2941/2941/2941 2937/2937/2937 2938/2938/2938
f 2931/2931/2931 2941/2941/2941 2932/2932/2932
f 2936/2936/2936 2942/2942/2942 2935/2935/2935
f 2934/2934/2934 2935/2935/2935 2942/2942/2942
f 2943/2943/2943 2910/2910/2910 2934/2934/2934
f 2910/2910/2910 2943/2943/2943 2912/2912/2912
f 2941/2941/2941 2944/2944/2944 2932/2932/2932
f 2944/2944/2944 2941/2941/2941 2938/2938/2938
f 2940/2940/2940 2945/2945/2945 2938/2938/2938
f 2940/2940/2940 2946/2946/2946 2945/2945/2945
f 2934/2934/2934 2947/2947/2947 2943/2943/2943
f 2947/2947/2947 2934/2934/2934 2942/2942/2942
f 2912/2912/2912 2943/2943/2943 2948/2948/2948
f 2947/2947/2947 2948/2948/2948 2943/2943/2943
f 2949/2949/2949 2912/2912/2912 2948/2948/2948
f 2938/2938/2938 2945/2945/2945 2950/2950/2950
f 2944/2944/2944 2938/2938/2938 2950/2950/2950
f 2944/2944/2944 2950/2950/2950 2951/2951/2951
f 2944/2944/2944 2952/2952/2952 2932/2932/2932
f 2952/2952/2952 2944/2944/2944 2951/2951/2951
f 2932/2932/2932 2952/2952/2952 2933/2933/2933
f 2952/2952/2952 2953/2953/2953 2933/2933/2933
f 2952/2952/2952 2951/2951/2951 2953/2953/2953
f 2951/2951/2951 2954/2954/2954 2953/2953/2953
f 2954/2954/2954 2951/2951/2951 2955/2955/2955
f 2948/2948/2948 2947/2947/2947 2956/2956/2956
f 2947/2947/2947 2942/2942/2942 2956/2956/2956
f 2949/2949/2949 2948/2948/2948 2957/2957/2957
f 2957/2957/2957 2948/2948/2948 2956/2956/2956
f 2957/2957/2957 2956/2956/2956 2958/2958/2958
f 2959/2959/2959 2949/2949/2949 2957/2957/2957
f 2942/2942/2942 2960/2960/2960 2956/2956/2956
f 2958/2958/2958 2956/2956/2956 2960/2960/2960
f 2942/2942/2942 2936/2936/2936 2960/2960/2960
f 2936/2936/2936 2961/2961/2961 2960/2960/2960
f 2959/2959/2959 2957/2957/2957 2962/2962/2962
f 2962/2962/2962 2957/2957/2957 2958/2958/2958
f 2963/2963/2963 2959/2959/2959 2962/2962/2962
f 2964/2964/2964 2960/2960/2960 2961/2961/2961
f 2964/2964/2964 2958/2958/2958 2960/2960/2960
f 2965/2965/2965 2964/2964/2964 2961/2961/2961
f 2963/2963/2963 2962/2962/2962 2966/2966/2966
f 2966/2966/2966 2962/2962/2962 2958/2958/2958
f 2967/2967/2967 2966/2966/2966 2958/2958/2958
f 2968/2968/2968 2963/2963/2963 2966/2966/2966
f 2958/2958/2958 2964/2964/2964 2969/2969/2969
f 2964/2964/2964 2965/2965/2965 2969/2969/2969
f 2967/2967/2967 2958/2958/2958 2969/2969/2969
f 2965/2965/2965 2970/2970/2970 2969/2969/2969
f 2968/2968/2968 2966/2966/2966 2971/2971/2971
f 2971/2971/2971 2966/2966/2966 2967/2967/2967
f 2972/2972/2972 2968/2968/2968 2971/2971/2971
f 2973/2973/2973 2969/2969/2969 2970/2970/2970
f 2973/2973/2973 2967/2967/2967 2969/2969/2969
f 2974/2974/2974 2973/2973/2973 2970/2970/2970
f 2974/2974/2974 2975/2975/2975 2973/2973/2973
f 2972/2972/2972 2971/2971/2971 2976/2976/2976
f 2976/2976/2976 2971/2971/2971 2967/2967/2967
f 2977/2977/2977 2972/2972/2972 2976/2976/2976
f 2978/2978/2978 2977/2977/2977 2976/2976/2976
f 2979/2979/2979 2978/2978/2978 2976/2976/2976
f 2978/2978/2978 2979/2979/2979 2975/2975/2975
f 2979/2979/2979 2976/2976/2976 2967/2967/2967
f 2975/2975/2975 2980/2980/2980 2973/2973/2973
f 2980/2980/2980 2967/2967/2967 2973/2973/2973
f 2979/2979/2979 2980/2980/2980 2975/2975/2975
f 2979/2979/2979 2967/2967/2967 2980/2980/2980
f 2946/2946/2946 2981/2981/2981 2945/2945/2945
f 2950/2950/2950 2945/2945/2945 2981/2981/2981
f 2981/2981/2981 2946/2946/2946 2982/2982/2982
f 2946/2946/2946 2983/2983/2983 2982/2982/2982
f 2984/2984/2984 2950/2950/2950 2981/2981/2981
f 2950/2950/2950 2984/2984/2984 2951/2951/2951
f 2982/2982/2982 2985/2985/2985 2981/2981/2981
f 2985/2985/2985 2984/2984/2984 2981/2981/2981
f 2982/2982/2982 2983/2983/2983 2986/2986/2986
f 2983/2983/2983 2987/2987/2987 2986/2986/2986
f 2984/2984/2984 2988/2988/2988 2951/2951/2951
f 2951/2951/2951 2988/2988/2988 2955/2955/2955
f 2988/2988/2988 2984/2984/2984 2989/2989/2989
f 2988/2988/2988 2989/2989/2989 2955/2955/2955
f 2984/2984/2984 2985/2985/2985 2989/2989/2989
f 2989/2989/2989 2990/2990/2990 2955/2955/2955
f 2985/2985/2985 2982/2982/2982 2991/2991/2991
f 2985/2985/2985 2991/2991/2991 2989/2989/2989
f 2982/2982/2982 2986/2986/2986 2991/2991/2991
f 2991/2991/2991 2986/2986/2986 2992/2992/2992
f 2986/2986/2986 2993/2993/2993 2992/2992/2992
f 2993/2993/2993 2986/2986/2986 2987/2987/2987
f 2994/2994/2994 2993/2993/2993 2987/2987/2987
f 2990/2990/2990 2989/2989/2989 2995/2995/2995
f 2991/2991/2991 2995/2995/2995 2989/2989/2989
f 2996/2996/2996 2990/2990/2990 2995/2995/2995
f 2996/2996/2996 2995/2995/2995 2997/2997/2997
f 2998/2998/2998 2993/2993/2993 2994/2994/2994
f 2992/2992/2992 2993/2993/2993 2998/2998/2998
f 2999/2999/2999 2998/2998/2998 2994/2994/2994
f 2999/2999/2999 3000/3000/3000 2998/2998/2998
f 3001/3001/3001 2995/2995/2995 2991/2991/2991
f 2995/2995/2995 3001/3001/3001 2997/2997/2997
f 2992/2992/2992 3001/3001/3001 2991/2991/2991
f 3002/3002/3002 2997/2997/2997 3001/3001/3001
f 3000/3000/3000 3003/3003/3003 2998/2998/2998
f 3003/3003/3003 2992/2992/2992 2998/2998/2998
f 3003/3003/3003 3000/3000/3000 3004/3004/3004
f 3005/3005/3005 3002/3002/3002 3001/3001/3001
f 3001/3001/3001 2992/2992/2992 3005/3005/3005
f 3006/3006/3006 3002/3002/3002 3005/3005/3005
f 3007/3007/3007 3003/3003/3003 3004/3004/3004
f 3007/3007/3007 2992/2992/2992 3003/3003/3003
f 3004/3004/3004 3006/3006/3006 3007/3007/3007
f 2992/2992/2992 3008/3008/3008 3005/3005/3005
f 3007/3007/3007 3008/3008/3008 2992/2992/2992
f 3008/3008/3008 3006/3006/3006 3005/3005/3005
f 3006/3006/3006 3008/3008/3008 3007/3007/3007
f 2875/2875/2875 3009/3009/3009 2877/2877/2877
f 3009/3009/3009 2875/2875/2875 2895/2895/2895
f 3009/3009/3009 3010/3010/3010 2877/2877/2877
f 3009/3009/3009 2895/2895/2895 3010/3010/3010
f 3010/3010/3010 3011/3011/3011 2877/2877/2877
f 2895/2895/2895 3012/3012/3012 3010/3010/3010
f 3010/3010/3010 3012/3012/3012 3013/3013/3013
f 2895/2895/2895 2896/2896/2896 3012/3012/3012
f 3010/3010/3010 3014/3014/3014 3011/3011/3011
f 3014/3014/3014 3010/3010/3010 3013/3013/3013
f 3014/3014/3014 3015/3015/3015 3011/3011/3011
f 2896/2896/2896 3016/3016/3016 3012/3012/3012
f 3012/3012/3012 3016/3016/3016 3013/3013/3013
f 3016/3016/3016 2896/2896/2896 2897/2897/2897
f 3014/3014/3014 3017/3017/3017 3015/3015/3015
f 3017/3017/3017 3014/3014/3014 3013/3013/3013
f 3018/3018/3018 3017/3017/3017 3013/3013/3013
f 3017/3017/3017 3019/3019/3019 3015/3015/3015
f 3016/3016/3016 2897/2897/2897 3020/3020/3020
f 3016/3016/3016 3020/3020/3020 3013/3013/3013
f 2897/2897/2897 3021/3021/3021 3020/3020/3020
f 3020/3020/3020 3021/3021/3021 3022/3022/3022
f 3019/3019/3019 3017/3017/3017 3023/3023/3023
f 3023/3023/3023 3017/3017/3017 3018/3018/3018
f 3024/3024/3024 3019/3019/3019 3023/3023/3023
f 3020/3020/3020 3025/3025/3025 3013/3013/3013
f 3025/3025/3025 3020/3020/3020 3022/3022/3022
f 3025/3025/3025 3018/3018/3018 3013/3013/3013
f 3025/3025/3025 3022/3022/3022 3026/3026/3026
f 3023/3023/3023 3027/3027/3027 3024/3024/3024
f 3027/3027/3027 3023/3023/3023 3018/3018/3018
f 3027/3027/3027 3028/3028/3028 3024/3024/3024
f 3029/3029/3029 3025/3025/3025 3026/3026/3026
f 3029/3029/3029 3018/3018/3018 3025/3025/3025
f 3026/3026/3026 3030/3030/3030 3029/3029/3029
f 3027/3027/3027 3031/3031/3031 3028/3028/3028
f 3031/3031/3031 3027/3027/3027 3018/3018/3018
f 3031/3031/3031 3032/3032/3032 3028/3028/3028
f 3032/3032/3032 3031/3031/3031 3030/3030/3030
f 3030/3030/3030 3033/3033/3033 3029/3029/3029
f 3033/3033/3033 3018/3018/3018 3029/3029/3029
f 3031/3031/3031 3033/3033/3033 3030/3030/3030
f 3031/3031/3031 3018/3018/3018 3033/3033/3033
f 3036/3036/3036 3035/3035/3035 3034/3034/3034
f 3034/3034/3034 3035/3035/3035 3037/3037/3037
f 3038/3038/3038 3035/3035/3035 3036/3036/3036
f 3037/3037/3037 3035/3035/3035 3039/3039/3039
f 3040/3040/3040 3035/3035/3035 3038/3038/3038
f 3039/3039/3039 3035/3035/3035 3041/3041/3041
f 3042/3042/3042 3035/3035/3035 3040/3040/3040
f 3041/3041/3041 3035/3035/3035 3043/3043/3043
f 3044/3044/3044 3035/3035/3035 3042/3042/3042
f 3043/3043/3043 3035/3035/3035 3045/3045/3045
f 3046/3046/3046 3035/3035/3035 3044/3044/3044
f 3045/3045/3045 3035/3035/3035 3047/3047/3047
f 3048/3048/3048 3035/3035/3035 3046/3046/3046
f 3047/3047/3047 3035/3035/3035 3049/3049/3049
f 3050/3050/3050 3035/3035/3035 3048/3048/3048
f 3049/3049/3049 3035/3035/3035 3051/3051/3051
f 3052/3052/3052 3035/3035/3035 3050/3050/3050
f 3051/3051/3051 3035/3035/3035 3053/3053/3053
f 3054/3054/3054 3035/3035/3035 3052/3052/3052
f 3053/3053/3053 3035/3035/3035 3055/3055/3055
f 3056/3056/3056 3035/3035/3035 3054/3054/3054
f 3055/3055/3055 3035/3035/3035 3057/3057/3057
f 3057/3057/3057 3035/3035/3035 3056/3056/3056
f 3060/3060/3060 3059/3059/3059 3058/3058/3058
f 3058/3058/3058 3059/3059/3059 3061/3061/3061
f 3059/3059/3059 3060/3060/3060 3062/3062/3062
f 3061/3061/3061 3059/3059/3059 3063/3063/3063
f 3059/3059/3059 3062/3062/3062 3064/3064/3064
f 3063/3063/3063 3059/3059/3059 3065/3065/3065
f 3066/3066/3066 3059/3059/3059 3064/3064/3064
f 3065/3065/3065 3059/3059/3059 3066/3066/3066
f 3069/3069/3069 3068/3068/3068 3067/3067/3067
f 3069/3069/3069 3067/3067/3067 3070/3070/3070
f 3071/3071/3071 3069/3069/3069 3070/3070/3070
f 3072/3072/3072 3071/3071/3071 3070/3070/3070
f 3068/3068/3068 3073/3073/3073 3067/3067/3067
f 3074/3074/3074 3072/3072/3072 3070/3070/3070
f 3072/3072/3072 3074/3074/3074 3075/3075/3075
f 3074/3074/3074 3076/3076/3076 3075/3075/3075
f 3077/3077/3077 3075/3075/3075 3076/3076/3076
f 3077/3077/3077 3076/3076/3076 3078/3078/3078
f 3076/3076/3076 3079/3079/3079 3078/3078/3078
f 3080/3080/3080 3078/3078/3078 3079/3079/3079
f 3080/3080/3080 3079/3079/3079 3081/3081/3081
f 3082/3082/3082 3080/3080/3080 3081/3081/3081
f 3082/3082/3082 3081/3081/3081 3083/3083/3083
f 3084/3084/3084 3082/3082/3082 3083/3083/3083
f 3084/3084/3084 3083/3083/3083 3085/3085/3085
f 3085/3085/3085 3083/3083/3083 3086/3086/3086
f 3085/3085/3085 3086/3086/3086 3087/3087/3087
f 3088/3088/3088 3087/3087/3087 3086/3086/3086
f 3087/3087/3087 3088/3088/3088 3089/3089/3089
f 3083/3083/3083 3081/3081/3081 3090/3090/3090
f 3083/3083/3083 3091/3091/3091 3086/3086/3086
f 3091/3091/3091 3083/3083/3083 3090/3090/3090
f 3092/3092/3092 3086/3086/3086 3091/3091/3091
f 3092/3092/3092 3088/3088/3088 3086/3086/3086
f 3088/3088/3088 3092/3092/3092 3093/3093/3093
f 3089/3089/3089 3088/3088/3088 3094/3094/3094
f 3093/3093/3093 3094/3094/3094 3088/3088/3088
f 3095/3095/3095 3092/3092/3092 3091/3091/3091
f 3095/3095/3095 3091/3091/3091 3090/3090/3090
f 3081/3081/3081 3096/3096/3096 3090/3090/3090
f 3081/3081/3081 3079/3079/3079 3096/3096/3096
f 3097/3097/3097 3089/3089/3089 3094/3094/3094
f 3098/3098/3098 3089/3089/3089 3097/3097/3097
f 3099/3099/3099 3092/3092/3092 3095/3095/3095
f 3092/3092/3092 3099/3099/3099 3093/3093/3093
f 3100/3100/3100 3095/3095/3095 3090/3090/3090
f 3100/3100/3100 3099/3099/3099 3095/3095/3095
f 3096/3096/3096 3100/3100/3100 3090/3090/3090
f 3101/3101/3101 3099/3099/3099 3100/3100/3100
f 3099/3099/3099 3101/3101/3101 3093/3093/3093
f 3096/3096/3096 3101/3101/3101 3100/3100/3100
f 3101/3101/3101 3096/3096/3096 3102/3102/3102
f 3101/3101/3101 3102/3102/3102 3093/3093/3093
f 3093/3093/3093 3102/3102/3102 3103/3103/3103
f 3104/3104/3104 3094/3094/3094 3093/3093/3093
f 3104/3104/3104 3097/3097/3097 3094/3094/3094
f 3104/3104/3104 3093/3093/3093 3103/3103/3103
f 3096/3096/3096 3105/3105/3105 3102/3102/3102
f 3079/3079/3079 3105/3105/3105 3096/3096/3096
f 3102/3102/3102 3105/3105/3105 3106/3106/3106
f 3102/3102/3102 3106/3106/3106 3103/3103/3103
f 3107/3107/3107 3105/3105/3105 3079/3079/3079
f 3105/3105/3105 3107/3107/3107 3106/3106/3106
f 3076/3076/3076 3107/3107/3107 3079/3079/3079
f 3108/3108/3108 3106/3106/3106 3107/3107/3107
f 3106/3106/3106 3108/3108/3108 3103/3103/3103
f 3107/3107/3107 3076/3076/3076 3109/3109/3109
f 3109/3109/3109 3108/3108/3108 3107/3107/3107
f 3109/3109/3109 3076/3076/3076 3110/3110/3110
f 3076/3076/3076 3074/3074/3074 3110/3110/3110
f 3108/3108/3108 3109/3109/3109 3111/3111/3111
f 3109/3109/3109 3110/3110/3110 3111/3111/3111
f 3110/3110/3110 3074/3074/3074 3112/3112/3112
f 3074/3074/3074 3070/3070/3070 3112/3112/3112
f 3108/3108/3108 3111/3111/3111 3113/3113/3113
f 3103/3103/3103 3108/3108/3108 3113/3113/3113
f 3111/3111/3111 3110/3110/3110 3114/3114/3114
f 3110/3110/3110 3112/3112/3112 3114/3114/3114
f 3111/3111/3111 3114/3114/3114 3113/3113/3113
f 3114/3114/3114 3112/3112/3112 3115/3115/3115
f 3114/3114/3114 3115/3115/3115 3113/3113/3113
f 3070/3070/3070 3116/3116/3116 3112/3112/3112
f 3112/3112/3112 3116/3116/3116 3115/3115/3115
f 3117/3117/3117 3116/3116/3116 3070/3070/3070
f 3116/3116/3116 3117/3117/3117 3115/3115/3115
f 3117/3117/3117 3070/3070/3070 3067/3067/3067
f 3113/3113/3113 3118/3118/3118 3103/3103/3103
f 3115/3115/3115 3119/3119/3119 3113/3113/3113
f 3118/3118/3118 3113/3113/3113 3119/3119/3119
f 3120/3120/3120 3119/3119/3119 3115/3115/3115
f 3117/3117/3117 3121/3121/3121 3115/3115/3115
f 3121/3121/3121 3120/3120/3120 3115/3115/3115
f 3121/3121/3121 3117/3117/3117 3122/3122/3122
f 3120/3120/3120 3121/3121/3121 3122/3122/3122
f 3123/3123/3123 3117/3117/3117 3067/3067/3067
f 3117/3117/3117 3123/3123/3123 3122/3122/3122
f 3124/3124/3124 3123/3123/3123 3067/3067/3067
f 3122/3122/3122 3123/3123/3123 3124/3124/3124
f 3124/3124/3124 3067/3067/3067 3073/3073/3073
f 3125/3125/3125 3122/3122/3122 3124/3124/3124
f 3125/3125/3125 3120/3120/3120 3122/3122/3122
f 3126/3126/3126 3124/3124/3124 3073/3073/3073
f 3124/3124/3124 3126/3126/3126 3125/3125/3125
f 3126/3126/3126 3073/3073/3073 3127/3127/3127
f 3126/3126/3126 3128/3128/3128 3125/3125/3125
f 3120/3120/3120 3125/3125/3125 3128/3128/3128
f 3129/3129/3129 3126/3126/3126 3127/3127/3127
f 3128/3128/3128 3126/3126/3126 3129/3129/3129
f 3128/3128/3128 3130/3130/3130 3120/3120/3120
f 3130/3130/3130 3128/3128/3128 3129/3129/3129
f 3129/3129/3129 3127/3127/3127 3131/3131/3131
f 3130/3130/3130 3129/3129/3129 3131/3131/3131
f 3127/3127/3127 3132/3132/3132 3131/3131/3131
f 3130/3130/3130 3133/3133/3133 3120/3120/3120
f 3133/3133/3133 3130/3130/3130 3131/3131/3131
f 3133/3133/3133 3119/3119/3119 3120/3120/3120
f 3132/3132/3132 3134/3134/3134 3131/3131/3131
f 3133/3133/3133 3131/3131/3131 3134/3134/3134
f 3135/3135/3135 3119/3119/3119 3133/3133/3133
f 3135/3135/3135 3118/3118/3118 3119/3119/3119
f 3134/3134/3134 3132/3132/3132 3136/3136/3136
f 3132/3132/3132 3098/3098/3098 3136/3136/3136
f 3137/3137/3137 3133/3133/3133 3134/3134/3134
f 3135/3135/3135 3133/3133/3133 3137/3137/3137
f 3137/3137/3137 3134/3134/3134 3136/3136/3136
f 3135/3135/3135 3137/3137/3137 3138/3138/3138
f 3138/3138/3138 3137/3137/3137 3136/3136/3136
f 3118/3118/3118 3135/3135/3135 3138/3138/3138
f 3136/3136/3136 3098/3098/3098 3139/3139/3139
f 3138/3138/3138 3136/3136/3136 3139/3139/3139
f 3139/3139/3139 3098/3098/3098 3097/3097/3097
f 3118/3118/3118 3138/3138/3138 3140/3140/3140
f 3141/3141/3141 3138/3138/3138 3139/3139/3139
f 3140/3140/3140 3138/3138/3138 3141/3141/3141
f 3139/3139/3139 3142/3142/3142 3141/3141/3141
f 3142/3142/3142 3139/3139/3139 3097/3097/3097
f 3141/3141/3141 3142/3142/3142 3140/3140/3140
f 3142/3142/3142 3097/3097/3097 3143/3143/3143
f 3140/3140/3140 3142/3142/3142 3143/3143/3143
f 3097/3097/3097 3104/3104/3104 3143/3143/3143
f 3144/3144/3144 3118/3118/3118 3140/3140/3140
f 3143/3143/3143 3144/3144/3144 3140/3140/3140
f 3104/3104/3104 3144/3144/3144 3143/3143/3143
f 3118/3118/3118 3144/3144/3144 3103/3103/3103
f 3144/3144/3144 3104/3104/3104 3103/3103/3103
