g ShenTi
v 0.255413413 6.57831526 0.0777874738
v 0.291470289 6.68017673 0.0601763912
v 0.260951012 6.61583853 0.0756011978
v 0.421436667 0.102017082 0.057792969
v 0.459189415 0.0893408209 0.238571927
v 0.403172761 0.117440172 -0.127141774
v -0.255413413 6.57831526 0.0777874738
v -0.260951012 6.61583853 0.0756011978
v -0.291470289 6.68017673 0.0601763912
v -0.421436667 0.102017082 0.057792969
v -0.403172761 0.117440172 -0.127141774
v -0.459189415 0.0893408209 0.238571927
v 0.205875695 6.74045134 0.349124759
v 0.259688497 6.74852514 0.277611077
v 0.203086913 6.72692537 0.343024909
v 0.129023775 6.72570038 0.386710197
v 0.126817092 6.73541832 0.393627316
v 0.0875015408 6.70663309 0.387181997
v 0.0917137116 6.70246935 0.384071022
v 0.0702189505 6.66532373 0.378839105
v 0.0344358683 6.43564415 0.421779156
v -0 6.43154669 0.434801638
v -0 6.4419322 0.453015119
v 0.0380781814 6.44581413 0.434341431
v -0 6.46701288 0.458823234
v 0.0780059695 6.43261623 0.393331915
v 0.0753418654 6.43315649 0.393891603
v 0.0403160341 6.4675827 0.442659289
v -0 6.48350716 0.45381102
v 0.0881101713 6.43239927 0.391096175
v 0.0337170064 6.42311382 0.428815901
v 0.0308896638 6.43598318 0.424456179
v -0 6.43154669 0.434801638
v -0 6.41906118 0.439685047
v -0 6.39921188 0.431293339
v 0.0377106406 6.4028306 0.420111686
v -0 6.3655982 0.412985206
v 0.0420186333 6.4886899 0.440796494
v 0.0504887626 6.37570906 0.39904052
v 0.0680517107 6.32262564 0.361334234
v -0 6.30204821 0.395648807
v -0 6.29168177 0.312561035
v 0.122905433 6.43676758 0.372929692
v 0.0306479204 6.50613642 0.445860595
v -0 6.49757814 0.459331036
v 0.120216064 6.53193092 0.401102275
v 0.0144416951 6.5091424 0.461511225
v -0 6.50537395 0.472108752
v -0 6.51055145 0.490838617
v 0.0117066 6.51410484 0.48631835
v -0 6.52841043 0.515794694
v 0.0214267112 6.53132439 0.500669539
v 0.0422495827 6.52648401 0.448496699
v -0 6.5746007 0.520943582
v 0.0641860217 6.56825304 0.423830569
v 0.0470466614 6.55013895 0.44582212
v 0.022173943 6.57175159 0.498352647
v -0 6.61944818 0.490668923
v 0.0232968703 6.60994864 0.472658694
v 0.029349491 6.65940857 0.442254633
v -0 6.67048311 0.461359859
v 0.0369130522 6.72118998 0.433846414
v -0 6.72446108 0.4482086
v -0 6.81145382 0.456150502
v 0.0877105668 6.61921358 0.396193236
v 0.0729159415 6.6716032 0.37621215
v 0.0884304196 6.70094347 0.38155821
v 0.096788846 6.6729455 0.373960555
v 0.127905592 6.72631311 0.384937733
v 0.144409582 6.66958714 0.368842155
v 0.0720031708 6.81587458 0.43818298
v 0.17052561 6.730896 0.363843977
v 0.146493465 6.60469246 0.378248274
v 0.181921571 6.6782589 0.351206034
v 0.0911300704 6.98329353 0.375722647
v -0 6.9800272 0.406802356
v 0.19351162 6.82916355 0.358494252
v 0.204752862 6.96857214 0.256778568
v 0.244535238 6.76520491 0.2256964
v 0.205098733 6.7243371 0.322496325
v 0.251295775 6.62579346 0.202821657
v 0.263297349 6.89480782 0.0987469479
v 0.204513073 6.70288801 0.323570549
v 0.202290773 6.60426378 0.33777526
v 0.269419998 6.68809271 0.0785217285
v 0.28327319 6.7948246 0.0104138181
v 0.268692464 6.69939566 0.00143310544
v 0.281066477 6.74399376 -0.0561962873
v 0.258258164 6.58454704 0.104598999
v 0.240956262 6.52167845 0.109323725
v 0.220720083 6.48673058 0.219761953
v 0.219731897 6.49383831 0.0973071232
v 0.171075642 6.5031662 0.352164298
v 0.180089101 6.40889692 0.265216053
v 0.174502596 6.39265299 0.17334716
v 0.0535792783 6.30665779 0.28431946
v 0.0456674583 6.31230068 0.212924793
v -0 6.30468655 0.229062498
v 0.15545623 6.38997173 0.121511228
v 0.162796244 6.40847015 0.0302478019
v 0.231675759 6.55613279 0.0425598137
v 0.231235385 6.61328697 -0.0825598091
v 0.249092102 6.6042428 -0.0114941401
v 0.291470289 6.68017673 0.0601763912
v 0.255413413 6.57831526 0.0777874738
v 0.258258164 6.58454704 0.104598999
v 0.269419998 6.68809271 0.0785217285
v 0.290977687 6.71540403 0.0543560795
v 0.268692464 6.69939566 0.00143310544
v 0.315884084 6.71452379 -0.0126226805
v 0.324112505 6.70664787 -0.00755004864
v 0.324293047 6.61679745 -0.0298321526
v 0.320073813 6.61337852 -0.0427191146
v 0.249092102 6.6042428 -0.0114941401
v 0.295654684 6.55849648 0.0176068116
v 0.286459714 6.54768038 0.0108947754
v 0.231675759 6.55613279 0.0425598137
v 0.26018399 6.52476978 0.0780847147
v 0.247346774 6.50949097 0.0727160648
v 0.219731897 6.49383831 0.0973071232
v 0.240956262 6.52167845 0.109323725
v 0.153489828 6.66871119 -0.255156249
v -0 6.66763115 -0.296842039
v -0 6.57364798 -0.224586785
v 0.13065359 6.57753563 -0.182261959
v 0.257996738 6.69819975 -0.151649773
v 0.231235385 6.61328697 -0.0825598091
v 0.281066477 6.74399376 -0.0561962873
v 0.268692464 6.69939566 0.00143310544
v 0.249092102 6.6042428 -0.0114941401
v 0.26018399 6.52476978 0.0780847147
v 0.240956262 6.52167845 0.109323725
v 0.258258164 6.58454704 0.104598999
v 0.255413413 6.57831526 0.0777874738
v 0.270855874 6.58690548 0.0407666005
v 0.295654684 6.55849648 0.0176068116
v 0.292364389 6.62615824 0.0102258297
v 0.324293047 6.61679745 -0.0298321526
v 0.221834734 6.59593534 0.0550482161
v 0.260078877 6.61540699 0.0555175766
v 0.260951012 6.61583853 0.0756011978
v 0.291470289 6.68017673 0.0601763912
v 0.278239429 6.66099167 0.0352600105
v 0.31175673 6.64742374 -0.0258801263
v 0.302205622 6.69870281 -0.00348754879
v 0.324112505 6.70664787 -0.00755004864
v 0.127905592 6.72631311 0.384937733
v 0.0961148515 6.68993759 0.332503647
v 0.0884304196 6.70094347 0.38155821
v 0.17052561 6.730896 0.363843977
v 0.205098733 6.7243371 0.322496325
v 0.204513073 6.70288801 0.323570549
v 0.181921571 6.6782589 0.351206034
v 0.144409582 6.66958714 0.368842155
v 0.096788846 6.6729455 0.373960555
v 0.0827517137 6.67301607 0.36398682
v 0.0808402896 6.67915106 0.364165634
v 0.0808402896 6.67915106 0.364165634
v 0.0827517137 6.67301607 0.36398682
v 0.096788846 6.6729455 0.373960555
v 0.0769170672 6.67697048 0.371171862
v 0.0961148515 6.68993759 0.332503647
v 0.0729159415 6.6716032 0.37621215
v 0.0884304196 6.70094347 0.38155821
v 2.52595615 4.53567266 0.222999871
v 2.61312652 4.47890663 0.267121285
v 2.62449789 4.50187445 0.259043872
v 2.5087688 4.4969945 0.232503355
v 2.41079378 4.53825998 0.200275257
v 2.43043399 4.57831335 0.187324211
v 2.35021043 4.59833241 0.140510246
v 2.31042051 4.56405401 0.156922296
v 2.3638742 4.58855391 0.132820427
v 2.49858761 4.50185537 0.272171319
v 2.39938879 4.54363871 0.241787106
v 2.60708952 4.4806056 0.295567006
v 2.28519511 4.57759523 0.213369742
v 2.2490356 4.56125832 0.123018183
v 2.32968044 4.5545435 0.0658099353
v 2.2262342 4.59524298 0.203371271
v 2.14415193 4.55009508 0.215215147
v 2.18693042 4.58330774 0.230323181
v 2.18821812 4.51566648 0.284849554
v 2.6338861 4.49875927 0.27908203
v 2.62449789 4.50187445 0.259043872
v 2.62669253 4.49860954 0.296610087
v 2.6134398 4.50028419 0.302006215
v 2.35444474 4.5488596 0.0695349127
v 2.35069966 4.55540943 0.122834466
v 2.4487555 4.5395689 0.135490417
v 2.43671918 4.51754475 0.123165585
v 2.54346609 4.4751358 0.142603457
v 2.43545246 4.5102973 0.0831008926
v 2.53381753 4.45662975 0.134727165
v 2.65307951 4.413445 0.147596121
v 2.53282595 4.44672966 0.0984567255
v 2.64779758 4.40060329 0.140643314
v 2.66972303 4.40596628 0.136776119
v 2.66337276 4.42591381 0.12517944
v 2.67762923 4.41837645 0.130399466
v 2.64921379 4.39488077 0.112553708
v 2.67496586 4.40311432 0.11434295
v 2.67976427 4.41733646 0.115227662
v 2.66337276 4.42591381 0.12517944
v 2.65794969 4.40965557 0.091217041
v 2.55044007 4.47181129 0.0739123523
v 2.45397496 4.53807402 0.0549923703
v 2.37802052 4.58973312 0.0408663936
v 2.35745549 4.60756969 0.0343951397
v 2.35390377 4.59826708 -0.00342407217
v 2.33413506 4.54798937 0.0300488267
v 2.43386436 4.51973581 -0.00525604235
v 2.24980903 4.54702282 0.00903045665
v 2.40742826 4.49109697 0.0167993158
v 2.49815106 4.44626999 -0.00505767809
v 2.39693069 4.47703028 -0.0181912221
v 2.47339773 4.42178059 0.0135382079
v 2.31065273 4.53344059 -0.0144546507
v 2.29027724 4.52766418 -0.050907895
v 2.55598712 4.35521793 -0.000160827636
v 2.56722498 4.37197399 -0.00698364247
v 2.57198048 4.35878468 -0.0107241822
v 2.54713011 4.35201836 -0.024627991
v 2.56785703 4.35674477 -0.0264566038
v 2.55388331 4.3674736 -0.0410229489
v 2.46394277 4.4123311 -0.0197048951
v 2.4835856 4.43166304 -0.0450039655
v 2.41749668 4.49864054 -0.049438782
v 2.33047342 4.57710457 -0.0557513423
v 2.29979157 4.56023073 -0.0684332252
v 2.34444189 4.49164486 -0.079783015
v 2.33563113 4.48202085 -0.0728634596
v 2.38286901 4.4324007 -0.0862756297
v 2.37257338 4.4251523 -0.0809155256
v 2.42660618 4.34714222 -0.0923229977
v 2.2643373 4.50491333 -0.0746850595
v 2.31675744 4.46296072 -0.0888970941
v 2.21806812 4.5319581 -0.0502200313
v 2.1249361 4.57837152 -0.00800231937
v 2.1345818 4.58007002 0.12416748
v 2.20956445 4.54987192 -0.118124083
v 2.26235414 4.51814508 -0.129104614
v 2.12976742 4.59736252 -0.100002743
v 2.32739043 4.4742527 -0.13693054
v 2.05545855 4.66300535 -0.0796075389
v 2.35435748 4.41228914 -0.096308589
v 2.35602307 4.4132328 -0.129172668
v 2.03293324 4.64008951 0.0112899775
v 1.99008131 4.7308507 -0.0699841306
v 1.95940506 4.71594 0.0177456662
v 2.04662156 4.60878181 0.134454653
v 1.96502423 4.75689077 0.105711974
v 2.04168463 4.67317295 0.189327076
v 2.07649684 4.59938669 0.252164006
v 2.08917689 4.54762125 0.223400563
v 2.12182713 4.51225805 0.313767701
v 2.42043471 4.34135962 -0.0922702029
v 2.12385702 4.48831177 0.283096015
v 2.40904236 4.33388186 -0.105872191
v 2.40981197 4.33413363 -0.122994684
v 2.42925191 4.33696508 -0.100695185
v 2.43228793 4.35275888 -0.108372189
v 2.43301773 4.33919525 -0.105334774
v 2.42237043 4.33143663 -0.113512568
v 2.4275794 4.33500719 -0.117302857
v 2.41916966 4.34323072 -0.128539726
v 2.1617372 4.49327326 0.270237714
v 2.19766831 4.41535521 0.363922119
v 2.22375464 4.42870808 0.368899822
v 2.21122551 4.4263916 0.396237165
v 2.21190095 4.4464674 0.389592886
v 2.18693471 4.4231329 0.401842326
v 2.17306066 4.41420937 0.374327987
v 2.17246604 4.42917204 0.395349711
v 2.55044007 4.47181129 0.0739123523
v 2.65794969 4.40965557 0.091217041
v 2.66337276 4.42591381 0.12517944
v 2.55735207 4.49304676 0.115162961
v 2.65307951 4.413445 0.147596121
v 2.54346609 4.4751358 0.142603457
v 2.45397496 4.53807402 0.0549923703
v 2.4487555 4.5395689 0.135490417
v 2.46498322 4.56377411 0.106598206
v 2.37802052 4.58973312 0.0408663936
v 2.3638742 4.58855391 0.132820427
v 2.37278461 4.62237549 0.0996340886
v 2.35021043 4.59833241 0.140510246
v 2.35745549 4.60756969 0.0343951397
v 2.34925961 4.64066505 0.114812315
v 2.30001187 4.66893244 0.0314453132
v 2.43043399 4.57831335 0.187324211
v 2.35390377 4.59826708 -0.00342407217
v 2.33064938 4.66161966 0.175902396
v 2.33047342 4.57710457 -0.0557513423
v 2.43386436 4.51973581 -0.00525604235
v 2.41749668 4.49864054 -0.049438782
v 2.49815106 4.44626999 -0.00505767809
v 2.4835856 4.43166304 -0.0450039655
v 2.55388331 4.3674736 -0.0410229489
v 2.56722498 4.37197399 -0.00698364247
v 2.57345581 4.35860443 -0.0353625491
v 2.58286738 4.35520601 -0.0262121577
v 2.58602738 4.35695505 -0.0130017083
v 2.58193874 4.36284256 -0.00511352532
v 2.2742939 4.62806845 -0.0707122758
v 2.1956563 4.73449802 0.0778405741
v 2.29979157 4.56023073 -0.0684332252
v 2.26876426 4.69780016 0.161551207
v 2.3014698 4.62861013 0.220445856
v 2.29104376 4.55694342 -0.108061522
v 2.34444189 4.49164486 -0.079783015
v 2.23676229 4.65316963 0.20760864
v 2.42893147 4.60148764 0.218518674
v 2.52294469 4.55064297 0.251053452
v 2.52595615 4.53567266 0.222999871
v 2.62449789 4.50187445 0.259043872
v 2.41047764 4.58054304 0.251332402
v 2.62607694 4.51498604 0.28566283
v 2.64422417 4.50354815 0.273514718
v 2.64792728 4.50398302 0.285117805
v 2.6428616 4.50417328 0.298265994
v 2.63130903 4.5041728 0.302657455
v 2.6134398 4.50028419 0.302006215
v 2.50939941 4.53516531 0.276614994
v 2.60708952 4.4806056 0.295567006
v 2.49858761 4.50185537 0.272171319
v 2.39938879 4.54363871 0.241787106
v 2.28519511 4.57759523 0.213369742
v 2.2262342 4.59524298 0.203371271
v 2.18693042 4.58330774 0.230323181
v 2.14941216 4.63012171 0.251437992
v 2.14395452 4.68939257 0.2102063
v 2.17121935 4.53221416 0.313646227
v 2.18821812 4.51566648 0.284849554
v 2.07649684 4.59938669 0.252164006
v 2.12182713 4.51225805 0.313767701
v 2.04168463 4.67317295 0.189327076
v 2.17246604 4.42917204 0.395349711
v 2.21190095 4.4464674 0.389592886
v 2.22375464 4.42870808 0.368899822
v 2.18697762 4.4254427 0.412472516
v 2.19758344 4.42404556 0.415838301
v 2.21492219 4.42689705 0.411151737
v 2.22426033 4.43459797 0.399727166
v 2.10499597 4.77990103 0.069569394
v 1.96502423 4.75689077 0.105711974
v 2.1095674 4.74108744 -0.0612927228
v 2.03177023 4.82712221 0.0536306761
v 2.1892364 4.6845665 -0.0650622547
v 2.24240255 4.60191202 -0.110766292
v 2.08696795 4.70840931 -0.0860952735
v 2.03227258 4.78502178 -0.0782766715
v 2.16652822 4.65180063 -0.0987737998
v 2.12976742 4.59736252 -0.100002743
v 2.20956445 4.54987192 -0.118124083
v 2.05545855 4.66300535 -0.0796075389
v 1.99008131 4.7308507 -0.0699841306
v 2.26235414 4.51814508 -0.129104614
v 2.34818363 4.4970727 -0.111400753
v 2.32739043 4.4742527 -0.13693054
v 2.38918304 4.43661594 -0.111181945
v 2.38286901 4.4324007 -0.0862756297
v 1.83719814 4.92257214 -0.109008178
v 2.37115073 4.4239397 -0.135941163
v 2.35602307 4.4132328 -0.129172668
v 2.43228793 4.35275888 -0.108372189
v 2.42660618 4.34714222 -0.0923229977
v 2.41916966 4.34323072 -0.128539726
v 2.40981197 4.33413363 -0.122994684
v 2.43403268 4.3301816 -0.1176477
v 2.43914056 4.33528757 -0.105446473
v 1.79268241 4.86171865 -0.102186278
v 1.95940506 4.71594 0.0177456662
v 1.75669444 4.83470058 -0.0150576783
v 1.46681917 5.05879784 -0.183142394
v 1.40946221 4.99651623 -0.0631582662
v 1.19862998 5.15730953 -0.147968739
v 1.5294857 5.15211391 -0.181927487
v 1.52589631 5.18224955 -0.0176947024
v 1.31458998 5.28802586 -0.214639887
v 1.26659584 5.19725275 -0.231638178
v 1.14347947 5.29117489 -0.22496216
v 1.1068083 5.22109222 -0.128339231
v 0.897762299 5.48376751 -0.207593992
v 0.84482789 5.41143179 -0.0885559097
v 0.670624971 5.55454683 -0.0782159418
v 1.83504844 4.95496035 0.0189434811
v 1.77132165 4.87837076 0.0581735224
v 1.95940506 4.71594 0.0177456662
v 1.75669444 4.83470058 -0.0150576783
v 1.43665481 5.05986118 0.0320590213
v 1.40946221 4.99651623 -0.0631582662
v 1.22213864 5.20104122 -0.00569519028
v 1.19862998 5.15730953 -0.147968739
v 1.1068083 5.22109222 -0.128339231
v 1.2988131 5.32939339 -0.0453900136
v 1.12707269 5.26904917 0.00690856902
v 0.84482789 5.41143179 -0.0885559097
v 1.20675004 5.39534187 -0.0344970711
v 0.873574197 5.45054007 0.0443792716
v 0.670624971 5.55454683 -0.0782159418
v 0.688715756 5.59180355 0.0648522899
v 0.578713715 5.59342051 -0.077860713
v 0.588928103 5.6409812 0.081817627
v 0.971274555 5.58848238 0.000259399414
v 0.749646306 5.77652502 0.0930700675
v 0.590514421 5.865973 0.121179804
v 0.777352154 5.85623932 -0.0327575691
v 0.592949808 5.97754526 -0.0282489005
v 0.576016903 5.89747286 -0.187392578
v 0.750011742 5.79317236 -0.184732661
v 0.565250814 5.7505579 -0.207484737
v 0.964018524 5.57590246 -0.196886599
v 0.705520332 5.67781591 -0.203476563
v 0.578713715 5.59342051 -0.077860713
v 1.20127189 5.37650156 -0.210892335
v 2.66337276 4.42591381 0.12517944
v 2.69262648 4.41313171 0.131325379
v 2.68383694 4.41534138 0.137354732
v 2.69400835 4.41238403 0.117185973
v 2.68519926 4.41608858 0.106463008
v 2.43914056 4.33528757 -0.105446473
v 2.43301773 4.33919525 -0.105334774
v 2.43228793 4.35275888 -0.108372189
v 2.4275794 4.33500719 -0.117302857
v 2.43403268 4.3301816 -0.1176477
v 2.41916966 4.34323072 -0.128539726
v 2.21122551 4.4263916 0.396237165
v 2.22426033 4.43459797 0.399727166
v 2.21190095 4.4464674 0.389592886
v 2.21492219 4.42689705 0.411151737
v 2.19758344 4.42404556 0.415838301
v 2.18693471 4.4231329 0.401842326
v 2.18697762 4.4254427 0.412472516
v 2.17246604 4.42917204 0.395349711
v 2.63130903 4.5041728 0.302657455
v 2.62669253 4.49860954 0.296610087
v 2.6134398 4.50028419 0.302006215
v 2.6428616 4.50417328 0.298265994
v 2.6338861 4.49875927 0.27908203
v 2.64792728 4.50398302 0.285117805
v 2.64422417 4.50354815 0.273514718
v 2.62449789 4.50187445 0.259043872
v 2.67762923 4.41837645 0.130399466
v 2.66337276 4.42591381 0.12517944
v 2.68383694 4.41534138 0.137354732
v 2.69262648 4.41313171 0.131325379
v 2.67976427 4.41733646 0.115227662
v 2.69400835 4.41238403 0.117185973
v 2.68519926 4.41608858 0.106463008
v 2.66337276 4.42591381 0.12517944
v 2.57198048 4.35878468 -0.0107241822
v 2.56722498 4.37197399 -0.00698364247
v 2.58193874 4.36284256 -0.00511352532
v 2.58602738 4.35695505 -0.0130017083
v 2.56785703 4.35674477 -0.0264566038
v 2.58286738 4.35520601 -0.0262121577
v 2.57345581 4.35860443 -0.0353625491
v 2.55388331 4.3674736 -0.0410229489
v 0.252385795 5.59663486 0.588800013
v 0.245894387 5.7586627 0.399385363
v 0.314947635 5.64647198 0.530933797
v 0.110550798 5.60875845 0.5356915
v 0.204158545 5.37561369 0.589774132
v 0.296570718 5.49756098 0.625340581
v -0 5.38422728 0.537775874
v 0.176935211 5.28499269 0.532742918
v -0 5.56713867 0.497872293
v -0 5.70133448 0.421057731
v -0 5.32426119 0.545270383
v -0 5.85727406 0.292322367
v 0.115022317 6.01686001 0.124016114
v -0 5.99382448 0.148388058
v -0 5.12739754 0.533015132
v -0 6.13454437 0.137869254
v 0.396745682 5.74611807 0.324990213
v 0.172050238 5.10410213 0.509284377
v -0 4.82712126 0.485997617
v 0.07796368 6.14736319 0.116308592
v -0 6.27820444 0.193732902
v 0.383598477 5.12598372 0.322237849
v 0.467706293 5.3991456 0.42745024
v 0.480027527 5.44217825 -0.00465209968
v 0.485092044 5.55147314 0.329086304
v 0.158054844 4.82978678 0.467152685
v -0 4.34366703 0.470321327
v 0.247624323 4.26677704 0.428957522
v 0.428689748 4.51138258 0.293564141
v 0.358348995 4.85951519 0.314842522
v 0.410997242 4.56835365 0.019501647
v 0.350249618 4.88455963 0.117564082
v 0.195491135 4.89102983 0.0116992183
v 0.20501934 4.41809702 -0.187596738
v -0 4.49734545 -0.0754995719
v -0 4.88356781 0.0345959477
v -0 5.43249989 -0.0955322236
v 0.3552908 5.68368816 -0.201953724
v -0 5.92527437 -0.203300774
v 0.332030565 5.9293499 -0.203764036
v -0 6.06967878 -0.176291496
v 0.578713715 5.59342051 -0.077860713
v 0.565250814 5.7505579 -0.207484737
v 0.588928103 5.6409812 0.081817627
v 0.590514421 5.865973 0.121179804
v 0.592949808 5.97754526 -0.0282489005
v 0.396214157 6.00513411 -0.0323156714
v 0.210419118 6.06969213 -0.0318475328
v 0.146798417 6.18139935 -0.00532958983
v 0.576016903 5.89747286 -0.187392578
v 0.0744946301 6.29207993 0.159749135
v 0.162796244 6.40847015 0.0302478019
v 0.15545623 6.38997173 0.121511228
v 0.0456674583 6.31230068 0.212924793
v -0 6.30468655 0.229062498
v 0.396214157 6.00513411 -0.0323156714
v 0.592949808 5.97754526 -0.0282489005
v 0.210419118 6.06969213 -0.0318475328
v 0.119223714 6.08339405 -0.167921752
v 0.146798417 6.18139935 -0.00532958983
v 0.0855690017 6.19399786 -0.125875235
v -0 6.19334078 -0.151038811
v -0 6.39006233 -0.138805538
v 0.0951042548 6.39444733 -0.102153316
v 0.162796244 6.40847015 0.0302478019
v 0.231235385 6.61328697 -0.0825598091
v 0.13065359 6.57753563 -0.182261959
v -0 6.57364798 -0.224586785
v -0 6.41198587 0.431746215
v 0.0308896638 6.43598318 0.424456179
v -0 6.43154669 0.434801638
v 0.031774044 6.41501427 0.417864978
v -0 6.3795495 0.396476418
v 0.0753418654 6.43315649 0.393891603
v 0.0245770887 6.38266277 0.388564438
v -0 6.35562801 0.342391968
v 0.0316508412 6.36357307 0.333290994
v -0 6.35996151 0.293488145
v 0.0536735617 6.38874292 0.378497303
v 0.0273213778 6.37077141 0.284439683
v -0 6.43168259 0.2411322
v 0.0647362694 6.37554312 0.32358399
v 0.0767112002 6.39955664 0.366494119
v 0.0764816701 6.42191553 0.382448733
v 0.0909569338 6.42206669 0.356146842
v 0.0829361975 6.42911625 0.379635006
v 0.0778167248 6.43317842 0.392757565
v 0.082967557 6.43609953 0.380524278
v 0.0753418654 6.43315649 0.393891603
v 0.0559653752 6.3830781 0.276910394
v 0.0904149115 6.39478254 0.312183231
v 0.0787100643 6.40164471 0.2684668
v 0.101074524 6.4209528 0.303395987
v 0.0900584608 6.42506599 0.262052
v 0.0868153721 6.43866205 0.264849842
v 0.0961961895 6.44155979 0.303369135
v 0.056366846 6.46628332 0.271668077
v -0 6.48632669 0.279978007
v 0.0644278675 6.47289181 0.313428342
v -0 6.49540615 0.332753897
v 0.0858649686 6.44110155 0.355236202
v 0.0574842058 6.46575499 0.365376592
v -0 6.47845745 0.392647684
v 0.0756378546 6.44040632 0.382450551
v 0.0342731737 6.44969082 0.410718381
v -0 6.4505496 0.425463855
v 0.0344358683 6.43564415 0.421779156
v -0 6.43154669 0.434801638
v -0 4.34366703 0.470321327
v 0.0684007704 4.0153265 0.210431516
v -0 4.01660872 0.23919189
v 0.247624323 4.26677704 0.428957522
v 0.375547945 3.97005916 0.423738092
v 0.0866049752 3.86515093 0.190849915
v 0.502442062 4.12308741 0.254155874
v 0.428689748 4.51138258 0.293564141
v 0.335467517 3.28962636 0.375863642
v 0.0901639238 3.27881956 0.157346189
v 0.49734199 4.18511629 -0.0147708124
v 0.410997242 4.56835365 0.019501647
v 0.563866556 3.34970188 0.249440908
v 0.253716111 2.43059564 0.258847952
v 0.101519026 2.4521749 0.08054474
v 0.351661593 4.11597443 -0.230489492
v 0.20501934 4.41809702 -0.187596738
v 0.580573559 3.39260316 0.0361770615
v 0.396391064 2.42965102 0.189396054
v 0.255547285 2.26424384 0.201564625
v 0.119968891 2.30680275 0.0287242122
v 0.137485132 1.78729033 -0.00927108712
v 0.455497056 2.46478057 0.0184135437
v 0.313414961 2.48764563 -0.106577449
v 0.365627587 3.39282656 -0.141079411
v 0.398732513 2.2867775 0.155993804
v 0.0901639238 3.27881956 0.157346189
v 0.0866049752 3.86515093 0.190849915
v 0.0684007704 4.0153265 0.210431516
v -0 4.49734545 -0.0754995719
v -0 4.01660872 0.23919189
v 0.101519026 2.4521749 0.08054474
v 0.119968891 2.30680275 0.0287242122
v 0.460062087 2.31078291 -0.0103540039
v 0.336580008 2.34072971 -0.161988527
v 0.350100398 1.80688107 -0.246948853
v 0.137485132 1.78729033 -0.00927108712
v 0.49595058 1.79059565 -0.0647959858
v 0.314981222 1.33795667 -0.220714569
v 0.171788886 1.33784664 -0.0400366187
v 0.443532318 1.33794963 -0.0902447477
v 0.395301014 1.33769512 0.0358036794
v 0.407273412 1.77748191 0.0833848566
v 0.286566019 1.33777881 0.062128447
v 0.277209133 1.77433991 0.112560421
v 0.171788886 1.33784664 -0.0400366187
v 0.215992212 0.031556204 0.48181358
v 0.256580532 0.069276996 0.608843207
v 0.250119865 0.0680204406 0.473980218
v 0.202910185 0.0338511281 0.599866629
v 0.185205996 0.0678637326 0.616518557
v 0.166006967 0.0539589673 0.463962466
v 0.3425318 0.0544929877 0.480943859
v 0.315285712 0.0714066327 0.477128237
v 0.337378144 0.0608218387 0.560073435
v 0.365024596 0.0653796718 0.491236776
v 0.374970734 0.067070581 0.5510903
v 0.368371278 0.0787001774 0.447667062
v 0.203012869 -0.0112336725 0.409569889
v 0.166006967 0.0539589673 0.463962466
v 0.215992212 0.031556204 0.48181358
v 0.166946128 0.0121183014 0.346875638
v 0.209741265 -0.0111958506 0.328443527
v 0.228889629 0.0696398616 0.14217332
v 0.148539752 0.0790684894 0.355079114
v 0.162369996 0.0904757306 0.474561423
v 0.185205996 0.0678637326 0.616518557
v 0.190023139 0.124088876 0.147386968
v 0.214664593 0.0981406122 -0.118782908
v 0.204362005 0.185946807 0.301860422
v 0.183962151 0.203269839 0.116550699
v 0.192928031 0.309834331 -0.117371671
v 0.20215562 0.375321507 0.0163088217
v 0.205368057 0.660794199 -0.136838675
v 0.209932119 0.660850525 -0.0136945341
v 0.274528414 0.660785258 0.0295040514
v 0.272044927 0.40092659 0.0900472999
v 0.352206916 0.383858413 0.0616940297
v 0.395763576 0.169843867 0.264495999
v 0.283330739 0.154535368 0.393127769
v 0.355914146 0.660805523 -0.00293251034
v 0.390217841 0.355929404 -0.00431220978
v 0.396139473 0.310540587 -0.119868144
v 0.360415101 0.660869896 -0.126079857
v 0.459189415 0.0893408209 0.238571927
v 0.355861694 0.308894843 -0.201247156
v 0.403172761 0.117440172 -0.127141774
v 0.363387316 0.119997874 -0.210062787
v 0.29521212 0.116491228 -0.230672643
v 0.282437027 0.365664124 -0.222350463
v 0.276682526 0.660872281 -0.198691323
v 0.212727696 0.218832925 -0.216240719
v 0.240348354 0.108325213 -0.204328969
v 0.214664593 0.0981406122 -0.118782908
v 0.192928031 0.309834331 -0.117371671
v 0.229946658 0.39854008 -0.178429335
v 0.205368057 0.660794199 -0.136838675
v 0.421436667 0.102017082 0.057792969
v 0.453535914 0.0494277179 0.24866432
v 0.465237677 0.0674926713 0.379156232
v 0.442172498 0.107996941 0.38480556
v 0.445598125 0.076773949 0.480747283
v 0.462667406 0.0589434803 0.463682264
v 0.432603747 0.0566496663 0.467370242
v 0.413788855 0.0814931095 0.384849668
v 0.413139701 0.103226431 0.349746734
v 0.381920278 0.12522018 0.391321748
v 0.330830902 0.134203419 0.413013488
v 0.402535051 0.114823721 0.467991024
v 0.422595024 0.0707128122 0.499198377
v 0.405229419 0.0602722168 0.53143543
v 0.381274968 0.0648511499 0.520139813
v 0.359056324 0.111936375 0.40405947
v 0.368371278 0.0787001774 0.447667062
v 0.348530829 0.123668097 0.501848817
v 0.374970734 0.067070581 0.5510903
v 0.308301806 0.117967606 0.422854483
v 0.340075284 0.0820513517 0.576232255
v 0.337378144 0.0608218387 0.560073435
v 0.315285712 0.0714066327 0.477128237
v 0.293614686 0.126671642 0.515241265
v 0.25338012 0.12286064 0.43894133
v 0.315299749 0.0862515271 0.596142054
v 0.314832956 0.067380406 0.585869193
v 0.264166564 0.121864319 0.52555877
v 0.279093862 0.0939971134 0.590823293
v 0.274828464 0.0685613975 0.585823119
v 0.250119865 0.0680204406 0.473980218
v 0.233941719 0.110446163 0.452595502
v 0.256580532 0.069276996 0.608843207
v 0.201167956 0.120954856 0.484760135
v 0.234447047 0.096213527 0.621209383
v 0.19018285 0.0922225937 0.621455073
v 0.250119865 0.0680204406 0.473980218
v 0.283327788 0.0535656363 0.49232921
v 0.215992212 0.031556204 0.48181358
v 0.335992515 0.034085311 0.477382958
v 0.315285712 0.0714066327 0.477128237
v 0.203012869 -0.0112336725 0.409569889
v 0.3425318 0.0544929877 0.480943859
v 0.368371278 0.0787001774 0.447667062
v 0.209741265 -0.0111958506 0.328443527
v 0.396092713 0.056435775 0.436952859
v 0.344294995 0.0490890108 0.233556896
v 0.228889629 0.0696398616 0.14217332
v 0.437765539 0.025513649 0.377399445
v 0.432404459 0.0524406023 0.394234031
v 0.413788855 0.0814931095 0.384849668
v 0.465237677 0.0674926713 0.379156232
v 0.453535914 0.0494277179 0.24866432
v 0.421436667 0.102017082 0.057792969
v 0.318102568 0.0727049857 -0.113752268
v 0.214664593 0.0981406122 -0.118782908
v 0.403172761 0.117440172 -0.127141774
v 0.240348354 0.108325213 -0.204328969
v 0.363387316 0.119997874 -0.210062787
v 0.29521212 0.116491228 -0.230672643
v 0.274828464 0.0685613975 0.585823119
v 0.283327788 0.0535656363 0.49232921
v 0.250119865 0.0680204406 0.473980218
v 0.297352105 0.0468077473 0.560055137
v 0.315285712 0.0714066327 0.477128237
v 0.314832956 0.067380406 0.585869193
v 0.396092713 0.056435775 0.436952859
v 0.422595024 0.0707128122 0.499198377
v 0.413788855 0.0814931095 0.384849668
v 0.394943923 0.0496297814 0.500456274
v 0.368371278 0.0787001774 0.447667062
v 0.405229419 0.0602722168 0.53143543
v 0.381274968 0.0648511499 0.520139813
v 0.432404459 0.0524406023 0.394234031
v 0.462667406 0.0589434803 0.463682264
v 0.465237677 0.0674926713 0.379156232
v 0.432603747 0.0566496663 0.467370242
v 0.413788855 0.0814931095 0.384849668
v -0.205875695 6.74045134 0.349124759
v -0.203086913 6.72692537 0.343024909
v -0.259688497 6.74852514 0.277611077
v -0.129023775 6.72570038 0.386710197
v -0.126817092 6.73541832 0.393627316
v -0.0875015408 6.70663309 0.387181997
v -0.0917137116 6.70246935 0.384071022
v -0.0702189505 6.66532373 0.378839105
v -0.0344358683 6.43564415 0.421779156
v -0 6.4419322 0.453015119
v -0 6.43154669 0.434801638
v -0.0380781814 6.44581413 0.434341431
v -0 6.46701288 0.458823234
v -0.0780059695 6.43261623 0.393331915
v -0.0753418654 6.43315649 0.393891603
v -0.0403160341 6.4675827 0.442659289
v -0 6.48350716 0.45381102
v -0.0881101713 6.43239927 0.391096175
v -0.0337170064 6.42311382 0.428815901
v -0.0308896638 6.43598318 0.424456179
v -0 6.43154669 0.434801638
v -0 6.41906118 0.439685047
v -0 6.39921188 0.431293339
v -0.0377106406 6.4028306 0.420111686
v -0 6.3655982 0.412985206
v -0.0420186333 6.4886899 0.440796494
v -0.0504887626 6.37570906 0.39904052
v -0.0680517107 6.32262564 0.361334234
v -0 6.30204821 0.395648807
v -0 6.29168177 0.312561035
v -0.122905433 6.43676758 0.372929692
v -0.0306479204 6.50613642 0.445860595
v -0 6.49757814 0.459331036
v -0.120216064 6.53193092 0.401102275
v -0.0144416951 6.5091424 0.461511225
v -0 6.50537395 0.472108752
v -0 6.51055145 0.490838617
v -0.0117066 6.51410484 0.48631835
v -0 6.52841043 0.515794694
v -0.0214267112 6.53132439 0.500669539
v -0.0422495827 6.52648401 0.448496699
v -0 6.5746007 0.520943582
v -0.0641860217 6.56825304 0.423830569
v -0.0470466614 6.55013895 0.44582212
v -0.022173943 6.57175159 0.498352647
v -0 6.61944818 0.490668923
v -0.0232968703 6.60994864 0.472658694
v -0.029349491 6.65940857 0.442254633
v -0 6.67048311 0.461359859
v -0.0369130522 6.72118998 0.433846414
v -0 6.72446108 0.4482086
v -0 6.81145382 0.456150502
v -0.0877105668 6.61921358 0.396193236
v -0.0729159415 6.6716032 0.37621215
v -0.0884304196 6.70094347 0.38155821
v -0.096788846 6.6729455 0.373960555
v -0.127905592 6.72631311 0.384937733
v -0.144409582 6.66958714 0.368842155
v -0.0720031708 6.81587458 0.43818298
v -0.17052561 6.730896 0.363843977
v -0.146493465 6.60469246 0.378248274
v -0.181921571 6.6782589 0.351206034
v -0.0911300704 6.98329353 0.375722647
v -0 6.9800272 0.406802356
v -0.19351162 6.82916355 0.358494252
v -0.204752862 6.96857214 0.256778568
v -0.244535238 6.76520491 0.2256964
v -0.205098733 6.7243371 0.322496325
v -0.251295775 6.62579346 0.202821657
v -0.263297349 6.89480782 0.0987469479
v -0.204513073 6.70288801 0.323570549
v -0.202290773 6.60426378 0.33777526
v -0.269419998 6.68809271 0.0785217285
v -0.28327319 6.7948246 0.0104138181
v -0.268692464 6.69939566 0.00143310544
v -0.281066477 6.74399376 -0.0561962873
v -0.258258164 6.58454704 0.104598999
v -0.240956262 6.52167845 0.109323725
v -0.220720083 6.48673058 0.219761953
v -0.219731897 6.49383831 0.0973071232
v -0.171075642 6.5031662 0.352164298
v -0.180089101 6.40889692 0.265216053
v -0.174502596 6.39265299 0.17334716
v -0.0535792783 6.30665779 0.28431946
v -0.0456674583 6.31230068 0.212924793
v -0 6.30468655 0.229062498
v -0.15545623 6.38997173 0.121511228
v -0.162796244 6.40847015 0.0302478019
v -0.231675759 6.55613279 0.0425598137
v -0.231235385 6.61328697 -0.0825598091
v -0.249092102 6.6042428 -0.0114941401
v -0.258258164 6.58454704 0.104598999
v -0.255413413 6.57831526 0.0777874738
v -0.291470289 6.68017673 0.0601763912
v -0.269419998 6.68809271 0.0785217285
v -0.290977687 6.71540403 0.0543560795
v -0.268692464 6.69939566 0.00143310544
v -0.315884084 6.71452379 -0.0126226805
v -0.324112505 6.70664787 -0.00755004864
v -0.324293047 6.61679745 -0.0298321526
v -0.320073813 6.61337852 -0.0427191146
v -0.249092102 6.6042428 -0.0114941401
v -0.295654684 6.55849648 0.0176068116
v -0.286459714 6.54768038 0.0108947754
v -0.231675759 6.55613279 0.0425598137
v -0.26018399 6.52476978 0.0780847147
v -0.247346774 6.50949097 0.0727160648
v -0.219731897 6.49383831 0.0973071232
v -0.240956262 6.52167845 0.109323725
v -0.153489828 6.66871119 -0.255156249
v -0 6.57364798 -0.224586785
v -0 6.66763115 -0.296842039
v -0.13065359 6.57753563 -0.182261959
v -0.257996738 6.69819975 -0.151649773
v -0.231235385 6.61328697 -0.0825598091
v -0.281066477 6.74399376 -0.0561962873
v -0.268692464 6.69939566 0.00143310544
v -0.249092102 6.6042428 -0.0114941401
v -0.26018399 6.52476978 0.0780847147
v -0.258258164 6.58454704 0.104598999
v -0.240956262 6.52167845 0.109323725
v -0.255413413 6.57831526 0.0777874738
v -0.270855874 6.58690548 0.0407666005
v -0.295654684 6.55849648 0.0176068116
v -0.292364389 6.62615824 0.0102258297
v -0.324293047 6.61679745 -0.0298321526
v -0.221834734 6.59593534 0.0550482161
v -0.260078877 6.61540699 0.0555175766
v -0.260951012 6.61583853 0.0756011978
v -0.291470289 6.68017673 0.0601763912
v -0.278239429 6.66099167 0.0352600105
v -0.31175673 6.64742374 -0.0258801263
v -0.302205622 6.69870281 -0.00348754879
v -0.324112505 6.70664787 -0.00755004864
v -0.127905592 6.72631311 0.384937733
v -0.0884304196 6.70094347 0.38155821
v -0.0961148515 6.68993759 0.332503647
v -0.17052561 6.730896 0.363843977
v -0.205098733 6.7243371 0.322496325
v -0.204513073 6.70288801 0.323570549
v -0.181921571 6.6782589 0.351206034
v -0.144409582 6.66958714 0.368842155
v -0.096788846 6.6729455 0.373960555
v -0.0827517137 6.67301607 0.36398682
v -0.0808402896 6.67915106 0.364165634
v -0.0808402896 6.67915106 0.364165634
v -0.096788846 6.6729455 0.373960555
v -0.0827517137 6.67301607 0.36398682
v -0.0769170672 6.67697048 0.371171862
v -0.0961148515 6.68993759 0.332503647
v -0.0729159415 6.6716032 0.37621215
v -0.0884304196 6.70094347 0.38155821
v -2.52595615 4.53567266 0.222999871
v -2.62449789 4.50187445 0.259043872
v -2.61312652 4.47890663 0.267121285
v -2.5087688 4.4969945 0.232503355
v -2.41079378 4.53825998 0.200275257
v -2.43043399 4.57831335 0.187324211
v -2.35021043 4.59833241 0.140510246
v -2.31042051 4.56405401 0.156922296
v -2.3638742 4.58855391 0.132820427
v -2.49858761 4.50185537 0.272171319
v -2.39938879 4.54363871 0.241787106
v -2.60708952 4.4806056 0.295567006
v -2.28519511 4.57759523 0.213369742
v -2.2490356 4.56125832 0.123018183
v -2.32968044 4.5545435 0.0658099353
v -2.2262342 4.59524298 0.203371271
v -2.14415193 4.55009508 0.215215147
v -2.18693042 4.58330774 0.230323181
v -2.18821812 4.51566648 0.284849554
v -2.6338861 4.49875927 0.27908203
v -2.62449789 4.50187445 0.259043872
v -2.62669253 4.49860954 0.296610087
v -2.6134398 4.50028419 0.302006215
v -2.35444474 4.5488596 0.0695349127
v -2.35069966 4.55540943 0.122834466
v -2.4487555 4.5395689 0.135490417
v -2.43671918 4.51754475 0.123165585
v -2.54346609 4.4751358 0.142603457
v -2.43545246 4.5102973 0.0831008926
v -2.53381753 4.45662975 0.134727165
v -2.65307951 4.413445 0.147596121
v -2.53282595 4.44672966 0.0984567255
v -2.64779758 4.40060329 0.140643314
v -2.66972303 4.40596628 0.136776119
v -2.66337276 4.42591381 0.12517944
v -2.67762923 4.41837645 0.130399466
v -2.64921379 4.39488077 0.112553708
v -2.67496586 4.40311432 0.11434295
v -2.67976427 4.41733646 0.115227662
v -2.66337276 4.42591381 0.12517944
v -2.65794969 4.40965557 0.091217041
v -2.55044007 4.47181129 0.0739123523
v -2.45397496 4.53807402 0.0549923703
v -2.37802052 4.58973312 0.0408663936
v -2.35745549 4.60756969 0.0343951397
v -2.35390377 4.59826708 -0.00342407217
v -2.33413506 4.54798937 0.0300488267
v -2.43386436 4.51973581 -0.00525604235
v -2.24980903 4.54702282 0.00903045665
v -2.40742826 4.49109697 0.0167993158
v -2.49815106 4.44626999 -0.00505767809
v -2.39693069 4.47703028 -0.0181912221
v -2.47339773 4.42178059 0.0135382079
v -2.31065273 4.53344059 -0.0144546507
v -2.29027724 4.52766418 -0.050907895
v -2.55598712 4.35521793 -0.000160827636
v -2.56722498 4.37197399 -0.00698364247
v -2.57198048 4.35878468 -0.0107241822
v -2.54713011 4.35201836 -0.024627991
v -2.56785703 4.35674477 -0.0264566038
v -2.55388331 4.3674736 -0.0410229489
v -2.46394277 4.4123311 -0.0197048951
v -2.4835856 4.43166304 -0.0450039655
v -2.41749668 4.49864054 -0.049438782
v -2.33047342 4.57710457 -0.0557513423
v -2.29979157 4.56023073 -0.0684332252
v -2.34444189 4.49164486 -0.079783015
v -2.33563113 4.48202085 -0.0728634596
v -2.38286901 4.4324007 -0.0862756297
v -2.37257338 4.4251523 -0.0809155256
v -2.42660618 4.34714222 -0.0923229977
v -2.2643373 4.50491333 -0.0746850595
v -2.31675744 4.46296072 -0.0888970941
v -2.21806812 4.5319581 -0.0502200313
v -2.1249361 4.57837152 -0.00800231937
v -2.1345818 4.58007002 0.12416748
v -2.20956445 4.54987192 -0.118124083
v -2.26235414 4.51814508 -0.129104614
v -2.12976742 4.59736252 -0.100002743
v -2.32739043 4.4742527 -0.13693054
v -2.05545855 4.66300535 -0.0796075389
v -2.35435748 4.41228914 -0.096308589
v -2.35602307 4.4132328 -0.129172668
v -2.03293324 4.64008951 0.0112899775
v -1.99008131 4.7308507 -0.0699841306
v -1.95940506 4.71594 0.0177456662
v -2.04662156 4.60878181 0.134454653
v -1.96502423 4.75689077 0.105711974
v -2.04168463 4.67317295 0.189327076
v -2.07649684 4.59938669 0.252164006
v -2.08917689 4.54762125 0.223400563
v -2.12182713 4.51225805 0.313767701
v -2.42043471 4.34135962 -0.0922702029
v -2.12385702 4.48831177 0.283096015
v -2.40904236 4.33388186 -0.105872191
v -2.40981197 4.33413363 -0.122994684
v -2.42925191 4.33696508 -0.100695185
v -2.43228793 4.35275888 -0.108372189
v -2.43301773 4.33919525 -0.105334774
v -2.42237043 4.33143663 -0.113512568
v -2.4275794 4.33500719 -0.117302857
v -2.41916966 4.34323072 -0.128539726
v -2.1617372 4.49327326 0.270237714
v -2.19766831 4.41535521 0.363922119
v -2.22375464 4.42870808 0.368899822
v -2.21122551 4.4263916 0.396237165
v -2.21190095 4.4464674 0.389592886
v -2.18693471 4.4231329 0.401842326
v -2.17306066 4.41420937 0.374327987
v -2.17246604 4.42917204 0.395349711
v -2.55044007 4.47181129 0.0739123523
v -2.66337276 4.42591381 0.12517944
v -2.65794969 4.40965557 0.091217041
v -2.55735207 4.49304676 0.115162961
v -2.65307951 4.413445 0.147596121
v -2.54346609 4.4751358 0.142603457
v -2.45397496 4.53807402 0.0549923703
v -2.4487555 4.5395689 0.135490417
v -2.46498322 4.56377411 0.106598206
v -2.37802052 4.58973312 0.0408663936
v -2.3638742 4.58855391 0.132820427
v -2.37278461 4.62237549 0.0996340886
v -2.35021043 4.59833241 0.140510246
v -2.35745549 4.60756969 0.0343951397
v -2.34925961 4.64066505 0.114812315
v -2.30001187 4.66893244 0.0314453132
v -2.43043399 4.57831335 0.187324211
v -2.35390377 4.59826708 -0.00342407217
v -2.33064938 4.66161966 0.175902396
v -2.33047342 4.57710457 -0.0557513423
v -2.43386436 4.51973581 -0.00525604235
v -2.41749668 4.49864054 -0.049438782
v -2.49815106 4.44626999 -0.00505767809
v -2.4835856 4.43166304 -0.0450039655
v -2.55388331 4.3674736 -0.0410229489
v -2.56722498 4.37197399 -0.00698364247
v -2.57345581 4.35860443 -0.0353625491
v -2.58286738 4.35520601 -0.0262121577
v -2.58602738 4.35695505 -0.0130017083
v -2.58193874 4.36284256 -0.00511352532
v -2.2742939 4.62806845 -0.0707122758
v -2.1956563 4.73449802 0.0778405741
v -2.29979157 4.56023073 -0.0684332252
v -2.26876426 4.69780016 0.161551207
v -2.3014698 4.62861013 0.220445856
v -2.29104376 4.55694342 -0.108061522
v -2.34444189 4.49164486 -0.079783015
v -2.23676229 4.65316963 0.20760864
v -2.42893147 4.60148764 0.218518674
v -2.52294469 4.55064297 0.251053452
v -2.52595615 4.53567266 0.222999871
v -2.62449789 4.50187445 0.259043872
v -2.41047764 4.58054304 0.251332402
v -2.62607694 4.51498604 0.28566283
v -2.64422417 4.50354815 0.273514718
v -2.64792728 4.50398302 0.285117805
v -2.6428616 4.50417328 0.298265994
v -2.63130903 4.5041728 0.302657455
v -2.6134398 4.50028419 0.302006215
v -2.50939941 4.53516531 0.276614994
v -2.60708952 4.4806056 0.295567006
v -2.49858761 4.50185537 0.272171319
v -2.39938879 4.54363871 0.241787106
v -2.28519511 4.57759523 0.213369742
v -2.2262342 4.59524298 0.203371271
v -2.18693042 4.58330774 0.230323181
v -2.14941216 4.63012171 0.251437992
v -2.14395452 4.68939257 0.2102063
v -2.17121935 4.53221416 0.313646227
v -2.18821812 4.51566648 0.284849554
v -2.07649684 4.59938669 0.252164006
v -2.12182713 4.51225805 0.313767701
v -2.04168463 4.67317295 0.189327076
v -2.17246604 4.42917204 0.395349711
v -2.21190095 4.4464674 0.389592886
v -2.22375464 4.42870808 0.368899822
v -2.18697762 4.4254427 0.412472516
v -2.19758344 4.42404556 0.415838301
v -2.21492219 4.42689705 0.411151737
v -2.22426033 4.43459797 0.399727166
v -2.10499597 4.77990103 0.069569394
v -1.96502423 4.75689077 0.105711974
v -2.1095674 4.74108744 -0.0612927228
v -2.03177023 4.82712221 0.0536306761
v -2.1892364 4.6845665 -0.0650622547
v -2.24240255 4.60191202 -0.110766292
v -2.08696795 4.70840931 -0.0860952735
v -2.03227258 4.78502178 -0.0782766715
v -2.16652822 4.65180063 -0.0987737998
v -2.12976742 4.59736252 -0.100002743
v -2.20956445 4.54987192 -0.118124083
v -2.05545855 4.66300535 -0.0796075389
v -1.99008131 4.7308507 -0.0699841306
v -2.26235414 4.51814508 -0.129104614
v -2.34818363 4.4970727 -0.111400753
v -2.32739043 4.4742527 -0.13693054
v -2.38918304 4.43661594 -0.111181945
v -2.38286901 4.4324007 -0.0862756297
v -1.83719814 4.92257214 -0.109008178
v -2.37115073 4.4239397 -0.135941163
v -2.35602307 4.4132328 -0.129172668
v -2.43228793 4.35275888 -0.108372189
v -2.42660618 4.34714222 -0.0923229977
v -2.41916966 4.34323072 -0.128539726
v -2.40981197 4.33413363 -0.122994684
v -2.43403268 4.3301816 -0.1176477
v -2.43914056 4.33528757 -0.105446473
v -1.79268241 4.86171865 -0.102186278
v -1.95940506 4.71594 0.0177456662
v -1.75669444 4.83470058 -0.0150576783
v -1.46681917 5.05879784 -0.183142394
v -1.40946221 4.99651623 -0.0631582662
v -1.19862998 5.15730953 -0.147968739
v -1.5294857 5.15211391 -0.181927487
v -1.52589631 5.18224955 -0.0176947024
v -1.31458998 5.28802586 -0.214639887
v -1.26659584 5.19725275 -0.231638178
v -1.14347947 5.29117489 -0.22496216
v -1.1068083 5.22109222 -0.128339231
v -0.897762299 5.48376751 -0.207593992
v -0.84482789 5.41143179 -0.0885559097
v -0.670624971 5.55454683 -0.0782159418
v -1.83504844 4.95496035 0.0189434811
v -1.77132165 4.87837076 0.0581735224
v -1.95940506 4.71594 0.0177456662
v -1.75669444 4.83470058 -0.0150576783
v -1.43665481 5.05986118 0.0320590213
v -1.40946221 4.99651623 -0.0631582662
v -1.22213864 5.20104122 -0.00569519028
v -1.19862998 5.15730953 -0.147968739
v -1.1068083 5.22109222 -0.128339231
v -1.2988131 5.32939339 -0.0453900136
v -1.12707269 5.26904917 0.00690856902
v -0.84482789 5.41143179 -0.0885559097
v -1.20675004 5.39534187 -0.0344970711
v -0.873574197 5.45054007 0.0443792716
v -0.670624971 5.55454683 -0.0782159418
v -0.688715756 5.59180355 0.0648522899
v -0.578713715 5.59342051 -0.077860713
v -0.588928103 5.6409812 0.081817627
v -0.971274555 5.58848238 0.000259399414
v -0.749646306 5.77652502 0.0930700675
v -0.590514421 5.865973 0.121179804
v -0.777352154 5.85623932 -0.0327575691
v -0.592949808 5.97754526 -0.0282489005
v -0.576016903 5.89747286 -0.187392578
v -0.750011742 5.79317236 -0.184732661
v -0.565250814 5.7505579 -0.207484737
v -0.964018524 5.57590246 -0.196886599
v -0.705520332 5.67781591 -0.203476563
v -0.578713715 5.59342051 -0.077860713
v -1.20127189 5.37650156 -0.210892335
v -2.66337276 4.42591381 0.12517944
v -2.68383694 4.41534138 0.137354732
v -2.69262648 4.41313171 0.131325379
v -2.69400835 4.41238403 0.117185973
v -2.68519926 4.41608858 0.106463008
v -2.43914056 4.33528757 -0.105446473
v -2.43228793 4.35275888 -0.108372189
v -2.43301773 4.33919525 -0.105334774
v -2.4275794 4.33500719 -0.117302857
v -2.43403268 4.3301816 -0.1176477
v -2.41916966 4.34323072 -0.128539726
v -2.21122551 4.4263916 0.396237165
v -2.21190095 4.4464674 0.389592886
v -2.22426033 4.43459797 0.399727166
v -2.21492219 4.42689705 0.411151737
v -2.19758344 4.42404556 0.415838301
v -2.18693471 4.4231329 0.401842326
v -2.18697762 4.4254427 0.412472516
v -2.17246604 4.42917204 0.395349711
v -2.63130903 4.5041728 0.302657455
v -2.6134398 4.50028419 0.302006215
v -2.62669253 4.49860954 0.296610087
v -2.6428616 4.50417328 0.298265994
v -2.6338861 4.49875927 0.27908203
v -2.64792728 4.50398302 0.285117805
v -2.64422417 4.50354815 0.273514718
v -2.62449789 4.50187445 0.259043872
v -2.67762923 4.41837645 0.130399466
v -2.68383694 4.41534138 0.137354732
v -2.66337276 4.42591381 0.12517944
v -2.69262648 4.41313171 0.131325379
v -2.67976427 4.41733646 0.115227662
v -2.69400835 4.41238403 0.117185973
v -2.68519926 4.41608858 0.106463008
v -2.66337276 4.42591381 0.12517944
v -2.57198048 4.35878468 -0.0107241822
v -2.58193874 4.36284256 -0.00511352532
v -2.56722498 4.37197399 -0.00698364247
v -2.58602738 4.35695505 -0.0130017083
v -2.56785703 4.35674477 -0.0264566038
v -2.58286738 4.35520601 -0.0262121577
v -2.57345581 4.35860443 -0.0353625491
v -2.55388331 4.3674736 -0.0410229489
v -0.252385795 5.59663486 0.588800013
v -0.314947635 5.64647198 0.530933797
v -0.245894387 5.7586627 0.399385363
v -0.110550798 5.60875845 0.5356915
v -0.204158545 5.37561369 0.589774132
v -0.296570718 5.49756098 0.625340581
v -0 5.38422728 0.537775874
v -0.176935211 5.28499269 0.532742918
v -0 5.56713867 0.497872293
v -0 5.70133448 0.421057731
v -0 5.32426119 0.545270383
v -0 5.85727406 0.292322367
v -0.115022317 6.01686001 0.124016114
v -0 5.99382448 0.148388058
v -0 5.12739754 0.533015132
v -0 6.13454437 0.137869254
v -0.396745682 5.74611807 0.324990213
v -0.172050238 5.10410213 0.509284377
v -0 4.82712126 0.485997617
v -0.07796368 6.14736319 0.116308592
v -0 6.27820444 0.193732902
v -0.383598477 5.12598372 0.322237849
v -0.467706293 5.3991456 0.42745024
v -0.480027527 5.44217825 -0.00465209968
v -0.485092044 5.55147314 0.329086304
v -0.158054844 4.82978678 0.467152685
v -0 4.34366703 0.470321327
v -0.247624323 4.26677704 0.428957522
v -0.428689748 4.51138258 0.293564141
v -0.358348995 4.85951519 0.314842522
v -0.410997242 4.56835365 0.019501647
v -0.350249618 4.88455963 0.117564082
v -0.195491135 4.89102983 0.0116992183
v -0.20501934 4.41809702 -0.187596738
v -0 4.49734545 -0.0754995719
v -0 4.88356781 0.0345959477
v -0 5.43249989 -0.0955322236
v -0.3552908 5.68368816 -0.201953724
v -0 5.92527437 -0.203300774
v -0.332030565 5.9293499 -0.203764036
v -0 6.06967878 -0.176291496
v -0.578713715 5.59342051 -0.077860713
v -0.565250814 5.7505579 -0.207484737
v -0.588928103 5.6409812 0.081817627
v -0.590514421 5.865973 0.121179804
v -0.592949808 5.97754526 -0.0282489005
v -0.396214157 6.00513411 -0.0323156714
v -0.210419118 6.06969213 -0.0318475328
v -0.146798417 6.18139935 -0.00532958983
v -0.576016903 5.89747286 -0.187392578
v -0.0744946301 6.29207993 0.159749135
v -0.162796244 6.40847015 0.0302478019
v -0.15545623 6.38997173 0.121511228
v -0.0456674583 6.31230068 0.212924793
v -0 6.30468655 0.229062498
v -0.396214157 6.00513411 -0.0323156714
v -0.592949808 5.97754526 -0.0282489005
v -0.210419118 6.06969213 -0.0318475328
v -0.119223714 6.08339405 -0.167921752
v -0.146798417 6.18139935 -0.00532958983
v -0.0855690017 6.19399786 -0.125875235
v -0 6.19334078 -0.151038811
v -0 6.39006233 -0.138805538
v -0.0951042548 6.39444733 -0.102153316
v -0.162796244 6.40847015 0.0302478019
v -0.231235385 6.61328697 -0.0825598091
v -0.13065359 6.57753563 -0.182261959
v -0 6.57364798 -0.224586785
v -0 6.41198587 0.431746215
v -0 6.43154669 0.434801638
v -0.0308896638 6.43598318 0.424456179
v -0.031774044 6.41501427 0.417864978
v -0 6.3795495 0.396476418
v -0.0753418654 6.43315649 0.393891603
v -0.0245770887 6.38266277 0.388564438
v -0 6.35562801 0.342391968
v -0.0316508412 6.36357307 0.333290994
v -0 6.35996151 0.293488145
v -0.0536735617 6.38874292 0.378497303
v -0.0273213778 6.37077141 0.284439683
v -0 6.43168259 0.2411322
v -0.0647362694 6.37554312 0.32358399
v -0.0767112002 6.39955664 0.366494119
v -0.0764816701 6.42191553 0.382448733
v -0.0909569338 6.42206669 0.356146842
v -0.0829361975 6.42911625 0.379635006
v -0.0778167248 6.43317842 0.392757565
v -0.082967557 6.43609953 0.380524278
v -0.0753418654 6.43315649 0.393891603
v -0.0559653752 6.3830781 0.276910394
v -0.0904149115 6.39478254 0.312183231
v -0.0787100643 6.40164471 0.2684668
v -0.101074524 6.4209528 0.303395987
v -0.0900584608 6.42506599 0.262052
v -0.0868153721 6.43866205 0.264849842
v -0.0961961895 6.44155979 0.303369135
v -0.056366846 6.46628332 0.271668077
v -0 6.48632669 0.279978007
v -0.0644278675 6.47289181 0.313428342
v -0 6.49540615 0.332753897
v -0.0858649686 6.44110155 0.355236202
v -0.0574842058 6.46575499 0.365376592
v -0 6.47845745 0.392647684
v -0.0756378546 6.44040632 0.382450551
v -0.0342731737 6.44969082 0.410718381
v -0 6.4505496 0.425463855
v -0.0344358683 6.43564415 0.421779156
v -0 6.43154669 0.434801638
v -0 4.34366703 0.470321327
v -0 4.01660872 0.23919189
v -0.0684007704 4.0153265 0.210431516
v -0.247624323 4.26677704 0.428957522
v -0.375547945 3.97005916 0.423738092
v -0.0866049752 3.86515093 0.190849915
v -0.502442062 4.12308741 0.254155874
v -0.428689748 4.51138258 0.293564141
v -0.335467517 3.28962636 0.375863642
v -0.0901639238 3.27881956 0.157346189
v -0.49734199 4.18511629 -0.0147708124
v -0.410997242 4.56835365 0.019501647
v -0.563866556 3.34970188 0.249440908
v -0.253716111 2.43059564 0.258847952
v -0.101519026 2.4521749 0.08054474
v -0.351661593 4.11597443 -0.230489492
v -0.20501934 4.41809702 -0.187596738
v -0.580573559 3.39260316 0.0361770615
v -0.396391064 2.42965102 0.189396054
v -0.255547285 2.26424384 0.201564625
v -0.119968891 2.30680275 0.0287242122
v -0.137485132 1.78729033 -0.00927108712
v -0.455497056 2.46478057 0.0184135437
v -0.313414961 2.48764563 -0.106577449
v -0.365627587 3.39282656 -0.141079411
v -0.398732513 2.2867775 0.155993804
v -0.0901639238 3.27881956 0.157346189
v -0.0866049752 3.86515093 0.190849915
v -0.0684007704 4.0153265 0.210431516
v -0 4.49734545 -0.0754995719
v -0 4.01660872 0.23919189
v -0.101519026 2.4521749 0.08054474
v -0.119968891 2.30680275 0.0287242122
v -0.460062087 2.31078291 -0.0103540039
v -0.336580008 2.34072971 -0.161988527
v -0.350100398 1.80688107 -0.246948853
v -0.137485132 1.78729033 -0.00927108712
v -0.49595058 1.79059565 -0.0647959858
v -0.314981222 1.33795667 -0.220714569
v -0.171788886 1.33784664 -0.0400366187
v -0.443532318 1.33794963 -0.0902447477
v -0.395301014 1.33769512 0.0358036794
v -0.407273412 1.77748191 0.0833848566
v -0.286566019 1.33777881 0.062128447
v -0.277209133 1.77433991 0.112560421
v -0.171788886 1.33784664 -0.0400366187
v -0.215992212 0.031556204 0.48181358
v -0.250119865 0.0680204406 0.473980218
v -0.256580532 0.069276996 0.608843207
v -0.202910185 0.0338511281 0.599866629
v -0.185205996 0.0678637326 0.616518557
v -0.166006967 0.0539589673 0.463962466
v -0.3425318 0.0544929877 0.480943859
v -0.337378144 0.0608218387 0.560073435
v -0.315285712 0.0714066327 0.477128237
v -0.365024596 0.0653796718 0.491236776
v -0.374970734 0.067070581 0.5510903
v -0.368371278 0.0787001774 0.447667062
v -0.203012869 -0.0112336725 0.409569889
v -0.215992212 0.031556204 0.48181358
v -0.166006967 0.0539589673 0.463962466
v -0.166946128 0.0121183014 0.346875638
v -0.209741265 -0.0111958506 0.328443527
v -0.228889629 0.0696398616 0.14217332
v -0.148539752 0.0790684894 0.355079114
v -0.162369996 0.0904757306 0.474561423
v -0.185205996 0.0678637326 0.616518557
v -0.190023139 0.124088876 0.147386968
v -0.214664593 0.0981406122 -0.118782908
v -0.204362005 0.185946807 0.301860422
v -0.183962151 0.203269839 0.116550699
v -0.192928031 0.309834331 -0.117371671
v -0.20215562 0.375321507 0.0163088217
v -0.205368057 0.660794199 -0.136838675
v -0.209932119 0.660850525 -0.0136945341
v -0.274528414 0.660785258 0.0295040514
v -0.272044927 0.40092659 0.0900472999
v -0.352206916 0.383858413 0.0616940297
v -0.395763576 0.169843867 0.264495999
v -0.283330739 0.154535368 0.393127769
v -0.355914146 0.660805523 -0.00293251034
v -0.390217841 0.355929404 -0.00431220978
v -0.396139473 0.310540587 -0.119868144
v -0.360415101 0.660869896 -0.126079857
v -0.459189415 0.0893408209 0.238571927
v -0.355861694 0.308894843 -0.201247156
v -0.403172761 0.117440172 -0.127141774
v -0.363387316 0.119997874 -0.210062787
v -0.29521212 0.116491228 -0.230672643
v -0.282437027 0.365664124 -0.222350463
v -0.276682526 0.660872281 -0.198691323
v -0.212727696 0.218832925 -0.216240719
v -0.240348354 0.108325213 -0.204328969
v -0.214664593 0.0981406122 -0.118782908
v -0.192928031 0.309834331 -0.117371671
v -0.229946658 0.39854008 -0.178429335
v -0.205368057 0.660794199 -0.136838675
v -0.453535914 0.0494277179 0.24866432
v -0.421436667 0.102017082 0.057792969
v -0.465237677 0.0674926713 0.379156232
v -0.442172498 0.107996941 0.38480556
v -0.445598125 0.076773949 0.480747283
v -0.462667406 0.0589434803 0.463682264
v -0.432603747 0.0566496663 0.467370242
v -0.413788855 0.0814931095 0.384849668
v -0.413139701 0.103226431 0.349746734
v -0.381920278 0.12522018 0.391321748
v -0.330830902 0.134203419 0.413013488
v -0.402535051 0.114823721 0.467991024
v -0.422595024 0.0707128122 0.499198377
v -0.405229419 0.0602722168 0.53143543
v -0.381274968 0.0648511499 0.520139813
v -0.359056324 0.111936375 0.40405947
v -0.368371278 0.0787001774 0.447667062
v -0.348530829 0.123668097 0.501848817
v -0.374970734 0.067070581 0.5510903
v -0.308301806 0.117967606 0.422854483
v -0.340075284 0.0820513517 0.576232255
v -0.337378144 0.0608218387 0.560073435
v -0.315285712 0.0714066327 0.477128237
v -0.293614686 0.126671642 0.515241265
v -0.25338012 0.12286064 0.43894133
v -0.315299749 0.0862515271 0.596142054
v -0.314832956 0.067380406 0.585869193
v -0.264166564 0.121864319 0.52555877
v -0.279093862 0.0939971134 0.590823293
v -0.274828464 0.0685613975 0.585823119
v -0.250119865 0.0680204406 0.473980218
v -0.233941719 0.110446163 0.452595502
v -0.256580532 0.069276996 0.608843207
v -0.201167956 0.120954856 0.484760135
v -0.234447047 0.096213527 0.621209383
v -0.19018285 0.0922225937 0.621455073
v -0.250119865 0.0680204406 0.473980218
v -0.215992212 0.031556204 0.48181358
v -0.283327788 0.0535656363 0.49232921
v -0.335992515 0.034085311 0.477382958
v -0.315285712 0.0714066327 0.477128237
v -0.203012869 -0.0112336725 0.409569889
v -0.3425318 0.0544929877 0.480943859
v -0.368371278 0.0787001774 0.447667062
v -0.209741265 -0.0111958506 0.328443527
v -0.396092713 0.056435775 0.436952859
v -0.344294995 0.0490890108 0.233556896
v -0.228889629 0.0696398616 0.14217332
v -0.437765539 0.025513649 0.377399445
v -0.432404459 0.0524406023 0.394234031
v -0.413788855 0.0814931095 0.384849668
v -0.465237677 0.0674926713 0.379156232
v -0.453535914 0.0494277179 0.24866432
v -0.421436667 0.102017082 0.057792969
v -0.318102568 0.0727049857 -0.113752268
v -0.214664593 0.0981406122 -0.118782908
v -0.403172761 0.117440172 -0.127141774
v -0.240348354 0.108325213 -0.204328969
v -0.363387316 0.119997874 -0.210062787
v -0.29521212 0.116491228 -0.230672643
v -0.274828464 0.0685613975 0.585823119
v -0.250119865 0.0680204406 0.473980218
v -0.283327788 0.0535656363 0.49232921
v -0.297352105 0.0468077473 0.560055137
v -0.315285712 0.0714066327 0.477128237
v -0.314832956 0.067380406 0.585869193
v -0.396092713 0.056435775 0.436952859
v -0.413788855 0.0814931095 0.384849668
v -0.422595024 0.0707128122 0.499198377
v -0.394943923 0.0496297814 0.500456274
v -0.368371278 0.0787001774 0.447667062
v -0.405229419 0.0602722168 0.53143543
v -0.381274968 0.0648511499 0.520139813
v -0.432404459 0.0524406023 0.394234031
v -0.465237677 0.0674926713 0.379156232
v -0.462667406 0.0589434803 0.463682264
v -0.432603747 0.0566496663 0.467370242
v -0.413788855 0.0814931095 0.384849668
v 0.0490166843 6.43569803 0.186937869
v -0 6.45122194 0.355662227
v -0 6.44053221 0.18550171
v 0.0375126489 6.44891453 0.354794294
v -0 6.42554426 0.372699589
v 0.0373025127 6.43266582 0.371374518
v 0.0659307018 6.41412687 0.197024539
v -0 6.39806795 0.206256092
v -0 6.42554426 0.372699589
v 0.0373025127 6.43266582 0.371374518
v 0.0659307018 6.41412687 0.197024539
v 0.0767174363 6.44538116 0.24142395
v 0.0596708283 6.37487125 0.292479247
v 0.0652116984 6.3749814 0.240854487
v 0.071918346 6.44312239 0.301102906
v 0.0313826017 6.37478828 0.3364923
v 0.0404777341 6.43861675 0.366735846
v -0 6.37494326 0.349212646
v -0 6.43775082 0.389799178
v 0.0967537314 6.44595194 0.242461547
v 0.071918346 6.44312239 0.301102906
v 0.0767174363 6.44538116 0.24142395
v 0.0902369469 6.4431591 0.306486189
v 0.0404777341 6.43861675 0.366735846
v 0.0476425365 6.43868065 0.375863642
v -0 6.43775082 0.389799178
v -0 6.43774939 0.402604371
v 0.0967537314 6.44595194 0.242461547
v 0.0996927395 6.37546206 0.240169674
v 0.093313463 6.3753562 0.304757059
v 0.0902369469 6.4431591 0.306486189
v 0.0466116033 6.37485075 0.37187621
v 0.0476425365 6.43868065 0.375863642
v -0 6.37496519 0.396807253
v -0 6.43774939 0.402604371
v 0.0581061728 6.50933456 0.295755595
v 0.0788425207 6.44584131 0.242809445
v 0.0635191202 6.50933456 0.24223876
v 0.0722989142 6.44253874 0.305285633
v 0.0317023024 6.50933313 0.342640996
v 0.0399029404 6.43869877 0.37461853
v -0 6.5095396 0.355842888
v -0 6.43758917 0.398604721
v 0.0722989142 6.44253874 0.305285633
v 0.0994326398 6.44640923 0.243849486
v 0.0788425207 6.44584131 0.242809445
v 0.0905892029 6.44347382 0.31172058
v 0.0399029404 6.43869877 0.37461853
v 0.0468965061 6.43876266 0.384682
v -0 6.43758917 0.398604721
v -0 6.43758917 0.40934813
v 0.0994326398 6.44640923 0.243849486
v 0.0943885595 6.50948095 0.309859008
v 0.101870194 6.5095396 0.241553947
v 0.0905892029 6.44347382 0.31172058
v 0.0463323481 6.50932741 0.380446166
v 0.0468965061 6.43876266 0.384682
v -0 6.43758917 0.40934813
v -0 6.50951624 0.404102772
v -0 6.45122194 0.355662227
v -0.0490166843 6.43569803 0.186937869
v -0 6.44053221 0.18550171
v -0.0375126489 6.44891453 0.354794294
v -0 6.42554426 0.372699589
v -0.0373025127 6.43266582 0.371374518
v -0.0659307018 6.41412687 0.197024539
v -0 6.39806795 0.206256092
v -0.0659307018 6.41412687 0.197024539
v -0.0373025127 6.43266582 0.371374518
v -0 6.42554426 0.372699589
v -0.0767174363 6.44538116 0.24142395
v -0.0652116984 6.3749814 0.240854487
v -0.0596708283 6.37487125 0.292479247
v -0.071918346 6.44312239 0.301102906
v -0.0313826017 6.37478828 0.3364923
v -0.0404777341 6.43861675 0.366735846
v -0 6.37494326 0.349212646
v -0 6.43775082 0.389799178
v -0.0967537314 6.44595194 0.242461547
v -0.0767174363 6.44538116 0.24142395
v -0.071918346 6.44312239 0.301102906
v -0.0902369469 6.4431591 0.306486189
v -0.0404777341 6.43861675 0.366735846
v -0.0476425365 6.43868065 0.375863642
v -0 6.43775082 0.389799178
v -0 6.43774939 0.402604371
v -0.0967537314 6.44595194 0.242461547
v -0.093313463 6.3753562 0.304757059
v -0.0996927395 6.37546206 0.240169674
v -0.0902369469 6.4431591 0.306486189
v -0.0466116033 6.37485075 0.37187621
v -0.0476425365 6.43868065 0.375863642
v -0 6.37496519 0.396807253
v -0 6.43774939 0.402604371
v -0.0581061728 6.50933456 0.295755595
v -0.0635191202 6.50933456 0.24223876
v -0.0788425207 6.44584131 0.242809445
v -0.0722989142 6.44253874 0.305285633
v -0.0317023024 6.50933313 0.342640996
v -0.0399029404 6.43869877 0.37461853
v -0 6.5095396 0.355842888
v -0 6.43758917 0.398604721
v -0.0722989142 6.44253874 0.305285633
v -0.0788425207 6.44584131 0.242809445
v -0.0994326398 6.44640923 0.243849486
v -0.0905892029 6.44347382 0.31172058
v -0.0399029404 6.43869877 0.37461853
v -0.0468965061 6.43876266 0.384682
v -0 6.43758917 0.398604721
v -0 6.43758917 0.40934813
v -0.0994326398 6.44640923 0.243849486
v -0.101870194 6.5095396 0.241553947
v -0.0943885595 6.50948095 0.309859008
v -0.0905892029 6.44347382 0.31172058
v -0.0463323481 6.50932741 0.380446166
v -0.0468965061 6.43876266 0.384682
v -0 6.43758917 0.40934813
v -0 6.50951624 0.404102772
v -0.205875695 6.74045134 0.349124759
v -0.125374198 6.73404789 0.380176991
v -0.126817092 6.73541832 0.393627316
v -0.0875015408 6.70663309 0.387181997
v -0.196463808 6.73716927 0.33621338
v -0.128556117 6.72202492 0.374915153
v -0.259688497 6.74852514 0.277611077
v -0.0881264955 6.7063961 0.380110472
v -0.0702189505 6.66532373 0.378839105
v -0.195183232 6.72135401 0.331358016
v -0.203086913 6.72692537 0.343024909
v -0.129023775 6.72570038 0.386710197
v -0.0917137116 6.70246935 0.384071022
v -0.0928326026 6.7018261 0.377376705
v 0.205875695 6.74045134 0.349124759
v 0.126817092 6.73541832 0.393627316
v 0.125374198 6.73404789 0.380176991
v 0.0875015408 6.70663309 0.387181997
v 0.196463808 6.73716927 0.33621338
v 0.128556117 6.72202492 0.374915153
v 0.259688497 6.74852514 0.277611077
v 0.0881264955 6.7063961 0.380110472
v 0.0702189505 6.66532373 0.378839105
v 0.195183232 6.72135401 0.331358016
v 0.203086913 6.72692537 0.343024909
v 0.129023775 6.72570038 0.386710197
v 0.0917137116 6.70246935 0.384071022
v 0.0928326026 6.7018261 0.377376705
v -0.0422495827 6.52648401 0.448496699
v -0.0214267112 6.53132439 0.500669539
v -0.0237742513 6.53510237 0.476802975
v -0.0284643937 6.52815437 0.453909904
v -0.0144416951 6.5091424 0.461511225
v -0.0086242212 6.53123903 0.478439927
v -0.0117066 6.51410484 0.48631835
v -0.012860762 6.5239048 0.460967392
v -0.0200037025 6.54231358 0.461057127
v 0.0422495827 6.52648401 0.448496699
v 0.0284643937 6.52815437 0.453909904
v 0.0237742513 6.53510237 0.476802975
v 0.0214267112 6.53132439 0.500669539
v 0.0144416951 6.5091424 0.461511225
v 0.0086242212 6.53123903 0.478439927
v 0.0117066 6.51410484 0.48631835
v 0.012860762 6.5239048 0.460967392
v 0.0200037025 6.54231358 0.461057127
vt 0.377441406 0.216552734
vt 0.383056641 0.177856445
vt 0.384765625 0.20324707
vt 0.914550781 0.854003906
vt 0.925292969 0.8125
vt 0.913085938 0.896972656
vt 0.377441406 0.216552734
vt 0.384765625 0.20324707
vt 0.383056641 0.177856445
vt 0.914550781 0.854003906
vt 0.913085938 0.896972656
vt 0.925292969 0.8125
vt 0.0338745117 0.613769531
vt 0.0116348267 0.559570312
vt 0.0239257812 0.616210938
vt 0.0379333496 0.670410156
vt 0.0459594727 0.671875
vt 0.0288085938 0.698242188
vt 0.0250854492 0.6953125
vt 0.00390625 0.713378906
vt 0.378662109 0.687988281
vt 0.360107422 0.689453125
vt 0.360107422 0.697753906
vt 0.37890625 0.694824219
vt 0.360107422 0.708984375
vt 0.401123047 0.680664062
vt 0.399902344 0.681152344
vt 0.379638672 0.705566406
vt 0.360107422 0.715820312
vt 0.405517578 0.6796875
vt 0.376464844 0.682128906
vt 0.377197266 0.6875
vt 0.360107422 0.687988281
vt 0.360107422 0.683105469
vt 0.360107422 0.672851562
vt 0.377685547 0.671875
vt 0.360107422 0.656738281
vt 0.382080078 0.714355469
vt 0.384277344 0.656738281
vt 0.392822266 0.625976562
vt 0.360107422 0.626464844
vt 0.360107422 0.586914062
vt 0.423339844 0.678222656
vt 0.378173828 0.72265625
vt 0.360107422 0.720703125
vt 0.424316406 0.7265625
vt 0.368896484 0.726074219
vt 0.360107422 0.725585938
vt 0.360107422 0.731445312
vt 0.365722656 0.731445312
vt 0.360107422 0.742675781
vt 0.367919922 0.741210938
vt 0.383544922 0.732910156
vt 0.360107422 0.762695312
vt 0.401367188 0.748535156
vt 0.388671875 0.743164062
vt 0.370361328 0.758789062
vt 0.360107422 0.778808594
vt 0.374267578 0.772460938
vt 0.379638672 0.791015625
vt 0.360107422 0.797363281
vt 0.382080078 0.815429688
vt 0.360107422 0.818359375
vt 0.360107422 0.852539062
vt 0.417236328 0.76953125
vt 0.416259766 0.793945312
vt 0.419189453 0.803222656
vt 0.427490234 0.794921875
vt 0.434326172 0.810546875
vt 0.448486328 0.7890625
vt 0.395996094 0.854492188
vt 0.457275391 0.811035156
vt 0.443603516 0.7578125
vt 0.466552734 0.790039062
vt 0.409912109 0.931152344
vt 0.360107422 0.91796875
vt 0.467285156 0.861328125
vt 0.501464844 0.932617188
vt 0.535644531 0.828125
vt 0.483642578 0.807617188
vt 0.542480469 0.752929688
vt 0.592773438 0.895507812
vt 0.483154297 0.799316406
vt 0.474365234 0.752441406
vt 0.606933594 0.784667969
vt 0.639648438 0.844238281
vt 0.633789062 0.809082031
vt 0.66015625 0.828125
vt 0.583984375 0.720703125
vt 0.568359375 0.682128906
vt 0.511230469 0.681152344
vt 0.564941406 0.659667969
vt 0.452636719 0.706054688
vt 0.470703125 0.646972656
vt 0.502929688 0.617675781
vt 0.396240234 0.588378906
vt 0.40625 0.558105469
vt 0.360107422 0.553710938
vt 0.525878906 0.602539062
vt 0.583007812 0.643066406
vt 0.604003906 0.676269531
vt 0.625976562 0.667480469
vt 0.629882812 0.683105469
vt 0.9765625 0.298095703
vt 0.983398438 0.329101562
vt 0.988769531 0.329345703
vt 0.984863281 0.296142578
vt 0.9765625 0.286376953
vt 0.9765625 0.262207031
vt 0.961425781 0.267578125
vt 0.957519531 0.269042969
vt 0.951171875 0.232788086
vt 0.954101562 0.233032227
vt 0.979003906 0.227661133
vt 0.961914062 0.208251953
vt 0.965820312 0.208129883
vt 0.985351562 0.205688477
vt 0.977539062 0.186645508
vt 0.980957031 0.187988281
vt 0.98828125 0.182861328
vt 0.984375 0.176391602
vt 0.501953125 0.0585632324
vt 0.532226562 0.0729370117
vt 0.537597656 0.0462036133
vt 0.509277344 0.0350036621
vt 0.472412109 0.0458984375
vt 0.477294922 0.0231628418
vt 0.448730469 0.0411376953
vt 0.448486328 0.025894165
vt 0.467041016 0.0110931396
vt 0.370117188 0.233398438
vt 0.381103516 0.237304688
vt 0.382568359 0.223266602
vt 0.377441406 0.216552734
vt 0.365234375 0.209716797
vt 0.351318359 0.215698242
vt 0.358886719 0.194213867
vt 0.340820312 0.19128418
vt 0.376464844 0.208984375
vt 0.378173828 0.201538086
vt 0.384765625 0.20324707
vt 0.383056641 0.177856445
vt 0.371826172 0.185791016
vt 0.347412109 0.182861328
vt 0.360595703 0.170776367
vt 0.357666016 0.1640625
vt 0.360107422 0.0531921387
vt 0.339355469 0.0391845703
vt 0.340087891 0.0540771484
vt 0.372314453 0.0379333496
vt 0.371826172 0.0155944824
vt 0.361083984 0.00626754761
vt 0.342773438 0.0051651001
vt 0.328613281 0.0163574219
vt 0.325439453 0.0376281738
vt 0.328857422 0.0437316895
vt 0.330810547 0.0458068848
vt 0.330810547 0.0458068848
vt 0.328857422 0.0437316895
vt 0.325439453 0.0376281738
vt 0.328369141 0.0478820801
vt 0.339355469 0.0391845703
vt 0.326660156 0.0485839844
vt 0.340087891 0.0540771484
vt 0.497558594 0.167724609
vt 0.504394531 0.147094727
vt 0.499511719 0.146606445
vt 0.505371094 0.16784668
vt 0.505859375 0.188842773
vt 0.497802734 0.189208984
vt 0.499511719 0.207275391
vt 0.507324219 0.211914062
vt 0.497802734 0.208374023
vt 0.513671875 0.167358398
vt 0.514160156 0.188232422
vt 0.509765625 0.146118164
vt 0.518066406 0.206298828
vt 0.513183594 0.223754883
vt 0.493164062 0.225341797
vt 0.524902344 0.2109375
vt 0.541503906 0.215698242
vt 0.532714844 0.209960938
vt 0.541503906 0.197753906
vt 0.504882812 0.141113281
vt 0.500488281 0.142822266
vt 0.508300781 0.140869141
vt 0.511230469 0.141601562
vt 0.489257812 0.220947266
vt 0.49609375 0.214233398
vt 0.487548828 0.197387695
vt 0.483642578 0.201049805
vt 0.473632812 0.181518555
vt 0.478027344 0.206420898
vt 0.470458984 0.184204102
vt 0.456054688 0.164428711
vt 0.464599609 0.188842773
vt 0.454345703 0.166748047
vt 0.451171875 0.164428711
vt 0.453857422 0.161987305
vt 0.448974609 0.162475586
vt 0.450195312 0.170043945
vt 0.447509766 0.166748047
vt 0.445800781 0.164550781
vt 0.443115234 0.169067383
vt 0.445556641 0.172729492
vt 0.458007812 0.193725586
vt 0.471435547 0.211914062
vt 0.479736328 0.224853516
vt 0.480712891 0.226318359
vt 0.481689453 0.228149414
vt 0.48828125 0.232299805
vt 0.467773438 0.23034668
vt 0.501953125 0.242797852
vt 0.46875 0.235351562
vt 0.44921875 0.234619141
vt 0.469238281 0.242675781
vt 0.450683594 0.239135742
vt 0.488525391 0.243041992
vt 0.489501953 0.252441406
vt 0.431640625 0.245483398
vt 0.428710938 0.243652344
vt 0.428466797 0.247192383
vt 0.43359375 0.25
vt 0.4296875 0.250732422
vt 0.433105469 0.254638672
vt 0.452148438 0.24609375
vt 0.452880859 0.252441406
vt 0.469482422 0.249389648
vt 0.483398438 0.251220703
vt 0.484863281 0.252685547
vt 0.477294922 0.262939453
vt 0.479492188 0.264404297
vt 0.471435547 0.276367188
vt 0.473876953 0.277099609
vt 0.468261719 0.295166016
vt 0.493164062 0.259521484
vt 0.483886719 0.268554688
vt 0.503417969 0.255859375
vt 0.523925781 0.256347656
vt 0.533691406 0.233276367
vt 0.50390625 0.267089844
vt 0.496826172 0.268310547
vt 0.518554688 0.270996094
vt 0.489501953 0.273681641
vt 0.536132812 0.277099609
vt 0.478515625 0.279541016
vt 0.484375 0.282470703
vt 0.543457031 0.263671875
vt 0.546386719 0.280029297
vt 0.555175781 0.268554688
vt 0.55078125 0.240844727
vt 0.56640625 0.258300781
vt 0.562011719 0.240234375
vt 0.559082031 0.222290039
vt 0.551757812 0.219848633
vt 0.560546875 0.204833984
vt 0.469726562 0.295410156
vt 0.555664062 0.203857422
vt 0.473144531 0.296386719
vt 0.476074219 0.298095703
vt 0.469726562 0.297851562
vt 0.467041016 0.296630859
vt 0.469238281 0.298828125
vt 0.47265625 0.298828125
vt 0.472412109 0.300292969
vt 0.476074219 0.301025391
vt 0.547851562 0.201171875
vt 0.55859375 0.1796875
vt 0.554199219 0.176147461
vt 0.560058594 0.173339844
vt 0.5546875 0.171630859
vt 0.564941406 0.176025391
vt 0.562988281 0.181396484
vt 0.567382812 0.178710938
vt 0.261962891 0.438232422
vt 0.266113281 0.415283203
vt 0.257568359 0.413330078
vt 0.251953125 0.436279297
vt 0.251953125 0.411865234
vt 0.244506836 0.434326172
vt 0.258789062 0.459960938
vt 0.237915039 0.454833984
vt 0.24621582 0.457763672
vt 0.255615234 0.4765625
vt 0.232055664 0.472412109
vt 0.240722656 0.477783203
vt 0.229614258 0.475097656
vt 0.255859375 0.480957031
vt 0.235595703 0.483398438
vt 0.253173828 0.496826172
vt 0.216430664 0.463378906
vt 0.264648438 0.481445312
vt 0.222290039 0.488525391
vt 0.278320312 0.484863281
vt 0.270507812 0.4609375
vt 0.282714844 0.463623047
vt 0.276123047 0.443359375
vt 0.286376953 0.446289062
vt 0.289794922 0.428710938
vt 0.282226562 0.425048828
vt 0.288818359 0.424560547
vt 0.287353516 0.422363281
vt 0.28515625 0.421386719
vt 0.283203125 0.422119141
vt 0.27734375 0.499267578
vt 0.240966797 0.520019531
vt 0.284912109 0.487304688
vt 0.224731445 0.502441406
vt 0.209350586 0.491943359
vt 0.291992188 0.490722656
vt 0.294677734 0.473632812
vt 0.209472656 0.504882812
vt 0.210205078 0.467773438
vt 0.19934082 0.44921875
vt 0.204833984 0.446044922
vt 0.194213867 0.428222656
vt 0.202148438 0.470947266
vt 0.188720703 0.430175781
vt 0.190185547 0.42578125
vt 0.187866211 0.42578125
vt 0.185546875 0.427001953
vt 0.184936523 0.429443359
vt 0.184570312 0.432861328
vt 0.193481445 0.451904297
vt 0.180664062 0.434814453
vt 0.186767578 0.454833984
vt 0.194458008 0.473388672
vt 0.198486328 0.492919922
vt 0.197387695 0.502441406
vt 0.190063477 0.5078125
vt 0.193969727 0.519042969
vt 0.207519531 0.522949219
vt 0.171142578 0.514160156
vt 0.172729492 0.506835938
vt 0.185424805 0.534179688
vt 0.167602539 0.525390625
vt 0.197753906 0.54296875
vt 0.145874023 0.517578125
vt 0.14855957 0.508789062
vt 0.149536133 0.501953125
vt 0.143188477 0.514160156
vt 0.142456055 0.512207031
vt 0.143066406 0.508789062
vt 0.145385742 0.506835938
vt 0.240112305 0.540039062
vt 0.198974609 0.563476562
vt 0.276367188 0.537597656
vt 0.238891602 0.557128906
vt 0.275634766 0.518554688
vt 0.288330078 0.502441406
vt 0.287109375 0.538085938
vt 0.283203125 0.555175781
vt 0.286376953 0.51953125
vt 0.300048828 0.521484375
vt 0.301269531 0.505371094
vt 0.299560547 0.538574219
vt 0.305419922 0.556152344
vt 0.303222656 0.494384766
vt 0.299804688 0.477050781
vt 0.307373047 0.480712891
vt 0.307373047 0.465820312
vt 0.303222656 0.462646484
vt 0.28515625 0.600097656
vt 0.312988281 0.469482422
vt 0.316162109 0.471435547
vt 0.317871094 0.451660156
vt 0.315429688 0.448974609
vt 0.322509766 0.454589844
vt 0.324951172 0.455322266
vt 0.322509766 0.449951172
vt 0.320068359 0.448730469
vt 0.310058594 0.601074219
vt 0.342529297 0.562988281
vt 0.343261719 0.602539062
vt 0.310058594 0.673339844
vt 0.34375 0.671386719
vt 0.333496094 0.723632812
vt 0.283691406 0.673828125
vt 0.236328125 0.675292969
vt 0.285888672 0.722167969
vt 0.308837891 0.719238281
vt 0.30859375 0.74609375
vt 0.337890625 0.744140625
vt 0.310546875 0.805664062
vt 0.343017578 0.803222656
vt 0.344238281 0.843261719
vt 0.236694336 0.6015625
vt 0.196044922 0.604492188
vt 0.174560547 0.567871094
vt 0.174560547 0.605957031
vt 0.196411133 0.676269531
vt 0.174560547 0.676269531
vt 0.196655273 0.727050781
vt 0.174560547 0.727050781
vt 0.174560547 0.747558594
vt 0.237426758 0.729003906
vt 0.196777344 0.749023438
vt 0.174560547 0.803222656
vt 0.23828125 0.751464844
vt 0.196655273 0.807128906
vt 0.174560547 0.841308594
vt 0.193969727 0.849609375
vt 0.174560547 0.857421875
vt 0.185668945 0.868164062
vt 0.239135742 0.812011719
vt 0.22644043 0.869628906
vt 0.216796875 0.903320312
vt 0.256103516 0.875
vt 0.255615234 0.916503906
vt 0.295410156 0.908203125
vt 0.288085938 0.869140625
vt 0.319335938 0.888671875
vt 0.286865234 0.809082031
vt 0.309814453 0.859375
vt 0.347412109 0.860351562
vt 0.285400391 0.748046875
vt 0.257568359 0.413330078
vt 0.258544922 0.407226562
vt 0.256835938 0.408447266
vt 0.261230469 0.407958984
vt 0.262695312 0.41015625
vt 0.212402344 0.00848388672
vt 0.211303711 0.00831604004
vt 0.209716797 0.00994873047
vt 0.211303711 0.0061378479
vt 0.212524414 0.00624465942
vt 0.209716797 0.00390625
vt 0.0380249023 0.00722122192
vt 0.0385131836 0.00511550903
vt 0.0355529785 0.00390625
vt 0.0400390625 0.00726318359
vt 0.0399169922 0.0101318359
vt 0.037689209 0.0108566284
vt 0.0388183594 0.011505127
vt 0.0355529785 0.0123214722
vt 0.196166992 0.009765625
vt 0.19519043 0.0090713501
vt 0.193847656 0.00992584229
vt 0.197753906 0.0086517334
vt 0.195678711 0.00621795654
vt 0.198120117 0.00644302368
vt 0.197143555 0.0047454834
vt 0.193847656 0.00390625
vt 0.054107666 0.00832366943
vt 0.0513916016 0.0103607178
vt 0.0553588867 0.00924682617
vt 0.0566101074 0.00807952881
vt 0.054107666 0.00589370728
vt 0.0564880371 0.00583267212
vt 0.0547485352 0.00436019897
vt 0.0513916016 0.00390625
vt 0.0694580078 0.00900268555
vt 0.067199707 0.0105895996
vt 0.0702514648 0.0104064941
vt 0.0714111328 0.00922393799
vt 0.0696411133 0.00667572021
vt 0.0715332031 0.00706481934
vt 0.0703125 0.00532150269
vt 0.067199707 0.00390625
vt 0.0628662109 0.324707031
vt 0.0688476562 0.375244141
vt 0.0787963867 0.339599609
vt 0.0323181152 0.329589844
vt 0.0547790527 0.272949219
vt 0.0708007812 0.302978516
vt 0.00390625 0.267822266
vt 0.0522460938 0.247558594
vt 0.00390625 0.321777344
vt 0.00390625 0.363525391
vt 0.00390625 0.253417969
vt 0.00390625 0.405029297
vt 0.037689209 0.456298828
vt 0.00390625 0.443115234
vt 0.00390625 0.213500977
vt 0.00390625 0.476806641
vt 0.113952637 0.380126953
vt 0.0548400879 0.210083008
vt 0.00390625 0.160888672
vt 0.0256195068 0.488037109
vt 0.00390625 0.528808594
vt 0.142456055 0.215698242
vt 0.129516602 0.287353516
vt 0.229980469 0.308349609
vt 0.146118164 0.329589844
vt 0.0516052246 0.154785156
vt 0.00390625 0.0944213867
vt 0.0469970703 0.0761108398
vt 0.123474121 0.0814208984
vt 0.130371094 0.147705078
vt 0.180053711 0.076171875
vt 0.187988281 0.141845703
vt 0.243408203 0.133911133
vt 0.258789062 0.03074646
vt 0.309814453 0.046295166
vt 0.295166016 0.129272461
vt 0.346679688 0.23425293
vt 0.319335938 0.343994141
vt 0.428466797 0.326904297
vt 0.367919922 0.388183594
vt 0.453857422 0.351806641
vt 0.246582031 0.357910156
vt 0.296875 0.391845703
vt 0.204223633 0.374511719
vt 0.166015625 0.434814453
vt 0.161743164 0.471679688
vt 0.118103027 0.473388672
vt 0.0700683594 0.482177734
vt 0.0537414551 0.499023438
vt 0.321777344 0.422119141
vt 0.0269622803 0.534179688
vt 0.0569152832 0.53515625
vt 0.0606079102 0.551757812
vt 0.0176849365 0.551757812
vt 0.00390625 0.551757812
vt 0.382324219 0.443115234
vt 0.344726562 0.464355469
vt 0.428955078 0.424804688
vt 0.437744141 0.37890625
vt 0.462402344 0.42578125
vt 0.468994141 0.388427734
vt 0.477294922 0.3671875
vt 0.521484375 0.375488281
vt 0.521484375 0.401611328
vt 0.519042969 0.442382812
vt 0.561523438 0.436767578
vt 0.557128906 0.400634766
vt 0.555175781 0.371826172
vt 0.750976562 0.973632812
vt 0.730957031 0.981445312
vt 0.749511719 0.982910156
vt 0.733398438 0.970703125
vt 0.752929688 0.94921875
vt 0.698730469 0.965332031
vt 0.740722656 0.948242188
vt 0.749511719 0.915527344
vt 0.734375 0.91796875
vt 0.733886719 0.889648438
vt 0.725585938 0.948242188
vt 0.721191406 0.89453125
vt 0.69140625 0.86328125
vt 0.719726562 0.920898438
vt 0.712402344 0.946777344
vt 0.703125 0.958007812
vt 0.698730469 0.9453125
vt 0.696777344 0.956542969
vt 0.693359375 0.963378906
vt 0.69140625 0.95703125
vt 0.6875 0.96484375
vt 0.709960938 0.899902344
vt 0.707519531 0.921875
vt 0.700195312 0.903320312
vt 0.697265625 0.921386719
vt 0.692871094 0.904785156
vt 0.692871094 0.904785156
vt 0.690917969 0.921386719
vt 0.681640625 0.898925781
vt 0.66015625 0.885742188
vt 0.674316406 0.918457031
vt 0.643554688 0.912597656
vt 0.688964844 0.9453125
vt 0.668945312 0.943359375
vt 0.637207031 0.946777344
vt 0.685058594 0.958007812
vt 0.656738281 0.96484375
vt 0.637207031 0.968261719
vt 0.657226562 0.973632812
vt 0.637207031 0.978515625
vt 0.603027344 0.62890625
vt 0.58203125 0.539550781
vt 0.573730469 0.55078125
vt 0.65234375 0.603027344
vt 0.670898438 0.540527344
vt 0.590820312 0.505371094
vt 0.738769531 0.567871094
vt 0.737304688 0.640136719
vt 0.673339844 0.396728516
vt 0.596191406 0.3828125
vt 0.791992188 0.577148438
vt 0.797851562 0.647949219
vt 0.733886719 0.410888672
vt 0.671386719 0.224365234
vt 0.599121094 0.223632812
vt 0.868164062 0.563476562
vt 0.887207031 0.624023438
vt 0.78125 0.417480469
vt 0.718261719 0.224121094
vt 0.666503906 0.196044922
vt 0.596191406 0.197509766
vt 0.595703125 0.102416992
vt 0.773925781 0.227416992
vt 0.84375 0.230102539
vt 0.853027344 0.413085938
vt 0.715332031 0.197631836
vt 0.940917969 0.382080078
vt 0.95703125 0.4921875
vt 0.978027344 0.520996094
vt 0.942871094 0.625488281
vt 0.992675781 0.522949219
vt 0.938964844 0.238525391
vt 0.938964844 0.212646484
vt 0.767578125 0.198730469
vt 0.840332031 0.202758789
vt 0.833984375 0.0988769531
vt 0.938964844 0.106567383
vt 0.751953125 0.0961303711
vt 0.834472656 0.00584030151
vt 0.938964844 0.0205688477
vt 0.75 0.00456237793
vt 0.695800781 0.00689315796
vt 0.700683594 0.0965576172
vt 0.650878906 0.0110015869
vt 0.657714844 0.0983886719
vt 0.59375 0.0210418701
vt 0.549316406 0.110534668
vt 0.564941406 0.146850586
vt 0.562988281 0.106384277
vt 0.546386719 0.141845703
vt 0.540039062 0.150268555
vt 0.532714844 0.106262207
vt 0.149169922 0.0124740601
vt 0.14440918 0.0122451782
vt 0.145874023 0.0281829834
vt 0.154052734 0.0152587891
vt 0.155639648 0.0273284912
vt 0.154418945 0.00804901123
vt 0.850097656 0.681640625
vt 0.87109375 0.689941406
vt 0.869140625 0.677246094
vt 0.846191406 0.699707031
vt 0.833984375 0.692871094
vt 0.8046875 0.724609375
vt 0.857910156 0.713867188
vt 0.87890625 0.6953125
vt 0.893554688 0.658691406
vt 0.813964844 0.741210938
vt 0.751464844 0.73828125
vt 0.860351562 0.748046875
vt 0.811035156 0.763183594
vt 0.756835938 0.791503906
vt 0.785644531 0.810546875
vt 0.724121094 0.859375
vt 0.740234375 0.870605469
vt 0.753417969 0.881835938
vt 0.812988281 0.828125
vt 0.830566406 0.84765625
vt 0.900878906 0.793457031
vt 0.8984375 0.741210938
vt 0.763671875 0.8984375
vt 0.843261719 0.8671875
vt 0.860839844 0.8984375
vt 0.771972656 0.928222656
vt 0.925292969 0.8125
vt 0.865722656 0.923339844
vt 0.913085938 0.896972656
vt 0.916015625 0.921386719
vt 0.919433594 0.942871094
vt 0.853027344 0.946289062
vt 0.776367188 0.956542969
vt 0.892089844 0.96484375
vt 0.922363281 0.962402344
vt 0.927246094 0.98828125
vt 0.867675781 0.98828125
vt 0.844726562 0.966796875
vt 0.777832031 0.982421875
vt 0.914550781 0.854003906
vt 0.935546875 0.814941406
vt 0.948242188 0.789550781
vt 0.940429688 0.781738281
vt 0.963378906 0.771484375
vt 0.967773438 0.77734375
vt 0.964355469 0.766113281
vt 0.936523438 0.771484375
vt 0.927734375 0.777832031
vt 0.924804688 0.762207031
vt 0.916503906 0.74609375
vt 0.9453125 0.754882812
vt 0.961425781 0.755859375
vt 0.965820312 0.744628906
vt 0.959472656 0.73828125
vt 0.924316406 0.753417969
vt 0.936523438 0.74609375
vt 0.937011719 0.732421875
vt 0.959472656 0.725585938
vt 0.913574219 0.736816406
vt 0.950683594 0.717285156
vt 0.953125 0.712890625
vt 0.9296875 0.721191406
vt 0.922851562 0.712402344
vt 0.900878906 0.720703125
vt 0.940429688 0.696777344
vt 0.944335938 0.696289062
vt 0.918457031 0.705078125
vt 0.932128906 0.693847656
vt 0.932617188 0.687011719
vt 0.905273438 0.707519531
vt 0.897949219 0.711914062
vt 0.916503906 0.667480469
vt 0.890625 0.700683594
vt 0.907226562 0.666015625
vt 0.896972656 0.663085938
vt 0.0943603516 0.662597656
vt 0.101867676 0.659667969
vt 0.0838623047 0.656738281
vt 0.112182617 0.651367188
vt 0.110717773 0.66015625
vt 0.0791015625 0.637207031
vt 0.115478516 0.655273438
vt 0.125366211 0.653320312
vt 0.0791015625 0.618652344
vt 0.12890625 0.645996094
vt 0.112915039 0.594238281
vt 0.0871582031 0.571777344
vt 0.134643555 0.628417969
vt 0.138061523 0.635742188
vt 0.143066406 0.642089844
vt 0.143920898 0.624511719
vt 0.139404297 0.598144531
vt 0.133178711 0.553710938
vt 0.109741211 0.514160156
vt 0.0864257812 0.51171875
vt 0.132080078 0.510253906
vt 0.0927124023 0.490722656
vt 0.122802734 0.490478516
vt 0.106384277 0.484863281
vt 0.0101394653 0.0308837891
vt 0.0138549805 0.0122909546
vt 0.00761795044 0.00894927979
vt 0.0159912109 0.0258483887
vt 0.0190734863 0.00991821289
vt 0.0201568604 0.0311126709
vt 0.177612305 0.0228118896
vt 0.171142578 0.0101776123
vt 0.170166016 0.0323791504
vt 0.177856445 0.0100860596
vt 0.18347168 0.0206756592
vt 0.176269531 0.00390625
vt 0.181640625 0.00634765625
vt 0.39453125 0.0200195312
vt 0.388427734 0.00603103638
vt 0.386474609 0.0225982666
vt 0.395507812 0.00570678711
vt 0.400878906 0.0219726562
vt 0.0338745117 0.613769531
vt 0.0239257812 0.616210938
vt 0.0116348267 0.559570312
vt 0.0379333496 0.670410156
vt 0.0459594727 0.671875
vt 0.0288085938 0.698242188
vt 0.0250854492 0.6953125
vt 0.00390625 0.713378906
vt 0.378662109 0.687988281
vt 0.360107422 0.697753906
vt 0.360107422 0.689453125
vt 0.37890625 0.694824219
vt 0.360107422 0.708984375
vt 0.401123047 0.680664062
vt 0.399902344 0.681152344
vt 0.379638672 0.705566406
vt 0.360107422 0.715820312
vt 0.405517578 0.6796875
vt 0.376464844 0.682128906
vt 0.377197266 0.6875
vt 0.360107422 0.687988281
vt 0.360107422 0.683105469
vt 0.360107422 0.672851562
vt 0.377685547 0.671875
vt 0.360107422 0.656738281
vt 0.382080078 0.714355469
vt 0.384277344 0.656738281
vt 0.392822266 0.625976562
vt 0.360107422 0.626464844
vt 0.360107422 0.586914062
vt 0.423339844 0.678222656
vt 0.378173828 0.72265625
vt 0.360107422 0.720703125
vt 0.424316406 0.7265625
vt 0.368896484 0.726074219
vt 0.360107422 0.725585938
vt 0.360107422 0.731445312
vt 0.365722656 0.731445312
vt 0.360107422 0.742675781
vt 0.367919922 0.741210938
vt 0.383544922 0.732910156
vt 0.360107422 0.762695312
vt 0.401367188 0.748535156
vt 0.388671875 0.743164062
vt 0.370361328 0.758789062
vt 0.360107422 0.778808594
vt 0.374267578 0.772460938
vt 0.379638672 0.791015625
vt 0.360107422 0.797363281
vt 0.382080078 0.815429688
vt 0.360107422 0.818359375
vt 0.360107422 0.852539062
vt 0.417236328 0.76953125
vt 0.416259766 0.793945312
vt 0.419189453 0.803222656
vt 0.427490234 0.794921875
vt 0.434326172 0.810546875
vt 0.448486328 0.7890625
vt 0.395996094 0.854492188
vt 0.457275391 0.811035156
vt 0.443603516 0.7578125
vt 0.466552734 0.790039062
vt 0.409912109 0.931152344
vt 0.360107422 0.91796875
vt 0.467285156 0.861328125
vt 0.501464844 0.932617188
vt 0.535644531 0.828125
vt 0.483642578 0.807617188
vt 0.542480469 0.752929688
vt 0.592773438 0.895507812
vt 0.483154297 0.799316406
vt 0.474365234 0.752441406
vt 0.606933594 0.784667969
vt 0.639648438 0.844238281
vt 0.633789062 0.809082031
vt 0.66015625 0.828125
vt 0.583984375 0.720703125
vt 0.568359375 0.682128906
vt 0.511230469 0.681152344
vt 0.564941406 0.659667969
vt 0.452636719 0.706054688
vt 0.470703125 0.646972656
vt 0.502929688 0.617675781
vt 0.396240234 0.588378906
vt 0.40625 0.558105469
vt 0.360107422 0.553710938
vt 0.525878906 0.602539062
vt 0.583007812 0.643066406
vt 0.604003906 0.676269531
vt 0.625976562 0.667480469
vt 0.629882812 0.683105469
vt 0.988769531 0.329345703
vt 0.983398438 0.329101562
vt 0.9765625 0.298095703
vt 0.984863281 0.296142578
vt 0.9765625 0.286376953
vt 0.9765625 0.262207031
vt 0.961425781 0.267578125
vt 0.957519531 0.269042969
vt 0.951171875 0.232788086
vt 0.954101562 0.233032227
vt 0.979003906 0.227661133
vt 0.961914062 0.208251953
vt 0.965820312 0.208129883
vt 0.985351562 0.205688477
vt 0.977539062 0.186645508
vt 0.980957031 0.187988281
vt 0.98828125 0.182861328
vt 0.984375 0.176391602
vt 0.501953125 0.0585632324
vt 0.537597656 0.0462036133
vt 0.532226562 0.0729370117
vt 0.509277344 0.0350036621
vt 0.472412109 0.0458984375
vt 0.477294922 0.0231628418
vt 0.448730469 0.0411376953
vt 0.448486328 0.025894165
vt 0.467041016 0.0110931396
vt 0.370117188 0.233398438
vt 0.382568359 0.223266602
vt 0.381103516 0.237304688
vt 0.377441406 0.216552734
vt 0.365234375 0.209716797
vt 0.351318359 0.215698242
vt 0.358886719 0.194213867
vt 0.340820312 0.19128418
vt 0.376464844 0.208984375
vt 0.378173828 0.201538086
vt 0.384765625 0.20324707
vt 0.383056641 0.177856445
vt 0.371826172 0.185791016
vt 0.347412109 0.182861328
vt 0.360595703 0.170776367
vt 0.357666016 0.1640625
vt 0.360107422 0.0531921387
vt 0.340087891 0.0540771484
vt 0.339355469 0.0391845703
vt 0.372314453 0.0379333496
vt 0.371826172 0.0155944824
vt 0.361083984 0.00626754761
vt 0.342773438 0.0051651001
vt 0.328613281 0.0163574219
vt 0.325439453 0.0376281738
vt 0.328857422 0.0437316895
vt 0.330810547 0.0458068848
vt 0.330810547 0.0458068848
vt 0.325439453 0.0376281738
vt 0.328857422 0.0437316895
vt 0.328369141 0.0478820801
vt 0.339355469 0.0391845703
vt 0.326660156 0.0485839844
vt 0.340087891 0.0540771484
vt 0.497558594 0.167724609
vt 0.499511719 0.146606445
vt 0.504394531 0.147094727
vt 0.505371094 0.16784668
vt 0.505859375 0.188842773
vt 0.497802734 0.189208984
vt 0.499511719 0.207275391
vt 0.507324219 0.211914062
vt 0.497802734 0.208374023
vt 0.513671875 0.167358398
vt 0.514160156 0.188232422
vt 0.509765625 0.146118164
vt 0.518066406 0.206298828
vt 0.513183594 0.223754883
vt 0.493164062 0.225341797
vt 0.524902344 0.2109375
vt 0.541503906 0.215698242
vt 0.532714844 0.209960938
vt 0.541503906 0.197753906
vt 0.504882812 0.141113281
vt 0.500488281 0.142822266
vt 0.508300781 0.140869141
vt 0.511230469 0.141601562
vt 0.489257812 0.220947266
vt 0.49609375 0.214233398
vt 0.487548828 0.197387695
vt 0.483642578 0.201049805
vt 0.473632812 0.181518555
vt 0.478027344 0.206420898
vt 0.470458984 0.184204102
vt 0.456054688 0.164428711
vt 0.464599609 0.188842773
vt 0.454345703 0.166748047
vt 0.451171875 0.164428711
vt 0.453857422 0.161987305
vt 0.448974609 0.162475586
vt 0.450195312 0.170043945
vt 0.447509766 0.166748047
vt 0.445800781 0.164550781
vt 0.443115234 0.169067383
vt 0.445556641 0.172729492
vt 0.458007812 0.193725586
vt 0.471435547 0.211914062
vt 0.479736328 0.224853516
vt 0.480712891 0.226318359
vt 0.481689453 0.228149414
vt 0.48828125 0.232299805
vt 0.467773438 0.23034668
vt 0.501953125 0.242797852
vt 0.46875 0.235351562
vt 0.44921875 0.234619141
vt 0.469238281 0.242675781
vt 0.450683594 0.239135742
vt 0.488525391 0.243041992
vt 0.489501953 0.252441406
vt 0.431640625 0.245483398
vt 0.428710938 0.243652344
vt 0.428466797 0.247192383
vt 0.43359375 0.25
vt 0.4296875 0.250732422
vt 0.433105469 0.254638672
vt 0.452148438 0.24609375
vt 0.452880859 0.252441406
vt 0.469482422 0.249389648
vt 0.483398438 0.251220703
vt 0.484863281 0.252685547
vt 0.477294922 0.262939453
vt 0.479492188 0.264404297
vt 0.471435547 0.276367188
vt 0.473876953 0.277099609
vt 0.468261719 0.295166016
vt 0.493164062 0.259521484
vt 0.483886719 0.268554688
vt 0.503417969 0.255859375
vt 0.523925781 0.256347656
vt 0.533691406 0.233276367
vt 0.50390625 0.267089844
vt 0.496826172 0.268310547
vt 0.518554688 0.270996094
vt 0.489501953 0.273681641
vt 0.536132812 0.277099609
vt 0.478515625 0.279541016
vt 0.484375 0.282470703
vt 0.543457031 0.263671875
vt 0.546386719 0.280029297
vt 0.555175781 0.268554688
vt 0.55078125 0.240844727
vt 0.56640625 0.258300781
vt 0.562011719 0.240234375
vt 0.559082031 0.222290039
vt 0.551757812 0.219848633
vt 0.560546875 0.204833984
vt 0.469726562 0.295410156
vt 0.555664062 0.203857422
vt 0.473144531 0.296386719
vt 0.476074219 0.298095703
vt 0.469726562 0.297851562
vt 0.467041016 0.296630859
vt 0.469238281 0.298828125
vt 0.47265625 0.298828125
vt 0.472412109 0.300292969
vt 0.476074219 0.301025391
vt 0.547851562 0.201171875
vt 0.55859375 0.1796875
vt 0.554199219 0.176147461
vt 0.560058594 0.173339844
vt 0.5546875 0.171630859
vt 0.564941406 0.176025391
vt 0.562988281 0.181396484
vt 0.567382812 0.178710938
vt 0.261962891 0.438232422
vt 0.257568359 0.413330078
vt 0.266113281 0.415283203
vt 0.251953125 0.436279297
vt 0.251953125 0.411865234
vt 0.244506836 0.434326172
vt 0.258789062 0.459960938
vt 0.237915039 0.454833984
vt 0.24621582 0.457763672
vt 0.255615234 0.4765625
vt 0.232055664 0.472412109
vt 0.240722656 0.477783203
vt 0.229614258 0.475097656
vt 0.255859375 0.480957031
vt 0.235595703 0.483398438
vt 0.253173828 0.496826172
vt 0.216430664 0.463378906
vt 0.264648438 0.481445312
vt 0.222290039 0.488525391
vt 0.278320312 0.484863281
vt 0.270507812 0.4609375
vt 0.282714844 0.463623047
vt 0.276123047 0.443359375
vt 0.286376953 0.446289062
vt 0.289794922 0.428710938
vt 0.282226562 0.425048828
vt 0.288818359 0.424560547
vt 0.287353516 0.422363281
vt 0.28515625 0.421386719
vt 0.283203125 0.422119141
vt 0.27734375 0.499267578
vt 0.240966797 0.520019531
vt 0.284912109 0.487304688
vt 0.224731445 0.502441406
vt 0.209350586 0.491943359
vt 0.291992188 0.490722656
vt 0.294677734 0.473632812
vt 0.209472656 0.504882812
vt 0.210205078 0.467773438
vt 0.19934082 0.44921875
vt 0.204833984 0.446044922
vt 0.194213867 0.428222656
vt 0.202148438 0.470947266
vt 0.188720703 0.430175781
vt 0.190185547 0.42578125
vt 0.187866211 0.42578125
vt 0.185546875 0.427001953
vt 0.184936523 0.429443359
vt 0.184570312 0.432861328
vt 0.193481445 0.451904297
vt 0.180664062 0.434814453
vt 0.186767578 0.454833984
vt 0.194458008 0.473388672
vt 0.198486328 0.492919922
vt 0.197387695 0.502441406
vt 0.190063477 0.5078125
vt 0.193969727 0.519042969
vt 0.207519531 0.522949219
vt 0.171142578 0.514160156
vt 0.172729492 0.506835938
vt 0.185424805 0.534179688
vt 0.167602539 0.525390625
vt 0.197753906 0.54296875
vt 0.145874023 0.517578125
vt 0.14855957 0.508789062
vt 0.149536133 0.501953125
vt 0.143188477 0.514160156
vt 0.142456055 0.512207031
vt 0.143066406 0.508789062
vt 0.145385742 0.506835938
vt 0.240112305 0.540039062
vt 0.198974609 0.563476562
vt 0.276367188 0.537597656
vt 0.238891602 0.557128906
vt 0.275634766 0.518554688
vt 0.288330078 0.502441406
vt 0.287109375 0.538085938
vt 0.283203125 0.555175781
vt 0.286376953 0.51953125
vt 0.300048828 0.521484375
vt 0.301269531 0.505371094
vt 0.299560547 0.538574219
vt 0.305419922 0.556152344
vt 0.303222656 0.494384766
vt 0.299804688 0.477050781
vt 0.307373047 0.480712891
vt 0.307373047 0.465820312
vt 0.303222656 0.462646484
vt 0.28515625 0.600097656
vt 0.312988281 0.469482422
vt 0.316162109 0.471435547
vt 0.317871094 0.451660156
vt 0.315429688 0.448974609
vt 0.322509766 0.454589844
vt 0.324951172 0.455322266
vt 0.322509766 0.449951172
vt 0.320068359 0.448730469
vt 0.310058594 0.601074219
vt 0.342529297 0.562988281
vt 0.343261719 0.602539062
vt 0.310058594 0.673339844
vt 0.34375 0.671386719
vt 0.333496094 0.723632812
vt 0.283691406 0.673828125
vt 0.236328125 0.675292969
vt 0.285888672 0.722167969
vt 0.308837891 0.719238281
vt 0.30859375 0.74609375
vt 0.337890625 0.744140625
vt 0.310546875 0.805664062
vt 0.343017578 0.803222656
vt 0.344238281 0.843261719
vt 0.236694336 0.6015625
vt 0.196044922 0.604492188
vt 0.174560547 0.567871094
vt 0.174560547 0.605957031
vt 0.196411133 0.676269531
vt 0.174560547 0.676269531
vt 0.196655273 0.727050781
vt 0.174560547 0.727050781
vt 0.174560547 0.747558594
vt 0.237426758 0.729003906
vt 0.196777344 0.749023438
vt 0.174560547 0.803222656
vt 0.23828125 0.751464844
vt 0.196655273 0.807128906
vt 0.174560547 0.841308594
vt 0.193969727 0.849609375
vt 0.174560547 0.857421875
vt 0.185668945 0.868164062
vt 0.239135742 0.812011719
vt 0.22644043 0.869628906
vt 0.216796875 0.903320312
vt 0.256103516 0.875
vt 0.255615234 0.916503906
vt 0.295410156 0.908203125
vt 0.288085938 0.869140625
vt 0.319335938 0.888671875
vt 0.286865234 0.809082031
vt 0.309814453 0.859375
vt 0.347412109 0.860351562
vt 0.285400391 0.748046875
vt 0.257568359 0.413330078
vt 0.256835938 0.408447266
vt 0.258544922 0.407226562
vt 0.261230469 0.407958984
vt 0.262695312 0.41015625
vt 0.212402344 0.00848388672
vt 0.209716797 0.00994873047
vt 0.211303711 0.00831604004
vt 0.211303711 0.0061378479
vt 0.212524414 0.00624465942
vt 0.209716797 0.00390625
vt 0.0380249023 0.00722122192
vt 0.0355529785 0.00390625
vt 0.0385131836 0.00511550903
vt 0.0400390625 0.00726318359
vt 0.0399169922 0.0101318359
vt 0.037689209 0.0108566284
vt 0.0388183594 0.011505127
vt 0.0355529785 0.0123214722
vt 0.196166992 0.009765625
vt 0.193847656 0.00992584229
vt 0.19519043 0.0090713501
vt 0.197753906 0.0086517334
vt 0.195678711 0.00621795654
vt 0.198120117 0.00644302368
vt 0.197143555 0.0047454834
vt 0.193847656 0.00390625
vt 0.054107666 0.00832366943
vt 0.0553588867 0.00924682617
vt 0.0513916016 0.0103607178
vt 0.0566101074 0.00807952881
vt 0.054107666 0.00589370728
vt 0.0564880371 0.00583267212
vt 0.0547485352 0.00436019897
vt 0.0513916016 0.00390625
vt 0.0694580078 0.00900268555
vt 0.0702514648 0.0104064941
vt 0.067199707 0.0105895996
vt 0.0714111328 0.00922393799
vt 0.0696411133 0.00667572021
vt 0.0715332031 0.00706481934
vt 0.0703125 0.00532150269
vt 0.067199707 0.00390625
vt 0.0628662109 0.324707031
vt 0.0787963867 0.339599609
vt 0.0688476562 0.375244141
vt 0.0323181152 0.329589844
vt 0.0547790527 0.272949219
vt 0.0708007812 0.302978516
vt 0.00390625 0.267822266
vt 0.0522460938 0.247558594
vt 0.00390625 0.321777344
vt 0.00390625 0.363525391
vt 0.00390625 0.253417969
vt 0.00390625 0.405029297
vt 0.037689209 0.456298828
vt 0.00390625 0.443115234
vt 0.00390625 0.213500977
vt 0.00390625 0.476806641
vt 0.113952637 0.380126953
vt 0.0548400879 0.210083008
vt 0.00390625 0.160888672
vt 0.0256195068 0.488037109
vt 0.00390625 0.528808594
vt 0.142456055 0.215698242
vt 0.129516602 0.287353516
vt 0.229980469 0.308349609
vt 0.146118164 0.329589844
vt 0.0516052246 0.154785156
vt 0.00390625 0.0944213867
vt 0.0469970703 0.0761108398
vt 0.123474121 0.0814208984
vt 0.130371094 0.147705078
vt 0.180053711 0.076171875
vt 0.187988281 0.141845703
vt 0.243408203 0.133911133
vt 0.258789062 0.03074646
vt 0.309814453 0.046295166
vt 0.295166016 0.129272461
vt 0.346679688 0.23425293
vt 0.319335938 0.343994141
vt 0.428466797 0.326904297
vt 0.367919922 0.388183594
vt 0.453857422 0.351806641
vt 0.246582031 0.357910156
vt 0.296875 0.391845703
vt 0.204223633 0.374511719
vt 0.166015625 0.434814453
vt 0.161743164 0.471679688
vt 0.118103027 0.473388672
vt 0.0700683594 0.482177734
vt 0.0537414551 0.499023438
vt 0.321777344 0.422119141
vt 0.0269622803 0.534179688
vt 0.0569152832 0.53515625
vt 0.0606079102 0.551757812
vt 0.0176849365 0.551757812
vt 0.00390625 0.551757812
vt 0.382324219 0.443115234
vt 0.344726562 0.464355469
vt 0.428955078 0.424804688
vt 0.437744141 0.37890625
vt 0.462402344 0.42578125
vt 0.468994141 0.388427734
vt 0.477294922 0.3671875
vt 0.521484375 0.375488281
vt 0.521484375 0.401611328
vt 0.519042969 0.442382812
vt 0.561523438 0.436767578
vt 0.557128906 0.400634766
vt 0.555175781 0.371826172
vt 0.750976562 0.973632812
vt 0.749511719 0.982910156
vt 0.730957031 0.981445312
vt 0.733398438 0.970703125
vt 0.752929688 0.94921875
vt 0.698730469 0.965332031
vt 0.740722656 0.948242188
vt 0.749511719 0.915527344
vt 0.734375 0.91796875
vt 0.733886719 0.889648438
vt 0.725585938 0.948242188
vt 0.721191406 0.89453125
vt 0.69140625 0.86328125
vt 0.719726562 0.920898438
vt 0.712402344 0.946777344
vt 0.703125 0.958007812
vt 0.698730469 0.9453125
vt 0.696777344 0.956542969
vt 0.693359375 0.963378906
vt 0.69140625 0.95703125
vt 0.6875 0.96484375
vt 0.709960938 0.899902344
vt 0.707519531 0.921875
vt 0.700195312 0.903320312
vt 0.697265625 0.921386719
vt 0.692871094 0.904785156
vt 0.692871094 0.904785156
vt 0.690917969 0.921386719
vt 0.681640625 0.898925781
vt 0.66015625 0.885742188
vt 0.674316406 0.918457031
vt 0.643554688 0.912597656
vt 0.688964844 0.9453125
vt 0.668945312 0.943359375
vt 0.637207031 0.946777344
vt 0.685058594 0.958007812
vt 0.656738281 0.96484375
vt 0.637207031 0.968261719
vt 0.657226562 0.973632812
vt 0.637207031 0.978515625
vt 0.603027344 0.62890625
vt 0.573730469 0.55078125
vt 0.58203125 0.539550781
vt 0.65234375 0.603027344
vt 0.670898438 0.540527344
vt 0.590820312 0.505371094
vt 0.738769531 0.567871094
vt 0.737304688 0.640136719
vt 0.673339844 0.396728516
vt 0.596191406 0.3828125
vt 0.791992188 0.577148438
vt 0.797851562 0.647949219
vt 0.733886719 0.410888672
vt 0.671386719 0.224365234
vt 0.599121094 0.223632812
vt 0.868164062 0.563476562
vt 0.887207031 0.624023438
vt 0.78125 0.417480469
vt 0.718261719 0.224121094
vt 0.666503906 0.196044922
vt 0.596191406 0.197509766
vt 0.595703125 0.102416992
vt 0.773925781 0.227416992
vt 0.84375 0.230102539
vt 0.853027344 0.413085938
vt 0.715332031 0.197631836
vt 0.940917969 0.382080078
vt 0.95703125 0.4921875
vt 0.978027344 0.520996094
vt 0.942871094 0.625488281
vt 0.992675781 0.522949219
vt 0.938964844 0.238525391
vt 0.938964844 0.212646484
vt 0.767578125 0.198730469
vt 0.840332031 0.202758789
vt 0.833984375 0.0988769531
vt 0.938964844 0.106567383
vt 0.751953125 0.0961303711
vt 0.834472656 0.00584030151
vt 0.938964844 0.0205688477
vt 0.75 0.00456237793
vt 0.695800781 0.00689315796
vt 0.700683594 0.0965576172
vt 0.650878906 0.0110015869
vt 0.657714844 0.0983886719
vt 0.59375 0.0210418701
vt 0.549316406 0.110534668
vt 0.562988281 0.106384277
vt 0.564941406 0.146850586
vt 0.546386719 0.141845703
vt 0.540039062 0.150268555
vt 0.532714844 0.106262207
vt 0.149169922 0.0124740601
vt 0.145874023 0.0281829834
vt 0.14440918 0.0122451782
vt 0.154052734 0.0152587891
vt 0.155639648 0.0273284912
vt 0.154418945 0.00804901123
vt 0.850097656 0.681640625
vt 0.869140625 0.677246094
vt 0.87109375 0.689941406
vt 0.846191406 0.699707031
vt 0.833984375 0.692871094
vt 0.8046875 0.724609375
vt 0.857910156 0.713867188
vt 0.87890625 0.6953125
vt 0.893554688 0.658691406
vt 0.813964844 0.741210938
vt 0.751464844 0.73828125
vt 0.860351562 0.748046875
vt 0.811035156 0.763183594
vt 0.756835938 0.791503906
vt 0.785644531 0.810546875
vt 0.724121094 0.859375
vt 0.740234375 0.870605469
vt 0.753417969 0.881835938
vt 0.812988281 0.828125
vt 0.830566406 0.84765625
vt 0.900878906 0.793457031
vt 0.8984375 0.741210938
vt 0.763671875 0.8984375
vt 0.843261719 0.8671875
vt 0.860839844 0.8984375
vt 0.771972656 0.928222656
vt 0.925292969 0.8125
vt 0.865722656 0.923339844
vt 0.913085938 0.896972656
vt 0.916015625 0.921386719
vt 0.919433594 0.942871094
vt 0.853027344 0.946289062
vt 0.776367188 0.956542969
vt 0.892089844 0.96484375
vt 0.922363281 0.962402344
vt 0.927246094 0.98828125
vt 0.867675781 0.98828125
vt 0.844726562 0.966796875
vt 0.777832031 0.982421875
vt 0.935546875 0.814941406
vt 0.914550781 0.854003906
vt 0.948242188 0.789550781
vt 0.940429688 0.781738281
vt 0.963378906 0.771484375
vt 0.967773438 0.77734375
vt 0.964355469 0.766113281
vt 0.936523438 0.771484375
vt 0.927734375 0.777832031
vt 0.924804688 0.762207031
vt 0.916503906 0.74609375
vt 0.9453125 0.754882812
vt 0.961425781 0.755859375
vt 0.965820312 0.744628906
vt 0.959472656 0.73828125
vt 0.924316406 0.753417969
vt 0.936523438 0.74609375
vt 0.937011719 0.732421875
vt 0.959472656 0.725585938
vt 0.913574219 0.736816406
vt 0.950683594 0.717285156
vt 0.953125 0.712890625
vt 0.9296875 0.721191406
vt 0.922851562 0.712402344
vt 0.900878906 0.720703125
vt 0.940429688 0.696777344
vt 0.944335938 0.696289062
vt 0.918457031 0.705078125
vt 0.932128906 0.693847656
vt 0.932617188 0.687011719
vt 0.905273438 0.707519531
vt 0.897949219 0.711914062
vt 0.916503906 0.667480469
vt 0.890625 0.700683594
vt 0.907226562 0.666015625
vt 0.896972656 0.663085938
vt 0.0943603516 0.662597656
vt 0.0838623047 0.656738281
vt 0.101867676 0.659667969
vt 0.112182617 0.651367188
vt 0.110717773 0.66015625
vt 0.0791015625 0.637207031
vt 0.115478516 0.655273438
vt 0.125366211 0.653320312
vt 0.0791015625 0.618652344
vt 0.12890625 0.645996094
vt 0.112915039 0.594238281
vt 0.0871582031 0.571777344
vt 0.134643555 0.628417969
vt 0.138061523 0.635742188
vt 0.143066406 0.642089844
vt 0.143920898 0.624511719
vt 0.139404297 0.598144531
vt 0.133178711 0.553710938
vt 0.109741211 0.514160156
vt 0.0864257812 0.51171875
vt 0.132080078 0.510253906
vt 0.0927124023 0.490722656
vt 0.122802734 0.490478516
vt 0.106384277 0.484863281
vt 0.0101394653 0.0308837891
vt 0.00761795044 0.00894927979
vt 0.0138549805 0.0122909546
vt 0.0159912109 0.0258483887
vt 0.0190734863 0.00991821289
vt 0.0201568604 0.0311126709
vt 0.177612305 0.0228118896
vt 0.170166016 0.0323791504
vt 0.171142578 0.0101776123
vt 0.177856445 0.0100860596
vt 0.18347168 0.0206756592
vt 0.176269531 0.00390625
vt 0.181640625 0.00634765625
vt 0.39453125 0.0200195312
vt 0.386474609 0.0225982666
vt 0.388427734 0.00603103638
vt 0.395507812 0.00570678711
vt 0.400878906 0.0219726562
vt 0.336425781 0.969238281
vt 0.221069336 0.935058594
vt 0.336425781 0.935058594
vt 0.221557617 0.9609375
vt 0.1953125 0.935058594
vt 0.207519531 0.963378906
vt 0.336425781 0.989257812
vt 0.504882812 0.520996094
vt 0.380615234 0.520996094
vt 0.380126953 0.492919922
vt 0.504882812 0.471191406
vt 0.164306641 0.784179688
vt 0.112731934 0.725097656
vt 0.164794922 0.725097656
vt 0.112731934 0.784179688
vt 0.0492248535 0.725097656
vt 0.0492248535 0.784179688
vt 0.00776290894 0.725097656
vt 0.00776290894 0.784179688
vt 0.164306641 0.800292969
vt 0.112731934 0.790039062
vt 0.164306641 0.790039062
vt 0.112731934 0.800292969
vt 0.0492248535 0.790039062
vt 0.0492248535 0.800292969
vt 0.00776290894 0.790039062
vt 0.00776290894 0.800292969
vt 0.164306641 0.806640625
vt 0.164306641 0.849609375
vt 0.112731934 0.849609375
vt 0.112731934 0.806640625
vt 0.0492248535 0.849609375
vt 0.0492248535 0.806640625
vt 0.00776290894 0.849609375
vt 0.00776290894 0.806640625
vt 0.0612487793 0.858886719
vt 0.00846099854 0.918945312
vt 0.00846099854 0.858886719
vt 0.0612487793 0.918945312
vt 0.12512207 0.858886719
vt 0.12512207 0.918945312
vt 0.164916992 0.858886719
vt 0.164916992 0.918945312
vt 0.0612487793 0.926269531
vt 0.00846099854 0.936523438
vt 0.00846099854 0.926269531
vt 0.0612487793 0.936523438
vt 0.12512207 0.926269531
vt 0.12512207 0.936523438
vt 0.164916992 0.926269531
vt 0.164916992 0.936523438
vt 0.00846099854 0.944335938
vt 0.0612487793 0.988769531
vt 0.00846099854 0.988769531
vt 0.0612487793 0.944335938
vt 0.12512207 0.988769531
vt 0.12512207 0.944335938
vt 0.164916992 0.944335938
vt 0.164916992 0.988769531
vt 0.221069336 0.935058594
vt 0.336425781 0.969238281
vt 0.336425781 0.935058594
vt 0.221557617 0.9609375
vt 0.1953125 0.935058594
vt 0.207519531 0.963378906
vt 0.336425781 0.989257812
vt 0.504882812 0.520996094
vt 0.504882812 0.471191406
vt 0.380126953 0.492919922
vt 0.380615234 0.520996094
vt 0.164306641 0.784179688
vt 0.164794922 0.725097656
vt 0.112731934 0.725097656
vt 0.112731934 0.784179688
vt 0.0492248535 0.725097656
vt 0.0492248535 0.784179688
vt 0.00776290894 0.725097656
vt 0.00776290894 0.784179688
vt 0.164306641 0.800292969
vt 0.164306641 0.790039062
vt 0.112731934 0.790039062
vt 0.112731934 0.800292969
vt 0.0492248535 0.790039062
vt 0.0492248535 0.800292969
vt 0.00776290894 0.790039062
vt 0.00776290894 0.800292969
vt 0.164306641 0.806640625
vt 0.112731934 0.849609375
vt 0.164306641 0.849609375
vt 0.112731934 0.806640625
vt 0.0492248535 0.849609375
vt 0.0492248535 0.806640625
vt 0.00776290894 0.849609375
vt 0.00776290894 0.806640625
vt 0.0612487793 0.858886719
vt 0.00846099854 0.858886719
vt 0.00846099854 0.918945312
vt 0.0612487793 0.918945312
vt 0.12512207 0.858886719
vt 0.12512207 0.918945312
vt 0.164916992 0.858886719
vt 0.164916992 0.918945312
vt 0.0612487793 0.926269531
vt 0.00846099854 0.926269531
vt 0.00846099854 0.936523438
vt 0.0612487793 0.936523438
vt 0.12512207 0.926269531
vt 0.12512207 0.936523438
vt 0.164916992 0.926269531
vt 0.164916992 0.936523438
vt 0.00846099854 0.944335938
vt 0.00846099854 0.988769531
vt 0.0612487793 0.988769531
vt 0.0612487793 0.944335938
vt 0.12512207 0.988769531
vt 0.12512207 0.944335938
vt 0.164916992 0.944335938
vt 0.164916992 0.988769531
vt 0.955566406 0.0605163574
vt 0.962402344 0.116455078
vt 0.953613281 0.118408203
vt 0.96875 0.145874023
vt 0.966308594 0.061126709
vt 0.970703125 0.114685059
vt 0.97265625 0.00390625
vt 0.97265625 0.144042969
vt 0.98828125 0.16796875
vt 0.9765625 0.0614624023
vt 0.981933594 0.0625610352
vt 0.975097656 0.114929199
vt 0.979492188 0.141601562
vt 0.977050781 0.142456055
vt 0.955566406 0.0605163574
vt 0.953613281 0.118408203
vt 0.962402344 0.116455078
vt 0.96875 0.145874023
vt 0.966308594 0.061126709
vt 0.970703125 0.114685059
vt 0.97265625 0.00390625
vt 0.97265625 0.144042969
vt 0.98828125 0.16796875
vt 0.9765625 0.0614624023
vt 0.981933594 0.0625610352
vt 0.975097656 0.114929199
vt 0.979492188 0.141601562
vt 0.977050781 0.142456055
vt 0.114074707 0.00504684448
vt 0.124023438 0.030166626
vt 0.121704102 0.0237121582
vt 0.114379883 0.00975799561
vt 0.100952148 0.0242919922
vt 0.112854004 0.0294799805
vt 0.114013672 0.0387268066
vt 0.105773926 0.0205230713
vt 0.115783691 0.0173797607
vt 0.114074707 0.00504684448
vt 0.114379883 0.00975799561
vt 0.121704102 0.0237121582
vt 0.124023438 0.030166626
vt 0.100952148 0.0242919922
vt 0.112854004 0.0294799805
vt 0.114013672 0.0387268066
vt 0.105773926 0.0205230713
vt 0.115783691 0.0173797607
vn 0.926379502 0.0464714095 0.373712987
vn 0.929565072 -0.239688173 0.28010422
vn 0.760033429 -0.389674217 -0.520099342
vn 0.174395785 -0.982062638 -0.0716871098
vn 0.963825285 0.264823228 0.0301582683
vn 0.961590052 -0.170733571 -0.214929223
vn -0.926380634 0.0464719236 0.373710304
vn -0.760034204 -0.389675349 -0.520097196
vn -0.929565251 -0.23968862 0.280103087
vn -0.174395785 -0.982062638 -0.0716871247
vn -0.961590052 -0.170733482 -0.214929223
vn -0.963825166 0.264823318 0.0301582739
vn 0.573989153 -0.432243973 0.695486605
vn 0.755738974 -0.392300636 0.524365246
vn 0.579452217 -0.431518644 0.691394866
vn 0.406867951 -0.45799607 0.790378451
vn 0.403996736 -0.458766669 0.791403711
vn 0.258077443 -0.460693598 0.849209964
vn 0.264004529 -0.451024204 0.852571845
vn 0.337465137 -0.31995976 0.885292709
vn 0.295193464 -0.81077826 0.505469561
vn -0 -0.848879457 0.528586566
vn 3.8342921E-07 -0.531286836 0.847191989
vn 0.415792078 -0.545063317 0.728026748
vn -4.6638803E-07 -0.102690682 0.994713247
vn 0.544398665 -0.278722882 0.791166008
vn 0.515572548 -0.27257067 0.812336206
vn 0.499538302 -0.196650609 0.843676507
vn 1.71220552E-06 0.0192880556 0.999813974
vn 0.55908972 -0.240452394 0.793474317
vn 0.428396285 -0.0110433688 0.903523445
vn 0.381839931 0.392850101 0.836580634
vn -1.91256004E-06 0.367680192 0.929952323
vn 2.41074758E-06 -0.128463894 0.99171418
vn 6.73529655E-07 -0.451669008 0.892185569
vn 0.433803737 -0.326603532 0.839728832
vn -7.80146593E-07 -0.403067827 0.915170074
vn 0.506599426 -0.0928346589 0.857168972
vn 0.608340979 -0.378659576 0.697522879
vn 0.632112443 -0.675157607 0.380257905
vn -3.65584441E-07 -0.801555991 0.597919762
vn -0 -0.998435557 0.0559145734
vn 0.713069618 -0.328643352 0.619294167
vn 0.45201084 -0.00643330859 0.891989291
vn 6.4735591E-06 -0.315610975 0.9488886
vn 0.552908659 -0.0705842599 0.830246925
vn 0.735906124 -0.374794394 0.563889444
vn 4.15714879E-07 -0.953693509 0.300779998
vn -0 -0.871020436 0.491246879
vn 0.695380747 -0.668161094 0.264587015
vn -4.7045549E-07 -0.268493235 0.963281631
vn 0.817430377 -0.193183467 0.54266715
vn 0.892924547 -0.21073781 0.397838444
vn -0 0.277647197 0.960683107
vn 0.603015244 0.14447695 0.784537494
vn 0.901763856 0.00739777414 0.432165712
vn 0.807708859 0.140329406 0.572637856
vn 4.49944366E-07 0.50838232 0.861131489
vn 0.748339832 0.226687685 0.623378038
vn 0.692478061 0.141237393 0.707478702
vn -0 0.287872821 0.957668722
vn 0.473979682 -0.185737655 0.860723436
vn -0 -0.0507341288 0.998712182
vn 1.7593112E-07 0.186558202 0.982443869
vn 0.513791502 0.238906994 0.823979139
vn 0.718252361 0.127540067 0.683993459
vn 0.578305125 -0.301494569 0.758066058
vn 0.39366132 0.325115651 0.859843373
vn 0.508559048 -0.196495816 0.838306069
vn 0.404989868 0.140704229 0.903429806
vn 0.464299202 0.182556197 0.866659939
vn 0.706486642 -0.0984519199 0.700845182
vn 0.513642371 0.0731484368 0.854880571
vn 0.827392876 0.0466872305 0.559679627
vn 0.514842391 0.320611864 0.795075655
vn 1.88486453E-07 0.301751494 0.953386664
vn 0.788332939 0.185686901 0.586559117
vn 0.859107554 0.216022208 0.463970393
vn 0.959780335 0.068965964 0.272149622
vn 0.906459391 -0.0396897569 0.420423776
vn 0.960287869 -0.110316999 0.256276101
vn 0.968782008 0.0770766139 0.2356278
vn 0.920716643 0.0103936177 0.390093327
vn 0.877493143 -0.102575772 0.468491316
vn 0.983648896 0.0141088469 0.179543018
vn 0.988636315 -0.0202361848 0.14895907
vn 0.90117991 -0.0493298955 -0.430628955
vn 0.956587672 -0.288984925 -0.0377843454
vn 0.97114861 -0.16483292 0.172338381
vn 0.953752816 -0.269908071 0.132307082
vn 0.92906338 -0.300037414 0.216376677
vn 0.844144464 -0.514803231 -0.149659157
vn 0.825616181 -0.222754717 0.518399775
vn 0.796826243 -0.553594291 0.242077008
vn 0.738373458 -0.672933996 -0.04432166
vn 0.508386672 -0.861040533 0.0123395147
vn 0.526075244 -0.850425124 0.00467333011
vn -0 -0.999886036 -0.0150997806
vn 0.763839841 -0.645383716 -0.00534894224
vn 0.936669111 -0.282506347 -0.206981033
vn 0.659745038 -0.591697752 -0.463282019
vn 0.799209237 -0.458178759 -0.389020443
vn 0.0974840075 -0.372036546 -0.923084915
vn 0.929565072 -0.239688173 0.28010422
vn 0.926379502 0.0464714095 0.373712987
vn 0.97114861 -0.16483292 0.172338381
vn 0.983648896 0.0141088469 0.179543018
vn -0.117496319 0.972328186 0.20192188
vn 0.90117991 -0.0493298955 -0.430628955
vn -0.206562877 0.533285439 -0.820328295
vn 0.969575167 -0.0581998788 0.237774745
vn 0.981267452 -0.0657132491 0.181096539
vn -0.23551178 -0.0497633144 -0.970596552
vn 0.0974840075 -0.372036546 -0.923084915
vn 0.903638482 -0.141031578 0.404410243
vn -0.133017942 -0.701347947 -0.700298011
vn 0.659745038 -0.591697752 -0.463282019
vn 0.91837281 -0.226342604 0.32459259
vn -0.189063117 -0.767890036 -0.612045765
vn 0.844144464 -0.514803231 -0.149659157
vn 0.953752816 -0.269908071 0.132307082
vn 0.451068282 -0.61750555 -0.644378901
vn -1.18931915E-07 -0.635074019 -0.772451282
vn -0 -0.534065425 -0.845443189
vn 0.558211446 -0.516958058 -0.648964107
vn 0.782697678 -0.514053345 -0.350903839
vn 0.799209237 -0.458178759 -0.389020443
vn 0.956587672 -0.288984925 -0.0377843454
vn 0.90117991 -0.0493298955 -0.430628955
vn 0.0974840075 -0.372036546 -0.923084915
vn 0.91837281 -0.226342604 0.32459259
vn 0.953752816 -0.269908071 0.132307082
vn 0.97114861 -0.16483292 0.172338381
vn 0.926379502 0.0464714095 0.373712987
vn 0.791095912 0.130943835 0.597512305
vn 0.903638482 -0.141031578 0.404410243
vn 0.819299161 0.0364029408 0.572209537
vn 0.981267452 -0.0657132491 0.181096539
vn 0.996277034 0.0845737681 0.0167102329
vn 0.901883304 -0.312004507 0.298763573
vn 0.760033429 -0.389674217 -0.520099342
vn 0.929565072 -0.239688173 0.28010422
vn 0.913655281 -0.31013447 0.262774885
vn 0.612830698 -0.115429841 0.781738162
vn 0.758270919 -0.487561554 0.432791948
vn 0.969575167 -0.0581998788 0.237774745
vn 0.351815492 -0.855416119 0.380117297
vn 0.422387749 -0.179482639 0.88846761
vn 0.505475402 -0.821617246 0.263513833
vn 0.306349546 -0.863359749 0.400948733
vn 0.257341236 -0.593441129 0.762629151
vn 0.027682025 0.400165439 0.916024804
vn -0.0260377508 0.789879203 0.612709463
vn 0.0398706123 0.893461287 0.447367042
vn 0.0461186878 0.92456907 0.378212988
vn -0.0366223305 0.886639893 0.461008072
vn 0.837283432 0.246656343 0.487972349
vn 0.871047497 -0.427877843 0.241239935
vn 0.432236761 0.890938163 -0.139285937
vn 0.39366132 0.325115651 0.859843373
vn 0.896118939 -0.30854556 0.319014847
vn 0.834879398 -0.490353197 0.250060171
vn 0.718252361 0.127540067 0.683993459
vn 0.578305125 -0.301494569 0.758066058
vn 0.409947872 0.188741013 -0.892367303
vn 0.0838547945 -0.859086275 -0.504914939
vn 0.442184269 0.290294468 -0.848647237
vn -0.0746571049 -0.83015734 -0.552508056
vn -0.0856501684 -0.873482049 -0.479263216
vn 0.577869594 0.233277828 -0.782079399
vn 0.558920205 -0.568508267 -0.603660882
vn -0.103493229 -0.994543433 -0.0131318085
vn 0.323553652 0.24494037 0.913956881
vn -0.378673226 -0.729178011 0.570005357
vn -0.40156883 -0.679655313 0.613849282
vn -0.197615281 -0.770718277 0.605756938
vn -0.309840292 -0.68338865 0.661043823
vn -0.116521366 -0.987572312 0.105468564
vn 0.110915981 -0.993789732 -0.00892409217
vn 0.263941973 -0.612837315 0.744825482
vn 0.0894251317 -0.912332118 -0.399566293
vn 0.802703738 -0.318053782 0.504488289
vn 0.973372042 -0.000709136249 -0.229229778
vn 0.681865215 -0.727170706 0.0792627633
vn 0.442184269 0.290294468 -0.848647237
vn 0.618384659 -0.731426835 0.287428737
vn -0.0731460229 0.416251868 0.906302392
vn -0.286093205 -0.866566837 -0.408916414
vn -0.215718344 -0.843186677 0.492444694
vn 0.160780862 0.310741276 0.936797321
vn -0.435186327 -0.722762883 0.53686744
vn 0.16117242 0.336501092 0.92778796
vn -0.405124187 -0.82917726 -0.385148674
vn -0.451617211 -0.723078728 0.522684395
vn 0.200528279 0.375398308 0.90491128
vn -0.428685725 -0.848817527 -0.309414476
vn -0.33847931 -0.799497902 0.496220529
vn 0.578939319 -0.599185884 0.552996814
vn 0.534974575 0.844866633 -0.00165206613
vn 0.800701916 0.1099796 0.588881016
vn -0.321221113 -0.910040259 -0.261999547
vn 0.750025153 -0.617209971 -0.23772727
vn 0.860935092 0.278454959 -0.42573902
vn 0.534974575 0.844866633 -0.00165206613
vn 0.299141139 0.162423536 -0.940283537
vn 0.298082918 0.184209123 -0.936596811
vn 0.341322273 0.249926999 -0.906110108
vn 0.397122592 0.335024208 -0.854431093
vn 0.871087074 0.378203899 -0.313319415
vn 0.75520134 0.621097744 -0.20954366
vn 0.281473786 -0.498630196 0.819841802
vn 0.715668619 0.678852737 0.164247751
vn -0.175096899 -0.975228548 0.135168195
vn -0.0410282426 -0.182987124 0.982258797
vn 0.720514894 0.654539883 0.228988841
vn -0.608419001 -0.753684461 -0.248568222
vn -0.169870228 -0.292077333 0.941188097
vn -0.337388784 -0.91748333 -0.210696921
vn 0.302863806 -0.748832583 0.589511096
vn -0.125231981 -0.441149712 0.888652802
vn 0.690139413 0.656744182 0.303964943
vn 0.340256155 -0.912779033 0.225965068
vn -0.543337941 -0.82560879 -0.1521644
vn 0.217066854 -0.967068136 -0.13289544
vn 0.321383566 0.254140973 -0.912208855
vn -0.64275974 -0.740681946 -0.195576876
vn 0.255301774 0.182463586 -0.949488342
vn 0.209872931 0.132509261 -0.96870774
vn 0.51972568 0.358273983 -0.775580347
vn 0.891308725 0.259267837 -0.371952832
vn 0.777726293 0.497047901 0.384818405
vn 0.0678309202 -0.243982941 0.967404485
vn 0.743786871 0.397606164 0.537299335
vn -0.188462391 -0.252837002 0.948975861
vn 0.704508245 0.294659913 0.645634234
vn -0.509008944 -0.852332175 0.120165415
vn -0.648795366 -0.724390566 0.233072713
vn -0.441897094 -0.897065341 -0.000805181102
vn -0.439058006 -0.89517045 -0.076798819
vn -0.290429413 -0.951205075 -0.104209505
vn -0.423366129 -0.537582874 -0.729222655
vn -0.309140682 -0.37506941 -0.873930752
vn -0.51137805 -0.565211535 -0.647324026
vn -0.225153625 -0.16794847 -0.959739208
vn -0.593768597 -0.550626934 -0.586727142
vn -0.767601788 -0.548748732 0.331152856
vn -0.752184689 -0.504200518 -0.424264103
vn -0.686142147 -0.72007221 -0.103464365
vn -0.369517684 -0.601723135 -0.708086133
vn -0.645285428 -0.763907492 -0.00721839257
vn -0.70003581 -0.713532746 0.0286511239
vn -0.367845565 0.0110583091 0.929821134
vn -0.408147097 0.518944025 0.751074672
vn -0.698540986 0.183191299 0.691723585
vn -0.697266281 -0.701002777 -0.149715781
vn -0.637275338 0.23479028 0.733998418
vn -0.278631747 -0.358774275 0.89086777
vn -0.671869814 -0.692596078 -0.262491107
vn -0.717247963 -0.590857804 0.369380981
vn -0.695730925 -0.561729193 -0.447681516
vn 0.483826011 -0.736616194 0.472555757
vn 0.872681141 0.424380153 -0.241514325
vn 0.887493014 -0.332693189 0.318859369
vn 0.173844695 -0.984159112 -0.0347690694
vn 0.373452097 -0.819998324 -0.433746845
vn 0.389350653 0.107795797 -0.914760172
vn 0.245202422 -0.671641886 -0.699122965
vn 0.247095704 -0.75792563 -0.603732109
vn 0.945522368 -0.0345441997 -0.323719472
vn 0.406716675 -0.86629051 0.290038347
vn 0.300945103 0.708414197 0.638420999
vn 0.0926057026 -0.955982745 0.278426409
vn -0.617333412 -0.767421365 -0.173100755
vn -0.614146829 0.317207813 0.722636044
vn 0.298082918 0.184209123 -0.936596811
vn 0.299141139 0.162423536 -0.940283537
vn 0.534974575 0.844866633 -0.00165206613
vn 0.567113578 0.823573291 0.0104470858
vn 0.200528279 0.375398308 0.90491128
vn 0.16117242 0.336501092 0.92778796
vn 0.341322273 0.249926999 -0.906110108
vn 0.160780862 0.310741276 0.936797321
vn 0.573241293 0.818325102 0.0416962802
vn 0.397122592 0.335024208 -0.854431093
vn 0.323553652 0.24494037 0.913956881
vn 0.591826856 0.805401266 0.0327068679
vn 0.558920205 -0.568508267 -0.603660882
vn 0.871087074 0.378203899 -0.313319415
vn 0.632479548 0.7610147 -0.144313127
vn 0.515712261 0.804643035 -0.294262618
vn 0.577869594 0.233277828 -0.782079399
vn 0.75520134 0.621097744 -0.20954366
vn 0.464015603 0.856898844 0.224530071
vn 0.51972568 0.358273983 -0.775580347
vn 0.715668619 0.678852737 0.164247751
vn 0.209872931 0.132509261 -0.96870774
vn 0.720514894 0.654539883 0.228988841
vn 0.255301774 0.182463586 -0.949488342
vn 0.321383566 0.254140973 -0.912208855
vn 0.690139413 0.656744182 0.303964943
vn 0.492057621 0.824220896 -0.280248523
vn 0.503084481 0.819782078 -0.273611575
vn 0.554192305 0.793969214 -0.249967396
vn 0.52910763 0.788258255 -0.314156055
vn 0.499055117 0.719797969 -0.482529759
vn 0.346562028 0.935493529 0.0688950717
vn 0.891308725 0.259267837 -0.371952832
vn 0.326011509 0.889195025 0.321011811
vn -0.0183743052 0.417360336 0.908555269
vn 0.510357618 0.476255894 -0.716041446
vn 0.777726293 0.497047901 0.384818405
vn 0.172070041 0.63644594 0.751883268
vn 0.443920583 0.871284246 0.209280536
vn 0.37201643 0.920582354 0.118877299
vn 0.409947872 0.188741013 -0.892367303
vn 0.442184269 0.290294468 -0.848647237
vn -0.0539808832 0.410769373 0.910139859
vn 0.293817639 0.947430551 0.126674727
vn 0.31666553 0.879566252 -0.355086207
vn 0.449634761 0.893194556 -0.00567231979
vn 0.352118969 0.888734043 0.29353711
vn -0.03428296 0.838379145 0.544008255
vn -0.0731460229 0.416251868 0.906302392
vn -0.0788391903 0.388043255 0.918262899
vn -0.197615281 -0.770718277 0.605756938
vn -0.378673226 -0.729178011 0.570005357
vn -0.40156883 -0.679655313 0.613849282
vn -0.309840292 -0.68338865 0.661043823
vn 0.263941973 -0.612837315 0.744825482
vn 0.802703738 -0.318053782 0.504488289
vn 0.0426010564 0.501750171 0.863962889
vn 0.0198197104 0.787054598 0.616564929
vn 0.241804093 0.619879663 0.746511817
vn 0.973372042 -0.000709136249 -0.229229778
vn -0.698540986 0.183191299 0.691723585
vn -0.637275338 0.23479028 0.733998418
vn -0.408147097 0.518944025 0.751074672
vn -0.614146829 0.317207813 0.722636044
vn 0.300945103 0.708414197 0.638420999
vn 0.945522368 -0.0345441997 -0.323719472
vn -0.247971207 0.832717538 0.495067418
vn -0.0327802561 0.768661618 0.638815105
vn 0.0822662339 0.743641794 0.663497746
vn 0.180765092 0.740710735 0.647048414
vn 0.31507799 0.908379853 0.274903685
vn -0.367845565 0.0110583091 0.929821134
vn 0.498446375 0.781735778 -0.374753833
vn 0.431191891 0.839695215 0.330129504
vn 0.433576524 0.78025353 -0.450794607
vn 0.22127147 0.388423502 -0.894520104
vn 0.0356655829 0.232941911 -0.971836388
vn 0.498156488 0.633993089 -0.591517448
vn 0.0711067393 0.333904177 -0.939921141
vn -0.51137805 -0.565211535 -0.647324026
vn -0.423366129 -0.537582874 -0.729222655
vn -0.593768597 -0.550626934 -0.586727142
vn -0.369517684 -0.601723135 -0.708086133
vn -0.309140682 -0.37506941 -0.873930752
vn 0.659495056 0.575741887 -0.483309031
vn -0.225153625 -0.16794847 -0.959739208
vn 0.822508931 0.486994028 -0.293795615
vn 0.743786871 0.397606164 0.537299335
vn 0.53890413 0.568123937 -0.621946573
vn 0.432735801 0.234849647 -0.870393753
vn -0.752184689 -0.504200518 -0.424264103
vn 0.872681141 0.424380153 -0.241514325
vn 0.704508245 0.294659913 0.645634234
vn 0.389350653 0.107795797 -0.914760172
vn -0.695730925 -0.561729193 -0.447681516
vn 0.763070941 0.295183748 -0.574969053
vn 0.849036396 0.255584419 -0.46239984
vn -0.181596667 -0.593057811 -0.784413934
vn -0.645285428 -0.763907492 -0.00721839257
vn -0.471717656 -0.881707251 -0.00864817947
vn -0.138358951 -0.539932013 -0.830259144
vn -0.500763297 -0.865318239 -0.0214599296
vn -0.560087085 -0.810323477 -0.172273889
vn 0.538622856 0.593663633 -0.59787029
vn 0.45762521 0.750275254 0.477143794
vn 0.489872754 0.639376521 -0.592640102
vn -0.164582908 -0.41502893 -0.894797921
vn -0.307655096 -0.314980924 -0.897850394
vn -0.58874464 -0.793108165 -0.156074256
vn -0.365009725 -0.37313816 -0.85295701
vn -0.610512614 -0.773934364 -0.168225855
vn -0.556295693 -0.780217767 -0.285998762
vn 0.485787392 0.771491468 0.410866827
vn -0.177425146 -0.13699834 0.974552095
vn -0.645285428 -0.763907492 -0.00721839257
vn -0.471717656 -0.881707251 -0.00864817947
vn -0.233081594 -0.183379039 0.955010533
vn -0.500763297 -0.865318239 -0.0214599296
vn -0.287929088 -0.271518052 0.918354392
vn -0.560087085 -0.810323477 -0.172273889
vn -0.58874464 -0.793108165 -0.156074256
vn 0.471401274 0.737338364 0.483852148
vn -0.1680592 -0.419468075 0.892077684
vn -0.610512614 -0.773934364 -0.168225855
vn 0.583765924 0.633096397 0.508336902
vn -0.228129268 -0.456721485 0.85986191
vn -0.556295693 -0.780217767 -0.285998762
vn -0.17912814 -0.549063981 0.816358924
vn 0.308410764 -0.783759475 -0.539076924
vn 0.742071331 -0.326648831 0.585346639
vn 0.684776902 0.601181865 0.411899209
vn 0.409211963 0.276339859 0.869587123
vn 0.394723356 0.592819571 0.701967597
vn 0.667458117 0.744631708 0.00482908171
vn 0.296798795 0.94241488 0.1541581
vn 0.224902183 0.601801515 -0.766324997
vn 0.605794251 0.633428931 -0.481436551
vn 0.0531154796 -0.254961222 -0.965491354
vn 0.599342644 0.633423746 -0.489451468
vn -0.278820276 -0.382199496 -0.88101238
vn 0.308410764 -0.783759475 -0.539076924
vn 0.492497295 0.656136811 -0.571778834
vn 0.395706952 0.918107033 0.0222616009
vn 0.393816739 0.918496668 0.0356690064
vn 0.359482795 0.913771927 0.189190611
vn 0.401574224 0.915761292 -0.0109235561
vn 0.401088268 0.915946484 -0.0130467117
vn -0.434310824 -0.650879741 0.622679412
vn -0.335062385 -0.506504297 0.794472575
vn 0.160446107 0.223902926 0.961313903
vn -0.559993327 -0.791345358 0.245316163
vn -0.512204468 -0.750658691 0.417322427
vn -0.598162532 -0.79061085 -0.130904734
vn 0.287621349 -0.931034803 -0.224606425
vn 0.521230221 -0.550654113 -0.651996255
vn 0.417512387 -0.298140973 -0.858367801
vn 0.213932201 -0.976163447 -0.0365775228
vn 0.123000614 -0.992367327 -0.00883663725
vn -0.047598023 -0.997330666 0.055372186
vn -0.295939177 -0.933180332 0.203947186
vn -0.449975252 -0.872299016 0.191355079
vn 0.179040447 -0.788410783 0.588517606
vn 0.254775822 -0.900565445 0.352237284
vn 0.179040447 -0.788410723 0.588517666
vn 0.294097662 -0.937931716 0.183822513
vn 0.315671653 -0.947163045 -0.056865152
vn 0.312570751 -0.949638605 0.0220443048
vn 0.316046596 -0.925402999 -0.209150091
vn 0.316046596 -0.925403118 -0.209150091
vn -0.356903642 -0.934057951 -0.0124722822
vn -0.390519917 -0.919090927 -0.052594129
vn -0.390519887 -0.919090927 -0.0525941364
vn -0.339086413 -0.940718532 0.00831164978
vn -0.378619462 -0.923893988 -0.055382587
vn -0.351566225 -0.936066747 -0.0134246442
vn -0.430321783 -0.891772509 -0.139874965
vn -0.430321753 -0.891772509 -0.13987498
vn -0.163094118 -0.863801897 0.476703912
vn -0.209037706 -0.577825904 0.788936198
vn -0.209037706 -0.577825904 0.788936198
vn -0.143459812 -0.919658899 0.36557737
vn -0.178554043 -0.973938465 -0.139865696
vn -0.137289122 -0.990147412 0.0275639817
vn -0.219936967 -0.918005347 -0.329990804
vn -0.219936997 -0.918005347 -0.329990804
vn -0.283680469 0.438520491 0.852775037
vn 0.0472259447 0.737196028 0.674026489
vn -0.123676457 0.751973033 0.647487998
vn -0.226208404 0.458732158 0.859298885
vn -0.289133728 -0.0183802173 0.957112193
vn -0.388811648 0.0888811424 0.917019963
vn -2.05094366E-07 -0.023219917 0.999730408
vn 0.29133293 -0.229410753 0.928706467
vn -0 0.327803046 0.944746077
vn -0 0.669548094 0.742768645
vn -0 -0.0570228323 0.998372912
vn -0 0.711982787 0.702197015
vn 0.29645133 0.703766227 0.645623386
vn -0 0.642822921 0.766014874
vn -0 -0.128496557 0.991710007
vn 1.04031514E-07 -0.0843133032 0.996439278
vn 0.542937815 0.557542682 0.627984703
vn 0.430280566 -0.194144964 0.881570399
vn -0 -0.0760762468 0.997101963
vn 0.709006071 0.00463479944 0.705187142
vn -0 -0.38974005 0.920924962
vn 0.907524884 -0.226900905 0.353432775
vn 0.93141681 -0.280239284 0.232225671
vn 0.769674003 -0.37907356 -0.513716996
vn 0.962962806 -0.177733913 0.202763841
vn 0.395465493 -0.043286331 0.917460263
vn -0 -0.211317018 0.977417529
vn 0.275927305 -0.0985326394 0.956114709
vn 0.861775041 0.145199552 0.486066699
vn 0.874730408 -0.00872298144 0.484531373
vn 0.845612586 0.294754356 -0.445038408
vn 0.879062831 -0.044204507 -0.474652082
vn 0.183181599 -0.0565171055 -0.98145318
vn -0.0743073598 0.0646308064 -0.995138764
vn -0 -0.0228331927 -0.99973923
vn -0 -0.0383026265 -0.999266207
vn -0 -0.215334058 -0.976540506
vn 0.0516197048 -0.232230693 -0.971290112
vn -0 -0.0739920214 -0.997258782
vn 0.033629138 0.196028262 -0.980021417
vn -0 0.231368586 -0.972866237
vn 0.308410764 -0.783759475 -0.539076924
vn 0.0531154796 -0.254961222 -0.965491354
vn 0.742071331 -0.326648831 0.585346639
vn 0.394723356 0.592819571 0.701967597
vn 0.296798795 0.94241488 0.1541581
vn 0.284803182 0.928279996 0.239130795
vn 0.508536994 0.828307986 0.235151008
vn 0.9885782 0.135305583 0.0663743913
vn 0.224902183 0.601801515 -0.766324997
vn 0.801044405 -0.277074248 0.530620158
vn 0.936669111 -0.282506347 -0.206981033
vn 0.763839841 -0.645383716 -0.00534894224
vn 0.526075244 -0.850425124 0.00467333011
vn -0 -0.999886036 -0.0150997806
vn 0.284803182 0.928279996 0.239130795
vn 0.296798795 0.94241488 0.1541581
vn 0.508536994 0.828307986 0.235151008
vn 0.287681133 0.479297191 -0.829164445
vn 0.9885782 0.135305583 0.0663743913
vn 0.667599916 0.203459516 -0.716180563
vn -1.26500296E-07 0.173595816 -0.984816968
vn -1.04530358E-07 -0.221267819 -0.97521317
vn 0.695392609 -0.237035304 -0.678412378
vn 0.936669111 -0.282506347 -0.206981033
vn 0.799209237 -0.458178759 -0.389020443
vn 0.558211446 -0.516958058 -0.648964107
vn -0 -0.534065425 -0.845443189
vn 5.85439409E-07 0.563306868 -0.826247692
vn -0.480632186 0.301740408 -0.82337445
vn 1.36714698E-06 0.22320956 -0.974770546
vn -0.438352197 0.509132206 -0.740696847
vn 1.15006209E-07 0.837137997 -0.546991885
vn -0.626097262 -0.0565867685 -0.77768904
vn -0.32825616 0.82127589 -0.466640979
vn -0 0.983078957 -0.18318221
vn -0.318997115 0.941393733 -0.109629802
vn -0 0.927493453 0.373839438
vn -0.462692469 0.787760437 -0.406631559
vn -0.177210689 0.852932572 0.491021782
vn -3.01600636E-07 -0.119063653 0.992886603
vn -0.468462735 0.882047057 -0.0503547564
vn -0.714533031 0.608324289 -0.3455199
vn -0.653401613 0.419918627 -0.629868686
vn -0.957208097 0.153956622 -0.245050997
vn -0.911336899 0.166938111 -0.376293361
vn -0.785557032 -0.043986652 -0.617223859
vn -0.883175075 -0.387777299 -0.263875932
vn -0.626097262 -0.0565867685 -0.77768904
vn -0.30296123 0.796224475 0.523680329
vn -0.767056644 0.641571641 0.00316205132
vn -0.509682834 0.605424285 0.611297607
vn -0.984744251 0.171656996 0.0285066757
vn -0.694277823 0.18888472 0.694478929
vn -0.61570096 -0.564858973 0.549405694
vn -0.807917476 -0.588829756 0.0234277006
vn -0.35654217 -0.800959229 0.480980217
vn -0 -0.914694071 0.404147118
vn -0.476711482 -0.879041314 -0.00570364576
vn 3.42851649E-07 -0.997301579 -0.0734127164
vn -0.802972794 -0.565435171 -0.188461587
vn -0.453751087 -0.847055376 -0.27677989
vn 5.57422482E-07 -0.919990718 -0.391940176
vn -0.548946619 -0.688762069 -0.473565727
vn -0.390722334 -0.711381257 -0.584185541
vn 1.27616761E-06 -0.737479329 -0.675369799
vn -0.388869882 -0.560831904 -0.730922461
vn 2.58164755E-06 -0.526337087 -0.850275993
vn -0 -0.211317018 0.977417529
vn -0.846360207 -0.52359724 -0.0975713879
vn -0 -0.999816239 0.0191741455
vn 0.275927305 -0.0985326394 0.956114709
vn 0.097185947 -0.0440462045 0.994291067
vn -0.993503988 -0.102448031 -0.0495404452
vn 0.889050364 0.113278501 0.443573475
vn 0.861775041 0.145199552 0.486066699
vn -0.160579324 -0.0844941288 0.983399689
vn -0.997451365 -0.0229464304 -0.0675581917
vn 0.886524498 0.140147984 -0.440945446
vn 0.845612586 0.294754356 -0.445038408
vn 0.827400208 -0.0940553397 0.553680718
vn -0.266424924 -0.141319096 0.953439415
vn -0.996399283 -0.0144981742 -0.0835363716
vn -0.0689282119 -0.0243525207 -0.997324347
vn -0.0743073598 0.0646308064 -0.995138764
vn 0.903778613 -0.0585927181 -0.423970699
vn 0.768347979 -0.172349796 0.616390347
vn -0.387500077 -0.188835025 0.902321994
vn -0.963982582 -0.00546513405 -0.265909433
vn -0.978599429 -0.0255577918 -0.204181179
vn 0.935114563 -0.101211451 -0.339583427
vn -0.213559955 0.0244469922 -0.976623952
vn -0.206954762 -0.0330847651 -0.977790892
vn 0.707849801 -0.09832488 0.699486077
vn -0.997451365 -0.0229464304 -0.0675581917
vn -0.993503988 -0.102448031 -0.0495404452
vn -0.846360207 -0.52359724 -0.0975713879
vn -0 -0.0228331927 -0.99973923
vn -0 -0.999816239 0.0191741455
vn -0.996399283 -0.0144981742 -0.0835363716
vn -0.963982582 -0.00546513405 -0.265909433
vn 0.974967897 0.0841824412 -0.205793574
vn -0.13517651 0.157395571 -0.978240252
vn -0.12557584 0.0522517562 -0.99070704
vn -0.978599429 -0.0255577918 -0.204181179
vn 0.977132499 -0.00402168604 -0.21259363
vn -0.197688118 -0.0414365344 -0.979388773
vn -0.979851663 -0.0459476449 -0.194369629
vn 0.959149897 -0.0989351049 -0.265034527
vn 0.670331955 -0.114651613 0.73315084
vn 0.681100905 -0.0932137668 0.726231873
vn -0.327093244 -0.11665865 0.937763631
vn -0.352181792 -0.134305179 0.926245153
vn -0.979851663 -0.0459476449 -0.194369629
vn 0.0197287928 -0.9459005 0.323856384
vn 0.950104892 -0.180887192 0.254126996
vn 0.785061419 -0.318572283 0.531215847
vn -0.119507961 -0.950884283 0.285546571
vn -0.833229184 -0.295185417 0.467541128
vn -0.848136544 -0.49777478 0.181341633
vn 0.110576734 -0.960369408 0.255857855
vn 0.15251331 0.177401543 0.972249091
vn -0.541962922 -0.760617495 0.357403189
vn 0.539366245 -0.840852797 -0.0452844426
vn 0.944754004 0.107814677 0.309541255
vn 0.833547413 0.190362006 0.518614531
vn -0.0997418389 -0.9720487 0.212539613
vn -0.848136544 -0.49777478 0.181341633
vn 0.0197287928 -0.9459005 0.323856384
vn -0.856964588 -0.472717524 -0.205304146
vn 0.128762797 -0.974929571 -0.181473464
vn -0.24762249 -0.950060308 -0.189917073
vn -0.983803928 0.154619887 -0.090677619
vn -0.880882323 0.446342736 0.157557771
vn -0.833229184 -0.295185417 0.467541128
vn -0.970065534 -0.230348974 -0.0768899173
vn -0.838911891 -0.528740525 -0.129074842
vn -0.712786973 0.608583033 0.348656744
vn -0.999270856 0.0308761373 0.0224603377
vn -0.995015919 0.00837448239 -0.0993645936
vn -0.957263589 0.184624106 0.222621754
vn -0.954872131 0.0443116687 -0.293693364
vn -0.929175973 0.063569285 0.364130527
vn -0.132067084 0.186640754 0.973510861
vn -0.229190767 0.579515934 0.782069564
vn 0.679477215 0.404493541 0.612123907
vn 0.641977429 0.637723267 0.425645411
vn 0.170352727 0.820674002 0.545411766
vn 0.897931755 0.160645291 0.409770072
vn 0.971360147 0.215832934 0.0993756801
vn 0.975980401 0.0960835442 -0.195525244
vn 0.935403645 0.10733173 -0.336897612
vn 0.963825285 0.264823228 0.0301582683
vn 0.673826933 0.0955124572 -0.732689977
vn 0.961590052 -0.170733571 -0.214929223
vn 0.657621443 -0.273348391 -0.702007592
vn 0.0649572983 -0.344767898 -0.936437726
vn 0.0800140724 0.150026441 -0.985438943
vn 0.126815289 0.0868476033 -0.988117099
vn -0.731389582 -0.0245076902 -0.68151927
vn -0.573792756 -0.633498967 -0.519076884
vn -0.838911891 -0.528740525 -0.129074842
vn -0.995015919 0.00837448239 -0.0993645936
vn -0.766236424 0.0614675134 -0.6396119
vn -0.954872131 0.0443116687 -0.293693364
vn 0.174395785 -0.982062638 -0.0716871098
vn 0.351038069 -0.906094968 -0.236144423
vn 0.998214841 -0.0104297465 0.0588088483
vn 0.592364311 0.786478996 0.174800739
vn 0.176671356 0.827542901 0.532878995
vn 0.920407236 -0.330607474 0.208684638
vn -0.782928824 -0.479925543 0.39584586
vn 0.406590551 0.834238708 0.372464627
vn 0.154785126 0.817369223 0.5549317
vn 0.499287158 0.825197279 0.264124691
vn 0.239579052 0.917268336 0.318151981
vn 0.250740021 0.921878934 0.295412868
vn 0.986078799 0.0300682355 0.163537532
vn 0.282968223 0.347514778 0.893958867
vn -0.707490683 0.3822245 0.59444207
vn 0.242988154 0.898055136 0.366679519
vn 0.833547413 0.190362006 0.518614531
vn 0.176139399 0.942133963 0.285234392
vn 0.944754004 0.107814677 0.309541255
vn 0.348877192 0.877375185 0.329389274
vn -0.33730197 0.63175863 0.697931588
vn -0.541962922 -0.760617495 0.357403189
vn 0.15251331 0.177401543 0.972249091
vn 0.640731335 0.75733012 0.126152545
vn -0.459508747 0.806607306 0.371801555
vn 0.809146523 0.509230554 0.293199927
vn 0.83227253 -0.463043749 0.304816246
vn -0.806763411 0.513600707 0.292142272
vn -0.649482846 0.535800636 0.539527297
vn -0.820761144 -0.370240867 0.435055107
vn 0.785061419 -0.318572283 0.531215847
vn 0.526513875 0.801180243 0.284417659
vn 0.950104892 -0.180887192 0.254126996
vn -0.216802955 0.953619242 0.208822548
vn 0.402270824 0.83383745 0.378012389
vn -0.499813884 0.792019844 0.350557566
vn 0.785061419 -0.318572283 0.531215847
vn -0.0832590014 -0.856229424 0.509842277
vn 0.0197287928 -0.9459005 0.323856384
vn 0.212550327 -0.971636951 0.10365352
vn 0.15251331 0.177401543 0.972249091
vn -0.0997418389 -0.9720487 0.212539613
vn 0.110576734 -0.960369408 0.255857855
vn 0.833547413 0.190362006 0.518614531
vn 0.128762797 -0.974929571 -0.181473464
vn 0.638534665 -0.639085472 0.428769529
vn 0.11690215 -0.966982186 -0.226449564
vn -0.24762249 -0.950060308 -0.189917073
vn 0.0644636676 -0.997296035 -0.0352853872
vn 0.328493148 -0.800769866 0.500859141
vn 0.406590551 0.834238708 0.372464627
vn 0.998214841 -0.0104297465 0.0588088483
vn 0.351038069 -0.906094968 -0.236144423
vn 0.174395785 -0.982062638 -0.0716871098
vn 0.0912801027 -0.99192667 -0.0880299211
vn -0.838911891 -0.528740525 -0.129074842
vn 0.961590052 -0.170733571 -0.214929223
vn -0.573792756 -0.633498967 -0.519076884
vn 0.657621443 -0.273348391 -0.702007592
vn 0.0649572983 -0.344767898 -0.936437726
vn -0.820761144 -0.370240867 0.435055107
vn -0.0832590014 -0.856229424 0.509842277
vn 0.785061419 -0.318572283 0.531215847
vn 0.173500106 -0.980817437 0.0888525695
vn 0.15251331 0.177401543 0.972249091
vn 0.83227253 -0.463043749 0.304816246
vn 0.638534665 -0.639085472 0.428769529
vn 0.986078799 0.0300682355 0.163537532
vn 0.406590551 0.834238708 0.372464627
vn -0.0974031687 -0.995245039 0.000157747214
vn 0.833547413 0.190362006 0.518614531
vn 0.282968223 0.347514778 0.893958867
vn -0.707490683 0.3822245 0.59444207
vn 0.328493148 -0.800769866 0.500859141
vn 0.920407236 -0.330607474 0.208684638
vn 0.998214841 -0.0104297465 0.0588088483
vn -0.782928824 -0.479925543 0.39584586
vn 0.406590551 0.834238708 0.372464627
vn -0.573988974 -0.432244897 0.695486188
vn -0.579452038 -0.431519538 0.691394389
vn -0.75573957 -0.392301947 0.524363279
vn -0.406867266 -0.45799461 0.790379524
vn -0.40399611 -0.458765119 0.791404843
vn -0.25807485 -0.460687786 0.849213839
vn -0.264001995 -0.451019019 0.852575302
vn -0.337465137 -0.31995976 0.885292709
vn -0.295193732 -0.810778201 0.505469501
vn 3.8342921E-07 -0.531286836 0.847191989
vn -0 -0.848879457 0.528586566
vn -0.415791839 -0.54506284 0.728027225
vn -4.6638803E-07 -0.102690682 0.994713247
vn -0.544396043 -0.278722078 0.791168153
vn -0.515581846 -0.272564888 0.812332273
vn -0.499536663 -0.196649358 0.8436777
vn 1.71220552E-06 0.0192880556 0.999813974
vn -0.559088707 -0.240452021 0.793475032
vn -0.428395331 -0.0110378526 0.903524041
vn -0.381846547 0.392856985 0.836574376
vn -1.91256004E-06 0.367680192 0.929952323
vn 2.41074758E-06 -0.128463894 0.99171418
vn 6.73529655E-07 -0.451669008 0.892185569
vn -0.433803648 -0.3266038 0.839728653
vn -7.80146593E-07 -0.403067827 0.915170074
vn -0.506599069 -0.0928337425 0.85716933
vn -0.608341932 -0.378660202 0.697521627
vn -0.632112741 -0.675157666 0.3802571
vn -3.65584441E-07 -0.801555991 0.597919762
vn -0 -0.998435557 0.0559145734
vn -0.713069439 -0.328643262 0.619294405
vn -0.452011615 -0.00643156935 0.891988933
vn 6.4735591E-06 -0.315610975 0.9488886
vn -0.552907884 -0.0705841333 0.830247402
vn -0.735901058 -0.374786258 0.563901544
vn 4.15714879E-07 -0.953693509 0.300779998
vn -0 -0.871020436 0.491246879
vn -0.69538027 -0.668159902 0.264591366
vn -4.7045549E-07 -0.268493235 0.963281631
vn -0.8174299 -0.193183303 0.542667925
vn -0.892921209 -0.210737094 0.397846222
vn -0 0.277647197 0.960683107
vn -0.603016257 0.14447704 0.78453666
vn -0.901761532 0.00739774853 0.43217063
vn -0.807707906 0.140329212 0.572639287
vn 4.49944366E-07 0.50838232 0.861131489
vn -0.748340666 0.226687834 0.623376906
vn -0.692479968 0.141236976 0.707476914
vn -0 0.287872821 0.957668722
vn -0.473980099 -0.185737759 0.860723078
vn -0 -0.0507341288 0.998712182
vn 1.7593112E-07 0.186558202 0.982443869
vn -0.513792276 0.238906711 0.823978841
vn -0.718253553 0.127537474 0.683992684
vn -0.57830584 -0.301494628 0.758065522
vn -0.393660545 0.325115025 0.859844029
vn -0.508559167 -0.196495563 0.83830601
vn -0.404990047 0.140703887 0.903429806
vn -0.464299142 0.182555854 0.866660058
vn -0.706486225 -0.0984521136 0.70084554
vn -0.513642251 0.0731482729 0.854880691
vn -0.82739234 0.0466873422 0.559680581
vn -0.514842093 0.320611745 0.795075893
vn 1.88486453E-07 0.301751494 0.953386664
vn -0.78833282 0.185686693 0.586559296
vn -0.859107673 0.216022193 0.463970333
vn -0.959780335 0.0689659193 0.272149384
vn -0.906459689 -0.0396899395 0.420423061
vn -0.960287869 -0.110317051 0.25627622
vn -0.968782008 0.0770766214 0.2356278
vn -0.920716882 0.0103936419 0.390092999
vn -0.877492964 -0.102575742 0.468491584
vn -0.983648896 0.0141087864 0.179542944
vn -0.988636196 -0.0202361885 0.148959234
vn -0.901180208 -0.0493298955 -0.430628449
vn -0.956587672 -0.288984954 -0.0377836078
vn -0.97114861 -0.164832816 0.172338456
vn -0.953752697 -0.269907951 0.132307827
vn -0.92906338 -0.300037414 0.216376603
vn -0.844144642 -0.514803112 -0.149658218
vn -0.825615942 -0.222754687 0.518400073
vn -0.796826303 -0.553594351 0.242076889
vn -0.738373399 -0.672934175 -0.0443208478
vn -0.508386672 -0.861040533 0.0123400483
vn -0.526075244 -0.850425124 0.0046748044
vn -0 -0.999886036 -0.0150997806
vn -0.763839841 -0.645383775 -0.0053481441
vn -0.936668992 -0.282506257 -0.206981331
vn -0.659745634 -0.591697693 -0.463281244
vn -0.799208701 -0.458178341 -0.389022022
vn -0.0974836722 -0.372038364 -0.923084199
vn -0.97114861 -0.164832816 0.172338456
vn -0.926380634 0.0464719236 0.373710304
vn -0.929565251 -0.23968862 0.280103087
vn -0.983648896 0.0141087864 0.179542944
vn 0.117497995 0.972327292 0.201925442
vn -0.901180208 -0.0493298955 -0.430628449
vn 0.206563994 0.533285975 -0.82032764
vn -0.969574451 -0.0582004339 0.237777323
vn -0.981267095 -0.0657133758 0.181098595
vn 0.235512361 -0.0497639999 -0.970596433
vn -0.0974836722 -0.372038364 -0.923084199
vn -0.903638005 -0.141031027 0.404411376
vn 0.13301912 -0.701350391 -0.700295329
vn -0.659745634 -0.591697693 -0.463281244
vn -0.918372571 -0.226342231 0.324593723
vn 0.189061865 -0.767891347 -0.612044573
vn -0.844144642 -0.514803112 -0.149658218
vn -0.953752697 -0.269907951 0.132307827
vn -0.451067239 -0.617504895 -0.64438045
vn -0 -0.534065425 -0.845443189
vn -1.18931915E-07 -0.635074019 -0.772451282
vn -0.558210731 -0.516957521 -0.64896518
vn -0.782696962 -0.51405257 -0.350906551
vn -0.799208701 -0.458178341 -0.389022022
vn -0.956587672 -0.288984954 -0.0377836078
vn -0.901180208 -0.0493298955 -0.430628449
vn -0.0974836722 -0.372038364 -0.923084199
vn -0.918372571 -0.226342231 0.324593723
vn -0.97114861 -0.164832816 0.172338456
vn -0.953752697 -0.269907951 0.132307827
vn -0.926380634 0.0464719236 0.373710304
vn -0.79109621 0.130944237 0.597511828
vn -0.903638005 -0.141031027 0.404411376
vn -0.819298565 0.0364029966 0.572210371
vn -0.981267095 -0.0657133758 0.181098595
vn -0.996276319 0.0845848769 0.0166988224
vn -0.901882827 -0.31200397 0.2987656
vn -0.760034204 -0.389675349 -0.520097196
vn -0.929565251 -0.23968862 0.280103087
vn -0.91365546 -0.3101345 0.262774169
vn -0.612829566 -0.115429863 0.781739056
vn -0.75827229 -0.48756209 0.432788938
vn -0.969574451 -0.0582004339 0.237777323
vn -0.351815343 -0.855416179 0.380117267
vn -0.505475938 -0.821617126 0.263513803
vn -0.422386199 -0.17948018 0.888468742
vn -0.306348443 -0.863357186 0.400955081
vn -0.257338941 -0.593437076 0.762632966
vn -0.0276813973 0.400167048 0.916024089
vn 0.0260377694 0.789881587 0.612706304
vn -0.0398703925 0.893460929 0.447367758
vn -0.046118699 0.924568474 0.378214508
vn 0.036619816 0.886645019 0.460998416
vn -0.837294638 0.246659279 0.487951875
vn -0.87104851 -0.427879483 0.241233543
vn -0.393660545 0.325115025 0.859844029
vn -0.432231963 0.890926003 -0.139379039
vn -0.896116853 -0.30854851 0.319018036
vn -0.834879398 -0.490353227 0.250060171
vn -0.718253553 0.127537474 0.683992684
vn -0.57830584 -0.301494628 0.758065522
vn -0.409947276 0.188742235 -0.892367423
vn -0.442181379 0.290293753 -0.848649144
vn -0.083854273 -0.859084308 -0.504918277
vn 0.0746577978 -0.830155373 -0.552510858
vn 0.0856503621 -0.873481154 -0.479264706
vn -0.577869296 0.233277962 -0.782079637
vn -0.558920145 -0.568510354 -0.603658974
vn 0.103493333 -0.994543433 -0.0131336031
vn -0.323552787 0.24494119 0.913957
vn 0.37867403 -0.729178905 0.570003688
vn 0.401569247 -0.679656863 0.613847315
vn 0.197615951 -0.770720363 0.605754256
vn 0.309840649 -0.683390141 0.661042035
vn 0.116521426 -0.987572432 0.105467975
vn -0.110916249 -0.993789732 -0.00892378669
vn -0.263941854 -0.612838447 0.744824648
vn -0.0894253999 -0.912332177 -0.399566174
vn -0.802703798 -0.318054378 0.504487813
vn -0.973372042 -0.000707228202 -0.229229659
vn -0.681865752 -0.727171063 0.0792552978
vn -0.442181379 0.290293753 -0.848649144
vn -0.618385375 -0.731429338 0.287420511
vn 0.0731466487 0.416253358 0.906301618
vn 0.286093146 -0.866566241 -0.408917695
vn 0.215719163 -0.843186438 0.492444754
vn -0.160781518 0.310741216 0.936797321
vn 0.435185164 -0.722762108 0.536869466
vn -0.16117239 0.336499631 0.927788496
vn 0.405124575 -0.829178214 -0.385146201
vn 0.451615602 -0.723078012 0.522686899
vn -0.20052661 0.375394642 0.904913247
vn 0.428685814 -0.848818302 -0.309412152
vn 0.338478506 -0.799497664 0.496221423
vn -0.578938365 -0.599186838 0.552996814
vn -0.534974694 0.844866455 -0.0016527907
vn -0.800702453 0.109974451 0.588881373
vn 0.321220487 -0.910040259 -0.262000144
vn -0.750023663 -0.617211461 -0.237727746
vn -0.860933959 0.278449088 -0.42574513
vn -0.534974694 0.844866455 -0.0016527907
vn -0.299141854 0.162425876 -0.940282941
vn -0.298083693 0.184209794 -0.936596394
vn -0.34132269 0.249927208 -0.906110048
vn -0.397121876 0.335024506 -0.854431272
vn -0.871086299 0.378203571 -0.313321948
vn -0.755201578 0.621097744 -0.209542677
vn -0.281474411 -0.498629093 0.81984216
vn -0.715668619 0.678852201 0.164250195
vn 0.175096914 -0.975228429 0.135168776
vn 0.0410281345 -0.182987124 0.982258797
vn -0.720514476 0.654539347 0.228991255
vn 0.60841918 -0.753684282 -0.248567984
vn 0.169870511 -0.292076737 0.941188216
vn 0.33738935 -0.917483449 -0.210695654
vn -0.30286178 -0.748832762 0.589511991
vn 0.125231564 -0.441148609 0.888653457
vn -0.690140009 0.656743884 0.303964138
vn -0.340257078 -0.912778914 0.225964099
vn 0.543338001 -0.825609386 -0.152161226
vn -0.217066944 -0.967068136 -0.132895529
vn -0.32138589 0.254141271 -0.912207901
vn 0.642759979 -0.740682006 -0.195575625
vn -0.255303323 0.182464004 -0.949487805
vn -0.20987317 0.132509232 -0.968707621
vn -0.519726217 0.35827449 -0.775579751
vn -0.891308904 0.259267986 -0.371952444
vn -0.777726233 0.497047246 0.384819239
vn -0.0678300112 -0.24398461 0.967404008
vn -0.743788779 0.397607148 0.537295938
vn 0.188460559 -0.252834886 0.948976934
vn -0.704509974 0.294661492 0.645631731
vn 0.509008765 -0.852332532 0.12016423
vn 0.64879483 -0.724390805 0.233073205
vn 0.441897511 -0.897065282 -0.000805938616
vn 0.439058214 -0.895170331 -0.0767988339
vn 0.290429413 -0.951205075 -0.104209326
vn 0.423366308 -0.537582636 -0.729222894
vn 0.309141308 -0.37507087 -0.873929858
vn 0.511378169 -0.565211296 -0.647324204
vn 0.225153774 -0.167949915 -0.959738851
vn 0.593768895 -0.550626874 -0.586726844
vn 0.767601609 -0.548748255 0.331154317
vn 0.752184689 -0.504200161 -0.424264461
vn 0.686142325 -0.72007221 -0.103463456
vn 0.36951825 -0.601723611 -0.708085418
vn 0.645285368 -0.763907492 -0.00721807312
vn 0.700035751 -0.713532686 0.0286517721
vn 0.367845625 0.0110576283 0.929821134
vn 0.408147335 0.518943012 0.751075208
vn 0.698540926 0.183191627 0.691723585
vn 0.697266459 -0.701002836 -0.149714813
vn 0.637275517 0.234792069 0.733997643
vn 0.278629005 -0.358771384 0.890869796
vn 0.671870172 -0.692596257 -0.262489766
vn 0.717246711 -0.590857506 0.369383931
vn 0.695731282 -0.561729133 -0.447681218
vn -0.483825564 -0.73661828 0.472553045
vn -0.872681022 0.42438072 -0.241513565
vn -0.887492537 -0.332699746 0.318853885
vn -0.17384702 -0.984158516 -0.0347725675
vn -0.373457909 -0.819993496 -0.433750987
vn -0.38935411 0.107799046 -0.914758325
vn -0.245202482 -0.671642542 -0.69912231
vn -0.247095704 -0.757926643 -0.603730798
vn -0.945522428 -0.0345415995 -0.323719472
vn -0.40671736 -0.866289437 0.290040821
vn -0.300943226 0.708415329 0.638420582
vn -0.0926058516 -0.955981016 0.27843228
vn 0.617333293 -0.767421782 -0.173099205
vn 0.614147246 0.317208439 0.722635388
vn -0.298083693 0.184209794 -0.936596394
vn -0.534974694 0.844866455 -0.0016527907
vn -0.299141854 0.162425876 -0.940282941
vn -0.567113817 0.823573232 0.0104465997
vn -0.20052661 0.375394642 0.904913247
vn -0.16117239 0.336499631 0.927788496
vn -0.34132269 0.249927208 -0.906110048
vn -0.160781518 0.310741216 0.936797321
vn -0.573241472 0.818324924 0.0416964442
vn -0.397121876 0.335024506 -0.854431272
vn -0.323552787 0.24494119 0.913957
vn -0.591826916 0.805401206 0.0327070281
vn -0.558920145 -0.568510354 -0.603658974
vn -0.871086299 0.378203571 -0.313321948
vn -0.632479608 0.761014581 -0.144313633
vn -0.515712261 0.804643035 -0.294262528
vn -0.577869296 0.233277962 -0.782079637
vn -0.755201578 0.621097744 -0.209542677
vn -0.464015335 0.856899202 0.224529415
vn -0.519726217 0.35827449 -0.775579751
vn -0.715668619 0.678852201 0.164250195
vn -0.20987317 0.132509232 -0.968707621
vn -0.720514476 0.654539347 0.228991255
vn -0.255303323 0.182464004 -0.949487805
vn -0.32138589 0.254141271 -0.912207901
vn -0.690140009 0.656743884 0.303964138
vn -0.492056817 0.824219704 -0.280253589
vn -0.503083587 0.819780707 -0.273617208
vn -0.55419147 0.793966591 -0.249977633
vn -0.529108465 0.788249731 -0.314175963
vn -0.499055326 0.719798088 -0.482529312
vn -0.346562326 0.935493529 0.0688948035
vn -0.891308904 0.259267986 -0.371952444
vn -0.326011479 0.889195025 0.321012199
vn 0.0183739997 0.4173612 0.908554971
vn -0.510357141 0.47625488 -0.716042519
vn -0.777726233 0.497047246 0.384819239
vn -0.172070205 0.636445582 0.751883566
vn -0.44392091 0.871284544 0.209278882
vn -0.372016579 0.920582354 0.118877344
vn -0.409947276 0.188742235 -0.892367423
vn -0.442181379 0.290293753 -0.848649144
vn 0.0539804623 0.410770088 0.910139561
vn -0.293817282 0.947430968 0.126672
vn -0.316666454 0.879565716 -0.355086744
vn -0.449636281 0.893193781 -0.0056684115
vn -0.352117896 0.888733029 0.29354161
vn 0.0342842415 0.83837992 0.544007123
vn 0.0731466487 0.416253358 0.906301618
vn 0.0788392201 0.388043702 0.91826272
vn 0.197615951 -0.770720363 0.605754256
vn 0.37867403 -0.729178905 0.570003688
vn 0.401569247 -0.679656863 0.613847315
vn 0.309840649 -0.683390141 0.661042035
vn -0.263941854 -0.612838447 0.744824648
vn -0.802703798 -0.318054378 0.504487813
vn -0.0426005833 0.501749873 0.863963068
vn -0.019819539 0.787054002 0.616565764
vn -0.241802856 0.619881272 0.746510983
vn -0.973372042 -0.000707228202 -0.229229659
vn 0.698540926 0.183191627 0.691723585
vn 0.637275517 0.234792069 0.733997643
vn 0.408147335 0.518943012 0.751075208
vn 0.614147246 0.317208439 0.722635388
vn -0.300943226 0.708415329 0.638420582
vn -0.945522428 -0.0345415995 -0.323719472
vn 0.247967914 0.832710743 0.49508065
vn 0.0327790342 0.768663585 0.63881278
vn -0.0822671801 0.743638575 0.663501203
vn -0.180763945 0.740710914 0.647048533
vn -0.315078199 0.908379614 0.274903953
vn 0.367845625 0.0110576283 0.929821134
vn -0.498446524 0.78173548 -0.374754131
vn -0.431191593 0.839695036 0.330130219
vn -0.433576822 0.78025341 -0.450794578
vn -0.221272111 0.388424397 -0.894519508
vn -0.0356655307 0.232941687 -0.971836388
vn -0.498156607 0.633993864 -0.591516495
vn -0.0711074173 0.333905011 -0.939920783
vn 0.511378169 -0.565211296 -0.647324204
vn 0.423366308 -0.537582636 -0.729222894
vn 0.593768895 -0.550626874 -0.586726844
vn 0.36951825 -0.601723611 -0.708085418
vn 0.309141308 -0.37507087 -0.873929858
vn -0.65949589 0.575741529 -0.483308345
vn 0.225153774 -0.167949915 -0.959738851
vn -0.822509229 0.486994505 -0.293794096
vn -0.743788779 0.397607148 0.537295938
vn -0.53890425 0.568124294 -0.621946037
vn -0.432739437 0.234852701 -0.87039113
vn 0.752184689 -0.504200161 -0.424264461
vn -0.872681022 0.42438072 -0.241513565
vn -0.704509974 0.294661492 0.645631731
vn -0.38935411 0.107799046 -0.914758325
vn 0.695731282 -0.561729133 -0.447681218
vn -0.763072193 0.295182496 -0.57496804
vn -0.849039912 0.255579799 -0.462396115
vn 0.181597069 -0.593058288 -0.784413338
vn 0.645285368 -0.763907492 -0.00721807312
vn 0.471717715 -0.881707251 -0.008648118
vn 0.138358995 -0.539932072 -0.830259144
vn 0.500763297 -0.865318239 -0.0214596763
vn 0.560087025 -0.810323536 -0.172274038
vn -0.538622797 0.593663752 -0.597870231
vn -0.45762521 0.750275314 0.477143556
vn -0.489872754 0.639376402 -0.592640221
vn 0.164582551 -0.415028363 -0.894798338
vn 0.307654768 -0.314980626 -0.897850573
vn 0.588744521 -0.793108284 -0.15607433
vn 0.365009785 -0.37313813 -0.852957129
vn 0.610512674 -0.773934364 -0.168225497
vn 0.556295753 -0.780217826 -0.285998642
vn -0.485787392 0.771491468 0.410866678
vn 0.177425638 -0.136999086 0.974551857
vn 0.645285368 -0.763907492 -0.00721807312
vn 0.471717715 -0.881707251 -0.008648118
vn 0.233081728 -0.183379188 0.955010533
vn 0.500763297 -0.865318239 -0.0214596763
vn 0.287928939 -0.271517754 0.918354571
vn 0.560087025 -0.810323536 -0.172274038
vn 0.588744521 -0.793108284 -0.15607433
vn -0.471401125 0.737338305 0.483852476
vn 0.168059051 -0.419467866 0.892077804
vn 0.610512674 -0.773934364 -0.168225497
vn -0.583765864 0.633096278 0.508337021
vn 0.228129119 -0.456721306 0.85986197
vn 0.556295753 -0.780217826 -0.285998642
vn 0.179128185 -0.549064338 0.816358685
vn -0.308410615 -0.783759534 -0.539076924
vn -0.742071509 -0.326648772 0.585346401
vn -0.684777021 0.601181805 0.411899239
vn -0.409211904 0.276339471 0.869587302
vn -0.394723505 0.592820227 0.701966822
vn -0.667458177 0.744631708 0.00482938951
vn -0.296798587 0.942414939 0.154157773
vn -0.224902183 0.601801455 -0.766324997
vn -0.605794251 0.633428812 -0.481436729
vn -0.0531154424 -0.254961252 -0.965491354
vn -0.599342406 0.633423626 -0.489452034
vn 0.278820425 -0.382199675 -0.881012201
vn -0.308410615 -0.783759534 -0.539076924
vn -0.492497236 0.656136453 -0.571779191
vn -0.395706177 0.918107152 0.0222698357
vn -0.359474868 0.913765728 0.189235285
vn -0.393815666 0.918497086 0.0356701612
vn -0.401574224 0.915761292 -0.010923529
vn -0.401088387 0.915946662 -0.0130326999
vn 0.434306115 -0.650886297 0.622675776
vn -0.160446107 0.223902926 0.961313903
vn 0.335058004 -0.506509542 0.794471025
vn 0.559989929 -0.791349053 0.245311975
vn 0.512199998 -0.750664592 0.41731739
vn 0.598162532 -0.79061085 -0.130904734
vn -0.287620962 -0.93103534 -0.224604666
vn -0.417515278 -0.298146278 -0.858364582
vn -0.52123028 -0.550658047 -0.651992798
vn -0.21393165 -0.976163566 -0.0365773737
vn -0.123001203 -0.992367208 -0.00883687381
vn 0.047596328 -0.997330308 0.055379115
vn 0.295936823 -0.933179259 0.203955606
vn 0.449972987 -0.872294545 0.191380382
vn -0.179037988 -0.788415432 0.588512003
vn -0.179038003 -0.788415551 0.588512063
vn -0.254774898 -0.900568187 0.352231115
vn -0.294097662 -0.937932849 0.183816805
vn -0.315673977 -0.947161973 -0.0568691529
vn -0.312572241 -0.949638307 0.0220396612
vn -0.316050768 -0.925400972 -0.209152848
vn -0.316050768 -0.925400972 -0.209152803
vn 0.356903851 -0.934057951 -0.0124702258
vn 0.390521407 -0.919090211 -0.0525943339
vn 0.390521407 -0.919090211 -0.0525943264
vn 0.339086115 -0.940718591 0.00831459835
vn 0.378618985 -0.923894286 -0.0553808175
vn 0.351565808 -0.936066926 -0.0134220468
vn 0.430320889 -0.891772926 -0.139874548
vn 0.430320919 -0.891772926 -0.139874563
vn 0.16309467 -0.863798201 0.47671029
vn 0.209036916 -0.577815711 0.788943946
vn 0.209036931 -0.577815771 0.788943946
vn 0.143460497 -0.919656873 0.365582049
vn 0.178552896 -0.973939121 -0.139862239
vn 0.137288868 -0.990147412 0.0275665652
vn 0.219935283 -0.918006659 -0.329988271
vn 0.219935253 -0.918006659 -0.329988211
vn 0.28368023 0.438520461 0.852775097
vn 0.123676322 0.751973033 0.647488117
vn -0.0472258963 0.737196028 0.674026489
vn 0.226208299 0.458732218 0.859298885
vn 0.289133459 -0.0183801595 0.957112312
vn 0.388811499 0.088881053 0.917020082
vn -2.05094366E-07 -0.023219917 0.999730408
vn -0.29133299 -0.229410738 0.928706467
vn -0 0.327803046 0.944746077
vn -0 0.669548094 0.742768645
vn -0 -0.0570228323 0.998372912
vn -0 0.711982787 0.702197015
vn -0.2964513 0.703766227 0.645623446
vn -0 0.642822921 0.766014874
vn -0 -0.128496557 0.991710007
vn 1.04031514E-07 -0.0843133032 0.996439278
vn -0.542938113 0.55754292 0.627984107
vn -0.430280447 -0.194144949 0.881570518
vn -0 -0.0760762468 0.997101963
vn -0.709005892 0.00463472726 0.70518738
vn -0 -0.38974005 0.920924962
vn -0.907524884 -0.226900905 0.353432775
vn -0.93141681 -0.280239284 0.232225597
vn -0.769673884 -0.379073501 -0.513717175
vn -0.962962925 -0.177733913 0.202763513
vn -0.395465463 -0.0432863124 0.917460263
vn -0 -0.211317018 0.977417529
vn -0.275927395 -0.098532632 0.956114709
vn -0.861774981 0.145199582 0.486066818
vn -0.874730349 -0.00872299075 0.484531432
vn -0.845612705 0.294754475 -0.445038319
vn -0.879062712 -0.0442044958 -0.474652082
vn -0.183181539 -0.0565170683 -0.98145318
vn 0.0743071809 0.0646309257 -0.995138764
vn -0 -0.0228331927 -0.99973923
vn -0 -0.0383026265 -0.999266207
vn -0 -0.215334058 -0.976540506
vn -0.0516196415 -0.232230678 -0.971290112
vn -0 -0.0739920214 -0.997258782
vn -0.0336290523 0.196028098 -0.980021536
vn -0 0.231368586 -0.972866237
vn -0.308410615 -0.783759534 -0.539076924
vn -0.0531154424 -0.254961252 -0.965491354
vn -0.742071509 -0.326648772 0.585346401
vn -0.394723505 0.592820227 0.701966822
vn -0.296798587 0.942414939 0.154157773
vn -0.284803092 0.928280056 0.239130095
vn -0.508536994 0.828308046 0.235150546
vn -0.9885782 0.135305613 0.0663743913
vn -0.224902183 0.601801455 -0.766324997
vn -0.801044285 -0.277074218 0.530620337
vn -0.936668992 -0.282506257 -0.206981331
vn -0.763839841 -0.645383775 -0.0053481441
vn -0.526075244 -0.850425124 0.0046748044
vn -0 -0.999886036 -0.0150997806
vn -0.284803092 0.928280056 0.239130095
vn -0.296798587 0.942414939 0.154157773
vn -0.508536994 0.828308046 0.235150546
vn -0.287680984 0.47929728 -0.829164445
vn -0.9885782 0.135305613 0.0663743913
vn -0.667599857 0.203459397 -0.716180563
vn -1.26500296E-07 0.173595816 -0.984816968
vn -1.04530358E-07 -0.221267819 -0.97521317
vn -0.695392311 -0.237035081 -0.678412795
vn -0.936668992 -0.282506257 -0.206981331
vn -0.799208701 -0.458178341 -0.389022022
vn -0.558210731 -0.516957521 -0.64896518
vn -0 -0.534065425 -0.845443189
vn 5.85439409E-07 0.563306868 -0.826247692
vn 1.36714698E-06 0.22320956 -0.974770546
vn 0.480631828 0.301739931 -0.823374748
vn 0.438352168 0.509131789 -0.740697026
vn 1.15006209E-07 0.837137997 -0.546991885
vn 0.62609446 -0.0565860085 -0.777691305
vn 0.32825616 0.821275651 -0.466641366
vn -0 0.983078957 -0.18318221
vn 0.318997055 0.941393435 -0.109632321
vn -0 0.927493453 0.373839438
vn 0.46269235 0.78775984 -0.406632721
vn 0.177210897 0.852934301 0.491018713
vn -3.01600636E-07 -0.119063653 0.992886603
vn 0.468462884 0.882047057 -0.0503545813
vn 0.71453315 0.608324409 -0.345519513
vn 0.653401613 0.419918478 -0.629868805
vn 0.957207859 0.153956696 -0.24505198
vn 0.911334693 0.166938111 -0.376298755
vn 0.785543799 -0.0439805314 -0.617241085
vn 0.883171618 -0.387775421 -0.263890475
vn 0.62609446 -0.0565860085 -0.777691305
vn 0.302960366 0.796224177 0.523681223
vn 0.767056882 0.641571224 0.00316709932
vn 0.509681344 0.605422735 0.611300468
vn 0.984744251 0.171657085 0.0285070445
vn 0.694277406 0.188884765 0.694479287
vn 0.615699887 -0.564857244 0.549408793
vn 0.807917416 -0.588829756 0.0234299768
vn 0.35654211 -0.800959527 0.48097977
vn -0 -0.914694071 0.404147118
vn 0.476711363 -0.879041314 -0.00570388371
vn 3.42851649E-07 -0.997301579 -0.0734127164
vn 0.802972555 -0.565435231 -0.188461944
vn 0.453751415 -0.847056389 -0.276776284
vn 5.57422482E-07 -0.919990718 -0.391940176
vn 0.548944831 -0.688759983 -0.473570734
vn 0.39072299 -0.711382747 -0.584183335
vn 1.27616761E-06 -0.737479329 -0.675369799
vn 0.38887006 -0.560833097 -0.730921566
vn 2.58164755E-06 -0.526337087 -0.850275993
vn -0 -0.211317018 0.977417529
vn -0 -0.999816239 0.0191741455
vn 0.846360207 -0.5235973 -0.0975713134
vn -0.275927395 -0.098532632 0.956114709
vn -0.0971860886 -0.0440461747 0.994291067
vn 0.993503988 -0.102448024 -0.0495404564
vn -0.889050364 0.113278501 0.443573415
vn -0.861774981 0.145199582 0.486066818
vn 0.160579339 -0.0844941437 0.983399689
vn 0.997451365 -0.0229464453 -0.0675583109
vn -0.886524498 0.140148059 -0.440945297
vn -0.845612705 0.294754475 -0.445038319
vn -0.827400327 -0.0940553248 0.553680778
vn 0.266424984 -0.141319066 0.953439415
vn 0.996399283 -0.014498177 -0.0835363716
vn 0.068928197 -0.0243524611 -0.997324347
vn 0.0743071809 0.0646309257 -0.995138764
vn -0.903778613 -0.0585927069 -0.423970789
vn -0.768347979 -0.172349751 0.616390347
vn 0.387500077 -0.18883501 0.902321994
vn 0.963982582 -0.00546512613 -0.265909493
vn 0.978599429 -0.0255577918 -0.204181284
vn -0.935114563 -0.101211451 -0.339583635
vn 0.21355994 0.0244469829 -0.976623952
vn 0.206954882 -0.0330847725 -0.977790892
vn -0.707849801 -0.0983248577 0.699486077
vn 0.997451365 -0.0229464453 -0.0675583109
vn 0.993503988 -0.102448024 -0.0495404564
vn 0.846360207 -0.5235973 -0.0975713134
vn -0 -0.0228331927 -0.99973923
vn -0 -0.999816239 0.0191741455
vn 0.996399283 -0.014498177 -0.0835363716
vn 0.963982582 -0.00546512613 -0.265909493
vn -0.974967897 0.0841824561 -0.20579353
vn 0.135176584 0.157395557 -0.978240192
vn 0.12557584 0.0522517599 -0.99070704
vn 0.978599429 -0.0255577918 -0.204181284
vn -0.977132499 -0.00402168138 -0.21259363
vn 0.197688118 -0.0414365306 -0.979388773
vn 0.979851663 -0.0459476337 -0.194369629
vn -0.959149897 -0.0989351124 -0.265034616
vn -0.670331895 -0.114651613 0.73315078
vn -0.681100905 -0.0932137817 0.726231873
vn 0.327093244 -0.116658643 0.937763751
vn 0.352181822 -0.134305194 0.926245153
vn 0.979851663 -0.0459476337 -0.194369629
vn -0.0197286736 -0.9459005 0.323856354
vn -0.785061479 -0.318571925 0.531216025
vn -0.950104892 -0.180887267 0.254126996
vn 0.119507901 -0.950884283 0.285546631
vn 0.833229184 -0.295185506 0.467541039
vn 0.848136544 -0.497774631 0.181341574
vn -0.110577106 -0.960369408 0.255857885
vn 0.541962862 -0.760617733 0.357403129
vn -0.152513102 0.177401215 0.97224921
vn -0.539366484 -0.840852618 -0.0452844091
vn -0.944754004 0.10781464 0.309541255
vn -0.833547175 0.190361872 0.518614829
vn 0.0997419804 -0.972048581 0.212539628
vn -0.0197286736 -0.9459005 0.323856354
vn 0.848136544 -0.497774631 0.181341574
vn 0.856964588 -0.472717583 -0.205304191
vn -0.128762767 -0.974929571 -0.181473434
vn 0.24762249 -0.950060308 -0.189917028
vn 0.983803928 0.154619813 -0.0906776339
vn 0.880882323 0.446342736 0.157557741
vn 0.833229184 -0.295185506 0.467541039
vn 0.970065534 -0.230349064 -0.0768899024
vn 0.838911891 -0.528740525 -0.129074857
vn 0.712786913 0.608583093 0.348656744
vn 0.999270856 0.0308760777 0.0224603359
vn 0.9950158 0.0083744647 -0.0993646085
vn 0.957263589 0.184624046 0.222621769
vn 0.954872131 0.0443116538 -0.293693364
vn 0.929175973 0.0635692775 0.364130527
vn 0.132067099 0.186640754 0.973510861
vn 0.229190782 0.579515934 0.782069623
vn -0.679477274 0.404493481 0.612123847
vn -0.641977429 0.637723327 0.425645411
vn -0.170352757 0.820674002 0.545411825
vn -0.897931755 0.160645291 0.409770072
vn -0.971360147 0.215832978 0.0993757322
vn -0.975980401 0.0960836112 -0.195525229
vn -0.935403645 0.107331745 -0.336897522
vn -0.963825166 0.264823318 0.0301582739
vn -0.673826933 0.0955124646 -0.732689977
vn -0.961590052 -0.170733482 -0.214929223
vn -0.657621443 -0.273348391 -0.702007592
vn -0.0649572983 -0.344767869 -0.936437786
vn -0.0800139457 0.15002647 -0.985438943
vn -0.126815289 0.0868476406 -0.988117099
vn 0.731389582 -0.0245076884 -0.68151927
vn 0.573792756 -0.633499026 -0.519076884
vn 0.838911891 -0.528740525 -0.129074857
vn 0.9950158 0.0083744647 -0.0993646085
vn 0.766236544 0.0614675283 -0.639611959
vn 0.954872131 0.0443116538 -0.293693364
vn -0.351038128 -0.906094968 -0.236144528
vn -0.174395785 -0.982062638 -0.0716871247
vn -0.998214841 -0.0104298396 0.0588088445
vn -0.59236449 0.786478937 0.174800515
vn -0.176671252 0.82754308 0.532878637
vn -0.920407295 -0.330607325 0.208684668
vn 0.782928824 -0.479925513 0.395845771
vn -0.406590521 0.834238887 0.372464478
vn -0.154785484 0.817369461 0.554931223
vn -0.499287099 0.82519716 0.264124751
vn -0.239579111 0.917268276 0.3181521
vn -0.250739872 0.921878934 0.295412719
vn -0.986078799 0.0300682504 0.163537368
vn -0.282968611 0.34751454 0.893958867
vn 0.707490563 0.382224441 0.594442248
vn -0.242988095 0.898055136 0.36667946
vn -0.833547175 0.190361872 0.518614829
vn -0.176139414 0.942133844 0.285234392
vn -0.944754004 0.10781464 0.309541255
vn -0.34887743 0.877375185 0.329389185
vn 0.33730194 0.631758571 0.697931588
vn 0.541962862 -0.760617733 0.357403129
vn -0.152513102 0.177401215 0.97224921
vn -0.640731394 0.75733006 0.12615253
vn 0.459508687 0.806607366 0.371801496
vn -0.809146583 0.509230494 0.293199867
vn -0.832272887 -0.463043153 0.304816306
vn 0.806763232 0.513600945 0.292142212
vn 0.649482727 0.535800815 0.539527357
vn 0.820760965 -0.370241076 0.435055047
vn -0.785061479 -0.318571925 0.531216025
vn -0.526513636 0.801180303 0.284417659
vn -0.950104892 -0.180887267 0.254126996
vn 0.216802984 0.953619242 0.208822504
vn -0.402270883 0.83383745 0.378012359
vn 0.499814272 0.792019725 0.350557417
vn -0.785061479 -0.318571925 0.531216025
vn -0.0197286736 -0.9459005 0.323856354
vn 0.083258912 -0.856229484 0.509842157
vn -0.212550342 -0.971636951 0.10365355
vn -0.152513102 0.177401215 0.97224921
vn 0.0997419804 -0.972048581 0.212539628
vn -0.110577106 -0.960369408 0.255857885
vn -0.833547175 0.190361872 0.518614829
vn -0.128762767 -0.974929571 -0.181473434
vn -0.638534606 -0.639085412 0.428769588
vn -0.116902143 -0.966982186 -0.226449564
vn 0.24762249 -0.950060308 -0.189917028
vn -0.0644636676 -0.997296035 -0.035285376
vn -0.328493237 -0.800769687 0.500859201
vn -0.406590521 0.834238887 0.372464478
vn -0.998214841 -0.0104298396 0.0588088445
vn -0.351038128 -0.906094968 -0.236144528
vn -0.174395785 -0.982062638 -0.0716871247
vn -0.0912800953 -0.99192667 -0.0880299211
vn 0.838911891 -0.528740525 -0.129074857
vn -0.961590052 -0.170733482 -0.214929223
vn 0.573792756 -0.633499026 -0.519076884
vn -0.657621443 -0.273348391 -0.702007592
vn -0.0649572983 -0.344767869 -0.936437786
vn 0.820760965 -0.370241076 0.435055047
vn -0.785061479 -0.318571925 0.531216025
vn 0.083258912 -0.856229484 0.509842157
vn -0.173500344 -0.980817437 0.0888524652
vn -0.152513102 0.177401215 0.97224921
vn -0.832272887 -0.463043153 0.304816306
vn -0.638534606 -0.639085412 0.428769588
vn -0.406590521 0.834238887 0.372464478
vn -0.986078799 0.0300682504 0.163537368
vn 0.0974032059 -0.995245039 0.000157816045
vn -0.833547175 0.190361872 0.518614829
vn -0.282968611 0.34751454 0.893958867
vn 0.707490563 0.382224441 0.594442248
vn -0.328493237 -0.800769687 0.500859201
vn -0.998214841 -0.0104298396 0.0588088445
vn -0.920407295 -0.330607325 0.208684668
vn 0.782928824 -0.479925513 0.395845771
vn -0.406590521 0.834238887 0.372464478
vn 0.378721863 0.925032377 -0.0297474656
vn -0 0.999371827 0.0354401842
vn -0 0.997702658 -0.0677454099
vn 0.460366368 0.886264026 0.050978411
vn -0 0.62561208 0.78013432
vn 0.706359267 0.604926229 0.367587894
vn 0.895377636 0.440667748 0.0641143695
vn -0 -0.988166988 0.153381899
vn -0 -0.988166988 0.153381899
vn 0.231139868 -0.9614079 0.149228379
vn 0.231139868 -0.9614079 0.149228394
vn -0.980886161 0.17383872 -0.0874217078
vn -0.933552444 0.227194443 -0.277241141
vn -0.980886161 0.173838705 -0.0874217004
vn -0.930193305 0.229606718 -0.286393553
vn -0.71994698 0.355738044 -0.595925033
vn -0.672208548 0.379342556 -0.635794699
vn -2.83473639E-07 0.511657774 -0.859189391
vn -3.01500194E-07 0.511657834 -0.859189332
vn -0.0223061275 0.999000013 0.0387491472
vn -0.0268563479 0.998686612 0.0436333455
vn -0.0223061331 0.999000013 0.0387491547
vn -0.0267750192 0.998692572 0.0435460582
vn -0.0278606266 0.998990953 0.0352254622
vn -0.0269256607 0.999125421 0.0319904499
vn -0 0.999994993 0.00316160382
vn -0 0.999994993 0.00316160358
vn 0.994110763 0.0403176248 0.100588992
vn 0.994110763 0.0403176211 0.100588985
vn 0.936886489 0.0133904479 0.349377275
vn 0.935640752 0.013005225 0.352714151
vn 0.721742749 -0.0348413251 0.691283941
vn 0.719546556 -0.035244301 0.693549335
vn 2.75968461E-07 -0.0814759955 0.996675253
vn 2.68474025E-07 -0.081475988 0.996675253
vn -0.923705041 -0.255147547 -0.28577742
vn -0.96795851 -0.227522731 -0.106252939
vn -0.96795851 -0.227522746 -0.106252939
vn -0.916192174 -0.25787589 -0.306744188
vn -0.725492299 -0.34771803 -0.593930185
vn -0.662334144 -0.37415731 -0.649091482
vn 4.44605035E-07 -0.484365374 -0.87486583
vn 4.32728541E-07 -0.484365284 -0.87486589
vn 0.0520666167 -0.997993708 -0.0360210687
vn 0.0466946587 -0.998015523 -0.042243965
vn 0.0466946587 -0.998015523 -0.0422439687
vn 0.0522876121 -0.997991443 -0.0357649364
vn 0.0493658744 -0.998522818 -0.0226992425
vn 0.0458575338 -0.998742402 -0.0202660747
vn -0 -0.999988437 -0.00482297037
vn -0 -0.999988437 -0.00482297037
vn 0.99203825 -0.0441147983 0.117957368
vn 0.932941735 -0.0179205649 0.359581023
vn 0.99203825 -0.0441147909 0.117957368
vn 0.925659299 -0.0157661773 0.378029466
vn 0.719145298 0.0266573522 0.694348156
vn 0.70703125 0.028573785 0.706604838
vn -0 0.0684273094 0.997656107
vn -0 0.0684273168 0.997656107
vn -0 0.999371827 0.0354401842
vn -0.378721803 0.925032496 -0.0297461189
vn -0 0.997702658 -0.0677454099
vn -0.46036616 0.886264145 0.0509798601
vn -0 0.62561208 0.78013432
vn -0.706358194 0.604926705 0.367589176
vn -0.895377636 0.440667808 0.0641145781
vn -0 -0.988166988 0.153381899
vn -0.231139883 -0.9614079 0.149228394
vn -0.231139898 -0.9614079 0.149228394
vn -0 -0.988166988 0.153381899
vn 0.980886281 0.17383872 -0.087419413
vn 0.9808864 0.173838735 -0.087419413
vn 0.933552861 0.227194592 -0.277239472
vn 0.930193722 0.229606897 -0.286391914
vn 0.719947457 0.355737925 -0.595924616
vn 0.672208786 0.379342288 -0.63579452
vn -2.83473639E-07 0.511657774 -0.859189391
vn -3.01500194E-07 0.511657834 -0.859189332
vn 0.0223061405 0.998999894 0.0387516767
vn 0.0223061405 0.998999894 0.0387516841
vn 0.0268563367 0.998686254 0.0436398201
vn 0.0267750081 0.998692334 0.0435524508
vn 0.0278606098 0.998990595 0.0352362096
vn 0.0269256495 0.999125063 0.0320011787
vn -0 0.999994993 0.00316160382
vn -0 0.999994993 0.00316160358
vn -0.994110763 0.0403176323 0.100588985
vn -0.936886191 0.0133904452 0.34937799
vn -0.994110763 0.0403176323 0.100588977
vn -0.935640454 0.0130052175 0.352714866
vn -0.721742094 -0.0348412842 0.691284537
vn -0.719545782 -0.0352442525 0.69355011
vn 2.75968461E-07 -0.0814759955 0.996675253
vn 2.68474025E-07 -0.081475988 0.996675253
vn 0.92370528 -0.255147725 -0.285776615
vn 0.967958629 -0.22752285 -0.106252208
vn 0.967958629 -0.22752288 -0.106252216
vn 0.916192412 -0.257876009 -0.306743294
vn 0.725492716 -0.347718239 -0.593929529
vn 0.662334561 -0.374157488 -0.649091005
vn 4.44605035E-07 -0.484365374 -0.87486583
vn 4.32728541E-07 -0.484365284 -0.87486589
vn -0.0520665869 -0.997994184 -0.0360105932
vn -0.0466946512 -0.998015523 -0.0422439687
vn -0.0466946475 -0.998015523 -0.0422439724
vn -0.0522875972 -0.9979918 -0.0357540101
vn -0.0493658446 -0.998523176 -0.0226824544
vn -0.045857504 -0.998742759 -0.0202515684
vn -0 -0.999988437 -0.00482297037
vn -0 -0.999988437 -0.00482297037
vn -0.99203825 -0.0441147946 0.117957696
vn -0.99203825 -0.0441147983 0.117957696
vn -0.932941854 -0.0179205779 0.359581023
vn -0.925659299 -0.0157661885 0.378029346
vn -0.719145477 0.0266573466 0.694348037
vn -0.707031369 0.0285737794 0.70660466
vn -0 0.0684273094 0.997656107
vn -0 0.0684273168 0.997656107
vn 0.164368406 0.980781555 -0.105121464
vn 0.371229589 0.819072485 -0.437388539
vn 0.272423863 0.956959665 -0.10006696
vn 0.67577374 0.735233665 -0.0525489524
vn 0.434545696 0.747807682 -0.501949966
vn 0.247428402 -0.685416758 -0.684823453
vn 0.549111664 0.463499874 -0.695445359
vn 0.589153171 0.627004683 -0.509670138
vn 0.509700298 0.106238343 -0.853767514
vn 0.322297513 -0.730833113 -0.601670384
vn -0.29414624 -0.927041471 0.232533976
vn -0.288705975 -0.916435122 0.277120292
vn -0.598443806 -0.772601306 0.212019518
vn -0.268136501 -0.424672961 -0.86472863
vn -0.164368615 0.980782926 -0.105108649
vn -0.272423476 0.956960738 -0.100057937
vn -0.371231765 0.819075525 -0.437381178
vn -0.675773621 0.735233247 -0.0525552258
vn -0.434548795 0.747810066 -0.501943588
vn -0.247437313 -0.685414851 -0.684822083
vn -0.549124002 0.463512152 -0.695427358
vn -0.589152873 0.62700361 -0.509671867
vn -0.509715617 0.106242567 -0.853757858
vn -0.322311938 -0.730835438 -0.601659894
vn 0.294145167 -0.927036107 0.232556924
vn 0.288706124 -0.916433096 0.27712658
vn 0.598445475 -0.772603035 0.212008074
vn 0.268144041 -0.424681306 -0.864722311
vn -0.892921209 -0.210737094 0.397846222
vn -0.8174299 -0.193183303 0.542667925
vn 0.126764223 -0.972770631 -0.194031104
vn 0.0606346242 -0.647554636 0.759602845
vn -0.735901058 -0.374786258 0.563901544
vn -0.93803525 -0.32295537 -0.125657216
vn -0.69538027 -0.668159902 0.264591366
vn -0.842043996 0.043214336 0.537675142
vn -0.0669551268 -0.907946467 0.413703114
vn 0.892924547 -0.21073781 0.397838444
vn -0.0606374107 -0.647559822 0.759598196
vn -0.126764089 -0.972768188 -0.194043368
vn 0.817430377 -0.193183467 0.54266715
vn 0.735906124 -0.374794394 0.563889444
vn 0.938034594 -0.32295543 -0.125661418
vn 0.695380747 -0.668161094 0.264587015
vn 0.842044294 0.0432140231 0.537674487
vn 0.0669546798 -0.907946467 0.413703293
g ShenTi_0
f 3/3/3 2/2/2 1/1/1
f 6/6/6 5/5/5 4/4/4
f 9/9/9 8/8/8 7/7/7
f 12/12/12 11/11/11 10/10/10
f 15/15/15 14/14/14 13/13/13
f 16/16/16 15/15/15 13/13/13
f 17/17/17 16/16/16 13/13/13
f 17/17/17 18/18/18 16/16/16
f 18/18/18 19/19/19 16/16/16
f 19/19/19 18/18/18 20/20/20
f 23/23/23 22/22/22 21/21/21
f 24/24/24 23/23/23 21/21/21
f 25/25/25 23/23/23 24/24/24
f 26/26/26 24/24/24 21/21/21
f 27/27/27 26/26/26 21/21/21
f 28/28/28 25/25/25 24/24/24
f 25/25/25 28/28/28 29/29/29
f 28/28/28 24/24/24 30/30/30
f 24/24/24 26/26/26 30/30/30
f 31/31/31 26/26/26 27/27/27
f 32/32/32 31/31/31 27/27/27
f 32/32/32 33/33/33 31/31/31
f 33/33/33 34/34/34 31/31/31
f 34/34/34 35/35/35 31/31/31
f 26/26/26 31/31/31 36/36/36
f 35/35/35 36/36/36 31/31/31
f 30/30/30 26/26/26 36/36/36
f 35/35/35 37/37/37 36/36/36
f 28/28/28 38/38/38 29/29/29
f 28/28/28 30/30/30 38/38/38
f 37/37/37 39/39/39 36/36/36
f 36/36/36 39/39/39 30/30/30
f 40/40/40 39/39/39 37/37/37
f 41/41/41 40/40/40 37/37/37
f 41/41/41 42/42/42 40/40/40
f 39/39/39 43/43/43 30/30/30
f 30/30/30 43/43/43 38/38/38
f 43/43/43 39/39/39 40/40/40
f 29/29/29 38/38/38 44/44/44
f 45/45/45 29/29/29 44/44/44
f 38/38/38 43/43/43 46/46/46
f 44/44/44 38/38/38 46/46/46
f 47/47/47 45/45/45 44/44/44
f 48/48/48 45/45/45 47/47/47
f 49/49/49 48/48/48 47/47/47
f 50/50/50 49/49/49 47/47/47
f 51/51/51 49/49/49 50/50/50
f 52/52/52 51/51/51 50/50/50
f 47/47/47 44/44/44 53/53/53
f 54/54/54 51/51/51 52/52/52
f 53/53/53 44/44/44 55/55/55
f 55/55/55 44/44/44 46/46/46
f 52/52/52 53/53/53 56/56/56
f 56/56/56 53/53/53 55/55/55
f 57/57/57 54/54/54 52/52/52
f 57/57/57 52/52/52 56/56/56
f 58/58/58 54/54/54 57/57/57
f 57/57/57 56/56/56 59/59/59
f 59/59/59 58/58/58 57/57/57
f 56/56/56 55/55/55 59/59/59
f 58/58/58 59/59/59 60/60/60
f 59/59/59 55/55/55 60/60/60
f 61/61/61 58/58/58 60/60/60
f 61/61/61 60/60/60 62/62/62
f 63/63/63 61/61/61 62/62/62
f 64/64/64 63/63/63 62/62/62
f 55/55/55 65/65/65 60/60/60
f 55/55/55 46/46/46 65/65/65
f 62/62/62 60/60/60 66/66/66
f 66/66/66 60/60/60 65/65/65
f 67/67/67 62/62/62 66/66/66
f 68/68/68 66/66/66 65/65/65
f 67/67/67 69/69/69 62/62/62
f 68/68/68 65/65/65 70/70/70
f 69/69/69 71/71/71 62/62/62
f 71/71/71 64/64/64 62/62/62
f 71/71/71 69/69/69 72/72/72
f 65/65/65 73/73/73 70/70/70
f 46/46/46 73/73/73 65/65/65
f 70/70/70 73/73/73 74/74/74
f 64/64/64 71/71/71 75/75/75
f 76/76/76 64/64/64 75/75/75
f 75/75/75 71/71/71 77/77/77
f 77/77/77 71/71/71 72/72/72
f 78/78/78 75/75/75 77/77/77
f 79/79/79 77/77/77 72/72/72
f 78/78/78 77/77/77 79/79/79
f 80/80/80 79/79/79 72/72/72
f 81/81/81 79/79/79 80/80/80
f 82/82/82 78/78/78 79/79/79
f 83/83/83 81/81/81 80/80/80
f 74/74/74 84/84/84 83/83/83
f 73/73/73 84/84/84 74/74/74
f 84/84/84 81/81/81 83/83/83
f 79/79/79 85/85/85 82/82/82
f 79/79/79 81/81/81 85/85/85
f 85/85/85 86/86/86 82/82/82
f 86/86/86 85/85/85 87/87/87
f 88/88/88 86/86/86 87/87/87
f 85/85/85 81/81/81 89/89/89
f 89/89/89 81/81/81 90/90/90
f 81/81/81 91/91/91 90/90/90
f 91/91/91 81/81/81 84/84/84
f 90/90/90 91/91/91 92/92/92
f 93/93/93 84/84/84 73/73/73
f 93/93/93 91/91/91 84/84/84
f 46/46/46 93/93/93 73/73/73
f 43/43/43 93/93/93 46/46/46
f 93/93/93 43/43/43 94/94/94
f 91/91/91 93/93/93 94/94/94
f 94/94/94 43/43/43 40/40/40
f 91/91/91 94/94/94 95/95/95
f 92/92/92 91/91/91 95/95/95
f 94/94/94 40/40/40 96/96/96
f 95/95/95 94/94/94 96/96/96
f 42/42/42 96/96/96 40/40/40
f 96/96/96 42/42/42 97/97/97
f 96/96/96 97/97/97 95/95/95
f 42/42/42 98/98/98 97/97/97
f 97/97/97 99/99/99 95/95/95
f 92/92/92 95/95/95 99/99/99
f 100/100/100 92/92/92 99/99/99
f 92/92/92 100/100/100 101/101/101
f 100/100/100 102/102/102 101/101/101
f 101/101/101 102/102/102 103/103/103
f 106/106/106 105/105/105 104/104/104
f 107/107/107 106/106/106 104/104/104
f 108/108/108 107/107/107 104/104/104
f 109/109/109 107/107/107 108/108/108
f 110/110/110 108/108/108 104/104/104
f 110/110/110 109/109/109 108/108/108
f 111/111/111 110/110/110 104/104/104
f 110/110/110 111/111/111 112/112/112
f 109/109/109 110/110/110 113/113/113
f 113/113/113 110/110/110 112/112/112
f 114/114/114 109/109/109 113/113/113
f 112/112/112 115/115/115 113/113/113
f 114/114/114 113/113/113 116/116/116
f 115/115/115 116/116/116 113/113/113
f 117/117/117 114/114/114 116/116/116
f 115/115/115 118/118/118 116/116/116
f 117/117/117 116/116/116 119/119/119
f 118/118/118 119/119/119 116/116/116
f 120/120/120 117/117/117 119/119/119
f 118/118/118 121/121/121 119/119/119
f 121/121/121 120/120/120 119/119/119
f 124/124/124 123/123/123 122/122/122
f 125/125/125 124/124/124 122/122/122
f 125/125/125 122/122/122 126/126/126
f 127/127/127 125/125/125 126/126/126
f 126/126/126 128/128/128 127/127/127
f 128/128/128 129/129/129 127/127/127
f 130/130/130 127/127/127 129/129/129
f 133/133/133 132/132/132 131/131/131
f 134/134/134 133/133/133 131/131/131
f 134/134/134 131/131/131 135/135/135
f 131/131/131 136/136/136 135/135/135
f 137/137/137 135/135/135 136/136/136
f 138/138/138 137/137/137 136/136/136
f 135/135/135 139/139/139 134/134/134
f 134/134/134 139/139/139 140/140/140
f 140/140/140 139/139/139 135/135/135
f 135/135/135 137/137/137 140/140/140
f 140/140/140 141/141/141 134/134/134
f 142/142/142 141/141/141 140/140/140
f 137/137/137 143/143/143 140/140/140
f 143/143/143 142/142/142 140/140/140
f 144/144/144 137/137/137 138/138/138
f 143/143/143 137/137/137 144/144/144
f 143/143/143 145/145/145 142/142/142
f 145/145/145 143/143/143 144/144/144
f 144/144/144 138/138/138 145/145/145
f 145/145/145 146/146/146 142/142/142
f 138/138/138 146/146/146 145/145/145
f 149/149/149 148/148/148 147/147/147
f 147/147/147 148/148/148 150/150/150
f 150/150/150 148/148/148 151/151/151
f 151/151/151 148/148/148 152/152/152
f 152/152/152 148/148/148 153/153/153
f 153/153/153 148/148/148 154/154/154
f 154/154/154 148/148/148 155/155/155
f 148/148/148 156/156/156 155/155/155
f 148/148/148 157/157/157 156/156/156
f 160/160/160 159/159/159 158/158/158
f 161/161/161 160/160/160 158/158/158
f 161/161/161 158/158/158 162/162/162
f 160/160/160 161/161/161 163/163/163
f 164/164/164 161/161/161 162/162/162
f 163/163/163 161/161/161 164/164/164
f 167/167/167 166/166/166 165/165/165
f 166/166/166 168/168/168 165/165/165
f 165/165/165 168/168/168 169/169/169
f 170/170/170 165/165/165 169/169/169
f 170/170/170 169/169/169 171/171/171
f 169/169/169 172/172/172 171/171/171
f 171/171/171 172/172/172 173/173/173
f 168/168/168 174/174/174 169/169/169
f 174/174/174 168/168/168 166/166/166
f 174/174/174 175/175/175 169/169/169
f 169/169/169 175/175/175 172/172/172
f 176/176/176 174/174/174 166/166/166
f 175/175/175 177/177/177 172/172/172
f 172/172/172 177/177/177 178/178/178
f 178/178/178 179/179/179 172/172/172
f 177/177/177 180/180/180 178/178/178
f 178/178/178 180/180/180 181/181/181
f 180/180/180 182/182/182 181/181/181
f 181/181/181 182/182/182 183/183/183
f 166/166/166 184/184/184 176/176/176
f 185/185/185 184/184/184 166/166/166
f 184/184/184 186/186/186 176/176/176
f 187/187/187 176/176/176 186/186/186
f 172/172/172 179/179/179 188/188/188
f 189/189/189 172/172/172 188/188/188
f 172/172/172 189/189/189 173/173/173
f 173/173/173 189/189/189 190/190/190
f 189/189/189 191/191/191 190/190/190
f 190/190/190 191/191/191 192/192/192
f 189/189/189 188/188/188 193/193/193
f 191/191/191 189/189/189 193/193/193
f 191/191/191 194/194/194 192/192/192
f 192/192/192 194/194/194 195/195/195
f 194/194/194 191/191/191 196/196/196
f 191/191/191 193/193/193 196/196/196
f 194/194/194 197/197/197 195/195/195
f 194/194/194 196/196/196 197/197/197
f 195/195/195 197/197/197 198/198/198
f 195/195/195 198/198/198 199/199/199
f 198/198/198 200/200/200 199/199/199
f 198/198/198 197/197/197 201/201/201
f 196/196/196 201/201/201 197/197/197
f 200/200/200 198/198/198 202/202/202
f 202/202/202 198/198/198 201/201/201
f 203/203/203 200/200/200 202/202/202
f 204/204/204 203/203/203 202/202/202
f 205/205/205 204/204/204 202/202/202
f 205/205/205 202/202/202 201/201/201
f 201/201/201 196/196/196 205/205/205
f 196/196/196 206/206/206 205/205/205
f 196/196/196 193/193/193 206/206/206
f 193/193/193 207/207/207 206/206/206
f 207/207/207 193/193/193 188/188/188
f 208/208/208 207/207/207 188/188/188
f 208/208/208 188/188/188 179/179/179
f 209/209/209 208/208/208 179/179/179
f 210/210/210 209/209/209 179/179/179
f 211/211/211 210/210/210 179/179/179
f 210/210/210 211/211/211 212/212/212
f 179/179/179 213/213/213 211/211/211
f 179/179/179 178/178/178 213/213/213
f 211/211/211 214/214/214 212/212/212
f 212/212/212 214/214/214 215/215/215
f 216/216/216 214/214/214 211/211/211
f 214/214/214 217/217/217 215/215/215
f 217/217/217 214/214/214 216/216/216
f 218/218/218 211/211/211 213/213/213
f 218/218/218 216/216/216 211/211/211
f 218/218/218 213/213/213 219/219/219
f 215/215/215 217/217/217 220/220/220
f 221/221/221 215/215/215 220/220/220
f 221/221/221 220/220/220 222/222/222
f 220/220/220 223/223/223 222/222/222
f 223/223/223 220/220/220 217/217/217
f 223/223/223 224/224/224 222/222/222
f 225/225/225 224/224/224 223/223/223
f 226/226/226 223/223/223 217/217/217
f 223/223/223 226/226/226 225/225/225
f 226/226/226 217/217/217 216/216/216
f 226/226/226 227/227/227 225/225/225
f 226/226/226 216/216/216 227/227/227
f 216/216/216 228/228/228 227/227/227
f 228/228/228 216/216/216 218/218/218
f 229/229/229 228/228/228 218/218/218
f 218/218/218 219/219/219 229/229/229
f 219/219/219 230/230/230 229/229/229
f 231/231/231 230/230/230 219/219/219
f 232/232/232 231/231/231 219/219/219
f 231/231/231 232/232/232 233/233/233
f 232/232/232 234/234/234 233/233/233
f 233/233/233 234/234/234 235/235/235
f 219/219/219 236/236/236 232/232/232
f 232/232/232 237/237/237 234/234/234
f 236/236/236 237/237/237 232/232/232
f 219/219/219 238/238/238 236/236/236
f 213/213/213 238/238/238 219/219/219
f 213/213/213 239/239/239 238/238/238
f 213/213/213 178/178/178 239/239/239
f 178/178/178 240/240/240 239/239/239
f 178/178/178 181/181/181 240/240/240
f 236/236/236 238/238/238 241/241/241
f 242/242/242 236/236/236 241/241/241
f 236/236/236 242/242/242 237/237/237
f 241/241/241 238/238/238 243/243/243
f 238/238/238 239/239/239 243/243/243
f 242/242/242 244/244/244 237/237/237
f 243/243/243 239/239/239 245/245/245
f 246/246/246 237/237/237 244/244/244
f 247/247/247 246/246/246 244/244/244
f 237/237/237 246/246/246 234/234/234
f 239/239/239 248/248/248 245/245/245
f 239/239/239 240/240/240 248/248/248
f 249/249/249 245/245/245 248/248/248
f 250/250/250 249/249/249 248/248/248
f 248/248/248 251/251/251 250/250/250
f 240/240/240 251/251/251 248/248/248
f 251/251/251 252/252/252 250/250/250
f 253/253/253 252/252/252 251/251/251
f 253/253/253 251/251/251 254/254/254
f 251/251/251 240/240/240 255/255/255
f 251/251/251 255/255/255 254/254/254
f 240/240/240 181/181/181 255/255/255
f 254/254/254 255/255/255 256/256/256
f 234/234/234 246/246/246 257/257/257
f 234/234/234 257/257/257 235/235/235
f 255/255/255 181/181/181 258/258/258
f 255/255/255 258/258/258 256/256/256
f 246/246/246 259/259/259 257/257/257
f 246/246/246 247/247/247 259/259/259
f 247/247/247 260/260/260 259/259/259
f 235/235/235 257/257/257 261/261/261
f 261/261/261 257/257/257 259/259/259
f 235/235/235 261/261/261 262/262/262
f 261/261/261 263/263/263 262/262/262
f 264/264/264 261/261/261 259/259/259
f 263/263/263 261/261/261 264/264/264
f 260/260/260 264/264/264 259/259/259
f 265/265/265 263/263/263 264/264/264
f 264/264/264 260/260/260 265/265/265
f 260/260/260 266/266/266 265/265/265
f 181/181/181 267/267/267 258/258/258
f 267/267/267 181/181/181 183/183/183
f 268/268/268 267/267/267 183/183/183
f 267/267/267 268/268/268 258/258/258
f 269/269/269 268/268/268 183/183/183
f 269/269/269 270/270/270 268/268/268
f 269/269/269 271/271/271 270/270/270
f 268/268/268 270/270/270 272/272/272
f 268/268/268 273/273/273 258/258/258
f 273/273/273 268/268/268 272/272/272
f 256/256/256 258/258/258 273/273/273
f 274/274/274 273/273/273 272/272/272
f 274/274/274 256/256/256 273/273/273
f 277/277/277 276/276/276 275/275/275
f 278/278/278 277/277/277 275/275/275
f 277/277/277 278/278/278 279/279/279
f 278/278/278 280/280/280 279/279/279
f 278/278/278 275/275/275 281/281/281
f 280/280/280 278/278/278 282/282/282
f 283/283/283 278/278/278 281/281/281
f 278/278/278 283/283/283 282/282/282
f 281/281/281 284/284/284 283/283/283
f 282/282/282 283/283/283 285/285/285
f 284/284/284 286/286/286 283/283/283
f 283/283/283 286/286/286 285/285/285
f 285/285/285 286/286/286 287/287/287
f 286/286/286 284/284/284 288/288/288
f 286/286/286 289/289/289 287/287/287
f 289/289/289 286/286/286 288/288/288
f 289/289/289 288/288/288 290/290/290
f 289/289/289 291/291/291 287/287/287
f 292/292/292 290/290/290 288/288/288
f 291/291/291 289/289/289 293/293/293
f 289/289/289 290/290/290 293/293/293
f 292/292/292 294/294/294 290/290/290
f 294/294/294 292/292/292 295/295/295
f 296/296/296 294/294/294 295/295/295
f 295/295/295 297/297/297 296/296/296
f 297/297/297 298/298/298 296/296/296
f 298/298/298 297/297/297 299/299/299
f 297/297/297 300/300/300 299/299/299
f 299/299/299 300/300/300 301/301/301
f 300/300/300 302/302/302 301/301/301
f 302/302/302 300/300/300 303/303/303
f 303/303/303 300/300/300 304/304/304
f 294/294/294 305/305/305 290/290/290
f 290/290/290 305/305/305 306/306/306
f 307/307/307 305/305/305 294/294/294
f 290/290/290 306/306/306 308/308/308
f 290/290/290 308/308/308 293/293/293
f 293/293/293 308/308/308 309/309/309
f 307/307/307 310/310/310 305/305/305
f 310/310/310 307/307/307 311/311/311
f 308/308/308 306/306/306 312/312/312
f 308/308/308 312/312/312 309/309/309
f 313/313/313 293/293/293 309/309/309
f 313/313/313 291/291/291 293/293/293
f 313/313/313 314/314/314 291/291/291
f 314/314/314 315/315/315 291/291/291
f 315/315/315 314/314/314 316/316/316
f 317/317/317 313/313/313 309/309/309
f 313/313/313 317/317/317 314/314/314
f 314/314/314 318/318/318 316/316/316
f 316/316/316 318/318/318 319/319/319
f 320/320/320 319/319/319 318/318/318
f 320/320/320 318/318/318 321/321/321
f 321/321/321 318/318/318 322/322/322
f 323/323/323 322/322/322 318/318/318
f 318/318/318 314/314/314 323/323/323
f 314/314/314 324/324/324 323/323/323
f 317/317/317 324/324/324 314/314/314
f 323/323/323 324/324/324 325/325/325
f 324/324/324 326/326/326 325/325/325
f 326/326/326 324/324/324 327/327/327
f 324/324/324 317/317/317 327/327/327
f 327/327/327 317/317/317 309/309/309
f 328/328/328 327/327/327 309/309/309
f 328/328/328 309/309/309 329/329/329
f 309/309/309 312/312/312 329/329/329
f 330/330/330 329/329/329 312/312/312
f 331/331/331 330/330/330 312/312/312
f 332/332/332 331/331/331 312/312/312
f 306/306/306 332/332/332 312/312/312
f 330/330/330 331/331/331 333/333/333
f 334/334/334 330/330/330 333/333/333
f 335/335/335 331/331/331 332/332/332
f 331/331/331 335/335/335 333/333/333
f 335/335/335 336/336/336 333/333/333
f 337/337/337 335/335/335 332/332/332
f 336/336/336 338/338/338 333/333/333
f 334/334/334 333/333/333 339/339/339
f 338/338/338 339/339/339 333/333/333
f 340/340/340 334/334/334 339/339/339
f 338/338/338 341/341/341 339/339/339
f 341/341/341 342/342/342 339/339/339
f 343/343/343 339/339/339 342/342/342
f 339/339/339 343/343/343 344/344/344
f 337/337/337 332/332/332 345/345/345
f 337/337/337 345/345/345 346/346/346
f 332/332/332 306/306/306 345/345/345
f 347/347/347 345/345/345 306/306/306
f 345/345/345 348/348/348 346/346/346
f 345/345/345 347/347/347 348/348/348
f 349/349/349 347/347/347 306/306/306
f 305/305/305 349/349/349 306/306/306
f 305/305/305 350/350/350 349/349/349
f 310/310/310 350/350/350 305/305/305
f 351/351/351 347/347/347 349/349/349
f 347/347/347 352/352/352 348/348/348
f 347/347/347 351/351/351 352/352/352
f 350/350/350 353/353/353 349/349/349
f 353/353/353 351/351/351 349/349/349
f 354/354/354 353/353/353 350/350/350
f 355/355/355 354/354/354 350/350/350
f 350/350/350 310/310/310 355/355/355
f 354/354/354 356/356/356 353/353/353
f 356/356/356 351/351/351 353/353/353
f 356/356/356 357/357/357 351/351/351
f 357/357/357 352/352/352 351/351/351
f 310/310/310 358/358/358 355/355/355
f 358/358/358 310/310/310 359/359/359
f 359/359/359 310/310/310 311/311/311
f 360/360/360 358/358/358 359/359/359
f 361/361/361 359/359/359 311/311/311
f 360/360/360 359/359/359 361/361/361
f 362/362/362 361/361/361 311/311/311
f 352/352/352 357/357/357 363/363/363
f 352/352/352 363/363/363 348/348/348
f 364/364/364 360/360/360 361/361/361
f 365/365/365 360/360/360 364/364/364
f 361/361/361 362/362/362 366/366/366
f 361/361/361 366/366/366 364/364/364
f 362/362/362 367/367/367 366/366/366
f 365/365/365 364/364/364 368/368/368
f 366/366/366 368/368/368 364/364/364
f 369/369/369 365/365/365 368/368/368
f 366/366/366 370/370/370 368/368/368
f 371/371/371 370/370/370 366/366/366
f 357/357/357 372/372/372 363/363/363
f 357/357/357 373/373/373 372/372/372
f 373/373/373 374/374/374 372/372/372
f 375/375/375 372/372/372 374/374/374
f 376/376/376 375/375/375 374/374/374
f 375/375/375 376/376/376 377/377/377
f 363/363/363 372/372/372 378/378/378
f 372/372/372 375/375/375 378/378/378
f 363/363/363 378/378/378 379/379/379
f 380/380/380 378/378/378 375/375/375
f 379/379/379 378/378/378 380/380/380
f 381/381/381 375/375/375 377/377/377
f 381/381/381 380/380/380 375/375/375
f 381/381/381 377/377/377 382/382/382
f 380/380/380 381/381/381 382/382/382
f 377/377/377 383/383/383 382/382/382
f 382/382/382 383/383/383 384/384/384
f 383/383/383 385/385/385 384/384/384
f 384/384/384 385/385/385 386/386/386
f 387/387/387 363/363/363 379/379/379
f 363/363/363 387/387/387 348/348/348
f 348/348/348 387/387/387 346/346/346
f 387/387/387 388/388/388 346/346/346
f 387/387/387 379/379/379 388/388/388
f 346/346/346 388/388/388 389/389/389
f 388/388/388 390/390/390 389/389/389
f 388/388/388 391/391/391 390/390/390
f 379/379/379 391/391/391 388/388/388
f 391/391/391 392/392/392 390/390/390
f 392/392/392 391/391/391 393/393/393
f 393/393/393 391/391/391 379/379/379
f 394/394/394 392/392/392 393/393/393
f 395/395/395 394/394/394 393/393/393
f 396/396/396 393/393/393 379/379/379
f 396/396/396 379/379/379 380/380/380
f 397/397/397 395/395/395 393/393/393
f 397/397/397 393/393/393 396/396/396
f 395/395/395 397/397/397 398/398/398
f 396/396/396 380/380/380 399/399/399
f 399/399/399 397/397/397 396/396/396
f 397/397/397 400/400/400 398/398/398
f 397/397/397 399/399/399 400/400/400
f 401/401/401 398/398/398 400/400/400
f 402/402/402 401/401/401 400/400/400
f 403/403/403 401/401/401 402/402/402
f 404/404/404 403/403/403 402/402/402
f 402/402/402 400/400/400 405/405/405
f 399/399/399 405/405/405 400/400/400
f 402/402/402 406/406/406 404/404/404
f 406/406/406 402/402/402 405/405/405
f 406/406/406 407/407/407 404/404/404
f 406/406/406 408/408/408 407/407/407
f 408/408/408 406/406/406 405/405/405
f 408/408/408 409/409/409 407/407/407
f 410/410/410 409/409/409 408/408/408
f 411/411/411 410/410/410 408/408/408
f 408/408/408 405/405/405 411/411/411
f 410/410/410 411/411/411 412/412/412
f 413/413/413 405/405/405 399/399/399
f 405/405/405 413/413/413 411/411/411
f 412/412/412 411/411/411 414/414/414
f 411/411/411 413/413/413 414/414/414
f 415/415/415 412/412/412 414/414/414
f 386/386/386 415/415/415 414/414/414
f 414/414/414 384/384/384 386/386/386
f 414/414/414 413/413/413 384/384/384
f 416/416/416 413/413/413 399/399/399
f 384/384/384 413/413/413 416/416/416
f 380/380/380 416/416/416 399/399/399
f 382/382/382 384/384/384 416/416/416
f 416/416/416 380/380/380 382/382/382
f 419/419/419 418/418/418 417/417/417
f 420/420/420 417/417/417 418/418/418
f 417/417/417 420/420/420 421/421/421
f 424/424/424 423/423/423 422/422/422
f 423/423/423 425/425/425 422/422/422
f 425/425/425 426/426/426 422/422/422
f 426/426/426 425/425/425 427/427/427
f 430/430/430 429/429/429 428/428/428
f 429/429/429 431/431/431 428/428/428
f 428/428/428 431/431/431 432/432/432
f 433/433/433 428/428/428 432/432/432
f 434/434/434 433/433/433 432/432/432
f 434/434/434 435/435/435 433/433/433
f 438/438/438 437/437/437 436/436/436
f 437/437/437 439/439/439 436/436/436
f 437/437/437 440/440/440 439/439/439
f 440/440/440 441/441/441 439/439/439
f 442/442/442 441/441/441 440/440/440
f 443/443/443 442/442/442 440/440/440
f 446/446/446 445/445/445 444/444/444
f 447/447/447 446/446/446 444/444/444
f 447/447/447 444/444/444 448/448/448
f 449/449/449 447/447/447 448/448/448
f 450/450/450 449/449/449 448/448/448
f 451/451/451 450/450/450 448/448/448
f 454/454/454 453/453/453 452/452/452
f 455/455/455 454/454/454 452/452/452
f 455/455/455 452/452/452 456/456/456
f 457/457/457 455/455/455 456/456/456
f 458/458/458 457/457/457 456/456/456
f 459/459/459 458/458/458 456/456/456
f 462/462/462 461/461/461 460/460/460
f 461/461/461 463/463/463 460/460/460
f 463/463/463 464/464/464 460/460/460
f 464/464/464 465/465/465 460/460/460
f 464/464/464 463/463/463 466/466/466
f 467/467/467 464/464/464 466/466/466
f 468/468/468 466/466/466 463/463/463
f 469/469/469 468/468/468 463/463/463
f 466/466/466 470/470/470 467/467/467
f 471/471/471 469/469/469 463/463/463
f 461/461/461 471/471/471 463/463/463
f 471/471/471 461/461/461 472/472/472
f 473/473/473 471/471/471 472/472/472
f 470/470/470 474/474/474 467/467/467
f 475/475/475 473/473/473 472/472/472
f 461/461/461 476/476/476 472/472/472
f 474/474/474 477/477/477 467/467/467
f 474/474/474 478/478/478 477/477/477
f 479/479/479 475/475/475 472/472/472
f 475/475/475 479/479/479 480/480/480
f 467/467/467 477/477/477 481/481/481
f 482/482/482 467/467/467 481/481/481
f 482/482/482 481/481/481 483/483/483
f 484/484/484 482/482/482 483/483/483
f 478/478/478 485/485/485 477/477/477
f 485/485/485 478/478/478 486/486/486
f 487/487/487 485/485/485 486/486/486
f 485/485/485 487/487/487 488/488/488
f 477/477/477 485/485/485 489/489/489
f 489/489/489 485/485/485 488/488/488
f 481/481/481 477/477/477 489/489/489
f 489/489/489 488/488/488 490/490/490
f 481/481/481 489/489/489 491/491/491
f 491/491/491 489/489/489 490/490/490
f 483/483/483 481/481/481 491/491/491
f 491/491/491 490/490/490 492/492/492
f 483/483/483 491/491/491 492/492/492
f 490/490/490 493/493/493 492/492/492
f 493/493/493 494/494/494 492/492/492
f 494/494/494 495/495/495 492/492/492
f 495/495/495 496/496/496 492/492/492
f 496/496/496 497/497/497 492/492/492
f 497/497/497 483/483/483 492/492/492
f 497/497/497 496/496/496 498/498/498
f 499/499/499 497/497/497 498/498/498
f 498/498/498 500/500/500 499/499/499
f 501/501/501 483/483/483 497/497/497
f 502/502/502 501/501/501 497/497/497
f 502/502/502 497/497/497 499/499/499
f 501/501/501 503/503/503 483/483/483
f 503/503/503 484/484/484 483/483/483
f 476/476/476 484/484/484 503/503/503
f 504/504/504 476/476/476 503/503/503
f 504/504/504 505/505/505 476/476/476
f 505/505/505 506/506/506 476/476/476
f 476/476/476 506/506/506 472/472/472
f 506/506/506 507/507/507 472/472/472
f 507/507/507 508/508/508 472/472/472
f 508/508/508 479/479/479 472/472/472
f 509/509/509 502/502/502 499/499/499
f 510/510/510 479/479/479 508/508/508
f 511/511/511 510/510/510 508/508/508
f 511/511/511 512/512/512 510/510/510
f 479/479/479 510/510/510 480/480/480
f 512/512/512 513/513/513 510/510/510
f 480/480/480 510/510/510 513/513/513
f 513/513/513 514/514/514 480/480/480
f 509/509/509 499/499/499 515/515/515
f 516/516/516 509/509/509 515/515/515
f 515/515/515 499/499/499 517/517/517
f 499/499/499 518/518/518 517/517/517
f 500/500/500 518/518/518 499/499/499
f 517/517/517 518/518/518 519/519/519
f 518/518/518 500/500/500 520/520/520
f 518/518/518 520/520/520 519/519/519
f 500/500/500 521/521/521 520/520/520
f 520/520/520 521/521/521 522/522/522
f 520/520/520 523/523/523 519/519/519
f 523/523/523 520/520/520 522/522/522
f 523/523/523 524/524/524 519/519/519
f 525/525/525 524/524/524 523/523/523
f 526/526/526 525/525/525 523/523/523
f 523/523/523 522/522/522 526/526/526
f 522/522/522 527/527/527 526/526/526
f 530/530/530 529/529/529 528/528/528
f 529/529/529 531/531/531 528/528/528
f 528/528/528 531/531/531 532/532/532
f 531/531/531 529/529/529 533/533/533
f 531/531/531 534/534/534 532/532/532
f 535/535/535 532/532/532 534/534/534
f 536/536/536 535/535/535 534/534/534
f 537/537/537 535/535/535 536/536/536
f 538/538/538 534/534/534 531/531/531
f 536/536/536 534/534/534 538/538/538
f 539/539/539 537/537/537 536/536/536
f 540/540/540 537/537/537 539/539/539
f 541/541/541 536/536/536 538/538/538
f 539/539/539 536/536/536 541/541/541
f 538/538/538 531/531/531 542/542/542
f 538/538/538 542/542/542 541/541/541
f 543/543/543 531/531/531 533/533/533
f 543/543/543 542/542/542 531/531/531
f 544/544/544 542/542/542 543/543/543
f 545/545/545 543/543/543 533/533/533
f 545/545/545 544/544/544 543/543/543
f 546/546/546 545/545/545 533/533/533
f 547/547/547 545/545/545 546/546/546
f 544/544/544 545/545/545 547/547/547
f 547/547/547 546/546/546 548/548/548
f 549/549/549 539/539/539 541/541/541
f 540/540/540 539/539/539 549/549/549
f 542/542/542 550/550/550 541/541/541
f 541/541/541 550/550/550 549/549/549
f 542/542/542 544/544/544 550/550/550
f 550/550/550 551/551/551 549/549/549
f 540/540/540 549/549/549 551/551/551
f 550/550/550 552/552/552 551/551/551
f 544/544/544 552/552/552 550/550/550
f 540/540/540 551/551/551 553/553/553
f 552/552/552 553/553/553 551/551/551
f 553/553/553 554/554/554 540/540/540
f 553/553/553 552/552/552 554/554/554
f 555/555/555 552/552/552 544/544/544
f 552/552/552 555/555/555 554/554/554
f 556/556/556 540/540/540 554/554/554
f 554/554/554 555/555/555 556/556/556
f 556/556/556 557/557/557 540/540/540
f 556/556/556 558/558/558 557/557/557
f 555/555/555 558/558/558 556/556/556
f 558/558/558 559/559/559 557/557/557
f 560/560/560 555/555/555 544/544/544
f 558/558/558 555/555/555 560/560/560
f 560/560/560 544/544/544 547/547/547
f 559/559/559 558/558/558 561/561/561
f 561/561/561 558/558/558 560/560/560
f 562/562/562 559/559/559 561/561/561
f 563/563/563 560/560/560 547/547/547
f 561/561/561 560/560/560 563/563/563
f 563/563/563 547/547/547 548/548/548
f 562/562/562 561/561/561 564/564/564
f 564/564/564 561/561/561 563/563/563
f 564/564/564 563/563/563 548/548/548
f 565/565/565 562/562/562 564/564/564
f 566/566/566 564/564/564 548/548/548
f 565/565/565 564/564/564 567/567/567
f 564/564/564 566/566/566 567/567/567
f 570/570/570 569/569/569 568/568/568
f 569/569/569 571/571/571 568/568/568
f 571/571/571 569/569/569 572/572/572
f 569/569/569 573/573/573 572/572/572
f 571/571/571 572/572/572 574/574/574
f 575/575/575 571/571/571 574/574/574
f 576/576/576 572/572/572 573/573/573
f 577/577/577 576/576/576 573/573/573
f 575/575/575 574/574/574 578/578/578
f 579/579/579 575/575/575 578/578/578
f 580/580/580 574/574/574 572/572/572
f 576/576/576 580/580/580 572/572/572
f 581/581/581 576/576/576 577/577/577
f 582/582/582 581/581/581 577/577/577
f 579/579/579 578/578/578 583/583/583
f 584/584/584 579/579/579 583/583/583
f 585/585/585 578/578/578 574/574/574
f 585/585/585 574/574/574 580/580/580
f 586/586/586 580/580/580 576/576/576
f 581/581/581 586/586/586 576/576/576
f 581/581/581 582/582/582 587/587/587
f 582/582/582 588/588/588 587/587/587
f 588/588/588 589/589/589 587/587/587
f 586/586/586 590/590/590 580/580/580
f 590/590/590 585/585/585 580/580/580
f 590/590/590 591/591/591 585/585/585
f 585/585/585 592/592/592 578/578/578
f 591/591/591 592/592/592 585/585/585
f 592/592/592 583/583/583 578/578/578
f 593/593/593 586/586/586 581/581/581
f 586/586/586 593/593/593 590/590/590
f 587/587/587 593/593/593 581/581/581
f 583/583/583 592/592/592 594/594/594
f 594/594/594 592/592/592 591/591/591
f 595/595/595 583/583/583 594/594/594
f 583/583/583 595/595/595 584/584/584
f 595/595/595 596/596/596 584/584/584
f 597/597/597 584/584/584 596/596/596
f 598/598/598 597/597/597 596/596/596
f 599/599/599 594/594/594 591/591/591
f 599/599/599 591/591/591 600/600/600
f 590/590/590 601/601/601 591/591/591
f 593/593/593 601/601/601 590/590/590
f 591/591/591 602/602/602 600/600/600
f 601/601/601 602/602/602 591/591/591
f 602/602/602 603/603/603 600/600/600
f 602/602/602 601/601/601 603/603/603
f 603/603/603 604/604/604 600/600/600
f 601/601/601 593/593/593 605/605/605
f 601/601/601 605/605/605 603/603/603
f 604/604/604 603/603/603 606/606/606
f 607/607/607 604/604/604 606/606/606
f 606/606/606 603/603/603 608/608/608
f 603/603/603 605/605/605 608/608/608
f 608/608/608 605/605/605 609/609/609
f 593/593/593 610/610/610 605/605/605
f 605/605/605 610/610/610 609/609/609
f 610/610/610 593/593/593 587/587/587
f 609/609/609 610/610/610 611/611/611
f 612/612/612 610/610/610 587/587/587
f 610/610/610 612/612/612 611/611/611
f 589/589/589 612/612/612 587/587/587
f 611/611/611 612/612/612 589/589/589
f 613/613/613 611/611/611 589/589/589
f 616/616/616 615/615/615 614/614/614
f 617/617/617 614/614/614 615/615/615
f 618/618/618 617/617/617 615/615/615
f 619/619/619 614/614/614 617/617/617
f 618/618/618 619/619/619 617/617/617
f 622/622/622 621/621/621 620/620/620
f 620/620/620 623/623/623 622/622/622
f 624/624/624 622/622/622 623/623/623
f 625/625/625 623/623/623 620/620/620
f 624/624/624 623/623/623 625/625/625
f 628/628/628 627/627/627 626/626/626
f 629/629/629 626/626/626 627/627/627
f 626/626/626 629/629/629 630/630/630
f 630/630/630 629/629/629 631/631/631
f 632/632/632 629/629/629 627/627/627
f 631/631/631 629/629/629 632/632/632
f 633/633/633 632/632/632 627/627/627
f 627/627/627 634/634/634 633/633/633
f 635/635/635 631/631/631 632/632/632
f 631/631/631 635/635/635 636/636/636
f 632/632/632 637/637/637 635/635/635
f 637/637/637 632/632/632 633/633/633
f 638/638/638 635/635/635 637/637/637
f 635/635/635 638/638/638 636/636/636
f 639/639/639 636/636/636 638/638/638
f 640/640/640 639/639/639 638/638/638
f 640/640/640 638/638/638 637/637/637
f 639/639/639 640/640/640 641/641/641
f 642/642/642 641/641/641 640/640/640
f 642/642/642 640/640/640 643/643/643
f 644/644/644 643/643/643 640/640/640
f 640/640/640 637/637/637 644/644/644
f 644/644/644 645/645/645 643/643/643
f 645/645/645 644/644/644 646/646/646
f 647/647/647 646/646/646 644/644/644
f 644/644/644 637/637/637 647/647/647
f 648/648/648 643/643/643 645/645/645
f 645/645/645 649/649/649 648/648/648
f 645/645/645 646/646/646 649/649/649
f 649/649/649 650/650/650 648/648/648
f 651/651/651 648/648/648 650/650/650
f 649/649/649 646/646/646 652/652/652
f 649/649/649 652/652/652 650/650/650
f 650/650/650 653/653/653 651/651/651
f 652/652/652 654/654/654 650/650/650
f 650/650/650 654/654/654 653/653/653
f 655/655/655 653/653/653 654/654/654
f 653/653/653 655/655/655 656/656/656
f 653/653/653 657/657/657 651/651/651
f 656/656/656 657/657/657 653/653/653
f 658/658/658 651/651/651 657/657/657
f 656/656/656 659/659/659 657/657/657
f 660/660/660 659/659/659 656/656/656
f 660/660/660 661/661/661 659/659/659
f 662/662/662 659/659/659 661/661/661
f 657/657/657 663/663/663 658/658/658
f 663/663/663 657/657/657 659/659/659
f 659/659/659 662/662/662 663/663/663
f 664/664/664 658/658/658 663/663/663
f 663/663/663 662/662/662 664/664/664
f 666/666/666 665/665/665 652/652/652
f 667/667/667 666/666/666 652/652/652
f 667/667/667 652/652/652 668/668/668
f 646/646/646 668/668/668 652/652/652
f 668/668/668 669/669/669 667/667/667
f 670/670/670 667/667/667 669/669/669
f 670/670/670 669/669/669 671/671/671
f 671/671/671 669/669/669 672/672/672
f 668/668/668 673/673/673 669/669/669
f 673/673/673 668/668/668 646/646/646
f 673/673/673 672/672/672 669/669/669
f 646/646/646 674/674/674 673/673/673
f 673/673/673 674/674/674 672/672/672
f 675/675/675 674/674/674 646/646/646
f 646/646/646 647/647/647 675/675/675
f 674/674/674 676/676/676 672/672/672
f 677/677/677 672/672/672 676/676/676
f 678/678/678 677/677/677 676/676/676
f 678/678/678 676/676/676 679/679/679
f 674/674/674 680/680/680 676/676/676
f 679/679/679 676/676/676 680/680/680
f 680/680/680 674/674/674 675/675/675
f 680/680/680 681/681/681 679/679/679
f 680/680/680 682/682/682 681/681/681
f 680/680/680 675/675/675 682/682/682
f 682/682/682 683/683/683 681/681/681
f 675/675/675 684/684/684 682/682/682
f 684/684/684 675/675/675 647/647/647
f 685/685/685 683/683/683 682/682/682
f 682/682/682 684/684/684 685/685/685
f 685/685/685 686/686/686 683/683/683
f 686/686/686 685/685/685 687/687/687
f 684/684/684 687/687/687 685/685/685
f 684/684/684 647/647/647 688/688/688
f 684/684/684 688/688/688 687/687/687
f 647/647/647 689/689/689 688/688/688
f 647/647/647 637/637/637 689/689/689
f 688/688/688 690/690/690 687/687/687
f 691/691/691 687/687/687 690/690/690
f 688/688/688 692/692/692 690/690/690
f 692/692/692 688/688/688 689/689/689
f 690/690/690 693/693/693 691/691/691
f 693/693/693 690/690/690 692/692/692
f 694/694/694 691/691/691 693/693/693
f 694/694/694 693/693/693 695/695/695
f 692/692/692 695/695/695 693/693/693
f 689/689/689 695/695/695 692/692/692
f 689/689/689 696/696/696 695/695/695
f 696/696/696 689/689/689 637/637/637
f 696/696/696 697/697/697 695/695/695
f 637/637/637 698/698/698 696/696/696
f 633/633/633 698/698/698 637/637/637
f 697/697/697 696/696/696 699/699/699
f 698/698/698 699/699/699 696/696/696
f 697/697/697 699/699/699 634/634/634
f 633/633/633 700/700/700 698/698/698
f 700/700/700 633/633/633 634/634/634
f 699/699/699 698/698/698 700/700/700
f 700/700/700 634/634/634 699/699/699
f 703/703/703 702/702/702 701/701/701
f 702/702/702 703/703/703 704/704/704
f 702/702/702 704/704/704 705/705/705
f 706/706/706 704/704/704 703/703/703
f 705/705/705 704/704/704 707/707/707
f 708/708/708 707/707/707 704/704/704
f 704/704/704 706/706/706 709/709/709
f 704/704/704 710/710/710 708/708/708
f 711/711/711 704/704/704 709/709/709
f 711/711/711 709/709/709 712/712/712
f 704/704/704 713/713/713 710/710/710
f 711/711/711 713/713/713 704/704/704
f 710/710/710 713/713/713 714/714/714
f 710/710/710 714/714/714 715/715/715
f 714/714/714 713/713/713 716/716/716
f 717/717/717 716/716/716 713/713/713
f 717/717/717 713/713/713 711/711/711
f 718/718/718 717/717/717 711/711/711
f 718/718/718 711/711/711 712/712/712
f 718/718/718 712/712/712 719/719/719
f 720/720/720 719/719/719 712/712/712
f 721/721/721 718/718/718 719/719/719
f 720/720/720 722/722/722 719/719/719
f 721/721/721 719/719/719 723/723/723
f 724/724/724 719/719/719 722/722/722
f 724/724/724 723/723/723 719/719/719
f 727/727/727 726/726/726 725/725/725
f 728/728/728 725/725/725 726/726/726
f 728/728/728 726/726/726 729/729/729
f 725/725/725 728/728/728 730/730/730
f 729/729/729 730/730/730 728/728/728
f 733/733/733 732/732/732 731/731/731
f 732/732/732 734/734/734 731/731/731
f 735/735/735 731/731/731 734/734/734
f 732/732/732 736/736/736 734/734/734
f 734/734/734 737/737/737 735/735/735
f 736/736/736 737/737/737 734/734/734
f 740/740/740 739/739/739 738/738/738
f 741/741/741 738/738/738 739/739/739
f 742/742/742 738/738/738 741/741/741
f 745/745/745 744/744/744 743/743/743
f 744/744/744 746/746/746 743/743/743
f 746/746/746 747/747/747 743/743/743
f 748/748/748 747/747/747 746/746/746
f 749/749/749 748/748/748 746/746/746
f 748/748/748 749/749/749 750/750/750
f 753/753/753 752/752/752 751/751/751
f 752/752/752 754/754/754 751/751/751
f 752/752/752 755/755/755 754/754/754
f 754/754/754 756/756/756 751/751/751
f 756/756/756 757/757/757 751/751/751
f 755/755/755 758/758/758 754/754/754
f 758/758/758 755/755/755 759/759/759
f 754/754/754 758/758/758 760/760/760
f 756/756/756 754/754/754 760/760/760
f 756/756/756 761/761/761 757/757/757
f 761/761/761 762/762/762 757/757/757
f 763/763/763 762/762/762 761/761/761
f 764/764/764 763/763/763 761/761/761
f 764/764/764 761/761/761 765/765/765
f 761/761/761 756/756/756 766/766/766
f 761/761/761 766/766/766 765/765/765
f 756/756/756 760/760/760 766/766/766
f 767/767/767 765/765/765 766/766/766
f 768/768/768 758/758/758 759/759/759
f 760/760/760 758/758/758 768/768/768
f 769/769/769 767/767/767 766/766/766
f 769/769/769 766/766/766 760/760/760
f 769/769/769 770/770/770 767/767/767
f 770/770/770 771/771/771 767/767/767
f 771/771/771 770/770/770 772/772/772
f 773/773/773 769/769/769 760/760/760
f 773/773/773 760/760/760 768/768/768
f 769/769/769 773/773/773 770/770/770
f 774/774/774 768/768/768 759/759/759
f 775/775/775 774/774/774 759/759/759
f 773/773/773 768/768/768 776/776/776
f 768/768/768 774/774/774 776/776/776
f 775/775/775 777/777/777 774/774/774
f 775/775/775 778/778/778 777/777/777
f 778/778/778 779/779/779 777/777/777
f 779/779/779 780/780/780 777/777/777
f 779/779/779 781/781/781 780/780/780
f 781/781/781 782/782/782 780/780/780
f 774/774/774 777/777/777 783/783/783
f 781/781/781 784/784/784 782/782/782
f 774/774/774 783/783/783 785/785/785
f 774/774/774 785/785/785 776/776/776
f 783/783/783 782/782/782 786/786/786
f 783/783/783 786/786/786 785/785/785
f 784/784/784 787/787/787 782/782/782
f 782/782/782 787/787/787 786/786/786
f 784/784/784 788/788/788 787/787/787
f 786/786/786 787/787/787 789/789/789
f 788/788/788 789/789/789 787/787/787
f 785/785/785 786/786/786 789/789/789
f 789/789/789 788/788/788 790/790/790
f 785/785/785 789/789/789 790/790/790
f 788/788/788 791/791/791 790/790/790
f 790/790/790 791/791/791 792/792/792
f 791/791/791 793/793/793 792/792/792
f 793/793/793 794/794/794 792/792/792
f 795/795/795 785/785/785 790/790/790
f 776/776/776 785/785/785 795/795/795
f 790/790/790 792/792/792 796/796/796
f 795/795/795 790/790/790 796/796/796
f 792/792/792 797/797/797 796/796/796
f 798/798/798 795/795/795 796/796/796
f 797/797/797 792/792/792 799/799/799
f 795/795/795 798/798/798 800/800/800
f 792/792/792 801/801/801 799/799/799
f 794/794/794 801/801/801 792/792/792
f 802/802/802 799/799/799 801/801/801
f 803/803/803 795/795/795 800/800/800
f 803/803/803 776/776/776 795/795/795
f 803/803/803 800/800/800 804/804/804
f 805/805/805 801/801/801 794/794/794
f 806/806/806 805/805/805 794/794/794
f 807/807/807 801/801/801 805/805/805
f 807/807/807 802/802/802 801/801/801
f 808/808/808 807/807/807 805/805/805
f 807/807/807 809/809/809 802/802/802
f 809/809/809 807/807/807 808/808/808
f 809/809/809 810/810/810 802/802/802
f 809/809/809 811/811/811 810/810/810
f 812/812/812 809/809/809 808/808/808
f 811/811/811 813/813/813 810/810/810
f 814/814/814 804/804/804 813/813/813
f 814/814/814 803/803/803 804/804/804
f 811/811/811 814/814/814 813/813/813
f 809/809/809 812/812/812 815/815/815
f 811/811/811 809/809/809 815/815/815
f 812/812/812 816/816/816 815/815/815
f 817/817/817 815/815/815 816/816/816
f 818/818/818 817/817/817 816/816/816
f 811/811/811 815/815/815 819/819/819
f 811/811/811 819/819/819 820/820/820
f 821/821/821 811/811/811 820/820/820
f 811/811/811 821/821/821 814/814/814
f 821/821/821 820/820/820 822/822/822
f 814/814/814 823/823/823 803/803/803
f 821/821/821 823/823/823 814/814/814
f 823/823/823 776/776/776 803/803/803
f 823/823/823 773/773/773 776/776/776
f 773/773/773 823/823/823 824/824/824
f 823/823/823 821/821/821 824/824/824
f 773/773/773 824/824/824 770/770/770
f 824/824/824 821/821/821 825/825/825
f 821/821/821 822/822/822 825/825/825
f 770/770/770 824/824/824 826/826/826
f 824/824/824 825/825/825 826/826/826
f 770/770/770 826/826/826 772/772/772
f 826/826/826 827/827/827 772/772/772
f 827/827/827 826/826/826 825/825/825
f 827/827/827 828/828/828 772/772/772
f 829/829/829 827/827/827 825/825/825
f 825/825/825 822/822/822 829/829/829
f 822/822/822 830/830/830 829/829/829
f 830/830/830 822/822/822 831/831/831
f 832/832/832 830/830/830 831/831/831
f 832/832/832 831/831/831 833/833/833
f 836/836/836 835/835/835 834/834/834
f 837/837/837 836/836/836 834/834/834
f 837/837/837 838/838/838 836/836/836
f 837/837/837 839/839/839 838/838/838
f 838/838/838 840/840/840 836/836/836
f 839/839/839 840/840/840 838/838/838
f 840/840/840 841/841/841 836/836/836
f 841/841/841 840/840/840 842/842/842
f 843/843/843 840/840/840 839/839/839
f 840/840/840 843/843/843 842/842/842
f 844/844/844 843/843/843 839/839/839
f 845/845/845 842/842/842 843/843/843
f 846/846/846 843/843/843 844/844/844
f 846/846/846 845/845/845 843/843/843
f 847/847/847 846/846/846 844/844/844
f 848/848/848 845/845/845 846/846/846
f 849/849/849 846/846/846 847/847/847
f 849/849/849 848/848/848 846/846/846
f 850/850/850 849/849/849 847/847/847
f 851/851/851 848/848/848 849/849/849
f 850/850/850 851/851/851 849/849/849
f 854/854/854 853/853/853 852/852/852
f 853/853/853 855/855/855 852/852/852
f 852/852/852 855/855/855 856/856/856
f 855/855/855 857/857/857 856/856/856
f 858/858/858 856/856/856 857/857/857
f 859/859/859 858/858/858 857/857/857
f 857/857/857 860/860/860 859/859/859
f 863/863/863 862/862/862 861/861/861
f 862/862/862 864/864/864 861/861/861
f 861/861/861 864/864/864 865/865/865
f 866/866/866 861/861/861 865/865/865
f 865/865/865 867/867/867 866/866/866
f 867/867/867 868/868/868 866/866/866
f 869/869/869 865/865/865 864/864/864
f 869/869/869 864/864/864 870/870/870
f 869/869/869 870/870/870 865/865/865
f 867/867/867 865/865/865 870/870/870
f 871/871/871 870/870/870 864/864/864
f 871/871/871 872/872/872 870/870/870
f 873/873/873 867/867/867 870/870/870
f 872/872/872 873/873/873 870/870/870
f 867/867/867 874/874/874 868/868/868
f 867/867/867 873/873/873 874/874/874
f 875/875/875 873/873/873 872/872/872
f 873/873/873 875/875/875 874/874/874
f 868/868/868 874/874/874 875/875/875
f 876/876/876 875/875/875 872/872/872
f 876/876/876 868/868/868 875/875/875
f 879/879/879 878/878/878 877/877/877
f 879/879/879 877/877/877 880/880/880
f 879/879/879 880/880/880 881/881/881
f 879/879/879 881/881/881 882/882/882
f 879/879/879 882/882/882 883/883/883
f 879/879/879 883/883/883 884/884/884
f 879/879/879 884/884/884 885/885/885
f 886/886/886 879/879/879 885/885/885
f 887/887/887 879/879/879 886/886/886
f 890/890/890 889/889/889 888/888/888
f 889/889/889 891/891/891 888/888/888
f 888/888/888 891/891/891 892/892/892
f 891/891/891 889/889/889 893/893/893
f 891/891/891 894/894/894 892/892/892
f 891/891/891 893/893/893 894/894/894
f 897/897/897 896/896/896 895/895/895
f 898/898/898 897/897/897 895/895/895
f 898/898/898 895/895/895 899/899/899
f 895/895/895 900/900/900 899/899/899
f 899/899/899 900/900/900 901/901/901
f 902/902/902 899/899/899 901/901/901
f 902/902/902 901/901/901 903/903/903
f 904/904/904 898/898/898 899/899/899
f 898/898/898 904/904/904 897/897/897
f 905/905/905 904/904/904 899/899/899
f 905/905/905 899/899/899 902/902/902
f 904/904/904 906/906/906 897/897/897
f 907/907/907 905/905/905 902/902/902
f 907/907/907 902/902/902 908/908/908
f 909/909/909 908/908/908 902/902/902
f 910/910/910 907/907/907 908/908/908
f 910/910/910 908/908/908 911/911/911
f 912/912/912 910/910/910 911/911/911
f 912/912/912 911/911/911 913/913/913
f 914/914/914 897/897/897 906/906/906
f 914/914/914 915/915/915 897/897/897
f 916/916/916 914/914/914 906/906/906
f 906/906/906 917/917/917 916/916/916
f 909/909/909 902/902/902 918/918/918
f 902/902/902 919/919/919 918/918/918
f 919/919/919 902/902/902 903/903/903
f 919/919/919 903/903/903 920/920/920
f 921/921/921 919/919/919 920/920/920
f 921/921/921 920/920/920 922/922/922
f 918/918/918 919/919/919 923/923/923
f 919/919/919 921/921/921 923/923/923
f 924/924/924 921/921/921 922/922/922
f 924/924/924 922/922/922 925/925/925
f 921/921/921 924/924/924 926/926/926
f 923/923/923 921/921/921 926/926/926
f 927/927/927 924/924/924 925/925/925
f 926/926/926 924/924/924 927/927/927
f 927/927/927 925/925/925 928/928/928
f 928/928/928 925/925/925 929/929/929
f 930/930/930 928/928/928 929/929/929
f 927/927/927 928/928/928 931/931/931
f 931/931/931 926/926/926 927/927/927
f 928/928/928 930/930/930 932/932/932
f 928/928/928 932/932/932 931/931/931
f 930/930/930 933/933/933 932/932/932
f 933/933/933 934/934/934 932/932/932
f 934/934/934 935/935/935 932/932/932
f 932/932/932 935/935/935 931/931/931
f 926/926/926 931/931/931 935/935/935
f 936/936/936 926/926/926 935/935/935
f 923/923/923 926/926/926 936/936/936
f 937/937/937 923/923/923 936/936/936
f 923/923/923 937/937/937 918/918/918
f 937/937/937 938/938/938 918/918/918
f 918/918/918 938/938/938 909/909/909
f 938/938/938 939/939/939 909/909/909
f 939/939/939 940/940/940 909/909/909
f 940/940/940 941/941/941 909/909/909
f 941/941/941 940/940/940 942/942/942
f 943/943/943 909/909/909 941/941/941
f 908/908/908 909/909/909 943/943/943
f 944/944/944 941/941/941 942/942/942
f 944/944/944 942/942/942 945/945/945
f 944/944/944 946/946/946 941/941/941
f 947/947/947 944/944/944 945/945/945
f 944/944/944 947/947/947 946/946/946
f 941/941/941 948/948/948 943/943/943
f 946/946/946 948/948/948 941/941/941
f 943/943/943 948/948/948 949/949/949
f 947/947/947 945/945/945 950/950/950
f 945/945/945 951/951/951 950/950/950
f 950/950/950 951/951/951 952/952/952
f 953/953/953 950/950/950 952/952/952
f 950/950/950 953/953/953 947/947/947
f 954/954/954 953/953/953 952/952/952
f 954/954/954 955/955/955 953/953/953
f 953/953/953 956/956/956 947/947/947
f 956/956/956 953/953/953 955/955/955
f 947/947/947 956/956/956 946/946/946
f 957/957/957 956/956/956 955/955/955
f 946/946/946 956/956/956 957/957/957
f 958/958/958 946/946/946 957/957/957
f 946/946/946 958/958/958 948/948/948
f 958/958/958 959/959/959 948/948/948
f 949/949/949 948/948/948 959/959/959
f 960/960/960 949/949/949 959/959/959
f 960/960/960 961/961/961 949/949/949
f 961/961/961 962/962/962 949/949/949
f 962/962/962 961/961/961 963/963/963
f 964/964/964 962/962/962 963/963/963
f 964/964/964 963/963/963 965/965/965
f 966/966/966 949/949/949 962/962/962
f 967/967/967 962/962/962 964/964/964
f 967/967/967 966/966/966 962/962/962
f 968/968/968 949/949/949 966/966/966
f 968/968/968 943/943/943 949/949/949
f 969/969/969 943/943/943 968/968/968
f 908/908/908 943/943/943 969/969/969
f 970/970/970 908/908/908 969/969/969
f 911/911/911 908/908/908 970/970/970
f 968/968/968 966/966/966 971/971/971
f 966/966/966 972/972/972 971/971/971
f 972/972/972 966/966/966 967/967/967
f 968/968/968 971/971/971 973/973/973
f 969/969/969 968/968/968 973/973/973
f 974/974/974 972/972/972 967/967/967
f 969/969/969 973/973/973 975/975/975
f 967/967/967 976/976/976 974/974/974
f 976/976/976 977/977/977 974/974/974
f 976/976/976 967/967/967 964/964/964
f 978/978/978 969/969/969 975/975/975
f 970/970/970 969/969/969 978/978/978
f 975/975/975 979/979/979 978/978/978
f 979/979/979 980/980/980 978/978/978
f 981/981/981 978/978/978 980/980/980
f 981/981/981 970/970/970 978/978/978
f 982/982/982 981/981/981 980/980/980
f 982/982/982 983/983/983 981/981/981
f 981/981/981 983/983/983 984/984/984
f 970/970/970 981/981/981 985/985/985
f 985/985/985 981/981/981 984/984/984
f 911/911/911 970/970/970 985/985/985
f 985/985/985 984/984/984 986/986/986
f 976/976/976 964/964/964 987/987/987
f 987/987/987 964/964/964 965/965/965
f 911/911/911 985/985/985 988/988/988
f 988/988/988 985/985/985 986/986/986
f 989/989/989 976/976/976 987/987/987
f 977/977/977 976/976/976 989/989/989
f 990/990/990 977/977/977 989/989/989
f 987/987/987 965/965/965 991/991/991
f 987/987/987 991/991/991 989/989/989
f 991/991/991 965/965/965 992/992/992
f 993/993/993 991/991/991 992/992/992
f 991/991/991 994/994/994 989/989/989
f 991/991/991 993/993/993 994/994/994
f 994/994/994 990/990/990 989/989/989
f 993/993/993 995/995/995 994/994/994
f 990/990/990 994/994/994 995/995/995
f 996/996/996 990/990/990 995/995/995
f 997/997/997 911/911/911 988/988/988
f 911/911/911 997/997/997 913/913/913
f 997/997/997 998/998/998 913/913/913
f 998/998/998 997/997/997 988/988/988
f 998/998/998 999/999/999 913/913/913
f 1000/1000/1000 999/999/999 998/998/998
f 1001/1001/1001 999/999/999 1000/1000/1000
f 1000/1000/1000 998/998/998 1002/1002/1002
f 1003/1003/1003 998/998/998 988/988/988
f 998/998/998 1003/1003/1003 1002/1002/1002
f 988/988/988 986/986/986 1003/1003/1003
f 1003/1003/1003 1004/1004/1004 1002/1002/1002
f 986/986/986 1004/1004/1004 1003/1003/1003
f 1007/1007/1007 1006/1006/1006 1005/1005/1005
f 1006/1006/1006 1008/1008/1008 1005/1005/1005
f 1008/1008/1008 1006/1006/1006 1009/1009/1009
f 1010/1010/1010 1008/1008/1008 1009/1009/1009
f 1005/1005/1005 1008/1008/1008 1011/1011/1011
f 1008/1008/1008 1010/1010/1010 1012/1012/1012
f 1008/1008/1008 1013/1013/1013 1011/1011/1011
f 1013/1013/1013 1008/1008/1008 1012/1012/1012
f 1014/1014/1014 1011/1011/1011 1013/1013/1013
f 1013/1013/1013 1012/1012/1012 1015/1015/1015
f 1016/1016/1016 1014/1014/1014 1013/1013/1013
f 1016/1016/1016 1013/1013/1013 1015/1015/1015
f 1016/1016/1016 1015/1015/1015 1017/1017/1017
f 1014/1014/1014 1016/1016/1016 1018/1018/1018
f 1019/1019/1019 1016/1016/1016 1017/1017/1017
f 1016/1016/1016 1019/1019/1019 1018/1018/1018
f 1018/1018/1018 1019/1019/1019 1020/1020/1020
f 1021/1021/1021 1019/1019/1019 1017/1017/1017
f 1020/1020/1020 1022/1022/1022 1018/1018/1018
f 1020/1020/1020 1019/1019/1019 1023/1023/1023
f 1019/1019/1019 1021/1021/1021 1023/1023/1023
f 1024/1024/1024 1022/1022/1022 1020/1020/1020
f 1022/1022/1022 1024/1024/1024 1025/1025/1025
f 1024/1024/1024 1026/1026/1026 1025/1025/1025
f 1027/1027/1027 1025/1025/1025 1026/1026/1026
f 1028/1028/1028 1027/1027/1027 1026/1026/1026
f 1027/1027/1027 1028/1028/1028 1029/1029/1029
f 1030/1030/1030 1027/1027/1027 1029/1029/1029
f 1030/1030/1030 1029/1029/1029 1031/1031/1031
f 1032/1032/1032 1030/1030/1030 1031/1031/1031
f 1030/1030/1030 1032/1032/1032 1033/1033/1033
f 1030/1030/1030 1033/1033/1033 1034/1034/1034
f 1035/1035/1035 1024/1024/1024 1020/1020/1020
f 1035/1035/1035 1020/1020/1020 1036/1036/1036
f 1035/1035/1035 1037/1037/1037 1024/1024/1024
f 1036/1036/1036 1020/1020/1020 1038/1038/1038
f 1038/1038/1038 1020/1020/1020 1023/1023/1023
f 1038/1038/1038 1023/1023/1023 1039/1039/1039
f 1040/1040/1040 1037/1037/1037 1035/1035/1035
f 1037/1037/1037 1040/1040/1040 1041/1041/1041
f 1036/1036/1036 1038/1038/1038 1042/1042/1042
f 1042/1042/1042 1038/1038/1038 1039/1039/1039
f 1023/1023/1023 1043/1043/1043 1039/1039/1039
f 1021/1021/1021 1043/1043/1043 1023/1023/1023
f 1044/1044/1044 1043/1043/1043 1021/1021/1021
f 1045/1045/1045 1044/1044/1044 1021/1021/1021
f 1044/1044/1044 1045/1045/1045 1046/1046/1046
f 1043/1043/1043 1047/1047/1047 1039/1039/1039
f 1047/1047/1047 1043/1043/1043 1044/1044/1044
f 1048/1048/1048 1044/1044/1044 1046/1046/1046
f 1048/1048/1048 1046/1046/1046 1049/1049/1049
f 1049/1049/1049 1050/1050/1050 1048/1048/1048
f 1048/1048/1048 1050/1050/1050 1051/1051/1051
f 1048/1048/1048 1051/1051/1051 1052/1052/1052
f 1052/1052/1052 1053/1053/1053 1048/1048/1048
f 1044/1044/1044 1048/1048/1048 1053/1053/1053
f 1054/1054/1054 1044/1044/1044 1053/1053/1053
f 1054/1054/1054 1047/1047/1047 1044/1044/1044
f 1054/1054/1054 1053/1053/1053 1055/1055/1055
f 1056/1056/1056 1054/1054/1054 1055/1055/1055
f 1054/1054/1054 1056/1056/1056 1057/1057/1057
f 1047/1047/1047 1054/1054/1054 1057/1057/1057
f 1047/1047/1047 1057/1057/1057 1039/1039/1039
f 1057/1057/1057 1058/1058/1058 1039/1039/1039
f 1039/1039/1039 1058/1058/1058 1059/1059/1059
f 1042/1042/1042 1039/1039/1039 1059/1059/1059
f 1059/1059/1059 1060/1060/1060 1042/1042/1042
f 1060/1060/1060 1061/1061/1061 1042/1042/1042
f 1061/1061/1061 1062/1062/1062 1042/1042/1042
f 1062/1062/1062 1036/1036/1036 1042/1042/1042
f 1061/1061/1061 1060/1060/1060 1063/1063/1063
f 1060/1060/1060 1064/1064/1064 1063/1063/1063
f 1061/1061/1061 1065/1065/1065 1062/1062/1062
f 1065/1065/1065 1061/1061/1061 1063/1063/1063
f 1066/1066/1066 1065/1065/1065 1063/1063/1063
f 1065/1065/1065 1067/1067/1067 1062/1062/1062
f 1068/1068/1068 1066/1066/1066 1063/1063/1063
f 1063/1063/1063 1064/1064/1064 1069/1069/1069
f 1069/1069/1069 1068/1068/1068 1063/1063/1063
f 1064/1064/1064 1070/1070/1070 1069/1069/1069
f 1071/1071/1071 1068/1068/1068 1069/1069/1069
f 1072/1072/1072 1071/1071/1071 1069/1069/1069
f 1069/1069/1069 1073/1073/1073 1072/1072/1072
f 1073/1073/1073 1069/1069/1069 1074/1074/1074
f 1062/1062/1062 1067/1067/1067 1075/1075/1075
f 1075/1075/1075 1067/1067/1067 1076/1076/1076
f 1036/1036/1036 1062/1062/1062 1075/1075/1075
f 1075/1075/1075 1077/1077/1077 1036/1036/1036
f 1078/1078/1078 1075/1075/1075 1076/1076/1076
f 1077/1077/1077 1075/1075/1075 1078/1078/1078
f 1077/1077/1077 1079/1079/1079 1036/1036/1036
f 1079/1079/1079 1035/1035/1035 1036/1036/1036
f 1080/1080/1080 1035/1035/1035 1079/1079/1079
f 1080/1080/1080 1040/1040/1040 1035/1035/1035
f 1077/1077/1077 1081/1081/1081 1079/1079/1079
f 1082/1082/1082 1077/1077/1077 1078/1078/1078
f 1081/1081/1081 1077/1077/1077 1082/1082/1082
f 1083/1083/1083 1080/1080/1080 1079/1079/1079
f 1081/1081/1081 1083/1083/1083 1079/1079/1079
f 1083/1083/1083 1084/1084/1084 1080/1080/1080
f 1084/1084/1084 1085/1085/1085 1080/1080/1080
f 1040/1040/1040 1080/1080/1080 1085/1085/1085
f 1086/1086/1086 1084/1084/1084 1083/1083/1083
f 1081/1081/1081 1086/1086/1086 1083/1083/1083
f 1087/1087/1087 1086/1086/1086 1081/1081/1081
f 1082/1082/1082 1087/1087/1087 1081/1081/1081
f 1088/1088/1088 1040/1040/1040 1085/1085/1085
f 1040/1040/1040 1088/1088/1088 1089/1089/1089
f 1040/1040/1040 1089/1089/1089 1041/1041/1041
f 1088/1088/1088 1090/1090/1090 1089/1089/1089
f 1089/1089/1089 1091/1091/1091 1041/1041/1041
f 1089/1089/1089 1090/1090/1090 1091/1091/1091
f 1091/1091/1091 1092/1092/1092 1041/1041/1041
f 1087/1087/1087 1082/1082/1082 1093/1093/1093
f 1093/1093/1093 1082/1082/1082 1078/1078/1078
f 1090/1090/1090 1094/1094/1094 1091/1091/1091
f 1090/1090/1090 1095/1095/1095 1094/1094/1094
f 1092/1092/1092 1091/1091/1091 1096/1096/1096
f 1096/1096/1096 1091/1091/1091 1094/1094/1094
f 1097/1097/1097 1092/1092/1092 1096/1096/1096
f 1094/1094/1094 1095/1095/1095 1098/1098/1098
f 1098/1098/1098 1096/1096/1096 1094/1094/1094
f 1095/1095/1095 1099/1099/1099 1098/1098/1098
f 1100/1100/1100 1096/1096/1096 1098/1098/1098
f 1100/1100/1100 1101/1101/1101 1096/1096/1096
f 1102/1102/1102 1087/1087/1087 1093/1093/1093
f 1103/1103/1103 1087/1087/1087 1102/1102/1102
f 1104/1104/1104 1103/1103/1103 1102/1102/1102
f 1102/1102/1102 1105/1105/1105 1104/1104/1104
f 1105/1105/1105 1106/1106/1106 1104/1104/1104
f 1106/1106/1106 1105/1105/1105 1107/1107/1107
f 1102/1102/1102 1093/1093/1093 1108/1108/1108
f 1105/1105/1105 1102/1102/1102 1108/1108/1108
f 1108/1108/1108 1093/1093/1093 1109/1109/1109
f 1108/1108/1108 1110/1110/1110 1105/1105/1105
f 1108/1108/1108 1109/1109/1109 1110/1110/1110
f 1105/1105/1105 1111/1111/1111 1107/1107/1107
f 1110/1110/1110 1111/1111/1111 1105/1105/1105
f 1111/1111/1111 1112/1112/1112 1107/1107/1107
f 1111/1111/1111 1110/1110/1110 1112/1112/1112
f 1112/1112/1112 1113/1113/1113 1107/1107/1107
f 1113/1113/1113 1112/1112/1112 1114/1114/1114
f 1115/1115/1115 1113/1113/1113 1114/1114/1114
f 1115/1115/1115 1114/1114/1114 1116/1116/1116
f 1093/1093/1093 1117/1117/1117 1109/1109/1109
f 1117/1117/1117 1093/1093/1093 1078/1078/1078
f 1117/1117/1117 1078/1078/1078 1076/1076/1076
f 1118/1118/1118 1117/1117/1117 1076/1076/1076
f 1109/1109/1109 1117/1117/1117 1118/1118/1118
f 1118/1118/1118 1076/1076/1076 1119/1119/1119
f 1120/1120/1120 1118/1118/1118 1119/1119/1119
f 1121/1121/1121 1118/1118/1118 1120/1120/1120
f 1121/1121/1121 1109/1109/1109 1118/1118/1118
f 1122/1122/1122 1121/1121/1121 1120/1120/1120
f 1121/1121/1121 1122/1122/1122 1123/1123/1123
f 1121/1121/1121 1123/1123/1123 1109/1109/1109
f 1122/1122/1122 1124/1124/1124 1123/1123/1123
f 1124/1124/1124 1125/1125/1125 1123/1123/1123
f 1123/1123/1123 1126/1126/1126 1109/1109/1109
f 1109/1109/1109 1126/1126/1126 1110/1110/1110
f 1125/1125/1125 1127/1127/1127 1123/1123/1123
f 1123/1123/1123 1127/1127/1127 1126/1126/1126
f 1127/1127/1127 1125/1125/1125 1128/1128/1128
f 1126/1126/1126 1129/1129/1129 1110/1110/1110
f 1127/1127/1127 1129/1129/1129 1126/1126/1126
f 1130/1130/1130 1127/1127/1127 1128/1128/1128
f 1129/1129/1129 1127/1127/1127 1130/1130/1130
f 1128/1128/1128 1131/1131/1131 1130/1130/1130
f 1131/1131/1131 1132/1132/1132 1130/1130/1130
f 1131/1131/1131 1133/1133/1133 1132/1132/1132
f 1133/1133/1133 1134/1134/1134 1132/1132/1132
f 1130/1130/1130 1132/1132/1132 1135/1135/1135
f 1135/1135/1135 1129/1129/1129 1130/1130/1130
f 1136/1136/1136 1132/1132/1132 1134/1134/1134
f 1132/1132/1132 1136/1136/1136 1135/1135/1135
f 1137/1137/1137 1136/1136/1136 1134/1134/1134
f 1138/1138/1138 1136/1136/1136 1137/1137/1137
f 1136/1136/1136 1138/1138/1138 1135/1135/1135
f 1139/1139/1139 1138/1138/1138 1137/1137/1137
f 1139/1139/1139 1140/1140/1140 1138/1138/1138
f 1140/1140/1140 1141/1141/1141 1138/1138/1138
f 1135/1135/1135 1138/1138/1138 1141/1141/1141
f 1141/1141/1141 1140/1140/1140 1142/1142/1142
f 1135/1135/1135 1143/1143/1143 1129/1129/1129
f 1143/1143/1143 1135/1135/1135 1141/1141/1141
f 1141/1141/1141 1142/1142/1142 1144/1144/1144
f 1143/1143/1143 1141/1141/1141 1144/1144/1144
f 1142/1142/1142 1145/1145/1145 1144/1144/1144
f 1145/1145/1145 1116/1116/1116 1144/1144/1144
f 1114/1114/1114 1144/1144/1144 1116/1116/1116
f 1143/1143/1143 1144/1144/1144 1114/1114/1114
f 1143/1143/1143 1146/1146/1146 1129/1129/1129
f 1143/1143/1143 1114/1114/1114 1146/1146/1146
f 1129/1129/1129 1146/1146/1146 1110/1110/1110
f 1114/1114/1114 1112/1112/1112 1146/1146/1146
f 1110/1110/1110 1146/1146/1146 1112/1112/1112
f 1149/1149/1149 1148/1148/1148 1147/1147/1147
f 1147/1147/1147 1150/1150/1150 1149/1149/1149
f 1150/1150/1150 1147/1147/1147 1151/1151/1151
f 1154/1154/1154 1153/1153/1153 1152/1152/1152
f 1155/1155/1155 1154/1154/1154 1152/1152/1152
f 1156/1156/1156 1155/1155/1155 1152/1152/1152
f 1155/1155/1155 1156/1156/1156 1157/1157/1157
f 1160/1160/1160 1159/1159/1159 1158/1158/1158
f 1161/1161/1161 1160/1160/1160 1158/1158/1158
f 1161/1161/1161 1158/1158/1158 1162/1162/1162
f 1158/1158/1158 1163/1163/1163 1162/1162/1162
f 1163/1163/1163 1164/1164/1164 1162/1162/1162
f 1165/1165/1165 1164/1164/1164 1163/1163/1163
f 1168/1168/1168 1167/1167/1167 1166/1166/1166
f 1169/1169/1169 1168/1168/1168 1166/1166/1166
f 1170/1170/1170 1168/1168/1168 1169/1169/1169
f 1171/1171/1171 1170/1170/1170 1169/1169/1169
f 1171/1171/1171 1172/1172/1172 1170/1170/1170
f 1172/1172/1172 1173/1173/1173 1170/1170/1170
f 1176/1176/1176 1175/1175/1175 1174/1174/1174
f 1175/1175/1175 1177/1177/1177 1174/1174/1174
f 1174/1174/1174 1177/1177/1177 1178/1178/1178
f 1177/1177/1177 1179/1179/1179 1178/1178/1178
f 1179/1179/1179 1180/1180/1180 1178/1178/1178
f 1180/1180/1180 1181/1181/1181 1178/1178/1178
f 1184/1184/1184 1183/1183/1183 1182/1182/1182
f 1183/1183/1183 1185/1185/1185 1182/1182/1182
f 1182/1182/1182 1185/1185/1185 1186/1186/1186
f 1185/1185/1185 1187/1187/1187 1186/1186/1186
f 1187/1187/1187 1188/1188/1188 1186/1186/1186
f 1188/1188/1188 1189/1189/1189 1186/1186/1186
f 1192/1192/1192 1191/1191/1191 1190/1190/1190
f 1193/1193/1193 1192/1192/1192 1190/1190/1190
f 1194/1194/1194 1193/1193/1193 1190/1190/1190
f 1195/1195/1195 1194/1194/1194 1190/1190/1190
f 1193/1193/1193 1194/1194/1194 1196/1196/1196
f 1194/1194/1194 1197/1197/1197 1196/1196/1196
f 1196/1196/1196 1198/1198/1198 1193/1193/1193
f 1198/1198/1198 1199/1199/1199 1193/1193/1193
f 1200/1200/1200 1196/1196/1196 1197/1197/1197
f 1199/1199/1199 1201/1201/1201 1193/1193/1193
f 1201/1201/1201 1192/1192/1192 1193/1193/1193
f 1192/1192/1192 1201/1201/1201 1202/1202/1202
f 1201/1201/1201 1203/1203/1203 1202/1202/1202
f 1204/1204/1204 1200/1200/1200 1197/1197/1197
f 1203/1203/1203 1205/1205/1205 1202/1202/1202
f 1206/1206/1206 1192/1192/1192 1202/1202/1202
f 1207/1207/1207 1204/1204/1204 1197/1197/1197
f 1208/1208/1208 1204/1204/1204 1207/1207/1207
f 1205/1205/1205 1209/1209/1209 1202/1202/1202
f 1205/1205/1205 1210/1210/1210 1209/1209/1209
f 1207/1207/1207 1197/1197/1197 1211/1211/1211
f 1197/1197/1197 1212/1212/1212 1211/1211/1211
f 1211/1211/1211 1212/1212/1212 1213/1213/1213
f 1212/1212/1212 1214/1214/1214 1213/1213/1213
f 1215/1215/1215 1208/1208/1208 1207/1207/1207
f 1208/1208/1208 1215/1215/1215 1216/1216/1216
f 1215/1215/1215 1217/1217/1217 1216/1216/1216
f 1217/1217/1217 1215/1215/1215 1218/1218/1218
f 1215/1215/1215 1207/1207/1207 1219/1219/1219
f 1215/1215/1215 1219/1219/1219 1218/1218/1218
f 1207/1207/1207 1211/1211/1211 1219/1219/1219
f 1218/1218/1218 1219/1219/1219 1220/1220/1220
f 1219/1219/1219 1211/1211/1211 1221/1221/1221
f 1219/1219/1219 1221/1221/1221 1220/1220/1220
f 1211/1211/1211 1213/1213/1213 1221/1221/1221
f 1220/1220/1220 1221/1221/1221 1222/1222/1222
f 1221/1221/1221 1213/1213/1213 1222/1222/1222
f 1223/1223/1223 1220/1220/1220 1222/1222/1222
f 1224/1224/1224 1223/1223/1223 1222/1222/1222
f 1225/1225/1225 1224/1224/1224 1222/1222/1222
f 1226/1226/1226 1225/1225/1225 1222/1222/1222
f 1227/1227/1227 1226/1226/1226 1222/1222/1222
f 1213/1213/1213 1227/1227/1227 1222/1222/1222
f 1226/1226/1226 1227/1227/1227 1228/1228/1228
f 1227/1227/1227 1229/1229/1229 1228/1228/1228
f 1230/1230/1230 1228/1228/1228 1229/1229/1229
f 1213/1213/1213 1231/1231/1231 1227/1227/1227
f 1231/1231/1231 1232/1232/1232 1227/1227/1227
f 1227/1227/1227 1232/1232/1232 1229/1229/1229
f 1233/1233/1233 1231/1231/1231 1213/1213/1213
f 1214/1214/1214 1233/1233/1233 1213/1213/1213
f 1214/1214/1214 1206/1206/1206 1233/1233/1233
f 1206/1206/1206 1234/1234/1234 1233/1233/1233
f 1235/1235/1235 1234/1234/1234 1206/1206/1206
f 1236/1236/1236 1235/1235/1235 1206/1206/1206
f 1236/1236/1236 1206/1206/1206 1202/1202/1202
f 1237/1237/1237 1236/1236/1236 1202/1202/1202
f 1238/1238/1238 1237/1237/1237 1202/1202/1202
f 1209/1209/1209 1238/1238/1238 1202/1202/1202
f 1232/1232/1232 1239/1239/1239 1229/1229/1229
f 1209/1209/1209 1240/1240/1240 1238/1238/1238
f 1240/1240/1240 1241/1241/1241 1238/1238/1238
f 1241/1241/1241 1240/1240/1240 1242/1242/1242
f 1210/1210/1210 1240/1240/1240 1209/1209/1209
f 1240/1240/1240 1243/1243/1243 1242/1242/1242
f 1240/1240/1240 1210/1210/1210 1243/1243/1243
f 1244/1244/1244 1243/1243/1243 1210/1210/1210
f 1229/1229/1229 1239/1239/1239 1245/1245/1245
f 1239/1239/1239 1246/1246/1246 1245/1245/1245
f 1229/1229/1229 1245/1245/1245 1247/1247/1247
f 1248/1248/1248 1229/1229/1229 1247/1247/1247
f 1248/1248/1248 1230/1230/1230 1229/1229/1229
f 1248/1248/1248 1247/1247/1247 1249/1249/1249
f 1230/1230/1230 1248/1248/1248 1250/1250/1250
f 1250/1250/1250 1248/1248/1248 1249/1249/1249
f 1251/1251/1251 1230/1230/1230 1250/1250/1250
f 1251/1251/1251 1250/1250/1250 1252/1252/1252
f 1253/1253/1253 1250/1250/1250 1249/1249/1249
f 1250/1250/1250 1253/1253/1253 1252/1252/1252
f 1254/1254/1254 1253/1253/1253 1249/1249/1249
f 1254/1254/1254 1255/1255/1255 1253/1253/1253
f 1255/1255/1255 1256/1256/1256 1253/1253/1253
f 1252/1252/1252 1253/1253/1253 1256/1256/1256
f 1257/1257/1257 1252/1252/1252 1256/1256/1256
f 1260/1260/1260 1259/1259/1259 1258/1258/1258
f 1261/1261/1261 1260/1260/1260 1258/1258/1258
f 1261/1261/1261 1258/1258/1258 1262/1262/1262
f 1260/1260/1260 1261/1261/1261 1263/1263/1263
f 1264/1264/1264 1261/1261/1261 1262/1262/1262
f 1262/1262/1262 1265/1265/1265 1264/1264/1264
f 1265/1265/1265 1266/1266/1266 1264/1264/1264
f 1265/1265/1265 1267/1267/1267 1266/1266/1266
f 1264/1264/1264 1268/1268/1268 1261/1261/1261
f 1264/1264/1264 1266/1266/1266 1268/1268/1268
f 1267/1267/1267 1269/1269/1269 1266/1266/1266
f 1267/1267/1267 1270/1270/1270 1269/1269/1269
f 1266/1266/1266 1271/1271/1271 1268/1268/1268
f 1266/1266/1266 1269/1269/1269 1271/1271/1271
f 1261/1261/1261 1268/1268/1268 1272/1272/1272
f 1272/1272/1272 1268/1268/1268 1271/1271/1271
f 1261/1261/1261 1273/1273/1273 1263/1263/1263
f 1272/1272/1272 1273/1273/1273 1261/1261/1261
f 1272/1272/1272 1274/1274/1274 1273/1273/1273
f 1273/1273/1273 1275/1275/1275 1263/1263/1263
f 1274/1274/1274 1275/1275/1275 1273/1273/1273
f 1275/1275/1275 1276/1276/1276 1263/1263/1263
f 1275/1275/1275 1277/1277/1277 1276/1276/1276
f 1275/1275/1275 1274/1274/1274 1277/1277/1277
f 1276/1276/1276 1277/1277/1277 1278/1278/1278
f 1269/1269/1269 1279/1279/1279 1271/1271/1271
f 1269/1269/1269 1270/1270/1270 1279/1279/1279
f 1280/1280/1280 1272/1272/1272 1271/1271/1271
f 1280/1280/1280 1271/1271/1271 1279/1279/1279
f 1274/1274/1274 1272/1272/1272 1280/1280/1280
f 1281/1281/1281 1280/1280/1280 1279/1279/1279
f 1279/1279/1279 1270/1270/1270 1281/1281/1281
f 1282/1282/1282 1280/1280/1280 1281/1281/1281
f 1282/1282/1282 1274/1274/1274 1280/1280/1280
f 1281/1281/1281 1270/1270/1270 1283/1283/1283
f 1283/1283/1283 1282/1282/1282 1281/1281/1281
f 1284/1284/1284 1283/1283/1283 1270/1270/1270
f 1282/1282/1282 1283/1283/1283 1284/1284/1284
f 1274/1274/1274 1282/1282/1282 1285/1285/1285
f 1285/1285/1285 1282/1282/1282 1284/1284/1284
f 1270/1270/1270 1286/1286/1286 1284/1284/1284
f 1284/1284/1284 1286/1286/1286 1285/1285/1285
f 1287/1287/1287 1286/1286/1286 1270/1270/1270
f 1288/1288/1288 1286/1286/1286 1287/1287/1287
f 1286/1286/1286 1288/1288/1288 1285/1285/1285
f 1289/1289/1289 1288/1288/1288 1287/1287/1287
f 1290/1290/1290 1274/1274/1274 1285/1285/1285
f 1285/1285/1285 1288/1288/1288 1290/1290/1290
f 1274/1274/1274 1290/1290/1290 1277/1277/1277
f 1291/1291/1291 1288/1288/1288 1289/1289/1289
f 1288/1288/1288 1291/1291/1291 1290/1290/1290
f 1292/1292/1292 1291/1291/1291 1289/1289/1289
f 1290/1290/1290 1293/1293/1293 1277/1277/1277
f 1290/1290/1290 1291/1291/1291 1293/1293/1293
f 1277/1277/1277 1293/1293/1293 1278/1278/1278
f 1291/1291/1291 1292/1292/1292 1294/1294/1294
f 1291/1291/1291 1294/1294/1294 1293/1293/1293
f 1293/1293/1293 1294/1294/1294 1278/1278/1278
f 1292/1292/1292 1295/1295/1295 1294/1294/1294
f 1294/1294/1294 1296/1296/1296 1278/1278/1278
f 1295/1295/1295 1297/1297/1297 1294/1294/1294
f 1297/1297/1297 1296/1296/1296 1294/1294/1294
f 1300/1300/1300 1299/1299/1299 1298/1298/1298
f 1301/1301/1301 1300/1300/1300 1298/1298/1298
f 1300/1300/1300 1301/1301/1301 1302/1302/1302
f 1303/1303/1303 1300/1300/1300 1302/1302/1302
f 1302/1302/1302 1301/1301/1301 1304/1304/1304
f 1301/1301/1301 1305/1305/1305 1304/1304/1304
f 1302/1302/1302 1306/1306/1306 1303/1303/1303
f 1306/1306/1306 1307/1307/1307 1303/1303/1303
f 1304/1304/1304 1305/1305/1305 1308/1308/1308
f 1305/1305/1305 1309/1309/1309 1308/1308/1308
f 1304/1304/1304 1310/1310/1310 1302/1302/1302
f 1310/1310/1310 1306/1306/1306 1302/1302/1302
f 1306/1306/1306 1311/1311/1311 1307/1307/1307
f 1311/1311/1311 1312/1312/1312 1307/1307/1307
f 1308/1308/1308 1309/1309/1309 1313/1313/1313
f 1309/1309/1309 1314/1314/1314 1313/1313/1313
f 1308/1308/1308 1315/1315/1315 1304/1304/1304
f 1304/1304/1304 1315/1315/1315 1310/1310/1310
f 1310/1310/1310 1316/1316/1316 1306/1306/1306
f 1316/1316/1316 1311/1311/1311 1306/1306/1306
f 1312/1312/1312 1311/1311/1311 1317/1317/1317
f 1318/1318/1318 1312/1312/1312 1317/1317/1317
f 1319/1319/1319 1318/1318/1318 1317/1317/1317
f 1320/1320/1320 1316/1316/1316 1310/1310/1310
f 1315/1315/1315 1320/1320/1320 1310/1310/1310
f 1321/1321/1321 1320/1320/1320 1315/1315/1315
f 1322/1322/1322 1315/1315/1315 1308/1308/1308
f 1322/1322/1322 1321/1321/1321 1315/1315/1315
f 1313/1313/1313 1322/1322/1322 1308/1308/1308
f 1311/1311/1311 1316/1316/1316 1323/1323/1323
f 1316/1316/1316 1320/1320/1320 1323/1323/1323
f 1317/1317/1317 1311/1311/1311 1323/1323/1323
f 1322/1322/1322 1313/1313/1313 1324/1324/1324
f 1322/1322/1322 1324/1324/1324 1321/1321/1321
f 1313/1313/1313 1325/1325/1325 1324/1324/1324
f 1313/1313/1313 1314/1314/1314 1325/1325/1325
f 1314/1314/1314 1326/1326/1326 1325/1325/1325
f 1314/1314/1314 1327/1327/1327 1326/1326/1326
f 1327/1327/1327 1328/1328/1328 1326/1326/1326
f 1324/1324/1324 1329/1329/1329 1321/1321/1321
f 1321/1321/1321 1329/1329/1329 1330/1330/1330
f 1331/1331/1331 1320/1320/1320 1321/1321/1321
f 1320/1320/1320 1331/1331/1331 1323/1323/1323
f 1332/1332/1332 1321/1321/1321 1330/1330/1330
f 1332/1332/1332 1331/1331/1331 1321/1321/1321
f 1333/1333/1333 1332/1332/1332 1330/1330/1330
f 1331/1331/1331 1332/1332/1332 1333/1333/1333
f 1334/1334/1334 1333/1333/1333 1330/1330/1330
f 1323/1323/1323 1331/1331/1331 1335/1335/1335
f 1335/1335/1335 1331/1331/1331 1333/1333/1333
f 1333/1333/1333 1334/1334/1334 1336/1336/1336
f 1334/1334/1334 1337/1337/1337 1336/1336/1336
f 1333/1333/1333 1336/1336/1336 1338/1338/1338
f 1335/1335/1335 1333/1333/1333 1338/1338/1338
f 1335/1335/1335 1338/1338/1338 1339/1339/1339
f 1340/1340/1340 1323/1323/1323 1335/1335/1335
f 1340/1340/1340 1335/1335/1335 1339/1339/1339
f 1317/1317/1317 1323/1323/1323 1340/1340/1340
f 1340/1340/1340 1339/1339/1339 1341/1341/1341
f 1342/1342/1342 1317/1317/1317 1340/1340/1340
f 1342/1342/1342 1340/1340/1340 1341/1341/1341
f 1342/1342/1342 1319/1319/1319 1317/1317/1317
f 1342/1342/1342 1341/1341/1341 1319/1319/1319
f 1341/1341/1341 1343/1343/1343 1319/1319/1319
f 1346/1346/1346 1345/1345/1345 1344/1344/1344
f 1344/1344/1344 1347/1347/1347 1346/1346/1346
f 1347/1347/1347 1348/1348/1348 1346/1346/1346
f 1344/1344/1344 1349/1349/1349 1347/1347/1347
f 1349/1349/1349 1348/1348/1348 1347/1347/1347
f 1352/1352/1352 1351/1351/1351 1350/1350/1350
f 1353/1353/1353 1350/1350/1350 1351/1351/1351
f 1351/1351/1351 1354/1354/1354 1353/1353/1353
f 1353/1353/1353 1355/1355/1355 1350/1350/1350
f 1353/1353/1353 1354/1354/1354 1355/1355/1355
f 1358/1358/1358 1357/1357/1357 1356/1356/1356
f 1356/1356/1356 1359/1359/1359 1358/1358/1358
f 1359/1359/1359 1356/1356/1356 1360/1360/1360
f 1359/1359/1359 1360/1360/1360 1361/1361/1361
f 1359/1359/1359 1362/1362/1362 1358/1358/1358
f 1359/1359/1359 1361/1361/1361 1362/1362/1362
f 1362/1362/1362 1363/1363/1363 1358/1358/1358
f 1364/1364/1364 1358/1358/1358 1363/1363/1363
f 1361/1361/1361 1365/1365/1365 1362/1362/1362
f 1365/1365/1365 1361/1361/1361 1366/1366/1366
f 1367/1367/1367 1362/1362/1362 1365/1365/1365
f 1362/1362/1362 1367/1367/1367 1363/1363/1363
f 1365/1365/1365 1368/1368/1368 1367/1367/1367
f 1368/1368/1368 1365/1365/1365 1366/1366/1366
f 1366/1366/1366 1369/1369/1369 1368/1368/1368
f 1369/1369/1369 1370/1370/1370 1368/1368/1368
f 1368/1368/1368 1370/1370/1370 1367/1367/1367
f 1370/1370/1370 1369/1369/1369 1371/1371/1371
f 1371/1371/1371 1372/1372/1372 1370/1370/1370
f 1370/1370/1370 1372/1372/1372 1373/1373/1373
f 1373/1373/1373 1374/1374/1374 1370/1370/1370
f 1367/1367/1367 1370/1370/1370 1374/1374/1374
f 1375/1375/1375 1374/1374/1374 1373/1373/1373
f 1374/1374/1374 1375/1375/1375 1376/1376/1376
f 1376/1376/1376 1377/1377/1377 1374/1374/1374
f 1367/1367/1367 1374/1374/1374 1377/1377/1377
f 1373/1373/1373 1378/1378/1378 1375/1375/1375
f 1379/1379/1379 1375/1375/1375 1378/1378/1378
f 1376/1376/1376 1375/1375/1375 1379/1379/1379
f 1380/1380/1380 1379/1379/1379 1378/1378/1378
f 1378/1378/1378 1381/1381/1381 1380/1380/1380
f 1376/1376/1376 1379/1379/1379 1382/1382/1382
f 1382/1382/1382 1379/1379/1379 1380/1380/1380
f 1383/1383/1383 1380/1380/1380 1381/1381/1381
f 1384/1384/1384 1382/1382/1382 1380/1380/1380
f 1384/1384/1384 1380/1380/1380 1383/1383/1383
f 1383/1383/1383 1385/1385/1385 1384/1384/1384
f 1385/1385/1385 1383/1383/1383 1386/1386/1386
f 1387/1387/1387 1383/1383/1383 1381/1381/1381
f 1387/1387/1387 1386/1386/1386 1383/1383/1383
f 1381/1381/1381 1388/1388/1388 1387/1387/1387
f 1389/1389/1389 1386/1386/1386 1387/1387/1387
f 1389/1389/1389 1390/1390/1390 1386/1386/1386
f 1391/1391/1391 1390/1390/1390 1389/1389/1389
f 1389/1389/1389 1392/1392/1392 1391/1391/1391
f 1393/1393/1393 1387/1387/1387 1388/1388/1388
f 1387/1387/1387 1393/1393/1393 1389/1389/1389
f 1392/1392/1392 1389/1389/1389 1393/1393/1393
f 1388/1388/1388 1394/1394/1394 1393/1393/1393
f 1392/1392/1392 1393/1393/1393 1394/1394/1394
f 1396/1396/1396 1395/1395/1395 1382/1382/1382
f 1395/1395/1395 1397/1397/1397 1382/1382/1382
f 1382/1382/1382 1397/1397/1397 1398/1398/1398
f 1398/1398/1398 1376/1376/1376 1382/1382/1382
f 1399/1399/1399 1398/1398/1398 1397/1397/1397
f 1397/1397/1397 1400/1400/1400 1399/1399/1399
f 1399/1399/1399 1400/1400/1400 1401/1401/1401
f 1399/1399/1399 1401/1401/1401 1402/1402/1402
f 1403/1403/1403 1398/1398/1398 1399/1399/1399
f 1398/1398/1398 1403/1403/1403 1376/1376/1376
f 1402/1402/1402 1403/1403/1403 1399/1399/1399
f 1404/1404/1404 1376/1376/1376 1403/1403/1403
f 1404/1404/1404 1403/1403/1403 1402/1402/1402
f 1404/1404/1404 1405/1405/1405 1376/1376/1376
f 1377/1377/1377 1376/1376/1376 1405/1405/1405
f 1406/1406/1406 1404/1404/1404 1402/1402/1402
f 1402/1402/1402 1407/1407/1407 1406/1406/1406
f 1407/1407/1407 1408/1408/1408 1406/1406/1406
f 1406/1406/1406 1408/1408/1408 1409/1409/1409
f 1410/1410/1410 1404/1404/1404 1406/1406/1406
f 1406/1406/1406 1409/1409/1409 1410/1410/1410
f 1404/1404/1404 1410/1410/1410 1405/1405/1405
f 1411/1411/1411 1410/1410/1410 1409/1409/1409
f 1412/1412/1412 1410/1410/1410 1411/1411/1411
f 1405/1405/1405 1410/1410/1410 1412/1412/1412
f 1413/1413/1413 1412/1412/1412 1411/1411/1411
f 1414/1414/1414 1405/1405/1405 1412/1412/1412
f 1405/1405/1405 1414/1414/1414 1377/1377/1377
f 1413/1413/1413 1415/1415/1415 1412/1412/1412
f 1414/1414/1414 1412/1412/1412 1415/1415/1415
f 1416/1416/1416 1415/1415/1415 1413/1413/1413
f 1415/1415/1415 1416/1416/1416 1417/1417/1417
f 1417/1417/1417 1414/1414/1414 1415/1415/1415
f 1377/1377/1377 1414/1414/1414 1418/1418/1418
f 1418/1418/1418 1414/1414/1414 1417/1417/1417
f 1419/1419/1419 1377/1377/1377 1418/1418/1418
f 1367/1367/1367 1377/1377/1377 1419/1419/1419
f 1420/1420/1420 1418/1418/1418 1417/1417/1417
f 1417/1417/1417 1421/1421/1421 1420/1420/1420
f 1422/1422/1422 1418/1418/1418 1420/1420/1420
f 1418/1418/1418 1422/1422/1422 1419/1419/1419
f 1423/1423/1423 1420/1420/1420 1421/1421/1421
f 1420/1420/1420 1423/1423/1423 1422/1422/1422
f 1421/1421/1421 1424/1424/1424 1423/1423/1423
f 1423/1423/1423 1424/1424/1424 1425/1425/1425
f 1425/1425/1425 1422/1422/1422 1423/1423/1423
f 1425/1425/1425 1419/1419/1419 1422/1422/1422
f 1426/1426/1426 1419/1419/1419 1425/1425/1425
f 1419/1419/1419 1426/1426/1426 1367/1367/1367
f 1427/1427/1427 1426/1426/1426 1425/1425/1425
f 1428/1428/1428 1367/1367/1367 1426/1426/1426
f 1428/1428/1428 1363/1363/1363 1367/1367/1367
f 1426/1426/1426 1427/1427/1427 1429/1429/1429
f 1429/1429/1429 1428/1428/1428 1426/1426/1426
f 1429/1429/1429 1427/1427/1427 1364/1364/1364
f 1430/1430/1430 1363/1363/1363 1428/1428/1428
f 1363/1363/1363 1430/1430/1430 1364/1364/1364
f 1428/1428/1428 1429/1429/1429 1430/1430/1430
f 1364/1364/1364 1430/1430/1430 1429/1429/1429
f 1433/1433/1433 1432/1432/1432 1431/1431/1431
f 1432/1432/1432 1433/1433/1433 1434/1434/1434
f 1434/1434/1434 1433/1433/1433 1435/1435/1435
f 1434/1434/1434 1436/1436/1436 1432/1432/1432
f 1434/1434/1434 1435/1435/1435 1437/1437/1437
f 1437/1437/1437 1438/1438/1438 1434/1434/1434
f 1436/1436/1436 1434/1434/1434 1439/1439/1439
f 1440/1440/1440 1434/1434/1434 1438/1438/1438
f 1434/1434/1434 1441/1441/1441 1439/1439/1439
f 1439/1439/1439 1441/1441/1441 1442/1442/1442
f 1443/1443/1443 1434/1434/1434 1440/1440/1440
f 1443/1443/1443 1441/1441/1441 1434/1434/1434
f 1443/1443/1443 1440/1440/1440 1444/1444/1444
f 1444/1444/1444 1440/1440/1440 1445/1445/1445
f 1443/1443/1443 1444/1444/1444 1446/1446/1446
f 1446/1446/1446 1447/1447/1447 1443/1443/1443
f 1443/1443/1443 1447/1447/1447 1441/1441/1441
f 1447/1447/1447 1448/1448/1448 1441/1441/1441
f 1441/1441/1441 1448/1448/1448 1442/1442/1442
f 1442/1442/1442 1448/1448/1448 1449/1449/1449
f 1449/1449/1449 1450/1450/1450 1442/1442/1442
f 1448/1448/1448 1451/1451/1451 1449/1449/1449
f 1452/1452/1452 1450/1450/1450 1449/1449/1449
f 1449/1449/1449 1451/1451/1451 1453/1453/1453
f 1449/1449/1449 1454/1454/1454 1452/1452/1452
f 1453/1453/1453 1454/1454/1454 1449/1449/1449
f 1457/1457/1457 1456/1456/1456 1455/1455/1455
f 1455/1455/1455 1458/1458/1458 1457/1457/1457
f 1457/1457/1457 1458/1458/1458 1459/1459/1459
f 1458/1458/1458 1455/1455/1455 1460/1460/1460
f 1460/1460/1460 1459/1459/1459 1458/1458/1458
f 1463/1463/1463 1462/1462/1462 1461/1461/1461
f 1464/1464/1464 1463/1463/1463 1461/1461/1461
f 1461/1461/1461 1465/1465/1465 1464/1464/1464
f 1466/1466/1466 1463/1463/1463 1464/1464/1464
f 1467/1467/1467 1464/1464/1464 1465/1465/1465
f 1467/1467/1467 1466/1466/1466 1464/1464/1464
f 1470/1470/1470 1469/1469/1469 1468/1468/1468
f 1468/1468/1468 1471/1471/1471 1470/1470/1470
f 1468/1468/1468 1472/1472/1472 1471/1471/1471
f 1475/1475/1475 1474/1474/1474 1473/1473/1473
f 1474/1474/1474 1476/1476/1476 1473/1473/1473
f 1476/1476/1476 1474/1474/1474 1477/1477/1477
f 1478/1478/1478 1476/1476/1476 1477/1477/1477
f 1473/1473/1473 1476/1476/1476 1478/1478/1478
f 1479/1479/1479 1473/1473/1473 1478/1478/1478
f 1482/1482/1482 1481/1481/1481 1480/1480/1480
f 1483/1483/1483 1482/1482/1482 1480/1480/1480
f 1486/1486/1486 1485/1485/1485 1484/1484/1484
f 1485/1485/1485 1487/1487/1487 1484/1484/1484
f 1485/1485/1485 1488/1488/1488 1487/1487/1487
f 1488/1488/1488 1489/1489/1489 1487/1487/1487
f 1488/1488/1488 1490/1490/1490 1489/1489/1489
f 1490/1490/1490 1491/1491/1491 1489/1489/1489
f 1494/1494/1494 1493/1493/1493 1492/1492/1492
f 1493/1493/1493 1495/1495/1495 1492/1492/1492
f 1493/1493/1493 1496/1496/1496 1495/1495/1495
f 1496/1496/1496 1497/1497/1497 1495/1495/1495
f 1496/1496/1496 1498/1498/1498 1497/1497/1497
f 1498/1498/1498 1499/1499/1499 1497/1497/1497
f 1502/1502/1502 1501/1501/1501 1500/1500/1500
f 1503/1503/1503 1502/1502/1502 1500/1500/1500
f 1504/1504/1504 1502/1502/1502 1503/1503/1503
f 1505/1505/1505 1504/1504/1504 1503/1503/1503
f 1506/1506/1506 1504/1504/1504 1505/1505/1505
f 1507/1507/1507 1506/1506/1506 1505/1505/1505
f 1510/1510/1510 1509/1509/1509 1508/1508/1508
f 1509/1509/1509 1511/1511/1511 1508/1508/1508
f 1508/1508/1508 1511/1511/1511 1512/1512/1512
f 1511/1511/1511 1513/1513/1513 1512/1512/1512
f 1512/1512/1512 1513/1513/1513 1514/1514/1514
f 1513/1513/1513 1515/1515/1515 1514/1514/1514
f 1518/1518/1518 1517/1517/1517 1516/1516/1516
f 1517/1517/1517 1519/1519/1519 1516/1516/1516
f 1516/1516/1516 1519/1519/1519 1520/1520/1520
f 1519/1519/1519 1521/1521/1521 1520/1520/1520
f 1520/1520/1520 1521/1521/1521 1522/1522/1522
f 1521/1521/1521 1523/1523/1523 1522/1522/1522
f 1526/1526/1526 1525/1525/1525 1524/1524/1524
f 1525/1525/1525 1527/1527/1527 1524/1524/1524
f 1525/1525/1525 1528/1528/1528 1527/1527/1527
f 1528/1528/1528 1529/1529/1529 1527/1527/1527
f 1529/1529/1529 1528/1528/1528 1530/1530/1530
f 1528/1528/1528 1531/1531/1531 1530/1530/1530
f 1534/1534/1534 1533/1533/1533 1532/1532/1532
f 1533/1533/1533 1535/1535/1535 1532/1532/1532
f 1532/1532/1532 1535/1535/1535 1536/1536/1536
f 1535/1535/1535 1537/1537/1537 1536/1536/1536
f 1537/1537/1537 1535/1535/1535 1533/1533/1533
f 1538/1538/1538 1537/1537/1537 1533/1533/1533
f 1541/1541/1541 1540/1540/1540 1539/1539/1539
f 1542/1542/1542 1541/1541/1541 1539/1539/1539
f 1545/1545/1545 1544/1544/1544 1543/1543/1543
f 1546/1546/1546 1545/1545/1545 1543/1543/1543
f 1547/1547/1547 1545/1545/1545 1546/1546/1546
f 1548/1548/1548 1547/1547/1547 1546/1546/1546
f 1549/1549/1549 1547/1547/1547 1548/1548/1548
f 1550/1550/1550 1549/1549/1549 1548/1548/1548
f 1553/1553/1553 1552/1552/1552 1551/1551/1551
f 1554/1554/1554 1553/1553/1553 1551/1551/1551
f 1555/1555/1555 1553/1553/1553 1554/1554/1554
f 1556/1556/1556 1555/1555/1555 1554/1554/1554
f 1557/1557/1557 1555/1555/1555 1556/1556/1556
f 1558/1558/1558 1557/1557/1557 1556/1556/1556
f 1561/1561/1561 1560/1560/1560 1559/1559/1559
f 1560/1560/1560 1562/1562/1562 1559/1559/1559
f 1560/1560/1560 1563/1563/1563 1562/1562/1562
f 1563/1563/1563 1564/1564/1564 1562/1562/1562
f 1563/1563/1563 1565/1565/1565 1564/1564/1564
f 1565/1565/1565 1566/1566/1566 1564/1564/1564
f 1569/1569/1569 1568/1568/1568 1567/1567/1567
f 1570/1570/1570 1569/1569/1569 1567/1567/1567
f 1570/1570/1570 1567/1567/1567 1571/1571/1571
f 1572/1572/1572 1570/1570/1570 1571/1571/1571
f 1572/1572/1572 1571/1571/1571 1573/1573/1573
f 1574/1574/1574 1572/1572/1572 1573/1573/1573
f 1577/1577/1577 1576/1576/1576 1575/1575/1575
f 1578/1578/1578 1577/1577/1577 1575/1575/1575
f 1578/1578/1578 1575/1575/1575 1579/1579/1579
f 1580/1580/1580 1578/1578/1578 1579/1579/1579
f 1580/1580/1580 1579/1579/1579 1581/1581/1581
f 1582/1582/1582 1580/1580/1580 1581/1581/1581
f 1585/1585/1585 1584/1584/1584 1583/1583/1583
f 1586/1586/1586 1585/1585/1585 1583/1583/1583
f 1587/1587/1587 1585/1585/1585 1586/1586/1586
f 1588/1588/1588 1587/1587/1587 1586/1586/1586
f 1587/1587/1587 1588/1588/1588 1589/1589/1589
f 1590/1590/1590 1587/1587/1587 1589/1589/1589
f 1593/1593/1593 1592/1592/1592 1591/1591/1591
f 1592/1592/1592 1593/1593/1593 1594/1594/1594
f 1592/1592/1592 1595/1595/1595 1591/1591/1591
f 1592/1592/1592 1596/1596/1596 1595/1595/1595
f 1591/1591/1591 1595/1595/1595 1597/1597/1597
f 1598/1598/1598 1592/1592/1592 1594/1594/1594
f 1592/1592/1592 1598/1598/1598 1596/1596/1596
f 1599/1599/1599 1598/1598/1598 1594/1594/1594
f 1595/1595/1595 1600/1600/1600 1597/1597/1597
f 1596/1596/1596 1600/1600/1600 1595/1595/1595
f 1600/1600/1600 1601/1601/1601 1597/1597/1597
f 1600/1600/1600 1596/1596/1596 1601/1601/1601
f 1596/1596/1596 1602/1602/1602 1601/1601/1601
f 1603/1603/1603 1602/1602/1602 1596/1596/1596
f 1604/1604/1604 1598/1598/1598 1599/1599/1599
f 1598/1598/1598 1604/1604/1604 1596/1596/1596
f 1603/1603/1603 1604/1604/1604 1599/1599/1599
f 1604/1604/1604 1603/1603/1603 1596/1596/1596
f 1607/1607/1607 1606/1606/1606 1605/1605/1605
f 1606/1606/1606 1607/1607/1607 1608/1608/1608
f 1609/1609/1609 1607/1607/1607 1605/1605/1605
f 1610/1610/1610 1607/1607/1607 1609/1609/1609
f 1609/1609/1609 1605/1605/1605 1611/1611/1611
f 1607/1607/1607 1612/1612/1612 1608/1608/1608
f 1612/1612/1612 1607/1607/1607 1610/1610/1610
f 1612/1612/1612 1613/1613/1613 1608/1608/1608
f 1614/1614/1614 1609/1609/1609 1611/1611/1611
f 1614/1614/1614 1610/1610/1610 1609/1609/1609
f 1615/1615/1615 1614/1614/1614 1611/1611/1611
f 1610/1610/1610 1614/1614/1614 1615/1615/1615
f 1616/1616/1616 1610/1610/1610 1615/1615/1615
f 1616/1616/1616 1617/1617/1617 1610/1610/1610
f 1618/1618/1618 1617/1617/1617 1613/1613/1613
f 1612/1612/1612 1618/1618/1618 1613/1613/1613
f 1617/1617/1617 1618/1618/1618 1610/1610/1610
f 1618/1618/1618 1612/1612/1612 1610/1610/1610
f 1621/1621/1621 1620/1620/1620 1619/1619/1619
f 1622/1622/1622 1621/1621/1621 1619/1619/1619
f 1622/1622/1622 1619/1619/1619 1623/1623/1623
f 1621/1621/1621 1624/1624/1624 1620/1620/1620
f 1624/1624/1624 1625/1625/1625 1620/1620/1620
f 1626/1626/1626 1623/1623/1623 1625/1625/1625
f 1626/1626/1626 1622/1622/1622 1623/1623/1623
f 1624/1624/1624 1626/1626/1626 1625/1625/1625
f 1621/1621/1621 1627/1627/1627 1624/1624/1624
f 1622/1622/1622 1627/1627/1627 1621/1621/1621
f 1624/1624/1624 1627/1627/1627 1626/1626/1626
f 1626/1626/1626 1627/1627/1627 1622/1622/1622
f 1630/1630/1630 1629/1629/1629 1628/1628/1628
f 1631/1631/1631 1630/1630/1630 1628/1628/1628
f 1628/1628/1628 1629/1629/1629 1632/1632/1632
f 1633/1633/1633 1630/1630/1630 1631/1631/1631
f 1634/1634/1634 1633/1633/1633 1631/1631/1631
f 1632/1632/1632 1635/1635/1635 1634/1634/1634
f 1629/1629/1629 1635/1635/1635 1632/1632/1632
f 1635/1635/1635 1633/1633/1633 1634/1634/1634
f 1636/1636/1636 1630/1630/1630 1633/1633/1633
f 1636/1636/1636 1629/1629/1629 1630/1630/1630
f 1636/1636/1636 1633/1633/1633 1635/1635/1635
f 1636/1636/1636 1635/1635/1635 1629/1629/1629
