g Object006
v -0.0582607798 0.301063865 1.69562364
v -0.0417717583 0.311283976 1.62817442
v -0.0349887274 0.262498021 1.67946541
v -0.0670956895 0.344270349 1.63489437
v -0.0426383689 0.342814475 1.5660907
v -0.0863110423 0.334068567 1.63398039
v -0.0751597136 0.288398027 1.69460094
v -0.074456118 0.372971565 1.56793487
v -0.0318270884 0.364518702 1.50119996
v -0.0973945409 0.31296289 1.62950623
v -0.0823576152 0.264617234 1.68654549
v -0.108607598 0.338981777 1.56585634
v -0.0958468392 0.36145094 1.56723034
v -0.114496171 0.355800271 1.50125074
v -0.0973284021 0.37581116 1.50113368
v -0.110108964 0.36295855 1.43957186
v -0.0708373711 0.386460036 1.50107145
v -0.0915501416 0.382197559 1.43970835
v -0.0943107381 0.364982903 1.38085091
v -0.0634774417 0.389693558 1.43976152
v -0.0214137509 0.372167349 1.4396373
v -0.075269565 0.385032386 1.37983394
v -0.0796869844 0.35892424 1.31532776
v -0.048592791 0.390353739 1.37956393
v -0.00849539042 0.376292646 1.38027704
v -0.0606070161 0.379795492 1.31337571
v -0.0717501789 0.350406259 1.26936448
v -0.0376249589 0.385056078 1.31373286
v -0.000825079798 0.373152792 1.31707513
v -0.00384120969 0.363411218 1.26210833
v -0.0547325835 0.369057029 1.26116729
v -0.0668031275 0.342478484 1.22285724
v -0.0356480666 0.375527292 1.25983667
v -0.0159486607 0.352064192 1.21173358
v -0.0544871986 0.356360734 1.21570396
v -0.0691012442 0.335382313 1.18817401
v -0.0403693281 0.361832142 1.21143508
v -0.0364988483 0.34002766 1.17538178
v -0.0606183819 0.345880121 1.18163264
v -0.0737498552 0.328067571 1.16062903
v -0.0493906625 0.349190623 1.1766355
v -0.0542536788 0.330033362 1.14954185
v -0.0681276619 0.335040927 1.15553582
v -0.0812523514 0.316794187 1.1184386
v -0.0610635504 0.336689532 1.15124166
v 0.0756709278 0.170980349 1.82564604
v 0.0336823016 0.22770597 1.76409829
v 0.0190281905 0.176359534 1.82729506
v 0.0918670818 0.223538563 1.76627684
v 0.088169165 0.175682157 1.82584882
v 0.0450052023 0.267169893 1.72256923
v 0.106176563 0.225484744 1.76979518
v 0.108610436 0.258251101 1.72184932
v 0.0642271265 0.310344845 1.67694592
v 0.1274634 0.257387817 1.72368956
v 0.13127932 0.287597686 1.67153668
v 0.0854870602 0.344605356 1.62209392
v 0.152318448 0.282880992 1.67187846
v 0.15323168 0.305291444 1.61919844
v 0.169579849 0.298934251 1.6198616
v 0.100752875 0.35999012 1.56436372
v 0.165413126 0.316935241 1.564152
v 0.178741753 0.311849892 1.56461298
v 0.176459849 0.319752365 1.50389397
v 0.161216453 0.322311133 1.50467479
v 0.102573536 0.363960594 1.50964737
v 0.163230717 0.327625185 1.4386555
v 0.146324456 0.325846732 1.43921733
v 0.0992538929 0.364543289 1.44403076
v 0.147293672 0.335647166 1.38093126
v 0.131132409 0.329527497 1.38232005
v 0.0964485332 0.364105642 1.38958275
v 0.134380594 0.341677099 1.33882642
v 0.102964759 0.34285897 1.33299267
v 0.0895271078 0.35658896 1.32866967
v 0.119598232 0.332655966 1.33961225
v 0.117476344 0.337963969 1.29914165
v 0.127459154 0.349454612 1.2961818
v 0.102198444 0.338321984 1.28973651
v 0.0909322426 0.347254544 1.28043091
v 0.120213471 0.33917293 1.26227605
v 0.126635954 0.351571679 1.25787508
v 0.109471299 0.33272782 1.25632739
v 0.101963729 0.337085307 1.24805701
v 0.128431961 0.340647966 1.22730958
v 0.125207886 0.341045767 1.22162151
v 0.145564944 0.359910458 1.21270454
v 0.133764267 0.347886115 1.22831535
v 0.137694731 0.355955392 1.22589469
v 0.0336823016 0.22770597 1.76409829
v 0.033947587 0.194918722 1.8336947
v 0.0190281905 0.176359534 1.82729506
v 0.04951711 0.242811978 1.77752304
v 0.0701437518 0.198059782 1.83733928
v 0.0450052023 0.267169893 1.72256923
v 0.0873133913 0.247239202 1.78460526
v 0.0848701373 0.185892776 1.83191514
v 0.0644805878 0.282838047 1.73268569
v 0.0642271265 0.310344845 1.67694592
v 0.0862434059 0.321130812 1.68244231
v 0.0854870602 0.344605356 1.62209392
v 0.107462764 0.285942376 1.73716199
v 0.10337282 0.236136034 1.77784038
v 0.106344543 0.350256115 1.62660062
v 0.100752875 0.35999012 1.56436372
v 0.106176563 0.225484744 1.76979518
v 0.088169165 0.175682157 1.82584882
v 0.125081465 0.270636946 1.73066771
v 0.1274634 0.257387817 1.72368956
v 0.130894035 0.319185346 1.68359125
v 0.150594056 0.297575533 1.67715967
v 0.152318448 0.282880992 1.67187846
v 0.150267541 0.341145426 1.62937975
v 0.168300629 0.314355075 1.62413037
v 0.169579849 0.298934251 1.6198616
v 0.178741753 0.311849892 1.56461298
v 0.120238617 0.36509186 1.56689894
v 0.165782139 0.354918391 1.56958163
v 0.178066447 0.328673899 1.56699693
v 0.176459849 0.319752365 1.50389397
v 0.121918656 0.369902939 1.50967729
v 0.102573536 0.363960594 1.50964737
v 0.177537784 0.338491023 1.5056442
v 0.168074965 0.36092177 1.50802064
v 0.164828718 0.344987929 1.44013834
v 0.163230717 0.327625185 1.4386555
v 0.147293672 0.335647166 1.38093126
v 0.116433255 0.370796114 1.44394541
v 0.0992538929 0.364543289 1.44403076
v 0.0964485332 0.364105642 1.38958275
v 0.156165048 0.362545699 1.44203842
v 0.148302466 0.349969238 1.38170743
v 0.134380594 0.341677099 1.33882642
v 0.109617241 0.371072382 1.38724589
v 0.0895271078 0.35658896 1.32866967
v 0.139989525 0.36300543 1.38342404
v 0.133801937 0.353920043 1.33608913
v 0.127459154 0.349454612 1.2961818
v 0.101332135 0.367899537 1.32484353
v 0.0909322426 0.347254544 1.28043091
v 0.124197975 0.36383304 1.33325219
v 0.123593673 0.357055515 1.28875291
v 0.126635954 0.351571679 1.25787508
v 0.100525834 0.359882265 1.2778914
v 0.101963729 0.337085307 1.24805701
v 0.115611561 0.361578554 1.286327
v 0.122817941 0.356092632 1.24964058
v 0.137694731 0.355955392 1.22589469
v 0.108187348 0.349487454 1.24422014
v 0.125207886 0.341045767 1.22162151
v 0.117043987 0.356384993 1.24780965
v 0.125696465 0.348769724 1.21913409
v 0.145564944 0.359910458 1.21270454
v 0.130160257 0.356933504 1.22198296
v 0.134285063 0.358244896 1.22286844
v -0.0127379093 -0.0392611325 2.15889907
v 0.00145013002 -0.0330450721 2.15829182
v 0.00179964001 -0.0378304012 2.14861393
v -0.0123330494 -0.0318646245 2.16912746
v 0.00142304006 -0.0092182951 2.16106796
v -0.0109620579 -0.00664680777 2.16877723
v -0.030724477 -0.0388573334 2.157897
v -0.0315258093 -0.030803673 2.17013431
v -0.0262245983 -0.00311593805 2.16987681
v -0.0524863563 -0.0281775873 2.16132665
v -0.0490814336 -0.0353130177 2.14879203
v -0.0472583286 0.00256562582 2.1615932
v -0.0696888268 -0.0228924155 2.14543724
v -0.06334126 -0.0300556701 2.13511539
v -0.0639687106 0.00701721851 2.14662838
v -0.0819540992 -0.0157442037 2.12232828
v -0.0742133707 -0.0239970628 2.11774111
v -0.0777447894 0.0128062814 2.12768435
v -0.0821647421 -0.0166617371 2.09605503
v -0.0893431455 -0.008101888 2.09965682
v -0.0857697278 0.0174069982 2.10353827
v -0.0845564082 -0.00715871621 2.07045007
v -0.0923773721 0.00092901662 2.0712409
v -0.0891688913 0.0220434442 2.07411337
v -0.0863836482 0.00572363473 2.03647637
v -0.0937780961 0.0117968414 2.03922248
v -0.0911928564 0.0269290227 2.04104114
v -0.0937521085 0.0231827106 1.99030244
v -0.0872773901 0.0184135567 1.9871794
v -0.0920829251 0.0372312665 1.99157953
v -0.101010151 0.034429498 1.94578195
v -0.0948657393 0.0282214563 1.94319153
v -0.0938457251 0.0478239805 1.94803309
v -0.105054766 0.0436358154 1.90423429
v -0.10944172 0.0501822121 1.90879571
v -0.0987857506 0.0640738681 1.91078401
v -0.123884268 0.0716997162 1.85936904
v -0.127868012 0.0791850239 1.86357343
v -0.114505202 0.0882242173 1.8619293
v -0.145715937 0.100847289 1.80705285
v -0.151309058 0.109515779 1.81129038
v -0.139901072 0.123294979 1.81325483
v -0.177253917 0.132160395 1.73788905
v -0.18449901 0.152355462 1.74889052
v -0.175077125 0.161704019 1.74824464
v -0.18401216 0.142167687 1.74152994
v -0.195273668 0.154412374 1.69282269
v -0.201395854 0.163030714 1.69620943
v -0.211059719 0.175109521 1.65759182
v -0.203526527 0.177441135 1.69619799
v -0.191022009 0.185170934 1.69278514
v -0.199221686 0.199352637 1.65628779
v -0.217044443 0.183326438 1.65610361
v -0.222027779 0.202430055 1.60013223
v -0.218618616 0.195056394 1.65548551
v -0.225858718 0.207952842 1.60086513
v -0.214522928 0.21974808 1.60782421
v -0.202115089 0.219019234 1.60300243
v -0.220084533 0.234112158 1.52944338
v -0.219738647 0.226154476 1.5236975
v -0.224594861 0.215794489 1.605919
v -0.208479777 0.239997387 1.53730881
v -0.19833459 0.238297969 1.53111339
v -0.213087246 0.24548094 1.46891522
v -0.207802713 0.243337154 1.46193206
v -0.224972263 0.240536302 1.46599162
v -0.226348624 0.233518288 1.46065092
v -0.229906857 0.24502185 1.42516339
v -0.229043037 0.244051397 1.42031765
v -0.243276492 0.247516289 1.4033134
v -0.236630872 0.242984086 1.42687142
v -0.238180667 0.239226341 1.42399132
v -0.220195785 0.246590093 1.52588618
v -0.21509926 0.256088972 1.52020943
v -0.230770722 0.246812165 1.50170648
v -0.206679031 0.259677619 1.55181277
v -0.213112757 0.24283275 1.55688524
v -0.204903826 0.256425381 1.58337808
v -0.211301893 0.236313418 1.58119249
v -0.19988206 0.24436523 1.62007105
v -0.208793536 0.224924847 1.61151397
v -0.203550741 0.208315879 1.64719248
v -0.193598032 0.229273528 1.66598749
v -0.191022009 0.185170934 1.69278514
v -0.17979911 0.209689513 1.70223641
v -0.186333388 0.180232465 1.70295787
v -0.158188596 0.169865504 1.75144374
v -0.161309987 0.160862863 1.74872041
v -0.139382228 0.158960715 1.75012553
v -0.151805684 0.1393933 1.7445904
v -0.0109620579 -0.00664680777 2.16877723
v 0.00130659982 -0.00281109265 2.16322708
v 0.00142304006 -0.0092182951 2.16106796
v -0.00986118056 -0.000606451824 2.17143774
v 0.00111693004 0.00313009252 2.1660912
v -0.0262245983 -0.00311593805 2.16987681
v -0.00861536805 0.00710009132 2.17245817
v -0.0254087895 0.00328283268 2.1719768
v -0.0472583286 0.00256562582 2.1615932
v -0.0230252501 0.012745684 2.17130709
v -0.0469571203 0.0103801657 2.16440463
v -0.0639687106 0.00701721851 2.14662838
v -0.0445137247 0.0215259138 2.16382742
v -0.065131411 0.0159752406 2.15046787
v -0.0777447894 0.0128062814 2.12768435
v -0.0616603903 0.029347565 2.15075326
v -0.080573827 0.0211872067 2.13063574
v -0.0857697278 0.0174069982 2.10353827
v -0.0775213763 0.0368617438 2.13025069
v -0.0901556462 0.0261504333 2.1064086
v -0.0891688913 0.0220434442 2.07411337
v -0.0866261497 0.0414774083 2.10785604
v -0.0951520354 0.0311004464 2.07509375
v -0.0918933973 0.0456927717 2.07711434
v -0.0911928564 0.0269290227 2.04104114
v -0.0980267525 0.0357818939 2.04220247
v -0.0952207446 0.0504661351 2.04396391
v -0.0954983979 0.0569601059 1.99820781
v -0.0991520286 0.0435378589 1.99569106
v -0.0920829251 0.0372312665 1.99157953
v -0.0967562199 0.0658577532 1.95576334
v -0.102022134 0.0532674305 1.95235395
v -0.0938457251 0.0478239805 1.94803309
v -0.106940009 0.0692282245 1.91446543
v -0.0987857506 0.0640738681 1.91078401
v -0.101289012 0.0828474909 1.91508448
v -0.114505202 0.0882242173 1.8619293
v -0.12226446 0.095349662 1.86917138
v -0.111873217 0.113089539 1.87097895
v -0.139901072 0.123294979 1.81325483
v -0.140172258 0.130562872 1.81828904
v -0.128437862 0.150832146 1.82283998
v -0.17650798 0.168433517 1.75228834
v -0.175077125 0.161704019 1.74824464
v -0.171631083 0.18725279 1.75660074
v -0.163061067 0.194222391 1.75786114
v -0.189723834 0.219521403 1.70574367
v -0.196244806 0.192651093 1.70113885
v -0.191022009 0.185170934 1.69278514
v -0.1967711 0.212384105 1.70442545
v -0.210188538 0.213222921 1.65215814
v -0.203550741 0.208315879 1.64719248
v -0.208898365 0.230765 1.66080809
v -0.201722965 0.23868759 1.66224289
v -0.208847195 0.249768272 1.62297714
v -0.21535106 0.229099676 1.6140306
v -0.208793536 0.224924847 1.61151397
v -0.211301893 0.236313418 1.58119249
v -0.21406275 0.24334161 1.62125576
v -0.213722631 0.251791686 1.5827843
v -0.204903826 0.256425381 1.58337808
v -0.216621086 0.240424424 1.58206785
v -0.213112757 0.24283275 1.55688524
v -0.217717171 0.246349692 1.55721498
v -0.220195785 0.246590093 1.52588618
v -0.213426545 0.2553325 1.5536201
v -0.206679031 0.259677619 1.55181277
v -0.222833663 0.249267951 1.5274899
v -0.230770722 0.246812165 1.50170648
v -0.219695359 0.254258722 1.52369201
v -0.21509926 0.256088972 1.52020943
v 0.00145013002 -0.0330450721 2.15829182
v 0.0144818295 -0.0370618887 2.15824127
v 0.00179964001 -0.0378304012 2.14861393
v 0.0141767999 -0.0300740767 2.16716623
v 0.00142304006 -0.0092182951 2.16106796
v 0.0310024302 -0.0355304629 2.15866089
v 0.0122654196 -0.00874489266 2.16879439
v 0.00130659982 -0.00281109265 2.16322708
v 0.0311180986 -0.0270003285 2.16685152
v 0.0124165202 0.000714687456 2.16915131
v 0.00111693004 0.00313009252 2.1660912
v 0.0117913196 0.0119377049 2.171875
v 0.0510261208 -0.0244669225 2.15857339
v 0.0494803414 -0.0339451432 2.15062118
v 0.0293627493 -0.00611771084 2.17032886
v 0.0268391799 0.0098917 2.17302251
v 0.0229203701 0.019196827 2.17084813
v 0.0686652139 -0.0193843544 2.14382362
v 0.0648027137 -0.0292115845 2.13492894
v 0.0493824892 -0.00140601734 2.16229248
v 0.0452992469 0.0176049769 2.1646874
v 0.0408171602 0.0290441774 2.16602421
v 0.0812151432 -0.0119244764 2.12458777
v 0.0752658993 -0.0213880315 2.11546588
v 0.0677194223 0.00435619196 2.14899802
v 0.0626187995 0.0252992697 2.15212345
v 0.058917664 0.0391959213 2.1548059
v 0.0720597357 0.0465610735 2.14038754
v 0.0878135636 -0.00571184512 2.10394382
v 0.081046246 -0.0144071598 2.09571481
v 0.0813538358 0.0117785903 2.13134384
v 0.0774382502 0.0333022624 2.13750434
v 0.0872221962 0.0390281938 2.11831212
v 0.0830301344 0.0534546264 2.11758423
v 0.0921079814 0.00203375309 2.0779922
v 0.085215129 -0.00565256877 2.07102656
v 0.0884280205 0.0183307361 2.11093521
v 0.0952644795 0.0443883538 2.08944821
v 0.0899485573 0.0594813302 2.0873611
v 0.0943785012 0.0114819547 2.04035783
v 0.0851420835 0.00474992581 2.03482413
v 0.0931205153 0.0267770048 2.08255339
v 0.0987937823 0.0474797189 2.0522542
v 0.0925977007 0.0640390888 2.05074573
v 0.0902111232 0.0340553187 2.04181886
v 0.091814734 0.0521967597 2.00113416
v 0.0888262838 0.0681859329 2.00138307
v 0.0944513902 0.0234188382 1.98768151
v 0.0873710588 0.0465311669 1.99375343
v 0.0926940218 0.0638082772 1.95701706
v 0.0900861248 0.0759805217 1.96033323
v 0.0975548178 0.038280379 1.95240903
v 0.100922547 0.0857608393 1.91983795
v 0.0976585969 0.0955031887 1.92112029
v 0.107001752 0.0611876138 1.91588938
v 0.0873246938 0.0160865262 1.98366737
v 0.0909925848 0.0298893955 1.94990706
v 0.0684621781 0.0120905479 1.98496211
v 0.0656080246 0.00547607755 2.0353508
v 0.0747412071 0.0256275218 1.94735575
v 0.101408176 0.0515423901 1.91346741
v 0.0642459393 0.0407717451 1.95546639
v 0.0563068092 0.0328297839 1.99139726
v 0.0873279199 0.04110514 1.90999675
v 0.0741696209 0.0555851534 1.90623224
v 0.105564326 0.0731530637 1.8628428
v 0.091589056 0.0744668245 1.86318707
v 0.116940409 0.114745729 1.81379998
v 0.120349951 0.0892609283 1.86618221
v 0.125783354 0.117086217 1.81168807
v 0.137369871 0.162144884 1.75134575
v 0.126440525 0.100316294 1.86793149
v 0.141740724 0.129198775 1.81854081
v 0.15370056 0.158397973 1.75357068
v 0.15908061 0.178115845 1.71020997
v 0.113590345 0.114903457 1.8759799
v 0.146797657 0.140000403 1.81984949
v 0.169429794 0.165042147 1.75702357
v 0.170296863 0.172791824 1.71452606
v 0.185702145 0.178623483 1.66763592
v 0.176016062 0.184158325 1.66428399
v 0.18391104 0.179135725 1.71607113
v 0.197886407 0.182347178 1.62313318
v 0.190369412 0.184272289 1.61963558
v 0.112951361 0.123699233 1.87834179
v 0.1043173 0.119547434 1.87704802
v 0.126058981 0.15895924 1.82558131
v 0.127160162 0.154968619 1.82238233
v 0.152214065 0.193250552 1.76236033
v 0.173335224 0.176999256 1.76093233
v 0.197365716 0.183933333 1.66835403
v 0.18827495 0.194966882 1.71312332
v 0.207377389 0.188403815 1.58647859
v 0.201452211 0.187646389 1.58349252
v 0.212738097 0.196970865 1.55764067
v 0.175087735 0.214394644 1.70720041
v 0.127670854 0.210066751 1.76020098
v 0.152787298 0.230810642 1.70142603
v 0.175269902 0.22847873 1.64885461
v 0.206603318 0.188268468 1.62454081
v 0.200632662 0.200187981 1.66410673
v 0.217008069 0.198992521 1.55947506
v 0.227959916 0.212077707 1.53830183
v 0.191378668 0.220633581 1.65529048
v 0.21022369 0.201771468 1.62189281
v 0.212982669 0.194232181 1.58900249
v 0.203410372 0.219755337 1.61158311
v 0.192262605 0.219873518 1.60487413
v 0.230706856 0.213687152 1.53918242
v 0.245893702 0.229796618 1.52280653
v 0.220332652 0.203650847 1.56122172
v 0.215419561 0.204825193 1.58868253
v 0.209610403 0.219400406 1.58095658
v 0.200855002 0.217134908 1.57567048
v 0.232881159 0.216520682 1.53991616
v 0.221344694 0.2121474 1.56139708
v 0.21660772 0.221593931 1.55800974
v 0.209325135 0.220089361 1.55539775
v 0.223849833 0.224657938 1.53835511
v 0.233207628 0.222161725 1.54056227
v 0.228985101 0.226102486 1.53963327
v 0.106279582 0.234856695 1.77347314
v 0.130447358 0.27940914 1.72983718
v 0.107115313 0.244497731 1.7803576
v 0.128633156 0.265619695 1.72078431
v 0.127670854 0.210066751 1.76020098
v 0.145228103 0.283152997 1.68196726
v 0.146856204 0.301655978 1.68737757
v 0.164184526 0.314014971 1.6275357
v 0.142374516 0.237768576 1.70755243
v 0.165836766 0.291521758 1.6240747
v 0.176109344 0.317412555 1.56213868
v 0.173751011 0.221487209 1.70897126
v 0.152214065 0.193250552 1.76236033
v 0.158830762 0.247970119 1.67360544
v 0.194605067 0.234549209 1.674631
v 0.181634098 0.256234556 1.62047577
v 0.210038483 0.247005597 1.62455094
v 0.179963812 0.292609602 1.56051362
v 0.179073393 0.308400363 1.50129282
v 0.192745835 0.2578426 1.55912089
v 0.216396138 0.258414477 1.56176007
v 0.213920534 0.258621484 1.50082469
v 0.185029849 0.281560332 1.49909484
v 0.172187865 0.277701735 1.43531692
v 0.200772345 0.252779931 1.49826479
v 0.201604158 0.248247415 1.44176543
v 0.184430003 0.25624302 1.43685329
v 0.200146154 0.252488643 1.41797042
v 0.17129226 0.266564339 1.41341507
v 0.18611297 0.249909133 1.41420758
v 0.199691832 0.259198159 1.39659655
v 0.189285412 0.255271763 1.39061201
v 0.176259577 0.263048559 1.38488686
v 0.204518855 0.2735053 1.3721782
v 0.197330222 0.273784161 1.36594009
v 0.190690726 0.27762568 1.36009097
v 0.215261683 0.299623877 1.34784162
v 0.126409382 0.401877582 1.42013168
v 0.110382028 0.401673585 1.40463483
v 0.11552842 0.395052701 1.42286754
v 0.122857004 0.395650446 1.45332897
v 0.144055113 0.397316247 1.45109475
v 0.125081971 0.398469567 1.48137474
v 0.153929904 0.390594393 1.47937226
v 0.125366539 0.398514509 1.51134348
v 0.158041075 0.381932169 1.50927246
v 0.116564788 0.392399967 1.57238388
v 0.162184805 0.360264003 1.57072175
v 0.100581676 0.37281853 1.63574946
v 0.160317779 0.333461761 1.63280046
v 0.14764072 0.304729074 1.68866515
v 0.0796221644 0.338557988 1.69472897
v 0.128984854 0.275596768 1.72807145
v 0.0583341345 0.297133148 1.7389555
v 0.106279582 0.234856695 1.77347314
v 0.0436700806 0.254687905 1.78572762
v -0.034502808 0.115159817 2.05109549
v -0.0310557 0.121142425 2.05109549
v -0.0323197879 0.113437295 2.08700991
v -0.0242651105 0.13115187 2.01030016
v -0.0376910456 0.128256664 2.01002169
v -0.0375079587 0.121630922 2.00313258
v -0.0376343206 0.137941182 1.96714687
v -0.0199459288 0.139410064 1.96738279
v -0.0437190011 0.128447816 1.9636755
v -0.0419680886 0.152382344 1.93601167
v -0.0215340201 0.151962385 1.93192315
v -0.0527142286 0.139954329 1.92733884
v -0.0232212581 0.174435496 1.89145219
v -0.0195324197 0.171487898 1.88967407
v -0.0346678011 0.208563551 1.84516656
v -0.0485636592 0.174825087 1.89160776
v -0.062090829 0.160823643 1.88601267
v -0.0349829011 0.213065311 1.8488574
v -0.0543677174 0.26524803 1.79405165
v -0.0631700903 0.211233556 1.84760189
v -0.081804201 0.192798078 1.83722305
v -0.0628422871 0.269672245 1.797297
v -0.0770114809 0.306658775 1.74376953
v -0.0980831683 0.259809196 1.78850782
v -0.112592049 0.241917744 1.77630246
v -0.0971868038 0.309972167 1.74544382
v -0.0958046913 0.332736731 1.69368541
v -0.136224806 0.290794015 1.73575175
v -0.145328209 0.275137872 1.72864711
v -0.121459864 0.336461902 1.6943531
v -0.107208125 0.356787026 1.63454819
v -0.159288228 0.291224182 1.68749261
v -0.140650734 0.269519508 1.72500014
v -0.156119823 0.310951829 1.68978059
v -0.167640015 0.322280198 1.63196254
v -0.163014978 0.34202677 1.63344204
v -0.162076801 0.352192789 1.57030427
v -0.131531119 0.363257736 1.63503289
v -0.111024596 0.378867626 1.57168376
v -0.157689676 0.369432092 1.57119596
v -0.150259674 0.370840669 1.50212693
v -0.131718427 0.384928614 1.57199717
v -0.141228184 0.386934012 1.50109887
v -0.147281647 0.374822646 1.46436274
v -0.121629447 0.394465864 1.50061738
v -0.109120622 0.390723258 1.50085676
v -0.136237606 0.38633433 1.46126842
v -0.145833015 0.375798821 1.43530059
v -0.122739427 0.394127429 1.45634866
v -0.113299042 0.391316146 1.45428967
v -0.138422355 0.382707715 1.42943048
v -0.153175905 0.37093249 1.40123582
v -0.129425079 0.388333738 1.42249894
v -0.122228943 0.386691004 1.41914439
v -0.150553778 0.374518007 1.39697385
v -0.16409488 0.366925687 1.37047958
v -0.146399632 0.377622247 1.39248013
v -0.142334625 0.376960903 1.38942873
v 0.0260363594 0.134157404 1.96243727
v 0.0265504587 0.119206563 2.00441647
v 0.0165186394 0.12423832 2.00584793
v 0.0191048384 0.120052248 2.05109549
v 0.0275713988 0.114566572 2.05109549
v 0.0177155193 0.113573052 2.08541703
v 0.01041371 0.118139379 2.05109549
v 0.0266575683 0.108491331 2.0843823
v 0.00814735983 0.111903682 2.08406043
v 0.0237032287 0.101150624 2.11064839
v 0.00763372937 0.103693999 2.10984516
v 0.0162155107 0.10504403 2.11118555
v 0.0143099995 0.0934625417 2.13222337
v 0.00742223021 0.0918262824 2.131675
v 0.0200911686 0.0906617269 2.13238692
v 0.00670866948 0.0780076459 2.14749527
v 0.0103173899 0.0758649185 2.1495111
v 0.0140504707 0.073826313 2.14932346
v 0.0087086698 0.064665705 2.15404081
v 0.00883966871 0.0536932275 2.15885043
v -0.145328209 0.275137872 1.72864711
v -0.158835202 0.288334489 1.68572664
v -0.140650734 0.269519508 1.72500014
v -0.16305618 0.295453846 1.68700266
v -0.173696324 0.310567796 1.63116312
v -0.176761523 0.316649735 1.63135433
v -0.177044138 0.331860185 1.56925261
v -0.179492235 0.337289572 1.5692631
v -0.183171675 0.35085392 1.52400124
v -0.163735941 0.278876871 1.72972941
v -0.178946868 0.300734937 1.68794906
v -0.186365604 0.322700351 1.63199413
v -0.187719092 0.341475666 1.56952715
v -0.1329965 0.242237359 1.77717316
v -0.112592049 0.241917744 1.77630246
v -0.0956146419 0.190266892 1.84141612
v -0.081804201 0.192798078 1.83722305
v -0.189634949 0.353136241 1.52504182
v -0.187689528 0.3581478 1.4988209
v -0.19271183 0.359620363 1.49940395
v -0.193861514 0.361046433 1.47810113
v -0.193987519 0.346129686 1.52262664
v -0.193515122 0.33138606 1.5692277
v -0.193267748 0.310881823 1.63110864
v -0.184287131 0.28847447 1.6857518
v -0.166830018 0.268473297 1.72447121
v -0.132807866 0.235069439 1.77191508
v -0.195888206 0.354087442 1.49812746
v -0.0964251235 0.182502329 1.84216428
v -0.197539568 0.361913323 1.47863793
v -0.199368507 0.358352125 1.47839928
v -0.202144831 0.359924704 1.4619174
v -0.0726475418 0.158797845 1.88246179
v -0.0744215399 0.152914539 1.8839494
v -0.062090829 0.160823643 1.88601267
v -0.060525015 0.13805297 1.92599511
v -0.0660205334 0.132818177 1.92420805
v -0.0527142286 0.139954329 1.92733884
v -0.0535522588 0.12939772 1.9613992
v -0.0580342822 0.120432243 1.96303356
v -0.0437190011 0.128447816 1.9636755
v -0.0484098569 0.123483092 2.00102973
v -0.0538970791 0.115842476 2.00635386
v -0.0375079587 0.121630922 2.00313258
v -0.0418239683 0.119423777 2.05109549
v -0.0515218005 0.111635588 2.05109549
v -0.034502808 0.115159817 2.05109549
v -0.0399500728 0.111531638 2.08741021
v -0.0491303951 0.104024015 2.08526492
v -0.0323197879 0.113437295 2.08700991
v -0.0457960181 0.0971695706 2.10791683
v -0.0368045904 0.10370861 2.11158872
v -0.0287367981 0.104454517 2.11252975
v -0.0397259183 0.0870249048 2.13101983
v -0.0312386956 0.0929541588 2.13441539
v -0.0243364088 0.0927029774 2.1354444
v -0.0317391716 0.0757042393 2.14769149
v -0.0252533592 0.0813574865 2.14849901
v -0.0194118284 0.0819690004 2.1485045
v -0.01847299 0.0690521374 2.15832138
v -0.0229348391 0.0636190102 2.15922546
v -0.0143890399 0.0697045252 2.15796804
v 4.01698962E-05 0.0427623875 2.16388464
v -0.0911319628 0.228426069 1.77889645
v -0.0346678011 0.208563551 1.84516656
v -0.0766444206 0.185036376 1.83693171
v -0.0551449619 0.262468547 1.79121256
v -0.0986604318 0.269315302 1.72489715
v -0.0241533983 0.26728794 1.79554808
v -0.0135493297 0.209022209 1.8483789
v -0.0195324197 0.171487898 1.88967407
v -0.0708801746 0.311954767 1.74644601
v -0.0342079885 0.318222672 1.74961364
v -0.109305382 0.312883407 1.69012678
v -0.104448155 0.289575577 1.68594873
v -0.110975914 0.328708827 1.63244426
v -0.11299675 0.353515774 1.63430297
v -0.114431255 0.361424327 1.57078171
v -0.0792992786 0.352449715 1.69721889
v -0.109700546 0.383158743 1.57190561
v -0.111280479 0.384830356 1.50123322
v -0.0410571098 0.358922184 1.69837892
v -0.0933263972 0.382674128 1.63819146
v -0.10115011 0.402474046 1.50010586
v -0.105773352 0.393415928 1.4456898
v -0.0469520986 0.391664505 1.63716149
v -0.0950605646 0.40231818 1.57466567
v -0.0905434489 0.411865801 1.44110072
v -0.103868805 0.392454684 1.41007125
v -0.0928781852 0.416062236 1.50127137
v -0.0533489585 0.410827965 1.57333708
v -0.0888939947 0.408795148 1.40343714
v -0.10569004 0.385304302 1.37522626
v -0.0591293611 0.420716614 1.49894023
v -0.0644282028 0.419190437 1.4339627
v -0.0208687708 0.387861818 1.63687646
v -0.0276764203 0.404730171 1.57302153
v -0.0352411494 0.413937837 1.49937344
v -0.0464027002 0.414004177 1.43048882
v -0.071744673 0.411483139 1.39178383
v -0.0940644518 0.397621453 1.37018085
v -0.107571408 0.381157249 1.34867167
v -0.117079541 0.374016225 1.35258663
v -0.0840640888 0.397488087 1.35616481
v -0.059255451 0.40740189 1.38535869
v -0.0419796072 0.406607747 1.43024778
v -0.0298311803 0.405512542 1.49991179
v -0.0223722104 0.39702034 1.57262278
v -0.0566866398 0.40055874 1.3843956
v -0.0160221886 0.381569505 1.63640499
v -0.0756251663 0.395680904 1.35023689
v -0.0728474483 0.389802843 1.35035014
v -0.0149023198 0.35614121 1.69788051
v -0.0104810204 0.349989086 1.69677794
v -0.00900115911 0.316110194 1.74854577
v -0.00602642959 0.309249043 1.74507868
v -0.00376327988 0.264301211 1.79335725
v -0.00205834 0.258224696 1.78890014
v 0.0455583706 0.208426014 1.84531093
v 0.0436700806 0.254687905 1.78572762
v -0.0946589932 0.378663212 1.33058071
v -0.0922632962 0.372206151 1.32793009
v -0.100208454 0.381580919 1.33639467
v -0.123388529 0.368732572 1.32855296
v -0.123386972 0.364482731 1.32531488
v -0.143443689 0.364962727 1.33158171
v -0.128558129 0.369459152 1.33511019
v -0.133405551 0.367601186 1.33833635
v 0.107115313 0.244497731 1.7803576
v 0.128984854 0.275596768 1.72807145
v 0.106279582 0.234856695 1.77347314
v 0.128088027 0.288266867 1.73447466
v 0.14764072 0.304729074 1.68866515
v 0.148128718 0.318286419 1.69109523
v 0.160317779 0.333461761 1.63280046
v 0.160016015 0.347686946 1.63386607
v 0.162184805 0.360264003 1.57072175
v 0.162944809 0.370087415 1.57122982
v 0.158041075 0.381932169 1.50927246
v 0.157030374 0.391093045 1.50748491
v 0.153929904 0.390594393 1.47937226
v 0.14913474 0.39797011 1.47529137
v 0.144055113 0.397316247 1.45109475
v 0.137615904 0.402650058 1.44656169
v 0.126409382 0.401877582 1.42013168
v 0.119963691 0.404337794 1.41775525
v 0.110382028 0.401673585 1.40463483
v 0.118045539 0.307693541 1.74429238
v 0.137132376 0.343846112 1.69522548
v 0.14984566 0.371159405 1.63543665
v 0.156187251 0.388738126 1.57206416
v 0.151377037 0.3980349 1.5065347
v 0.142362043 0.40241164 1.47569728
v 0.132153809 0.403633296 1.44681323
v 0.130314097 0.398923337 1.57259119
v 0.117994249 0.379653424 1.63607299
v 0.133560255 0.403847009 1.50694299
v 0.0988736153 0.34941107 1.69622326
v 0.116638087 0.404263288 1.41790843
v 0.12857376 0.402853191 1.4767015
v 0.112964362 0.399121195 1.41968858
v 0.11552842 0.395052701 1.42286754
v 0.123234682 0.400192857 1.44935167
v 0.122857004 0.395650446 1.45332897
v 0.125081971 0.398469567 1.48137474
v 0.125366539 0.398514509 1.51134348
v 0.116564788 0.392399967 1.57238388
v 0.100581676 0.37281853 1.63574946
v 0.0796221644 0.338557988 1.69472897
v 0.0777048767 0.308731109 1.7448169
v 0.0583341345 0.297133148 1.7389555
v 0.0948116779 0.262274384 1.79187059
v 0.058529038 0.263160229 1.7925204
v 0.0436700806 0.254687905 1.78572762
v 0.0455583706 0.208426014 1.84531093
v 0.0741592646 0.20709841 1.84476805
v 0.0844338983 0.191361845 1.8358258
v 0.0639337376 0.170119971 1.88972759
v 0.038806919 0.172144204 1.88939798
v 0.0740390867 0.154111043 1.88421381
v 0.0585011654 0.14354457 1.93146324
v 0.0316639505 0.147157267 1.92999506
v 0.0698192641 0.126512393 1.92591596
v 0.0318594202 0.135054544 1.9612993
v 0.0260363594 0.134157404 1.96243727
v 0.0565534867 0.126667455 1.96633708
v 0.0680810586 0.108712718 1.96435297
v 0.0325014815 0.123231418 2.0046773
v 0.0265504587 0.119206563 2.00441647
v 0.0599712878 0.114196517 2.0064621
v 0.070208028 0.0971976444 2.00551391
v 0.0328823701 0.116346769 2.05109549
v 0.0275713988 0.114566572 2.05109549
v 0.0603111498 0.108397022 2.05109549
v 0.0297703091 0.109907828 2.08447909
v 0.0266575683 0.108491331 2.0843823
v 0.0237032287 0.101150624 2.11064839
v 0.0554729514 0.103880949 2.08758903
v 0.02639018 0.101789817 2.11186218
v 0.0200911686 0.0906617269 2.13238692
v 0.0715880468 0.0962316096 2.05109549
v 0.0729130432 0.0894995555 2.05126047
v 0.0707448795 0.0850736797 2.0856719
v 0.0670774281 0.0930682644 2.08715916
v 0.0652183294 0.0771089271 2.11496353
v 0.0600513443 0.0860307589 2.11859226
v 0.0555530116 0.0674815103 2.13659215
v 0.022491347 0.0894738659 2.13470054
v 0.0140504707 0.073826313 2.14932346
v 0.0475111231 0.0961203948 2.11792755
v 0.0523992665 0.0779317394 2.13955545
v 0.0441805795 0.056582287 2.1541338
v 0.0177972894 0.0735225827 2.1514132
v 0.00883966871 0.0536932275 2.15885043
v 0.0392184183 0.0853321031 2.1386745
v 0.0392249748 0.0647315755 2.1581986
v 0.0159023087 0.052967485 2.16480517
v 4.01698962E-05 0.0427623875 2.16388464
v 0.00156115973 0.0270730928 2.16826844
v 0.0285065286 0.0704798475 2.15509939
v 0.0247748699 0.0480632633 2.1654036
v 0.0300676767 0.0410083756 2.16332936
v 0.0146330781 0.0276521947 2.17156363
v 0.00581435021 0.0176021159 2.17131448
v 0.00159978995 0.0196452271 2.1675632
v 0.00110968994 0.0114993639 2.16291308
v 0.00111693004 0.00313009252 2.1660912
v 0.000631769886 0.0081986757 2.1631465
v 0.0117913196 0.0119377049 2.171875
v 0.00581435021 0.0176021159 2.17131448
v 0.00110968994 0.0114993639 2.16291308
v 0.0193212293 0.0245246198 2.1723814
v 0.0146330781 0.0276521947 2.17156363
v 0.0229203701 0.019196827 2.17084813
v 0.0300676767 0.0410083756 2.16332936
v 0.0370627493 0.0365991816 2.1687839
v 0.0408171602 0.0290441774 2.16602421
v 0.058917664 0.0391959213 2.1548059
v 0.0441805795 0.056582287 2.1541338
v 0.0563448556 0.0498450883 2.15712214
v 0.0720597357 0.0465610735 2.14038754
v 0.0679421201 0.0580735281 2.14278626
v 0.0555530116 0.0674815103 2.13659215
v 0.0830301344 0.0534546264 2.11758423
v 0.0803372115 0.0676156953 2.11754322
v 0.0652183294 0.0771089271 2.11496353
v 0.0899485573 0.0594813302 2.0873611
v 0.0872983038 0.0748227164 2.08901334
v 0.0707448795 0.0850736797 2.0856719
v 0.0925977007 0.0640390888 2.05074573
v 0.0883351043 0.0812381953 2.05109549
v 0.0729130432 0.0894995555 2.05126047
v 0.0888262838 0.0681859329 2.00138307
v 0.0832387432 0.0891515985 2.00535512
v 0.070208028 0.0971976444 2.00551391
v 0.0900861248 0.0759805217 1.96033323
v 0.0816632807 0.10546685 1.9646759
v 0.0680810586 0.108712718 1.96435297
v 0.0976585969 0.0955031887 1.92112029
v 0.0698192641 0.126512393 1.92591596
v 0.0838330761 0.127554134 1.92414486
v 0.0740390867 0.154111043 1.88421381
v 0.1043173 0.119547434 1.87704802
v 0.0887018591 0.152234957 1.88599741
v 0.0844338983 0.191361845 1.8358258
v 0.124785572 0.16591835 1.82660258
v 0.127160162 0.154968619 1.82238233
v 0.103044204 0.190250531 1.83846033
v 0.107115313 0.244497731 1.7803576
v 0.128618017 0.240631714 1.78325331
v 0.130447358 0.27940914 1.72983718
v 0.154640943 0.200023681 1.76413476
v 0.152214065 0.193250552 1.76236033
v 0.173751011 0.221487209 1.70897126
v 0.1518168 0.276569575 1.73480034
v 0.146856204 0.301655978 1.68737757
v 0.157011807 0.216306984 1.77389956
v 0.185323328 0.233749211 1.71867371
v 0.194605067 0.234549209 1.674631
v 0.167438447 0.299139559 1.68999279
v 0.164184526 0.314014971 1.6275357
v 0.183399767 0.251383007 1.72839487
v 0.203696966 0.250854969 1.68031859
v 0.210038483 0.247005597 1.62455094
v 0.198790818 0.272507638 1.68609345
v 0.216038227 0.266187608 1.62755477
v 0.216396138 0.258414477 1.56176007
v 0.181336567 0.313811988 1.6308465
v 0.209488526 0.288595259 1.63061273
v 0.218922824 0.277347922 1.56390154
v 0.187441021 0.317440927 1.56349993
v 0.176109344 0.317412555 1.56213868
v 0.211148188 0.296822131 1.56460798
v 0.214190841 0.280101717 1.50342202
v 0.213920534 0.258621484 1.50082469
v 0.208346635 0.296180665 1.5046258
v 0.188699931 0.310183108 1.50307405
v 0.179073393 0.308400363 1.50129282
v 0.206809133 0.279157251 1.44746089
v 0.179533213 0.287708312 1.43892455
v 0.172187865 0.277701735 1.43531692
v 0.197934046 0.288262278 1.44560945
v 0.179022193 0.281621933 1.41312683
v 0.17129226 0.266564339 1.41341507
v 0.192331508 0.283925802 1.41388774
v 0.179125056 0.274757355 1.38578701
v 0.176259577 0.263048559 1.38488686
v 0.190690726 0.27762568 1.36009097
v 0.207954824 0.260376036 1.44590831
v 0.201604158 0.248247415 1.44176543
v 0.201754034 0.262550712 1.41997206
v 0.200146154 0.252488643 1.41797042
v 0.199691832 0.259198159 1.39659655
v 0.201616451 0.278547078 1.41626263
v 0.200879306 0.280179858 1.39449275
v 0.204518855 0.2735053 1.3721782
v 0.192609742 0.284417778 1.39030862
v 0.204153344 0.284766406 1.37743175
v 0.215261683 0.299623877 1.34784162
v 0.197563067 0.287674725 1.37282968
v 0.187600568 0.284576148 1.36424637
v -0.0660205334 0.132818177 1.92420805
v -0.0580342822 0.120432243 1.96303356
v -0.0521191396 0.132250145 1.92641294
v -0.059194468 0.152230591 1.88222241
v -0.0744215399 0.152914539 1.8839494
v -0.0766444206 0.185036376 1.83693171
v -0.0964251235 0.182502329 1.84216428
v -0.111716539 0.236526281 1.77290094
v -0.132807866 0.235069439 1.77191508
v -0.0804250315 0.25214991 1.78491998
v -0.0346678011 0.208563551 1.84516656
v -0.0543677174 0.26524803 1.79405165
v -0.0770114809 0.306658775 1.74376953
v -0.112719163 0.29056716 1.73563707
v -0.0958046913 0.332736731 1.69368541
v -0.140650734 0.269519508 1.72500014
v -0.166830018 0.268473297 1.72447121
v -0.130109191 0.316318154 1.69074249
v -0.107208125 0.356787026 1.63454819
v -0.158835202 0.288334489 1.68572664
v -0.184287131 0.28847447 1.6857518
v -0.173696324 0.310567796 1.63116312
v -0.193267748 0.310881823 1.63110864
v -0.159288228 0.291224182 1.68749261
v -0.177044138 0.331860185 1.56925261
v -0.167640015 0.322280198 1.63196254
v -0.193515122 0.33138606 1.5692277
v -0.140216485 0.346951127 1.63381112
v -0.162076801 0.352192789 1.57030427
v -0.183729097 0.346097857 1.52246523
v -0.183171675 0.35085392 1.52400124
v -0.193987519 0.346129686 1.52262664
v -0.187689528 0.3581478 1.4988209
v -0.140375346 0.369078428 1.5711776
v -0.111024596 0.378867626 1.57168376
v -0.150259674 0.370840669 1.50212693
v -0.189414307 0.353675216 1.49750328
v -0.195888206 0.354087442 1.49812746
v -0.193861514 0.361046433 1.47810113
v -0.131864175 0.381498784 1.50144601
v -0.109120622 0.390723258 1.50085676
v -0.147281647 0.374822646 1.46436274
v -0.195167735 0.357661247 1.4775883
v -0.199368507 0.358352125 1.47839928
v -0.202144831 0.359924704 1.4619174
v -0.130456194 0.383105189 1.45995104
v -0.113299042 0.391316146 1.45428967
v -0.145833015 0.375798821 1.43530059
v -0.133808985 0.380235165 1.42807567
v -0.122228943 0.386691004 1.41914439
v -0.153175905 0.37093249 1.40123582
v -0.147165254 0.372807145 1.39621198
v -0.142334625 0.376960903 1.38942873
v -0.16409488 0.366925687 1.37047958
v -0.208847195 0.249768272 1.62297714
v -0.204903826 0.256425381 1.58337808
v -0.211761534 0.262401998 1.5699743
v -0.180796653 0.259218812 1.56995201
v -0.19988206 0.24436523 1.62007105
v -0.191110566 0.268263876 1.51124918
v -0.215234831 0.279110253 1.51103067
v -0.167896837 0.243127018 1.62341487
v -0.193598032 0.229273528 1.66598749
v -0.203518257 0.279019147 1.44406295
v -0.212964356 0.295054346 1.44675827
v -0.15261443 0.225743294 1.66867936
v -0.17979911 0.209689513 1.70223641
v -0.138405621 0.210646853 1.70355952
v -0.158188596 0.169865504 1.75144374
v -0.138099015 0.256938666 1.67585802
v -0.115589656 0.17394121 1.75615168
v -0.139382228 0.158960715 1.75012553
v -0.121695191 0.240316689 1.71495676
v -0.0772794336 0.209973559 1.76502252
v -0.0911319628 0.228426069 1.77889645
v -0.128483802 0.261971176 1.72325408
v -0.145385608 0.281782359 1.68166375
v -0.153903961 0.27265045 1.62597346
v -0.160598606 0.299031913 1.62842143
v -0.163435891 0.282894969 1.57040918
v -0.16742368 0.308195591 1.57089841
v -0.166896269 0.304493994 1.5105195
v -0.166185662 0.282793045 1.51095653
v -0.166720957 0.290853083 1.43778992
v -0.172002405 0.277722657 1.43804002
v -0.186949804 0.285367519 1.39316404
v -0.174676508 0.293765247 1.39005303
v -0.208984062 0.294439733 1.40129328
v -0.211376563 0.306236684 1.40331495
v -0.198206514 0.30049175 1.36434233
v -0.188383505 0.306272894 1.36102307
v -0.211320877 0.306728929 1.37077785
v -0.213783428 0.313744724 1.37282586
v -0.215023994 0.318787366 1.34383667
v -0.217053488 0.321326047 1.34552026
v -0.221694484 0.328191251 1.32798934
v -0.210600793 0.317936599 1.34057784
v -0.207293868 0.320175171 1.33839381
v 0.0377616696 0.307430893 1.37616563
v 0.0312292092 0.330832392 1.39921403
v 0.0149379391 0.291180015 1.44013107
v 0.0354640484 0.329427987 1.37637115
v 0.0623390377 0.302775294 1.30217052
v 0.0646534562 0.341483027 1.37648356
v 0.0371744782 0.341049939 1.44072723
v 0.0689094737 0.321801484 1.29551804
v 0.0772826448 0.291220725 1.27565157
v 0.0915130898 0.303494185 1.26206207
v 0.0993685499 0.276688427 1.2557348
v 0.0941613838 0.328991622 1.30188382
v 0.112513587 0.284669369 1.25061119
v 0.120118484 0.263322175 1.24412203
v 0.111915834 0.306894213 1.26695657
v 0.129151985 0.268327326 1.24339151
v 0.137782082 0.250572056 1.2431531
v 0.125771254 0.28708145 1.25491107
v 0.142538473 0.252590239 1.24333775
v 0.157924026 0.239057213 1.2507937
v 0.136837125 0.269645482 1.24748003
v 0.146205828 0.253337085 1.24552441
v 0.147059605 0.251617223 1.24938738
v 0.138502121 0.265640616 1.25388658
v 0.132580772 0.283540845 1.26515353
v 0.127426416 0.303113192 1.28349185
v 0.122847401 0.320956558 1.31696284
v 0.118900076 0.334229052 1.37641597
v 0.10657867 0.33736816 1.44068313
v 0.0832967162 0.320549726 1.50522792
v 0.0193467606 0.320062101 1.50523663
v 0.0690395087 0.303532392 1.56389415
v -0.000322539912 0.301497728 1.56329751
v 0.0607025363 0.281252652 1.62665963
v -0.0107485997 0.289798319 1.62813365
v -0.0038174002 0.251904547 1.6721139
v 0.0577202588 0.255924135 1.67335749
v 0.00410542963 0.218594149 1.70824265
v 0.0572174676 0.232429191 1.71220064
v 0.0312292092 0.330832392 1.39921403
v 0.0371744782 0.341049939 1.44072723
v 0.0458017997 0.364171058 1.37669587
v 0.0264038891 0.316794306 1.37625301
v 0.0149379391 0.291180015 1.44013107
v 0.0387611277 0.331536323 1.3104564
v 0.0490364209 0.366015077 1.30247605
v 0.0362047106 0.335802823 1.25006723
v 0.0382822677 0.35845679 1.24314332
v 0.0248661581 0.328228951 1.20103514
v 0.0246029794 0.336948693 1.19111693
v 0.0103387404 0.316079557 1.16422343
v 0.00993363 0.319272369 1.16179669
v -0.00150284986 0.307204992 1.15268981
v 0.00128286006 0.304207802 1.1530726
v -0.00377050997 0.295085847 1.15018404
v 0.00818081014 0.311347127 1.16829121
v 0.000676909811 0.302206606 1.15555513
v -0.00151813996 0.301320255 1.15876627
v 0.00285722991 0.309225023 1.17288733
v 0.0217452589 0.320244104 1.21144831
v 0.005700259 0.31961748 1.21803582
v 0.0209058188 0.320017457 1.25888288
v -0.00501681026 0.321647823 1.26437926
v 0.0112013603 0.313621521 1.31452334
v -0.0245646909 0.321725696 1.31218469
v -0.01346887 0.298906058 1.376086
v -0.0584918484 0.316273719 1.37624812
v -0.039017871 0.273727119 1.43992245
v 0.00105531991 0.259557903 1.50630426
v -0.0877087191 0.298599422 1.44021988
v -0.0469196513 0.242634565 1.50528955
v -0.00449171988 0.22552219 1.56325638
v -0.0825883076 0.253388017 1.50719893
v -0.0979873464 0.279212743 1.5059576
v -0.0827442929 0.2198423 1.56396496
v -0.0461798459 0.213178664 1.5554806
v -0.0812814012 0.195887595 1.60956478
v -0.0406272784 0.185288727 1.61010706
v -0.00285299006 0.195970967 1.61194956
v -0.076669313 0.176360697 1.65028429
v -0.0347403064 0.165477604 1.64529967
v 0.00262333965 0.174316078 1.64781213
v -0.0675829649 0.154259041 1.69126189
v -0.0284318086 0.144245848 1.68679667
v 0.0103097297 0.15551497 1.68956935
v -0.0624928512 0.129670039 1.7462796
v -0.0189960897 0.112023048 1.7433331
v 0.0247910991 0.123896509 1.74703944
v -0.0520923175 0.103869043 1.80393493
v -0.0118036605 0.0874735638 1.80260324
v 0.0355795696 0.0916603655 1.80402315
v -0.0444263704 0.0806277245 1.86176705
v -0.0048235599 0.0636489019 1.86034286
v 0.0350293182 0.0603697151 1.85953045
v -0.0381298512 0.0595451631 1.91476178
v 0.0301081296 0.0416873507 1.91334379
v -0.00402414985 0.0465242416 1.91406488
v -0.0316787772 0.0483989008 1.9450053
v -0.00208855956 0.037291985 1.94921184
v -0.0230183601 0.0429487377 1.98614287
v 0.0265456196 0.0396554321 1.95328271
v 0.000176819987 0.0413377807 1.98939729
v 0.0221772101 0.039809797 1.99248421
v 0.0577202588 0.255924135 1.67335749
v 0.119576499 0.240111768 1.71234071
v 0.0572174676 0.232429191 1.71220064
v 0.123959281 0.261734813 1.67515516
v 0.0607025363 0.281252652 1.62665963
v 0.130546093 0.286793679 1.62761545
v 0.0690395087 0.303532392 1.56389415
v 0.137718469 0.312605232 1.56398666
v 0.0832967162 0.320549726 1.50522792
v 0.143293843 0.323041379 1.50518382
v 0.0907342061 0.317525119 1.4390173
v 0.142685488 0.324842304 1.4405334
v 0.107530393 0.296014577 1.37472486
v 0.153684646 0.236993596 1.66750121
v 0.145394564 0.203201905 1.70281494
v 0.113684766 0.205034003 1.75697386
v 0.129967779 0.165007547 1.75434136
v 0.159940064 0.259523779 1.62291169
v 0.166247919 0.283574492 1.56369042
v 0.17117326 0.299945682 1.50559175
v 0.167990372 0.300171793 1.4402386
v 0.144546598 0.306389451 1.37615585
v 0.164462969 0.28847903 1.37598848
v 0.147352993 0.277852118 1.33399463
v 0.161065117 0.271537811 1.34163511
v 0.124444023 0.266069621 1.32825518
v 0.157637984 0.249849543 1.31332302
v 0.150637925 0.249486536 1.30887866
v 0.139539078 0.24321644 1.30600655
v 0.163526013 0.215325713 1.29685009
v -0.0768644884 0.217762694 1.66465497
v -0.0417095795 0.221754238 1.7091465
v -0.0689007714 0.199463367 1.70647883
v -0.0484407693 0.251733303 1.67206109
v -0.0881888494 0.246939465 1.62372983
v -0.0038174002 0.251904547 1.6721139
v 0.00410542963 0.218594149 1.70824265
v -0.0107485997 0.289798319 1.62813365
v -0.0656342432 0.291758507 1.62847185
v -0.0968771353 0.276208103 1.56669569
v -0.0160011798 0.332950354 1.5681076
v -0.000322539912 0.301497728 1.56329751
v 0.0193467606 0.320062101 1.50523663
v -0.0808250979 0.323375046 1.5696243
v -0.00422502961 0.359595627 1.50453901
v 0.0371744782 0.341049939 1.44072723
v -0.106877089 0.305253983 1.5111587
v -0.0979873464 0.279212743 1.5059576
v -0.0877087191 0.298599422 1.44021988
v -0.0934766456 0.347514182 1.50475204
v -0.0850941092 0.362442344 1.44098282
v -0.0584918484 0.316273719 1.37624812
v 0.00569707993 0.380973697 1.44120431
v 0.0458017997 0.364171058 1.37669587
v -0.06412559 0.367995679 1.37673151
v 0.0114055593 0.390746713 1.3769443
v -0.0325729288 0.357266009 1.30346847
v -0.0245646909 0.321725696 1.31218469
v 0.0137372101 0.381090343 1.29815972
v 0.0490364209 0.366015077 1.30247605
v 0.0382822677 0.35845679 1.24314332
v -0.0152018294 0.345120192 1.25894308
v -0.00501681026 0.321647823 1.26437926
v 0.005700259 0.31961748 1.21803582
v 0.0107947802 0.367331505 1.24578607
v -0.00536616985 0.330637842 1.21285701
v 0.00544292992 0.344921023 1.19720864
v 0.0246029794 0.336948693 1.19111693
v -0.0042700097 0.315119863 1.17321372
v 0.00285722991 0.309225023 1.17288733
v -0.00112618995 0.322684854 1.16746652
v 0.00993363 0.319272369 1.16179669
v -0.00441848952 0.307852924 1.15487289
v -0.00150284986 0.307204992 1.15268981
v -0.00377050997 0.295085847 1.15018404
v -0.00552885002 0.304369152 1.15920663
v -0.00151813996 0.301320255 1.15876627
v -0.0979873464 0.279212743 1.5059576
v -0.0811850801 0.261687547 1.43977869
v -0.0825883076 0.253388017 1.50719893
v -0.0943410844 0.290777117 1.44012618
v -0.091658555 0.286313981 1.37554228
v -0.0845741481 0.258665085 1.37570977
v -0.0954061672 0.271580458 1.32010126
v -0.0944591016 0.250430375 1.32909656
v -0.112220056 0.242150441 1.2957623
v -0.140763029 0.297713965 1.44020915
v -0.131729767 0.294083357 1.37615275
v -0.120999552 0.280356735 1.32646096
v -0.151851237 0.290290922 1.50576198
v -0.0968771353 0.276208103 1.56669569
v -0.151205823 0.280568749 1.37591457
v -0.161067277 0.28581506 1.43982768
v -0.142616615 0.272072166 1.33414423
v -0.176534668 0.275771737 1.50584364
v -0.13747707 0.257192314 1.30375171
v -0.159967795 0.271873772 1.56779337
v -0.182209715 0.249485925 1.56656229
v -0.162297338 0.244257525 1.6202786
v -0.0881888494 0.246939465 1.62372983
v -0.185518265 0.222741947 1.61735666
v -0.15554598 0.218558684 1.66179836
v -0.0768644884 0.217762694 1.66465497
v -0.180667952 0.195859939 1.65683103
v -0.151336193 0.19064422 1.70059061
v -0.0689007714 0.199463367 1.70647883
v -0.168334618 0.168364525 1.69462371
v -0.115589656 0.17394121 1.75615168
v -0.0772794336 0.209973559 1.76502252
v -0.139382228 0.158960715 1.75012553
v -0.151805684 0.1393933 1.7445904
v 0.0912083909 0.112616949 1.80854738
v 0.0789041892 0.11035344 1.80792236
v 0.0755522773 0.079920277 1.8575052
v 0.0875159428 0.136932164 1.75015306
v 0.0705063194 0.14061214 1.75332987
v 0.0656290054 0.17015852 1.69536126
v 0.106873184 0.140729517 1.75139034
v 0.0921746716 0.164131716 1.692662
v 0.0646752119 0.190165266 1.65412104
v 0.123478383 0.175817236 1.69600523
v 0.129967779 0.165007547 1.75434136
v 0.145394564 0.203201905 1.70281494
v 0.0950897858 0.185507312 1.6515739
v 0.130779088 0.200453907 1.65619767
v 0.153684646 0.236993596 1.66750121
v 0.101306878 0.203941911 1.61332452
v 0.0645752475 0.219387829 1.6146841
v 0.138548121 0.222688973 1.61655807
v 0.159940064 0.259523779 1.62291169
v 0.0689248666 0.236452803 1.56446147
v 0.0660605952 0.246591493 1.56291032
v 0.1486938 0.249262124 1.56334043
v 0.166247919 0.283574492 1.56369042
v 0.112873837 0.225614846 1.56309915
v 0.0775745735 0.262219161 1.5040977
v 0.0733526722 0.275311202 1.50793135
v 0.0882384405 0.275263518 1.44049883
v 0.0832967162 0.320549726 1.50522792
v 0.0907342061 0.317525119 1.4390173
v 0.107530393 0.296014577 1.37472486
v 0.129558071 0.248185858 1.50650513
v 0.162804425 0.27316612 1.50606394
v 0.17117326 0.299945682 1.50559175
v 0.107612491 0.266482174 1.37633419
v 0.124444023 0.266069621 1.32825518
v 0.144580513 0.261943817 1.43978167
v 0.169200614 0.282783359 1.44003081
v 0.167990372 0.300171793 1.4402386
v 0.164462969 0.28847903 1.37598848
v 0.163943991 0.272881627 1.37584269
v 0.161065117 0.271537811 1.34163511
v 0.125817195 0.251744807 1.33403468
v 0.139539078 0.24321644 1.30600655
v 0.146220773 0.256957233 1.37569392
v 0.160910279 0.258868873 1.34580684
v 0.157637984 0.249849543 1.31332302
v 0.146574304 0.247053862 1.34397388
v 0.158457384 0.244158134 1.32023287
v 0.163526013 0.215325713 1.29685009
v 0.147693396 0.237653404 1.32180262
v 0.138528869 0.236974746 1.31009507
v 0.134222701 0.158154458 1.69146252
v 0.129967779 0.165007547 1.75434136
v 0.106873184 0.140729517 1.75139034
v 0.152764395 0.171550408 1.69851959
v 0.137369871 0.162144884 1.75134575
v 0.151242286 0.165349677 1.64229584
v 0.167399019 0.171428606 1.69946361
v 0.170274958 0.177319959 1.64429307
v 0.182544738 0.176391065 1.64644969
v 0.156150952 0.171921745 1.60844171
v 0.180734366 0.17863737 1.6073494
v 0.171649531 0.181592047 1.6065954
v 0.158427909 0.175115481 1.57801175
v 0.172735855 0.173653051 1.57365108
v 0.167907402 0.179250643 1.57252288
v 0.158953056 0.167046979 1.55319011
v 0.165029958 0.16306223 1.55189157
v 0.162106127 0.167223886 1.55033672
v 0.156904832 0.153506964 1.53965974
v 0.129967779 0.165007547 1.75434136
v 0.137369871 0.162144884 1.75134575
v 0.15908061 0.178115845 1.71020997
v 0.113684766 0.205034003 1.75697386
v 0.14407818 0.225680783 1.69869506
v 0.127670854 0.210066751 1.76020098
v 0.176016062 0.184158325 1.66428399
v 0.152787298 0.230810642 1.70142603
v 0.168258056 0.221348435 1.64927256
v 0.190369412 0.184272289 1.61963558
v 0.175269902 0.22847873 1.64885461
v 0.187996939 0.210980147 1.60522687
v 0.192262605 0.219873518 1.60487413
v 0.201452211 0.187646389 1.58349252
v 0.200855002 0.217134908 1.57567048
v 0.197740138 0.206596777 1.57538927
v 0.212738097 0.196970865 1.55764067
v 0.207149237 0.209719241 1.55436063
v 0.209325135 0.220089361 1.55539775
v 0.227959916 0.212077707 1.53830183
v 0.223303959 0.218507841 1.53692567
v 0.223849833 0.224657938 1.53835511
v 0.245893702 0.229796618 1.52280653
v 0.134128153 0.152335525 1.82447398
v 0.127160162 0.154968619 1.82238233
v 0.113590345 0.114903457 1.8759799
v 0.161445975 0.192360952 1.77835405
v 0.165451482 0.191687182 1.78051615
v 0.186849147 0.214720249 1.74505365
v 0.182872057 0.216165945 1.74325359
v 0.196236432 0.225152925 1.72048855
v 0.199978426 0.224042222 1.72138596
v 0.206016287 0.229982331 1.69756532
v 0.208858788 0.229572117 1.69881821
v 0.215125352 0.233486131 1.68294489
v 0.213512689 0.233365133 1.68141937
v 0.219772905 0.236957982 1.67380154
v 0.212279528 0.235473186 1.68155015
v 0.204776213 0.233415008 1.69768465
v 0.1951098 0.229954258 1.72112
v 0.182260245 0.221721858 1.7438072
v 0.161221027 0.199320659 1.77836394
v 0.126058981 0.15895924 1.82558131
v 0.127160162 0.154968619 1.82238233
v 0.1043173 0.119547434 1.87704802
v 0.0455583706 0.208426014 1.84531093
v -0.0132454 0.266737163 1.7951442
v -0.0135493297 0.209022209 1.8483789
v 0.0552412979 0.25903064 1.79082179
v 0.059425056 0.307606429 1.74424851
v -0.0122939395 0.314830631 1.74789941
v 0.0596106909 0.348003149 1.69642198
v -0.0149727995 0.356963277 1.69802773
v 0.0570844635 0.383694142 1.63656414
v -0.0225826278 0.392175436 1.63719964
v 0.0519065186 0.410129309 1.57330096
v -0.0314035378 0.410395652 1.57331467
v 0.0397361591 0.424547374 1.49869561
v -0.0387202576 0.418455988 1.49908495
v 0.0265911762 0.420930475 1.4348681
v -0.0401026495 0.416833252 1.42825711
v 0.0176872294 0.414430112 1.38403285
v -0.0365465395 0.410917282 1.37910652
v 0.0136700105 0.411006242 1.33439434
v -0.0125629902 0.404808462 1.32418764
v -0.022648219 0.408179611 1.32169127
v 0.020694999 0.414871961 1.2865895
v 0.00177343993 0.414455324 1.27389562
v 0.0137156686 0.411676735 1.26705909
v 0.0326626971 0.430428803 1.24798334
v 0.0563068092 0.0328297839 1.99139726
v 0.0265456196 0.0396554321 1.95328271
v 0.0221772101 0.039809797 1.99248421
v 0.0642459393 0.0407717451 1.95546639
v 0.0615513064 0.0541458689 1.91520166
v 0.0301081296 0.0416873507 1.91334379
v 0.0741696209 0.0555851534 1.90623224
v 0.0350293182 0.0603697151 1.85953045
v 0.0662614182 0.0685851201 1.86156535
v 0.0755522773 0.079920277 1.8575052
v 0.0355795696 0.0916603655 1.80402315
v 0.0646831319 0.0957101882 1.80494857
v 0.0789041892 0.11035344 1.80792236
v 0.0563058183 0.125042379 1.7468915
v 0.0705063194 0.14061214 1.75332987
v 0.0247910991 0.123896509 1.74703944
v 0.0656290054 0.17015852 1.69536126
v 0.0424540602 0.154902309 1.68930936
v 0.0103097297 0.15551497 1.68956935
v 0.0646752119 0.190165266 1.65412104
v 0.0346063189 0.176288962 1.64794159
v 0.00262333965 0.174316078 1.64781213
v 0.0290956404 0.196732283 1.6117003
v 0.0645752475 0.219387829 1.6146841
v -0.00285299006 0.195970967 1.61194956
v 0.0279104896 0.226184905 1.56308651
v -0.00449171988 0.22552219 1.56325638
v 0.0660605952 0.246591493 1.56291032
v 0.00105531991 0.259557903 1.50630426
v 0.0360903181 0.25961113 1.50647855
v 0.0149379391 0.291180015 1.44013107
v 0.0733526722 0.275311202 1.50793135
v 0.0556344539 0.287953496 1.44005919
v 0.0377616696 0.307430893 1.37616563
v 0.0963022485 0.302824974 1.44095683
v 0.0832967162 0.320549726 1.50522792
v 0.10657867 0.33736816 1.44068313
v 0.0692486614 0.303225935 1.3761003
v 0.0623390377 0.302775294 1.30217052
v 0.103958093 0.310376823 1.37616694
v 0.118900076 0.334229052 1.37641597
v 0.122847401 0.320956558 1.31696284
v 0.105935372 0.304088533 1.31988645
v 0.127426416 0.303113192 1.28349185
v 0.0815762505 0.300279081 1.31223142
v 0.10845267 0.290167868 1.28954995
v 0.132580772 0.283540845 1.26515353
v 0.0894550607 0.2879076 1.28501201
v 0.0772826448 0.291220725 1.27565157
v 0.0993685499 0.276688427 1.2557348
v 0.103988864 0.273660511 1.2612679
v 0.120118484 0.263322175 1.24412203
v 0.116329409 0.274735332 1.26549268
v 0.138502121 0.265640616 1.25388658
v 0.121344022 0.261063218 1.24784195
v 0.137782082 0.250572056 1.2431531
v 0.127304658 0.260999262 1.25225115
v 0.137857959 0.249666244 1.24510813
v 0.157924026 0.239057213 1.2507937
v 0.140610367 0.249466851 1.24799812
v 0.147059605 0.251617223 1.24938738
v -0.0723960698 0.00840496831 2.02807784
v -0.0872773901 0.0184135567 1.9871794
v -0.0863836482 0.00572363473 2.03647637
v -0.0768224597 0.017865954 1.98354304
v -0.0948657393 0.0282214563 1.94319153
v -0.0641807318 0.0250143353 1.9925648
v -0.0670640767 0.0125120934 2.02487612
v -0.0709057897 0.0378448293 1.94047558
v -0.0820966884 0.0236846972 1.94137812
v -0.0765413269 0.0458322987 1.90839553
v -0.0919871479 0.0349964164 1.90033078
v -0.105054766 0.0436358154 1.90423429
v -0.0929905474 0.0644234791 1.85631526
v -0.108702265 0.0590302162 1.85278165
v -0.123884268 0.0716997162 1.85936904
v -0.118951365 0.0922293738 1.8022691
v -0.12796174 0.0898609236 1.79849315
v -0.145715937 0.100847289 1.80705285
v -0.151805684 0.1393933 1.7445904
v -0.158926651 0.128067255 1.73420179
v -0.177253917 0.132160395 1.73788905
v -0.181940511 0.151700646 1.68736839
v -0.195273668 0.154412374 1.69282269
v -0.181776285 0.17568548 1.69232476
v -0.161309987 0.160862863 1.74872041
v -0.186333388 0.180232465 1.70295787
v -0.191022009 0.185170934 1.69278514
v -0.196717873 0.170937777 1.65837693
v -0.211059719 0.175109521 1.65759182
v -0.207158163 0.199795589 1.59978878
v -0.222027779 0.202430055 1.60013223
v -0.219738647 0.226154476 1.5236975
v -0.190787405 0.190721244 1.65604961
v -0.199221686 0.199352637 1.65628779
v -0.197564498 0.212706104 1.60258389
v -0.202115089 0.219019234 1.60300243
v -0.19833459 0.238297969 1.53111339
v -0.19559589 0.234208271 1.52628624
v -0.207802713 0.243337154 1.46193206
v -0.208739102 0.224404484 1.51813424
v -0.226348624 0.233518288 1.46065092
v -0.207440197 0.238506943 1.45611751
v -0.229043037 0.244051397 1.42031765
v -0.22028783 0.230364203 1.4532032
v -0.238180667 0.239226341 1.42399132
v -0.22993955 0.24025102 1.41684914
v -0.243276492 0.247516289 1.4033134
v -0.236546323 0.23626785 1.41894114
v -0.00861536805 0.00710009132 2.17245817
v 0.000631769886 0.0081986757 2.1631465
v 0.00111693004 0.00313009252 2.1660912
v -0.0100488598 0.0111361016 2.16902256
v 0.00110968994 0.0114993639 2.16291308
v -0.0230252501 0.012745684 2.17130709
v -0.00921967998 0.0149111506 2.17020059
v -0.0087158503 0.0173072107 2.17061496
v -0.0217704885 0.0163965989 2.16538882
v -0.0445137247 0.0215259138 2.16382742
v -0.02204898 0.0191486888 2.16944337
v -0.0209888294 0.0245617721 2.17039585
v -0.0421936885 0.0272049252 2.16108418
v -0.0616603903 0.029347565 2.15075326
v -0.0426060185 0.0312422533 2.16492343
v -0.0391809195 0.0374846347 2.16495514
v -0.0580134094 0.0359723531 2.14887834
v -0.0775213763 0.0368617438 2.13025069
v -0.0598498471 0.0429015383 2.15282869
v -0.0560219847 0.0530601963 2.15179968
v -0.0725380853 0.0443383344 2.13046479
v -0.0736649483 0.0531385615 2.13455749
v -0.0675484911 0.0638989657 2.13346434
v -0.0814307854 0.0498809181 2.10845828
v -0.0866261497 0.0414774083 2.10785604
v -0.0820560232 0.0602742136 2.10959196
v -0.0760200694 0.0734849274 2.10978603
v -0.0869357735 0.0545519292 2.07844329
v -0.0918933973 0.0456927717 2.07711434
v -0.0875688046 0.0663409904 2.07996416
v -0.0804925784 0.080423221 2.08204865
v -0.0904168561 0.0600934215 2.045084
v -0.0952207446 0.0504661351 2.04396391
v -0.0954983979 0.0569601059 1.99820781
v -0.0909006372 0.0726768598 2.04662704
v -0.0814710632 0.0867964849 2.04824185
v -0.0923451781 0.0678293779 1.99966621
v -0.0921384692 0.080688186 2.00112343
v -0.0759428516 0.0920872018 2.000911
v -0.0926907808 0.0770021155 1.95990372
v -0.0967562199 0.0658577532 1.95576334
v -0.0921332613 0.0893539041 1.96278679
v -0.0733189955 0.100655213 1.96288478
v -0.09501113 0.0925113261 1.9204551
v -0.101289012 0.0828474909 1.91508448
v -0.0927193612 0.104715623 1.92370939
v -0.0700365826 0.117470957 1.9215101
v -0.102479227 0.122728832 1.87618661
v -0.111873217 0.113089539 1.87097895
v -0.128437862 0.150832146 1.82283998
v -0.0966182128 0.136072382 1.88169706
v -0.0699329302 0.146074191 1.87816834
v -0.117601164 0.166834444 1.83076859
v -0.106115557 0.178265765 1.83678377
v -0.0766444206 0.185036376 1.83693171
v -0.0911319628 0.228426069 1.77889645
v -0.135885328 0.231912911 1.77613199
v -0.128483802 0.261971176 1.72325408
v -0.152121469 0.220852733 1.77090836
v -0.162539378 0.266596466 1.72521996
v -0.145385608 0.281782359 1.68166375
v -0.16596885 0.211138889 1.76632059
v -0.163061067 0.194222391 1.75786114
v -0.174588621 0.285642684 1.68289256
v -0.160598606 0.299031913 1.62842143
v -0.17833896 0.253722161 1.72038269
v -0.191348851 0.224874586 1.7086004
v -0.189723834 0.219521403 1.70574367
v -0.192381203 0.245747492 1.71736312
v -0.203719288 0.241686091 1.67248118
v -0.201722965 0.23868759 1.66224289
v -0.188481748 0.271643668 1.67973709
v -0.18326208 0.30306223 1.62903154
v -0.16742368 0.308195591 1.57089841
v -0.201969102 0.264286786 1.67805672
v -0.213485241 0.263696164 1.62468183
v -0.208847195 0.249768272 1.62297714
v -0.211761534 0.262401998 1.5699743
v -0.196231663 0.289978504 1.62796628
v -0.219229445 0.281990856 1.57043695
v -0.215234831 0.279110253 1.51103067
v -0.209542155 0.284250766 1.62746942
v -0.217803404 0.296200961 1.51068664
v -0.212964356 0.295054346 1.44675827
v -0.211468175 0.299376756 1.57081997
v -0.198959917 0.303264797 1.57088816
v -0.212458476 0.309040576 1.44745851
v -0.211376563 0.306236684 1.40331495
v -0.209119588 0.307915747 1.51045072
v -0.185462341 0.31330654 1.57103622
v -0.20867826 0.314438671 1.40259111
v -0.213783428 0.313744724 1.37282586
v -0.202779099 0.311458677 1.44562984
v -0.199533224 0.30970183 1.51041472
v -0.18588379 0.313564777 1.51033688
v -0.166896269 0.304493994 1.5105195
v -0.184193909 0.30682978 1.44207227
v -0.166720957 0.290853083 1.43778992
v -0.211696714 0.319335878 1.37219393
v -0.217053488 0.321326047 1.34552026
v -0.198607951 0.315419376 1.40041804
v -0.185770512 0.310641468 1.39541316
v -0.174676508 0.293765247 1.39005303
v -0.188383505 0.306272894 1.36102307
v -0.216615021 0.324383527 1.34533358
v -0.221694484 0.328191251 1.32798934
v -0.202081367 0.319677413 1.36942899
v -0.192977503 0.316794723 1.3650676
v -0.207293868 0.320175171 1.33839381
v -0.209809721 0.324672192 1.34094536
v -0.0087158503 0.0173072107 2.17061496
v 0.00159978995 0.0196452271 2.1675632
v 0.00110968994 0.0114993639 2.16291308
v -0.00362572004 0.0220022295 2.17145324
v 0.00156115973 0.0270730928 2.16826844
v -0.0174461585 0.0284440983 2.17165613
v -0.0209888294 0.0245617721 2.17039585
v -0.0391809195 0.0374846347 2.16495514
v -0.0117523083 0.0399045497 2.16907191
v 4.01698962E-05 0.0427623875 2.16388464
v -0.0229348391 0.0636190102 2.15922546
v -0.0353279971 0.0456438959 2.16592789
v -0.0560219847 0.0530601963 2.15179968
v -0.0271678399 0.0562313832 2.16268635
v -0.049965471 0.0597830042 2.15434957
v -0.03907796 0.0695087016 2.15225983
v -0.0317391716 0.0757042393 2.14769149
v -0.0619634464 0.0729761645 2.1353519
v -0.0675484911 0.0638989657 2.13346434
v -0.0760200694 0.0734849274 2.10978603
v -0.0490276702 0.0828475207 2.13358021
v -0.0397259183 0.0870249048 2.13101983
v -0.0702129379 0.0831150413 2.11113191
v -0.0804925784 0.080423221 2.08204865
v -0.0558198504 0.0937997773 2.11009741
v -0.0457960181 0.0971695706 2.10791683
v -0.0742921308 0.0900930092 2.08352613
v -0.0814710632 0.0867964849 2.04824185
v -0.0593156368 0.100985326 2.08546376
v -0.0491303951 0.104024015 2.08526492
v -0.0749229044 0.0966581404 2.04937029
v -0.0588032082 0.108347461 2.05109549
v -0.0515218005 0.111635588 2.05109549
v -0.0538970791 0.115842476 2.00635386
v -0.0718361065 0.101940356 2.00326514
v -0.0759428516 0.0920872018 2.000911
v -0.0733189955 0.100655213 1.96288478
v -0.0673424378 0.11280255 1.9640547
v -0.0580342822 0.120432243 1.96303356
v -0.0700365826 0.117470957 1.9215101
v -0.0636205673 0.124428488 1.92455184
v -0.0521191396 0.132250145 1.92641294
v -0.0699329302 0.146074191 1.87816834
v -0.059194468 0.152230591 1.88222241
v -0.0766444206 0.185036376 1.83693171
v 0.064616248 0.369975358 1.14185798
v 0.0785844177 0.367658496 1.15169275
v 0.0907605886 0.363870263 1.12999046
v 0.0660256371 0.368786305 1.18314016
v 0.0316170603 0.380167186 1.17076433
v 0.0612148903 0.373677731 1.23554587
v 0.00940650981 0.390629679 1.23925912
v 0.078346543 0.380111337 1.31108582
v 0.0127065796 0.403015465 1.32318377
v 0.0931727961 0.383643836 1.36520386
v 0.0154944798 0.406765997 1.37969148
v 0.0187900383 0.408195227 1.43281794
v 0.109133698 0.385063767 1.42281246
v 0.0203949586 0.401718467 1.49105585
v 0.11683365 0.378575891 1.48795819
v 0.0182465389 0.381703258 1.56390619
v 0.117253549 0.365200847 1.56359398
v 0.108646981 0.342109591 1.61927545
v 0.0101509597 0.35623455 1.6187309
v 0.0934919417 0.311462253 1.67526317
v -0.000134539892 0.320756763 1.67696762
v 0.0777151659 0.278877079 1.73100579
v -0.00522278948 0.285936475 1.72779596
v -0.000134539892 0.320756763 1.67696762
v 0.0134941489 0.301030815 1.73879647
v -0.00522278948 0.285936475 1.72779596
v 0.02074847 0.336491019 1.6875248
v 0.0642677546 0.292248994 1.73842692
v 0.0101509597 0.35623455 1.6187309
v 0.078566581 0.325849652 1.68397856
v 0.0777151659 0.278877079 1.73100579
v 0.0934919417 0.311462253 1.67526317
v 0.0302468576 0.374373436 1.62243462
v 0.0182465389 0.381703258 1.56390619
v 0.0937202647 0.358295023 1.62504578
v 0.108646981 0.342109591 1.61927545
v 0.0367317349 0.395917356 1.56765413
v 0.0203949586 0.401718467 1.49105585
v 0.102221534 0.381527662 1.56712186
v 0.117253549 0.365200847 1.56359398
v 0.11683365 0.378575891 1.48795819
v 0.100999638 0.398837239 1.49072123
v 0.109133698 0.385063767 1.42281246
v 0.0377666876 0.413130879 1.49315035
v 0.0187900383 0.408195227 1.43281794
v 0.0927704424 0.405532211 1.424685
v 0.0931727961 0.383643836 1.36520386
v 0.0341069363 0.417604357 1.43130243
v 0.077885896 0.402117223 1.36854017
v 0.0276563186 0.41223824 1.37858856
v 0.0154944798 0.406765997 1.37969148
v 0.0220151395 0.406033695 1.32284772
v 0.0127065796 0.403015465 1.32318377
v 0.0640249997 0.398481488 1.3145473
v 0.078346543 0.380111337 1.31108582
v 0.0185231194 0.394422442 1.23878431
v 0.00940650981 0.390629679 1.23925912
v 0.0316170603 0.380167186 1.17076433
v 0.0499317124 0.389487565 1.23547304
v 0.0612148903 0.373677731 1.23554587
v 0.0372711904 0.382220715 1.17220676
v 0.064616248 0.369975358 1.14185798
v 0.0571390279 0.378037989 1.1793679
v 0.0660256371 0.368786305 1.18314016
v 0.0680135787 0.371363163 1.14563954
v 0.0907605886 0.363870263 1.12999046
v 0.0743359849 0.370400697 1.14979184
v 0.0785844177 0.367658496 1.15169275
v -0.150280952 0.223053336 1.70662153
v -0.122990273 0.211867079 1.76889336
v -0.129647955 0.195710137 1.76074874
v -0.1455677 0.245899424 1.71504724
v -0.161919817 0.241500944 1.66444361
v -0.125578031 0.267772406 1.72311461
v -0.10515701 0.22466509 1.77534485
v -0.157916367 0.266571492 1.67193723
v -0.172198042 0.26206398 1.62003946
v -0.168253481 0.288853735 1.62583756
v -0.179415017 0.288376808 1.56769884
v -0.096588403 0.271379679 1.72444499
v -0.0801778287 0.228525713 1.77729094
v -0.136426792 0.294227004 1.6802032
v -0.174623713 0.314483821 1.57061076
v -0.179892734 0.311396241 1.50530398
v -0.080851458 0.255802155 1.71869981
v -0.0683347806 0.219166651 1.77257288
v -0.0884593576 0.280794114 1.67618835
v -0.105991848 0.297068059 1.68105257
v -0.0954211801 0.308081776 1.62999904
v -0.115306273 0.323924631 1.63342774
v -0.100247905 0.341126978 1.57358241
v -0.146535322 0.320642233 1.63271725
v -0.124055497 0.35313496 1.57492185
v -0.0995861441 0.360123813 1.50729275
v -0.154855743 0.346056849 1.5741322
v -0.173254177 0.334497154 1.50624681
v -0.168543756 0.318708003 1.43980134
v -0.155150503 0.359458357 1.50726557
v -0.160397455 0.342056006 1.43980134
v -0.151169837 0.316791207 1.37963986
v -0.124728113 0.368313015 1.50762713
v -0.144153863 0.337919623 1.37987053
v -0.138446346 0.312242091 1.32794845
v -0.144489124 0.362642676 1.43980134
v -0.116593033 0.371735215 1.43980134
v -0.0977810621 0.367164105 1.43980134
v -0.131554067 0.356851757 1.380077
v -0.107888013 0.369542569 1.38021541
v -0.0916052982 0.367047191 1.38018847
v -0.131407112 0.329078853 1.32652462
v -0.13123408 0.305866927 1.28491867
v -0.120346457 0.345230848 1.32515895
v -0.0991014019 0.357333034 1.32413554
v -0.0861181989 0.357518464 1.32411981
v -0.124586754 0.31840685 1.28115463
v -0.128958419 0.297533423 1.24975061
v -0.116121374 0.329895854 1.2772069
v -0.0990802199 0.335082501 1.27264595
v -0.0886150897 0.335350901 1.27039576
v -0.0991581604 0.315950394 1.23674059
v -0.116887853 0.314099014 1.24280238
v -0.105998322 0.316811234 1.23878884
v -0.116447106 0.292547554 1.20392573
v -0.119868971 0.293180078 1.20529258
v -0.135069028 0.27400437 1.18635881
v -0.123735376 0.30581522 1.24653888
v -0.12472178 0.292013794 1.207564
v -0.128208071 0.288239211 1.20966947
v -0.131201699 0.28455314 1.2115494
v 0.10102389 0.402242392 1.38604844
v 0.0814339817 0.408839911 1.4001826
v 0.0934810787 0.405309975 1.40899324
v 0.089274101 0.408812374 1.43674982
v 0.0598887578 0.417175055 1.42389703
v 0.0510993414 0.420645893 1.46031427
v 0.0903258771 0.410909265 1.46483564
v 0.048657231 0.419563293 1.49802446
v 0.0990765467 0.406672806 1.49841869
v 0.0472480655 0.41510421 1.54099119
v 0.107532345 0.399783164 1.52925539
v 0.04551927 0.40637809 1.57172084
v 0.115774952 0.382883608 1.57224727
v 0.0398001596 0.379232854 1.63197875
v 0.117615372 0.355333477 1.62748897
v 0.10773997 0.320970237 1.68039286
v 0.0265094079 0.337272555 1.68730497
v 0.088492915 0.279496998 1.73308015
v 0.010532219 0.289747238 1.73503387
v 0.0704720318 0.241257697 1.78013408
v -0.00128527987 0.247394562 1.77732217
v 0.053368248 0.193846419 1.83879197
v -0.0107351504 0.194726557 1.83240855
v 0.0267781559 0.211413071 1.8448962
v 0.0704720318 0.241257697 1.78013408
v 0.053368248 0.193846419 1.83879197
v 0.0437470712 0.258783251 1.78728557
v 0.0606716573 0.298344046 1.74100387
v 0.088492915 0.279496998 1.73308015
v 0.0145346401 0.261786878 1.78757775
v 0.00206596986 0.214181513 1.84488034
v -0.00128527987 0.247394562 1.77732217
v -0.0107351504 0.194726557 1.83240855
v 0.010532219 0.289747238 1.73503387
v 0.0263826456 0.303228676 1.74292111
v 0.0265094079 0.337272555 1.68730497
v 0.0408285744 0.348581314 1.69331574
v 0.0398001596 0.379232854 1.63197875
v 0.0807580352 0.340306431 1.68925881
v 0.10773997 0.320970237 1.68039286
v 0.0528227612 0.387774795 1.63583922
v 0.04551927 0.40637809 1.57172084
v 0.102873988 0.374881178 1.63315547
v 0.117615372 0.355333477 1.62748897
v 0.115774952 0.382883608 1.57224727
v 0.100835934 0.4022066 1.57459366
v 0.107532345 0.399783164 1.52925539
v 0.0570752993 0.413760751 1.57355499
v 0.0472480655 0.41510421 1.54099119
v 0.0937298164 0.4150635 1.5323205
v 0.0990765467 0.406672806 1.49841869
v 0.0579785667 0.422520757 1.53992307
v 0.048657231 0.419563293 1.49802446
v 0.0582376458 0.426887095 1.4977833
v 0.0510993414 0.420645893 1.46031427
v 0.086946398 0.419972748 1.49623322
v 0.0903258771 0.410909265 1.46483564
v 0.0814985037 0.421842068 1.46068799
v 0.089274101 0.408812374 1.43674982
v 0.0596946366 0.427035451 1.46041882
v 0.0598887578 0.417175055 1.42389703
v 0.0675147027 0.42055583 1.42506075
v 0.0814339817 0.408839911 1.4001826
v 0.0837069526 0.417829841 1.42908859
v 0.0934810787 0.405309975 1.40899324
v 0.0850330889 0.411936074 1.40143001
v 0.10102389 0.402242392 1.38604844
v 0.0907661989 0.410456002 1.40426111
v 0.00777598005 0.281769842 1.72764444
v 0.0381887704 0.296560377 1.67626369
v 0.0335356072 0.259732097 1.71881938
v 0.0116672488 0.318447232 1.68539119
v 0.0530552007 0.329486966 1.62973809
v -0.00881078001 0.312941164 1.68702114
v -0.0117150387 0.277636826 1.72621119
v -0.000775769993 0.354855657 1.63105035
v 0.0235502068 0.357154697 1.6312387
v 0.0136345085 0.379691958 1.57025492
v 0.0431814417 0.381766349 1.57040751
v 0.0781154037 0.355339646 1.56952071
v 0.0226094201 0.384451479 1.49924266
v 0.0575152002 0.386440039 1.49931026
v 0.101030089 0.362816721 1.50018084
v 0.0979071781 0.368388653 1.43933225
v 0.0523404293 0.386209518 1.43818784
v 0.0211818293 0.381367683 1.43835902
v 0.0819495171 0.370041758 1.3774327
v 0.0785457045 0.35936749 1.37794435
v 0.0737495869 0.357971519 1.32090163
v 0.0758796483 0.347231984 1.32237566
v 0.0766030774 0.334414631 1.27210832
v 0.0454416797 0.382472724 1.37700069
v 0.0213519 0.375495672 1.37717116
v 0.0442355201 0.372176617 1.31920075
v 0.0251343604 0.366296262 1.31975889
v 0.0388310961 0.352795482 1.26379335
v 0.0538640209 0.355807632 1.26297843
v 0.0739940926 0.344066471 1.26774192
v 0.0721013248 0.338329107 1.21777701
v 0.066978842 0.332761943 1.21035922
v 0.0943787545 0.320810586 1.19615805
v 0.0819009393 0.333126873 1.226964
v 0.0853171647 0.324570835 1.2244252
v -0.00167510984 -0.072549291 2.14468694
v 0.00426561991 -0.0830819681 2.14554048
v -0.0026706201 -0.0792468041 2.13976932
v 0.00541055016 -0.0744872838 2.1512773
v -0.000274789898 -0.0674321949 2.14628196
v 0.00595371006 -0.0679927021 2.15266776
v 0.0129463803 -0.0863401368 2.14753985
v 0.01392675 -0.0679761693 2.15528202
v 0.0142407389 -0.0758482516 2.15409613
v 0.0311364885 -0.0869837925 2.14618063
v 0.0330463797 -0.0762795433 2.15407777
v 0.0357633717 -0.0671919361 2.15410113
v 0.0507926792 -0.082672745 2.13703537
v 0.0527667999 -0.0732558072 2.14543772
v 0.0548113659 -0.062364243 2.14591098
v 0.0705065057 -0.0679474398 2.13066101
v 0.0671033189 -0.0770198181 2.12415481
v 0.0705921948 -0.058332108 2.1335144
v 0.081701681 -0.0610008612 2.11330676
v 0.0776752234 -0.0697077289 2.10734129
v 0.0801425427 -0.0501413159 2.11505699
v 0.0885254741 -0.0525668412 2.09269118
v 0.0845943987 -0.0610944778 2.08784795
v 0.0862278193 -0.0427939743 2.09508777
v 0.0925225541 -0.0411384292 2.06657195
v 0.0892730057 -0.0489881262 2.06229067
v 0.090482071 -0.0326155238 2.06713581
v 0.0937627107 -0.0330493227 2.04396605
v 0.089406915 -0.0269571971 2.04656029
v 0.090330407 -0.0387913287 2.0403645
v 0.0889861211 -0.021712875 2.03030825
v 0.092881687 -0.0266975928 2.02769518
v 0.0903184414 -0.0314212665 2.0244925
v 0.0873671696 -0.0178015884 2.01507735
v 0.0905978456 -0.0213436317 2.01249576
v 0.0886551961 -0.0250347462 2.00997162
v 0.0839240029 -0.014962526 2.00039744
v 0.08764714 -0.0171334948 1.99853408
v 0.0863647088 -0.0202549007 1.99670815
v 0.0829009265 -0.0130141843 1.98595929
v -0.00426561991 -0.0830819681 2.14554048
v 0.00167510984 -0.072549291 2.14468694
v 0.0026706201 -0.0792468041 2.13976932
v -0.00541055016 -0.0744872838 2.1512773
v 0.000274789898 -0.0674321949 2.14628196
v -0.00595371006 -0.0679927021 2.15266776
v -0.0129463803 -0.0863401368 2.14753985
v -0.01392675 -0.0679761693 2.15528202
v -0.0142407389 -0.0758482516 2.15409613
v -0.0311364885 -0.0869837925 2.14618063
v -0.0330463797 -0.0762795433 2.15407777
v -0.0357633717 -0.0671919361 2.15410113
v -0.0507926792 -0.082672745 2.13703537
v -0.0527667999 -0.0732558072 2.14543772
v -0.0548113659 -0.062364243 2.14591098
v -0.0705065057 -0.0679474398 2.13066101
v -0.0671033189 -0.0770198181 2.12415481
v -0.0705921948 -0.058332108 2.1335144
v -0.081701681 -0.0610008612 2.11330676
v -0.0776752234 -0.0697077289 2.10734129
v -0.0801425427 -0.0501413159 2.11505699
v -0.0885254741 -0.0525668412 2.09269118
v -0.0845943987 -0.0610944778 2.08784795
v -0.0862278193 -0.0427939743 2.09508777
v -0.0925225541 -0.0411384292 2.06657195
v -0.0892730057 -0.0489881262 2.06229067
v -0.090482071 -0.0326155238 2.06713581
v -0.0937627107 -0.0330493227 2.04396605
v -0.089406915 -0.0269571971 2.04656029
v -0.090330407 -0.0387913287 2.0403645
v -0.0889861211 -0.021712875 2.03030825
v -0.092881687 -0.0266975928 2.02769518
v -0.0903184414 -0.0314212665 2.0244925
v -0.0873671696 -0.0178015884 2.01507735
v -0.0905978456 -0.0213436317 2.01249576
v -0.0886551961 -0.0250347462 2.00997162
v -0.0839240029 -0.014962526 2.00039744
v -0.08764714 -0.0171334948 1.99853408
v -0.0863647088 -0.0202549007 1.99670815
v -0.0829009265 -0.0130141843 1.98595929
v 0.0683196113 0.00105507439 2.00216079
v 0.069317542 0.0214816853 1.9860338
v 0.0629586875 0.0222971197 1.98819101
v 0.0747186244 -0.000155070156 2.00005054
v 0.0724273548 -0.0229564048 2.03104281
v 0.0737103 0.0253383424 1.99257898
v 0.0780756623 -0.0229147263 2.03008842
v 0.0766358674 0.00404286431 2.00690007
v 0.0791983455 0.0282788314 2.00254345
v 0.0802758783 -0.0159118678 2.03208876
v 0.0863170922 -0.0265618172 2.04683971
v 0.0871599838 -0.0288417377 2.06753087
v 0.0824017301 0.00989622436 2.01639152
v 0.0766050965 0.0316341706 2.01180744
v 0.0805002749 0.0158051737 2.02296591
v 0.0848636031 0.00730195921 2.03404617
v 0.0874484926 -0.0036837121 2.03461361
v 0.0874697194 -0.0151746124 2.06960607
v 0.0891263857 -0.021841934 2.06865954
v 0.0850769207 -0.031113524 2.09473085
v 0.0053588599 -0.114351645 2.08935142
v 0.00484533003 -0.10759367 2.08820081
v 6.60000012E-07 -0.111015841 2.08611393
v 0.00847154856 -0.109399877 2.08996892
v 0.00645937026 -0.0975690261 2.09658265
v 0.0100713689 -0.0991049558 2.10047626
v 0.01384502 -0.117377721 2.09159851
v 0.01516922 -0.111206092 2.09173679
v 0.0167548303 -0.100640848 2.10437012
v 0.0264448989 -0.112621315 2.09306264
v 0.025228316 -0.121975295 2.09334207
v 0.0282385796 -0.10026902 2.10586166
v 0.0369908735 -0.122407623 2.08931637
v 0.0380536169 -0.111506641 2.09124374
v 0.0407948717 -0.0977778882 2.10352421
v 0.0467280187 -0.119594656 2.08279037
v 0.0464659221 -0.109975539 2.08668971
v 0.0496079922 -0.094785735 2.09837699
v 0.0519010015 -0.115524717 2.07365894
v 0.0535474382 -0.104815669 2.07927155
v 0.0572929196 -0.089753367 2.0857718
v 0.0578000955 -0.109662481 2.0590837
v 0.0597046837 -0.0892730579 2.06193519
v 0.0632834062 -0.0794023871 2.06553316
v 0.0622794479 -0.102396026 2.03814173
v 0.0607453808 -0.0815045983 2.04587913
v 0.0677687973 -0.0761718899 2.04886127
v 0.0710491687 -0.073383674 2.02206445
v 0.0634671673 -0.0783048645 2.01948476
v 0.063049674 -0.0958176479 2.01676559
v 0.0702636242 -0.0713010132 1.99363399
v 0.0620360896 -0.0880860016 1.99260771
v 0.064222008 -0.0751429796 1.99359238
v 0.0676537603 -0.0729361176 1.96588254
v 0.0618792139 -0.0837877616 1.9678663
v 0.0641165301 -0.0752552971 1.96579218
v 0.0639290959 -0.0759933293 1.946275
v 0.0602958575 -0.0827029049 1.94918191
v 0.06167816 -0.0776582435 1.94682038
v 0.0584110431 -0.082512483 1.92927897
v -0.000364579988 -0.110170513 2.09285712
v 0.0053588599 -0.114351645 2.08935142
v 6.60000012E-07 -0.111015841 2.08611393
v 0.00352902967 -0.115136504 2.09578466
v 0.01384502 -0.117377721 2.09159851
v 0.00267361989 -0.112969294 2.10156512
v -0.00240544975 -0.107622869 2.0949533
v -0.000215919979 -0.105431288 2.10447669
v 0.0051916996 -0.108791634 2.1122911
v 0.0129881594 -0.120015837 2.09887934
v 0.025228316 -0.121975295 2.09334207
v 0.013318208 -0.118229099 2.10834479
v 0.0136707695 -0.112151973 2.1201055
v 0.0274570789 -0.123647429 2.10221791
v 0.0369908735 -0.122407623 2.08931637
v 0.0292254388 -0.119992986 2.1118958
v 0.0297208373 -0.111382671 2.12252092
v 0.0412968993 -0.122321926 2.09928489
v 0.0448264219 -0.116860665 2.1096139
v 0.0475097448 -0.106968351 2.11767936
v 0.0568954162 -0.111838408 2.10113883
v 0.0600833111 -0.102182195 2.10774732
v 0.0695104599 -0.0956499875 2.09157491
v 0.0523745231 -0.118013076 2.09132314
v 0.0467280187 -0.119594656 2.08279037
v 0.0662045628 -0.105427109 2.08465362
v 0.073134467 -0.090540491 2.07345152
v 0.0592586808 -0.112882651 2.07825422
v 0.0519010015 -0.115524717 2.07365894
v 0.0698427409 -0.0996430889 2.06745052
v 0.0733582824 -0.0833722651 2.0489583
v 0.0637996271 -0.107414626 2.06276917
v 0.0578000955 -0.109662481 2.0590837
v 0.0713007376 -0.0928189531 2.04496098
v 0.0672467574 -0.0999171361 2.0406847
v 0.0622794479 -0.102396026 2.03814173
v 0.0735358298 -0.0789199695 2.02172637
v 0.0677687973 -0.0761718899 2.04886127
v 0.0710491687 -0.073383674 2.02206445
v 0.0668967366 -0.0935020596 2.01796961
v 0.063049674 -0.0958176479 2.01676559
v 0.070953384 -0.0870658085 2.01987243
v 0.0708555803 -0.0764146149 1.99319804
v 0.0702636242 -0.0713010132 1.99363399
v 0.065450348 -0.0866839662 1.99258447
v 0.0620360896 -0.0880860016 1.99260771
v 0.0618792139 -0.0837877616 1.9678663
v 0.0690571219 -0.0818186179 1.99283385
v 0.0678428486 -0.0767820776 1.96677744
v 0.0676537603 -0.0729361176 1.96588254
v 0.0644818544 -0.0820549279 1.96733105
v 0.0602958575 -0.0827029049 1.94918191
v 0.0623077005 -0.081446372 1.94895685
v 0.0584110431 -0.082512483 1.92927897
v 0.0641850159 -0.0785291865 1.94769418
v 0.0639290959 -0.0759933293 1.946275
v -0.000462979893 -0.0637477264 2.15038514
v 0.00491386978 -0.0912697688 2.13496423
v -0.000676519878 -0.0904589891 2.12974143
v 0.00610019965 -0.064211756 2.15416193
v -0.000674039882 -0.0530281812 2.15143394
v 0.0058165798 -0.0526675917 2.15523553
v 0.0135757085 -0.0920805037 2.14018703
v 0.0153786596 -0.0523070171 2.15903687
v 0.015734829 -0.0646757856 2.15793872
v 0.0296964757 -0.089010112 2.140764
v 0.0322430991 -0.0624582656 2.1587317
v 0.0317536853 -0.0509102717 2.1576283
v 0.0497034676 -0.0830679387 2.13661265
v 0.0524947383 -0.0589527451 2.15002084
v 0.0499413386 -0.0483614057 2.15038085
v 0.0660919696 -0.0765171126 2.12475896
v 0.0665442199 -0.044442948 2.1369493
v 0.0692293569 -0.0547174737 2.13408709
v 0.0774651542 -0.0681710914 2.10820699
v 0.0780348033 -0.0390065312 2.1177597
v 0.0800956711 -0.0501279831 2.11472797
v 0.0865821615 -0.0457946137 2.09456491
v 0.0838611573 -0.0599807911 2.0876987
v 0.0850769207 -0.031113524 2.09473085
v 0.0891706422 -0.0413682312 2.0653317
v 0.0871599838 -0.0288417377 2.06753087
v 0.0852228552 -0.0505736731 2.05840468
v 0.0863170922 -0.0265618172 2.04683971
v 0.0869214013 -0.0363610648 2.02931571
v 0.0856307223 -0.0466881394 2.0283885
v 0.0842507035 -0.0242764801 2.0306201
v 0.0780756623 -0.0229147263 2.03008842
v 0.0853462964 -0.0230377167 2.00442743
v 0.0804111436 -0.017549986 2.00576043
v 0.0794132724 -0.0169257466 1.97742295
v 0.0866970792 -0.033819858 2.00119662
v 0.0834822282 -0.0225972701 1.97681642
v 0.0766783729 -0.018524399 1.95260584
v 0.0790762678 -0.0577100255 2.02423167
v 0.0786429793 -0.0621219613 2.05600977
v 0.0858927965 -0.0511000566 2.0601666
v 0.0777567178 -0.0472725369 1.99534297
v 0.0829072073 -0.0324291959 1.97524095
v 0.0729477257 -0.0414899327 1.97172892
v 0.0796707124 -0.0237636641 1.95262802
v 0.0787427276 -0.0312585346 1.95194852
v 0.0706554651 -0.0380284674 1.94998491
v 0.0777151659 -0.0250710249 1.93332469
v 0.0752316862 -0.0200451799 1.93285823
v 0.0736828372 -0.0248288289 1.91493738
v 0.0764027908 -0.031781923 1.93308496
v 0.0691096112 -0.0369592384 1.93095469
v 0.0758743286 -0.028962845 1.91541636
v 0.0723325312 -0.0316080041 1.89793074
v 0.0745771304 -0.0339578614 1.91524911
v 0.0687602535 -0.0379298478 1.91352403
v 0.0737302899 -0.0340916477 1.89860916
v 0.0709740445 -0.0412519202 1.87471735
v 0.0730024278 -0.0369005129 1.89838374
v 0.0692264885 -0.0396006256 1.89740562
v -0.000481559953 -0.0487648584 2.15467334
v 0.0058165798 -0.0526675917 2.15523553
v -0.000674039882 -0.0530281812 2.15143394
v 0.00576263946 -0.0489714034 2.15917873
v 0.0153786596 -0.0523070171 2.15903687
v -0.000677399919 -0.0409746692 2.15528822
v 0.0150782894 -0.0491779372 2.16368413
v 0.0317536853 -0.0509102717 2.1576283
v 0.00562793016 -0.0414116904 2.16031027
v 0.00542930001 -0.0361001417 2.15853167
v -0.000571339973 -0.0354443528 2.15364742
v 0.0049304096 -0.036060214 2.15289783
v -0.00122258009 -0.0360652357 2.14893222
v 0.0141548598 -0.0360551737 2.15686393
v 0.0145013984 -0.036755912 2.16341591
v 0.0296893157 -0.0350860581 2.15667224
v 0.0150047084 -0.041848693 2.16533256
v 0.0322760604 -0.0472933762 2.16257215
v 0.0311411191 -0.0357129201 2.16317916
v 0.0513636395 -0.0439922176 2.15499115
v 0.0499413386 -0.0483614057 2.15038085
v 0.0321199782 -0.0405541509 2.16471124
v 0.0506901965 -0.0321202353 2.15498662
v 0.049520649 -0.0316240266 2.14931417
v 0.0519027896 -0.0370824859 2.15653014
v 0.0696181208 -0.0387850031 2.14197588
v 0.0665442199 -0.044442948 2.1369493
v 0.0671705902 -0.0260834806 2.14058518
v 0.064387016 -0.0261788629 2.1363585
v 0.0766647309 -0.0178877525 2.12025309
v 0.0696623698 -0.0312913656 2.14236832
v 0.08197622 -0.0310331173 2.1213994
v 0.0780348033 -0.0390065312 2.1177597
v 0.0850769207 -0.031113524 2.09473085
v 0.080775924 -0.0229603425 2.12162566
v 0.0886454582 -0.0223079491 2.09878516
v 0.0874697194 -0.0151746124 2.06960607
v 0.0862413496 -0.0140227331 2.09970951
v 0.0812681392 -0.00935004186 2.09959078
v 0.0903341845 -0.0115142567 2.07017016
v 0.0848636031 0.00730195921 2.03404617
v 0.0870542228 -0.00188776548 2.07098174
v 0.0825014487 0.00312226149 2.0701642
v 0.0827682316 0.01669937 2.03682494
v 0.079872109 0.0213222783 2.03691936
v 0.0756807029 -0.0904659852 2.07472825
v 0.073134467 -0.090540491 2.07345152
v 0.0695104599 -0.0956499875 2.09157491
v 0.077525191 -0.0842517242 2.04901767
v 0.0733582824 -0.0833722651 2.0489583
v 0.0779564232 -0.0789877474 2.02198195
v 0.0688565224 -0.0682579055 2.02176452
v 0.075702481 -0.0722720847 1.99368846
v 0.0677687973 -0.0761718899 2.04886127
v 0.0689159259 -0.0633395612 1.9953444
v 0.0720957965 -0.0681181774 1.96462142
v 0.0668613166 -0.0595241524 1.96450543
v 0.0682929531 -0.0654717162 1.93916321
v 0.0649544969 -0.0609977767 1.93932366
v 0.0631053224 -0.0623664036 1.91124237
v 0.0661798641 -0.0556934252 1.93913281
v 0.0720647424 -0.0549277253 1.93852258
v 0.0692597702 -0.0509551987 1.96703362
v 0.0798543468 -0.048598066 1.96807122
v 0.0711262524 -0.0518552437 1.99709535
v 0.0836378559 -0.0453951061 1.99764645
v 0.0708330795 -0.0540459342 2.02570724
v 0.0856307223 -0.0466881394 2.0283885
v 0.0692489147 -0.0589661822 2.05676651
v 0.0858927965 -0.0511000566 2.0601666
v 0.0632834062 -0.0794023871 2.06553316
v 0.0657816753 -0.0622513816 2.07264161
v 0.059734486 -0.0732371956 2.0942924
v 0.0572929196 -0.089753367 2.0857718
v 0.0496079922 -0.094785735 2.09837699
v 0.0496409163 -0.0782695636 2.10689759
v 0.040827807 -0.0812617093 2.11204505
v 0.0407948717 -0.0977778882 2.10352421
v 0.0282715075 -0.0837528408 2.11438251
v 0.0282385796 -0.10026902 2.10586166
v 0.01678776 -0.0841246694 2.11289072
v 0.0167548303 -0.100640848 2.10437012
v 0.0101042995 -0.0825887769 2.10899711
v 0.0100713689 -0.0991049558 2.10047626
v 0.00649229996 -0.0810528845 2.10510325
v 0.00645937026 -0.0975690261 2.09658265
v -0.000566009956 -0.103244886 2.11267257
v 0.0051916996 -0.108791634 2.1122911
v -0.000215919979 -0.105431288 2.10447669
v 0.00447753025 -0.105425775 2.12226748
v -0.000676519878 -0.0904589891 2.12974143
v 0.0136707695 -0.112151973 2.1201055
v 0.00491386978 -0.0912697688 2.13496423
v 0.0125925196 -0.107606657 2.1318624
v 0.0135757085 -0.0920805037 2.14018703
v 0.0297208373 -0.111382671 2.12252092
v 0.0298061799 -0.10579291 2.1339879
v 0.0296964757 -0.089010112 2.140764
v 0.0490702912 -0.101535529 2.12970781
v 0.0475097448 -0.106968351 2.11767936
v 0.0497034676 -0.0830679387 2.13661265
v 0.0665817708 -0.0951988399 2.11704636
v 0.0600833111 -0.102182195 2.10774732
v 0.0660919696 -0.0765171126 2.12475896
v 0.0776919723 -0.0883133411 2.10021353
v 0.0774651542 -0.0681710914 2.10820699
v 0.0695104599 -0.0956499875 2.09157491
v 0.0838611573 -0.0599807911 2.0876987
v 0.0831428617 -0.0813057795 2.0799582
v 0.0756807029 -0.0904659852 2.07472825
v 0.0856366158 -0.0728965104 2.05336761
v 0.0852228552 -0.0505736731 2.05840468
v 0.077525191 -0.0842517242 2.04901767
v 0.0856307223 -0.0466881394 2.0283885
v 0.0859598741 -0.0674305484 2.02466846
v 0.0779564232 -0.0789877474 2.02198195
v 0.0836378559 -0.0453951061 1.99764645
v 0.0835813284 -0.0636867061 1.9949038
v 0.075702481 -0.0722720847 1.99368846
v 0.0798543468 -0.048598066 1.96807122
v 0.0777052417 -0.0627717897 1.96554184
v 0.0720957965 -0.0681181774 1.96462142
v 0.0720647424 -0.0549277253 1.93852258
v 0.0716856793 -0.062270198 1.93861198
v 0.0682929531 -0.0654717162 1.93916321
v 0.0631053224 -0.0623664036 1.91124237
v 0.0658658892 -0.0435637385 2.06186414
v 0.0780756623 -0.0229147263 2.03008842
v 0.0802205279 -0.0284079239 2.06503177
v 0.0652569979 -0.0384320058 2.02693701
v 0.0786429793 -0.0621219613 2.05600977
v 0.0790762678 -0.0577100255 2.02423167
v 0.0804111436 -0.017549986 2.00576043
v 0.0777567178 -0.0472725369 1.99534297
v 0.0676081851 -0.030772673 1.99768066
v 0.0794132724 -0.0169257466 1.97742295
v 0.0729477257 -0.0414899327 1.97172892
v 0.0683090314 -0.0247907545 1.97293222
v 0.0766783729 -0.018524399 1.95260584
v 0.0706554651 -0.0380284674 1.94998491
v 0.0698658377 -0.0218608156 1.95018458
v 0.0752316862 -0.0200451799 1.93285823
v 0.0694102719 -0.0229296535 1.93095517
v 0.0691096112 -0.0369592384 1.93095469
v 0.0736828372 -0.0248288289 1.91493738
v 0.068685703 -0.0275590885 1.91355407
v 0.0687602535 -0.0379298478 1.91352403
v 0.0723325312 -0.0316080041 1.89793074
v 0.0689568296 -0.0334703885 1.89699686
v 0.0692264885 -0.0396006256 1.89740562
v 0.0709740445 -0.0412519202 1.87471735
v -0.069317542 0.0214816853 1.9860338
v -0.0683196113 0.00105507439 2.00216079
v -0.0629586875 0.0222971197 1.98819101
v -0.0747186244 -0.000155070156 2.00005054
v -0.0724273548 -0.0229564048 2.03104281
v -0.0737103 0.0253383424 1.99257898
v -0.0780756623 -0.0229147263 2.03008842
v -0.0766358674 0.00404286431 2.00690007
v -0.0791983455 0.0282788314 2.00254345
v -0.0802758783 -0.0159118678 2.03208876
v -0.0863170922 -0.0265618172 2.04683971
v -0.0871599838 -0.0288417377 2.06753087
v -0.0824017301 0.00989622436 2.01639152
v -0.0766050965 0.0316341706 2.01180744
v -0.0805002749 0.0158051737 2.02296591
v -0.0848636031 0.00730195921 2.03404617
v -0.0874484926 -0.0036837121 2.03461361
v -0.0874697194 -0.0151746124 2.06960607
v -0.0891263857 -0.021841934 2.06865954
v -0.0850769207 -0.031113524 2.09473085
v -0.00484533003 -0.10759367 2.08820081
v -0.0053588599 -0.114351645 2.08935142
v -6.60000012E-07 -0.111015841 2.08611393
v -0.00847154856 -0.109399877 2.08996892
v -0.00645937026 -0.0975690261 2.09658265
v -0.0100713689 -0.0991049558 2.10047626
v -0.01384502 -0.117377721 2.09159851
v -0.01516922 -0.111206092 2.09173679
v -0.0167548303 -0.100640848 2.10437012
v -0.0264448989 -0.112621315 2.09306264
v -0.025228316 -0.121975295 2.09334207
v -0.0282385796 -0.10026902 2.10586166
v -0.0369908735 -0.122407623 2.08931637
v -0.0380536169 -0.111506641 2.09124374
v -0.0407948717 -0.0977778882 2.10352421
v -0.0467280187 -0.119594656 2.08279037
v -0.0464659221 -0.109975539 2.08668971
v -0.0496079922 -0.094785735 2.09837699
v -0.0519010015 -0.115524717 2.07365894
v -0.0535474382 -0.104815669 2.07927155
v -0.0572929196 -0.089753367 2.0857718
v -0.0578000955 -0.109662481 2.0590837
v -0.0597046837 -0.0892730579 2.06193519
v -0.0632834062 -0.0794023871 2.06553316
v -0.0622794479 -0.102396026 2.03814173
v -0.0607453808 -0.0815045983 2.04587913
v -0.0677687973 -0.0761718899 2.04886127
v -0.0710491687 -0.073383674 2.02206445
v -0.0634671673 -0.0783048645 2.01948476
v -0.063049674 -0.0958176479 2.01676559
v -0.0702636242 -0.0713010132 1.99363399
v -0.0620360896 -0.0880860016 1.99260771
v -0.064222008 -0.0751429796 1.99359238
v -0.0676537603 -0.0729361176 1.96588254
v -0.0618792139 -0.0837877616 1.9678663
v -0.0641165301 -0.0752552971 1.96579218
v -0.0639290959 -0.0759933293 1.946275
v -0.0602958575 -0.0827029049 1.94918191
v -0.06167816 -0.0776582435 1.94682038
v -0.0584110431 -0.082512483 1.92927897
v -0.0053588599 -0.114351645 2.08935142
v 0.000364579988 -0.110170513 2.09285712
v -6.60000012E-07 -0.111015841 2.08611393
v -0.00352902967 -0.115136504 2.09578466
v -0.01384502 -0.117377721 2.09159851
v -0.00267361989 -0.112969294 2.10156512
v 0.00240544975 -0.107622869 2.0949533
v 0.000215919979 -0.105431288 2.10447669
v -0.0051916996 -0.108791634 2.1122911
v -0.0129881594 -0.120015837 2.09887934
v -0.025228316 -0.121975295 2.09334207
v -0.013318208 -0.118229099 2.10834479
v -0.0136707695 -0.112151973 2.1201055
v -0.0274570789 -0.123647429 2.10221791
v -0.0369908735 -0.122407623 2.08931637
v -0.0292254388 -0.119992986 2.1118958
v -0.0297208373 -0.111382671 2.12252092
v -0.0412968993 -0.122321926 2.09928489
v -0.0448264219 -0.116860665 2.1096139
v -0.0475097448 -0.106968351 2.11767936
v -0.0568954162 -0.111838408 2.10113883
v -0.0600833111 -0.102182195 2.10774732
v -0.0695104599 -0.0956499875 2.09157491
v -0.0523745231 -0.118013076 2.09132314
v -0.0467280187 -0.119594656 2.08279037
v -0.0662045628 -0.105427109 2.08465362
v -0.073134467 -0.090540491 2.07345152
v -0.0592586808 -0.112882651 2.07825422
v -0.0519010015 -0.115524717 2.07365894
v -0.0698427409 -0.0996430889 2.06745052
v -0.0733582824 -0.0833722651 2.0489583
v -0.0637996271 -0.107414626 2.06276917
v -0.0578000955 -0.109662481 2.0590837
v -0.0713007376 -0.0928189531 2.04496098
v -0.0672467574 -0.0999171361 2.0406847
v -0.0622794479 -0.102396026 2.03814173
v -0.0735358298 -0.0789199695 2.02172637
v -0.0677687973 -0.0761718899 2.04886127
v -0.0710491687 -0.073383674 2.02206445
v -0.0668967366 -0.0935020596 2.01796961
v -0.063049674 -0.0958176479 2.01676559
v -0.070953384 -0.0870658085 2.01987243
v -0.0708555803 -0.0764146149 1.99319804
v -0.0702636242 -0.0713010132 1.99363399
v -0.065450348 -0.0866839662 1.99258447
v -0.0620360896 -0.0880860016 1.99260771
v -0.0618792139 -0.0837877616 1.9678663
v -0.0690571219 -0.0818186179 1.99283385
v -0.0678428486 -0.0767820776 1.96677744
v -0.0676537603 -0.0729361176 1.96588254
v -0.0644818544 -0.0820549279 1.96733105
v -0.0602958575 -0.0827029049 1.94918191
v -0.0623077005 -0.081446372 1.94895685
v -0.0584110431 -0.082512483 1.92927897
v -0.0641850159 -0.0785291865 1.94769418
v -0.0639290959 -0.0759933293 1.946275
v -0.00491386978 -0.0912697688 2.13496423
v 0.000462979893 -0.0637477264 2.15038514
v 0.000676519878 -0.0904589891 2.12974143
v -0.00610019965 -0.064211756 2.15416193
v 0.000674039882 -0.0530281812 2.15143394
v -0.0058165798 -0.0526675917 2.15523553
v -0.0135757085 -0.0920805037 2.14018703
v -0.0153786596 -0.0523070171 2.15903687
v -0.015734829 -0.0646757856 2.15793872
v -0.0296964757 -0.089010112 2.140764
v -0.0322430991 -0.0624582656 2.1587317
v -0.0317536853 -0.0509102717 2.1576283
v -0.0497034676 -0.0830679387 2.13661265
v -0.0524947383 -0.0589527451 2.15002084
v -0.0499413386 -0.0483614057 2.15038085
v -0.0660919696 -0.0765171126 2.12475896
v -0.0665442199 -0.044442948 2.1369493
v -0.0692293569 -0.0547174737 2.13408709
v -0.0774651542 -0.0681710914 2.10820699
v -0.0780348033 -0.0390065312 2.1177597
v -0.0800956711 -0.0501279831 2.11472797
v -0.0865821615 -0.0457946137 2.09456491
v -0.0838611573 -0.0599807911 2.0876987
v -0.0850769207 -0.031113524 2.09473085
v -0.0891706422 -0.0413682312 2.0653317
v -0.0871599838 -0.0288417377 2.06753087
v -0.0852228552 -0.0505736731 2.05840468
v -0.0863170922 -0.0265618172 2.04683971
v -0.0869214013 -0.0363610648 2.02931571
v -0.0856307223 -0.0466881394 2.0283885
v -0.0842507035 -0.0242764801 2.0306201
v -0.0780756623 -0.0229147263 2.03008842
v -0.0853462964 -0.0230377167 2.00442743
v -0.0804111436 -0.017549986 2.00576043
v -0.0794132724 -0.0169257466 1.97742295
v -0.0866970792 -0.033819858 2.00119662
v -0.0834822282 -0.0225972701 1.97681642
v -0.0766783729 -0.018524399 1.95260584
v -0.0790762678 -0.0577100255 2.02423167
v -0.0786429793 -0.0621219613 2.05600977
v -0.0858927965 -0.0511000566 2.0601666
v -0.0777567178 -0.0472725369 1.99534297
v -0.0829072073 -0.0324291959 1.97524095
v -0.0729477257 -0.0414899327 1.97172892
v -0.0796707124 -0.0237636641 1.95262802
v -0.0787427276 -0.0312585346 1.95194852
v -0.0706554651 -0.0380284674 1.94998491
v -0.0777151659 -0.0250710249 1.93332469
v -0.0752316862 -0.0200451799 1.93285823
v -0.0736828372 -0.0248288289 1.91493738
v -0.0764027908 -0.031781923 1.93308496
v -0.0691096112 -0.0369592384 1.93095469
v -0.0758743286 -0.028962845 1.91541636
v -0.0723325312 -0.0316080041 1.89793074
v -0.0745771304 -0.0339578614 1.91524911
v -0.0687602535 -0.0379298478 1.91352403
v -0.0737302899 -0.0340916477 1.89860916
v -0.0709740445 -0.0412519202 1.87471735
v -0.0730024278 -0.0369005129 1.89838374
v -0.0692264885 -0.0396006256 1.89740562
v -0.0058165798 -0.0526675917 2.15523553
v 0.000481559953 -0.0487648584 2.15467334
v 0.000674039882 -0.0530281812 2.15143394
v -0.00576263946 -0.0489714034 2.15917873
v -0.0153786596 -0.0523070171 2.15903687
v 0.000677399919 -0.0409746692 2.15528822
v -0.0150782894 -0.0491779372 2.16368413
v -0.0317536853 -0.0509102717 2.1576283
v -0.00562793016 -0.0414116904 2.16031027
v -0.00542930001 -0.0361001417 2.15853167
v 0.000571339973 -0.0354443528 2.15364742
v -0.0049304096 -0.036060214 2.15289783
v 0.00122258009 -0.0360652357 2.14893222
v -0.0141548598 -0.0360551737 2.15686393
v -0.0145013984 -0.036755912 2.16341591
v -0.0296893157 -0.0350860581 2.15667224
v -0.0150047084 -0.041848693 2.16533256
v -0.0322760604 -0.0472933762 2.16257215
v -0.0311411191 -0.0357129201 2.16317916
v -0.0513636395 -0.0439922176 2.15499115
v -0.0499413386 -0.0483614057 2.15038085
v -0.0321199782 -0.0405541509 2.16471124
v -0.0506901965 -0.0321202353 2.15498662
v -0.049520649 -0.0316240266 2.14931417
v -0.0519027896 -0.0370824859 2.15653014
v -0.0696181208 -0.0387850031 2.14197588
v -0.0665442199 -0.044442948 2.1369493
v -0.0671705902 -0.0260834806 2.14058518
v -0.064387016 -0.0261788629 2.1363585
v -0.0766647309 -0.0178877525 2.12025309
v -0.0696623698 -0.0312913656 2.14236832
v -0.08197622 -0.0310331173 2.1213994
v -0.0780348033 -0.0390065312 2.1177597
v -0.0850769207 -0.031113524 2.09473085
v -0.080775924 -0.0229603425 2.12162566
v -0.0886454582 -0.0223079491 2.09878516
v -0.0874697194 -0.0151746124 2.06960607
v -0.0862413496 -0.0140227331 2.09970951
v -0.0812681392 -0.00935004186 2.09959078
v -0.0903341845 -0.0115142567 2.07017016
v -0.0848636031 0.00730195921 2.03404617
v -0.0870542228 -0.00188776548 2.07098174
v -0.0825014487 0.00312226149 2.0701642
v -0.0827682316 0.01669937 2.03682494
v -0.079872109 0.0213222783 2.03691936
v -0.0756807029 -0.0904659852 2.07472825
v -0.0695104599 -0.0956499875 2.09157491
v -0.073134467 -0.090540491 2.07345152
v -0.077525191 -0.0842517242 2.04901767
v -0.0733582824 -0.0833722651 2.0489583
v -0.0779564232 -0.0789877474 2.02198195
v -0.0688565224 -0.0682579055 2.02176452
v -0.075702481 -0.0722720847 1.99368846
v -0.0677687973 -0.0761718899 2.04886127
v -0.0689159259 -0.0633395612 1.9953444
v -0.0720957965 -0.0681181774 1.96462142
v -0.0668613166 -0.0595241524 1.96450543
v -0.0682929531 -0.0654717162 1.93916321
v -0.0649544969 -0.0609977767 1.93932366
v -0.0631053224 -0.0623664036 1.91124237
v -0.0661798641 -0.0556934252 1.93913281
v -0.0720647424 -0.0549277253 1.93852258
v -0.0692597702 -0.0509551987 1.96703362
v -0.0798543468 -0.048598066 1.96807122
v -0.0711262524 -0.0518552437 1.99709535
v -0.0836378559 -0.0453951061 1.99764645
v -0.0708330795 -0.0540459342 2.02570724
v -0.0856307223 -0.0466881394 2.0283885
v -0.0692489147 -0.0589661822 2.05676651
v -0.0858927965 -0.0511000566 2.0601666
v -0.0632834062 -0.0794023871 2.06553316
v -0.0657816753 -0.0622513816 2.07264161
v -0.059734486 -0.0732371956 2.0942924
v -0.0572929196 -0.089753367 2.0857718
v -0.0496079922 -0.094785735 2.09837699
v -0.0496409163 -0.0782695636 2.10689759
v -0.040827807 -0.0812617093 2.11204505
v -0.0407948717 -0.0977778882 2.10352421
v -0.0282715075 -0.0837528408 2.11438251
v -0.0282385796 -0.10026902 2.10586166
v -0.01678776 -0.0841246694 2.11289072
v -0.0167548303 -0.100640848 2.10437012
v -0.0101042995 -0.0825887769 2.10899711
v -0.0100713689 -0.0991049558 2.10047626
v -0.00649229996 -0.0810528845 2.10510325
v -0.00645937026 -0.0975690261 2.09658265
v -0.0051916996 -0.108791634 2.1122911
v 0.000566009956 -0.103244886 2.11267257
v 0.000215919979 -0.105431288 2.10447669
v -0.00447753025 -0.105425775 2.12226748
v 0.000676519878 -0.0904589891 2.12974143
v -0.0136707695 -0.112151973 2.1201055
v -0.00491386978 -0.0912697688 2.13496423
v -0.0125925196 -0.107606657 2.1318624
v -0.0135757085 -0.0920805037 2.14018703
v -0.0297208373 -0.111382671 2.12252092
v -0.0298061799 -0.10579291 2.1339879
v -0.0296964757 -0.089010112 2.140764
v -0.0490702912 -0.101535529 2.12970781
v -0.0475097448 -0.106968351 2.11767936
v -0.0497034676 -0.0830679387 2.13661265
v -0.0665817708 -0.0951988399 2.11704636
v -0.0600833111 -0.102182195 2.10774732
v -0.0660919696 -0.0765171126 2.12475896
v -0.0776919723 -0.0883133411 2.10021353
v -0.0774651542 -0.0681710914 2.10820699
v -0.0695104599 -0.0956499875 2.09157491
v -0.0838611573 -0.0599807911 2.0876987
v -0.0831428617 -0.0813057795 2.0799582
v -0.0756807029 -0.0904659852 2.07472825
v -0.0856366158 -0.0728965104 2.05336761
v -0.0852228552 -0.0505736731 2.05840468
v -0.077525191 -0.0842517242 2.04901767
v -0.0856307223 -0.0466881394 2.0283885
v -0.0859598741 -0.0674305484 2.02466846
v -0.0779564232 -0.0789877474 2.02198195
v -0.0836378559 -0.0453951061 1.99764645
v -0.0835813284 -0.0636867061 1.9949038
v -0.075702481 -0.0722720847 1.99368846
v -0.0798543468 -0.048598066 1.96807122
v -0.0777052417 -0.0627717897 1.96554184
v -0.0720957965 -0.0681181774 1.96462142
v -0.0720647424 -0.0549277253 1.93852258
v -0.0716856793 -0.062270198 1.93861198
v -0.0682929531 -0.0654717162 1.93916321
v -0.0631053224 -0.0623664036 1.91124237
v -0.0780756623 -0.0229147263 2.03008842
v -0.0658658892 -0.0435637385 2.06186414
v -0.0802205279 -0.0284079239 2.06503177
v -0.0652569979 -0.0384320058 2.02693701
v -0.0786429793 -0.0621219613 2.05600977
v -0.0790762678 -0.0577100255 2.02423167
v -0.0804111436 -0.017549986 2.00576043
v -0.0777567178 -0.0472725369 1.99534297
v -0.0676081851 -0.030772673 1.99768066
v -0.0794132724 -0.0169257466 1.97742295
v -0.0729477257 -0.0414899327 1.97172892
v -0.0683090314 -0.0247907545 1.97293222
v -0.0766783729 -0.018524399 1.95260584
v -0.0706554651 -0.0380284674 1.94998491
v -0.0698658377 -0.0218608156 1.95018458
v -0.0752316862 -0.0200451799 1.93285823
v -0.0694102719 -0.0229296535 1.93095517
v -0.0691096112 -0.0369592384 1.93095469
v -0.0736828372 -0.0248288289 1.91493738
v -0.068685703 -0.0275590885 1.91355407
v -0.0687602535 -0.0379298478 1.91352403
v -0.0723325312 -0.0316080041 1.89793074
v -0.0689568296 -0.0334703885 1.89699686
v -0.0692264885 -0.0396006256 1.89740562
v -0.0709740445 -0.0412519202 1.87471735
v -0.122998625 0.264138192 1.29577541
v -0.107368954 0.257332027 1.28967357
v -0.130910218 0.237467557 1.27205253
v -0.132566169 0.229529113 1.27410674
v -0.15075767 0.220602199 1.27481949
v -0.137865752 0.239391327 1.2761513
v -0.143299624 0.240024298 1.28074121
v 0.137719557 0.155843273 1.82986021
v 0.134128153 0.152335525 1.82447398
v 0.165451482 0.191687182 1.78051615
v 0.134722963 0.160914272 1.83135295
v 0.161221027 0.199320659 1.77836394
v 0.169397652 0.195818827 1.782727
v 0.186849147 0.214720249 1.74505365
v 0.168060094 0.199762627 1.78216338
v 0.182260245 0.221721858 1.7438072
v 0.190031752 0.217181355 1.74723864
v 0.199978426 0.224042222 1.72138596
v 0.188068822 0.220780388 1.74687541
v 0.1951098 0.229954258 1.72112
v 0.202397168 0.226282686 1.72264063
v 0.200202137 0.229426801 1.72265792
v 0.204776213 0.233415008 1.69768465
v 0.210222602 0.231830761 1.69992197
v 0.208858788 0.229572117 1.69881821
v 0.208331808 0.234075427 1.69949234
v 0.215450823 0.235231131 1.68432403
v 0.215125352 0.233486131 1.68294489
v 0.219772905 0.236957982 1.67380154
v 0.214054808 0.23647815 1.68389809
v 0.212279528 0.235473186 1.68155015
v -0.0679685995 0.277042031 1.62234282
v -0.0349887274 0.262498021 1.67946541
v -0.0417717583 0.311283976 1.62817442
v -0.0534126498 0.223464161 1.66741633
v -0.0823576152 0.264617234 1.68654549
v -0.0973945409 0.31296289 1.62950623
v -0.0758584589 0.311294824 1.56416333
v -0.0426383689 0.342814475 1.5660907
v -0.108607598 0.338981777 1.56585634
v -0.0760796219 0.342552185 1.50132811
v -0.114496171 0.355800271 1.50125074
v -0.0318270884 0.364518702 1.50119996
v -0.110108964 0.36295855 1.43957186
v -0.0674792454 0.358039349 1.43953669
v -0.0214137509 0.372167349 1.4396373
v -0.0943107381 0.364982903 1.38085091
v -0.0506079569 0.366725385 1.38076258
v -0.00849539042 0.376292646 1.38027704
v -0.0796869844 0.35892424 1.31532776
v -0.0399625376 0.36299479 1.31662989
v -0.000825079798 0.373152792 1.31707513
v -0.0717501789 0.350406259 1.26936448
v -0.00384120969 0.363411218 1.26210833
v -0.0386767015 0.3479819 1.26082695
v -0.0668031275 0.342478484 1.22285724
v -0.0159486607 0.352064192 1.21173358
v -0.0421681628 0.334818721 1.22219586
v -0.0691012442 0.335382313 1.18817401
v -0.0364988483 0.34002766 1.17538178
v -0.0509579927 0.324764282 1.18562174
v -0.0737498552 0.328067571 1.16062903
v -0.0542536788 0.330033362 1.14954185
v -0.0626538992 0.320611954 1.15685654
v -0.0812523514 0.316794187 1.1184386
v 0.00272742985 0.420477211 1.28021455
v -0.022648219 0.408179611 1.32169127
v 0.00177343993 0.414455324 1.27389562
v 0.0326626971 0.430428803 1.24798334
v -0.0194921698 0.41794619 1.32500589
v -0.0365465395 0.410917282 1.37910652
v 0.00756774005 0.421617836 1.28520441
v -0.0315769799 0.423622191 1.38037896
v -0.0401026495 0.416833252 1.42825711
v 0.0156938303 0.419087589 1.28780818
v 0.020694999 0.414871961 1.2865895
v 0.0136700105 0.411006242 1.33439434
v -0.00624041911 0.42078045 1.33038652
v -0.0333128385 0.429509461 1.42985499
v -0.0387202576 0.418455988 1.49908495
v 0.00541733019 0.416595638 1.33303523
v -0.00943126902 0.43067652 1.3829689
v 0.00780702988 0.423770279 1.38348949
v 0.0176872294 0.414430112 1.38403285
v -0.029424917 0.431327194 1.49826241
v -0.0314035378 0.410395652 1.57331467
v -0.00699112006 0.443531901 1.43339992
v 0.0162550099 0.434773326 1.43493569
v 0.0265911762 0.420930475 1.4348681
v -0.00176186988 0.448286086 1.49868667
v 0.0283388402 0.440322787 1.5001117
v 0.0397361591 0.424547374 1.49869561
v -0.0155752786 0.423818588 1.57400894
v 0.0401419587 0.425557017 1.57409883
v 0.0519065186 0.410129309 1.57330096
v 0.00850345008 0.432745099 1.57447076
v -0.00301506999 0.402782768 1.63799453
v -0.0225826278 0.392175436 1.63719964
v 0.0485051014 0.396954656 1.63755798
v 0.0570844635 0.383694142 1.63656414
v 0.019681599 0.407177567 1.63832378
v 0.00658771908 0.370968044 1.70053828
v 0.0541239679 0.358470351 1.69829798
v 0.0596106909 0.348003149 1.69642198
v 0.0322089605 0.370898306 1.70052564
v -0.0150995301 0.363267779 1.69915783
v -0.0149727995 0.356963277 1.69802773
v 0.0557495393 0.316755205 1.74887204
v 0.059425056 0.307606429 1.74424851
v 0.0393075012 0.326094806 1.7535919
v 0.011762429 0.329909623 1.75551999
v -0.00969057996 0.324484408 1.75277781
v -0.0122939395 0.314830631 1.74789941
v 0.0539577566 0.268462569 1.79640973
v 0.0552412979 0.25903064 1.79082179
v 0.0380940698 0.276474237 1.80228615
v 0.0117729194 0.279087931 1.80420363
v -0.00814898964 0.274025023 1.8004899
v -0.0132454 0.266737163 1.7951442
v 0.0464945883 0.213385403 1.84907651
v 0.0455583706 0.208426014 1.84531093
v 0.038806919 0.172144204 1.88939798
v 0.0352182798 0.220895782 1.85346293
v 0.0315096788 0.18084009 1.89334297
v 0.0316639505 0.147157267 1.92999506
v 0.00817183033 0.22569707 1.85751414
v -0.00912512001 0.219664663 1.85338008
v -0.0135493297 0.209022209 1.8483789
v 0.0246604383 0.155934945 1.93462586
v 0.0260363594 0.134157404 1.96243727
v 0.00218057004 0.188266098 1.89697874
v -0.0113792093 0.181223586 1.8934294
v -0.0195324197 0.171487898 1.88967407
v -0.0215340201 0.151962385 1.93192315
v 0.0177193396 0.144375727 1.96483624
v 0.0165186394 0.12423832 2.00584793
v -0.00269333948 0.162942737 1.94062209
v -0.0165541396 0.155128181 1.93696547
v -0.0199459288 0.139410064 1.96738279
v -0.00566993002 0.153103769 1.96760368
v 0.00824759994 0.134924024 2.00675201
v 0.01041371 0.118139379 2.05109549
v -0.0112189604 0.138695434 2.00967193
v -0.0242651105 0.13115187 2.01030016
v 0.00148764963 0.12600942 2.05109549
v 0.00814735983 0.111903682 2.08406043
v -0.0171125364 0.128225759 2.05109549
v -0.0310557 0.121142425 2.05109549
v -0.00147118978 0.119282722 2.08586645
v 0.00763372937 0.103693999 2.10984516
v -0.018447319 0.121326216 2.08707738
v -0.0323197879 0.113437295 2.08700991
v -0.0287367981 0.104454517 2.11252975
v -0.00255598989 0.109086014 2.11462235
v 0.00742223021 0.0918262824 2.131675
v -0.01726171 0.111254394 2.11615825
v -0.0243364088 0.0927029774 2.1354444
v -0.0144204292 0.0980721191 2.13771009
v -0.0194118284 0.0819690004 2.1485045
v -0.00162789994 0.0965696499 2.13641644
v 0.00670866948 0.0780076459 2.14749527
v -0.0122689279 0.0841077566 2.1528573
v -0.0143890399 0.0697045252 2.15796804
v -0.000623230124 0.0829598233 2.15272903
v -0.00830737036 0.07109873 2.16231298
v 0.000958549965 0.0692388117 2.16182709
v 0.0087086698 0.064665705 2.15404081
v 0.00883966871 0.0536932275 2.15885043
v -0.000820240006 0.0542417318 2.16512465
v 4.01698962E-05 0.0427623875 2.16388464
v -0.0868036076 0.386049867 1.36161005
v -0.0566866398 0.40055874 1.3843956
v -0.0728474483 0.389802843 1.35035014
v -0.0922632962 0.372206151 1.32793009
v -0.0757305697 0.397291481 1.3947587
v -0.0419796072 0.406607747 1.43024778
v -0.106347777 0.366824955 1.3365773
v -0.123386972 0.364482731 1.32531488
v -0.126925468 0.361415356 1.33222544
v -0.143443689 0.364962727 1.33158171
v -0.114452511 0.366055399 1.3477447
v -0.133003816 0.362609744 1.33645272
v -0.133405551 0.367601186 1.33833635
v -0.117079541 0.374016225 1.35258663
v -0.10135182 0.380852848 1.37256777
v -0.10569004 0.385304302 1.37522626
v -0.0968024135 0.38920784 1.40649188
v -0.103868805 0.392454684 1.41007125
v -0.067579627 0.403065324 1.43626976
v -0.0956910104 0.390880018 1.44371057
v -0.105773352 0.393415928 1.4456898
v -0.0611243993 0.398385316 1.50036693
v -0.0298311803 0.405512542 1.49991179
v -0.0978539363 0.382698745 1.50136912
v -0.111280479 0.384830356 1.50123322
v -0.114431255 0.361424327 1.57078171
v -0.0547574982 0.383296818 1.57191312
v -0.0223722104 0.39702034 1.57262278
v -0.0160221886 0.381569505 1.63640499
v -0.0986166149 0.359276891 1.5706706
v -0.110975914 0.328708827 1.63244426
v -0.0492938794 0.363556653 1.63505554
v -0.0104810204 0.349989086 1.69677794
v -0.093680799 0.328685135 1.63244259
v -0.104448155 0.289575577 1.68594873
v -0.0452999398 0.331227988 1.69341493
v -0.00602642959 0.309249043 1.74507868
v -0.0871005505 0.289483041 1.6859324
v -0.0986604318 0.269315302 1.72489715
v -0.0390200987 0.291713417 1.73621643
v -0.00205834 0.258224696 1.78890014
v -0.0331905149 0.247189939 1.78080595
v -0.078723751 0.255752355 1.71804261
v -0.0911319628 0.228426069 1.77889645
v -0.0772794336 0.209973559 1.76502252
v 0.161388829 0.159202531 1.55685377
v 0.172735855 0.173653051 1.57365108
v 0.165029958 0.16306223 1.55189157
v 0.156904832 0.153506964 1.53965974
v 0.167179748 0.164659396 1.57991683
v 0.180734366 0.17863737 1.6073494
v 0.158027232 0.161567643 1.55789244
v 0.158953056 0.167046979 1.55319011
v 0.158427909 0.175115481 1.57801175
v 0.159256041 0.16687341 1.58168256
v 0.156150952 0.171921745 1.60844171
v 0.159057856 0.164696887 1.60985529
v 0.151242286 0.165349677 1.64229584
v 0.174716905 0.166170135 1.60997629
v 0.182544738 0.176391065 1.64644969
v 0.155579418 0.159344137 1.64335871
v 0.178538755 0.162947342 1.64685333
v 0.167399019 0.171428606 1.69946361
v 0.169582799 0.155889183 1.6987536
v 0.137369871 0.162144884 1.75134575
v 0.140994474 0.151391789 1.69142437
v 0.134222701 0.158154458 1.69146252
v 0.14713341 0.143822908 1.75206757
v 0.116940409 0.114745729 1.81379998
v 0.116851568 0.134197816 1.75033104
v 0.106873184 0.140729517 1.75139034
v 0.100137576 0.105752923 1.80694211
v 0.0912083909 0.112616949 1.80854738
v 0.091589056 0.0744668245 1.86318707
v 0.0755522773 0.079920277 1.8575052
v 0.0819579959 0.0744698271 1.86044323
v 0.0741696209 0.0555851534 1.90623224
v -0.13747707 0.257192314 1.30375171
v -0.145094529 0.238093391 1.2861973
v -0.143299624 0.240024298 1.28074121
v -0.15075767 0.220602199 1.27481949
v -0.14003624 0.249529257 1.30621898
v -0.138487533 0.258952349 1.33442962
v -0.142616615 0.272072166 1.33414423
v -0.13738291 0.260748982 1.37437785
v -0.151205823 0.280568749 1.37591457
v -0.136821374 0.252820343 1.43957913
v -0.161067277 0.28581506 1.43982768
v -0.176534668 0.275771737 1.50584364
v -0.127733737 0.253331512 1.37568414
v -0.126838237 0.24843733 1.33036053
v -0.132904634 0.241530627 1.30031013
v -0.142105192 0.232758135 1.28290117
v -0.124280557 0.237168133 1.29715621
v -0.138237506 0.228446513 1.27882981
v -0.132566169 0.229529113 1.27410674
v -0.112220056 0.242150441 1.2957623
v -0.107186332 0.241924435 1.3292222
v -0.0944591016 0.250430375 1.32909656
v -0.0977867097 0.244283482 1.37557554
v -0.0845741481 0.258665085 1.37570977
v -0.0940247029 0.244934991 1.43951333
v -0.0811850801 0.261687547 1.43977869
v -0.0825883076 0.253388017 1.50719893
v -0.0937105343 0.237003475 1.50613475
v -0.0827442929 0.2198423 1.56396496
v -0.14831005 0.240204155 1.50665283
v -0.182209715 0.249485925 1.56656229
v -0.147961304 0.217284203 1.56498063
v -0.185518265 0.222741947 1.61735666
v -0.142527789 0.191389859 1.6116432
v -0.0812814012 0.195887595 1.60956478
v -0.180667952 0.195859939 1.65683103
v -0.132467076 0.167915136 1.6476475
v -0.076669313 0.176360697 1.65028429
v -0.168334618 0.168364525 1.69462371
v -0.120028563 0.144187272 1.68836224
v -0.0675829649 0.154259041 1.69126189
v -0.151805684 0.1393933 1.7445904
v -0.106018178 0.117225043 1.74327207
v -0.0624928512 0.129670039 1.7462796
v -0.118951365 0.0922293738 1.8022691
v -0.0896899104 0.0864172727 1.80287778
v -0.0520923175 0.103869043 1.80393493
v -0.0929905474 0.0644234791 1.85631526
v -0.070145078 0.0617739335 1.86018431
v -0.0444263704 0.0806277245 1.86176705
v -0.0765413269 0.0458322987 1.90839553
v -0.0381298512 0.0595451631 1.91476178
v -0.0498511679 0.045185335 1.9187355
v -0.0709057897 0.0378448293 1.94047558
v -0.0316787772 0.0483989008 1.9450053
v -0.0416489206 0.038680844 1.94842327
v -0.0641807318 0.0250143353 1.9925648
v -0.0230183601 0.0429487377 1.98614287
v -0.0384862944 0.0377949998 1.98993313
v -0.120927505 0.328291357 1.37976527
v -0.0977810621 0.367164105 1.43980134
v -0.0916052982 0.367047191 1.38018847
v -0.0861181989 0.357518464 1.32411981
v -0.13232471 0.334981918 1.43980134
v -0.0995861441 0.360123813 1.50729275
v -0.112473316 0.315436691 1.32767832
v -0.0886150897 0.335350901 1.27039576
v -0.139167443 0.324179441 1.50582576
v -0.100247905 0.341126978 1.57358241
v -0.110139385 0.302215457 1.28117383
v -0.0991581604 0.315950394 1.23674059
v -0.1344897 0.295360565 1.56847775
v -0.0954211801 0.308081776 1.62999904
v -0.113554858 0.291476965 1.24589705
v -0.116447106 0.292547554 1.20392573
v -0.121252172 0.256364524 1.61880624
v -0.0884593576 0.280794114 1.67618835
v -0.124092169 0.28057614 1.20913911
v -0.135069028 0.27400437 1.18635881
v -0.129481331 0.280119359 1.21152604
v -0.131201699 0.28455314 1.2115494
v -0.124677606 0.288582146 1.25001955
v -0.128958419 0.297533423 1.24975061
v -0.124890022 0.295294404 1.28558075
v -0.13123408 0.305866927 1.28491867
v -0.130596623 0.3015818 1.32884991
v -0.138446346 0.312242091 1.32794845
v -0.141670421 0.308388591 1.37954831
v -0.151169837 0.316791207 1.37963986
v -0.155962572 0.313924849 1.43980134
v -0.168543756 0.318708003 1.43980134
v -0.164368838 0.304833591 1.505036
v -0.179892734 0.311396241 1.50530398
v -0.179415017 0.288376808 1.56769884
v -0.161302835 0.277685106 1.56650615
v -0.172198042 0.26206398 1.62003946
v -0.151396453 0.246991858 1.6167779
v -0.161919817 0.241500944 1.66444361
v -0.140779123 0.223883718 1.65917814
v -0.150280952 0.223053336 1.70662153
v -0.10919068 0.227377236 1.66022241
v -0.080851458 0.255802155 1.71869981
v -0.129919544 0.203205541 1.699301
v -0.129647955 0.195710137 1.76074874
v -0.113008849 0.174127594 1.75547624
v -0.0974835455 0.202061132 1.69887877
v -0.0683347806 0.219166651 1.77257288
v -0.0797404125 0.169507518 1.75314713
v 0.066978842 0.332761943 1.21035922
v 0.0825577229 0.318380952 1.21724963
v 0.0943787545 0.320810586 1.19615805
v 0.0853171647 0.324570835 1.2244252
v 0.0646362379 0.33319506 1.27216125
v 0.0766030774 0.334414631 1.27210832
v 0.0388310961 0.352795482 1.26379335
v 0.0758796483 0.347231984 1.32237566
v 0.0573636182 0.350935519 1.32186723
v 0.0251343604 0.366296262 1.31975889
v 0.062665388 0.363845587 1.37772965
v 0.0213519 0.375495672 1.37717116
v 0.0785457045 0.35936749 1.37794435
v 0.0211818293 0.381367683 1.43835902
v 0.084490858 0.357864261 1.4401089
v 0.0979071781 0.368388653 1.43933225
v 0.101030089 0.362816721 1.50018084
v 0.0226094201 0.384451479 1.49924266
v 0.0850923732 0.352609366 1.50081158
v 0.0781154037 0.355339646 1.56952071
v 0.0637992993 0.341381758 1.56910002
v 0.0136345085 0.379691958 1.57025492
v 0.0530552007 0.329486966 1.62973809
v -0.000775769993 0.354855657 1.63105035
v 0.0401519388 0.311223239 1.62879348
v 0.0381887704 0.296560377 1.67626369
v -0.00881078001 0.312941164 1.68702114
v 0.0273652691 0.277617306 1.67134428
v 0.0335356072 0.259732097 1.71881938
v -0.0117150387 0.277636826 1.72621119
v 0.0234506503 0.240767241 1.71098983
v 0.0839240029 -0.014962526 2.00039744
v 0.0829104632 -0.0193670951 1.99846661
v 0.0829009265 -0.0130141843 1.98595929
v 0.0863647088 -0.0202549007 1.99670815
v 0.0886551961 -0.0250347462 2.00997162
v 0.0843158215 -0.0245196838 2.0120275
v 0.0873671696 -0.0178015884 2.01507735
v 0.0903184414 -0.0314212665 2.0244925
v 0.0856021643 -0.0309128519 2.02640033
v 0.0889861211 -0.021712875 2.03030825
v 0.090330407 -0.0387913287 2.0403645
v 0.0863058344 -0.0370695479 2.04109192
v 0.089406915 -0.0269571971 2.04656029
v 0.0856154338 -0.0465621501 2.06133842
v 0.0892730057 -0.0489881262 2.06229067
v 0.090482071 -0.0326155238 2.06713581
v 0.0803334489 -0.0576654859 2.08776188
v 0.0862278193 -0.0427939743 2.09508777
v 0.0845943987 -0.0610944778 2.08784795
v 0.0801425427 -0.0501413159 2.11505699
v 0.0736075118 -0.0659427345 2.10618734
v 0.0776752234 -0.0697077289 2.10734129
v 0.0705921948 -0.058332108 2.1335144
v 0.0634197965 -0.0730410963 2.12165999
v 0.0671033189 -0.0770198181 2.12415481
v 0.0548113659 -0.062364243 2.14591098
v 0.048147276 -0.0794034302 2.13305545
v 0.0507926792 -0.082672745 2.13703537
v 0.0357633717 -0.0671919361 2.15410113
v 0.0305145308 -0.0850902945 2.13992095
v 0.0311364885 -0.0869837925 2.14618063
v 0.01392675 -0.0679761693 2.15528202
v 0.0138435997 -0.0853938535 2.14121509
v 0.00630789995 -0.0824251547 2.14049935
v 0.0129463803 -0.0863401368 2.14753985
v 0.00595371006 -0.0679927021 2.15266776
v 0.00426561991 -0.0830819681 2.14554048
v -0.000274789898 -0.0674321949 2.14628196
v -0.0026706201 -0.0792468041 2.13976932
v 0.000516740023 -0.0788794979 2.13601184
v -0.0839240029 -0.014962526 2.00039744
v -0.0829009265 -0.0130141843 1.98595929
v -0.0829104632 -0.0193670951 1.99846661
v -0.0863647088 -0.0202549007 1.99670815
v -0.0886551961 -0.0250347462 2.00997162
v -0.0843158215 -0.0245196838 2.0120275
v -0.0873671696 -0.0178015884 2.01507735
v -0.0903184414 -0.0314212665 2.0244925
v -0.0856021643 -0.0309128519 2.02640033
v -0.0889861211 -0.021712875 2.03030825
v -0.090330407 -0.0387913287 2.0403645
v -0.0863058344 -0.0370695479 2.04109192
v -0.089406915 -0.0269571971 2.04656029
v -0.0856154338 -0.0465621501 2.06133842
v -0.0892730057 -0.0489881262 2.06229067
v -0.090482071 -0.0326155238 2.06713581
v -0.0803334489 -0.0576654859 2.08776188
v -0.0862278193 -0.0427939743 2.09508777
v -0.0845943987 -0.0610944778 2.08784795
v -0.0801425427 -0.0501413159 2.11505699
v -0.0736075118 -0.0659427345 2.10618734
v -0.0776752234 -0.0697077289 2.10734129
v -0.0705921948 -0.058332108 2.1335144
v -0.0634197965 -0.0730410963 2.12165999
v -0.0671033189 -0.0770198181 2.12415481
v -0.0548113659 -0.062364243 2.14591098
v -0.048147276 -0.0794034302 2.13305545
v -0.0507926792 -0.082672745 2.13703537
v -0.0357633717 -0.0671919361 2.15410113
v -0.0305145308 -0.0850902945 2.13992095
v -0.0311364885 -0.0869837925 2.14618063
v -0.01392675 -0.0679761693 2.15528202
v -0.0138435997 -0.0853938535 2.14121509
v -0.00630789995 -0.0824251547 2.14049935
v -0.0129463803 -0.0863401368 2.14753985
v -0.00595371006 -0.0679927021 2.15266776
v -0.00426561991 -0.0830819681 2.14554048
v 0.000274789898 -0.0674321949 2.14628196
v 0.0026706201 -0.0792468041 2.13976932
v -0.000516740023 -0.0788794979 2.13601184
vt 0.825683594 0.944824219
vt 0.805664062 0.915039062
vt 0.802246094 0.951171875
vt 0.825195312 0.908203125
vt 0.802734375 0.878417969
vt 0.8359375 0.909179688
vt 0.8359375 0.946777344
vt 0.82421875 0.873046875
vt 0.799316406 0.83984375
vt 0.84765625 0.911621094
vt 0.848632812 0.950195312
vt 0.848632812 0.875976562
vt 0.8359375 0.874023438
vt 0.848632812 0.842773438
vt 0.8359375 0.840820312
vt 0.849121094 0.8125
vt 0.822265625 0.839355469
vt 0.8359375 0.810546875
vt 0.849609375 0.782226562
vt 0.822265625 0.808105469
vt 0.799316406 0.8046875
vt 0.8359375 0.779785156
vt 0.850097656 0.747558594
vt 0.822753906 0.776855469
vt 0.801757812 0.772460938
vt 0.8359375 0.74609375
vt 0.849609375 0.722167969
vt 0.82421875 0.744628906
vt 0.806152344 0.7421875
vt 0.810546875 0.717773438
vt 0.8359375 0.719726562
vt 0.846191406 0.697265625
vt 0.826171875 0.719238281
vt 0.81640625 0.694824219
vt 0.8359375 0.696289062
vt 0.84375 0.678710938
vt 0.828613281 0.6953125
vt 0.822753906 0.676269531
vt 0.8359375 0.678222656
vt 0.841308594 0.663574219
vt 0.830078125 0.677734375
vt 0.827636719 0.661621094
vt 0.8359375 0.663574219
vt 0.8359375 0.642089844
vt 0.83203125 0.663085938
vt 0.152709961 0.580566406
vt 0.125 0.545898438
vt 0.126098633 0.584960938
vt 0.152709961 0.540527344
vt 0.158813477 0.577636719
vt 0.122375488 0.51953125
vt 0.16003418 0.539550781
vt 0.152709961 0.511230469
vt 0.118286133 0.489501953
vt 0.161987305 0.509277344
vt 0.152709961 0.480224609
vt 0.113647461 0.455078125
vt 0.162963867 0.477294922
vt 0.152709961 0.450683594
vt 0.161254883 0.449462891
vt 0.113769531 0.421142578
vt 0.152709961 0.422119141
vt 0.159667969 0.422119141
vt 0.16015625 0.393066406
vt 0.152709961 0.392333984
vt 0.115905762 0.390380859
vt 0.160888672 0.360839844
vt 0.152709961 0.359130859
vt 0.121582031 0.355224609
vt 0.161254883 0.331054688
vt 0.152709961 0.329833984
vt 0.128051758 0.327880859
vt 0.161254883 0.308349609
vt 0.143798828 0.302978516
vt 0.135253906 0.299560547
vt 0.152709961 0.307861328
vt 0.152709961 0.287841797
vt 0.160522461 0.285644531
vt 0.145507812 0.282958984
vt 0.139160156 0.279541016
vt 0.152709961 0.269042969
vt 0.159057617 0.265136719
vt 0.146484375 0.267822266
vt 0.142089844 0.265380859
vt 0.148925781 0.252441406
vt 0.146484375 0.250732422
vt 0.152709961 0.239013672
vt 0.152709961 0.250488281
vt 0.155761719 0.246948242
vt 0.990722656 0.953613281
vt 0.9765625 0.98828125
vt 0.987304688 0.993652344
vt 0.978027344 0.951171875
vt 0.959472656 0.983886719
vt 0.9921875 0.92578125
vt 0.959472656 0.947265625
vt 0.94921875 0.984375
vt 0.979980469 0.921386719
vt 0.9921875 0.893554688
vt 0.98046875 0.889160156
vt 0.992675781 0.858398438
vt 0.959472656 0.915527344
vt 0.94921875 0.946289062
vt 0.981445312 0.856445312
vt 0.993164062 0.82421875
vt 0.942382812 0.946289062
vt 0.943359375 0.985351562
vt 0.947265625 0.914550781
vt 0.939453125 0.915039062
vt 0.959472656 0.8828125
vt 0.944824219 0.881347656
vt 0.937011719 0.881835938
vt 0.959472656 0.853027344
vt 0.943847656 0.852050781
vt 0.935546875 0.852050781
vt 0.937011719 0.822753906
vt 0.982421875 0.823730469
vt 0.959472656 0.822753906
vt 0.9453125 0.823242188
vt 0.938476562 0.79296875
vt 0.982421875 0.79296875
vt 0.993652344 0.792480469
vt 0.947753906 0.793457031
vt 0.959472656 0.793457031
vt 0.949707031 0.761230469
vt 0.94140625 0.760742188
vt 0.944824219 0.730957031
vt 0.979980469 0.7578125
vt 0.989257812 0.755859375
vt 0.982910156 0.727539062
vt 0.959472656 0.760742188
vt 0.951660156 0.731445312
vt 0.946777344 0.708984375
vt 0.975097656 0.728515625
vt 0.977539062 0.697265625
vt 0.959472656 0.730957031
vt 0.952636719 0.707519531
vt 0.950195312 0.686523438
vt 0.969726562 0.698242188
vt 0.973144531 0.67578125
vt 0.959472656 0.705078125
vt 0.954589844 0.682128906
vt 0.952636719 0.665527344
vt 0.966308594 0.676269531
vt 0.971191406 0.661132812
vt 0.959472656 0.681152344
vt 0.956542969 0.661621094
vt 0.954589844 0.645996094
vt 0.96484375 0.66015625
vt 0.966796875 0.647949219
vt 0.959472656 0.661132812
vt 0.963867188 0.647460938
vt 0.959472656 0.637695312
vt 0.959472656 0.646972656
vt 0.957519531 0.645996094
vt 0.71484375 0.983886719
vt 0.708984375 0.990722656
vt 0.714355469 0.994140625
vt 0.708984375 0.982421875
vt 0.697753906 0.989257812
vt 0.696777344 0.981933594
vt 0.716308594 0.973632812
vt 0.708984375 0.973632812
vt 0.6953125 0.974609375
vt 0.708984375 0.963378906
vt 0.716308594 0.961914062
vt 0.694335938 0.962890625
vt 0.708984375 0.952148438
vt 0.715820312 0.950683594
vt 0.694335938 0.950683594
vt 0.708984375 0.938964844
vt 0.715332031 0.939941406
vt 0.694335938 0.938476562
vt 0.71484375 0.927246094
vt 0.708984375 0.926757812
vt 0.696289062 0.925292969
vt 0.714355469 0.913574219
vt 0.708984375 0.912109375
vt 0.698730469 0.910644531
vt 0.713867188 0.895019531
vt 0.708984375 0.895507812
vt 0.701171875 0.89453125
vt 0.708984375 0.870117188
vt 0.713378906 0.869628906
vt 0.702148438 0.869140625
vt 0.708984375 0.846679688
vt 0.713378906 0.847167969
vt 0.701171875 0.846191406
vt 0.713378906 0.826171875
vt 0.708984375 0.826171875
vt 0.700195312 0.825195312
vt 0.713867188 0.798339844
vt 0.708984375 0.797851562
vt 0.701171875 0.796875
vt 0.714355469 0.766113281
vt 0.708984375 0.765136719
vt 0.700195312 0.765136719
vt 0.715332031 0.725097656
vt 0.703125 0.724121094
vt 0.696289062 0.724121094
vt 0.708984375 0.723144531
vt 0.714355469 0.698242188
vt 0.708984375 0.696777344
vt 0.712890625 0.676269531
vt 0.702636719 0.693847656
vt 0.694824219 0.692382812
vt 0.693847656 0.671386719
vt 0.708984375 0.673339844
vt 0.712402344 0.644042969
vt 0.704101562 0.670410156
vt 0.708984375 0.643066406
vt 0.69921875 0.644042969
vt 0.693359375 0.641601562
vt 0.708984375 0.60546875
vt 0.713378906 0.603515625
vt 0.704589844 0.644042969
vt 0.702148438 0.607910156
vt 0.696777344 0.604980469
vt 0.703125 0.575195312
vt 0.699707031 0.572265625
vt 0.708984375 0.573242188
vt 0.712890625 0.570800781
vt 0.705566406 0.552734375
vt 0.704589844 0.550292969
vt 0.708984375 0.540039062
vt 0.708984375 0.552734375
vt 0.7109375 0.551269531
vt 0.203491211 0.542480469
vt 0.210571289 0.541503906
vt 0.203369141 0.532714844
vt 0.212890625 0.552246094
vt 0.201538086 0.554199219
vt 0.211791992 0.562988281
vt 0.198608398 0.562988281
vt 0.21081543 0.575683594
vt 0.1953125 0.57421875
vt 0.193115234 0.588378906
vt 0.211547852 0.591308594
vt 0.192871094 0.606445312
vt 0.211425781 0.606445312
vt 0.193359375 0.610839844
vt 0.204711914 0.629394531
vt 0.198242188 0.629882812
vt 0.20300293 0.63671875
vt 0.18762207 0.635742188
vt 0.673339844 0.975097656
vt 0.669921875 0.981933594
vt 0.673339844 0.982910156
vt 0.669921875 0.974609375
vt 0.666992188 0.98046875
vt 0.673339844 0.967285156
vt 0.666015625 0.974609375
vt 0.669921875 0.966796875
vt 0.673828125 0.955566406
vt 0.665039062 0.966796875
vt 0.669921875 0.955078125
vt 0.674804688 0.943847656
vt 0.6640625 0.954589844
vt 0.669921875 0.943359375
vt 0.674316406 0.931152344
vt 0.663085938 0.943359375
vt 0.669921875 0.931152344
vt 0.674804688 0.91796875
vt 0.662109375 0.930175781
vt 0.669921875 0.91796875
vt 0.675292969 0.902832031
vt 0.662109375 0.91796875
vt 0.669921875 0.90234375
vt 0.662109375 0.90234375
vt 0.675292969 0.885742188
vt 0.669921875 0.885742188
vt 0.662109375 0.885253906
vt 0.662597656 0.862304688
vt 0.669921875 0.862304688
vt 0.674804688 0.860839844
vt 0.662597656 0.83984375
vt 0.669921875 0.83984375
vt 0.675292969 0.838867188
vt 0.669921875 0.818847656
vt 0.674804688 0.819335938
vt 0.662597656 0.816894531
vt 0.676269531 0.791992188
vt 0.669921875 0.791503906
vt 0.66015625 0.7890625
vt 0.674316406 0.759277344
vt 0.669921875 0.759277344
vt 0.658203125 0.758300781
vt 0.669921875 0.717285156
vt 0.673828125 0.717285156
vt 0.66015625 0.715820312
vt 0.654785156 0.716796875
vt 0.655273438 0.685058594
vt 0.669921875 0.6875
vt 0.67578125 0.686035156
vt 0.66015625 0.685058594
vt 0.669921875 0.66015625
vt 0.674804688 0.659179688
vt 0.66015625 0.660644531
vt 0.654785156 0.660644531
vt 0.657714844 0.640136719
vt 0.669921875 0.639160156
vt 0.673828125 0.639160156
vt 0.673339844 0.622558594
vt 0.662109375 0.640136719
vt 0.6640625 0.62109375
vt 0.659667969 0.620605469
vt 0.669921875 0.622558594
vt 0.672851562 0.609863281
vt 0.669921875 0.609375
vt 0.671875 0.59375
vt 0.665039062 0.607421875
vt 0.661621094 0.606445312
vt 0.669921875 0.594238281
vt 0.669921875 0.580566406
vt 0.666503906 0.592773438
vt 0.6640625 0.591308594
vt 0.151611328 0.991699219
vt 0.146728516 0.985839844
vt 0.146484375 0.995117188
vt 0.151611328 0.984375
vt 0.160400391 0.989746094
vt 0.145996094 0.9765625
vt 0.160766602 0.983886719
vt 0.163085938 0.989257812
vt 0.151611328 0.9765625
vt 0.165039062 0.983398438
vt 0.166259766 0.989257812
vt 0.170654297 0.983398438
vt 0.151611328 0.965820312
vt 0.145507812 0.965332031
vt 0.161376953 0.976074219
vt 0.168823242 0.976074219
vt 0.173706055 0.977539062
vt 0.151611328 0.954101562
vt 0.145141602 0.953613281
vt 0.162231445 0.965332031
vt 0.171264648 0.966308594
vt 0.177124023 0.967285156
vt 0.151611328 0.942382812
vt 0.14465332 0.940917969
vt 0.162963867 0.954101562
vt 0.173217773 0.955078125
vt 0.180541992 0.956054688
vt 0.182739258 0.945800781
vt 0.151611328 0.931152344
vt 0.145141602 0.929199219
vt 0.1640625 0.942871094
vt 0.175292969 0.943847656
vt 0.17590332 0.932617188
vt 0.183959961 0.931640625
vt 0.151611328 0.917480469
vt 0.146118164 0.915527344
vt 0.164672852 0.931640625
vt 0.174804688 0.916992188
vt 0.182861328 0.914550781
vt 0.151611328 0.8984375
vt 0.147094727 0.896484375
vt 0.165039062 0.916503906
vt 0.171508789 0.898925781
vt 0.179199219 0.895507812
vt 0.162963867 0.895507812
vt 0.166748047 0.874023438
vt 0.173950195 0.87109375
vt 0.151611328 0.872558594
vt 0.162475586 0.871582031
vt 0.162719727 0.850585938
vt 0.168701172 0.849609375
vt 0.151611328 0.853515625
vt 0.162719727 0.828613281
vt 0.167480469 0.827636719
vt 0.151611328 0.831542969
vt 0.146240234 0.872070312
vt 0.145996094 0.854980469
vt 0.137573242 0.874511719
vt 0.138427734 0.897460938
vt 0.137329102 0.855957031
vt 0.146240234 0.833984375
vt 0.127319336 0.857910156
vt 0.125366211 0.875488281
vt 0.138549805 0.836914062
vt 0.129882812 0.833496094
vt 0.137817383 0.809082031
vt 0.131591797 0.811035156
vt 0.133422852 0.77734375
vt 0.146606445 0.803222656
vt 0.137084961 0.774414062
vt 0.128662109 0.737304688
vt 0.151611328 0.799804688
vt 0.146972656 0.770996094
vt 0.137329102 0.735839844
vt 0.129882812 0.711914062
vt 0.166259766 0.80078125
vt 0.151611328 0.767578125
vt 0.145751953 0.732910156
vt 0.13684082 0.712402344
vt 0.137451172 0.686035156
vt 0.131713867 0.685058594
vt 0.143920898 0.710449219
vt 0.14050293 0.663085938
vt 0.136474609 0.661621094
vt 0.172729492 0.80078125
vt 0.178466797 0.8046875
vt 0.18762207 0.767578125
vt 0.163818359 0.767089844
vt 0.16394043 0.731933594
vt 0.151611328 0.731445312
vt 0.143798828 0.685058594
vt 0.151611328 0.706542969
vt 0.143066406 0.645507812
vt 0.140258789 0.64453125
vt 0.143432617 0.632324219
vt 0.162963867 0.703613281
vt 0.176269531 0.732421875
vt 0.175048828 0.702636719
vt 0.171386719 0.676269531
vt 0.145385742 0.662597656
vt 0.151611328 0.681640625
vt 0.145507812 0.632324219
vt 0.146362305 0.619628906
vt 0.162475586 0.677734375
vt 0.151611328 0.660644531
vt 0.146850586 0.645507812
vt 0.160888672 0.655761719
vt 0.166748047 0.653320312
vt 0.147583008 0.619140625
vt 0.151611328 0.606933594
vt 0.148071289 0.631835938
vt 0.151611328 0.64453125
vt 0.159057617 0.640136719
vt 0.163818359 0.638183594
vt 0.149291992 0.618652344
vt 0.151611328 0.630371094
vt 0.156982422 0.628417969
vt 0.160766602 0.627929688
vt 0.156982422 0.618164062
vt 0.151611328 0.617675781
vt 0.154541016 0.617675781
vt 0.201293945 0.989257812
vt 0.193481445 0.958496094
vt 0.195556641 0.989746094
vt 0.201293945 0.958007812
vt 0.219360352 0.986328125
vt 0.201293945 0.936035156
vt 0.192260742 0.936035156
vt 0.190673828 0.906738281
vt 0.217651367 0.955078125
vt 0.201293945 0.905761719
vt 0.189697266 0.876464844
vt 0.235961914 0.953613281
vt 0.234985352 0.987304688
vt 0.219604492 0.934570312
vt 0.239257812 0.930664062
vt 0.221313477 0.903808594
vt 0.237182617 0.90234375
vt 0.201293945 0.874511719
vt 0.188964844 0.848632812
vt 0.219482422 0.87109375
vt 0.231567383 0.869628906
vt 0.223876953 0.83984375
vt 0.201293945 0.844238281
vt 0.189819336 0.814453125
vt 0.216674805 0.83984375
vt 0.21081543 0.8125
vt 0.201293945 0.811523438
vt 0.208129883 0.801757812
vt 0.191162109 0.801757812
vt 0.201293945 0.80078125
vt 0.207275391 0.790527344
vt 0.201293945 0.789550781
vt 0.193969727 0.787109375
vt 0.205810547 0.775390625
vt 0.201293945 0.774414062
vt 0.197021484 0.772949219
vt 0.201293945 0.756835938
vt 0.0270233154 0.845214844
vt 0.0218505859 0.839355469
vt 0.0225830078 0.846191406
vt 0.0253448486 0.856933594
vt 0.0327758789 0.856445312
vt 0.0259552002 0.866699219
vt 0.0364074707 0.866210938
vt 0.0257110596 0.877441406
vt 0.0385131836 0.876953125
vt 0.022857666 0.8984375
vt 0.0422973633 0.899414062
vt 0.0203857422 0.922363281
vt 0.0453796387 0.922851562
vt 0.0457763672 0.9453125
vt 0.019241333 0.947265625
vt 0.0446166992 0.963867188
vt 0.0192718506 0.969726562
vt 0.044128418 0.986328125
vt 0.0215301514 0.9921875
vt 0.528808594 0.974121094
vt 0.525390625 0.973632812
vt 0.528808594 0.991699219
vt 0.522460938 0.952636719
vt 0.528808594 0.952636719
vt 0.532714844 0.950683594
vt 0.528808594 0.931152344
vt 0.520019531 0.931640625
vt 0.534667969 0.930664062
vt 0.528808594 0.9140625
vt 0.519042969 0.913574219
vt 0.537597656 0.912109375
vt 0.517089844 0.891601562
vt 0.514648438 0.892089844
vt 0.513671875 0.865234375
vt 0.528808594 0.889160156
vt 0.5390625 0.889160156
vt 0.516113281 0.864746094
vt 0.5078125 0.829589844
vt 0.528808594 0.859863281
vt 0.54296875 0.858398438
vt 0.512207031 0.827148438
vt 0.499511719 0.795898438
vt 0.528808594 0.818359375
vt 0.541503906 0.814941406
vt 0.508789062 0.790527344
vt 0.495117188 0.76171875
vt 0.528808594 0.783203125
vt 0.538574219 0.78125
vt 0.508300781 0.757324219
vt 0.496826172 0.723632812
vt 0.538085938 0.759765625
vt 0.541992188 0.781738281
vt 0.528808594 0.756835938
vt 0.538085938 0.729003906
vt 0.528808594 0.725585938
vt 0.537109375 0.6953125
vt 0.510253906 0.72265625
vt 0.50390625 0.6875
vt 0.528808594 0.692382812
vt 0.537597656 0.659179688
vt 0.514648438 0.688964844
vt 0.528808594 0.65625
vt 0.537597656 0.638671875
vt 0.519042969 0.653808594
vt 0.512695312 0.652832031
vt 0.528808594 0.63671875
vt 0.536132812 0.622558594
vt 0.521972656 0.634277344
vt 0.518066406 0.633300781
vt 0.528808594 0.62109375
vt 0.533203125 0.604492188
vt 0.5234375 0.619140625
vt 0.520019531 0.618164062
vt 0.528808594 0.603515625
vt 0.528808594 0.588378906
vt 0.525878906 0.603027344
vt 0.5234375 0.602050781
vt 0.639648438 0.858398438
vt 0.63671875 0.883300781
vt 0.643066406 0.883789062
vt 0.643066406 0.909179688
vt 0.637207031 0.909667969
vt 0.643066406 0.928710938
vt 0.647949219 0.909667969
vt 0.637207031 0.928710938
vt 0.6484375 0.928710938
vt 0.638183594 0.944335938
vt 0.647949219 0.943847656
vt 0.643066406 0.943847656
vt 0.643066406 0.957519531
vt 0.646972656 0.958007812
vt 0.639160156 0.958007812
vt 0.645019531 0.970214844
vt 0.643066406 0.971191406
vt 0.640625 0.972167969
vt 0.643066406 0.978027344
vt 0.642089844 0.984863281
vt 0.562988281 0.717773438
vt 0.559082031 0.693359375
vt 0.55859375 0.718261719
vt 0.563476562 0.692382812
vt 0.5625 0.662109375
vt 0.565429688 0.661132812
vt 0.563964844 0.629394531
vt 0.56640625 0.628417969
vt 0.567871094 0.604980469
vt 0.571289062 0.713867188
vt 0.571289062 0.689941406
vt 0.571289062 0.66015625
vt 0.571289062 0.627929688
vt 0.571289062 0.747070312
vt 0.562011719 0.750976562
vt 0.571289062 0.791992188
vt 0.563964844 0.792480469
vt 0.571289062 0.604980469
vt 0.568847656 0.592285156
vt 0.571289062 0.591796875
vt 0.569335938 0.581542969
vt 0.575683594 0.604492188
vt 0.576660156 0.62890625
vt 0.577636719 0.661132812
vt 0.577636719 0.690917969
vt 0.577148438 0.713867188
vt 0.575683594 0.747070312
vt 0.57421875 0.591308594
vt 0.57421875 0.794433594
vt 0.571289062 0.581542969
vt 0.573242188 0.581054688
vt 0.571289062 0.572753906
vt 0.571289062 0.819824219
vt 0.573730469 0.821777344
vt 0.56640625 0.822753906
vt 0.571289062 0.844726562
vt 0.575195312 0.844238281
vt 0.567382812 0.846191406
vt 0.571289062 0.86328125
vt 0.576171875 0.864746094
vt 0.56640625 0.865234375
vt 0.571289062 0.883789062
vt 0.575683594 0.886230469
vt 0.565917969 0.885253906
vt 0.571289062 0.908691406
vt 0.577148438 0.908691406
vt 0.566894531 0.909179688
vt 0.571289062 0.927246094
vt 0.577148438 0.926757812
vt 0.567382812 0.927246094
vt 0.576660156 0.938476562
vt 0.571289062 0.939941406
vt 0.567382812 0.940917969
vt 0.576660156 0.951660156
vt 0.571289062 0.952636719
vt 0.567871094 0.953613281
vt 0.575195312 0.962402344
vt 0.571289062 0.961914062
vt 0.568359375 0.962890625
vt 0.571289062 0.970214844
vt 0.574707031 0.971191406
vt 0.569335938 0.971191406
vt 0.571289062 0.986328125
vt 0.476806641 0.934570312
vt 0.446533203 0.965820312
vt 0.469970703 0.970214844
vt 0.452148438 0.928222656
vt 0.481933594 0.899902344
vt 0.436523438 0.930175781
vt 0.436523438 0.967285156
vt 0.440917969 0.994140625
vt 0.454345703 0.89453125
vt 0.436523438 0.895996094
vt 0.478271484 0.870117188
vt 0.489501953 0.875976562
vt 0.487304688 0.838867188
vt 0.474853516 0.833984375
vt 0.48046875 0.800292969
vt 0.454589844 0.86328125
vt 0.46875 0.798339844
vt 0.471191406 0.761230469
vt 0.436523438 0.864257812
vt 0.456298828 0.830566406
vt 0.460449219 0.760742188
vt 0.464111328 0.731445312
vt 0.436523438 0.830078125
vt 0.454589844 0.797851562
vt 0.454101562 0.730957031
vt 0.459716797 0.7109375
vt 0.450439453 0.760742188
vt 0.436523438 0.797851562
vt 0.450195312 0.7109375
vt 0.454101562 0.688964844
vt 0.436523438 0.761230469
vt 0.436523438 0.729492188
vt 0.423583984 0.83203125
vt 0.423583984 0.799316406
vt 0.424560547 0.762695312
vt 0.427246094 0.728515625
vt 0.436523438 0.708496094
vt 0.445556641 0.691894531
vt 0.444824219 0.676269531
vt 0.449462891 0.669921875
vt 0.436523438 0.689453125
vt 0.429931641 0.706542969
vt 0.423095703 0.728515625
vt 0.419433594 0.763183594
vt 0.418945312 0.799804688
vt 0.426513672 0.705566406
vt 0.419921875 0.833007812
vt 0.431640625 0.686035156
vt 0.428955078 0.685546875
vt 0.423583984 0.866210938
vt 0.420166016 0.867675781
vt 0.424316406 0.897949219
vt 0.420410156 0.899414062
vt 0.426513672 0.932128906
vt 0.423095703 0.933105469
vt 0.408935547 0.97265625
vt 0.401855469 0.937988281
vt 0.432373047 0.673828125
vt 0.4296875 0.671875
vt 0.436523438 0.674804688
vt 0.435546875 0.661621094
vt 0.432861328 0.66015625
vt 0.436523438 0.651367188
vt 0.440917969 0.659667969
vt 0.442382812 0.656738281
vt 0.284423828 0.740722656
vt 0.277832031 0.708496094
vt 0.278564453 0.741210938
vt 0.284912109 0.70703125
vt 0.276855469 0.681152344
vt 0.283447266 0.678222656
vt 0.277587891 0.647460938
vt 0.284423828 0.645507812
vt 0.282226562 0.61328125
vt 0.287109375 0.612792969
vt 0.288085938 0.581542969
vt 0.292480469 0.580078125
vt 0.289306641 0.56640625
vt 0.29296875 0.563476562
vt 0.291015625 0.551757812
vt 0.294189453 0.548339844
vt 0.292724609 0.534667969
vt 0.295166016 0.532226562
vt 0.296630859 0.523925781
vt 0.296630859 0.706054688
vt 0.296630859 0.675292969
vt 0.296630859 0.643066406
vt 0.296630859 0.611328125
vt 0.296630859 0.578613281
vt 0.296630859 0.5625
vt 0.296630859 0.547363281
vt 0.310302734 0.610351562
vt 0.312988281 0.64453125
vt 0.305908203 0.577148438
vt 0.314697266 0.679199219
vt 0.296630859 0.53125
vt 0.303710938 0.561035156
vt 0.299804688 0.53125
vt 0.302246094 0.532714844
vt 0.301513672 0.546386719
vt 0.304443359 0.547851562
vt 0.307373047 0.5625
vt 0.311279297 0.579101562
vt 0.318115234 0.611328125
vt 0.322021484 0.646972656
vt 0.324707031 0.684082031
vt 0.315429688 0.711914062
vt 0.325927734 0.716796875
vt 0.296630859 0.740234375
vt 0.313964844 0.745117188
vt 0.322509766 0.748046875
vt 0.310546875 0.782714844
vt 0.296630859 0.779785156
vt 0.286376953 0.780761719
vt 0.296630859 0.809570312
vt 0.309082031 0.810546875
vt 0.287109375 0.811035156
vt 0.296630859 0.834472656
vt 0.310058594 0.833984375
vt 0.286132812 0.8359375
vt 0.309570312 0.850097656
vt 0.3125 0.850585938
vt 0.296630859 0.854003906
vt 0.286376953 0.856445312
vt 0.311035156 0.873046875
vt 0.314697266 0.873046875
vt 0.296630859 0.875488281
vt 0.287109375 0.876953125
vt 0.311035156 0.897949219
vt 0.313964844 0.897949219
vt 0.296630859 0.897460938
vt 0.310058594 0.916015625
vt 0.312011719 0.916503906
vt 0.309814453 0.930664062
vt 0.296630859 0.916015625
vt 0.308105469 0.930664062
vt 0.307128906 0.943359375
vt 0.288574219 0.897949219
vt 0.285400391 0.8984375
vt 0.284667969 0.915039062
vt 0.2890625 0.915527344
vt 0.283691406 0.930664062
vt 0.288818359 0.931640625
vt 0.283935547 0.943847656
vt 0.305419922 0.944335938
vt 0.3046875 0.956054688
vt 0.296630859 0.931640625
vt 0.289550781 0.943359375
vt 0.285644531 0.956054688
vt 0.302490234 0.956054688
vt 0.301269531 0.967773438
vt 0.296630859 0.943359375
vt 0.290771484 0.955566406
vt 0.296630859 0.967285156
vt 0.301269531 0.975097656
vt 0.296630859 0.981933594
vt 0.296630859 0.955566406
vt 0.291748047 0.966796875
vt 0.287109375 0.967773438
vt 0.290771484 0.978515625
vt 0.292480469 0.985351562
vt 0.295654297 0.985351562
vt 0.296142578 0.989746094
vt 0.249389648 0.985839844
vt 0.252197266 0.985839844
vt 0.250976562 0.978515625
vt 0.254638672 0.979492188
vt 0.25390625 0.985351562
vt 0.254638672 0.972167969
vt 0.257324219 0.973632812
vt 0.251464844 0.972167969
vt 0.259521484 0.962890625
vt 0.254638672 0.961914062
vt 0.250488281 0.961914062
vt 0.249511719 0.950683594
vt 0.261474609 0.951171875
vt 0.254638672 0.949707031
vt 0.248779297 0.940429688
vt 0.254638672 0.940429688
vt 0.262939453 0.938964844
vt 0.248046875 0.927734375
vt 0.254638672 0.926269531
vt 0.263671875 0.926269531
vt 0.247314453 0.912597656
vt 0.254638672 0.912109375
vt 0.264160156 0.91015625
vt 0.246459961 0.895019531
vt 0.254638672 0.893554688
vt 0.263183594 0.892578125
vt 0.244140625 0.872070312
vt 0.254638672 0.870605469
vt 0.262207031 0.869140625
vt 0.240478516 0.853027344
vt 0.254638672 0.849121094
vt 0.261474609 0.848144531
vt 0.239013672 0.832519531
vt 0.261474609 0.827636719
vt 0.254638672 0.826171875
vt 0.261962891 0.803710938
vt 0.237060547 0.80859375
vt 0.254638672 0.803710938
vt 0.263671875 0.774414062
vt 0.237426758 0.7734375
vt 0.231689453 0.775390625
vt 0.254638672 0.772949219
vt 0.265136719 0.736328125
vt 0.254638672 0.734863281
vt 0.265380859 0.704589844
vt 0.226318359 0.735839844
vt 0.223022461 0.73828125
vt 0.214233398 0.704101562
vt 0.254638672 0.703613281
vt 0.264892578 0.679199219
vt 0.235717773 0.733398438
vt 0.224487305 0.701660156
vt 0.212768555 0.679199219
vt 0.254638672 0.678222656
vt 0.263183594 0.647949219
vt 0.234863281 0.701660156
vt 0.223388672 0.677246094
vt 0.213623047 0.647460938
vt 0.234985352 0.676757812
vt 0.224609375 0.647460938
vt 0.219482422 0.612792969
vt 0.254638672 0.647949219
vt 0.236450195 0.647949219
vt 0.229248047 0.614746094
vt 0.254638672 0.615234375
vt 0.260253906 0.615234375
vt 0.239624023 0.615234375
vt 0.23449707 0.584960938
vt 0.224121094 0.58203125
vt 0.242797852 0.586425781
vt 0.254638672 0.5859375
vt 0.259277344 0.584472656
vt 0.239135742 0.557617188
vt 0.254638672 0.552734375
vt 0.259765625 0.549316406
vt 0.245727539 0.557128906
vt 0.254638672 0.540039062
vt 0.26171875 0.538574219
vt 0.247314453 0.539550781
vt 0.254638672 0.526367188
vt 0.259765625 0.526855469
vt 0.258300781 0.514648438
vt 0.229858398 0.555175781
vt 0.223754883 0.551757812
vt 0.232177734 0.541992188
vt 0.226928711 0.540527344
vt 0.229858398 0.528808594
vt 0.241088867 0.540527344
vt 0.2421875 0.52734375
vt 0.238037109 0.513183594
vt 0.247680664 0.526367188
vt 0.244628906 0.516113281
vt 0.254638672 0.499023438
vt 0.249145508 0.515625
vt 0.254638672 0.515136719
vt 0.529296875 0.561035156
vt 0.530761719 0.57421875
vt 0.533691406 0.563476562
vt 0.536621094 0.547363281
vt 0.53125 0.546875
vt 0.536621094 0.528320312
vt 0.529785156 0.530273438
vt 0.526367188 0.500488281
vt 0.520019531 0.499023438
vt 0.536621094 0.501953125
vt 0.550292969 0.524902344
vt 0.545898438 0.502441406
vt 0.547851562 0.484130859
vt 0.536621094 0.480712891
vt 0.548828125 0.464599609
vt 0.524414062 0.478759766
vt 0.516113281 0.475830078
vt 0.536621094 0.463378906
vt 0.547851562 0.442138672
vt 0.522949219 0.462158203
vt 0.514648438 0.459960938
vt 0.522460938 0.440917969
vt 0.516113281 0.439697266
vt 0.5234375 0.463867188
vt 0.524902344 0.417236328
vt 0.524902344 0.443847656
vt 0.51953125 0.416503906
vt 0.536621094 0.442138672
vt 0.527832031 0.422363281
vt 0.525390625 0.399169922
vt 0.526855469 0.399169922
vt 0.521972656 0.398681641
vt 0.526855469 0.389160156
vt 0.536621094 0.420898438
vt 0.546386719 0.419677734
vt 0.529785156 0.399414062
vt 0.525390625 0.389160156
vt 0.522949219 0.388916016
vt 0.525878906 0.380615234
vt 0.536621094 0.398193359
vt 0.544433594 0.396972656
vt 0.530273438 0.386230469
vt 0.524414062 0.380615234
vt 0.522949219 0.380615234
vt 0.5234375 0.371826172
vt 0.536621094 0.384765625
vt 0.541992188 0.383300781
vt 0.53125 0.375732422
vt 0.536621094 0.374511719
vt 0.541015625 0.373046875
vt 0.533203125 0.363525391
vt 0.536621094 0.363037109
vt 0.539550781 0.362060547
vt 0.536621094 0.352783203
vt 0.458007812 0.5546875
vt 0.463867188 0.536621094
vt 0.461914062 0.529296875
vt 0.477294922 0.532714844
vt 0.4609375 0.555664062
vt 0.477294922 0.501953125
vt 0.464355469 0.498779297
vt 0.475585938 0.562011719
vt 0.456054688 0.578613281
vt 0.4765625 0.467041016
vt 0.467285156 0.46484375
vt 0.474365234 0.587890625
vt 0.455078125 0.599609375
vt 0.473388672 0.608886719
vt 0.44921875 0.631347656
vt 0.491943359 0.588867188
vt 0.467041016 0.642089844
vt 0.453125 0.641113281
vt 0.491943359 0.611816406
vt 0.491943359 0.6484375
vt 0.504882812 0.645507812
vt 0.503417969 0.608886719
vt 0.504394531 0.586425781
vt 0.491943359 0.561523438
vt 0.504882812 0.559082031
vt 0.491943359 0.532714844
vt 0.504394531 0.531738281
vt 0.502441406 0.503417969
vt 0.491943359 0.503417969
vt 0.498779297 0.467773438
vt 0.491943359 0.467529297
vt 0.491943359 0.444580078
vt 0.499267578 0.443847656
vt 0.479492188 0.443603516
vt 0.473388672 0.440917969
vt 0.491943359 0.427978516
vt 0.497558594 0.427001953
vt 0.483886719 0.426757812
vt 0.480224609 0.425048828
vt 0.489257812 0.412353516
vt 0.487304688 0.411621094
vt 0.491943359 0.403564453
vt 0.491943359 0.412353516
vt 0.494140625 0.411865234
vt 0.304931641 0.374023438
vt 0.292236328 0.38671875
vt 0.3125 0.409912109
vt 0.293945312 0.375244141
vt 0.302490234 0.334228516
vt 0.279785156 0.370605469
vt 0.279785156 0.404785156
vt 0.292236328 0.332275391
vt 0.300292969 0.315917969
vt 0.289550781 0.312011719
vt 0.294433594 0.299560547
vt 0.279785156 0.331298828
vt 0.286621094 0.298339844
vt 0.288818359 0.287109375
vt 0.279785156 0.309814453
vt 0.283935547 0.287109375
vt 0.284179688 0.278076172
vt 0.279785156 0.296875
vt 0.281738281 0.277587891
vt 0.279785156 0.267333984
vt 0.279785156 0.286132812
vt 0.279785156 0.276855469
vt 0.278076172 0.275634766
vt 0.276123047 0.284667969
vt 0.272949219 0.296142578
vt 0.268554688 0.311035156
vt 0.263427734 0.331054688
vt 0.254638672 0.360107422
vt 0.247924805 0.391845703
vt 0.250488281 0.425537109
vt 0.279541016 0.430175781
vt 0.255371094 0.453613281
vt 0.287841797 0.454101562
vt 0.262207031 0.481201172
vt 0.296630859 0.481201172
vt 0.299316406 0.497802734
vt 0.270019531 0.497314453
vt 0.300292969 0.512207031
vt 0.274658203 0.510253906
vt 0.668945312 0.135375977
vt 0.682128906 0.149169922
vt 0.678222656 0.118713379
vt 0.656738281 0.129272461
vt 0.662597656 0.165283203
vt 0.651367188 0.0968017578
vt 0.665527344 0.0879516602
vt 0.645996094 0.0695800781
vt 0.655273438 0.0650634766
vt 0.641113281 0.0469055176
vt 0.645507812 0.0429077148
vt 0.639648438 0.0274505615
vt 0.641113281 0.0269622803
vt 0.639648438 0.01902771
vt 0.637695312 0.0191650391
vt 0.636230469 0.0142288208
vt 0.636230469 0.0280151367
vt 0.636230469 0.0192718506
vt 0.634277344 0.0196075439
vt 0.6328125 0.0289154053
vt 0.636230469 0.0511779785
vt 0.627929688 0.0535583496
vt 0.636230469 0.0750732422
vt 0.623046875 0.0797119141
vt 0.636230469 0.103942871
vt 0.618164062 0.10760498
vt 0.636230469 0.138305664
vt 0.61328125 0.143554688
vt 0.636230469 0.175537109
vt 0.662597656 0.206542969
vt 0.609375 0.176391602
vt 0.636230469 0.212280273
vt 0.659179688 0.242919922
vt 0.618652344 0.211914062
vt 0.60546875 0.207519531
vt 0.618164062 0.242675781
vt 0.636230469 0.241577148
vt 0.616210938 0.267333984
vt 0.636230469 0.272460938
vt 0.656738281 0.272949219
vt 0.615234375 0.289550781
vt 0.636230469 0.29296875
vt 0.655761719 0.294433594
vt 0.616210938 0.313232422
vt 0.636230469 0.31640625
vt 0.656738281 0.317871094
vt 0.613769531 0.34375
vt 0.636230469 0.349121094
vt 0.658691406 0.351074219
vt 0.614746094 0.376464844
vt 0.636230469 0.381347656
vt 0.659667969 0.383789062
vt 0.615234375 0.409179688
vt 0.636230469 0.412841797
vt 0.65625 0.414550781
vt 0.617675781 0.438720703
vt 0.653320312 0.442138672
vt 0.636230469 0.441162109
vt 0.620605469 0.455566406
vt 0.636230469 0.458984375
vt 0.624511719 0.476806641
vt 0.650390625 0.461914062
vt 0.636230469 0.479248047
vt 0.647460938 0.481445312
vt 0.224853516 0.502929688
vt 0.191894531 0.520507812
vt 0.222900391 0.525390625
vt 0.191894531 0.498779297
vt 0.22644043 0.476318359
vt 0.191894531 0.471923828
vt 0.225952148 0.442626953
vt 0.191894531 0.438232422
vt 0.221069336 0.410888672
vt 0.191894531 0.409179688
vt 0.217895508 0.377441406
vt 0.191894531 0.377929688
vt 0.210449219 0.343505859
vt 0.172485352 0.499267578
vt 0.168701172 0.5234375
vt 0.186767578 0.548828125
vt 0.166259766 0.555664062
vt 0.171875 0.473876953
vt 0.17199707 0.440917969
vt 0.173583984 0.409912109
vt 0.174560547 0.375976562
vt 0.191894531 0.345703125
vt 0.179077148 0.341552734
vt 0.191894531 0.321044922
vt 0.183227539 0.321533203
vt 0.203613281 0.316162109
vt 0.187866211 0.302978516
vt 0.191894531 0.302490234
vt 0.197998047 0.300537109
vt 0.191894531 0.283203125
vt 0.0909423828 0.53515625
vt 0.0712280273 0.553710938
vt 0.0868530273 0.55859375
vt 0.0712280273 0.530273438
vt 0.0920410156 0.510253906
vt 0.0516967773 0.535644531
vt 0.0526123047 0.559082031
vt 0.046875 0.509277344
vt 0.0712280273 0.502929688
vt 0.0922241211 0.482177734
vt 0.0421447754 0.477294922
vt 0.0266265869 0.486083984
vt 0.0139694214 0.458007812
vt 0.0712280273 0.4765625
vt 0.03515625 0.44921875
vt 0.0103988647 0.420410156
vt 0.0885009766 0.458251953
vt 0.100646973 0.459472656
vt 0.098449707 0.430175781
vt 0.0712280273 0.451416016
vt 0.0712280273 0.426025391
vt 0.0936279297 0.394287109
vt 0.0346679688 0.418701172
vt 0.0195617676 0.381591797
vt 0.0712280273 0.395996094
vt 0.0389404297 0.38671875
vt 0.0712280273 0.356933594
vt 0.0881958008 0.356689453
vt 0.0483398438 0.349121094
vt 0.0314331055 0.344238281
vt 0.044921875 0.318603516
vt 0.0712280273 0.332275391
vt 0.0831298828 0.330322266
vt 0.0787353516 0.306884766
vt 0.0559997559 0.324707031
vt 0.0712280273 0.307128906
vt 0.0624389648 0.301269531
vt 0.0553894043 0.295410156
vt 0.0712280273 0.285644531
vt 0.0751953125 0.283935547
vt 0.0670776367 0.284667969
vt 0.0629272461 0.28125
vt 0.0690307617 0.276123047
vt 0.0679321289 0.275146484
vt 0.0712280273 0.270263672
vt 0.0712280273 0.276611328
vt 0.0731811523 0.275390625
vt 0.075378418 0.839355469
vt 0.0648193359 0.803222656
vt 0.0594177246 0.838867188
vt 0.0808105469 0.805664062
vt 0.0848999023 0.774414062
vt 0.0716552734 0.770019531
vt 0.0910644531 0.748046875
vt 0.0803222656 0.74609375
vt 0.0895996094 0.729492188
vt 0.10333252 0.810058594
vt 0.10333252 0.778320312
vt 0.10333252 0.752929688
vt 0.10333252 0.842285156
vt 0.0717163086 0.87109375
vt 0.11529541 0.778808594
vt 0.114807129 0.811523438
vt 0.11505127 0.755859375
vt 0.117004395 0.845703125
vt 0.112121582 0.735839844
vt 0.10333252 0.874023438
vt 0.117919922 0.878417969
vt 0.10333252 0.902832031
vt 0.0669555664 0.904785156
vt 0.118652344 0.90625
vt 0.10333252 0.926757812
vt 0.0635375977 0.931640625
vt 0.119506836 0.9296875
vt 0.10333252 0.950683594
vt 0.061706543 0.955078125
vt 0.117370605 0.953125
vt 0.0884399414 0.980957031
vt 0.0615234375 0.985839844
vt 0.10333252 0.98046875
vt 0.114746094 0.981933594
vt 0.242431641 0.3046875
vt 0.236450195 0.3046875
vt 0.234008789 0.333007812
vt 0.242431641 0.2734375
vt 0.233764648 0.274169922
vt 0.229370117 0.243041992
vt 0.252197266 0.273193359
vt 0.242431641 0.24230957
vt 0.227661133 0.221313477
vt 0.259033203 0.239868164
vt 0.268798828 0.268554688
vt 0.276855469 0.235717773
vt 0.242431641 0.219482422
vt 0.261474609 0.215942383
vt 0.283691406 0.210693359
vt 0.242431641 0.198242188
vt 0.223022461 0.19909668
vt 0.262207031 0.192504883
vt 0.282470703 0.184936523
vt 0.220214844 0.174072266
vt 0.215332031 0.172363281
vt 0.26171875 0.162231445
vt 0.278320312 0.153686523
vt 0.242431641 0.170288086
vt 0.215209961 0.141479492
vt 0.208007812 0.142333984
vt 0.213500977 0.106872559
vt 0.184814453 0.136474609
vt 0.191772461 0.102722168
vt 0.20703125 0.0701293945
vt 0.242431641 0.138671875
vt 0.26171875 0.131591797
vt 0.273681641 0.126831055
vt 0.221923828 0.0723876953
vt 0.224243164 0.0473327637
vt 0.242431641 0.103088379
vt 0.258300781 0.101013184
vt 0.265869141 0.0999755859
vt 0.260986328 0.0719604492
vt 0.25390625 0.0712280273
vt 0.257324219 0.0557250977
vt 0.231079102 0.0497436523
vt 0.233276367 0.0360717773
vt 0.242431641 0.0702514648
vt 0.251220703 0.0557250977
vt 0.252929688 0.038848877
vt 0.242431641 0.0531616211
vt 0.248779297 0.0406494141
vt 0.242431641 0.0225982666
vt 0.242431641 0.0408325195
vt 0.236328125 0.0371398926
vt 0.77734375 0.586425781
vt 0.765625 0.615722656
vt 0.781738281 0.620117188
vt 0.765625 0.585449219
vt 0.762207031 0.612792969
vt 0.776855469 0.559082031
vt 0.758789062 0.583496094
vt 0.765625 0.557617188
vt 0.759277344 0.557128906
vt 0.774902344 0.540039062
vt 0.760742188 0.539550781
vt 0.765625 0.538574219
vt 0.770996094 0.523925781
vt 0.76171875 0.522460938
vt 0.765625 0.522460938
vt 0.767578125 0.510742188
vt 0.762695312 0.509765625
vt 0.765625 0.510253906
vt 0.765625 0.501464844
vt 0.588867188 0.525390625
vt 0.592285156 0.522460938
vt 0.58984375 0.496337891
vt 0.565917969 0.525390625
vt 0.565917969 0.491943359
vt 0.559082031 0.522949219
vt 0.586425781 0.469238281
vt 0.561035156 0.490966797
vt 0.565917969 0.465332031
vt 0.581054688 0.445068359
vt 0.561035156 0.464355469
vt 0.565917969 0.44140625
vt 0.561035156 0.441162109
vt 0.575683594 0.427978516
vt 0.560546875 0.425537109
vt 0.565917969 0.42578125
vt 0.572265625 0.416015625
vt 0.565917969 0.414794922
vt 0.561035156 0.413330078
vt 0.569824219 0.402832031
vt 0.565917969 0.402832031
vt 0.562988281 0.401855469
vt 0.565917969 0.388671875
vt 0.493652344 0.352783203
vt 0.485595703 0.354003906
vt 0.494384766 0.3828125
vt 0.485107422 0.322753906
vt 0.490478516 0.322509766
vt 0.490966797 0.297607422
vt 0.485107422 0.297363281
vt 0.485107422 0.282226562
vt 0.490234375 0.281982422
vt 0.485107422 0.268554688
vt 0.489013672 0.268554688
vt 0.487792969 0.259033203
vt 0.485107422 0.258789062
vt 0.485107422 0.253173828
vt 0.481933594 0.259033203
vt 0.480224609 0.268554688
vt 0.478759766 0.282226562
vt 0.478027344 0.296630859
vt 0.477050781 0.321044922
vt 0.475830078 0.358642578
vt 0.482666016 0.358154297
vt 0.477294922 0.395507812
vt 0.343994141 0.983886719
vt 0.327392578 0.961425781
vt 0.326904297 0.983886719
vt 0.347167969 0.962402344
vt 0.348876953 0.942871094
vt 0.328125 0.941894531
vt 0.349365234 0.925292969
vt 0.327880859 0.923339844
vt 0.349609375 0.905273438
vt 0.326660156 0.902832031
vt 0.349365234 0.885253906
vt 0.325439453 0.883789062
vt 0.347412109 0.86328125
vt 0.324951172 0.862304688
vt 0.344726562 0.844726562
vt 0.325683594 0.841796875
vt 0.341552734 0.829101562
vt 0.326660156 0.828125
vt 0.338867188 0.813964844
vt 0.331054688 0.812011719
vt 0.327880859 0.812011719
vt 0.336425781 0.797851562
vt 0.329345703 0.796875
vt 0.33203125 0.793945312
vt 0.333007812 0.782714844
vt 0.449951172 0.455566406
vt 0.435546875 0.437011719
vt 0.433105469 0.456054688
vt 0.453369141 0.437988281
vt 0.453369141 0.416992188
vt 0.436523438 0.417724609
vt 0.459472656 0.412353516
vt 0.4375 0.389892578
vt 0.453369141 0.389160156
vt 0.459716797 0.385009766
vt 0.438720703 0.357666016
vt 0.453369141 0.358154297
vt 0.463378906 0.356933594
vt 0.453369141 0.325927734
vt 0.464355469 0.326416016
vt 0.437988281 0.323486328
vt 0.467529297 0.294433594
vt 0.453369141 0.29296875
vt 0.437744141 0.289794922
vt 0.470703125 0.270996094
vt 0.453369141 0.26953125
vt 0.438232422 0.267578125
vt 0.453369141 0.248779297
vt 0.474853516 0.245239258
vt 0.438232422 0.248046875
vt 0.453369141 0.220458984
vt 0.437988281 0.221679688
vt 0.474365234 0.213623047
vt 0.436523438 0.190673828
vt 0.453369141 0.1875
vt 0.433837891 0.154296875
vt 0.472167969 0.181030273
vt 0.453369141 0.150024414
vt 0.437988281 0.119262695
vt 0.474609375 0.144042969
vt 0.4921875 0.17199707
vt 0.490966797 0.138916016
vt 0.453369141 0.116271973
vt 0.443115234 0.0812988281
vt 0.471191406 0.112304688
vt 0.484375 0.109985352
vt 0.478515625 0.0823974609
vt 0.466552734 0.0844726562
vt 0.474853516 0.0631713867
vt 0.453369141 0.0837402344
vt 0.462890625 0.0669555664
vt 0.469726562 0.048248291
vt 0.453369141 0.0682373047
vt 0.446044922 0.0672607422
vt 0.449951172 0.052947998
vt 0.453369141 0.0527648926
vt 0.451416016 0.0406494141
vt 0.459472656 0.050994873
vt 0.463378906 0.0356750488
vt 0.453369141 0.0402526855
vt 0.452392578 0.0305328369
vt 0.456787109 0.0387573242
vt 0.453369141 0.0302124023
vt 0.453369141 0.0185852051
vt 0.454833984 0.0288238525
vt 0.457763672 0.0261993408
vt 0.578125 0.377929688
vt 0.572265625 0.356201172
vt 0.5703125 0.381591797
vt 0.578125 0.354980469
vt 0.571289062 0.333007812
vt 0.585449219 0.352539062
vt 0.581054688 0.376220703
vt 0.586914062 0.332763672
vt 0.578125 0.333740234
vt 0.587402344 0.316162109
vt 0.578125 0.3125
vt 0.5703125 0.310791016
vt 0.5859375 0.287353516
vt 0.578125 0.284912109
vt 0.567871094 0.282470703
vt 0.58203125 0.254882812
vt 0.578125 0.252197266
vt 0.566894531 0.25
vt 0.5859375 0.21472168
vt 0.578125 0.211791992
vt 0.568847656 0.208618164
vt 0.578125 0.183227539
vt 0.570800781 0.182250977
vt 0.589355469 0.17980957
vt 0.596679688 0.209838867
vt 0.595214844 0.182128906
vt 0.595214844 0.176391602
vt 0.578125 0.164428711
vt 0.571289062 0.161499023
vt 0.578125 0.130981445
vt 0.5703125 0.130126953
vt 0.572265625 0.0900878906
vt 0.587402344 0.159423828
vt 0.592773438 0.156860352
vt 0.5859375 0.130371094
vt 0.58984375 0.129394531
vt 0.589355469 0.0932617188
vt 0.586425781 0.0914306641
vt 0.587890625 0.0596923828
vt 0.578125 0.0879516602
vt 0.573730469 0.0575561523
vt 0.584960938 0.057434082
vt 0.583984375 0.0368041992
vt 0.578125 0.054901123
vt 0.575195312 0.0374755859
vt 0.581542969 0.0358886719
vt 0.578125 0.025604248
vt 0.578125 0.0360412598
vt 0.618652344 0.987792969
vt 0.616210938 0.992675781
vt 0.619140625 0.993164062
vt 0.616210938 0.986328125
vt 0.614746094 0.992675781
vt 0.619628906 0.98046875
vt 0.614257812 0.986328125
vt 0.612792969 0.985839844
vt 0.616210938 0.979492188
vt 0.619628906 0.96875
vt 0.613769531 0.979492188
vt 0.611328125 0.979003906
vt 0.616210938 0.967773438
vt 0.620117188 0.957519531
vt 0.613769531 0.967285156
vt 0.609863281 0.967773438
vt 0.616210938 0.956542969
vt 0.62109375 0.943847656
vt 0.612304688 0.956054688
vt 0.607421875 0.955078125
vt 0.616210938 0.943847656
vt 0.611328125 0.944335938
vt 0.60546875 0.943847656
vt 0.616210938 0.931640625
vt 0.62109375 0.931640625
vt 0.611328125 0.931152344
vt 0.604003906 0.930664062
vt 0.616210938 0.916015625
vt 0.621582031 0.916015625
vt 0.610351562 0.916015625
vt 0.602539062 0.916503906
vt 0.616210938 0.899414062
vt 0.621582031 0.899414062
vt 0.622070312 0.876464844
vt 0.609863281 0.898925781
vt 0.6015625 0.898925781
vt 0.616210938 0.876464844
vt 0.609863281 0.875488281
vt 0.599609375 0.874511719
vt 0.616210938 0.855957031
vt 0.622558594 0.85546875
vt 0.609863281 0.85546875
vt 0.598632812 0.853515625
vt 0.616210938 0.834960938
vt 0.622558594 0.834472656
vt 0.610351562 0.833496094
vt 0.597167969 0.830078125
vt 0.616210938 0.808105469
vt 0.623535156 0.808105469
vt 0.626953125 0.776367188
vt 0.608886719 0.806640625
vt 0.595214844 0.8046875
vt 0.616210938 0.775878906
vt 0.607421875 0.775878906
vt 0.593261719 0.778320312
vt 0.587402344 0.744140625
vt 0.606445312 0.734375
vt 0.591308594 0.708007812
vt 0.616210938 0.732421875
vt 0.606933594 0.701660156
vt 0.592285156 0.681640625
vt 0.624511719 0.730957031
vt 0.633789062 0.733398438
vt 0.606445312 0.678710938
vt 0.595703125 0.651367188
vt 0.616210938 0.700195312
vt 0.635253906 0.700195312
vt 0.638183594 0.700683594
vt 0.624023438 0.698730469
vt 0.635253906 0.679199219
vt 0.639160156 0.675292969
vt 0.616210938 0.678222656
vt 0.607421875 0.650390625
vt 0.598632812 0.621582031
vt 0.624023438 0.677734375
vt 0.633789062 0.652832031
vt 0.641113281 0.653808594
vt 0.642089844 0.625488281
vt 0.616210938 0.650878906
vt 0.631835938 0.623535156
vt 0.637207031 0.594726562
vt 0.623535156 0.650878906
vt 0.628417969 0.593261719
vt 0.6328125 0.561523438
vt 0.622558594 0.622558594
vt 0.616210938 0.622070312
vt 0.625488281 0.561523438
vt 0.629882812 0.538574219
vt 0.62109375 0.592285156
vt 0.607910156 0.621582031
vt 0.625 0.538574219
vt 0.627929688 0.521484375
vt 0.620605469 0.560058594
vt 0.616210938 0.592285156
vt 0.609375 0.591796875
vt 0.599121094 0.591308594
vt 0.609375 0.557617188
vt 0.599121094 0.555175781
vt 0.624511719 0.521484375
vt 0.623046875 0.505859375
vt 0.620605469 0.537109375
vt 0.610839844 0.534667969
vt 0.602050781 0.533203125
vt 0.607910156 0.51953125
vt 0.62109375 0.506347656
vt 0.616210938 0.498046875
vt 0.620117188 0.520996094
vt 0.612304688 0.520019531
vt 0.61328125 0.505859375
vt 0.616699219 0.505859375
vt 0.745605469 0.625976562
vt 0.742675781 0.630371094
vt 0.746582031 0.632324219
vt 0.742675781 0.626953125
vt 0.73828125 0.627929688
vt 0.742675781 0.619628906
vt 0.745117188 0.619140625
vt 0.747070312 0.608398438
vt 0.736816406 0.618164062
vt 0.730957031 0.622070312
vt 0.730957031 0.604492188
vt 0.742675781 0.607421875
vt 0.747070312 0.595214844
vt 0.735839844 0.605957031
vt 0.742675781 0.595703125
vt 0.735351562 0.595703125
vt 0.729980469 0.594238281
vt 0.742675781 0.583496094
vt 0.748046875 0.583496094
vt 0.748046875 0.5703125
vt 0.734375 0.583007812
vt 0.729003906 0.582519531
vt 0.742675781 0.569824219
vt 0.748535156 0.556152344
vt 0.733886719 0.569335938
vt 0.728515625 0.568847656
vt 0.742675781 0.556152344
vt 0.748535156 0.5390625
vt 0.733398438 0.556640625
vt 0.728027344 0.556152344
vt 0.742675781 0.5390625
vt 0.732910156 0.538574219
vt 0.728515625 0.538574219
vt 0.731445312 0.515625
vt 0.742675781 0.516113281
vt 0.748046875 0.516113281
vt 0.749023438 0.497314453
vt 0.742675781 0.49609375
vt 0.736816406 0.494140625
vt 0.747558594 0.476074219
vt 0.742675781 0.475585938
vt 0.735839844 0.474365234
vt 0.749023438 0.451171875
vt 0.742675781 0.450683594
vt 0.750976562 0.423583984
vt 0.103820801 0.541992188
vt 0.10949707 0.543457031
vt 0.107177734 0.530273438
vt 0.112915039 0.557128906
vt 0.0996704102 0.555664062
vt 0.114440918 0.577636719
vt 0.0958862305 0.58203125
vt 0.118652344 0.605957031
vt 0.0947875977 0.612792969
vt 0.121704102 0.629394531
vt 0.0933837891 0.631835938
vt 0.0918579102 0.641113281
vt 0.124938965 0.639648438
vt 0.0922851562 0.651367188
vt 0.128173828 0.651367188
vt 0.0920410156 0.664550781
vt 0.128295898 0.665039062
vt 0.125976562 0.67578125
vt 0.0900268555 0.675292969
vt 0.121704102 0.687011719
vt 0.0876464844 0.6875
vt 0.117248535 0.698730469
vt 0.087097168 0.698242188
vt 0.783691406 0.937988281
vt 0.76953125 0.967773438
vt 0.782714844 0.968261719
vt 0.76953125 0.937011719
vt 0.744140625 0.966796875
vt 0.782714844 0.903320312
vt 0.741210938 0.934570312
vt 0.733886719 0.966796875
vt 0.729980469 0.93359375
vt 0.76953125 0.899902344
vt 0.78125 0.871582031
vt 0.73828125 0.900878906
vt 0.727050781 0.900878906
vt 0.76953125 0.870605469
vt 0.780273438 0.833007812
vt 0.737304688 0.87109375
vt 0.726074219 0.87109375
vt 0.725585938 0.833984375
vt 0.73828125 0.833984375
vt 0.727539062 0.801757812
vt 0.76953125 0.833496094
vt 0.778808594 0.802734375
vt 0.740234375 0.802246094
vt 0.731445312 0.771972656
vt 0.76953125 0.802734375
vt 0.743652344 0.773925781
vt 0.76953125 0.776855469
vt 0.776367188 0.776367188
vt 0.76953125 0.749023438
vt 0.774414062 0.748535156
vt 0.748046875 0.745605469
vt 0.735839844 0.7421875
vt 0.76953125 0.70703125
vt 0.774414062 0.707519531
vt 0.772460938 0.673339844
vt 0.754394531 0.703125
vt 0.744140625 0.700195312
vt 0.76953125 0.672851562
vt 0.772460938 0.65234375
vt 0.759765625 0.670898438
vt 0.752441406 0.668945312
vt 0.76953125 0.65234375
vt 0.76953125 0.638183594
vt 0.765625 0.650878906
vt 0.762695312 0.649414062
vt 0.920410156 0.946777344
vt 0.904785156 0.977539062
vt 0.914550781 0.978027344
vt 0.908691406 0.944335938
vt 0.924316406 0.922363281
vt 0.893554688 0.943847656
vt 0.893554688 0.978515625
vt 0.911132812 0.919921875
vt 0.926269531 0.896972656
vt 0.912597656 0.894042969
vt 0.924316406 0.866210938
vt 0.879882812 0.946777344
vt 0.880859375 0.981445312
vt 0.893554688 0.918457031
vt 0.911132812 0.863769531
vt 0.920898438 0.83203125
vt 0.869140625 0.951171875
vt 0.873535156 0.984375
vt 0.866699219 0.925292969
vt 0.878417969 0.921386719
vt 0.865722656 0.897460938
vt 0.877929688 0.893554688
vt 0.865234375 0.86328125
vt 0.893554688 0.892089844
vt 0.878417969 0.861328125
vt 0.865234375 0.826660156
vt 0.893554688 0.861328125
vt 0.908691406 0.830566406
vt 0.918945312 0.797363281
vt 0.893554688 0.828613281
vt 0.90625 0.796875
vt 0.916503906 0.764160156
vt 0.878417969 0.827148438
vt 0.904785156 0.765136719
vt 0.913085938 0.735839844
vt 0.893554688 0.795410156
vt 0.879394531 0.793457031
vt 0.869628906 0.791992188
vt 0.893554688 0.765625
vt 0.880371094 0.764160156
vt 0.872558594 0.762207031
vt 0.903320312 0.736816406
vt 0.908691406 0.711914062
vt 0.893554688 0.737304688
vt 0.881835938 0.736816406
vt 0.875488281 0.735839844
vt 0.900878906 0.711914062
vt 0.904785156 0.691894531
vt 0.893554688 0.712402344
vt 0.884765625 0.710449219
vt 0.879882812 0.709472656
vt 0.884765625 0.692382812
vt 0.893554688 0.693359375
vt 0.887695312 0.692871094
vt 0.889160156 0.672363281
vt 0.890625 0.672363281
vt 0.893554688 0.657714844
vt 0.899414062 0.692871094
vt 0.893554688 0.672363281
vt 0.895996094 0.671875
vt 0.898925781 0.670898438
vt 0.8046875 0.608398438
vt 0.799316406 0.611816406
vt 0.802246094 0.614257812
vt 0.800292969 0.620605469
vt 0.793457031 0.6171875
vt 0.790527344 0.625976562
vt 0.800292969 0.627441406
vt 0.7890625 0.635253906
vt 0.801757812 0.636230469
vt 0.788574219 0.645507812
vt 0.803710938 0.643554688
vt 0.788085938 0.653320312
vt 0.806152344 0.655273438
vt 0.787597656 0.669433594
vt 0.807128906 0.669921875
vt 0.806152344 0.685546875
vt 0.786132812 0.687011719
vt 0.803710938 0.702636719
vt 0.784667969 0.703613281
vt 0.801269531 0.717773438
vt 0.783691406 0.71875
vt 0.799316406 0.736816406
vt 0.783691406 0.737304688
vt 0.316894531 0.29296875
vt 0.298339844 0.255371094
vt 0.30078125 0.293945312
vt 0.314697266 0.254882812
vt 0.312255859 0.223510742
vt 0.295166016 0.223876953
vt 0.329101562 0.256591797
vt 0.329101562 0.294189453
vt 0.340576172 0.258789062
vt 0.341796875 0.296630859
vt 0.339599609 0.229125977
vt 0.329101562 0.225952148
vt 0.338378906 0.194702148
vt 0.329101562 0.192260742
vt 0.336914062 0.158813477
vt 0.309326172 0.189575195
vt 0.292480469 0.189331055
vt 0.329101562 0.157714844
vt 0.336181641 0.125244141
vt 0.303955078 0.156616211
vt 0.291992188 0.157958984
vt 0.295166016 0.127441406
vt 0.307128906 0.125732422
vt 0.300292969 0.103942871
vt 0.329101562 0.124450684
vt 0.335449219 0.108703613
vt 0.310791016 0.104187012
vt 0.304443359 0.0867919922
vt 0.329101562 0.10748291
vt 0.334960938 0.0871582031
vt 0.329101562 0.086730957
vt 0.334228516 0.0687255859
vt 0.314208984 0.0855102539
vt 0.309814453 0.0676269531
vt 0.318115234 0.0666503906
vt 0.313964844 0.0504760742
vt 0.329101562 0.0684814453
vt 0.333251953 0.0511169434
vt 0.329101562 0.0505981445
vt 0.331542969 0.0357055664
vt 0.321289062 0.0492248535
vt 0.321533203 0.0344238281
vt 0.329101562 0.0355834961
vt 0.329101562 0.023651123
vt 0.325683594 0.0347290039
vt 0.91015625 0.642578125
vt 0.88671875 0.629394531
vt 0.88671875 0.642578125
vt 0.91015625 0.629394531
vt 0.88671875 0.61328125
vt 0.925292969 0.629394531
vt 0.925292969 0.642578125
vt 0.925292969 0.61328125
vt 0.91015625 0.61328125
vt 0.925292969 0.596679688
vt 0.91015625 0.596679688
vt 0.88671875 0.596679688
vt 0.925292969 0.579589844
vt 0.91015625 0.579589844
vt 0.88671875 0.579589844
vt 0.886230469 0.556640625
vt 0.909667969 0.555175781
vt 0.92578125 0.553710938
vt 0.891113281 0.525390625
vt 0.885253906 0.523925781
vt 0.893554688 0.494384766
vt 0.887695312 0.493164062
vt 0.892089844 0.464599609
vt 0.909667969 0.524902344
vt 0.921875 0.5234375
vt 0.909667969 0.49609375
vt 0.919433594 0.496337891
vt 0.916992188 0.46875
vt 0.909667969 0.467041016
vt 0.897949219 0.46484375
vt 0.909667969 0.441894531
vt 0.9140625 0.439208984
vt 0.909667969 0.424316406
vt 0.902832031 0.442138672
vt 0.899902344 0.437988281
vt 0.329833984 0.581054688
vt 0.318115234 0.571777344
vt 0.319580078 0.583007812
vt 0.329833984 0.569824219
vt 0.3359375 0.580078125
vt 0.337646484 0.569824219
vt 0.315429688 0.560546875
vt 0.338867188 0.559570312
vt 0.329833984 0.559082031
vt 0.314208984 0.538574219
vt 0.329833984 0.537597656
vt 0.33984375 0.534179688
vt 0.314941406 0.512207031
vt 0.329833984 0.513183594
vt 0.341796875 0.509277344
vt 0.329833984 0.486083984
vt 0.316162109 0.486328125
vt 0.341308594 0.485351562
vt 0.329833984 0.461181641
vt 0.316650391 0.460693359
vt 0.342529297 0.459228516
vt 0.329833984 0.434570312
vt 0.317382812 0.434082031
vt 0.341552734 0.433349609
vt 0.329833984 0.401367188
vt 0.318847656 0.400390625
vt 0.339599609 0.3984375
vt 0.329833984 0.373535156
vt 0.338867188 0.373779297
vt 0.321044922 0.371826172
vt 0.337646484 0.353759766
vt 0.329833984 0.353271484
vt 0.322753906 0.3515625
vt 0.336181641 0.335449219
vt 0.329833984 0.334472656
vt 0.324462891 0.332763672
vt 0.335205078 0.317382812
vt 0.329833984 0.317382812
vt 0.325439453 0.315917969
vt 0.329833984 0.301025391
vt 1.31835938 0.571777344
vt 1.33007812 0.581054688
vt 1.31933594 0.583007812
vt 1.33007812 0.569824219
vt 1.3359375 0.580078125
vt 1.33789062 0.569824219
vt 1.31542969 0.560546875
vt 1.33886719 0.559570312
vt 1.33007812 0.559082031
vt 1.31445312 0.538574219
vt 1.33007812 0.537597656
vt 1.33984375 0.534179688
vt 1.31445312 0.512207031
vt 1.33007812 0.513183594
vt 1.34179688 0.509277344
vt 1.33007812 0.486083984
vt 1.31640625 0.486328125
vt 1.34179688 0.485351562
vt 1.33007812 0.461181641
vt 1.31640625 0.460693359
vt 1.34277344 0.459228516
vt 1.33007812 0.434570312
vt 1.31738281 0.434082031
vt 1.34179688 0.433349609
vt 1.33007812 0.401367188
vt 1.31835938 0.400390625
vt 1.33984375 0.3984375
vt 1.33007812 0.373535156
vt 1.33886719 0.373779297
vt 1.32128906 0.371826172
vt 1.33789062 0.353759766
vt 1.33007812 0.353271484
vt 1.32226562 0.3515625
vt 1.3359375 0.335449219
vt 1.33007812 0.334472656
vt 1.32421875 0.332763672
vt 1.33496094 0.317382812
vt 1.33007812 0.317382812
vt 1.32519531 0.315917969
vt 1.33007812 0.301025391
vt 0.183349609 0.202758789
vt 0.189819336 0.183349609
vt 0.184570312 0.182250977
vt 0.188598633 0.203369141
vt 0.182983398 0.232543945
vt 0.196533203 0.184814453
vt 0.18762207 0.232910156
vt 0.195068359 0.205688477
vt 0.204833984 0.188598633
vt 0.194335938 0.231811523
vt 0.192016602 0.246948242
vt 0.198974609 0.262939453
vt 0.204833984 0.208862305
vt 0.213867188 0.190673828
vt 0.212890625 0.208740234
vt 0.212524414 0.224853516
vt 0.204833984 0.228637695
vt 0.210571289 0.259765625
vt 0.204833984 0.261230469
vt 0.204833984 0.284912109
vt 0.0755615234 0.68359375
vt 0.0725097656 0.685058594
vt 0.075012207 0.687011719
vt 0.0725097656 0.682617188
vt 0.0655517578 0.685058594
vt 0.0646362305 0.682128906
vt 0.0759277344 0.678710938
vt 0.0725097656 0.678710938
vt 0.0635375977 0.677734375
vt 0.0725097656 0.671875
vt 0.0778808594 0.672363281
vt 0.0625 0.671875
vt 0.0785522461 0.666015625
vt 0.0725097656 0.664550781
vt 0.0616455078 0.664550781
vt 0.0785522461 0.659667969
vt 0.0725097656 0.659179688
vt 0.0615234375 0.658203125
vt 0.0798339844 0.653808594
vt 0.0725097656 0.65234375
vt 0.0637207031 0.649414062
vt 0.0830688477 0.643554688
vt 0.0725097656 0.639160156
vt 0.0667724609 0.637207031
vt 0.0849609375 0.62890625
vt 0.0725097656 0.62890625
vt 0.0676879883 0.629394531
vt 0.0675048828 0.615234375
vt 0.0725097656 0.614257812
vt 0.083190918 0.614257812
vt 0.0686645508 0.600097656
vt 0.0799560547 0.599609375
vt 0.0725097656 0.600097656
vt 0.0702514648 0.584960938
vt 0.0774536133 0.5859375
vt 0.0725097656 0.584960938
vt 0.0709838867 0.574707031
vt 0.0756225586 0.575195312
vt 0.0725097656 0.574707031
vt 0.0725097656 0.564453125
vt 0.0272064209 0.255126953
vt 0.0177612305 0.251220703
vt 0.0200042725 0.260009766
vt 0.0250854492 0.247802734
vt 0.0132064819 0.239624023
vt 0.0315551758 0.24621582
vt 0.0315551758 0.255859375
vt 0.0388183594 0.249755859
vt 0.0409545898 0.240844727
vt 0.0220031738 0.235839844
vt 0.0104064941 0.222167969
vt 0.0315551758 0.233032227
vt 0.0433959961 0.23059082
vt 0.0213165283 0.21887207
vt 0.00672149658 0.203125
vt 0.0315551758 0.217529297
vt 0.0438232422 0.216430664
vt 0.0202484131 0.202636719
vt 0.0315551758 0.202148438
vt 0.0430297852 0.200439453
vt 0.0315551758 0.18737793
vt 0.0424499512 0.186889648
vt 0.0428466797 0.169799805
vt 0.0197601318 0.186035156
vt 0.00691986084 0.184082031
vt 0.0315551758 0.16809082
vt 0.0419921875 0.152587891
vt 0.0189666748 0.16809082
vt 0.00784301758 0.167236328
vt 0.0315551758 0.150146484
vt 0.0415039062 0.128540039
vt 0.0200805664 0.149047852
vt 0.0121688843 0.146728516
vt 0.0315551758 0.127197266
vt 0.0225982666 0.12487793
vt 0.0166320801 0.122924805
vt 0.039855957 0.102416992
vt 0.049987793 0.126831055
vt 0.045501709 0.101501465
vt 0.0237731934 0.101318359
vt 0.0191650391 0.100280762
vt 0.0315551758 0.102111816
vt 0.0372009277 0.0751953125
vt 0.0421142578 0.0751342773
vt 0.0257263184 0.0748901367
vt 0.0220489502 0.0745239258
vt 0.0283813477 0.0498962402
vt 0.0315551758 0.0751342773
vt 0.0374450684 0.0496826172
vt 0.0411071777 0.0487670898
vt 0.0315551758 0.0497741699
vt 0.0292358398 0.0315246582
vt 0.0315551758 0.0316467285
vt 0.0315551758 0.0119934082
vt 0.0350952148 0.0307769775
vt 0.0375671387 0.0293579102
vt 0.118041992 0.25
vt 0.0946655273 0.248779297
vt 0.09375 0.254394531
vt 0.118041992 0.245117188
vt 0.125366211 0.250488281
vt 0.125976562 0.245239258
vt 0.0953369141 0.241333008
vt 0.126342773 0.237915039
vt 0.118041992 0.23828125
vt 0.0966186523 0.229248047
vt 0.118041992 0.227539062
vt 0.125732422 0.2265625
vt 0.0990600586 0.213378906
vt 0.118041992 0.213134766
vt 0.125244141 0.213500977
vt 0.101257324 0.197631836
vt 0.125244141 0.198974609
vt 0.118041992 0.197753906
vt 0.104492188 0.182006836
vt 0.125854492 0.18359375
vt 0.118041992 0.182739258
vt 0.118041992 0.168334961
vt 0.10736084 0.165771484
vt 0.127807617 0.166870117
vt 0.118041992 0.1484375
vt 0.126586914 0.148681641
vt 0.110656738 0.14465332
vt 0.126098633 0.134765625
vt 0.118041992 0.123962402
vt 0.110900879 0.124023438
vt 0.126220703 0.123901367
vt 0.130371094 0.123168945
vt 0.125488281 0.106506348
vt 0.130249023 0.106689453
vt 0.129272461 0.0878295898
vt 0.118041992 0.104919434
vt 0.124633789 0.0880126953
vt 0.127197266 0.0712890625
vt 0.101806641 0.121337891
vt 0.099609375 0.143310547
vt 0.108764648 0.145874023
vt 0.107055664 0.100830078
vt 0.118041992 0.0872192383
vt 0.109069824 0.0839233398
vt 0.12322998 0.0716552734
vt 0.118041992 0.0711669922
vt 0.111022949 0.0690307617
vt 0.122619629 0.0587463379
vt 0.126342773 0.0584716797
vt 0.124511719 0.0465087891
vt 0.118041992 0.0582275391
vt 0.112243652 0.0559387207
vt 0.121398926 0.0466308594
vt 0.121887207 0.034576416
vt 0.118041992 0.0459594727
vt 0.113525391 0.0440368652
vt 0.119934082 0.0348815918
vt 0.118041992 0.0180511475
vt 0.118041992 0.034362793
vt 0.11505127 0.0331420898
vt 0.154052734 0.203613281
vt 0.149780273 0.198242188
vt 0.149536133 0.205200195
vt 0.154541016 0.196899414
vt 0.150512695 0.188598633
vt 0.161254883 0.203979492
vt 0.155151367 0.188354492
vt 0.150268555 0.174072266
vt 0.161254883 0.197021484
vt 0.166381836 0.197631836
vt 0.167114258 0.205078125
vt 0.171020508 0.200683594
vt 0.171020508 0.208251953
vt 0.171508789 0.189941406
vt 0.165527344 0.188720703
vt 0.171630859 0.173950195
vt 0.161254883 0.188110352
vt 0.155395508 0.174194336
vt 0.165527344 0.174072266
vt 0.155273438 0.156616211
vt 0.149658203 0.156616211
vt 0.161254883 0.173950195
vt 0.165893555 0.155029297
vt 0.170898438 0.153076172
vt 0.161254883 0.155639648
vt 0.155151367 0.137451172
vt 0.14831543 0.137573242
vt 0.166259766 0.134643555
vt 0.170532227 0.133178711
vt 0.166992188 0.112976074
vt 0.161254883 0.135742188
vt 0.154541016 0.116333008
vt 0.146362305 0.117492676
vt 0.145019531 0.0953369141
vt 0.161254883 0.114379883
vt 0.153930664 0.0949707031
vt 0.148925781 0.0697021484
vt 0.161254883 0.0932617188
vt 0.167236328 0.0921020508
vt 0.152832031 0.0688476562
vt 0.152099609 0.03515625
vt 0.161254883 0.0657958984
vt 0.166625977 0.0630493164
vt 0.161254883 0.0313415527
vt 0.165771484 0.0291748047
vt 0.732421875 0.454345703
vt 0.730957031 0.454101562
vt 0.731933594 0.463378906
vt 0.73046875 0.442871094
vt 0.728027344 0.443115234
vt 0.728515625 0.429443359
vt 0.721679688 0.428955078
vt 0.7265625 0.414794922
vt 0.723632812 0.443359375
vt 0.720703125 0.415283203
vt 0.723632812 0.399169922
vt 0.71875 0.399414062
vt 0.720214844 0.385986328
vt 0.717285156 0.386474609
vt 0.714355469 0.372802734
vt 0.714355469 0.386962891
vt 0.711425781 0.387207031
vt 0.714355469 0.401123047
vt 0.709472656 0.402099609
vt 0.714355469 0.416015625
vt 0.707519531 0.416259766
vt 0.714355469 0.430175781
vt 0.706054688 0.430908203
vt 0.714355469 0.443359375
vt 0.705566406 0.443359375
vt 0.723632812 0.450683594
vt 0.714355469 0.450683594
vt 0.714355469 0.462646484
vt 0.723632812 0.462646484
vt 0.723632812 0.470458984
vt 0.714355469 0.470458984
vt 0.714355469 0.475830078
vt 0.723632812 0.475830078
vt 0.714355469 0.482421875
vt 0.723632812 0.482421875
vt 0.714355469 0.488037109
vt 0.723632812 0.488037109
vt 0.714355469 0.491943359
vt 0.723632812 0.491943359
vt 0.714355469 0.494873047
vt 0.723632812 0.494873047
vt 0.0710449219 0.254394531
vt 0.0640258789 0.251220703
vt 0.0654907227 0.260009766
vt 0.0710449219 0.245483398
vt 0.0844726562 0.245361328
vt 0.0616760254 0.239135742
vt 0.0842285156 0.239868164
vt 0.0710449219 0.235717773
vt 0.0839233398 0.232666016
vt 0.0602416992 0.223144531
vt 0.0710449219 0.222412109
vt 0.0845947266 0.220825195
vt 0.0710449219 0.206787109
vt 0.0600280762 0.205200195
vt 0.0860595703 0.204956055
vt 0.0710449219 0.189331055
vt 0.0598449707 0.189208984
vt 0.0863647461 0.189208984
vt 0.0710449219 0.172485352
vt 0.0875854492 0.172973633
vt 0.0595397949 0.171020508
vt 0.0885620117 0.155639648
vt 0.0710449219 0.154907227
vt 0.0601196289 0.154174805
vt 0.0710449219 0.132324219
vt 0.0892944336 0.132080078
vt 0.0587463379 0.131347656
vt 0.0878295898 0.108825684
vt 0.0710449219 0.108581543
vt 0.0592346191 0.107543945
vt 0.0858154297 0.0850219727
vt 0.0710449219 0.0841064453
vt 0.0615234375 0.0827636719
vt 0.0824584961 0.0617675781
vt 0.0710449219 0.059753418
vt 0.0647583008 0.0581665039
vt 0.0770263672 0.0372314453
vt 0.0710449219 0.0372314453
vt 0.067199707 0.0369567871
vt 0.0710449219 0.0138168335
vt 0.283935547 0.104614258
vt 0.273925781 0.0881958008
vt 0.273925781 0.104858398
vt 0.283935547 0.0883178711
vt 0.294433594 0.103210449
vt 0.294677734 0.088684082
vt 0.274414062 0.0763549805
vt 0.29296875 0.075012207
vt 0.283935547 0.0743408203
vt 0.277587891 0.063659668
vt 0.291992188 0.0634155273
vt 0.283935547 0.0626220703
vt 0.280517578 0.052947998
vt 0.291748047 0.0522766113
vt 0.283935547 0.0520629883
vt 0.28125 0.044342041
vt 0.283935547 0.0432739258
vt 0.290527344 0.0423583984
vt 0.281494141 0.0360717773
vt 0.283935547 0.0350646973
vt 0.288818359 0.0335998535
vt 0.282226562 0.0276031494
vt 0.283935547 0.0270080566
vt 0.286865234 0.0262145996
vt 0.283935547 0.0160827637
vt 0.189819336 0.183349609
vt 0.183349609 0.202758789
vt 0.184570312 0.182250977
vt 0.188598633 0.203369141
vt 0.182983398 0.232543945
vt 0.196533203 0.184814453
vt 0.18762207 0.232910156
vt 0.195068359 0.205688477
vt 0.204833984 0.188598633
vt 0.194335938 0.231811523
vt 0.192016602 0.246948242
vt 0.198974609 0.262939453
vt 0.204833984 0.208862305
vt 0.213867188 0.190673828
vt 0.212890625 0.208740234
vt 0.212524414 0.224853516
vt 0.204833984 0.228637695
vt 0.210571289 0.259765625
vt 0.204833984 0.261230469
vt 0.204833984 0.284912109
vt 0.0725097656 0.685058594
vt 0.0755615234 0.68359375
vt 0.075012207 0.687011719
vt 0.0725097656 0.682617188
vt 0.0655517578 0.685058594
vt 0.0646362305 0.682128906
vt 0.0759277344 0.678710938
vt 0.0725097656 0.678710938
vt 0.0635375977 0.677734375
vt 0.0725097656 0.671875
vt 0.0778808594 0.672363281
vt 0.0625 0.671875
vt 0.0785522461 0.666015625
vt 0.0725097656 0.664550781
vt 0.0616455078 0.664550781
vt 0.0785522461 0.659667969
vt 0.0725097656 0.659179688
vt 0.0615234375 0.658203125
vt 0.0798339844 0.653808594
vt 0.0725097656 0.65234375
vt 0.0637207031 0.649414062
vt 0.0830688477 0.643554688
vt 0.0725097656 0.639160156
vt 0.0667724609 0.637207031
vt 0.0849609375 0.62890625
vt 0.0725097656 0.62890625
vt 0.0676879883 0.629394531
vt 0.0675048828 0.615234375
vt 0.0725097656 0.614257812
vt 0.083190918 0.614257812
vt 0.0686645508 0.600097656
vt 0.0799560547 0.599609375
vt 0.0725097656 0.600097656
vt 0.0702514648 0.584960938
vt 0.0774536133 0.5859375
vt 0.0725097656 0.584960938
vt 0.0709838867 0.574707031
vt 0.0756225586 0.575195312
vt 0.0725097656 0.574707031
vt 0.0725097656 0.564453125
vt 0.0177612305 0.251220703
vt 0.0272064209 0.255126953
vt 0.0200042725 0.260009766
vt 0.0250854492 0.247802734
vt 0.0132064819 0.239624023
vt 0.0315551758 0.24621582
vt 0.0315551758 0.255859375
vt 0.0388183594 0.249755859
vt 0.0409545898 0.240844727
vt 0.0220031738 0.235839844
vt 0.0104064941 0.222167969
vt 0.0315551758 0.233032227
vt 0.0433959961 0.23059082
vt 0.0213165283 0.21887207
vt 0.00672149658 0.203125
vt 0.0315551758 0.217529297
vt 0.0438232422 0.216430664
vt 0.0202484131 0.202636719
vt 0.0315551758 0.202148438
vt 0.0430297852 0.200439453
vt 0.0315551758 0.18737793
vt 0.0424499512 0.186889648
vt 0.0428466797 0.169799805
vt 0.0197601318 0.186035156
vt 0.00691986084 0.184082031
vt 0.0315551758 0.16809082
vt 0.0419921875 0.152587891
vt 0.0189666748 0.16809082
vt 0.00784301758 0.167236328
vt 0.0315551758 0.150146484
vt 0.0415039062 0.128540039
vt 0.0200805664 0.149047852
vt 0.0121688843 0.146728516
vt 0.0315551758 0.127197266
vt 0.0225982666 0.12487793
vt 0.0166320801 0.122924805
vt 0.039855957 0.102416992
vt 0.049987793 0.126831055
vt 0.045501709 0.101501465
vt 0.0237731934 0.101318359
vt 0.0191650391 0.100280762
vt 0.0315551758 0.102111816
vt 0.0372009277 0.0751953125
vt 0.0421142578 0.0751342773
vt 0.0257263184 0.0748901367
vt 0.0220489502 0.0745239258
vt 0.0283813477 0.0498962402
vt 0.0315551758 0.0751342773
vt 0.0374450684 0.0496826172
vt 0.0411071777 0.0487670898
vt 0.0315551758 0.0497741699
vt 0.0292358398 0.0315246582
vt 0.0315551758 0.0316467285
vt 0.0315551758 0.0119934082
vt 0.0350952148 0.0307769775
vt 0.0375671387 0.0293579102
vt 0.0946655273 0.248779297
vt 0.118041992 0.25
vt 0.09375 0.254394531
vt 0.118041992 0.245117188
vt 0.125366211 0.250488281
vt 0.125976562 0.245239258
vt 0.0953369141 0.241333008
vt 0.126342773 0.237915039
vt 0.118041992 0.23828125
vt 0.0966186523 0.229248047
vt 0.118041992 0.227539062
vt 0.125732422 0.2265625
vt 0.0990600586 0.213378906
vt 0.118041992 0.213134766
vt 0.125244141 0.213500977
vt 0.101257324 0.197631836
vt 0.125244141 0.198974609
vt 0.118041992 0.197753906
vt 0.104492188 0.182006836
vt 0.125854492 0.18359375
vt 0.118041992 0.182739258
vt 0.118041992 0.168334961
vt 0.10736084 0.165771484
vt 0.127807617 0.166870117
vt 0.118041992 0.1484375
vt 0.126586914 0.148681641
vt 0.110656738 0.14465332
vt 0.126098633 0.134765625
vt 0.118041992 0.123962402
vt 0.110900879 0.124023438
vt 0.126220703 0.123901367
vt 0.130371094 0.123168945
vt 0.125488281 0.106506348
vt 0.130249023 0.106689453
vt 0.129272461 0.0878295898
vt 0.118041992 0.104919434
vt 0.124633789 0.0880126953
vt 0.127197266 0.0712890625
vt 0.101806641 0.121337891
vt 0.099609375 0.143310547
vt 0.108764648 0.145874023
vt 0.107055664 0.100830078
vt 0.118041992 0.0872192383
vt 0.109069824 0.0839233398
vt 0.12322998 0.0716552734
vt 0.118041992 0.0711669922
vt 0.111022949 0.0690307617
vt 0.122619629 0.0587463379
vt 0.126342773 0.0584716797
vt 0.124511719 0.0465087891
vt 0.118041992 0.0582275391
vt 0.112243652 0.0559387207
vt 0.121398926 0.0466308594
vt 0.121887207 0.034576416
vt 0.118041992 0.0459594727
vt 0.113525391 0.0440368652
vt 0.119934082 0.0348815918
vt 0.118041992 0.0180511475
vt 0.118041992 0.034362793
vt 0.11505127 0.0331420898
vt 0.149780273 0.198242188
vt 0.154052734 0.203613281
vt 0.149536133 0.205200195
vt 0.154541016 0.196899414
vt 0.150512695 0.188598633
vt 0.161254883 0.203979492
vt 0.155151367 0.188354492
vt 0.150268555 0.174072266
vt 0.161254883 0.197021484
vt 0.166381836 0.197631836
vt 0.167114258 0.205078125
vt 0.171020508 0.200683594
vt 0.171020508 0.208251953
vt 0.171508789 0.189941406
vt 0.165527344 0.188720703
vt 0.171630859 0.173950195
vt 0.161254883 0.188110352
vt 0.155395508 0.174194336
vt 0.165527344 0.174072266
vt 0.155273438 0.156616211
vt 0.149658203 0.156616211
vt 0.161254883 0.173950195
vt 0.165893555 0.155029297
vt 0.170898438 0.153076172
vt 0.161254883 0.155639648
vt 0.155151367 0.137451172
vt 0.14831543 0.137573242
vt 0.166259766 0.134643555
vt 0.170532227 0.133178711
vt 0.166992188 0.112976074
vt 0.161254883 0.135742188
vt 0.154541016 0.116333008
vt 0.146362305 0.117492676
vt 0.145019531 0.0953369141
vt 0.161254883 0.114379883
vt 0.153930664 0.0949707031
vt 0.148925781 0.0697021484
vt 0.161254883 0.0932617188
vt 0.167236328 0.0921020508
vt 0.152832031 0.0688476562
vt 0.152099609 0.03515625
vt 0.161254883 0.0657958984
vt 0.166625977 0.0630493164
vt 0.161254883 0.0313415527
vt 0.165771484 0.0291748047
vt 0.732421875 0.454345703
vt 0.731933594 0.463378906
vt 0.730957031 0.454101562
vt 0.73046875 0.442871094
vt 0.728027344 0.443115234
vt 0.728515625 0.429443359
vt 0.721679688 0.428955078
vt 0.7265625 0.414794922
vt 0.723632812 0.443359375
vt 0.720703125 0.415283203
vt 0.723632812 0.399169922
vt 0.71875 0.399414062
vt 0.720214844 0.385986328
vt 0.717285156 0.386474609
vt 0.714355469 0.372802734
vt 0.714355469 0.386962891
vt 0.711425781 0.387207031
vt 0.714355469 0.401123047
vt 0.709472656 0.402099609
vt 0.714355469 0.416015625
vt 0.707519531 0.416259766
vt 0.714355469 0.430175781
vt 0.706054688 0.430908203
vt 0.714355469 0.443359375
vt 0.705566406 0.443359375
vt 0.723632812 0.450683594
vt 0.714355469 0.450683594
vt 0.714355469 0.462646484
vt 0.723632812 0.462646484
vt 0.723632812 0.470458984
vt 0.714355469 0.470458984
vt 0.714355469 0.475830078
vt 0.723632812 0.475830078
vt 0.714355469 0.482421875
vt 0.723632812 0.482421875
vt 0.714355469 0.488037109
vt 0.723632812 0.488037109
vt 0.714355469 0.491943359
vt 0.723632812 0.491943359
vt 0.714355469 0.494873047
vt 0.723632812 0.494873047
vt 0.0640258789 0.251220703
vt 0.0710449219 0.254394531
vt 0.0654907227 0.260009766
vt 0.0710449219 0.245483398
vt 0.0844726562 0.245361328
vt 0.0616760254 0.239135742
vt 0.0842285156 0.239868164
vt 0.0710449219 0.235717773
vt 0.0839233398 0.232666016
vt 0.0602416992 0.223144531
vt 0.0710449219 0.222412109
vt 0.0845947266 0.220825195
vt 0.0710449219 0.206787109
vt 0.0600280762 0.205200195
vt 0.0860595703 0.204956055
vt 0.0710449219 0.189331055
vt 0.0598449707 0.189208984
vt 0.0863647461 0.189208984
vt 0.0710449219 0.172485352
vt 0.0875854492 0.172973633
vt 0.0595397949 0.171020508
vt 0.0885620117 0.155639648
vt 0.0710449219 0.154907227
vt 0.0601196289 0.154174805
vt 0.0710449219 0.132324219
vt 0.0892944336 0.132080078
vt 0.0587463379 0.131347656
vt 0.0878295898 0.108825684
vt 0.0710449219 0.108581543
vt 0.0592346191 0.107543945
vt 0.0858154297 0.0850219727
vt 0.0710449219 0.0841064453
vt 0.0615234375 0.0827636719
vt 0.0824584961 0.0617675781
vt 0.0710449219 0.059753418
vt 0.0647583008 0.0581665039
vt 0.0770263672 0.0372314453
vt 0.0710449219 0.0372314453
vt 0.067199707 0.0369567871
vt 0.0710449219 0.0138168335
vt 0.273925781 0.0881958008
vt 0.283935547 0.104614258
vt 0.273925781 0.104858398
vt 0.283935547 0.0883178711
vt 0.294433594 0.103210449
vt 0.294677734 0.088684082
vt 0.274414062 0.0763549805
vt 0.29296875 0.075012207
vt 0.283935547 0.0743408203
vt 0.277587891 0.063659668
vt 0.291992188 0.0634155273
vt 0.283935547 0.0626220703
vt 0.280517578 0.052947998
vt 0.291748047 0.0522766113
vt 0.283935547 0.0520629883
vt 0.28125 0.044342041
vt 0.283935547 0.0432739258
vt 0.290527344 0.0423583984
vt 0.281494141 0.0360717773
vt 0.283935547 0.0350646973
vt 0.288818359 0.0335998535
vt 0.282226562 0.0276031494
vt 0.283935547 0.0270080566
vt 0.286865234 0.0262145996
vt 0.283935547 0.0160827637
vt 0.10333252 0.736328125
vt 0.0955810547 0.733886719
vt 0.0996704102 0.719726562
vt 0.0978393555 0.716796875
vt 0.10333252 0.708496094
vt 0.10333252 0.719726562
vt 0.107055664 0.719726562
vt 0.178588867 0.766601562
vt 0.174560547 0.765625
vt 0.180175781 0.729492188
vt 0.181884766 0.766601562
vt 0.189331055 0.728027344
vt 0.183227539 0.728027344
vt 0.181152344 0.702636719
vt 0.185302734 0.727539062
vt 0.189331055 0.701660156
vt 0.18359375 0.702148438
vt 0.181274414 0.685546875
vt 0.185668945 0.701660156
vt 0.188354492 0.685546875
vt 0.183227539 0.685546875
vt 0.185302734 0.685546875
vt 0.187988281 0.668945312
vt 0.18371582 0.668945312
vt 0.182006836 0.668945312
vt 0.185546875 0.668945312
vt 0.18359375 0.652832031
vt 0.181640625 0.651855469
vt 0.183837891 0.641601562
vt 0.185546875 0.652832031
vt 0.188232422 0.651367188
vt 0.0315551758 0.791503906
vt 0.0516052246 0.819335938
vt 0.0530700684 0.78515625
vt 0.0315551758 0.827636719
vt 0.00919342041 0.81640625
vt 0.0106735229 0.78125
vt 0.0315551758 0.756347656
vt 0.0540466309 0.75
vt 0.01222229 0.75
vt 0.0315551758 0.720214844
vt 0.0118408203 0.719238281
vt 0.0562744141 0.714355469
vt 0.0105667114 0.690917969
vt 0.0315551758 0.6875
vt 0.0545043945 0.681640625
vt 0.0104522705 0.661132812
vt 0.0315551758 0.65625
vt 0.0523681641 0.651855469
vt 0.0112075806 0.625488281
vt 0.0315551758 0.624023438
vt 0.050994873 0.623046875
vt 0.0141067505 0.599609375
vt 0.0493164062 0.59765625
vt 0.0315551758 0.594726562
vt 0.0182647705 0.573730469
vt 0.0472412109 0.57421875
vt 0.0315551758 0.57421875
vt 0.0208587646 0.555175781
vt 0.0426635742 0.554199219
vt 0.0315551758 0.555175781
vt 0.0245056152 0.540039062
vt 0.0386352539 0.5390625
vt 0.0315551758 0.540039062
vt 0.0315551758 0.518554688
vt 0.370117188 0.48046875
vt 0.379882812 0.506835938
vt 0.373535156 0.477294922
vt 0.367675781 0.462646484
vt 0.375 0.508789062
vt 0.386230469 0.53515625
vt 0.367675781 0.484863281
vt 0.379638672 0.537109375
vt 0.388916016 0.560058594
vt 0.362060547 0.485351562
vt 0.358886719 0.483886719
vt 0.353759766 0.510253906
vt 0.367675781 0.510253906
vt 0.381835938 0.561523438
vt 0.390869141 0.595703125
vt 0.359130859 0.510742188
vt 0.367675781 0.538574219
vt 0.356445312 0.538574219
vt 0.349121094 0.537597656
vt 0.383056641 0.595703125
vt 0.390136719 0.633300781
vt 0.367675781 0.564941406
vt 0.354980469 0.56640625
vt 0.345947266 0.565429688
vt 0.367675781 0.596679688
vt 0.352783203 0.599609375
vt 0.343017578 0.600097656
vt 0.379882812 0.633300781
vt 0.352294922 0.637207031
vt 0.343017578 0.640136719
vt 0.367675781 0.633789062
vt 0.37890625 0.666503906
vt 0.389892578 0.666503906
vt 0.353271484 0.671386719
vt 0.346435547 0.675292969
vt 0.367675781 0.667480469
vt 0.379638672 0.700683594
vt 0.356201172 0.706542969
vt 0.351074219 0.709472656
vt 0.367675781 0.702636719
vt 0.391113281 0.701171875
vt 0.394042969 0.702148438
vt 0.358398438 0.737304688
vt 0.353515625 0.738769531
vt 0.367675781 0.735839844
vt 0.380615234 0.734375
vt 0.391357422 0.734375
vt 0.396972656 0.735839844
vt 0.358642578 0.76953125
vt 0.353515625 0.770996094
vt 0.367675781 0.768554688
vt 0.380615234 0.768554688
vt 0.391113281 0.769042969
vt 0.396240234 0.770019531
vt 0.360839844 0.806152344
vt 0.357910156 0.807128906
vt 0.361816406 0.833984375
vt 0.367675781 0.805664062
vt 0.367675781 0.833007812
vt 0.361816406 0.855957031
vt 0.381347656 0.806152344
vt 0.390625 0.807128906
vt 0.396484375 0.809082031
vt 0.367675781 0.856933594
vt 0.361083984 0.872070312
vt 0.382568359 0.833984375
vt 0.390625 0.835449219
vt 0.396972656 0.837402344
vt 0.393310547 0.860351562
vt 0.367675781 0.872558594
vt 0.360839844 0.894042969
vt 0.381347656 0.860351562
vt 0.389404297 0.861328125
vt 0.388427734 0.87890625
vt 0.379638672 0.875
vt 0.367675781 0.894042969
vt 0.361572266 0.916992188
vt 0.377197266 0.896972656
vt 0.384033203 0.899414062
vt 0.367675781 0.916992188
vt 0.361328125 0.934570312
vt 0.376953125 0.91796875
vt 0.384277344 0.919433594
vt 0.367675781 0.935058594
vt 0.361083984 0.94921875
vt 0.375976562 0.936035156
vt 0.383544922 0.937011719
vt 0.382080078 0.950683594
vt 0.367675781 0.950683594
vt 0.361328125 0.962890625
vt 0.375 0.950683594
vt 0.380371094 0.963867188
vt 0.374267578 0.963378906
vt 0.378173828 0.973632812
vt 0.367675781 0.963378906
vt 0.362060547 0.975585938
vt 0.373535156 0.974609375
vt 0.375244141 0.982910156
vt 0.367675781 0.975097656
vt 0.371582031 0.982910156
vt 0.367675781 0.983886719
vt 0.361572266 0.984375
vt 0.362304688 0.990234375
vt 0.367675781 0.990234375
vt 0.367675781 0.995117188
vt 0.848632812 0.520996094
vt 0.85546875 0.531738281
vt 0.854492188 0.51953125
vt 0.853027344 0.510253906
vt 0.848632812 0.532714844
vt 0.856933594 0.545898438
vt 0.848632812 0.509277344
vt 0.850585938 0.502929688
vt 0.848632812 0.501464844
vt 0.848632812 0.497070312
vt 0.844726562 0.509277344
vt 0.846679688 0.500976562
vt 0.844238281 0.500976562
vt 0.841308594 0.510742188
vt 0.842285156 0.520996094
vt 0.83984375 0.521972656
vt 0.840332031 0.534179688
vt 0.837402344 0.53515625
vt 0.848632812 0.546386719
vt 0.838378906 0.547363281
vt 0.834960938 0.547851562
vt 0.848632812 0.566894531
vt 0.858886719 0.567382812
vt 0.835449219 0.566894531
vt 0.831054688 0.56640625
vt 0.826660156 0.583984375
vt 0.848632812 0.583984375
vt 0.859863281 0.583984375
vt 0.860839844 0.594726562
vt 0.83203125 0.584472656
vt 0.824707031 0.596191406
vt 0.848632812 0.595214844
vt 0.861328125 0.60546875
vt 0.830566406 0.596679688
vt 0.82421875 0.608398438
vt 0.848632812 0.606445312
vt 0.860839844 0.615722656
vt 0.830078125 0.608886719
vt 0.822753906 0.616210938
vt 0.848632812 0.616210938
vt 0.859863281 0.627441406
vt 0.848632812 0.626953125
vt 0.830566406 0.617675781
vt 0.820800781 0.628417969
vt 0.829589844 0.62890625
vt 0.940917969 0.500976562
vt 0.948242188 0.510253906
vt 0.943847656 0.498779297
vt 0.938964844 0.491455078
vt 0.942871094 0.513183594
vt 0.952636719 0.525390625
vt 0.938964844 0.501464844
vt 0.935546875 0.5
vt 0.934570312 0.512207031
vt 0.938964844 0.514160156
vt 0.935058594 0.52734375
vt 0.938964844 0.528320312
vt 0.935058594 0.545410156
vt 0.946777344 0.527832031
vt 0.95703125 0.54296875
vt 0.938964844 0.545898438
vt 0.950683594 0.544921875
vt 0.9609375 0.568847656
vt 0.953613281 0.5703125
vt 0.963867188 0.599121094
vt 0.938964844 0.571777344
vt 0.934082031 0.572265625
vt 0.953613281 0.599609375
vt 0.94921875 0.63671875
vt 0.938964844 0.604980469
vt 0.933105469 0.605957031
vt 0.938964844 0.638183594
vt 0.933105469 0.638671875
vt 0.943847656 0.670410156
vt 0.934570312 0.668945312
vt 0.938964844 0.670410156
vt 0.938964844 0.695800781
vt 0.370849609 0.0357055664
vt 0.377685547 0.0238037109
vt 0.375244141 0.0220336914
vt 0.380615234 0.0137786865
vt 0.375244141 0.0358276367
vt 0.373046875 0.051361084
vt 0.366210938 0.0523071289
vt 0.374755859 0.0717773438
vt 0.36328125 0.0736694336
vt 0.380615234 0.104187012
vt 0.361083984 0.104492188
vt 0.359375 0.135498047
vt 0.380615234 0.0718383789
vt 0.380615234 0.0487670898
vt 0.380615234 0.0328369141
vt 0.380615234 0.0220031738
vt 0.385742188 0.0319213867
vt 0.383789062 0.0203857422
vt 0.386962891 0.0203094482
vt 0.391357422 0.033203125
vt 0.390869141 0.0482177734
vt 0.397216797 0.0482177734
vt 0.396484375 0.0700683594
vt 0.405273438 0.0688476562
vt 0.403076172 0.101867676
vt 0.413574219 0.0994873047
vt 0.422607422 0.133789062
vt 0.408447266 0.138061523
vt 0.410644531 0.170898438
vt 0.380615234 0.138916016
vt 0.359863281 0.16394043
vt 0.380615234 0.170043945
vt 0.356689453 0.188720703
vt 0.380615234 0.196899414
vt 0.412109375 0.199584961
vt 0.355224609 0.210571289
vt 0.380615234 0.21862793
vt 0.409179688 0.223876953
vt 0.355957031 0.233886719
vt 0.380615234 0.242675781
vt 0.407226562 0.247924805
vt 0.357421875 0.263671875
vt 0.380615234 0.273681641
vt 0.403076172 0.277587891
vt 0.366943359 0.302490234
vt 0.380615234 0.307617188
vt 0.401123047 0.309814453
vt 0.370849609 0.334228516
vt 0.380615234 0.33984375
vt 0.396484375 0.341552734
vt 0.369628906 0.362548828
vt 0.389892578 0.369628906
vt 0.380615234 0.371337891
vt 0.367431641 0.379882812
vt 0.387695312 0.385253906
vt 0.380615234 0.38671875
vt 0.365966797 0.407470703
vt 0.388671875 0.406005859
vt 0.380615234 0.407226562
vt 0.528808594 0.121032715
vt 0.551269531 0.149169922
vt 0.551757812 0.121826172
vt 0.552246094 0.0957641602
vt 0.528808594 0.151855469
vt 0.554199219 0.180664062
vt 0.528808594 0.0938720703
vt 0.548339844 0.0693359375
vt 0.528808594 0.185668945
vt 0.556640625 0.213500977
vt 0.528808594 0.0698242188
vt 0.54296875 0.0517272949
vt 0.528808594 0.220581055
vt 0.556640625 0.245727539
vt 0.528808594 0.0514831543
vt 0.536132812 0.0322875977
vt 0.528808594 0.253417969
vt 0.558105469 0.2734375
vt 0.528808594 0.0317993164
vt 0.528808594 0.0187988281
vt 0.525878906 0.0319519043
vt 0.5234375 0.0318603516
vt 0.522460938 0.0520324707
vt 0.517578125 0.0519714355
vt 0.520019531 0.0708618164
vt 0.513671875 0.0708618164
vt 0.517089844 0.0938110352
vt 0.510253906 0.0939941406
vt 0.514160156 0.12109375
vt 0.5078125 0.122314453
vt 0.512695312 0.153808594
vt 0.505859375 0.154785156
vt 0.512695312 0.188354492
vt 0.50390625 0.187866211
vt 0.502441406 0.219848633
vt 0.512695312 0.22253418
vt 0.501464844 0.248168945
vt 0.513183594 0.252197266
vt 0.500488281 0.272216797
vt 0.513183594 0.276123047
vt 0.499267578 0.294921875
vt 0.528808594 0.279296875
vt 0.55859375 0.299072266
vt 0.513183594 0.298828125
vt 0.5 0.326416016
vt 0.512695312 0.331298828
vt 0.528808594 0.303222656
vt 0.556152344 0.332763672
vt 0.528808594 0.3359375
vt 0.677246094 0.381591797
vt 0.687988281 0.380859375
vt 0.687988281 0.368652344
vt 0.69140625 0.384033203
vt 0.687988281 0.409423828
vt 0.693847656 0.408447266
vt 0.672851562 0.410888672
vt 0.697265625 0.435302734
vt 0.687988281 0.435791016
vt 0.671386719 0.436279297
vt 0.687988281 0.464111328
vt 0.666015625 0.4609375
vt 0.695800781 0.465820312
vt 0.655761719 0.494140625
vt 0.687988281 0.495849609
vt 0.696289062 0.49609375
vt 0.696777344 0.505859375
vt 0.653320312 0.506347656
vt 0.687988281 0.506347656
vt 0.697265625 0.517578125
vt 0.687988281 0.519042969
vt 0.654785156 0.51953125
vt 0.697265625 0.529785156
vt 0.658203125 0.530761719
vt 0.687988281 0.531738281
vt 0.697753906 0.539550781
vt 0.662597656 0.541015625
vt 0.687988281 0.541503906
vt 0.698730469 0.549316406
vt 0.6640625 0.549316406
vt 0.687988281 0.55078125
vt 0.986328125 0.502441406
vt 0.990234375 0.502441406
vt 0.990234375 0.491943359
vt 0.993164062 0.501464844
vt 0.993652344 0.512207031
vt 0.990234375 0.513183594
vt 0.984375 0.513671875
vt 0.993652344 0.523925781
vt 0.990234375 0.524902344
vt 0.982421875 0.524902344
vt 0.993652344 0.536621094
vt 0.990234375 0.536621094
vt 0.981445312 0.537109375
vt 0.990234375 0.553222656
vt 0.993164062 0.554199219
vt 0.978515625 0.552734375
vt 0.990234375 0.575195312
vt 0.977539062 0.574707031
vt 0.994140625 0.575683594
vt 0.976074219 0.58984375
vt 0.990234375 0.591308594
vt 0.994140625 0.591796875
vt 0.975097656 0.60546875
vt 0.990234375 0.606445312
vt 0.994628906 0.607421875
vt 0.973632812 0.619628906
vt 0.990234375 0.622558594
vt 0.994628906 0.623046875
vt 0.973144531 0.635253906
vt 0.990234375 0.637695312
vt 0.994628906 0.638671875
vt 0.974121094 0.651367188
vt 0.990234375 0.650390625
vt 0.990234375 0.656738281
vt 0.994628906 0.650878906
vt 0.976074219 0.657226562
vt 0.993652344 0.656738281
vt 0.979003906 0.663085938
vt 0.993164062 0.662109375
vt 0.990234375 0.662109375
vt 1.98632812 0.502441406
vt 1.99023438 0.491943359
vt 1.99023438 0.502441406
vt 1.99316406 0.501464844
vt 1.99316406 0.512207031
vt 1.99023438 0.513183594
vt 1.984375 0.513671875
vt 1.99414062 0.523925781
vt 1.99023438 0.524902344
vt 1.98242188 0.524902344
vt 1.99316406 0.536621094
vt 1.99023438 0.536621094
vt 1.98144531 0.537109375
vt 1.99023438 0.553222656
vt 1.99316406 0.554199219
vt 1.97851562 0.552734375
vt 1.99023438 0.575195312
vt 1.97753906 0.574707031
vt 1.99414062 0.575683594
vt 1.9765625 0.58984375
vt 1.99023438 0.591308594
vt 1.99414062 0.591796875
vt 1.97460938 0.60546875
vt 1.99023438 0.606445312
vt 1.99511719 0.607421875
vt 1.97363281 0.619628906
vt 1.99023438 0.622558594
vt 1.99414062 0.623046875
vt 1.97363281 0.635253906
vt 1.99023438 0.637695312
vt 1.99511719 0.638671875
vt 1.97460938 0.651367188
vt 1.99023438 0.650390625
vt 1.99023438 0.656738281
vt 1.99414062 0.650878906
vt 1.97558594 0.657226562
vt 1.99414062 0.656738281
vt 1.97949219 0.663085938
vt 1.99316406 0.662109375
vt 1.99023438 0.662109375
vn 0.253354967 0.767660797 0.588649452
vn 0.807144523 0.523125708 0.273600489
vn 0.869828522 0.409779549 0.274734408
vn 0.203869507 0.857497752 0.472371519
vn 0.691197217 0.664791465 0.283370286
vn -0.662353396 0.602922916 0.44471544
vn -0.776380777 0.399564117 0.487423271
vn 0.0814788565 0.941206992 0.327857673
vn 0.498417288 0.845488489 0.19164905
vn -0.861860693 0.348653764 0.368288934
vn -0.916386425 0.151919678 0.37034601
vn -0.850067317 0.457867712 0.26027444
vn -0.669189334 0.687738597 0.281427383
vn -0.770367742 0.629525721 0.101148345
vn -0.583498478 0.805565596 0.102925017
vn -0.72320509 0.687067091 -0.0700938255
vn 0.0614814535 0.988259077 0.139871135
vn -0.522992373 0.851145804 -0.0450534299
vn -0.715383232 0.672529459 -0.189554751
vn 0.0692436695 0.995647848 0.0623750761
vn 0.369595438 0.917938948 0.144178003
vn -0.476610243 0.868324816 -0.137312308
vn -0.726959586 0.64753896 -0.228523523
vn 0.080549024 0.996692896 -0.0107288379
vn 0.325556099 0.944051147 0.0527318902
vn -0.486772329 0.849720299 -0.202553958
vn -0.759374261 0.616945624 -0.206709519
vn 0.0601375289 0.989533246 -0.131177112
vn 0.314186007 0.944563091 -0.0953301936
vn 0.351737797 0.909996092 -0.219516709
vn -0.553087294 0.80433774 -0.217106432
vn -0.77208358 0.620910048 -0.135490656
vn 0.0275860727 0.972949028 -0.229366809
vn 0.350203782 0.864510834 -0.360524952
vn -0.595037043 0.784947157 -0.172594592
vn -0.784925163 0.617958784 -0.0449389592
vn -0.0015113845 0.947266757 -0.320442557
vn 0.443127096 0.748989403 -0.492598444
vn -0.597232223 0.788103461 -0.149018601
vn -0.787475884 0.615741789 -0.0272732265
vn 0.0788829178 0.90564841 -0.416627526
vn 0.466054052 0.646803081 -0.60368818
vn -0.601021886 0.782623529 -0.162089974
vn -0.305416048 0.865329385 -0.397399157
vn 0.0690869018 0.861152232 -0.503630519
vn 0.0783989802 -0.767691553 -0.6360057
vn -0.0401125178 -0.737897456 -0.673719764
vn -0.0910576582 -0.762456775 -0.640599847
vn 0.0955623314 -0.772825539 -0.627382219
vn 0.289160073 -0.754978299 -0.588552594
vn -0.0860882699 -0.723612845 -0.684816241
vn 0.224264085 -0.79137814 -0.568705797
vn -0.0725435466 -0.800125062 -0.595430374
vn -0.248291343 -0.742546678 -0.62207377
vn -0.00838208664 -0.849115312 -0.528141081
vn -0.266480327 -0.82201153 -0.50327456
vn -0.428287685 -0.786960244 -0.444143385
vn -0.203020379 -0.877120435 -0.435249865
vn -0.403196514 -0.844563723 -0.352341652
vn -0.332015187 -0.88803786 -0.318048179
vn -0.540455997 -0.81868279 -0.194076553
vn -0.435468048 -0.882741451 -0.176451415
vn -0.344235599 -0.919463634 -0.189969569
vn -0.183484837 -0.979523957 -0.0828616172
vn -0.360217452 -0.932142258 -0.0368001796
vn -0.592852712 -0.805220902 -0.0120417504
vn 0.0799086541 -0.990063131 -0.115713514
vn -0.261989385 -0.964786708 -0.0234124456
vn -0.646443903 -0.761081278 0.053531073
vn 0.312482208 -0.930891335 -0.189198896
vn -0.177617326 -0.983286619 -0.0399949476
vn -0.69603318 -0.709905565 0.107573383
vn 0.510076046 -0.840040326 -0.184809908
vn -0.618732452 -0.781446099 0.0806984529
vn -0.722524226 -0.679873168 0.125424087
vn -0.0479101799 -0.99593699 -0.0762500986
vn 0.314297527 -0.94830507 -0.0439839438
vn 0.758726656 -0.644806385 -0.0925117284
vn -0.36920625 -0.926998854 0.0660298094
vn -0.636669874 -0.769151807 0.0552893877
vn 0.652794242 -0.749527752 0.109853491
vn 0.899033368 -0.410961956 0.151159734
vn -0.0388106555 -0.999164343 0.0128188152
vn -0.322481871 -0.931660235 -0.167375714
vn 0.498931706 -0.863301396 -0.0760122538
vn 0.341460764 -0.904141366 -0.256774336
vn 0.815008461 -0.566875756 0.120055266
vn 0.842446864 -0.495318323 0.211997762
vn 0.873013079 -0.313054651 0.373958707
vn -0.779388666 0.557092369 0.28670764
vn -0.563455343 0.696174145 0.444814026
vn -0.794313252 0.548402548 0.261383206
vn -0.51452142 0.706482649 0.485952586
vn 0.233747914 0.683924973 0.691092253
vn -0.703474581 0.630148172 0.328689426
vn 0.215882316 0.686352372 0.694489062
vn 0.813311338 0.270595878 0.515075147
vn -0.424755394 0.764582813 0.48476392
vn -0.510471761 0.782385945 0.356778353
vn -0.236811563 0.861175954 0.449773669
vn -0.325500309 0.906409919 0.269203842
vn 0.288360983 0.70759207 0.64510572
vn 0.806252956 0.250370532 0.535976529
vn -0.0748958141 0.94454062 0.319740087
vn -0.272000641 0.95436424 0.123306856
vn 0.932611465 -0.0200408734 0.360325128
vn 0.926078618 0.0801522061 0.368719399
vn 0.812998712 0.23697418 0.531861126
vn 0.914449871 -0.0464113913 0.402029127
vn 0.402330458 0.737615883 0.542266667
vn 0.856339574 0.247365102 0.4533135
vn 0.930486321 -0.0227825865 0.365617365
vn 0.520846426 0.76065731 0.387452513
vn 0.91985184 0.242587119 0.308259696
vn 0.970268071 0.0135939233 0.241650477
vn 0.996856689 0.0312867165 0.0727868751
vn -0.0190102365 0.987230003 0.158162624
vn 0.618304849 0.761706769 0.193654403
vn 0.968433201 0.220423177 0.116407201
vn 0.993388057 -0.0415057354 -0.107039548
vn -0.0382080637 0.998086929 0.0486059599
vn -0.297478586 0.953546166 0.0474991053
vn 0.980879128 0.181300491 -0.0707552657
vn 0.641204476 0.767338634 0.00695119333
vn 0.956738234 0.19675681 -0.214333117
vn 0.968357503 -0.0686292574 -0.239945188
vn 0.956444263 -0.0529103912 -0.287080079
vn -0.0680076107 0.997684836 5.94349767E-05
vn -0.341891915 0.939573705 0.0176374074
vn -0.455888331 0.890036821 -0.0004771557
vn 0.599654377 0.792047083 -0.114350118
vn 0.930477977 0.254335672 -0.263673991
vn 0.968254566 -0.0130304135 -0.249626577
vn -0.12745811 0.991656184 -0.0192979276
vn -0.684094906 0.727491438 -0.0526330099
vn 0.562948704 0.814275682 -0.141576201
vn 0.909738302 0.356863439 -0.212189898
vn 0.939280093 0.314815164 -0.136543959
vn -0.311139166 0.947004259 -0.0798455253
vn -0.784545541 0.564918041 -0.255648017
vn 0.475812852 0.871367812 -0.119667754
vn 0.733865321 0.675493836 -0.0717621222
vn 0.734638512 0.677015722 0.0442264676
vn -0.507358789 0.829405069 -0.233825222
vn -0.833251953 0.319055438 -0.451547205
vn 0.241234794 0.963299453 -0.117728859
vn 0.287433624 0.955466628 0.0668237358
vn 0.332938612 0.891189873 0.308111161
vn -0.720541716 0.512008309 -0.467618585
vn -0.671741068 -0.136934042 -0.728019834
vn -0.245717973 0.943692148 -0.22151269
vn -0.585883677 0.114351213 -0.802286804
vn -0.278995931 0.815718949 -0.506718814
vn -0.511806786 0.772893012 -0.375087023
vn -0.0265415795 0.995625615 0.0895826519
vn 0.181005046 -0.813837409 0.552182734
vn 0.507924438 -0.573214829 0.642991185
vn 0.379038304 -0.824004173 0.421125978
vn 0.261749119 -0.436704844 0.86068362
vn 0.558756351 -0.0446919389 0.828126788
vn 0.282213032 -0.0070564542 0.95932585
vn -0.191298291 -0.833917022 0.517675102
vn -0.195695579 -0.430495143 0.881122589
vn -0.157729045 0.0316342525 0.986975551
vn -0.550128102 -0.42065677 0.721392393
vn -0.454308778 -0.826577604 0.332224309
vn -0.518765986 0.0778466612 0.851364613
vn -0.784772336 -0.373186469 0.494837552
vn -0.60194993 -0.777824819 0.180678874
vn -0.752303481 0.0836720988 0.653481841
vn -0.890274346 -0.346386164 0.295682788
vn -0.695476115 -0.710803509 0.105220705
vn -0.883333206 0.0438978523 0.466685623
vn -0.770981014 -0.634447277 -0.0553615727
vn -0.951980114 -0.288194478 0.103334121
vn -0.966528475 0.102365784 0.23525317
vn -0.725827456 -0.665747046 -0.173076048
vn -0.950876653 -0.307348162 -0.0370243751
vn -0.984289825 0.137214348 0.111111514
vn -0.667807162 -0.719171882 -0.191899121
vn -0.948822498 -0.308090866 -0.0693973079
vn -0.985796869 0.156759173 0.0602582209
vn -0.923662126 -0.382500917 -0.023267813
vn -0.635550499 -0.76101625 -0.130114958
vn -0.982779503 0.143807232 0.116033532
vn -0.971927822 -0.207405955 0.111081295
vn -0.721078038 -0.69065094 -0.0552061237
vn -0.859561682 0.440956116 0.258285493
vn -0.829087734 -0.55868727 -0.0219561998
vn -0.965391576 -0.0620770603 0.253309011
vn -0.71369952 0.525727749 0.46286419
vn -0.86518991 -0.498218328 0.0567882396
vn -0.893183708 0.146644339 0.425109893
vn -0.443003833 0.701451242 0.558313251
vn -0.822523773 -0.56362021 0.0760717914
vn -0.892448783 -0.0708221197 0.445555091
vn -0.629325271 0.441721886 0.63939935
vn -0.812326074 -0.577562809 0.0809171125
vn -0.844158173 0.211595505 0.492569178
vn -0.546454251 0.62002027 0.562994361
vn -0.890521288 -0.418471426 0.178475291
vn -0.810005009 -0.585560381 0.0317936465
vn -0.910231113 -0.382120192 0.159572706
vn -0.805967212 -0.591410756 -0.0255013835
vn -0.795376182 0.412662119 0.443944573
vn 0.586028337 0.810274005 -0.00517576514
vn -0.203031361 0.87666899 0.436153293
vn -0.926617622 -0.367149025 0.0811263025
vn -0.82941401 -0.531447709 -0.172150403
vn -0.790496886 0.470287889 0.392356962
vn -0.973366082 -0.217042968 -0.0738302916
vn -0.135877728 0.933923244 0.33064276
vn 0.17992273 0.935904145 0.302838534
vn -0.866538584 0.493454844 0.0749220029
vn -0.997929692 -0.0565264672 0.0306768846
vn -0.798764527 0.560203552 0.219424978
vn -0.11384704 0.975386083 0.188840732
vn 0.249219805 0.959426761 0.131869778
vn -0.00441368762 0.998611569 0.0524916649
vn 0.293998361 0.953092754 -0.0719654858
vn -0.793970883 0.581570506 0.177160785
vn -0.972639799 0.022278918 0.231247485
vn 0.0459979549 0.998750448 0.0195391309
vn 0.351096481 0.928185284 -0.123302005
vn -0.375693709 0.900838792 0.217586294
vn -0.713318646 0.632783771 0.301266044
vn -0.939652324 0.153001785 0.306012899
vn 0.806063652 -0.539916635 -0.242386878
vn 0.784926474 -0.568450212 -0.246485144
vn 0.736913621 -0.591235578 -0.327717602
vn 0.893211782 -0.415766835 -0.171203524
vn 0.913691819 -0.371419072 -0.164970383
vn 0.938736856 -0.29985404 -0.16988425
vn 0.939198256 -0.290222406 -0.183514208
vn 0.926669836 -0.296191186 -0.231417254
vn 0.9185009 -0.3170017 -0.236360162
vn 0.936954379 -0.220609501 -0.271012604
vn 0.928302884 -0.203462839 -0.311217874
vn 0.586028337 0.810274005 -0.00517576514
vn 0.851293027 -0.210910559 -0.480434179
vn 0.838262558 -0.194768175 -0.509295046
vn 0.586515665 0.0302027762 -0.809374571
vn 0.44176206 0.103355892 -0.8911587
vn 0.0824139863 0.234417394 -0.968636394
vn -0.367549598 -0.696572661 -0.616192997
vn 0.257494539 -0.406420946 0.876651943
vn 0.483841002 -0.331416607 0.809975863
vn 0.466311514 -0.274871796 0.840832412
vn 0.240088463 -0.303474098 0.922095895
vn 0.0833075866 -0.0863006562 0.992779911
vn -0.221923277 -0.290355831 0.930829465
vn 0.203070566 -0.119998403 0.97178328
vn -0.203822717 -0.103937164 0.973474979
vn -0.550372183 -0.258744001 0.793814838
vn -0.179198131 0.110276446 0.977612913
vn -0.497941345 -0.0661804527 0.86468178
vn -0.734468818 -0.331510991 0.592162073
vn -0.448417276 0.137256294 0.883222878
vn -0.720027983 -0.0982872322 0.686949372
vn -0.842921376 -0.397129864 0.363003194
vn -0.670636058 0.154984653 0.725415111
vn -0.875455737 -0.124035522 0.467110753
vn -0.875244439 -0.466312736 0.128450766
vn -0.841833174 0.173541486 0.511077523
vn -0.961016893 -0.152631566 0.230543032
vn -0.840069652 -0.542417109 0.00816700421
vn -0.937185407 0.185795084 0.295234978
vn -0.977470398 -0.192616403 0.0863166675
vn -0.969345689 0.191203415 0.15430598
vn -0.792819679 -0.607154489 -0.0529174209
vn -0.972928286 -0.230546504 0.0160902087
vn -0.98096323 0.178192958 0.0771914124
vn -0.967589796 0.242757589 0.0695610493
vn -0.964442253 -0.262976676 -0.0263508279
vn -0.692439735 -0.710470974 -0.12553224
vn -0.925220013 0.328029573 0.190695077
vn -0.954079032 -0.299398929 -0.00966950879
vn -0.612704039 -0.763253033 -0.205033138
vn -0.951017082 -0.302538693 0.0635355935
vn -0.59159261 -0.773518085 -0.227349743
vn -0.85464853 0.349919647 0.383577853
vn -0.722448468 -0.679740608 -0.126573816
vn -0.955368817 -0.178621829 0.235297307
vn -0.768518686 0.389954329 0.507261872
vn -0.92977947 -0.262140781 0.258442193
vn -0.893116653 0.062694937 0.44543463
vn -0.763538003 0.310885966 0.566003203
vn -0.914898992 -0.103472956 0.390196443
vn -0.907193124 -0.353751898 0.227728397
vn -0.745294571 0.340671718 0.573130727
vn -0.549902737 0.564942241 0.615180612
vn -0.657517433 0.559886396 0.504180431
vn -0.929863274 -0.319403946 0.182579666
vn -0.790807009 0.509457767 0.339230031
vn -0.863633692 0.258225471 0.432962447
vn -0.919005454 -0.394161075 0.0081327036
vn -0.667574048 -0.717842162 -0.197604552
vn -0.904448688 0.301085681 0.302191824
vn -0.720070302 0.584408462 0.374119788
vn -0.763246775 0.612033546 0.207048669
vn -0.917314112 -0.38728705 -0.0924318731
vn -0.587071598 -0.768210411 -0.255342364
vn -0.617025614 -0.760154366 -0.203579783
vn -0.931076765 0.332599759 0.149911404
vn -0.785718501 0.609638035 0.10482312
vn -0.472309589 0.875428677 0.10270483
vn -0.953921795 -0.296457738 -0.0463250242
vn -0.609863937 -0.789369822 -0.0704363286
vn -0.97735256 -0.20787251 0.0396371111
vn -0.646612525 -0.74514854 0.163235679
vn -0.699770987 0.704467714 0.118515134
vn -0.511337817 0.85449475 0.0915012732
vn -0.977665424 -0.0554337688 0.202724844
vn -0.826614022 0.546242774 0.135381207
vn -0.591097653 0.804746151 0.0546541549
vn -0.402401447 0.914059043 -0.0506868921
vn -0.406177372 -0.614590466 0.676238358
vn -0.119980663 -0.807969928 0.576878905
vn -0.265895635 -0.867916584 0.419547647
vn -0.194081575 -0.43891263 0.87731868
vn -0.560695171 -0.183442473 0.80744642
vn 0.239909232 -0.689206481 0.683694363
vn -0.308542877 -0.100628361 0.945872664
vn -0.453916997 -0.27527976 0.847455263
vn 0.230612531 -0.398786455 0.887573779
vn -0.243172392 -0.16886659 0.95517081
vn -0.314343303 -0.355301857 0.880311787
vn -0.153332278 -0.135656238 0.978819013
vn 0.527493715 -0.367253959 0.766077518
vn 0.509199262 -0.617541432 0.59946537
vn 0.159342751 -0.132685959 0.978265941
vn 0.14132309 0.0371686257 0.989265561
vn 0.133202866 0.21913819 0.966558576
vn 0.756061673 -0.360459119 0.546296597
vn 0.715648472 -0.615192473 0.33073467
vn 0.512316108 -0.0657087192 0.856279492
vn 0.463654906 0.0529926941 0.884429693
vn 0.417687476 0.0323442332 0.908014953
vn 0.883563995 -0.358244866 0.301621109
vn 0.783853352 -0.612623692 0.101322196
vn 0.713896155 -0.0409509353 0.699053168
vn 0.648250222 0.0337104984 0.760680854
vn 0.639401436 0.0219453033 0.768559873
vn 0.768331409 0.16710332 0.617853701
vn 0.92811501 -0.353583664 0.116537936
vn 0.794202924 -0.607067943 -0.0266498178
vn 0.874685645 -0.0654100776 0.480256647
vn 0.792236149 0.0812676251 0.604778886
vn 0.918868124 0.126028225 0.373896182
vn 0.878671944 0.287603229 0.381077528
vn 0.938435793 -0.345360488 0.00802996848
vn 0.771401465 -0.626856089 -0.109504871
vn 0.967834175 -0.0789075717 0.238894254
vn 0.977461159 0.113076381 0.178279147
vn 0.91799432 0.351127803 0.184379444
vn 0.940707862 -0.325910777 -0.0940789729
vn 0.461490214 -0.868519187 -0.180834994
vn 0.990894079 -0.114027649 0.0715998784
vn 0.998341918 -0.0282710586 -0.0501421802
vn 0.942462683 0.334310621 -0.000704643782
vn 0.989176571 -0.123636447 -0.0790170431
vn 0.982025266 -0.165506184 -0.0907415077
vn 0.982806146 0.18443267 0.0087595731
vn 0.966583729 -0.25427857 -0.0325307138
vn 0.993767142 -0.111346848 -0.00536252279
vn 0.967993677 0.130525053 0.214362919
vn 0.968857527 0.169053182 0.180931121
vn 0.966339648 -0.252431273 0.0496605374
vn 0.899105072 0.215137482 0.381216228
vn 0.876745224 0.283351332 0.388625622
vn 0.967082024 -0.194763079 0.163767472
vn 0.487448782 -0.844629467 -0.221347809
vn 0.573066294 -0.782220006 -0.244390875
vn -0.237170875 -0.921647727 -0.307108343
vn -0.0403836071 -0.99038738 -0.13229467
vn -0.385684341 -0.814800501 -0.432836831
vn 0.756043851 -0.631282628 -0.17285803
vn -0.832189202 -0.438472211 -0.339415967
vn -0.863170803 -0.418060005 -0.283128858
vn -0.0313559286 -0.883875728 -0.466669679
vn -0.545403779 -0.678011477 -0.49278304
vn 0.337262481 -0.818285108 -0.465471238
vn -0.092482172 -0.846453667 -0.524369359
vn 0.0486861356 -0.778717577 -0.625482798
vn 0.812811553 -0.566335618 -0.136386558
vn 0.378387392 -0.80209887 -0.462017775
vn -0.115131788 -0.842116177 -0.526863396
vn 0.949871838 -0.082951434 0.30143398
vn 0.798005044 -0.595994294 -0.0893245041
vn 0.166180998 -0.904122829 -0.393631458
vn -0.293967783 -0.897493303 -0.328768402
vn 0.86291182 0.193079561 0.467015564
vn 0.886177182 0.113871507 0.449136198
vn 0.74462837 -0.667472303 -0.00305016642
vn 0.0800454766 -0.971764147 -0.221962273
vn 0.00503208023 -0.994147301 -0.107915141
vn -0.410261214 -0.884573638 -0.221845314
vn 0.783898711 -0.611621261 0.1068758
vn 0.184360489 -0.980886519 -0.0622336753
vn -0.166610137 -0.976890802 -0.133886337
vn 0.388430357 0.642785132 0.660264432
vn -0.445691228 0.804531813 0.392540336
vn -0.444483429 0.80348295 0.396042436
vn 0.534272432 0.600224614 0.595217109
vn 0.523310721 0.676775634 0.517803729
vn 0.8720209 0.210151285 0.442058891
vn 0.792638838 -0.592957437 0.141862735
vn 0.901906133 0.251937091 0.350846201
vn 0.454366058 -0.887419701 -0.0777025297
vn 0.198054716 -0.969076812 -0.147188634
vn 0.471152872 -0.857328713 -0.207370371
vn 0.609178841 0.706768394 0.359693587
vn 0.461365253 0.749975562 0.474002957
vn 0.500078976 0.797804296 0.336792886
vn 0.387410939 0.91188103 0.135593981
vn 0.821854115 -0.559698164 0.10627272
vn 0.947779953 0.196283191 0.251368314
vn 0.649009049 -0.754293621 -0.0991380662
vn 0.543661773 -0.805692136 -0.235142469
vn 0.636308253 0.739666641 0.219100699
vn 0.973460257 0.115596727 0.197515935
vn 0.871958137 -0.483772993 0.075184375
vn 0.570730329 0.817394972 0.0783093423
vn 0.033696007 0.995747745 -0.0857376903
vn 0.675624788 -0.731653094 -0.0906366929
vn 0.79569453 0.325834781 0.510589719
vn 0.902355671 -0.39653182 0.16886884
vn 0.97309643 0.115505196 0.19935365
vn 0.402162611 0.907745719 0.119427353
vn -0.215243846 0.975290835 -0.0497792587
vn 0.867440104 -0.394610465 0.303035021
vn 0.891441226 0.204565287 0.404333472
vn 0.24506864 0.922581971 0.297966182
vn -0.22187075 0.973353744 0.0579284728
vn -0.26832965 0.963090956 0.0213307366
vn 0.74260515 0.30350709 0.597010076
vn 0.108909048 0.94924736 0.295073211
vn -0.754747152 -0.298962027 -0.583933532
vn -0.93024683 0.267462283 -0.251206487
vn -0.932425618 0.260020643 -0.250941962
vn -0.932457089 0.0247566923 -0.360431552
vn -0.876688898 -0.0419526994 -0.47922501
vn -0.937769711 -0.0250962507 -0.346349716
vn -0.951926231 0.160122618 -0.261146009
vn -0.967195809 -0.013120845 -0.253692925
vn -0.698167682 -0.525384426 -0.486346871
vn -0.938272238 -0.191355795 -0.288146198
vn -0.982989252 -0.133353204 -0.126289815
vn -0.370390207 -0.788531423 -0.490947187
vn -0.437731206 -0.709746361 -0.551952422
vn -0.664631307 -0.599286735 -0.446229517
vn -0.303324848 -0.875918448 -0.375181288
vn -0.640449703 -0.718256831 -0.271902949
vn -0.238268703 -0.949027836 -0.206335366
vn -0.962108195 -0.247943133 -0.113454379
vn -0.975862324 -0.211622894 0.0539314635
vn -0.558263302 -0.823191822 -0.103427477
vn 0.0345711969 -0.994953573 -0.0941916928
vn 0.341744184 -0.935293198 0.0918559432
vn -0.926389813 -0.37150085 0.0615541376
vn -0.867503226 -0.440890938 0.230333224
vn -0.30816856 -0.949669778 0.0562088862
vn -0.477000177 -0.872393668 0.106771283
vn -0.620208561 -0.759982109 0.194341466
vn 0.0453993827 -0.997125089 -0.0606665313
vn -0.754858077 -0.653832197 0.0518918894
vn -0.290572792 -0.955715001 -0.0466512218
vn 0.428891182 -0.862612605 -0.268238485
vn -0.0213614851 -0.941651285 -0.335911483
vn -0.341662019 -0.872493029 -0.34931764
vn 0.425779015 -0.759397686 -0.49196291
vn 0.220950633 -0.779549837 -0.586074173
vn 0.121479452 -0.760775805 -0.637544334
vn 0.347198457 -0.687594414 -0.637704551
vn 0.384418547 -0.890434861 -0.243614733
vn 0.407932609 -0.815190136 -0.411164224
vn 0.467207432 -0.846796989 -0.254267722
vn 0.128548071 -0.990846574 -0.0412135832
vn -0.0340944678 -0.995911598 -0.083653003
vn -0.197995141 -0.980015457 -0.0191720482
vn -0.330409259 -0.936487436 -0.117562257
vn -0.412786275 -0.902004063 -0.126475751
vn -0.483715266 -0.85384798 -0.19225812
vn -0.539202154 -0.78858006 -0.295639187
vn -0.549391806 -0.7766186 -0.308272898
vn -0.49294588 -0.745723128 -0.448220193
vn -0.513149202 -0.747218966 -0.422305346
vn -0.421232104 -0.689031839 -0.589744508
vn -0.369525939 -0.675548017 -0.638032496
vn -0.328401029 -0.633866191 -0.700261652
vn -0.311903358 -0.62886405 -0.712212205
vn -0.754747152 -0.298962027 -0.583933532
vn -0.33801499 -0.641776979 -0.688380897
vn -0.844665945 0.531226099 0.0658651441
vn -0.866288781 0.499145269 0.0199449304
vn -0.863929451 0.497785896 0.0763876215
vn -0.227894291 0.942631721 0.243945792
vn -0.789564192 0.581640542 0.195659369
vn -0.999469578 0.00770007353 0.0316430256
vn -0.547765434 0.772772789 0.320585847
vn -0.0532091111 0.954701722 0.292768627
vn -0.847466409 0.452231884 0.278005391
vn -0.438051522 0.785263658 0.437574953
vn 0.121284381 0.903200567 0.411726624
vn -0.804367125 0.470620573 0.362642884
vn 0.415312499 0.78505522 0.459569156
vn 0.681065142 0.655482113 0.326333165
vn 0.972752631 0.194958895 -0.125472546
vn -0.391274899 0.707102656 0.58899039
vn -0.714660168 0.477648228 0.510992289
vn 0.670082688 0.632994533 0.387694538
vn 0.556878686 0.714414597 0.42367208
vn -0.417967498 0.571907818 0.705850303
vn -0.710162163 0.351974696 0.609740615
vn 0.12403474 0.763467491 0.633823991
vn 0.197682768 0.858628333 0.47294721
vn -0.574565291 0.441606104 0.689100027
vn -0.763514996 0.196888059 0.615044653
vn -0.149039149 0.799822628 0.581438839
vn 0.146758273 0.91332978 0.37985608
vn -0.678117454 0.434030563 0.593105555
vn -0.915553927 -0.057670109 0.398039132
vn -0.228303418 0.851980507 0.471175879
vn 0.235654861 0.911402345 0.337361366
vn -0.938211799 0.0950369984 0.332756102
vn -0.765800655 -0.643022835 0.00842544995
vn -0.813741744 0.404528797 0.417349845
vn -0.966620386 0.206918538 0.151095226
vn -0.815045357 0.520089328 0.255359054
vn -0.968946755 0.246025369 -0.0247761477
vn -0.167436555 0.911504209 0.375666261
vn 0.273649842 0.930807889 0.24230662
vn -0.795549273 0.599379003 0.0885784402
vn -0.881138265 0.469355196 -0.0574553311
vn -0.132556006 0.965051651 0.2260627
vn -0.631894767 0.774864554 -0.017142361
vn -0.752698958 0.65622586 -0.0530265272
vn -0.0312736221 0.998330057 0.0485701971
vn 0.284011841 0.95544374 0.0804023966
vn -0.603889287 0.795897245 -0.0431886315
vn -0.689556956 0.724220932 -0.00391112687
vn -0.112975463 0.990808427 -0.074398905
vn 0.253512174 0.960775614 -0.112435684
vn -0.606998146 0.794631302 -0.0106964055
vn -0.717314124 0.68678087 0.117441475
vn -0.200017825 0.966402352 -0.161428839
vn 0.0894394368 0.960485578 -0.263567805
vn -0.641797662 0.762083709 0.085581623
vn -0.503020465 0.863475442 -0.0371555761
vn -0.326737523 0.932122886 -0.156171367
vn -0.0841883123 0.944710314 -0.316914439
vn 0.461757034 0.837366164 0.292571992
vn 0.467644304 0.865879595 0.177654803
vn 0.424998373 0.890178323 0.16419144
vn 0.182282686 0.97335422 0.139120966
vn 0.536242664 0.834561169 0.126299113
vn 0.160006568 0.955298841 0.248600066
vn -0.211085603 0.967335641 0.140372679
vn 0.500950515 0.835590661 0.225470379
vn -0.198812485 0.952686667 0.22991696
vn 0.447750986 0.808575511 0.38173911
vn -0.205137953 0.903738737 0.375732243
vn 0.130425215 0.905812263 0.403104842
vn 0.0737914145 0.806300998 0.586884677
vn -0.23373428 0.797465086 0.556253254
vn 0.339452058 0.725049496 0.599229217
vn -0.083058469 0.636458993 0.766825378
vn 0.0646513924 0.517264903 0.853379846
vn 0.285187393 0.465976626 0.83757621
vn 0.0983737409 0.395115674 0.913348854
vn 0.117053755 0.399879754 0.909062505
vn 0.413732976 0.853520095 0.316746622
vn 0.847616315 0.525849879 -0.0709121302
vn 0.75605315 0.653462946 -0.0370105058
vn 0.61364454 0.775009453 0.150998905
vn 0.891743124 0.452358723 0.012873725
vn 0.723422348 0.671774924 0.159306511
vn 0.908304989 0.410880446 0.0784808248
vn 0.721634209 0.673115909 0.16173768
vn 0.385447443 0.898878455 0.208441272
vn -0.463456094 0.619199157 0.633877575
vn -0.387843728 0.805785656 0.447533935
vn -0.246559575 0.910499513 0.331962198
vn -0.276219755 0.921891212 0.271696925
vn -0.616433918 0.408832908 0.672952473
vn 0.0381149612 0.804031849 0.593363285
vn -0.476713389 0.55103308 0.684913695
vn 0.0165912826 0.79361999 0.608187318
vn -0.319855601 0.910288393 0.262806803
vn 0.298026979 0.945198238 0.133342609
vn -0.343839973 0.912044048 0.223494619
vn 0.227515221 0.972862959 -0.0421247147
vn -0.862121165 0.469136685 0.191462278
vn -0.857409716 0.487722635 0.164241061
vn -0.851421416 0.467519134 0.237713099
vn -0.877822697 0.293539166 0.378499657
vn -0.867330015 0.0064066737 0.497692198
vn -0.899928093 -0.250780821 0.356704772
vn -0.866097152 0.443126589 0.231332362
vn -0.817527831 0.14649938 0.556943655
vn -0.396979421 0.913032472 0.0936968103
vn -0.874001443 0.434244603 0.218066722
vn -0.467310131 0.883778572 0.0235955864
vn -0.552332163 0.590134621 0.588787079
vn -0.794636488 0.374395132 0.477892399
vn -0.325804979 0.784968853 0.52694881
vn -0.51650244 0.761042953 0.392477989
vn -0.711258292 0.596431315 0.371996284
vn -0.256382585 0.893716753 0.368155181
vn -0.469382077 0.835099995 0.286859542
vn -0.843184412 0.48322168 0.235662669
vn 0.0560889654 0.978807569 0.196951002
vn -0.361053288 0.920638442 0.148544073
vn -0.742014349 0.654805183 0.143683076
vn 0.169527143 0.980836689 0.0960203707
vn -0.074588798 0.983811557 0.162945941
vn -0.62224555 0.767410576 0.15456894
vn 0.457369804 0.881028414 0.120838188
vn -0.427235276 0.871262193 0.241603419
vn -0.647136688 0.718431473 0.255088717
vn -0.219754174 0.955441713 0.197076559
vn -0.641383708 0.673522532 0.367415845
vn -0.407165051 0.818995953 0.404304504
vn -0.122593939 0.905567229 0.406101704
vn -0.619991362 0.580882609 0.527433455
vn -0.350450516 0.740723312 0.573160887
vn -0.0582865067 0.811212122 0.581839859
vn -0.49962315 0.466849655 0.729676664
vn -0.295497447 0.598457873 0.744667292
vn -0.0679728612 0.671075821 0.73826617
vn -0.143396243 0.414282084 0.8987813
vn -0.199805483 0.318315417 0.926689267
vn 0.0144921467 0.404594392 0.914381504
vn -0.235969469 0.319520473 0.917728245
vn -0.627508819 0.520776629 0.578812897
vn -0.274113268 0.661238015 0.698302388
vn -0.477603257 0.642309606 0.59944427
vn -0.46592328 0.551337659 0.692056537
vn -0.829025507 0.25708127 0.496614575
vn -0.0153187755 0.667183161 0.744736195
vn -0.0343032405 0.723320961 0.689659297
vn -0.116341174 0.743306994 0.658755958
vn -0.517722905 0.538593829 0.664740384
vn -0.0480948053 0.723591506 0.68855077
vn -0.948485553 0.14747569 0.280403703
vn -0.978420556 -0.206217706 0.0129442122
vn -0.995453715 -0.0951236635 0.00482161064
vn -0.947934508 0.25246805 0.194113255
vn -0.98319304 0.178985834 0.0359926075
vn -0.465980887 0.69858402 0.542993724
vn -0.900417745 0.424793869 0.0937974975
vn -0.880709648 0.473436743 0.0144263394
vn -0.0294057913 0.834982395 0.549490452
vn -0.530618608 0.760513008 0.374251217
vn -0.852477968 0.522732615 0.00565991038
vn -0.78726697 0.615053415 -0.0438185483
vn -0.00898410566 0.928483069 0.371266067
vn -0.527901709 0.825663328 0.198997125
vn -0.544845283 0.83660984 -0.0568129271
vn -0.757278144 0.647625327 -0.0843276754
vn -0.537612319 0.842750609 0.0272853673
vn 0.0269468334 0.977686644 0.208333433
vn -0.515227199 0.845644832 -0.139376327
vn -0.728090703 0.680891454 -0.0791889057
vn 0.0610796064 0.997495949 0.0356497243
vn -0.00400818652 0.995495915 -0.094719775
vn 0.491849065 0.827995181 0.269274086
vn 0.554851353 0.82469523 0.109625183
vn 0.592925787 0.80487591 -0.0247758236
vn 0.584167182 0.789361835 -0.188829526
vn -0.0520870462 0.965941489 -0.253463656
vn -0.548732519 0.811444759 -0.201122224
vn -0.534639955 0.831313133 -0.151916549
vn -0.567817926 0.821502447 0.0521204807
vn -0.238311201 0.898855329 -0.367786467
vn 0.547602177 0.738636255 -0.393126428
vn 0.836894691 0.501132429 -0.220167145
vn 0.840652764 0.536810994 -0.071672231
vn 0.823096991 0.567323446 0.0256002527
vn 0.828656375 0.370095283 -0.419949919
vn 0.788727164 0.593333006 0.160826907
vn 0.35658434 0.701297581 -0.617275774
vn 0.678917706 0.325928271 -0.65790695
vn 0.485219985 0.756834149 0.437908202
vn 0.809768796 0.520795703 0.270270854
vn 0.588357747 0.616156518 0.523628056
vn 0.933368802 0.295737952 0.203376025
vn 0.709303141 0.46730423 0.527745962
vn 0.780783951 0.451404124 0.431984544
vn 0.0623392724 0.773741364 0.630427003
vn 0.103066571 0.787243307 0.607968092
vn 0.0719522983 0.611952662 -0.787614644
vn 0.152437761 0.440641344 -0.884645641
vn -0.309209198 0.841130495 -0.443721831
vn -0.221673325 0.76386714 -0.606108844
vn -0.157112673 0.59849143 -0.785572052
vn -0.271014571 0.915899515 -0.296106756
vn -0.312889576 0.938358009 -0.146916419
vn -0.327921629 0.943350852 0.0505624413
vn 0.886264324 0.0519823916 0.460253537
vn 0.934224069 -0.1156229 0.337426782
vn 0.936828911 -0.253394544 0.241128206
vn 0.892690122 0.0377571657 0.449086577
vn 0.951678813 -0.0883675963 0.294106334
vn 0.926390648 0.109355904 0.360335439
vn 0.990121365 0.00538302958 0.14011009
vn 0.960939407 0.194422036 0.196965724
vn 0.997280121 -0.0694744736 -0.0246084966
vn 0.989427745 0.140150219 0.0372890718
vn 0.99313134 0.0864863321 -0.0788053125
vn 0.922290981 0.383495033 -0.0480736792
vn 0.881468236 0.454552919 -0.128044218
vn 0.73299998 0.669942021 -0.117850423
vn 0.72189486 0.662154794 -0.20104447
vn 0.493372291 0.852091312 -0.174712032
vn 0.448172152 0.853979111 -0.264313191
vn 0.233517617 0.940710306 -0.246036068
vn -0.603558362 0.795908689 -0.0473994128
vn 0.49860099 0.532597661 0.683912814
vn 0.558082283 0.634297431 0.534986913
vn 0.63259238 0.692008197 0.347780854
vn 0.709917486 0.685792804 0.160329193
vn 0.572898507 0.819281757 0.0237626433
vn 0.31577754 0.948398232 -0.0287279021
vn -0.0464323983 0.998702288 0.0209215544
vn -0.0317369364 0.985521495 0.166554198
vn -0.0613836795 0.938390315 0.34008193
vn -0.124122612 0.991299927 0.0437962785
vn -0.17868647 0.854349017 0.488015264
vn -0.406108797 0.911042333 0.0712565258
vn -0.432225674 0.901555538 0.0194577519
vn -0.974195659 0.0635576546 0.216571406
vn -0.908459842 -0.319508851 0.269471526
vn -0.737697124 0.654029906 0.167475089
vn -0.947201312 0.271990031 0.169797063
vn -0.726544321 0.684735 0.0571954995
vn -0.528247118 0.848721743 0.0250238851
vn -0.421937764 0.898634374 0.120103344
vn -0.368785292 0.887989819 0.274720669
vn -0.484770507 0.782550335 0.39065659
vn -0.27515012 0.766049147 0.580914021
vn -0.558986962 0.707847655 0.431839317
vn 0.46677044 0.519978285 0.715365648
vn -0.303204149 0.721500516 0.622498393
vn -0.589575291 0.654285073 0.473615915
vn 0.00157350558 0.73514843 0.677904367
vn 0.491224498 0.5564152 0.670149744
vn 0.827665627 0.269186825 0.492451012
vn 0.497536153 0.65854311 0.564604878
vn 0.0610935241 0.806576431 0.587964296
vn 0.828031778 0.387882233 0.404858887
vn 0.525836647 0.730746984 0.435321242
vn 0.0862012208 0.891125679 0.445493281
vn 0.831749618 0.456335187 0.316150159
vn 0.0636061803 0.940023184 0.33512798
vn -0.112357773 0.945750594 0.304846972
vn 0.580750763 0.763801277 0.281666815
vn 0.839575887 0.515815079 0.170432359
vn -0.137611523 0.963867247 0.228085592
vn -0.545789361 0.813064396 0.20258379
vn 0.627264798 0.765781343 0.141837239
vn 0.852853656 0.518030047 0.065464206
vn -0.0231792219 0.989129066 0.145211756
vn -0.318423271 0.939413249 0.126922965
vn 0.538990378 0.834727049 0.112783425
vn -0.107711092 0.968667269 0.223790333
vn -0.41209355 0.89331162 0.179369286
vn -0.345785081 0.893657863 0.28602162
vn 0.449063599 0.857530355 0.250964999
vn -0.0958989561 0.930724502 0.35292387
vn -0.106282339 0.843915522 0.525842845
vn 0.886644065 0.459268212 0.0541751981
vn 0.980346918 0.193847999 0.0366469175
vn 0.908584118 0.365145564 0.202838987
vn 0.801253855 0.552905798 0.228664413
vn 0.860947967 0.340576172 0.377857625
vn 0.740267456 0.533974349 0.408504039
vn 0.852374613 0.136373311 0.5048365
vn -0.0618625432 0.802138627 0.593924642
vn -0.341434091 0.620884955 0.705637753
vn 0.342519462 0.842342019 0.416101426
vn 0.669865727 0.451550961 0.589390814
vn 0.660669208 0.0404506028 0.749586523
vn -0.220233262 0.638242364 0.737661183
vn -0.485621363 0.573665023 0.659606278
vn 0.196753442 0.764986634 0.613256454
vn 0.402031571 0.328193754 0.854786217
vn -0.174069151 0.439067096 0.881430745
vn -0.235969469 0.319520473 0.917728245
vn -0.320542216 0.18469578 0.929053426
vn 0.0121776434 0.611416996 0.791214883
vn 0.269117236 0.207369089 0.940517902
vn 0.449484766 0.0755333677 0.890088916
vn -0.128251076 0.224901542 0.965904236
vn -0.548129916 -0.048876401 0.834963858
vn -0.702220321 -0.187426791 0.686846256
vn -0.711657822 -0.315496445 0.627698302
vn 0.0833075866 -0.0863006562 0.992779911
vn -0.732731581 0.137050733 0.666574478
vn -0.264041275 -0.129011109 0.955844283
vn -0.333605289 -0.171007901 0.927072704
vn -0.714679122 -0.0454498976 0.697974265
vn 0.0865862817 0.110634819 0.990082204
vn -0.0122290198 0.235734895 0.971740484
vn 0.237699658 -0.132907838 0.962202907
vn -0.189740837 0.594300807 0.781540096
vn 0.162090331 0.278157413 0.946760356
vn 0.449567676 -0.100792848 0.887541354
vn 0.636795461 -0.012305853 0.770934522
vn 0.142736703 0.664652407 0.733391643
vn 0.465544879 0.368906349 0.804472506
vn 0.803424537 0.152964845 0.575422227
vn 0.604967713 0.502551794 0.617621064
vn 0.322109163 0.769621015 0.551297724
vn 0.90632689 0.17936112 0.38262412
vn 0.737464666 0.527724326 0.42148903
vn 0.429523677 0.801957726 0.415178418
vn 0.971518755 0.154849619 0.179367751
vn 0.803737998 0.54865849 0.23017168
vn 0.474912196 0.8506037 0.22568053
vn 0.973001719 0.230441719 0.0128106587
vn 0.796190798 0.601394296 0.0663708076
vn 0.475146145 0.871554673 0.120949201
vn 0.967471421 0.252769738 0.0103161614
vn 0.806693971 0.581116021 0.107466668
vn 0.487649232 0.846341431 0.214253366
vn 0.954568624 0.243826672 0.171310395
vn 0.669533253 0.676999152 0.305609882
vn 0.210636631 0.915496349 0.34278056
vn 0.899836302 0.32753098 0.288128376
vn 0.0213145483 0.862279892 0.505983233
vn 0.521947742 0.706455052 0.478008151
vn 0.0302369446 0.81267792 0.581928074
vn 0.860661507 0.284283489 0.422427118
vn 0.484214216 0.643472254 0.59285754
vn -0.0409206897 0.761576056 0.646782279
vn 0.832543969 0.183094949 0.522825897
vn 0.908745527 0.0223225169 0.416753322
vn 0.372159272 0.624913335 0.686280489
vn 0.0445032045 0.766906559 0.640213847
vn 0.340946257 0.636912704 0.691446126
vn -0.000831143756 0.846972346 0.531636238
vn 0.906255066 -0.353263706 0.232177675
vn 0.915830314 -0.36940375 0.157466918
vn 0.712797284 -0.698660851 0.0615881942
vn 0.305905998 0.741694629 0.59691751
vn 0.062923871 0.931229651 0.358959317
vn 0.817842245 0.0877772942 0.568708301
vn 0.870415747 -0.418451399 0.259373873
vn 0.821518123 -0.551073432 0.146375835
vn 0.355985224 0.84228754 0.40475443
vn -0.00452403491 0.989340961 0.145547494
vn 0.794310629 0.264324009 0.546994984
vn 0.947024345 -0.195716068 0.254637301
vn 0.938831091 -0.332786947 0.0885941163
vn 0.813246369 0.428783983 0.39341414
vn 0.990794241 -0.0169124641 0.134315714
vn 0.990837753 -0.132700861 -0.025117835
vn 0.346205115 0.917405486 0.196237341
vn 0.830648124 0.518547356 0.202811167
vn 0.991934061 0.126549646 -0.00721040275
vn 0.346129924 0.938183546 -0.00236618868
vn -0.00651422329 0.999314427 -0.0364447497
vn 0.81293112 0.581875324 0.023748111
vn 0.980824351 0.171883747 -0.0918677673
vn 0.995794773 -0.024200853 -0.0883572996
vn 0.786404788 0.605909824 -0.120170228
vn 0.233161911 0.951644063 -0.200023219
vn -0.16291827 0.955872297 -0.244470522
vn 0.91524595 0.363427013 -0.173912719
vn -0.413677365 0.88087827 -0.23005338
vn -0.794707954 0.583202422 -0.168268591
vn 0.441726714 0.866233885 -0.233487397
vn -0.602517247 0.782279849 -0.158149377
vn -0.893270612 0.419984043 -0.160252646
vn 0.182829902 0.979436576 -0.0853058845
vn -0.829314947 0.518015981 -0.209513888
vn -0.92927748 0.248437554 -0.273353666
vn -0.771306098 0.091474928 -0.629856586
vn 0.969252467 -0.176965147 -0.170976579
vn 0.913610876 -0.367833793 -0.173243761
vn 0.987978101 -0.0892770067 -0.126209825
vn 0.986853361 -0.142542094 -0.0761720762
vn 0.99831605 -0.0560610108 0.0149102388
vn 0.883174717 0.454479337 -0.115978599
vn 0.851099849 0.508434057 0.130857944
vn 0.971002817 -0.0720442757 0.227954447
vn -0.121132702 0.991594076 0.0454771519
vn 0.758699298 0.534851551 0.371899545
vn 0.0620406717 0.988794386 0.135782138
vn -0.202259108 0.944259822 0.259739369
vn -0.796498954 0.515773058 -0.315543443
vn 0.0088360412 -0.926828921 -0.37537995
vn 0.00958289392 -0.95208019 -0.305698186
vn 0.0181528851 -0.934603572 -0.355227739
vn -0.0828549042 -0.868977189 -0.487866372
vn -0.0894485489 -0.858921587 -0.504234672
vn 0.0736665353 -0.743499339 -0.664666712
vn -0.0414090902 -0.808080614 -0.587614596
vn 0.318684459 -0.657598972 -0.682644665
vn 0.0782519653 -0.790251434 -0.607765913
vn 0.494614094 -0.512506545 -0.701921582
vn 0.453244507 -0.522462249 -0.722220659
vn 0.500723004 -0.507015109 -0.701578319
vn 0.444820672 -0.628363669 -0.638195574
vn 0.515417516 -0.58215028 -0.628844798
vn 0.419451863 -0.763876259 -0.490462154
vn 0.339066356 -0.714550078 -0.611925006
vn 0.0352364928 -0.863355041 -0.503365099
vn 0.501377523 -0.69479686 -0.515633404
vn 0.300424457 -0.866620004 -0.398390502
vn 0.00340133696 -0.905916631 -0.423442513
vn -0.00636529829 -0.912214696 -0.409663141
vn -0.0129598919 -0.935372949 -0.353425235
vn -0.0105821108 -0.937138617 -0.348796785
vn 0.58455205 -0.610503078 -0.534401536
vn 0.0563436002 -0.949082911 -0.309946537
vn 0.630861461 -0.673624575 -0.385024339
vn 0.0255215988 -0.951987386 -0.305071682
vn 0.462883383 -0.794665396 -0.392741323
vn 0.616046131 -0.76039505 -0.205637261
vn 0.662522554 -0.678102314 -0.318184018
vn 0.9826895 -0.058388412 -0.175818473
vn -0.0139328679 -0.955037236 -0.296158463
vn 0.922188044 -0.252251595 -0.293152452
vn 0.460116297 -0.862487078 -0.210734457
vn 0.317259312 -0.919962406 -0.230251193
vn 0.512163579 -0.855410874 -0.0772062689
vn 0.545445919 -0.764504611 -0.343542397
vn -0.0917905942 -0.96732831 -0.236326978
vn 0.88741678 -0.283866793 -0.363195896
vn 0.425395519 -0.901753426 -0.0766769946
vn 0.378864884 -0.921428859 -0.0861987248
vn 0.449061453 -0.893261313 -0.0206871852
vn 0.487515688 -0.806878686 -0.333579421
vn -0.183564365 -0.975700915 -0.119631886
vn 0.374963313 -0.879207611 -0.293932736
vn 0.424190998 -0.905544162 -0.00718904333
vn 0.437015384 -0.899392724 -0.0105015757
vn 0.384566933 -0.922343671 0.0372867435
vn 0.429660857 -0.90266484 0.0242405832
vn 0.491637021 -0.870699108 -0.0132672647
vn 0.337467879 -0.940184593 0.0465649627
vn 0.439150661 -0.897572279 -0.0388686955
vn 0.536690533 -0.833942056 -0.128467456
vn 0.427567869 -0.900832772 -0.075406231
vn -0.406157315 -0.893686235 -0.190686405
vn -0.219337597 -0.935918629 -0.275585264
vn -0.182348832 -0.95431757 -0.236699894
vn 0.399404347 -0.885189891 -0.238568738
vn -0.0138649447 -0.953824162 -0.300045133
vn 0.0407248102 -0.988806963 -0.143534675
vn -0.453124523 -0.878435433 -0.1517542
vn 0.490320295 -0.777005792 -0.394775927
vn -0.0417039134 -0.923041165 -0.382434279
vn -0.516879916 -0.843057394 -0.148625314
vn -0.877839327 -0.466188014 -0.109849542
vn 0.485108227 -0.719736218 -0.496638358
vn 0.0114752464 -0.854797125 -0.518835485
vn 0.51650703 -0.61651212 -0.594250083
vn 0.115037739 -0.589000523 -0.799902916
vn 0.940494359 0.0191485137 -0.339269429
vn 0.416072011 -0.476885617 -0.774250746
vn 0.0817844942 0.25742206 -0.962831855
vn 0.891373694 0.0710974038 -0.447658598
vn 0.787778914 0.182400137 -0.588332057
vn 0.736029327 0.635341287 -0.233671278
vn 0.887768328 0.372495294 -0.270397067
vn 0.928506434 0.309920311 -0.204512492
vn 0.96243006 -0.0643372312 -0.263797671
vn 0.959426701 0.242050678 -0.144609496
vn 0.971485376 -0.21289283 -0.104368612
vn 0.98666048 0.156387925 -0.0452104583
vn 0.99858582 0.0491378084 -0.020293653
vn 0.887890577 -0.456160039 -0.0597368553
vn 0.905053139 -0.386800855 -0.17681624
vn 0.554630101 -0.808339596 -0.197414622
vn 0.0739835277 -0.938797176 -0.336431593
vn 0.455486894 -0.816653788 -0.354412526
vn -0.785528064 -0.594781697 -0.170822382
vn -0.978520751 -0.201789945 -0.0421645641
vn -0.113518573 -0.871743143 -0.476631284
vn 0.25859195 -0.778032124 -0.572534978
vn -0.782464743 -0.601484179 -0.161138535
vn -0.940676093 -0.339034021 -0.013579851
vn -0.634273887 -0.742911637 -0.213960245
vn -0.796324134 -0.602707446 -0.0511046387
vn -0.390323907 -0.829684436 -0.399087876
vn -0.143203363 -0.837210298 -0.527798891
vn 0.101204023 -0.76730597 -0.633244991
vn -0.957239985 -0.0530898459 -0.284381837
vn -0.771254122 0.585658073 -0.249342412
vn -0.944745839 0.0546210557 -0.323221087
vn -0.828811288 0.496878386 -0.257262081
vn -0.88678515 0.125995845 -0.444676518
vn -0.12701185 0.984096527 -0.124184966
vn -0.0382377766 0.990536511 0.131815046
vn -0.592069626 0.632518351 -0.499373704
vn -0.757193685 0.109839953 -0.643888891
vn -0.379145831 0.476417989 -0.793268085
vn -0.483486116 0.0753685981 -0.872101367
vn 0.104024731 0.935628891 -0.337309122
vn -0.128380388 0.373997092 -0.918501318
vn -0.200535446 0.117089823 -0.972664177
vn 0.318595976 0.761464298 -0.564507604
vn 0.107588701 0.291080415 -0.950629771
vn 0.0571947731 -0.0889624879 -0.994391501
vn 0.488595456 0.643852472 -0.588836432
vn 0.283545613 0.0275854524 -0.958561897
vn 0.642802954 0.199958965 -0.739473283
vn 0.698063135 0.497179806 -0.515286446
vn 0.74363488 0.415185601 -0.524049699
vn 0.792716205 0.602451742 0.0930208191
vn 0.905191779 0.424236059 0.0255260244
vn 0.743915677 0.598296463 -0.297709137
vn 0.544246018 0.748854756 -0.37817049
vn 0.387233138 0.882682085 -0.266313225
vn 0.16256687 0.983282685 -0.0820190832
vn 0.073347114 0.990504444 0.116280362
vn 0.00957071688 0.958774745 0.284006119
vn -0.0145126497 0.955331445 0.295179754
vn -0.0239947326 0.951745749 0.305948287
vn 0.0152583886 0.961119294 0.275711358
vn 0.0299646091 0.910780191 0.411802799
vn 0.116008721 0.896034062 0.428561538
vn -0.00962995831 0.777628124 0.628650844
vn -0.115169689 0.838859439 0.532025218
vn -0.14010796 0.775965989 0.615017474
vn -0.253137976 0.829228997 0.498297691
vn 0.922569931 -0.38571319 0.00949761644
vn 0.908917427 -0.416050583 -0.0277680252
vn 0.928081453 -0.370004743 0.0419672392
vn 0.738216519 -0.672694981 -0.050178837
vn 0.400744498 -0.873989582 -0.274856567
vn 0.81557548 -0.578366697 -0.0181308333
vn 0.962662458 -0.268879265 -0.0313848816
vn 0.897557855 -0.42717889 -0.109124407
vn 0.972903311 -0.146460906 -0.178908259
vn 0.915574372 -0.35785079 -0.183483899
vn 0.940907896 -0.23772794 -0.241200462
vn 0.872103989 -0.349731982 -0.342231154
vn 0.854618847 -0.241102695 -0.459887177
vn 0.456566811 0.232791439 -0.858693719
vn 0.734016955 -0.0961397067 -0.672291696
vn 0.834033191 -0.4517923 -0.316658229
vn 0.722635448 -0.691146076 -0.0107272267
vn 0.801817119 -0.596651673 0.0331091397
vn 0.631985962 -0.735258937 0.244924888
vn 0.441653371 -0.882517815 0.161569372
vn 0.569622755 -0.82182759 -0.0113706812
vn 0.0543362163 -0.995107651 0.0825129002
vn 0.358942956 -0.932534337 -0.0392399132
vn -0.105645597 -0.992252409 -0.0653777495
vn 0.200821176 -0.971854866 -0.123162292
vn -0.236182317 -0.948734045 -0.21005109
vn 0.0337327085 -0.95603168 -0.291316837
vn -0.356663555 -0.856270552 -0.373619884
vn -0.0669349283 -0.905860484 -0.418253958
vn 0.304178566 -0.859137416 -0.411531627
vn -0.467347622 -0.768432438 -0.437147468
vn 0.00863746926 -0.882944465 -0.469398111
vn 0.311062753 -0.823198617 -0.47495693
vn -0.442052066 -0.779154956 -0.444418341
vn -0.819589198 -0.501988471 -0.276190341
vn -0.263658881 -0.845943272 -0.463534147
vn 0.0320609324 -0.87309593 -0.486493111
vn -0.231577501 -0.878530025 -0.41779995
vn 0.0134448158 -0.880203545 -0.474406093
vn 0.250633121 -0.82139641 -0.512338758
vn -0.26110068 -0.872012198 -0.414030463
vn -0.0173156783 -0.8800686 -0.474530846
vn 0.242504761 -0.837109149 -0.490346551
vn -0.270912737 -0.879529536 -0.391195625
vn -0.0139603131 -0.889299452 -0.457112044
vn 0.275000364 -0.834391057 -0.477667749
vn -0.351086944 -0.86166358 -0.366433948
vn -0.048785612 -0.899766266 -0.433636606
vn 0.230357781 -0.848797143 -0.475897849
vn -0.368777007 -0.875231385 -0.313007087
vn -0.125020474 -0.914828539 -0.384003401
vn 0.0591320433 -0.883435726 -0.464806169
vn -0.380822539 -0.872589886 -0.305877537
vn -0.213790491 -0.910826504 -0.353112966
vn -0.0830088705 -0.906010866 -0.415034741
vn -0.357048631 -0.892453074 -0.275760651
vn -0.0827953964 -0.967051744 -0.24074021
vn -0.242035776 -0.932692766 -0.267400175
vn -0.338007152 -0.925465286 -0.17107071
vn -0.131824806 -0.98906821 -0.0660775825
vn -0.1879697 -0.981199265 0.0437637828
vn 0.0553916283 -0.998392642 0.0119957421
vn -0.0454323813 -0.996797025 0.0658149645
vn -0.0687636286 -0.997626007 -0.00373425055
vn -0.0949199274 0.86721772 0.48879829
vn 0.487804741 0.683190644 0.543412447
vn -0.106049314 0.851431847 0.513631463
vn 0.298136115 0.818592846 0.490938544
vn -0.0820738822 0.912629783 0.400463194
vn 0.310181946 0.851508498 0.422753423
vn -0.11223945 0.946613312 0.302201152
vn 0.305751055 0.900792658 0.308364987
vn 0.482710004 0.842416704 0.239426583
vn 0.319096506 0.943720102 0.0870050639
vn -0.107864253 0.980399609 -0.164869487
vn 0.286535978 0.949816108 -0.125484973
vn -0.208941013 0.878065705 -0.430516154
vn 0.675876439 0.575437605 0.460502535
vn 0.780441165 0.384247422 0.493219584
vn 0.812188983 0.354217649 0.463550359
vn 0.045700714 0.972502053 0.228366628
vn 0.658308685 0.648386955 0.382392526
vn 0.681050301 0.667755842 0.300454289
vn 0.649486125 0.753709078 0.100450791
vn 0.681861341 0.725690424 -0.0918621421
vn 0.220289901 0.896452785 -0.384505928
vn 0.629747272 0.713207185 -0.307821244
vn 0.189825967 0.761884511 -0.619272292
vn 0.570834577 0.676363885 -0.465488791
vn -0.196627393 0.707128584 -0.679195642
vn 0.448863447 0.560776889 -0.6957376
vn 0.15976046 0.55152154 -0.81871891
vn -0.060089007 0.501651525 -0.862980306
vn 0.212442845 0.394877374 -0.893834412
vn -0.686413765 0.524398565 0.503827572
vn -0.342959553 0.723776937 0.598770142
vn -0.601129293 0.683775365 0.413636148
vn -0.37758249 0.65903461 0.65046519
vn -0.789170146 0.38990438 0.474536717
vn 0.0140841287 0.75909394 0.650828838
vn 0.0642830506 0.740665495 0.668791711
vn 0.150271192 0.778698981 0.609135807
vn -0.46703729 0.653306901 0.595874488
vn -0.921070158 0.23771441 0.308417916
vn 0.403666019 0.792511582 0.457142502
vn 0.868661106 0.385412663 0.311263561
vn 0.805482328 0.462289304 0.37079215
vn -0.578894973 0.687185943 0.438926071
vn 0.371808052 0.845567405 0.383111656
vn 0.757964492 0.564740062 0.326433092
vn -0.998654723 0.0515542813 -0.00555087999
vn -0.946770608 -0.299767315 -0.117323861
vn -0.958002687 0.0425898805 -0.283578753
vn -0.689457417 0.707152128 0.156793997
vn -0.756027341 0.650313735 -0.0742605999
vn -0.919387162 -0.0903140008 -0.382845402
vn 0.290504515 0.919031799 0.266435236
vn 0.619583726 0.778774679 0.0981123671
vn -0.764715433 0.587098241 -0.265567243
vn 0.165116265 0.986273944 0.000592279132
vn -0.818685055 0.413194686 -0.398779362
vn -0.863412261 -0.315543473 -0.3936387
vn -0.0413006432 0.982950091 -0.1791742
vn 0.398450524 0.91504854 -0.0626361147
vn 0.284363061 0.900422633 -0.329206258
vn -0.924711764 0.187087148 -0.33152166
vn -0.860120952 -0.43494013 -0.266494036
vn -0.761040926 -0.641638458 0.0954813063
vn -0.25650382 0.908983231 -0.328565508
vn -0.995291829 -0.0878974423 -0.0408437029
vn -0.396427691 0.816949248 -0.418854475
vn 0.162572786 0.839873195 -0.517864108
vn -0.971842349 -0.191713572 0.136997342
vn -0.568082333 -0.718672037 0.400990009
vn -0.582027495 0.683056772 -0.441222697
vn -0.0953692049 0.77462256 -0.625191569
vn -0.752918243 0.414964229 -0.51080209
vn -0.435866475 0.518127561 -0.735910535
vn -0.968302727 -0.224864081 -0.10874743
vn -0.920049667 -0.312988549 0.235683888
vn -0.455051363 -0.681417108 0.573235512
vn 0.468674362 0.876896381 0.106757373
vn 0.912967145 0.4047001 0.0520455465
vn 0.854358077 0.513337553 0.0809744745
vn 0.588882685 0.804841995 0.0738008767
vn 0.669294178 0.730328798 -0.136620015
vn 0.971263111 0.212491557 -0.107215941
vn 0.747326434 0.514306128 -0.420704663
vn 0.947629929 -0.0881230533 -0.306972116
vn 0.835642934 -0.365542412 -0.40997532
vn -0.181362897 0.983413339 0.00241060602
vn -0.198009402 0.963249207 -0.181502521
vn -0.105805613 0.918460667 -0.381097376
vn -0.198785409 0.971651793 0.127972931
vn 0.000868913019 0.945119023 0.326725274
vn -0.549817801 0.810990334 -0.199987724
vn -0.504024029 0.861624956 -0.059685491
vn -0.462606102 0.806057274 -0.369144022
vn -0.536839783 0.834704638 0.122764617
vn -0.5329144 0.735024989 -0.41921404
vn -0.383234739 0.859446943 0.338351965
vn -0.685618877 0.671294689 0.281585008
vn -0.387666851 0.796072066 0.464740276
vn -0.0391405486 0.852521777 0.521224141
vn -0.648644805 0.638867617 0.413652211
vn -0.342961639 0.754707158 0.559280217
vn -0.0575188287 0.85120672 0.521669269
vn -0.655919552 0.564366579 0.501258314
vn -0.477506459 0.701633096 0.528865397
vn -0.278980613 0.927265942 0.249694988
vn -0.751407325 0.424117416 0.505481303
vn -0.44829765 0.85090971 0.273828357
vn -0.639808059 0.73529613 -0.223573908
vn -0.677672446 0.523183405 0.516758442
vn -0.79636395 0.370349795 0.478168786
vn 0.185714155 -0.880392909 -0.436369866
vn 0.147280276 -0.878289521 -0.454880208
vn 0.180873886 -0.843613803 -0.505569398
vn -0.0279278755 -0.905535936 -0.423349321
vn -0.266717106 -0.86380899 -0.427429616
vn -0.243432805 -0.872406662 -0.423848033
vn 0.364068121 -0.857840955 -0.362716496
vn 0.0601447076 -0.894445479 -0.443113714
vn -0.224729463 -0.84902668 -0.478173941
vn 0.598230898 -0.734515309 -0.320323378
vn 0.740547895 -0.64117974 -0.201189816
vn 0.809341848 -0.546368957 -0.215515181
vn 0.106470332 -0.891052425 -0.441236436
vn 0.6550439 -0.694618404 -0.297359556
vn 0.860680938 -0.481777668 -0.164677322
vn 0.0677646101 -0.907057464 -0.4155173
vn -0.400049895 -0.808308184 -0.431969851
vn 0.696038127 -0.684418559 -0.217030451
vn 0.871822655 -0.479717642 -0.09897618
vn -0.668210983 -0.660609186 -0.342183471
vn -0.927229702 -0.292417675 -0.233959585
vn 0.742405236 -0.655851483 -0.136723548
vn 0.901855111 -0.431454539 -0.022455493
vn 0.15046908 -0.920702219 -0.360092282
vn -0.694567084 -0.646473587 -0.315671474
vn -0.970103145 -0.0844510496 -0.227525726
vn -0.819294989 -0.531273246 -0.215649053
vn -0.97280246 0.148245469 -0.177984565
vn -0.981566429 0.0515147932 -0.184047997
vn -0.95424962 -0.00541989412 -0.298961937
vn 0.207824171 -0.947734475 -0.242092088
vn 0.824984312 -0.564287364 -0.0313134864
vn 0.963827908 -0.26596877 0.0172140785
vn -0.781057239 -0.610386372 -0.131825611
vn -0.920207024 -0.189313024 -0.342607111
vn 0.264889508 -0.963616252 -0.0357394367
vn 0.929027975 -0.369188666 -0.0246313009
vn 0.995904624 0.0699986443 -0.057220567
vn 0.996687353 -0.0228045043 -0.0780657902
vn 0.919066668 -0.392921537 0.0304833557
vn 0.995607793 -0.0391783006 -0.0850306302
vn -0.757045269 -0.651415169 -0.050406374
vn -0.820497274 -0.231914192 -0.522494197
vn 0.233587027 -0.953438997 0.190764755
vn 0.896171391 -0.429237545 0.112391554
vn 0.995859087 0.0801235735 -0.0429533012
vn 0.123140156 -0.927757919 0.352280647
vn 0.907835603 -0.323682874 0.266578197
vn 0.0956197083 -0.87252003 0.479130179
vn -0.00926156435 -0.861907959 0.506980121
vn -0.772391081 -0.608896196 -0.180713698
vn -0.583234251 0.80574286 -0.103035428
vn 0.045700714 0.972502053 0.228366628
vn -0.711453736 0.691788554 -0.12354026
vn -0.27659601 0.960535705 0.0294251405
vn 0.401906133 0.874114454 0.272755325
vn -0.537245452 0.843400002 -0.00661430787
vn 0.0039445865 0.991133034 0.132815018
vn -0.214496553 0.975289226 0.0529352389
vn 0.0607509688 0.994712353 0.0828055739
vn -0.525531948 0.84809947 0.0674047247
vn 0.28674233 0.957456291 -0.0325000063
vn -0.0701357797 0.997531533 -0.00343031064
vn -0.47182101 0.876107156 -0.099101074
vn 0.720885575 0.61728549 -0.315091461
vn 0.191338032 0.928425252 -0.318459332
vn -0.456589758 0.782506645 -0.423331052
vn 0.757947505 0.343259722 -0.554696739
vn 0.189292654 0.709385931 -0.678925574
vn 0.231704399 0.541297615 -0.808275878
vn -0.688607335 -0.431832224 -0.582529724
vn 0.890072346 -0.435242593 0.135407284
vn -0.800259531 -0.362248778 -0.477870762
vn -0.868078768 0.319192529 -0.380204499
vn -0.848202109 0.414233118 -0.330096841
vn -0.876688898 -0.0419526994 -0.47922501
vn -0.878172278 -0.331685603 -0.344670922
vn -0.491732687 0.861528754 -0.12636143
vn -0.883745074 0.217508897 -0.414348304
vn -0.909570932 -0.270121157 -0.315777063
vn -0.68204385 0.620016396 -0.387809068
vn -0.933427274 0.0641597137 -0.352983147
vn -0.851889193 0.394961089 -0.343934089
vn -0.887027442 -0.303656548 -0.34781456
vn -0.896973014 0.279597521 -0.342439204
vn -0.920716047 -0.0668905377 -0.384457529
vn -0.705659926 -0.426267415 -0.565986037
vn -0.805163205 -0.135908693 -0.577270329
vn -0.840219617 0.224497154 -0.493590832
vn -0.427132249 -0.456896663 -0.780258536
vn -0.601708472 -0.133024916 -0.787560403
vn -0.68317163 0.222311258 -0.695596337
vn -0.474528104 -0.13779369 -0.869388342
vn -0.0875591561 -0.760089695 -0.643892109
vn -0.63073945 -0.380334169 -0.676397502
vn -0.111568734 -0.782200396 -0.612955987
vn -0.429977089 -0.543690741 -0.720777333
vn 0.150175765 -0.830190063 -0.536872149
vn -0.0789360777 -0.859564006 -0.504894733
vn -0.580862224 -0.522812605 -0.623911917
vn -0.6198228 -0.614776552 -0.487718552
vn -0.178902566 -0.917280614 -0.355795264
vn -0.526061594 -0.748995245 -0.402821749
vn -0.0296679139 -0.967900097 -0.249578044
vn 0.21054706 -0.963403523 -0.165902391
vn -0.316903651 -0.820208549 -0.476266742
vn -0.256969392 -0.775363922 -0.576868773
vn -0.735711634 -0.38362962 -0.558172762
vn -0.857319772 -0.285279006 -0.428507686
vn -0.875438392 -0.144779012 -0.461136311
vn -0.848708808 -0.0464177728 -0.526819408
vn -0.828401923 -0.026469497 -0.559508502
vn -0.893360138 0.0970712602 -0.438731015
vn -0.63073945 -0.380334169 -0.676397502
vn -0.930196106 0.0361393467 -0.365279406
vn -0.080988951 -0.695719123 -0.713733613
vn -0.102304883 -0.694560826 -0.712122798
vn -0.0449510142 -0.677187622 -0.734436095
vn -0.123074189 -0.698214769 -0.7052297
vn -0.111894749 -0.724818349 -0.679792643
vn -0.106766529 -0.730118334 -0.674928188
vn -0.110746935 -0.808747411 -0.577635467
vn -0.105088949 -0.818937063 -0.564179361
vn -0.103545196 -0.891049266 -0.441938519
vn -0.0689321309 -0.914742708 -0.39811331
vn -0.0328326896 -0.9631145 -0.267081648
vn 0.0187227558 -0.977814376 -0.208635032
vn 0.0536667742 -0.996220171 -0.0683035031
vn 0.072277911 -0.996588826 -0.0398337878
vn 0.060961064 -0.995883346 0.0670839325
vn 0.0550550669 -0.995750308 0.0738257542
vn 0.0542113446 -0.993905365 0.095985353
vn 0.0485964455 -0.993140042 0.106354974
vn 0.168024361 -0.984025776 0.0588314272
vn -0.0393251106 -0.998452902 -0.0393102765
vn -0.284146309 -0.949355125 -0.134110644
vn 0.395500749 -0.918403625 -0.0106750624
vn -0.410874218 -0.820333898 -0.397787303
vn -0.0017884681 -0.842410564 -0.538833201
vn 0.343576521 -0.817446351 -0.462316662
vn -0.084903121 -0.990183771 -0.111029871
vn 0.0544137284 -0.986261666 -0.155971721
vn -0.200899631 -0.979436576 -0.0185304787
vn 0.0312319938 -0.963029504 -0.267579317
vn 0.0996654555 -0.961027026 -0.257864118
vn 0.371874779 -0.918065012 -0.137352586
vn -0.022163149 -0.957418382 -0.287852108
vn 0.278987288 -0.892186821 -0.355202675
vn 0.44718945 -0.824246109 -0.347332686
vn 0.67343986 -0.661371231 -0.330252826
vn 0.139193594 -0.877468526 -0.458992392
vn 0.448952168 -0.785243273 -0.426421076
vn 0.709216654 -0.598412395 -0.372712255
vn 0.425605893 -0.773495495 -0.469642848
vn 0.756967664 -0.535585999 -0.374362856
vn 0.0220306516 -0.876204193 -0.481436282
vn 0.593883336 -0.690542102 -0.41286099
vn 0.274936646 -0.834586322 -0.47736305
vn -0.00421136478 -0.888864875 -0.45814997
vn 0.480905831 -0.737761259 -0.473748863
vn 0.246730998 -0.83934778 -0.48437497
vn 0.0478241444 -0.883295238 -0.466371506
vn 0.255818158 -0.817962527 -0.515261531
vn 0.482463479 -0.736980975 -0.473379284
vn 0.0160560925 -0.854837954 -0.518646419
vn 0.226651967 -0.845839798 -0.482891113
vn 0.014819283 -0.856700182 -0.515601635
vn 0.416943014 -0.812348843 -0.40773505
vn 0.00540508144 -0.880657077 -0.473723531
vn 0.187052205 -0.890081167 -0.415652484
vn -0.0626389086 -0.932515085 -0.355657369
vn 0.57785356 -0.791985035 -0.197091281
vn 0.141505599 -0.950207651 -0.277635574
vn -0.121250547 -0.981089771 -0.15086776
vn 0.757966936 -0.65197289 0.0204321183
vn 0.482710004 0.842416704 0.239426583
vn 0.932053804 -0.316585064 0.176209286
vn 0.047415968 -0.9969818 -0.0614721663
vn -0.233060062 -0.959807575 0.156372607
vn 0.593214929 -0.798885286 0.0993896723
vn 0.832926035 -0.523647249 0.178963095
vn 0.7239905 -0.636148393 0.26674515
vn 0.425299257 -0.867700279 0.257326335
vn 0.600476861 -0.587786674 0.542157114
vn -0.0740544274 -0.975262702 0.208275363
vn 0.272611052 -0.8167665 0.508503377
vn 0.379684746 -0.552897215 0.741716981
vn -0.21764943 -0.916711509 0.335065395
vn -0.392046422 -0.899829686 0.191327527
vn -0.555720389 -0.828453422 0.0695686564
vn -0.390648305 -0.877271235 0.278906763
vn -0.624368191 -0.750738204 -0.215769589
vn 0.0749831721 -0.760432482 0.645073593
vn 0.0927304178 -0.454016179 0.886154771
vn -0.54687953 -0.830766082 0.103684723
vn -0.493485063 -0.797729313 -0.346555114
vn -0.195315287 -0.68442893 0.702430785
vn -0.510946929 -0.859610856 -0.00151944568
vn -0.370310038 -0.430128455 0.823322535
vn -0.357863069 -0.578713715 0.732819498
vn -0.148881137 -0.18145138 0.972064674
vn 0.197962657 -0.945674419 -0.257896811
vn -0.10402023 -0.974006236 -0.201225653
vn 0.0355443843 -0.967661023 -0.249737397
vn 0.269972414 -0.934213758 -0.233151495
vn -0.359728128 -0.922438741 -0.140365481
vn 0.595448077 -0.766570628 -0.240438953
vn 0.474309027 -0.83445859 -0.280552626
vn 0.740488768 -0.625909925 -0.244771525
vn 0.252716362 -0.941648066 -0.222335964
vn 0.669919789 -0.645488799 -0.366813004
vn 0.0596276857 -0.925812244 -0.373250961
vn -0.590570629 -0.786752164 -0.179575771
vn 0.414287001 -0.741552651 -0.527698815
vn -0.170284405 -0.886353552 -0.430558473
vn -0.66370827 -0.727970898 -0.171900362
vn 0.426917791 -0.668623984 -0.608837545
vn -0.0593471155 -0.846625805 -0.528869331
vn -0.560723722 -0.803086519 -0.201595962
vn 0.900256753 0.0345304757 -0.433987826
vn 0.418397874 -0.716441512 -0.5582605
vn -0.270461708 -0.910609424 -0.312475383
vn 0.442384511 -0.646916568 -0.62112385
vn -0.314126849 -0.877937794 -0.361316234
vn 0.886319101 0.413161308 -0.209131971
vn 0.865102232 0.463321745 -0.192174807
vn 0.679090321 0.733703375 -0.0227080267
vn -0.790807009 0.509457767 0.339230031
vn 0.409728646 -0.758412242 -0.506885827
vn -0.230113104 -0.886514306 -0.401422769
vn 0.359514683 -0.865199447 -0.349541277
vn -0.171533018 -0.923411191 -0.343348563
vn -0.247430637 -0.94677633 -0.205894753
vn 0.968346238 0.22383441 -0.110470727
vn 0.713144302 0.682868361 0.15848051
vn 0.999149323 0.0355960988 -0.0208231341
vn 0.803376317 0.567021132 0.181861207
vn 0.867079198 0.491197467 0.0830579624
vn 0.990719497 -0.0623925664 -0.120756686
vn 0.91827172 0.335149229 -0.21083653
vn 0.257151544 -0.946622908 -0.194365993
vn -0.444783717 -0.895634413 -0.00249694358
vn 0.907999635 -0.203668907 -0.366136014
vn 0.819088757 0.278708845 -0.501412988
vn 0.0886565968 -0.981353402 -0.170544773
vn -0.730464816 -0.670910716 0.127671331
vn 0.695445538 -0.347380489 -0.62903291
vn 0.0815133005 -0.675542235 -0.732801676
vn -0.306120157 -0.912756979 -0.270490676
vn 0.417122513 0.639275074 0.646015584
vn 0.557102144 0.267779797 0.786085963
vn 0.61036694 0.440797031 0.658141494
vn 0.260337085 0.31614846 0.912290931
vn 0.483541906 -0.0894258842 0.870741248
vn 0.178124398 0.806044698 0.564414442
vn 0.124404192 -0.295897961 0.94708401
vn 0.13729389 -0.197324038 0.970676899
vn -0.201088727 0.0719609559 0.976926267
vn -0.126079395 0.521642327 0.843796909
vn -0.324878603 -0.500378966 0.802542686
vn -0.20563373 -0.107395805 0.972718298
vn -0.494315594 -0.091769293 0.864424944
vn -0.478368968 0.48143363 0.734428108
vn -0.517229974 -0.218715996 0.827427626
vn -0.34214285 0.185205787 0.921215057
vn -0.72173208 -0.0153323542 0.692002773
vn -0.702507913 0.457793355 0.54489255
vn -0.709577024 -0.0792538077 0.700156689
vn -0.578016281 0.314467132 0.752999187
vn -0.859025538 0.0678594485 0.507415116
vn -0.857725799 0.107317716 0.502781749
vn -0.7306903 0.443763971 0.518811405
vn -0.93453151 0.196630031 0.296626836
vn -0.819398999 0.476709276 0.318329275
vn -0.940119684 0.168011218 0.296558887
vn -0.858355522 0.388516992 0.335082799
vn -0.963922381 0.206151798 0.168389529
vn -0.871003687 0.454508245 0.186479941
vn -0.968666792 0.178379953 0.172815844
vn -0.878858268 0.433151782 0.199969485
vn -0.976560414 0.195159659 0.0907874331
vn -0.894441664 0.433576733 0.109477483
vn -0.955196798 0.285131782 0.0793658644
vn -0.9623456 0.253142804 0.0990429595
vn -0.805463672 0.582215428 0.110695638
vn -0.988517642 0.142270014 0.0509136841
vn -0.895251811 0.439928651 0.0706177801
vn -0.561391711 0.820485055 0.107905634
vn -0.981581926 0.170875371 0.0854311362
vn -0.940284908 0.309331864 0.142049327
vn -0.86381799 0.479522288 0.154521585
vn -0.490924716 0.834793329 0.249224976
vn -0.935152411 0.260815501 0.239718944
vn -0.856307626 0.389359206 0.339317888
vn -0.792105138 0.51329416 0.330300629
vn -0.373073608 0.799447954 0.470849246
vn -0.832039237 0.324455142 0.449932814
vn -0.7327317 0.428429097 0.528727472
vn -0.782233953 0.230558544 0.578751147
vn -0.612513423 0.554541588 0.563303649
vn -0.196807995 0.750687242 0.63066256
vn -0.741693556 0.313138962 0.593156636
vn -0.428834379 0.606376171 0.669633389
vn 0.0736665353 -0.743499339 -0.664666712
vn -0.584366143 0.65735811 0.475811362
vn -0.264308661 0.701937616 0.661380708
vn 0.124718286 0.880315185 0.457701445
vn -0.560760438 0.460735679 0.687946498
vn -0.272864848 0.792815447 0.544966459
vn 0.139324412 0.932617605 0.332886279
vn -0.808498442 0.116178587 0.576916695
vn -0.902974606 -0.308495492 0.299111128
vn -0.314310491 0.864493012 0.392250806
vn 0.170665622 0.961826682 0.213922232
vn -0.567716062 0.606117904 0.557063282
vn -0.924834907 -0.281311184 0.256016344
vn -0.898683488 -0.393267274 0.194187611
vn -0.817514181 0.306826562 0.487368524
vn -0.955453098 -0.270308644 0.118501976
vn -0.880736291 -0.473303795 -0.0169417728
vn -0.594027519 0.697838128 0.400191635
vn -0.291798741 0.921104491 0.257720917
vn 0.27809611 0.957641244 0.0747375712
vn -0.810805798 0.461757213 0.359686196
vn -0.990350783 -0.0891757905 0.106079668
vn -0.946990669 -0.319483131 0.0337531231
vn -0.935570419 -0.351726145 -0.0315679349
vn -0.55173862 0.780353606 0.294334292
vn -0.998562157 0.0315873362 0.0433118828
vn -0.983027697 -0.17227371 -0.0630738065
vn -0.755474865 0.592296124 0.280076772
vn -0.970808089 0.239786103 -0.00584686175
vn -0.998256743 0.0229119919 -0.0543914028
vn -0.653610289 0.741038024 0.153805852
vn -0.454539984 0.877047896 0.155500576
vn -0.774734139 0.632253766 0.00649774075
vn -0.956504762 0.289297312 0.0374940969
vn -0.519028544 0.852093577 0.0674231797
vn -0.166233972 0.979968965 0.109667458
vn -0.595962763 0.795115173 0.112339996
vn -0.917366862 0.358017594 0.173958138
vn -0.0147705609 0.999151587 0.0384434909
vn -0.24336715 0.968625844 0.0503611788
vn 0.0942111388 0.995240092 -0.0249296166
vn 0.454945028 0.887623906 -0.0717546269
vn 0.472321451 0.881157339 -0.0217761118
vn 0.691122651 0.720113277 -0.0615340136
vn -0.542786062 0.8140288 0.206737638
vn -0.95467025 0.16704537 0.246374786
vn 0.165811539 0.980828941 0.102377228
vn 0.629859507 0.776547313 -0.0158496704
vn 0.812473834 0.571185231 -0.116763644
vn 0.84220463 0.489724606 -0.225524485
vn -0.579393446 0.761921465 0.289445966
vn 0.130872563 0.991377831 0.00650347536
vn 0.190661624 0.973812759 0.123842016
vn 0.666851699 0.738204777 -0.101795651
vn 0.716393471 0.590587378 -0.371465921
vn 0.453963846 0.881482601 -0.130019933
vn 0.11820323 -0.307423472 0.944202781
vn 0.438874424 -0.353916943 0.825912774
vn -0.714679122 -0.0454498976 0.697974265
vn 0.284204066 -0.0843358934 0.955047369
vn 0.34186098 0.17663683 0.923000813
vn -0.0779061913 0.041607067 0.996092141
vn -0.231207117 -0.103053868 0.967431247
vn -0.396189839 0.0735808089 0.915215611
vn 0.145056278 0.309290051 0.939839482
vn 0.297333002 0.370382577 0.880005658
vn -0.0532952994 0.505313039 0.861288786
vn -0.288612068 0.238410071 0.927288294
vn -0.613471746 0.256097347 0.747038603
vn -0.100902922 0.421854228 0.901031435
vn -0.471102178 0.394844532 0.78877151
vn -0.249707848 0.609276056 0.752614617
vn -0.162525877 0.71212858 0.682977498
vn -0.617468536 0.535784781 0.575905621
vn -0.76148808 0.35588038 0.541742682
vn -0.823209226 0.444561958 0.353116333
vn -0.341407865 0.752097964 0.563728094
vn -0.212287933 0.819565594 0.532208681
vn -0.692370176 0.616417706 0.375037044
vn -0.841212809 0.507371426 0.186909527
vn -0.391906947 0.835061371 0.386110663
vn -0.226728737 0.901797831 0.367906094
vn -0.726766169 0.654222608 0.209293112
vn -0.843040109 0.534422815 0.0606269613
vn -0.44209969 0.861931264 0.248238653
vn -0.280608684 0.924212039 0.259018987
vn -0.724714994 0.683635592 0.086200498
vn -0.499838024 0.855060339 0.13796255
vn -0.405825406 0.898684919 0.166346848
vn -0.60905236 0.786540389 0.102027372
vn -0.79608047 0.6038149 0.0407847501
vn -0.921183646 0.388633043 -0.0196212959
vn -0.90059489 0.431083232 0.0556433983
vn -0.771057844 0.626654446 0.113022119
vn -0.611518621 0.775544345 0.156766966
vn -0.77961123 0.581609845 0.232241735
vn -0.672863722 0.69070369 0.264920413
vn -0.569173694 0.765611768 0.299799919
vn -0.577029347 0.633139312 0.515918434
vn -0.564081728 0.653644443 0.504540145
vn -0.553464413 0.558547318 0.617820382
vn -0.219193563 -0.975652695 0.00749647245
vn -0.172584385 -0.984907627 0.0130963782
vn -0.202369437 -0.977642536 0.0571112595
vn -0.301811635 -0.953129411 0.0213076249
vn -0.315759718 -0.948519111 0.0246439632
vn -0.3072339 -0.946604908 0.0977062955
vn -0.303176373 -0.94697237 0.106429942
vn -0.301004916 -0.942231596 0.146954671
vn -0.291114241 -0.9485991 0.124146543
vn -0.269226283 -0.958461702 0.094172366
vn -0.274754733 -0.959728837 0.0585695356
vn -0.26023367 -0.965299249 -0.0218131356
vn -0.241094589 -0.970501602 0.000139130323
vn -0.241855755 -0.95423466 -0.17590332
vn -0.213073894 -0.966609657 -0.142356336
vn -0.169759721 -0.929705918 -0.32684657
vn -0.1584699 -0.945356965 -0.284934342
vn -0.132601917 -0.881554842 -0.453075826
vn -0.114254072 -0.870548785 -0.478634238
vn -0.102876551 -0.850008249 -0.516626
vn -0.079639852 -0.837915242 -0.539958954
vn -0.0768707097 -0.838653326 -0.539213777
vn -0.0479738116 -0.821786642 -0.56777209
vn -0.67323947 0.662555993 0.328280658
vn -0.320769757 0.794942379 0.514949739
vn -0.704167306 0.616663814 0.351957381
vn -0.273311257 0.831918001 0.48292172
vn 0.453461289 0.693496168 0.559853494
vn -0.671768188 0.690078378 0.269294053
vn 0.487249017 0.693198204 0.531097472
vn 0.736696064 0.471725345 0.484514147
vn 0.737598479 0.48288855 0.471982092
vn -0.253451437 0.88298732 0.395089686
vn -0.629859388 0.748389184 0.207824051
vn 0.497155905 0.741495669 0.450577617
vn 0.737008333 0.540386796 0.405956715
vn -0.207028762 0.936890483 0.281736493
vn -0.561894119 0.814453006 0.144711077
vn 0.506565273 0.814900517 0.281653464
vn 0.739697039 0.629823446 0.237003863
vn 0.786030293 0.61638546 0.0471747406
vn 0.538892448 0.836304665 0.100942835
vn 0.770242274 0.625570059 -0.124051921
vn -0.168410301 0.973353982 0.155627906
vn -0.516223311 0.855490148 0.0406202115
vn 0.517106473 0.852055848 -0.0812508836
vn 0.73338449 0.639019668 -0.231950328
vn -0.164496288 0.986371696 0.00342578767
vn 0.476629615 0.859673321 -0.183809727
vn -0.134284496 0.987679303 -0.0803571343
vn -0.406750202 0.913100839 -0.0283061489
vn -0.0874249488 0.990371287 -0.107338905
vn -0.312942237 0.946082711 -0.0836347193
vn 0.469978571 0.863330007 -0.183797553
vn 0.750858486 0.620653927 -0.225832269
vn -0.148915604 0.973246694 -0.174971059
vn -0.385694414 0.904018402 -0.184365079
vn -0.242951751 0.902002692 -0.356883109
vn 0.484014034 0.862858891 -0.145619363
vn 0.802417874 0.584850192 -0.118641257
vn -0.0312687345 0.955238342 -0.294180274
vn 0.0216566641 0.926545739 -0.375558257
vn 0.475027382 0.879235446 -0.0359719098
vn 0.689969182 0.717517614 0.0954520181
vn 0.129303858 0.958965242 -0.252321601
vn 0.271327883 0.954778969 -0.121566206
vn 0.37156862 0.928365469 0.00862236787
vn 0.490081042 0.859582067 0.144704163
vn -0.931629717 0.0721351653 0.356177926
vn -0.772146642 0.327862829 0.544330418
vn -0.893936992 0.156681001 0.419913888
vn -0.851624966 0.277499706 0.44466719
vn -0.956910551 0.0723760873 0.281218767
vn -0.445200235 0.673256278 0.590358257
vn -0.360068798 0.651376843 0.667876244
vn -0.887200236 0.279850423 0.366823375
vn -0.969510794 0.0920700729 0.227094352
vn -0.907240033 0.294255137 0.300548673
vn -0.978013217 0.155974433 0.138427436
vn 0.320172131 0.809354961 0.492376179
vn 0.358804852 0.78494972 0.505087018
vn -0.471527666 0.711636186 0.520802915
vn -0.919197857 0.347284257 0.185658053
vn -0.964071393 0.264767021 -0.0215574969
vn 0.72091037 0.637928307 0.270805776
vn 0.662425578 0.682025194 0.309893399
vn 0.699057341 0.66448617 0.264152974
vn 0.31937167 0.840760052 0.437177569
vn 0.633844554 0.706114829 0.315662742
vn 0.262583315 0.860938907 0.435699821
vn 0.465473235 0.830280364 0.306543976
vn -0.503945768 0.732923627 0.457013726
vn 0.0984396935 0.942208469 0.320238858
vn 0.318917662 0.935087681 0.154604331
vn -0.565488398 0.774401546 0.283769488
vn -0.89798367 0.439972639 -0.00701724691
vn -0.926322222 0.31734556 -0.203024417
vn -0.575250149 0.815600872 0.0623098388
vn -0.861114919 0.471672356 -0.189753368
vn -0.914766967 0.308090568 -0.261307269
vn 0.00107306091 0.991428316 0.130647406
vn -0.861882627 0.434872925 -0.260852218
vn -0.905358255 0.35172683 -0.237938359
vn -0.568373442 0.813106716 -0.125734448
vn -0.0474361777 0.998825252 -0.00988838915
vn 0.22869046 0.972080529 0.0525358506
vn -0.638216972 0.73550725 -0.227394372
vn -0.160596311 0.976906836 -0.140932217
vn 0.139002517 0.985852838 -0.0936615691
vn -0.855920732 0.450273454 -0.254270583
vn -0.892250299 0.407915622 -0.193634555
vn -0.652120829 0.704393625 -0.280300111
vn -0.229171842 0.928018391 -0.293703973
vn -0.019662939 0.958226383 -0.28533411
vn -0.851942658 0.477234095 -0.21550262
vn -0.863520265 0.478472352 -0.159364149
vn -0.612873435 0.72445333 -0.315521061
vn -0.22513108 0.886757851 -0.403703511
vn -0.113850459 0.899323463 -0.422202975
vn -0.0542567633 0.856387734 -0.513474703
vn -0.590215921 0.738754153 -0.325403571
vn -0.197082818 0.860501826 -0.469781846
vn -0.0940800458 0.792114079 -0.603078902
vn -0.240175709 0.807206213 -0.539197385
vn -0.602896631 0.722134888 -0.339170814
vn -0.829119384 0.52782166 -0.184296489
vn -0.592841029 0.734124839 -0.331059247
vn -0.787927687 0.595826447 -0.155437782
vn -0.801863015 0.581793666 -0.136132136
vn -0.300360799 -0.953393042 0.0287234355
vn -0.306722999 -0.950450838 0.0506370328
vn -0.316556603 -0.947069228 0.0534027256
vn -0.281995833 -0.957629025 0.0585247427
vn -0.290227503 -0.956058025 0.0414861888
vn -0.251720548 -0.967798233 0.00181552884
vn -0.24580422 -0.969308615 0.00460148882
vn -0.243265122 -0.966715038 -0.0792716816
vn -0.255163729 -0.961779356 -0.0993576944
vn -0.273348421 -0.939235985 -0.20764482
vn -0.285063595 -0.932498395 -0.221778214
vn -0.289814055 -0.890996873 -0.34947449
vn -0.293527395 -0.882181287 -0.368236184
vn -0.261022568 -0.81858182 -0.511655152
vn -0.281325489 -0.823401868 -0.492813736
vn -0.224695146 -0.754651964 -0.616451561
vn -0.175820246 -0.730829358 -0.659526885
vn -0.141338557 -0.728996575 -0.669766665
vn -0.0871592984 -0.707146168 -0.701674759
vn -0.0627938807 -0.748979807 -0.659610629
vn -0.013733048 -0.728993356 -0.684382975
vn 0.0110023571 -0.749109745 -0.662354529
vn 0.0582021624 -0.726537645 -0.684657216
vn 0.306323856 0.69095391 0.654788733
vn 0.534950376 0.553744972 0.638118029
vn 0.525961995 0.579945624 0.622114897
vn 0.320061684 0.666108072 0.67369163
vn 0.355490476 0.643007934 0.67835629
vn 0.5512169 0.533304334 0.641674757
vn -0.373141438 0.736643732 0.564022601
vn -0.501562536 0.694141328 0.516335845
vn -0.7605865 0.558724701 0.330658317
vn -0.874647439 0.416446477 0.248121232
vn -0.707375467 0.601407468 0.371387929
vn -0.318976074 0.741695344 0.590035796
vn -0.670143604 0.644586861 0.367987901
vn -0.24467048 0.789961338 0.562225461
vn -0.591250241 0.735250533 0.331405818
vn 0.405760795 0.666900456 0.624981642
vn 0.609353542 0.532917082 0.587101042
vn -0.172398105 0.874230862 0.453871518
vn -0.551897228 0.796157897 0.248076752
vn 0.55272907 0.706531167 0.44193247
vn 0.793384016 0.496022433 0.352850586
vn 0.792235494 0.583494782 0.178596377
vn 0.54415983 0.799919844 0.253018707
vn 0.752074778 0.658697784 0.0223778356
vn -0.162677035 0.938325167 0.305093557
vn -0.554013491 0.820319831 0.141931251
vn 0.509993255 0.85481298 0.0959256291
vn 0.741642654 0.666929007 -0.0719157085
vn -0.170072183 0.970597565 0.170340434
vn -0.602484524 0.797453642 0.032864552
vn -0.208052114 0.977001846 0.0467102937
vn -0.593120873 0.797292531 -0.111947574
vn 0.51278311 0.858410656 -0.0135875111
vn 0.783401966 0.615361989 -0.0872412324
vn 0.521331608 0.850901902 -0.0646480843
vn 0.835907102 0.548858106 0.00373443519
vn -0.206841022 0.973570228 -0.0968390629
vn -0.352889329 0.860404015 -0.367660135
vn -0.0926819295 0.947241306 -0.306828946
vn -0.355494499 0.690036476 -0.630454898
vn 0.544365644 0.835889876 -0.0703855008
vn 0.825588942 0.552309871 0.115571268
vn -0.0357719399 0.880432189 -0.472820908
vn 0.43982926 0.869798601 -0.223608121
vn 0.595670998 0.801968932 -0.0449650921
vn 0.253749222 0.710933328 0.655885041
vn 0.636236668 0.536317766 0.55458647
vn 0.646702886 0.540345371 0.53833282
vn 0.243185073 0.735924661 0.631882787
vn 0.594569385 0.612546921 0.520839095
vn -0.165197551 0.770679414 0.615437329
vn -0.203406155 0.734896362 0.64695698
vn -0.0951003134 0.871453166 0.481170893
vn 0.261710495 0.819299996 0.510152042
vn -0.0720641762 0.971424401 0.226144522
vn 0.277159363 0.917901576 0.283971041
vn 0.546418965 0.762674749 0.346054077
vn -0.0727780387 0.997107923 0.0218918808
vn 0.237328723 0.968099236 0.0803680122
vn 0.469644368 0.870518684 0.147076219
vn 0.443210334 0.895440578 -0.0418442748
vn 0.115200736 0.992148638 -0.0486816913
vn -0.169267282 0.984255314 -0.0508931801
vn 0.848447859 0.481091559 -0.220651582
vn 0.948418617 -0.278744668 -0.151008487
vn 0.784237206 0.602889538 -0.146615535
vn 0.980696023 0.186400741 -0.0590781085
vn 0.963766038 0.266299814 0.0154786194
vn 0.0336629562 0.989006042 -0.143992215
vn -0.27875331 0.951725125 -0.128513962
vn 0.0597674139 0.973775685 -0.21951963
vn -0.292625159 0.929047644 -0.226364449
vn -0.215576276 0.91087544 -0.351898938
vn 0.14201507 0.944278121 -0.296935052
vn 0.792604506 0.60499835 -0.0758631751
vn 0.168163881 0.91520679 -0.366220504
vn -0.082565017 0.823616266 -0.561105549
vn 0.560374975 0.801685214 -0.208040506
vn 0.776082218 0.630578637 0.00818944629
vn 0.928492129 0.310107291 0.204293415
vn -0.70141232 -0.217296824 0.678824604
vn -0.542137027 -0.420488805 0.727513969
vn -0.705812037 -0.348097861 0.616974175
vn -0.520686507 -0.273169369 0.808865964
vn -0.697736144 -0.0566363931 0.714112341
vn -0.507791579 -0.139544696 0.850102961
vn -0.152847931 -0.515965104 0.842862725
vn -0.153239444 -0.139098838 0.978350282
vn -0.152852461 -0.346615642 0.925469458
vn 0.224922031 -0.591884851 0.774004221
vn 0.215271667 -0.363323003 0.906451643
vn 0.284481287 -0.0859143883 0.954824209
vn 0.515901387 -0.618265271 0.592953622
vn 0.529154062 -0.397759199 0.749522269
vn 0.568318725 -0.152844891 0.808487713
vn 0.7532354 -0.38128686 0.535963416
vn 0.711488128 -0.570389152 0.41041556
vn 0.769759715 -0.159679756 0.618039131
vn 0.914595902 -0.246774778 0.32033816
vn 0.840476096 -0.510755301 0.180911571
vn 0.912334144 0.0742594898 0.402656108
vn 0.973601043 -0.15482004 0.16772525
vn 0.900724828 -0.432683617 0.0384674892
vn 0.947696328 0.159055099 0.276718527
vn 0.994195163 -0.0743610263 0.0777583942
vn 0.927202404 -0.371197253 -0.05008246
vn 0.951729357 0.256068319 0.169234082
vn 0.998516619 0.0504205786 -0.0205531921
vn 0.83172673 0.540298462 0.127703786
vn 0.892380774 -0.413810015 -0.180049077
vn 0.814407885 0.567727804 0.12010403
vn 0.990317702 0.129213631 -0.0507409535
vn 0.912602544 -0.346583217 -0.216879353
vn 0.758158624 0.650911927 0.0388490669
vn 0.966753721 0.223273799 -0.124643289
vn 0.918184817 -0.29659763 -0.262614876
vn 0.564158499 0.820891976 0.0886656791
vn 0.915802002 0.3791022 -0.132620633
vn 0.925918221 -0.189171627 -0.326939642
vn 0.861651242 0.478750467 -0.168389782
vn 0.542137027 -0.420488805 0.727513969
vn 0.70141232 -0.217296824 0.678824604
vn 0.705812037 -0.348097861 0.616974175
vn 0.520686388 -0.273169369 0.808866024
vn 0.697736144 -0.0566363931 0.714112341
vn 0.507791579 -0.139544696 0.850102961
vn 0.152847931 -0.515965104 0.842862725
vn 0.153239444 -0.139098823 0.978350282
vn 0.152852461 -0.346615642 0.925469458
vn -0.224922031 -0.591884851 0.774004221
vn -0.215271667 -0.363323003 0.906451643
vn -0.284481287 -0.0859143883 0.954824209
vn -0.515901387 -0.618265271 0.592953622
vn -0.529154062 -0.397759229 0.74952215
vn -0.568318725 -0.152844891 0.808487713
vn -0.7532354 -0.38128683 0.535963416
vn -0.711488128 -0.570389152 0.41041556
vn -0.769759715 -0.159679756 0.618039131
vn -0.914595902 -0.246774778 0.32033816
vn -0.840476036 -0.51075542 0.180911571
vn -0.912334144 0.0742594898 0.402656108
vn -0.973601043 -0.15482007 0.16772525
vn -0.900724828 -0.432683617 0.0384674929
vn -0.947696328 0.159055099 0.276718527
vn -0.994195163 -0.0743610263 0.0777583942
vn -0.927202404 -0.371197253 -0.05008246
vn -0.951729357 0.256068289 0.169234082
vn -0.998516619 0.0504205637 -0.0205531921
vn -0.83172673 0.540298462 0.127703786
vn -0.892380774 -0.413810015 -0.180049077
vn -0.814407945 0.567727745 0.120104015
vn -0.990317702 0.129213616 -0.0507409424
vn -0.912602544 -0.346583217 -0.216879353
vn -0.758158624 0.650911927 0.0388490669
vn -0.966753721 0.223273799 -0.124643289
vn -0.918184817 -0.29659763 -0.262614876
vn -0.56415844 0.820891976 0.0886656791
vn -0.915802002 0.379102141 -0.132620603
vn -0.925918221 -0.189171627 -0.326939642
vn -0.861651242 0.478750467 -0.168389767
vn -0.34301722 -0.660159349 -0.668228209
vn 0.27738896 -0.476258755 -0.834405839
vn -0.327977955 -0.575466514 -0.749178708
vn 0.457377404 -0.562798679 -0.688522816
vn -0.12213634 -0.795127511 -0.594015896
vn 0.882968962 -0.130873024 -0.450819284
vn -0.17121087 0.20051913 -0.964613378
vn 0.939060748 -0.150059193 -0.309268892
vn 0.977787137 0.0140959136 -0.209126025
vn 0.903650761 -0.244950816 -0.351303875
vn 0.894514441 0.444743067 -0.0452485643
vn 0.976846635 -0.191641197 -0.0951011851
vn 0.971261382 -0.000429794338 -0.238014981
vn 0.95014447 0.281600028 0.133891255
vn 0.946563542 0.32213217 -0.0157603715
vn 0.966756582 0.251551956 -0.0458604321
vn 0.971663356 -0.10296528 -0.212763876
vn 0.966405332 0.221850112 0.129781932
vn 0.999132454 -0.0410851054 0.006812918
vn 0.989440501 -0.0545569621 0.13427946
vn 0.347273231 -0.081266351 -0.934236109
vn 0.50974077 0.133522183 -0.849903584
vn 0.460356206 -0.114899226 -0.880267143
vn 0.425146461 0.245418653 -0.871217668
vn 0.714597702 0.429994702 -0.551774085
vn 0.577660501 0.56334132 -0.590724111
vn 0.179546908 -0.0263642874 -0.983396113
vn 0.256414652 0.360982716 -0.896628678
vn 0.267720163 0.703612089 -0.658221841
vn -0.0511891395 0.40935424 -0.910938323
vn -0.11130546 -0.015219124 -0.993669689
vn -0.0984678417 0.708398938 -0.698909879
vn -0.406229466 0.154787526 -0.900565684
vn -0.369622052 0.477016658 -0.797392428
vn -0.403332502 0.639181435 -0.654805362
vn -0.739966691 0.209076509 -0.639324844
vn -0.676637471 0.430881113 -0.59707886
vn -0.695501506 0.507812023 -0.508335054
vn -0.888430059 0.277761668 -0.365431905
vn -0.888646603 0.328619868 -0.319869131
vn -0.913855255 0.338806212 -0.223783508
vn -0.965727806 0.149860799 -0.211923674
vn -0.974030316 0.21081762 -0.0825895369
vn -0.903753579 0.427968711 -0.00851060729
vn -0.994533181 0.015640704 -0.103242487
vn -0.906808317 0.420063466 -0.0352895595
vn -0.604709327 0.796446204 -3.03213019E-05
vn -0.563474953 0.82438755 0.0536771938
vn -0.872615516 0.487783283 0.0246931966
vn -0.999718845 0.0228475034 0.00634368323
vn -0.539156735 0.841044247 0.0442116782
vn -0.990500033 0.135700762 0.0222505238
vn -0.821946323 0.568757355 0.0303221364
vn -0.547056854 0.837009072 -0.0120243086
vn -0.96747911 0.248865709 0.0452775955
vn -0.79632169 0.604579449 0.0188490674
vn -0.599440455 0.79812485 -0.0605627336
vn -0.950636148 0.297192842 0.0892598107
vn -0.808786333 0.588039815 0.00859378092
vn -0.871179581 0.490243822 0.0265932791
vn -0.711098552 -0.703032434 -0.00917051546
vn -0.481572628 -0.863545835 -0.14958699
vn -0.558634222 -0.82616812 0.0733079985
vn -0.598519981 -0.79998672 -0.0423669145
vn -0.311040461 -0.893071592 -0.325080067
vn -0.712323964 -0.64839077 0.268670589
vn -0.804747343 -0.573082328 0.154784858
vn -0.829059005 -0.447363019 0.335451066
vn -0.668213367 -0.633864522 0.389495432
vn -0.372515976 -0.926401377 -0.0548854694
vn -0.174594969 -0.967616856 -0.182302982
vn -0.405603528 -0.849810183 0.336613178
vn -0.332355857 -0.805530906 0.490570635
vn -0.0683960617 -0.988532543 0.134630203
vn 0.157501876 -0.984603822 -0.075818941
vn 0.0427339152 -0.870892763 0.489611655
vn 0.126080632 -0.754134178 0.644503832
vn 0.293530881 -0.944530725 0.147313148
vn 0.429820746 -0.763256073 0.482383907
vn 0.500207305 -0.620697618 0.603760898
vn 0.684511244 -0.653132915 0.32382369
vn 0.742349923 -0.527663708 0.41290161
vn 0.879310608 -0.433816731 0.196509436
vn 0.511366189 -0.856681645 0.0678315088
vn 0.36185506 -0.929135799 -0.0759438872
vn 0.824311793 -0.556664109 0.103126518
vn 0.939403474 -0.342663229 0.0101516359
vn 0.601777196 -0.795819402 -0.0673482046
vn 0.427286148 -0.887746871 -0.171265975
vn 0.885393798 -0.463645071 -0.0333323739
vn 0.998463273 0.0519601293 0.0192700345
vn 0.654494703 -0.746094406 -0.122391738
vn 0.453801244 -0.868972778 -0.197359622
vn 0.936733544 -0.346671462 -0.0484683104
vn 0.732642055 -0.66453284 -0.147076979
vn 0.523000181 -0.825449824 -0.21237573
vn 0.995604515 0.0918791816 -0.0181603935
vn 0.80441469 0.583438694 0.111876346
vn 0.91895467 0.390804082 0.0528628491
vn 0.720623374 -0.663555503 -0.200987637
vn 0.546265781 -0.802759349 -0.239104971
vn 0.914172411 -0.385951906 -0.123813868
vn 0.992653131 -0.0768947825 -0.0934173837
vn 0.99126184 0.115617171 -0.0635020435
vn 0.614167273 -0.76201582 -0.20525682
vn 0.368024766 -0.900061071 -0.233340681
vn 0.52266866 -0.841279984 -0.138078213
vn 0.884596169 -0.444417924 -0.141358942
vn 0.956684113 -0.256126285 -0.138400912
vn 0.989204705 0.0142367342 -0.145847261
vn 0.70179677 -0.699859202 -0.132959723
vn 0.523263037 -0.848921299 -0.0743536875
vn 0.687643588 -0.719434202 -0.0977789909
vn 0.838576257 -0.516562045 -0.173070535
vn 0.936240911 -0.300972313 -0.181297377
vn 0.968620956 -0.0395720117 -0.245372161
vn -0.502513409 -0.31724292 0.804261923
vn -0.565430343 -0.482323706 0.669068336
vn -0.63879782 -0.467274845 0.611221373
vn -0.428561747 -0.300703198 0.852004826
vn -0.500185668 -0.0929791182 0.860911846
vn -0.430645883 -0.094057709 0.897606432
vn -0.244415268 -0.535259664 0.808553159
vn -0.17696023 -0.0554893464 0.982652545
vn -0.169056222 -0.329942644 0.928739905
vn 0.176524565 -0.556056559 0.812182307
vn 0.218787596 -0.244979113 0.944519579
vn 0.236152664 0.0951187089 0.967049301
vn 0.490116924 -0.488070101 0.722200155
vn 0.547446787 -0.186836854 0.815716863
vn 0.485359937 0.0874471888 0.869930387
vn 0.754330873 -0.36245209 0.54736948
vn 0.758103192 0.0434906259 0.650682867
vn 0.796510041 -0.155985281 0.584157825
vn 0.901987791 -0.272641361 0.334790647
vn 0.90679127 0.0643471181 0.416640133
vn 0.920729101 -0.0982721746 0.377624989
vn 0.97965759 -0.0679064915 0.188837841
vn 0.960442007 -0.259028524 0.10225141
vn 0.974679887 0.103869557 0.198015884
vn 0.995980382 -0.0883878171 -0.0145154921
vn 0.987697065 0.152334094 0.0353378952
vn 0.945584595 -0.31521067 -0.0806968734
vn 0.967352927 0.250803858 -0.0364107378
vn 0.999495029 0.0248687286 -0.0197785683
vn 0.94333148 -0.324148089 -0.0710899979
vn 0.680757761 0.731331408 0.041512426
vn 0.271723002 0.957726121 0.0944847837
vn 0.901087284 0.432532638 0.0309381653
vn 0.752094269 0.650183439 0.107776798
vn 0.800095379 0.594345868 -0.0812427774
vn 0.979891598 -0.168071121 -0.107538931
vn 0.945528209 0.302764356 -0.119624697
vn 0.858595967 0.494524658 -0.135123149
vn 0.869470954 -0.47695592 -0.128581733
vn 0.851583302 -0.518897772 -0.074505277
vn 0.846383035 -0.526519716 -0.0800797567
vn 0.831153154 -0.517159164 -0.204281285
vn 0.912314236 -0.360189974 -0.194796994
vn 0.692062914 -0.685957193 -0.224747822
vn 0.967244864 0.207966864 -0.145558208
vn 0.880555332 -0.452195793 -0.14192006
vn 0.645642817 -0.754049659 -0.120641753
vn 0.980995953 0.148770094 -0.124556758
vn 0.892499089 0.427731365 -0.143147364
vn 0.874535561 0.436331004 -0.211666614
vn 0.847557306 -0.526599944 -0.0658717602
vn 0.579670429 -0.814714313 -0.0149272671
vn 0.982470453 0.112893574 -0.148347259
vn 0.872736335 0.427625895 -0.235515147
vn 0.81774354 -0.575582504 0.000364564068
vn 0.549998641 -0.83213377 0.0710986555
vn 0.984209001 0.0955901071 -0.148980513
vn 0.918118477 -0.395059019 -0.0314129703
vn 0.818397045 -0.573767304 0.031897638
vn 0.560945034 -0.821508348 0.102297395
vn -0.515500367 -0.372741342 0.771571934
vn -0.361516476 -0.655753911 0.662791491
vn -0.401952416 -0.542402685 0.73772186
vn -0.454484731 -0.434751183 0.777454197
vn -0.0849219188 -0.81446892 0.573958695
vn -0.609093547 0.080807142 0.788971066
vn -0.146541774 -0.541427732 0.82787776
vn 0.237890765 -0.792985559 0.560876071
vn -0.534153104 0.0553898104 0.843571246
vn -0.331114113 0.76967144 0.545865774
vn -0.197021469 0.939990759 0.278567791
vn 0.0695881248 0.997135043 -0.0296535902
vn 0.0909391791 0.985630989 -0.142342687
vn -0.0206881296 0.995643139 0.0909218639
vn -0.184281781 0.727151096 0.661280215
vn -0.0944608748 0.988805294 0.11550419
vn -0.207700953 0.037299633 0.977481008
vn 0.245149329 -0.556559265 0.793815792
vn 0.0513737425 0.745238245 0.66481626
vn 0.492200911 -0.490947217 0.718824744
vn 0.446364492 -0.716019452 0.536726058
vn 0.209318042 0.0135021694 0.977754414
vn 0.175729528 0.776749074 0.604797482
vn -0.193835869 0.973019898 0.125139803
vn 0.483778387 0.0697688162 0.872405231
vn 0.745957911 -0.37773338 0.548510849
vn 0.665950418 -0.656358898 0.354546219
vn 0.229703188 0.833658993 0.502243936
vn -0.298854232 0.937994421 0.17564927
vn 0.581176937 0.669421732 0.46271804
vn 0.701707125 0.226755038 0.67541784
vn 0.918919981 -0.211173147 0.333154768
vn 0.832519114 -0.510140479 0.216029331
vn 0.923450947 -0.383716553 -8.62120214E-05
vn 0.800968528 0.382929176 0.460233361
vn 0.988361418 -0.0801787227 0.129278913
vn 0.798946381 -0.543567777 -0.25733003
vn 0.823939264 0.475704551 0.307943672
vn 0.636950612 0.682946086 0.357601225
vn 0.98119396 -0.154737249 -0.115389712
vn 0.980946839 0.192934141 -0.0227981471
vn 0.847567201 0.49650389 0.187386483
vn 0.690768301 0.663262188 0.287962407
vn 0.90032208 0.413767517 0.13496913
vn 0.829329133 0.515143931 0.216425106
vn 0.145144224 -0.961497068 -0.233359039
vn 0.127120227 -0.964025319 -0.233443171
vn 0.148739189 -0.959143639 -0.240666002
vn -0.186700851 -0.954359591 -0.23311083
vn -0.411254913 -0.879491091 -0.239509672
vn -0.729715168 -0.662197769 -0.170322776
vn -0.96327275 -0.256447345 -0.0796256289
vn -0.793341458 -0.606772959 -0.0493553914
vn -0.977248132 -0.140384004 -0.158991754
vn -0.976870894 -0.213828817 0.000736210088
vn -0.8474015 -0.530074298 0.0305281654
vn -0.989565849 -0.129785568 0.0625712052
vn -0.80415976 -0.588092625 0.0864528269
vn -0.975351274 -0.205608875 0.0800932124
vn -0.950032473 0.30899179 -0.0442998149
vn -0.673195601 0.735328257 -0.0781020224
vn -0.151770383 0.972112119 -0.178784192
vn -0.675131023 0.737691939 0.0029541913
vn -0.251793027 0.966604531 -0.0477073416
vn -0.789410889 0.612854302 0.0352144763
vn -0.45823586 0.888648272 0.0180023517
vn -0.810418725 0.583854496 0.048325967
vn -0.454292238 0.885674 0.0959181488
vn -0.887294412 0.459097207 -0.044026196
vn -0.444897383 0.886566043 0.126755759
vn -0.961606622 0.206050336 -0.181262419
vn -0.963858843 0.208916754 -0.16531764
vn -0.909336865 0.263663292 -0.321850955
vn -0.917030692 0.281374931 -0.282635361
vn -0.713613033 0.34950009 -0.607129395
vn -0.687974095 0.333818197 -0.644404352
vn -0.415961325 0.417589009 -0.80783391
vn -0.403984904 0.420038372 -0.812627852
vn -0.0853900835 0.456940502 -0.88538903
vn -0.0652203038 0.45760721 -0.886759281
vn 0.312877148 0.434969217 -0.844339728
vn 0.333090395 0.431774408 -0.838225245
vn 0.644586802 0.349507362 -0.679965079
vn 0.65422225 0.345719635 -0.672659814
vn 0.755511761 0.299176544 -0.582834005
vn 0.755512774 0.299176425 -0.582832634
vn -0.72811085 -0.648230672 0.222826153
vn -0.633065999 -0.748315632 0.198119044
vn -0.679037929 -0.716005027 0.16200082
vn -0.692076147 -0.63241601 0.347966403
vn -0.685248613 -0.500289679 0.529286921
vn -0.322466463 -0.894903243 0.308486134
vn -0.607811689 -0.449802786 0.654402196
vn -0.342774212 -0.710089147 0.615044177
vn -0.22745803 -0.418666154 0.879193604
vn 0.158009768 -0.900283337 0.405614018
vn 0.152455166 -0.67223841 0.724467397
vn 0.175612554 -0.364073545 0.914664268
vn 0.455348343 -0.615276754 0.643500209
vn 0.425568283 -0.846977532 0.318623006
vn 0.487545103 -0.318026751 0.813116729
vn 0.718253136 -0.535428762 0.444329083
vn 0.581734002 -0.794353068 0.174896523
vn 0.757052839 -0.233376324 0.610251129
vn 0.859526575 -0.463259339 0.215881795
vn 0.915372193 -0.139561296 0.377645791
vn 0.680987895 -0.732062876 0.0184218138
vn 0.985913217 -0.0673645958 0.153092057
vn 0.925433218 -0.374498457 0.0576558188
vn 0.785282612 -0.61888057 -0.0178346429
vn 0.958530545 -0.283858895 -0.0253644455
vn 0.999417543 0.0112545174 0.0322175585
vn 0.826310813 -0.556527495 -0.086531952
vn 0.999548495 0.0202725362 -0.0221757535
vn 0.95997709 -0.270385683 -0.0730450749
vn 0.818858862 -0.560388148 -0.124239013
vn 0.995118618 0.0159751829 -0.0973841846
vn 0.93201673 -0.327308387 -0.155608594
vn 0.733139038 -0.652755201 -0.190834507
vn 0.97670126 -0.0836602673 -0.197625026
vn 0.883952737 -0.419002891 -0.20751898
vn 0.692296684 -0.699681103 -0.176555037
vn 0.964992464 -0.0611368008 -0.255052745
vn 0.877852082 -0.413965881 -0.240848571
vn 0.657746911 -0.729397535 -0.188011214
vn 0.896316886 -0.344000906 -0.279784888
vn -0.99306339 0.106227331 0.0504061356
vn -0.17121087 0.20051913 -0.964613378
vn -0.73328948 0.663324893 0.149287224
vn -0.999238729 0.0289868694 -0.0261111893
vn -0.825603008 -0.559175849 -0.0755121857
vn -0.814580917 -0.566316366 -0.125473544
vn -0.747497261 0.660244882 0.0729692802
vn -0.845434904 -0.527324498 -0.0846677125
vn -0.989488542 0.144589514 -0.0025176194
vn -0.633664072 0.769453824 0.0800672919
vn -0.944526613 -0.328378886 0.00606727414
vn -0.930260062 0.365510494 0.0319095142
vn -0.473835707 0.880262256 0.0248597767
vn -0.996388197 -0.0840693936 0.0119574321
vn -0.843605638 0.536934018 -0.00560094696
vn -0.414450318 0.904499233 -0.100558616
vn -0.821641922 0.566457748 -0.0634841621
vn -0.99827075 0.0165330861 0.0564105473
vn -0.404369593 0.879523277 -0.250846535
vn -0.833994627 0.527490973 -0.161883667
vn -0.999931812 -0.0116158901 0.00123373035
vn -0.386993229 0.863912821 -0.322321087
vn -0.841775537 0.492074698 -0.221982986
vn -0.997681856 -0.0471571088 -0.0490625836
vn -0.919768333 0.33707875 -0.20100826
vn -0.27738896 -0.476258755 -0.834405839
vn 0.34301722 -0.660159349 -0.668228209
vn 0.327977955 -0.575466514 -0.749178708
vn -0.457377344 -0.562798619 -0.688522816
vn 0.12213634 -0.795127511 -0.594015896
vn -0.882968962 -0.130873024 -0.450819284
vn 0.17121087 0.20051913 -0.964613378
vn -0.939060748 -0.150059193 -0.309268892
vn -0.977787137 0.0140959136 -0.209126025
vn -0.903650761 -0.244950816 -0.351303995
vn -0.894514561 0.444743067 -0.0452485792
vn -0.976846635 -0.191641241 -0.0951011851
vn -0.971261382 -0.000429781765 -0.238014981
vn -0.95014447 0.281600028 0.133891255
vn -0.946563542 0.32213217 -0.0157603715
vn -0.966756582 0.251551986 -0.0458604358
vn -0.971663356 -0.10296528 -0.212763876
vn -0.966405332 0.221850082 0.129781932
vn -0.999132454 -0.0410851166 0.00681291567
vn -0.989440501 -0.054556977 0.13427946
vn -0.50974077 0.133522183 -0.849903584
vn -0.347273231 -0.081266351 -0.934236109
vn -0.460356206 -0.114899226 -0.880267143
vn -0.425146461 0.245418653 -0.871217668
vn -0.714597702 0.429994702 -0.551774085
vn -0.577660501 0.56334126 -0.590724111
vn -0.179546893 -0.0263642874 -0.983396113
vn -0.256414652 0.360982716 -0.896628678
vn -0.267720163 0.703612089 -0.658221841
vn 0.0511891395 0.40935424 -0.910938323
vn 0.11130546 -0.015219124 -0.993669689
vn 0.0984678417 0.708398938 -0.698909879
vn 0.406229377 0.154787526 -0.900565684
vn 0.369622052 0.477016658 -0.797392428
vn 0.403332472 0.639181376 -0.654805362
vn 0.739966691 0.209076509 -0.639324844
vn 0.67663753 0.430881202 -0.5970788
vn 0.695501566 0.507812023 -0.508334994
vn 0.888430119 0.277761638 -0.365431905
vn 0.888646603 0.328619868 -0.319869131
vn 0.913855255 0.338806212 -0.223783508
vn 0.965727806 0.149860799 -0.211923674
vn 0.974030316 0.21081765 -0.0825895369
vn 0.903753579 0.427968711 -0.00851060729
vn 0.994533181 0.015640704 -0.103242487
vn 0.906808317 0.420063466 -0.0352895595
vn 0.604709327 0.796446204 -3.03213019E-05
vn 0.563474953 0.82438755 0.0536771789
vn 0.872615516 0.487783283 0.0246931966
vn 0.999718845 0.0228475034 0.00634368323
vn 0.539156735 0.841044247 0.0442116782
vn 0.990500033 0.135700762 0.0222505238
vn 0.821946323 0.568757355 0.0303221364
vn 0.547056854 0.837009072 -0.0120243086
vn 0.96747911 0.248865709 0.0452775955
vn 0.79632169 0.604579449 0.0188490637
vn 0.599440455 0.79812485 -0.060562741
vn 0.950636148 0.297192842 0.0892598107
vn 0.808786333 0.588039815 0.00859377999
vn 0.871179581 0.490243822 0.0265932791
vn 0.481572628 -0.863545835 -0.14958699
vn 0.711098552 -0.703032434 -0.00917051546
vn 0.558634222 -0.82616812 0.0733079985
vn 0.598519981 -0.79998672 -0.0423669145
vn 0.311040461 -0.893071592 -0.325080067
vn 0.712323964 -0.64839071 0.268670589
vn 0.804747343 -0.573082328 0.154784858
vn 0.829059005 -0.447363019 0.335451066
vn 0.668213427 -0.633864522 0.389495462
vn 0.372515947 -0.926401377 -0.0548854582
vn 0.174594969 -0.967616856 -0.182302982
vn 0.405603498 -0.849810243 0.336613148
vn 0.332355857 -0.805530906 0.490570635
vn 0.0683960617 -0.988532543 0.134630188
vn -0.157501876 -0.984603822 -0.0758189633
vn -0.0427339189 -0.870892763 0.489611655
vn -0.126080632 -0.754134178 0.644503832
vn -0.293530881 -0.944530725 0.147313148
vn -0.429820716 -0.763256133 0.482383907
vn -0.500207305 -0.620697618 0.603760898
vn -0.684511244 -0.653132915 0.32382369
vn -0.742349923 -0.527663708 0.41290161
vn -0.879310608 -0.433816731 0.196509466
vn -0.511366129 -0.856681764 0.0678315088
vn -0.36185506 -0.929135919 -0.0759439096
vn -0.824311793 -0.556664109 0.103126518
vn -0.939403474 -0.342663229 0.0101516359
vn -0.601777196 -0.795819402 -0.0673482046
vn -0.427286059 -0.887746871 -0.171265975
vn -0.885393798 -0.463645071 -0.0333323739
vn -0.998463273 0.0519601293 0.0192700345
vn -0.654494703 -0.746094406 -0.122391738
vn -0.453801244 -0.868972778 -0.197359607
vn -0.936733544 -0.346671462 -0.0484683104
vn -0.732642055 -0.66453284 -0.147076979
vn -0.52300024 -0.825449824 -0.21237573
vn -0.995604515 0.0918791816 -0.018160399
vn -0.80441469 0.583438694 0.111876346
vn -0.91895467 0.390804082 0.0528628491
vn -0.720623374 -0.663555503 -0.200987563
vn -0.546265781 -0.802759349 -0.239104971
vn -0.914172411 -0.385951906 -0.123813868
vn -0.992653131 -0.0768947825 -0.0934173837
vn -0.99126184 0.115617171 -0.0635020435
vn -0.614167273 -0.76201582 -0.20525682
vn -0.368024766 -0.900061071 -0.233340681
vn -0.52266866 -0.841279984 -0.138078213
vn -0.884596169 -0.444417924 -0.141358942
vn -0.956684113 -0.256126225 -0.138400912
vn -0.989204705 0.0142367342 -0.145847261
vn -0.70179677 -0.699859202 -0.132959738
vn -0.523263037 -0.848921299 -0.0743536875
vn -0.687643588 -0.719434142 -0.0977789909
vn -0.838576257 -0.516562045 -0.173070535
vn -0.936240911 -0.300972313 -0.181297347
vn -0.968620956 -0.0395720266 -0.245372161
vn 0.565430343 -0.482323706 0.669068336
vn 0.502513409 -0.317242831 0.804261923
vn 0.63879782 -0.467274845 0.611221373
vn 0.428561747 -0.300703198 0.852004826
vn 0.500185668 -0.0929791182 0.860911846
vn 0.430645883 -0.094057709 0.897606432
vn 0.244415268 -0.535259664 0.808553159
vn 0.17696023 -0.0554893464 0.982652545
vn 0.169056222 -0.329942644 0.928739905
vn -0.176524565 -0.556056559 0.812182307
vn -0.218787611 -0.244979143 0.944519579
vn -0.236152664 0.0951187089 0.967049301
vn -0.490116924 -0.488070101 0.722200155
vn -0.547446787 -0.186836854 0.815716863
vn -0.485359937 0.0874471888 0.869930387
vn -0.754330933 -0.36245206 0.54736954
vn -0.758103192 0.0434906259 0.650682807
vn -0.796510041 -0.155985281 0.584157825
vn -0.901987791 -0.272641361 0.334790647
vn -0.906791329 0.0643471256 0.416640103
vn -0.920729101 -0.0982721746 0.377624989
vn -0.97965759 -0.0679064989 0.188837811
vn -0.960442007 -0.259028524 0.10225141
vn -0.974679887 0.103869557 0.198015884
vn -0.995980382 -0.0883878022 -0.0145154921
vn -0.987697065 0.152334124 0.0353378952
vn -0.945584595 -0.31521067 -0.0806968734
vn -0.967352927 0.250803858 -0.0364107378
vn -0.999495029 0.0248687286 -0.0197785702
vn -0.94333148 -0.324148089 -0.0710899979
vn -0.680757821 0.731331408 0.0415124223
vn -0.271723002 0.957726121 0.0944847837
vn -0.901087284 0.432532638 0.0309381653
vn -0.752094269 0.650183439 0.107776798
vn -0.800095379 0.594345868 -0.0812427774
vn -0.979891598 -0.168071121 -0.107538931
vn -0.945528209 0.302764356 -0.119624697
vn -0.858595967 0.494524658 -0.135123134
vn -0.869470954 -0.47695592 -0.128581733
vn -0.851583302 -0.518897772 -0.074505277
vn -0.846383035 -0.526519716 -0.0800797567
vn -0.831153154 -0.517159164 -0.204281285
vn -0.912314236 -0.360189974 -0.194796994
vn -0.692062914 -0.685957193 -0.224747822
vn -0.967244864 0.207966864 -0.145558208
vn -0.880555332 -0.452195793 -0.14192006
vn -0.645642817 -0.754049659 -0.120641753
vn -0.980995953 0.148770094 -0.124556758
vn -0.892499089 0.427731365 -0.143147364
vn -0.874535561 0.436331004 -0.211666614
vn -0.847557306 -0.526600003 -0.0658717752
vn -0.579670429 -0.814714313 -0.0149272671
vn -0.982470453 0.112893574 -0.148347259
vn -0.872736335 0.427625835 -0.235515147
vn -0.81774354 -0.575582623 0.000364563719
vn -0.549998641 -0.83213377 0.0710986555
vn -0.984209001 0.0955901071 -0.148980513
vn -0.918118477 -0.395059019 -0.0314129665
vn -0.818397045 -0.573767304 0.031897638
vn -0.560945034 -0.821508348 0.102297395
vn 0.361516476 -0.655753911 0.662791491
vn 0.515500367 -0.372741342 0.771571934
vn 0.401952416 -0.542402685 0.73772186
vn 0.454484731 -0.434751183 0.777454197
vn 0.0849219188 -0.81446892 0.573958695
vn 0.609093428 0.0808071196 0.788971066
vn 0.146541774 -0.541427732 0.82787776
vn -0.237890765 -0.792985559 0.560876071
vn 0.534153163 0.0553898178 0.843571246
vn 0.331114054 0.7696715 0.545865715
vn 0.197021469 0.939990759 0.278567791
vn -0.0695881248 0.997135043 -0.0296535902
vn -0.0909391791 0.985630989 -0.142342687
vn 0.0206881296 0.995643139 0.0909218863
vn 0.184281781 0.727151096 0.661280215
vn 0.0944608748 0.988805294 0.11550419
vn 0.207700953 0.037299633 0.977481008
vn -0.245149329 -0.556559265 0.793815792
vn -0.0513737425 0.745238245 0.66481626
vn -0.492200911 -0.490947217 0.718824744
vn -0.446364492 -0.716019452 0.536726058
vn -0.209318042 0.0135021694 0.977754414
vn -0.175729528 0.776749074 0.604797602
vn 0.193835869 0.973019898 0.125139832
vn -0.483778387 0.0697688162 0.872405231
vn -0.745957911 -0.37773338 0.548510849
vn -0.665950418 -0.656358898 0.354546219
vn -0.229703218 0.833659112 0.502243876
vn 0.298854232 0.937994421 0.17564927
vn -0.581176937 0.669421732 0.46271804
vn -0.701707125 0.226754993 0.67541784
vn -0.918919981 -0.211173147 0.333154768
vn -0.832519114 -0.510140479 0.216029331
vn -0.923450947 -0.383716494 -8.62120214E-05
vn -0.800968528 0.382929176 0.460233301
vn -0.988361418 -0.0801787227 0.129278913
vn -0.798946381 -0.543567777 -0.25733003
vn -0.823939264 0.475704551 0.307943702
vn -0.636950493 0.682946146 0.357601166
vn -0.98119396 -0.154737249 -0.115389712
vn -0.980946839 0.192934141 -0.0227981471
vn -0.847567201 0.49650389 0.187386483
vn -0.690768301 0.663262188 0.287962407
vn -0.90032208 0.413767517 0.13496913
vn -0.829329133 0.515143931 0.216425106
vn -0.145144194 -0.961497068 -0.233359054
vn -0.148739144 -0.959143639 -0.240666062
vn -0.127120227 -0.964025319 -0.233443171
vn 0.186700836 -0.954359591 -0.23311083
vn 0.411254913 -0.879491091 -0.239509672
vn 0.729715168 -0.662197769 -0.170322791
vn 0.96327275 -0.256447285 -0.0796256289
vn 0.793341398 -0.606773019 -0.0493553989
vn 0.977248132 -0.140383974 -0.158991724
vn 0.976870894 -0.213828817 0.000736210088
vn 0.8474015 -0.530074298 0.0305281654
vn 0.989565849 -0.129785553 0.0625711977
vn 0.80415976 -0.588092625 0.0864528269
vn 0.975351274 -0.205608875 0.0800932124
vn 0.950032473 0.30899182 -0.0442998298
vn 0.673195601 0.735328257 -0.0781020224
vn 0.151770383 0.972112119 -0.178784192
vn 0.675131023 0.737691939 0.0029541913
vn 0.251793027 0.966604531 -0.0477073416
vn 0.789410889 0.612854302 0.0352144763
vn 0.4582358 0.888648272 0.0180023499
vn 0.810418725 0.583854496 0.048325967
vn 0.454292208 0.885673881 0.0959181562
vn 0.887294471 0.459097177 -0.044026196
vn 0.444897383 0.886566043 0.126755759
vn 0.961606622 0.206050336 -0.181262434
vn 0.963858843 0.208916754 -0.16531764
vn 0.909336865 0.263663292 -0.321851045
vn 0.917030692 0.281374931 -0.282635361
vn 0.713613033 0.34950012 -0.607129395
vn 0.687974095 0.333818197 -0.644404352
vn 0.415961325 0.417589009 -0.80783391
vn 0.403984904 0.420038372 -0.812627852
vn 0.0853900835 0.456940502 -0.88538903
vn 0.0652203038 0.45760715 -0.886759281
vn -0.312877148 0.434969217 -0.844339728
vn -0.333090395 0.431774408 -0.838225245
vn -0.644586802 0.349507362 -0.679965079
vn -0.65422225 0.345719635 -0.672659814
vn -0.755511761 0.299176544 -0.582834005
vn -0.755512774 0.299176425 -0.582832634
vn 0.633065999 -0.748315632 0.198119044
vn 0.72811085 -0.648230672 0.222826153
vn 0.679037929 -0.716005027 0.16200082
vn 0.692076206 -0.63241595 0.347966373
vn 0.685248613 -0.500289679 0.529286921
vn 0.322466463 -0.894903243 0.308486134
vn 0.607811749 -0.449802816 0.654402256
vn 0.342774183 -0.710089147 0.615044177
vn 0.22745803 -0.418666154 0.879193604
vn -0.158009768 -0.900283337 0.405614018
vn -0.152455166 -0.67223841 0.724467397
vn -0.175612554 -0.364073545 0.914664268
vn -0.455348343 -0.615276754 0.643500209
vn -0.425568342 -0.846977532 0.318623066
vn -0.487545103 -0.318026751 0.813116729
vn -0.718253136 -0.535428762 0.444329083
vn -0.581733882 -0.794353127 0.174896508
vn -0.757052839 -0.233376324 0.610251129
vn -0.859526575 -0.463259339 0.215881795
vn -0.915372193 -0.139561296 0.377645791
vn -0.680987895 -0.732062876 0.0184218138
vn -0.985913217 -0.0673645958 0.153092057
vn -0.925433218 -0.374498457 0.0576558188
vn -0.785282612 -0.61888057 -0.0178346429
vn -0.958530545 -0.283858925 -0.0253644455
vn -0.999417543 0.0112545174 0.0322175585
vn -0.826310813 -0.556527495 -0.086531952
vn -0.999548495 0.0202725362 -0.0221757535
vn -0.95997709 -0.270385683 -0.0730450749
vn -0.818858802 -0.560388267 -0.12423902
vn -0.995118618 0.0159751829 -0.0973841846
vn -0.93201673 -0.327308357 -0.155608594
vn -0.733139038 -0.652755201 -0.190834507
vn -0.97670126 -0.0836602673 -0.197625026
vn -0.883952737 -0.419002891 -0.20751898
vn -0.692296684 -0.699681103 -0.176555037
vn -0.964992464 -0.0611368306 -0.255052745
vn -0.877852082 -0.413965881 -0.240848541
vn -0.657746911 -0.729397535 -0.188011214
vn -0.896316767 -0.344000906 -0.279784858
vn 0.17121087 0.20051913 -0.964613378
vn 0.99306339 0.106227346 0.0504061431
vn 0.73328948 0.663324893 0.149287224
vn 0.999238729 0.0289868694 -0.0261111967
vn 0.825603008 -0.559175849 -0.0755121857
vn 0.814580917 -0.566316366 -0.125473544
vn 0.747497261 0.660244882 0.0729692802
vn 0.845434964 -0.527324438 -0.0846676975
vn 0.989488542 0.144589528 -0.00251762266
vn 0.633664072 0.769453824 0.0800672993
vn 0.944526613 -0.328378886 0.00606727414
vn 0.930260062 0.365510494 0.0319095142
vn 0.473835707 0.880262256 0.0248597767
vn 0.996388197 -0.0840693936 0.0119574321
vn 0.843605638 0.536934018 -0.00560094696
vn 0.414450318 0.904499233 -0.100558616
vn 0.821641922 0.566457748 -0.0634841621
vn 0.99827075 0.0165330861 0.0564105473
vn 0.404369593 0.879523277 -0.250846535
vn 0.833994627 0.527490973 -0.161883667
vn 0.999931812 -0.0116158901 0.00123373035
vn 0.386993229 0.863912821 -0.322321087
vn 0.841775537 0.492074698 -0.221982986
vn 0.997681856 -0.0471571051 -0.0490625799
vn 0.919768333 0.33707875 -0.20100826
vn -0.203160927 0.813816488 -0.54445231
vn 0.687090218 0.277507782 -0.671488285
vn 0.251841664 0.155993983 -0.955113471
vn 0.365192741 -0.303879112 -0.879938424
vn -0.344549179 0.214745909 -0.913876355
vn -0.403270185 0.568186462 -0.717312574
vn -0.444241315 0.650837839 -0.615678251
vn 0.91866374 -0.235284567 0.317329824
vn 0.764719486 -0.637346923 -0.0948310569
vn 0.735077024 -0.676331401 -0.047304213
vn 0.171234205 0.716291726 0.676464975
vn -0.299030781 0.854670048 0.424404949
vn 0.886431098 -0.206678689 0.414154381
vn 0.630150199 -0.775749683 -0.0335144289
vn 0.247097909 0.719317853 0.649249136
vn -0.0717050806 0.915741384 0.395317554
vn 0.895374715 -0.20447804 0.395591944
vn 0.666565657 -0.743403256 0.0551534742
vn 0.347861648 0.76332438 0.544360399
vn 0.0206066333 0.965852082 0.258273184
vn 0.928118229 -0.137980193 0.345771521
vn 0.415008992 0.820935428 0.392214835
vn -0.218460947 0.972005427 0.0864885673
vn 0.941626132 0.041535873 0.334088475
vn 0.811455131 -0.559967518 0.167263329
vn 0.252962559 0.931349277 0.261913031
vn 0.896758676 0.231016397 0.377432495
vn 0.87949717 -0.385050297 0.279679984
vn 0.482689202 0.849036694 0.214820653
vn 0.0887476727 0.987073541 0.133452788
vn -0.367218256 0.922712266 -0.117272057
vn -0.0503556281 -0.798873723 -0.599387228
vn 0.790709019 -0.300912976 -0.533132911
vn 0.723666728 -0.528236628 -0.444153666
vn 0.0233934596 -0.639858305 -0.76813674
vn -0.818264425 -0.501764536 -0.280491799
vn -0.745969832 -0.618728101 -0.246383101
vn -0.012414501 -0.90766871 -0.419503629
vn 0.612989962 -0.722780704 -0.319110155
vn -0.575632155 -0.774535358 -0.262188375
vn 0.0640660077 -0.967333078 -0.245280117
vn -0.320968032 -0.931728005 -0.169889316
vn 0.403640091 -0.899980545 -0.164649978
vn -0.155730173 -0.976704359 -0.147637621
vn 0.118786126 -0.984306574 -0.130500838
vn 0.277368933 -0.959239066 -0.0541000664
vn 0.006206661 -0.999776781 -0.0201956742
vn 0.150040507 -0.988645554 0.00823630765
vn 0.2272771 -0.972986042 0.040537674
vn 0.0850430056 -0.987119555 0.135509223
vn 0.179477662 -0.973169804 0.143973127
vn 0.248249218 -0.961601198 0.11702732
vn 0.00919619016 -0.97767365 0.209927768
vn 0.361401707 -0.916716397 0.17035161
vn 0.200605899 -0.954315484 0.22144796
vn -0.22611244 -0.944028378 0.240174115
vn 0.526301444 -0.846750736 0.0775887594
vn 0.186756179 -0.957529783 0.219678789
vn -0.415708989 -0.860290349 0.295104057
vn 0.656937778 -0.749834776 -0.078616403
vn 0.183630645 -0.971896529 0.147299021
vn -0.455838025 -0.836488008 0.30413717
vn 0.648996651 -0.73508954 -0.196078435
vn 0.132962465 -0.989036739 0.0642434508
vn 0.131350353 -0.990722716 0.0348643772
vn -0.570899487 0.788585842 -0.228486568
vn -0.862360716 0.392946094 -0.319260567
vn -0.728294075 0.547630429 -0.411932826
vn -0.0837196335 0.991853654 0.0960074067
vn -0.623997331 0.746765554 -0.230148986
vn -0.910384595 0.373612046 -0.177802935
vn -0.0192213301 0.995098412 0.0970035642
vn -0.666929662 0.723839045 -0.176810458
vn -0.882961094 0.467032343 -0.0475446992
vn 0.44999674 0.855318487 0.256774485
vn 0.654521585 0.682354689 0.325566649
vn 0.576036274 0.817411602 0.0045382739
vn 0.0589859262 0.99625659 -0.0631939694
vn -0.686871409 0.723440647 -0.0695798546
vn -0.810050845 0.579906285 0.0867538974
vn 0.449201643 0.893419623 -0.00439199759
vn 0.0195271913 0.980487168 -0.195610985
vn 0.526685953 0.827179313 -0.195898756
vn 0.692327201 0.69846642 -0.181184113
vn -0.666354299 0.740781486 0.0849393681
vn -0.626496851 0.7327649 0.265626609
vn -0.0628966838 0.987469435 -0.144734636
vn 0.575105846 0.794203401 -0.196199343
vn 0.784129441 0.586263597 -0.203558639
vn -0.130996585 0.990030885 0.0517568104
vn 0.548185468 0.835609198 -0.0353549533
vn 0.801164627 0.590153098 -0.0992704108
vn -0.496512055 0.820852757 0.282270283
vn 0.539407253 0.824273288 0.172085121
vn 0.797643006 0.59649229 0.0892328843
vn -0.0539803095 0.958966553 0.278333068
vn -0.330781609 0.849695325 0.410610944
vn -0.46250394 0.801488996 0.379085183
vn 0.607535839 0.730466247 0.311960191
vn 0.831033885 0.515070319 0.209964797
vn 0.0721769705 0.903858364 0.421699613
vn -0.169252217 0.826362908 0.537101507
vn 0.69735086 0.601096272 0.390365213
vn 0.87644887 0.401767135 0.2653687
vn 0.24243404 0.811275244 0.532032132
vn -0.783818126 0.489605457 0.381989121
vn -0.995460927 -0.0252250992 0.0917667225
vn 0.765118241 0.469963133 0.440146208
vn 0.939113736 0.238106355 0.247731343
vn 0.341265053 0.69461751 0.633280873
vn -0.0644073635 0.741369307 0.667999327
vn -0.695709646 0.520964861 0.494554162
vn -0.964007378 0.171207115 0.203415334
vn 0.834493756 0.34139961 0.432511896
vn 0.987341464 0.0338311754 0.154958755
vn 0.32954064 0.64362818 0.690757453
vn -0.0778241903 0.691859543 0.71782577
vn -0.632913411 0.544995129 0.54990989
vn -0.872233391 0.349471927 0.34216696
vn 0.915309787 0.195416287 0.35216549
vn 0.982652426 -0.18545647 -5.87384675E-05
vn 0.784248769 0.410900712 0.464881182
vn 0.410183728 0.616745234 0.671844125
vn 0.548705757 0.607040405 0.574825108
vn 0.809625626 0.45653525 0.368892878
vn -0.0716353208 0.710985005 0.699548841
vn -0.715755701 0.509191453 0.477930844
vn -0.922455788 0.292357922 0.252194583
vn 0.597943068 0.672201812 0.436587721
vn 0.773582101 0.538476825 0.33408609
vn -0.12097165 0.790373802 0.600562274
vn -0.666350365 0.632225454 0.39530766
vn -0.786286533 0.549562097 0.282373637
vn -0.711749256 0.643446743 0.28176105
vn 0.584834456 0.732375979 0.348703474
vn 0.777291179 0.579647541 0.244596124
vn -0.112235226 0.901220977 0.418573737
vn -0.632106304 0.714325607 0.300300479
vn -0.661135197 0.721448541 0.20594278
vn -0.17576766 0.93117559 0.319402158
vn 0.529753864 0.800589323 0.280031323
vn 0.659929752 0.72173816 0.208774611
vn -0.168662727 0.959905803 0.223905951
vn -0.486410886 0.863422513 0.13381359
vn 0.39767465 0.888093591 0.230531484
vn 0.62248385 0.750296116 0.222642019
vn -0.185130656 0.963409841 0.19382526
vn -0.453750819 0.878441274 0.149837077
vn 0.376502007 0.890446663 0.255638212
vn 0.568664491 0.750870645 0.335877955
vn -0.187874213 0.945294738 0.266685516
vn -0.477566302 0.837524116 0.265487671
vn -0.542913675 0.749316812 0.379168898
vn 0.36446172 0.845438063 0.390387148
vn 0.58766216 0.663167477 0.463532329
vn -0.205267072 0.880205989 0.427905083
vn -0.49680236 0.653360724 0.571233034
vn -0.175784588 0.774039924 0.608245015
vn -0.541226685 0.498984039 0.676822424
vn 0.380331129 0.755818367 0.532997966
vn 0.699690521 0.497505337 0.512758851
vn -0.261398286 0.605918527 0.751354575
vn -0.593988776 0.174959585 0.785217464
vn 0.404498279 0.636015654 0.657164574
vn -0.264363766 0.287082702 0.920703709
vn 0.443697453 0.360068262 0.820660353
vn 0.758779228 0.319140345 0.567805886
vn 0.614274383 0.106596492 0.781859517
vn 0.00406641373 -0.0285199936 0.999584973
vn 0.152083933 -0.0948654264 0.983804405
vn 0.422503889 -0.881694138 0.210014328
vn 0.256222844 -0.957322001 0.133732617
vn 0.403573096 -0.892179608 0.202840686
vn 0.429120183 -0.888834894 0.160712168
vn 0.317551196 -0.939552248 0.128073856
vn 0.161161423 -0.986897707 0.00773152988
vn 0.357215345 -0.931916475 0.0626800433
vn 0.152629927 -0.935989439 -0.317218661
vn 0.0149250645 -0.992093623 -0.124609202
vn -0.367571265 -0.912472486 0.179680914
vn 0.0104876533 -0.876276851 0.481693804
vn -0.324490458 -0.806124091 0.494843245
vn -0.443733573 -0.378313333 0.812391222
vn -0.488814414 -0.577060103 0.65426445
vn 0.0230480041 -0.928660512 0.370214045
vn -0.518281102 -0.766739309 0.378808111
vn 0.0351134166 -0.99066788 0.131697491
vn -0.35565713 -0.928882122 0.103373133
vn 0.258761287 -0.965880036 -0.0108820088
vn 0.0739647448 -0.995719016 -0.0554331802
vn -0.248981789 -0.965180755 -0.0802131891
vn 0.293361247 -0.943576574 -0.153630689
vn 0.244499236 -0.960575938 -0.132340297
vn 0.128155202 -0.966125607 -0.22400327
vn -0.149567246 -0.957769632 -0.245574921
vn -0.12762922 -0.912678123 -0.388238937
vn 0.415020227 -0.874974489 -0.249354973
vn 0.385909557 -0.900261521 -0.201501936
vn 0.440942198 -0.81975013 -0.36548546
vn 0.194183931 -0.907167614 -0.373282105
vn -0.0102298679 -0.856103837 -0.516702533
vn 0.503872514 -0.772556305 -0.38635385
vn 0.439254016 -0.728524864 -0.525649607
vn 0.318577439 -0.802797437 -0.504008591
vn -0.00471233902 -0.846618772 -0.532178879
vn 0.539694011 -0.651911199 -0.532674551
vn 0.471108258 -0.594137907 -0.651964068
vn 0.297109634 -0.740839064 -0.602397978
vn -0.539979339 -0.695360065 -0.474232852
vn 0.569492698 -0.536450684 -0.622815251
vn 0.424365789 -0.599374712 -0.678722143
vn 0.543099999 -0.569422603 -0.617090106
vn 0.0485669337 -0.721250236 -0.690969944
vn -0.584366143 0.65735811 0.475811362
vn -0.207522541 -0.70379293 -0.679418683
vn 0.200443521 -0.949020326 0.243275002
vn 0.812678158 -0.577636302 -0.0767492205
vn 0.750397265 -0.659932792 0.0373164825
vn -0.389676929 -0.896922946 0.209000304
vn 0.385999322 -0.922468126 -0.00754721276
vn 0.874717653 -0.468474209 -0.124100357
vn -0.89205116 -0.415608913 0.177522138
vn -0.98961252 0.140298456 -0.0313607529
vn -0.996950328 -0.0778105706 -0.00597497495
vn -0.773343742 -0.633760512 0.0169429109
vn -0.923394144 -0.367223263 -0.111760654
vn -0.503702641 -0.854783535 -0.125015229
vn -0.770466208 -0.587610781 -0.247174904
vn 0.594257534 -0.796304762 -0.112945229
vn 0.95145601 -0.303660631 0.0502174571
vn -0.320931345 -0.92388165 -0.208436236
vn 0.705535471 -0.708565414 -0.0124415131
vn 0.930693626 0.0818868205 0.356516331
vn 0.809993029 -0.557896316 0.180728808
vn 0.890072346 -0.435242593 0.135407284
vn -0.250654608 -0.924177051 -0.288217247
vn -0.6452052 -0.655431569 -0.392580718
vn 0.882967055 -0.383273691 0.271054476
vn 0.574445665 -0.780102253 -0.247896507
vn -0.126405224 -0.90825206 -0.39887321
vn -0.52058953 -0.707892716 -0.477362037
vn -0.018906353 -0.863392115 -0.50417912
vn -0.574576676 -0.623440385 -0.530267715
vn 0.159504458 -0.896881104 -0.412507653
vn -0.422028095 -0.748425186 -0.511617064
vn -0.177664682 -0.869671822 -0.46055001
vn -0.151879787 -0.90436542 -0.398817837
vn -0.969484806 0.244635254 -0.0159012899
vn -0.941982746 -0.088168405 0.323874712
vn -0.893516004 0.425537914 -0.143340454
vn -0.0819523335 -0.672517717 0.735529542
vn -0.94168669 -0.252284944 0.222662583
vn -0.851903975 -0.517762721 0.0786224902
vn -0.934910417 -0.354881734 0.00123563199
vn -0.738073111 -0.673978567 -0.0316399224
vn -0.817576826 -0.572565615 -0.0611282252
vn -0.510047972 -0.848243535 -0.142597049
vn -0.793471158 -0.581727684 -0.17887558
vn -0.752425492 -0.593548954 -0.285579354
vn -0.446977139 -0.89437598 0.0174095221
vn -0.462542474 -0.86411649 0.198386326
vn -0.388503522 -0.815602005 0.428786993
vn -0.155302778 -0.671879411 0.72419554
vn 0.0678678975 -0.963895142 0.257488161
vn 0.216712281 -0.850851774 0.478630453
vn 0.371427119 -0.901570916 0.221837372
vn 0.408534735 -0.912742734 -4.62308271E-05
vn 0.172674775 -0.984009027 0.0436992645
vn 0.581461012 -0.810346663 -0.0723985583
vn 0.276713014 -0.960883141 0.0115472609
vn 0.742741346 -0.668714225 -0.0340061225
vn 0.36554116 -0.928725064 -0.062043488
vn 0.79346633 -0.607569873 -0.0356357619
vn 0.816829145 -0.551469862 -0.169325784
vn 0.42406106 -0.868654966 -0.256146044
vn 0.110522792 -0.91230005 -0.394326448
vn -0.452500373 -0.838634849 -0.303207606
vn -0.672651172 -0.660027802 -0.334520012
vn -0.348226517 -0.85272789 -0.389350116
vn -0.594270945 -0.706255376 -0.384766787
vn -0.287151963 -0.839878798 -0.460594535
vn 0.0786641985 -0.874725878 -0.478190958
vn -0.536444306 -0.748778164 -0.389305413
vn -0.203275055 -0.861957848 -0.464443654
vn 0.164161041 -0.861291766 -0.480861455
vn -0.477464914 -0.804945171 -0.352264732
vn -0.137621924 -0.88858223 -0.437586397
vn 0.209258378 -0.85632956 -0.472134143
vn -0.367549598 -0.696572661 -0.616192997
vn -0.0682913736 -0.890591145 -0.44964835
vn 0.295027822 -0.844244897 -0.447447419
vn -0.220437273 -0.884820759 -0.410486937
vn 0.100675829 -0.889139414 -0.446425229
vn 0.413268954 -0.79756093 -0.439437389
vn -0.0653815269 -0.929689229 -0.362495869
vn 0.262718886 -0.885337949 -0.383608699
vn 0.564587712 -0.739363372 -0.366855025
vn 0.0687681437 -0.954906702 -0.288832456
vn 0.641545892 -0.66076535 -0.389625341
vn 0.390941918 -0.854418755 -0.342246979
vn 0.0883479565 -0.965093732 -0.246553943
vn 0.628710568 -0.71900034 -0.296245635
vn 0.392635792 -0.888433158 -0.237746939
vn 0.314956546 -0.940119445 -0.130298883
vn 0.379432023 -0.921475887 -0.0831472054
vn 0.378641605 -0.924267888 -0.0485730916
vn 0.725459158 -0.657653749 0.202979594
vn 0.708362222 -0.703732252 0.0546251088
vn 0.789988458 -0.599117637 0.130292952
vn 0.824265361 -0.529982507 0.199261516
vn 0.672491729 -0.735806406 0.0796477348
vn 0.671465635 -0.730956435 -0.121806055
vn 0.728157222 -0.64415139 0.234213397
vn 0.847228289 -0.517485619 0.120053589
vn 0.657849252 -0.731899083 -0.177646086
vn 0.748335242 -0.584675908 -0.313286632
vn 0.687044919 -0.705396712 0.174312115
vn 0.855162501 -0.518335462 0.00503341109
vn 0.666122019 -0.60404861 -0.437500596
vn 0.83276391 -0.392024249 -0.390923738
vn 0.63798821 -0.76293838 0.104384176
vn 0.818786979 -0.562143028 -0.116546765
vn 0.612841308 -0.589006126 -0.526780188
vn 0.894072056 -0.280280769 -0.349396318
vn 0.550463736 -0.834252954 0.0318077356
vn 0.431586772 -0.901942968 -0.0152254375
vn -0.445627868 -0.8470186 0.289784819
vn -0.905036509 -0.35821104 0.229333147
vn -0.352617204 -0.907035589 0.230103135
vn -0.892066777 -0.434158772 0.125391945
vn -0.239133403 -0.956708014 0.165906772
vn -0.852901757 -0.522018611 0.00741410116
vn -0.123554923 -0.984372854 0.125476465
vn -0.790837288 -0.607665598 -0.0729312003
vn 0.00196013739 -0.99574101 0.0921743363
vn -0.641878963 -0.761371017 -0.0911343843
vn 0.154121682 -0.987635911 -0.0286676865
vn -0.355451196 -0.925696373 -0.12938568
vn 0.0916651189 -0.957688928 -0.272817343
vn -0.381170124 -0.891683221 -0.244152308
vn -0.485608011 -0.80895704 -0.331320673
vn -0.0403682441 -0.879799187 -0.473628402
vn -0.580636919 -0.761420548 -0.288269818
vn -0.185862839 -0.875222623 -0.446587443
vn -0.645893335 -0.738940001 -0.191805661
vn -0.294422358 -0.869756281 -0.396029532
vn -0.70325619 -0.700211465 -0.123023167
vn 0.573236585 -0.615708053 -0.540650904
vn 0.922345042 -0.191151977 -0.33576861
vn -0.405922115 -0.852187395 -0.33015722
vn -0.778370798 -0.623589993 -0.0726255253
vn -0.430623889 -0.837615907 -0.336098969
vn 0.544984698 -0.642694592 -0.53845638
vn 0.932451606 -0.118464626 -0.341321051
vn 0.575410306 -0.604584515 -0.550799906
vn -0.624158561 -0.769569576 -0.134865046
vn -0.00451250793 -0.997920811 0.0642933771
vn -0.229208648 -0.944031239 -0.237209737
vn 0.588433981 -0.724633753 0.358680129
vn -0.307008713 -0.936056316 0.171884432
vn 0.0996303707 -0.967531562 0.232285395
vn -0.581927001 -0.809255958 0.0804101452
vn -0.181926817 -0.946451545 0.266706228
vn -0.346761733 -0.910173535 0.226584464
vn -0.39762485 -0.903514087 0.159864902
vn -0.294171751 -0.948310554 0.119038261
vn -0.271096677 -0.955978274 0.112304173
vn -0.210412815 -0.972882032 0.0960580558
vn -0.333943397 -0.940968573 0.0553170554
vn 0.147768781 -0.987790346 -0.0493416823
vn 0.611337245 -0.786070287 -0.0914348438
vn 0.546759009 -0.837239623 -0.0091854902
vn -0.46038115 -0.880984366 -0.109159157
vn 0.11317379 -0.990327656 -0.0802669749
vn 0.683436692 -0.727845788 0.0561675429
vn 0.115105875 -0.973207414 -0.199042439
vn -0.586439848 -0.75941205 -0.28174755
vn 0.807207942 -0.589584768 -0.0283748414
vn -0.615594447 -0.608940482 -0.500234902
vn 0.119925641 -0.862686455 -0.49131456
vn 0.867017567 -0.467486173 -0.172445148
vn -0.683175981 -0.507763505 -0.524830222
vn 0.108733557 -0.763151228 -0.637006402
vn 0.887444317 -0.381277829 -0.258978277
vn -0.711733878 -0.486429662 -0.506775141
vn 0.0782380253 -0.734053969 -0.67456913
vn -0.969756603 0.190719694 0.152309269
vn -0.876782596 -0.461327463 -0.135753989
vn -0.922617376 -0.344180197 -0.174117818
vn -0.393550754 -0.853187263 -0.342329115
vn -0.276222169 -0.902070284 -0.331617922
vn -0.892243564 -0.445104182 -0.0760512352
vn -0.925556064 0.298529536 0.23286511
vn -0.255500078 -0.886048913 -0.386829466
vn -0.881735981 -0.444166601 -0.158926189
vn -0.950804651 0.269101769 0.15347597
vn -0.406946808 -0.833985627 -0.372642189
vn -0.909712493 -0.378667742 -0.170393556
vn -0.962315917 0.25232327 0.101395376
vn -0.902760029 -0.346657664 -0.254662216
vn -0.435626239 -0.799557984 -0.413445115
vn -0.946472228 0.319632351 0.0450045913
vn -0.919289529 -0.194430441 -0.342203915
vn -0.916324198 0.395146906 -0.0648755729
vn -0.545247912 -0.694082618 -0.470057547
vn -0.873223186 0.454515278 -0.175775573
vn -0.866995215 -0.141812399 -0.477711827
vn -0.472571611 -0.690102518 -0.548119128
vn -0.698773324 0.610990107 -0.372030884
vn -0.704269648 -0.0695359856 -0.706519008
vn -0.31022498 -0.712103605 -0.629816592
vn -0.521060228 0.646246433 -0.557549715
vn -0.453957409 -0.129868254 -0.88150835
vn -0.0669646934 -0.817656934 -0.571797967
vn -0.280722171 0.648595393 -0.707473814
vn -0.169805765 -0.365574539 -0.915161848
vn 0.0230885819 -0.961230338 -0.274778634
vn 0.0856650025 0.634001553 -0.76857239
vn -0.0989755467 -0.439308167 -0.892867386
vn 0.14022553 -0.427816868 -0.892921865
vn -0.191639796 -0.964226663 -0.183142141
vn 0.409564257 0.593904853 -0.692484081
vn -0.298643708 -0.923356831 -0.241296798
vn 0.655299008 0.504527509 -0.562170029
vn -0.296235204 -0.906170905 -0.301826119
vn 0.399564952 -0.394598335 -0.827429771
vn 0.969756603 0.190719694 0.152309269
vn 0.922617376 -0.344180197 -0.174117818
vn 0.876782596 -0.461327523 -0.135753989
vn 0.393550813 -0.853187263 -0.342329115
vn 0.27622211 -0.902070284 -0.331617892
vn 0.892243564 -0.445104182 -0.0760512426
vn 0.925556064 0.298529536 0.23286511
vn 0.255500078 -0.886048913 -0.386829466
vn 0.881735981 -0.444166601 -0.158926174
vn 0.950804651 0.269101769 0.15347597
vn 0.406946808 -0.833985746 -0.3726421
vn 0.909712374 -0.378667772 -0.170393527
vn 0.962315917 0.25232324 0.101395376
vn 0.902760029 -0.346657664 -0.254662156
vn 0.435626239 -0.799557984 -0.413445115
vn 0.946472228 0.319632351 0.0450045913
vn 0.919289529 -0.194430441 -0.342203915
vn 0.916324198 0.395146906 -0.0648755729
vn 0.545247912 -0.694082618 -0.470057547
vn 0.873223186 0.454515278 -0.175775573
vn 0.866995215 -0.141812399 -0.477711827
vn 0.472571611 -0.690102518 -0.548119128
vn 0.698773324 0.610990107 -0.372030884
vn 0.704269707 -0.0695359856 -0.706519008
vn 0.31022498 -0.712103605 -0.629816592
vn 0.521060228 0.646246433 -0.557549715
vn 0.453957409 -0.129868254 -0.88150835
vn 0.0669646934 -0.817656934 -0.571797967
vn 0.280722171 0.648595393 -0.707473814
vn 0.16980578 -0.365574569 -0.915161848
vn -0.0230885819 -0.961230338 -0.274778634
vn -0.0856650025 0.634001553 -0.76857239
vn 0.0989755467 -0.439308167 -0.892867386
vn -0.14022553 -0.427816868 -0.892921865
vn 0.191639796 -0.964226663 -0.183142141
vn -0.409564257 0.593904853 -0.692484081
vn 0.298643708 -0.923356831 -0.241296798
vn -0.655299008 0.504527509 -0.562170029
vn 0.296235204 -0.906170905 -0.301826119
vn -0.399564952 -0.394598335 -0.827429771
g Object006_0
f 3/3/3 2/2/2 1/1/1
f 4/4/4 1/1/1 2/2/2
f 2/2/2 5/5/5 4/4/4
f 4/4/4 6/6/6 1/1/1
f 7/7/7 1/1/1 6/6/6
f 8/8/8 4/4/4 5/5/5
f 5/5/5 9/9/9 8/8/8
f 6/6/6 10/10/10 7/7/7
f 11/11/11 7/7/7 10/10/10
f 10/10/10 6/6/6 12/12/12
f 6/6/6 4/4/4 13/13/13
f 13/13/13 12/12/12 6/6/6
f 8/8/8 13/13/13 4/4/4
f 12/12/12 13/13/13 14/14/14
f 15/15/15 14/14/14 13/13/13
f 13/13/13 8/8/8 15/15/15
f 14/14/14 15/15/15 16/16/16
f 17/17/17 8/8/8 9/9/9
f 17/17/17 15/15/15 8/8/8
f 18/18/18 16/16/16 15/15/15
f 15/15/15 17/17/17 18/18/18
f 16/16/16 18/18/18 19/19/19
f 17/17/17 9/9/9 20/20/20
f 20/20/20 18/18/18 17/17/17
f 21/21/21 20/20/20 9/9/9
f 22/22/22 19/19/19 18/18/18
f 18/18/18 20/20/20 22/22/22
f 19/19/19 22/22/22 23/23/23
f 20/20/20 21/21/21 24/24/24
f 24/24/24 22/22/22 20/20/20
f 25/25/25 24/24/24 21/21/21
f 26/26/26 23/23/23 22/22/22
f 22/22/22 24/24/24 26/26/26
f 23/23/23 26/26/26 27/27/27
f 24/24/24 25/25/25 28/28/28
f 28/28/28 26/26/26 24/24/24
f 29/29/29 28/28/28 25/25/25
f 29/29/29 30/30/30 28/28/28
f 31/31/31 27/27/27 26/26/26
f 26/26/26 28/28/28 31/31/31
f 27/27/27 31/31/31 32/32/32
f 33/33/33 28/28/28 30/30/30
f 33/33/33 31/31/31 28/28/28
f 30/30/30 34/34/34 33/33/33
f 35/35/35 32/32/32 31/31/31
f 31/31/31 33/33/33 35/35/35
f 32/32/32 35/35/35 36/36/36
f 37/37/37 33/33/33 34/34/34
f 37/37/37 35/35/35 33/33/33
f 34/34/34 38/38/38 37/37/37
f 39/39/39 36/36/36 35/35/35
f 35/35/35 37/37/37 39/39/39
f 36/36/36 39/39/39 40/40/40
f 41/41/41 37/37/37 38/38/38
f 41/41/41 39/39/39 37/37/37
f 38/38/38 42/42/42 41/41/41
f 43/43/43 40/40/40 39/39/39
f 39/39/39 41/41/41 43/43/43
f 40/40/40 43/43/43 44/44/44
f 45/45/45 42/42/42 44/44/44
f 45/45/45 41/41/41 42/42/42
f 43/43/43 45/45/45 44/44/44
f 45/45/45 43/43/43 41/41/41
f 48/48/48 47/47/47 46/46/46
f 49/49/49 46/46/46 47/47/47
f 46/46/46 49/49/49 50/50/50
f 47/47/47 51/51/51 49/49/49
f 52/52/52 50/50/50 49/49/49
f 53/53/53 49/49/49 51/51/51
f 49/49/49 53/53/53 52/52/52
f 51/51/51 54/54/54 53/53/53
f 55/55/55 52/52/52 53/53/53
f 56/56/56 53/53/53 54/54/54
f 53/53/53 56/56/56 55/55/55
f 54/54/54 57/57/57 56/56/56
f 58/58/58 55/55/55 56/56/56
f 59/59/59 56/56/56 57/57/57
f 56/56/56 59/59/59 58/58/58
f 60/60/60 58/58/58 59/59/59
f 57/57/57 61/61/61 59/59/59
f 59/59/59 62/62/62 60/60/60
f 62/62/62 59/59/59 61/61/61
f 63/63/63 60/60/60 62/62/62
f 63/63/63 62/62/62 64/64/64
f 62/62/62 61/61/61 65/65/65
f 65/65/65 64/64/64 62/62/62
f 66/66/66 65/65/65 61/61/61
f 64/64/64 65/65/65 67/67/67
f 65/65/65 66/66/66 68/68/68
f 68/68/68 67/67/67 65/65/65
f 69/69/69 68/68/68 66/66/66
f 67/67/67 68/68/68 70/70/70
f 68/68/68 69/69/69 71/71/71
f 71/71/71 70/70/70 68/68/68
f 72/72/72 71/71/71 69/69/69
f 70/70/70 71/71/71 73/73/73
f 72/72/72 74/74/74 71/71/71
f 75/75/75 74/74/74 72/72/72
f 76/76/76 73/73/73 71/71/71
f 76/76/76 71/71/71 74/74/74
f 76/76/76 77/77/77 73/73/73
f 76/76/76 74/74/74 77/77/77
f 78/78/78 73/73/73 77/77/77
f 74/74/74 75/75/75 79/79/79
f 79/79/79 77/77/77 74/74/74
f 80/80/80 79/79/79 75/75/75
f 77/77/77 81/81/81 78/78/78
f 77/77/77 79/79/79 81/81/81
f 82/82/82 78/78/78 81/81/81
f 79/79/79 80/80/80 83/83/83
f 83/83/83 81/81/81 79/79/79
f 84/84/84 83/83/83 80/80/80
f 83/83/83 84/84/84 85/85/85
f 83/83/83 85/85/85 81/81/81
f 86/86/86 85/85/85 84/84/84
f 87/87/87 85/85/85 86/86/86
f 81/81/81 88/88/88 82/82/82
f 88/88/88 81/81/81 85/85/85
f 87/87/87 88/88/88 85/85/85
f 89/89/89 82/82/82 88/88/88
f 87/87/87 89/89/89 88/88/88
f 92/92/92 91/91/91 90/90/90
f 93/93/93 90/90/90 91/91/91
f 91/91/91 94/94/94 93/93/93
f 90/90/90 93/93/93 95/95/95
f 96/96/96 93/93/93 94/94/94
f 94/94/94 97/97/97 96/96/96
f 98/98/98 95/95/95 93/93/93
f 93/93/93 96/96/96 98/98/98
f 95/95/95 98/98/98 99/99/99
f 100/100/100 99/99/99 98/98/98
f 99/99/99 100/100/100 101/101/101
f 102/102/102 98/98/98 96/96/96
f 98/98/98 102/102/102 100/100/100
f 103/103/103 96/96/96 97/97/97
f 96/96/96 103/103/103 102/102/102
f 104/104/104 101/101/101 100/100/100
f 101/101/101 104/104/104 105/105/105
f 103/103/103 97/97/97 106/106/106
f 107/107/107 106/106/106 97/97/97
f 103/103/103 106/106/106 108/108/108
f 108/108/108 102/102/102 103/103/103
f 109/109/109 108/108/108 106/106/106
f 110/110/110 100/100/100 102/102/102
f 102/102/102 108/108/108 110/110/110
f 100/100/100 110/110/110 104/104/104
f 108/108/108 109/109/109 111/111/111
f 111/111/111 110/110/110 108/108/108
f 112/112/112 111/111/111 109/109/109
f 113/113/113 104/104/104 110/110/110
f 110/110/110 111/111/111 113/113/113
f 111/111/111 112/112/112 114/114/114
f 114/114/114 113/113/113 111/111/111
f 115/115/115 114/114/114 112/112/112
f 115/115/115 116/116/116 114/114/114
f 104/104/104 113/113/113 117/117/117
f 117/117/117 105/105/105 104/104/104
f 113/113/113 114/114/114 118/118/118
f 118/118/118 117/117/117 113/113/113
f 119/119/119 114/114/114 116/116/116
f 119/119/119 118/118/118 114/114/114
f 116/116/116 120/120/120 119/119/119
f 117/117/117 121/121/121 105/105/105
f 117/117/117 118/118/118 121/121/121
f 122/122/122 105/105/105 121/121/121
f 119/119/119 123/123/123 118/118/118
f 123/123/123 119/119/119 120/120/120
f 124/124/124 118/118/118 123/123/123
f 124/124/124 121/121/121 118/118/118
f 123/123/123 120/120/120 125/125/125
f 123/123/123 125/125/125 124/124/124
f 126/126/126 125/125/125 120/120/120
f 126/126/126 127/127/127 125/125/125
f 121/121/121 128/128/128 122/122/122
f 129/129/129 122/122/122 128/128/128
f 129/129/129 128/128/128 130/130/130
f 124/124/124 131/131/131 121/121/121
f 131/131/131 124/124/124 125/125/125
f 128/128/128 121/121/121 131/131/131
f 132/132/132 125/125/125 127/127/127
f 125/125/125 132/132/132 131/131/131
f 127/127/127 133/133/133 132/132/132
f 134/134/134 130/130/130 128/128/128
f 130/130/130 134/134/134 135/135/135
f 131/131/131 136/136/136 128/128/128
f 136/136/136 131/131/131 132/132/132
f 134/134/134 128/128/128 136/136/136
f 137/137/137 132/132/132 133/133/133
f 132/132/132 137/137/137 136/136/136
f 133/133/133 138/138/138 137/137/137
f 139/139/139 135/135/135 134/134/134
f 135/135/135 139/139/139 140/140/140
f 136/136/136 141/141/141 134/134/134
f 141/141/141 136/136/136 137/137/137
f 139/139/139 134/134/134 141/141/141
f 142/142/142 137/137/137 138/138/138
f 137/137/137 142/142/142 141/141/141
f 138/138/138 143/143/143 142/142/142
f 144/144/144 140/140/140 139/139/139
f 140/140/140 144/144/144 145/145/145
f 141/141/141 146/146/146 139/139/139
f 146/146/146 141/141/141 142/142/142
f 144/144/144 139/139/139 146/146/146
f 147/147/147 142/142/142 143/143/143
f 142/142/142 147/147/147 146/146/146
f 143/143/143 148/148/148 147/147/147
f 149/149/149 145/145/145 144/144/144
f 145/145/145 149/149/149 150/150/150
f 146/146/146 151/151/151 144/144/144
f 149/149/149 144/144/144 151/151/151
f 151/151/151 146/146/146 147/147/147
f 152/152/152 150/150/150 149/149/149
f 149/149/149 151/151/151 152/152/152
f 150/150/150 152/152/152 153/153/153
f 154/154/154 152/152/152 151/151/151
f 151/151/151 147/147/147 154/154/154
f 153/153/153 152/152/152 154/154/154
f 155/155/155 147/147/147 148/148/148
f 155/155/155 154/154/154 147/147/147
f 154/154/154 155/155/155 153/153/153
f 148/148/148 153/153/153 155/155/155
f 158/158/158 157/157/157 156/156/156
f 159/159/159 156/156/156 157/157/157
f 157/157/157 160/160/160 159/159/159
f 161/161/161 159/159/159 160/160/160
f 156/156/156 159/159/159 162/162/162
f 159/159/159 161/161/161 163/163/163
f 163/163/163 162/162/162 159/159/159
f 164/164/164 163/163/163 161/161/161
f 163/163/163 165/165/165 162/162/162
f 163/163/163 164/164/164 165/165/165
f 166/166/166 162/162/162 165/165/165
f 167/167/167 165/165/165 164/164/164
f 165/165/165 168/168/168 166/166/166
f 165/165/165 167/167/167 168/168/168
f 169/169/169 166/166/166 168/168/168
f 170/170/170 168/168/168 167/167/167
f 168/168/168 171/171/171 169/169/169
f 168/168/168 170/170/170 171/171/171
f 172/172/172 169/169/169 171/171/171
f 173/173/173 171/171/171 170/170/170
f 172/172/172 171/171/171 174/174/174
f 171/171/171 173/173/173 175/175/175
f 175/175/175 174/174/174 171/171/171
f 176/176/176 175/175/175 173/173/173
f 174/174/174 175/175/175 177/177/177
f 175/175/175 176/176/176 178/178/178
f 178/178/178 177/177/177 175/175/175
f 179/179/179 178/178/178 176/176/176
f 177/177/177 178/178/178 180/180/180
f 178/178/178 179/179/179 181/181/181
f 181/181/181 180/180/180 178/178/178
f 182/182/182 181/181/181 179/179/179
f 181/181/181 183/183/183 180/180/180
f 181/181/181 182/182/182 183/183/183
f 184/184/184 180/180/180 183/183/183
f 185/185/185 183/183/183 182/182/182
f 183/183/183 186/186/186 184/184/184
f 183/183/183 185/185/185 186/186/186
f 187/187/187 184/184/184 186/186/186
f 188/188/188 186/186/186 185/185/185
f 187/187/187 186/186/186 189/189/189
f 186/186/186 188/188/188 190/190/190
f 190/190/190 189/189/189 186/186/186
f 191/191/191 190/190/190 188/188/188
f 189/189/189 190/190/190 192/192/192
f 190/190/190 191/191/191 193/193/193
f 193/193/193 192/192/192 190/190/190
f 194/194/194 193/193/193 191/191/191
f 192/192/192 193/193/193 195/195/195
f 193/193/193 194/194/194 196/196/196
f 196/196/196 195/195/195 193/193/193
f 197/197/197 196/196/196 194/194/194
f 195/195/195 196/196/196 198/198/198
f 196/196/196 197/197/197 199/199/199
f 200/200/200 199/199/199 197/197/197
f 201/201/201 198/198/198 196/196/196
f 201/201/201 196/196/196 199/199/199
f 198/198/198 201/201/201 202/202/202
f 203/203/203 202/202/202 201/201/201
f 201/201/201 199/199/199 203/203/203
f 202/202/202 203/203/203 204/204/204
f 199/199/199 200/200/200 205/205/205
f 205/205/205 203/203/203 199/199/199
f 206/206/206 205/205/205 200/200/200
f 206/206/206 207/207/207 205/205/205
f 208/208/208 204/204/204 203/203/203
f 203/203/203 205/205/205 208/208/208
f 204/204/204 208/208/208 209/209/209
f 210/210/210 205/205/205 207/207/207
f 210/210/210 208/208/208 205/205/205
f 211/211/211 209/209/209 208/208/208
f 208/208/208 210/210/210 211/211/211
f 212/212/212 210/210/210 207/207/207
f 212/212/212 207/207/207 213/213/213
f 211/211/211 214/214/214 209/209/209
f 215/215/215 209/209/209 214/214/214
f 216/216/216 211/211/211 210/210/210
f 216/216/216 210/210/210 212/212/212
f 211/211/211 216/216/216 214/214/214
f 212/212/212 213/213/213 217/217/217
f 212/212/212 217/217/217 216/216/216
f 214/214/214 216/216/216 217/217/217
f 218/218/218 217/217/217 213/213/213
f 217/217/217 218/218/218 219/219/219
f 217/217/217 219/219/219 214/214/214
f 220/220/220 219/219/219 218/218/218
f 214/214/214 221/221/221 215/215/215
f 221/221/221 214/214/214 219/219/219
f 222/222/222 215/215/215 221/221/221
f 219/219/219 220/220/220 223/223/223
f 219/219/219 223/223/223 221/221/221
f 224/224/224 223/223/223 220/220/220
f 224/224/224 225/225/225 223/223/223
f 221/221/221 226/226/226 222/222/222
f 226/226/226 221/221/221 223/223/223
f 226/226/226 223/223/223 225/225/225
f 227/227/227 222/222/222 226/226/226
f 225/225/225 227/227/227 226/226/226
f 230/230/230 229/229/229 228/228/228
f 229/229/229 231/231/231 228/228/228
f 232/232/232 228/228/228 231/231/231
f 231/231/231 233/233/233 232/232/232
f 234/234/234 232/232/232 233/233/233
f 233/233/233 235/235/235 234/234/234
f 236/236/236 234/234/234 235/235/235
f 236/236/236 235/235/235 237/237/237
f 238/238/238 237/237/237 235/235/235
f 237/237/237 238/238/238 239/239/239
f 240/240/240 239/239/239 238/238/238
f 240/240/240 241/241/241 239/239/239
f 240/240/240 242/242/242 241/241/241
f 243/243/243 241/241/241 242/242/242
f 242/242/242 244/244/244 243/243/243
f 245/245/245 243/243/243 244/244/244
f 248/248/248 247/247/247 246/246/246
f 249/249/249 246/246/246 247/247/247
f 247/247/247 250/250/250 249/249/249
f 246/246/246 249/249/249 251/251/251
f 252/252/252 249/249/249 250/250/250
f 253/253/253 251/251/251 249/249/249
f 249/249/249 252/252/252 253/253/253
f 251/251/251 253/253/253 254/254/254
f 255/255/255 253/253/253 252/252/252
f 256/256/256 254/254/254 253/253/253
f 253/253/253 255/255/255 256/256/256
f 254/254/254 256/256/256 257/257/257
f 258/258/258 256/256/256 255/255/255
f 259/259/259 257/257/257 256/256/256
f 256/256/256 258/258/258 259/259/259
f 257/257/257 259/259/259 260/260/260
f 261/261/261 259/259/259 258/258/258
f 262/262/262 260/260/260 259/259/259
f 259/259/259 261/261/261 262/262/262
f 260/260/260 262/262/262 263/263/263
f 264/264/264 262/262/262 261/261/261
f 265/265/265 263/263/263 262/262/262
f 262/262/262 264/264/264 265/265/265
f 263/263/263 265/265/265 266/266/266
f 267/267/267 265/265/265 264/264/264
f 268/268/268 266/266/266 265/265/265
f 265/265/265 267/267/267 268/268/268
f 269/269/269 268/268/268 267/267/267
f 266/266/266 268/268/268 270/270/270
f 268/268/268 269/269/269 271/271/271
f 271/271/271 270/270/270 268/268/268
f 272/272/272 271/271/271 269/269/269
f 272/272/272 273/273/273 271/271/271
f 271/271/271 274/274/274 270/270/270
f 274/274/274 271/271/271 273/273/273
f 275/275/275 270/270/270 274/274/274
f 273/273/273 276/276/276 274/274/274
f 274/274/274 277/277/277 275/275/275
f 277/277/277 274/274/274 276/276/276
f 278/278/278 275/275/275 277/277/277
f 277/277/277 276/276/276 279/279/279
f 277/277/277 279/279/279 278/278/278
f 280/280/280 278/278/278 279/279/279
f 281/281/281 279/279/279 276/276/276
f 280/280/280 279/279/279 282/282/282
f 279/279/279 281/281/281 283/283/283
f 283/283/283 282/282/282 279/279/279
f 284/284/284 283/283/283 281/281/281
f 282/282/282 283/283/283 285/285/285
f 283/283/283 284/284/284 286/286/286
f 286/286/286 285/285/285 283/283/283
f 287/287/287 286/286/286 284/284/284
f 286/286/286 288/288/288 285/285/285
f 286/286/286 287/287/287 288/288/288
f 289/289/289 285/285/285 288/288/288
f 290/290/290 288/288/288 287/287/287
f 291/291/291 290/290/290 287/287/287
f 291/291/291 292/292/292 290/290/290
f 288/288/288 293/293/293 289/289/289
f 288/288/288 290/290/290 293/293/293
f 294/294/294 289/289/289 293/293/293
f 295/295/295 290/290/290 292/292/292
f 295/295/295 293/293/293 290/290/290
f 293/293/293 296/296/296 294/294/294
f 293/293/293 295/295/295 296/296/296
f 297/297/297 294/294/294 296/296/296
f 295/295/295 292/292/292 298/298/298
f 298/298/298 296/296/296 295/295/295
f 299/299/299 298/298/298 292/292/292
f 299/299/299 300/300/300 298/298/298
f 296/296/296 301/301/301 297/297/297
f 302/302/302 297/297/297 301/301/301
f 302/302/302 301/301/301 303/303/303
f 298/298/298 304/304/304 296/296/296
f 304/304/304 298/298/298 300/300/300
f 301/301/301 296/296/296 304/304/304
f 304/304/304 300/300/300 305/305/305
f 304/304/304 305/305/305 301/301/301
f 306/306/306 305/305/305 300/300/300
f 307/307/307 303/303/303 301/301/301
f 307/307/307 301/301/301 305/305/305
f 303/303/303 307/307/307 308/308/308
f 309/309/309 308/308/308 307/307/307
f 307/307/307 305/305/305 309/309/309
f 308/308/308 309/309/309 310/310/310
f 305/305/305 306/306/306 311/311/311
f 311/311/311 309/309/309 305/305/305
f 312/312/312 311/311/311 306/306/306
f 313/313/313 310/310/310 309/309/309
f 309/309/309 311/311/311 313/313/313
f 313/313/313 314/314/314 310/310/310
f 311/311/311 312/312/312 315/315/315
f 315/315/315 313/313/313 311/311/311
f 313/313/313 315/315/315 314/314/314
f 316/316/316 315/315/315 312/312/312
f 314/314/314 315/315/315 316/316/316
f 319/319/319 318/318/318 317/317/317
f 320/320/320 317/317/317 318/318/318
f 317/317/317 320/320/320 321/321/321
f 318/318/318 322/322/322 320/320/320
f 323/323/323 321/321/321 320/320/320
f 321/321/321 323/323/323 324/324/324
f 325/325/325 320/320/320 322/322/322
f 320/320/320 325/325/325 323/323/323
f 326/326/326 324/324/324 323/323/323
f 324/324/324 326/326/326 327/327/327
f 328/328/328 327/327/327 326/326/326
f 325/325/325 322/322/322 329/329/329
f 330/330/330 329/329/329 322/322/322
f 331/331/331 323/323/323 325/325/325
f 323/323/323 331/331/331 326/326/326
f 325/325/325 329/329/329 331/331/331
f 326/326/326 332/332/332 328/328/328
f 332/332/332 326/326/326 331/331/331
f 333/333/333 328/328/328 332/332/332
f 329/329/329 330/330/330 334/334/334
f 335/335/335 334/334/334 330/330/330
f 336/336/336 331/331/331 329/329/329
f 331/331/331 336/336/336 332/332/332
f 329/329/329 334/334/334 336/336/336
f 332/332/332 337/337/337 333/333/333
f 337/337/337 332/332/332 336/336/336
f 338/338/338 333/333/333 337/337/337
f 334/334/334 335/335/335 339/339/339
f 340/340/340 339/339/339 335/335/335
f 341/341/341 336/336/336 334/334/334
f 336/336/336 341/341/341 337/337/337
f 334/334/334 339/339/339 341/341/341
f 337/337/337 342/342/342 338/338/338
f 342/342/342 337/337/337 341/341/341
f 343/343/343 338/338/338 342/342/342
f 343/343/343 342/342/342 344/344/344
f 339/339/339 340/340/340 345/345/345
f 346/346/346 345/345/345 340/340/340
f 347/347/347 341/341/341 339/339/339
f 341/341/341 347/347/347 342/342/342
f 339/339/339 345/345/345 347/347/347
f 348/348/348 344/344/344 342/342/342
f 348/348/348 342/342/342 347/347/347
f 348/348/348 349/349/349 344/344/344
f 348/348/348 347/347/347 349/349/349
f 350/350/350 344/344/344 349/349/349
f 345/345/345 346/346/346 351/351/351
f 352/352/352 351/351/351 346/346/346
f 353/353/353 347/347/347 345/345/345
f 353/353/353 349/349/349 347/347/347
f 345/345/345 351/351/351 353/353/353
f 349/349/349 354/354/354 350/350/350
f 349/349/349 353/353/353 354/354/354
f 355/355/355 350/350/350 354/354/354
f 351/351/351 352/352/352 356/356/356
f 357/357/357 356/356/356 352/352/352
f 358/358/358 353/353/353 351/351/351
f 358/358/358 354/354/354 353/353/353
f 351/351/351 356/356/356 358/358/358
f 354/354/354 359/359/359 355/355/355
f 354/354/354 358/358/358 359/359/359
f 360/360/360 355/355/355 359/359/359
f 361/361/361 358/358/358 356/356/356
f 361/361/361 359/359/359 358/358/358
f 359/359/359 362/362/362 360/360/360
f 359/359/359 361/361/361 362/362/362
f 363/363/363 360/360/360 362/362/362
f 356/356/356 364/364/364 361/361/361
f 356/356/356 357/357/357 364/364/364
f 365/365/365 362/362/362 361/361/361
f 365/365/365 361/361/361 364/364/364
f 362/362/362 366/366/366 363/363/363
f 366/366/366 362/362/362 365/365/365
f 367/367/367 363/363/363 366/366/366
f 364/364/364 368/368/368 365/365/365
f 366/366/366 365/365/365 368/368/368
f 366/366/366 369/369/369 367/367/367
f 370/370/370 367/367/367 369/369/369
f 368/368/368 371/371/371 366/366/366
f 369/369/369 366/366/366 371/371/371
f 372/372/372 364/364/364 357/357/357
f 368/368/368 364/364/364 373/373/373
f 372/372/372 373/373/373 364/364/364
f 372/372/372 357/357/357 374/374/374
f 375/375/375 374/374/374 357/357/357
f 374/374/374 376/376/376 372/372/372
f 373/373/373 372/372/372 376/376/376
f 373/373/373 377/377/377 368/368/368
f 371/371/371 368/368/368 377/377/377
f 376/376/376 374/374/374 378/378/378
f 379/379/379 378/378/378 374/374/374
f 376/376/376 380/380/380 373/373/373
f 376/376/376 378/378/378 380/380/380
f 377/377/377 373/373/373 380/380/380
f 381/381/381 380/380/380 378/378/378
f 380/380/380 381/381/381 382/382/382
f 380/380/380 382/382/382 377/377/377
f 383/383/383 382/382/382 381/381/381
f 383/383/383 384/384/384 382/382/382
f 377/377/377 385/385/385 371/371/371
f 385/385/385 377/377/377 382/382/382
f 386/386/386 382/382/382 384/384/384
f 382/382/382 386/386/386 385/385/385
f 384/384/384 387/387/387 386/386/386
f 388/388/388 371/371/371 385/385/385
f 371/371/371 388/388/388 369/369/369
f 389/389/389 385/385/385 386/386/386
f 385/385/385 389/389/389 388/388/388
f 390/390/390 386/386/386 387/387/387
f 386/386/386 390/390/390 389/389/389
f 387/387/387 391/391/391 390/390/390
f 392/392/392 369/369/369 388/388/388
f 369/369/369 392/392/392 370/370/370
f 393/393/393 388/388/388 389/389/389
f 388/388/388 393/393/393 392/392/392
f 394/394/394 389/389/389 390/390/390
f 389/389/389 394/394/394 393/393/393
f 395/395/395 390/390/390 391/391/391
f 390/390/390 395/395/395 394/394/394
f 395/395/395 391/391/391 396/396/396
f 397/397/397 396/396/396 391/391/391
f 398/398/398 394/394/394 395/395/395
f 395/395/395 396/396/396 398/398/398
f 396/396/396 397/397/397 399/399/399
f 400/400/400 399/399/399 397/397/397
f 401/401/401 370/370/370 392/392/392
f 402/402/402 370/370/370 401/401/401
f 402/402/402 401/401/401 403/403/403
f 404/404/404 392/392/392 393/393/393
f 404/404/404 393/393/393 405/405/405
f 406/406/406 393/393/393 394/394/394
f 394/394/394 398/398/398 406/406/406
f 406/406/406 405/405/405 393/393/393
f 407/407/407 398/398/398 396/396/396
f 396/396/396 399/399/399 407/407/407
f 408/408/408 406/406/406 398/398/398
f 406/406/406 408/408/408 405/405/405
f 398/398/398 407/407/407 408/408/408
f 399/399/399 400/400/400 409/409/409
f 410/410/410 409/409/409 400/400/400
f 410/410/410 411/411/411 409/409/409
f 412/412/412 405/405/405 408/408/408
f 405/405/405 412/412/412 413/413/413
f 414/414/414 413/413/413 412/412/412
f 414/414/414 412/412/412 415/415/415
f 416/416/416 407/407/407 399/399/399
f 399/399/399 409/409/409 416/416/416
f 417/417/417 408/408/408 407/407/407
f 408/408/408 417/417/417 412/412/412
f 407/407/407 416/416/416 417/417/417
f 418/418/418 409/409/409 411/411/411
f 411/411/411 419/419/419 418/418/418
f 420/420/420 415/415/415 412/412/412
f 420/420/420 412/412/412 417/417/417
f 421/421/421 417/417/417 416/416/416
f 417/417/417 421/421/421 420/420/420
f 422/422/422 416/416/416 409/409/409
f 409/409/409 418/418/418 422/422/422
f 416/416/416 422/422/422 421/421/421
f 420/420/420 423/423/423 415/415/415
f 423/423/423 420/420/420 421/421/421
f 424/424/424 415/415/415 423/423/423
f 425/425/425 418/418/418 419/419/419
f 426/426/426 425/425/425 419/419/419
f 427/427/427 422/422/422 418/418/418
f 418/418/418 425/425/425 427/427/427
f 428/428/428 421/421/421 422/422/422
f 421/421/421 428/428/428 423/423/423
f 422/422/422 427/427/427 428/428/428
f 423/423/423 429/429/429 424/424/424
f 429/429/429 423/423/423 428/428/428
f 430/430/430 424/424/424 429/429/429
f 431/431/431 427/427/427 425/425/425
f 425/425/425 426/426/426 431/431/431
f 432/432/432 428/428/428 427/427/427
f 428/428/428 432/432/432 429/429/429
f 427/427/427 431/431/431 432/432/432
f 429/429/429 433/433/433 430/430/430
f 433/433/433 429/429/429 432/432/432
f 434/434/434 430/430/430 433/433/433
f 434/434/434 433/433/433 435/435/435
f 436/436/436 432/432/432 431/431/431
f 431/431/431 426/426/426 436/436/436
f 432/432/432 436/436/436 433/433/433
f 426/426/426 435/435/435 437/437/437
f 437/437/437 435/435/435 433/433/433
f 437/437/437 433/433/433 436/436/436
f 426/426/426 437/437/437 436/436/436
f 440/440/440 439/439/439 438/438/438
f 441/441/441 438/438/438 439/439/439
f 438/438/438 441/441/441 442/442/442
f 441/441/441 439/439/439 443/443/443
f 444/444/444 443/443/443 439/439/439
f 444/444/444 445/445/445 443/443/443
f 446/446/446 442/442/442 441/441/441
f 441/441/441 443/443/443 446/446/446
f 447/447/447 443/443/443 445/445/445
f 445/445/445 448/448/448 447/447/447
f 446/446/446 449/449/449 442/442/442
f 450/450/450 442/442/442 449/449/449
f 451/451/451 446/446/446 443/443/443
f 446/446/446 451/451/451 449/449/449
f 443/443/443 447/447/447 451/451/451
f 452/452/452 449/449/449 451/451/451
f 451/451/451 453/453/453 452/452/452
f 453/453/453 451/451/451 447/447/447
f 454/454/454 452/452/452 453/453/453
f 455/455/455 447/447/447 448/448/448
f 447/447/447 455/455/455 453/453/453
f 448/448/448 456/456/456 455/455/455
f 453/453/453 457/457/457 454/454/454
f 457/457/457 453/453/453 455/455/455
f 458/458/458 454/454/454 457/457/457
f 458/458/458 457/457/457 459/459/459
f 460/460/460 455/455/455 456/456/456
f 455/455/455 460/460/460 457/457/457
f 456/456/456 461/461/461 460/460/460
f 462/462/462 459/459/459 457/457/457
f 462/462/462 457/457/457 460/460/460
f 463/463/463 459/459/459 462/462/462
f 460/460/460 463/463/463 462/462/462
f 464/464/464 460/460/460 461/461/461
f 460/460/460 464/464/464 463/463/463
f 463/463/463 464/464/464 465/465/465
f 461/461/461 466/466/466 464/464/464
f 467/467/467 465/465/465 464/464/464
f 467/467/467 464/464/464 466/466/466
f 465/465/465 467/467/467 468/468/468
f 467/467/467 466/466/466 469/469/469
f 469/469/469 468/468/468 467/467/467
f 470/470/470 469/469/469 466/466/466
f 468/468/468 469/469/469 471/471/471
f 469/469/469 470/470/470 472/472/472
f 472/472/472 471/471/471 469/469/469
f 473/473/473 472/472/472 470/470/470
f 474/474/474 471/471/471 472/472/472
f 472/472/472 473/473/473 474/474/474
f 477/477/477 476/476/476 475/475/475
f 477/477/477 475/475/475 478/478/478
f 479/479/479 478/478/478 475/475/475
f 478/478/478 479/479/479 480/480/480
f 481/481/481 480/480/480 479/479/479
f 480/480/480 481/481/481 482/482/482
f 483/483/483 482/482/482 481/481/481
f 482/482/482 483/483/483 484/484/484
f 485/485/485 484/484/484 483/483/483
f 484/484/484 485/485/485 486/486/486
f 487/487/487 486/486/486 485/485/485
f 487/487/487 488/488/488 486/486/486
f 489/489/489 486/486/486 488/488/488
f 488/488/488 490/490/490 489/489/489
f 491/491/491 489/489/489 490/490/490
f 490/490/490 492/492/492 491/491/491
f 493/493/493 491/491/491 492/492/492
f 496/496/496 495/495/495 494/494/494
f 497/497/497 494/494/494 495/495/495
f 497/497/497 498/498/498 494/494/494
f 498/498/498 499/499/499 494/494/494
f 498/498/498 497/497/497 500/500/500
f 498/498/498 500/500/500 499/499/499
f 501/501/501 500/500/500 497/497/497
f 502/502/502 499/499/499 500/500/500
f 500/500/500 501/501/501 503/503/503
f 500/500/500 503/503/503 502/502/502
f 504/504/504 503/503/503 501/501/501
f 505/505/505 502/502/502 503/503/503
f 504/504/504 506/506/506 503/503/503
f 504/504/504 507/507/507 506/506/506
f 507/507/507 508/508/508 506/506/506
f 503/503/503 509/509/509 505/505/505
f 509/509/509 503/503/503 506/506/506
f 510/510/510 505/505/505 509/509/509
f 511/511/511 506/506/506 508/508/508
f 506/506/506 511/511/511 509/509/509
f 508/508/508 512/512/512 511/511/511
f 509/509/509 513/513/513 510/510/510
f 513/513/513 509/509/509 511/511/511
f 514/514/514 510/510/510 513/513/513
f 515/515/515 511/511/511 512/512/512
f 511/511/511 515/515/515 513/513/513
f 512/512/512 516/516/516 515/515/515
f 513/513/513 517/517/517 514/514/514
f 517/517/517 513/513/513 515/515/515
f 518/518/518 514/514/514 517/517/517
f 519/519/519 515/515/515 516/516/516
f 515/515/515 519/519/519 517/517/517
f 516/516/516 520/520/520 519/519/519
f 517/517/517 521/521/521 518/518/518
f 521/521/521 517/517/517 519/519/519
f 522/522/522 518/518/518 521/521/521
f 523/523/523 519/519/519 520/520/520
f 519/519/519 523/523/523 521/521/521
f 520/520/520 524/524/524 523/523/523
f 522/522/522 521/521/521 525/525/525
f 526/526/526 522/522/522 525/525/525
f 527/527/527 525/525/525 521/521/521
f 527/527/527 521/521/521 523/523/523
f 525/525/525 527/527/527 528/528/528
f 529/529/529 528/528/528 527/527/527
f 527/527/527 523/523/523 529/529/529
f 528/528/528 529/529/529 530/530/530
f 531/531/531 523/523/523 524/524/524
f 531/531/531 529/529/529 523/523/523
f 524/524/524 532/532/532 531/531/531
f 533/533/533 530/530/530 529/529/529
f 529/529/529 531/531/531 533/533/533
f 530/530/530 533/533/533 534/534/534
f 535/535/535 531/531/531 532/532/532
f 535/535/535 533/533/533 531/531/531
f 536/536/536 534/534/534 533/533/533
f 533/533/533 535/535/535 536/536/536
f 534/534/534 536/536/536 537/537/537
f 535/535/535 532/532/532 538/538/538
f 538/538/538 536/536/536 535/535/535
f 539/539/539 538/538/538 532/532/532
f 540/540/540 537/537/537 536/536/536
f 536/536/536 538/538/538 540/540/540
f 537/537/537 540/540/540 541/541/541
f 538/538/538 539/539/539 542/542/542
f 542/542/542 540/540/540 538/538/538
f 543/543/543 542/542/542 539/539/539
f 544/544/544 541/541/541 540/540/540
f 540/540/540 542/542/542 544/544/544
f 541/541/541 544/544/544 545/545/545
f 542/542/542 543/543/543 546/546/546
f 546/546/546 544/544/544 542/542/542
f 547/547/547 546/546/546 543/543/543
f 548/548/548 545/545/545 544/544/544
f 544/544/544 546/546/546 548/548/548
f 549/549/549 545/545/545 548/548/548
f 546/546/546 547/547/547 550/550/550
f 550/550/550 548/548/548 546/546/546
f 549/549/549 548/548/548 550/550/550
f 551/551/551 550/550/550 547/547/547
f 550/550/550 551/551/551 549/549/549
f 554/554/554 553/553/553 552/552/552
f 554/554/554 555/555/555 553/553/553
f 556/556/556 553/553/553 555/555/555
f 555/555/555 557/557/557 556/556/556
f 558/558/558 555/555/555 554/554/554
f 555/555/555 558/558/558 557/557/557
f 559/559/559 556/556/556 557/557/557
f 560/560/560 557/557/557 558/558/558
f 559/559/559 557/557/557 561/561/561
f 560/560/560 562/562/562 557/557/557
f 563/563/563 561/561/561 557/557/557
f 563/563/563 557/557/557 562/562/562
f 563/563/563 564/564/564 561/561/561
f 563/563/563 562/562/562 564/564/564
f 565/565/565 564/564/564 562/562/562
f 566/566/566 561/561/561 564/564/564
f 565/565/565 567/567/567 564/564/564
f 564/564/564 568/568/568 566/566/566
f 568/568/568 564/564/564 567/567/567
f 569/569/569 566/566/566 568/568/568
f 568/568/568 567/567/567 570/570/570
f 568/568/568 570/570/570 569/569/569
f 571/571/571 569/569/569 570/570/570
f 574/574/574 573/573/573 572/572/572
f 575/575/575 572/572/572 573/573/573
f 573/573/573 576/576/576 575/575/575
f 577/577/577 575/575/575 576/576/576
f 576/576/576 578/578/578 577/577/577
f 579/579/579 577/577/577 578/578/578
f 580/580/580 579/579/579 578/578/578
f 572/572/572 575/575/575 581/581/581
f 575/575/575 577/577/577 582/582/582
f 582/582/582 581/581/581 575/575/575
f 577/577/577 579/579/579 583/583/583
f 583/583/583 582/582/582 577/577/577
f 579/579/579 580/580/580 584/584/584
f 584/584/584 583/583/583 579/579/579
f 581/581/581 585/585/585 572/572/572
f 586/586/586 572/572/572 585/585/585
f 585/585/585 587/587/587 586/586/586
f 588/588/588 586/586/586 587/587/587
f 589/589/589 584/584/584 580/580/580
f 580/580/580 590/590/590 589/589/589
f 591/591/591 589/589/589 590/590/590
f 590/590/590 592/592/592 591/591/591
f 589/589/589 593/593/593 584/584/584
f 589/589/589 591/591/591 593/593/593
f 594/594/594 584/584/584 593/593/593
f 584/584/584 594/594/594 583/583/583
f 595/595/595 583/583/583 594/594/594
f 583/583/583 595/595/595 582/582/582
f 596/596/596 582/582/582 595/595/595
f 582/582/582 596/596/596 581/581/581
f 597/597/597 581/581/581 596/596/596
f 597/597/597 598/598/598 581/581/581
f 585/585/585 581/581/581 598/598/598
f 585/585/585 598/598/598 587/587/587
f 599/599/599 593/593/593 591/591/591
f 600/600/600 587/587/587 598/598/598
f 591/591/591 601/601/601 599/599/599
f 602/602/602 599/599/599 601/601/601
f 601/601/601 591/591/591 592/592/592
f 603/603/603 602/602/602 601/601/601
f 603/603/603 601/601/601 592/592/592
f 587/587/587 600/600/600 604/604/604
f 587/587/587 604/604/604 588/588/588
f 605/605/605 604/604/604 600/600/600
f 606/606/606 588/588/588 604/604/604
f 604/604/604 605/605/605 607/607/607
f 604/604/604 607/607/607 606/606/606
f 608/608/608 607/607/607 605/605/605
f 609/609/609 606/606/606 607/607/607
f 607/607/607 608/608/608 610/610/610
f 607/607/607 610/610/610 609/609/609
f 611/611/611 610/610/610 608/608/608
f 612/612/612 609/609/609 610/610/610
f 610/610/610 611/611/611 613/613/613
f 610/610/610 613/613/613 612/612/612
f 614/614/614 613/613/613 611/611/611
f 615/615/615 612/612/612 613/613/613
f 613/613/613 614/614/614 616/616/616
f 613/613/613 616/616/616 615/615/615
f 617/617/617 616/616/616 614/614/614
f 618/618/618 615/615/615 616/616/616
f 616/616/616 617/617/617 619/619/619
f 616/616/616 619/619/619 618/618/618
f 620/620/620 619/619/619 617/617/617
f 621/621/621 618/618/618 619/619/619
f 620/620/620 622/622/622 619/619/619
f 619/619/619 623/623/623 621/621/621
f 623/623/623 619/619/619 622/622/622
f 624/624/624 621/621/621 623/623/623
f 622/622/622 625/625/625 623/623/623
f 623/623/623 626/626/626 624/624/624
f 626/626/626 623/623/623 625/625/625
f 627/627/627 624/624/624 626/626/626
f 625/625/625 628/628/628 626/626/626
f 626/626/626 629/629/629 627/627/627
f 629/629/629 626/626/626 628/628/628
f 630/630/630 627/627/627 629/629/629
f 629/629/629 628/628/628 631/631/631
f 629/629/629 631/631/631 630/630/630
f 632/632/632 631/631/631 628/628/628
f 633/633/633 630/630/630 631/631/631
f 631/631/631 632/632/632 634/634/634
f 634/634/634 633/633/633 631/631/631
f 637/637/637 636/636/636 635/635/635
f 638/638/638 635/635/635 636/636/636
f 635/635/635 638/638/638 639/639/639
f 638/638/638 636/636/636 640/640/640
f 641/641/641 640/640/640 636/636/636
f 641/641/641 636/636/636 642/642/642
f 643/643/643 639/639/639 638/638/638
f 640/640/640 644/644/644 638/638/638
f 643/643/643 638/638/638 644/644/644
f 639/639/639 643/643/643 645/645/645
f 646/646/646 639/639/639 645/645/645
f 646/646/646 645/645/645 647/647/647
f 648/648/648 647/647/647 645/645/645
f 647/647/647 648/648/648 649/649/649
f 650/650/650 645/645/645 643/643/643
f 645/645/645 650/650/650 648/648/648
f 651/651/651 649/649/649 648/648/648
f 649/649/649 651/651/651 652/652/652
f 644/644/644 653/653/653 643/643/643
f 650/650/650 643/643/643 653/653/653
f 654/654/654 648/648/648 650/650/650
f 648/648/648 654/654/654 651/651/651
f 655/655/655 652/652/652 651/651/651
f 652/652/652 655/655/655 656/656/656
f 654/654/654 650/650/650 657/657/657
f 653/653/653 657/657/657 650/650/650
f 658/658/658 651/651/651 654/654/654
f 651/651/651 658/658/658 655/655/655
f 654/654/654 657/657/657 658/658/658
f 659/659/659 656/656/656 655/655/655
f 656/656/656 659/659/659 660/660/660
f 661/661/661 655/655/655 658/658/658
f 661/661/661 659/659/659 655/655/655
f 658/658/658 662/662/662 661/661/661
f 662/662/662 658/658/658 657/657/657
f 663/663/663 660/660/660 659/659/659
f 660/660/660 663/663/663 664/664/664
f 661/661/661 665/665/665 659/659/659
f 665/665/665 661/661/661 662/662/662
f 659/659/659 666/666/666 663/663/663
f 666/666/666 659/659/659 665/665/665
f 657/657/657 653/653/653 667/667/667
f 662/662/662 657/657/657 668/668/668
f 667/667/667 668/668/668 657/657/657
f 665/665/665 662/662/662 669/669/669
f 668/668/668 669/669/669 662/662/662
f 666/666/666 665/665/665 670/670/670
f 669/669/669 670/670/670 665/665/665
f 671/671/671 663/663/663 666/666/666
f 666/666/666 670/670/670 671/671/671
f 672/672/672 664/664/664 663/663/663
f 663/663/663 671/671/671 672/672/672
f 672/672/672 673/673/673 664/664/664
f 674/674/674 664/664/664 673/673/673
f 675/675/675 672/672/672 671/671/671
f 672/672/672 675/675/675 673/673/673
f 676/676/676 671/671/671 670/670/670
f 671/671/671 676/676/676 675/675/675
f 670/670/670 669/669/669 677/677/677
f 670/670/670 677/677/677 676/676/676
f 678/678/678 677/677/677 669/669/669
f 669/669/669 668/668/668 678/678/678
f 679/679/679 678/678/678 668/668/668
f 668/668/668 667/667/667 679/679/679
f 680/680/680 676/676/676 677/677/677
f 681/681/681 679/679/679 667/667/667
f 676/676/676 680/680/680 682/682/682
f 682/682/682 675/675/675 676/676/676
f 683/683/683 682/682/682 680/680/680
f 667/667/667 684/684/684 681/681/681
f 684/684/684 667/667/667 653/653/653
f 685/685/685 681/681/681 684/684/684
f 653/653/653 644/644/644 684/684/684
f 684/684/684 686/686/686 685/685/685
f 686/686/686 684/684/684 644/644/644
f 687/687/687 685/685/685 686/686/686
f 644/644/644 640/640/640 686/686/686
f 686/686/686 688/688/688 687/687/687
f 688/688/688 686/686/686 640/640/640
f 640/640/640 641/641/641 688/688/688
f 689/689/689 687/687/687 688/688/688
f 641/641/641 689/689/689 688/688/688
f 641/641/641 690/690/690 689/689/689
f 691/691/691 689/689/689 690/690/690
f 682/682/682 683/683/683 692/692/692
f 693/693/693 692/692/692 683/683/683
f 692/692/692 694/694/694 682/682/682
f 675/675/675 682/682/682 694/694/694
f 694/694/694 673/673/673 675/675/675
f 692/692/692 693/693/693 695/695/695
f 694/694/694 692/692/692 695/695/695
f 694/694/694 695/695/695 673/673/673
f 696/696/696 695/695/695 693/693/693
f 697/697/697 695/695/695 696/696/696
f 698/698/698 673/673/673 695/695/695
f 697/697/697 698/698/698 695/695/695
f 673/673/673 698/698/698 674/674/674
f 698/698/698 697/697/697 699/699/699
f 699/699/699 674/674/674 698/698/698
f 702/702/702 701/701/701 700/700/700
f 703/703/703 700/700/700 701/701/701
f 701/701/701 704/704/704 703/703/703
f 705/705/705 703/703/703 704/704/704
f 704/704/704 706/706/706 705/705/705
f 707/707/707 705/705/705 706/706/706
f 706/706/706 708/708/708 707/707/707
f 709/709/709 707/707/707 708/708/708
f 708/708/708 710/710/710 709/709/709
f 711/711/711 709/709/709 710/710/710
f 710/710/710 712/712/712 711/711/711
f 713/713/713 711/711/711 712/712/712
f 712/712/712 714/714/714 713/713/713
f 715/715/715 713/713/713 714/714/714
f 714/714/714 716/716/716 715/715/715
f 717/717/717 715/715/715 716/716/716
f 716/716/716 718/718/718 717/717/717
f 703/703/703 705/705/705 719/719/719
f 705/705/705 707/707/707 720/720/720
f 720/720/720 719/719/719 705/705/705
f 707/707/707 709/709/709 721/721/721
f 721/721/721 720/720/720 707/707/707
f 709/709/709 711/711/711 722/722/722
f 722/722/722 721/721/721 709/709/709
f 711/711/711 713/713/713 723/723/723
f 723/723/723 722/722/722 711/711/711
f 713/713/713 715/715/715 724/724/724
f 724/724/724 723/723/723 713/713/713
f 715/715/715 717/717/717 725/725/725
f 725/725/725 724/724/724 715/715/715
f 722/722/722 726/726/726 721/721/721
f 722/722/722 723/723/723 726/726/726
f 721/721/721 727/727/727 720/720/720
f 727/727/727 721/721/721 726/726/726
f 723/723/723 724/724/724 728/728/728
f 728/728/728 726/726/726 723/723/723
f 720/720/720 729/729/729 719/719/719
f 729/729/729 720/720/720 727/727/727
f 730/730/730 725/725/725 717/717/717
f 730/730/730 717/717/717 718/718/718
f 724/724/724 725/725/725 731/731/731
f 731/731/731 728/728/728 724/724/724
f 718/718/718 732/732/732 730/730/730
f 733/733/733 732/732/732 718/718/718
f 725/725/725 730/730/730 734/734/734
f 732/732/732 734/734/734 730/730/730
f 732/732/732 733/733/733 734/734/734
f 734/734/734 731/731/731 725/725/725
f 735/735/735 734/734/734 733/733/733
f 734/734/734 735/735/735 731/731/731
f 736/736/736 731/731/731 735/735/735
f 731/731/731 736/736/736 728/728/728
f 737/737/737 728/728/728 736/736/736
f 728/728/728 737/737/737 726/726/726
f 738/738/738 726/726/726 737/737/737
f 726/726/726 738/738/738 727/727/727
f 739/739/739 727/727/727 738/738/738
f 727/727/727 739/739/739 729/729/729
f 740/740/740 729/729/729 739/739/739
f 729/729/729 740/740/740 741/741/741
f 741/741/741 719/719/719 729/729/729
f 742/742/742 741/741/741 740/740/740
f 719/719/719 741/741/741 743/743/743
f 719/719/719 743/743/743 703/703/703
f 700/700/700 703/703/703 743/743/743
f 741/741/741 742/742/742 744/744/744
f 744/744/744 743/743/743 741/741/741
f 745/745/745 744/744/744 742/742/742
f 744/744/744 745/745/745 746/746/746
f 743/743/743 747/747/747 700/700/700
f 743/743/743 744/744/744 747/747/747
f 746/746/746 747/747/747 744/744/744
f 748/748/748 700/700/700 747/747/747
f 747/747/747 746/746/746 749/749/749
f 747/747/747 749/749/749 748/748/748
f 750/750/750 749/749/749 746/746/746
f 751/751/751 748/748/748 749/749/749
f 749/749/749 750/750/750 752/752/752
f 749/749/749 752/752/752 751/751/751
f 753/753/753 752/752/752 750/750/750
f 754/754/754 751/751/751 752/752/752
f 753/753/753 755/755/755 752/752/752
f 755/755/755 753/753/753 756/756/756
f 752/752/752 757/757/757 754/754/754
f 757/757/757 752/752/752 755/755/755
f 758/758/758 754/754/754 757/757/757
f 755/755/755 756/756/756 759/759/759
f 755/755/755 759/759/759 757/757/757
f 760/760/760 759/759/759 756/756/756
f 757/757/757 761/761/761 758/758/758
f 761/761/761 757/757/757 759/759/759
f 762/762/762 758/758/758 761/761/761
f 759/759/759 760/760/760 763/763/763
f 759/759/759 763/763/763 761/761/761
f 764/764/764 763/763/763 760/760/760
f 761/761/761 765/765/765 762/762/762
f 765/765/765 761/761/761 763/763/763
f 763/763/763 764/764/764 766/766/766
f 767/767/767 766/766/766 764/764/764
f 767/767/767 768/768/768 766/766/766
f 766/766/766 769/769/769 763/763/763
f 765/765/765 763/763/763 769/769/769
f 770/770/770 766/766/766 768/768/768
f 766/766/766 770/770/770 769/769/769
f 768/768/768 771/771/771 770/770/770
f 772/772/772 762/762/762 765/765/765
f 762/762/762 772/772/772 773/773/773
f 773/773/773 772/772/772 774/774/774
f 772/772/772 765/765/765 775/775/775
f 775/775/775 774/774/774 772/772/772
f 769/769/769 775/775/775 765/765/765
f 774/774/774 775/775/775 776/776/776
f 777/777/777 776/776/776 775/775/775
f 775/775/775 769/769/769 777/777/777
f 776/776/776 777/777/777 778/778/778
f 779/779/779 770/770/770 771/771/771
f 771/771/771 780/780/780 779/779/779
f 781/781/781 769/769/769 770/770/770
f 781/781/781 777/777/777 769/769/769
f 770/770/770 779/779/779 781/781/781
f 782/782/782 778/778/778 777/777/777
f 777/777/777 781/781/781 782/782/782
f 778/778/778 782/782/782 783/783/783
f 784/784/784 779/779/779 780/780/780
f 784/784/784 780/780/780 785/785/785
f 786/786/786 781/781/781 779/779/779
f 786/786/786 782/782/782 781/781/781
f 779/779/779 784/784/784 786/786/786
f 787/787/787 783/783/783 782/782/782
f 782/782/782 786/786/786 787/787/787
f 785/785/785 788/788/788 784/784/784
f 785/785/785 789/789/789 788/788/788
f 790/790/790 788/788/788 789/789/789
f 791/791/791 786/786/786 784/784/784
f 791/791/791 787/787/787 786/786/786
f 791/791/791 784/784/784 788/788/788
f 787/787/787 792/792/792 783/783/783
f 787/787/787 791/791/791 792/792/792
f 788/788/788 792/792/792 791/791/791
f 793/793/793 783/783/783 792/792/792
f 792/792/792 794/794/794 793/793/793
f 792/792/792 788/788/788 794/794/794
f 790/790/790 794/794/794 788/788/788
f 790/790/790 795/795/795 794/794/794
f 796/796/796 795/795/795 790/790/790
f 797/797/797 795/795/795 796/796/796
f 800/800/800 799/799/799 798/798/798
f 800/800/800 801/801/801 799/799/799
f 802/802/802 799/799/799 801/801/801
f 801/801/801 800/800/800 803/803/803
f 804/804/804 801/801/801 803/803/803
f 805/805/805 803/803/803 800/800/800
f 804/804/804 803/803/803 806/806/806
f 803/803/803 805/805/805 807/807/807
f 807/807/807 806/806/806 803/803/803
f 808/808/808 807/807/807 805/805/805
f 808/808/808 809/809/809 807/807/807
f 806/806/806 807/807/807 810/810/810
f 811/811/811 807/807/807 809/809/809
f 811/811/811 810/810/810 807/807/807
f 809/809/809 812/812/812 811/811/811
f 811/811/811 813/813/813 810/810/810
f 813/813/813 811/811/811 812/812/812
f 814/814/814 810/810/810 813/813/813
f 812/812/812 815/815/815 813/813/813
f 813/813/813 816/816/816 814/814/814
f 816/816/816 813/813/813 815/815/815
f 817/817/817 814/814/814 816/816/816
f 815/815/815 818/818/818 816/816/816
f 816/816/816 819/819/819 817/817/817
f 819/819/819 816/816/816 818/818/818
f 820/820/820 817/817/817 819/819/819
f 818/818/818 821/821/821 819/819/819
f 819/819/819 822/822/822 820/820/820
f 822/822/822 819/819/819 821/821/821
f 823/823/823 820/820/820 822/822/822
f 821/821/821 824/824/824 822/822/822
f 822/822/822 825/825/825 823/823/823
f 825/825/825 822/822/822 824/824/824
f 826/826/826 823/823/823 825/825/825
f 824/824/824 827/827/827 825/825/825
f 825/825/825 828/828/828 826/826/826
f 828/828/828 825/825/825 827/827/827
f 829/829/829 826/826/826 828/828/828
f 827/827/827 830/830/830 828/828/828
f 829/829/829 828/828/828 831/831/831
f 832/832/832 828/828/828 830/830/830
f 832/832/832 831/831/831 828/828/828
f 831/831/831 832/832/832 833/833/833
f 830/830/830 834/834/834 832/832/832
f 835/835/835 833/833/833 832/832/832
f 835/835/835 832/832/832 834/834/834
f 833/833/833 835/835/835 836/836/836
f 834/834/834 837/837/837 835/835/835
f 837/837/837 834/834/834 838/838/838
f 839/839/839 836/836/836 835/835/835
f 839/839/839 835/835/835 837/837/837
f 836/836/836 839/839/839 840/840/840
f 841/841/841 840/840/840 839/839/839
f 839/839/839 837/837/837 841/841/841
f 840/840/840 841/841/841 842/842/842
f 838/838/838 843/843/843 837/837/837
f 843/843/843 838/838/838 844/844/844
f 845/845/845 843/843/843 844/844/844
f 846/846/846 842/842/842 841/841/841
f 842/842/842 846/846/846 847/847/847
f 848/848/848 841/841/841 837/837/837
f 848/848/848 837/837/837 843/843/843
f 841/841/841 848/848/848 846/846/846
f 845/845/845 849/849/849 843/843/843
f 843/843/843 849/849/849 848/848/848
f 845/845/845 850/850/850 849/849/849
f 851/851/851 847/847/847 846/846/846
f 847/847/847 851/851/851 852/852/852
f 853/853/853 846/846/846 848/848/848
f 853/853/853 848/848/848 849/849/849
f 846/846/846 853/853/853 851/851/851
f 854/854/854 849/849/849 850/850/850
f 849/849/849 854/854/854 853/853/853
f 850/850/850 855/855/855 854/854/854
f 856/856/856 851/851/851 853/853/853
f 856/856/856 853/853/853 854/854/854
f 857/857/857 854/854/854 855/855/855
f 854/854/854 857/857/857 856/856/856
f 855/855/855 858/858/858 857/857/857
f 859/859/859 852/852/852 851/851/851
f 851/851/851 856/856/856 859/859/859
f 860/860/860 856/856/856 857/857/857
f 860/860/860 859/859/859 856/856/856
f 861/861/861 857/857/857 858/858/858
f 857/857/857 861/861/861 860/860/860
f 859/859/859 862/862/862 852/852/852
f 863/863/863 852/852/852 862/862/862
f 860/860/860 864/864/864 859/859/859
f 864/864/864 860/860/860 861/861/861
f 862/862/862 859/859/859 864/864/864
f 861/861/861 858/858/858 865/865/865
f 866/866/866 865/865/865 858/858/858
f 864/864/864 861/861/861 867/867/867
f 864/864/864 867/867/867 862/862/862
f 865/865/865 867/867/867 861/861/861
f 862/862/862 868/868/868 863/863/863
f 868/868/868 862/862/862 867/867/867
f 869/869/869 863/863/863 868/868/868
f 865/865/865 866/866/866 870/870/870
f 865/865/865 870/870/870 867/867/867
f 868/868/868 871/871/871 869/869/869
f 872/872/872 869/869/869 871/871/871
f 867/867/867 873/873/873 868/868/868
f 873/873/873 867/867/867 870/870/870
f 871/871/871 868/868/868 873/873/873
f 871/871/871 874/874/874 872/872/872
f 875/875/875 872/872/872 874/874/874
f 873/873/873 876/876/876 871/871/871
f 874/874/874 871/871/871 876/876/876
f 874/874/874 877/877/877 875/875/875
f 878/878/878 875/875/875 877/877/877
f 878/878/878 877/877/877 879/879/879
f 880/880/880 870/870/870 866/866/866
f 881/881/881 880/880/880 866/866/866
f 880/880/880 881/881/881 882/882/882
f 880/880/880 882/882/882 870/870/870
f 883/883/883 882/882/882 881/881/881
f 882/882/882 883/883/883 884/884/884
f 870/870/870 885/885/885 873/873/873
f 885/885/885 870/870/870 882/882/882
f 882/882/882 884/884/884 885/885/885
f 876/876/876 873/873/873 885/885/885
f 886/886/886 885/885/885 884/884/884
f 885/885/885 886/886/886 876/876/876
f 884/884/884 887/887/887 886/886/886
f 888/888/888 876/876/876 886/886/886
f 876/876/876 888/888/888 874/874/874
f 877/877/877 874/874/874 888/888/888
f 889/889/889 886/886/886 887/887/887
f 886/886/886 889/889/889 888/888/888
f 889/889/889 887/887/887 890/890/890
f 891/891/891 888/888/888 889/889/889
f 888/888/888 891/891/891 877/877/877
f 890/890/890 891/891/891 889/889/889
f 892/892/892 877/877/877 891/891/891
f 892/892/892 891/891/891 890/890/890
f 892/892/892 879/879/879 877/877/877
f 892/892/892 890/890/890 879/879/879
f 895/895/895 894/894/894 893/893/893
f 895/895/895 893/893/893 896/896/896
f 897/897/897 896/896/896 893/893/893
f 896/896/896 897/897/897 898/898/898
f 899/899/899 898/898/898 897/897/897
f 898/898/898 899/899/899 900/900/900
f 901/901/901 900/900/900 899/899/899
f 902/902/902 898/898/898 900/900/900
f 898/898/898 902/902/902 903/903/903
f 904/904/904 903/903/903 902/902/902
f 904/904/904 902/902/902 905/905/905
f 906/906/906 905/905/905 902/902/902
f 902/902/902 900/900/900 906/906/906
f 905/905/905 906/906/906 907/907/907
f 900/900/900 901/901/901 908/908/908
f 908/908/908 906/906/906 900/900/900
f 909/909/909 908/908/908 901/901/901
f 910/910/910 907/907/907 906/906/906
f 906/906/906 908/908/908 910/910/910
f 907/907/907 910/910/910 911/911/911
f 908/908/908 909/909/909 912/912/912
f 913/913/913 912/912/912 909/909/909
f 912/912/912 913/913/913 914/914/914
f 915/915/915 914/914/914 913/913/913
f 916/916/916 910/910/910 908/908/908
f 914/914/914 915/915/915 917/917/917
f 916/916/916 918/918/918 910/910/910
f 919/919/919 917/917/917 915/915/915
f 920/920/920 910/910/910 918/918/918
f 920/920/920 911/911/911 910/910/910
f 918/918/918 921/921/921 920/920/920
f 917/917/917 919/919/919 922/922/922
f 922/922/922 923/923/923 917/917/917
f 924/924/924 922/922/922 919/919/919
f 923/923/923 922/922/922 925/925/925
f 920/920/920 926/926/926 911/911/911
f 926/926/926 920/920/920 921/921/921
f 927/927/927 911/911/911 926/926/926
f 921/921/921 928/928/928 926/926/926
f 922/922/922 924/924/924 929/929/929
f 929/929/929 925/925/925 922/922/922
f 930/930/930 929/929/929 924/924/924
f 925/925/925 929/929/929 931/931/931
f 926/926/926 932/932/932 927/927/927
f 932/932/932 926/926/926 928/928/928
f 933/933/933 927/927/927 932/932/932
f 928/928/928 934/934/934 932/932/932
f 929/929/929 930/930/930 935/935/935
f 935/935/935 931/931/931 929/929/929
f 936/936/936 935/935/935 930/930/930
f 937/937/937 931/931/931 935/935/935
f 936/936/936 937/937/937 935/935/935
f 932/932/932 938/938/938 933/933/933
f 938/938/938 932/932/932 934/934/934
f 939/939/939 933/933/933 938/938/938
f 934/934/934 940/940/940 938/938/938
f 938/938/938 941/941/941 939/939/939
f 941/941/941 938/938/938 940/940/940
f 942/942/942 939/939/939 941/941/941
f 940/940/940 943/943/943 941/941/941
f 941/941/941 944/944/944 942/942/942
f 944/944/944 941/941/941 943/943/943
f 945/945/945 942/942/942 944/944/944
f 946/946/946 944/944/944 943/943/943
f 944/944/944 946/946/946 945/945/945
f 949/949/949 948/948/948 947/947/947
f 949/949/949 950/950/950 948/948/948
f 948/948/948 950/950/950 951/951/951
f 950/950/950 949/949/949 952/952/952
f 953/953/953 952/952/952 949/949/949
f 954/954/954 951/951/951 950/950/950
f 951/951/951 954/954/954 955/955/955
f 952/952/952 953/953/953 956/956/956
f 957/957/957 956/956/956 953/953/953
f 958/958/958 955/955/955 954/954/954
f 955/955/955 958/958/958 959/959/959
f 960/960/960 959/959/959 958/958/958
f 959/959/959 960/960/960 961/961/961
f 958/958/958 954/954/954 962/962/962
f 958/958/958 962/962/962 960/960/960
f 963/963/963 961/961/961 960/960/960
f 964/964/964 961/961/961 963/963/963
f 960/960/960 965/965/965 963/963/963
f 965/965/965 960/960/960 962/962/962
f 966/966/966 963/963/963 965/965/965
f 966/966/966 965/965/965 967/967/967
f 968/968/968 967/967/967 965/965/965
f 965/965/965 962/962/962 968/968/968
f 969/969/969 968/968/968 962/962/962
f 970/970/970 962/962/962 954/954/954
f 962/962/962 970/970/970 969/969/969
f 971/971/971 969/969/969 970/970/970
f 954/954/954 950/950/950 970/970/970
f 970/970/970 972/972/972 971/971/971
f 972/972/972 970/970/970 950/950/950
f 973/973/973 971/971/971 972/972/972
f 973/973/973 972/972/972 974/974/974
f 972/972/972 950/950/950 975/975/975
f 975/975/975 974/974/974 972/972/972
f 952/952/952 975/975/975 950/950/950
f 974/974/974 975/975/975 976/976/976
f 975/975/975 952/952/952 977/977/977
f 977/977/977 976/976/976 975/975/975
f 956/956/956 977/977/977 952/952/952
f 977/977/977 978/978/978 976/976/976
f 977/977/977 956/956/956 978/978/978
f 979/979/979 976/976/976 978/978/978
f 980/980/980 978/978/978 956/956/956
f 956/956/956 957/957/957 980/980/980
f 981/981/981 980/980/980 957/957/957
f 978/978/978 982/982/982 979/979/979
f 978/978/978 980/980/980 982/982/982
f 983/983/983 979/979/979 982/982/982
f 980/980/980 981/981/981 984/984/984
f 984/984/984 982/982/982 980/980/980
f 985/985/985 984/984/984 981/981/981
f 984/984/984 985/985/985 986/986/986
f 984/984/984 986/986/986 982/982/982
f 987/987/987 986/986/986 985/985/985
f 986/986/986 987/987/987 988/988/988
f 982/982/982 989/989/989 983/983/983
f 989/989/989 982/982/982 986/986/986
f 986/986/986 988/988/988 989/989/989
f 990/990/990 983/983/983 989/989/989
f 989/989/989 988/988/988 990/990/990
f 993/993/993 992/992/992 991/991/991
f 994/994/994 991/991/991 992/992/992
f 991/991/991 994/994/994 995/995/995
f 994/994/994 992/992/992 996/996/996
f 997/997/997 996/996/996 992/992/992
f 998/998/998 995/995/995 994/994/994
f 994/994/994 996/996/996 998/998/998
f 995/995/995 998/998/998 999/999/999
f 1000/1000/1000 999/999/999 998/998/998
f 999/999/999 1000/1000/1000 1001/1001/1001
f 1002/1002/1002 998/998/998 996/996/996
f 998/998/998 1002/1002/1002 1000/1000/1000
f 1003/1003/1003 1001/1001/1001 1000/1000/1000
f 1001/1001/1001 1003/1003/1003 1004/1004/1004
f 1005/1005/1005 1000/1000/1000 1002/1002/1002
f 1000/1000/1000 1005/1005/1005 1003/1003/1003
f 1006/1006/1006 1004/1004/1004 1003/1003/1003
f 1004/1004/1004 1006/1006/1006 1007/1007/1007
f 1008/1008/1008 1003/1003/1003 1005/1005/1005
f 1003/1003/1003 1008/1008/1008 1006/1006/1006
f 1009/1009/1009 1007/1007/1007 1006/1006/1006
f 1010/1010/1010 1007/1007/1007 1009/1009/1009
f 1011/1011/1011 1006/1006/1006 1008/1008/1008
f 1006/1006/1006 1011/1011/1011 1009/1009/1009
f 1009/1009/1009 1012/1012/1012 1010/1010/1010
f 1012/1012/1012 1009/1009/1009 1011/1011/1011
f 1013/1013/1013 1010/1010/1010 1012/1012/1012
f 1013/1013/1013 1012/1012/1012 1014/1014/1014
f 1011/1011/1011 1014/1014/1014 1012/1012/1012
f 1014/1014/1014 1011/1011/1011 1015/1015/1015
f 1008/1008/1008 1015/1015/1015 1011/1011/1011
f 1008/1008/1008 1005/1005/1005 1015/1015/1015
f 1016/1016/1016 1015/1015/1015 1005/1005/1005
f 1005/1005/1005 1002/1002/1002 1016/1016/1016
f 1017/1017/1017 1016/1016/1016 1002/1002/1002
f 1017/1017/1017 1002/1002/1002 1018/1018/1018
f 996/996/996 1018/1018/1018 1002/1002/1002
f 1018/1018/1018 996/996/996 1019/1019/1019
f 997/997/997 1019/1019/1019 996/996/996
f 1019/1019/1019 997/997/997 1020/1020/1020
f 1021/1021/1021 1020/1020/1020 997/997/997
f 1020/1020/1020 1021/1021/1021 1022/1022/1022
f 1023/1023/1023 1022/1022/1022 1021/1021/1021
f 1022/1022/1022 1023/1023/1023 1024/1024/1024
f 1025/1025/1025 1024/1024/1024 1023/1023/1023
f 1025/1025/1025 1026/1026/1026 1024/1024/1024
f 1027/1027/1027 1024/1024/1024 1026/1026/1026
f 1026/1026/1026 1028/1028/1028 1027/1027/1027
f 1029/1029/1029 1027/1027/1027 1028/1028/1028
f 1032/1032/1032 1031/1031/1031 1030/1030/1030
f 1033/1033/1033 1032/1032/1032 1030/1030/1030
f 1034/1034/1034 1033/1033/1033 1030/1030/1030
f 1033/1033/1033 1035/1035/1035 1032/1032/1032
f 1036/1036/1036 1032/1032/1032 1035/1035/1035
f 1035/1035/1035 1037/1037/1037 1036/1036/1036
f 1038/1038/1038 1036/1036/1036 1037/1037/1037
f 1037/1037/1037 1039/1039/1039 1038/1038/1038
f 1040/1040/1040 1038/1038/1038 1039/1039/1039
f 1039/1039/1039 1041/1041/1041 1040/1040/1040
f 1042/1042/1042 1040/1040/1040 1041/1041/1041
f 1042/1042/1042 1041/1041/1041 1043/1043/1043
f 1044/1044/1044 1043/1043/1043 1041/1041/1041
f 1045/1045/1045 1043/1043/1043 1044/1044/1044
f 1041/1041/1041 1039/1039/1039 1046/1046/1046
f 1041/1041/1041 1046/1046/1046 1044/1044/1044
f 1045/1045/1045 1044/1044/1044 1047/1047/1047
f 1047/1047/1047 1044/1044/1044 1046/1046/1046
f 1045/1045/1045 1047/1047/1047 1048/1048/1048
f 1047/1047/1047 1046/1046/1046 1048/1048/1048
f 1049/1049/1049 1048/1048/1048 1046/1046/1046
f 1050/1050/1050 1046/1046/1046 1039/1039/1039
f 1046/1046/1046 1050/1050/1050 1049/1049/1049
f 1039/1039/1039 1037/1037/1037 1050/1050/1050
f 1051/1051/1051 1049/1049/1049 1050/1050/1050
f 1052/1052/1052 1050/1050/1050 1037/1037/1037
f 1050/1050/1050 1052/1052/1052 1051/1051/1051
f 1037/1037/1037 1035/1035/1035 1052/1052/1052
f 1053/1053/1053 1051/1051/1051 1052/1052/1052
f 1054/1054/1054 1052/1052/1052 1035/1035/1035
f 1052/1052/1052 1054/1054/1054 1053/1053/1053
f 1035/1035/1035 1033/1033/1033 1054/1054/1054
f 1055/1055/1055 1053/1053/1053 1054/1054/1054
f 1056/1056/1056 1054/1054/1054 1033/1033/1033
f 1054/1054/1054 1056/1056/1056 1055/1055/1055
f 1033/1033/1033 1034/1034/1034 1056/1056/1056
f 1057/1057/1057 1055/1055/1055 1056/1056/1056
f 1058/1058/1058 1056/1056/1056 1034/1034/1034
f 1056/1056/1056 1058/1058/1058 1057/1057/1057
f 1034/1034/1034 1059/1059/1059 1058/1058/1058
f 1060/1060/1060 1057/1057/1057 1058/1058/1058
f 1061/1061/1061 1058/1058/1058 1059/1059/1059
f 1059/1059/1059 1062/1062/1062 1061/1061/1061
f 1058/1058/1058 1063/1063/1063 1060/1060/1060
f 1058/1058/1058 1061/1061/1061 1063/1063/1063
f 1064/1064/1064 1060/1060/1060 1063/1063/1063
f 1063/1063/1063 1061/1061/1061 1065/1065/1065
f 1066/1066/1066 1065/1065/1065 1061/1061/1061
f 1066/1066/1066 1061/1061/1061 1062/1062/1062
f 1065/1065/1065 1066/1066/1066 1067/1067/1067
f 1066/1066/1066 1062/1062/1062 1068/1068/1068
f 1068/1068/1068 1067/1067/1067 1066/1066/1066
f 1069/1069/1069 1068/1068/1068 1062/1062/1062
f 1067/1067/1067 1068/1068/1068 1070/1070/1070
f 1068/1068/1068 1069/1069/1069 1071/1071/1071
f 1071/1071/1071 1070/1070/1070 1068/1068/1068
f 1072/1072/1072 1071/1071/1071 1069/1069/1069
f 1070/1070/1070 1071/1071/1071 1073/1073/1073
f 1071/1071/1071 1072/1072/1072 1074/1074/1074
f 1074/1074/1074 1073/1073/1073 1071/1071/1071
f 1075/1075/1075 1074/1074/1074 1072/1072/1072
f 1073/1073/1073 1074/1074/1074 1076/1076/1076
f 1074/1074/1074 1075/1075/1075 1077/1077/1077
f 1077/1077/1077 1076/1076/1076 1074/1074/1074
f 1078/1078/1078 1077/1077/1077 1075/1075/1075
f 1076/1076/1076 1077/1077/1077 1079/1079/1079
f 1077/1077/1077 1078/1078/1078 1080/1080/1080
f 1080/1080/1080 1079/1079/1079 1077/1077/1077
f 1081/1081/1081 1080/1080/1080 1078/1078/1078
f 1079/1079/1079 1080/1080/1080 1082/1082/1082
f 1080/1080/1080 1081/1081/1081 1083/1083/1083
f 1083/1083/1083 1082/1082/1082 1080/1080/1080
f 1084/1084/1084 1083/1083/1083 1081/1081/1081
f 1082/1082/1082 1083/1083/1083 1085/1085/1085
f 1084/1084/1084 1086/1086/1086 1083/1083/1083
f 1087/1087/1087 1085/1085/1085 1083/1083/1083
f 1087/1087/1087 1083/1083/1083 1086/1086/1086
f 1085/1085/1085 1087/1087/1087 1088/1088/1088
f 1087/1087/1087 1086/1086/1086 1089/1089/1089
f 1089/1089/1089 1088/1088/1088 1087/1087/1087
f 1088/1088/1088 1089/1089/1089 1090/1090/1090
f 1091/1091/1091 1089/1089/1089 1086/1086/1086
f 1092/1092/1092 1090/1090/1090 1089/1089/1089
f 1089/1089/1089 1091/1091/1091 1092/1092/1092
f 1093/1093/1093 1092/1092/1092 1091/1091/1091
f 1096/1096/1096 1095/1095/1095 1094/1094/1094
f 1097/1097/1097 1094/1094/1094 1095/1095/1095
f 1094/1094/1094 1097/1097/1097 1098/1098/1098
f 1099/1099/1099 1098/1098/1098 1097/1097/1097
f 1098/1098/1098 1099/1099/1099 1100/1100/1100
f 1101/1101/1101 1100/1100/1100 1099/1099/1099
f 1100/1100/1100 1101/1101/1101 1102/1102/1102
f 1103/1103/1103 1102/1102/1102 1101/1101/1101
f 1102/1102/1102 1103/1103/1103 1104/1104/1104
f 1105/1105/1105 1104/1104/1104 1103/1103/1103
f 1104/1104/1104 1105/1105/1105 1106/1106/1106
f 1097/1097/1097 1095/1095/1095 1107/1107/1107
f 1108/1108/1108 1107/1107/1107 1095/1095/1095
f 1095/1095/1095 1109/1109/1109 1108/1108/1108
f 1110/1110/1110 1108/1108/1108 1109/1109/1109
f 1107/1107/1107 1111/1111/1111 1097/1097/1097
f 1099/1099/1099 1097/1097/1097 1111/1111/1111
f 1111/1111/1111 1112/1112/1112 1099/1099/1099
f 1101/1101/1101 1099/1099/1099 1112/1112/1112
f 1112/1112/1112 1113/1113/1113 1101/1101/1101
f 1103/1103/1103 1101/1101/1101 1113/1113/1113
f 1113/1113/1113 1114/1114/1114 1103/1103/1103
f 1105/1105/1105 1103/1103/1103 1114/1114/1114
f 1105/1105/1105 1114/1114/1114 1115/1115/1115
f 1116/1116/1116 1115/1115/1115 1114/1114/1114
f 1115/1115/1115 1106/1106/1106 1105/1105/1105
f 1115/1115/1115 1116/1116/1116 1117/1117/1117
f 1115/1115/1115 1117/1117/1117 1106/1106/1106
f 1118/1118/1118 1117/1117/1117 1116/1116/1116
f 1119/1119/1119 1106/1106/1106 1117/1117/1117
f 1118/1118/1118 1120/1120/1120 1117/1117/1117
f 1117/1117/1117 1121/1121/1121 1119/1119/1119
f 1121/1121/1121 1117/1117/1117 1120/1120/1120
f 1122/1122/1122 1119/1119/1119 1121/1121/1121
f 1120/1120/1120 1123/1123/1123 1121/1121/1121
f 1121/1121/1121 1123/1123/1123 1122/1122/1122
f 1126/1126/1126 1125/1125/1125 1124/1124/1124
f 1127/1127/1127 1124/1124/1124 1125/1125/1125
f 1124/1124/1124 1127/1127/1127 1128/1128/1128
f 1127/1127/1127 1125/1125/1125 1129/1129/1129
f 1130/1130/1130 1129/1129/1129 1125/1125/1125
f 1129/1129/1129 1131/1131/1131 1127/1127/1127
f 1132/1132/1132 1128/1128/1128 1127/1127/1127
f 1132/1132/1132 1127/1127/1127 1131/1131/1131
f 1128/1128/1128 1132/1132/1132 1133/1133/1133
f 1131/1131/1131 1134/1134/1134 1132/1132/1132
f 1135/1135/1135 1134/1134/1134 1131/1131/1131
f 1135/1135/1135 1136/1136/1136 1134/1134/1134
f 1137/1137/1137 1133/1133/1133 1132/1132/1132
f 1137/1137/1137 1132/1132/1132 1134/1134/1134
f 1138/1138/1138 1134/1134/1134 1136/1136/1136
f 1136/1136/1136 1139/1139/1139 1138/1138/1138
f 1133/1133/1133 1137/1137/1137 1140/1140/1140
f 1133/1133/1133 1140/1140/1140 1141/1141/1141
f 1142/1142/1142 1141/1141/1141 1140/1140/1140
f 1137/1137/1137 1134/1134/1134 1143/1143/1143
f 1143/1143/1143 1140/1140/1140 1137/1137/1137
f 1140/1140/1140 1143/1143/1143 1142/1142/1142
f 1138/1138/1138 1143/1143/1143 1134/1134/1134
f 1144/1144/1144 1142/1142/1142 1143/1143/1143
f 1143/1143/1143 1138/1138/1138 1144/1144/1144
f 1142/1142/1142 1144/1144/1144 1145/1145/1145
f 1146/1146/1146 1138/1138/1138 1139/1139/1139
f 1146/1146/1146 1144/1144/1144 1138/1138/1138
f 1139/1139/1139 1147/1147/1147 1146/1146/1146
f 1148/1148/1148 1145/1145/1145 1144/1144/1144
f 1144/1144/1144 1146/1146/1146 1148/1148/1148
f 1149/1149/1149 1146/1146/1146 1147/1147/1147
f 1149/1149/1149 1148/1148/1148 1146/1146/1146
f 1148/1148/1148 1150/1150/1150 1145/1145/1145
f 1148/1148/1148 1149/1149/1149 1150/1150/1150
f 1151/1151/1151 1145/1145/1145 1150/1150/1150
f 1149/1149/1149 1147/1147/1147 1152/1152/1152
f 1152/1152/1152 1150/1150/1150 1149/1149/1149
f 1153/1153/1153 1152/1152/1152 1147/1147/1147
f 1153/1153/1153 1154/1154/1154 1152/1152/1152
f 1150/1150/1150 1155/1155/1155 1151/1151/1151
f 1150/1150/1150 1152/1152/1152 1155/1155/1155
f 1156/1156/1156 1151/1151/1151 1155/1155/1155
f 1156/1156/1156 1155/1155/1155 1157/1157/1157
f 1158/1158/1158 1152/1152/1152 1154/1154/1154
f 1158/1158/1158 1155/1155/1155 1152/1152/1152
f 1159/1159/1159 1157/1157/1157 1155/1155/1155
f 1155/1155/1155 1158/1158/1158 1159/1159/1159
f 1158/1158/1158 1154/1154/1154 1160/1160/1160
f 1160/1160/1160 1159/1159/1159 1158/1158/1158
f 1161/1161/1161 1160/1160/1160 1154/1154/1154
f 1159/1159/1159 1162/1162/1162 1157/1157/1157
f 1159/1159/1159 1160/1160/1160 1162/1162/1162
f 1163/1163/1163 1157/1157/1157 1162/1162/1162
f 1160/1160/1160 1161/1161/1161 1164/1164/1164
f 1164/1164/1164 1162/1162/1162 1160/1160/1160
f 1165/1165/1165 1164/1164/1164 1161/1161/1161
f 1164/1164/1164 1165/1165/1165 1166/1166/1166
f 1164/1164/1164 1166/1166/1166 1162/1162/1162
f 1167/1167/1167 1166/1166/1166 1165/1165/1165
f 1167/1167/1167 1168/1168/1168 1166/1166/1166
f 1162/1162/1162 1169/1169/1169 1163/1163/1163
f 1169/1169/1169 1162/1162/1162 1166/1166/1166
f 1169/1169/1169 1166/1166/1166 1168/1168/1168
f 1170/1170/1170 1163/1163/1163 1169/1169/1169
f 1170/1170/1170 1169/1169/1169 1168/1168/1168
f 1173/1173/1173 1172/1172/1172 1171/1171/1171
f 1174/1174/1174 1171/1171/1171 1172/1172/1172
f 1174/1174/1174 1172/1172/1172 1175/1175/1175
f 1176/1176/1176 1175/1175/1175 1172/1172/1172
f 1175/1175/1175 1176/1176/1176 1177/1177/1177
f 1178/1178/1178 1177/1177/1177 1176/1176/1176
f 1178/1178/1178 1179/1179/1179 1177/1177/1177
f 1174/1174/1174 1180/1180/1180 1171/1171/1171
f 1175/1175/1175 1181/1181/1181 1174/1174/1174
f 1180/1180/1180 1174/1174/1174 1181/1181/1181
f 1177/1177/1177 1182/1182/1182 1175/1175/1175
f 1181/1181/1181 1175/1175/1175 1182/1182/1182
f 1183/1183/1183 1171/1171/1171 1180/1180/1180
f 1171/1171/1171 1183/1183/1183 1184/1184/1184
f 1181/1181/1181 1185/1185/1185 1180/1180/1180
f 1186/1186/1186 1180/1180/1180 1185/1185/1185
f 1180/1180/1180 1186/1186/1186 1183/1183/1183
f 1185/1185/1185 1181/1181/1181 1187/1187/1187
f 1182/1182/1182 1187/1187/1187 1181/1181/1181
f 1188/1188/1188 1183/1183/1183 1186/1186/1186
f 1187/1187/1187 1182/1182/1182 1189/1189/1189
f 1183/1183/1183 1188/1188/1188 1190/1190/1190
f 1190/1190/1190 1184/1184/1184 1183/1183/1183
f 1191/1191/1191 1190/1190/1190 1188/1188/1188
f 1190/1190/1190 1192/1192/1192 1184/1184/1184
f 1190/1190/1190 1191/1191/1191 1192/1192/1192
f 1193/1193/1193 1184/1184/1184 1192/1192/1192
f 1194/1194/1194 1192/1192/1192 1191/1191/1191
f 1192/1192/1192 1195/1195/1195 1193/1193/1193
f 1192/1192/1192 1194/1194/1194 1195/1195/1195
f 1196/1196/1196 1193/1193/1193 1195/1195/1195
f 1197/1197/1197 1195/1195/1195 1194/1194/1194
f 1195/1195/1195 1198/1198/1198 1196/1196/1196
f 1195/1195/1195 1197/1197/1197 1198/1198/1198
f 1199/1199/1199 1196/1196/1196 1198/1198/1198
f 1200/1200/1200 1198/1198/1198 1197/1197/1197
f 1201/1201/1201 1199/1199/1199 1198/1198/1198
f 1201/1201/1201 1202/1202/1202 1199/1199/1199
f 1203/1203/1203 1201/1201/1201 1198/1198/1198
f 1198/1198/1198 1200/1200/1200 1203/1203/1203
f 1204/1204/1204 1203/1203/1203 1200/1200/1200
f 1207/1207/1207 1206/1206/1206 1205/1205/1205
f 1205/1205/1205 1206/1206/1206 1208/1208/1208
f 1209/1209/1209 1208/1208/1208 1206/1206/1206
f 1209/1209/1209 1210/1210/1210 1208/1208/1208
f 1208/1208/1208 1211/1211/1211 1205/1205/1205
f 1212/1212/1212 1208/1208/1208 1210/1210/1210
f 1208/1208/1208 1212/1212/1212 1211/1211/1211
f 1210/1210/1210 1213/1213/1213 1212/1212/1212
f 1214/1214/1214 1211/1211/1211 1212/1212/1212
f 1211/1211/1211 1214/1214/1214 1215/1215/1215
f 1216/1216/1216 1215/1215/1215 1214/1214/1214
f 1217/1217/1217 1212/1212/1212 1213/1213/1213
f 1212/1212/1212 1217/1217/1217 1214/1214/1214
f 1214/1214/1214 1218/1218/1218 1216/1216/1216
f 1218/1218/1218 1214/1214/1214 1217/1217/1217
f 1219/1219/1219 1216/1216/1216 1218/1218/1218
f 1217/1217/1217 1213/1213/1213 1220/1220/1220
f 1217/1217/1217 1220/1220/1220 1218/1218/1218
f 1221/1221/1221 1220/1220/1220 1213/1213/1213
f 1218/1218/1218 1222/1222/1222 1219/1219/1219
f 1222/1222/1222 1218/1218/1218 1220/1220/1220
f 1223/1223/1223 1219/1219/1219 1222/1222/1222
f 1221/1221/1221 1224/1224/1224 1220/1220/1220
f 1224/1224/1224 1221/1221/1221 1225/1225/1225
f 1222/1222/1222 1226/1226/1226 1223/1223/1223
f 1227/1227/1227 1223/1223/1223 1226/1226/1226
f 1220/1220/1220 1228/1228/1228 1222/1222/1222
f 1228/1228/1228 1220/1220/1220 1224/1224/1224
f 1226/1226/1226 1222/1222/1222 1228/1228/1228
f 1224/1224/1224 1225/1225/1225 1229/1229/1229
f 1224/1224/1224 1229/1229/1229 1228/1228/1228
f 1230/1230/1230 1229/1229/1229 1225/1225/1225
f 1229/1229/1229 1230/1230/1230 1231/1231/1231
f 1230/1230/1230 1232/1232/1232 1231/1231/1231
f 1233/1233/1233 1231/1231/1231 1232/1232/1232
f 1233/1233/1233 1234/1234/1234 1231/1231/1231
f 1235/1235/1235 1228/1228/1228 1229/1229/1229
f 1228/1228/1228 1235/1235/1235 1226/1226/1226
f 1229/1229/1229 1231/1231/1231 1235/1235/1235
f 1226/1226/1226 1236/1236/1236 1227/1227/1227
f 1236/1236/1236 1226/1226/1226 1235/1235/1235
f 1237/1237/1237 1227/1227/1227 1236/1236/1236
f 1238/1238/1238 1231/1231/1231 1234/1234/1234
f 1234/1234/1234 1239/1239/1239 1238/1238/1238
f 1240/1240/1240 1235/1235/1235 1231/1231/1231
f 1235/1235/1235 1240/1240/1240 1236/1236/1236
f 1231/1231/1231 1238/1238/1238 1240/1240/1240
f 1236/1236/1236 1241/1241/1241 1237/1237/1237
f 1241/1241/1241 1236/1236/1236 1240/1240/1240
f 1242/1242/1242 1237/1237/1237 1241/1241/1241
f 1242/1242/1242 1241/1241/1241 1243/1243/1243
f 1244/1244/1244 1243/1243/1243 1241/1241/1241
f 1241/1241/1241 1240/1240/1240 1244/1244/1244
f 1243/1243/1243 1244/1244/1244 1245/1245/1245
f 1246/1246/1246 1238/1238/1238 1239/1239/1239
f 1239/1239/1239 1247/1247/1247 1246/1246/1246
f 1248/1248/1248 1240/1240/1240 1238/1238/1238
f 1248/1248/1248 1244/1244/1244 1240/1240/1240
f 1238/1238/1238 1246/1246/1246 1248/1248/1248
f 1249/1249/1249 1245/1245/1245 1244/1244/1244
f 1244/1244/1244 1248/1248/1248 1249/1249/1249
f 1245/1245/1245 1249/1249/1249 1250/1250/1250
f 1251/1251/1251 1249/1249/1249 1248/1248/1248
f 1251/1251/1251 1248/1248/1248 1246/1246/1246
f 1252/1252/1252 1250/1250/1250 1249/1249/1249
f 1249/1249/1249 1251/1251/1251 1252/1252/1252
f 1252/1252/1252 1253/1253/1253 1250/1250/1250
f 1254/1254/1254 1252/1252/1252 1251/1251/1251
f 1251/1251/1251 1246/1246/1246 1254/1254/1254
f 1252/1252/1252 1254/1254/1254 1253/1253/1253
f 1255/1255/1255 1247/1247/1247 1253/1253/1253
f 1255/1255/1255 1246/1246/1246 1247/1247/1247
f 1253/1253/1253 1254/1254/1254 1255/1255/1255
f 1255/1255/1255 1254/1254/1254 1246/1246/1246
f 1258/1258/1258 1257/1257/1257 1256/1256/1256
f 1259/1259/1259 1256/1256/1256 1257/1257/1257
f 1260/1260/1260 1259/1259/1259 1257/1257/1257
f 1256/1256/1256 1259/1259/1259 1261/1261/1261
f 1260/1260/1260 1262/1262/1262 1259/1259/1259
f 1263/1263/1263 1261/1261/1261 1259/1259/1259
f 1259/1259/1259 1262/1262/1262 1263/1263/1263
f 1264/1264/1264 1263/1263/1263 1262/1262/1262
f 1261/1261/1261 1263/1263/1263 1265/1265/1265
f 1264/1264/1264 1266/1266/1266 1263/1263/1263
f 1267/1267/1267 1265/1265/1265 1263/1263/1263
f 1267/1267/1267 1263/1263/1263 1266/1266/1266
f 1265/1265/1265 1267/1267/1267 1268/1268/1268
f 1266/1266/1266 1269/1269/1269 1267/1267/1267
f 1270/1270/1270 1268/1268/1268 1267/1267/1267
f 1270/1270/1270 1267/1267/1267 1269/1269/1269
f 1268/1268/1268 1270/1270/1270 1271/1271/1271
f 1269/1269/1269 1272/1272/1272 1270/1270/1270
f 1273/1273/1273 1271/1271/1271 1270/1270/1270
f 1273/1273/1273 1270/1270/1270 1272/1272/1272
f 1271/1271/1271 1273/1273/1273 1274/1274/1274
f 1272/1272/1272 1274/1274/1274 1273/1273/1273
f 1277/1277/1277 1276/1276/1276 1275/1275/1275
f 1275/1275/1275 1278/1278/1278 1277/1277/1277
f 1279/1279/1279 1277/1277/1277 1278/1278/1278
f 1278/1278/1278 1280/1280/1280 1279/1279/1279
f 1277/1277/1277 1279/1279/1279 1281/1281/1281
f 1282/1282/1282 1279/1279/1279 1280/1280/1280
f 1283/1283/1283 1281/1281/1281 1279/1279/1279
f 1279/1279/1279 1282/1282/1282 1283/1283/1283
f 1281/1281/1281 1283/1283/1283 1284/1284/1284
f 1285/1285/1285 1283/1283/1283 1282/1282/1282
f 1286/1286/1286 1284/1284/1284 1283/1283/1283
f 1283/1283/1283 1285/1285/1285 1286/1286/1286
f 1287/1287/1287 1286/1286/1286 1285/1285/1285
f 1284/1284/1284 1286/1286/1286 1288/1288/1288
f 1287/1287/1287 1289/1289/1289 1286/1286/1286
f 1290/1290/1290 1288/1288/1288 1286/1286/1286
f 1290/1290/1290 1286/1286/1286 1289/1289/1289
f 1288/1288/1288 1290/1290/1290 1291/1291/1291
f 1290/1290/1290 1289/1289/1289 1292/1292/1292
f 1292/1292/1292 1291/1291/1291 1290/1290/1290
f 1293/1293/1293 1292/1292/1292 1289/1289/1289
f 1291/1291/1291 1292/1292/1292 1294/1294/1294
f 1292/1292/1292 1293/1293/1293 1295/1295/1295
f 1295/1295/1295 1294/1294/1294 1292/1292/1292
f 1296/1296/1296 1295/1295/1295 1293/1293/1293
f 1297/1297/1297 1294/1294/1294 1295/1295/1295
f 1297/1297/1297 1295/1295/1295 1296/1296/1296
f 1300/1300/1300 1299/1299/1299 1298/1298/1298
f 1299/1299/1299 1301/1301/1301 1298/1298/1298
f 1302/1302/1302 1298/1298/1298 1301/1301/1301
f 1302/1302/1302 1301/1301/1301 1303/1303/1303
f 1304/1304/1304 1303/1303/1303 1301/1301/1301
f 1304/1304/1304 1305/1305/1305 1303/1303/1303
f 1306/1306/1306 1303/1303/1303 1305/1305/1305
f 1305/1305/1305 1307/1307/1307 1306/1306/1306
f 1308/1308/1308 1306/1306/1306 1307/1307/1307
f 1308/1308/1308 1307/1307/1307 1309/1309/1309
f 1310/1310/1310 1309/1309/1309 1307/1307/1307
f 1309/1309/1309 1310/1310/1310 1311/1311/1311
f 1311/1311/1311 1310/1310/1310 1312/1312/1312
f 1310/1310/1310 1307/1307/1307 1312/1312/1312
f 1313/1313/1313 1312/1312/1312 1307/1307/1307
f 1307/1307/1307 1305/1305/1305 1313/1313/1313
f 1314/1314/1314 1313/1313/1313 1305/1305/1305
f 1314/1314/1314 1305/1305/1305 1315/1315/1315
f 1304/1304/1304 1315/1315/1315 1305/1305/1305
f 1315/1315/1315 1304/1304/1304 1316/1316/1316
f 1301/1301/1301 1316/1316/1316 1304/1304/1304
f 1316/1316/1316 1301/1301/1301 1317/1317/1317
f 1318/1318/1318 1317/1317/1317 1301/1301/1301
f 1317/1317/1317 1318/1318/1318 1319/1319/1319
f 1322/1322/1322 1321/1321/1321 1320/1320/1320
f 1323/1323/1323 1320/1320/1320 1321/1321/1321
f 1323/1323/1323 1321/1321/1321 1324/1324/1324
f 1325/1325/1325 1324/1324/1324 1321/1321/1321
f 1324/1324/1324 1325/1325/1325 1326/1326/1326
f 1327/1327/1327 1326/1326/1326 1325/1325/1325
f 1326/1326/1326 1327/1327/1327 1328/1328/1328
f 1329/1329/1329 1328/1328/1328 1327/1327/1327
f 1328/1328/1328 1329/1329/1329 1330/1330/1330
f 1331/1331/1331 1330/1330/1330 1329/1329/1329
f 1330/1330/1330 1331/1331/1331 1332/1332/1332
f 1333/1333/1333 1332/1332/1332 1331/1331/1331
f 1332/1332/1332 1333/1333/1333 1334/1334/1334
f 1335/1335/1335 1334/1334/1334 1333/1333/1333
f 1334/1334/1334 1335/1335/1335 1336/1336/1336
f 1337/1337/1337 1336/1336/1336 1335/1335/1335
f 1336/1336/1336 1337/1337/1337 1338/1338/1338
f 1339/1339/1339 1338/1338/1338 1337/1337/1337
f 1337/1337/1337 1340/1340/1340 1339/1339/1339
f 1338/1338/1338 1339/1339/1339 1341/1341/1341
f 1340/1340/1340 1342/1342/1342 1339/1339/1339
f 1343/1343/1343 1341/1341/1341 1339/1339/1339
f 1343/1343/1343 1339/1339/1339 1342/1342/1342
f 1341/1341/1341 1343/1343/1343 1344/1344/1344
f 1343/1343/1343 1342/1342/1342 1344/1344/1344
f 1347/1347/1347 1346/1346/1346 1345/1345/1345
f 1348/1348/1348 1345/1345/1345 1346/1346/1346
f 1348/1348/1348 1346/1346/1346 1349/1349/1349
f 1350/1350/1350 1349/1349/1349 1346/1346/1346
f 1351/1351/1351 1348/1348/1348 1349/1349/1349
f 1350/1350/1350 1352/1352/1352 1349/1349/1349
f 1349/1349/1349 1353/1353/1353 1351/1351/1351
f 1353/1353/1353 1349/1349/1349 1352/1352/1352
f 1354/1354/1354 1351/1351/1351 1353/1353/1353
f 1352/1352/1352 1355/1355/1355 1353/1353/1353
f 1353/1353/1353 1356/1356/1356 1354/1354/1354
f 1356/1356/1356 1353/1353/1353 1355/1355/1355
f 1357/1357/1357 1354/1354/1354 1356/1356/1356
f 1356/1356/1356 1355/1355/1355 1358/1358/1358
f 1356/1356/1356 1358/1358/1358 1357/1357/1357
f 1359/1359/1359 1357/1357/1357 1358/1358/1358
f 1360/1360/1360 1358/1358/1358 1355/1355/1355
f 1359/1359/1359 1358/1358/1358 1361/1361/1361
f 1358/1358/1358 1360/1360/1360 1362/1362/1362
f 1362/1362/1362 1361/1361/1361 1358/1358/1358
f 1363/1363/1363 1362/1362/1362 1360/1360/1360
f 1361/1361/1361 1362/1362/1362 1364/1364/1364
f 1362/1362/1362 1363/1363/1363 1365/1365/1365
f 1365/1365/1365 1364/1364/1364 1362/1362/1362
f 1366/1366/1366 1365/1365/1365 1363/1363/1363
f 1365/1365/1365 1367/1367/1367 1364/1364/1364
f 1365/1365/1365 1366/1366/1366 1367/1367/1367
f 1368/1368/1368 1364/1364/1364 1367/1367/1367
f 1369/1369/1369 1367/1367/1367 1366/1366/1366
f 1367/1367/1367 1370/1370/1370 1368/1368/1368
f 1367/1367/1367 1369/1369/1369 1370/1370/1370
f 1371/1371/1371 1370/1370/1370 1369/1369/1369
f 1372/1372/1372 1368/1368/1368 1370/1370/1370
f 1371/1371/1371 1373/1373/1373 1370/1370/1370
f 1370/1370/1370 1374/1374/1374 1372/1372/1372
f 1374/1374/1374 1370/1370/1370 1373/1373/1373
f 1373/1373/1373 1375/1375/1375 1374/1374/1374
f 1376/1376/1376 1372/1372/1372 1374/1374/1374
f 1377/1377/1377 1374/1374/1374 1375/1375/1375
f 1374/1374/1374 1377/1377/1377 1376/1376/1376
f 1375/1375/1375 1378/1378/1378 1377/1377/1377
f 1379/1379/1379 1376/1376/1376 1377/1377/1377
f 1376/1376/1376 1379/1379/1379 1380/1380/1380
f 1381/1381/1381 1380/1380/1380 1379/1379/1379
f 1382/1382/1382 1377/1377/1377 1378/1378/1378
f 1377/1377/1377 1382/1382/1382 1379/1379/1379
f 1378/1378/1378 1383/1383/1383 1382/1382/1382
f 1379/1379/1379 1384/1384/1384 1381/1381/1381
f 1384/1384/1384 1379/1379/1379 1382/1382/1382
f 1385/1385/1385 1381/1381/1381 1384/1384/1384
f 1385/1385/1385 1384/1384/1384 1386/1386/1386
f 1387/1387/1387 1386/1386/1386 1384/1384/1384
f 1384/1384/1384 1382/1382/1382 1387/1387/1387
f 1386/1386/1386 1387/1387/1387 1388/1388/1388
f 1389/1389/1389 1382/1382/1382 1383/1383/1383
f 1389/1389/1389 1387/1387/1387 1382/1382/1382
f 1390/1390/1390 1388/1388/1388 1387/1387/1387
f 1387/1387/1387 1389/1389/1389 1390/1390/1390
f 1388/1388/1388 1390/1390/1390 1391/1391/1391
f 1389/1389/1389 1383/1383/1383 1392/1392/1392
f 1392/1392/1392 1390/1390/1390 1389/1389/1389
f 1393/1393/1393 1392/1392/1392 1383/1383/1383
f 1393/1393/1393 1394/1394/1394 1392/1392/1392
f 1395/1395/1395 1392/1392/1392 1394/1394/1394
f 1392/1392/1392 1395/1395/1395 1390/1390/1390
f 1394/1394/1394 1396/1396/1396 1395/1395/1395
f 1397/1397/1397 1391/1391/1391 1390/1390/1390
f 1397/1397/1397 1390/1390/1390 1395/1395/1395
f 1391/1391/1391 1397/1397/1397 1398/1398/1398
f 1399/1399/1399 1395/1395/1395 1396/1396/1396
f 1395/1395/1395 1399/1399/1399 1397/1397/1397
f 1396/1396/1396 1400/1400/1400 1399/1399/1399
f 1401/1401/1401 1398/1398/1398 1397/1397/1397
f 1401/1401/1401 1397/1397/1397 1399/1399/1399
f 1402/1402/1402 1399/1399/1399 1400/1400/1400
f 1399/1399/1399 1402/1402/1402 1401/1401/1401
f 1402/1402/1402 1400/1400/1400 1403/1403/1403
f 1401/1401/1401 1404/1404/1404 1398/1398/1398
f 1404/1404/1404 1401/1401/1401 1402/1402/1402
f 1403/1403/1403 1404/1404/1404 1402/1402/1402
f 1405/1405/1405 1398/1398/1398 1404/1404/1404
f 1404/1404/1404 1403/1403/1403 1405/1405/1405
f 1408/1408/1408 1407/1407/1407 1406/1406/1406
f 1409/1409/1409 1406/1406/1406 1407/1407/1407
f 1407/1407/1407 1410/1410/1410 1409/1409/1409
f 1409/1409/1409 1411/1411/1411 1406/1406/1406
f 1412/1412/1412 1406/1406/1406 1411/1411/1411
f 1411/1411/1411 1409/1409/1409 1413/1413/1413
f 1414/1414/1414 1413/1413/1413 1409/1409/1409
f 1414/1414/1414 1409/1409/1409 1410/1410/1410
f 1413/1413/1413 1414/1414/1414 1415/1415/1415
f 1414/1414/1414 1410/1410/1410 1416/1416/1416
f 1416/1416/1416 1415/1415/1415 1414/1414/1414
f 1417/1417/1417 1416/1416/1416 1410/1410/1410
f 1415/1415/1415 1416/1416/1416 1418/1418/1418
f 1416/1416/1416 1417/1417/1417 1419/1419/1419
f 1419/1419/1419 1418/1418/1418 1416/1416/1416
f 1420/1420/1420 1419/1419/1419 1417/1417/1417
f 1418/1418/1418 1419/1419/1419 1421/1421/1421
f 1419/1419/1419 1420/1420/1420 1422/1422/1422
f 1422/1422/1422 1421/1421/1421 1419/1419/1419
f 1423/1423/1423 1422/1422/1422 1420/1420/1420
f 1424/1424/1424 1421/1421/1421 1422/1422/1422
f 1422/1422/1422 1423/1423/1423 1425/1425/1425
f 1422/1422/1422 1425/1425/1425 1424/1424/1424
f 1426/1426/1426 1425/1425/1425 1423/1423/1423
f 1425/1425/1425 1426/1426/1426 1427/1427/1427
f 1425/1425/1425 1427/1427/1427 1424/1424/1424
f 1428/1428/1428 1427/1427/1427 1426/1426/1426
f 1429/1429/1429 1424/1424/1424 1427/1427/1427
f 1430/1430/1430 1424/1424/1424 1429/1429/1429
f 1430/1430/1430 1429/1429/1429 1431/1431/1431
f 1432/1432/1432 1431/1431/1431 1429/1429/1429
f 1427/1427/1427 1428/1428/1428 1433/1433/1433
f 1427/1427/1427 1433/1433/1433 1429/1429/1429
f 1434/1434/1434 1433/1433/1433 1428/1428/1428
f 1433/1433/1433 1434/1434/1434 1435/1435/1435
f 1436/1436/1436 1435/1435/1435 1434/1434/1434
f 1436/1436/1436 1437/1437/1437 1435/1435/1435
f 1429/1429/1429 1438/1438/1438 1432/1432/1432
f 1438/1438/1438 1429/1429/1429 1433/1433/1433
f 1433/1433/1433 1435/1435/1435 1438/1438/1438
f 1439/1439/1439 1432/1432/1432 1438/1438/1438
f 1438/1438/1438 1440/1440/1440 1439/1439/1439
f 1440/1440/1440 1438/1438/1438 1435/1435/1435
f 1441/1441/1441 1439/1439/1439 1440/1440/1440
f 1441/1441/1441 1440/1440/1440 1442/1442/1442
f 1443/1443/1443 1442/1442/1442 1440/1440/1440
f 1440/1440/1440 1435/1435/1435 1443/1443/1443
f 1442/1442/1442 1443/1443/1443 1444/1444/1444
f 1445/1445/1445 1435/1435/1435 1437/1437/1437
f 1445/1445/1445 1443/1443/1443 1435/1435/1435
f 1437/1437/1437 1446/1446/1446 1445/1445/1445
f 1447/1447/1447 1444/1444/1444 1443/1443/1443
f 1443/1443/1443 1445/1445/1445 1447/1447/1447
f 1444/1444/1444 1447/1447/1447 1448/1448/1448
f 1449/1449/1449 1445/1445/1445 1446/1446/1446
f 1449/1449/1449 1447/1447/1447 1445/1445/1445
f 1446/1446/1446 1450/1450/1450 1449/1449/1449
f 1451/1451/1451 1448/1448/1448 1447/1447/1447
f 1447/1447/1447 1449/1449/1449 1451/1451/1451
f 1451/1451/1451 1452/1452/1452 1448/1448/1448
f 1453/1453/1453 1449/1449/1449 1450/1450/1450
f 1453/1453/1453 1450/1450/1450 1452/1452/1452
f 1453/1453/1453 1451/1451/1451 1449/1449/1449
f 1453/1453/1453 1452/1452/1452 1451/1451/1451
f 1456/1456/1456 1455/1455/1455 1454/1454/1454
f 1457/1457/1457 1454/1454/1454 1455/1455/1455
f 1455/1455/1455 1458/1458/1458 1457/1457/1457
f 1454/1454/1454 1457/1457/1457 1459/1459/1459
f 1460/1460/1460 1457/1457/1457 1458/1458/1458
f 1461/1461/1461 1460/1460/1460 1458/1458/1458
f 1462/1462/1462 1459/1459/1459 1457/1457/1457
f 1457/1457/1457 1460/1460/1460 1462/1462/1462
f 1459/1459/1459 1462/1462/1462 1463/1463/1463
f 1460/1460/1460 1461/1461/1461 1464/1464/1464
f 1464/1464/1464 1462/1462/1462 1460/1460/1460
f 1465/1465/1465 1464/1464/1464 1461/1461/1461
f 1466/1466/1466 1463/1463/1463 1462/1462/1462
f 1462/1462/1462 1464/1464/1464 1466/1466/1466
f 1463/1463/1463 1466/1466/1466 1467/1467/1467
f 1464/1464/1464 1465/1465/1465 1468/1468/1468
f 1468/1468/1468 1466/1466/1466 1464/1464/1464
f 1469/1469/1469 1468/1468/1468 1465/1465/1465
f 1470/1470/1470 1467/1467/1467 1466/1466/1466
f 1466/1466/1466 1468/1468/1468 1470/1470/1470
f 1467/1467/1467 1470/1470/1470 1471/1471/1471
f 1468/1468/1468 1469/1469/1469 1472/1472/1472
f 1472/1472/1472 1470/1470/1470 1468/1468/1468
f 1473/1473/1473 1472/1472/1472 1469/1469/1469
f 1474/1474/1474 1471/1471/1471 1470/1470/1470
f 1470/1470/1470 1472/1472/1472 1474/1474/1474
f 1472/1472/1472 1473/1473/1473 1475/1475/1475
f 1475/1475/1475 1474/1474/1474 1472/1472/1472
f 1476/1476/1476 1475/1475/1475 1473/1473/1473
f 1474/1474/1474 1477/1477/1477 1471/1471/1471
f 1474/1474/1474 1475/1475/1475 1477/1477/1477
f 1478/1478/1478 1471/1471/1471 1477/1477/1477
f 1475/1475/1475 1476/1476/1476 1479/1479/1479
f 1479/1479/1479 1477/1477/1477 1475/1475/1475
f 1480/1480/1480 1479/1479/1479 1476/1476/1476
f 1477/1477/1477 1481/1481/1481 1478/1478/1478
f 1477/1477/1477 1479/1479/1479 1481/1481/1481
f 1482/1482/1482 1478/1478/1478 1481/1481/1481
f 1479/1479/1479 1480/1480/1480 1483/1483/1483
f 1483/1483/1483 1481/1481/1481 1479/1479/1479
f 1484/1484/1484 1483/1483/1483 1480/1480/1480
f 1481/1481/1481 1485/1485/1485 1482/1482/1482
f 1481/1481/1481 1483/1483/1483 1485/1485/1485
f 1486/1486/1486 1482/1482/1482 1485/1485/1485
f 1486/1486/1486 1485/1485/1485 1487/1487/1487
f 1483/1483/1483 1484/1484/1484 1488/1488/1488
f 1488/1488/1488 1485/1485/1485 1483/1483/1483
f 1489/1489/1489 1488/1488/1488 1484/1484/1484
f 1490/1490/1490 1487/1487/1487 1485/1485/1485
f 1485/1485/1485 1488/1488/1488 1490/1490/1490
f 1488/1488/1488 1489/1489/1489 1491/1491/1491
f 1491/1491/1491 1490/1490/1490 1488/1488/1488
f 1492/1492/1492 1491/1491/1491 1489/1489/1489
f 1490/1490/1490 1493/1493/1493 1487/1487/1487
f 1490/1490/1490 1491/1491/1491 1493/1493/1493
f 1494/1494/1494 1487/1487/1487 1493/1493/1493
f 1491/1491/1491 1492/1492/1492 1495/1495/1495
f 1495/1495/1495 1493/1493/1493 1491/1491/1491
f 1496/1496/1496 1495/1495/1495 1492/1492/1492
f 1493/1493/1493 1497/1497/1497 1494/1494/1494
f 1493/1493/1493 1495/1495/1495 1497/1497/1497
f 1498/1498/1498 1494/1494/1494 1497/1497/1497
f 1495/1495/1495 1496/1496/1496 1499/1499/1499
f 1499/1499/1499 1497/1497/1497 1495/1495/1495
f 1500/1500/1500 1499/1499/1499 1496/1496/1496
f 1497/1497/1497 1501/1501/1501 1498/1498/1498
f 1497/1497/1497 1499/1499/1499 1501/1501/1501
f 1502/1502/1502 1498/1498/1498 1501/1501/1501
f 1502/1502/1502 1501/1501/1501 1503/1503/1503
f 1499/1499/1499 1500/1500/1500 1504/1504/1504
f 1504/1504/1504 1501/1501/1501 1499/1499/1499
f 1505/1505/1505 1504/1504/1504 1500/1500/1500
f 1501/1501/1501 1504/1504/1504 1506/1506/1506
f 1506/1506/1506 1503/1503/1503 1501/1501/1501
f 1507/1507/1507 1504/1504/1504 1505/1505/1505
f 1507/1507/1507 1506/1506/1506 1504/1504/1504
f 1508/1508/1508 1507/1507/1507 1505/1505/1505
f 1508/1508/1508 1509/1509/1509 1507/1507/1507
f 1510/1510/1510 1507/1507/1507 1509/1509/1509
f 1507/1507/1507 1510/1510/1510 1506/1506/1506
f 1509/1509/1509 1511/1511/1511 1510/1510/1510
f 1506/1506/1506 1512/1512/1512 1503/1503/1503
f 1512/1512/1512 1506/1506/1506 1510/1510/1510
f 1513/1513/1513 1510/1510/1510 1511/1511/1511
f 1510/1510/1510 1513/1513/1513 1512/1512/1512
f 1511/1511/1511 1514/1514/1514 1513/1513/1513
f 1515/1515/1515 1503/1503/1503 1512/1512/1512
f 1503/1503/1503 1515/1515/1515 1516/1516/1516
f 1517/1517/1517 1513/1513/1513 1514/1514/1514
f 1514/1514/1514 1518/1518/1518 1517/1517/1517
f 1519/1519/1519 1512/1512/1512 1513/1513/1513
f 1512/1512/1512 1519/1519/1519 1515/1515/1515
f 1513/1513/1513 1517/1517/1517 1519/1519/1519
f 1516/1516/1516 1515/1515/1515 1520/1520/1520
f 1521/1521/1521 1516/1516/1516 1520/1520/1520
f 1522/1522/1522 1515/1515/1515 1519/1519/1519
f 1522/1522/1522 1520/1520/1520 1515/1515/1515
f 1520/1520/1520 1523/1523/1523 1521/1521/1521
f 1520/1520/1520 1522/1522/1522 1523/1523/1523
f 1524/1524/1524 1521/1521/1521 1523/1523/1523
f 1519/1519/1519 1525/1525/1525 1522/1522/1522
f 1525/1525/1525 1519/1519/1519 1517/1517/1517
f 1526/1526/1526 1517/1517/1517 1518/1518/1518
f 1518/1518/1518 1527/1527/1527 1526/1526/1526
f 1528/1528/1528 1523/1523/1523 1522/1522/1522
f 1528/1528/1528 1522/1522/1522 1525/1525/1525
f 1523/1523/1523 1529/1529/1529 1524/1524/1524
f 1523/1523/1523 1528/1528/1528 1529/1529/1529
f 1530/1530/1530 1524/1524/1524 1529/1529/1529
f 1530/1530/1530 1529/1529/1529 1531/1531/1531
f 1525/1525/1525 1517/1517/1517 1532/1532/1532
f 1525/1525/1525 1532/1532/1532 1528/1528/1528
f 1526/1526/1526 1532/1532/1532 1517/1517/1517
f 1533/1533/1533 1531/1531/1531 1529/1529/1529
f 1531/1531/1531 1533/1533/1533 1534/1534/1534
f 1535/1535/1535 1529/1529/1529 1528/1528/1528
f 1535/1535/1535 1528/1528/1528 1532/1532/1532
f 1529/1529/1529 1535/1535/1535 1533/1533/1533
f 1536/1536/1536 1534/1534/1534 1533/1533/1533
f 1534/1534/1534 1536/1536/1536 1537/1537/1537
f 1538/1538/1538 1533/1533/1533 1535/1535/1535
f 1535/1535/1535 1532/1532/1532 1538/1538/1538
f 1533/1533/1533 1538/1538/1538 1536/1536/1536
f 1532/1532/1532 1526/1526/1526 1539/1539/1539
f 1539/1539/1539 1538/1538/1538 1532/1532/1532
f 1540/1540/1540 1537/1537/1537 1536/1536/1536
f 1537/1537/1537 1540/1540/1540 1541/1541/1541
f 1542/1542/1542 1536/1536/1536 1538/1538/1538
f 1538/1538/1538 1539/1539/1539 1542/1542/1542
f 1536/1536/1536 1542/1542/1542 1540/1540/1540
f 1543/1543/1543 1539/1539/1539 1526/1526/1526
f 1543/1543/1543 1526/1526/1526 1527/1527/1527
f 1544/1544/1544 1541/1541/1541 1540/1540/1540
f 1541/1541/1541 1544/1544/1544 1545/1545/1545
f 1546/1546/1546 1540/1540/1540 1542/1542/1542
f 1540/1540/1540 1546/1546/1546 1544/1544/1544
f 1547/1547/1547 1542/1542/1542 1539/1539/1539
f 1539/1539/1539 1543/1543/1543 1547/1547/1547
f 1542/1542/1542 1547/1547/1547 1546/1546/1546
f 1543/1543/1543 1527/1527/1527 1548/1548/1548
f 1548/1548/1548 1547/1547/1547 1543/1543/1543
f 1547/1547/1547 1548/1548/1548 1546/1546/1546
f 1549/1549/1549 1548/1548/1548 1527/1527/1527
f 1548/1548/1548 1549/1549/1549 1550/1550/1550
f 1550/1550/1550 1546/1546/1546 1548/1548/1548
f 1551/1551/1551 1550/1550/1550 1549/1549/1549
f 1552/1552/1552 1545/1545/1545 1544/1544/1544
f 1545/1545/1545 1552/1552/1552 1553/1553/1553
f 1554/1554/1554 1544/1544/1544 1546/1546/1546
f 1546/1546/1546 1550/1550/1550 1554/1554/1554
f 1544/1544/1544 1554/1554/1554 1552/1552/1552
f 1550/1550/1550 1551/1551/1551 1555/1555/1555
f 1555/1555/1555 1554/1554/1554 1550/1550/1550
f 1556/1556/1556 1555/1555/1555 1551/1551/1551
f 1556/1556/1556 1557/1557/1557 1555/1555/1555
f 1558/1558/1558 1553/1553/1553 1552/1552/1552
f 1558/1558/1558 1559/1559/1559 1553/1553/1553
f 1560/1560/1560 1552/1552/1552 1554/1554/1554
f 1554/1554/1554 1555/1555/1555 1560/1560/1560
f 1552/1552/1552 1560/1560/1560 1558/1558/1558
f 1561/1561/1561 1555/1555/1555 1557/1557/1557
f 1561/1561/1561 1560/1560/1560 1555/1555/1555
f 1557/1557/1557 1562/1562/1562 1561/1561/1561
f 1563/1563/1563 1559/1559/1559 1558/1558/1558
f 1563/1563/1563 1558/1558/1558 1560/1560/1560
f 1563/1563/1563 1560/1560/1560 1561/1561/1561
f 1563/1563/1563 1561/1561/1561 1562/1562/1562
f 1562/1562/1562 1559/1559/1559 1563/1563/1563
f 1566/1566/1566 1565/1565/1565 1564/1564/1564
f 1567/1567/1567 1564/1564/1564 1565/1565/1565
f 1567/1567/1567 1565/1565/1565 1568/1568/1568
f 1567/1567/1567 1569/1569/1569 1564/1564/1564
f 1567/1567/1567 1568/1568/1568 1569/1569/1569
f 1570/1570/1570 1564/1564/1564 1569/1569/1569
f 1570/1570/1570 1569/1569/1569 1571/1571/1571
f 1572/1572/1572 1569/1569/1569 1568/1568/1568
f 1568/1568/1568 1573/1573/1573 1572/1572/1572
f 1573/1573/1573 1574/1574/1574 1572/1572/1572
f 1575/1575/1575 1571/1571/1571 1569/1569/1569
f 1569/1569/1569 1572/1572/1572 1575/1575/1575
f 1571/1571/1571 1575/1575/1575 1576/1576/1576
f 1577/1577/1577 1572/1572/1572 1574/1574/1574
f 1577/1577/1577 1575/1575/1575 1572/1572/1572
f 1578/1578/1578 1576/1576/1576 1575/1575/1575
f 1575/1575/1575 1577/1577/1577 1578/1578/1578
f 1577/1577/1577 1574/1574/1574 1579/1579/1579
f 1579/1579/1579 1578/1578/1578 1577/1577/1577
f 1580/1580/1580 1579/1579/1579 1574/1574/1574
f 1578/1578/1578 1581/1581/1581 1576/1576/1576
f 1578/1578/1578 1579/1579/1579 1581/1581/1581
f 1582/1582/1582 1576/1576/1576 1581/1581/1581
f 1582/1582/1582 1581/1581/1581 1583/1583/1583
f 1579/1579/1579 1580/1580/1580 1584/1584/1584
f 1584/1584/1584 1581/1581/1581 1579/1579/1579
f 1585/1585/1585 1584/1584/1584 1580/1580/1580
f 1586/1586/1586 1583/1583/1583 1581/1581/1581
f 1581/1581/1581 1584/1584/1584 1586/1586/1586
f 1583/1583/1583 1586/1586/1586 1587/1587/1587
f 1584/1584/1584 1585/1585/1585 1588/1588/1588
f 1588/1588/1588 1586/1586/1586 1584/1584/1584
f 1589/1589/1589 1588/1588/1588 1585/1585/1585
f 1590/1590/1590 1587/1587/1587 1586/1586/1586
f 1586/1586/1586 1588/1588/1588 1590/1590/1590
f 1587/1587/1587 1590/1590/1590 1591/1591/1591
f 1588/1588/1588 1589/1589/1589 1592/1592/1592
f 1592/1592/1592 1590/1590/1590 1588/1588/1588
f 1593/1593/1593 1592/1592/1592 1589/1589/1589
f 1594/1594/1594 1591/1591/1591 1590/1590/1590
f 1590/1590/1590 1592/1592/1592 1594/1594/1594
f 1592/1592/1592 1593/1593/1593 1595/1595/1595
f 1595/1595/1595 1594/1594/1594 1592/1592/1592
f 1596/1596/1596 1595/1595/1595 1593/1593/1593
f 1596/1596/1596 1597/1597/1597 1595/1595/1595
f 1594/1594/1594 1598/1598/1598 1591/1591/1591
f 1594/1594/1594 1595/1595/1595 1598/1598/1598
f 1597/1597/1597 1598/1598/1598 1595/1595/1595
f 1599/1599/1599 1591/1591/1591 1598/1598/1598
f 1599/1599/1599 1598/1598/1598 1600/1600/1600
f 1598/1598/1598 1597/1597/1597 1601/1601/1601
f 1601/1601/1601 1600/1600/1600 1598/1598/1598
f 1602/1602/1602 1601/1601/1601 1597/1597/1597
f 1601/1601/1601 1603/1603/1603 1600/1600/1600
f 1602/1602/1602 1604/1604/1604 1601/1601/1601
f 1601/1601/1601 1604/1604/1604 1603/1603/1603
f 1602/1602/1602 1605/1605/1605 1604/1604/1604
f 1603/1603/1603 1604/1604/1604 1606/1606/1606
f 1604/1604/1604 1605/1605/1605 1607/1607/1607
f 1607/1607/1607 1606/1606/1606 1604/1604/1604
f 1608/1608/1608 1606/1606/1606 1607/1607/1607
f 1611/1611/1611 1610/1610/1610 1609/1609/1609
f 1610/1610/1610 1612/1612/1612 1609/1609/1609
f 1613/1613/1613 1609/1609/1609 1612/1612/1612
f 1612/1612/1612 1614/1614/1614 1613/1613/1613
f 1615/1615/1615 1613/1613/1613 1614/1614/1614
f 1614/1614/1614 1616/1616/1616 1615/1615/1615
f 1617/1617/1617 1615/1615/1615 1616/1616/1616
f 1616/1616/1616 1618/1618/1618 1617/1617/1617
f 1619/1619/1619 1617/1617/1617 1618/1618/1618
f 1619/1619/1619 1618/1618/1618 1620/1620/1620
f 1621/1621/1621 1620/1620/1620 1618/1618/1618
f 1620/1620/1620 1621/1621/1621 1622/1622/1622
f 1623/1623/1623 1622/1622/1622 1621/1621/1621
f 1622/1622/1622 1623/1623/1623 1624/1624/1624
f 1625/1625/1625 1624/1624/1624 1623/1623/1623
f 1625/1625/1625 1626/1626/1626 1624/1624/1624
f 1627/1627/1627 1624/1624/1624 1626/1626/1626
f 1626/1626/1626 1628/1628/1628 1627/1627/1627
f 1629/1629/1629 1627/1627/1627 1628/1628/1628
f 1628/1628/1628 1630/1630/1630 1629/1629/1629
f 1631/1631/1631 1629/1629/1629 1630/1630/1630
f 1634/1634/1634 1633/1633/1633 1632/1632/1632
f 1635/1635/1635 1632/1632/1632 1633/1633/1633
f 1633/1633/1633 1636/1636/1636 1635/1635/1635
f 1632/1632/1632 1635/1635/1635 1637/1637/1637
f 1638/1638/1638 1635/1635/1635 1636/1636/1636
f 1636/1636/1636 1639/1639/1639 1638/1638/1638
f 1640/1640/1640 1638/1638/1638 1639/1639/1639
f 1641/1641/1641 1637/1637/1637 1635/1635/1635
f 1635/1635/1635 1638/1638/1638 1641/1641/1641
f 1637/1637/1637 1641/1641/1641 1642/1642/1642
f 1638/1638/1638 1640/1640/1640 1643/1643/1643
f 1643/1643/1643 1641/1641/1641 1638/1638/1638
f 1644/1644/1644 1643/1643/1643 1640/1640/1640
f 1645/1645/1645 1642/1642/1642 1641/1641/1641
f 1641/1641/1641 1643/1643/1643 1645/1645/1645
f 1642/1642/1642 1645/1645/1645 1646/1646/1646
f 1643/1643/1643 1644/1644/1644 1647/1647/1647
f 1647/1647/1647 1645/1645/1645 1643/1643/1643
f 1648/1648/1648 1647/1647/1647 1644/1644/1644
f 1648/1648/1648 1649/1649/1649 1647/1647/1647
f 1650/1650/1650 1647/1647/1647 1649/1649/1649
f 1647/1647/1647 1650/1650/1650 1645/1645/1645
f 1649/1649/1649 1651/1651/1651 1650/1650/1650
f 1652/1652/1652 1646/1646/1646 1645/1645/1645
f 1652/1652/1652 1645/1645/1645 1650/1650/1650
f 1646/1646/1646 1652/1652/1652 1653/1653/1653
f 1654/1654/1654 1650/1650/1650 1651/1651/1651
f 1650/1650/1650 1654/1654/1654 1652/1652/1652
f 1651/1651/1651 1655/1655/1655 1654/1654/1654
f 1656/1656/1656 1653/1653/1653 1652/1652/1652
f 1656/1656/1656 1652/1652/1652 1654/1654/1654
f 1657/1657/1657 1654/1654/1654 1655/1655/1655
f 1654/1654/1654 1657/1657/1657 1656/1656/1656
f 1656/1656/1656 1658/1658/1658 1653/1653/1653
f 1658/1658/1658 1656/1656/1656 1657/1657/1657
f 1659/1659/1659 1653/1653/1653 1658/1658/1658
f 1658/1658/1658 1660/1660/1660 1659/1659/1659
f 1658/1658/1658 1657/1657/1657 1660/1660/1660
f 1661/1661/1661 1659/1659/1659 1660/1660/1660
f 1657/1657/1657 1655/1655/1655 1662/1662/1662
f 1662/1662/1662 1660/1660/1660 1657/1657/1657
f 1663/1663/1663 1662/1662/1662 1655/1655/1655
f 1660/1660/1660 1664/1664/1664 1661/1661/1661
f 1660/1660/1660 1662/1662/1662 1664/1664/1664
f 1665/1665/1665 1661/1661/1661 1664/1664/1664
f 1665/1665/1665 1664/1664/1664 1666/1666/1666
f 1662/1662/1662 1663/1663/1663 1667/1667/1667
f 1667/1667/1667 1664/1664/1664 1662/1662/1662
f 1668/1668/1668 1667/1667/1667 1663/1663/1663
f 1669/1669/1669 1666/1666/1666 1664/1664/1664
f 1664/1664/1664 1667/1667/1667 1669/1669/1669
f 1666/1666/1666 1669/1669/1669 1670/1670/1670
f 1667/1667/1667 1668/1668/1668 1671/1671/1671
f 1671/1671/1671 1669/1669/1669 1667/1667/1667
f 1672/1672/1672 1671/1671/1671 1668/1668/1668
f 1673/1673/1673 1670/1670/1670 1669/1669/1669
f 1669/1669/1669 1671/1671/1671 1673/1673/1673
f 1670/1670/1670 1673/1673/1673 1674/1674/1674
f 1671/1671/1671 1672/1672/1672 1675/1675/1675
f 1675/1675/1675 1673/1673/1673 1671/1671/1671
f 1675/1675/1675 1674/1674/1674 1673/1673/1673
f 1676/1676/1676 1675/1675/1675 1672/1672/1672
f 1675/1675/1675 1676/1676/1676 1674/1674/1674
f 1679/1679/1679 1678/1678/1678 1677/1677/1677
f 1680/1680/1680 1677/1677/1677 1678/1678/1678
f 1677/1677/1677 1680/1680/1680 1681/1681/1681
f 1680/1680/1680 1678/1678/1678 1682/1682/1682
f 1683/1683/1683 1682/1682/1682 1678/1678/1678
f 1684/1684/1684 1681/1681/1681 1680/1680/1680
f 1680/1680/1680 1682/1682/1682 1684/1684/1684
f 1681/1681/1681 1684/1684/1684 1685/1685/1685
f 1686/1686/1686 1685/1685/1685 1684/1684/1684
f 1685/1685/1685 1686/1686/1686 1687/1687/1687
f 1682/1682/1682 1683/1683/1683 1688/1688/1688
f 1689/1689/1689 1688/1688/1688 1683/1683/1683
f 1690/1690/1690 1684/1684/1684 1682/1682/1682
f 1684/1684/1684 1690/1690/1690 1686/1686/1686
f 1691/1691/1691 1687/1687/1687 1686/1686/1686
f 1687/1687/1687 1691/1691/1691 1692/1692/1692
f 1688/1688/1688 1689/1689/1689 1693/1693/1693
f 1694/1694/1694 1693/1693/1693 1689/1689/1689
f 1693/1693/1693 1695/1695/1695 1688/1688/1688
f 1688/1688/1688 1696/1696/1696 1682/1682/1682
f 1696/1696/1696 1688/1688/1688 1695/1695/1695
f 1690/1690/1690 1682/1682/1682 1696/1696/1696
f 1695/1695/1695 1697/1697/1697 1696/1696/1696
f 1698/1698/1698 1696/1696/1696 1697/1697/1697
f 1696/1696/1696 1698/1698/1698 1690/1690/1690
f 1697/1697/1697 1699/1699/1699 1698/1698/1698
f 1700/1700/1700 1686/1686/1686 1690/1690/1690
f 1700/1700/1700 1690/1690/1690 1698/1698/1698
f 1686/1686/1686 1700/1700/1700 1691/1691/1691
f 1701/1701/1701 1698/1698/1698 1699/1699/1699
f 1698/1698/1698 1701/1701/1701 1700/1700/1700
f 1699/1699/1699 1702/1702/1702 1701/1701/1701
f 1703/1703/1703 1691/1691/1691 1700/1700/1700
f 1703/1703/1703 1700/1700/1700 1701/1701/1701
f 1691/1691/1691 1703/1703/1703 1704/1704/1704
f 1704/1704/1704 1692/1692/1692 1691/1691/1691
f 1692/1692/1692 1704/1704/1704 1705/1705/1705
f 1703/1703/1703 1701/1701/1701 1706/1706/1706
f 1706/1706/1706 1704/1704/1704 1703/1703/1703
f 1707/1707/1707 1705/1705/1705 1704/1704/1704
f 1704/1704/1704 1706/1706/1706 1707/1707/1707
f 1705/1705/1705 1707/1707/1707 1708/1708/1708
f 1709/1709/1709 1701/1701/1701 1702/1702/1702
f 1709/1709/1709 1706/1706/1706 1701/1701/1701
f 1710/1710/1710 1708/1708/1708 1707/1707/1707
f 1708/1708/1708 1710/1710/1710 1711/1711/1711
f 1712/1712/1712 1707/1707/1707 1706/1706/1706
f 1706/1706/1706 1709/1709/1709 1712/1712/1712
f 1707/1707/1707 1712/1712/1712 1710/1710/1710
f 1709/1709/1709 1702/1702/1702 1713/1713/1713
f 1713/1713/1713 1712/1712/1712 1709/1709/1709
f 1714/1714/1714 1713/1713/1713 1702/1702/1702
f 1712/1712/1712 1713/1713/1713 1715/1715/1715
f 1715/1715/1715 1710/1710/1710 1712/1712/1712
f 1713/1713/1713 1714/1714/1714 1716/1716/1716
f 1716/1716/1716 1715/1715/1715 1713/1713/1713
f 1717/1717/1717 1716/1716/1716 1714/1714/1714
f 1718/1718/1718 1711/1711/1711 1710/1710/1710
f 1711/1711/1711 1718/1718/1718 1719/1719/1719
f 1715/1715/1715 1720/1720/1720 1710/1710/1710
f 1715/1715/1715 1716/1716/1716 1720/1720/1720
f 1718/1718/1718 1710/1710/1710 1720/1720/1720
f 1716/1716/1716 1717/1717/1717 1721/1721/1721
f 1721/1721/1721 1720/1720/1720 1716/1716/1716
f 1722/1722/1722 1721/1721/1721 1717/1717/1717
f 1723/1723/1723 1719/1719/1719 1718/1718/1718
f 1718/1718/1718 1720/1720/1720 1723/1723/1723
f 1719/1719/1719 1723/1723/1723 1724/1724/1724
f 1720/1720/1720 1721/1721/1721 1725/1725/1725
f 1725/1725/1725 1723/1723/1723 1720/1720/1720
f 1721/1721/1721 1722/1722/1722 1726/1726/1726
f 1726/1726/1726 1725/1725/1725 1721/1721/1721
f 1727/1727/1727 1726/1726/1726 1722/1722/1722
f 1727/1727/1727 1728/1728/1728 1726/1726/1726
f 1725/1725/1725 1729/1729/1729 1723/1723/1723
f 1725/1725/1725 1726/1726/1726 1729/1729/1729
f 1730/1730/1730 1726/1726/1726 1728/1728/1728
f 1730/1730/1730 1729/1729/1729 1726/1726/1726
f 1728/1728/1728 1731/1731/1731 1730/1730/1730
f 1732/1732/1732 1730/1730/1730 1731/1731/1731
f 1730/1730/1730 1732/1732/1732 1729/1729/1729
f 1732/1732/1732 1731/1731/1731 1733/1733/1733
f 1734/1734/1734 1724/1724/1724 1723/1723/1723
f 1734/1734/1734 1723/1723/1723 1729/1729/1729
f 1735/1735/1735 1729/1729/1729 1732/1732/1732
f 1732/1732/1732 1733/1733/1733 1735/1735/1735
f 1729/1729/1729 1735/1735/1735 1734/1734/1734
f 1734/1734/1734 1736/1736/1736 1724/1724/1724
f 1736/1736/1736 1734/1734/1734 1735/1735/1735
f 1735/1735/1735 1733/1733/1733 1736/1736/1736
f 1737/1737/1737 1724/1724/1724 1736/1736/1736
f 1737/1737/1737 1736/1736/1736 1733/1733/1733
f 1740/1740/1740 1739/1739/1739 1738/1738/1738
f 1740/1740/1740 1741/1741/1741 1739/1739/1739
f 1742/1742/1742 1739/1739/1739 1741/1741/1741
f 1742/1742/1742 1741/1741/1741 1743/1743/1743
f 1744/1744/1744 1743/1743/1743 1741/1741/1741
f 1743/1743/1743 1744/1744/1744 1745/1745/1745
f 1746/1746/1746 1745/1745/1745 1744/1744/1744
f 1745/1745/1745 1746/1746/1746 1747/1747/1747
f 1748/1748/1748 1747/1747/1747 1746/1746/1746
f 1747/1747/1747 1748/1748/1748 1749/1749/1749
f 1750/1750/1750 1749/1749/1749 1748/1748/1748
f 1749/1749/1749 1750/1750/1750 1751/1751/1751
f 1752/1752/1752 1751/1751/1751 1750/1750/1750
f 1752/1752/1752 1753/1753/1753 1751/1751/1751
f 1754/1754/1754 1751/1751/1751 1753/1753/1753
f 1753/1753/1753 1755/1755/1755 1754/1754/1754
f 1756/1756/1756 1754/1754/1754 1755/1755/1755
f 1755/1755/1755 1757/1757/1757 1756/1756/1756
f 1758/1758/1758 1756/1756/1756 1757/1757/1757
f 1757/1757/1757 1759/1759/1759 1758/1758/1758
f 1760/1760/1760 1758/1758/1758 1759/1759/1759
f 1763/1763/1763 1762/1762/1762 1761/1761/1761
f 1764/1764/1764 1761/1761/1761 1762/1762/1762
f 1764/1764/1764 1762/1762/1762 1765/1765/1765
f 1766/1766/1766 1765/1765/1765 1762/1762/1762
f 1764/1764/1764 1767/1767/1767 1761/1761/1761
f 1768/1768/1768 1761/1761/1761 1767/1767/1767
f 1767/1767/1767 1769/1769/1769 1768/1768/1768
f 1770/1770/1770 1768/1768/1768 1769/1769/1769
f 1769/1769/1769 1767/1767/1767 1771/1771/1771
f 1767/1767/1767 1764/1764/1764 1772/1772/1772
f 1772/1772/1772 1771/1771/1771 1767/1767/1767
f 1765/1765/1765 1772/1772/1772 1764/1764/1764
f 1771/1771/1771 1772/1772/1772 1773/1773/1773
f 1774/1774/1774 1773/1773/1773 1772/1772/1772
f 1772/1772/1772 1765/1765/1765 1774/1774/1774
f 1773/1773/1773 1774/1774/1774 1775/1775/1775
f 1765/1765/1765 1766/1766/1766 1776/1776/1776
f 1776/1776/1776 1774/1774/1774 1765/1765/1765
f 1777/1777/1777 1776/1776/1776 1766/1766/1766
f 1778/1778/1778 1775/1775/1775 1774/1774/1774
f 1774/1774/1774 1776/1776/1776 1778/1778/1778
f 1775/1775/1775 1778/1778/1778 1779/1779/1779
f 1776/1776/1776 1777/1777/1777 1780/1780/1780
f 1780/1780/1780 1778/1778/1778 1776/1776/1776
f 1781/1781/1781 1780/1780/1780 1777/1777/1777
f 1781/1781/1781 1782/1782/1782 1780/1780/1780
f 1783/1783/1783 1780/1780/1780 1782/1782/1782
f 1780/1780/1780 1783/1783/1783 1778/1778/1778
f 1782/1782/1782 1784/1784/1784 1783/1783/1783
f 1785/1785/1785 1779/1779/1779 1778/1778/1778
f 1785/1785/1785 1778/1778/1778 1783/1783/1783
f 1779/1779/1779 1785/1785/1785 1786/1786/1786
f 1787/1787/1787 1783/1783/1783 1784/1784/1784
f 1783/1783/1783 1787/1787/1787 1785/1785/1785
f 1784/1784/1784 1788/1788/1788 1787/1787/1787
f 1789/1789/1789 1786/1786/1786 1785/1785/1785
f 1789/1789/1789 1785/1785/1785 1787/1787/1787
f 1786/1786/1786 1789/1789/1789 1790/1790/1790
f 1791/1791/1791 1790/1790/1790 1789/1789/1789
f 1789/1789/1789 1787/1787/1787 1791/1791/1791
f 1790/1790/1790 1791/1791/1791 1792/1792/1792
f 1793/1793/1793 1787/1787/1787 1788/1788/1788
f 1793/1793/1793 1791/1791/1791 1787/1787/1787
f 1788/1788/1788 1794/1794/1794 1793/1793/1793
f 1795/1795/1795 1793/1793/1793 1794/1794/1794
f 1793/1793/1793 1795/1795/1795 1791/1791/1791
f 1794/1794/1794 1796/1796/1796 1795/1795/1795
f 1797/1797/1797 1792/1792/1792 1791/1791/1791
f 1797/1797/1797 1791/1791/1791 1795/1795/1795
f 1792/1792/1792 1797/1797/1797 1798/1798/1798
f 1799/1799/1799 1798/1798/1798 1797/1797/1797
f 1797/1797/1797 1795/1795/1795 1799/1799/1799
f 1798/1798/1798 1799/1799/1799 1800/1800/1800
f 1801/1801/1801 1795/1795/1795 1796/1796/1796
f 1801/1801/1801 1799/1799/1799 1795/1795/1795
f 1796/1796/1796 1802/1802/1802 1801/1801/1801
f 1803/1803/1803 1800/1800/1800 1799/1799/1799
f 1799/1799/1799 1801/1801/1801 1803/1803/1803
f 1804/1804/1804 1800/1800/1800 1803/1803/1803
f 1802/1802/1802 1804/1804/1804 1805/1805/1805
f 1805/1805/1805 1801/1801/1801 1802/1802/1802
f 1805/1805/1805 1803/1803/1803 1801/1801/1801
f 1803/1803/1803 1805/1805/1805 1804/1804/1804
f 1808/1808/1808 1807/1807/1807 1806/1806/1806
f 1809/1809/1809 1806/1806/1806 1807/1807/1807
f 1807/1807/1807 1810/1810/1810 1809/1809/1809
f 1809/1809/1809 1811/1811/1811 1806/1806/1806
f 1812/1812/1812 1806/1806/1806 1811/1811/1811
f 1811/1811/1811 1809/1809/1809 1813/1813/1813
f 1814/1814/1814 1813/1813/1813 1809/1809/1809
f 1814/1814/1814 1809/1809/1809 1810/1810/1810
f 1813/1813/1813 1814/1814/1814 1815/1815/1815
f 1814/1814/1814 1810/1810/1810 1816/1816/1816
f 1816/1816/1816 1815/1815/1815 1814/1814/1814
f 1817/1817/1817 1816/1816/1816 1810/1810/1810
f 1815/1815/1815 1816/1816/1816 1818/1818/1818
f 1816/1816/1816 1817/1817/1817 1819/1819/1819
f 1819/1819/1819 1818/1818/1818 1816/1816/1816
f 1820/1820/1820 1819/1819/1819 1817/1817/1817
f 1820/1820/1820 1821/1821/1821 1819/1819/1819
f 1819/1819/1819 1822/1822/1822 1818/1818/1818
f 1822/1822/1822 1819/1819/1819 1821/1821/1821
f 1823/1823/1823 1818/1818/1818 1822/1822/1822
f 1821/1821/1821 1824/1824/1824 1822/1822/1822
f 1825/1825/1825 1824/1824/1824 1821/1821/1821
f 1824/1824/1824 1825/1825/1825 1826/1826/1826
f 1827/1827/1827 1826/1826/1826 1825/1825/1825
f 1827/1827/1827 1828/1828/1828 1826/1826/1826
f 1822/1822/1822 1829/1829/1829 1823/1823/1823
f 1829/1829/1829 1822/1822/1822 1824/1824/1824
f 1824/1824/1824 1826/1826/1826 1829/1829/1829
f 1830/1830/1830 1823/1823/1823 1829/1829/1829
f 1829/1829/1829 1831/1831/1831 1830/1830/1830
f 1831/1831/1831 1829/1829/1829 1826/1826/1826
f 1832/1832/1832 1830/1830/1830 1831/1831/1831
f 1832/1832/1832 1831/1831/1831 1833/1833/1833
f 1831/1831/1831 1826/1826/1826 1834/1834/1834
f 1834/1834/1834 1833/1833/1833 1831/1831/1831
f 1835/1835/1835 1826/1826/1826 1828/1828/1828
f 1835/1835/1835 1834/1834/1834 1826/1826/1826
f 1834/1834/1834 1836/1836/1836 1833/1833/1833
f 1834/1834/1834 1835/1835/1835 1836/1836/1836
f 1837/1837/1837 1833/1833/1833 1836/1836/1836
f 1837/1837/1837 1836/1836/1836 1838/1838/1838
f 1835/1835/1835 1828/1828/1828 1839/1839/1839
f 1839/1839/1839 1836/1836/1836 1835/1835/1835
f 1839/1839/1839 1838/1838/1838 1836/1836/1836
f 1840/1840/1840 1839/1839/1839 1828/1828/1828
f 1839/1839/1839 1840/1840/1840 1838/1838/1838
f 1843/1843/1843 1842/1842/1842 1841/1841/1841
f 1844/1844/1844 1841/1841/1841 1842/1842/1842
f 1841/1841/1841 1844/1844/1844 1845/1845/1845
f 1846/1846/1846 1845/1845/1845 1844/1844/1844
f 1842/1842/1842 1847/1847/1847 1844/1844/1844
f 1846/1846/1846 1844/1844/1844 1848/1848/1848
f 1849/1849/1849 1844/1844/1844 1847/1847/1847
f 1849/1849/1849 1848/1848/1848 1844/1844/1844
f 1847/1847/1847 1850/1850/1850 1849/1849/1849
f 1849/1849/1849 1851/1851/1851 1848/1848/1848
f 1851/1851/1851 1849/1849/1849 1850/1850/1850
f 1852/1852/1852 1848/1848/1848 1851/1851/1851
f 1850/1850/1850 1853/1853/1853 1851/1851/1851
f 1851/1851/1851 1854/1854/1854 1852/1852/1852
f 1854/1854/1854 1851/1851/1851 1853/1853/1853
f 1855/1855/1855 1852/1852/1852 1854/1854/1854
f 1854/1854/1854 1853/1853/1853 1856/1856/1856
f 1854/1854/1854 1856/1856/1856 1855/1855/1855
f 1857/1857/1857 1856/1856/1856 1853/1853/1853
f 1858/1858/1858 1855/1855/1855 1856/1856/1856
f 1856/1856/1856 1857/1857/1857 1859/1859/1859
f 1856/1856/1856 1859/1859/1859 1858/1858/1858
f 1860/1860/1860 1859/1859/1859 1857/1857/1857
f 1861/1861/1861 1858/1858/1858 1859/1859/1859
f 1859/1859/1859 1860/1860/1860 1862/1862/1862
f 1859/1859/1859 1862/1862/1862 1861/1861/1861
f 1863/1863/1863 1862/1862/1862 1860/1860/1860
f 1864/1864/1864 1861/1861/1861 1862/1862/1862
f 1862/1862/1862 1863/1863/1863 1865/1865/1865
f 1862/1862/1862 1865/1865/1865 1864/1864/1864
f 1866/1866/1866 1865/1865/1865 1863/1863/1863
f 1867/1867/1867 1864/1864/1864 1865/1865/1865
f 1865/1865/1865 1866/1866/1866 1868/1868/1868
f 1865/1865/1865 1868/1868/1868 1867/1867/1867
f 1869/1869/1869 1867/1867/1867 1868/1868/1868
f 1870/1870/1870 1868/1868/1868 1866/1866/1866
f 1869/1869/1869 1868/1868/1868 1871/1871/1871
f 1868/1868/1868 1870/1870/1870 1872/1872/1872
f 1872/1872/1872 1871/1871/1871 1868/1868/1868
f 1873/1873/1873 1872/1872/1872 1870/1870/1870
f 1871/1871/1871 1872/1872/1872 1874/1874/1874
f 1872/1872/1872 1873/1873/1873 1875/1875/1875
f 1875/1875/1875 1874/1874/1874 1872/1872/1872
f 1876/1876/1876 1875/1875/1875 1873/1873/1873
f 1874/1874/1874 1875/1875/1875 1877/1877/1877
f 1875/1875/1875 1876/1876/1876 1878/1878/1878
f 1878/1878/1878 1877/1877/1877 1875/1875/1875
f 1879/1879/1879 1878/1878/1878 1876/1876/1876
f 1877/1877/1877 1878/1878/1878 1880/1880/1880
f 1878/1878/1878 1879/1879/1879 1880/1880/1880
f 1883/1883/1883 1882/1882/1882 1881/1881/1881
f 1884/1884/1884 1881/1881/1881 1882/1882/1882
f 1882/1882/1882 1885/1885/1885 1884/1884/1884
f 1886/1886/1886 1884/1884/1884 1885/1885/1885
f 1881/1881/1881 1884/1884/1884 1887/1887/1887
f 1886/1886/1886 1888/1888/1888 1884/1884/1884
f 1889/1889/1889 1887/1887/1887 1884/1884/1884
f 1889/1889/1889 1884/1884/1884 1888/1888/1888
f 1887/1887/1887 1889/1889/1889 1890/1890/1890
f 1889/1889/1889 1888/1888/1888 1891/1891/1891
f 1891/1891/1891 1890/1890/1890 1889/1889/1889
f 1892/1892/1892 1891/1891/1891 1888/1888/1888
f 1890/1890/1890 1891/1891/1891 1893/1893/1893
f 1891/1891/1891 1892/1892/1892 1894/1894/1894
f 1894/1894/1894 1893/1893/1893 1891/1891/1891
f 1895/1895/1895 1894/1894/1894 1892/1892/1892
f 1894/1894/1894 1896/1896/1896 1893/1893/1893
f 1894/1894/1894 1895/1895/1895 1896/1896/1896
f 1897/1897/1897 1893/1893/1893 1896/1896/1896
f 1898/1898/1898 1896/1896/1896 1895/1895/1895
f 1896/1896/1896 1899/1899/1899 1897/1897/1897
f 1896/1896/1896 1898/1898/1898 1899/1899/1899
f 1900/1900/1900 1897/1897/1897 1899/1899/1899
f 1901/1901/1901 1899/1899/1899 1898/1898/1898
f 1899/1899/1899 1902/1902/1902 1900/1900/1900
f 1899/1899/1899 1901/1901/1901 1902/1902/1902
f 1903/1903/1903 1900/1900/1900 1902/1902/1902
f 1904/1904/1904 1902/1902/1902 1901/1901/1901
f 1902/1902/1902 1905/1905/1905 1903/1903/1903
f 1902/1902/1902 1904/1904/1904 1905/1905/1905
f 1906/1906/1906 1903/1903/1903 1905/1905/1905
f 1907/1907/1907 1905/1905/1905 1904/1904/1904
f 1905/1905/1905 1908/1908/1908 1906/1906/1906
f 1905/1905/1905 1907/1907/1907 1908/1908/1908
f 1909/1909/1909 1908/1908/1908 1907/1907/1907
f 1910/1910/1910 1906/1906/1906 1908/1908/1908
f 1909/1909/1909 1911/1911/1911 1908/1908/1908
f 1908/1908/1908 1912/1912/1912 1910/1910/1910
f 1912/1912/1912 1908/1908/1908 1911/1911/1911
f 1913/1913/1913 1910/1910/1910 1912/1912/1912
f 1911/1911/1911 1914/1914/1914 1912/1912/1912
f 1912/1912/1912 1915/1915/1915 1913/1913/1913
f 1915/1915/1915 1912/1912/1912 1914/1914/1914
f 1916/1916/1916 1913/1913/1913 1915/1915/1915
f 1914/1914/1914 1917/1917/1917 1915/1915/1915
f 1915/1915/1915 1918/1918/1918 1916/1916/1916
f 1918/1918/1918 1915/1915/1915 1917/1917/1917
f 1919/1919/1919 1916/1916/1916 1918/1918/1918
f 1918/1918/1918 1917/1917/1917 1920/1920/1920
f 1919/1919/1919 1918/1918/1918 1920/1920/1920
f 1923/1923/1923 1922/1922/1922 1921/1921/1921
f 1924/1924/1924 1921/1921/1921 1922/1922/1922
f 1921/1921/1921 1924/1924/1924 1925/1925/1925
f 1922/1922/1922 1926/1926/1926 1924/1924/1924
f 1927/1927/1927 1925/1925/1925 1924/1924/1924
f 1928/1928/1928 1924/1924/1924 1926/1926/1926
f 1924/1924/1924 1928/1928/1928 1927/1927/1927
f 1926/1926/1926 1929/1929/1929 1928/1928/1928
f 1930/1930/1930 1927/1927/1927 1928/1928/1928
f 1927/1927/1927 1930/1930/1930 1931/1931/1931
f 1930/1930/1930 1932/1932/1932 1931/1931/1931
f 1933/1933/1933 1928/1928/1928 1929/1929/1929
f 1928/1928/1928 1933/1933/1933 1930/1930/1930
f 1929/1929/1929 1934/1934/1934 1933/1933/1933
f 1935/1935/1935 1933/1933/1933 1934/1934/1934
f 1935/1935/1935 1936/1936/1936 1933/1933/1933
f 1937/1937/1937 1933/1933/1933 1936/1936/1936
f 1937/1937/1937 1930/1930/1930 1933/1933/1933
f 1936/1936/1936 1938/1938/1938 1937/1937/1937
f 1932/1932/1932 1930/1930/1930 1939/1939/1939
f 1937/1937/1937 1939/1939/1939 1930/1930/1930
f 1939/1939/1939 1937/1937/1937 1938/1938/1938
f 1939/1939/1939 1940/1940/1940 1932/1932/1932
f 1938/1938/1938 1940/1940/1940 1939/1939/1939
f 1943/1943/1943 1942/1942/1942 1941/1941/1941
f 1944/1944/1944 1941/1941/1941 1942/1942/1942
f 1942/1942/1942 1945/1945/1945 1944/1944/1944
f 1946/1946/1946 1944/1944/1944 1945/1945/1945
f 1941/1941/1941 1944/1944/1944 1947/1947/1947
f 1944/1944/1944 1946/1946/1946 1948/1948/1948
f 1948/1948/1948 1947/1947/1947 1944/1944/1944
f 1949/1949/1949 1948/1948/1948 1946/1946/1946
f 1948/1948/1948 1950/1950/1950 1947/1947/1947
f 1948/1948/1948 1949/1949/1949 1950/1950/1950
f 1951/1951/1951 1947/1947/1947 1950/1950/1950
f 1952/1952/1952 1950/1950/1950 1949/1949/1949
f 1951/1951/1951 1950/1950/1950 1953/1953/1953
f 1950/1950/1950 1952/1952/1952 1954/1954/1954
f 1954/1954/1954 1953/1953/1953 1950/1950/1950
f 1955/1955/1955 1954/1954/1954 1952/1952/1952
f 1953/1953/1953 1954/1954/1954 1956/1956/1956
f 1954/1954/1954 1955/1955/1955 1957/1957/1957
f 1957/1957/1957 1956/1956/1956 1954/1954/1954
f 1958/1958/1958 1957/1957/1957 1955/1955/1955
f 1956/1956/1956 1957/1957/1957 1959/1959/1959
f 1957/1957/1957 1958/1958/1958 1960/1960/1960
f 1960/1960/1960 1959/1959/1959 1957/1957/1957
f 1961/1961/1961 1960/1960/1960 1958/1958/1958
f 1959/1959/1959 1960/1960/1960 1962/1962/1962
f 1960/1960/1960 1961/1961/1961 1963/1963/1963
f 1963/1963/1963 1962/1962/1962 1960/1960/1960
f 1964/1964/1964 1963/1963/1963 1961/1961/1961
f 1962/1962/1962 1963/1963/1963 1965/1965/1965
f 1963/1963/1963 1964/1964/1964 1966/1966/1966
f 1966/1966/1966 1965/1965/1965 1963/1963/1963
f 1967/1967/1967 1966/1966/1966 1964/1964/1964
f 1967/1967/1967 1968/1968/1968 1966/1966/1966
f 1966/1966/1966 1969/1969/1969 1965/1965/1965
f 1969/1969/1969 1966/1966/1966 1968/1968/1968
f 1970/1970/1970 1965/1965/1965 1969/1969/1969
f 1968/1968/1968 1971/1971/1971 1969/1969/1969
f 1970/1970/1970 1969/1969/1969 1972/1972/1972
f 1973/1973/1973 1969/1969/1969 1971/1971/1971
f 1973/1973/1973 1972/1972/1972 1969/1969/1969
f 1971/1971/1971 1974/1974/1974 1973/1973/1973
f 1972/1972/1972 1973/1973/1973 1975/1975/1975
f 1976/1976/1976 1973/1973/1973 1974/1974/1974
f 1976/1976/1976 1975/1975/1975 1973/1973/1973
f 1974/1974/1974 1977/1977/1977 1976/1976/1976
f 1975/1975/1975 1976/1976/1976 1978/1978/1978
f 1979/1979/1979 1976/1976/1976 1977/1977/1977
f 1979/1979/1979 1978/1978/1978 1976/1976/1976
f 1979/1979/1979 1977/1977/1977 1980/1980/1980
f 1978/1978/1978 1979/1979/1979 1980/1980/1980
f 1983/1983/1983 1982/1982/1982 1981/1981/1981
f 1984/1984/1984 1981/1981/1981 1982/1982/1982
f 1982/1982/1982 1985/1985/1985 1984/1984/1984
f 1984/1984/1984 1986/1986/1986 1981/1981/1981
f 1987/1987/1987 1981/1981/1981 1986/1986/1986
f 1987/1987/1987 1986/1986/1986 1988/1988/1988
f 1989/1989/1989 1988/1988/1988 1986/1986/1986
f 1990/1990/1990 1984/1984/1984 1985/1985/1985
f 1984/1984/1984 1990/1990/1990 1986/1986/1986
f 1985/1985/1985 1991/1991/1991 1990/1990/1990
f 1986/1986/1986 1992/1992/1992 1989/1989/1989
f 1992/1992/1992 1986/1986/1986 1990/1990/1990
f 1993/1993/1993 1989/1989/1989 1992/1992/1992
f 1994/1994/1994 1990/1990/1990 1991/1991/1991
f 1990/1990/1990 1994/1994/1994 1992/1992/1992
f 1991/1991/1991 1995/1995/1995 1994/1994/1994
f 1992/1992/1992 1996/1996/1996 1993/1993/1993
f 1996/1996/1996 1992/1992/1992 1994/1994/1994
f 1997/1997/1997 1993/1993/1993 1996/1996/1996
f 1998/1998/1998 1994/1994/1994 1995/1995/1995
f 1994/1994/1994 1998/1998/1998 1996/1996/1996
f 1996/1996/1996 1999/1999/1999 1997/1997/1997
f 1999/1999/1999 1996/1996/1996 1998/1998/1998
f 2000/2000/2000 1997/1997/1997 1999/1999/1999
f 1999/1999/1999 2001/2001/2001 2000/2000/2000
f 1999/1999/1999 1998/1998/1998 2001/2001/2001
f 2002/2002/2002 2000/2000/2000 2001/2001/2001
f 2002/2002/2002 2001/2001/2001 2003/2003/2003
f 1998/1998/1998 1995/1995/1995 2004/2004/2004
f 2004/2004/2004 2001/2001/2001 1998/1998/1998
f 2005/2005/2005 2004/2004/2004 1995/1995/1995
f 2006/2006/2006 2003/2003/2003 2001/2001/2001
f 2001/2001/2001 2004/2004/2004 2006/2006/2006
f 2003/2003/2003 2006/2006/2006 2007/2007/2007
f 2004/2004/2004 2005/2005/2005 2008/2008/2008
f 2008/2008/2008 2006/2006/2006 2004/2004/2004
f 2009/2009/2009 2008/2008/2008 2005/2005/2005
f 2010/2010/2010 2007/2007/2007 2006/2006/2006
f 2006/2006/2006 2008/2008/2008 2010/2010/2010
f 2007/2007/2007 2010/2010/2010 2011/2011/2011
f 2008/2008/2008 2009/2009/2009 2012/2012/2012
f 2012/2012/2012 2010/2010/2010 2008/2008/2008
f 2013/2013/2013 2012/2012/2012 2009/2009/2009
f 2014/2014/2014 2011/2011/2011 2010/2010/2010
f 2010/2010/2010 2012/2012/2012 2014/2014/2014
f 2012/2012/2012 2013/2013/2013 2015/2015/2015
f 2015/2015/2015 2014/2014/2014 2012/2012/2012
f 2016/2016/2016 2015/2015/2015 2013/2013/2013
f 2011/2011/2011 2014/2014/2014 2017/2017/2017
f 2011/2011/2011 2017/2017/2017 2018/2018/2018
f 2019/2019/2019 2018/2018/2018 2017/2017/2017
f 2015/2015/2015 2016/2016/2016 2020/2020/2020
f 2021/2021/2021 2020/2020/2020 2016/2016/2016
f 2014/2014/2014 2015/2015/2015 2022/2022/2022
f 2022/2022/2022 2017/2017/2017 2014/2014/2014
f 2020/2020/2020 2022/2022/2022 2015/2015/2015
f 2017/2017/2017 2023/2023/2023 2019/2019/2019
f 2017/2017/2017 2022/2022/2022 2023/2023/2023
f 2024/2024/2024 2019/2019/2019 2023/2023/2023
f 2020/2020/2020 2021/2021/2021 2025/2025/2025
f 2026/2026/2026 2025/2025/2025 2021/2021/2021
f 2026/2026/2026 2027/2027/2027 2025/2025/2025
f 2022/2022/2022 2020/2020/2020 2028/2028/2028
f 2028/2028/2028 2023/2023/2023 2022/2022/2022
f 2025/2025/2025 2028/2028/2028 2020/2020/2020
f 2023/2023/2023 2029/2029/2029 2024/2024/2024
f 2023/2023/2023 2028/2028/2028 2029/2029/2029
f 2030/2030/2030 2024/2024/2024 2029/2029/2029
f 2031/2031/2031 2025/2025/2025 2027/2027/2027
f 2028/2028/2028 2025/2025/2025 2031/2031/2031
f 2031/2031/2031 2029/2029/2029 2028/2028/2028
f 2027/2027/2027 2032/2032/2032 2031/2031/2031
f 2033/2033/2033 2031/2031/2031 2032/2032/2032
f 2031/2031/2031 2033/2033/2033 2029/2029/2029
f 2034/2034/2034 2033/2033/2033 2032/2032/2032
f 2029/2029/2029 2035/2035/2035 2030/2030/2030
f 2035/2035/2035 2029/2029/2029 2033/2033/2033
f 2034/2034/2034 2035/2035/2035 2033/2033/2033
f 2036/2036/2036 2030/2030/2030 2035/2035/2035
f 2034/2034/2034 2036/2036/2036 2035/2035/2035
f 2039/2039/2039 2038/2038/2038 2037/2037/2037
f 2040/2040/2040 2037/2037/2037 2038/2038/2038
f 2037/2037/2037 2040/2040/2040 2041/2041/2041
f 2042/2042/2042 2041/2041/2041 2040/2040/2040
f 2038/2038/2038 2043/2043/2043 2040/2040/2040
f 2042/2042/2042 2040/2040/2040 2044/2044/2044
f 2045/2045/2045 2040/2040/2040 2043/2043/2043
f 2045/2045/2045 2044/2044/2044 2040/2040/2040
f 2043/2043/2043 2046/2046/2046 2045/2045/2045
f 2045/2045/2045 2047/2047/2047 2044/2044/2044
f 2047/2047/2047 2045/2045/2045 2046/2046/2046
f 2048/2048/2048 2044/2044/2044 2047/2047/2047
f 2046/2046/2046 2049/2049/2049 2047/2047/2047
f 2047/2047/2047 2050/2050/2050 2048/2048/2048
f 2050/2050/2050 2047/2047/2047 2049/2049/2049
f 2051/2051/2051 2048/2048/2048 2050/2050/2050
f 2049/2049/2049 2052/2052/2052 2050/2050/2050
f 2051/2051/2051 2050/2050/2050 2053/2053/2053
f 2054/2054/2054 2050/2050/2050 2052/2052/2052
f 2054/2054/2054 2053/2053/2053 2050/2050/2050
f 2052/2052/2052 2055/2055/2055 2054/2054/2054
f 2053/2053/2053 2054/2054/2054 2056/2056/2056
f 2057/2057/2057 2054/2054/2054 2055/2055/2055
f 2057/2057/2057 2056/2056/2056 2054/2054/2054
f 2057/2057/2057 2055/2055/2055 2058/2058/2058
f 2057/2057/2057 2058/2058/2058 2056/2056/2056
f 2059/2059/2059 2058/2058/2058 2055/2055/2055
f 2060/2060/2060 2056/2056/2056 2058/2058/2058
f 2058/2058/2058 2059/2059/2059 2061/2061/2061
f 2058/2058/2058 2061/2061/2061 2060/2060/2060
f 2062/2062/2062 2060/2060/2060 2061/2061/2061
f 2063/2063/2063 2061/2061/2061 2059/2059/2059
f 2064/2064/2064 2062/2062/2062 2061/2061/2061
f 2061/2061/2061 2063/2063/2063 2065/2065/2065
f 2061/2061/2061 2065/2065/2065 2064/2064/2064
f 2066/2066/2066 2065/2065/2065 2063/2063/2063
f 2067/2067/2067 2064/2064/2064 2065/2065/2065
f 2068/2068/2068 2064/2064/2064 2067/2067/2067
f 2067/2067/2067 2069/2069/2069 2068/2068/2068
f 2067/2067/2067 2065/2065/2065 2069/2069/2069
f 2070/2070/2070 2068/2068/2068 2069/2069/2069
f 2070/2070/2070 2069/2069/2069 2071/2071/2071
f 2072/2072/2072 2069/2069/2069 2065/2065/2065
f 2065/2065/2065 2066/2066/2066 2072/2072/2072
f 2073/2073/2073 2071/2071/2071 2069/2069/2069
f 2069/2069/2069 2072/2072/2072 2073/2073/2073
f 2071/2071/2071 2073/2073/2073 2074/2074/2074
f 2066/2066/2066 2075/2075/2075 2072/2072/2072
f 2075/2075/2075 2066/2066/2066 2076/2076/2076
f 2077/2077/2077 2076/2076/2076 2066/2066/2066
f 2078/2078/2078 2072/2072/2072 2075/2075/2075
f 2072/2072/2072 2078/2078/2078 2079/2079/2079
f 2079/2079/2079 2073/2073/2073 2072/2072/2072
f 2080/2080/2080 2079/2079/2079 2078/2078/2078
f 2081/2081/2081 2074/2074/2074 2073/2073/2073
f 2073/2073/2073 2079/2079/2079 2081/2081/2081
f 2079/2079/2079 2080/2080/2080 2082/2082/2082
f 2082/2082/2082 2081/2081/2081 2079/2079/2079
f 2083/2083/2083 2082/2082/2082 2080/2080/2080
f 2081/2081/2081 2084/2084/2084 2074/2074/2074
f 2081/2081/2081 2082/2082/2082 2084/2084/2084
f 2085/2085/2085 2074/2074/2074 2084/2084/2084
f 2085/2085/2085 2084/2084/2084 2086/2086/2086
f 2082/2082/2082 2083/2083/2083 2087/2087/2087
f 2087/2087/2087 2084/2084/2084 2082/2082/2082
f 2088/2088/2088 2087/2087/2087 2083/2083/2083
f 2089/2089/2089 2086/2086/2086 2084/2084/2084
f 2084/2084/2084 2087/2087/2087 2089/2089/2089
f 2086/2086/2086 2089/2089/2089 2090/2090/2090
f 2087/2087/2087 2088/2088/2088 2091/2091/2091
f 2091/2091/2091 2089/2089/2089 2087/2087/2087
f 2092/2092/2092 2091/2091/2091 2088/2088/2088
f 2093/2093/2093 2090/2090/2090 2089/2089/2089
f 2089/2089/2089 2091/2091/2091 2093/2093/2093
f 2094/2094/2094 2090/2090/2090 2093/2093/2093
f 2091/2091/2091 2092/2092/2092 2095/2095/2095
f 2095/2095/2095 2093/2093/2093 2091/2091/2091
f 2093/2093/2093 2095/2095/2095 2094/2094/2094
f 2096/2096/2096 2095/2095/2095 2092/2092/2092
f 2095/2095/2095 2096/2096/2096 2094/2094/2094
f 2099/2099/2099 2098/2098/2098 2097/2097/2097
f 2100/2100/2100 2097/2097/2097 2098/2098/2098
f 2098/2098/2098 2101/2101/2101 2100/2100/2100
f 2097/2097/2097 2100/2100/2100 2102/2102/2102
f 2103/2103/2103 2100/2100/2100 2101/2101/2101
f 2101/2101/2101 2104/2104/2104 2103/2103/2103
f 2105/2105/2105 2102/2102/2102 2100/2100/2100
f 2100/2100/2100 2103/2103/2103 2105/2105/2105
f 2105/2105/2105 2106/2106/2106 2102/2102/2102
f 2107/2107/2107 2102/2102/2102 2106/2106/2106
f 2106/2106/2106 2108/2108/2108 2107/2107/2107
f 2109/2109/2109 2107/2107/2107 2108/2108/2108
f 2108/2108/2108 2106/2106/2106 2110/2110/2110
f 2111/2111/2111 2110/2110/2110 2106/2106/2106
f 2106/2106/2106 2105/2105/2105 2111/2111/2111
f 2110/2110/2110 2111/2111/2111 2112/2112/2112
f 2113/2113/2113 2105/2105/2105 2103/2103/2103
f 2113/2113/2113 2111/2111/2111 2105/2105/2105
f 2114/2114/2114 2103/2103/2103 2104/2104/2104
f 2103/2103/2103 2114/2114/2114 2113/2113/2113
f 2115/2115/2115 2112/2112/2112 2111/2111/2111
f 2111/2111/2111 2113/2113/2113 2115/2115/2115
f 2114/2114/2114 2104/2104/2104 2116/2116/2116
f 2117/2117/2117 2116/2116/2116 2104/2104/2104
f 2118/2118/2118 2113/2113/2113 2114/2114/2114
f 2118/2118/2118 2115/2115/2115 2113/2113/2113
f 2114/2114/2114 2116/2116/2116 2118/2118/2118
f 2115/2115/2115 2119/2119/2119 2112/2112/2112
f 2120/2120/2120 2112/2112/2112 2119/2119/2119
f 2118/2118/2118 2121/2121/2121 2115/2115/2115
f 2121/2121/2121 2118/2118/2118 2116/2116/2116
f 2119/2119/2119 2115/2115/2115 2121/2121/2121
f 2116/2116/2116 2117/2117/2117 2122/2122/2122
f 2116/2116/2116 2122/2122/2122 2121/2121/2121
f 2123/2123/2123 2122/2122/2122 2117/2117/2117
f 2119/2119/2119 2124/2124/2124 2120/2120/2120
f 2125/2125/2125 2120/2120/2120 2124/2124/2124
f 2126/2126/2126 2125/2125/2125 2124/2124/2124
f 2121/2121/2121 2127/2127/2127 2119/2119/2119
f 2127/2127/2127 2121/2121/2121 2122/2122/2122
f 2124/2124/2124 2119/2119/2119 2127/2127/2127
f 2122/2122/2122 2123/2123/2123 2128/2128/2128
f 2122/2122/2122 2128/2128/2128 2127/2127/2127
f 2129/2129/2129 2128/2128/2128 2123/2123/2123
f 2129/2129/2129 2130/2130/2130 2128/2128/2128
f 2127/2127/2127 2131/2131/2131 2124/2124/2124
f 2126/2126/2126 2124/2124/2124 2131/2131/2131
f 2131/2131/2131 2127/2127/2127 2128/2128/2128
f 2132/2132/2132 2128/2128/2128 2130/2130/2130
f 2128/2128/2128 2132/2132/2132 2131/2131/2131
f 2130/2130/2130 2133/2133/2133 2132/2132/2132
f 2131/2131/2131 2134/2134/2134 2126/2126/2126
f 2134/2134/2134 2131/2131/2131 2132/2132/2132
f 2135/2135/2135 2126/2126/2126 2134/2134/2134
f 2136/2136/2136 2132/2132/2132 2133/2133/2133
f 2132/2132/2132 2136/2136/2136 2134/2134/2134
f 2137/2137/2137 2136/2136/2136 2133/2133/2133
f 2134/2134/2134 2138/2138/2138 2135/2135/2135
f 2138/2138/2138 2134/2134/2134 2136/2136/2136
f 2136/2136/2136 2137/2137/2137 2138/2138/2138
f 2139/2139/2139 2135/2135/2135 2138/2138/2138
f 2140/2140/2140 2138/2138/2138 2137/2137/2137
f 2138/2138/2138 2140/2140/2140 2139/2139/2139
f 2141/2141/2141 2139/2139/2139 2140/2140/2140
f 2144/2144/2144 2143/2143/2143 2142/2142/2142
f 2142/2142/2142 2143/2143/2143 2145/2145/2145
f 2146/2146/2146 2145/2145/2145 2143/2143/2143
f 2147/2147/2147 2145/2145/2145 2146/2146/2146
f 2148/2148/2148 2147/2147/2147 2146/2146/2146
f 2147/2147/2147 2148/2148/2148 2149/2149/2149
f 2150/2150/2150 2148/2148/2148 2146/2146/2146
f 2151/2151/2151 2149/2149/2149 2148/2148/2148
f 2149/2149/2149 2151/2151/2151 2152/2152/2152
f 2153/2153/2153 2152/2152/2152 2151/2151/2151
f 2152/2152/2152 2153/2153/2153 2154/2154/2154
f 2155/2155/2155 2154/2154/2154 2153/2153/2153
f 2156/2156/2156 2154/2154/2154 2155/2155/2155
f 2156/2156/2156 2155/2155/2155 2157/2157/2157
f 2155/2155/2155 2153/2153/2153 2157/2157/2157
f 2157/2157/2157 2158/2158/2158 2156/2156/2156
f 2159/2159/2159 2157/2157/2157 2153/2153/2153
f 2157/2157/2157 2159/2159/2159 2158/2158/2158
f 2153/2153/2153 2151/2151/2151 2159/2159/2159
f 2160/2160/2160 2158/2158/2158 2159/2159/2159
f 2161/2161/2161 2159/2159/2159 2151/2151/2151
f 2159/2159/2159 2161/2161/2161 2160/2160/2160
f 2151/2151/2151 2148/2148/2148 2161/2161/2161
f 2162/2162/2162 2160/2160/2160 2161/2161/2161
f 2163/2163/2163 2161/2161/2161 2148/2148/2148
f 2161/2161/2161 2163/2163/2163 2162/2162/2162
f 2148/2148/2148 2150/2150/2150 2163/2163/2163
f 2164/2164/2164 2162/2162/2162 2163/2163/2163
f 2165/2165/2165 2163/2163/2163 2150/2150/2150
f 2163/2163/2163 2165/2165/2165 2164/2164/2164
f 2166/2166/2166 2164/2164/2164 2165/2165/2165
f 2150/2150/2150 2167/2167/2167 2165/2165/2165
f 2168/2168/2168 2165/2165/2165 2167/2167/2167
f 2168/2168/2168 2167/2167/2167 2169/2169/2169
f 2170/2170/2170 2169/2169/2169 2167/2167/2167
f 2170/2170/2170 2171/2171/2171 2169/2169/2169
f 2172/2172/2172 2169/2169/2169 2171/2171/2171
f 2172/2172/2172 2171/2171/2171 2173/2173/2173
f 2174/2174/2174 2173/2173/2173 2171/2171/2171
f 2173/2173/2173 2174/2174/2174 2175/2175/2175
f 2176/2176/2176 2175/2175/2175 2174/2174/2174
f 2175/2175/2175 2176/2176/2176 2177/2177/2177
f 2178/2178/2178 2177/2177/2177 2176/2176/2176
f 2177/2177/2177 2178/2178/2178 2179/2179/2179
f 2180/2180/2180 2179/2179/2179 2178/2178/2178
f 2179/2179/2179 2180/2180/2180 2181/2181/2181
f 2182/2182/2182 2181/2181/2181 2180/2180/2180
f 2185/2185/2185 2184/2184/2184 2183/2183/2183
f 2186/2186/2186 2183/2183/2183 2184/2184/2184
f 2183/2183/2183 2186/2186/2186 2187/2187/2187
f 2184/2184/2184 2188/2188/2188 2186/2186/2186
f 2189/2189/2189 2187/2187/2187 2186/2186/2186
f 2190/2190/2190 2186/2186/2186 2188/2188/2188
f 2186/2186/2186 2190/2190/2190 2189/2189/2189
f 2191/2191/2191 2189/2189/2189 2190/2190/2190
f 2188/2188/2188 2192/2192/2192 2190/2190/2190
f 2190/2190/2190 2193/2193/2193 2191/2191/2191
f 2193/2193/2193 2190/2190/2190 2192/2192/2192
f 2194/2194/2194 2191/2191/2191 2193/2193/2193
f 2193/2193/2193 2192/2192/2192 2195/2195/2195
f 2193/2193/2193 2195/2195/2195 2194/2194/2194
f 2196/2196/2196 2195/2195/2195 2192/2192/2192
f 2197/2197/2197 2194/2194/2194 2195/2195/2195
f 2195/2195/2195 2196/2196/2196 2198/2198/2198
f 2195/2195/2195 2198/2198/2198 2197/2197/2197
f 2199/2199/2199 2198/2198/2198 2196/2196/2196
f 2200/2200/2200 2197/2197/2197 2198/2198/2198
f 2198/2198/2198 2199/2199/2199 2201/2201/2201
f 2198/2198/2198 2201/2201/2201 2200/2200/2200
f 2202/2202/2202 2200/2200/2200 2201/2201/2201
f 2203/2203/2203 2201/2201/2201 2199/2199/2199
f 2202/2202/2202 2201/2201/2201 2204/2204/2204
f 2201/2201/2201 2203/2203/2203 2205/2205/2205
f 2205/2205/2205 2204/2204/2204 2201/2201/2201
f 2206/2206/2206 2205/2205/2205 2203/2203/2203
f 2205/2205/2205 2207/2207/2207 2204/2204/2204
f 2205/2205/2205 2206/2206/2206 2207/2207/2207
f 2208/2208/2208 2204/2204/2204 2207/2207/2207
f 2209/2209/2209 2207/2207/2207 2206/2206/2206
f 2208/2208/2208 2207/2207/2207 2210/2210/2210
f 2207/2207/2207 2209/2209/2209 2211/2211/2211
f 2211/2211/2211 2210/2210/2210 2207/2207/2207
f 2212/2212/2212 2211/2211/2211 2209/2209/2209
f 2210/2210/2210 2211/2211/2211 2213/2213/2213
f 2211/2211/2211 2212/2212/2212 2214/2214/2214
f 2214/2214/2214 2213/2213/2213 2211/2211/2211
f 2215/2215/2215 2214/2214/2214 2212/2212/2212
f 2213/2213/2213 2214/2214/2214 2216/2216/2216
f 2214/2214/2214 2215/2215/2215 2217/2217/2217
f 2217/2217/2217 2216/2216/2216 2214/2214/2214
f 2218/2218/2218 2217/2217/2217 2215/2215/2215
f 2216/2216/2216 2217/2217/2217 2219/2219/2219
f 2217/2217/2217 2218/2218/2218 2220/2220/2220
f 2220/2220/2220 2219/2219/2219 2217/2217/2217
f 2221/2221/2221 2220/2220/2220 2218/2218/2218
f 2220/2220/2220 2222/2222/2222 2219/2219/2219
f 2220/2220/2220 2221/2221/2221 2222/2222/2222
f 2225/2225/2225 2224/2224/2224 2223/2223/2223
f 2226/2226/2226 2223/2223/2223 2224/2224/2224
f 2223/2223/2223 2226/2226/2226 2227/2227/2227
f 2228/2228/2228 2227/2227/2227 2226/2226/2226
f 2224/2224/2224 2229/2229/2229 2226/2226/2226
f 2228/2228/2228 2226/2226/2226 2230/2230/2230
f 2231/2231/2231 2226/2226/2226 2229/2229/2229
f 2231/2231/2231 2230/2230/2230 2226/2226/2226
f 2229/2229/2229 2232/2232/2232 2231/2231/2231
f 2230/2230/2230 2231/2231/2231 2233/2233/2233
f 2234/2234/2234 2231/2231/2231 2232/2232/2232
f 2234/2234/2234 2233/2233/2233 2231/2231/2231
f 2232/2232/2232 2235/2235/2235 2234/2234/2234
f 2233/2233/2233 2234/2234/2234 2236/2236/2236
f 2237/2237/2237 2234/2234/2234 2235/2235/2235
f 2237/2237/2237 2236/2236/2236 2234/2234/2234
f 2235/2235/2235 2238/2238/2238 2237/2237/2237
f 2237/2237/2237 2239/2239/2239 2236/2236/2236
f 2239/2239/2239 2237/2237/2237 2238/2238/2238
f 2240/2240/2240 2236/2236/2236 2239/2239/2239
f 2238/2238/2238 2241/2241/2241 2239/2239/2239
f 2239/2239/2239 2242/2242/2242 2240/2240/2240
f 2242/2242/2242 2239/2239/2239 2241/2241/2241
f 2243/2243/2243 2240/2240/2240 2242/2242/2242
f 2241/2241/2241 2244/2244/2244 2242/2242/2242
f 2242/2242/2242 2245/2245/2245 2243/2243/2243
f 2245/2245/2245 2242/2242/2242 2244/2244/2244
f 2246/2246/2246 2243/2243/2243 2245/2245/2245
f 2245/2245/2245 2244/2244/2244 2247/2247/2247
f 2245/2245/2245 2247/2247/2247 2246/2246/2246
f 2250/2250/2250 2249/2249/2249 2248/2248/2248
f 2251/2251/2251 2248/2248/2248 2249/2249/2249
f 2249/2249/2249 2252/2252/2252 2251/2251/2251
f 2248/2248/2248 2251/2251/2251 2253/2253/2253
f 2254/2254/2254 2251/2251/2251 2252/2252/2252
f 2255/2255/2255 2253/2253/2253 2251/2251/2251
f 2251/2251/2251 2254/2254/2254 2255/2255/2255
f 2253/2253/2253 2255/2255/2255 2256/2256/2256
f 2257/2257/2257 2255/2255/2255 2254/2254/2254
f 2257/2257/2257 2254/2254/2254 2258/2258/2258
f 2259/2259/2259 2257/2257/2257 2258/2258/2258
f 2260/2260/2260 2256/2256/2256 2255/2255/2255
f 2255/2255/2255 2257/2257/2257 2260/2260/2260
f 2256/2256/2256 2260/2260/2260 2261/2261/2261
f 2262/2262/2262 2261/2261/2261 2260/2260/2260
f 2262/2262/2262 2260/2260/2260 2263/2263/2263
f 2264/2264/2264 2263/2263/2263 2260/2260/2260
f 2264/2264/2264 2260/2260/2260 2257/2257/2257
f 2263/2263/2263 2264/2264/2264 2265/2265/2265
f 2259/2259/2259 2266/2266/2266 2257/2257/2257
f 2264/2264/2264 2257/2257/2257 2266/2266/2266
f 2266/2266/2266 2265/2265/2265 2264/2264/2264
f 2267/2267/2267 2266/2266/2266 2259/2259/2259
f 2267/2267/2267 2265/2265/2265 2266/2266/2266
f 2270/2270/2270 2269/2269/2269 2268/2268/2268
f 2271/2271/2271 2268/2268/2268 2269/2269/2269
f 2268/2268/2268 2271/2271/2271 2272/2272/2272
f 2273/2273/2273 2272/2272/2272 2271/2271/2271
f 2269/2269/2269 2274/2274/2274 2271/2271/2271
f 2271/2271/2271 2275/2275/2275 2273/2273/2273
f 2275/2275/2275 2271/2271/2271 2274/2274/2274
f 2276/2276/2276 2273/2273/2273 2275/2275/2275
f 2275/2275/2275 2274/2274/2274 2277/2277/2277
f 2275/2275/2275 2277/2277/2277 2276/2276/2276
f 2278/2278/2278 2277/2277/2277 2274/2274/2274
f 2279/2279/2279 2276/2276/2276 2277/2277/2277
f 2278/2278/2278 2280/2280/2280 2277/2277/2277
f 2277/2277/2277 2281/2281/2281 2279/2279/2279
f 2281/2281/2281 2277/2277/2277 2280/2280/2280
f 2282/2282/2282 2279/2279/2279 2281/2281/2281
f 2280/2280/2280 2283/2283/2283 2281/2281/2281
f 2281/2281/2281 2284/2284/2284 2282/2282/2282
f 2284/2284/2284 2281/2281/2281 2283/2283/2283
f 2285/2285/2285 2282/2282/2282 2284/2284/2284
f 2283/2283/2283 2286/2286/2286 2284/2284/2284
f 2284/2284/2284 2287/2287/2287 2285/2285/2285
f 2287/2287/2287 2284/2284/2284 2286/2286/2286
f 2288/2288/2288 2285/2285/2285 2287/2287/2287
f 2286/2286/2286 2289/2289/2289 2287/2287/2287
f 2287/2287/2287 2290/2290/2290 2288/2288/2288
f 2290/2290/2290 2287/2287/2287 2289/2289/2289
f 2291/2291/2291 2288/2288/2288 2290/2290/2290
f 2289/2289/2289 2292/2292/2292 2290/2290/2290
f 2290/2290/2290 2293/2293/2293 2291/2291/2291
f 2293/2293/2293 2290/2290/2290 2292/2292/2292
f 2294/2294/2294 2291/2291/2291 2293/2293/2293
f 2294/2294/2294 2293/2293/2293 2295/2295/2295
f 2293/2293/2293 2292/2292/2292 2296/2296/2296
f 2296/2296/2296 2295/2295/2295 2293/2293/2293
f 2297/2297/2297 2296/2296/2296 2292/2292/2292
f 2295/2295/2295 2296/2296/2296 2298/2298/2298
f 2297/2297/2297 2299/2299/2299 2296/2296/2296
f 2300/2300/2300 2298/2298/2298 2296/2296/2296
f 2300/2300/2300 2296/2296/2296 2299/2299/2299
f 2298/2298/2298 2300/2300/2300 2301/2301/2301
f 2299/2299/2299 2302/2302/2302 2300/2300/2300
f 2303/2303/2303 2301/2301/2301 2300/2300/2300
f 2303/2303/2303 2300/2300/2300 2302/2302/2302
f 2301/2301/2301 2303/2303/2303 2304/2304/2304
f 2302/2302/2302 2305/2305/2305 2303/2303/2303
f 2306/2306/2306 2304/2304/2304 2303/2303/2303
f 2306/2306/2306 2303/2303/2303 2305/2305/2305
f 2304/2304/2304 2306/2306/2306 2307/2307/2307
f 2306/2306/2306 2305/2305/2305 2307/2307/2307
f 2310/2310/2310 2309/2309/2309 2308/2308/2308
f 2311/2311/2311 2308/2308/2308 2309/2309/2309
f 2308/2308/2308 2311/2311/2311 2312/2312/2312
f 2311/2311/2311 2309/2309/2309 2313/2313/2313
f 2314/2314/2314 2313/2313/2313 2309/2309/2309
f 2314/2314/2314 2315/2315/2315 2313/2313/2313
f 2316/2316/2316 2313/2313/2313 2315/2315/2315
f 2317/2317/2317 2312/2312/2312 2311/2311/2311
f 2311/2311/2311 2313/2313/2313 2317/2317/2317
f 2312/2312/2312 2317/2317/2317 2318/2318/2318
f 2313/2313/2313 2316/2316/2316 2319/2319/2319
f 2319/2319/2319 2317/2317/2317 2313/2313/2313
f 2320/2320/2320 2319/2319/2319 2316/2316/2316
f 2321/2321/2321 2318/2318/2318 2317/2317/2317
f 2317/2317/2317 2319/2319/2319 2321/2321/2321
f 2318/2318/2318 2321/2321/2321 2322/2322/2322
f 2319/2319/2319 2320/2320/2320 2323/2323/2323
f 2323/2323/2323 2321/2321/2321 2319/2319/2319
f 2324/2324/2324 2323/2323/2323 2320/2320/2320
f 2325/2325/2325 2322/2322/2322 2321/2321/2321
f 2321/2321/2321 2323/2323/2323 2325/2325/2325
f 2323/2323/2323 2324/2324/2324 2326/2326/2326
f 2326/2326/2326 2325/2325/2325 2323/2323/2323
f 2327/2327/2327 2326/2326/2326 2324/2324/2324
f 2326/2326/2326 2327/2327/2327 2328/2328/2328
f 2326/2326/2326 2328/2328/2328 2325/2325/2325
f 2329/2329/2329 2328/2328/2328 2327/2327/2327
f 2329/2329/2329 2330/2330/2330 2328/2328/2328
f 2325/2325/2325 2331/2331/2331 2322/2322/2322
f 2331/2331/2331 2325/2325/2325 2328/2328/2328
f 2332/2332/2332 2322/2322/2322 2331/2331/2331
f 2333/2333/2333 2328/2328/2328 2330/2330/2330
f 2328/2328/2328 2333/2333/2333 2331/2331/2331
f 2330/2330/2330 2334/2334/2334 2333/2333/2333
f 2331/2331/2331 2335/2335/2335 2332/2332/2332
f 2335/2335/2335 2331/2331/2331 2333/2333/2333
f 2336/2336/2336 2332/2332/2332 2335/2335/2335
f 2337/2337/2337 2333/2333/2333 2334/2334/2334
f 2333/2333/2333 2337/2337/2337 2335/2335/2335
f 2334/2334/2334 2338/2338/2338 2337/2337/2337
f 2335/2335/2335 2339/2339/2339 2336/2336/2336
f 2339/2339/2339 2335/2335/2335 2337/2337/2337
f 2340/2340/2340 2336/2336/2336 2339/2339/2339
f 2341/2341/2341 2337/2337/2337 2338/2338/2338
f 2337/2337/2337 2341/2341/2341 2339/2339/2339
f 2339/2339/2339 2342/2342/2342 2340/2340/2340
f 2342/2342/2342 2339/2339/2339 2341/2341/2341
f 2343/2343/2343 2340/2340/2340 2342/2342/2342
f 2338/2338/2338 2344/2344/2344 2341/2341/2341
f 2338/2338/2338 2345/2345/2345 2344/2344/2344
f 2346/2346/2346 2344/2344/2344 2345/2345/2345
f 2342/2342/2342 2347/2347/2347 2343/2343/2343
f 2348/2348/2348 2343/2343/2343 2347/2347/2347
f 2341/2341/2341 2349/2349/2349 2342/2342/2342
f 2349/2349/2349 2341/2341/2341 2344/2344/2344
f 2347/2347/2347 2342/2342/2342 2349/2349/2349
f 2344/2344/2344 2346/2346/2346 2350/2350/2350
f 2344/2344/2344 2350/2350/2350 2349/2349/2349
f 2351/2351/2351 2350/2350/2350 2346/2346/2346
f 2347/2347/2347 2352/2352/2352 2348/2348/2348
f 2353/2353/2353 2348/2348/2348 2352/2352/2352
f 2353/2353/2353 2352/2352/2352 2354/2354/2354
f 2349/2349/2349 2355/2355/2355 2347/2347/2347
f 2355/2355/2355 2349/2349/2349 2350/2350/2350
f 2352/2352/2352 2347/2347/2347 2355/2355/2355
f 2350/2350/2350 2351/2351/2351 2356/2356/2356
f 2350/2350/2350 2356/2356/2356 2355/2355/2355
f 2357/2357/2357 2356/2356/2356 2351/2351/2351
f 2358/2358/2358 2354/2354/2354 2352/2352/2352
f 2352/2352/2352 2355/2355/2355 2358/2358/2358
f 2358/2358/2358 2355/2355/2355 2356/2356/2356
f 2354/2354/2354 2358/2358/2358 2359/2359/2359
f 2360/2360/2360 2359/2359/2359 2358/2358/2358
f 2358/2358/2358 2356/2356/2356 2360/2360/2360
f 2360/2360/2360 2361/2361/2361 2359/2359/2359
f 2356/2356/2356 2357/2357/2357 2362/2362/2362
f 2362/2362/2362 2360/2360/2360 2356/2356/2356
f 2362/2362/2362 2361/2361/2361 2360/2360/2360
f 2363/2363/2363 2362/2362/2362 2357/2357/2357
f 2363/2363/2363 2361/2361/2361 2362/2362/2362
f 2366/2366/2366 2365/2365/2365 2364/2364/2364
f 2367/2367/2367 2364/2364/2364 2365/2365/2365
f 2365/2365/2365 2368/2368/2368 2367/2367/2367
f 2369/2369/2369 2367/2367/2367 2368/2368/2368
f 2364/2364/2364 2367/2367/2367 2370/2370/2370
f 2369/2369/2369 2371/2371/2371 2367/2367/2367
f 2372/2372/2372 2370/2370/2370 2367/2367/2367
f 2372/2372/2372 2367/2367/2367 2371/2371/2371
f 2370/2370/2370 2372/2372/2372 2373/2373/2373
f 2372/2372/2372 2371/2371/2371 2374/2374/2374
f 2374/2374/2374 2373/2373/2373 2372/2372/2372
f 2375/2375/2375 2374/2374/2374 2371/2371/2371
f 2373/2373/2373 2374/2374/2374 2376/2376/2376
f 2374/2374/2374 2375/2375/2375 2377/2377/2377
f 2377/2377/2377 2376/2376/2376 2374/2374/2374
f 2378/2378/2378 2377/2377/2377 2375/2375/2375
f 2376/2376/2376 2377/2377/2377 2379/2379/2379
f 2378/2378/2378 2380/2380/2380 2377/2377/2377
f 2381/2381/2381 2379/2379/2379 2377/2377/2377
f 2381/2381/2381 2377/2377/2377 2380/2380/2380
f 2379/2379/2379 2381/2381/2381 2382/2382/2382
f 2380/2380/2380 2383/2383/2383 2381/2381/2381
f 2384/2384/2384 2382/2382/2382 2381/2381/2381
f 2384/2384/2384 2381/2381/2381 2383/2383/2383
f 2384/2384/2384 2385/2385/2385 2382/2382/2382
f 2384/2384/2384 2383/2383/2383 2385/2385/2385
f 2386/2386/2386 2382/2382/2382 2385/2385/2385
f 2387/2387/2387 2385/2385/2385 2383/2383/2383
f 2385/2385/2385 2388/2388/2388 2386/2386/2386
f 2385/2385/2385 2387/2387/2387 2388/2388/2388
f 2389/2389/2389 2388/2388/2388 2387/2387/2387
f 2390/2390/2390 2386/2386/2386 2388/2388/2388
f 2389/2389/2389 2391/2391/2391 2388/2388/2388
f 2388/2388/2388 2392/2392/2392 2390/2390/2390
f 2388/2388/2388 2391/2391/2391 2392/2392/2392
f 2393/2393/2393 2390/2390/2390 2392/2392/2392
f 2394/2394/2394 2392/2392/2392 2391/2391/2391
f 2391/2391/2391 2395/2395/2395 2394/2394/2394
f 2394/2394/2394 2395/2395/2395 2396/2396/2396
f 2394/2394/2394 2396/2396/2396 2392/2392/2392
f 2397/2397/2397 2396/2396/2396 2395/2395/2395
f 2397/2397/2397 2398/2398/2398 2396/2396/2396
f 2399/2399/2399 2392/2392/2392 2396/2396/2396
f 2393/2393/2393 2392/2392/2392 2399/2399/2399
f 2400/2400/2400 2396/2396/2396 2398/2398/2398
f 2396/2396/2396 2400/2400/2400 2399/2399/2399
f 2398/2398/2398 2401/2401/2401 2400/2400/2400
f 2393/2393/2393 2399/2399/2399 2402/2402/2402
f 2402/2402/2402 2403/2403/2403 2393/2393/2393
f 2404/2404/2404 2393/2393/2393 2403/2403/2403
f 2405/2405/2405 2402/2402/2402 2399/2399/2399
f 2399/2399/2399 2406/2406/2406 2405/2405/2405
f 2406/2406/2406 2399/2399/2399 2400/2400/2400
f 2407/2407/2407 2405/2405/2405 2406/2406/2406
f 2408/2408/2408 2400/2400/2400 2401/2401/2401
f 2400/2400/2400 2408/2408/2408 2406/2406/2406
f 2406/2406/2406 2409/2409/2409 2407/2407/2407
f 2409/2409/2409 2406/2406/2406 2408/2408/2408
f 2410/2410/2410 2407/2407/2407 2409/2409/2409
f 2408/2408/2408 2401/2401/2401 2411/2411/2411
f 2408/2408/2408 2411/2411/2411 2409/2409/2409
f 2412/2412/2412 2411/2411/2411 2401/2401/2401
f 2412/2412/2412 2413/2413/2413 2411/2411/2411
f 2409/2409/2409 2414/2414/2414 2410/2410/2410
f 2414/2414/2414 2409/2409/2409 2411/2411/2411
f 2415/2415/2415 2410/2410/2410 2414/2414/2414
f 2416/2416/2416 2411/2411/2411 2413/2413/2413
f 2411/2411/2411 2416/2416/2416 2414/2414/2414
f 2413/2413/2413 2417/2417/2417 2416/2416/2416
f 2414/2414/2414 2418/2418/2418 2415/2415/2415
f 2418/2418/2418 2414/2414/2414 2416/2416/2416
f 2419/2419/2419 2415/2415/2415 2418/2418/2418
f 2420/2420/2420 2416/2416/2416 2417/2417/2417
f 2416/2416/2416 2420/2420/2420 2418/2418/2418
f 2417/2417/2417 2421/2421/2421 2420/2420/2420
f 2418/2418/2418 2422/2422/2422 2419/2419/2419
f 2422/2422/2422 2418/2418/2418 2420/2420/2420
f 2422/2422/2422 2420/2420/2420 2421/2421/2421
f 2423/2423/2423 2419/2419/2419 2422/2422/2422
f 2423/2423/2423 2422/2422/2422 2421/2421/2421
f 2426/2426/2426 2425/2425/2425 2424/2424/2424
f 2427/2427/2427 2424/2424/2424 2425/2425/2425
f 2424/2424/2424 2427/2427/2427 2428/2428/2428
f 2425/2425/2425 2429/2429/2429 2427/2427/2427
f 2430/2430/2430 2428/2428/2428 2427/2427/2427
f 2428/2428/2428 2430/2430/2430 2431/2431/2431
f 2432/2432/2432 2427/2427/2427 2429/2429/2429
f 2427/2427/2427 2432/2432/2432 2430/2430/2430
f 2432/2432/2432 2429/2429/2429 2433/2433/2433
f 2434/2434/2434 2433/2433/2433 2429/2429/2429
f 2433/2433/2433 2434/2434/2434 2435/2435/2435
f 2436/2436/2436 2435/2435/2435 2434/2434/2434
f 2435/2435/2435 2437/2437/2437 2433/2433/2433
f 2438/2438/2438 2433/2433/2433 2437/2437/2437
f 2433/2433/2433 2438/2438/2438 2432/2432/2432
f 2437/2437/2437 2439/2439/2439 2438/2438/2438
f 2440/2440/2440 2430/2430/2430 2432/2432/2432
f 2440/2440/2440 2432/2432/2432 2438/2438/2438
f 2441/2441/2441 2431/2431/2431 2430/2430/2430
f 2430/2430/2430 2440/2440/2440 2441/2441/2441
f 2442/2442/2442 2438/2438/2438 2439/2439/2439
f 2438/2438/2438 2442/2442/2442 2440/2440/2440
f 2441/2441/2441 2443/2443/2443 2431/2431/2431
f 2444/2444/2444 2431/2431/2431 2443/2443/2443
f 2445/2445/2445 2441/2441/2441 2440/2440/2440
f 2445/2445/2445 2440/2440/2440 2442/2442/2442
f 2441/2441/2441 2445/2445/2445 2443/2443/2443
f 2442/2442/2442 2439/2439/2439 2446/2446/2446
f 2447/2447/2447 2446/2446/2446 2439/2439/2439
f 2445/2445/2445 2442/2442/2442 2448/2448/2448
f 2448/2448/2448 2443/2443/2443 2445/2445/2445
f 2446/2446/2446 2448/2448/2448 2442/2442/2442
f 2443/2443/2443 2449/2449/2449 2444/2444/2444
f 2443/2443/2443 2448/2448/2448 2449/2449/2449
f 2450/2450/2450 2444/2444/2444 2449/2449/2449
f 2446/2446/2446 2447/2447/2447 2451/2451/2451
f 2452/2452/2452 2451/2451/2451 2447/2447/2447
f 2452/2452/2452 2453/2453/2453 2451/2451/2451
f 2448/2448/2448 2446/2446/2446 2454/2454/2454
f 2454/2454/2454 2449/2449/2449 2448/2448/2448
f 2451/2451/2451 2454/2454/2454 2446/2446/2446
f 2449/2449/2449 2455/2455/2455 2450/2450/2450
f 2449/2449/2449 2454/2454/2454 2455/2455/2455
f 2456/2456/2456 2450/2450/2450 2455/2455/2455
f 2456/2456/2456 2455/2455/2455 2457/2457/2457
f 2454/2454/2454 2451/2451/2451 2458/2458/2458
f 2453/2453/2453 2458/2458/2458 2451/2451/2451
f 2458/2458/2458 2455/2455/2455 2454/2454/2454
f 2459/2459/2459 2457/2457/2457 2455/2455/2455
f 2455/2455/2455 2458/2458/2458 2459/2459/2459
f 2457/2457/2457 2459/2459/2459 2460/2460/2460
f 2458/2458/2458 2453/2453/2453 2461/2461/2461
f 2461/2461/2461 2459/2459/2459 2458/2458/2458
f 2462/2462/2462 2461/2461/2461 2453/2453/2453
f 2463/2463/2463 2460/2460/2460 2459/2459/2459
f 2459/2459/2459 2461/2461/2461 2463/2463/2463
f 2463/2463/2463 2464/2464/2464 2460/2460/2460
f 2461/2461/2461 2462/2462/2462 2465/2465/2465
f 2465/2465/2465 2463/2463/2463 2461/2461/2461
f 2463/2463/2463 2465/2465/2465 2464/2464/2464
f 2466/2466/2466 2465/2465/2465 2462/2462/2462
f 2467/2467/2467 2464/2464/2464 2465/2465/2465
f 2465/2465/2465 2466/2466/2466 2467/2467/2467
f 2468/2468/2468 2467/2467/2467 2466/2466/2466
f 2471/2471/2471 2470/2470/2470 2469/2469/2469
f 2469/2469/2469 2472/2472/2472 2471/2471/2471
f 2473/2473/2473 2471/2471/2471 2472/2472/2472
f 2472/2472/2472 2474/2474/2474 2473/2473/2473
f 2474/2474/2474 2475/2475/2475 2473/2473/2473
f 2474/2474/2474 2476/2476/2476 2475/2475/2475
f 2475/2475/2475 2477/2477/2477 2473/2473/2473
f 2478/2478/2478 2475/2475/2475 2476/2476/2476
f 2476/2476/2476 2479/2479/2479 2478/2478/2478
f 2480/2480/2480 2478/2478/2478 2479/2479/2479
f 2479/2479/2479 2481/2481/2481 2480/2480/2480
f 2482/2482/2482 2480/2480/2480 2481/2481/2481
f 2481/2481/2481 2483/2483/2483 2482/2482/2482
f 2482/2482/2482 2483/2483/2483 2484/2484/2484
f 2482/2482/2482 2484/2484/2484 2480/2480/2480
f 2485/2485/2485 2484/2484/2484 2483/2483/2483
f 2486/2486/2486 2480/2480/2480 2484/2484/2484
f 2484/2484/2484 2485/2485/2485 2486/2486/2486
f 2480/2480/2480 2486/2486/2486 2478/2478/2478
f 2487/2487/2487 2486/2486/2486 2485/2485/2485
f 2488/2488/2488 2478/2478/2478 2486/2486/2486
f 2486/2486/2486 2487/2487/2487 2488/2488/2488
f 2478/2478/2478 2488/2488/2488 2475/2475/2475
f 2489/2489/2489 2488/2488/2488 2487/2487/2487
f 2490/2490/2490 2475/2475/2475 2488/2488/2488
f 2488/2488/2488 2489/2489/2489 2490/2490/2490
f 2475/2475/2475 2490/2490/2490 2477/2477/2477
f 2491/2491/2491 2490/2490/2490 2489/2489/2489
f 2492/2492/2492 2477/2477/2477 2490/2490/2490
f 2490/2490/2490 2491/2491/2491 2492/2492/2492
f 2493/2493/2493 2492/2492/2492 2491/2491/2491
f 2477/2477/2477 2492/2492/2492 2494/2494/2494
f 2495/2495/2495 2494/2494/2494 2492/2492/2492
f 2495/2495/2495 2496/2496/2496 2494/2494/2494
f 2497/2497/2497 2494/2494/2494 2496/2496/2496
f 2497/2497/2497 2496/2496/2496 2498/2498/2498
f 2499/2499/2499 2498/2498/2498 2496/2496/2496
f 2499/2499/2499 2500/2500/2500 2498/2498/2498
f 2501/2501/2501 2498/2498/2498 2500/2500/2500
f 2500/2500/2500 2502/2502/2502 2501/2501/2501
f 2503/2503/2503 2501/2501/2501 2502/2502/2502
f 2502/2502/2502 2504/2504/2504 2503/2503/2503
f 2505/2505/2505 2503/2503/2503 2504/2504/2504
f 2504/2504/2504 2506/2506/2506 2505/2505/2505
f 2507/2507/2507 2505/2505/2505 2506/2506/2506
f 2506/2506/2506 2508/2508/2508 2507/2507/2507
f 2509/2509/2509 2507/2507/2507 2508/2508/2508
f 2512/2512/2512 2511/2511/2511 2510/2510/2510
f 2513/2513/2513 2510/2510/2510 2511/2511/2511
f 2511/2511/2511 2514/2514/2514 2513/2513/2513
f 2510/2510/2510 2513/2513/2513 2515/2515/2515
f 2516/2516/2516 2513/2513/2513 2514/2514/2514
f 2517/2517/2517 2515/2515/2515 2513/2513/2513
f 2513/2513/2513 2516/2516/2516 2517/2517/2517
f 2518/2518/2518 2517/2517/2517 2516/2516/2516
f 2515/2515/2515 2517/2517/2517 2519/2519/2519
f 2517/2517/2517 2518/2518/2518 2520/2520/2520
f 2520/2520/2520 2519/2519/2519 2517/2517/2517
f 2521/2521/2521 2520/2520/2520 2518/2518/2518
f 2520/2520/2520 2522/2522/2522 2519/2519/2519
f 2520/2520/2520 2521/2521/2521 2522/2522/2522
f 2523/2523/2523 2519/2519/2519 2522/2522/2522
f 2524/2524/2524 2522/2522/2522 2521/2521/2521
f 2522/2522/2522 2525/2525/2525 2523/2523/2523
f 2522/2522/2522 2524/2524/2524 2525/2525/2525
f 2526/2526/2526 2523/2523/2523 2525/2525/2525
f 2527/2527/2527 2525/2525/2525 2524/2524/2524
f 2525/2525/2525 2528/2528/2528 2526/2526/2526
f 2525/2525/2525 2527/2527/2527 2528/2528/2528
f 2529/2529/2529 2528/2528/2528 2527/2527/2527
f 2530/2530/2530 2526/2526/2526 2528/2528/2528
f 2529/2529/2529 2531/2531/2531 2528/2528/2528
f 2528/2528/2528 2532/2532/2532 2530/2530/2530
f 2532/2532/2532 2528/2528/2528 2531/2531/2531
f 2533/2533/2533 2530/2530/2530 2532/2532/2532
f 2532/2532/2532 2531/2531/2531 2534/2534/2534
f 2532/2532/2532 2534/2534/2534 2533/2533/2533
f 2535/2535/2535 2534/2534/2534 2531/2531/2531
f 2536/2536/2536 2533/2533/2533 2534/2534/2534
f 2535/2535/2535 2537/2537/2537 2534/2534/2534
f 2534/2534/2534 2538/2538/2538 2536/2536/2536
f 2538/2538/2538 2534/2534/2534 2537/2537/2537
f 2539/2539/2539 2536/2536/2536 2538/2538/2538
f 2537/2537/2537 2540/2540/2540 2538/2538/2538
f 2538/2538/2538 2541/2541/2541 2539/2539/2539
f 2541/2541/2541 2538/2538/2538 2540/2540/2540
f 2542/2542/2542 2539/2539/2539 2541/2541/2541
f 2540/2540/2540 2543/2543/2543 2541/2541/2541
f 2541/2541/2541 2544/2544/2544 2542/2542/2542
f 2544/2544/2544 2541/2541/2541 2543/2543/2543
f 2545/2545/2545 2542/2542/2542 2544/2544/2544
f 2543/2543/2543 2546/2546/2546 2544/2544/2544
f 2544/2544/2544 2547/2547/2547 2545/2545/2545
f 2547/2547/2547 2544/2544/2544 2546/2546/2546
f 2548/2548/2548 2545/2545/2545 2547/2547/2547
f 2549/2549/2549 2547/2547/2547 2546/2546/2546
f 2548/2548/2548 2547/2547/2547 2549/2549/2549
f 2552/2552/2552 2551/2551/2551 2550/2550/2550
f 2553/2553/2553 2550/2550/2550 2551/2551/2551
f 2551/2551/2551 2554/2554/2554 2553/2553/2553
f 2555/2555/2555 2553/2553/2553 2554/2554/2554
f 2550/2550/2550 2553/2553/2553 2556/2556/2556
f 2555/2555/2555 2557/2557/2557 2553/2553/2553
f 2558/2558/2558 2556/2556/2556 2553/2553/2553
f 2558/2558/2558 2553/2553/2553 2557/2557/2557
f 2556/2556/2556 2558/2558/2558 2559/2559/2559
f 2557/2557/2557 2560/2560/2560 2558/2558/2558
f 2561/2561/2561 2559/2559/2559 2558/2558/2558
f 2561/2561/2561 2558/2558/2558 2560/2560/2560
f 2559/2559/2559 2561/2561/2561 2562/2562/2562
f 2560/2560/2560 2563/2563/2563 2561/2561/2561
f 2564/2564/2564 2562/2562/2562 2561/2561/2561
f 2564/2564/2564 2561/2561/2561 2563/2563/2563
f 2562/2562/2562 2564/2564/2564 2565/2565/2565
f 2564/2564/2564 2563/2563/2563 2566/2566/2566
f 2566/2566/2566 2565/2565/2565 2564/2564/2564
f 2567/2567/2567 2566/2566/2566 2563/2563/2563
f 2565/2565/2565 2566/2566/2566 2568/2568/2568
f 2566/2566/2566 2567/2567/2567 2569/2569/2569
f 2569/2569/2569 2568/2568/2568 2566/2566/2566
f 2570/2570/2570 2569/2569/2569 2567/2567/2567
f 2568/2568/2568 2569/2569/2569 2571/2571/2571
f 2569/2569/2569 2570/2570/2570 2572/2572/2572
f 2572/2572/2572 2571/2571/2571 2569/2569/2569
f 2573/2573/2573 2572/2572/2572 2570/2570/2570
f 2571/2571/2571 2572/2572/2572 2574/2574/2574
f 2574/2574/2574 2572/2572/2572 2573/2573/2573
f 1182/1182/1182 1177/1177/1177 2575/2575/2575
f 2575/2575/2575 1189/1189/1189 1182/1182/1182
f 2576/2576/2576 2575/2575/2575 1177/1177/1177
f 2576/2576/2576 1177/1177/1177 1179/1179/1179
f 2576/2576/2576 1179/1179/1179 2577/2577/2577
f 2576/2576/2576 2577/2577/2577 2575/2575/2575
f 2578/2578/2578 2577/2577/2577 1179/1179/1179
f 2579/2579/2579 2577/2577/2577 2578/2578/2578
f 2575/2575/2575 2580/2580/2580 1189/1189/1189
f 2580/2580/2580 2575/2575/2575 2577/2577/2577
f 2580/2580/2580 2577/2577/2577 2579/2579/2579
f 2581/2581/2581 1189/1189/1189 2580/2580/2580
f 2581/2581/2581 2580/2580/2580 2579/2579/2579
f 2583/2583/2583 2582/2582/2582 392/392/392
f 392/392/392 2582/2582/2582 401/401/401
f 2583/2583/2583 2584/2584/2584 2582/2582/2582
f 2585/2585/2585 401/401/401 2582/2582/2582
f 2585/2585/2585 403/403/403 401/401/401
f 403/403/403 2585/2585/2585 2586/2586/2586
f 2587/2587/2587 2582/2582/2582 2584/2584/2584
f 2582/2582/2582 2587/2587/2587 2585/2585/2585
f 2584/2584/2584 2588/2588/2588 2587/2587/2587
f 2589/2589/2589 2586/2586/2586 2585/2585/2585
f 2589/2589/2589 2585/2585/2585 2587/2587/2587
f 2586/2586/2586 2589/2589/2589 2590/2590/2590
f 2591/2591/2591 2587/2587/2587 2588/2588/2588
f 2587/2587/2587 2591/2591/2591 2589/2589/2589
f 2588/2588/2588 2592/2592/2592 2591/2591/2591
f 2593/2593/2593 2590/2590/2590 2589/2589/2589
f 2593/2593/2593 2589/2589/2589 2591/2591/2591
f 2590/2590/2590 2593/2593/2593 2594/2594/2594
f 2595/2595/2595 2591/2591/2591 2592/2592/2592
f 2591/2591/2591 2595/2595/2595 2593/2593/2593
f 2596/2596/2596 2594/2594/2594 2593/2593/2593
f 2596/2596/2596 2593/2593/2593 2595/2595/2595
f 2594/2594/2594 2596/2596/2596 2597/2597/2597
f 2595/2595/2595 2592/2592/2592 2598/2598/2598
f 2595/2595/2595 2598/2598/2598 2596/2596/2596
f 2599/2599/2599 2598/2598/2598 2592/2592/2592
f 2600/2600/2600 2597/2597/2597 2596/2596/2596
f 2600/2600/2600 2596/2596/2596 2598/2598/2598
f 2598/2598/2598 2599/2599/2599 2601/2601/2601
f 2598/2598/2598 2601/2601/2601 2600/2600/2600
f 2602/2602/2602 2601/2601/2601 2599/2599/2599
f 2603/2603/2603 2601/2601/2601 2602/2602/2602
f 2600/2600/2600 2604/2604/2604 2597/2597/2597
f 2604/2604/2604 2600/2600/2600 2601/2601/2601
f 2604/2604/2604 2601/2601/2601 2603/2603/2603
f 2605/2605/2605 2597/2597/2597 2604/2604/2604
f 2604/2604/2604 2603/2603/2603 2605/2605/2605
f 2608/2608/2608 2607/2607/2607 2606/2606/2606
f 2609/2609/2609 2606/2606/2606 2607/2607/2607
f 2609/2609/2609 2610/2610/2610 2606/2606/2606
f 2611/2611/2611 2606/2606/2606 2610/2610/2610
f 2606/2606/2606 2612/2612/2612 2608/2608/2608
f 2606/2606/2606 2611/2611/2611 2612/2612/2612
f 2613/2613/2613 2608/2608/2608 2612/2612/2612
f 2614/2614/2614 2612/2612/2612 2611/2611/2611
f 2612/2612/2612 2615/2615/2615 2613/2613/2613
f 2612/2612/2612 2614/2614/2614 2615/2615/2615
f 2616/2616/2616 2615/2615/2615 2614/2614/2614
f 2617/2617/2617 2613/2613/2613 2615/2615/2615
f 2616/2616/2616 2618/2618/2618 2615/2615/2615
f 2615/2615/2615 2619/2619/2619 2617/2617/2617
f 2619/2619/2619 2615/2615/2615 2618/2618/2618
f 2620/2620/2620 2617/2617/2617 2619/2619/2619
f 2618/2618/2618 2621/2621/2621 2619/2619/2619
f 2619/2619/2619 2622/2622/2622 2620/2620/2620
f 2622/2622/2622 2619/2619/2619 2621/2621/2621
f 2623/2623/2623 2620/2620/2620 2622/2622/2622
f 2621/2621/2621 2624/2624/2624 2622/2622/2622
f 2622/2622/2622 2625/2625/2625 2623/2623/2623
f 2625/2625/2625 2622/2622/2622 2624/2624/2624
f 2626/2626/2626 2623/2623/2623 2625/2625/2625
f 2624/2624/2624 2627/2627/2627 2625/2625/2625
f 2626/2626/2626 2625/2625/2625 2628/2628/2628
f 2629/2629/2629 2625/2625/2625 2627/2627/2627
f 2629/2629/2629 2628/2628/2628 2625/2625/2625
f 2627/2627/2627 2630/2630/2630 2629/2629/2629
f 2628/2628/2628 2629/2629/2629 2631/2631/2631
f 2632/2632/2632 2629/2629/2629 2630/2630/2630
f 2632/2632/2632 2631/2631/2631 2629/2629/2629
f 2630/2630/2630 2633/2633/2633 2632/2632/2632
f 2631/2631/2631 2632/2632/2632 2634/2634/2634
f 2635/2635/2635 2632/2632/2632 2633/2633/2633
f 2635/2635/2635 2634/2634/2634 2632/2632/2632
f 2633/2633/2633 2636/2636/2636 2635/2635/2635
f 2634/2634/2634 2635/2635/2635 2637/2637/2637
f 2638/2638/2638 2635/2635/2635 2636/2636/2636
f 2638/2638/2638 2637/2637/2637 2635/2635/2635
f 2636/2636/2636 2639/2639/2639 2638/2638/2638
f 2637/2637/2637 2638/2638/2638 2639/2639/2639
f 2642/2642/2642 2641/2641/2641 2640/2640/2640
f 2640/2640/2640 2643/2643/2643 2642/2642/2642
f 2644/2644/2644 2640/2640/2640 2641/2641/2641
f 2641/2641/2641 2645/2645/2645 2644/2644/2644
f 2640/2640/2640 2646/2646/2646 2643/2643/2643
f 2640/2640/2640 2644/2644/2644 2646/2646/2646
f 2647/2647/2647 2644/2644/2644 2645/2645/2645
f 2645/2645/2645 2648/2648/2648 2647/2647/2647
f 2643/2643/2643 2646/2646/2646 2649/2649/2649
f 2649/2649/2649 2650/2650/2650 2643/2643/2643
f 2650/2650/2650 2649/2649/2649 2651/2651/2651
f 2652/2652/2652 2646/2646/2646 2644/2644/2644
f 2646/2646/2646 2652/2652/2652 2649/2649/2649
f 2644/2644/2644 2647/2647/2647 2652/2652/2652
f 2653/2653/2653 2647/2647/2647 2648/2648/2648
f 2648/2648/2648 2654/2654/2654 2653/2653/2653
f 2655/2655/2655 2651/2651/2651 2649/2649/2649
f 2655/2655/2655 2649/2649/2649 2652/2652/2652
f 2656/2656/2656 2652/2652/2652 2647/2647/2647
f 2652/2652/2652 2656/2656/2656 2655/2655/2655
f 2647/2647/2647 2653/2653/2653 2656/2656/2656
f 2655/2655/2655 2657/2657/2657 2651/2651/2651
f 2657/2657/2657 2655/2655/2655 2656/2656/2656
f 2658/2658/2658 2651/2651/2651 2657/2657/2657
f 2659/2659/2659 2653/2653/2653 2654/2654/2654
f 2654/2654/2654 2660/2660/2660 2659/2659/2659
f 2661/2661/2661 2656/2656/2656 2653/2653/2653
f 2656/2656/2656 2661/2661/2661 2657/2657/2657
f 2653/2653/2653 2659/2659/2659 2661/2661/2661
f 2657/2657/2657 2662/2662/2662 2658/2658/2658
f 2662/2662/2662 2657/2657/2657 2661/2661/2661
f 2663/2663/2663 2658/2658/2658 2662/2662/2662
f 2664/2664/2664 2661/2661/2661 2659/2659/2659
f 2661/2661/2661 2664/2664/2664 2662/2662/2662
f 2662/2662/2662 2665/2665/2665 2663/2663/2663
f 2665/2665/2665 2662/2662/2662 2664/2664/2664
f 2666/2666/2666 2663/2663/2663 2665/2665/2665
f 2667/2667/2667 2659/2659/2659 2660/2660/2660
f 2659/2659/2659 2667/2667/2667 2664/2664/2664
f 2665/2665/2665 2668/2668/2668 2666/2666/2666
f 2669/2669/2669 2666/2666/2666 2668/2668/2668
f 2664/2664/2664 2670/2670/2670 2665/2665/2665
f 2670/2670/2670 2664/2664/2664 2667/2667/2667
f 2668/2668/2668 2665/2665/2665 2670/2670/2670
f 2667/2667/2667 2660/2660/2660 2671/2671/2671
f 2667/2667/2667 2671/2671/2671 2670/2670/2670
f 2672/2672/2672 2671/2671/2671 2660/2660/2660
f 2668/2668/2668 2673/2673/2673 2669/2669/2669
f 2674/2674/2674 2669/2669/2669 2673/2673/2673
f 2670/2670/2670 2675/2675/2675 2668/2668/2668
f 2675/2675/2675 2670/2670/2670 2671/2671/2671
f 2673/2673/2673 2668/2668/2668 2675/2675/2675
f 2671/2671/2671 2672/2672/2672 2676/2676/2676
f 2671/2671/2671 2676/2676/2676 2675/2675/2675
f 2673/2673/2673 2677/2677/2677 2674/2674/2674
f 2678/2678/2678 2674/2674/2674 2677/2677/2677
f 2675/2675/2675 2679/2679/2679 2673/2673/2673
f 2679/2679/2679 2675/2675/2675 2676/2676/2676
f 2677/2677/2677 2673/2673/2673 2679/2679/2679
f 2680/2680/2680 2676/2676/2676 2672/2672/2672
f 2680/2680/2680 2672/2672/2672 2681/2681/2681
f 2677/2677/2677 2682/2682/2682 2678/2678/2678
f 2683/2683/2683 2678/2678/2678 2682/2682/2682
f 2679/2679/2679 2684/2684/2684 2677/2677/2677
f 2682/2682/2682 2677/2677/2677 2684/2684/2684
f 2676/2676/2676 2685/2685/2685 2679/2679/2679
f 2676/2676/2676 2680/2680/2680 2685/2685/2685
f 2684/2684/2684 2679/2679/2679 2685/2685/2685
f 2680/2680/2680 2681/2681/2681 2686/2686/2686
f 2686/2686/2686 2685/2685/2685 2680/2680/2680
f 2687/2687/2687 2686/2686/2686 2681/2681/2681
f 2682/2682/2682 2688/2688/2688 2683/2683/2683
f 2689/2689/2689 2683/2683/2683 2688/2688/2688
f 2684/2684/2684 2690/2690/2690 2682/2682/2682
f 2688/2688/2688 2682/2682/2682 2690/2690/2690
f 2685/2685/2685 2691/2691/2691 2684/2684/2684
f 2685/2685/2685 2686/2686/2686 2691/2691/2691
f 2690/2690/2690 2684/2684/2684 2691/2691/2691
f 2686/2686/2686 2687/2687/2687 2692/2692/2692
f 2692/2692/2692 2691/2691/2691 2686/2686/2686
f 2693/2693/2693 2692/2692/2692 2687/2687/2687
f 2688/2688/2688 2694/2694/2694 2689/2689/2689
f 2695/2695/2695 2689/2689/2689 2694/2694/2694
f 2695/2695/2695 2694/2694/2694 2696/2696/2696
f 2690/2690/2690 2697/2697/2697 2688/2688/2688
f 2690/2690/2690 2691/2691/2691 2697/2697/2697
f 2694/2694/2694 2688/2688/2688 2697/2697/2697
f 2696/2696/2696 2694/2694/2694 2698/2698/2698
f 2697/2697/2697 2698/2698/2698 2694/2694/2694
f 2696/2696/2696 2698/2698/2698 2699/2699/2699
f 2700/2700/2700 2697/2697/2697 2691/2691/2691
f 2691/2691/2691 2692/2692/2692 2700/2700/2700
f 2697/2697/2697 2700/2700/2700 2698/2698/2698
f 2692/2692/2692 2693/2693/2693 2701/2701/2701
f 2701/2701/2701 2700/2700/2700 2692/2692/2692
f 2702/2702/2702 2701/2701/2701 2693/2693/2693
f 2703/2703/2703 2699/2699/2699 2698/2698/2698
f 2699/2699/2699 2703/2703/2703 2704/2704/2704
f 2705/2705/2705 2698/2698/2698 2700/2700/2700
f 2700/2700/2700 2701/2701/2701 2705/2705/2705
f 2698/2698/2698 2705/2705/2705 2703/2703/2703
f 2701/2701/2701 2702/2702/2702 2706/2706/2706
f 2706/2706/2706 2705/2705/2705 2701/2701/2701
f 2707/2707/2707 2706/2706/2706 2702/2702/2702
f 2707/2707/2707 2708/2708/2708 2706/2706/2706
f 2709/2709/2709 2704/2704/2704 2703/2703/2703
f 2704/2704/2704 2709/2709/2709 2710/2710/2710
f 2711/2711/2711 2703/2703/2703 2705/2705/2705
f 2705/2705/2705 2706/2706/2706 2711/2711/2711
f 2703/2703/2703 2711/2711/2711 2709/2709/2709
f 2712/2712/2712 2706/2706/2706 2708/2708/2708
f 2712/2712/2712 2711/2711/2711 2706/2706/2706
f 2713/2713/2713 2712/2712/2712 2708/2708/2708
f 2711/2711/2711 2712/2712/2712 2714/2714/2714
f 2714/2714/2714 2709/2709/2709 2711/2711/2711
f 2713/2713/2713 2714/2714/2714 2712/2712/2712
f 2715/2715/2715 2710/2710/2710 2709/2709/2709
f 2709/2709/2709 2714/2714/2714 2715/2715/2715
f 2710/2710/2710 2715/2715/2715 2716/2716/2716
f 2714/2714/2714 2713/2713/2713 2717/2717/2717
f 2717/2717/2717 2715/2715/2715 2714/2714/2714
f 2718/2718/2718 2717/2717/2717 2713/2713/2713
f 2719/2719/2719 2716/2716/2716 2715/2715/2715
f 2715/2715/2715 2717/2717/2717 2719/2719/2719
f 2716/2716/2716 2719/2719/2719 2720/2720/2720
f 2717/2717/2717 2718/2718/2718 2721/2721/2721
f 2721/2721/2721 2719/2719/2719 2717/2717/2717
f 2722/2722/2722 2721/2721/2721 2718/2718/2718
f 2723/2723/2723 2720/2720/2720 2719/2719/2719
f 2719/2719/2719 2721/2721/2721 2723/2723/2723
f 2720/2720/2720 2723/2723/2723 2724/2724/2724
f 2721/2721/2721 2722/2722/2722 2725/2725/2725
f 2725/2725/2725 2723/2723/2723 2721/2721/2721
f 2726/2726/2726 2725/2725/2725 2722/2722/2722
f 2726/2726/2726 2727/2727/2727 2725/2725/2725
f 2728/2728/2728 2724/2724/2724 2723/2723/2723
f 2723/2723/2723 2725/2725/2725 2728/2728/2728
f 2724/2724/2724 2728/2728/2728 2729/2729/2729
f 2730/2730/2730 2725/2725/2725 2727/2727/2727
f 2730/2730/2730 2728/2728/2728 2725/2725/2725
f 2727/2727/2727 2731/2731/2731 2730/2730/2730
f 2732/2732/2732 2730/2730/2730 2731/2731/2731
f 2730/2730/2730 2732/2732/2732 2728/2728/2728
f 2731/2731/2731 2733/2733/2733 2732/2732/2732
f 2734/2734/2734 2729/2729/2729 2728/2728/2728
f 2734/2734/2734 2728/2728/2728 2732/2732/2732
f 2729/2729/2729 2734/2734/2734 2735/2735/2735
f 2736/2736/2736 2732/2732/2732 2733/2733/2733
f 2732/2732/2732 2736/2736/2736 2734/2734/2734
f 2733/2733/2733 2737/2737/2737 2736/2736/2736
f 2738/2738/2738 2735/2735/2735 2734/2734/2734
f 2738/2738/2738 2734/2734/2734 2736/2736/2736
f 2739/2739/2739 2736/2736/2736 2737/2737/2737
f 2736/2736/2736 2739/2739/2739 2738/2738/2738
f 2738/2738/2738 2740/2740/2740 2735/2735/2735
f 2740/2740/2740 2738/2738/2738 2739/2739/2739
f 2741/2741/2741 2735/2735/2735 2740/2740/2740
f 2741/2741/2741 2740/2740/2740 2742/2742/2742
f 2739/2739/2739 2737/2737/2737 2743/2743/2743
f 2740/2740/2740 2739/2739/2739 2743/2743/2743
f 2743/2743/2743 2742/2742/2742 2740/2740/2740
f 2744/2744/2744 2743/2743/2743 2737/2737/2737
f 2744/2744/2744 2742/2742/2742 2743/2743/2743
f 2747/2747/2747 2746/2746/2746 2745/2745/2745
f 2747/2747/2747 2745/2745/2745 2748/2748/2748
f 2749/2749/2749 2745/2745/2745 2746/2746/2746
f 2746/2746/2746 2750/2750/2750 2749/2749/2749
f 2751/2751/2751 2748/2748/2748 2745/2745/2745
f 2748/2748/2748 2751/2751/2751 2752/2752/2752
f 2753/2753/2753 2752/2752/2752 2751/2751/2751
f 2752/2752/2752 2753/2753/2753 2754/2754/2754
f 2751/2751/2751 2745/2745/2745 2755/2755/2755
f 2751/2751/2751 2755/2755/2755 2753/2753/2753
f 2756/2756/2756 2754/2754/2754 2753/2753/2753
f 2756/2756/2756 2753/2753/2753 2755/2755/2755
f 2757/2757/2757 2754/2754/2754 2756/2756/2756
f 2756/2756/2756 2755/2755/2755 2757/2757/2757
f 2758/2758/2758 2757/2757/2757 2755/2755/2755
f 2759/2759/2759 2755/2755/2755 2745/2745/2745
f 2755/2755/2755 2759/2759/2759 2758/2758/2758
f 2745/2745/2745 2749/2749/2749 2759/2759/2759
f 2760/2760/2760 2758/2758/2758 2759/2759/2759
f 2759/2759/2759 2761/2761/2761 2760/2760/2760
f 2761/2761/2761 2759/2759/2759 2749/2749/2749
f 2762/2762/2762 2760/2760/2760 2761/2761/2761
f 2749/2749/2749 2763/2763/2763 2761/2761/2761
f 2763/2763/2763 2749/2749/2749 2750/2750/2750
f 2761/2761/2761 2764/2764/2764 2762/2762/2762
f 2764/2764/2764 2761/2761/2761 2763/2763/2763
f 2765/2765/2765 2762/2762/2762 2764/2764/2764
f 2763/2763/2763 2750/2750/2750 2766/2766/2766
f 2763/2763/2763 2766/2766/2766 2764/2764/2764
f 2767/2767/2767 2766/2766/2766 2750/2750/2750
f 2764/2764/2764 2768/2768/2768 2765/2765/2765
f 2768/2768/2768 2764/2764/2764 2766/2766/2766
f 2769/2769/2769 2765/2765/2765 2768/2768/2768
f 2769/2769/2769 2768/2768/2768 2770/2770/2770
f 2766/2766/2766 2767/2767/2767 2771/2771/2771
f 2766/2766/2766 2771/2771/2771 2768/2768/2768
f 2772/2772/2772 2771/2771/2771 2767/2767/2767
f 2772/2772/2772 2773/2773/2773 2771/2771/2771
f 2774/2774/2774 2770/2770/2770 2768/2768/2768
f 2774/2774/2774 2768/2768/2768 2771/2771/2771
f 2770/2770/2770 2774/2774/2774 2775/2775/2775
f 2776/2776/2776 2771/2771/2771 2773/2773/2773
f 2771/2771/2771 2776/2776/2776 2774/2774/2774
f 2773/2773/2773 2777/2777/2777 2776/2776/2776
f 2778/2778/2778 2775/2775/2775 2774/2774/2774
f 2778/2778/2778 2774/2774/2774 2776/2776/2776
f 2775/2775/2775 2778/2778/2778 2779/2779/2779
f 2780/2780/2780 2776/2776/2776 2777/2777/2777
f 2776/2776/2776 2780/2780/2780 2778/2778/2778
f 2777/2777/2777 2781/2781/2781 2780/2780/2780
f 2782/2782/2782 2779/2779/2779 2778/2778/2778
f 2782/2782/2782 2778/2778/2778 2780/2780/2780
f 2779/2779/2779 2782/2782/2782 2783/2783/2783
f 2784/2784/2784 2780/2780/2780 2781/2781/2781
f 2780/2780/2780 2784/2784/2784 2782/2782/2782
f 2781/2781/2781 2785/2785/2785 2784/2784/2784
f 2786/2786/2786 2784/2784/2784 2785/2785/2785
f 2787/2787/2787 2783/2783/2783 2782/2782/2782
f 2787/2787/2787 2782/2782/2782 2784/2784/2784
f 2784/2784/2784 2786/2786/2786 2787/2787/2787
f 2783/2783/2783 2787/2787/2787 2788/2788/2788
f 2789/2789/2789 2787/2787/2787 2786/2786/2786
f 2789/2789/2789 2788/2788/2788 2787/2787/2787
f 2792/2792/2792 2791/2791/2791 2790/2790/2790
f 2792/2792/2792 2790/2790/2790 2793/2793/2793
f 2794/2794/2794 2790/2790/2790 2791/2791/2791
f 2791/2791/2791 2795/2795/2795 2794/2794/2794
f 2793/2793/2793 2790/2790/2790 2796/2796/2796
f 2790/2790/2790 2794/2794/2794 2796/2796/2796
f 2796/2796/2796 2797/2797/2797 2793/2793/2793
f 2797/2797/2797 2796/2796/2796 2798/2798/2798
f 2799/2799/2799 2798/2798/2798 2796/2796/2796
f 2799/2799/2799 2796/2796/2796 2794/2794/2794
f 2798/2798/2798 2799/2799/2799 2800/2800/2800
f 2801/2801/2801 2800/2800/2800 2799/2799/2799
f 2799/2799/2799 2794/2794/2794 2801/2801/2801
f 2800/2800/2800 2801/2801/2801 2802/2802/2802
f 2803/2803/2803 2794/2794/2794 2795/2795/2795
f 2803/2803/2803 2801/2801/2801 2794/2794/2794
f 2795/2795/2795 2804/2804/2804 2803/2803/2803
f 2805/2805/2805 2802/2802/2802 2801/2801/2801
f 2801/2801/2801 2803/2803/2803 2805/2805/2805
f 2806/2806/2806 2803/2803/2803 2804/2804/2804
f 2806/2806/2806 2805/2805/2805 2803/2803/2803
f 2804/2804/2804 2807/2807/2807 2806/2806/2806
f 2808/2808/2808 2806/2806/2806 2807/2807/2807
f 2806/2806/2806 2808/2808/2808 2805/2805/2805
f 2807/2807/2807 2809/2809/2809 2808/2808/2808
f 2805/2805/2805 2810/2810/2810 2802/2802/2802
f 2810/2810/2810 2805/2805/2805 2808/2808/2808
f 2811/2811/2811 2802/2802/2802 2810/2810/2810
f 2812/2812/2812 2808/2808/2808 2809/2809/2809
f 2808/2808/2808 2812/2812/2812 2810/2810/2810
f 2812/2812/2812 2809/2809/2809 2813/2813/2813
f 2810/2810/2810 2814/2814/2814 2811/2811/2811
f 2814/2814/2814 2810/2810/2810 2812/2812/2812
f 2812/2812/2812 2813/2813/2813 2814/2814/2814
f 2815/2815/2815 2811/2811/2811 2814/2814/2814
f 2816/2816/2816 2814/2814/2814 2813/2813/2813
f 2814/2814/2814 2816/2816/2816 2815/2815/2815
f 2817/2817/2817 2815/2815/2815 2816/2816/2816
f 2813/2813/2813 2818/2818/2818 2816/2816/2816
f 2817/2817/2817 2816/2816/2816 2819/2819/2819
f 2820/2820/2820 2816/2816/2816 2818/2818/2818
f 2820/2820/2820 2819/2819/2819 2816/2816/2816
f 2820/2820/2820 2818/2818/2818 2821/2821/2821
f 2819/2819/2819 2820/2820/2820 2821/2821/2821
f 2824/2824/2824 2823/2823/2823 2822/2822/2822
f 2824/2824/2824 2825/2825/2825 2823/2823/2823
f 2826/2826/2826 2822/2822/2822 2823/2823/2823
f 2826/2826/2826 2827/2827/2827 2822/2822/2822
f 2828/2828/2828 2822/2822/2822 2827/2827/2827
f 2827/2827/2827 2829/2829/2829 2828/2828/2828
f 2830/2830/2830 2828/2828/2828 2829/2829/2829
f 2829/2829/2829 2831/2831/2831 2830/2830/2830
f 2832/2832/2832 2830/2830/2830 2831/2831/2831
f 2832/2832/2832 2831/2831/2831 2833/2833/2833
f 2829/2829/2829 2827/2827/2827 2834/2834/2834
f 2834/2834/2834 2831/2831/2831 2829/2829/2829
f 2827/2827/2827 2826/2826/2826 2835/2835/2835
f 2835/2835/2835 2834/2834/2834 2827/2827/2827
f 2826/2826/2826 2823/2823/2823 2836/2836/2836
f 2836/2836/2836 2835/2835/2835 2826/2826/2826
f 2825/2825/2825 2837/2837/2837 2823/2823/2823
f 2837/2837/2837 2836/2836/2836 2823/2823/2823
f 2836/2836/2836 2838/2838/2838 2835/2835/2835
f 2836/2836/2836 2837/2837/2837 2838/2838/2838
f 2839/2839/2839 2837/2837/2837 2825/2825/2825
f 2839/2839/2839 2838/2838/2838 2837/2837/2837
f 2825/2825/2825 2840/2840/2840 2839/2839/2839
f 2839/2839/2839 2840/2840/2840 2838/2838/2838
f 2841/2841/2841 2838/2838/2838 2840/2840/2840
f 2842/2842/2842 2835/2835/2835 2838/2838/2838
f 2838/2838/2838 2841/2841/2841 2842/2842/2842
f 2835/2835/2835 2842/2842/2842 2834/2834/2834
f 2843/2843/2843 2842/2842/2842 2841/2841/2841
f 2842/2842/2842 2843/2843/2843 2844/2844/2844
f 2844/2844/2844 2834/2834/2834 2842/2842/2842
f 2845/2845/2845 2844/2844/2844 2843/2843/2843
f 2844/2844/2844 2846/2846/2846 2834/2834/2834
f 2844/2844/2844 2845/2845/2845 2846/2846/2846
f 2847/2847/2847 2846/2846/2846 2845/2845/2845
f 2847/2847/2847 2848/2848/2848 2846/2846/2846
f 2831/2831/2831 2834/2834/2834 2846/2846/2846
f 2849/2849/2849 2846/2846/2846 2848/2848/2848
f 2846/2846/2846 2849/2849/2849 2831/2831/2831
f 2850/2850/2850 2849/2849/2849 2848/2848/2848
f 2851/2851/2851 2831/2831/2831 2849/2849/2849
f 2851/2851/2851 2833/2833/2833 2831/2831/2831
f 2833/2833/2833 2851/2851/2851 2852/2852/2852
f 2851/2851/2851 2849/2849/2849 2853/2853/2853
f 2853/2853/2853 2852/2852/2852 2851/2851/2851
f 2850/2850/2850 2853/2853/2853 2849/2849/2849
f 2852/2852/2852 2853/2853/2853 2854/2854/2854
f 2853/2853/2853 2850/2850/2850 2855/2855/2855
f 2855/2855/2855 2854/2854/2854 2853/2853/2853
f 2856/2856/2856 2855/2855/2855 2850/2850/2850
f 2854/2854/2854 2855/2855/2855 2857/2857/2857
f 2855/2855/2855 2856/2856/2856 2858/2858/2858
f 2858/2858/2858 2857/2857/2857 2855/2855/2855
f 2859/2859/2859 2858/2858/2858 2856/2856/2856
f 2857/2857/2857 2858/2858/2858 2860/2860/2860
f 2858/2858/2858 2859/2859/2859 2861/2861/2861
f 2861/2861/2861 2860/2860/2860 2858/2858/2858
f 2862/2862/2862 2861/2861/2861 2859/2859/2859
f 2860/2860/2860 2861/2861/2861 2863/2863/2863
f 2861/2861/2861 2862/2862/2862 2864/2864/2864
f 2864/2864/2864 2863/2863/2863 2861/2861/2861
f 2865/2865/2865 2864/2864/2864 2862/2862/2862
f 2863/2863/2863 2864/2864/2864 2866/2866/2866
f 2864/2864/2864 2865/2865/2865 2867/2867/2867
f 2867/2867/2867 2866/2866/2866 2864/2864/2864
f 2868/2868/2868 2867/2867/2867 2865/2865/2865
f 2866/2866/2866 2867/2867/2867 2869/2869/2869
f 2867/2867/2867 2868/2868/2868 2870/2870/2870
f 2870/2870/2870 2869/2869/2869 2867/2867/2867
f 2871/2871/2871 2870/2870/2870 2868/2868/2868
f 2869/2869/2869 2870/2870/2870 2872/2872/2872
f 2871/2871/2871 2873/2873/2873 2870/2870/2870
f 2874/2874/2874 2872/2872/2872 2870/2870/2870
f 2874/2874/2874 2870/2870/2870 2873/2873/2873
f 2872/2872/2872 2874/2874/2874 2875/2875/2875
f 2873/2873/2873 2876/2876/2876 2874/2874/2874
f 2877/2877/2877 2875/2875/2875 2874/2874/2874
f 2877/2877/2877 2874/2874/2874 2876/2876/2876
f 2875/2875/2875 2877/2877/2877 2878/2878/2878
f 2876/2876/2876 2879/2879/2879 2877/2877/2877
f 2880/2880/2880 2878/2878/2878 2877/2877/2877
f 2880/2880/2880 2877/2877/2877 2879/2879/2879
f 2883/2883/2883 2882/2882/2882 2881/2881/2881
f 2883/2883/2883 2881/2881/2881 2884/2884/2884
f 2885/2885/2885 2881/2881/2881 2882/2882/2882
f 2882/2882/2882 2886/2886/2886 2885/2885/2885
f 2887/2887/2887 2884/2884/2884 2881/2881/2881
f 2884/2884/2884 2887/2887/2887 2888/2888/2888
f 2889/2889/2889 2885/2885/2885 2886/2886/2886
f 2886/2886/2886 2890/2890/2890 2889/2889/2889
f 2891/2891/2891 2888/2888/2888 2887/2887/2887
f 2888/2888/2888 2891/2891/2891 2892/2892/2892
f 2893/2893/2893 2889/2889/2889 2890/2890/2890
f 2890/2890/2890 2894/2894/2894 2893/2893/2893
f 2895/2895/2895 2892/2892/2892 2891/2891/2891
f 2892/2892/2892 2895/2895/2895 2896/2896/2896
f 2897/2897/2897 2893/2893/2893 2894/2894/2894
f 2894/2894/2894 2898/2898/2898 2897/2897/2897
f 2899/2899/2899 2896/2896/2896 2895/2895/2895
f 2899/2899/2899 2900/2900/2900 2896/2896/2896
f 2901/2901/2901 2900/2900/2900 2899/2899/2899
f 2899/2899/2899 2895/2895/2895 2901/2901/2901
f 2902/2902/2902 2900/2900/2900 2901/2901/2901
f 2903/2903/2903 2901/2901/2901 2895/2895/2895
f 2901/2901/2901 2903/2903/2903 2902/2902/2902
f 2895/2895/2895 2891/2891/2891 2903/2903/2903
f 2904/2904/2904 2902/2902/2902 2903/2903/2903
f 2905/2905/2905 2903/2903/2903 2891/2891/2891
f 2903/2903/2903 2905/2905/2905 2904/2904/2904
f 2891/2891/2891 2887/2887/2887 2905/2905/2905
f 2906/2906/2906 2904/2904/2904 2905/2905/2905
f 2907/2907/2907 2905/2905/2905 2887/2887/2887
f 2905/2905/2905 2907/2907/2907 2906/2906/2906
f 2887/2887/2887 2881/2881/2881 2907/2907/2907
f 2908/2908/2908 2906/2906/2906 2907/2907/2907
f 2909/2909/2909 2907/2907/2907 2881/2881/2881
f 2907/2907/2907 2909/2909/2909 2908/2908/2908
f 2881/2881/2881 2885/2885/2885 2909/2909/2909
f 2910/2910/2910 2908/2908/2908 2909/2909/2909
f 2911/2911/2911 2909/2909/2909 2885/2885/2885
f 2909/2909/2909 2911/2911/2911 2910/2910/2910
f 2885/2885/2885 2889/2889/2889 2911/2911/2911
f 2912/2912/2912 2910/2910/2910 2911/2911/2911
f 2913/2913/2913 2911/2911/2911 2889/2889/2889
f 2911/2911/2911 2913/2913/2913 2912/2912/2912
f 2914/2914/2914 2912/2912/2912 2913/2913/2913
f 2889/2889/2889 2893/2893/2893 2913/2913/2913
f 2914/2914/2914 2913/2913/2913 2915/2915/2915
f 2916/2916/2916 2913/2913/2913 2893/2893/2893
f 2916/2916/2916 2915/2915/2915 2913/2913/2913
f 2915/2915/2915 2916/2916/2916 2917/2917/2917
f 2893/2893/2893 2897/2897/2897 2916/2916/2916
f 2918/2918/2918 2917/2917/2917 2916/2916/2916
f 2918/2918/2918 2916/2916/2916 2897/2897/2897
f 2917/2917/2917 2918/2918/2918 2919/2919/2919
f 2920/2920/2920 2919/2919/2919 2918/2918/2918
f 2918/2918/2918 2897/2897/2897 2920/2920/2920
f 2919/2919/2919 2920/2920/2920 2921/2921/2921
f 2922/2922/2922 2920/2920/2920 2897/2897/2897
f 2922/2922/2922 2897/2897/2897 2898/2898/2898
f 2898/2898/2898 2923/2923/2923 2922/2922/2922
f 2924/2924/2924 2921/2921/2921 2920/2920/2920
f 2920/2920/2920 2922/2922/2922 2924/2924/2924
f 2921/2921/2921 2924/2924/2924 2925/2925/2925
f 2926/2926/2926 2925/2925/2925 2924/2924/2924
f 2927/2927/2927 2922/2922/2922 2923/2923/2923
f 2927/2927/2927 2924/2924/2924 2922/2922/2922
f 2924/2924/2924 2927/2927/2927 2926/2926/2926
f 2923/2923/2923 2928/2928/2928 2927/2927/2927
f 2929/2929/2929 2926/2926/2926 2927/2927/2927
f 2929/2929/2929 2927/2927/2927 2928/2928/2928
f 2932/2932/2932 2931/2931/2931 2930/2930/2930
f 2931/2931/2931 2932/2932/2932 2933/2933/2933
f 2931/2931/2931 2934/2934/2934 2930/2930/2930
f 2931/2931/2931 2933/2933/2933 2934/2934/2934
f 2935/2935/2935 2934/2934/2934 2933/2933/2933
f 2936/2936/2936 2930/2930/2930 2934/2934/2934
f 2935/2935/2935 2937/2937/2937 2934/2934/2934
f 2934/2934/2934 2938/2938/2938 2936/2936/2936
f 2938/2938/2938 2934/2934/2934 2937/2937/2937
f 2939/2939/2939 2936/2936/2936 2938/2938/2938
f 2938/2938/2938 2937/2937/2937 2940/2940/2940
f 2938/2938/2938 2940/2940/2940 2939/2939/2939
f 2941/2941/2941 2939/2939/2939 2940/2940/2940
f 2942/2942/2942 2940/2940/2940 2937/2937/2937
f 2941/2941/2941 2940/2940/2940 2943/2943/2943
f 2940/2940/2940 2942/2942/2942 2944/2944/2944
f 2944/2944/2944 2943/2943/2943 2940/2940/2940
f 2942/2942/2942 2945/2945/2945 2944/2944/2944
f 2945/2945/2945 2946/2946/2946 2944/2944/2944
f 2943/2943/2943 2944/2944/2944 2947/2947/2947
f 2948/2948/2948 2944/2944/2944 2946/2946/2946
f 2948/2948/2948 2947/2947/2947 2944/2944/2944
f 2946/2946/2946 2949/2949/2949 2948/2948/2948
f 2948/2948/2948 2950/2950/2950 2947/2947/2947
f 2950/2950/2950 2948/2948/2948 2949/2949/2949
f 2951/2951/2951 2947/2947/2947 2950/2950/2950
f 2949/2949/2949 2952/2952/2952 2950/2950/2950
f 2951/2951/2951 2950/2950/2950 2953/2953/2953
f 2954/2954/2954 2950/2950/2950 2952/2952/2952
f 2954/2954/2954 2953/2953/2953 2950/2950/2950
f 2952/2952/2952 2955/2955/2955 2954/2954/2954
f 2953/2953/2953 2954/2954/2954 2956/2956/2956
f 2957/2957/2957 2954/2954/2954 2955/2955/2955
f 2957/2957/2957 2956/2956/2956 2954/2954/2954
f 2955/2955/2955 2958/2958/2958 2957/2957/2957
f 2956/2956/2956 2957/2957/2957 2959/2959/2959
f 2960/2960/2960 2957/2957/2957 2958/2958/2958
f 2960/2960/2960 2959/2959/2959 2957/2957/2957
f 2963/2963/2963 2962/2962/2962 2961/2961/2961
f 2963/2963/2963 2964/2964/2964 2962/2962/2962
f 2964/2964/2964 2965/2965/2965 2962/2962/2962
f 2962/2962/2962 2966/2966/2966 2961/2961/2961
f 2966/2966/2966 2962/2962/2962 2965/2965/2965
f 2967/2967/2967 2961/2961/2961 2966/2966/2966
f 2965/2965/2965 2968/2968/2968 2966/2966/2966
f 2966/2966/2966 2969/2969/2969 2967/2967/2967
f 2969/2969/2969 2966/2966/2966 2968/2968/2968
f 2970/2970/2970 2967/2967/2967 2969/2969/2969
f 2968/2968/2968 2971/2971/2971 2969/2969/2969
f 2969/2969/2969 2972/2972/2972 2970/2970/2970
f 2972/2972/2972 2969/2969/2969 2971/2971/2971
f 2973/2973/2973 2970/2970/2970 2972/2972/2972
f 2972/2972/2972 2971/2971/2971 2974/2974/2974
f 2972/2972/2972 2974/2974/2974 2973/2973/2973
f 2975/2975/2975 2974/2974/2974 2971/2971/2971
f 2976/2976/2976 2973/2973/2973 2974/2974/2974
f 2974/2974/2974 2975/2975/2975 2977/2977/2977
f 2974/2974/2974 2977/2977/2977 2976/2976/2976
f 2978/2978/2978 2976/2976/2976 2977/2977/2977
f 2979/2979/2979 2977/2977/2977 2975/2975/2975
f 2978/2978/2978 2977/2977/2977 2980/2980/2980
f 2977/2977/2977 2979/2979/2979 2981/2981/2981
f 2981/2981/2981 2980/2980/2980 2977/2977/2977
f 2982/2982/2982 2981/2981/2981 2979/2979/2979
f 2980/2980/2980 2981/2981/2981 2983/2983/2983
f 2981/2981/2981 2982/2982/2982 2984/2984/2984
f 2984/2984/2984 2983/2983/2983 2981/2981/2981
f 2985/2985/2985 2984/2984/2984 2982/2982/2982
f 2983/2983/2983 2984/2984/2984 2986/2986/2986
f 2984/2984/2984 2985/2985/2985 2987/2987/2987
f 2987/2987/2987 2986/2986/2986 2984/2984/2984
f 2988/2988/2988 2987/2987/2987 2985/2985/2985
f 2986/2986/2986 2987/2987/2987 2989/2989/2989
f 2987/2987/2987 2988/2988/2988 2990/2990/2990
f 2990/2990/2990 2989/2989/2989 2987/2987/2987
f 2991/2991/2991 2990/2990/2990 2988/2988/2988
f 2989/2989/2989 2990/2990/2990 2992/2992/2992
f 2990/2990/2990 2991/2991/2991 2993/2993/2993
f 2993/2993/2993 2992/2992/2992 2990/2990/2990
f 2993/2993/2993 2994/2994/2994 2992/2992/2992
f 2995/2995/2995 2993/2993/2993 2991/2991/2991
f 2993/2993/2993 2995/2995/2995 2994/2994/2994
f 2996/2996/2996 2992/2992/2992 2994/2994/2994
f 2997/2997/2997 2994/2994/2994 2995/2995/2995
f 2996/2996/2996 2994/2994/2994 2998/2998/2998
f 2997/2997/2997 2999/2999/2999 2994/2994/2994
f 3000/3000/3000 2998/2998/2998 2994/2994/2994
f 3000/3000/3000 2994/2994/2994 2999/2999/2999
f 3003/3003/3003 3002/3002/3002 3001/3001/3001
f 3004/3004/3004 3002/3002/3002 3003/3003/3003
f 3004/3004/3004 3003/3003/3003 3005/3005/3005
f 3003/3003/3003 3001/3001/3001 3006/3006/3006
f 3006/3006/3006 3005/3005/3005 3003/3003/3003
f 3007/3007/3007 3006/3006/3006 3001/3001/3001
f 3005/3005/3005 3006/3006/3006 3008/3008/3008
f 3006/3006/3006 3007/3007/3007 3009/3009/3009
f 3009/3009/3009 3008/3008/3008 3006/3006/3006
f 3010/3010/3010 3009/3009/3009 3007/3007/3007
f 3008/3008/3008 3009/3009/3009 3011/3011/3011
f 3009/3009/3009 3010/3010/3010 3012/3012/3012
f 3012/3012/3012 3011/3011/3011 3009/3009/3009
f 3013/3013/3013 3012/3012/3012 3010/3010/3010
f 3012/3012/3012 3014/3014/3014 3011/3011/3011
f 3012/3012/3012 3013/3013/3013 3014/3014/3014
f 3015/3015/3015 3011/3011/3011 3014/3014/3014
f 3016/3016/3016 3014/3014/3014 3013/3013/3013
f 3014/3014/3014 3017/3017/3017 3015/3015/3015
f 3014/3014/3014 3016/3016/3016 3017/3017/3017
f 3018/3018/3018 3017/3017/3017 3016/3016/3016
f 3019/3019/3019 3015/3015/3015 3017/3017/3017
f 3018/3018/3018 3020/3020/3020 3017/3017/3017
f 3017/3017/3017 3021/3021/3021 3019/3019/3019
f 3021/3021/3021 3017/3017/3017 3020/3020/3020
f 3022/3022/3022 3019/3019/3019 3021/3021/3021
f 3020/3020/3020 3023/3023/3023 3021/3021/3021
f 3021/3021/3021 3024/3024/3024 3022/3022/3022
f 3024/3024/3024 3021/3021/3021 3023/3023/3023
f 3025/3025/3025 3022/3022/3022 3024/3024/3024
f 3023/3023/3023 3026/3026/3026 3024/3024/3024
f 3024/3024/3024 3027/3027/3027 3025/3025/3025
f 3027/3027/3027 3024/3024/3024 3026/3026/3026
f 3028/3028/3028 3025/3025/3025 3027/3027/3027
f 3026/3026/3026 3029/3029/3029 3027/3027/3027
f 3027/3027/3027 3030/3030/3030 3028/3028/3028
f 3030/3030/3030 3027/3027/3027 3029/3029/3029
f 3031/3031/3031 3028/3028/3028 3030/3030/3030
f 3029/3029/3029 3032/3032/3032 3030/3030/3030
f 3030/3030/3030 3033/3033/3033 3031/3031/3031
f 3033/3033/3033 3030/3030/3030 3032/3032/3032
f 3033/3033/3033 3032/3032/3032 3034/3034/3034
f 3035/3035/3035 3031/3031/3031 3033/3033/3033
f 3033/3033/3033 3034/3034/3034 3035/3035/3035
f 3036/3036/3036 3034/3034/3034 3032/3032/3032
f 3037/3037/3037 3035/3035/3035 3034/3034/3034
f 3036/3036/3036 3038/3038/3038 3034/3034/3034
f 3037/3037/3037 3034/3034/3034 3039/3039/3039
f 3040/3040/3040 3034/3034/3034 3038/3038/3038
f 3040/3040/3040 3039/3039/3039 3034/3034/3034
