g Huowu_hair
v -1.2078824 1.8799026 5.45332146
v -1.18749571 1.84929442 5.43899632
v -1.20277214 1.84677625 5.47206736
v -1.23224223 1.86294746 5.5538764
v -1.24104655 1.86011255 5.47189951
v -1.23298848 1.8486228 5.39512634
v -1.21860719 1.86714447 5.40389347
v -1.21394444 1.8193202 5.33200741
v -1.18755114 1.83799112 5.31162024
v -1.18473494 1.763345 5.27213383
v -1.14226389 1.79585564 5.25547695
v -1.08556092 1.74668849 5.18974638
v -1.12501085 1.66963589 5.20069647
v -0.991553962 1.6074307 5.14013243
v -1.05249059 1.57199156 5.14973783
v -0.913904309 1.46289444 5.13261461
v -0.97508353 1.40647137 5.13780022
v -0.826723754 1.23405004 5.16342831
v -0.886038125 1.20758247 5.16053677
v -0.782797694 1.0433867 5.2220335
v -0.0625972897 0.309345514 6.73543978
v -0.0595505312 0.320299298 6.68639135
v -0.090071477 0.374945492 6.81314516
v -0.114711642 0.358083844 6.82194853
v -0.131404787 0.344840735 6.85985088
v -0.153582364 0.429167598 6.90077257
v -0.18193385 0.410179496 6.90750647
v -0.209669888 0.384476721 6.9499588
v -0.24925001 0.460839123 6.96227026
v -0.222036228 0.489656746 6.95305634
v -0.288886309 0.544662237 6.98894262
v -0.278273195 0.449461162 6.99964809
v -0.29500401 0.428738534 7.03790379
v -0.329976976 0.519910753 6.99783897
v -0.386474371 0.635647893 7.03424835
v -0.366945803 0.502806604 7.04592466
v -0.402142167 0.497639865 7.12594271
v -0.443849057 0.612090111 7.05012131
v -0.509187877 0.761923611 7.06455851
v -0.498052478 0.603211582 7.11212158
v -0.539516687 0.625594378 7.21799278
v -0.582080901 0.742525399 7.09578276
v -0.617855728 0.895567 7.06023073
v -0.640853763 0.75149703 7.16826439
v -0.690319836 0.805383384 7.27661657
v -0.704477072 0.887639821 7.10027838
v -0.67817688 0.989593029 6.98830795
v -0.776008368 0.91712898 7.16621304
v -0.818255901 0.998359382 7.26846552
v -0.784532368 1.0081147 7.03005171
v -0.862014055 1.06698108 7.08145809
v -0.885441065 1.15059924 7.15319443
v -0.879751742 1.19245493 7.0040884
v -0.871992528 1.13403594 6.97084999
v -0.840004504 1.15246463 6.77528143
v -0.806914806 1.06190777 6.92485332
v -0.691681683 1.0247339 6.88273621
v -0.842764497 1.11790204 6.76476097
v -0.78902775 1.1024766 6.59092283
v -0.789456189 1.04028988 6.74097967
v -0.680713415 1.00201547 6.71479225
v -0.81435746 1.07677388 6.60412884
v -0.770580828 1.00790966 6.59875584
v -0.677207112 0.977935493 6.58857155
v -0.785204053 1.02475274 6.44028664
v -0.771531343 1.05025041 6.43623924
v -0.726486742 1.02924788 6.27898169
v -0.752170682 0.965326488 6.45099306
v -0.677281797 0.933934867 6.46126986
v -0.763380826 0.967210591 6.28403616
v -0.710426867 0.985676348 6.11562586
v -0.732790887 0.904632151 6.28299141
v -0.671406686 0.880813301 6.29798889
v -0.749614954 0.905751526 6.10363197
v -0.725628555 0.945294082 5.9618187
v -0.715276599 0.831254423 6.09853935
v -0.648986518 0.800496817 6.10467625
v -0.750510693 0.868129849 5.94986296
v -0.74129647 0.930670977 5.81429815
v -0.713169098 0.781956494 5.94169283
v -0.647046924 0.761196434 5.94906044
v -0.759426117 0.855614305 5.80633402
v -0.764201164 0.967303991 5.66664648
v -0.716246426 0.760842204 5.79805231
v -0.643446565 0.717848778 5.77177095
v -0.732585907 0.781732798 5.6229825
v -0.671741843 0.748177409 5.52239084
v -0.777947903 0.880515039 5.64674425
v -0.776120007 0.880794942 5.43192673
v -0.710538566 0.868503094 5.36380911
v -0.81230545 0.964412987 5.48560858
v -0.795089304 1.0451771 5.52576733
v -0.829129457 1.02667415 5.29136419
v -0.782797694 1.0433867 5.2220335
v -0.85638088 1.086007 5.37080479
v -0.848620951 1.16296625 5.42426205
v -0.905809283 1.21282363 5.20231867
v -0.886038125 1.20758247 5.16053677
v -0.97508353 1.40647137 5.13780022
v -0.923957407 1.26158071 5.28422117
v -0.904764771 1.30975914 5.35217094
v -0.989016712 1.39938354 5.18295765
v -0.992020011 1.42305326 5.2617445
v -0.965794563 1.44952071 5.31462336
v -1.0673002 1.54474056 5.20183325
v -1.05249059 1.57199156 5.14973783
v -1.05644441 1.55212653 5.27694607
v -1.03600156 1.6025064 5.31669426
v -1.12551463 1.63193977 5.24665499
v -1.12501085 1.66963589 5.20069647
v -1.09548378 1.63050354 5.30018711
v -1.12292171 1.74126029 5.34635115
v -1.1694777 1.72369027 5.30225706
v -1.18473494 1.763345 5.27213383
v -1.13269532 1.71803844 5.33601713
v -1.17126787 1.76627314 5.37238932
v -1.14420342 1.76823163 5.36699867
v -1.17009318 1.80682325 5.40372562
v -1.20366728 1.78123224 5.35202122
v -1.21394444 1.8193202 5.33200741
v -1.20810652 1.79898942 5.41577435
v -1.22950065 1.81956267 5.40698957
v -1.23298848 1.8486228 5.39512634
v -1.24104655 1.86011255 5.47189951
v -1.21455991 1.83276832 5.47618961
v -1.18749571 1.84929442 5.43899632
v -1.20277214 1.84677625 5.47206736
v -1.23224223 1.86294746 5.5538764
v -1.2309742 1.83329082 5.47896862
v -1.24128854 1.84414649 5.47902441
v -1.20756495 1.31350815 6.15440369
v -1.1318934 1.26713872 6.12640715
v -1.13586581 1.30136573 6.14561892
v -1.07994699 1.28321719 6.14606667
v -1.06868064 1.22144079 6.11458158
v -1.01278031 1.25188124 6.1590848
v -1.00140214 1.18346477 6.11786366
v -0.921420932 1.20166945 6.186131
v -0.924535871 1.14149737 6.14507723
v -0.835639179 1.08927095 6.21810102
v -0.82094115 1.15011454 6.24555731
v -0.793037951 1.08061624 6.34663391
v -0.775355041 1.12879503 6.35368443
v -0.779832006 1.11667097 6.45602989
v -0.781212389 1.15418077 6.36179781
v 0.0617761798 0.285433292 6.79962158
v 0.118479192 0.379030257 6.97485924
v 0.0479547717 0.308524847 6.77252007
v 0.111353956 0.348067552 6.9975028
v 0.0350846797 0.268758237 6.81282759
v 0.0704682022 0.322812349 7.03040695
v 0.188220218 0.477980345 7.15893888
v 0.0977004617 0.387181282 7.21985722
v 0.185739115 0.462517679 7.18941641
v 0.228508994 0.643183291 7.33824253
v 0.0890269578 0.523473144 7.45910978
v 0.214669064 0.62693727 7.38517237
v 0.25749445 0.845765293 7.47781801
v 0.132114172 0.78229171 7.70097256
v 0.0488505922 0.754742324 7.69914579
v -0.0456046052 1.01449358 7.77604914
v 0.24037157 0.836775064 7.56511021
v 0.26376158 1.11596179 7.55013371
v 0.195550337 1.1203078 7.69608688
v 0.245221317 1.35217392 7.52765608
v 0.0911159888 1.07613909 7.78513288
v -0.123235747 1.28549206 7.73174953
v -0.117546365 1.15660501 7.79199648
v 0.0385540836 1.35607219 7.72412109
v 0.161528692 1.37326968 7.66592693
v 0.106056631 1.59545541 7.58240223
v 0.222838104 1.55031669 7.44728374
v -0.00608070847 1.54401231 7.64451408
v 0.0703934878 1.75606966 7.453794
v 0.180740625 1.69276404 7.3341217
v -0.27605322 1.24186456 7.81090975
v -0.22364071 1.07336009 7.81247663
v -0.170444116 1.45492911 7.66521788
v -0.052972462 1.73760414 7.52303123
v 0.0448212139 1.85733271 7.34257174
v 0.144723162 1.76431417 7.21073675
v -0.117621079 1.84934962 7.35982466
v -0.0198089089 1.88359571 7.0906353
v 0.053084176 1.79863429 7.01651049
v -0.218586043 1.62158704 7.54949808
v -0.331823379 1.43077469 7.75508404
v -0.447784483 1.39151156 7.72926903
v -0.289445579 1.75877452 7.39490938
v -0.28235805 1.61310041 7.56149197
v -0.413016468 1.60918331 7.6476469
v -0.0648912489 1.80831492 6.77662468
v -0.0336673148 1.76561975 6.78096962
v -0.0863409415 1.65262473 6.53276396
v -0.34150371 1.18501234 7.81344652
v -0.372746885 1.73739898 7.42825985
v -0.239681393 0.857833326 7.84390593
v -0.245948493 1.05603218 7.84858751
v -0.219872475 1.85212898 6.82713413
v -0.230262205 1.72523785 6.58351803
v -0.179154634 1.90648174 7.10242224
v -0.335889757 1.83877397 7.14821529
v -0.474625468 1.79816794 7.19801569
v -0.340104848 1.8049202 6.87193727
v -0.325388372 1.71665788 6.6355381
v -0.250853777 1.58178353 6.41027451
v -0.45858404 1.81890941 6.91198349
v -0.392984122 1.75247025 6.64687967
v -0.527317524 1.73764122 7.47561693
v -0.116744481 1.53054583 6.3605485
v -0.0990993306 1.48557508 6.35183907
v -0.124839514 1.40389717 6.19392824
v -0.211180478 1.44426048 6.22740889
v -0.327160746 1.62774241 6.40490341
v -0.52526623 1.55908322 7.6201725
v -0.180218369 1.35348022 6.09693575
v -0.142764315 1.33678615 6.07004023
v -0.136217549 1.30017209 5.96090508
v -0.283756912 1.54776192 6.24029779
v -0.237984404 1.48438156 6.10749388
v -0.454853505 1.65350139 6.42187738
v -0.42258507 1.58584988 6.25238371
v -0.373175889 1.52256262 6.11198902
v -0.472032607 1.76246762 6.65530968
v -0.553132415 1.76394105 6.91938877
v -0.582117975 1.65245676 6.6595993
v -0.62731266 1.80314827 7.21010256
v -0.701511443 1.73943198 6.91093922
v -0.616345227 1.65773511 7.47349119
v -0.574190795 1.53897643 7.63902998
v -0.523531497 1.48333704 6.28817797
v -0.546622694 1.52653551 6.43896246
v -0.693434894 1.6093328 6.65208292
v -0.501652062 1.45153499 6.14380884
v -0.63960427 1.48708594 6.44174194
v -0.616718113 1.42133689 6.28920317
v -0.771811664 1.65523577 6.91791487
v -0.741184652 1.52765465 6.66763973
v -0.700410664 1.39026213 6.46485281
v -0.748122871 1.70660424 7.11225271
v -0.71231091 1.72322321 7.29275084
v -0.80357635 1.71195722 7.11514378
v -0.767073631 1.62783551 7.48386145
v -0.871824622 1.65189707 6.89864731
v -0.819393575 1.69548738 7.31705427
v -0.671462238 1.3056556 6.28567791
v -0.613975883 1.37741089 6.15087891
v -0.500589073 1.42689526 6.01661968
v -0.348685175 1.49680388 5.99013281
v -0.205454797 1.46447968 5.99308014
v -0.154272527 1.34663463 5.98494864
v -0.128663272 1.35963523 5.8720274
v -0.123422161 1.31686568 5.85779572
v -0.133848891 1.40190125 5.88609123
v -0.0979245901 1.40052116 5.76037502
v -0.0820888579 1.33633888 5.72394753
v -0.072464034 1.3360219 5.63609505
v -0.093111828 1.46489012 5.63728952
v -0.0466868356 1.2785542 5.52556181
v -0.0946231186 1.48352373 5.38451338
v -0.141738281 1.48626554 5.78615236
v -0.195587352 1.48738444 5.89092207
v -0.12069843 1.56283307 5.52655029
v -0.194878668 1.71529663 5.41445065
v -0.160632879 1.55945694 5.70669413
v -0.184060603 1.63427138 5.61098909
v -0.349170417 1.50060904 5.89918518
v -0.180535004 1.50730526 5.79833317
v -0.21039708 1.52349544 5.80769587
v -0.528716385 1.43204331 5.91871309
v -0.242162466 1.57355797 5.74230099
v -0.36521107 1.5177319 5.83088064
v -0.275195122 1.63149178 5.68162537
v -0.263444245 1.76407206 5.54136038
v -0.301010042 1.8463099 5.46274137
v -0.384702623 1.89706266 5.50845861
v -0.448624104 1.91021252 5.53524208
v -0.343630493 1.74083161 5.62027836
v -0.398766667 1.53841734 5.76043081
v -0.557105601 1.45030391 5.84513044
v -0.452168226 1.59913039 5.69389868
v -0.494135469 1.85184944 5.58937168
v -0.68729794 2.00013518 5.56967449
v -0.523661733 1.6889596 5.64603662
v -0.599799991 1.48234844 5.77663946
v -0.646673322 1.78570879 5.60621405
v -0.657808721 1.53886497 5.71900415
v -0.730944455 1.61518991 5.67252302
v -0.65133667 1.32675135 5.93662024
v -0.679202914 1.32887781 5.8424077
v -0.621399879 1.34564602 6.03590584
v -0.662994385 1.25587296 6.12304926
v -0.684388518 1.23173678 6.01527739
v -0.774366796 1.20398223 6.16180897
v -0.708598912 1.23078561 5.90528488
v -0.786919534 1.27810633 6.31854343
v -0.767241597 1.15811634 6.0055213
v -0.803054094 1.36858821 6.47067118
v -0.835546017 1.51400101 6.66724777
v -0.804341257 1.17322457 6.314888
v -0.829167128 1.28476501 6.46860075
v -0.8834638 1.43249083 6.66495275
v -0.796339452 1.07414401 6.1546464
v -0.739487052 1.08900976 6.28534222
v -0.938525319 1.55649078 6.8872509
v -0.781212389 1.15418077 6.36179781
v -0.787815392 1.20560479 6.50357485
v -0.859047771 1.31751823 6.66715431
v -0.929068327 1.43536317 6.86374855
v -0.775355041 1.12879503 6.35368443
v -0.998660028 1.49725127 7.09973717
v -0.779832006 1.11667097 6.45602989
v -0.981443822 1.63419628 7.10035324
v -1.01912129 1.49460244 7.21484041
v -0.771531343 1.05025041 6.43623924
v -0.835620701 1.14780152 6.61796808
v -0.726486742 1.02924788 6.27898169
v -0.78902775 1.1024766 6.59092283
v -0.840004504 1.15246463 6.77528143
v -0.904615283 1.23391891 6.801507
v -0.879751742 1.19245493 7.0040884
v -0.961691201 1.30395806 7.0530138
v -0.710426867 0.985676348 6.11562586
v -0.885441065 1.15059924 7.15319443
v -0.990639627 1.26603806 7.22093964
v -0.942404449 1.14673805 7.31791258
v -0.818255901 0.998359382 7.26846552
v -0.86451292 0.985862553 7.3668189
v -0.759389162 0.8289783 7.3338604
v -0.690319836 0.805383384 7.27661657
v -0.539516687 0.625594378 7.21799278
v -0.793429315 1.01348686 5.99101019
v -0.725628555 0.945294082 5.9618187
v -0.770506024 1.15002131 5.86997557
v -0.792720616 0.989108324 5.84298515
v -0.74129647 0.930670977 5.81429815
v -0.728873909 1.24067116 5.81567907
v -0.787870824 1.17564952 5.75983381
v -0.804023981 1.01303935 5.70014715
v -0.838250458 1.09208763 5.57560587
v -0.764201164 0.967303991 5.66664648
v -0.795089304 1.0451771 5.52576733
v -0.848620951 1.16296625 5.42426205
v -0.755359769 1.27954268 5.74024868
v -0.886858523 1.20116591 5.47973299
v -0.904764771 1.30975914 5.35217094
v -0.804285049 1.22808099 5.67608547
v -0.708375514 1.36577189 5.76046801
v -0.826910257 1.28802955 5.60076761
v -0.795910418 1.34900367 5.66260004
v -0.753010333 1.43347979 5.68848944
v -0.931213677 1.33529413 5.41090631
v -0.965794563 1.44952071 5.31462336
v -0.87078011 1.37858605 5.52509499
v -0.941173553 1.51983976 5.47490215
v -0.847557962 1.44625652 5.59106779
v -0.81515938 1.51571727 5.63225269
v -0.988942623 1.474123 5.36923742
v -1.03600156 1.6025064 5.31669426
v -1.05144596 1.61220574 5.36364174
v -1.12292171 1.74126029 5.34635115
v -0.916105092 1.55098891 5.54654598
v -0.890309453 1.61198163 5.59640312
v -1.12096286 1.7385745 5.38445807
v -1.14420342 1.76823163 5.36699867
v -1.17009318 1.80682325 5.40372562
v -1.01061642 1.64829755 5.46238708
v -0.987338185 1.65322185 5.52293205
v -0.817155123 1.70003903 5.64094448
v -1.14567721 1.8274523 5.46919489
v -1.18749571 1.84929442 5.43899632
v -0.970122099 1.70067298 5.57513905
v -1.05666864 1.7405889 5.51612425
v -1.07226181 1.74234223 5.45753717
v -0.753178239 1.87244177 5.5828619
v -1.21767497 1.90907478 5.49788189
v -1.2078824 1.8799026 5.45332146
v -1.13567936 1.82840383 5.524014
v -1.04672718 1.77707291 5.5690589
v -0.903104663 1.780393 5.62684393
v -0.745437503 2.03771949 5.57163334
v -0.680247426 2.09356427 5.49260283
v -0.849740207 1.94785273 5.5751586
v -1.26454842 1.92444444 5.42280674
v -1.21860719 1.86714447 5.40389347
v -0.973609924 1.8536216 5.6203146
v -1.27945113 1.96544182 5.32825851
v -1.18755114 1.83799112 5.31162024
v -1.19156194 1.87279642 5.26353455
v -1.14226389 1.79585564 5.25547695
v -1.08556092 1.74668849 5.18974638
v -1.34447277 2.04296041 5.40488148
v -1.32701468 1.99922121 5.47626448
v -1.39636362 2.10992217 5.4905138
v -1.28047645 1.9793005 5.53164291
v -1.37989318 2.06332922 5.5382266
v -1.43400347 2.16142106 5.57124186
v -1.21118379 1.90584803 5.54328156
v -1.33680677 2.04486322 5.57635164
v -1.41691816 2.11919236 5.6063633
v -1.4582516 2.20111322 5.65133429
v -1.37748766 2.10117435 5.63598299
v -1.43918896 2.16319299 5.67882729
v -1.47350872 2.23317647 5.74420404
v -1.27156103 1.97019815 5.57258415
v -1.12254822 1.85224128 5.57204342
v -1.45174181 2.19743872 5.76401234
v -1.46591759 2.23440695 5.84483242
v -1.40177274 2.1463871 5.70309353
v -1.3226124 2.03352261 5.61272383
v -1.1905359 1.92034066 5.58097696
v -1.04226875 1.9247613 5.6161375
v -1.41542614 2.17964458 5.78160143
v -1.35316467 2.08696127 5.6657896
v -1.2438066 1.97995329 5.60511351
v -1.10516489 1.98957801 5.62262821
v -0.936044812 2.01429224 5.57858992
v -1.2838527 2.03708529 5.64430237
v -1.37108946 2.12786579 5.72715569
v -1.15860355 2.04404235 5.64655972
v -1.01343262 2.07435226 5.59830475
v -0.853322029 2.10602403 5.57851601
v -1.31020844 2.08720374 5.69186449
v -1.08142054 2.12803364 5.62924957
v -0.95352143 2.16849041 5.59916353
v -0.80547905 2.17837596 5.52606487
v -1.20433819 2.09013247 5.68334103
v -1.1388315 2.17184758 5.66759872
v -0.914724708 2.24311805 5.56204557
v -1.0382216 2.21344233 5.62805605
v -1.004498 2.2862792 5.60647583
v -0.796805501 2.22015691 5.44938564
v -0.667265594 2.13700533 5.41461849
v -0.617762566 2.11137724 5.40215921
v -0.910397828 2.29278898 5.49362898
v -1.00427461 2.3466382 5.5489893
v -1.08291256 2.38189054 5.61434603
v -1.07576883 2.31862235 5.6547842
v -1.14431596 2.40059876 5.68225956
v -1.10451174 2.24968338 5.66448402
v -1.13571703 2.3425529 5.70654488
v -1.18945384 2.40694046 5.75565577
v -1.18645108 2.20691395 5.71269941
v -1.15554452 2.27680397 5.70990229
v -1.18225455 2.35430408 5.7665863
v -1.2230463 2.40302372 5.83821106
v -1.1959635 2.29461694 5.76274395
v -1.21687317 2.35273719 5.83970404
v -1.24938357 2.38950062 5.91240883
v -1.23696101 2.12868643 5.72506618
v -1.22396064 2.23269153 5.7640686
v -1.22774673 2.30429721 5.83125353
v -1.32863688 2.12719417 5.74718809
v -1.26783061 2.15901494 5.76276302
v -1.25447595 2.25091434 5.8241663
v -1.38349342 2.15959311 5.79919004
v -1.2936455 2.18378496 5.82134867
v -1.34445429 2.15819383 5.81235933
v -1.40447724 2.18906355 5.86630058
v -1.44107246 2.22412968 5.96030951
v -1.35232508 2.1768837 5.87932062
v -1.38280332 2.18945527 5.96478462
v -1.41186368 2.21711636 6.05552864
v -1.31416297 2.19678545 5.88428164
v -1.31830347 2.19833374 5.96803045
v -1.36482239 2.19141388 6.04866362
v -1.37088454 2.20241857 6.1396122
v -1.27195311 2.25789046 5.88913155
v -1.26329815 2.28404069 5.98237419
v -1.24895442 2.30017495 5.89773035
v -1.31168199 2.19684148 6.04631376
v -1.33473611 2.18425131 6.12614536
v -1.31697929 2.17942023 6.21002531
v -1.24184775 2.34410095 5.90892076
v -1.25772119 2.33016801 5.96657562
v -1.26911771 2.35857534 5.99696016
v -1.27426553 2.32114005 6.07453489
v -1.26803637 2.26361656 6.05881071
v -1.26915491 2.27822137 6.14509583
v -1.29627526 2.17182899 6.19816256
v -1.26695383 2.15567613 6.26667213
v -1.29711485 2.19027591 6.11984158
v -1.26527548 2.23879027 6.1290555
v -1.25156569 2.23243022 6.21347523
v -1.25505364 2.15172172 6.25814867
v -1.2025665 2.13045812 6.33029509
v -1.27213955 2.17669702 6.19142818
v -1.24979401 2.2104764 6.2008481
v -1.22707582 2.18412066 6.26907682
v -1.24026251 2.15463138 6.25327921
v -1.22644174 2.1722579 6.25963974
v -0.0054958337 0.350385338 6.65304136
v -0.0524317026 0.398689806 6.79859686
v -0.0391631462 0.336209685 6.65603399
v 0.00231317361 0.418703645 6.81014156
v 0.013958022 0.356428713 6.65393639
v -0.0955367163 0.463226587 6.86469936
v 0.0585864037 0.433606833 6.83136749
v -0.028090369 0.496893913 6.87678623
v -0.144629225 0.532519639 6.89948606
v 0.0247703865 0.516646564 6.90575314
v 0.111801505 0.545855939 6.95617008
v -0.0494845584 0.581090212 6.90644407
v -0.187939852 0.596534193 6.91802645
v 0.0302164089 0.616268218 6.94126701
v 0.143454492 0.659019172 7.01268673
v -0.0722213984 0.65666908 6.91239357
v -0.237312734 0.679163635 6.92699862
v 0.0272884797 0.709492147 6.94928741
v 0.162144184 0.782665014 7.05236053
v -0.106336266 0.746628881 6.90288115
v 0.0177568663 0.827374458 6.94688225
v 0.169660732 0.946058691 7.07765245
v -0.149049953 0.839386523 6.87113523
v -0.298007369 0.780557334 6.90789795
v -0.32494083 0.829761922 6.88702679
v -0.00598749844 0.940668225 6.92554283
v 0.156138167 1.09171402 7.05935478
v -0.17221652 0.887043059 6.8421855
v -0.354393035 0.878537655 6.84121609
v -0.0309628043 1.0244168 6.88434124
v 0.122004084 1.21414733 6.97855473
v -0.194300205 0.925392032 6.80463934
v -0.0489622951 1.0791986 6.83892298
v 0.087982446 1.25844657 6.89299536
v 0.0450453423 1.27180171 6.79132175
v -0.216851324 0.957212746 6.74131536
v -0.381028354 0.909985244 6.76351166
v -0.0680063143 1.12036407 6.769238
v -0.00518560736 1.2551825 6.6724329
v -0.0917314589 1.13358843 6.67407465
v -0.0464627072 1.21549046 6.56549931
v -0.242013052 0.971108675 6.65361261
v -0.404137969 0.922389209 6.66122198
v -0.123291239 1.10740077 6.57588863
v -0.0894745067 1.14041543 6.41518068
v -0.265160441 0.954209805 6.56919193
v -0.418762058 0.904576242 6.57182169
v -0.164438143 1.03935754 6.4366498
v -0.114580736 1.04707956 6.25783014
v -0.293008178 0.911757231 6.45901346
v -0.433571726 0.862757862 6.47309637
v -0.191651911 0.944081783 6.29569435
v -0.127730459 0.952493846 6.10572147
v -0.315111041 0.83302635 6.32518435
v -0.447336942 0.790984094 6.34391117
v -0.211852148 0.837745249 6.14188719
v -0.125473484 0.878780365 5.91798639
v -0.321956694 0.736071885 6.16576242
v -0.443569392 0.706303 6.17865086
v -0.428983092 0.641243935 5.95961761
v -0.220861509 0.75464958 5.93930578
v -0.115401834 0.855409205 5.72801256
v -0.318021208 0.661164463 5.96030855
v -0.402497232 0.620633245 5.68233395
v -0.294145912 0.632309556 5.68224049
v -0.384030938 0.688956499 5.40808964
v -0.206182003 0.729040027 5.6911931
v -0.0945106968 0.898048222 5.51175833
v -0.259397089 0.695428908 5.40085173
v -0.37774536 0.857293129 5.18929863
v -0.153153315 0.79270035 5.43409061
v -0.0801300108 1.01833665 5.23039055
v -0.23787196 0.867328107 5.16025686
v -0.4115991 1.07800531 5.02217436
v -0.10363175 0.940165102 5.19619989
v -0.273069084 1.10652459 4.98600769
v -0.485070586 1.34754896 4.92786932
v -0.136086628 1.18643069 5.02340603
v -0.133867368 1.25993943 5.1172266
v -0.376663804 1.38505876 4.8989954
v -0.273964167 1.47296679 4.93435955
v -0.20148164 1.48841095 5.10739708
v -0.539367259 1.65098381 4.89838028
v -0.619646609 1.60696435 4.92440033
v -0.438644946 1.79477382 5.04806423
v -0.279392391 1.72374618 5.13513279
v -0.462370783 1.72557414 4.93665457
v -0.703115225 1.85869515 4.93087292
v -0.765880346 1.80585325 4.9504199
v -0.637049198 1.9202292 4.97311926
v -0.847557962 2.02087665 4.98078585
v -0.89991498 1.96115196 4.99856091
v -1.00138307 2.11756968 5.05311871
v -0.379293621 1.87033403 5.1374464
v -0.377558917 1.89924514 5.16760683
v -0.603847921 1.96646798 5.07063437
v -0.78522259 2.07397938 5.02204466
v -0.537744284 2.03342938 5.16141415
v -0.540523529 2.08696151 5.28427601
v -0.910099089 2.20670867 5.08704805
v -1.116449 2.22925925 5.15425158
v -0.744243503 2.10212541 5.1089263
v -0.687036812 2.15744853 5.20287848
v -1.03391254 2.31532121 5.18776989
v -1.21847701 2.31173968 5.27538013
v -0.871806085 2.22133231 5.17012501
v -0.658368647 2.17591381 5.31663799
v -0.617762566 2.11137724 5.40215921
v -0.667265594 2.13700533 5.41461849
v -1.14149904 2.3894453 5.31331825
v -1.29901743 2.35710216 5.40062904
v -0.99121809 2.32328558 5.26064396
v -0.820139289 2.26406455 5.25762177
v -0.794044793 2.2656498 5.35843801
v -0.796805501 2.22015691 5.44938564
v -1.22666526 2.42753267 5.44233561
v -1.35493731 2.37651896 5.51657152
v -1.09490609 2.39354825 5.37418032
v -0.943859518 2.34822345 5.33154154
v -0.916086555 2.33994174 5.41320133
v -0.910397828 2.29278898 5.49362898
v -1.28625917 2.43881774 5.55562925
v -1.39656854 2.38782215 5.62203169
v -1.04875994 2.40960813 5.42709637
v -1.01751757 2.39563727 5.48751068
v -1.00427461 2.3466382 5.5489893
v -1.17470026 2.42674947 5.49364758
v -1.33374786 2.44527125 5.65512085
v -1.42715847 2.39267182 5.72857285
v -1.12922585 2.44790101 5.53171682
v -1.09794641 2.42967772 5.57312489
v -1.08291256 2.38189054 5.61434603
v -1.23367858 2.44236135 5.59634686
v -1.37002647 2.44198823 5.75660706
v -1.44159472 2.38983679 5.83414459
v -1.16102839 2.44566274 5.65569878
v -1.14431596 2.40059876 5.68225956
v -1.19199109 2.46517301 5.62684393
v -1.28070068 2.44808745 5.68837738
v -1.38634753 2.4261148 5.85678816
v -1.41842878 2.3839798 5.97172403
v -1.20903862 2.44842339 5.73817873
v -1.18945384 2.40694046 5.75565577
v -1.24035585 2.46817613 5.71669197
v -1.3200196 2.44612885 5.78272009
v -1.34270108 2.43197179 5.87478876
v -1.27935803 2.46065879 5.8091321
v -1.24703336 2.44040251 5.82526636
v -1.2230463 2.40302372 5.83821106
v -1.24938357 2.38950062 5.91240883
v -1.30392289 2.4431076 5.8960886
v -1.3153007 2.40477681 5.99774361
v -1.38826859 2.34193754 6.07910442
v -1.26911771 2.35857534 5.99696016
v -1.31056273 2.35585213 6.08404827
v -1.34997559 2.28875995 6.16421509
v -1.27426553 2.32114005 6.07453489
v -1.29506278 2.30075336 6.15830183
v -1.30429566 2.23494816 6.23544788
v -1.26915491 2.27822137 6.14509583
v -1.2685585 2.24360275 6.22599173
v -1.25704956 2.18620992 6.2857914
v -1.25156569 2.23243022 6.21347523
v -1.23638332 2.19053698 6.27862835
v -1.2025665 2.13045812 6.33029509
v -1.22707582 2.18412066 6.26907682
v -0.0524686985 1.33449233 5.57411289
v -0.072464034 1.3360219 5.63609505
v -0.0466868356 1.2785542 5.52556181
v 0.0371737219 1.38106692 5.45434761
v 0.0199576169 1.44317877 5.50299263
v 0.121873878 1.51243448 5.43634796
v 0.0964133143 1.55925179 5.48683929
v 0.199168473 1.63149178 5.44893837
v 0.174827844 1.66622269 5.49474859
v 0.247590005 1.7212466 5.49702358
v 0.23473838 1.74510312 5.53026247
v 0.302987367 1.81187773 5.58500671
v 0.272080749 1.6922425 5.49577427
v 0.23343277 1.56824231 5.44123507
v 0.175741434 1.44032514 5.43179655
v 0.110700764 1.32225645 5.45955181
v 0.0459774435 1.22151554 5.53686523
v 0.0019773331 1.18508756 5.60533762
v -0.213157803 0.877847135 7.85679436
v -0.154589891 0.605543077 7.70369625
v -0.189749271 0.598455131 7.69588137
v -0.102121189 0.443249822 7.44594097
v -0.0715497211 0.439314187 7.45888519
v -0.0261877459 0.351518124 7.23026466
v -0.218436614 0.584857643 7.70742702
v -0.0454928949 0.353980243 7.19422913
v 0.00285393442 0.296494067 7.00121498
v -0.294631183 0.837950051 7.85837936
v -0.0138961207 0.304570466 6.98452187
v -0.000111709713 0.263740748 6.7995286
v -0.0178130753 0.256988615 6.83127403
v -0.0515551046 0.293229908 6.99547052
v -0.0633059666 0.281105965 7.01833916
v -0.124671601 0.342658341 7.2193346
v -0.142596394 0.313635409 7.22810173
v -0.221775085 0.403520495 7.44260216
v -0.339601815 0.55764401 7.69263554
v -0.447187543 0.841083586 7.84190941
v -0.415217876 1.1882019 7.85080814
v -0.561134279 1.15078568 7.83954096
v -0.522598684 1.36715174 7.75812435
v -0.640182734 1.30828536 7.75987816
v -0.725983024 1.46802318 7.66016197
v -0.801692247 1.55770302 7.5860014
v -0.818946064 1.62419844 7.48496199
v -0.852463961 1.6147418 7.52834702
v -0.918325007 1.63098776 7.50827789
v -0.856119752 1.5972271 7.55643702
v -0.917989194 1.7141211 7.29981899
v -0.899485886 1.53778255 7.60705996
v -0.84218663 1.55553949 7.59788322
v -0.81424576 1.46737027 7.66941452
v -0.901873767 1.71889579 7.10824203
v -1.00794899 1.61401415 7.32649326
v -1.02630281 1.42995393 7.36791849
v -1.00306213 1.54166198 7.45481968
v -0.967399061 1.37627256 7.59848022
v -0.982637763 1.25859559 7.47380829
v -0.881281495 1.45491076 7.67273378
v -0.821669042 1.23904812 7.76769257
v -0.755546927 1.27111125 7.76648188
v -0.701305807 1.08759189 7.81051874
v -0.904653072 1.15307987 7.66825724
v -0.903347373 1.06403399 7.50956392
v -0.757803857 1.06705546 7.80154705
v -0.575888515 0.799712956 7.77438831
v -0.840432823 0.983101845 7.70311832
v -0.817602694 0.88157773 7.48705101
v -0.629401743 0.763266385 7.75433779
v -0.421876371 0.52153331 7.58596373
v -0.679613471 0.687631488 7.6238656
v -0.63710475 0.648461878 7.39703417
v -0.499153167 0.483855784 7.4478054
v -0.279130578 0.380018711 7.33574343
v -0.457521021 0.491409987 7.2621789
v -0.338818431 0.367260665 7.25658321
v -0.171488643 0.32064864 7.14226294
v -0.306363523 0.401618123 7.12148523
v -0.209501967 0.32495743 7.09906483
v -0.209968731 0.358718038 6.99685049
v -0.105217032 0.300504297 6.95242071
v -0.132094964 0.321674615 6.90075445
v -0.0459219404 0.269784093 6.78675222
v -0.0625972897 0.309345514 6.73543978
v -0.852463961 1.6147418 7.52834702
v -0.876730561 1.71699357 7.46541405
v -0.856119752 1.5972271 7.55643702
v -0.868355155 1.71883988 7.45047331
v -0.885459661 1.78363764 7.42725182
v -0.814767301 1.72671103 7.5346899
v -0.801692247 1.55770302 7.5860014
v -0.770356596 1.59060585 7.63453484
v -0.725983024 1.46802318 7.66016197
v -0.730142474 1.50900221 7.69651604
v -0.645144284 1.32410228 7.79330206
v -0.640182734 1.30828536 7.75987816
v -0.561134279 1.15078568 7.83954096
v -0.834669411 1.7928704 7.48117542
v -0.880237043 1.77996314 7.4165082
v -0.852538645 1.86169732 7.43267965
v -0.886485636 1.84377265 7.38757849
v -0.888164103 1.85296822 7.39412594
v -0.881747544 1.98146379 7.3571763
v -0.0347680487 0.243241921 6.82084894
v -0.0459219404 0.269784093 6.78675222
v -0.105217032 0.300504297 6.95242071
v -0.0881133527 0.281721473 7.00516939
v -0.0178130753 0.256988615 6.83127403
v -0.171488643 0.32064864 7.14226294
v -0.0633059666 0.281105965 7.01833916
v -0.163057759 0.303432614 7.19105768
v -0.279130578 0.380018711 7.33574343
v -0.142596394 0.313635409 7.22810173
v -0.270233631 0.36783877 7.40261173
v -0.421876371 0.52153331 7.58596373
v -0.221775085 0.403520495 7.44260216
v -0.407868564 0.514277518 7.64581966
v -0.339601815 0.55764401 7.69263554
v -0.575888515 0.799712956 7.77438831
v -0.548227191 0.788987875 7.82585001
v -0.665978432 1.10473323 7.84360695
v -0.447187543 0.841083586 7.84190941
v -0.701305807 1.08759189 7.81051874
v -0.561134279 1.15078568 7.83954096
v -0.645144284 1.32410228 7.79330206
v -0.755546927 1.27111125 7.76648188
v -0.733219922 1.28689134 7.7859726
v -0.730142474 1.50900221 7.69651604
v -0.801226258 1.47891581 7.69798946
v -0.81424576 1.46737027 7.66941452
v -0.770356596 1.59060585 7.63453484
v -0.835788608 1.57818341 7.61138725
v -0.84218663 1.55553949 7.59788322
v -0.814767301 1.72671103 7.5346899
v -0.856119752 1.5972271 7.55643702
v -0.865893304 1.71874642 7.50799704
v -0.834669411 1.7928704 7.48117542
v -0.876730561 1.71699357 7.46541405
v -0.876115143 1.78531647 7.46198225
v -0.852538645 1.86169732 7.43267965
v -0.885459661 1.78363764 7.42725182
v -0.881057441 1.8545723 7.4209857
v -0.881747544 1.98146379 7.3571763
v -0.888164103 1.85296822 7.39412594
v -0.132094964 0.321674615 6.90075445
v -0.0625972897 0.309345514 6.73543978
v -0.131404787 0.344840735 6.85985088
v -0.209669888 0.384476721 6.9499588
v -0.209968731 0.358718038 6.99685049
v -0.29500401 0.428738534 7.03790379
v -0.306363523 0.401618123 7.12148523
v -0.402142167 0.497639865 7.12594271
v -0.45421955 0.487008125 7.23638248
v -0.539516687 0.625594378 7.21799278
v -0.457521021 0.491409987 7.2621789
v -0.637160957 0.631208539 7.35497379
v -0.759389162 0.8289783 7.3338604
v -0.63710475 0.648461878 7.39703417
v -0.821202397 0.859679997 7.44998932
v -0.86451292 0.985862553 7.3668189
v -0.817602694 0.88157773 7.48705101
v -0.903570831 1.02036905 7.45554733
v -0.942404449 1.14673805 7.31791258
v -0.903347373 1.06403399 7.50956392
v -0.999331653 1.22291398 7.41384125
v -0.982637763 1.25859559 7.47380829
v -0.990639627 1.26603806 7.22093964
v -1.03768075 1.35390878 7.29972601
v -1.02630281 1.42995393 7.36791849
v -1.01912129 1.49460244 7.21484041
v -1.02027833 1.4005208 7.09003782
v -0.998660028 1.49725127 7.09973717
v -0.961691201 1.30395806 7.0530138
v -0.929068327 1.43536317 6.86374855
v -0.964601338 1.33727098 6.8265934
v -0.925786138 1.25561154 6.80439663
v -0.904615283 1.23391891 6.801507
v -0.887436986 1.29659057 6.64797974
v -0.859047771 1.31751823 6.66715431
v -0.877775192 1.17188156 6.63046455
v -0.835620701 1.14780152 6.61796808
v -0.91069603 1.2425735 6.6376462
v -0.854608536 1.21362543 6.50497293
v -0.787815392 1.20560479 6.50357485
v -0.883053184 1.16887856 6.49734354
v -0.843138039 1.16968071 6.38056278
v -0.781212389 1.15418077 6.36179781
v -0.854142427 1.11122453 6.48639488
v -0.870836318 1.17003512 6.2775836
v -0.82094115 1.15011454 6.24555731
v -0.921420932 1.20166945 6.186131
v -0.874230921 1.13135028 6.37718534
v -0.816185296 1.09244168 6.47076464
v -0.779832006 1.11667097 6.45602989
v -0.793037951 1.08061624 6.34663391
v -0.856008053 1.08233225 6.36064196
v -0.901388586 1.14048994 6.28094101
v -0.938077688 1.20299375 6.21239376
v -0.825529814 1.05629349 6.34723091
v -0.868392944 1.0701896 6.23867464
v -0.835639179 1.08927095 6.21810102
v -0.887567222 1.09704876 6.26264286
v -0.947086394 1.11999118 6.18139458
v -0.924535871 1.14149737 6.14507723
v -0.951581836 1.1380465 6.21468735
v -1.01527905 1.16479385 6.15496302
v -1.00140214 1.18346477 6.11786366
v -0.9536708 1.17421317 6.2224102
v -1.07772696 1.20955932 6.14446211
v -1.06868064 1.22144079 6.11458158
v -1.1318934 1.26713872 6.12640715
v -1.01867378 1.18035007 6.18805218
v -1.02115488 1.20836544 6.18866825
v -1.1375258 1.25928605 6.14457369
v -1.20756495 1.31350815 6.15440369
v -1.07864046 1.22168314 6.1682992
v -1.01423466 1.24029839 6.17975187
v -1.01278031 1.25188124 6.1590848
v -1.13950312 1.26689637 6.15789127
v -1.08138275 1.24292827 6.16710567
v -1.0783987 1.27030957 6.16184616
v -1.07994699 1.28321719 6.14606667
v -1.13899934 1.27959847 6.15789127
v -1.13747025 1.29379284 6.15533686
v -1.13586581 1.30136573 6.14561892
v -0.0595505312 0.320299298 6.68639135
v -0.0391631462 0.336209685 6.65603399
v -0.0524317026 0.398689806 6.79859686
v -0.090071477 0.374945492 6.81314516
v -0.0955367163 0.463226587 6.86469936
v -0.153582364 0.429167598 6.90077257
v -0.144629225 0.532519639 6.89948606
v -0.222036228 0.489656746 6.95305634
v -0.187939852 0.596534193 6.91802645
v -0.257308066 0.561113596 6.96023607
v -0.288886309 0.544662237 6.98894262
v -0.237312734 0.679163635 6.92699862
v -0.34685725 0.642194808 6.98879242
v -0.386474371 0.635647893 7.03424835
v -0.298007369 0.780557334 6.90789795
v -0.458080292 0.742767692 6.99084473
v -0.509187877 0.761923611 7.06455851
v -0.32494083 0.829761922 6.88702679
v -0.532559335 0.833902657 6.95475197
v -0.617855728 0.895567 7.06023073
v -0.354393035 0.878537655 6.84121609
v -0.563241839 0.889188051 6.8973217
v -0.67817688 0.989593029 6.98830795
v -0.691681683 1.0247339 6.88273621
v -0.570628226 0.923825204 6.81197023
v -0.381028354 0.909985244 6.76351166
v -0.680713415 1.00201547 6.71479225
v -0.563727081 0.926828265 6.68964815
v -0.404137969 0.922389209 6.66122198
v -0.677207112 0.977935493 6.58857155
v -0.564585149 0.904800117 6.58935452
v -0.418762058 0.904576242 6.57182169
v -0.677281797 0.933934867 6.46126986
v -0.566282213 0.865145266 6.48355961
v -0.433571726 0.862757862 6.47309637
v -0.563502967 0.807677805 6.34109306
v -0.671406686 0.880813301 6.29798889
v -0.447336942 0.790984094 6.34391117
v -0.550539672 0.73278904 6.178689
v -0.648986518 0.800496817 6.10467625
v -0.443569392 0.706303 6.17865086
v -0.594876289 0.688191533 5.97780323
v -0.647046924 0.761196434 5.94906044
v -0.643446565 0.717848778 5.77177095
v -0.522691965 0.655475616 5.96747017
v -0.428983092 0.641243935 5.95961761
v -0.583666205 0.632682621 5.7191906
v -0.671741843 0.748177409 5.52239084
v -0.497418493 0.62201345 5.6927042
v -0.402497232 0.620633245 5.68233395
v -0.604090571 0.673680246 5.44780016
v -0.500700772 0.6733073 5.41513968
v -0.384030938 0.688956499 5.40808964
v -0.727157652 0.838230491 5.30833673
v -0.710538566 0.868503094 5.36380911
v -0.782797694 1.0433867 5.2220335
v -0.518831193 0.810793042 5.1909771
v -0.37774536 0.857293129 5.18929863
v -0.639660537 0.793595731 5.22268534
v -0.786863983 1.01690054 5.14384365
v -0.826723754 1.23405004 5.16342831
v -0.556209803 1.02204847 5.02708006
v -0.4115991 1.07800531 5.02217436
v -0.687522113 0.990917921 5.055861
v -0.847073436 1.24203312 5.0463295
v -0.913904309 1.46289444 5.13261461
v -0.620896161 1.28545558 4.92014647
v -0.485070586 1.34754896 4.92786932
v -0.748328447 1.24563301 4.95368338
v -0.734749675 1.54128981 4.90134525
v -0.619646609 1.60696435 4.92440033
v -0.765880346 1.80585325 4.9504199
v -0.929347992 1.45903337 5.02831125
v -0.991553962 1.6074307 5.14013243
v -0.842578053 1.49109662 4.94096279
v -0.862368345 1.73864925 4.92936087
v -0.89991498 1.96115196 4.99856091
v -1.01833797 1.63751662 5.0469079
v -1.08556092 1.74668849 5.18974638
v -0.95109725 1.67972684 4.96192837
v -0.994817793 1.89169097 4.9805994
v -1.06536067 1.83219039 5.01482582
v -1.11462104 2.01604557 5.04420328
v -1.00138307 2.11756968 5.05311871
v -1.11661696 1.78619397 5.08986378
v -1.22136796 2.12480688 5.14082193
v -1.116449 2.22925925 5.15425158
v -1.16891754 1.95729089 5.08438015
v -1.20624077 1.9074707 5.15296459
v -1.19156194 1.87279642 5.26353455
v -1.31436813 2.20855546 5.2583313
v -1.21847701 2.31173968 5.27538013
v -1.26693535 2.06331038 5.18015957
v -1.29601407 2.00992751 5.23895121
v -1.27945113 1.96544182 5.32825851
v -1.38407111 2.26505303 5.3828907
v -1.29901743 2.35710216 5.40062904
v -1.3524183 2.14338446 5.29022694
v -1.36933625 2.0864017 5.33861065
v -1.34447277 2.04296041 5.40488148
v -1.42615104 2.29842186 5.50058651
v -1.35493731 2.37651896 5.51657152
v -1.41878319 2.20467544 5.4035759
v -1.42523742 2.1486814 5.44257736
v -1.39636362 2.10992217 5.4905138
v -1.45543528 2.32102847 5.60800457
v -1.39656854 2.38782215 5.62203169
v -1.45965052 2.24908662 5.51078892
v -1.46185112 2.19818473 5.53783512
v -1.43400347 2.16142106 5.57124186
v -1.47934687 2.33887863 5.71568489
v -1.42715847 2.39267182 5.72857285
v -1.48539054 2.28066468 5.61201525
v -1.48613632 2.23526525 5.62902689
v -1.4582516 2.20111322 5.65133429
v -1.48928905 2.3465631 5.82491159
v -1.44159472 2.38983679 5.83414459
v -1.48908353 2.29929876 5.96174479
v -1.41842878 2.3839798 5.97172403
v -1.50523651 2.30439067 5.71745586
v -1.50094676 2.26417637 5.72842312
v -1.47350872 2.23317647 5.74420404
v -1.51180232 2.31625342 5.82601166
v -1.50327849 2.28016114 5.83119726
v -1.46591759 2.23440695 5.84483242
v -1.44107246 2.22412968 5.96030951
v -1.44735885 2.26749635 6.07136393
v -1.38826859 2.34193754 6.07910442
v -1.41186368 2.21711636 6.05552864
v -1.39479685 2.23334408 6.15837765
v -1.34997559 2.28875995 6.16421509
v -1.37088454 2.20241857 6.1396122
v -1.33236742 2.19835234 6.22837877
v -1.30429566 2.23494816 6.23544788
v -1.31697929 2.17942023 6.21002531
v -1.27378106 2.16615844 6.27913189
v -1.25704956 2.18620992 6.2857914
v -1.26695383 2.15567613 6.26667213
v -1.2025665 2.13045812 6.33029509
v -0.245948493 1.05603218 7.84858751
v -0.213157803 0.877847135 7.85679436
v -0.239681393 0.857833326 7.84390593
v -0.23466371 1.06470549 7.87593222
v -0.268760055 1.23026276 7.85282135
v -0.132282108 0.937739611 7.86822796
v -0.0548373796 0.6628986 7.74096346
v -0.154589891 0.605543077 7.70369625
v 0.00363732548 0.452725172 7.48744249
v -0.0715497211 0.439314187 7.45888519
v 0.0329401381 0.36041522 7.24473906
v -0.0261877459 0.351518124 7.23026466
v 0.0724270269 0.496334106 7.46700001
v 0.0289669689 0.73159492 7.72962427
v 0.0379763246 0.296419472 7.01708841
v 0.00285393442 0.296494067 7.00121498
v 0.014455379 0.254731715 6.80488157
v -0.000111709713 0.263740748 6.7995286
v 0.0350846797 0.268758237 6.81282759
v 0.0704682022 0.322812349 7.03040695
v 0.0847556442 0.38568908 7.24585819
v 0.0977004617 0.387181282 7.21985722
v 0.0890269578 0.523473144 7.45910978
v 0.0488505922 0.754742324 7.69914579
v -0.0315035619 1.01930571 7.8176446
v -0.055080004 1.00087738 7.84830666
v -0.106746823 1.15731382 7.86367702
v -0.0845507309 1.17335486 7.83900023
v -0.172701091 1.10771739 7.88298178
v -0.170779973 1.30035782 7.87102604
v -0.154254049 1.31731272 7.84137011
v -0.262399733 1.23182952 7.87490654
v -0.219574347 1.26200891 7.88218021
v -0.314122736 1.40887666 7.88492155
v -0.318841577 1.41238308 7.87309742
v -0.324493259 1.51901805 7.90456343
v -0.287132382 1.41894877 7.89120817
v -0.255069584 1.4365381 7.88880301
v -0.245743588 1.44974363 7.8730402
v -0.268760055 1.23026276 7.85282135
v -0.245948493 1.05603218 7.84858751
v -0.22364071 1.07336009 7.81247663
v -0.253913343 1.24339402 7.83068228
v -0.318841577 1.41238308 7.87309742
v -0.117546365 1.15660501 7.79199648
v -0.311082393 1.42073953 7.86337852
v -0.324493259 1.51901805 7.90456343
v -0.173745602 1.30464792 7.82282877
v -0.260534793 1.4462744 7.86352873
v -0.245743588 1.44974363 7.8730402
v -0.154254049 1.31731272 7.84137011
v -0.0907431617 1.17292583 7.81076097
v -0.0845507309 1.17335486 7.83900023
v -0.0456046052 1.01449358 7.77604914
v -0.0315035619 1.01930571 7.8176446
v 0.0488505922 0.754742324 7.69914579
v 0.0585864037 0.433606833 6.83136749
v 0.013958022 0.356428713 6.65393639
v 0.0431676246 0.361688644 6.67719269
v 0.102624938 0.445245773 6.84802437
v 0.0490035675 0.341861308 6.69709539
v 0.111801505 0.545855939 6.95617008
v 0.133811161 0.434147716 6.91043568
v 0.185981721 0.572510123 6.98580933
v 0.143454492 0.659019172 7.01268673
v 0.216291368 0.557793438 7.04801369
v 0.20053035 0.525618255 7.08535528
v 0.24040857 0.702049851 7.05857086
v 0.162144184 0.782665014 7.05236053
v 0.267510623 0.702199101 7.13547468
v 0.248186961 0.680562437 7.21200418
v 0.27700451 0.843937576 7.10471678
v 0.169660732 0.946058691 7.07765245
v 0.302185476 0.859493494 7.18824148
v 0.280939966 0.850596309 7.30297232
v 0.294686675 1.02607691 7.11682224
v 0.156138167 1.09171402 7.05935478
v 0.324549466 1.06532109 7.20409632
v 0.302054524 1.09087467 7.34982729
v 0.289184451 1.17462325 7.08752012
v 0.122004084 1.21414733 6.97855473
v 0.321471393 1.23412406 7.1726675
v 0.297111571 1.29539645 7.33054018
v 0.272154748 1.44151855 7.25229406
v 0.289538801 1.34452665 7.10382271
v 0.251264304 1.31214643 6.99164724
v 0.256319016 1.42128062 7.03331661
v 0.259527296 1.55399132 7.17100763
v 0.2106397 1.5954181 7.05534458
v 0.207245007 1.35967219 6.90321684
v 0.087982446 1.25844657 6.89299536
v 0.221197337 1.46382642 6.95988274
v 0.132766634 1.62196028 6.87855816
v 0.152389139 1.48415756 6.80911589
v 0.0569641255 1.58967364 6.69558096
v 0.149497479 1.37142348 6.77979517
v 0.0450453423 1.27180171 6.79132175
v 0.0927574933 1.4580816 6.66071892
v 0.00783391111 1.51735854 6.52884674
v 0.0883559883 1.34040463 6.64917421
v -0.00518560736 1.2551825 6.6724329
v 0.0468547568 1.40708649 6.52489281
v -0.0492981412 1.37513518 6.36207771
v 0.0458842367 1.29302812 6.53108549
v -0.0464627072 1.21549046 6.56549931
v 0.0106316339 1.32792628 6.36293554
v -0.0652270839 1.27916932 6.2157321
v 0.0165074244 1.22664464 6.392519
v -0.0894745067 1.14041543 6.41518068
v -0.00391695555 1.25038898 6.20825291
v -0.0678938925 1.20512009 6.06358624
v 0.00110073201 1.14420176 6.23343372
v -0.114580736 1.04707956 6.25783014
v -0.00867351238 1.18516207 6.0618701
v -0.0401208661 1.15418088 5.91649389
v -0.00456942571 1.0674665 6.08305836
v -0.127730459 0.952493846 6.10572147
v -0.0153319817 1.13883018 5.91119719
v -0.024248125 1.14090049 5.75367832
v 0.00410337513 0.99946034 5.89972591
v -0.125473484 0.878780365 5.91798639
v -0.115401834 0.855409205 5.72801256
v -0.00746107101 1.12133431 5.74375582
v 0.0019773331 1.18508756 5.60533762
v 0.017029684 0.992409945 5.73075485
v -0.0945106968 0.898048222 5.51175833
v 0.017906284 1.1582284 5.57618475
v -0.0466868356 1.2785542 5.52556181
v 0.0308695938 1.03316522 5.53306007
v -0.0801300108 1.01833665 5.23039055
v 0.0260198247 1.24619257 5.43901587
v 0.0421544127 1.13573396 5.33875942
v -0.0806522816 1.19941282 5.0674243
v 0.0119557865 1.37103188 5.33122349
v -0.0946231186 1.48352373 5.38451338
v 0.0364835411 1.30345511 5.18262196
v -0.131218359 1.47289193 4.98317242
v -0.0156678222 1.52892315 5.11053085
v -0.23779726 1.74998987 5.02418947
v -0.0312424339 1.55675256 5.28711128
v -0.194878668 1.71529663 5.41445065
v -0.127208188 1.76981699 5.1341629
v -0.102680445 1.7526387 5.30233192
v -0.231772766 1.91993058 5.20933151
v -0.350923657 1.92517197 5.105793
v -0.185496479 1.88083541 5.35547161
v -0.301010042 1.8463099 5.46274137
v -0.324604928 2.01210999 5.28860378
v -0.459740281 2.06017685 5.2061801
v -0.275661886 1.96245754 5.4148798
v -0.384702623 1.89706266 5.50845861
v -0.411934912 2.07381153 5.38552094
v -0.55400902 2.12409806 5.31747723
v -0.372877061 2.00446248 5.49109316
v -0.43495211 1.92334378 5.54350567
v -0.500216186 2.10792637 5.50282526
v -0.634679794 2.14470863 5.45483255
v -0.475968093 2.0272553 5.58172417
v -0.537091792 1.95587325 5.61236906
v -0.581036389 2.10729218 5.64215755
v -0.688435674 2.1481595 5.60539341
v -0.575589657 2.03771949 5.67823029
v -0.638280153 1.96851957 5.68117762
v -0.652306497 2.07884741 5.76873159
v -0.727120697 2.12361288 5.75099277
v -0.745288134 2.07770967 5.86771822
v -0.655757427 2.02522254 5.77337503
v -0.705222666 1.9739846 5.7490716
v -0.68694365 2.03973389 5.87204599
v -0.749540865 2.0306499 5.94445419
v -0.693248451 1.99869871 5.86036968
v -0.742639065 1.9680717 5.83056307
v -0.750211835 1.95356011 5.90983582
v -0.697594464 2.00627136 5.94568491
v -0.739001751 1.98851454 6.00123167
v -0.702182472 1.97556984 5.92800283
v -0.736260235 1.9351877 5.97524881
v -0.701809525 1.95184433 5.9881196
v -0.711191773 1.91422296 6.04234076
v -0.696773291 1.97189522 6.00438404
v -0.722066045 1.94412208 6.05688906
v -0.696157873 1.92151558 6.05067873
v -0.696437538 1.89458168 6.11236143
v -0.693192184 1.93386352 6.06033993
v -0.133867368 1.25993943 5.1172266
v -0.0801300108 1.01833665 5.23039055
v -0.0806522816 1.19941282 5.0674243
v -0.131218359 1.47289193 4.98317242
v -0.20148164 1.48841095 5.10739708
v -0.23779726 1.74998987 5.02418947
v -0.279392391 1.72374618 5.13513279
v -0.350923657 1.92517197 5.105793
v -0.377558917 1.89924514 5.16760683
v -0.459740281 2.06017685 5.2061801
v -0.540523529 2.08696151 5.28427601
v -0.55400902 2.12409806 5.31747723
v -0.617762566 2.11137724 5.40215921
v -0.634679794 2.14470863 5.45483255
v -0.680247426 2.09356427 5.49260283
v -0.688435674 2.1481595 5.60539341
v -0.738535762 2.09923434 5.59200144
v -0.68729794 2.00013518 5.56967449
v -0.775448978 2.08653235 5.70223665
v -0.727120697 2.12361288 5.75099277
v -0.73463726 2.0266397 5.6116972
v -0.789810479 2.06109047 5.82213259
v -0.745288134 2.07770967 5.86771822
v -0.787908614 2.02378607 5.71023798
v -0.786303997 2.01805973 5.92007637
v -0.749540865 2.0306499 5.94445419
v -0.811466515 2.00737214 5.82099485
v -0.765506804 1.97836769 5.98668194
v -0.739001751 1.98851454 6.00123167
v -0.734861434 1.93582189 6.05101442
v -0.722066045 1.94412208 6.05688906
v -0.696437538 1.89458168 6.11236143
v -0.744411528 1.92852902 6.04023314
v -0.782629788 1.95633936 5.97383118
v -0.806858659 1.98148251 5.90879154
v -0.790874243 1.97359276 5.81681681
v -0.727586746 1.91636777 6.04023314
v -0.711191773 1.91422296 6.04234076
v -0.736260235 1.9351877 5.97524881
v -0.766048253 1.93912339 5.9703064
v -0.750211835 1.95356011 5.90983582
v -0.78779614 1.95913732 5.90274763
v -0.742639065 1.9680717 5.83056307
v -0.705222666 1.9739846 5.7490716
v -0.757561266 1.98256481 5.71818352
v -0.691140175 1.97836792 5.64417171
v -0.638280153 1.96851957 5.68117762
v -0.596909106 1.95436263 5.58875513
v -0.537091792 1.95587325 5.61236906
v -0.448624104 1.91021252 5.53524208
v -0.43495211 1.92334378 5.54350567
v -0.384702623 1.89706266 5.50845861
v 0.118479192 0.379030257 6.97485924
v 0.0550052971 0.321003228 6.75364351
v 0.0479547717 0.308524847 6.77252007
v 0.155783817 0.407829404 6.96570158
v 0.188220218 0.477980345 7.15893888
v 0.16516532 0.429204851 6.94585514
v 0.0569954365 0.34004721 6.73086882
v 0.133811161 0.434147716 6.91043568
v 0.0490035675 0.341861308 6.69709539
v 0.20053035 0.525618255 7.08535528
v 0.235503286 0.524555027 7.10087585
v 0.248186961 0.680562437 7.21200418
v 0.225487113 0.503086329 7.13383245
v 0.277023017 0.679573834 7.243433
v 0.280939966 0.850596309 7.30297232
v 0.264749914 0.663588881 7.29099655
v 0.228508994 0.643183291 7.33824253
v 0.299293786 0.854998291 7.34932184
v 0.302054524 1.09087467 7.34982729
v 0.285024852 0.848357975 7.41264677
v 0.25749445 0.845765293 7.47781801
v 0.309011847 1.10077894 7.41885853
v 0.297111571 1.29539645 7.33054018
v 0.291366696 1.10928428 7.48772335
v 0.26376158 1.11596179 7.55013371
v 0.30011493 1.3174808 7.4100914
v 0.272154748 1.44151855 7.25229406
v 0.282059193 1.33577847 7.47102833
v 0.245221317 1.35217392 7.52765608
v 0.222838104 1.55031669 7.44728374
v 0.287599146 1.51015854 7.33671427
v 0.259527296 1.55399132 7.17100763
v 0.268853247 1.54507554 7.39964628
v 0.180740625 1.69276404 7.3341217
v 0.251731098 1.67827129 7.29310465
v 0.270233631 1.63384151 7.22793341
v 0.212915167 1.7371006 7.1838212
v 0.144723162 1.76431417 7.21073675
v 0.053084176 1.79863429 7.01651049
v 0.233731613 1.68603075 7.11413622
v 0.2106397 1.5954181 7.05534458
v 0.12575312 1.77013373 6.96303463
v -0.0336673148 1.76561975 6.78096962
v 0.153620064 1.71503508 6.91972399
v 0.132766634 1.62196028 6.87855816
v 0.0443551615 1.73437738 6.7317276
v -0.0863409415 1.65262473 6.53276396
v 0.0773137957 1.68539667 6.70770454
v 0.0569641255 1.58967364 6.69558096
v -0.0232968107 1.64249647 6.51610804
v -0.0990993306 1.48557508 6.35183907
v 0.0165629219 1.60222638 6.50696802
v 0.00783391111 1.51735854 6.52884674
v -0.0625033677 1.5052346 6.32481146
v -0.124839514 1.40389717 6.19392824
v -0.0190255158 1.47018707 6.32164049
v -0.0786379501 1.41102231 6.18993711
v -0.0126274666 1.42523515 6.33340931
v -0.0492981412 1.37513518 6.36207771
v -0.0830771625 1.35278988 6.06942415
v -0.142764315 1.33678615 6.07004023
v -0.136217549 1.30017209 5.96090508
v -0.0366514586 1.37241209 6.18971252
v -0.0281273685 1.3188988 6.20193052
v -0.0652270839 1.27916932 6.2157321
v -0.0817345157 1.3152616 5.9453125
v -0.123422161 1.31686568 5.85779572
v -0.036539752 1.30850947 6.06524706
v -0.0226621311 1.23794818 6.06386662
v -0.0678938925 1.20512009 6.06358624
v -0.0700206459 1.30328691 5.8296299
v -0.0820888579 1.33633888 5.72394753
v -0.0236511528 1.26527369 5.92673492
v -0.00304035423 1.19096303 5.912745
v -0.0401208661 1.15418088 5.91649389
v -0.024248125 1.14090049 5.75367832
v 0.00507318601 1.25611544 5.79154301
v 0.0322869532 1.18768013 5.75873423
v 0.0019773331 1.18508756 5.60533762
v -0.0357933603 1.32566965 5.71669197
v -0.0293398108 1.38658798 5.6134696
v -0.072464034 1.3360219 5.63609505
v -0.0524686985 1.33449233 5.57411289
v 0.0199576169 1.44317877 5.50299263
v 0.0811183304 1.23168111 5.63283062
v 0.0459774435 1.22151554 5.53686523
v 0.0453619696 1.28879428 5.67985296
v 0.101430997 1.25522017 5.59045315
v 0.110700764 1.32225645 5.45955181
v 0.00966182258 1.37131178 5.62887669
v 0.0694606751 1.31736934 5.63186121
v 0.0265235864 1.45677638 5.54108095
v 0.0964133143 1.55925179 5.48683929
v 0.147054106 1.33395135 5.52283859
v 0.175741434 1.44032514 5.43179655
v 0.112846017 1.38283873 5.57568026
v 0.0606199503 1.43006635 5.56493616
v 0.19648315 1.44440997 5.48551512
v 0.23343277 1.56824231 5.44123507
v 0.165035114 1.48089373 5.54093122
v 0.241808116 1.57033122 5.48648548
v 0.272080749 1.6922425 5.49577427
v 0.129819497 1.5202316 5.53388071
v 0.277340382 1.68662786 5.52337933
v 0.302987367 1.81187773 5.58500671
v 0.220226824 1.58861053 5.52377129
v 0.0993981659 1.55248117 5.51707506
v 0.266335189 1.69750226 5.54509068
v 0.201985389 1.61873376 5.52205515
v 0.177942172 1.64896905 5.51627302
v 0.174827844 1.66622269 5.49474859
v 0.253148466 1.71621072 5.54568768
v 0.240240619 1.73338926 5.54503489
v 0.23473838 1.74510312 5.53026247
v 0.253353387 -0.0270289257 6.11976624
v 0.257569164 -0.0562197343 6.1439209
v 0.274840772 -0.00860056281 6.17460394
v 0.296234995 0.00469854195 6.16518354
v 0.299461693 0.0589205697 6.24900723
v 0.293194622 0.0459572934 6.11320066
v 0.318244606 0.0726672709 6.23803997
v 0.294593483 0.120062627 6.32477331
v 0.314887643 0.124334008 6.20256376
v 0.307948828 0.137633085 6.31600618
v 0.263314039 0.0945651233 6.10143137
v 0.256282002 0.0574657582 6.06472349
v 0.275680363 0.163578391 6.18271732
v 0.29500401 0.183424354 6.2835331
v 0.258706897 0.204743832 6.26264191
v 0.271222651 0.181932077 6.387537
v 0.264227659 0.164865315 6.39182806
v 0.254323184 0.220672846 6.36317778
v 0.217764944 0.235221595 6.3425107
v 0.220226824 0.214480296 6.44052839
v 0.215153635 0.196667403 6.44795275
v 0.209558174 0.236900285 6.41409826
v 0.18042329 0.242533296 6.39097023
v 0.132617235 0.244249269 6.47611761
v 0.119467497 0.245554894 6.466959
v -0 0.228170961 6.55083799
v 0.142577887 0.227126479 6.49376249
v 0.138978273 0.217707083 6.49930239
v 0.0822937787 -0.367842942 6.36101389
v 0.02210287 -0.390953004 6.35278845
v 0.0821073502 -0.353984356 6.38792896
v 0.134203225 -0.345795959 6.3794055
v 0.149199352 -0.32818827 6.34655952
v 0.144274876 -0.310058326 6.42262316
v 0.165016592 -0.320951164 6.36603117
v 0.190439463 -0.303940356 6.32559395
v 0.185273051 -0.307092547 6.40501451
v 0.173559189 -0.266374707 6.45550585
v 0.212542325 -0.281091273 6.32357883
v 0.225114286 -0.271317482 6.29237366
v 0.212989882 -0.263614237 6.4367981
v 0.1968375 -0.210194111 6.49230766
v 0.23664102 -0.247778386 6.28549099
v 0.231717259 -0.250445634 6.26221371
v 0.239905521 -0.221273527 6.25740099
v 0.2322018 -0.250501603 6.3291564
v 0.259545803 -0.227783144 6.29418278
v 0.243915662 -0.205717519 6.24833679
v 0.266130239 -0.182812631 6.25803518
v 0.279746741 -0.207004622 6.31477547
v 0.292616844 -0.125624761 6.31352568
v 0.254510313 -0.221646607 6.36058521
v 0.302185476 -0.148399249 6.36483765
v 0.299704343 -0.0638485849 6.36638594
v 0.270252138 -0.174568325 6.41689634
v 0.305989951 -0.0818107501 6.41473246
v 0.283737719 0.0231641121 6.43526888
v 0.224442616 -0.204038933 6.48119068
v 0.203048438 -0.138271093 6.53254032
v 0.270662695 -0.109192178 6.47143555
v 0.285024852 0.00365390629 6.46904755
v 0.250760585 0.0811726376 6.47518492
v 0.226568654 -0.134093001 6.5260129
v 0.194580525 -0.0505869053 6.56299973
v 0.251021713 0.0660083219 6.50155926
v 0.202712595 0.135935634 6.51235867
v 0.254826933 -0.0295844544 6.51452208
v 0.212187991 -0.0441331901 6.55842876
v 0.199728444 0.12800841 6.52858543
v 0.127823666 0.185382739 6.53573036
v 0.225375444 0.0401190408 6.53942299
v 0.18700777 0.0333482623 6.57387304
v 0.165445656 0.0274167862 6.57725
v 0.119076155 0.18517755 6.54693937
v -0 0.228170961 6.55083799
v 0.176748961 0.114616118 6.55695677
v 0.151661247 0.099918142 6.57788372
v 0.13269195 0.0930913836 6.58139086
v 0.120754637 0.173930272 6.56130219
v 0.102680445 0.161619723 6.57538366
v 0.0920118019 0.153226271 6.57469416
v 0.00343169412 -0.396567404 6.34946823
v -0 -0.396418154 6.34902096
v -0 -0.374781638 6.39212704
v 0.0139146196 -0.376311183 6.3966403
v 0.00744257122 -0.394608974 6.35127735
v -0 -0.34202823 6.45164537
v 0.0275496095 -0.372487366 6.39581919
v 0.02210287 -0.390953004 6.35278845
v 0.0324548744 -0.370715439 6.39566994
v 0.0189323071 -0.347456038 6.45632792
v -0 -0.31063658 6.50420713
v 0.0491857193 -0.339230418 6.45397806
v 0.0594260171 -0.335742444 6.45093727
v 0.0238937847 -0.315336883 6.51133299
v -0 -0.249606416 6.56671047
v 0.0652640983 -0.310226142 6.49937677
v 0.0797009766 -0.303884417 6.49355698
v 0.0288360491 -0.249774292 6.57531118
v -0 -0.170539543 6.60998392
v 0.0802232325 -0.243674919 6.5631485
v 0.0964133143 -0.234610006 6.5525732
v 0.0321937464 -0.166883677 6.61561775
v -0 -0.0701344684 6.63134146
v 0.0886541083 -0.161157474 6.60461235
v 0.102829866 -0.158769935 6.59067869
v 0.101281576 -0.0658631176 6.61235285
v 0.0334623978 -0.0701904595 6.63460541
v 0.0900159702 -0.0672620013 6.62440252
v 0.0851662159 0.0226231944 6.61203671
v 0.0755605996 0.0222501345 6.62175417
v 0.0706546232 0.0817508176 6.60722351
v 0.0296941493 0.0249174405 6.63479185
v -0 0.025141241 6.63143492
v 0.0588105395 0.0881298929 6.61406898
v 0.0475819334 0.142986163 6.59023094
v 0.0210398473 0.104208112 6.62009335
v -0 0.105271287 6.61608458
v 0.0406061262 0.14490737 6.59705734
v -0 0.228170961 6.55083799
v 0.0156493224 0.157366991 6.59793568
v -0 0.159269542 6.59420443
v 0.247814134 -0.181805342 6.21485472
v 0.243915662 -0.205717519 6.24833679
v 0.266130239 -0.182812631 6.25803518
v 0.269543439 -0.167237923 6.2332468
v 0.241080254 -0.133477405 6.15708923
v 0.302240938 -0.109639816 6.28062296
v 0.292616844 -0.125624761 6.31352568
v 0.271968335 -0.0825753286 6.15626812
v 0.234272361 -0.11359404 6.13718653
v 0.257569164 -0.0562197343 6.1439209
v 0.291161776 -0.0280734897 6.18344402
v 0.274840772 -0.00860056281 6.17460394
v 0.313301653 0.0432340391 6.25874376
v 0.299461693 0.0589205697 6.24900723
v 0.31942004 -0.0414099097 6.34334993
v 0.299704343 -0.0638485849 6.36638594
v 0.302520603 0.0445209667 6.40951014
v 0.283737719 0.0231641121 6.43526888
v 0.304293036 0.109971792 6.33068657
v 0.294593483 0.120062627 6.32477331
v 0.264227659 0.164865315 6.39182806
v 0.271800429 0.104655832 6.4610281
v 0.250760585 0.0811726376 6.47518492
v 0.215153635 0.196667403 6.44795275
v 0.216235861 0.157516271 6.49976778
v 0.202712595 0.135935634 6.51235867
v 0.138978273 0.217707083 6.49930239
v 0.131853044 0.199427873 6.52810097
v 0.127823666 0.185382739 6.53573036
v -0 0.228170961 6.55083799
v 0.0311492216 0.18607305 5.90507936
v -0 0.233860105 5.94708347
v -0 0.186203673 5.89963245
v 0.0203496683 0.234699488 5.94769907
v -0 0.281068921 6.01249599
v 0.0458472334 0.292241633 6.01428843
v -0 0.323334903 6.10493708
v 0.0572437607 0.242458791 5.94810963
v 0.0610112883 0.173949108 5.89144325
v 0.111932427 0.166842535 5.9421587
v 0.104135513 0.21490939 5.97862482
v 0.104546055 0.257734954 6.04023218
v 0.0962831005 0.300094247 6.11749077
v 0.0395986065 0.331485957 6.10786629
v -0 0.342565387 6.19651985
v 0.0857631788 0.318615854 6.20181704
v 0.0327907167 0.349112302 6.19900084
v 0.072464034 0.323875725 6.27836609
v -0 0.341856539 6.2841301
v 0.0269526374 0.34892574 6.28547239
v 0.0579901524 0.311770469 6.36375666
v 0.0237443633 0.332231969 6.36500549
v -0 0.326002151 6.3652482
v 0.0402325764 0.292241484 6.43830919
v 0.017477233 0.304906368 6.44090176
v -0 0.301269203 6.44151735
v -0 0.228170961 6.55083799
v -0.253353387 -0.0270289257 6.11976624
v -0.274840772 -0.00860056281 6.17460394
v -0.257569164 -0.0562197343 6.1439209
v -0.296234995 0.00469854195 6.16518354
v -0.299461693 0.0589205697 6.24900723
v -0.293194622 0.0459572934 6.11320066
v -0.318244606 0.0726672709 6.23803997
v -0.294593483 0.120062627 6.32477331
v -0.314887643 0.124334008 6.20256376
v -0.307948828 0.137633085 6.31600618
v -0.263314039 0.0945651233 6.10143137
v -0.256282002 0.0574657582 6.06472349
v -0.275680363 0.163578391 6.18271732
v -0.29500401 0.183424354 6.2835331
v -0.258706897 0.204743832 6.26264191
v -0.271222651 0.181932077 6.387537
v -0.264227659 0.164865315 6.39182806
v -0.254323184 0.220672846 6.36317778
v -0.217764944 0.235221595 6.3425107
v -0.220226824 0.214480296 6.44052839
v -0.215153635 0.196667403 6.44795275
v -0.209558174 0.236900285 6.41409826
v -0.18042329 0.242533296 6.39097023
v -0.132617235 0.244249269 6.47611761
v -0.119467497 0.245554894 6.466959
v -0 0.228170961 6.55083799
v -0.142577887 0.227126479 6.49376249
v -0.138978273 0.217707083 6.49930239
v -0.0822937787 -0.367842942 6.36101389
v -0.0821073502 -0.353984356 6.38792896
v -0.02210287 -0.390953004 6.35278845
v -0.134203225 -0.345795959 6.3794055
v -0.149199352 -0.32818827 6.34655952
v -0.144274876 -0.310058326 6.42262316
v -0.165016592 -0.320951164 6.36603117
v -0.190439463 -0.303940356 6.32559395
v -0.185273051 -0.307092547 6.40501451
v -0.173559189 -0.266374707 6.45550585
v -0.212542325 -0.281091273 6.32357883
v -0.225114286 -0.271317482 6.29237366
v -0.212989882 -0.263614237 6.4367981
v -0.1968375 -0.210194111 6.49230766
v -0.23664102 -0.247778386 6.28549099
v -0.231717259 -0.250445634 6.26221371
v -0.239905521 -0.221273527 6.25740099
v -0.2322018 -0.250501603 6.3291564
v -0.259545803 -0.227783144 6.29418278
v -0.243915662 -0.205717519 6.24833679
v -0.266130239 -0.182812631 6.25803518
v -0.279746741 -0.207004622 6.31477547
v -0.292616844 -0.125624761 6.31352568
v -0.254510313 -0.221646607 6.36058521
v -0.302185476 -0.148399249 6.36483765
v -0.299704343 -0.0638485849 6.36638594
v -0.270252138 -0.174568325 6.41689634
v -0.305989951 -0.0818107501 6.41473246
v -0.283737719 0.0231641121 6.43526888
v -0.224442616 -0.204038933 6.48119068
v -0.203048438 -0.138271093 6.53254032
v -0.270662695 -0.109192178 6.47143555
v -0.285024852 0.00365390629 6.46904755
v -0.250760585 0.0811726376 6.47518492
v -0.226568654 -0.134093001 6.5260129
v -0.194580525 -0.0505869053 6.56299973
v -0.251021713 0.0660083219 6.50155926
v -0.202712595 0.135935634 6.51235867
v -0.254826933 -0.0295844544 6.51452208
v -0.212187991 -0.0441331901 6.55842876
v -0.199728444 0.12800841 6.52858543
v -0.127823666 0.185382739 6.53573036
v -0.225375444 0.0401190408 6.53942299
v -0.18700777 0.0333482623 6.57387304
v -0.165445656 0.0274167862 6.57725
v -0.119076155 0.18517755 6.54693937
v -0 0.228170961 6.55083799
v -0.176748961 0.114616118 6.55695677
v -0.151661247 0.099918142 6.57788372
v -0.13269195 0.0930913836 6.58139086
v -0.120754637 0.173930272 6.56130219
v -0.102680445 0.161619723 6.57538366
v -0.0920118019 0.153226271 6.57469416
v -0.00343169412 -0.396567404 6.34946823
v -0 -0.374781638 6.39212704
v -0 -0.396418154 6.34902096
v -0.0139146196 -0.376311183 6.3966403
v -0.00744257122 -0.394608974 6.35127735
v -0 -0.34202823 6.45164537
v -0.0275496095 -0.372487366 6.39581919
v -0.02210287 -0.390953004 6.35278845
v -0.0324548744 -0.370715439 6.39566994
v -0.0189323071 -0.347456038 6.45632792
v -0 -0.31063658 6.50420713
v -0.0491857193 -0.339230418 6.45397806
v -0.0594260171 -0.335742444 6.45093727
v -0.0238937847 -0.315336883 6.51133299
v -0 -0.249606416 6.56671047
v -0.0652640983 -0.310226142 6.49937677
v -0.0797009766 -0.303884417 6.49355698
v -0.0288360491 -0.249774292 6.57531118
v -0 -0.170539543 6.60998392
v -0.0802232325 -0.243674919 6.5631485
v -0.0964133143 -0.234610006 6.5525732
v -0.0321937464 -0.166883677 6.61561775
v -0 -0.0701344684 6.63134146
v -0.0886541083 -0.161157474 6.60461235
v -0.102829866 -0.158769935 6.59067869
v -0.101281576 -0.0658631176 6.61235285
v -0.0334623978 -0.0701904595 6.63460541
v -0.0900159702 -0.0672620013 6.62440252
v -0.0851662159 0.0226231944 6.61203671
v -0.0755605996 0.0222501345 6.62175417
v -0.0706546232 0.0817508176 6.60722351
v -0.0296941493 0.0249174405 6.63479185
v -0 0.025141241 6.63143492
v -0.0588105395 0.0881298929 6.61406898
v -0.0475819334 0.142986163 6.59023094
v -0.0210398473 0.104208112 6.62009335
v -0 0.105271287 6.61608458
v -0.0406061262 0.14490737 6.59705734
v -0 0.228170961 6.55083799
v -0.0156493224 0.157366991 6.59793568
v -0 0.159269542 6.59420443
v -0.247814134 -0.181805342 6.21485472
v -0.266130239 -0.182812631 6.25803518
v -0.243915662 -0.205717519 6.24833679
v -0.269543439 -0.167237923 6.2332468
v -0.241080254 -0.133477405 6.15708923
v -0.302240938 -0.109639816 6.28062296
v -0.292616844 -0.125624761 6.31352568
v -0.271968335 -0.0825753286 6.15626812
v -0.234272361 -0.11359404 6.13718653
v -0.257569164 -0.0562197343 6.1439209
v -0.291161776 -0.0280734897 6.18344402
v -0.274840772 -0.00860056281 6.17460394
v -0.313301653 0.0432340391 6.25874376
v -0.299461693 0.0589205697 6.24900723
v -0.31942004 -0.0414099097 6.34334993
v -0.299704343 -0.0638485849 6.36638594
v -0.302520603 0.0445209667 6.40951014
v -0.283737719 0.0231641121 6.43526888
v -0.304293036 0.109971792 6.33068657
v -0.294593483 0.120062627 6.32477331
v -0.264227659 0.164865315 6.39182806
v -0.271800429 0.104655832 6.4610281
v -0.250760585 0.0811726376 6.47518492
v -0.215153635 0.196667403 6.44795275
v -0.216235861 0.157516271 6.49976778
v -0.202712595 0.135935634 6.51235867
v -0.138978273 0.217707083 6.49930239
v -0.131853044 0.199427873 6.52810097
v -0.127823666 0.185382739 6.53573036
v -0 0.228170961 6.55083799
v -0.0311492216 0.18607305 5.90507936
v -0 0.186203673 5.89963245
v -0 0.233860105 5.94708347
v -0.0203496683 0.234699488 5.94769907
v -0 0.281068921 6.01249599
v -0.0458472334 0.292241633 6.01428843
v -0 0.323334903 6.10493708
v -0.0572437607 0.242458791 5.94810963
v -0.0610112883 0.173949108 5.89144325
v -0.111932427 0.166842535 5.9421587
v -0.104135513 0.21490939 5.97862482
v -0.104546055 0.257734954 6.04023218
v -0.0962831005 0.300094247 6.11749077
v -0.0395986065 0.331485957 6.10786629
v -0 0.342565387 6.19651985
v -0.0857631788 0.318615854 6.20181704
v -0.0327907167 0.349112302 6.19900084
v -0.072464034 0.323875725 6.27836609
v -0 0.341856539 6.2841301
v -0.0269526374 0.34892574 6.28547239
v -0.0579901524 0.311770469 6.36375666
v -0.0237443633 0.332231969 6.36500549
v -0 0.326002151 6.3652482
v -0.0402325764 0.292241484 6.43830919
v -0.017477233 0.304906368 6.44090176
v -0 0.301269203 6.44151735
v -0 0.228170961 6.55083799
v 0.261131763 -0.0858022273 6.16537046
v 0.256375223 -0.0794417858 6.16852331
v 0.250350744 -0.0920880362 6.14701653
v 0.256356716 -0.0979821533 6.14576721
v 0.256673336 -0.1350068 6.13761568
v 0.263891786 -0.148343191 6.20450306
v 0.25051865 -0.111057356 6.09661913
v 0.244624361 -0.107326858 6.09251499
v 0.246974543 -0.119320244 6.06324959
v 0.242255703 -0.116485134 6.05564022
v 0.250555634 -0.175985843 6.19178247
v 0.241024762 -0.206929967 6.24710417
v 0.24044627 -0.182159767 6.19737864
v 0.232537672 -0.215547293 6.25393248
v 0.24287115 -0.159926265 6.13832521
v 0.250014901 -0.154610366 6.13836241
v 0.247291163 -0.144090444 6.09747601
v 0.243057594 -0.149070635 6.09331656
v 0.25202921 -0.131742716 6.09201241
v 0.244587362 -0.137599468 6.06220484
v 0.241304353 -0.140490577 6.05491209
v 0.242814943 -0.131817237 6.02611256
v 0.236902162 -0.130287811 6.01460361
v 0.24857831 -0.131854594 6.05817604
v -0.261131763 -0.0858022273 6.16537046
v -0.250350744 -0.0920880362 6.14701653
v -0.256375223 -0.0794417858 6.16852331
v -0.256356716 -0.0979821533 6.14576721
v -0.256673336 -0.1350068 6.13761568
v -0.263891786 -0.148343191 6.20450306
v -0.25051865 -0.111057356 6.09661913
v -0.244624361 -0.107326858 6.09251499
v -0.246974543 -0.119320244 6.06324959
v -0.242255703 -0.116485134 6.05564022
v -0.250555634 -0.175985843 6.19178247
v -0.241024032 -0.206929967 6.24710417
v -0.24044627 -0.182159767 6.19737864
v -0.232537672 -0.215547293 6.25393248
v -0.24287115 -0.159926265 6.13832521
v -0.250014901 -0.154610366 6.13836241
v -0.247291163 -0.144090444 6.09747601
v -0.243057594 -0.149070635 6.09331656
v -0.25202921 -0.131742716 6.09201241
v -0.244586632 -0.137599468 6.06220484
v -0.241304353 -0.140490577 6.05491209
v -0.24857831 -0.131854594 6.05817604
v -0.242814943 -0.131817237 6.02611256
v -0.236902162 -0.130287811 6.01460361
v 0.195699051 -0.285269409 6.44998598
v 0.269357026 -0.233714655 6.39067125
v 0.302166253 -0.24208948 6.37530136
v 0.310728073 -0.163134471 6.34594345
v 0.335665643 -0.181283146 6.33493805
v 0.318785399 -0.238694742 6.33949041
v 0.331170946 -0.236232698 6.30929184
v 0.33001399 -0.109565169 6.28638601
v 0.34400329 -0.225321099 6.28830814
v 0.353534907 -0.129970744 6.27618408
v 0.334490895 -0.077819027 6.20612574
v 0.362581283 -0.192120105 6.23376894
v 0.321060836 -0.272753745 6.26226997
v 0.324884593 -0.249382511 6.18909597
v 0.362320155 -0.0988960937 6.19495296
v 0.338221461 -0.0758232698 6.11297655
v 0.33928448 -0.223343864 6.15220308
v 0.304125071 -0.231737375 6.14405155
v 0.318766862 -0.212283105 6.09768105
v 0.370023161 -0.0921812728 6.10508633
v 0.337736189 -0.0934682414 6.03340769
v 0.380281925 -0.162425682 6.16906357
v 0.349077225 -0.201576784 6.10165453
v 0.325015515 -0.200811967 6.05136824
v 0.386567563 -0.143792018 6.10299778
v 0.348890096 -0.190142855 6.05345774
v 0.32529515 -0.196148843 6.01079941
v 0.367300153 -0.103652351 6.03292084
v 0.343238413 -0.186412424 6.0047555
v 0.321173251 -0.198499084 5.97890425
v 0.383117348 -0.143101886 6.03997183
v 0.353012651 -0.12472938 5.97761726
v 0.32794413 -0.118686102 5.98172045
v 0.316472918 -0.146310046 5.94477034
v 0.3674303 -0.154423788 5.98653316
v 0.334863782 -0.19174695 5.96778727
v 0.309720516 -0.205792055 5.95312738
v 0.345999151 -0.168599501 5.94685984
v 0.333371699 -0.151290223 5.93883896
v 0.317853242 -0.202042937 5.9424386
v 0.310634851 -0.175985768 5.91378975
v 0.298081368 -0.17244184 5.92195845
v 0.323970973 -0.187885895 5.92384243
v 0.297690034 -0.215528563 5.92926979
v 0.293978006 -0.219221696 5.93745899
v 0.299387038 -0.209858254 5.91789293
v 0.29024747 -0.202956975 5.90871572
v 0.28207773 -0.200028583 5.91425514
v 0.278105259 -0.231793329 5.92442131
v 0.276463777 -0.231569514 5.92891598
v 0.260441601 -0.245763808 5.9270134
v 0.278253943 -0.230002776 5.91880703
v 0.273609817 -0.228193387 5.91410589
v 0.268368721 -0.226626605 5.91733313
v 0.305523932 -0.30231756 6.24059629
v 0.321060836 -0.272753745 6.26226997
v 0.324884593 -0.249382511 6.18909597
v 0.321434408 -0.273928791 6.17033243
v 0.333054334 -0.226626664 6.12094116
v 0.296645552 -0.299799532 6.1675334
v 0.279933184 -0.328113586 6.22401285
v 0.333968639 -0.248170033 6.11284637
v 0.318449557 -0.221814424 6.0663085
v 0.307930321 -0.275271744 6.1131072
v 0.323075891 -0.240466595 6.06102991
v 0.295526266 -0.236586913 6.02271891
v 0.30613941 -0.261711538 6.06319427
v 0.297391206 -0.249680832 6.02163696
v 0.263462752 -0.257141769 5.99777985
v 0.263071418 -0.264322877 5.99845219
v 0.233488962 -0.273723602 5.99244595
v 0.289352357 -0.261804819 6.02546072
v 0.260926127 -0.269396216 6.00169706
v 0.255498618 -0.270403475 6.00576353
v 0.2751396 -0.266561121 6.03245449
v 0.284316182 -0.270534039 6.07222223
v 0.284279168 -0.286146075 6.12172413
v 0.275642663 -0.304182768 6.17376518
v 0.257009178 -0.32693851 6.22481632
v 0.237331212 -0.34639281 6.26695108
v 0.250443935 -0.356502384 6.28121996
v 0.222875819 -0.364131182 6.30065489
v 0.204988033 -0.387054712 6.34085083
v 0.0172531046 -0.392840654 6.29151535
v 0.0102957934 -0.390757233 6.29821157
v 0.0377336964 -0.407628179 6.35595989
v 0.0564603694 -0.406788826 6.35446692
v 0.0539607741 -0.419696182 6.37731695
v 0.065977037 -0.393101037 6.33653593
v 0.0274933968 -0.386467993 6.29136753
v 0.0778730586 -0.374781609 6.32486677
v 0.0980654806 -0.366065711 6.33148956
v 0.0962119475 -0.395805627 6.34650183
v 0.122542709 -0.357061535 6.33093929
v 0.0887160078 -0.417858988 6.38068342
v 0.0844575316 -0.430626482 6.40878201
v 0.120345511 -0.421125561 6.38611984
v 0.11493507 -0.432902008 6.41760588
v 0.154925719 -0.421766609 6.40288877
v 0.126011401 -0.397415966 6.34846592
v 0.145537838 -0.340611756 6.32167673
v 0.151586518 -0.416058987 6.38173676
v 0.182456121 -0.404531956 6.36914682
v 0.157413214 -0.385255933 6.33439064
v 0.204988033 -0.387054712 6.34085083
v 0.186410785 -0.356632918 6.30662394
v 0.172871143 -0.322035223 6.29825544
v 0.233022213 -0.327460736 6.26236248
v 0.222875819 -0.364131182 6.30065489
v 0.237331212 -0.34639281 6.26695108
v 0.201501548 -0.295885086 6.26435661
v 0.257009178 -0.32693851 6.22481632
v 0.229982555 -0.285288066 6.22947884
v 0.235148951 -0.277528673 6.23617458
v 0.249063566 -0.310505986 6.23046732
v 0.266913652 -0.291573882 6.17760611
v 0.275642663 -0.304182768 6.17376518
v 0.266634017 -0.265833795 6.17969513
v 0.274001867 -0.250800043 6.18404245
v 0.273012847 -0.276614696 6.12560415
v 0.284279168 -0.286146075 6.12172413
v 0.277787894 -0.25322476 6.12830782
v 0.304125071 -0.231737375 6.14405155
v 0.273852468 -0.263073176 6.0781908
v 0.284316182 -0.270534039 6.07222223
v 0.268032908 -0.259585202 6.03870296
v 0.2751396 -0.266561121 6.03245449
v 0.25262621 -0.265628546 6.01009083
v 0.255498618 -0.270403475 6.00576353
v 0.233488962 -0.273723602 5.99244595
v 0.256319016 -0.256731451 6.00988531
v 0.274803758 -0.244047821 6.03788233
v 0.261262 -0.253616422 6.00408554
v 0.263462752 -0.257141769 5.99777985
v 0.295526266 -0.236586913 6.02271891
v 0.286162585 -0.236325786 6.03170824
v 0.318449557 -0.221814424 6.0663085
v 0.28080976 -0.242854089 6.0777607
v 0.299219131 -0.227130339 6.07418013
v 0.333054334 -0.226626664 6.12094116
v 0.324884593 -0.249382511 6.18909597
v 0.448045641 -0.0788263455 6.33303642
v 0.432246894 -0.100649431 6.31124973
v 0.432471007 -0.103932217 6.30132675
v 0.407570422 -0.138737336 6.29778242
v 0.398132056 -0.151402235 6.27842188
v 0.385523051 -0.172124863 6.29692507
v 0.366852611 -0.1863565 6.27918673
v 0.36636728 -0.206948638 6.30112171
v 0.34400329 -0.225321099 6.28830814
v 0.349095732 -0.234386042 6.31796503
v 0.331170946 -0.236232698 6.30929184
v 0.33326 -0.238713488 6.34825611
v 0.318785399 -0.238694742 6.33949041
v 0.302166253 -0.24208948 6.37530136
v 0.312835574 -0.228361413 6.39619255
v 0.283253163 -0.222952247 6.44916534
v 0.195699051 -0.285269409 6.44998598
v 0.231922179 -0.242835611 6.49741793
v 0.158656254 -0.278237611 6.50674343
v 0.117826 -0.343035489 6.44263601
v 0.0978868827 -0.312688291 6.48939753
v 0.0656369254 -0.338428378 6.46526146
v 0.07770513 -0.369987965 6.42126083
v 0.0455676019 -0.356409132 6.43954039
v 0.0316152722 -0.362265915 6.38643789
v 0.145537838 -0.340611756 6.32167673
v 0.172871143 -0.322035223 6.29825544
v 0.122542709 -0.357061535 6.33093929
v 0.269357026 -0.233714655 6.39067125
v 0.0980654806 -0.366065711 6.33148956
v 0.201501548 -0.295885086 6.26435661
v 0.0453996845 -0.378941 6.37923765
v 0.0778730586 -0.374781609 6.32486677
v 0.23442176 -0.258783221 6.22957134
v 0.235148951 -0.277528673 6.23617458
v 0.310728073 -0.163134471 6.34594345
v 0.274001867 -0.250800043 6.18404245
v 0.0319888256 -0.365641981 6.33975077
v 0.0237066504 -0.360307425 6.34124231
v 0.0274933968 -0.386467993 6.29136753
v 0.266522318 -0.219650745 6.1854229
v 0.33001399 -0.109565169 6.28638601
v 0.304125071 -0.231737375 6.14405155
v 0.334490895 -0.077819027 6.20612574
v 0.293399513 -0.189322203 6.12858915
v 0.318766862 -0.212283105 6.09768105
v 0.338221461 -0.0758232698 6.11297655
v 0.306195617 -0.180425063 6.08029795
v 0.325015515 -0.200811967 6.05136824
v 0.337736189 -0.0934682414 6.03340769
v 0.310615659 -0.181954548 6.04150152
v 0.32529515 -0.196148843 6.01079941
v 0.32794413 -0.118686102 5.98172045
v 0.310728073 -0.18562904 6.00865412
v 0.321173251 -0.198499084 5.97890425
v 0.316472918 -0.146310046 5.94477034
v 0.306624681 -0.192660883 5.98151541
v 0.30007723 -0.20222947 5.95717478
v 0.309720516 -0.205792055 5.95312738
v 0.298081368 -0.17244184 5.92195845
v 0.293978006 -0.219221696 5.93745899
v 0.28207773 -0.200028583 5.91425514
v 0.288214654 -0.216125429 5.94020081
v 0.276463777 -0.231569514 5.92891598
v 0.268368721 -0.226626605 5.91733313
v 0.273703068 -0.230711415 5.93050146
v 0.260441601 -0.245763808 5.9270134
v 0.00930748321 -0.367357969 6.34053373
v 0.0237066504 -0.360307425 6.34124231
v 0.0316152722 -0.362265915 6.38643789
v 0.0167500526 -0.368794233 6.39473724
v 0.0455676019 -0.356409132 6.43954039
v 0.0092704827 -0.391065061 6.38205385
v 0.000708680716 -0.37603122 6.33566618
v 0.017178392 -0.404998183 6.42495394
v 0.031466566 -0.364261746 6.45535803
v 0.0656369254 -0.338428378 6.46526146
v 0.0396733172 -0.409176469 6.47753525
v 0.0520773605 -0.353891104 6.49654102
v 0.0693304613 -0.402424306 6.50383425
v 0.0978868827 -0.312688291 6.48939753
v 0.115457319 -0.384051859 6.52784061
v 0.0997147933 -0.332571626 6.52647829
v 0.158656254 -0.278237611 6.50674343
v 0.175498798 -0.354338706 6.52632856
v 0.176245213 -0.359468102 6.51974583
v 0.168504506 -0.304406643 6.5354495
v 0.232742593 -0.33480978 6.49712038
v 0.236007035 -0.34187907 6.48381996
v 0.244997203 -0.276876003 6.51256323
v 0.231922179 -0.242835611 6.49741793
v 0.287207097 -0.326658785 6.43991327
v 0.282395035 -0.335126936 6.43446779
v 0.301942825 -0.267997473 6.4570179
v 0.283253163 -0.222952247 6.44916534
v 0.312835574 -0.228361413 6.39619255
v 0.335684896 -0.276596159 6.39704943
v 0.33326 -0.238713488 6.34825611
v 0.322143078 -0.329680562 6.38115931
v 0.312947303 -0.33882004 6.37612247
v 0.355213434 -0.284728557 6.348629
v 0.349095732 -0.234386042 6.31796503
v 0.344749719 -0.333672017 6.32745886
v 0.338072002 -0.341394007 6.3144021
v 0.364912242 -0.321846426 6.27347898
v 0.374909878 -0.308155715 6.28166819
v 0.394681811 -0.28040114 6.2567296
v 0.37619704 -0.266617209 6.31296635
v 0.398076504 -0.266356021 6.2728076
v 0.42107448 -0.233416095 6.25549936
v 0.392275453 -0.227428809 6.3023901
v 0.36636728 -0.206948638 6.30112171
v 0.417773008 -0.217785567 6.27901983
v 0.441778481 -0.185367957 6.2687602
v 0.407309294 -0.18301782 6.30168152
v 0.385523051 -0.172124863 6.29692507
v 0.407570422 -0.138737336 6.29778242
v 0.436518878 -0.165615276 6.2934556
v 0.447970927 -0.116615742 6.30548716
v 0.421149164 -0.143531024 6.30746317
v 0.432246894 -0.100649431 6.31124973
v 0.444110185 -0.110404558 6.31496143
v 0.448045641 -0.0788263455 6.33303642
v 0.435902715 -0.104734257 6.31734991
v 0.425345749 -0.184323415 6.2528677
v 0.42107448 -0.233416095 6.25549936
v 0.441778481 -0.185367957 6.2687602
v 0.446721494 -0.117044792 6.29707432
v 0.447970927 -0.116615742 6.30548716
v 0.448045641 -0.0788263455 6.33303642
v 0.432471007 -0.103932217 6.30132675
v 0.398132056 -0.151402235 6.27842188
v 0.366852611 -0.1863565 6.27918673
v 0.384571701 -0.231756046 6.24242306
v 0.34400329 -0.225321099 6.28830814
v 0.352676839 -0.272623181 6.25077915
v 0.321060836 -0.272753745 6.26226997
v 0.305523932 -0.30231756 6.24059629
v 0.489453673 -0.126986369 6.29810047
v 0.457558036 -0.149201244 6.27125978
v 0.453417659 -0.153957516 6.22962856
v 0.425345749 -0.184323415 6.2528677
v 0.408558726 -0.202229559 6.17622614
v 0.384571701 -0.231756046 6.24242306
v 0.36034283 -0.260480493 6.14608431
v 0.328037381 -0.297374725 6.13864183
v 0.352676839 -0.272623181 6.25077915
v 0.295750409 -0.334268868 6.1417017
v 0.305523932 -0.30231756 6.24059629
v 0.279933184 -0.328113586 6.22401285
v 0.262791783 -0.365194321 6.15311623
v 0.232667878 -0.38966608 6.17475271
v 0.203906536 -0.408280969 6.20756197
v 0.250443935 -0.356502384 6.28121996
v 0.188648537 -0.414809287 6.24449348
v 0.204988033 -0.387054712 6.34085083
v 0.175863817 -0.419677585 6.30710936
v 0.169847146 -0.424340576 6.35685492
v 0.182456121 -0.404531956 6.36914682
v 0.157586128 -0.43232283 6.38119555
v 0.154925719 -0.421766609 6.40288877
v 0.144592226 -0.437565029 6.39718056
v 0.130457029 -0.440336138 6.40685844
v 0.11493507 -0.432902008 6.41760588
v 0.113157682 -0.442638516 6.41119003
v 0.0844575316 -0.430626482 6.40878201
v 0.0834314972 -0.435718536 6.40484715
v 0.0539607741 -0.419696182 6.37731695
v -0.370992959 -0.223978102 6.19370365
v -0.359430641 -0.219564736 6.18285799
v -0.38056156 -0.188930526 6.18932056
v -0.394289762 -0.18868801 6.20002747
v -0.405145526 -0.153248757 6.20273113
v -0.411710799 -0.152334765 6.21160936
v -0.417661279 -0.121726453 6.2219243
v -0.419377506 -0.122192778 6.22602844
v -0.419750333 -0.101078458 6.23927069
v -0.408046454 -0.180282205 6.19029236
v -0.409584761 -0.186953351 6.19586706
v -0.43871963 -0.156046614 6.20605135
v -0.382557392 -0.19918929 6.18353748
v -0.388955444 -0.210473821 6.19314384
v -0.370992959 -0.223978102 6.19370365
v -0.359430641 -0.219564736 6.18285799
v -0.43871963 -0.156046614 6.20605135
v -0.414453 -0.179138079 6.17257071
v -0.408046454 -0.180282205 6.19029236
v -0.382557392 -0.19918929 6.18353748
v -0.386232406 -0.214055061 6.13821268
v -0.359430641 -0.219564736 6.18285799
v -0.346223295 -0.250389665 6.11689329
v -0.328540415 -0.230655611 6.18213892
v -0.299928486 -0.275383651 6.12454081
v -0.300133407 -0.252777189 6.20250702
v -0.257065415 -0.294446379 6.16218138
v -0.277135432 -0.271037698 6.22904873
v -0.211852148 -0.31725803 6.21632862
v -0.254099756 -0.29023093 6.26987886
v -0.17122753 -0.332384974 6.27437353
v -0.239494964 -0.306234539 6.30653048
v -0.223621503 -0.326024622 6.35636997
v -0.142577887 -0.345702708 6.31229353
v -0.203906536 -0.34027496 6.40309381
v -0.115811668 -0.357285798 6.32997656
v -0.162069455 -0.351428986 6.44023037
v -0.0916944668 -0.367824316 6.33475161
v -0.118665606 -0.358460873 6.44526672
v -0.0875725895 -0.371293664 6.42659521
v -0.0686964989 -0.379593849 6.33350229
v -0.0595192239 -0.383342952 6.39018679
v -0.0466868356 -0.386644363 6.32475328
v -0.036334835 -0.379705727 6.34976721
v -0.0295262337 -0.387483746 6.31024265
v -0.0131312283 -0.376068562 6.30936623
v -0.0123663377 -0.390781075 6.29571295
v 0.0131497281 -0.379985571 6.29541445
v 0.00264830282 -0.38679564 6.28468943
v -0.00869201217 -0.414753318 6.33952665
v -0.00371203525 -0.401939243 6.35183811
v 0.0163395032 -0.375620902 6.32025909
v -0.00889693201 -0.387036055 6.36851263
v -0.0292095989 -0.456590414 6.38729477
v -0.0346371271 -0.454892993 6.37821198
v -0.0581203587 -0.486023635 6.40014648
v -0.0281650797 -0.416077644 6.41195345
v -0.0373793505 -0.396343678 6.41917229
v -0.0582135655 -0.48850441 6.41590738
v -0.0916012675 -0.506298602 6.40426874
v -0.0288552605 -0.446760654 6.40109777
v -0.0596309379 -0.42587021 6.46002007
v -0.0656369254 -0.395299107 6.46723843
v -0.0978683829 -0.512715042 6.42008543
v -0.122507848 -0.512752295 6.38416147
v -0.0623731539 -0.477555484 6.43536234
v -0.118106343 -0.434487492 6.48870707
v -0.114879571 -0.390076488 6.49262428
v -0.178259566 -0.38791281 6.47995949
v -0.111353956 -0.4922162 6.45032072
v -0.181356102 -0.429712564 6.47184563
v -0.229627505 -0.379556566 6.42767763
v -0.134072289 -0.521966517 6.39699507
v -0.157835156 -0.51327461 6.35256433
v -0.144592226 -0.491731167 6.34374237
v -0.159905687 -0.49411878 6.42599821
v -0.233153105 -0.416133612 6.41516209
v -0.253391087 -0.365679324 6.36627483
v -0.20095937 -0.482423723 6.38009644
v -0.18157953 -0.487683594 6.29375362
v -0.171022579 -0.462988049 6.29097462
v -0.262083083 -0.397723764 6.35500765
v -0.266652495 -0.353144944 6.31757307
v -0.232724071 -0.459761232 6.32535028
v -0.205715939 -0.456086695 6.23557711
v -0.200157478 -0.429544508 6.23029947
v -0.253800929 -0.431670994 6.27374077
v -0.276761889 -0.376889348 6.30500221
v -0.281014711 -0.335201412 6.2780304
v -0.233284026 -0.422960341 6.18262434
v -0.228471279 -0.39548555 6.17186165
v -0.272919655 -0.402349502 6.23080349
v -0.291068584 -0.357472301 6.26896477
v -0.264656663 -0.38280192 6.13770914
v -0.263929486 -0.352249593 6.1241684
v -0.29785794 -0.372841716 6.19597864
v -0.308750719 -0.337439746 6.23914099
v -0.300394565 -0.315411448 6.24378538
v -0.307109207 -0.339155734 6.10933876
v -0.303210765 -0.316717088 6.0982604
v -0.332066 -0.337700844 6.17344713
v -0.334379226 -0.309703827 6.21384859
v -0.323299289 -0.289335549 6.21608591
v -0.359111905 -0.298232645 6.11241674
v -0.351110071 -0.282825917 6.10057306
v -0.365248114 -0.270944417 6.19795704
v -0.345682532 -0.258857816 6.19952297
v -0.370992959 -0.223978102 6.19370365
v -0.369836718 -0.294800699 6.16779518
v -0.400985926 -0.246771082 6.13838196
v -0.39289093 -0.23515074 6.12689066
v -0.391884118 -0.230618313 6.19394636
v -0.388955444 -0.210473821 6.19314384
v -0.404959083 -0.245614633 6.17525625
v -0.424935222 -0.198760197 6.17249537
v -0.420141667 -0.188837275 6.16680717
v -0.43871963 -0.156046614 6.20605135
v -0.425700098 -0.198070109 6.18810844
v -0.418127358 -0.192493111 6.19711637
v -0.409584761 -0.186953351 6.19586706
v 0.00852409191 -0.367880195 6.33379984
v 0.0163395032 -0.375620902 6.32025909
v -0.00889693201 -0.387036055 6.36851263
v -0.0192674361 -0.361445278 6.38468409
v 0.00156678224 -0.35556972 6.33262491
v -0.0373793505 -0.396343678 6.41917229
v -0.028220579 -0.3438375 6.37826777
v -0.0470596775 -0.355010301 6.43556738
v -0.0580086522 -0.332105339 6.42389154
v -0.0656369254 -0.395299107 6.46723843
v -0.077145882 -0.33962211 6.47772121
v -0.0908740684 -0.30968526 6.4565506
v -0.115420327 -0.38354817 6.49920893
v -0.114879571 -0.390076488 6.49262428
v -0.120754637 -0.328262895 6.50439358
v -0.128700256 -0.297710478 6.47190189
v -0.178818792 -0.380022883 6.4892478
v -0.178259566 -0.38791281 6.47995949
v -0.18700777 -0.32016781 6.49758577
v -0.184190825 -0.286631048 6.46893597
v -0.235782936 -0.370230526 6.43336678
v -0.229627505 -0.379556566 6.42767763
v -0.253391087 -0.365679324 6.36627483
v -0.248242468 -0.309778512 6.44539738
v -0.233264849 -0.272231579 6.42829323
v -0.264824599 -0.353536665 6.37123585
v -0.266652495 -0.353144944 6.31757307
v -0.276724875 -0.29715088 6.3888998
v -0.259545803 -0.260517925 6.384758
v -0.280473918 -0.337402403 6.32270241
v -0.281014711 -0.335201412 6.2780304
v -0.294276834 -0.283870518 6.34857273
v -0.275680363 -0.253989607 6.35362768
v -0.290714234 -0.239552781 6.31650972
v -0.293381006 -0.319608241 6.28577089
v -0.300394565 -0.315411448 6.24378538
v -0.309702039 -0.269582868 6.31173515
v -0.310336024 -0.299650282 6.25600195
v -0.323299289 -0.289335549 6.21608591
v -0.324232131 -0.250203162 6.27967167
v -0.304106593 -0.224388435 6.28168583
v -0.313991815 -0.214316234 6.26049805
v -0.332588315 -0.275756747 6.22802353
v -0.345682532 -0.258857816 6.19952297
v -0.337699234 -0.233863786 6.25635624
v -0.332401872 -0.194917843 6.23348856
v -0.361237913 -0.234703153 6.21379185
v -0.370992959 -0.223978102 6.19370365
v -0.355437547 -0.206594199 6.2342906
v -0.35086742 -0.176769257 6.22018957
v -0.378901601 -0.205157921 6.21099472
v -0.394289762 -0.18868801 6.20002747
v -0.370862752 -0.183651924 6.22490835
v -0.372951806 -0.157557398 6.21504068
v -0.396546692 -0.175706059 6.21416426
v -0.411710799 -0.152334765 6.21160936
v -0.388451695 -0.160541773 6.22244549
v -0.395184845 -0.136032745 6.21806383
v -0.411076814 -0.145526722 6.22138357
v -0.419377506 -0.122192778 6.22602844
v -0.403933108 -0.137935296 6.22507668
v -0.410424352 -0.11585097 6.22811699
v -0.417661279 -0.121036336 6.23082161
v -0.419750333 -0.101078458 6.23927069
v -0.413390011 -0.118070588 6.23175335
v -0.00611770758 -0.356856734 6.32667542
v -0.036334835 -0.379705727 6.34976721
v -0.0131312283 -0.376068562 6.30936623
v -0.0359612815 -0.346821845 6.36920261
v 0.00156678224 -0.35556972 6.33262491
v -0.0595192239 -0.383342952 6.39018679
v -0.028220579 -0.3438375 6.37826777
v -0.0657863542 -0.336805642 6.41172981
v -0.0875725895 -0.371293664 6.42659521
v -0.0580086522 -0.332105339 6.42389154
v -0.0974763408 -0.317481935 6.43743277
v -0.118665606 -0.358460873 6.44526672
v -0.0908740684 -0.30968526 6.4565506
v -0.130509675 -0.305395186 6.44634819
v -0.162069455 -0.351428986 6.44023037
v -0.128700256 -0.297710478 6.47190189
v -0.179882526 -0.294987321 6.44028616
v -0.184190825 -0.286631048 6.46893597
v -0.203906536 -0.34027496 6.40309381
v -0.233264849 -0.272231579 6.42829323
v -0.220208317 -0.279729724 6.40387678
v -0.223621503 -0.326024622 6.35636997
v -0.259545803 -0.260517925 6.384758
v -0.242311209 -0.267381966 6.37080669
v -0.275680363 -0.253989607 6.35362768
v -0.239494964 -0.306234539 6.30653048
v -0.260702729 -0.255593747 6.34185886
v -0.290714234 -0.239552781 6.31650972
v -0.272546828 -0.244253084 6.30972099
v -0.254099756 -0.29023093 6.26987886
v -0.287394226 -0.22940591 6.27601528
v -0.304106593 -0.224388435 6.28168583
v -0.277135432 -0.271037698 6.22904873
v -0.296514601 -0.220844567 6.2549572
v -0.313991815 -0.214316234 6.26049805
v -0.300133407 -0.252777189 6.20250702
v -0.31486842 -0.204449207 6.22460985
v -0.332401872 -0.194917843 6.23348856
v -0.328540415 -0.230655611 6.18213892
v -0.335796535 -0.186375141 6.20711422
v -0.359430641 -0.219564736 6.18285799
v -0.35086742 -0.176769257 6.22018957
v -0.38056156 -0.188930526 6.18932056
v -0.363494873 -0.165615231 6.20060492
v -0.372951806 -0.157557398 6.21504068
v -0.405145526 -0.153248757 6.20273113
v -0.392424881 -0.140005663 6.20752478
v -0.395184845 -0.136032745 6.21806383
v -0.417661279 -0.121726453 6.2219243
v -0.411263227 -0.116391912 6.2233429
v -0.410424352 -0.11585097 6.22811699
v -0.419750333 -0.101078458 6.23927069
v -0.43871963 -0.156046614 6.20605135
v -0.420141667 -0.188837275 6.16680717
v -0.414453 -0.179138079 6.17257071
v -0.386232406 -0.214055061 6.13821268
v -0.39289093 -0.23515074 6.12689066
v -0.346223295 -0.250389665 6.11689329
v -0.351110071 -0.282825917 6.10057306
v -0.299928486 -0.275383651 6.12454081
v -0.303210765 -0.316717088 6.0982604
v -0.262194812 -0.340591967 6.13140488
v -0.263929486 -0.352249593 6.1241684
v -0.228471279 -0.39548555 6.17186165
v -0.226513177 -0.361874163 6.19420719
v -0.257065415 -0.294446379 6.16218138
v -0.200157478 -0.429544508 6.23029947
v -0.215727836 -0.329051822 6.21048164
v -0.211852148 -0.31725803 6.21632862
v -0.182355076 -0.363976687 6.26253462
v -0.17122753 -0.332384974 6.27437353
v -0.197415277 -0.401081204 6.24869061
v -0.171022579 -0.462988049 6.29097462
v -0.15568918 -0.386152148 6.30521154
v -0.142577887 -0.345702708 6.31229353
v -0.115811668 -0.357285798 6.32997656
v -0.185931221 -0.391946644 6.25205326
v -0.125227317 -0.400007993 6.33284283
v -0.0916944668 -0.367824316 6.33475161
v -0.16051048 -0.415743023 6.30025148
v -0.0987378657 -0.406692386 6.34158611
v -0.0686964989 -0.379593849 6.33350229
v -0.129620984 -0.43105799 6.33554602
v -0.165259227 -0.432808727 6.29953671
v -0.172010913 -0.43620342 6.30690336
v -0.13459456 -0.454370767 6.33961964
v -0.143510684 -0.454426676 6.34959888
v -0.144592226 -0.491731167 6.34374237
v -0.105182171 -0.439153075 6.34858322
v -0.118441477 -0.469329834 6.37494659
v -0.122507848 -0.512752295 6.38416147
v -0.0916012675 -0.506298602 6.40426874
v -0.109843388 -0.46082437 6.35793638
v -0.0809881166 -0.463790148 6.38494492
v -0.0581203587 -0.486023635 6.40014648
v -0.0346371271 -0.454892993 6.37821198
v -0.0819394365 -0.457896024 6.36586332
v -0.0458657295 -0.43563807 6.36694527
v -0.00869201217 -0.414753318 6.33952665
v -0.07705836 -0.436490685 6.35284328
v -0.0505383275 -0.433449954 6.35195255
v -0.0194168556 -0.407049984 6.33187866
v 0.00264830282 -0.38679564 6.28468943
v -0.00425279653 -0.387908697 6.28181696
v -0.0123663377 -0.390781075 6.29571295
v -0.0726597011 -0.405612975 6.34298563
v -0.0242303368 -0.405125797 6.31955242
v -0.0490213521 -0.417437196 6.33993816
v -0.0472318679 -0.399395615 6.33107281
v -0.0466868356 -0.386644363 6.32475328
v -0.0271945558 -0.393973798 6.31358862
v -0.0295262337 -0.387483746 6.31024265
v 0.000708680716 -0.37603122 6.33566618
v 0.0092704827 -0.391065061 6.38205385
v 0.00292864465 -0.401939273 6.38531828
v -0.00966182258 -0.378008425 6.32751465
v 0.017178392 -0.404998183 6.42495394
v 0.00986674242 -0.423128277 6.37694407
v -0.0107063446 -0.386401981 6.30041313
v 0.0191002265 -0.425161302 6.43704033
v 0.0396733172 -0.409176469 6.47753525
v 0.0233900212 -0.42702654 6.36306572
v -0.0015852818 -0.393236846 6.28709221
v 0.0102957934 -0.390757233 6.29821157
v 0.0226436295 -0.440661281 6.41042328
v 0.0436464772 -0.435438752 6.47650862
v 0.0693304613 -0.402424306 6.50383425
v 0.0354020223 -0.414865255 6.35694933
v 0.0377336964 -0.407628179 6.35595989
v 0.0539607741 -0.419696182 6.37731695
v 0.052673623 -0.431074142 6.38205385
v 0.0834314972 -0.435718536 6.40484715
v 0.0383861624 -0.443589777 6.38835859
v 0.0791039988 -0.450453788 6.40824127
v 0.113157682 -0.442638516 6.41119003
v 0.0506592877 -0.460637927 6.45196295
v 0.0653757975 -0.469106138 6.41934013
v 0.112323768 -0.461701125 6.42359352
v 0.130457029 -0.440336138 6.40685844
v 0.103147201 -0.477816671 6.44325256
v 0.142671108 -0.474104881 6.45078707
v 0.140209198 -0.464442939 6.42178345
v 0.144592226 -0.437565029 6.39718056
v 0.0926080719 -0.467520595 6.47878504
v 0.161229849 -0.458772719 6.40973377
v 0.0800368115 -0.433871895 6.50823641
v 0.138474509 -0.462204695 6.48654366
v 0.124858014 -0.416655868 6.52491093
v 0.115457319 -0.384051859 6.52784061
v 0.190495685 -0.444205284 6.47531462
v 0.184526652 -0.386402041 6.51838446
v 0.176245213 -0.359468102 6.51974583
v 0.236007035 -0.34187907 6.48381996
v 0.183500648 -0.463622272 6.44192791
v 0.183425933 -0.448625863 6.38391876
v 0.157586128 -0.43232283 6.38119555
v 0.169847146 -0.424340576 6.35685492
v 0.241229668 -0.365474164 6.48068714
v 0.282395035 -0.335126936 6.43446779
v 0.230877668 -0.427940637 6.44942617
v 0.216720402 -0.452542782 6.4193778
v 0.282767892 -0.359617352 6.43222952
v 0.312947303 -0.33882004 6.37612247
v 0.187623233 -0.445380419 6.35308647
v 0.175863817 -0.419677585 6.30710936
v 0.259844631 -0.419640332 6.40861416
v 0.31169787 -0.363403708 6.3704896
v 0.338072002 -0.341394007 6.3144021
v 0.231268987 -0.446667433 6.38466501
v 0.192248881 -0.441817731 6.31033611
v 0.188648537 -0.414809287 6.24449348
v 0.287748575 -0.412253946 6.35426235
v 0.24822396 -0.440456122 6.33335257
v 0.334043354 -0.366294801 6.30729532
v 0.201798975 -0.437919408 6.23651028
v 0.203906536 -0.408280969 6.20756197
v 0.308321655 -0.40967989 6.28942633
v 0.257867306 -0.440250933 6.25467777
v 0.213381916 -0.434897721 6.19823551
v 0.232667878 -0.38966608 6.17475271
v 0.365751833 -0.345385671 6.25766277
v 0.364912242 -0.321846426 6.27347898
v 0.343276143 -0.388826698 6.22875166
v 0.287095398 -0.425086647 6.19278955
v 0.23846896 -0.419770718 6.16408443
v 0.265421569 -0.396380752 6.14240885
v 0.262791783 -0.365194321 6.15311623
v 0.399568588 -0.304033548 6.24247932
v 0.394681811 -0.28040114 6.2567296
v 0.384777367 -0.348258078 6.20194817
v 0.341671646 -0.379519135 6.16123056
v 0.295228124 -0.36655581 6.13093853
v 0.295750409 -0.334268868 6.1417017
v 0.331375837 -0.326863855 6.12815952
v 0.328037381 -0.297374725 6.13864183
v 0.430214077 -0.24893482 6.23824549
v 0.42107448 -0.233416095 6.25549936
v 0.427528024 -0.284579217 6.20181704
v 0.40557459 -0.303641796 6.15537357
v 0.367505074 -0.287190527 6.13586283
v 0.36034283 -0.260480493 6.14608431
v 0.41762358 -0.220042452 6.17145109
v 0.408558726 -0.202229559 6.17622614
v 0.450974226 -0.205400467 6.24908257
v 0.425345749 -0.184323415 6.2528677
v 0.458603233 -0.22321336 6.22278166
v 0.444240421 -0.232837856 6.1840229
v 0.459311932 -0.163209066 6.22623301
v 0.453417659 -0.153957516 6.22962856
v 0.489453673 -0.126986369 6.29810047
v 0.472554922 -0.172908232 6.23352575
v 0.476508826 -0.170371547 6.2594347
v 0.469905853 -0.165316805 6.26905823
v 0.457558036 -0.149201244 6.27125978
v -0.111932427 0.166842535 5.9421587
v -0.104135513 0.21490939 5.97862482
v -0.142335266 0.193906978 5.98315668
v -0.145711452 0.136252865 5.93898869
v -0.162442297 0.120752864 5.95271635
v -0.136721313 0.253762037 6.04015875
v -0.104546055 0.257734954 6.04023218
v -0.192006245 0.145467132 6.00113773
v -0.176785961 0.0789904445 5.94473314
v -0.195512652 0.0404735506 5.95310879
v -0.20127672 0.111109599 6.0119195
v -0.207487643 0.164417714 6.05763531
v -0.187399104 0.202281833 6.05088282
v -0.200008065 0.226231322 6.13938761
v -0.187342882 0.258779496 6.13601255
v -0.186615705 0.268348008 6.22518826
v -0.121742964 0.299515992 6.12308645
v -0.0962831005 0.300094247 6.11749077
v -0.174790129 0.290115267 6.21106911
v -0.109507538 0.319940209 6.20205975
v -0.0857631788 0.318615854 6.20181704
v -0.072464034 0.323875725 6.27836609
v -0.146699756 0.307387143 6.29616022
v -0.156044945 0.282822162 6.3058219
v -0.0912469178 0.329434156 6.28875542
v -0.117751993 0.304085732 6.35991383
v -0.12627539 0.283978581 6.36196566
v -0.0735085532 0.318802357 6.35957813
v -0.0579901524 0.311770469 6.36375666
v -0.0728930756 0.287951469 6.44002485
v -0.079644762 0.271910548 6.44412899
v -0 0.228170961 6.55083799
v -0.0489622951 0.296344995 6.43786192
v -0.0402325764 0.292241484 6.43830919
v -0.0556584783 0.148805648 6.59017515
v -0 0.228170961 6.55083799
v -0.0475819334 0.142986163 6.59023094
v -0.0920118019 0.153226271 6.57469416
v -0.0706546232 0.0817508176 6.60722351
v -0.0879077241 0.0849217176 6.61050701
v -0.13269195 0.0930913836 6.58139086
v -0.0851662159 0.0226231944 6.61203671
v -0.107660413 0.0210750569 6.61636257
v -0.165445656 0.0274167862 6.57725
v -0.101281576 -0.0658631176 6.61235285
v -0.127282903 -0.0627668425 6.617558
v -0.194580525 -0.0505869053 6.56299973
v -0.130286247 -0.156251892 6.59230232
v -0.102829866 -0.158769935 6.59067869
v -0.203048438 -0.138271093 6.53254032
v -0.12444818 -0.23787418 6.55447483
v -0.1968375 -0.210194111 6.49230766
v -0.0964133143 -0.234610006 6.5525732
v -0.173559189 -0.266374707 6.45550585
v -0.102158181 -0.305581748 6.49331427
v -0.0797009766 -0.303884417 6.49355698
v -0.144274876 -0.310058326 6.42262316
v -0.0753734633 -0.337402463 6.45375299
v -0.0594260171 -0.335742444 6.45093727
v -0.0821073502 -0.353984356 6.38792896
v -0.0401955731 -0.372729778 6.39714336
v -0.0324548744 -0.370715439 6.39566994
v -0.02210287 -0.390953004 6.35278845
v -0.228154659 0.0967660397 6.01350498
v -0.204745427 -0.00408661785 5.94628143
v -0.195512652 0.0404735506 5.95310879
v -0.238077611 0.0326583162 6.00863552
v -0.256282002 0.0574657582 6.06472349
v -0.20127672 0.111109599 6.0119195
v -0.263314039 0.0945651233 6.10143137
v -0.230672732 0.153599471 6.06531954
v -0.207487643 0.164417714 6.05763531
v -0.275680363 0.163578391 6.18271732
v -0.23311612 0.211906359 6.1393137
v -0.200008065 0.226231322 6.13938761
v -0.258706897 0.204743832 6.26264191
v -0.213754758 0.266109735 6.23731184
v -0.186615705 0.268348008 6.22518826
v -0.217764944 0.235221595 6.3425107
v -0.178576887 0.284873933 6.30938482
v -0.156044945 0.282822162 6.3058219
v -0.14720352 0.287279993 6.36642265
v -0.18042329 0.242533296 6.39097023
v -0.12627539 0.283978581 6.36196566
v -0.119467497 0.245554894 6.466959
v -0.0909295753 0.269914776 6.45253992
v -0.079644762 0.271910548 6.44412899
v -0 0.228170961 6.55083799
v 0.111932427 0.166842535 5.9421587
v 0.145711452 0.136252865 5.93898869
v 0.142335266 0.193906978 5.98315668
v 0.104135513 0.21490939 5.97862482
v 0.162442297 0.120752864 5.95271635
v 0.136721313 0.253762037 6.04015875
v 0.104546055 0.257734954 6.04023218
v 0.192006245 0.145467132 6.00113773
v 0.176785961 0.0789904445 5.94473314
v 0.195512652 0.0404735506 5.95310879
v 0.20127672 0.111109599 6.0119195
v 0.207487643 0.164417714 6.05763531
v 0.187399104 0.202281833 6.05088282
v 0.200008065 0.226231322 6.13938761
v 0.187342882 0.258779496 6.13601255
v 0.186615705 0.268348008 6.22518826
v 0.121742964 0.299515992 6.12308645
v 0.0962831005 0.300094247 6.11749077
v 0.174790129 0.290115267 6.21106911
v 0.109507538 0.319940209 6.20205975
v 0.0857631788 0.318615854 6.20181704
v 0.072464034 0.323875725 6.27836609
v 0.146699756 0.307387143 6.29616022
v 0.156044945 0.282822162 6.3058219
v 0.0912469178 0.329434156 6.28875542
v 0.117751993 0.304085732 6.35991383
v 0.12627539 0.283978581 6.36196566
v 0.0735085532 0.318802357 6.35957813
v 0.0579901524 0.311770469 6.36375666
v 0.0728930756 0.287951469 6.44002485
v 0.079644762 0.271910548 6.44412899
v -0 0.228170961 6.55083799
v 0.0489622951 0.296344995 6.43786192
v 0.0402325764 0.292241484 6.43830919
v 0.0556584783 0.148805648 6.59017515
v 0.0475819334 0.142986163 6.59023094
v -0 0.228170961 6.55083799
v 0.0920118019 0.153226271 6.57469416
v 0.0706546232 0.0817508176 6.60722351
v 0.0879077241 0.0849217176 6.61050701
v 0.13269195 0.0930913836 6.58139086
v 0.0851662159 0.0226231944 6.61203671
v 0.107660413 0.0210750569 6.61636257
v 0.165445656 0.0274167862 6.57725
v 0.101281576 -0.0658631176 6.61235285
v 0.127282903 -0.0627668425 6.617558
v 0.194580525 -0.0505869053 6.56299973
v 0.130286247 -0.156251892 6.59230232
v 0.102829866 -0.158769935 6.59067869
v 0.203048438 -0.138271093 6.53254032
v 0.12444818 -0.23787418 6.55447483
v 0.1968375 -0.210194111 6.49230766
v 0.0964133143 -0.234610006 6.5525732
v 0.173559189 -0.266374707 6.45550585
v 0.102158181 -0.305581748 6.49331427
v 0.0797009766 -0.303884417 6.49355698
v 0.144274876 -0.310058326 6.42262316
v 0.0753734633 -0.337402463 6.45375299
v 0.0594260171 -0.335742444 6.45093727
v 0.0821073502 -0.353984356 6.38792896
v 0.0401955731 -0.372729778 6.39714336
v 0.0324548744 -0.370715439 6.39566994
v 0.02210287 -0.390953004 6.35278845
v 0.228154659 0.0967660397 6.01350498
v 0.20127672 0.111109599 6.0119195
v 0.195512652 0.0404735506 5.95310879
v 0.204746112 -0.00408661785 5.94628143
v 0.238077611 0.0326583162 6.00863552
v 0.256282002 0.0574657582 6.06472349
v 0.263314039 0.0945651233 6.10143137
v 0.230672732 0.153599471 6.06531954
v 0.207487643 0.164417714 6.05763531
v 0.275680363 0.163578391 6.18271732
v 0.23311612 0.211906359 6.1393137
v 0.200008065 0.226231322 6.13938761
v 0.258706897 0.204743832 6.26264191
v 0.213754758 0.266109735 6.23731184
v 0.186615705 0.268348008 6.22518826
v 0.217764944 0.235221595 6.3425107
v 0.178576887 0.284873933 6.30938482
v 0.156044945 0.282822162 6.3058219
v 0.14720352 0.287279993 6.36642265
v 0.18042329 0.242533296 6.39097023
v 0.12627539 0.283978581 6.36196566
v 0.119467497 0.245554894 6.466959
v 0.0909295753 0.269914776 6.45253992
v 0.079644762 0.271910548 6.44412899
v -0 0.228170961 6.55083799
vt 0.65625 0.474853516
vt 0.662597656 0.471191406
vt 0.658691406 0.46875
vt 0.6484375 0.457519531
vt 0.649414062 0.470703125
vt 0.650390625 0.479248047
vt 0.649414062 0.483398438
vt 0.64453125 0.46875
vt 0.637207031 0.468261719
vt 0.645507812 0.454345703
vt 0.634765625 0.453613281
vt 0.629882812 0.4375
vt 0.645996094 0.431884766
vt 0.632324219 0.409423828
vt 0.646484375 0.41015625
vt 0.630859375 0.382568359
vt 0.646972656 0.378417969
vt 0.634765625 0.338623047
vt 0.647460938 0.33984375
vt 0.647949219 0.3046875
vt 0.837402344 0.803222656
vt 0.841308594 0.805175781
vt 0.844238281 0.787109375
vt 0.839355469 0.784179688
vt 0.835449219 0.779785156
vt 0.847167969 0.765625
vt 0.841308594 0.762695312
vt 0.833984375 0.757324219
vt 0.843261719 0.743652344
vt 0.850585938 0.74609375
vt 0.854003906 0.727539062
vt 0.835449219 0.73828125
vt 0.829589844 0.736328125
vt 0.845703125 0.723144531
vt 0.857910156 0.698730469
vt 0.835449219 0.715820312
vt 0.822753906 0.705566406
vt 0.846679688 0.691894531
vt 0.8671875 0.66015625
vt 0.833984375 0.681152344
vt 0.819335938 0.666015625
vt 0.852050781 0.649902344
vt 0.875 0.614257812
vt 0.8359375 0.638671875
vt 0.818847656 0.624023438
vt 0.855957031 0.605957031
vt 0.882324219 0.572265625
vt 0.8359375 0.598144531
vt 0.813964844 0.589355469
vt 0.856445312 0.567871094
vt 0.834960938 0.562988281
vt 0.814941406 0.559570312
vt 0.826660156 0.541015625
vt 0.837402344 0.540527344
vt 0.838378906 0.506347656
vt 0.858398438 0.539550781
vt 0.885253906 0.535644531
vt 0.844238281 0.50390625
vt 0.838867188 0.468994141
vt 0.859863281 0.49609375
vt 0.88671875 0.486083984
vt 0.845703125 0.471191406
vt 0.858886719 0.464599609
vt 0.880859375 0.456298828
vt 0.845214844 0.4375
vt 0.83984375 0.437744141
vt 0.832519531 0.407714844
vt 0.857421875 0.435058594
vt 0.870605469 0.433105469
vt 0.846191406 0.406005859
vt 0.831542969 0.375732422
vt 0.858398438 0.402099609
vt 0.870605469 0.402832031
vt 0.848144531 0.370361328
vt 0.834472656 0.344482422
vt 0.862792969 0.365966797
vt 0.875488281 0.365966797
vt 0.850097656 0.340576172
vt 0.8359375 0.313476562
vt 0.865722656 0.337890625
vt 0.876464844 0.339599609
vt 0.8515625 0.313232422
vt 0.8359375 0.280273438
vt 0.869140625 0.314941406
vt 0.882324219 0.313476562
vt 0.872558594 0.286621094
vt 0.888183594 0.276367188
vt 0.853027344 0.282714844
vt 0.873046875 0.251220703
vt 0.887207031 0.247436523
vt 0.854980469 0.247924805
vt 0.837890625 0.244140625
vt 0.874511719 0.217773438
vt 0.887207031 0.213378906
vt 0.856933594 0.21484375
vt 0.840332031 0.208129883
vt 0.875488281 0.181640625
vt 0.884277344 0.182495117
vt 0.883789062 0.147705078
vt 0.859375 0.176025391
vt 0.843261719 0.17175293
vt 0.875488281 0.147583008
vt 0.861328125 0.143066406
vt 0.848632812 0.140258789
vt 0.876464844 0.119018555
vt 0.88671875 0.118408203
vt 0.861816406 0.11529541
vt 0.8515625 0.106018066
vt 0.875 0.0991210938
vt 0.884765625 0.0969238281
vt 0.862792969 0.0980224609
vt 0.860839844 0.0748901367
vt 0.874023438 0.0778808594
vt 0.882324219 0.0742797852
vt 0.864746094 0.0786132812
vt 0.865722656 0.0646972656
vt 0.860839844 0.0676269531
vt 0.859375 0.0560913086
vt 0.873046875 0.0626831055
vt 0.880371094 0.0600891113
vt 0.866699219 0.0520935059
vt 0.872070312 0.050201416
vt 0.877441406 0.0491027832
vt 0.873535156 0.037109375
vt 0.863769531 0.0386962891
vt 0.855957031 0.044708252
vt 0.859863281 0.0382080078
vt 0.868164062 0.0231018066
vt 0.8671875 0.0378112793
vt 0.870117188 0.0372009277
vt 0.468261719 0.808105469
vt 0.460205078 0.827148438
vt 0.468505859 0.824707031
vt 0.467041016 0.837402344
vt 0.453613281 0.841796875
vt 0.464599609 0.852050781
vt 0.450195312 0.855957031
vt 0.461425781 0.871582031
vt 0.448242188 0.871582031
vt 0.447021484 0.893554688
vt 0.459960938 0.895019531
vt 0.452148438 0.918945312
vt 0.462158203 0.919433594
vt 0.464599609 0.936523438
vt 0.46875 0.919921875
vt 0.405761719 0.952148438
vt 0.404785156 0.921386719
vt 0.400878906 0.954101562
vt 0.41015625 0.920898438
vt 0.410644531 0.952636719
vt 0.418457031 0.920410156
vt 0.405029297 0.889160156
vt 0.424316406 0.892089844
vt 0.408935547 0.887207031
vt 0.403320312 0.854492188
vt 0.432861328 0.854980469
vt 0.409667969 0.8515625
vt 0.399169922 0.821777344
vt 0.432128906 0.812988281
vt 0.440917969 0.815429688
vt 0.450927734 0.788085938
vt 0.409423828 0.816894531
vt 0.393066406 0.785644531
vt 0.413085938 0.780273438
vt 0.386230469 0.75390625
vt 0.431884766 0.782226562
vt 0.452148438 0.755859375
vt 0.458740234 0.774414062
vt 0.427734375 0.750976562
vt 0.408935547 0.750976562
vt 0.405761719 0.720703125
vt 0.380371094 0.72265625
vt 0.424316406 0.726074219
vt 0.401855469 0.694335938
vt 0.376953125 0.692382812
vt 0.475830078 0.759765625
vt 0.478271484 0.783203125
vt 0.449707031 0.731933594
vt 0.421142578 0.698730469
vt 0.402099609 0.677246094
vt 0.378662109 0.668945312
vt 0.424316406 0.67578125
vt 0.400878906 0.64453125
vt 0.3828125 0.637695312
vt 0.447753906 0.706054688
vt 0.473632812 0.734863281
vt 0.489990234 0.733886719
vt 0.450927734 0.6796875
vt 0.456298828 0.705566406
vt 0.476318359 0.708984375
vt 0.398193359 0.602539062
vt 0.389160156 0.604492188
vt 0.401855469 0.546386719
vt 0.486328125 0.764160156
vt 0.462890625 0.681640625
vt 0.492675781 0.805175781
vt 0.476806641 0.7890625
vt 0.425537109 0.604980469
vt 0.426757812 0.560546875
vt 0.425292969 0.642089844
vt 0.451416016 0.645507812
vt 0.473144531 0.650878906
vt 0.448242188 0.607421875
vt 0.443847656 0.566894531
vt 0.435546875 0.522460938
vt 0.467529297 0.61328125
vt 0.456054688 0.571289062
vt 0.483886719 0.682128906
vt 0.413085938 0.509277344
vt 0.407958984 0.502441406
vt 0.41796875 0.475585938
vt 0.432861328 0.484375
vt 0.451171875 0.525878906
vt 0.4921875 0.707519531
vt 0.427734375 0.462402344
vt 0.421386719 0.457763672
vt 0.420654297 0.445800781
vt 0.451416016 0.494140625
vt 0.450195312 0.468017578
vt 0.473144531 0.533691406
vt 0.475097656 0.501953125
vt 0.473632812 0.472167969
vt 0.469238281 0.57421875
vt 0.482910156 0.610839844
vt 0.493652344 0.569335938
vt 0.492919922 0.6484375
vt 0.50390625 0.607910156
vt 0.498779297 0.68359375
vt 0.499267578 0.708984375
vt 0.501464844 0.505859375
vt 0.500976562 0.530761719
vt 0.512695312 0.567871094
vt 0.499755859 0.478515625
vt 0.518066406 0.531738281
vt 0.5234375 0.506835938
vt 0.520019531 0.606445312
vt 0.527832031 0.566894531
vt 0.538574219 0.532226562
vt 0.512695312 0.633300781
vt 0.507324219 0.658203125
vt 0.520019531 0.633789062
vt 0.518066406 0.682617188
vt 0.534667969 0.605957031
vt 0.520996094 0.659667969
vt 0.543945312 0.501953125
vt 0.526855469 0.479980469
vt 0.501464844 0.450927734
vt 0.47265625 0.446533203
vt 0.44921875 0.447998047
vt 0.428466797 0.448730469
vt 0.428222656 0.436523438
vt 0.421630859 0.438964844
vt 0.431640625 0.434814453
vt 0.418457031 0.425048828
vt 0.411132812 0.433105469
vt 0.399902344 0.4296875
vt 0.406738281 0.410888672
vt 0.382080078 0.431152344
vt 0.374755859 0.396484375
vt 0.428466797 0.416503906
vt 0.443115234 0.4296875
vt 0.397949219 0.391601562
vt 0.386230469 0.363769531
vt 0.423828125 0.401123047
vt 0.416992188 0.383789062
vt 0.468017578 0.427246094
vt 0.434570312 0.415039062
vt 0.439453125 0.413818359
vt 0.50390625 0.427490234
vt 0.437744141 0.399169922
vt 0.467041016 0.411621094
vt 0.436523438 0.3828125
vt 0.4140625 0.356933594
vt 0.405273438 0.336914062
vt 0.416503906 0.326416016
vt 0.423828125 0.319091797
vt 0.434570312 0.356933594
vt 0.468261719 0.395019531
vt 0.505859375 0.408203125
vt 0.46875 0.373291016
vt 0.441162109 0.322753906
vt 0.437744141 0.274902344
vt 0.468017578 0.347412109
vt 0.5078125 0.387695312
vt 0.470947266 0.314208984
vt 0.509277344 0.364257812
vt 0.509277344 0.336914062
vt 0.534667969 0.435302734
vt 0.540039062 0.413085938
vt 0.529296875 0.455322266
vt 0.547851562 0.471923828
vt 0.553222656 0.452392578
vt 0.568847656 0.481201172
vt 0.55859375 0.432373047
vt 0.562988281 0.510742188
vt 0.573242188 0.452148438
vt 0.5546875 0.537597656
vt 0.542480469 0.570800781
vt 0.580566406 0.507324219
vt 0.568359375 0.53515625
vt 0.557128906 0.568847656
vt 0.589355469 0.477783203
vt 0.597167969 0.5
vt 0.551757812 0.603027344
vt 0.587402344 0.514648438
vt 0.583007812 0.538085938
vt 0.57421875 0.564941406
vt 0.567382812 0.595214844
vt 0.592285156 0.513671875
vt 0.569824219 0.629394531
vt 0.602539062 0.530761719
vt 0.549804688 0.631835938
vt 0.570800781 0.646972656
vt 0.611328125 0.522460938
vt 0.613769531 0.5625
vt 0.606933594 0.496582031
vt 0.620117188 0.552246094
vt 0.625 0.590332031
vt 0.610351562 0.599121094
vt 0.621582031 0.634765625
vt 0.598632812 0.638183594
vt 0.609375 0.472167969
vt 0.619140625 0.667480469
vt 0.588867188 0.661132812
vt 0.591796875 0.686035156
vt 0.618164062 0.715332031
vt 0.588378906 0.71875
vt 0.598144531 0.758789062
vt 0.615722656 0.772949219
vt 0.619628906 0.823730469
vt 0.59765625 0.452148438
vt 0.614257812 0.451171875
vt 0.578613281 0.427734375
vt 0.606933594 0.431884766
vt 0.619628906 0.432373047
vt 0.561523438 0.413085938
vt 0.581054688 0.40625
vt 0.611816406 0.409179688
vt 0.609863281 0.384765625
vt 0.622558594 0.408935547
vt 0.623046875 0.383789062
vt 0.617675781 0.358886719
vt 0.561523438 0.39453125
vt 0.604980469 0.360107422
vt 0.609375 0.332763672
vt 0.579589844 0.387451172
vt 0.541015625 0.391601562
vt 0.578125 0.368652344
vt 0.559082031 0.37109375
vt 0.5390625 0.366699219
vt 0.598144531 0.334472656
vt 0.603027344 0.30859375
vt 0.575195312 0.344482422
vt 0.566894531 0.3125
vt 0.555175781 0.343505859
vt 0.537109375 0.33984375
vt 0.590820312 0.307617188
vt 0.592285156 0.281005859
vt 0.582519531 0.281005859
vt 0.579589844 0.25390625
vt 0.551269531 0.315185547
vt 0.534179688 0.311035156
vt 0.572753906 0.255615234
vt 0.575195312 0.248291016
vt 0.568359375 0.240844727
vt 0.560058594 0.284179688
vt 0.547363281 0.288330078
vt 0.508789062 0.308105469
vt 0.5546875 0.241088867
vt 0.562988281 0.234375
vt 0.532714844 0.284179688
vt 0.544921875 0.264892578
vt 0.557128906 0.262207031
vt 0.470214844 0.285644531
vt 0.556152344 0.219970703
vt 0.562988281 0.228759766
vt 0.543945312 0.240478516
vt 0.532226562 0.260498047
vt 0.508300781 0.281005859
vt 0.439453125 0.260009766
vt 0.416015625 0.260498047
vt 0.471923828 0.260009766
vt 0.576171875 0.219604492
vt 0.573730469 0.235107422
vt 0.507324219 0.258300781
vt 0.598144531 0.220458984
vt 0.588867188 0.251953125
vt 0.6015625 0.250244141
vt 0.59765625 0.268798828
vt 0.606445312 0.287841797
vt 0.59375 0.196044922
vt 0.575195312 0.197509766
vt 0.586425781 0.173950195
vt 0.558105469 0.200317383
vt 0.571289062 0.177246094
vt 0.580078125 0.156005859
vt 0.546386719 0.218139648
vt 0.558105469 0.180541992
vt 0.567382812 0.159057617
vt 0.572753906 0.138671875
vt 0.555175781 0.161743164
vt 0.561523438 0.142333984
vt 0.563964844 0.121826172
vt 0.548339844 0.198852539
vt 0.533203125 0.237060547
vt 0.5546875 0.125366211
vt 0.551757812 0.108825684
vt 0.55078125 0.14465332
vt 0.548828125 0.17980957
vt 0.536132812 0.216308594
vt 0.5078125 0.235717773
vt 0.544433594 0.127807617
vt 0.545410156 0.162353516
vt 0.538085938 0.197998047
vt 0.509765625 0.21472168
vt 0.475341797 0.237060547
vt 0.537109375 0.180175781
vt 0.540527344 0.146362305
vt 0.511230469 0.195922852
vt 0.479980469 0.215942383
vt 0.445800781 0.234741211
vt 0.533691406 0.163574219
vt 0.483886719 0.195800781
vt 0.455078125 0.2109375
vt 0.425537109 0.232543945
vt 0.512695312 0.177856445
vt 0.487548828 0.177246094
vt 0.435058594 0.207763672
vt 0.462646484 0.190307617
vt 0.443603516 0.187744141
vt 0.408935547 0.228271484
vt 0.399169922 0.254638672
vt 0.393554688 0.262695312
vt 0.418457031 0.203613281
vt 0.427734375 0.183349609
vt 0.436035156 0.165039062
vt 0.451660156 0.169311523
vt 0.443603516 0.148193359
vt 0.468261719 0.172485352
vt 0.45703125 0.15234375
vt 0.451171875 0.132324219
vt 0.489746094 0.160400391
vt 0.472412109 0.156616211
vt 0.462890625 0.13659668
vt 0.459228516 0.116516113
vt 0.476318359 0.141723633
vt 0.469970703 0.120788574
vt 0.466064453 0.102600098
vt 0.512207031 0.161987305
vt 0.491943359 0.144775391
vt 0.48046875 0.125244141
vt 0.529296875 0.147460938
vt 0.512207031 0.147949219
vt 0.494140625 0.12878418
vt 0.53515625 0.129516602
vt 0.512207031 0.131103516
vt 0.525878906 0.130493164
vt 0.53515625 0.112976074
vt 0.541015625 0.0914916992
vt 0.522949219 0.114379883
vt 0.526855469 0.0936889648
vt 0.534667969 0.0739135742
vt 0.513183594 0.114624023
vt 0.512695312 0.0946044922
vt 0.5234375 0.0758056641
vt 0.52734375 0.0567932129
vt 0.49609375 0.11328125
vt 0.490722656 0.0916748047
vt 0.485351562 0.110412598
vt 0.51171875 0.0762939453
vt 0.518066406 0.0586853027
vt 0.518554688 0.0404052734
vt 0.475585938 0.106323242
vt 0.480224609 0.0944824219
vt 0.474365234 0.0872802734
vt 0.481689453 0.0720214844
vt 0.494384766 0.0745239258
vt 0.48828125 0.0567932129
vt 0.513183594 0.041595459
vt 0.51171875 0.0252075195
vt 0.509765625 0.0592041016
vt 0.497314453 0.0584106445
vt 0.493164062 0.0404052734
vt 0.508789062 0.0260009766
vt 0.502441406 0.00699996948
vt 0.507324219 0.0421142578
vt 0.498535156 0.0412902832
vt 0.497314453 0.0247039795
vt 0.505371094 0.0261993408
vt 0.500488281 0.0254974365
vt 0.94140625 0.970703125
vt 0.926757812 0.939941406
vt 0.9296875 0.974609375
vt 0.938964844 0.937988281
vt 0.947753906 0.968261719
vt 0.918457031 0.926757812
vt 0.950195312 0.931640625
vt 0.931152344 0.918457031
vt 0.903320312 0.9140625
vt 0.940429688 0.913574219
vt 0.954101562 0.904296875
vt 0.923828125 0.90234375
vt 0.890136719 0.900390625
vt 0.939941406 0.896484375
vt 0.958984375 0.887695312
vt 0.91796875 0.885742188
vt 0.875 0.879394531
vt 0.939453125 0.879882812
vt 0.96484375 0.872070312
vt 0.91015625 0.864746094
vt 0.938964844 0.859375
vt 0.974121094 0.851074219
vt 0.902832031 0.838378906
vt 0.859863281 0.84765625
vt 0.85546875 0.830078125
vt 0.938964844 0.836425781
vt 0.980957031 0.830566406
vt 0.900390625 0.822753906
vt 0.852539062 0.807617188
vt 0.937988281 0.819335938
vt 0.980957031 0.80859375
vt 0.898925781 0.806640625
vt 0.9375 0.803710938
vt 0.975585938 0.794921875
vt 0.967285156 0.78125
vt 0.8984375 0.786621094
vt 0.853515625 0.78125
vt 0.937011719 0.786132812
vt 0.958007812 0.767089844
vt 0.936523438 0.766601562
vt 0.953125 0.754394531
vt 0.899414062 0.763183594
vt 0.859375 0.751464844
vt 0.936035156 0.749023438
vt 0.953125 0.731445312
vt 0.899902344 0.7421875
vt 0.866210938 0.728515625
vt 0.935058594 0.725585938
vt 0.953613281 0.701171875
vt 0.901367188 0.716796875
vt 0.874023438 0.706054688
vt 0.931152344 0.697265625
vt 0.952148438 0.669921875
vt 0.904296875 0.688964844
vt 0.883300781 0.682128906
vt 0.929199219 0.667480469
vt 0.950683594 0.63671875
vt 0.908203125 0.662597656
vt 0.892578125 0.659179688
vt 0.898925781 0.635742188
vt 0.927734375 0.637207031
vt 0.947753906 0.607421875
vt 0.911132812 0.63671875
vt 0.900878906 0.607421875
vt 0.912109375 0.605957031
vt 0.897949219 0.578125
vt 0.927246094 0.60546875
vt 0.9453125 0.578125
vt 0.912109375 0.576171875
vt 0.896972656 0.546875
vt 0.928710938 0.574707031
vt 0.940917969 0.540527344
vt 0.913085938 0.544921875
vt 0.896484375 0.512695312
vt 0.931152344 0.54296875
vt 0.913574219 0.512207031
vt 0.900390625 0.476074219
vt 0.931640625 0.511230469
vt 0.944824219 0.508789062
vt 0.914550781 0.477539062
vt 0.930664062 0.474609375
vt 0.952148438 0.481689453
vt 0.913574219 0.437744141
vt 0.899902344 0.435791016
vt 0.948730469 0.431884766
vt 0.964355469 0.454101562
vt 0.9296875 0.436279297
vt 0.9140625 0.401855469
vt 0.901367188 0.40234375
vt 0.928710938 0.399902344
vt 0.912109375 0.370361328
vt 0.898925781 0.370849609
vt 0.904296875 0.343017578
vt 0.968261719 0.428710938
vt 0.973632812 0.424560547
vt 0.9453125 0.395263672
vt 0.92578125 0.368652344
vt 0.964355469 0.391357422
vt 0.981445312 0.37890625
vt 0.924316406 0.340576172
vt 0.904785156 0.315185547
vt 0.940917969 0.365478516
vt 0.958984375 0.360351562
vt 0.924316406 0.312988281
vt 0.90625 0.289306641
vt 0.938476562 0.337402344
vt 0.976074219 0.354492188
vt 0.992675781 0.359619141
vt 0.991210938 0.350341797
vt 0.924804688 0.287841797
vt 0.906738281 0.262695312
vt 0.9375 0.310058594
vt 0.954589844 0.332275391
vt 0.969726562 0.327148438
vt 0.985351562 0.323242188
vt 0.92578125 0.260986328
vt 0.907714844 0.239746094
vt 0.937011719 0.284912109
vt 0.951660156 0.306152344
vt 0.965332031 0.302001953
vt 0.98046875 0.298339844
vt 0.92578125 0.237548828
vt 0.907714844 0.219116211
vt 0.949707031 0.282226562
vt 0.961914062 0.278808594
vt 0.977050781 0.275390625
vt 0.938476562 0.258056641
vt 0.924804688 0.216552734
vt 0.907714844 0.198242188
vt 0.950195312 0.256103516
vt 0.9609375 0.253662109
vt 0.975097656 0.250488281
vt 0.938476562 0.234863281
vt 0.923339844 0.195556641
vt 0.908691406 0.176879883
vt 0.959472656 0.23059082
vt 0.972167969 0.227416992
vt 0.949707031 0.232666016
vt 0.937011719 0.213867188
vt 0.923339844 0.174560547
vt 0.916503906 0.147460938
vt 0.95703125 0.208740234
vt 0.96875 0.205322266
vt 0.947753906 0.21105957
vt 0.934570312 0.192749023
vt 0.933105469 0.17199707
vt 0.9453125 0.189331055
vt 0.954101562 0.186523438
vt 0.96484375 0.182617188
vt 0.960449219 0.162597656
vt 0.942871094 0.168945312
vt 0.94140625 0.143554688
vt 0.922363281 0.120117188
vt 0.957519531 0.139038086
vt 0.942382812 0.119018555
vt 0.928222656 0.0935058594
vt 0.955566406 0.115600586
vt 0.943359375 0.0936889648
vt 0.93359375 0.0662841797
vt 0.954101562 0.0916137695
vt 0.944824219 0.0665893555
vt 0.938964844 0.041595459
vt 0.952148438 0.0656738281
vt 0.945800781 0.0411987305
vt 0.943847656 0.0123977661
vt 0.950683594 0.0404052734
vt 0.712402344 0.971679688
vt 0.702636719 0.978515625
vt 0.725585938 0.974609375
vt 0.725585938 0.948242188
vt 0.712890625 0.943847656
vt 0.725585938 0.922363281
vt 0.713378906 0.918457031
vt 0.725585938 0.901367188
vt 0.717773438 0.896972656
vt 0.725585938 0.887207031
vt 0.721679688 0.883300781
vt 0.725585938 0.870117188
vt 0.729980469 0.888183594
vt 0.734375 0.90625
vt 0.739746094 0.927246094
vt 0.741699219 0.94921875
vt 0.744140625 0.973144531
vt 0.743164062 0.98828125
vt 0.489013672 0.803710938
vt 0.494140625 0.840820312
vt 0.499267578 0.841308594
vt 0.492675781 0.875976562
vt 0.488769531 0.875
vt 0.481201172 0.913574219
vt 0.503417969 0.840332031
vt 0.484130859 0.918945312
vt 0.473388672 0.957519531
vt 0.499511719 0.804199219
vt 0.477539062 0.960449219
vt 0.473876953 0.997558594
vt 0.478515625 0.9921875
vt 0.485595703 0.958984375
vt 0.489990234 0.955566406
vt 0.496337891 0.915039062
vt 0.501464844 0.915527344
vt 0.510742188 0.87890625
vt 0.520507812 0.840332031
vt 0.515625 0.797851562
vt 0.496337891 0.762207031
vt 0.514160156 0.759277344
vt 0.500976562 0.734863281
vt 0.518066406 0.736328125
vt 0.520996094 0.712402344
vt 0.526855469 0.696289062
vt 0.523925781 0.680664062
vt 0.529296875 0.68359375
vt 0.53515625 0.678222656
vt 0.530273438 0.685058594
vt 0.534179688 0.655761719
vt 0.537109375 0.688476562
vt 0.529785156 0.688476562
vt 0.52734375 0.695800781
vt 0.533691406 0.633300781
vt 0.550292969 0.659667969
vt 0.568847656 0.673828125
vt 0.551269531 0.67578125
vt 0.552734375 0.698242188
vt 0.572265625 0.700683594
vt 0.536132812 0.696777344
vt 0.53515625 0.71875
vt 0.525878906 0.715820312
vt 0.524902344 0.734863281
vt 0.554199219 0.72265625
vt 0.575683594 0.728027344
vt 0.532714844 0.735839844
vt 0.521484375 0.773925781
vt 0.551757812 0.741210938
vt 0.577148438 0.753417969
vt 0.53125 0.7734375
vt 0.53515625 0.815429688
vt 0.551757812 0.779785156
vt 0.578125 0.791015625
vt 0.559570312 0.818847656
vt 0.553710938 0.858398438
vt 0.583496094 0.831054688
vt 0.569824219 0.858398438
vt 0.564941406 0.895019531
vt 0.588378906 0.874023438
vt 0.576171875 0.89453125
vt 0.592773438 0.904296875
vt 0.584472656 0.926757812
vt 0.596191406 0.928710938
vt 0.6015625 0.958984375
vt 0.61328125 0.95703125
vt 0.0109024048 0.662597656
vt 0.0079498291 0.640136719
vt 0.00671005249 0.668457031
vt 0.0107803345 0.638671875
vt 0.00956726074 0.625976562
vt 0.0270080566 0.647460938
vt 0.0176086426 0.679199219
vt 0.0299377441 0.6796875
vt 0.032043457 0.704101562
vt 0.0359191895 0.700195312
vt 0.0387878418 0.739746094
vt 0.0337524414 0.7421875
vt 0.0383605957 0.777832031
vt 0.0252838135 0.631347656
vt 0.0117797852 0.625976562
vt 0.0236816406 0.615234375
vt 0.0129013062 0.61328125
vt 0.0112762451 0.611816406
vt 0.0178375244 0.587890625
vt 0.329345703 0.895996094
vt 0.336425781 0.900390625
vt 0.336914062 0.869140625
vt 0.329345703 0.861816406
vt 0.325195312 0.895019531
vt 0.3359375 0.829589844
vt 0.324462891 0.860839844
vt 0.329345703 0.822265625
vt 0.337402344 0.784179688
vt 0.323242188 0.817382812
vt 0.328369141 0.775390625
vt 0.336425781 0.722167969
vt 0.31640625 0.770996094
vt 0.326660156 0.717285156
vt 0.310791016 0.712402344
vt 0.334228516 0.650878906
vt 0.325439453 0.651855469
vt 0.326171875 0.591796875
vt 0.307861328 0.649902344
vt 0.333740234 0.591796875
vt 0.308837891 0.590332031
vt 0.311523438 0.552734375
vt 0.333740234 0.5546875
vt 0.328125 0.554199219
vt 0.314941406 0.513183594
vt 0.328857422 0.514160156
vt 0.334472656 0.512695312
vt 0.316894531 0.491455078
vt 0.329345703 0.48828125
vt 0.334228516 0.489746094
vt 0.318847656 0.458251953
vt 0.335693359 0.478515625
vt 0.329345703 0.455078125
vt 0.321044922 0.441894531
vt 0.336181641 0.450683594
vt 0.329345703 0.440185547
vt 0.323486328 0.425537109
vt 0.335205078 0.437011719
vt 0.329345703 0.425292969
vt 0.329345703 0.3984375
vt 0.333984375 0.423339844
vt 0.0323486328 0.596191406
vt 0.0371704102 0.624511719
vt 0.0387573242 0.599609375
vt 0.0390625 0.580566406
vt 0.0316467285 0.576171875
vt 0.0405578613 0.553222656
vt 0.0280609131 0.541015625
vt 0.0423583984 0.519042969
vt 0.0287628174 0.504882812
vt 0.0461730957 0.476318359
vt 0.0185546875 0.495849609
vt 0.0274658203 0.456054688
vt 0.0449523926 0.416259766
vt 0.0158538818 0.447753906
vt 0.0273590088 0.401367188
vt 0.0454711914 0.376953125
vt 0.0168609619 0.395019531
vt 0.0257568359 0.368652344
vt 0.046661377 0.337646484
vt 0.0127563477 0.364746094
vt 0.0264587402 0.329101562
vt 0.0135574341 0.322998047
vt 0.0475463867 0.303955078
vt 0.0257568359 0.305419922
vt 0.0137634277 0.30859375
vt 0.0104598999 0.286376953
vt 0.0260620117 0.272216797
vt 0.00875854492 0.271728516
vt 0.0465698242 0.26171875
vt 0.0072593689 0.232299805
vt 0.0264587402 0.221801758
vt 0.0399475098 0.211181641
vt 0.048248291 0.206298828
vt 0.0166625977 0.185302734
vt 0.0044593811 0.190917969
vt 0.0402526855 0.171508789
vt 0.0481567383 0.165527344
vt 0.027557373 0.179931641
vt 0.0187530518 0.151000977
vt 0.00576019287 0.147949219
vt 0.0291595459 0.146850586
vt 0.0188598633 0.121459961
vt 0.0051612854 0.118225098
vt 0.0405578613 0.140136719
vt 0.0202636719 0.0954589844
vt 0.00666046143 0.0938720703
vt 0.0195617676 0.0709228516
vt 0.0302581787 0.11895752
vt 0.0478515625 0.135864258
vt 0.0559692383 0.134399414
vt 0.0540466309 0.115234375
vt 0.0408630371 0.115356445
vt 0.030960083 0.0949707031
vt 0.0258636475 0.0724487305
vt 0.0477600098 0.113769531
vt 0.0483703613 0.0953369141
vt 0.0551452637 0.0950317383
vt 0.0409545898 0.0952758789
vt 0.0481567383 0.0770263672
vt 0.056060791 0.0754394531
vt 0.0411682129 0.0776367188
vt 0.0481567383 0.0611572266
vt 0.0559692383 0.0596618652
vt 0.0333557129 0.0747680664
vt 0.0467529297 0.0462646484
vt 0.0531616211 0.045135498
vt 0.0485534668 0.0306549072
vt 0.0413513184 0.060760498
vt 0.0365600586 0.0572509766
vt 0.0444641113 0.0310516357
vt 0.0417480469 0.0138473511
vt 0.0414733887 0.0455627441
vt 0.0303649902 0.0537414551
vt 0.0266571045 0.0508422852
vt 0.0415649414 0.0301513672
vt 0.0383605957 0.0425415039
vt 0.0335693359 0.0394592285
vt 0.0305633545 0.0369567871
vt 0.0394592285 0.0287475586
vt 0.0369567871 0.02734375
vt 0.0347595215 0.0263519287
vt 0.269042969 0.977050781
vt 0.279541016 0.978515625
vt 0.281005859 0.951660156
vt 0.26953125 0.947265625
vt 0.28515625 0.9296875
vt 0.271240234 0.921875
vt 0.290039062 0.912109375
vt 0.272216797 0.903320312
vt 0.293945312 0.897460938
vt 0.278076172 0.891601562
vt 0.270751953 0.889160156
vt 0.298095703 0.879394531
vt 0.274414062 0.872070312
vt 0.264404297 0.869140625
vt 0.302978516 0.857421875
vt 0.268066406 0.84765625
vt 0.254150391 0.844238281
vt 0.307373047 0.842285156
vt 0.264648438 0.828125
vt 0.245239258 0.825195312
vt 0.310302734 0.823242188
vt 0.265136719 0.814453125
vt 0.243774414 0.812988281
vt 0.244140625 0.801757812
vt 0.268066406 0.799804688
vt 0.310546875 0.800292969
vt 0.250244141 0.782226562
vt 0.272949219 0.778808594
vt 0.306640625 0.775390625
vt 0.250488281 0.763671875
vt 0.2734375 0.760742188
vt 0.301757812 0.756835938
vt 0.249511719 0.742675781
vt 0.272949219 0.741699219
vt 0.296875 0.73828125
vt 0.272216797 0.716308594
vt 0.247802734 0.715332031
vt 0.293457031 0.714355469
vt 0.272949219 0.687011719
vt 0.248657227 0.680664062
vt 0.292480469 0.684082031
vt 0.261474609 0.654785156
vt 0.244628906 0.654296875
vt 0.243896484 0.623046875
vt 0.274902344 0.650878906
vt 0.290771484 0.6484375
vt 0.261230469 0.611816406
vt 0.234375 0.576171875
vt 0.276123047 0.606933594
vt 0.292236328 0.60546875
vt 0.2578125 0.56640625
vt 0.277587891 0.562011719
vt 0.298095703 0.561523438
vt 0.229492188 0.52734375
vt 0.217041016 0.534667969
vt 0.209594727 0.479980469
vt 0.278808594 0.520019531
vt 0.3046875 0.517578125
vt 0.255615234 0.522460938
vt 0.225708008 0.4765625
vt 0.208007812 0.433105469
vt 0.280029297 0.477050781
vt 0.306152344 0.474121094
vt 0.252685547 0.477783203
vt 0.229614258 0.426757812
vt 0.213500977 0.379882812
vt 0.281494141 0.430664062
vt 0.307128906 0.429199219
vt 0.255615234 0.4296875
vt 0.282958984 0.385498047
vt 0.305908203 0.385253906
vt 0.304443359 0.347412109
vt 0.234008789 0.380859375
vt 0.219238281 0.343994141
vt 0.258544922 0.383789062
vt 0.283935547 0.347412109
vt 0.303955078 0.314941406
vt 0.239501953 0.341552734
vt 0.223632812 0.305908203
vt 0.262207031 0.345703125
vt 0.284912109 0.313720703
vt 0.266845703 0.311523438
vt 0.285888672 0.284179688
vt 0.311767578 0.285888672
vt 0.246948242 0.306396484
vt 0.286621094 0.255615234
vt 0.312988281 0.255615234
vt 0.269775391 0.281494141
vt 0.252197266 0.276367188
vt 0.229980469 0.269287109
vt 0.287353516 0.228149414
vt 0.312255859 0.227172852
vt 0.271728516 0.252197266
vt 0.256347656 0.247436523
vt 0.238037109 0.241455078
vt 0.288330078 0.203735352
vt 0.310058594 0.202514648
vt 0.272949219 0.225708008
vt 0.259521484 0.222045898
vt 0.245361328 0.217407227
vt 0.288818359 0.182983398
vt 0.307128906 0.181274414
vt 0.275634766 0.202148438
vt 0.262939453 0.198852539
vt 0.250488281 0.194580078
vt 0.289306641 0.164672852
vt 0.304199219 0.162963867
vt 0.277587891 0.182250977
vt 0.266601562 0.179443359
vt 0.255859375 0.176269531
vt 0.290039062 0.146728516
vt 0.302246094 0.145874023
vt 0.278808594 0.16418457
vt 0.26953125 0.161987305
vt 0.260009766 0.159423828
vt 0.290527344 0.129150391
vt 0.302246094 0.129516602
vt 0.291259766 0.106079102
vt 0.309814453 0.107116699
vt 0.280761719 0.145507812
vt 0.272949219 0.143310547
vt 0.264892578 0.140014648
vt 0.284423828 0.127563477
vt 0.278076172 0.125
vt 0.268554688 0.11920166
vt 0.276611328 0.0991821289
vt 0.291748047 0.0872192383
vt 0.308349609 0.0866699219
vt 0.28125 0.0841064453
vt 0.292236328 0.0701904297
vt 0.3046875 0.0692138672
vt 0.284667969 0.0686035156
vt 0.292724609 0.0542907715
vt 0.301025391 0.0530090332
vt 0.287353516 0.053314209
vt 0.29296875 0.0407104492
vt 0.297851562 0.0393981934
vt 0.290039062 0.0403137207
vt 0.293457031 0.0252075195
vt 0.360839844 0.111083984
vt 0.358886719 0.142944336
vt 0.365478516 0.145751953
vt 0.355224609 0.110107422
vt 0.356933594 0.0769042969
vt 0.342773438 0.136352539
vt 0.34375 0.189453125
vt 0.362304688 0.196289062
vt 0.344726562 0.243896484
vt 0.359130859 0.249023438
vt 0.345214844 0.276123047
vt 0.355957031 0.282226562
vt 0.330078125 0.24206543
vt 0.325927734 0.184448242
vt 0.346191406 0.325927734
vt 0.352050781 0.328857422
vt 0.346679688 0.362792969
vt 0.349853516 0.363769531
vt 0.343017578 0.360839844
vt 0.339355469 0.322753906
vt 0.335449219 0.273681641
vt 0.329833984 0.27734375
vt 0.320556641 0.240478516
vt 0.318603516 0.185180664
vt 0.318603516 0.130493164
vt 0.326416016 0.130737305
vt 0.327148438 0.100585938
vt 0.3203125 0.0994262695
vt 0.342285156 0.105407715
vt 0.329345703 0.0709228516
vt 0.322021484 0.0692138672
vt 0.352050781 0.0772705078
vt 0.341796875 0.0744018555
vt 0.34765625 0.0386047363
vt 0.350341797 0.0374145508
vt 0.340820312 0.0130996704
vt 0.341064453 0.0386962891
vt 0.333251953 0.037902832
vt 0.328857422 0.0361938477
vt 0.216674805 0.0746459961
vt 0.204223633 0.110168457
vt 0.213989258 0.110595703
vt 0.222900391 0.0745239258
vt 0.224365234 0.0347900391
vt 0.242553711 0.104309082
vt 0.227539062 0.0345458984
vt 0.233276367 0.0123291016
vt 0.244018555 0.0699462891
vt 0.239501953 0.0339660645
vt 0.243286133 0.0337524414
vt 0.250244141 0.0682373047
vt 0.25 0.102478027
vt 0.256347656 0.101928711
vt 0.247558594 0.138183594
vt 0.256347656 0.13684082
vt 0.23840332 0.198730469
vt 0.751464844 0.931640625
vt 0.752929688 0.954101562
vt 0.757324219 0.951660156
vt 0.7578125 0.92578125
vt 0.762207031 0.950683594
vt 0.749511719 0.900390625
vt 0.766601562 0.916992188
vt 0.759277344 0.887695312
vt 0.744628906 0.875488281
vt 0.770019531 0.880371094
vt 0.778320312 0.880371094
vt 0.758789062 0.858886719
vt 0.737304688 0.849121094
vt 0.771972656 0.854003906
vt 0.784179688 0.853515625
vt 0.759277344 0.830566406
vt 0.732421875 0.811523438
vt 0.773925781 0.825195312
vt 0.790039062 0.825195312
vt 0.760253906 0.795410156
vt 0.73046875 0.774902344
vt 0.77734375 0.791015625
vt 0.798339844 0.791503906
vt 0.763183594 0.766113281
vt 0.729492188 0.735351562
vt 0.78125 0.764648438
vt 0.805664062 0.766113281
vt 0.805664062 0.747558594
vt 0.782226562 0.744628906
vt 0.764648438 0.733398438
vt 0.784179688 0.729003906
vt 0.810058594 0.732910156
vt 0.806640625 0.719238281
vt 0.764648438 0.711914062
vt 0.73046875 0.707519531
vt 0.784179688 0.715820312
vt 0.804199219 0.696777344
vt 0.783691406 0.689941406
vt 0.801757812 0.669921875
vt 0.763183594 0.684570312
vt 0.73046875 0.677734375
vt 0.783203125 0.661621094
vt 0.803710938 0.641113281
vt 0.761230469 0.653320312
vt 0.732910156 0.645019531
vt 0.783691406 0.6328125
vt 0.799804688 0.599121094
vt 0.762207031 0.624023438
vt 0.734863281 0.617675781
vt 0.78515625 0.596191406
vt 0.80078125 0.564453125
vt 0.763671875 0.590820312
vt 0.735839844 0.582519531
vt 0.787597656 0.560058594
vt 0.802734375 0.528808594
vt 0.765625 0.554199219
vt 0.736328125 0.547851562
vt 0.789550781 0.526367188
vt 0.798828125 0.493896484
vt 0.765625 0.520507812
vt 0.733886719 0.516113281
vt 0.79296875 0.491455078
vt 0.80078125 0.455078125
vt 0.765136719 0.482666016
vt 0.733886719 0.481933594
vt 0.734863281 0.451904297
vt 0.794433594 0.452148438
vt 0.804199219 0.415527344
vt 0.767089844 0.450683594
vt 0.737792969 0.418945312
vt 0.794921875 0.410888672
vt 0.8203125 0.381591797
vt 0.767578125 0.413085938
vt 0.733398438 0.373535156
vt 0.793457031 0.373779297
vt 0.765136719 0.374267578
vt 0.732910156 0.338134766
vt 0.791503906 0.337646484
vt 0.822753906 0.315673828
vt 0.762695312 0.3359375
vt 0.736816406 0.295166016
vt 0.764648438 0.297119141
vt 0.744628906 0.249755859
vt 0.796386719 0.298095703
vt 0.820800781 0.249755859
vt 0.769042969 0.253417969
vt 0.800292969 0.25390625
vt 0.771484375 0.220581055
vt 0.746582031 0.215942383
vt 0.80078125 0.220092773
vt 0.82421875 0.196166992
vt 0.771484375 0.194458008
vt 0.74609375 0.185546875
vt 0.798339844 0.19152832
vt 0.818847656 0.165649414
vt 0.771972656 0.168945312
vt 0.745605469 0.160766602
vt 0.796875 0.163330078
vt 0.815917969 0.146850586
vt 0.772460938 0.141601562
vt 0.747558594 0.135253906
vt 0.793457031 0.133544922
vt 0.80859375 0.11730957
vt 0.774414062 0.111694336
vt 0.752441406 0.108520508
vt 0.788085938 0.104492188
vt 0.802246094 0.091796875
vt 0.774414062 0.0830078125
vt 0.7578125 0.0820922852
vt 0.762207031 0.0606079102
vt 0.784179688 0.0787963867
vt 0.798339844 0.07421875
vt 0.774414062 0.0602111816
vt 0.764648438 0.0461120605
vt 0.782714844 0.0591125488
vt 0.794921875 0.0586853027
vt 0.791015625 0.0451049805
vt 0.774414062 0.0450134277
vt 0.767578125 0.0351867676
vt 0.780761719 0.0454101562
vt 0.785644531 0.0335998535
vt 0.778808594 0.0339050293
vt 0.779785156 0.0229949951
vt 0.774414062 0.0332946777
vt 0.770507812 0.0240936279
vt 0.776855469 0.0229034424
vt 0.774414062 0.0140991211
vt 0.774414062 0.0229034424
vt 0.1875 0.375976562
vt 0.1875 0.416259766
vt 0.201904297 0.386474609
vt 0.213256836 0.338378906
vt 0.1875 0.330810547
vt 0.210205078 0.283691406
vt 0.1875 0.282958984
vt 0.204589844 0.245605469
vt 0.188842773 0.244384766
vt 0.203857422 0.210327148
vt 0.193481445 0.191650391
vt 0.198486328 0.184082031
vt 0.193359375 0.165771484
vt 0.200805664 0.15625
vt 0.188842773 0.146240234
vt 0.200439453 0.123962402
vt 0.186889648 0.123596191
vt 0.169189453 0.135131836
vt 0.183959961 0.102600098
vt 0.196655273 0.0956420898
vt 0.172119141 0.121520996
vt 0.182861328 0.0797119141
vt 0.192993164 0.0719604492
vt 0.172119141 0.0996704102
vt 0.180786133 0.0590515137
vt 0.188598633 0.0536193848
vt 0.172119141 0.0774536133
vt 0.178344727 0.0425720215
vt 0.18359375 0.0382995605
vt 0.174804688 0.0249938965
vt 0.177978516 0.0232086182
vt 0.172119141 0.00672149658
vt 0.172119141 0.02734375
vt 0.172119141 0.0445861816
vt 0.172119141 0.0595092773
vt 0.16418457 0.0774536133
vt 0.168579102 0.0245056152
vt 0.165771484 0.0220336914
vt 0.162231445 0.0381164551
vt 0.167358398 0.0425415039
vt 0.157592773 0.0545349121
vt 0.165771484 0.0586547852
vt 0.152587891 0.0749511719
vt 0.147338867 0.0980834961
vt 0.161865234 0.100158691
vt 0.157958984 0.122680664
vt 0.141479492 0.124023438
vt 0.151000977 0.150268555
vt 0.135620117 0.156860352
vt 0.135620117 0.188476562
vt 0.130371094 0.188598633
vt 0.130615234 0.205688477
vt 0.711914062 0.761230469
vt 0.703613281 0.803710938
vt 0.707519531 0.801757812
vt 0.703613281 0.758300781
vt 0.712402344 0.716796875
vt 0.697753906 0.758789062
vt 0.699707031 0.802734375
vt 0.692871094 0.766601562
vt 0.696777344 0.802734375
vt 0.690429688 0.72265625
vt 0.696289062 0.718261719
vt 0.688476562 0.686523438
vt 0.703613281 0.715820312
vt 0.694824219 0.682128906
vt 0.684082031 0.649414062
vt 0.703613281 0.6796875
vt 0.713378906 0.678222656
vt 0.692382812 0.64453125
vt 0.677246094 0.600097656
vt 0.703613281 0.641113281
vt 0.71484375 0.637207031
vt 0.690917969 0.596191406
vt 0.674316406 0.553710938
vt 0.703613281 0.593261719
vt 0.715332031 0.590820312
vt 0.690917969 0.551757812
vt 0.668457031 0.517578125
vt 0.703613281 0.549804688
vt 0.71484375 0.548828125
vt 0.713867188 0.517089844
vt 0.690429688 0.514648438
vt 0.668457031 0.483398438
vt 0.703613281 0.515136719
vt 0.713867188 0.488525391
vt 0.703613281 0.485595703
vt 0.689941406 0.482421875
vt 0.703613281 0.463867188
vt 0.713867188 0.465087891
vt 0.7109375 0.420654297
vt 0.688964844 0.456298828
vt 0.666015625 0.447998047
vt 0.703613281 0.418945312
vt 0.711914062 0.371826172
vt 0.689941406 0.412597656
vt 0.669921875 0.401123047
vt 0.703613281 0.369873047
vt 0.712402344 0.322021484
vt 0.69140625 0.364746094
vt 0.672363281 0.354248047
vt 0.704101562 0.321289062
vt 0.711425781 0.277099609
vt 0.693359375 0.317382812
vt 0.678222656 0.315185547
vt 0.702148438 0.277587891
vt 0.7109375 0.246704102
vt 0.691894531 0.276123047
vt 0.701171875 0.248168945
vt 0.684082031 0.274414062
vt 0.671386719 0.274414062
vt 0.702148438 0.225219727
vt 0.7109375 0.223754883
vt 0.713867188 0.206176758
vt 0.69140625 0.246459961
vt 0.682128906 0.244628906
vt 0.672363281 0.244018555
vt 0.705078125 0.203369141
vt 0.71484375 0.190551758
vt 0.692382812 0.222045898
vt 0.681640625 0.218139648
vt 0.672851562 0.217285156
vt 0.707519531 0.183837891
vt 0.717285156 0.167602539
vt 0.693359375 0.197631836
vt 0.682128906 0.193115234
vt 0.674316406 0.193847656
vt 0.672363281 0.171020508
vt 0.694335938 0.174194336
vt 0.683105469 0.168823242
vt 0.670898438 0.149658203
vt 0.710449219 0.163085938
vt 0.722167969 0.143920898
vt 0.727539062 0.155761719
vt 0.734863281 0.14831543
vt 0.733886719 0.120788574
vt 0.684570312 0.146972656
vt 0.672363281 0.138549805
vt 0.696777344 0.152832031
vt 0.684570312 0.139038086
vt 0.675292969 0.118591309
vt 0.713378906 0.142822266
vt 0.698242188 0.141479492
vt 0.725585938 0.120727539
vt 0.729980469 0.0936279297
vt 0.686523438 0.12097168
vt 0.680664062 0.0982055664
vt 0.700683594 0.123291016
vt 0.715332031 0.122314453
vt 0.690429688 0.099609375
vt 0.686035156 0.0753173828
vt 0.704101562 0.100402832
vt 0.694824219 0.0755004883
vt 0.692871094 0.0501098633
vt 0.714355469 0.0977172852
vt 0.698730469 0.0504150391
vt 0.703613281 0.0196990967
vt 0.704101562 0.0748291016
vt 0.724121094 0.0952758789
vt 0.704101562 0.0484008789
vt 0.7109375 0.0714111328
vt 0.71875 0.0686035156
vt 0.724121094 0.0659790039
vt 0.708496094 0.0461120605
vt 0.712890625 0.0440979004
vt 0.716796875 0.0432128906
vt 0.0718994141 0.263183594
vt 0.0565185547 0.263427734
vt 0.062286377 0.240234375
vt 0.0718994141 0.236694336
vt 0.0621948242 0.19909668
vt 0.0966796875 0.241455078
vt 0.0718994141 0.198364258
vt 0.0631103516 0.161132812
vt 0.0946044922 0.195922852
vt 0.0718994141 0.161132812
vt 0.118103027 0.233520508
vt 0.117553711 0.254394531
vt 0.116027832 0.19140625
vt 0.0930786133 0.159423828
vt 0.110412598 0.15625
vt 0.0718994141 0.127685547
vt 0.0646972656 0.128051758
vt 0.0889892578 0.124572754
vt 0.104980469 0.119689941
vt 0.0718994141 0.098449707
vt 0.0645141602 0.0969848633
vt 0.0855712891 0.0991821289
vt 0.0995483398 0.0949707031
vt 0.0815429688 0.061706543
vt 0.086730957 0.0586853027
vt 0.0718994141 0.006980896
vt 0.0718994141 0.0623474121
vt 0.0680541992 0.0604248047
vt 0.143554688 0.979492188
vt 0.122497559 0.99609375
vt 0.138793945 0.968261719
vt 0.158203125 0.961425781
vt 0.172851562 0.967285156
vt 0.155151367 0.940429688
vt 0.173339844 0.95703125
vt 0.192138672 0.9609375
vt 0.171630859 0.940429688
vt 0.160888672 0.91796875
vt 0.201660156 0.953613281
vt 0.214233398 0.958496094
vt 0.177734375 0.919433594
vt 0.165771484 0.892578125
vt 0.223510742 0.953125
vt 0.228759766 0.9609375
vt 0.239013672 0.954589844
vt 0.210083008 0.942871094
vt 0.228515625 0.942382812
vt 0.24609375 0.952636719
vt 0.245849609 0.938964844
vt 0.229858398 0.9296875
vt 0.246704102 0.906738281
vt 0.211425781 0.925292969
vt 0.231445312 0.90234375
vt 0.244873047 0.876953125
vt 0.208862305 0.898925781
vt 0.231201172 0.873535156
vt 0.240234375 0.837890625
vt 0.180053711 0.894042969
vt 0.168579102 0.863769531
vt 0.207397461 0.870117188
vt 0.229614258 0.838867188
vt 0.235961914 0.812011719
vt 0.182373047 0.865722656
vt 0.177368164 0.829589844
vt 0.227539062 0.813476562
vt 0.230834961 0.784667969
vt 0.208374023 0.839355469
vt 0.187744141 0.833007812
vt 0.224487305 0.78515625
vt 0.224487305 0.753417969
vt 0.209960938 0.8125
vt 0.193603516 0.8046875
vt 0.184814453 0.80078125
vt 0.219970703 0.750488281
vt 0.21484375 0.703613281
vt 0.211425781 0.781738281
vt 0.198852539 0.778320312
vt 0.191894531 0.775390625
vt 0.212646484 0.752441406
vt 0.204467773 0.749023438
vt 0.199462891 0.747558594
vt 0.0643310547 0.824707031
vt 0.0631103516 0.824707031
vt 0.0594177246 0.807617188
vt 0.0643310547 0.805664062
vt 0.0655517578 0.823242188
vt 0.0569458008 0.782714844
vt 0.0693359375 0.8046875
vt 0.0704956055 0.821289062
vt 0.0711669922 0.8046875
vt 0.0643310547 0.781738281
vt 0.0550842285 0.760253906
vt 0.0758056641 0.780273438
vt 0.0799560547 0.780273438
vt 0.0643310547 0.758789062
vt 0.0534362793 0.727050781
vt 0.0803222656 0.759765625
vt 0.086730957 0.759765625
vt 0.0643310547 0.724609375
vt 0.0524902344 0.693847656
vt 0.0836181641 0.724609375
vt 0.0916137695 0.724121094
vt 0.0643310547 0.69140625
vt 0.0518493652 0.655761719
vt 0.0852050781 0.690429688
vt 0.092590332 0.69140625
vt 0.0916137695 0.655761719
vt 0.0643310547 0.655761719
vt 0.0855102539 0.655761719
vt 0.0881958008 0.622070312
vt 0.0828857422 0.622558594
vt 0.0856323242 0.59765625
vt 0.0643310547 0.620117188
vt 0.0526123047 0.619628906
vt 0.0798339844 0.594726562
vt 0.0806274414 0.567871094
vt 0.0643310547 0.587402344
vt 0.0551452637 0.585449219
vt 0.0758666992 0.567871094
vt 0.0643310547 0.517578125
vt 0.0643310547 0.561035156
vt 0.0570068359 0.558105469
vt 0.019317627 0.991699219
vt 0.00514984131 0.990234375
vt 0.00897216797 0.979492188
vt 0.019317627 0.98046875
vt 0.0483703613 0.992675781
vt 0.019317627 0.952148438
vt 0.00638961792 0.949707031
vt 0.0590820312 0.974609375
vt 0.0591430664 0.992675781
vt 0.0704956055 0.97265625
vt 0.0642089844 0.952636719
vt 0.0735473633 0.951171875
vt 0.0602111816 0.916015625
vt 0.0679931641 0.9140625
vt 0.019317627 0.919921875
vt 0.00632095337 0.920410156
vt 0.019317627 0.8828125
vt 0.00630950928 0.881347656
vt 0.0549621582 0.8828125
vt 0.0596313477 0.880371094
vt 0.0497131348 0.852050781
vt 0.019317627 0.854980469
vt 0.00772094727 0.854003906
vt 0.0409240723 0.826660156
vt 0.019317627 0.827148438
vt 0.00988769531 0.825683594
vt 0.0306243896 0.796875
vt 0.019317627 0.794433594
vt 0.0138626099 0.793945312
vt 0.019317627 0.749511719
vt 0.828125 0.985839844
vt 0.836425781 0.965820312
vt 0.837890625 0.986816406
vt 0.830078125 0.965820312
vt 0.833496094 0.94140625
vt 0.818847656 0.940429688
vt 0.831054688 0.911132812
vt 0.818847656 0.965332031
vt 0.818847656 0.991699219
vt 0.797851562 0.984375
vt 0.799804688 0.965332031
vt 0.796875 0.940429688
vt 0.798339844 0.911621094
vt 0.818847656 0.91015625
vt 0.829101562 0.882324219
vt 0.799804688 0.883300781
vt 0.818847656 0.881835938
vt 0.802734375 0.857910156
vt 0.827636719 0.85546875
vt 0.818847656 0.85546875
vt 0.806152344 0.830078125
vt 0.818847656 0.830566406
vt 0.826660156 0.829589844
vt 0.810546875 0.804199219
vt 0.818847656 0.8046875
vt 0.824707031 0.803222656
vt 0.818847656 0.759277344
vt 0.0718994141 0.263183594
vt 0.062286377 0.240234375
vt 0.0565185547 0.263427734
vt 0.0718994141 0.236694336
vt 0.0621948242 0.19909668
vt 0.0966796875 0.241455078
vt 0.0718994141 0.198364258
vt 0.0631103516 0.161132812
vt 0.0946044922 0.195922852
vt 0.0718994141 0.161132812
vt 0.118103027 0.233520508
vt 0.117553711 0.254394531
vt 0.116027832 0.19140625
vt 0.0930786133 0.159423828
vt 0.110412598 0.15625
vt 0.0718994141 0.127685547
vt 0.0646972656 0.128051758
vt 0.0889892578 0.124572754
vt 0.104980469 0.119689941
vt 0.0718994141 0.098449707
vt 0.0645141602 0.0969848633
vt 0.0855712891 0.0991821289
vt 0.0995483398 0.0949707031
vt 0.0815429688 0.061706543
vt 0.086730957 0.0586853027
vt 0.0718994141 0.006980896
vt 0.0718994141 0.0623474121
vt 0.0680541992 0.0604248047
vt 0.143554688 0.979492188
vt 0.138793945 0.968261719
vt 0.122497559 0.99609375
vt 0.158203125 0.961425781
vt 0.172851562 0.967285156
vt 0.155151367 0.940429688
vt 0.173339844 0.95703125
vt 0.192138672 0.9609375
vt 0.171630859 0.940429688
vt 0.160888672 0.91796875
vt 0.201660156 0.953613281
vt 0.214233398 0.958496094
vt 0.177734375 0.919433594
vt 0.165771484 0.892578125
vt 0.223510742 0.953125
vt 0.228759766 0.9609375
vt 0.239013672 0.954589844
vt 0.210083008 0.942871094
vt 0.228515625 0.942382812
vt 0.24609375 0.952636719
vt 0.245849609 0.938964844
vt 0.229858398 0.9296875
vt 0.246704102 0.906738281
vt 0.211425781 0.925292969
vt 0.231445312 0.90234375
vt 0.244873047 0.876953125
vt 0.208862305 0.898925781
vt 0.231201172 0.873535156
vt 0.240234375 0.837890625
vt 0.180053711 0.894042969
vt 0.168579102 0.863769531
vt 0.207397461 0.870117188
vt 0.229614258 0.838867188
vt 0.235961914 0.812011719
vt 0.182373047 0.865722656
vt 0.177368164 0.829589844
vt 0.227539062 0.813476562
vt 0.230834961 0.784667969
vt 0.208374023 0.839355469
vt 0.187744141 0.833007812
vt 0.224487305 0.78515625
vt 0.224487305 0.753417969
vt 0.209960938 0.8125
vt 0.193603516 0.8046875
vt 0.184814453 0.80078125
vt 0.219970703 0.750488281
vt 0.21484375 0.703613281
vt 0.211425781 0.781738281
vt 0.198852539 0.778320312
vt 0.191894531 0.775390625
vt 0.212646484 0.752441406
vt 0.204467773 0.749023438
vt 0.199462891 0.747558594
vt 0.0643310547 0.824707031
vt 0.0594177246 0.807617188
vt 0.0631103516 0.824707031
vt 0.0643310547 0.805664062
vt 0.0655517578 0.823242188
vt 0.0569458008 0.782714844
vt 0.0693359375 0.8046875
vt 0.0704956055 0.821289062
vt 0.0711669922 0.8046875
vt 0.0643310547 0.781738281
vt 0.0550842285 0.760253906
vt 0.0758056641 0.780273438
vt 0.0799560547 0.780273438
vt 0.0643310547 0.758789062
vt 0.0534362793 0.727050781
vt 0.0803222656 0.759765625
vt 0.086730957 0.759765625
vt 0.0643310547 0.724609375
vt 0.0524902344 0.693847656
vt 0.0836181641 0.724609375
vt 0.0916137695 0.724121094
vt 0.0643310547 0.69140625
vt 0.0518493652 0.655761719
vt 0.0852050781 0.690429688
vt 0.092590332 0.69140625
vt 0.0916137695 0.655761719
vt 0.0643310547 0.655761719
vt 0.0855102539 0.655761719
vt 0.0881958008 0.622070312
vt 0.0828857422 0.622558594
vt 0.0856323242 0.59765625
vt 0.0643310547 0.620117188
vt 0.0526123047 0.619628906
vt 0.0798339844 0.594726562
vt 0.0806274414 0.567871094
vt 0.0643310547 0.587402344
vt 0.0551147461 0.585449219
vt 0.0758666992 0.567871094
vt 0.0643310547 0.517578125
vt 0.0643310547 0.561035156
vt 0.0570068359 0.558105469
vt 0.019317627 0.991699219
vt 0.00897216797 0.979492188
vt 0.00514984131 0.990234375
vt 0.019317627 0.98046875
vt 0.0483703613 0.992675781
vt 0.019317627 0.952148438
vt 0.00638961792 0.949707031
vt 0.0590820312 0.974609375
vt 0.0591430664 0.992675781
vt 0.0704956055 0.97265625
vt 0.0642089844 0.952636719
vt 0.0735473633 0.951171875
vt 0.0602111816 0.916015625
vt 0.0679931641 0.9140625
vt 0.019317627 0.919921875
vt 0.00632095337 0.920410156
vt 0.019317627 0.8828125
vt 0.00630950928 0.881347656
vt 0.0549621582 0.8828125
vt 0.0596313477 0.880371094
vt 0.0497131348 0.852050781
vt 0.019317627 0.854980469
vt 0.00772094727 0.854003906
vt 0.0409240723 0.826660156
vt 0.019317627 0.827148438
vt 0.00988769531 0.825683594
vt 0.0306243896 0.796875
vt 0.019317627 0.794433594
vt 0.0138626099 0.793945312
vt 0.019317627 0.749511719
vt 0.828125 0.985839844
vt 0.837890625 0.986816406
vt 0.836425781 0.965820312
vt 0.830078125 0.965820312
vt 0.833496094 0.94140625
vt 0.818847656 0.940429688
vt 0.831054688 0.911132812
vt 0.818847656 0.965332031
vt 0.818847656 0.991699219
vt 0.797851562 0.984375
vt 0.799804688 0.965332031
vt 0.796875 0.940429688
vt 0.798339844 0.911621094
vt 0.818847656 0.91015625
vt 0.829101562 0.882324219
vt 0.799804688 0.883300781
vt 0.818847656 0.881835938
vt 0.802734375 0.857910156
vt 0.827636719 0.85546875
vt 0.818847656 0.85546875
vt 0.806152344 0.830078125
vt 0.818847656 0.830566406
vt 0.826660156 0.829589844
vt 0.810546875 0.804199219
vt 0.818847656 0.8046875
vt 0.824707031 0.803222656
vt 0.818847656 0.759277344
vt 0.515136719 0.943359375
vt 0.511230469 0.943847656
vt 0.516113281 0.933105469
vt 0.520019531 0.93359375
vt 0.537597656 0.929199219
vt 0.544433594 0.960449219
vt 0.525878906 0.91015625
vt 0.5234375 0.907714844
vt 0.529296875 0.89453125
vt 0.52734375 0.890625
vt 0.558105469 0.953613281
vt 0.575195312 0.978515625
vt 0.563964844 0.955078125
vt 0.581054688 0.98046875
vt 0.551269531 0.928222656
vt 0.547363281 0.929199219
vt 0.541992188 0.91015625
vt 0.544921875 0.908203125
vt 0.535644531 0.908203125
vt 0.5390625 0.894042969
vt 0.541015625 0.890136719
vt 0.535644531 0.877929688
vt 0.535644531 0.871582031
vt 0.535644531 0.892578125
vt 0.515136719 0.943359375
vt 0.516113281 0.933105469
vt 0.511230469 0.943847656
vt 0.520019531 0.93359375
vt 0.537597656 0.929199219
vt 0.544433594 0.960449219
vt 0.525878906 0.91015625
vt 0.5234375 0.907714844
vt 0.529296875 0.89453125
vt 0.52734375 0.890625
vt 0.558105469 0.953613281
vt 0.575195312 0.978515625
vt 0.563964844 0.955078125
vt 0.581054688 0.98046875
vt 0.551269531 0.928222656
vt 0.547363281 0.929199219
vt 0.541992188 0.91015625
vt 0.544921875 0.908203125
vt 0.535644531 0.908203125
vt 0.5390625 0.894042969
vt 0.541015625 0.890136719
vt 0.535644531 0.892578125
vt 0.535644531 0.877929688
vt 0.535644531 0.871582031
vt 0.669921875 0.9921875
vt 0.683105469 0.948242188
vt 0.675292969 0.935058594
vt 0.700195312 0.914550781
vt 0.6875 0.909667969
vt 0.671875 0.921875
vt 0.668945312 0.911621094
vt 0.704589844 0.884765625
vt 0.669433594 0.903808594
vt 0.691894531 0.883789062
vt 0.702636719 0.856445312
vt 0.668457031 0.879882812
vt 0.6484375 0.905761719
vt 0.637207031 0.877929688
vt 0.690429688 0.85546875
vt 0.694824219 0.829101562
vt 0.640625 0.858886719
vt 0.625 0.858398438
vt 0.629882812 0.8359375
vt 0.684082031 0.829101562
vt 0.687988281 0.806152344
vt 0.667480469 0.854492188
vt 0.643066406 0.8359375
vt 0.634277344 0.813476562
vt 0.666992188 0.83203125
vt 0.645507812 0.815429688
vt 0.638671875 0.794921875
vt 0.678710938 0.80859375
vt 0.648925781 0.795410156
vt 0.644042969 0.779296875
vt 0.666015625 0.812011719
vt 0.674804688 0.791503906
vt 0.682128906 0.789550781
vt 0.677246094 0.775878906
vt 0.665039062 0.793945312
vt 0.652832031 0.779296875
vt 0.649414062 0.764648438
vt 0.664550781 0.778808594
vt 0.671875 0.776855469
vt 0.655761719 0.765625
vt 0.670410156 0.764648438
vt 0.675292969 0.763671875
vt 0.6640625 0.766601562
vt 0.658691406 0.75390625
vt 0.654296875 0.751953125
vt 0.6640625 0.755371094
vt 0.668945312 0.75390625
vt 0.672851562 0.752441406
vt 0.661132812 0.743164062
vt 0.659179688 0.7421875
vt 0.663085938 0.733886719
vt 0.663574219 0.744140625
vt 0.666503906 0.743652344
vt 0.668945312 0.741699219
vt 0.440185547 0.114196777
vt 0.454589844 0.11517334
vt 0.44921875 0.0875244141
vt 0.437988281 0.0854492188
vt 0.447265625 0.0621643066
vt 0.42578125 0.0904541016
vt 0.42578125 0.116027832
vt 0.438964844 0.0625610352
vt 0.442382812 0.0442199707
vt 0.42578125 0.0661010742
vt 0.435546875 0.0452880859
vt 0.435058594 0.0315551758
vt 0.42578125 0.0457458496
vt 0.430664062 0.0321655273
vt 0.430419922 0.02003479
vt 0.427978516 0.0197143555
vt 0.42578125 0.00719833374
vt 0.42578125 0.0317993164
vt 0.42578125 0.0194396973
vt 0.423339844 0.0182342529
vt 0.419433594 0.0308227539
vt 0.416259766 0.0482177734
vt 0.416503906 0.0717773438
vt 0.418212891 0.0953979492
vt 0.416992188 0.118835449
vt 0.415283203 0.139282227
vt 0.422851562 0.144165039
vt 0.415527344 0.15637207
vt 0.416015625 0.177001953
vt 0.157104492 0.445068359
vt 0.161865234 0.445556641
vt 0.174560547 0.414794922
vt 0.168457031 0.408691406
vt 0.177001953 0.404541016
vt 0.157104492 0.41015625
vt 0.152709961 0.441162109
vt 0.143310547 0.407714844
vt 0.138793945 0.392089844
vt 0.157104492 0.394287109
vt 0.137573242 0.374755859
vt 0.173095703 0.394287109
vt 0.181884766 0.393066406
vt 0.173828125 0.384521484
vt 0.182617188 0.385498047
vt 0.179199219 0.376464844
vt 0.157104492 0.380615234
vt 0.137573242 0.357177734
vt 0.173583984 0.375732422
vt 0.173828125 0.365966797
vt 0.157104492 0.364990234
vt 0.172363281 0.353271484
vt 0.157104492 0.343261719
vt 0.140991211 0.337890625
vt 0.157104492 0.315917969
vt 0.16796875 0.334472656
vt 0.164306641 0.319091797
vt 0.139770508 0.317382812
vt 0.164672852 0.299560547
vt 0.144287109 0.299072266
vt 0.139770508 0.298339844
vt 0.157104492 0.300048828
vt 0.157104492 0.275878906
vt 0.163574219 0.275146484
vt 0.146606445 0.272949219
vt 0.140136719 0.270996094
vt 0.157104492 0.253173828
vt 0.163452148 0.252441406
vt 0.147583008 0.251220703
vt 0.133666992 0.252929688
vt 0.157104492 0.231811523
vt 0.162597656 0.230224609
vt 0.157104492 0.215942383
vt 0.161254883 0.214355469
vt 0.157104492 0.203125
vt 0.159545898 0.202148438
vt 0.157104492 0.192016602
vt 0.153930664 0.204589844
vt 0.150390625 0.216186523
vt 0.151245117 0.203979492
vt 0.149902344 0.202026367
vt 0.142578125 0.212280273
vt 0.145507812 0.21484375
vt 0.133666992 0.225097656
vt 0.14855957 0.230834961
vt 0.139892578 0.228515625
vt 0.125366211 0.242797852
vt 0.122924805 0.267578125
vt 0.343994141 0.509765625
vt 0.344238281 0.519042969
vt 0.345703125 0.520507812
vt 0.344726562 0.530273438
vt 0.347412109 0.534179688
vt 0.345458984 0.539550781
vt 0.348876953 0.54296875
vt 0.346923828 0.547363281
vt 0.350341797 0.549804688
vt 0.348144531 0.553710938
vt 0.350585938 0.553710938
vt 0.349609375 0.559082031
vt 0.351806641 0.559082031
vt 0.351318359 0.56640625
vt 0.346923828 0.565917969
vt 0.341064453 0.577636719
vt 0.351074219 0.600097656
vt 0.338867188 0.594238281
vt 0.342285156 0.610351562
vt 0.355957031 0.621582031
vt 0.346923828 0.624511719
vt 0.3515625 0.631835938
vt 0.359619141 0.631347656
vt 0.355712891 0.63671875
vt 0.362548828 0.642089844
vt 0.377441406 0.612304688
vt 0.379882812 0.600097656
vt 0.375732422 0.622070312
vt 0.356445312 0.577148438
vt 0.375244141 0.62890625
vt 0.383789062 0.584472656
vt 0.364746094 0.639160156
vt 0.375 0.635253906
vt 0.384521484 0.564941406
vt 0.389404297 0.567871094
vt 0.354736328 0.557617188
vt 0.387695312 0.547363281
vt 0.3671875 0.646484375
vt 0.366455078 0.647949219
vt 0.372070312 0.655273438
vt 0.381347656 0.544433594
vt 0.354736328 0.541015625
vt 0.387207031 0.530761719
vt 0.357421875 0.525390625
vt 0.37890625 0.523925781
vt 0.385009766 0.514648438
vt 0.361328125 0.510253906
vt 0.378173828 0.509277344
vt 0.3828125 0.499511719
vt 0.363769531 0.497070312
vt 0.377685547 0.497314453
vt 0.380859375 0.486816406
vt 0.364990234 0.486572266
vt 0.376953125 0.487304688
vt 0.379394531 0.476806641
vt 0.365478516 0.476806641
vt 0.375976562 0.478271484
vt 0.374755859 0.46875
vt 0.377685547 0.467773438
vt 0.365478516 0.467285156
vt 0.376464844 0.459228516
vt 0.366699219 0.458251953
vt 0.374267578 0.459472656
vt 0.375244141 0.449951172
vt 0.369628906 0.448974609
vt 0.373535156 0.449951172
vt 0.371826172 0.439941406
vt 0.978027344 0.750976562
vt 0.983886719 0.75
vt 0.984375 0.731445312
vt 0.978027344 0.729492188
vt 0.985351562 0.7109375
vt 0.970703125 0.734375
vt 0.974121094 0.753417969
vt 0.966308594 0.720214844
vt 0.978027344 0.708007812
vt 0.989746094 0.694824219
vt 0.963378906 0.703125
vt 0.978027344 0.69140625
vt 0.962402344 0.690917969
vt 0.9921875 0.674316406
vt 0.9609375 0.672851562
vt 0.978027344 0.671386719
vt 0.9921875 0.645996094
vt 0.961914062 0.648925781
vt 0.957519531 0.648925781
vt 0.978027344 0.645996094
vt 0.960449219 0.622070312
vt 0.954101562 0.618652344
vt 0.978027344 0.617675781
vt 0.991699219 0.616699219
vt 0.958984375 0.58984375
vt 0.953125 0.588867188
vt 0.978027344 0.590332031
vt 0.995117188 0.592285156
vt 0.99609375 0.569824219
vt 0.978027344 0.565917969
vt 0.994628906 0.546386719
vt 0.9609375 0.563964844
vt 0.954101562 0.563476562
vt 0.978027344 0.546386719
vt 0.9921875 0.528808594
vt 0.960449219 0.545898438
vt 0.953613281 0.543457031
vt 0.955078125 0.530273438
vt 0.962402344 0.530273438
vt 0.958496094 0.520996094
vt 0.978027344 0.529785156
vt 0.966796875 0.51953125
vt 0.958984375 0.509277344
vt 0.978027344 0.513183594
vt 0.989257812 0.510742188
vt 0.96875 0.504882812
vt 0.960449219 0.492919922
vt 0.978027344 0.494873047
vt 0.986816406 0.493896484
vt 0.983886719 0.479492188
vt 0.970214844 0.485595703
vt 0.971679688 0.467529297
vt 0.978027344 0.479003906
vt 0.98046875 0.464355469
vt 0.974609375 0.465332031
vt 0.978027344 0.452880859
vt 0.978027344 0.464355469
vt 0.385986328 0.32421875
vt 0.396972656 0.338623047
vt 0.392333984 0.319091797
vt 0.380615234 0.294921875
vt 0.3828125 0.292236328
vt 0.376220703 0.276611328
vt 0.374023438 0.292236328
vt 0.370361328 0.314941406
vt 0.363525391 0.330566406
vt 0.380859375 0.348144531
vt 0.355712891 0.345458984
vt 0.372314453 0.366210938
vt 0.359619141 0.364746094
vt 0.362304688 0.380371094
vt 0.0746459961 0.271484375
vt 0.0706176758 0.284179688
vt 0.0783081055 0.294433594
vt 0.0634765625 0.30078125
vt 0.0793457031 0.322265625
vt 0.0576171875 0.325683594
vt 0.0776367188 0.344482422
vt 0.0800170898 0.35546875
vt 0.0540161133 0.347412109
vt 0.0812988281 0.367919922
vt 0.0528564453 0.363769531
vt 0.0611572266 0.376708984
vt 0.0858764648 0.376708984
vt 0.0869140625 0.387207031
vt 0.0850830078 0.3984375
vt 0.055267334 0.399169922
vt 0.0831298828 0.409667969
vt 0.0535583496 0.421386719
vt 0.0718994141 0.425537109
vt 0.0618286133 0.436767578
vt 0.0532226562 0.434570312
vt 0.0598449707 0.4453125
vt 0.0526123047 0.448730469
vt 0.0585632324 0.451171875
vt 0.0586242676 0.456787109
vt 0.0551452637 0.461914062
vt 0.0586853027 0.461425781
vt 0.0563964844 0.471679688
vt 0.0586242676 0.472167969
vt 0.0593566895 0.486328125
vt 0.976074219 0.985351562
vt 0.994628906 0.990234375
vt 0.990234375 0.958007812
vt 0.978515625 0.94921875
vt 0.988769531 0.919921875
vt 0.980957031 0.9140625
vt 0.986328125 0.887207031
vt 0.983398438 0.885253906
vt 0.983886719 0.864257812
vt 0.855957031 0.920898438
vt 0.866210938 0.922851562
vt 0.859375 0.877441406
vt 0.854492188 0.954589844
vt 0.871582031 0.955566406
vt 0.873535156 0.979492188
vt 0.8515625 0.988769531
vt 0.125610352 0.569824219
vt 0.120056152 0.578613281
vt 0.122192383 0.578613281
vt 0.121520996 0.5859375
vt 0.113037109 0.587890625
vt 0.120910645 0.592773438
vt 0.10748291 0.595703125
vt 0.118347168 0.602050781
vt 0.103210449 0.602539062
vt 0.116394043 0.611328125
vt 0.10144043 0.61328125
vt 0.114868164 0.620117188
vt 0.0989379883 0.629882812
vt 0.11517334 0.630859375
vt 0.101989746 0.648925781
vt 0.117980957 0.638671875
vt 0.125 0.646972656
vt 0.106567383 0.662597656
vt 0.133789062 0.653808594
vt 0.111694336 0.673339844
vt 0.139770508 0.66796875
vt 0.113769531 0.682617188
vt 0.138305664 0.6796875
vt 0.133422852 0.687988281
vt 0.114074707 0.690917969
vt 0.126342773 0.695800781
vt 0.11340332 0.698242188
vt 0.120361328 0.703125
vt 0.111816406 0.704101562
vt 0.114379883 0.710449219
vt 0.110717773 0.709472656
vt 0.653320312 0.273681641
vt 0.658203125 0.273193359
vt 0.653320312 0.256103516
vt 0.647949219 0.256347656
vt 0.647949219 0.269042969
vt 0.642089844 0.254638672
vt 0.653320312 0.237060547
vt 0.65625 0.238647461
vt 0.657714844 0.224609375
vt 0.641113281 0.239868164
vt 0.63671875 0.241943359
vt 0.653808594 0.222167969
vt 0.659179688 0.210571289
vt 0.648925781 0.236450195
vt 0.635253906 0.227905273
vt 0.628417969 0.23059082
vt 0.653808594 0.209106445
vt 0.659667969 0.197143555
vt 0.647949219 0.221801758
vt 0.626953125 0.214477539
vt 0.618652344 0.219848633
vt 0.609863281 0.206176758
vt 0.643554688 0.209350586
vt 0.618652344 0.200317383
vt 0.597167969 0.183837891
vt 0.654296875 0.197509766
vt 0.654296875 0.18359375
vt 0.661621094 0.181152344
vt 0.640136719 0.195922852
vt 0.609863281 0.17956543
vt 0.594238281 0.158813477
vt 0.635742188 0.17956543
vt 0.654785156 0.164550781
vt 0.662109375 0.161987305
vt 0.606933594 0.15637207
vt 0.595703125 0.135375977
vt 0.632324219 0.159912109
vt 0.655273438 0.14465332
vt 0.661621094 0.140625
vt 0.631347656 0.14050293
vt 0.606933594 0.134521484
vt 0.599121094 0.114624023
vt 0.655273438 0.125610352
vt 0.661621094 0.119995117
vt 0.631835938 0.122375488
vt 0.609375 0.116638184
vt 0.655761719 0.106994629
vt 0.661621094 0.100219727
vt 0.6328125 0.104919434
vt 0.612304688 0.099609375
vt 0.604003906 0.0949707031
vt 0.65625 0.0885620117
vt 0.662109375 0.0852050781
vt 0.633789062 0.0859985352
vt 0.617675781 0.080078125
vt 0.610351562 0.0744628906
vt 0.65625 0.0704345703
vt 0.662109375 0.0698852539
vt 0.626464844 0.0582580566
vt 0.618164062 0.0557861328
vt 0.628417969 0.0381774902
vt 0.637695312 0.0659179688
vt 0.656738281 0.0509033203
vt 0.661621094 0.050994873
vt 0.637207031 0.0395812988
vt 0.63671875 0.0314941406
vt 0.645507812 0.0459289551
vt 0.657226562 0.0333862305
vt 0.66015625 0.0327148438
vt 0.657226562 0.0173797607
vt 0.652832031 0.0295715332
vt 0.649902344 0.0260772705
vt 0.646972656 0.0212249756
vt 0.383544922 0.266601562
vt 0.385742188 0.272216797
vt 0.391601562 0.253417969
vt 0.383544922 0.24597168
vt 0.378662109 0.265380859
vt 0.396240234 0.234130859
vt 0.375976562 0.245727539
vt 0.383544922 0.225952148
vt 0.374267578 0.225463867
vt 0.398193359 0.217041016
vt 0.383544922 0.209716797
vt 0.371826172 0.208007812
vt 0.397216797 0.200439453
vt 0.399414062 0.201171875
vt 0.383544922 0.196777344
vt 0.371582031 0.194458008
vt 0.398925781 0.183837891
vt 0.402099609 0.183349609
vt 0.383544922 0.180664062
vt 0.372070312 0.176879883
vt 0.400878906 0.162109375
vt 0.404296875 0.162597656
vt 0.406982422 0.142700195
vt 0.383544922 0.159057617
vt 0.370605469 0.15612793
vt 0.402099609 0.141479492
vt 0.409667969 0.126953125
vt 0.383544922 0.139770508
vt 0.369873047 0.138305664
vt 0.403320312 0.125
vt 0.409912109 0.112915039
vt 0.383544922 0.124328613
vt 0.370849609 0.125366211
vt 0.370361328 0.109069824
vt 0.403320312 0.111450195
vt 0.409423828 0.099609375
vt 0.383544922 0.109313965
vt 0.40234375 0.098815918
vt 0.407226562 0.0864257812
vt 0.383544922 0.094543457
vt 0.370849609 0.0933837891
vt 0.371582031 0.0832519531
vt 0.401123047 0.0852661133
vt 0.404052734 0.0748291016
vt 0.383544922 0.0825195312
vt 0.373046875 0.0681152344
vt 0.395751953 0.0696411133
vt 0.399658203 0.0631103516
vt 0.383544922 0.0670166016
vt 0.375 0.0568237305
vt 0.392578125 0.058380127
vt 0.395507812 0.0503234863
vt 0.383544922 0.0550537109
vt 0.377197266 0.0457763672
vt 0.390136719 0.0462341309
vt 0.391113281 0.0361938477
vt 0.383544922 0.0432434082
vt 0.379394531 0.0340576172
vt 0.387451172 0.0338439941
vt 0.386962891 0.0250549316
vt 0.383544922 0.0325317383
vt 0.381591797 0.0242919922
vt 0.385253906 0.024597168
vt 0.383544922 0.0173492432
vt 0.383544922 0.0241699219
vt 0.147949219 0.927246094
vt 0.137695312 0.917480469
vt 0.14074707 0.932128906
vt 0.147949219 0.909667969
vt 0.151123047 0.927246094
vt 0.133300781 0.902832031
vt 0.151977539 0.908691406
vt 0.147949219 0.891113281
vt 0.132080078 0.886230469
vt 0.152954102 0.889648438
vt 0.147949219 0.874511719
vt 0.130737305 0.871582031
vt 0.154907227 0.872558594
vt 0.147949219 0.860839844
vt 0.128295898 0.853515625
vt 0.15637207 0.860351562
vt 0.147949219 0.842285156
vt 0.157836914 0.84375
vt 0.126708984 0.831542969
vt 0.157348633 0.823242188
vt 0.147949219 0.821289062
vt 0.125488281 0.811523438
vt 0.155883789 0.806152344
vt 0.147949219 0.806152344
vt 0.154663086 0.793945312
vt 0.125488281 0.791015625
vt 0.147949219 0.79296875
vt 0.154785156 0.779296875
vt 0.147949219 0.780273438
vt 0.126586914 0.776367188
vt 0.147949219 0.766601562
vt 0.154418945 0.765136719
vt 0.128540039 0.759765625
vt 0.147949219 0.7578125
vt 0.154541016 0.755859375
vt 0.131225586 0.748535156
vt 0.147949219 0.744628906
vt 0.154785156 0.741699219
vt 0.134155273 0.73828125
vt 0.147949219 0.734375
vt 0.135620117 0.730957031
vt 0.153930664 0.729980469
vt 0.139648438 0.723632812
vt 0.147949219 0.723632812
vt 0.15234375 0.719238281
vt 0.142456055 0.711914062
vt 0.147949219 0.7109375
vt 0.150512695 0.708496094
vt 0.145385742 0.700683594
vt 0.147949219 0.700195312
vt 0.149291992 0.69921875
vt 0.147949219 0.692382812
vt 0.110717773 0.271484375
vt 0.108093262 0.301757812
vt 0.114379883 0.297607422
vt 0.114318848 0.319091797
vt 0.10559082 0.328369141
vt 0.114196777 0.348388672
vt 0.106018066 0.356689453
vt 0.117370605 0.37109375
vt 0.0989990234 0.372314453
vt 0.0990600586 0.392578125
vt 0.0946044922 0.391845703
vt 0.0869750977 0.417480469
vt 0.102600098 0.420410156
vt 0.1171875 0.394775391
vt 0.0844116211 0.442138672
vt 0.116882324 0.421875
vt 0.121826172 0.422607422
vt 0.12109375 0.44921875
vt 0.138061523 0.447753906
vt 0.100341797 0.447021484
vt 0.0805053711 0.467285156
vt 0.123535156 0.474365234
vt 0.145263672 0.470703125
vt 0.14465332 0.494873047
vt 0.107299805 0.449707031
vt 0.122192383 0.497314453
vt 0.140014648 0.515136719
vt 0.108642578 0.474365234
vt 0.119628906 0.513671875
vt 0.130615234 0.534179688
vt 0.10760498 0.496826172
vt 0.100158691 0.473632812
vt 0.0953369141 0.473388672
vt 0.0972290039 0.495849609
vt 0.091796875 0.493652344
vt 0.0764770508 0.4921875
vt 0.104492188 0.509765625
vt 0.0860595703 0.506835938
vt 0.0689086914 0.506835938
vt 0.0703735352 0.518066406
vt 0.0943603516 0.508300781
vt 0.0867919922 0.520996094
vt 0.0755004883 0.527832031
vt 0.0830078125 0.537109375
vt 0.094543457 0.520019531
vt 0.0933227539 0.536621094
vt 0.0889282227 0.556640625
vt 0.104003906 0.523925781
vt 0.100097656 0.536621094
vt 0.0963134766 0.557617188
vt 0.0930786133 0.586914062
vt 0.0963134766 0.587402344
vt 0.0991210938 0.578125
vt 0.116943359 0.529785156
vt 0.101867676 0.560058594
vt 0.106384277 0.541992188
vt 0.114501953 0.547851562
vt 0.120544434 0.553222656
vt 0.105895996 0.563964844
vt 0.107971191 0.565917969
vt 0.194091797 0.729003906
vt 0.19543457 0.710449219
vt 0.19128418 0.708496094
vt 0.190063477 0.732421875
vt 0.196411133 0.694335938
vt 0.182739258 0.70703125
vt 0.182739258 0.739746094
vt 0.191650391 0.688476562
vt 0.200805664 0.67578125
vt 0.175170898 0.709960938
vt 0.177856445 0.743164062
vt 0.173706055 0.738769531
vt 0.182739258 0.693359375
vt 0.193115234 0.673828125
vt 0.203369141 0.663574219
vt 0.168579102 0.713378906
vt 0.166015625 0.71484375
vt 0.160400391 0.703125
vt 0.16394043 0.698242188
vt 0.152587891 0.681152344
vt 0.172607422 0.695800781
vt 0.160522461 0.678222656
vt 0.1484375 0.659179688
vt 0.182739258 0.67578125
vt 0.171020508 0.677246094
vt 0.160644531 0.659179688
vt 0.146118164 0.649414062
vt 0.171386719 0.66015625
vt 0.17199707 0.645996094
vt 0.160888672 0.64453125
vt 0.142822266 0.637695312
vt 0.182739258 0.660644531
vt 0.158081055 0.633789062
vt 0.194946289 0.661132812
vt 0.182739258 0.647460938
vt 0.197875977 0.648925781
vt 0.206054688 0.649414062
vt 0.182739258 0.632324219
vt 0.200927734 0.634277344
vt 0.207275391 0.634277344
vt 0.207275391 0.619140625
vt 0.172241211 0.631835938
vt 0.154541016 0.6171875
vt 0.140380859 0.626464844
vt 0.136962891 0.608886719
vt 0.201904297 0.618164062
vt 0.208740234 0.604003906
vt 0.182739258 0.617675781
vt 0.172119141 0.6171875
vt 0.202514648 0.603027344
vt 0.209716797 0.585449219
vt 0.149169922 0.604003906
vt 0.135253906 0.586914062
vt 0.182739258 0.603027344
vt 0.201538086 0.583984375
vt 0.209594727 0.560058594
vt 0.168945312 0.604980469
vt 0.145874023 0.586914062
vt 0.136962891 0.567871094
vt 0.182739258 0.584472656
vt 0.166503906 0.586425781
vt 0.19934082 0.561035156
vt 0.14440918 0.56640625
vt 0.138183594 0.556152344
vt 0.182739258 0.564453125
vt 0.161865234 0.565917969
vt 0.145751953 0.557128906
vt 0.141113281 0.543457031
vt 0.198120117 0.535644531
vt 0.209838867 0.533691406
vt 0.182739258 0.542480469
vt 0.163208008 0.548339844
vt 0.148925781 0.546875
vt 0.151367188 0.5390625
vt 0.145507812 0.533203125
vt 0.199584961 0.512695312
vt 0.207519531 0.504882812
vt 0.182739258 0.5234375
vt 0.168823242 0.53125
vt 0.154418945 0.530273438
vt 0.150024414 0.523925781
vt 0.157958984 0.520019531
vt 0.153076172 0.514160156
vt 0.193481445 0.487792969
vt 0.200439453 0.481933594
vt 0.182739258 0.5
vt 0.172485352 0.5078125
vt 0.161010742 0.508300781
vt 0.15637207 0.502929688
vt 0.166259766 0.486816406
vt 0.162353516 0.483398438
vt 0.189941406 0.470214844
vt 0.200317383 0.464111328
vt 0.182739258 0.478271484
vt 0.174560547 0.486328125
vt 0.173217773 0.463378906
vt 0.171020508 0.461181641
vt 0.182739258 0.437988281
vt 0.177856445 0.463378906
vt 0.182739258 0.457519531
vt 0.185913086 0.454589844
vt 0.191040039 0.450439453
vt 0.673828125 0.71875
vt 0.676757812 0.698730469
vt 0.663085938 0.702636719
vt 0.661132812 0.727539062
vt 0.651855469 0.728515625
vt 0.664550781 0.676757812
vt 0.674316406 0.674804688
vt 0.641113281 0.708984375
vt 0.641113281 0.7421875
vt 0.626953125 0.75
vt 0.62890625 0.715820312
vt 0.62890625 0.69140625
vt 0.641113281 0.685058594
vt 0.630371094 0.655273438
vt 0.641113281 0.650390625
vt 0.631835938 0.623535156
vt 0.666015625 0.645996094
vt 0.674316406 0.646484375
vt 0.641113281 0.625
vt 0.6640625 0.619628906
vt 0.671875 0.617675781
vt 0.66796875 0.590820312
vt 0.641113281 0.594238281
vt 0.631835938 0.593261719
vt 0.660644531 0.58984375
vt 0.641113281 0.571289062
vt 0.633300781 0.570800781
vt 0.65625 0.564941406
vt 0.660644531 0.560546875
vt 0.641113281 0.538085938
vt 0.635253906 0.536132812
vt 0.641113281 0.486083984
vt 0.649902344 0.535644531
vt 0.65234375 0.533203125
vt 0.355224609 0.721191406
vt 0.355224609 0.675292969
vt 0.350830078 0.721679688
vt 0.371826172 0.725585938
vt 0.347900391 0.750976562
vt 0.355224609 0.752929688
vt 0.377197266 0.754394531
vt 0.346191406 0.77734375
vt 0.355224609 0.780273438
vt 0.3828125 0.783203125
vt 0.344970703 0.813964844
vt 0.355224609 0.813964844
vt 0.388671875 0.815917969
vt 0.355224609 0.849609375
vt 0.344726562 0.850585938
vt 0.391113281 0.851074219
vt 0.355224609 0.883300781
vt 0.392333984 0.882324219
vt 0.344482422 0.884765625
vt 0.389404297 0.909179688
vt 0.355224609 0.918945312
vt 0.346679688 0.921386719
vt 0.385742188 0.933105469
vt 0.355224609 0.942382812
vt 0.349609375 0.945800781
vt 0.372558594 0.96484375
vt 0.355224609 0.97265625
vt 0.352294922 0.974121094
vt 0.355224609 0.993652344
vt 0.107116699 0.949707031
vt 0.107116699 0.995117188
vt 0.116455078 0.980957031
vt 0.0928344727 0.96875
vt 0.0809936523 0.946777344
vt 0.117797852 0.946777344
vt 0.0802612305 0.926269531
vt 0.107116699 0.921875
vt 0.116760254 0.921386719
vt 0.0798339844 0.887207031
vt 0.107116699 0.889160156
vt 0.11907959 0.885253906
vt 0.0795898438 0.854980469
vt 0.107116699 0.850585938
vt 0.117248535 0.851074219
vt 0.0823974609 0.821289062
vt 0.107116699 0.822753906
vt 0.114746094 0.8203125
vt 0.107116699 0.80078125
vt 0.0859375 0.798828125
vt 0.114257812 0.797851562
vt 0.0923461914 0.764648438
vt 0.107116699 0.764160156
vt 0.112304688 0.764160156
vt 0.107116699 0.711914062
vt 0.673828125 0.71875
vt 0.661132812 0.727539062
vt 0.663085938 0.702636719
vt 0.676757812 0.698730469
vt 0.651855469 0.728515625
vt 0.664550781 0.676757812
vt 0.674316406 0.674804688
vt 0.641113281 0.708984375
vt 0.641113281 0.7421875
vt 0.626953125 0.75
vt 0.62890625 0.715820312
vt 0.62890625 0.69140625
vt 0.641113281 0.685058594
vt 0.630371094 0.655273438
vt 0.641113281 0.650390625
vt 0.631835938 0.623535156
vt 0.666015625 0.645996094
vt 0.674316406 0.646484375
vt 0.641113281 0.625
vt 0.6640625 0.619628906
vt 0.671875 0.617675781
vt 0.66796875 0.590820312
vt 0.641113281 0.594238281
vt 0.631835938 0.593261719
vt 0.660644531 0.58984375
vt 0.641113281 0.571289062
vt 0.633300781 0.570800781
vt 0.65625 0.564941406
vt 0.660644531 0.560546875
vt 0.641113281 0.538085938
vt 0.635253906 0.536132812
vt 0.641113281 0.486083984
vt 0.649902344 0.535644531
vt 0.65234375 0.533203125
vt 0.355224609 0.721191406
vt 0.350830078 0.721679688
vt 0.355224609 0.675292969
vt 0.371826172 0.725585938
vt 0.347900391 0.750976562
vt 0.355224609 0.752929688
vt 0.377197266 0.754394531
vt 0.346191406 0.77734375
vt 0.355224609 0.780273438
vt 0.3828125 0.783203125
vt 0.344970703 0.813964844
vt 0.355224609 0.813964844
vt 0.388671875 0.815917969
vt 0.355224609 0.849609375
vt 0.344726562 0.850585938
vt 0.391113281 0.851074219
vt 0.355224609 0.883300781
vt 0.392333984 0.882324219
vt 0.344482422 0.884765625
vt 0.389404297 0.909179688
vt 0.355224609 0.918945312
vt 0.346679688 0.921386719
vt 0.385742188 0.933105469
vt 0.355224609 0.942382812
vt 0.349609375 0.945800781
vt 0.372558594 0.96484375
vt 0.355224609 0.97265625
vt 0.352294922 0.974121094
vt 0.355224609 0.993652344
vt 0.107116699 0.949707031
vt 0.117797852 0.946777344
vt 0.116455078 0.980957031
vt 0.107116699 0.995117188
vt 0.0928344727 0.96875
vt 0.0809936523 0.946777344
vt 0.0802612305 0.926269531
vt 0.107116699 0.921875
vt 0.116760254 0.921386719
vt 0.0798339844 0.887207031
vt 0.107116699 0.889160156
vt 0.11907959 0.885253906
vt 0.0795898438 0.854980469
vt 0.107116699 0.850585938
vt 0.117248535 0.851074219
vt 0.0823974609 0.821289062
vt 0.107116699 0.822753906
vt 0.114746094 0.8203125
vt 0.107116699 0.80078125
vt 0.0859375 0.798828125
vt 0.114257812 0.797851562
vt 0.0923461914 0.764648438
vt 0.107116699 0.764160156
vt 0.112304688 0.764160156
vt 0.107116699 0.711914062
vn 0.0663398281 0.983332157 0.169283345
vn 0.835155547 0.362776488 0.413410723
vn 0.888726175 0.321842521 0.326470941
vn 0.277403891 0.934105873 0.224707082
vn -0.556029081 0.830474019 -0.0338327102
vn -0.668162107 0.665135205 -0.333398551
vn -0.658677101 0.712006927 -0.243291289
vn -0.665173411 0.507408559 -0.547796369
vn -0.652426481 0.431626797 -0.62292707
vn -0.613949537 0.300811231 -0.729779899
vn -0.608926058 0.28820309 -0.739018381
vn -0.501388073 0.210501045 -0.839225352
vn -0.44982931 0.187910438 -0.873122633
vn -0.236155465 0.0722818747 -0.969023168
vn -0.24165152 0.0757040232 -0.967405498
vn -0.0532859229 -0.0398703776 -0.997783005
vn -0.0175856054 -0.0614035949 -0.997958064
vn 0.102786407 -0.174662367 -0.979248643
vn 0.103987738 -0.176352769 -0.978818893
vn 0.160689682 -0.255980372 -0.953232825
vn -0.912871182 -0.190975428 -0.360824764
vn -0.770733535 0.502715051 -0.391468436
vn -0.728852808 0.376731366 -0.571705341
vn -0.821685612 0.0870206952 -0.563258529
vn -0.814781785 -0.391242921 -0.427854687
vn -0.547628224 0.286640465 -0.786091924
vn -0.674131274 0.0799998567 -0.7342664
vn -0.744685292 -0.460780084 -0.482830793
vn -0.583566308 -0.0916098878 -0.806881666
vn -0.486243159 0.0390304215 -0.872951388
vn -0.486921698 -0.0876997709 -0.869031668
vn -0.690025747 -0.443071157 -0.572321892
vn -0.694010913 -0.601881981 -0.395078182
vn -0.511703789 -0.173725083 -0.84141475
vn -0.523991704 -0.245833024 -0.815474629
vn -0.669641316 -0.54336977 -0.506290197
vn -0.695990026 -0.637570977 -0.330304503
vn -0.52166307 -0.23467353 -0.820241392
vn -0.567812324 -0.41255033 -0.712314188
vn -0.713533938 -0.583294332 -0.388119966
vn -0.752997637 -0.582170904 -0.306711018
vn -0.54434967 -0.382108688 -0.746777356
vn -0.548108876 -0.569785058 -0.612308443
vn -0.750212252 -0.603742719 -0.26958546
vn -0.781068146 -0.508621573 -0.362265944
vn -0.546939135 -0.580283582 -0.603430688
vn -0.51192379 -0.761324763 -0.397892773
vn -0.79703176 -0.582384825 -0.15990077
vn -0.82974577 -0.502790034 -0.242330521
vn -0.570090055 -0.719768226 -0.396145165
vn -0.882248104 -0.454534978 -0.122622557
vn -0.869783342 -0.46691829 -0.159575269
vn -0.914178908 -0.392182142 -0.102323331
vn -0.94341433 -0.30015403 -0.140985623
vn -0.950904846 -0.286197424 -0.117775671
vn -0.61347425 -0.777480066 -0.138470367
vn -0.482906938 -0.870917916 -0.0911205411
vn -0.97326231 -0.164305523 -0.160512328
vn -0.977881312 -0.183317035 -0.100712068
vn -0.595122337 -0.801451325 0.059205249
vn -0.432234108 -0.894815326 0.111710325
vn -0.98451829 -0.0465207696 -0.168995395
vn -0.618449092 -0.776531398 0.120497636
vn -0.422339022 -0.878199875 0.224487647
vn -0.988678396 0.00457142992 -0.149980888
vn -0.939586639 0.201056778 -0.277043432
vn -0.970967889 0.138724893 -0.194876537
vn -0.663695574 -0.7301296 0.162539199
vn -0.46438244 -0.8425017 0.27301985
vn -0.994402111 0.00598888844 -0.105492011
vn -0.98646009 -0.150799915 0.0644670054
vn -0.694519162 -0.693869174 0.190233022
vn -0.510706306 -0.814666688 0.274767816
vn -0.999856114 -0.0149273463 -0.00805761665
vn -0.973993659 -0.20403339 0.0985231623
vn -0.685369849 -0.698573411 0.205580339
vn -0.531125367 -0.804418564 0.266113907
vn -0.995340943 -0.0718844086 0.0642578304
vn -0.974241734 -0.210014075 0.0821407214
vn -0.680100381 -0.713382483 0.168964431
vn -0.623666525 -0.762504697 0.17212382
vn -0.98702836 -0.132637247 0.0904559419
vn -0.968514144 -0.237520158 0.07459566
vn -0.702611446 -0.707281828 0.0780351758
vn -0.670788765 -0.739512503 0.0562473945
vn -0.750345528 -0.65805912 -0.0627670959
vn -0.722076774 -0.679388404 -0.130523652
vn -0.978586197 -0.177276447 0.104604661
vn -0.78754735 -0.575219095 -0.221115991
vn -0.918933868 -0.389024347 -0.0649654269
vn -0.969085574 -0.212587744 0.125218675
vn -0.958065629 -0.268019289 0.101370089
vn -0.795250297 -0.533095658 -0.288766265
vn -0.908942819 -0.399541408 -0.119119927
vn -0.953470409 -0.257980108 0.156014442
vn -0.943503737 -0.315820903 0.100288719
vn -0.864854455 -0.451219738 -0.22006245
vn -0.7673015 -0.493365586 -0.40968135
vn -0.843229413 -0.398552686 -0.360721231
vn -0.926185846 -0.312229306 0.211406514
vn -0.930849195 -0.341786742 0.129235178
vn -0.893426001 -0.421805143 -0.15450044
vn -0.862214506 -0.389241397 0.324156374
vn -0.887294173 -0.399014086 0.23129347
vn -0.876368225 -0.464277565 -0.128160283
vn -0.837686181 -0.38629663 -0.386078745
vn -0.749075413 -0.47851038 0.4581635
vn -0.792547345 -0.502157927 0.34598583
vn -0.86366421 -0.50357163 0.0223566461
vn -0.877997935 -0.381043166 -0.289699316
vn -0.583745778 -0.525069654 0.619308293
vn -0.487486362 -0.654912353 0.577448487
vn -0.828546166 -0.542529047 0.138468459
vn -0.911745965 -0.378767937 -0.158915639
vn -0.427199334 -0.5738976 0.698671699
vn -0.17805092 -0.749679267 0.637400091
vn -0.345831245 -0.734191239 0.584263504
vn -0.156413957 -0.742168665 0.651705623
vn -0.818150878 -0.572620511 0.0522966348
vn -0.92957145 -0.328992665 -0.166315317
vn -0.267402887 -0.875138819 0.403271317
vn -0.883987665 -0.467015088 -0.0215108451
vn -0.966837406 -0.205242708 -0.151990056
vn -0.998687565 -0.0460981987 -0.022317294
vn 0.50327003 -0.711577892 0.49028179
vn -0.102290988 -0.733839035 0.671577811
vn 0.81767565 -0.330939502 0.471047431
vn -0.34793812 -0.822406232 0.450096726
vn -0.375739664 -0.871624291 0.314786881
vn -0.927802682 -0.357988238 0.105008177
vn -0.0244588982 0.48715511 -0.872972906
vn 0.122190796 0.484874845 -0.866005659
vn 0.0540922806 0.487244546 -0.871588707
vn 0.241155773 0.490942746 -0.837149322
vn 0.307837397 0.498408496 -0.810447395
vn 0.409662724 0.499014705 -0.763649702
vn 0.450178295 0.495441556 -0.742884398
vn 0.573829412 0.404348433 -0.712195218
vn 0.583753765 0.391962588 -0.711053431
vn 0.804295838 0.110414356 -0.583880842
vn 0.844869196 0.0704731047 -0.530310988
vn 0.945174158 -0.23468554 -0.227087051
vn 0.969465017 -0.0654729083 -0.236327887
vn 0.938755691 -0.344583631 0.000244288531
vn 0.896803379 0.308330566 -0.317294866
vn 0.888645113 -0.44452557 -0.112725221
vn 0.859305561 -0.505266786 -0.0793689191
vn 0.819656074 -0.566001296 -0.0883533806
vn 0.821461737 -0.569972217 -0.0182264894
vn 0.576567948 -0.810264528 0.105075121
vn 0.569832325 -0.80411154 0.169398338
vn 0.848320067 -0.519648671 0.10157834
vn 0.639008343 -0.725611746 0.255256444
vn 0.845171213 -0.510409892 0.158642471
vn 0.892966926 -0.373200268 0.251657933
vn 0.775855184 -0.479863822 0.40960905
vn 0.855235994 -0.428355098 0.291690528
vn 0.927152336 -0.201475188 0.315905422
vn 0.475878835 -0.409993589 0.778103232
vn 0.560305297 -0.359353662 0.746272624
vn 0.0689829066 -0.0307907276 0.997142494
vn 0.86812073 -0.246870339 0.430606008
vn 0.909488916 0.0166632608 0.415394247
vn 0.770880759 0.0602422431 0.634124458
vn 0.83827424 0.220881641 0.498505384
vn 0.324168503 0.00704597635 0.945973158
vn 0.150064975 0.304948956 0.94047153
vn 0.533026874 0.292188615 0.794045448
vn 0.165392503 0.307448208 0.937081039
vn 0.643929005 0.299840063 0.703883052
vn 0.530741513 0.510192513 0.676769555
vn 0.732235134 0.434070647 0.524799347
vn 0.0693403706 0.478613496 0.87528342
vn 0.477396756 0.690397978 0.543546677
vn 0.637862265 0.65390408 0.406867504
vn 0.0769930556 0.24253194 0.967083395
vn -0.0766667873 0.173989624 0.981758595
vn 0.107620068 0.489054233 0.865588725
vn -0.0278548505 0.675297856 0.737019002
vn 0.416386783 0.865576088 0.278208345
vn 0.560556233 0.822405934 0.0970833525
vn -0.130566031 0.891367435 0.434069842
vn 0.376716554 0.920401871 -0.104618467
vn 0.50315702 0.847485662 -0.169118673
vn -0.0949706882 0.633511484 0.767882705
vn 0.0461115055 0.440672666 0.896482646
vn -0.053836178 0.456561387 0.888061523
vn -0.191381633 0.842751026 0.503133893
vn 0.185565725 0.71613121 0.672845781
vn -0.0409290716 0.650515914 0.758388996
vn 0.436945379 0.811095536 -0.388847977
vn 0.48731637 0.803152502 -0.342737257
vn 0.0612861924 0.835483253 -0.546087503
vn 0.127650887 0.225619003 0.965816379
vn 0.0592885017 0.891289771 0.44954145
vn 0.03494801 -0.249853507 0.967652798
vn -0.978116035 -0.0916822776 0.186770916
vn -0.132555634 0.940036058 -0.314263046
vn -0.115534961 0.834251404 -0.539144099
vn -0.145896628 0.989143789 0.0175718125
vn -0.256198525 0.958106756 0.128038555
vn -0.0832935497 0.990095258 0.113020286
vn -0.172932908 0.963126481 -0.20611079
vn 0.0128410356 0.917211294 -0.398194104
vn 0.311447352 0.823731899 -0.473778874
vn -0.284413338 0.952768981 -0.106490947
vn 0.187604502 0.92901504 -0.31896022
vn -0.223740771 0.834948957 0.502792537
vn 0.502125144 0.66138196 -0.557175338
vn 0.284401715 0.771882594 -0.568606138
vn -0.0663364157 0.861488104 -0.503426015
vn 0.544079363 0.748998642 -0.378125101
vn 0.320733935 0.880868435 -0.348138601
vn -0.22880587 0.605482399 0.762259185
vn 0.617821932 0.756650269 -0.213954329
vn -0.0238932259 0.927302361 -0.373549819
vn 0.49812156 0.866913438 -0.0183283612
vn 0.519043148 0.803393722 -0.29180941
vn 0.644984782 0.759960651 -0.0803403407
vn -0.358673424 0.829666257 -0.427793562
vn -0.293801397 0.866425514 -0.40371713
vn -0.15490517 0.94150269 -0.299294472
vn -0.315908045 0.8915295 -0.324618638
vn -0.357616693 0.915173829 -0.185922652
vn -0.473867625 0.784313083 -0.400377899
vn -0.316884965 0.942815781 0.103355393
vn -0.479672611 0.843651891 -0.241175503
vn -0.347780734 0.747557819 0.565867305
vn -0.0779900402 0.663306236 0.744273007
vn -0.604773819 0.722109914 -0.335865915
vn -0.568654239 0.713014841 -0.410173446
vn -0.574100614 0.687197149 -0.445161372
vn -0.558372557 0.785180688 -0.267789632
vn -0.634253979 0.639512718 -0.434448242
vn -0.709011555 0.640317678 -0.295458794
vn -0.38903439 0.863008976 -0.322285146
vn -0.495006084 0.703984618 -0.509288371
vn -0.558713853 0.668495715 -0.490868837
vn -0.376039028 0.923769534 -0.0724192187
vn -0.296096355 0.914111376 0.27699706
vn 0.0256742612 0.992884159 -0.116283372
vn -0.0963727534 0.850320935 0.517364979
vn -0.379785359 0.824288607 -0.419894576
vn 0.00415877532 0.969284773 0.245906115
vn -0.655001998 0.675147712 -0.339334428
vn -0.752288818 0.637786806 -0.165195629
vn -0.504877269 0.861929655 -0.0466510281
vn -0.0988199785 0.994914889 -0.0194681752
vn 0.64389354 0.747793138 0.161884487
vn 0.929024696 0.296751738 0.221024156
vn 0.959782541 0.139080912 0.243872523
vn 0.697481036 0.681301773 0.222144201
vn 0.8969208 0.335955322 0.28751865
vn 0.948356926 0.218846202 0.229619995
vn 0.686677814 0.659766316 0.305257231
vn 0.4386006 0.898629189 0.0097542312
vn 0.936483502 0.32395786 0.134350702
vn 0.860812664 0.426731497 0.27731207
vn 0.855559587 0.342301339 0.388390899
vn 0.788780332 0.514712453 0.336001039
vn 0.497098356 0.811561346 0.307020277
vn 0.904976666 0.417971849 0.0794779807
vn 0.803753853 0.380854249 0.457088351
vn 0.66430825 0.64501673 0.377687782
vn 0.683907032 0.626076341 0.37456575
vn -0.106949791 0.966889083 0.23170507
vn 0.5542171 0.724858224 0.409174889
vn 0.258062959 0.878685296 0.40164116
vn -0.483773947 0.84777844 0.217334956
vn 0.168254271 0.811397672 0.559753716
vn -0.130668715 0.906964183 0.400426924
vn 0.20091562 0.683948457 0.701318383
vn 0.640530527 0.62054038 0.452382952
vn 0.696120322 0.399428517 0.596551239
vn 0.555882275 0.347467571 0.755156398
vn 0.35782516 0.555438995 0.750632226
vn 0.238804132 0.546557069 0.802650571
vn -0.127620772 0.788892806 0.601133168
vn -0.457887828 0.783409595 0.420247763
vn -0.0629850924 0.57734406 0.814068139
vn 0.176973507 0.425961107 0.887264073
vn 0.133816078 0.275363415 0.951981187
vn -0.0142276092 0.404117554 0.914596319
vn -0.395010918 0.628335059 0.670195103
vn 0.00982306339 0.28158927 0.959484696
vn -0.31108731 0.411641747 0.856607139
vn -0.249283865 0.23610279 0.939208806
vn -0.768081009 0.601933062 0.21846801
vn -0.76687783 0.507589996 0.39274779
vn -0.759597063 0.649778843 0.0282778908
vn -0.73982054 0.6530509 -0.161833972
vn -0.776569009 0.629951596 0.0100770108
vn -0.808714449 0.543518305 -0.224875033
vn -0.82556963 0.535591662 0.177697465
vn -0.725490808 0.581563652 -0.368030995
vn -0.882039011 0.467831433 -0.0560437627
vn -0.589538097 0.624176621 -0.512687445
vn -0.45853126 0.708549201 -0.53638345
vn -0.971635222 -0.236385316 0.00685501518
vn -0.981774211 -0.087695241 -0.168608755
vn -0.925100744 0.159859389 -0.344432384
vn -0.931777358 -0.336084068 0.137253746
vn -0.888537049 -0.45568198 0.0534405559
vn -0.887909651 0.305233032 -0.344164521
vn -0.972325504 0.217897177 -0.0842844397
vn -0.819019496 0.446882904 -0.359865129
vn -0.773881555 0.412908524 -0.480222911
vn -0.941338599 0.151685387 -0.301451743
vn -0.901032567 -0.331204355 -0.280078351
vn -0.959382355 0.186126545 -0.211996257
vn -0.565054536 -0.819694698 -0.093882449
vn -0.88108182 0.42962727 -0.197775677
vn -0.987562418 0.142946735 -0.0654731616
vn -0.939586639 0.201056778 -0.277043432
vn -0.590696394 -0.793069601 0.148722216
vn -0.970967889 0.138724893 -0.194876537
vn -0.977881312 -0.183317035 -0.100712068
vn -0.950904846 -0.286197424 -0.117775671
vn -0.698108375 -0.712279022 0.0728245005
vn -0.914178908 -0.392182142 -0.102323331
vn -0.856460273 -0.499285519 -0.131109253
vn -0.98646009 -0.150799915 0.0644670054
vn -0.869783342 -0.46691829 -0.159575269
vn -0.86351788 -0.46242699 -0.201241702
vn -0.840843678 -0.490909755 -0.22801213
vn -0.82974577 -0.502790034 -0.242330521
vn -0.815318346 -0.472593635 -0.334531337
vn -0.759839952 -0.472577274 -0.446446002
vn -0.781068146 -0.508621573 -0.362265944
vn -0.752997637 -0.582170904 -0.306711018
vn -0.931719482 -0.347309142 0.10618446
vn -0.973993659 -0.20403339 0.0985231623
vn -0.929478943 0.350622803 0.114597373
vn -0.931391895 -0.35732466 0.069486253
vn -0.974241734 -0.210014075 0.0821407214
vn -0.840756953 0.423968971 0.336716712
vn -0.935986102 0.221978962 0.273231477
vn -0.937036157 -0.347579777 0.0339337029
vn -0.945154369 -0.321646065 0.0568074547
vn -0.968514144 -0.237520158 0.07459566
vn -0.958065629 -0.268019289 0.101370089
vn -0.943503737 -0.315820903 0.100288719
vn -0.830851972 0.271712184 0.485651612
vn -0.952251673 -0.291898221 0.0895105153
vn -0.930849195 -0.341786742 0.129235178
vn -0.917058349 0.107737206 0.383922756
vn -0.702613056 0.367050678 0.609597147
vn -0.896742582 -0.00557504129 0.442517489
vn -0.822793126 0.0817568228 0.562429726
vn -0.635815561 0.184271857 0.749521494
vn -0.939429045 -0.318219155 0.127317548
vn -0.887294173 -0.399014086 0.23129347
vn -0.86454159 -0.141376346 0.482266068
vn -0.819381714 -0.319490969 0.475961179
vn -0.791819274 -0.128411889 0.597103477
vn -0.591750503 -0.023361383 0.805782616
vn -0.914513946 -0.381694913 0.134064466
vn -0.792547345 -0.502157927 0.34598583
vn -0.872700632 -0.464167237 0.151467264
vn -0.487486362 -0.654912353 0.577448487
vn -0.754887223 -0.312872261 0.576416731
vn -0.548554659 -0.208251312 0.809764981
vn -0.786407471 -0.56597352 0.247461438
vn -0.345831245 -0.734191239 0.584263504
vn -0.156413957 -0.742168665 0.651705623
vn -0.785099447 -0.459969193 0.414785773
vn -0.736583769 -0.460703343 0.495173424
vn -0.193439052 0.10849423 0.975095034
vn -0.689599872 -0.663733602 0.289671838
vn -0.102290988 -0.733839035 0.671577811
vn -0.523013055 -0.352336764 0.776090324
vn -0.708524883 -0.589522421 0.387886256
vn -0.736975789 -0.577529907 0.351177871
vn 0.0484787188 0.200126559 0.978569984
vn -0.696444273 -0.693628728 0.183968887
vn -0.719675183 -0.639737248 0.269822031
vn -0.67163372 -0.667875528 0.320702791
vn -0.493663907 -0.44583118 0.746679604
vn -0.143255845 0.0149870561 0.989572287
vn 0.230759203 0.279078066 0.932129681
vn 0.499802262 0.607793868 0.617077291
vn 0.0927192345 0.125564992 0.987743139
vn -0.760891557 -0.645210087 0.0689058751
vn -0.781297386 -0.622340918 0.0476044416
vn -0.0863751397 -0.0265365466 0.995909214
vn -0.799785197 -0.585650206 -0.13174808
vn -0.809622824 -0.533258915 -0.245246634
vn -0.80045414 -0.566313386 -0.196372896
vn -0.811079085 -0.4855178 -0.326225609
vn -0.815437853 -0.578224123 -0.0267973412
vn -0.815479398 -0.568362236 -0.109351419
vn -0.756021619 -0.651771188 0.0602125823
vn -0.836269021 -0.542921364 -0.0767491758
vn -0.688110888 -0.707109392 0.162786812
vn -0.769551516 -0.634522557 0.0719137415
vn -0.850090861 -0.525956631 -0.0267450474
vn -0.648197412 -0.699951112 0.299847543
vn -0.671107948 -0.711778879 0.207327932
vn -0.777452707 -0.619864345 0.1064687
vn -0.843705356 -0.536021054 0.0290282425
vn -0.636278272 -0.725472927 0.262371927
vn -0.759550214 -0.635653675 0.137941226
vn -0.825120568 -0.561361611 0.0636328459
vn -0.630789697 -0.712035775 0.308398217
vn -0.441054523 -0.493763268 0.749445617
vn -0.735508084 -0.661109984 0.148193568
vn -0.72684288 -0.67395556 0.132224604
vn -0.590045512 -0.764638007 0.259181559
vn -0.608195424 -0.717618823 0.339295655
vn -0.356993914 -0.557706833 0.749345362
vn -0.0215859804 -0.0864265189 0.99602437
vn -0.580257535 -0.785751402 0.21423316
vn -0.539490998 -0.754063368 0.374616921
vn -0.263891935 -0.629595995 0.730732501
vn 0.0737547129 -0.211400017 0.974612892
vn 0.151424929 0.0392719284 0.987688363
vn -0.191532165 -0.69835794 0.689645886
vn -0.456511348 -0.820397735 0.344303459
vn 0.186989412 -0.354358643 0.916223228
vn 0.244443819 -0.0700211227 0.967131972
vn 0.26430884 0.157388091 0.951509237
vn -0.110255793 -0.77217108 0.625775814
vn 0.363528311 -0.159161434 0.917886019
vn 0.327186346 0.0432440862 0.943969846
vn 0.51582104 0.543393672 0.662308097
vn 0.288173437 -0.468750864 0.835002184
vn 0.501556754 -0.221996009 0.836157024
vn 0.535517573 0.451598376 0.713638365
vn 0.418010235 -0.0593906604 0.906498849
vn 0.582600296 0.319475293 0.747336924
vn 0.583616078 0.698193908 0.4146294
vn 0.560740471 0.724326134 0.401150584
vn 0.567753255 0.747699857 0.344385028
vn 0.60558331 0.665200472 0.436780542
vn 0.641739249 0.604855001 0.471509457
vn 0.685232997 0.528728306 0.500901282
vn 0.654874802 0.19548732 0.730016172
vn 0.744506896 0.453309745 0.490122229
vn 0.535876691 -0.146057457 0.831566811
vn 0.753407419 0.100113936 0.649887979
vn 0.81118983 0.398104727 0.428350091
vn 0.620935738 -0.283603936 0.73075825
vn 0.663728237 -0.216226369 0.716038465
vn 0.862126648 0.010551325 0.506583035
vn 0.844185948 0.379077166 0.379012793
vn 0.783067465 -0.284849316 0.552870929
vn 0.926212251 -0.0451452769 0.374289632
vn 0.815638483 0.443009913 0.372123599
vn 0.387734264 -0.534594774 0.750913084
vn 0.71950829 -0.371845871 0.58654803
vn 0.865717888 -0.34055233 0.366819561
vn 0.00414694753 -0.854445696 0.519524217
vn 0.482488155 -0.617757201 0.620951831
vn 0.793841243 -0.463113129 0.394134849
vn -0.403375149 -0.873289466 0.273228854
vn 0.587429941 -0.689831197 0.423153549
vn 0.0722140446 -0.922789514 0.378476769
vn -0.414895505 -0.892934799 0.174725801
vn -0.690480709 -0.711335421 0.131294325
vn 0.118838258 -0.971066654 0.207140326
vn -0.261157244 -0.961383879 0.0868208483
vn -0.646994293 -0.746994317 0.152963459
vn 0.640857935 -0.743875921 0.189603895
vn 0.515047789 -0.856856823 0.022846438
vn -0.20173493 -0.979237854 0.0199015457
vn -0.584893465 -0.795519769 0.158265173
vn 0.836169839 -0.518150985 0.179832071
vn 0.95686233 -0.27820164 0.0837755427
vn 0.918989539 -0.337719887 0.203478426
vn 0.524986923 -0.842911065 -0.11785464
vn -0.171519533 -0.983618677 -0.055456493
vn -0.529993713 -0.838194966 0.128592193
vn 0.959808052 -0.0266301297 0.279390931
vn 0.963658333 -0.00101932662 0.267135859
vn 0.860045016 0.410075545 0.303579658
vn 0.892275512 0.398838669 0.211594135
vn 0.9732337 -0.223660275 -0.0528423078
vn 0.895563006 0.425004959 0.131672651
vn -0.154987052 -0.975785315 -0.154343292
vn -0.497324109 -0.859378457 0.118900754
vn 0.518348396 -0.816848695 -0.253126711
vn 0.963658214 -0.186940745 -0.190829962
vn 0.87953037 0.471907139 0.0610729121
vn -0.144460946 -0.967972219 -0.205330953
vn 0.523660421 -0.476814806 0.70599395
vn 0.494714618 -0.765049696 -0.412257761
vn 0.937327206 -0.10543894 -0.332115144
vn 0.88447243 0.46560061 0.0304090455
vn 0.466361672 -0.739607811 -0.485270113
vn 0.914105475 -0.0980950445 -0.393431813
vn -0.230780944 0.894556046 -0.382765859
vn -0.454137236 0.678923011 -0.576907992
vn -0.465583771 0.79265821 -0.393604904
vn -0.109666035 0.810594082 -0.575248182
vn -0.100992359 0.915513337 -0.389404505
vn -0.36477235 0.38743937 -0.846659303
vn 0.0436014831 0.822241962 -0.567465484
vn 0.0538052171 0.522317111 -0.851052225
vn -0.320538998 0.108829819 -0.940962672
vn 0.24384363 0.519596517 -0.818877161
vn 0.22116226 0.541512847 -0.811080158
vn 0.12349233 0.247412235 -0.961008191
vn -0.289811283 -0.0568722598 -0.95539248
vn 0.387913108 0.224254012 -0.893998623
vn 0.373923242 0.274992555 -0.885754108
vn 0.12923263 0.0583155043 -0.989898086
vn -0.253805697 -0.224850565 -0.940757632
vn 0.447198808 0.0881151557 -0.890083671
vn 0.445598245 0.142730668 -0.883781731
vn 0.151491284 -0.110898145 -0.982217848
vn 0.514373779 -0.0101841614 -0.85750562
vn 0.475099057 0.00752307847 -0.879900157
vn 0.204604521 -0.295063645 -0.933313727
vn -0.199733436 -0.424228162 -0.883253634
vn -0.136844054 -0.61092031 -0.77977562
vn 0.583494008 -0.144825488 -0.799099684
vn 0.522329748 -0.203952357 -0.827994585
vn 0.285676718 -0.473367751 -0.833253741
vn -0.0462801717 -0.827468455 -0.559601724
vn 0.646140039 -0.301758438 -0.701031387
vn 0.601783395 -0.423554391 -0.677095592
vn 0.395381808 -0.655690074 -0.643229246
vn 0.706167221 -0.442131549 -0.553034723
vn 0.674919784 -0.554973125 -0.486300349
vn 0.71505636 -0.629137516 -0.304762721
vn 0.494430929 -0.780793071 -0.381968796
vn 0.0526432209 -0.96161741 -0.269296348
vn 0.748370826 -0.548527837 -0.372905314
vn 0.736353815 -0.665732503 -0.120761588
vn 0.772997856 -0.60655129 -0.185930103
vn 0.74385792 -0.667031527 0.0417659804
vn 0.542092502 -0.832389891 -0.115164302
vn 0.130174935 -0.991182804 0.024720151
vn 0.77557534 -0.631227255 -0.0059193112
vn 0.739669085 -0.64645201 0.18705456
vn 0.539849579 -0.83296448 0.121377587
vn 0.169096634 -0.951422751 0.257295728
vn 0.765952229 -0.622246861 0.161635622
vn 0.740653992 -0.612469971 0.276246428
vn 0.528492033 -0.795503199 0.296430171
vn 0.157935351 -0.905992508 0.392726332
vn 0.752099693 -0.597146869 0.278857917
vn 0.750121117 -0.60461086 0.267888188
vn 0.503411829 -0.764873087 0.401927441
vn 0.0922666863 -0.888612509 0.449282259
vn 0.745383203 -0.606893837 0.275832891
vn 0.753097773 -0.634038627 0.175609767
vn 0.474964261 -0.802973986 0.360058039
vn 0.0364377461 -0.923164666 0.382673979
vn 0.0282423012 -0.979705393 0.198443174
vn 0.750486672 -0.637072563 0.175808102
vn 0.772990406 -0.632906258 0.043765448
vn 0.448662788 -0.868840575 0.209326521
vn 0.0521249436 -0.996455967 -0.0660181418
vn 0.420560896 -0.90702647 -0.0207718909
vn 0.0716406479 -0.909639299 -0.40917477
vn 0.764434636 -0.643191934 0.0440879203
vn 0.820869803 -0.564302564 -0.0879519433
vn 0.357371688 -0.866698563 -0.348021865
vn 0.0558420569 -0.709630311 -0.702357769
vn 0.784508765 -0.602615833 -0.146287873
vn 0.915944993 -0.305133849 -0.260649532
vn 0.26637283 -0.691579938 -0.671388686
vn 0.0145005574 -0.471468002 -0.881763995
vn 0.799206734 -0.4416821 -0.407658726
vn 0.172739223 -0.412463427 -0.89444685
vn -0.0410676114 -0.203943253 -0.978120983
vn 0.761380851 -0.0856441706 -0.642622948
vn 0.932106197 0.192898452 -0.306542575
vn 0.0833457038 -0.123649798 -0.988819659
vn 0.616505444 0.253846228 -0.745307386
vn 0.812304795 0.386328012 -0.436934263
vn -0.000371781294 0.0787161887 -0.996896982
vn -0.0826237053 -0.00326813594 -0.996575415
vn 0.597048938 0.5244084 -0.60706538
vn 0.568625867 0.318678498 -0.758359134
vn 0.490167439 0.442749739 -0.750805318
vn -0.0481774546 0.190693051 -0.980466783
vn -0.135731027 0.107816264 -0.984861732
vn 0.396849334 0.545216978 -0.738409877
vn -0.128773227 0.282003671 -0.950731993
vn -0.209536761 0.176151052 -0.961803079
vn -0.190997049 0.419941068 -0.887225807
vn 0.598696828 0.525535882 -0.604461908
vn 0.634020269 0.654676974 -0.411602169
vn 0.493227929 0.625499666 -0.604546487
vn 0.313248336 0.621049762 -0.718451619
vn 0.507514358 0.673347116 -0.537617683
vn 0.587275386 0.785648525 -0.194586933
vn 0.192862436 0.701793253 -0.685777068
vn -0.327041775 0.53329289 -0.780155361
vn 0.456070334 0.698531628 -0.551410496
vn 0.460539401 0.757410169 -0.462853312
vn 0.0494389087 0.797194779 -0.601694584
vn -0.441968948 0.629329503 -0.63922447
vn 0.405856222 0.780404806 -0.47565648
vn 0.585710943 0.809820771 0.0336581282
vn 0.567753255 0.747699857 0.344385028
vn 0.560740471 0.724326134 0.401150584
vn -0.0866405964 0.882205844 -0.462824255
vn -0.534950256 0.69630897 -0.47852084
vn 0.298331112 0.86982286 -0.392946392
vn 0.418521911 0.825705588 -0.378219068
vn 0.570103645 0.815721452 0.0978794098
vn 0.583616078 0.698193908 0.4146294
vn -0.20014888 0.928484917 -0.312819719
vn -0.591955543 0.722884059 -0.356408834
vn 0.149482667 0.942284226 -0.299592048
vn 0.345806628 0.891460359 -0.292773187
vn 0.55889678 0.817903638 0.136631042
vn 0.60558331 0.665200472 0.436780542
vn -0.270042449 0.937140167 -0.221009627
vn -0.624678075 0.731376112 -0.273617297
vn 0.243060827 0.946137965 -0.213878989
vn 0.556173325 0.810897171 0.181981027
vn 0.641739249 0.604855001 0.471509457
vn -0.0122907711 0.974383414 -0.224557027
vn -0.324879467 0.93335402 -0.15265511
vn -0.644947588 0.750321925 -0.14511916
vn 0.138476282 0.980668843 -0.138249427
vn 0.562837124 0.787485421 0.25115937
vn 0.685232997 0.528728306 0.500901282
vn -0.129047453 0.976549149 -0.172332481
vn -0.377706975 0.92547375 -0.0289085004
vn -0.663436413 0.7465083 0.0507684201
vn 0.576031983 0.760094166 0.300739288
vn 0.744506896 0.453309745 0.490122229
vn 0.057803072 0.996542513 -0.0596811436
vn -0.186636731 0.977659643 -0.0966876596
vn -0.397111654 0.908557832 0.129711613
vn -0.532020986 0.781090915 0.326880097
vn 0.588174284 0.745452106 0.313611537
vn 0.81118983 0.398104727 0.428350091
vn 0.0281154159 0.999048769 0.0333315916
vn -0.22813423 0.973333418 0.0240182653
vn -0.282529205 0.941700399 0.182694957
vn 0.0173013452 0.989995837 0.140031919
vn 0.578285813 0.743811488 0.335156709
vn 0.844185948 0.379077166 0.379012793
vn 0.815638483 0.443009913 0.372123599
vn 0.0800010562 0.942490578 0.324516892
vn 0.192402199 0.892219186 0.408566147
vn -0.47313422 0.704082787 0.52953881
vn 0.860045016 0.410075545 0.303579658
vn 0.257542104 0.833179653 0.489370763
vn -0.400170594 0.633472502 0.662250757
vn 0.892275512 0.398838669 0.211594135
vn 0.310428441 0.795035183 0.521107674
vn -0.330091298 0.565649152 0.75569886
vn 0.895563006 0.425004959 0.131672651
vn 0.352548838 0.774855852 0.524697781
vn -0.261559516 0.495129287 0.828512847
vn 0.87953037 0.471907139 0.0610729121
vn 0.415324509 0.737572908 0.532439291
vn 0.523660421 -0.476814806 0.70599395
vn 0.88447243 0.46560061 0.0304090455
vn -0.892461002 0.210964456 -0.39875716
vn -0.936772525 0.169089556 -0.306375474
vn -0.622216821 -0.224118769 -0.750077963
vn -0.502644658 -0.0159476809 -0.864346027
vn -0.732855976 0.311347246 -0.604966879
vn -0.358714461 0.210628763 -0.909373164
vn -0.611629069 0.411077708 -0.67596221
vn -0.147165686 0.400617808 -0.904349267
vn -0.494401067 0.552176058 -0.671319008
vn 0.0217466708 0.572890759 -0.81934315
vn -0.300539851 0.70682323 -0.640372276
vn 0.120412819 0.652607083 -0.748067319
vn 0.38316825 0.347118258 -0.855973661
vn 0.0893595442 0.147676006 -0.984990656
vn -0.0736223832 -0.0429874398 -0.996359289
vn -0.181773067 -0.307534963 -0.934013307
vn -0.300616354 -0.588812828 -0.750285983
vn -0.361013263 -0.707006454 -0.608121157
vn -0.260965586 -0.301325709 0.917114913
vn -0.0145726483 -0.683702171 0.729615688
vn 0.247989982 -0.634139419 0.732371628
vn -0.00969864894 -0.900263548 0.435237199
vn -0.0847168267 -0.891370475 0.445288509
vn -0.180754781 -0.944698691 0.27362743
vn 0.279707134 -0.608789384 0.742387652
vn -0.102019653 -0.961344421 0.25575152
vn -0.318379045 -0.930037379 0.183481097
vn 0.155714571 -0.220502272 0.962876856
vn -0.0832866803 -0.970554352 0.226025924
vn -0.0628362522 -0.974219859 0.216672927
vn 0.367521733 -0.898849666 0.238740519
vn 0.659198582 -0.689554274 0.299953461
vn 0.574862838 -0.758394182 0.307198763
vn 0.60241878 -0.687303841 0.405838788
vn 0.528543115 -0.737443447 0.420498937
vn 0.196860075 -0.845955312 0.495586216
vn 0.0458875671 -0.655815959 0.753524959
vn -0.0571171828 -0.240004182 0.969090164
vn 0.103670545 0.28437978 0.953089952
vn -0.109038986 0.15224205 0.982309997
vn 0.00106094475 0.500431776 0.865775347
vn -0.167940482 0.435151875 0.884555817
vn -0.117026947 0.641258001 0.758348823
vn 0.256656826 0.769992769 0.584156036
vn 0.0647580922 0.897241235 0.436765909
vn 0.188251033 0.877087593 0.441903621
vn -0.390442699 0.770870984 0.503301561
vn -0.596332371 0.514383256 0.616277158
vn -0.342133373 0.924465775 0.168248832
vn -0.46795091 0.531585813 0.706001639
vn -0.620393276 0.409952164 0.668619096
vn -0.559736431 0.298353612 0.773097754
vn -0.352177769 0.922598302 -0.157426551
vn -0.895571053 0.434450418 0.095944576
vn -0.990575433 0.0240004268 0.134849474
vn -0.907037556 0.286621928 0.308432668
vn -0.884083688 0.0349558219 0.466019452
vn -0.945482671 -0.181840718 0.270178586
vn -0.437260568 0.378284931 0.815906644
vn -0.462822855 0.13125968 0.876678884
vn -0.488026768 0.153605029 0.8592062
vn -0.461178988 -0.110914655 0.88034761
vn -0.86398077 -0.187254608 0.467410982
vn -0.901941001 -0.347333163 0.256635994
vn -0.427184939 -0.136002824 0.893877029
vn -0.498748124 -0.460568279 0.73425281
vn -0.805648208 -0.390222967 0.445709527
vn -0.832098722 -0.511711836 0.213922173
vn -0.31709978 -0.499075413 0.806456208
vn -0.579046547 -0.762912333 0.287523448
vn -0.67437458 -0.659980118 0.331126988
vn -0.719514966 -0.682648361 0.127629399
vn -0.551619828 -0.817057073 0.16772981
vn -0.456474066 -0.882137418 0.116038367
vn -0.635601163 -0.771898687 -0.0135483211
vn -0.468124777 -0.883627772 0.00781835802
vn -0.408677369 -0.912668705 -0.004326405
vn -0.662863791 -0.684352875 -0.303764522
vn -0.398762345 -0.913635671 -0.0791095197
vn -0.637415409 -0.717712164 -0.280340642
vn -0.62858969 -0.764876246 -0.140852138
vn -0.674918294 -0.694804192 -0.248460039
vn -0.68342334 -0.716072023 -0.142033443
vn -0.912871182 -0.190975428 -0.360824764
vn -0.0374233276 -0.535490036 -0.843711972
vn -0.804347098 -0.420688003 -0.419580162
vn -0.78906858 -0.446763933 -0.421630919
vn -0.00221318868 -0.502439082 -0.864609718
vn -0.897043943 -0.282807708 -0.339605451
vn 0.790972948 -0.183224991 -0.5837726
vn 0.818208814 -0.0211849101 -0.57453084
vn 0.85096848 0.0688475966 -0.520684838
vn 0.915044546 0.312962353 -0.25445646
vn 0.926526725 0.317976445 -0.201095372
vn 0.913678646 0.387553364 -0.122448698
vn 0.913192868 0.389906794 -0.118539207
vn 0.904653907 0.421158642 -0.0650131255
vn 0.827864766 -0.162039623 -0.537013054
vn -0.0930685624 -0.447919339 -0.889216781
vn 0.819182217 -0.162041485 -0.550166428
vn -0.182961836 -0.341708392 -0.921824455
vn -0.969816029 -0.0693409815 -0.233770743
vn 0.738235235 -0.169560432 -0.652884364
vn -0.460066766 -0.887811422 0.0113698756
vn -0.68342334 -0.716072023 -0.142033443
vn -0.62858969 -0.764876246 -0.140852138
vn -0.273807555 -0.961153686 0.0348272249
vn 0.367521733 -0.898849666 0.238740519
vn -0.408677369 -0.912668705 -0.004326405
vn 0.574862838 -0.758394182 0.307198763
vn -0.285600513 -0.955804884 0.0697812214
vn -0.456474066 -0.882137418 0.116038367
vn 0.528543115 -0.737443447 0.420498937
vn -0.298426121 -0.917382598 0.263345689
vn -0.579046547 -0.762912333 0.287523448
vn 0.196860075 -0.845955312 0.495586216
vn -0.388146013 -0.773184776 0.501525581
vn 0.0458875671 -0.655815959 0.753524959
vn -0.498748124 -0.460568279 0.73425281
vn -0.444112003 -0.436989844 0.782179236
vn -0.41681543 -0.0450233668 0.907875478
vn -0.0571171828 -0.240004182 0.969090164
vn -0.461178988 -0.110914655 0.88034761
vn -0.109038986 0.15224205 0.982309997
vn -0.152130812 0.299010307 0.942045152
vn -0.488026768 0.153605029 0.8592062
vn -0.476773143 0.162877083 0.863804638
vn -0.24131535 0.452019602 0.85874629
vn -0.589496017 0.268396586 0.761877775
vn -0.559736431 0.298353612 0.773097754
vn -0.341412514 0.50622046 0.791945934
vn -0.723540723 0.284878641 0.628755093
vn -0.620393276 0.409952164 0.668619096
vn -0.430394202 0.464317352 0.774060845
vn -0.596332371 0.514383256 0.616277158
vn -0.768458605 0.273340404 0.578581393
vn -0.448103845 0.45442003 0.769873679
vn -0.962199152 0.0297521017 0.270716816
vn -0.786506772 0.264921069 0.55787456
vn -0.435546458 0.422257453 0.79498297
vn -0.965653718 0.0605362877 0.252681971
vn -0.775024772 0.278501362 0.567250788
vn -0.744519353 0.296689719 0.598052084
vn -0.962695181 0.104309075 0.249674946
vn -0.674918294 -0.694804192 -0.248460039
vn -0.912871182 -0.190975428 -0.360824764
vn -0.814781785 -0.391242921 -0.427854687
vn -0.744685292 -0.460780084 -0.482830793
vn -0.637415409 -0.717712164 -0.280340642
vn -0.694010913 -0.601881981 -0.395078182
vn -0.662863791 -0.684352875 -0.303764522
vn -0.695990026 -0.637570977 -0.330304503
vn -0.62583822 -0.766563296 -0.143899947
vn -0.752997637 -0.582170904 -0.306711018
vn -0.635601163 -0.771898687 -0.0135483211
vn -0.706422985 -0.705506921 -0.0568026491
vn -0.759839952 -0.472577274 -0.446446002
vn -0.719514966 -0.682648361 0.127629399
vn -0.816660464 -0.574421346 0.0557293631
vn -0.815318346 -0.472593635 -0.334531337
vn -0.832098722 -0.511711836 0.213922173
vn -0.890705466 -0.445091248 0.0923983529
vn -0.840843678 -0.490909755 -0.22801213
vn -0.901941001 -0.347333163 0.256635994
vn -0.943873405 -0.307901055 0.119581752
vn -0.945482671 -0.181840718 0.270178586
vn -0.86351788 -0.46242699 -0.201241702
vn -0.988842845 -0.148925647 -0.0032937082
vn -0.990575433 0.0240004268 0.134849474
vn -0.987562418 0.142946735 -0.0654731616
vn -0.980275095 -0.0360637568 -0.194319531
vn -0.959382355 0.186126545 -0.211996257
vn -0.856460273 -0.499285519 -0.131109253
vn -0.941338599 0.151685387 -0.301451743
vn -0.963853061 0.00413457491 -0.266402364
vn -0.808050692 -0.588909686 0.0154705374
vn -0.698108375 -0.712279022 0.0728245005
vn -0.474239826 0.698470056 -0.535944045
vn -0.773881555 0.412908524 -0.480222911
vn -0.724711657 -0.675301254 0.136971399
vn -0.590696394 -0.793069601 0.148722216
vn -0.96463424 0.0276031829 -0.262142599
vn -0.403075427 0.792128623 -0.458325803
vn -0.819019496 0.446882904 -0.359865129
vn -0.988550842 0.0411577076 -0.145166442
vn -0.306385845 0.936318219 -0.171568647
vn -0.972325504 0.217897177 -0.0842844397
vn -0.674920678 -0.711344242 0.19614163
vn -0.111718141 0.961700678 0.250301689
vn 0.316690505 0.948486507 -0.00897796825
vn 0.368815303 0.906711578 0.204571128
vn -0.991922796 0.074399896 0.102731869
vn 0.135181502 -0.939494252 0.314764351
vn -0.565054536 -0.819694698 -0.093882449
vn 0.558571935 -0.829454482 -0.00166976172
vn -0.72802192 -0.657579124 0.19383958
vn -0.843211174 0.0976318121 0.528642595
vn 0.0449518114 0.809165418 0.585859001
vn 0.0245738588 -0.99770689 0.0630640686
vn -0.17637834 -0.965513349 -0.191506296
vn 0.222156331 -0.861647308 -0.456300706
vn -0.751873255 -0.592979729 0.288204104
vn -0.420685947 -0.884944081 -0.199743211
vn -0.158620313 -0.798719049 -0.580420196
vn -0.675077558 -0.537789881 0.505027056
vn -0.514390171 -0.84495455 -0.146473929
vn -0.352295637 -0.773572206 -0.526757777
vn -0.510863304 0.130560413 0.849689782
vn -0.598133981 -0.795208335 -0.0993953273
vn -0.49933067 -0.723701775 -0.476366073
vn -0.57647711 -0.674937248 -0.460579932
vn -0.575573385 -0.480450988 0.661726654
vn -0.30575341 0.129375756 0.943279803
vn -0.632214129 -0.770828068 -0.0782899782
vn -0.41476348 -0.251907319 0.874364793
vn -0.519115806 -0.442451358 0.731269717
vn 0.071066916 0.659656584 0.748199642
vn 0.28731963 0.839650393 0.460906237
vn -0.408621639 -0.439788967 0.799758673
vn -0.164648578 0.120963082 0.978906929
vn 0.0915321484 0.556028426 0.82610786
vn 0.241673425 0.775235653 0.583612561
vn -0.0448975228 0.0998990834 0.993984163
vn 0.1265084 0.513927877 0.84845376
vn 0.221055523 0.756455243 0.615556598
vn -0.770733535 0.502715051 -0.391468436
vn -0.465583771 0.79265821 -0.393604904
vn -0.454137236 0.678923011 -0.576907992
vn -0.728852808 0.376731366 -0.571705341
vn -0.36477235 0.38743937 -0.846659303
vn -0.547628224 0.286640465 -0.786091924
vn -0.320538998 0.108829819 -0.940962672
vn -0.486243159 0.0390304215 -0.872951388
vn -0.289811283 -0.0568722598 -0.95539248
vn -0.529035211 -0.208532378 -0.822578847
vn -0.486921698 -0.0876997709 -0.869031668
vn -0.253805697 -0.224850565 -0.940757632
vn -0.526624739 -0.393679827 -0.753447175
vn -0.523991704 -0.245833024 -0.815474629
vn -0.199733436 -0.424228162 -0.883253634
vn -0.541076899 -0.585287631 -0.603882492
vn -0.567812324 -0.41255033 -0.712314188
vn -0.136844054 -0.61092031 -0.77977562
vn -0.549548209 -0.691601992 -0.468703866
vn -0.548108876 -0.569785058 -0.612308443
vn -0.0462801717 -0.827468455 -0.559601724
vn -0.51477915 -0.785865664 -0.342662603
vn -0.51192379 -0.761324763 -0.397892773
vn -0.482906938 -0.870917916 -0.0911205411
vn -0.419295579 -0.896253288 -0.144642085
vn 0.0526432209 -0.96161741 -0.269296348
vn -0.432234108 -0.894815326 0.111710325
vn -0.304870039 -0.948872209 0.0818278417
vn 0.130174935 -0.991182804 0.024720151
vn -0.422339022 -0.878199875 0.224487647
vn -0.268154979 -0.925300598 0.268163472
vn 0.169096634 -0.951422751 0.257295728
vn -0.46438244 -0.8425017 0.27301985
vn -0.300427228 -0.88681674 0.35114032
vn 0.157935351 -0.905992508 0.392726332
vn -0.380904108 -0.853856027 0.35474214
vn -0.510706306 -0.814666688 0.274767816
vn 0.0922666863 -0.888612509 0.449282259
vn -0.405293137 -0.853165329 0.328399837
vn -0.531125367 -0.804418564 0.266113907
vn 0.0364377461 -0.923164666 0.382673979
vn -0.623082995 -0.757369876 0.195341945
vn -0.623666525 -0.762504697 0.17212382
vn -0.670788765 -0.739512503 0.0562473945
vn -0.24941802 -0.945495069 0.209355578
vn 0.0282423012 -0.979705393 0.198443174
vn -0.495781541 -0.868120015 0.0238391012
vn -0.722076774 -0.679388404 -0.130523652
vn -0.0851078182 -0.995374858 -0.0445612706
vn 0.0521249436 -0.996455967 -0.0660181418
vn -0.428150624 -0.872505546 -0.23541677
vn 0.0126930121 -0.927341104 -0.374001652
vn 0.0716406479 -0.909639299 -0.40917477
vn -0.892437756 -0.445109248 -0.073705323
vn -0.918933868 -0.389024347 -0.0649654269
vn -0.908942819 -0.399541408 -0.119119927
vn 0.0598202646 -0.736954331 -0.673290372
vn 0.0558420569 -0.709630311 -0.702357769
vn -0.385190129 -0.75777775 -0.526689112
vn -0.881735444 -0.402122408 -0.246657804
vn -0.957607567 -0.250767708 0.141785651
vn 0.0433838479 -0.491744965 -0.869657815
vn 0.0145005574 -0.471468002 -0.881763995
vn -0.374575138 -0.550019562 -0.746439517
vn -0.866825819 -0.361549199 -0.343358696
vn -0.906976342 -0.39869222 0.135787949
vn -0.0135209691 -0.21952267 -0.975513697
vn -0.0410676114 -0.203943253 -0.978120983
vn -0.401824176 -0.331748486 -0.853510559
vn -0.0783581138 -0.00208463566 -0.996923029
vn -0.0826237053 -0.00326813594 -0.996575415
vn -0.135731027 0.107816264 -0.984861732
vn -0.858196199 -0.378857136 -0.346361935
vn -0.856649041 -0.507854283 0.090754576
vn -0.461161703 -0.199063808 -0.864698529
vn -0.15201661 0.112907834 -0.981907666
vn -0.209536761 0.176151052 -0.961803079
vn -0.830168247 -0.431263655 -0.353316128
vn -0.815437853 -0.578224123 -0.0267973412
vn -0.516283751 -0.151944026 -0.842830956
vn -0.26280722 0.156645596 -0.952047527
vn -0.594887733 -0.130566835 -0.793133616
vn -0.41359809 0.204422981 -0.887213469
vn -0.190997049 0.419941068 -0.887225807
vn -0.817803562 -0.446412235 -0.363198847
vn -0.55224824 0.29474017 -0.779839814
vn -0.327041775 0.53329289 -0.780155361
vn -0.685543478 -0.0979430005 -0.721413314
vn -0.822545946 -0.42999813 -0.372182399
vn -0.80045414 -0.566313386 -0.196372896
vn -0.6462515 0.382338464 -0.660436511
vn -0.441968948 0.629329503 -0.63922447
vn -0.765474379 -0.044599805 -0.641918957
vn -0.843965888 -0.396163672 -0.361629754
vn -0.799785197 -0.585650206 -0.13174808
vn -0.711582839 0.476964325 -0.515902042
vn -0.534950256 0.69630897 -0.47852084
vn -0.830715477 0.0172073916 -0.556431353
vn -0.876957417 -0.377884239 -0.29689914
vn -0.815479398 -0.568362236 -0.109351419
vn -0.733970881 0.55832082 -0.386735916
vn -0.591955543 0.722884059 -0.356408834
vn -0.888153374 0.09660016 -0.449279398
vn -0.904565632 -0.372684121 -0.207044959
vn -0.836269021 -0.542921364 -0.0767491758
vn -0.73509419 0.607684135 -0.300593704
vn -0.624678075 0.731376112 -0.273617297
vn -0.919568062 0.188497722 -0.344765633
vn -0.925943255 -0.353374362 -0.133250132
vn -0.850090861 -0.525956631 -0.0267450474
vn -0.742013872 0.643804133 -0.186900243
vn -0.644947588 0.750321925 -0.14511916
vn -0.933081269 0.246073425 -0.26231119
vn -0.933541715 -0.351153374 -0.0720500723
vn -0.843705356 -0.536021054 0.0290282425
vn -0.757338405 0.651919007 0.0379502252
vn -0.663436413 0.7465083 0.0507684201
vn -0.956480742 0.0648802668 0.284491181
vn -0.532020986 0.781090915 0.326880097
vn -0.955910385 0.251631081 -0.151383922
vn -0.925189972 -0.379432917 -0.00736130588
vn -0.825120568 -0.561361611 0.0636328459
vn -0.968126178 0.244887069 0.0525552593
vn -0.912537158 -0.400042623 0.0850989968
vn -0.72684288 -0.67395556 0.132224604
vn -0.690480709 -0.711335421 0.131294325
vn -0.902494311 -0.0389426015 0.428937703
vn -0.47313422 0.704082787 0.52953881
vn -0.646994293 -0.746994317 0.152963459
vn -0.827828407 -0.136378378 0.544151664
vn -0.400170594 0.633472502 0.662250757
vn -0.584893465 -0.795519769 0.158265173
vn -0.75451088 -0.231502771 0.614100873
vn -0.330091298 0.565649152 0.75569886
vn -0.529993713 -0.838194966 0.128592193
vn -0.692204416 -0.311788023 0.650877297
vn -0.261559516 0.495129287 0.828512847
vn -0.497324109 -0.859378457 0.118900754
vn 0.523660421 -0.476814806 0.70599395
vn -0.978116035 -0.0916822776 0.186770916
vn -0.260965586 -0.301325709 0.917114913
vn 0.03494801 -0.249853507 0.967652798
vn -0.501612484 -0.11055544 0.857999086
vn -0.922783732 -0.20903264 0.323690355
vn 0.167225704 -0.211585715 0.96294713
vn 0.285151452 -0.540235043 0.791728914
vn -0.0145726483 -0.683702171 0.729615688
vn 0.30749172 -0.79236424 0.526884913
vn -0.0847168267 -0.891370475 0.445288509
vn 0.271937668 -0.907755435 0.319421232
vn -0.180754781 -0.944698691 0.27362743
vn 0.69668138 -0.565656841 0.441211343
vn 0.673084199 -0.296128005 0.677691638
vn 0.255034 -0.946218252 0.199069455
vn -0.318379045 -0.930037379 0.183481097
vn 0.0537806228 -0.983872354 0.170595691
vn -0.0628362522 -0.974219859 0.216672927
vn 0.576567948 -0.810264528 0.105075121
vn 0.569832325 -0.80411154 0.169398338
vn 0.643196523 -0.701067984 0.307899237
vn 0.639008343 -0.725611746 0.255256444
vn 0.775855184 -0.479863822 0.40960905
vn 0.560305297 -0.359353662 0.746272624
vn 0.766863465 0.0792326331 0.636900842
vn 0.56212604 -0.0292510204 0.826534092
vn 0.495105326 0.132945776 0.858601272
vn 0.697622776 0.233174235 0.677460194
vn 0.0821352676 -0.0189780239 0.99644047
vn 0.478763938 0.188312307 0.85751009
vn 0.69277364 0.320986867 0.645780206
vn -0.609191477 -0.155627698 0.777602494
vn 0.0403991491 -0.016681036 0.999044359
vn -0.652249277 -0.216436401 0.726447523
vn -0.927800834 -0.209082857 0.308982104
vn 0.0224502087 -0.0212996621 0.999521017
vn -0.0012347278 -0.095732972 0.99540627
vn 0.446820259 0.182406828 0.87583065
vn 0.65894717 0.365021676 0.657683671
vn -0.796214342 -0.107931308 -0.595309556
vn -0.817970634 -0.0890839621 -0.568320394
vn -0.630194962 -0.0215012617 -0.77613914
vn -0.514386117 0.00511344615 -0.857543528
vn -0.79400146 -0.0345130004 -0.606935382
vn 0.19363147 0.252373427 -0.948058248
vn -0.531886041 0.135358363 -0.835927844
vn -0.205541134 0.411855161 -0.887765765
vn 0.146790832 0.291038066 -0.945383191
vn 0.104385719 0.439970315 -0.891924679
vn 0.366815925 0.551454365 -0.749228954
vn 0.459826112 0.428921103 -0.777551711
vn 0.72024399 0.385155916 -0.576978028
vn 0.891332746 0.382544011 -0.243281797
vn 0.855143845 0.377951831 -0.35479787
vn 0.879239261 0.364610493 -0.306589991
vn 0.849245608 0.408029318 -0.335102946
vn 0.0436014831 0.822241962 -0.567465484
vn -0.100992359 0.915513337 -0.389404505
vn 0.377837569 0.779257298 -0.499996811
vn 0.594010413 0.500143588 -0.630085707
vn 0.910656214 0.10324771 -0.400056541
vn 0.22116226 0.541512847 -0.811080158
vn 0.875047684 0.106084071 -0.472268641
vn 0.656758845 0.192712247 -0.729060948
vn 0.373923242 0.274992555 -0.885754108
vn 0.936681747 -0.299673349 -0.181171566
vn 0.891826153 0.155964255 -0.424642444
vn 0.710848927 0.0681303069 -0.700037241
vn 0.445598245 0.142730668 -0.883781731
vn 0.966864228 -0.240317494 -0.0861452818
vn 0.941916347 0.0504936352 -0.332030237
vn 0.743995845 -0.0035417662 -0.668174922
vn 0.475099057 0.00752307847 -0.879900157
vn 0.986956239 -0.154534802 -0.0451261997
vn 0.987431288 -0.0309408065 -0.154991075
vn 0.742970049 -0.0707644522 -0.665573359
vn 0.522329748 -0.203952357 -0.827994585
vn 0.997168124 -0.0493387952 -0.0567575097
vn 0.999884844 -0.00930009037 -0.0119963931
vn 0.768854856 -0.153643936 -0.620689631
vn 0.601783395 -0.423554391 -0.677095592
vn 0.991317272 0.0772089586 -0.106436521
vn 0.996193409 0.0829403847 -0.0268233996
vn 0.989651322 0.105179846 -0.0976085737
vn 0.973856747 0.130194351 -0.18615219
vn 0.809454978 -0.203852296 -0.550660372
vn 0.945882797 0.168394789 -0.277396798
vn 0.970010936 0.0974516645 -0.222670063
vn 0.927054465 0.145103753 -0.345709473
vn 0.83655417 -0.265602499 -0.479199797
vn 0.674919784 -0.554973125 -0.486300349
vn 0.909722328 0.209418327 -0.358537555
vn 0.92140609 0.108918495 -0.37302506
vn 0.89252919 0.211671814 -0.398229331
vn 0.937192023 0.0779765397 -0.339986295
vn 0.865978062 -0.324156255 -0.380794972
vn 0.71505636 -0.629137516 -0.304762721
vn 0.899432421 0.187176123 -0.394951046
vn 0.951255441 0.101734847 -0.291140914
vn 0.886822283 -0.393769085 -0.241851509
vn 0.736353815 -0.665732503 -0.120761588
vn 0.895011127 0.212877065 -0.391967386
vn 0.978996992 0.0597324893 -0.194928154
vn 0.905514836 -0.416426599 -0.0814352706
vn 0.74385792 -0.667031527 0.0417659804
vn 0.85921216 0.354054779 -0.369323105
vn 0.973754644 0.194370553 -0.118414611
vn 0.91607964 -0.39781633 0.0504003987
vn 0.739669085 -0.64645201 0.18705456
vn 0.810871482 0.497357517 -0.308420122
vn 0.978778481 0.204607919 -0.0113311047
vn 0.918237567 -0.370786458 0.139130026
vn 0.740653992 -0.612469971 0.276246428
vn 0.808587909 0.546601415 -0.217744112
vn 0.982819498 0.180332422 0.0393217206
vn 0.920608759 -0.355559736 0.161421284
vn 0.750121117 -0.60461086 0.267888188
vn 0.85531652 0.514098883 -0.0643127859
vn 0.996247709 -0.0156855974 0.0851138383
vn 0.926107347 -0.355322212 0.126772657
vn 0.753097773 -0.634038627 0.175609767
vn 0.772990406 -0.632906258 0.043765448
vn 0.933077276 0.338911831 0.120439112
vn 0.983629405 -0.0838940516 0.15948312
vn 0.938388526 -0.341540396 0.0526973009
vn 0.820869803 -0.564302564 -0.0879519433
vn 0.939341903 0.280306846 0.197648138
vn 0.860812664 0.426731497 0.27731207
vn 0.941212714 -0.335000694 -0.0435127057
vn 0.915944993 -0.305133849 -0.260649532
vn 0.925435603 0.295093864 0.237673461
vn 0.952631056 -0.255012125 -0.165719479
vn 0.786105156 -0.248454407 -0.565958679
vn 0.913755774 0.305805773 0.26745683
vn 0.855559587 0.342301339 0.388390899
vn 0.946750581 -0.0438920595 -0.318961948
vn 0.698362708 0.139502078 -0.702017426
vn 0.880803227 0.24303548 -0.406348765
vn 0.571410775 0.495335191 -0.65431869
vn 0.89485836 0.309336752 0.321775347
vn 0.803753853 0.380854249 0.457088351
vn 0.758769035 0.515349567 -0.398352146
vn 0.865434229 0.400515914 0.301015884
vn 0.647443891 0.700048804 -0.301244259
vn 0.494432151 0.705632567 -0.507562339
vn 0.79402101 0.493754864 0.354593903
vn 0.696120322 0.399428517 0.596551239
vn 0.564239383 0.812889695 -0.144375414
vn 0.442706227 0.851709247 -0.280361295
vn 0.712869167 0.537735999 0.450175136
vn 0.555882275 0.347467571 0.755156398
vn 0.495916784 0.865916193 0.065235883
vn 0.350750297 0.933236897 -0.0777372196
vn 0.669209123 0.461979657 0.582008421
vn 0.600828886 -0.0112634841 0.799298227
vn 0.473811865 0.850059628 0.230001763
vn 0.283759803 0.957038522 0.0596459284
vn 0.690638602 0.267484367 0.671915472
vn 0.590846181 -0.242320105 0.769533455
vn 0.544393659 0.742220163 0.390825629
vn 0.298254132 0.931420505 0.208567351
vn 0.741495132 -0.034593977 0.670065761
vn 0.593791246 -0.54057771 0.595976233
vn 0.682570755 0.5565027 0.473710895
vn 0.375314295 0.855918407 0.355728656
vn 0.425631464 0.794247091 0.433600545
vn 0.822463214 -0.381947935 0.421509355
vn 0.605536938 -0.737325311 0.299460351
vn 0.824035227 0.409748316 0.391244411
vn 0.382828712 0.791385889 0.47660318
vn 0.834495366 -0.544747353 0.0828711987
vn 0.571890593 -0.820317149 -0.00457827421
vn 0.517959297 -0.8252514 -0.22511822
vn 0.846000552 0.430301338 0.314839333
vn 0.30056718 0.802336156 0.515670538
vn 0.827320039 -0.544722378 -0.137182757
vn 0.512725592 -0.779582024 -0.359672695
vn 0.829415321 -0.491774708 -0.265005171
vn 0.541539371 -0.745168269 -0.389177769
vn 0.840451002 0.461769849 0.283567607
vn 0.237224832 0.792844415 0.561357319
vn 0.832441509 -0.488101095 -0.262294531
vn 0.947491348 0.150601357 0.282098174
vn 0.83909601 0.437929899 0.322700113
vn -0.833553672 -0.314736247 -0.454014689
vn -0.824518979 -0.379832089 -0.419399738
vn -0.829929948 -0.34518683 -0.438249201
vn -0.85064435 -0.272179395 -0.449802697
vn -0.855475008 -0.267831206 -0.443203151
vn -0.851825655 -0.299802303 -0.429548055
vn -0.848167419 -0.30879429 -0.430416346
vn -0.807517648 -0.316619724 -0.497661799
vn -0.798572183 -0.300293922 -0.521637857
vn -0.766419172 -0.205785722 -0.608484983
vn -0.646602213 0.311929792 -0.696135998
vn -0.759334207 0.274247527 -0.590084553
vn -0.770117402 0.386946082 -0.507140875
vn -0.777272463 0.438775182 -0.450914413
vn -0.815901637 0.365420312 -0.448076338
vn -0.686060905 0.693896532 -0.21869652
vn -0.870839596 0.309120625 -0.382207781
vn -0.634332955 -0.662963867 -0.397618741
vn -0.863455296 0.480746329 -0.152734712
vn -0.618967474 0.782726109 0.0649539977
vn -0.781460047 -0.436443806 -0.445911407
vn -0.805945039 0.578620613 0.125103012
vn -0.592874527 0.749168158 0.295375824
vn -0.918484211 -0.236243337 -0.317137212
vn -0.746327519 0.543875158 0.383659929
vn -0.571798801 0.66350764 0.482497603
vn -0.992830813 -0.0979140326 -0.0685565323
vn -0.700143039 0.452529788 0.552282989
vn -0.569372475 0.570296943 0.592094958
vn -0.700495481 0.349276215 0.622344136
vn -0.58640331 0.486308634 0.647792399
vn -0.779715359 -0.509404719 0.364075363
vn -0.865037143 -0.317251086 0.388667554
vn -0.916023135 -0.228206068 0.32988435
vn -0.977864981 -0.1255593 0.167376548
vn -0.530270875 -0.827031672 -0.18663156
vn -0.358921826 -0.925113976 -0.12385162
vn -0.0909427106 -0.962321222 -0.256256431
vn -0.0874859095 -0.961105227 -0.26196
vn -0.433011293 -0.896351695 -0.095157519
vn -0.0881638974 -0.971436322 -0.220314711
vn -0.504916906 -0.854789257 -0.11997544
vn -0.0859102905 -0.985594213 -0.14568305
vn -0.112097308 -0.989911497 -0.0866573155
vn -0.469242632 -0.845502377 -0.25482747
vn -0.370156169 -0.909368515 -0.189824462
vn -0.129221976 -0.991135836 0.030843351
vn -0.27213949 -0.959443808 -0.0735373795
vn -0.0633443967 -0.928364098 0.366234332
vn 0.0241498016 -0.83248502 0.553520918
vn 0.0796104595 -0.771560013 0.63115555
vn 0.176423639 -0.6492607 0.739821017
vn 0.859305561 -0.505266786 -0.0793689191
vn 0.801489115 -0.580868006 -0.142153084
vn 0.819656074 -0.566001296 -0.0883533806
vn 0.771445155 -0.636012733 -0.0189808756
vn 0.848320067 -0.519648671 0.10157834
vn 0.899070442 0.0256263092 -0.437053382
vn 0.908449709 -0.00894153025 -0.417898476
vn 0.875047684 0.106084071 -0.472268641
vn 0.910656214 0.10324771 -0.400056541
vn 0.891826153 0.155964255 -0.424642444
vn 0.918716252 0.015807109 -0.394601852
vn 0.941916347 0.0504936352 -0.332030237
vn 0.815803111 -0.554500878 0.164298758
vn 0.972783625 -0.0390727408 -0.228397176
vn 0.987431288 -0.0309408065 -0.154991075
vn 0.877640486 -0.388788909 0.280339658
vn 0.892966926 -0.373200268 0.251657933
vn 0.996433973 -0.076958172 -0.0345934816
vn 0.999884844 -0.00930009037 -0.0119963931
vn 0.92206502 -0.221299484 0.317525834
vn 0.927152336 -0.201475188 0.315905422
vn 0.997003973 -0.012391259 0.0763517395
vn 0.996193409 0.0829403847 -0.0268233996
vn 0.937312007 -0.0224662498 0.34776628
vn 0.909488916 0.0166632608 0.415394247
vn 0.99377352 0.0711833611 0.0857153311
vn 0.989651322 0.105179846 -0.0976085737
vn 0.909504175 0.145659521 0.389339775
vn 0.83827424 0.220881641 0.498505384
vn 0.732235134 0.434070647 0.524799347
vn 0.992865682 0.115329586 0.0302803777
vn 0.970010936 0.0974516645 -0.222670063
vn 0.837122917 0.353078783 0.417804569
vn 0.637862265 0.65390408 0.406867504
vn 0.755971193 0.588217735 0.287241101
vn 0.969869077 0.219842434 -0.104992151
vn 0.651750505 0.75748682 0.0378829762
vn 0.560556233 0.822405934 0.0970833525
vn 0.50315702 0.847485662 -0.169118673
vn 0.909471214 0.318075597 -0.267749757
vn 0.927054465 0.145103753 -0.345709473
vn 0.527828336 0.82448554 -0.204011589
vn 0.48731637 0.803152502 -0.342737257
vn 0.872773707 0.334797263 -0.355213761
vn 0.92140609 0.108918495 -0.37302506
vn 0.405593783 0.831288517 -0.380069822
vn 0.0612861924 0.835483253 -0.546087503
vn 0.860287666 0.317567796 -0.398818105
vn 0.937192023 0.0779765397 -0.339986295
vn 0.211166024 0.811791241 -0.544430017
vn 0.284401715 0.771882594 -0.568606138
vn 0.846756995 0.335775465 -0.412622631
vn 0.951255441 0.101734847 -0.291140914
vn 0.0723435804 0.806117177 -0.587317169
vn -0.0663364157 0.861488104 -0.503426015
vn 0.840763867 0.372979879 -0.392430991
vn 0.141679019 0.852556944 -0.503064215
vn 0.971008897 -0.238566816 0.0150875794
vn 0.978996992 0.0597324893 -0.194928154
vn 0.214200512 0.903587759 -0.371008486
vn -0.0238932259 0.927302361 -0.373549819
vn 0.49812156 0.866913438 -0.0183283612
vn 0.851503253 0.425434887 -0.306508362
vn 0.955187798 -0.268348396 0.12492165
vn 0.973754644 0.194370553 -0.118414611
vn 0.266434491 0.955791593 -0.124399416
vn 0.697481036 0.681301773 0.222144201
vn 0.863752306 0.481012136 -0.150197431
vn 0.924620152 -0.313609689 0.21616298
vn 0.978778481 0.204607919 -0.0113311047
vn 0.415474057 0.894002318 0.167753145
vn 0.686677814 0.659766316 0.305257231
vn 0.845995009 0.532353103 0.0298765488
vn 0.917572737 -0.329103768 0.223049104
vn 0.982819498 0.180332422 0.0393217206
vn 0.996247709 -0.0156855974 0.0851138383
vn 0.81330657 0.506481588 0.286372036
vn 0.900628328 -0.396166027 0.178664923
vn 0.983629405 -0.0838940516 0.15948312
vn 0.411374688 0.798372626 0.439740866
vn -0.483994067 0.83536315 0.260611027
vn 0.4386006 0.898629189 0.0097542312
vn -0.821781456 0.536858797 -0.190939203
vn -0.834110796 0.550583661 -0.0334196389
vn 0.878833413 -0.433602273 0.199100226
vn 0.627259612 -0.753136218 -0.198320985
vn 0.757990599 0.416626006 0.5018695
vn 0.875859857 -0.454231709 0.162920594
vn 0.751839519 -0.582763493 -0.30842188
vn 0.28839618 0.683857381 0.670198917
vn 0.695333838 0.312696904 0.647094667
vn -0.612581253 0.66753763 0.423246592
vn -0.784962237 0.579074562 0.220243201
vn 0.900706768 -0.418423682 0.11682903
vn 0.851956129 -0.435711533 -0.290389687
vn 0.587861419 0.161175907 0.792742908
vn 0.0718928427 0.50093323 0.862494767
vn 0.918332636 -0.372079879 0.134987563
vn 0.925367892 -0.306217402 -0.223439261
vn 0.471603245 -0.00780924456 0.881776333
vn 0.927050591 -0.333172351 0.171969399
vn 0.964627028 -0.176216975 -0.196066856
vn -0.071911037 0.260998785 0.962657034
vn 0.932668269 -0.305720896 0.191479847
vn 0.0967205167 -0.212034672 0.972464144
vn 0.406688064 -0.181740686 0.895307302
vn -0.579408407 0.513396025 0.633016825
vn 0.295633733 -0.339030534 0.893117607
vn -0.175847217 0.0274345484 0.984035134
vn -0.573325396 0.304622829 0.760593772
vn -0.770602286 0.462565452 0.43841213
vn -0.281711727 -0.163936794 0.945390522
vn -0.599252641 0.116717018 0.792005956
vn -0.773136377 0.362048924 0.520750225
vn 0.835583389 -0.480160862 -0.266919523
vn 0.786530256 -0.158111215 -0.596968114
vn 0.922181547 -0.205787539 -0.327463806
vn 0.886594415 -0.459099025 -0.0563772358
vn 0.994078279 -0.108437091 -0.00704833912
vn 0.905779243 0.0647930801 -0.418767065
vn 0.943500996 -0.27550295 0.184130371
vn 0.972572863 0.128388822 0.193954498
vn 0.919035435 0.308667362 -0.245149583
vn 0.943056047 -0.00851920433 0.332524896
vn 0.833551586 0.340768665 -0.434820056
vn 0.877520323 0.256684065 -0.405057311
vn 0.795218468 0.517287791 -0.316292524
vn 0.81275785 0.581185102 -0.0406027026
vn 0.699593484 0.707103074 -0.102831252
vn 0.848645151 0.211753845 0.484728515
vn 0.861877143 0.143656716 0.48634401
vn 0.637907445 0.759919703 0.1248843
vn 0.554421544 0.825775564 0.103496544
vn 0.664939702 0.42800492 0.612100422
vn 0.695665479 0.353713989 0.62524873
vn 0.432082921 0.870287299 0.236440793
vn 0.414387524 0.882136762 0.223869726
vn 0.224745914 0.914710343 0.335848749
vn 0.24261272 0.915390849 0.321245462
vn -0 0.708047569 0.706164658
vn 0.44997263 0.536107719 0.714222133
vn 0.454773933 0.53054601 0.715333283
vn 0.288131475 -0.888446331 0.357272267
vn 0.245998025 -0.905171514 0.346626014
vn 0.350761056 -0.86210531 0.365706116
vn 0.426303387 -0.884617805 0.188988611
vn 0.539955258 -0.832263052 -0.125644609
vn 0.396639496 -0.776168883 0.490141898
vn 0.625405073 -0.779501677 -0.0352935456
vn 0.646840096 -0.759755194 0.0661051795
vn 0.580623388 -0.747437716 0.322820783
vn 0.480876386 -0.669538975 0.566105604
vn 0.761211216 -0.643579006 0.0797717348
vn 0.844199002 -0.528329909 0.0905286074
vn 0.647115886 -0.630427301 0.428721875
vn 0.514875472 -0.534942091 0.669880688
vn 0.838914156 -0.527911603 -0.132409856
vn 0.914558053 -0.375438303 -0.150431573
vn 0.752267241 -0.512337387 -0.414251596
vn 0.748282194 -0.660395145 0.0628646314
vn 0.765840888 -0.606549382 -0.213508055
vn 0.744497597 -0.535367131 -0.398880184
vn 0.850896418 -0.450433105 -0.270342886
vn 0.872470915 -0.481353283 -0.0842232406
vn 0.967734396 -0.245068327 -0.0585803054
vn 0.789539099 -0.586722553 0.179957479
vn 0.964033842 -0.258869648 0.0602088422
vn 0.985067129 -0.101606771 0.138992086
vn 0.840152979 -0.42255339 0.339987755
vn 0.978782773 -0.0506963469 0.198529631
vn 0.931860387 0.0742787942 0.355132163
vn 0.63814199 -0.502225935 0.58356142
vn 0.508384466 -0.348228902 0.787579775
vn 0.83890599 -0.231954247 0.492375731
vn 0.926791966 0.154900074 0.34214437
vn 0.819858193 0.211062089 0.532245576
vn 0.598675609 -0.33079952 0.729492366
vn 0.451938987 -0.133196086 0.882048726
vn 0.824333668 0.326189131 0.462682009
vn 0.653418899 0.388291776 0.649825454
vn 0.789003015 -0.0273593217 0.613780022
vn 0.525646269 -0.115902044 0.842770934
vn 0.6834355 0.502186775 0.52983439
vn 0.456705928 0.569120228 0.683755755
vn 0.700268626 0.16163899 0.695339322
vn 0.439771801 0.0616949312 0.895987988
vn 0.382302016 0.0599871948 0.922088206
vn 0.418867052 0.778327703 0.467713952
vn -0 0.708047569 0.706164658
vn 0.582796097 0.370180458 0.723405182
vn 0.332199067 0.192188129 0.923421681
vn 0.285332233 0.186749279 0.940058708
vn 0.421478242 0.564018488 0.710098028
vn 0.153396204 0.332223207 0.930643439
vn 0.132817715 0.287689328 0.94846946
vn -0.0584485754 -0.910493612 0.409371734
vn -0 -0.897420943 0.441175371
vn -0 -0.891375542 0.453265518
vn 0.0142827313 -0.90985781 0.414674282
vn 0.263260841 -0.904667675 0.335067481
vn -0 -0.869482517 0.493963718
vn 0.275826842 -0.888722003 0.366186798
vn 0.245998025 -0.905171514 0.346626014
vn 0.0392613113 -0.88778466 0.458581567
vn -0.0287332032 -0.881497264 0.471314192
vn -0 -0.788103819 0.615542352
vn 0.334991008 -0.851677954 0.40302068
vn 0.123679079 -0.84277159 0.523869872
vn -0.0172620136 -0.787285626 0.616346836
vn -0 -0.596859157 0.802346051
vn 0.394555956 -0.759155869 0.517694771
vn 0.219313666 -0.750106692 0.623892188
vn 0.0166545622 -0.580761075 0.813903689
vn -0 -0.343389124 0.939193189
vn 0.444938391 -0.555410743 0.702530324
vn 0.298445493 -0.559310734 0.773370385
vn 0.03631825 -0.325513184 0.944839716
vn -0 -0.102599613 0.994722724
vn 0.470424592 -0.302438408 0.828994453
vn 0.336555153 -0.342115492 0.877318501
vn 0.31309554 -0.0896353647 0.945482254
vn 0.0509456806 -0.0938539878 0.99428165
vn 0.489507437 -0.0470505655 0.870728791
vn 0.268471211 0.104167446 0.957638979
vn 0.472659051 0.148794904 0.868592799
vn 0.24208504 0.229895383 0.942625582
vn 0.0649491251 0.101946637 0.992667377
vn -0 0.0884272754 0.996082544
vn 0.4656398 0.309664577 0.829027951
vn 0.24378325 0.417744607 0.875248015
vn 0.0579193793 0.291669726 0.954763889
vn -0 0.282886297 0.959153533
vn 0.478287637 0.48362866 0.73303771
vn -0 0.708047569 0.706164658
vn 0.0805375502 0.484484732 0.871084452
vn -0 0.465428621 0.885085464
vn 0.738205373 -0.532751977 -0.41379717
vn 0.744497597 -0.535367131 -0.398880184
vn 0.850896418 -0.450433105 -0.270342886
vn 0.839951038 -0.458853096 -0.289717317
vn 0.70337224 -0.401606739 -0.586497545
vn 0.953439653 -0.290673792 -0.0803833231
vn 0.967734396 -0.245068327 -0.0585803054
vn 0.782903314 -0.215579733 -0.583598852
vn 0.596356332 -0.256903738 -0.760499597
vn 0.786530256 -0.158111215 -0.596968114
vn 0.877583742 0.0523588471 -0.476555675
vn 0.922181547 -0.205787539 -0.327463806
vn 0.936971962 0.217537001 -0.273424774
vn 0.994078279 -0.108437091 -0.00704833912
vn 0.976377845 -0.150971994 0.154575899
vn 0.985067129 -0.101606771 0.138992086
vn 0.929010272 0.036306981 0.368268371
vn 0.931860387 0.0742787942 0.355132163
vn 0.915383279 0.399248481 -0.0517112799
vn 0.972572863 0.128388822 0.193954498
vn 0.861877143 0.143656716 0.48634401
vn 0.814293623 0.205021679 0.54303962
vn 0.819858193 0.211062089 0.532245576
vn 0.695665479 0.353713989 0.62524873
vn 0.625331819 0.3953228 0.672814906
vn 0.653418899 0.388291776 0.649825454
vn 0.454773933 0.53054601 0.715333283
vn 0.376574248 0.567095995 0.732525826
vn 0.456705928 0.569120228 0.683755755
vn -0 0.708047569 0.706164658
vn -0.03594907 0.658136368 -0.752040029
vn -0 0.750713527 -0.660627902
vn -0 0.687688529 -0.726005793
vn -0.0542447381 0.731399 -0.679789066
vn -0 0.852002919 -0.52353698
vn 0.206777394 0.85231787 -0.480413765
vn -0 0.948919296 -0.315518677
vn 0.275418729 0.711946249 -0.645969808
vn 0.337022662 0.617791533 -0.710457087
vn 0.529503584 0.553486109 -0.642867863
vn 0.512949288 0.636870325 -0.575568736
vn 0.397960663 0.787357152 -0.470846087
vn 0.3099612 0.900752425 -0.304251939
vn 0.17973277 0.943118155 -0.279686034
vn -0 0.993901014 -0.110275902
vn 0.224743575 0.967294574 -0.117607519
vn 0.153306141 0.985062242 -0.0784187987
vn 0.152675867 0.987740934 0.032528013
vn -0 0.995550632 0.0942282826
vn 0.134151757 0.984225273 0.115342155
vn 0.0591227636 0.976135612 0.208958447
vn 0.142724141 0.951473951 0.272630334
vn -0 0.966102064 0.258160651
vn 0.0400654227 0.917506337 0.39569816
vn 0.152922451 0.876437426 0.456587464
vn -0 0.893327713 0.449405849
vn -0 0.708047569 0.706164658
vn -0.835583389 -0.480160803 -0.266919494
vn -0.922181547 -0.205787495 -0.327463746
vn -0.786530256 -0.158111185 -0.596968114
vn -0.886594415 -0.459099025 -0.0563772358
vn -0.994078279 -0.108437091 -0.00704835169
vn -0.905779243 0.0647930801 -0.418767065
vn -0.943500996 -0.27550295 0.184130371
vn -0.972572863 0.128388822 0.193954423
vn -0.919035435 0.308667392 -0.245149553
vn -0.943056047 -0.00851920433 0.332524896
vn -0.833551586 0.340768665 -0.434820056
vn -0.877520323 0.256684065 -0.405057311
vn -0.795218468 0.517287791 -0.316292465
vn -0.81275785 0.581185102 -0.0406026915
vn -0.699593365 0.707103074 -0.10283123
vn -0.848645151 0.211753815 0.484728456
vn -0.861877143 0.143656716 0.48634401
vn -0.637907445 0.759919703 0.124884322
vn -0.554421306 0.825775623 0.103496537
vn -0.664939702 0.42800492 0.612100422
vn -0.695665479 0.353713989 0.62524873
vn -0.432082921 0.870287299 0.236440822
vn -0.414387375 0.882136822 0.223869681
vn -0.224745914 0.914710343 0.335848749
vn -0.24261272 0.915390849 0.321245492
vn -0 0.708047569 0.706164658
vn -0.44997263 0.536107719 0.714222133
vn -0.454773933 0.53054601 0.715333283
vn -0.288131386 -0.888446331 0.357272267
vn -0.350761086 -0.862105429 0.365706146
vn -0.24599801 -0.905171514 0.346626014
vn -0.426303327 -0.884617805 0.188988581
vn -0.539955199 -0.832263112 -0.12564458
vn -0.396639436 -0.776168883 0.490141898
vn -0.625405073 -0.779501677 -0.0352935456
vn -0.646840155 -0.759755194 0.0661051869
vn -0.580623388 -0.747437716 0.322820783
vn -0.480876386 -0.669538975 0.566105664
vn -0.761211216 -0.643578947 0.0797717348
vn -0.844199002 -0.528329909 0.0905286074
vn -0.647115886 -0.630427301 0.428721875
vn -0.514875472 -0.534942031 0.669880748
vn -0.838914156 -0.527911544 -0.132409856
vn -0.914558053 -0.375438273 -0.150431573
vn -0.752267301 -0.512337327 -0.414251506
vn -0.748282194 -0.660395145 0.0628646314
vn -0.765840888 -0.606549382 -0.213508055
vn -0.744497538 -0.535367191 -0.398880213
vn -0.850896418 -0.450433105 -0.270342886
vn -0.872470915 -0.481353283 -0.0842232406
vn -0.967734396 -0.245068327 -0.0585803054
vn -0.789539099 -0.586722553 0.179957479
vn -0.964033842 -0.258869678 0.060208831
vn -0.985067129 -0.101606764 0.138992071
vn -0.840152979 -0.42255339 0.339987755
vn -0.978782773 -0.0506963581 0.198529631
vn -0.931860387 0.0742787942 0.355132133
vn -0.63814199 -0.502225935 0.58356142
vn -0.508384466 -0.348228902 0.787579775
vn -0.83890599 -0.231954277 0.492375761
vn -0.926791966 0.154900074 0.34214437
vn -0.819858193 0.211062044 0.532245576
vn -0.598675549 -0.33079949 0.729492426
vn -0.451938987 -0.133196101 0.882048726
vn -0.824333668 0.326189131 0.462682009
vn -0.653418899 0.388291746 0.649825573
vn -0.789002895 -0.0273593199 0.613780022
vn -0.525646269 -0.115902044 0.842770934
vn -0.6834355 0.502186775 0.52983439
vn -0.456705928 0.569120228 0.683755755
vn -0.700268686 0.161639005 0.695339262
vn -0.439771801 0.0616949387 0.895987988
vn -0.382301956 0.0599871948 0.922088206
vn -0.418867052 0.778327703 0.467713952
vn -0 0.708047569 0.706164658
vn -0.582796037 0.370180488 0.723405242
vn -0.332199067 0.192188159 0.923421681
vn -0.285332233 0.186749279 0.940058708
vn -0.421478271 0.564018488 0.710098088
vn -0.153396204 0.332223207 0.930643439
vn -0.132817715 0.287689328 0.94846946
vn 0.0584485754 -0.910493612 0.409371763
vn -0 -0.891375542 0.453265518
vn -0 -0.897420943 0.441175371
vn -0.0142827416 -0.90985781 0.414674282
vn -0.263260812 -0.904667675 0.335067481
vn -0 -0.869482517 0.493963718
vn -0.275826842 -0.888722003 0.366186798
vn -0.24599801 -0.905171514 0.346626014
vn -0.0392612927 -0.88778466 0.458581567
vn 0.0287331864 -0.881497264 0.471314192
vn -0 -0.788103819 0.615542352
vn -0.334991008 -0.851677954 0.40302068
vn -0.123679072 -0.84277153 0.523869872
vn 0.0172620062 -0.787285566 0.616346896
vn -0 -0.596859157 0.802346051
vn -0.394555926 -0.759155869 0.517694771
vn -0.219313666 -0.750106692 0.623892188
vn -0.0166545566 -0.580761075 0.813903689
vn -0 -0.343389124 0.939193189
vn -0.444938332 -0.555410743 0.702530324
vn -0.298445493 -0.559310734 0.773370385
vn -0.0363182425 -0.325513124 0.944839776
vn -0 -0.102599613 0.994722724
vn -0.470424563 -0.302438378 0.828994453
vn -0.336555153 -0.342115492 0.877318501
vn -0.31309554 -0.0896353647 0.945482254
vn -0.0509456843 -0.0938539803 0.99428165
vn -0.489507496 -0.0470505804 0.870728791
vn -0.268471152 0.104167446 0.957638979
vn -0.472659051 0.148794889 0.868592799
vn -0.24208501 0.229895383 0.942625582
vn -0.0649491176 0.10194663 0.992667377
vn -0 0.0884272754 0.996082544
vn -0.4656398 0.309664577 0.829027951
vn -0.243783221 0.417744666 0.875248015
vn -0.0579193756 0.291669726 0.954763889
vn -0 0.282886297 0.959153533
vn -0.478287637 0.48362869 0.73303771
vn -0 0.708047569 0.706164658
vn -0.0805375502 0.484484732 0.871084452
vn -0 0.465428621 0.885085464
vn -0.738205373 -0.532751977 -0.41379717
vn -0.850896418 -0.450433105 -0.270342886
vn -0.744497538 -0.535367191 -0.398880213
vn -0.839950979 -0.458853096 -0.289717317
vn -0.70337224 -0.401606739 -0.586497545
vn -0.953439653 -0.290673792 -0.0803833231
vn -0.967734396 -0.245068327 -0.0585803054
vn -0.782903314 -0.215579733 -0.583598971
vn -0.596356332 -0.256903708 -0.760499597
vn -0.786530256 -0.158111185 -0.596968114
vn -0.877583742 0.0523588471 -0.476555675
vn -0.922181547 -0.205787495 -0.327463746
vn -0.936971962 0.217537001 -0.273424804
vn -0.994078279 -0.108437091 -0.00704835169
vn -0.976377845 -0.150971979 0.154575899
vn -0.985067129 -0.101606764 0.138992071
vn -0.929010391 0.0363069884 0.3682684
vn -0.931860387 0.0742787942 0.355132133
vn -0.915383279 0.399248481 -0.0517113023
vn -0.972572863 0.128388822 0.193954423
vn -0.861877143 0.143656716 0.48634401
vn -0.814293623 0.205021679 0.54303962
vn -0.819858193 0.211062044 0.532245576
vn -0.695665479 0.353713989 0.62524873
vn -0.625331819 0.3953228 0.672814906
vn -0.653418899 0.388291746 0.649825573
vn -0.454773933 0.53054601 0.715333283
vn -0.376574218 0.567095995 0.732525766
vn -0.456705928 0.569120228 0.683755755
vn -0 0.708047569 0.706164658
vn 0.03594907 0.658136368 -0.752040029
vn -0 0.687688529 -0.726005793
vn -0 0.750713527 -0.660627902
vn 0.0542447306 0.73139894 -0.679789066
vn -0 0.852002919 -0.52353698
vn -0.206777394 0.85231787 -0.480413795
vn -0 0.948919296 -0.315518677
vn -0.275418729 0.711946249 -0.645969808
vn -0.337022662 0.617791533 -0.710457087
vn -0.529503584 0.553486109 -0.642867863
vn -0.512949288 0.636870265 -0.575568676
vn -0.397960663 0.787357152 -0.470846087
vn -0.3099612 0.900752425 -0.304251939
vn -0.17973277 0.943118155 -0.279686034
vn -0 0.993901014 -0.110275902
vn -0.224743575 0.967294574 -0.117607519
vn -0.153306171 0.985062242 -0.0784188062
vn -0.152675912 0.987740934 0.0325280204
vn -0 0.995550632 0.0942282826
vn -0.134151787 0.984225273 0.115342177
vn -0.0591227747 0.976135612 0.208958492
vn -0.142724141 0.951473832 0.272630304
vn -0 0.966102064 0.258160651
vn -0.0400654003 0.917506337 0.39569816
vn -0.152922451 0.876437426 0.456587464
vn -0 0.893327713 0.449405849
vn -0 0.708047569 0.706164658
vn 0.807955682 0.420917392 -0.412354529
vn 0.529365063 0.657519877 -0.53613466
vn 0.582841516 0.689372063 -0.430188268
vn 0.890120029 0.36585319 -0.271731198
vn 0.977256119 -0.16041179 -0.138703078
vn 0.950323045 -0.283823788 -0.127789468
vn 0.883977711 0.42317307 -0.198766336
vn 0.668997884 0.702327728 -0.243264347
vn 0.878832102 0.433321178 -0.19971703
vn 0.742370725 0.610786974 -0.275363415
vn 0.737203956 -0.632795393 -0.236855045
vn 0.477573425 -0.793016195 -0.378218085
vn 0.40111649 -0.829777122 -0.388040483
vn 0.379347473 -0.826420963 -0.416081727
vn 0.567425072 -0.779829383 -0.264376581
vn 0.795809507 -0.569492817 -0.205827996
vn 0.837222517 -0.523525119 -0.158050239
vn 0.777446032 -0.604381144 -0.174071744
vn 0.97720933 -0.170245469 -0.126801133
vn 0.809175849 -0.56791079 -0.150704205
vn 0.619248569 -0.758103371 -0.204476178
vn 0.926885426 -0.175962433 -0.331542909
vn 0.933948338 0.0256429333 -0.356487006
vn 0.96324724 -0.219798207 -0.154413775
vn -0.807955682 0.420917392 -0.412354529
vn -0.582841575 0.689372122 -0.430188268
vn -0.529365063 0.657519877 -0.536134601
vn -0.890120029 0.36585319 -0.271731198
vn -0.977256119 -0.16041179 -0.138703078
vn -0.950323164 -0.28382504 -0.127786472
vn -0.883977711 0.42317307 -0.198766381
vn -0.668997943 0.702327728 -0.243264362
vn -0.878832102 0.433321178 -0.19971703
vn -0.742370725 0.610786974 -0.275363415
vn -0.737205863 -0.632794857 -0.236850575
vn -0.477585554 -0.793012619 -0.378210247
vn -0.401128232 -0.829774022 -0.388035119
vn -0.379364103 -0.826416969 -0.416074395
vn -0.567425072 -0.779829383 -0.264376581
vn -0.795809507 -0.569492817 -0.205827996
vn -0.837224364 -0.523521602 -0.158051878
vn -0.777467489 -0.604353487 -0.174072489
vn -0.977206886 -0.170256034 -0.126804873
vn -0.809176743 -0.567909122 -0.150705874
vn -0.619274974 -0.758083045 -0.204471752
vn -0.963240564 -0.219826147 -0.154414773
vn -0.92689079 -0.175950482 -0.331534207
vn -0.933951318 0.0256522503 -0.356478482
vn 0.466002256 0.294230312 0.834428132
vn 0.47588259 0.281554878 0.833224177
vn 0.620050907 0.154228985 0.769253075
vn 0.57217896 0.360448599 0.736673713
vn 0.809316754 0.125198931 0.573874235
vn 0.896993041 -0.234000534 0.375029624
vn 0.890964985 -0.249841064 0.379158169
vn 0.665938258 0.574047625 0.47644043
vn 0.94412446 -0.268750191 0.19079414
vn 0.85940665 0.336635947 0.384833097
vn 0.626906693 0.748657465 0.215638757
vn 0.963531554 -0.245333299 0.106856614
vn 0.879674137 -0.472391367 -0.0549511351
vn 0.779969096 -0.609759033 -0.14086239
vn 0.830276787 0.523670554 0.190812454
vn 0.480055243 0.876657903 -0.0319035724
vn 0.634714901 -0.742238641 -0.214985564
vn 0.314243644 -0.87260896 -0.373904526
vn 0.34578079 -0.90306443 -0.254775047
vn 0.757586718 0.652292609 -0.0240132045
vn 0.301397413 0.903014779 -0.306143731
vn 0.981760442 -0.177350655 0.0685066506
vn 0.6387555 -0.751629174 -0.164453194
vn 0.402741522 -0.902237594 -0.154164165
vn 0.993810594 -0.109130628 -0.0207601842
vn 0.633860886 -0.762441635 -0.130011916
vn 0.445706755 -0.893341422 -0.0573282242
vn 0.678871274 0.678032398 -0.281790197
vn 0.641008615 -0.762043536 -0.0916384533
vn 0.468010098 -0.883347332 0.0257674679
vn 0.977982998 -0.119107038 -0.171355829
vn 0.558341324 0.632981479 -0.536273539
vn 0.148875609 0.844228089 -0.514893174
vn -0.0200456716 0.76862663 -0.639383495
vn 0.929567516 -0.164889336 -0.329720736
vn 0.656273186 -0.748542368 -0.0948145837
vn 0.51838398 -0.854096174 0.0424018577
vn 0.852005005 -0.189121544 -0.488180757
vn 0.413835615 0.538501203 -0.734000385
vn 0.64623946 -0.751722038 -0.131486088
vn 0.192397982 0.316818208 -0.928767622
vn -0.257651508 0.601593733 -0.756108999
vn 0.720232904 -0.33517462 -0.607389927
vn 0.638150036 -0.759206772 -0.127943605
vn 0.590435743 -0.806163609 0.0385449119
vn 0.598623812 -0.551700175 -0.580755055
vn 0.0083579272 -0.0183320977 -0.999797046
vn -0.456228048 0.297845304 -0.838536859
vn 0.627264738 -0.775624394 -0.0703263283
vn 0.616421998 -0.772612393 0.151967332
vn 0.314114839 -0.802007914 -0.508050382
vn 0.531646192 -0.681497574 -0.502904952
vn -0.0747437999 -0.339013189 -0.937807798
vn -0.540724635 -0.0399220735 -0.840251863
vn 0.860237062 -0.507404864 -0.0503225178
vn 0.941649973 -0.336495697 0.00812697317
vn 0.966150343 -0.252849638 0.051192183
vn 0.882888675 -0.468170196 -0.0363895632
vn 0.9992643 0.0240201578 -0.0298970155
vn 0.46904847 -0.844743192 -0.257686824
vn 0.239315629 -0.898982286 -0.36682269
vn 0.947536945 -0.293393344 -0.126862288
vn 0.906962514 0.233676448 -0.350448638
vn 0.529537618 -0.813045382 -0.241965219
vn 0.909169436 -0.16444698 -0.382580966
vn 0.721351385 0.193103045 -0.665104091
vn 0.559738398 -0.789106429 -0.252989978
vn 0.748973608 -0.217970967 -0.625721276
vn 0.459915102 0.00326692662 -0.887956917
vn 0.464988112 -0.328576118 -0.822085023
vn 0.288426936 -0.691622257 -0.662169695
vn 0.527988315 -0.788938403 -0.314331889
vn 0.385818392 -0.83407712 -0.394283652
vn 0.208639815 -0.977567255 -0.0288402587
vn 0.278605789 -0.956177771 -0.0900154561
vn 0.291739434 -0.93028605 -0.222386882
vn 0.234917969 -0.920889616 -0.311088204
vn 0.065395236 -0.914368033 -0.399567932
vn -0.0618269965 -0.887963295 -0.455739588
vn -0.104246922 -0.870555162 -0.48090142
vn -0.113601387 -0.861633599 -0.494653583
vn -0.144911766 -0.833727121 -0.532822371
vn -0.151234403 -0.828210413 -0.539625406
vn 0.171006352 -0.918763876 -0.355850935
vn -0.107751101 -0.975913525 -0.189690679
vn -0.0698748007 -0.950524867 -0.302687943
vn 0.0957945958 -0.892491043 -0.440775663
vn 0.0692473948 -0.889676332 -0.451309919
vn 0.341431111 -0.751993835 -0.563852906
vn 0.494630098 -0.693882942 -0.523323596
vn 0.483150035 -0.679835081 -0.551715851
vn 0.225412533 -0.493246913 -0.840176582
vn 0.109306194 -0.67485553 -0.729809642
vn -0.0135789625 -0.41301012 -0.91062516
vn 0.0521138422 -0.88268739 -0.467062294
vn 0.0336313583 -0.915654838 -0.400556147
vn 0.0567202494 -0.901262105 -0.429545581
vn 0.0605195239 -0.931463838 -0.358765006
vn 0.159035176 -0.941960752 -0.295664847
vn -0.00492275786 -0.688127756 -0.725572824
vn -0.349514902 -0.36704427 -0.862042785
vn 0.136283427 -0.906213582 -0.400254548
vn 0.100474916 -0.843319833 -0.527935922
vn -0.118102714 -0.648499191 -0.751997769
vn -0.0297706053 -0.799955189 -0.599320769
vn -0.34979108 -0.575141788 -0.739498496
vn -0.475044817 -0.391438931 -0.788104057
vn -0.627539933 -0.43597582 -0.645072579
vn -0.356420189 -0.676467657 -0.644481301
vn -0.565631509 -0.50505054 -0.651908696
vn -0.571180642 -0.396356612 -0.718786478
vn -0.825708985 -0.304663658 -0.474747121
vn -0.837260544 0.122092657 -0.532999158
vn -0.712123752 0.629277825 -0.311270088
vn -0.772624552 -0.356772095 -0.525133371
vn -0.875252485 -0.299993694 -0.379390121
vn -0.804189622 -0.471397787 -0.362026542
vn -0.901769102 0.328367263 -0.281047076
vn -0.736724615 0.65531224 -0.166741386
vn -0.945886552 -0.268243283 -0.182604298
vn -0.709210038 -0.657038271 -0.25558123
vn -0.869660974 0.49348855 -0.0126081379
vn -0.339446038 0.928735435 0.149086788
vn -0.969080985 -0.246257082 -0.0154757565
vn -0.641593337 -0.76371783 -0.0713662878
vn -0.924697995 -0.233516172 0.300672203
vn -0.537058771 -0.798199713 0.272846401
vn -0.715759218 -0.258291394 0.648825288
vn -0.354780257 -0.757936299 0.547415257
vn -0.827127159 0.428048313 0.364191294
vn -0.725219905 0.659172714 0.198865369
vn -0.747917593 0.653721273 0.115185894
vn -0.412724614 0.869199574 -0.272305518
vn -0.291177809 0.822623193 -0.488371372
vn -0.245619938 0.926921606 -0.283702642
vn -0.405130297 0.902829409 -0.144112512
vn -0.207011983 0.977915585 -0.0287607852
vn -0.805905163 0.585827887 0.0855717734
vn -0.407946765 0.912662327 0.025036253
vn -0.0825337768 0.983058453 0.163658857
vn 0.0937167481 0.940923095 0.325393319
vn -0.646102488 0.720156491 -0.252836347
vn -0.699842393 0.686050773 -0.19888401
vn -0.782185435 0.614794612 -0.101062305
vn -0.804766178 0.593510807 -0.00981088914
vn -0.787825644 0.605958641 0.110203892
vn -0.776398718 0.58657223 0.230516836
vn -0.753901482 0.53158313 0.386072606
vn -0.730296254 0.540536106 0.417717606
vn -0.616102874 0.69671762 0.367426038
vn -0.340531409 0.91393131 0.220834643
vn -0.178995103 0.964423001 0.194548443
vn -0.116521455 0.993184626 0.00266142306
vn -0.0408038758 0.996746421 0.0695091486
vn -0.425732702 0.851745844 -0.305418879
vn -0.494375885 0.798838437 -0.342709243
vn -0.540106058 0.77856797 -0.319558144
vn -0.537252605 0.795911491 -0.279077858
vn -0.519123256 0.794721782 -0.314528495
vn -0.42505464 0.778423667 -0.461936176
vn -0.433625221 0.820677042 -0.372099996
vn -0.329616964 0.771832108 -0.543716609
vn -0.136558741 0.791362643 -0.595899999
vn -0.14366211 0.932399511 -0.331651121
vn 0.185186833 0.858178377 -0.478785515
vn 0.535851538 0.818431914 -0.207442299
vn -0.579719007 0.806523323 -0.115956903
vn -0.623340905 0.777689576 -0.0815171227
vn -0.485496104 0.868566573 -0.0994271338
vn -0.726218462 0.687385201 0.0104059242
vn -0.313882858 0.948506534 -0.0425767116
vn -0.758073568 0.648902953 -0.0651867017
vn 0.229876518 0.962366819 -0.144937381
vn -0.0745681897 0.9938187 -0.0822427869
vn -0.901245475 0.220509157 -0.373004496
vn -0.580213368 -0.270490587 -0.768236458
vn -0.824951768 0.561790526 0.0620165691
vn -0.736433625 -0.237252519 -0.633543015
vn 0.411970705 0.906771183 -0.0897008777
vn 0.696250677 0.716308713 -0.0462270901
vn 0.157661915 0.980640769 -0.116131134
vn -0.933768272 0.15378125 -0.323153287
vn -0.874700546 0.484164357 0.0219964366
vn -0.780348778 -0.34110269 -0.524122894
vn -0.913295388 0.405693412 -0.0361165628
vn -0.966006339 0.0392869078 -0.255515784
vn -0.834076345 -0.456901312 -0.309124023
vn -0.938309491 0.336175025 -0.0810033754
vn -0.983210802 -0.0655701458 -0.17028515
vn -0.794932306 -0.595861077 -0.114159234
vn -0.955572963 0.291852623 -0.0412587635
vn -0.979972184 -0.189307123 -0.0617844947
vn -0.615896165 -0.783385515 0.0835402161
vn -0.959869742 0.276869327 0.0446477905
vn -0.951160431 -0.295911968 0.0879205689
vn -0.364801317 -0.882795334 0.295960009
vn -0.941780865 0.297881663 0.155933276
vn -0.879145086 -0.377285749 0.291134775
vn -0.745245397 -0.340401798 0.5733549
vn -0.14255552 -0.837479532 0.527547121
vn -0.892200828 0.335780948 0.302040964
vn 0.024509551 -0.701993167 0.711761832
vn -0.823808908 0.391503841 0.409955561
vn -0.564879417 -0.209196225 0.798215568
vn 0.183205292 -0.579004169 0.794474602
vn -0.748537719 0.480644166 0.45680669
vn -0.400240183 -0.0276465509 0.915993214
vn -0.648783028 0.42536962 0.630984426
vn -0.755743384 0.632293642 0.170460075
vn -0.399178326 0.912164629 0.0928024948
vn -0.411389947 0.909176707 0.064467445
vn -0.770147204 0.614093184 0.172519103
vn -0.509321213 0.860072255 0.029455699
vn -0.854097307 0.423856944 0.301435053
vn -0.751353443 0.57460165 0.324501097
vn -0.924479544 0.169379756 0.341537833
vn -0.834380925 0.475946307 0.277999252
vn -0.618582189 0.77114898 0.150616288
vn -0.823817968 -0.0259280354 0.566261113
vn -0.736399889 0.366666138 0.568569362
vn -0.580099642 -0.0853225514 0.810064554
vn -0.548313618 0.726198435 0.414714396
vn -0.178366855 -0.0873208493 0.980081737
vn -0.438700318 0.346718729 0.829052627
vn -0.259811193 0.649261773 0.714812756
vn 0.318284005 -0.42846173 0.845645249
vn 0.433068722 -0.407123119 0.804178059
vn -0.0142019168 0.270738184 0.962548256
vn 0.560415804 -0.469818324 0.682059348
vn 0.647592306 -0.358238846 0.672524333
vn 0.460330099 0.150993377 0.874812603
vn 0.301312387 0.521188617 0.798481882
vn 0.694451869 -0.504172206 0.513368189
vn 0.74998045 -0.404533595 0.523337245
vn 0.788538456 0.0692543089 0.611073554
vn 0.702435493 0.425417095 0.570617914
vn 0.83956778 0.408723921 0.357869625
vn 0.904247105 0.0380557887 0.425310403
vn 0.812614322 0.422631443 0.401298523
vn 0.728290975 -0.559151292 0.396159023
vn 0.787438989 -0.477158219 0.390204966
vn 0.901792169 -0.0222731829 0.431595564
vn 0.540232837 0.345226109 0.767442167
vn 0.744085848 -0.599781692 0.29427582
vn 0.829006553 -0.462585121 0.314265788
vn 0.808289409 -0.445561051 0.384894252
vn 0.845488608 -0.48154217 0.230794981
vn 0.784888208 -0.41014722 0.464467257
vn 0.803303599 -0.0545937233 0.593062282
vn 0.843021214 -0.388426095 0.372075915
vn 0.672563493 -0.342393816 0.656067669
vn 0.516831994 -0.0814781561 0.852200627
vn 0.10116709 0.158234313 0.982205212
vn 0.740226388 -0.379665196 0.55490464
vn 0.789000928 -0.411579162 0.456158102
vn 0.175682709 -0.136871129 0.974885643
vn -0.200905859 0.0882627219 0.97562623
vn -0.472697139 0.0918727741 0.876422703
vn 0.648624182 -0.35662353 0.672388554
vn 0.818057418 -0.324849218 0.474610448
vn -0.130189866 -0.144164607 0.980952084
vn -0.733894467 0.084810175 0.673948288
vn 0.473215073 -0.425095528 0.771596551
vn -0.222792372 -0.362540096 0.904946506
vn -0.42544049 -0.190539151 0.884700656
vn 0.274208665 0.292730451 -0.916034102
vn 0.688574255 -0.098416172 -0.718456447
vn 0.766594589 0.0770756975 -0.637488782
vn 0.541846812 0.412444681 -0.732319176
vn 0.947133839 0.134362817 -0.291348964
vn 0.583626568 0.545646012 -0.601373851
vn 0.203551859 0.597146928 -0.775875092
vn -0.187526047 0.488869309 -0.851962864
vn -0.50614202 0.397156537 -0.76556319
vn -0.583294988 0.370485425 -0.722846866
vn -0.61006403 0.385905504 -0.692025185
vn -0.437715441 0.51567626 -0.736534476
vn -0.271109432 0.616810083 -0.738948584
vn -0.260176867 0.656084538 -0.708421409
vn -0.547567606 0.83575505 -0.0410257652
vn -0.609859586 0.791998565 -0.0284524634
vn -0.708497822 0.705683708 -0.00642841961
vn -0.745095134 0.66695261 0.00275278976
vn -0.760118544 0.649748206 0.00686398055
vn -0.770619571 0.637114406 0.0151907392
vn -0.755833268 0.654757023 -0.00306980219
vn -0.756174266 0.654197872 0.0150217703
vn -0.713451385 0.69969064 -0.0376846567
vn -0.69105792 0.71205157 -0.124183878
vn -0.532610416 0.819357216 -0.212084696
vn -0.681110084 0.717028022 -0.148189083
vn -0.701736629 0.686763883 -0.189528912
vn -0.691855788 0.693129659 -0.202254176
vn -0.677888215 0.723080635 -0.132747546
vn -0.687912822 0.722156525 -0.0725656971
vn -0.650149584 0.750819266 -0.116515845
vn -0.702282608 0.705269277 -0.0969249159
vn -0.688248873 0.721579313 -0.0750775412
vn -0.758328676 0.635658801 -0.144483477
vn -0.759960115 0.605314434 -0.236759558
vn -0.757368386 0.567686439 -0.322684318
vn -0.680367291 0.544195712 -0.490868032
vn -0.628318429 0.573861897 -0.525260389
vn -0.412128508 0.443983823 -0.795630813
vn -0.0653827339 0.523329258 -0.849618614
vn 0.0240862351 0.558487117 -0.829163492
vn 0.479951173 0.449858278 -0.753176212
vn 0.548983514 0.420671225 -0.722255349
vn 0.733726144 0.316685855 -0.601128936
vn -0.601453543 -0.258731604 -0.755851567
vn -0.601453602 -0.258731604 -0.755851567
vn -0.628979206 -0.22945942 -0.7427876
vn -0.663059115 -0.190821886 -0.72383672
vn -0.738724351 -0.109940656 -0.66498071
vn -0.801339388 -0.0385862589 -0.5969643
vn -0.871792316 0.0800144449 -0.483296752
vn -0.892999113 0.138163537 -0.42832619
vn -0.910600424 0.207928509 -0.357172936
vn 0.592633903 0.399896562 0.699190855
vn 0.574784875 0.40088284 0.713382959
vn 0.647245467 0.395384192 0.651724339
vn 0.474993438 0.452762932 0.754577279
vn 0.466965079 0.460486859 0.754914165
vn 0.418465972 0.504848719 0.754992723
vn 0.418465972 0.504848719 0.754992723
vn -0.727038145 0.33415851 0.599794805
vn 0.572791576 0.789145947 -0.221716985
vn 0.571155488 0.794306397 -0.207023501
vn 0.598950744 0.752988219 -0.27251935
vn 0.532436907 0.796646953 -0.286119699
vn 0.524694741 0.798622012 -0.294785321
vn 0.530391455 0.794300616 -0.296262503
vn 0.538031101 0.78919673 -0.296126813
vn 0.594021738 0.766760826 -0.243343294
vn 0.597725987 0.772948325 -0.212778106
vn 0.591382742 0.797513843 -0.119324066
vn 0.58391881 0.806604743 -0.0918016881
vn 0.51807487 0.855244875 -0.0124306586
vn 0.504119575 0.863627315 -0.00338049745
vn 0.402239949 0.909348011 0.106251024
vn 0.410212606 0.907096088 0.0943515599
vn 0.33572638 0.928768277 0.157090247
vn 0.33124125 0.930494428 0.15639469
vn 0.292093784 0.950297773 0.107774295
vn 0.287423253 0.952984393 0.0959618315
vn 0.228492633 0.973369896 0.0184979644
vn 0.344682515 0.938351154 0.0262876917
vn 0.248593643 0.968297064 -0.024537826
vn 0.4085446 0.91263932 0.0134466244
vn 0.381902844 0.924167275 0.00807806198
vn 0.291701078 0.956393182 -0.0149167944
vn -0.0926330611 0.989472091 -0.111194044
vn -0.312608808 0.931308568 -0.186922789
vn -0.486903429 0.803248823 -0.343098342
vn -0.539698124 0.745044291 -0.391963005
vn -0.539698184 0.745044291 -0.391963005
vn 0.842813313 -0.537754893 0.0220324341
vn 0.813569903 -0.578999221 -0.0535159484
vn 0.869263113 -0.494268656 0.00895560347
vn 0.917057335 -0.349898577 0.191250682
vn 0.906235337 -0.309329093 0.288189143
vn 0.900258601 -0.0124525791 0.435177207
vn 0.800684035 -0.598503709 -0.0264257193
vn 0.555086792 -0.745095253 -0.369745404
vn 0.584513128 -0.782751679 -0.213644996
vn 0.883716881 -0.0643353015 0.463578999
vn 0.862607181 0.0608446375 0.502202034
vn 0.652929008 -0.728403747 0.207633615
vn 0.447773576 -0.873628259 -0.190453589
vn 0.878020525 -0.314542383 0.360753357
vn 0.670117855 -0.182632446 0.719435513
vn 0.680277228 -0.0278578941 0.732425272
vn 0.271070391 -0.921622992 0.277726173
vn 0.425901234 -0.814851522 -0.39322412
vn 0.611261368 -0.498260647 0.614894986
vn 0.067884177 -0.347348064 0.935275972
vn 0.107636251 -0.481062353 0.870053709
vn -0.477322459 -0.457495779 0.750240564
vn 0.0634009615 -0.677300453 0.732969582
vn -0.524560273 -0.363507688 0.769869268
vn -0.794387102 -0.391387552 0.464505076
vn -0.0415340029 -0.997651994 0.0544567555
vn -0.0239681508 -0.958085954 -0.285476387
vn 0.608576775 -0.58452481 -0.536623716
vn -0.457755625 -0.728271365 0.509981096
vn -0.830680847 -0.306009918 0.465109825
vn -0.913532615 -0.320475608 0.250506818
vn -0.672253788 -0.708210349 0.215668544
vn 0.107614219 -0.873219788 -0.475295931
vn 0.745599389 -0.393095315 -0.538105667
vn -0.938006938 -0.207284048 0.277806282
vn -0.944021821 -0.246656016 0.219051525
vn -0.73695153 -0.675646782 0.0200958457
vn 0.152524114 -0.816592991 -0.556697786
vn 0.766195714 -0.319770187 -0.557396829
vn -0.762058496 -0.644836962 -0.0587547235
vn -0.95607698 -0.149622217 0.252051681
vn -0.923478365 -0.24177444 0.29788062
vn 0.0839184597 -0.790207088 -0.607067108
vn 0.623986363 -0.352638185 -0.697342992
vn -0.763882995 -0.643815875 -0.0445395373
vn -0.92526716 -0.166430578 0.340854168
vn -0.0495365895 -0.732201695 -0.679284036
vn 0.265055358 -0.419946551 -0.867980659
vn -0.743039727 -0.669070482 -0.0153823374
vn -0.856505692 -0.212055534 0.470563948
vn -0.861869991 -0.228037506 0.452967018
vn -0.327531099 -0.653946221 -0.681966126
vn -0.188540235 -0.423700601 -0.885962903
vn -0.73668772 -0.674802482 0.0439639874
vn -0.730550051 -0.224975824 0.644734561
vn -0.760080695 -0.220802277 0.611165762
vn -0.664697587 -0.528889596 -0.527686417
vn -0.53369391 -0.304730058 -0.78886652
vn -0.511856496 -0.221581742 0.830002785
vn -0.66093266 -0.258469671 0.704529285
vn -0.575989902 -0.313104719 0.755116582
vn -0.77308327 -0.613796413 0.159988135
vn -0.855109572 -0.324968785 -0.403958946
vn -0.749319375 -0.0996117741 -0.654673994
vn -0.324620277 -0.22206609 0.919406533
vn 0.0976503864 0.0229172371 0.994956911
vn -0.812622845 -0.506823421 0.287704915
vn -0.932255447 -0.157552764 -0.325694501
vn -0.835273445 0.073093012 -0.544954777
vn -0.727038145 0.33415851 0.599794805
vn -0.832577586 -0.425814122 0.354255527
vn -0.205136061 -0.285209924 0.936255634
vn 0.176513642 -0.0428660214 0.983364344
vn 0.868317544 0.206670076 0.450901598
vn 0.906235337 -0.309329093 0.288189143
vn 0.900258601 -0.0124525791 0.435177207
vn 0.852372527 0.287298173 0.436944902
vn 0.77859211 0.507656515 0.368889153
vn 0.862607181 0.0608446375 0.502202034
vn 0.771706462 0.522932708 0.361953765
vn 0.840806007 0.285956651 0.45964548
vn 0.756918967 0.551753104 0.350203156
vn 0.680277228 -0.0278578941 0.732425272
vn 0.684078217 0.320074141 0.655430853
vn 0.602983534 0.637363613 0.47976926
vn 0.160353765 -0.395825148 0.904217362
vn 0.107636251 -0.481062353 0.870053709
vn 0.239401042 0.320253819 0.91658318
vn 0.245692506 0.701340914 0.669145882
vn -0.393701255 -0.45907566 0.796397388
vn -0.477322459 -0.457495779 0.750240564
vn -0.355949879 0.240120128 0.903128982
vn -0.259068578 0.634616077 0.728111148
vn -0.755701721 -0.475500971 0.450348496
vn -0.794387102 -0.391387552 0.464505076
vn -0.913532615 -0.320475608 0.250506818
vn -0.765516281 0.129472032 0.630255401
vn -0.621722877 0.509611964 0.594774187
vn -0.844727457 -0.497847021 0.196428105
vn -0.944021821 -0.246656016 0.219051525
vn -0.900837421 0.0660820156 0.429097921
vn -0.752624393 0.434961557 0.49433282
vn -0.852893651 -0.511437118 0.104902826
vn -0.923478365 -0.24177444 0.29788062
vn -0.925160706 0.0342289433 0.378029227
vn -0.776216686 0.409774393 0.479137301
vn -0.750725269 0.425883383 0.50500989
vn -0.853061378 -0.509097874 0.114479877
vn -0.861869991 -0.228037506 0.452967018
vn -0.922632337 0.00938265026 0.385566503
vn -0.848539948 -0.500338972 0.172165483
vn -0.760080695 -0.220802277 0.611165762
vn -0.878006816 0.0506246313 0.475963265
vn -0.665808082 0.474311799 0.575958312
vn -0.514025569 0.507850707 0.6912781
vn -0.847850323 -0.490697265 0.200912982
vn -0.66093266 -0.258469671 0.704529285
vn -0.782774031 0.0676041543 0.618623078
vn -0.26011619 0.482611746 0.836316645
vn -0.836870611 -0.448017299 0.314528078
vn -0.575989902 -0.313104719 0.755116582
vn -0.568299353 0.0897991061 0.817907095
vn 0.033423163 0.411524892 0.910785437
vn -0.744490683 -0.440575898 0.501623869
vn -0.791659534 -0.530254602 0.303488523
vn -0.258520246 0.0552402586 0.964425087
vn 0.289270133 0.335664302 0.896466553
vn -0.644894898 -0.437298983 0.626801491
vn -0.816298246 -0.462637037 0.345867246
vn 0.0143527193 -0.00791309867 0.999865651
vn 0.520717442 0.21660912 0.825792849
vn -0.60026902 -0.410746038 0.686268806
vn -0.870628119 -0.340940565 0.354635417
vn 0.237199798 -0.109392263 0.965282142
vn 0.703900099 0.0563428588 0.70806092
vn -0.541282356 -0.386029214 0.746990442
vn 0.109355114 -0.285485327 0.952123702
vn 0.401291758 -0.183145121 0.897453487
vn -0.487772256 0.750033379 -0.44668588
vn -0.76953131 0.369888783 -0.520580351
vn -0.731924415 0.458988845 -0.503602803
vn -0.48986882 0.736308098 -0.466774911
vn -0.0213476084 0.967175841 -0.253210038
vn -0.778166533 0.187800914 -0.599322796
vn -0.05566407 0.959961832 -0.274544775
vn -0.425265968 0.659436285 -0.619913399
vn -0.598494887 0.092151843 -0.795808971
vn 0.0843516588 0.919165313 -0.384733647
vn -0.145941883 0.633076966 -0.760206997
vn -0.207638204 0.0325102545 -0.977665305
vn 0.185754329 0.904495716 -0.383904576
vn 0.1088017 0.641484499 -0.759381175
vn 0.34769097 0.108435191 -0.931317747
vn 0.204466075 0.929823995 -0.305975467
vn 0.481526077 0.673712373 -0.560575008
vn 0.3056086 0.928719103 -0.209962577
vn 0.777459621 0.248538464 -0.577741385
vn 0.423745394 0.902468324 -0.0774009079
vn 0.685765862 0.667792976 -0.28944394
vn 0.885388315 0.356987834 -0.297736675
vn 0.385680467 0.921253979 0.0504148751
vn 0.69406718 0.70942241 -0.122436203
vn 0.316851854 0.935729802 0.154966757
vn 0.876131415 0.447492272 -0.179288864
vn 0.638251305 0.769824564 0.00232495042
vn 0.324380994 0.914509952 0.241761252
vn 0.653727353 0.756128073 0.0301827081
vn 0.858713388 0.479387969 -0.181103602
vn 0.654022634 0.756473899 0.00127261458
vn 0.362112224 0.900972307 0.239005327
vn 0.839334011 0.478758335 -0.25750497
vn 0.687954187 0.72217077 -0.0720303208
vn 0.439970583 0.869678915 0.223795637
vn 0.815414786 0.449727178 -0.364477932
vn 0.685855269 0.695864499 -0.213014588
vn 0.548713684 0.812776983 0.195721164
vn 0.648503423 0.473303407 -0.59617722
vn 0.590984583 0.68294239 -0.429333121
vn 0.429658502 0.411160558 -0.803953171
vn 0.609013796 0.78788358 0.0913333818
vn 0.234088361 0.336562306 -0.91210103
vn 0.477500141 0.65230763 -0.588632524
vn 0.658391476 0.752669096 -0.00313086715
vn -0.0233610962 0.400680691 -0.9159199
vn 0.353755116 0.68803525 -0.633612454
vn 0.733721077 0.675407648 -0.0740134642
vn -0.221500337 0.508002102 -0.832389057
vn 0.272683531 0.737972975 -0.61728406
vn 0.75469929 0.635197997 -0.164172247
vn 0.0807156563 0.73965919 -0.668123662
vn -0.361967355 0.623883963 -0.692638755
vn -0.292137235 0.569934785 -0.76800406
vn -0.330396742 0.600070477 -0.728528321
vn -0.195101216 0.525060833 -0.828400016
vn -0.0938472003 0.487991393 -0.867788613
vn 0.0992054641 0.465068489 -0.879698515
vn 0.226182163 0.457281172 -0.860078752
vn 0.518881261 0.405210286 -0.752706409
vn 0.572406411 0.385970414 -0.723448634
vn 0.788939714 0.254131824 -0.559456229
vn 0.802864432 0.255357951 -0.538703084
vn 0.897347748 0.190247715 -0.398212105
vn 0.87042594 0.120750539 -0.477260858
vn 0.7852754 0.224922344 -0.576846957
vn 0.923655391 0.169523835 -0.343689203
vn 0.822696626 0.045710545 -0.5666399
vn 0.802958429 -0.00615097256 -0.596003234
vn 0.83326304 -0.0266573634 -0.552233696
vn 0.805869758 -0.0851613656 -0.585936308
vn 0.835401237 -0.14743948 -0.529496312
vn 0.910028756 0.160839364 -0.382070929
vn 0.750957131 -0.0732778907 -0.656272531
vn 0.695671678 -0.115757942 -0.708971918
vn 0.427754223 -0.137272313 -0.893410683
vn 0.782934308 -0.193471044 -0.591255248
vn 0.474507958 -0.138358697 -0.869309485
vn 0.100952849 -0.190827906 -0.976418555
vn 0.750267565 -0.173765987 -0.637890279
vn 0.162284151 -0.220590279 -0.96177119
vn -0.204635724 -0.273947865 -0.939721704
vn 0.549368441 -0.218248755 -0.806574225
vn 0.330669135 -0.702215493 -0.630516708
vn 0.620764256 -0.526028872 -0.581330836
vn 0.209179386 -0.747461438 -0.630511999
vn 0.521576762 -0.604328871 -0.602282584
vn 0.838632286 0.0153871868 -0.544480562
vn 0.292785585 -0.342690289 -0.892658949
vn 0.478192717 -0.57395196 -0.664763749
vn 0.596763194 -0.244317681 -0.764318347
vn 0.343882114 -0.38299942 -0.857354343
vn 0.1906019 -0.773356855 -0.604640365
vn 0.261378199 -0.667322874 -0.697396398
vn 0.0757143497 -0.494303972 -0.865985453
vn -0.0645585731 -0.583477557 -0.809559226
vn 0.316218436 -0.781997085 -0.537109375
vn 0.182528958 -0.773774505 -0.606593847
vn -0.144858629 -0.754124582 -0.640556037
vn 0.0642942712 -0.444458902 -0.893488884
vn 0.287285656 -0.765117645 -0.576248169
vn 0.116925903 -0.872815847 -0.473836184
vn -0.0829254016 -0.901126862 -0.425551206
vn -0.0671773925 -0.903643847 -0.422983587
vn -0.122309253 -0.872636616 -0.472806126
vn -0.144787997 -0.287716448 -0.946707785
vn -0.180641681 -0.764632523 -0.618632257
vn -0.300918996 -0.449014813 -0.841328442
vn -0.433988452 -0.364810288 -0.823752046
vn -0.484162927 -0.367088944 -0.794249296
vn -0.57915765 -0.461490601 -0.672014058
vn -0.587176621 -0.469295323 -0.659534335
vn -0.751353443 0.57460165 0.324501097
vn -0.854097307 0.423856944 0.301435053
vn -0.96395576 0.0517573096 0.26097998
vn -0.97958976 -0.0547806919 0.193398505
vn -0.924479544 0.169379756 0.341537833
vn -0.787422478 -0.614033282 -0.054119017
vn -0.725501359 -0.679234564 -0.110851951
vn -0.903267682 -0.248874441 0.349526763
vn -0.823817968 -0.0259280354 0.566261113
vn -0.112196758 -0.879787266 -0.461937368
vn -0.202104867 -0.908043265 -0.366893679
vn 0.541629493 -0.679410517 -0.495014101
vn -0.739863992 -0.672566652 0.0159828253
vn -0.71985054 -0.387650847 0.575796723
vn -0.580099642 -0.0853225514 0.810064554
vn 0.600263298 -0.527474284 -0.60121119
vn 0.753862619 -0.333471745 -0.566116393
vn 0.614627838 -0.342452377 -0.710604668
vn 0.431767166 -0.521280885 -0.736100137
vn 0.370219737 -0.399640948 -0.838584721
vn -0.148144424 -0.854878068 -0.497229099
vn 0.266463757 -0.563154399 -0.782211125
vn 0.0196202323 -0.49444598 -0.868986905
vn -0.548649549 -0.796307027 0.254713267
vn -0.15813753 -0.917707145 -0.36442557
vn 0.0497951396 -0.705315828 -0.707142115
vn -0.198111504 -0.567221344 -0.79938221
vn -0.0231118109 -0.990192056 -0.137788296
vn 0.170499235 -0.984899879 0.0300346427
vn -0.0334654152 -0.827702224 -0.560168922
vn -0.320008427 -0.654770792 -0.684740663
vn -0.196736291 -0.848481715 0.491297811
vn -0.0688422173 -0.876481652 -0.476487935
vn -0.381963521 -0.431416899 0.817302585
vn 0.186390057 -0.783730805 0.592473328
vn 0.0160928052 -0.352418989 0.935703933
vn -0.178366855 -0.0873208493 0.980081737
vn 0.477626354 -0.662666142 0.57684201
vn 0.415967166 -0.227353334 0.880500913
vn 0.433068722 -0.407123119 0.804178059
vn 0.647592306 -0.358238846 0.672524333
vn 0.331112713 -0.939083755 0.0921192542
vn -0.190400183 -0.929557443 -0.315706909
vn -0.41689527 -0.729213297 -0.542629182
vn -0.696572006 -0.673447192 -0.247500226
vn 0.678463101 -0.187128082 0.710401893
vn 0.74998045 -0.404533595 0.523337245
vn 0.646298826 -0.596971095 0.475313932
vn 0.40938127 -0.907859981 0.0905389413
vn 0.819173515 -0.240380809 0.520741582
vn 0.787438989 -0.477158219 0.390204966
vn -0.404279083 -0.903064728 -0.145026013
vn -0.807871699 -0.567778349 -0.158022314
vn 0.705645025 -0.628723502 0.326759458
vn 0.8691324 -0.329999745 0.368387163
vn 0.829006553 -0.462585121 0.314265788
vn 0.346112221 -0.937476873 0.0366522186
vn -0.44673875 -0.886671007 -0.119327284
vn -0.866695166 -0.433604807 -0.246630341
vn 0.695239902 -0.681069136 0.22975257
vn 0.310486227 -0.950074613 0.0309264641
vn 0.84701246 -0.419354349 0.326667637
vn -0.543388367 -0.813418686 -0.207554922
vn -0.860177636 -0.153891981 -0.486221939
vn 0.655709863 -0.739117205 0.15411143
vn 0.257178456 -0.965987444 -0.0269716252
vn -0.518449485 -0.711180568 -0.474797189
vn -0.729193687 0.0896432549 -0.678410292
vn 0.800004125 -0.46328637 0.381260008
vn 0.808289409 -0.445561051 0.384894252
vn 0.680975556 -0.728365362 0.0758690611
vn 0.365290105 -0.890394807 -0.271588445
vn -0.376264513 -0.548255146 -0.746887863
vn -0.222759202 -0.366681874 -0.903284371
vn -0.593361855 0.218478695 -0.774718463
vn 0.767331958 -0.430113643 0.475609034
vn 0.784888208 -0.41014722 0.464467257
vn 0.778214931 -0.627669871 0.0203031208
vn 0.544944882 -0.673799992 -0.499027699
vn -0.086338453 -0.170636088 -0.981544137
vn -0.435936093 0.275411785 -0.856801093
vn 0.0496342778 -0.048520457 -0.997588277
vn -0.218100414 0.309808344 -0.925446272
vn 0.677838147 -0.409784257 0.61041981
vn 0.672563493 -0.342393816 0.656067669
vn 0.870995641 -0.4904477 0.0287665222
vn 0.692190051 -0.32963419 -0.64203912
vn 0.196487352 0.133282289 -0.971405506
vn 0.0611521155 0.353595644 -0.933397353
vn 0.38355726 0.302826524 -0.872456312
vn 0.322930396 0.433833539 -0.841132879
vn 0.409650475 -0.44234252 0.797821701
vn 0.0255910531 -0.290405869 0.956561267
vn 0.902193308 -0.41582486 0.114616387
vn 0.791986048 -0.0443358831 -0.60892719
vn 0.550287962 0.464400321 -0.693913221
vn 0.534804344 0.544123232 -0.646462858
vn 0.776381791 -0.338888288 0.531400025
vn 0.863757491 0.143037543 -0.483180463
vn 0.861767709 -0.446978211 0.239931151
vn 0.105953738 -0.557611227 0.823312521
vn -0.30363971 -0.384595752 0.871716142
vn -0.529503584 0.553486109 -0.642867863
vn -0.512949288 0.636870265 -0.575568676
vn -0.536735117 0.576796949 -0.615808964
vn -0.670028746 0.47957173 -0.56663245
vn -0.711871624 0.394150257 -0.581278205
vn -0.442376494 0.741257489 -0.504817188
vn -0.397960663 0.787357152 -0.470846087
vn -0.805727124 0.361103833 -0.469476074
vn -0.776320517 0.294932336 -0.557082951
vn -0.665453851 0.37362659 -0.646199942
vn -0.755509555 0.380595297 -0.533247113
vn -0.699645638 0.519273162 -0.490765929
vn -0.78419143 0.491953492 -0.378187269
vn -0.687631369 0.645785511 -0.331849575
vn -0.766116858 0.606866956 -0.211606652
vn -0.613352954 0.780947208 -0.117981128
vn -0.312186688 0.892406702 -0.325806141
vn -0.3099612 0.900752425 -0.304251939
vn -0.709755659 0.703728378 -0.0318313427
vn -0.204700485 0.967005789 -0.151649356
vn -0.224743575 0.967294574 -0.117607519
vn -0.152675912 0.987740934 0.0325280204
vn -0.635587871 0.747927368 0.191396967
vn -0.472310394 0.875000298 0.106289022
vn -0.0544658713 0.997537851 0.0441788025
vn -0.585932612 0.715592563 0.38027665
vn -0.427092582 0.853527486 0.298467189
vn 0.0261505358 0.979344308 0.200501397
vn -0.0591227747 0.976135612 0.208958492
vn -0.506706655 0.682096541 0.527250111
vn -0.355197698 0.809324205 0.467791468
vn -0 0.708047569 0.706164658
vn 0.0627808794 0.928130925 0.366921633
vn -0.0400654003 0.917506337 0.39569816
vn -0.067713514 0.40279755 0.912780881
vn -0 0.708047569 0.706164658
vn -0.243783221 0.417744666 0.875248015
vn -0.132817715 0.287689328 0.94846946
vn -0.24208501 0.229895383 0.942625582
vn -0.151887178 0.230780438 0.961077929
vn -0.285332233 0.186749279 0.940058708
vn -0.268471152 0.104167446 0.957638979
vn -0.201407731 0.0903211012 0.975334227
vn -0.382301956 0.0599871948 0.922088206
vn -0.31309554 -0.0896353647 0.945482254
vn -0.273990691 -0.0921753719 0.957305014
vn -0.451938987 -0.133196101 0.882048726
vn -0.316181242 -0.333843976 0.888018966
vn -0.336555153 -0.342115492 0.877318501
vn -0.508384466 -0.348228902 0.787579775
vn -0.31977123 -0.561231077 0.763391197
vn -0.514875472 -0.534942031 0.669880748
vn -0.298445493 -0.559310734 0.773370385
vn -0.480876386 -0.669538975 0.566105664
vn -0.278775334 -0.747464061 0.602977455
vn -0.219313666 -0.750106692 0.623892188
vn -0.396639436 -0.776168883 0.490141898
vn -0.180331036 -0.843940914 0.505217254
vn -0.123679072 -0.84277153 0.523869872
vn -0.350761086 -0.862105429 0.365706146
vn -0.0854046121 -0.900798559 0.425755829
vn -0.0392612927 -0.88778466 0.458581567
vn -0.24599801 -0.905171514 0.346626014
vn -0.735557854 0.361242741 -0.573112786
vn -0.703667402 0.309446633 -0.639605284
vn -0.665453851 0.37362659 -0.646199942
vn -0.86010778 0.169672549 -0.48106727
vn -0.877520323 0.256684065 -0.405057311
vn -0.755509555 0.380595297 -0.533247113
vn -0.833551586 0.340768665 -0.434820056
vn -0.678397715 0.511885941 -0.527019262
vn -0.699645638 0.519273162 -0.490765929
vn -0.795218468 0.517287791 -0.316292465
vn -0.648132741 0.652040958 -0.393403679
vn -0.687631369 0.645785511 -0.331849575
vn -0.699593365 0.707103074 -0.10283123
vn -0.53337723 0.834760129 -0.136690587
vn -0.613352954 0.780947208 -0.117981128
vn -0.554421306 0.825775623 0.103496537
vn -0.379526913 0.923454821 0.0564861
vn -0.472310394 0.875000298 0.106289022
vn -0.26815486 0.939479947 0.213237926
vn -0.414387375 0.882136822 0.223869681
vn -0.427092582 0.853527486 0.298467189
vn -0.24261272 0.915390849 0.321245492
vn -0.188579097 0.895410061 0.403334588
vn -0.355197698 0.809324205 0.467791468
vn -0 0.708047569 0.706164658
vn 0.529503584 0.553486109 -0.642867863
vn 0.670028746 0.47957173 -0.56663245
vn 0.536735117 0.576796949 -0.615808964
vn 0.512949288 0.636870325 -0.575568736
vn 0.711871624 0.394150257 -0.581278205
vn 0.442376494 0.741257489 -0.504817188
vn 0.397960663 0.787357152 -0.470846087
vn 0.805727124 0.361103833 -0.469476074
vn 0.776320517 0.294932336 -0.557082951
vn 0.66545099 0.373629719 -0.646201134
vn 0.75550878 0.38059634 -0.53324759
vn 0.699645638 0.519273162 -0.490765929
vn 0.78419143 0.491953492 -0.378187269
vn 0.687631369 0.645785511 -0.331849635
vn 0.766116858 0.606866956 -0.211606652
vn 0.613352954 0.780947328 -0.117981136
vn 0.312186718 0.892406702 -0.325806111
vn 0.3099612 0.900752425 -0.304251939
vn 0.709755659 0.703728378 -0.0318313427
vn 0.204700485 0.967005789 -0.151649356
vn 0.224743575 0.967294574 -0.117607519
vn 0.152675867 0.987740934 0.032528013
vn 0.635587811 0.747927427 0.191396981
vn 0.472310334 0.875000298 0.106289022
vn 0.0544658788 0.997537851 0.0441788025
vn 0.585932612 0.715592504 0.38027668
vn 0.427092582 0.853527486 0.298467189
vn -0.0261505023 0.979344308 0.200501397
vn 0.0591227636 0.976135612 0.208958447
vn 0.506706655 0.682096541 0.527250111
vn 0.355197728 0.809324205 0.467791468
vn -0 0.708047569 0.706164658
vn -0.0627808422 0.928130925 0.366921693
vn 0.0400654227 0.917506337 0.39569816
vn 0.0677135214 0.40279755 0.912780881
vn 0.24378325 0.417744607 0.875248015
vn -0 0.708047569 0.706164658
vn 0.132817715 0.287689328 0.94846946
vn 0.24208504 0.229895383 0.942625582
vn 0.151887208 0.230780438 0.961077929
vn 0.285332233 0.186749279 0.940058708
vn 0.268471211 0.104167446 0.957638979
vn 0.201407775 0.0903211087 0.975334227
vn 0.382302016 0.0599871948 0.922088206
vn 0.31309554 -0.0896353647 0.945482254
vn 0.273990691 -0.0921753645 0.957305014
vn 0.451938987 -0.133196086 0.882048726
vn 0.316181242 -0.333843976 0.888018966
vn 0.336555153 -0.342115492 0.877318501
vn 0.508384466 -0.348228902 0.787579775
vn 0.3197712 -0.561231077 0.763391137
vn 0.514875472 -0.534942091 0.669880688
vn 0.298445493 -0.559310734 0.773370385
vn 0.480876386 -0.669538975 0.566105604
vn 0.278775364 -0.747464061 0.602977455
vn 0.219313666 -0.750106692 0.623892188
vn 0.396639496 -0.776168883 0.490141898
vn 0.180331081 -0.843940914 0.505217373
vn 0.123679079 -0.84277159 0.523869872
vn 0.350761056 -0.86210531 0.365706116
vn 0.0854046121 -0.900798559 0.425755829
vn 0.0392613113 -0.88778466 0.458581567
vn 0.245998025 -0.905171514 0.346626014
vn 0.73555702 0.361244321 -0.573112905
vn 0.75550878 0.38059634 -0.53324759
vn 0.66545099 0.373629719 -0.646201134
vn 0.703667045 0.30945003 -0.639604092
vn 0.860110283 0.169672579 -0.481062859
vn 0.877520323 0.256684065 -0.405057311
vn 0.833551586 0.340768665 -0.434820056
vn 0.678397715 0.511885941 -0.527019262
vn 0.699645638 0.519273162 -0.490765929
vn 0.795218468 0.517287791 -0.316292524
vn 0.648132741 0.652040958 -0.393403679
vn 0.687631369 0.645785511 -0.331849635
vn 0.699593484 0.707103074 -0.102831252
vn 0.53337723 0.834760129 -0.136690587
vn 0.613352954 0.780947328 -0.117981136
vn 0.554421544 0.825775564 0.103496544
vn 0.379526913 0.923454821 0.0564860925
vn 0.472310334 0.875000298 0.106289022
vn 0.26815486 0.939479947 0.213237926
vn 0.414387524 0.882136762 0.223869726
vn 0.427092582 0.853527486 0.298467189
vn 0.24261272 0.915390849 0.321245462
vn 0.188579097 0.895410061 0.403334528
vn 0.355197728 0.809324205 0.467791468
vn -0 0.708047569 0.706164658
g Huowu_hair_0
f 3/3/3 2/2/2 1/1/1
f 3/3/3 1/1/1 4/4/4
f 4/4/4 1/1/1 5/5/5
f 6/6/6 5/5/5 1/1/1
f 7/7/7 6/6/6 1/1/1
f 8/8/8 6/6/6 7/7/7
f 9/9/9 8/8/8 7/7/7
f 10/10/10 8/8/8 9/9/9
f 11/11/11 10/10/10 9/9/9
f 10/10/10 11/11/11 12/12/12
f 13/13/13 10/10/10 12/12/12
f 12/12/12 14/14/14 13/13/13
f 14/14/14 15/15/15 13/13/13
f 14/14/14 16/16/16 15/15/15
f 16/16/16 17/17/17 15/15/15
f 16/16/16 18/18/18 17/17/17
f 18/18/18 19/19/19 17/17/17
f 19/19/19 18/18/18 20/20/20
f 23/23/23 22/22/22 21/21/21
f 24/24/24 23/23/23 21/21/21
f 21/21/21 25/25/25 24/24/24
f 26/26/26 23/23/23 24/24/24
f 24/24/24 25/25/25 27/27/27
f 27/27/27 26/26/26 24/24/24
f 25/25/25 28/28/28 27/27/27
f 27/27/27 29/29/29 26/26/26
f 27/27/27 28/28/28 29/29/29
f 29/29/29 30/30/30 26/26/26
f 30/30/30 29/29/29 31/31/31
f 28/28/28 32/32/32 29/29/29
f 28/28/28 33/33/33 32/32/32
f 29/29/29 34/34/34 31/31/31
f 34/34/34 29/29/29 32/32/32
f 35/35/35 31/31/31 34/34/34
f 36/36/36 32/32/32 33/33/33
f 36/36/36 34/34/34 32/32/32
f 37/37/37 36/36/36 33/33/33
f 38/38/38 35/35/35 34/34/34
f 38/38/38 34/34/34 36/36/36
f 39/39/39 35/35/35 38/38/38
f 40/40/40 36/36/36 37/37/37
f 40/40/40 38/38/38 36/36/36
f 41/41/41 40/40/40 37/37/37
f 42/42/42 39/39/39 38/38/38
f 42/42/42 38/38/38 40/40/40
f 39/39/39 42/42/42 43/43/43
f 44/44/44 40/40/40 41/41/41
f 44/44/44 42/42/42 40/40/40
f 45/45/45 44/44/44 41/41/41
f 42/42/42 46/46/46 43/43/43
f 42/42/42 44/44/44 46/46/46
f 43/43/43 46/46/46 47/47/47
f 44/44/44 45/45/45 48/48/48
f 44/44/44 48/48/48 46/46/46
f 45/45/45 49/49/49 48/48/48
f 46/46/46 50/50/50 47/47/47
f 46/46/46 48/48/48 50/50/50
f 51/51/51 48/48/48 49/49/49
f 48/48/48 51/51/51 50/50/50
f 52/52/52 51/51/51 49/49/49
f 51/51/51 52/52/52 53/53/53
f 54/54/54 51/51/51 53/53/53
f 51/51/51 54/54/54 50/50/50
f 54/54/54 53/53/53 55/55/55
f 47/47/47 50/50/50 56/56/56
f 54/54/54 56/56/56 50/50/50
f 57/57/57 47/47/47 56/56/56
f 58/58/58 54/54/54 55/55/55
f 54/54/54 58/58/58 56/56/56
f 58/58/58 55/55/55 59/59/59
f 57/57/57 56/56/56 60/60/60
f 58/58/58 60/60/60 56/56/56
f 61/61/61 57/57/57 60/60/60
f 62/62/62 58/58/58 59/59/59
f 60/60/60 58/58/58 62/62/62
f 61/61/61 60/60/60 63/63/63
f 63/63/63 60/60/60 62/62/62
f 64/64/64 61/61/61 63/63/63
f 65/65/65 62/62/62 59/59/59
f 62/62/62 65/65/65 63/63/63
f 66/66/66 65/65/65 59/59/59
f 66/66/66 67/67/67 65/65/65
f 63/63/63 68/68/68 64/64/64
f 65/65/65 68/68/68 63/63/63
f 68/68/68 69/69/69 64/64/64
f 67/67/67 70/70/70 65/65/65
f 65/65/65 70/70/70 68/68/68
f 70/70/70 67/67/67 71/71/71
f 68/68/68 72/72/72 69/69/69
f 70/70/70 72/72/72 68/68/68
f 72/72/72 73/73/73 69/69/69
f 74/74/74 70/70/70 71/71/71
f 70/70/70 74/74/74 72/72/72
f 71/71/71 75/75/75 74/74/74
f 73/73/73 72/72/72 76/76/76
f 74/74/74 76/76/76 72/72/72
f 77/77/77 73/73/73 76/76/76
f 75/75/75 78/78/78 74/74/74
f 74/74/74 78/78/78 76/76/76
f 75/75/75 79/79/79 78/78/78
f 76/76/76 80/80/80 77/77/77
f 78/78/78 80/80/80 76/76/76
f 80/80/80 81/81/81 77/77/77
f 79/79/79 82/82/82 78/78/78
f 78/78/78 82/82/82 80/80/80
f 82/82/82 79/79/79 83/83/83
f 80/80/80 84/84/84 81/81/81
f 82/82/82 84/84/84 80/80/80
f 84/84/84 85/85/85 81/81/81
f 84/84/84 86/86/86 85/85/85
f 84/84/84 82/82/82 86/86/86
f 86/86/86 87/87/87 85/85/85
f 88/88/88 82/82/82 83/83/83
f 82/82/82 88/88/88 86/86/86
f 86/86/86 89/89/89 87/87/87
f 89/89/89 86/86/86 88/88/88
f 89/89/89 90/90/90 87/87/87
f 91/91/91 88/88/88 83/83/83
f 91/91/91 89/89/89 88/88/88
f 92/92/92 91/91/91 83/83/83
f 90/90/90 89/89/89 93/93/93
f 89/89/89 91/91/91 93/93/93
f 94/94/94 90/90/90 93/93/93
f 91/91/91 92/92/92 95/95/95
f 91/91/91 95/95/95 93/93/93
f 92/92/92 96/96/96 95/95/95
f 93/93/93 97/97/97 94/94/94
f 93/93/93 95/95/95 97/97/97
f 97/97/97 98/98/98 94/94/94
f 99/99/99 98/98/98 97/97/97
f 95/95/95 96/96/96 100/100/100
f 95/95/95 100/100/100 97/97/97
f 96/96/96 101/101/101 100/100/100
f 102/102/102 99/99/99 97/97/97
f 97/97/97 100/100/100 102/102/102
f 100/100/100 101/101/101 103/103/103
f 100/100/100 103/103/103 102/102/102
f 101/101/101 104/104/104 103/103/103
f 99/99/99 102/102/102 105/105/105
f 105/105/105 102/102/102 103/103/103
f 106/106/106 99/99/99 105/105/105
f 107/107/107 103/103/103 104/104/104
f 107/107/107 105/105/105 103/103/103
f 108/108/108 107/107/107 104/104/104
f 106/106/106 105/105/105 109/109/109
f 105/105/105 107/107/107 109/109/109
f 110/110/110 106/106/106 109/109/109
f 107/107/107 108/108/108 111/111/111
f 107/107/107 111/111/111 109/109/109
f 111/111/111 108/108/108 112/112/112
f 109/109/109 113/113/113 110/110/110
f 109/109/109 111/111/111 113/113/113
f 113/113/113 114/114/114 110/110/110
f 115/115/115 111/111/111 112/112/112
f 111/111/111 115/115/115 113/113/113
f 116/116/116 115/115/115 112/112/112
f 113/113/113 115/115/115 116/116/116
f 117/117/117 116/116/116 112/112/112
f 116/116/116 117/117/117 118/118/118
f 113/113/113 119/119/119 114/114/114
f 119/119/119 113/113/113 116/116/116
f 119/119/119 120/120/120 114/114/114
f 121/121/121 116/116/116 118/118/118
f 116/116/116 121/121/121 119/119/119
f 119/119/119 122/122/122 120/120/120
f 121/121/121 122/122/122 119/119/119
f 122/122/122 123/123/123 120/120/120
f 123/123/123 122/122/122 124/124/124
f 121/121/121 118/118/118 125/125/125
f 125/125/125 118/118/118 126/126/126
f 127/127/127 125/125/125 126/126/126
f 128/128/128 125/125/125 127/127/127
f 129/129/129 121/121/121 125/125/125
f 122/122/122 121/121/121 129/129/129
f 128/128/128 129/129/129 125/125/125
f 124/124/124 130/130/130 128/128/128
f 122/122/122 130/130/130 124/124/124
f 128/128/128 130/130/130 129/129/129
f 130/130/130 122/122/122 129/129/129
f 133/133/133 132/132/132 131/131/131
f 133/133/133 134/134/134 132/132/132
f 134/134/134 135/135/135 132/132/132
f 134/134/134 136/136/136 135/135/135
f 136/136/136 137/137/137 135/135/135
f 137/137/137 136/136/136 138/138/138
f 139/139/139 137/137/137 138/138/138
f 139/139/139 138/138/138 140/140/140
f 138/138/138 141/141/141 140/140/140
f 140/140/140 141/141/141 142/142/142
f 141/141/141 143/143/143 142/142/142
f 144/144/144 142/142/142 143/143/143
f 141/141/141 145/145/145 143/143/143
f 148/148/148 147/147/147 146/146/146
f 147/147/147 149/149/149 146/146/146
f 146/146/146 149/149/149 150/150/150
f 149/149/149 151/151/151 150/150/150
f 147/147/147 152/152/152 149/149/149
f 153/153/153 151/151/151 149/149/149
f 152/152/152 154/154/154 149/149/149
f 154/154/154 153/153/153 149/149/149
f 154/154/154 152/152/152 155/155/155
f 153/153/153 154/154/154 156/156/156
f 157/157/157 154/154/154 155/155/155
f 154/154/154 157/157/157 156/156/156
f 157/157/157 155/155/155 158/158/158
f 156/156/156 157/157/157 159/159/159
f 159/159/159 160/160/160 156/156/156
f 161/161/161 160/160/160 159/159/159
f 162/162/162 157/157/157 158/158/158
f 157/157/157 162/162/162 159/159/159
f 162/162/162 158/158/158 163/163/163
f 164/164/164 162/162/162 163/163/163
f 159/159/159 162/162/162 164/164/164
f 163/163/163 165/165/165 164/164/164
f 166/166/166 161/161/161 159/159/159
f 166/166/166 159/159/159 164/164/164
f 167/167/167 161/161/161 166/166/166
f 168/168/168 161/161/161 167/167/167
f 169/169/169 166/166/166 164/164/164
f 169/169/169 167/167/167 166/166/166
f 165/165/165 170/170/170 164/164/164
f 170/170/170 169/169/169 164/164/164
f 170/170/170 165/165/165 171/171/171
f 165/165/165 172/172/172 171/171/171
f 169/169/169 170/170/170 173/173/173
f 170/170/170 171/171/171 173/173/173
f 174/174/174 171/171/171 172/172/172
f 175/175/175 174/174/174 172/172/172
f 168/168/168 167/167/167 176/176/176
f 177/177/177 168/168/168 176/176/176
f 178/178/178 167/167/167 169/169/169
f 173/173/173 178/178/178 169/169/169
f 179/179/179 173/173/173 171/171/171
f 174/174/174 179/179/179 171/171/171
f 174/174/174 175/175/175 180/180/180
f 175/175/175 181/181/181 180/180/180
f 174/174/174 180/180/180 182/182/182
f 179/179/179 174/174/174 182/182/182
f 180/180/180 181/181/181 183/183/183
f 182/182/182 180/180/180 183/183/183
f 181/181/181 184/184/184 183/183/183
f 179/179/179 185/185/185 173/173/173
f 185/185/185 178/178/178 173/173/173
f 167/167/167 178/178/178 186/186/186
f 176/176/176 167/167/167 186/186/186
f 176/176/176 186/186/186 187/187/187
f 185/185/185 179/179/179 188/188/188
f 179/179/179 182/182/182 188/188/188
f 185/185/185 189/189/189 178/178/178
f 186/186/186 178/178/178 189/189/189
f 189/189/189 185/185/185 188/188/188
f 190/190/190 186/186/186 189/189/189
f 186/186/186 190/190/190 187/187/187
f 183/183/183 184/184/184 191/191/191
f 184/184/184 192/192/192 191/191/191
f 192/192/192 193/193/193 191/191/191
f 194/194/194 176/176/176 187/187/187
f 177/177/177 176/176/176 194/194/194
f 195/195/195 189/189/189 188/188/188
f 189/189/189 195/195/195 190/190/190
f 196/196/196 177/177/177 194/194/194
f 177/177/177 196/196/196 197/197/197
f 191/191/191 198/198/198 183/183/183
f 191/191/191 193/193/193 199/199/199
f 198/198/198 191/191/191 199/199/199
f 198/198/198 200/200/200 183/183/183
f 200/200/200 182/182/182 183/183/183
f 188/188/188 182/182/182 201/201/201
f 182/182/182 200/200/200 201/201/201
f 195/195/195 188/188/188 202/202/202
f 188/188/188 201/201/201 202/202/202
f 200/200/200 198/198/198 203/203/203
f 201/201/201 200/200/200 203/203/203
f 199/199/199 204/204/204 198/198/198
f 204/204/204 203/203/203 198/198/198
f 199/199/199 193/193/193 205/205/205
f 205/205/205 204/204/204 199/199/199
f 201/201/201 203/203/203 206/206/206
f 202/202/202 201/201/201 206/206/206
f 203/203/203 204/204/204 207/207/207
f 206/206/206 203/203/203 207/207/207
f 208/208/208 195/195/195 202/202/202
f 195/195/195 208/208/208 190/190/190
f 193/193/193 209/209/209 205/205/205
f 210/210/210 209/209/209 193/193/193
f 209/209/209 210/210/210 211/211/211
f 209/209/209 211/211/211 212/212/212
f 205/205/205 209/209/209 212/212/212
f 205/205/205 213/213/213 204/204/204
f 213/213/213 207/207/207 204/204/204
f 214/214/214 190/190/190 208/208/208
f 190/190/190 214/214/214 187/187/187
f 215/215/215 212/212/212 211/211/211
f 216/216/216 215/215/215 211/211/211
f 217/217/217 215/215/215 216/216/216
f 212/212/212 218/218/218 205/205/205
f 218/218/218 213/213/213 205/205/205
f 212/212/212 215/215/215 219/219/219
f 218/218/218 212/212/212 219/219/219
f 213/213/213 220/220/220 207/207/207
f 218/218/218 221/221/221 213/213/213
f 221/221/221 220/220/220 213/213/213
f 218/218/218 219/219/219 222/222/222
f 221/221/221 218/218/218 222/222/222
f 220/220/220 223/223/223 207/207/207
f 207/207/207 223/223/223 206/206/206
f 206/206/206 223/223/223 224/224/224
f 202/202/202 206/206/206 224/224/224
f 225/225/225 223/223/223 220/220/220
f 223/223/223 225/225/225 224/224/224
f 202/202/202 224/224/224 226/226/226
f 226/226/226 208/208/208 202/202/202
f 227/227/227 224/224/224 225/225/225
f 224/224/224 227/227/227 226/226/226
f 226/226/226 228/228/228 208/208/208
f 228/228/228 214/214/214 208/208/208
f 228/228/228 229/229/229 214/214/214
f 214/214/214 229/229/229 187/187/187
f 221/221/221 230/230/230 220/220/220
f 231/231/231 225/225/225 220/220/220
f 230/230/230 231/231/231 220/220/220
f 225/225/225 231/231/231 232/232/232
f 232/232/232 227/227/227 225/225/225
f 233/233/233 230/230/230 221/221/221
f 222/222/222 233/233/233 221/221/221
f 234/234/234 231/231/231 230/230/230
f 231/231/231 234/234/234 232/232/232
f 235/235/235 230/230/230 233/233/233
f 235/235/235 234/234/234 230/230/230
f 227/227/227 232/232/232 236/236/236
f 237/237/237 232/232/232 234/234/234
f 232/232/232 237/237/237 236/236/236
f 234/234/234 235/235/235 238/238/238
f 238/238/238 237/237/237 234/234/234
f 227/227/227 236/236/236 239/239/239
f 226/226/226 227/227/227 239/239/239
f 226/226/226 239/239/239 240/240/240
f 240/240/240 228/228/228 226/226/226
f 241/241/241 239/239/239 236/236/236
f 240/240/240 239/239/239 241/241/241
f 242/242/242 228/228/228 240/240/240
f 229/229/229 228/228/228 242/242/242
f 236/236/236 237/237/237 243/243/243
f 241/241/241 236/236/236 243/243/243
f 242/242/242 240/240/240 244/244/244
f 244/244/244 240/240/240 241/241/241
f 235/235/235 245/245/245 238/238/238
f 235/235/235 246/246/246 245/245/245
f 246/246/246 235/235/235 233/233/233
f 246/246/246 233/233/233 247/247/247
f 233/233/233 222/222/222 247/247/247
f 222/222/222 248/248/248 247/247/247
f 248/248/248 222/222/222 219/219/219
f 249/249/249 248/248/248 219/219/219
f 249/249/249 219/219/219 215/215/215
f 250/250/250 249/249/249 215/215/215
f 217/217/217 250/250/250 215/215/215
f 251/251/251 250/250/250 217/217/217
f 252/252/252 251/251/251 217/217/217
f 251/251/251 253/253/253 250/250/250
f 250/250/250 253/253/253 249/249/249
f 251/251/251 252/252/252 254/254/254
f 253/253/253 251/251/251 254/254/254
f 252/252/252 255/255/255 254/254/254
f 255/255/255 256/256/256 254/254/254
f 256/256/256 257/257/257 254/254/254
f 257/257/257 256/256/256 258/258/258
f 257/257/257 258/258/258 259/259/259
f 260/260/260 253/253/253 254/254/254
f 260/260/260 254/254/254 257/257/257
f 253/253/253 261/261/261 249/249/249
f 253/253/253 260/260/260 261/261/261
f 262/262/262 257/257/257 259/259/259
f 262/262/262 259/259/259 263/263/263
f 264/264/264 260/260/260 257/257/257
f 257/257/257 262/262/262 264/264/264
f 265/265/265 262/262/262 263/263/263
f 262/262/262 265/265/265 264/264/264
f 261/261/261 266/266/266 249/249/249
f 266/266/266 248/248/248 249/249/249
f 260/260/260 267/267/267 261/261/261
f 267/267/267 260/260/260 264/264/264
f 267/267/267 268/268/268 261/261/261
f 261/261/261 268/268/268 266/266/266
f 266/266/266 269/269/269 248/248/248
f 269/269/269 247/247/247 248/248/248
f 264/264/264 270/270/270 267/267/267
f 270/270/270 268/268/268 267/267/267
f 268/268/268 271/271/271 266/266/266
f 266/266/266 271/271/271 269/269/269
f 271/271/271 268/268/268 270/270/270
f 270/270/270 264/264/264 272/272/272
f 264/264/264 265/265/265 272/272/272
f 273/273/273 265/265/265 263/263/263
f 273/273/273 263/263/263 274/274/274
f 275/275/275 273/273/273 274/274/274
f 275/275/275 276/276/276 273/273/273
f 273/273/273 277/277/277 265/265/265
f 273/273/273 276/276/276 277/277/277
f 277/277/277 272/272/272 265/265/265
f 278/278/278 271/271/271 270/270/270
f 278/278/278 270/270/270 272/272/272
f 271/271/271 279/279/279 269/269/269
f 271/271/271 278/278/278 279/279/279
f 280/280/280 278/278/278 272/272/272
f 272/272/272 277/277/277 280/280/280
f 276/276/276 281/281/281 277/277/277
f 281/281/281 276/276/276 282/282/282
f 283/283/283 277/277/277 281/281/281
f 277/277/277 283/283/283 280/280/280
f 284/284/284 278/278/278 280/280/280
f 278/278/278 284/284/284 279/279/279
f 285/285/285 281/281/281 282/282/282
f 285/285/285 283/283/283 281/281/281
f 286/286/286 280/280/280 283/283/283
f 286/286/286 284/284/284 280/280/280
f 283/283/283 285/285/285 287/287/287
f 287/287/287 286/286/286 283/283/283
f 269/269/269 279/279/279 288/288/288
f 279/279/279 284/284/284 289/289/289
f 279/279/279 289/289/289 288/288/288
f 269/269/269 288/288/288 290/290/290
f 247/247/247 269/269/269 290/290/290
f 290/290/290 246/246/246 247/247/247
f 291/291/291 246/246/246 290/290/290
f 246/246/246 291/291/291 245/245/245
f 292/292/292 290/290/290 288/288/288
f 292/292/292 291/291/291 290/290/290
f 291/291/291 293/293/293 245/245/245
f 293/293/293 291/291/291 292/292/292
f 294/294/294 292/292/292 288/288/288
f 294/294/294 288/288/288 289/289/289
f 293/293/293 295/295/295 245/245/245
f 238/238/238 245/245/245 295/295/295
f 296/296/296 293/293/293 292/292/292
f 296/296/296 292/292/292 294/294/294
f 297/297/297 238/238/238 295/295/295
f 237/237/237 238/238/238 297/297/297
f 298/298/298 237/237/237 297/297/297
f 237/237/237 298/298/298 243/243/243
f 295/295/295 293/293/293 299/299/299
f 300/300/300 297/297/297 295/295/295
f 299/299/299 300/300/300 295/295/295
f 298/298/298 297/297/297 301/301/301
f 297/297/297 300/300/300 301/301/301
f 293/293/293 296/296/296 302/302/302
f 293/293/293 302/302/302 299/299/299
f 299/299/299 302/302/302 303/303/303
f 243/243/243 298/298/298 304/304/304
f 298/298/298 301/301/301 304/304/304
f 300/300/300 299/299/299 305/305/305
f 299/299/299 303/303/303 305/305/305
f 306/306/306 300/300/300 305/305/305
f 307/307/307 300/300/300 306/306/306
f 307/307/307 301/301/301 300/300/300
f 301/301/301 307/307/307 308/308/308
f 304/304/304 301/301/301 308/308/308
f 303/303/303 309/309/309 305/305/305
f 304/304/304 308/308/308 310/310/310
f 311/311/311 309/309/309 303/303/303
f 312/312/312 304/304/304 310/310/310
f 304/304/304 312/312/312 243/243/243
f 310/310/310 313/313/313 312/312/312
f 311/311/311 303/303/303 314/314/314
f 311/311/311 314/314/314 315/315/315
f 303/303/303 316/316/316 314/314/314
f 314/314/314 317/317/317 315/315/315
f 315/315/315 317/317/317 318/318/318
f 319/319/319 315/315/315 318/318/318
f 318/318/318 320/320/320 319/319/319
f 320/320/320 321/321/321 319/319/319
f 316/316/316 303/303/303 322/322/322
f 321/321/321 320/320/320 323/323/323
f 324/324/324 321/321/321 323/323/323
f 325/325/325 324/324/324 323/323/323
f 326/326/326 325/325/325 323/323/323
f 327/327/327 325/325/325 326/326/326
f 328/328/328 327/327/327 326/326/326
f 329/329/329 328/328/328 326/326/326
f 328/328/328 329/329/329 330/330/330
f 302/302/302 322/322/322 303/303/303
f 322/322/322 302/302/302 331/331/331
f 296/296/296 331/331/331 302/302/302
f 332/332/332 322/322/322 331/331/331
f 331/331/331 296/296/296 333/333/333
f 333/333/333 296/296/296 294/294/294
f 332/332/332 331/331/331 334/334/334
f 334/334/334 331/331/331 333/333/333
f 335/335/335 332/332/332 334/334/334
f 333/333/333 294/294/294 336/336/336
f 336/336/336 294/294/294 289/289/289
f 334/334/334 333/333/333 337/337/337
f 337/337/337 333/333/333 336/336/336
f 335/335/335 334/334/334 338/338/338
f 338/338/338 334/334/334 337/337/337
f 339/339/339 338/338/338 337/337/337
f 340/340/340 335/335/335 338/338/338
f 338/338/338 339/339/339 340/340/340
f 339/339/339 341/341/341 340/340/340
f 341/341/341 339/339/339 342/342/342
f 336/336/336 289/289/289 343/343/343
f 336/336/336 343/343/343 337/337/337
f 339/339/339 344/344/344 342/342/342
f 342/342/342 344/344/344 345/345/345
f 346/346/346 339/339/339 337/337/337
f 343/343/343 346/346/346 337/337/337
f 289/289/289 347/347/347 343/343/343
f 284/284/284 347/347/347 289/289/289
f 339/339/339 346/346/346 348/348/348
f 344/344/344 339/339/339 348/348/348
f 343/343/343 349/349/349 346/346/346
f 349/349/349 343/343/343 347/347/347
f 349/349/349 348/348/348 346/346/346
f 347/347/347 284/284/284 350/350/350
f 350/350/350 349/349/349 347/347/347
f 284/284/284 286/286/286 350/350/350
f 344/344/344 351/351/351 345/345/345
f 345/345/345 351/351/351 352/352/352
f 344/344/344 348/348/348 353/353/353
f 351/351/351 344/344/344 353/353/353
f 351/351/351 353/353/353 354/354/354
f 349/349/349 355/355/355 348/348/348
f 355/355/355 353/353/353 348/348/348
f 355/355/355 349/349/349 350/350/350
f 354/354/354 353/353/353 355/355/355
f 356/356/356 350/350/350 286/286/286
f 356/356/356 355/355/355 350/350/350
f 287/287/287 356/356/356 286/286/286
f 351/351/351 357/357/357 352/352/352
f 357/357/357 351/351/351 354/354/354
f 358/358/358 352/352/352 357/357/357
f 359/359/359 358/358/358 357/357/357
f 357/357/357 354/354/354 359/359/359
f 360/360/360 358/358/358 359/359/359
f 355/355/355 356/356/356 361/361/361
f 361/361/361 354/354/354 355/355/355
f 362/362/362 356/356/356 287/287/287
f 356/356/356 362/362/362 361/361/361
f 363/363/363 360/360/360 359/359/359
f 364/364/364 360/360/360 363/363/363
f 365/365/365 364/364/364 363/363/363
f 354/354/354 366/366/366 359/359/359
f 359/359/359 366/366/366 363/363/363
f 354/354/354 361/361/361 367/367/367
f 361/361/361 362/362/362 367/367/367
f 366/366/366 354/354/354 367/367/367
f 368/368/368 362/362/362 287/287/287
f 285/285/285 368/368/368 287/287/287
f 365/365/365 363/363/363 369/369/369
f 365/365/365 369/369/369 370/370/370
f 362/362/362 371/371/371 367/367/367
f 371/371/371 362/362/362 368/368/368
f 366/366/366 367/367/367 372/372/372
f 367/367/367 371/371/371 372/372/372
f 366/366/366 373/373/373 363/363/363
f 363/363/363 373/373/373 369/369/369
f 373/373/373 366/366/366 372/372/372
f 368/368/368 285/285/285 374/374/374
f 374/374/374 285/285/285 282/282/282
f 370/370/370 369/369/369 375/375/375
f 370/370/370 375/375/375 376/376/376
f 369/369/369 373/373/373 377/377/377
f 373/373/373 372/372/372 377/377/377
f 369/369/369 377/377/377 375/375/375
f 371/371/371 378/378/378 372/372/372
f 372/372/372 378/378/378 377/377/377
f 379/379/379 371/371/371 368/368/368
f 379/379/379 368/368/368 374/374/374
f 378/378/378 371/371/371 379/379/379
f 282/282/282 380/380/380 374/374/374
f 381/381/381 380/380/380 282/282/282
f 379/379/379 374/374/374 382/382/382
f 380/380/380 382/382/382 374/374/374
f 375/375/375 383/383/383 376/376/376
f 383/383/383 384/384/384 376/376/376
f 385/385/385 378/378/378 379/379/379
f 385/385/385 379/379/379 382/382/382
f 383/383/383 386/386/386 384/384/384
f 386/386/386 387/387/387 384/384/384
f 388/388/388 387/387/387 386/386/386
f 388/388/388 389/389/389 387/387/387
f 388/388/388 390/390/390 389/389/389
f 386/386/386 383/383/383 391/391/391
f 383/383/383 392/392/392 391/391/391
f 391/391/391 392/392/392 393/393/393
f 383/383/383 375/375/375 394/394/394
f 392/392/392 383/383/383 394/394/394
f 392/392/392 395/395/395 393/393/393
f 393/393/393 395/395/395 396/396/396
f 375/375/375 397/397/397 394/394/394
f 377/377/377 397/397/397 375/375/375
f 392/392/392 394/394/394 398/398/398
f 395/395/395 392/392/392 398/398/398
f 395/395/395 399/399/399 396/396/396
f 396/396/396 399/399/399 400/400/400
f 399/399/399 395/395/395 401/401/401
f 395/395/395 398/398/398 401/401/401
f 399/399/399 402/402/402 400/400/400
f 402/402/402 399/399/399 401/401/401
f 400/400/400 402/402/402 403/403/403
f 394/394/394 404/404/404 398/398/398
f 397/397/397 404/404/404 394/394/394
f 377/377/377 405/405/405 397/397/397
f 378/378/378 405/405/405 377/377/377
f 402/402/402 406/406/406 403/403/403
f 403/403/403 406/406/406 407/407/407
f 406/406/406 402/402/402 408/408/408
f 408/408/408 402/402/402 401/401/401
f 398/398/398 409/409/409 401/401/401
f 404/404/404 409/409/409 398/398/398
f 397/397/397 410/410/410 404/404/404
f 405/405/405 410/410/410 397/397/397
f 405/405/405 378/378/378 411/411/411
f 378/378/378 385/385/385 411/411/411
f 406/406/406 412/412/412 407/407/407
f 412/412/412 406/406/406 408/408/408
f 408/408/408 401/401/401 413/413/413
f 409/409/409 413/413/413 401/401/401
f 404/404/404 414/414/414 409/409/409
f 410/410/410 414/414/414 404/404/404
f 410/410/410 405/405/405 415/415/415
f 405/405/405 411/411/411 415/415/415
f 410/410/410 415/415/415 414/414/414
f 411/411/411 385/385/385 416/416/416
f 385/385/385 382/382/382 416/416/416
f 414/414/414 417/417/417 409/409/409
f 409/409/409 417/417/417 413/413/413
f 418/418/418 408/408/408 413/413/413
f 412/412/412 408/408/408 418/418/418
f 415/415/415 419/419/419 414/414/414
f 414/414/414 419/419/419 417/417/417
f 415/415/415 411/411/411 420/420/420
f 411/411/411 416/416/416 420/420/420
f 421/421/421 416/416/416 382/382/382
f 380/380/380 421/421/421 382/382/382
f 417/417/417 422/422/422 413/413/413
f 413/413/413 422/422/422 418/418/418
f 415/415/415 420/420/420 423/423/423
f 419/419/419 415/415/415 423/423/423
f 420/420/420 416/416/416 424/424/424
f 416/416/416 421/421/421 424/424/424
f 420/420/420 424/424/424 423/423/423
f 425/425/425 421/421/421 380/380/380
f 381/381/381 425/425/425 380/380/380
f 419/419/419 426/426/426 417/417/417
f 422/422/422 417/417/417 426/426/426
f 423/423/423 427/427/427 419/419/419
f 427/427/427 426/426/426 419/419/419
f 424/424/424 421/421/421 428/428/428
f 421/421/421 425/425/425 428/428/428
f 424/424/424 429/429/429 423/423/423
f 423/423/423 429/429/429 427/427/427
f 428/428/428 430/430/430 424/424/424
f 430/430/430 429/429/429 424/424/424
f 425/425/425 381/381/381 431/431/431
f 381/381/381 432/432/432 431/431/431
f 381/381/381 433/433/433 432/432/432
f 431/431/431 434/434/434 425/425/425
f 434/434/434 428/428/428 425/425/425
f 428/428/428 434/434/434 435/435/435
f 430/430/430 428/428/428 435/435/435
f 430/430/430 435/435/435 436/436/436
f 437/437/437 430/430/430 436/436/436
f 429/429/429 430/430/430 437/437/437
f 436/436/436 438/438/438 437/437/437
f 429/429/429 439/439/439 427/427/427
f 439/439/439 429/429/429 437/437/437
f 438/438/438 440/440/440 437/437/437
f 440/440/440 438/438/438 441/441/441
f 427/427/427 439/439/439 442/442/442
f 427/427/427 442/442/442 426/426/426
f 443/443/443 439/439/439 437/437/437
f 440/440/440 443/443/443 437/437/437
f 439/439/439 443/443/443 442/442/442
f 444/444/444 440/440/440 441/441/441
f 441/441/441 445/445/445 444/444/444
f 443/443/443 440/440/440 446/446/446
f 440/440/440 444/444/444 446/446/446
f 445/445/445 447/447/447 444/444/444
f 447/447/447 445/445/445 448/448/448
f 442/442/442 449/449/449 426/426/426
f 449/449/449 422/422/422 426/426/426
f 442/442/442 443/443/443 450/450/450
f 443/443/443 446/446/446 450/450/450
f 446/446/446 444/444/444 451/451/451
f 444/444/444 447/447/447 451/451/451
f 452/452/452 422/422/422 449/449/449
f 422/422/422 452/452/452 418/418/418
f 453/453/453 449/449/449 442/442/442
f 450/450/450 453/453/453 442/442/442
f 453/453/453 452/452/452 449/449/449
f 450/450/450 446/446/446 454/454/454
f 446/446/446 451/451/451 454/454/454
f 418/418/418 452/452/452 455/455/455
f 455/455/455 412/412/412 418/418/418
f 456/456/456 453/453/453 450/450/450
f 454/454/454 456/456/456 450/450/450
f 452/452/452 453/453/453 457/457/457
f 452/452/452 457/457/457 455/455/455
f 453/453/453 456/456/456 457/457/457
f 412/412/412 455/455/455 458/458/458
f 455/455/455 457/457/457 458/458/458
f 412/412/412 458/458/458 407/407/407
f 407/407/407 458/458/458 459/459/459
f 460/460/460 457/457/457 456/456/456
f 457/457/457 460/460/460 458/458/458
f 458/458/458 461/461/461 459/459/459
f 458/458/458 460/460/460 461/461/461
f 462/462/462 459/459/459 461/461/461
f 463/463/463 456/456/456 454/454/454
f 463/463/463 460/460/460 456/456/456
f 460/460/460 464/464/464 461/461/461
f 463/463/463 464/464/464 460/460/460
f 465/465/465 462/462/462 461/461/461
f 461/461/461 464/464/464 465/465/465
f 466/466/466 462/462/462 465/465/465
f 467/467/467 463/463/463 454/454/454
f 463/463/463 467/467/467 464/464/464
f 467/467/467 468/468/468 464/464/464
f 467/467/467 454/454/454 451/451/451
f 469/469/469 467/467/467 451/451/451
f 469/469/469 468/468/468 467/467/467
f 469/469/469 451/451/451 447/447/447
f 464/464/464 470/470/470 465/465/465
f 464/464/464 468/468/468 470/470/470
f 471/471/471 466/466/466 465/465/465
f 465/465/465 470/470/470 471/471/471
f 466/466/466 471/471/471 472/472/472
f 473/473/473 469/469/469 447/447/447
f 473/473/473 447/447/447 448/448/448
f 469/469/469 473/473/473 474/474/474
f 474/474/474 473/473/473 448/448/448
f 468/468/468 469/469/469 474/474/474
f 475/475/475 474/474/474 448/448/448
f 475/475/475 468/468/468 474/474/474
f 468/468/468 475/475/475 476/476/476
f 477/477/477 468/468/468 476/476/476
f 468/468/468 477/477/477 470/470/470
f 477/477/477 476/476/476 478/478/478
f 471/471/471 479/479/479 472/472/472
f 472/472/472 479/479/479 480/480/480
f 470/470/470 481/481/481 471/471/471
f 481/481/481 470/470/470 477/477/477
f 479/479/479 471/471/471 481/481/481
f 482/482/482 477/477/477 478/478/478
f 482/482/482 481/481/481 477/477/477
f 482/482/482 478/478/478 483/483/483
f 479/479/479 484/484/484 480/480/480
f 480/480/480 484/484/484 485/485/485
f 486/486/486 479/479/479 481/481/481
f 481/481/481 482/482/482 486/486/486
f 484/484/484 479/479/479 486/486/486
f 487/487/487 482/482/482 483/483/483
f 482/482/482 487/487/487 486/486/486
f 487/487/487 483/483/483 488/488/488
f 489/489/489 484/484/484 486/486/486
f 489/489/489 485/485/485 484/484/484
f 486/486/486 487/487/487 489/489/489
f 490/490/490 488/488/488 485/485/485
f 485/485/485 489/489/489 490/490/490
f 490/490/490 487/487/487 488/488/488
f 487/487/487 490/490/490 489/489/489
f 493/493/493 492/492/492 491/491/491
f 492/492/492 494/494/494 491/491/491
f 495/495/495 491/491/491 494/494/494
f 494/494/494 492/492/492 496/496/496
f 497/497/497 495/495/495 494/494/494
f 498/498/498 494/494/494 496/496/496
f 496/496/496 499/499/499 498/498/498
f 497/497/497 494/494/494 500/500/500
f 500/500/500 494/494/494 498/498/498
f 501/501/501 497/497/497 500/500/500
f 499/499/499 502/502/502 498/498/498
f 498/498/498 502/502/502 500/500/500
f 499/499/499 503/503/503 502/502/502
f 501/501/501 500/500/500 504/504/504
f 502/502/502 504/504/504 500/500/500
f 505/505/505 501/501/501 504/504/504
f 503/503/503 506/506/506 502/502/502
f 502/502/502 506/506/506 504/504/504
f 503/503/503 507/507/507 506/506/506
f 505/505/505 504/504/504 508/508/508
f 506/506/506 508/508/508 504/504/504
f 509/509/509 505/505/505 508/508/508
f 507/507/507 510/510/510 506/506/506
f 506/506/506 510/510/510 508/508/508
f 509/509/509 508/508/508 511/511/511
f 510/510/510 511/511/511 508/508/508
f 512/512/512 509/509/509 511/511/511
f 513/513/513 510/510/510 507/507/507
f 511/511/511 510/510/510 513/513/513
f 514/514/514 513/513/513 507/507/507
f 513/513/513 514/514/514 515/515/515
f 512/512/512 511/511/511 516/516/516
f 516/516/516 511/511/511 513/513/513
f 517/517/517 512/512/512 516/516/516
f 518/518/518 513/513/513 515/515/515
f 513/513/513 518/518/518 516/516/516
f 515/515/515 519/519/519 518/518/518
f 517/517/517 516/516/516 520/520/520
f 518/518/518 520/520/520 516/516/516
f 521/521/521 517/517/517 520/520/520
f 519/519/519 522/522/522 518/518/518
f 520/520/520 518/518/518 522/522/522
f 520/520/520 523/523/523 521/521/521
f 523/523/523 520/520/520 522/522/522
f 523/523/523 524/524/524 521/521/521
f 524/524/524 523/523/523 525/525/525
f 522/522/522 519/519/519 526/526/526
f 523/523/523 522/522/522 526/526/526
f 519/519/519 527/527/527 526/526/526
f 523/523/523 528/528/528 525/525/525
f 528/528/528 523/523/523 526/526/526
f 525/525/525 528/528/528 529/529/529
f 528/528/528 530/530/530 529/529/529
f 530/530/530 528/528/528 526/526/526
f 529/529/529 530/530/530 531/531/531
f 532/532/532 526/526/526 527/527/527
f 532/532/532 530/530/530 526/526/526
f 533/533/533 532/532/532 527/527/527
f 530/530/530 534/534/534 531/531/531
f 530/530/530 532/532/532 534/534/534
f 535/535/535 531/531/531 534/534/534
f 536/536/536 532/532/532 533/533/533
f 532/532/532 536/536/536 534/534/534
f 537/537/537 536/536/536 533/533/533
f 538/538/538 535/535/535 534/534/534
f 538/538/538 534/534/534 536/536/536
f 539/539/539 535/535/535 538/538/538
f 540/540/540 536/536/536 537/537/537
f 540/540/540 538/538/538 536/536/536
f 541/541/541 540/540/540 537/537/537
f 542/542/542 539/539/539 538/538/538
f 538/538/538 540/540/540 542/542/542
f 543/543/543 539/539/539 542/542/542
f 540/540/540 541/541/541 544/544/544
f 540/540/540 544/544/544 542/542/542
f 541/541/541 545/545/545 544/544/544
f 546/546/546 543/543/543 542/542/542
f 546/546/546 542/542/542 544/544/544
f 543/543/543 546/546/546 547/547/547
f 544/544/544 545/545/545 548/548/548
f 548/548/548 546/546/546 544/544/544
f 545/545/545 549/549/549 548/548/548
f 549/549/549 550/550/550 548/548/548
f 546/546/546 551/551/551 547/547/547
f 546/546/546 548/548/548 551/551/551
f 552/552/552 547/547/547 551/551/551
f 550/550/550 553/553/553 548/548/548
f 548/548/548 553/553/553 551/551/551
f 553/553/553 550/550/550 554/554/554
f 555/555/555 553/553/553 554/554/554
f 553/553/553 555/555/555 551/551/551
f 554/554/554 556/556/556 555/555/555
f 557/557/557 552/552/552 551/551/551
f 555/555/555 557/557/557 551/551/551
f 552/552/552 557/557/557 558/558/558
f 556/556/556 559/559/559 555/555/555
f 555/555/555 559/559/559 557/557/557
f 556/556/556 560/560/560 559/559/559
f 557/557/557 561/561/561 558/558/558
f 559/559/559 561/561/561 557/557/557
f 558/558/558 561/561/561 562/562/562
f 560/560/560 563/563/563 559/559/559
f 561/561/561 559/559/559 563/563/563
f 560/560/560 564/564/564 563/563/563
f 561/561/561 565/565/565 562/562/562
f 565/565/565 561/561/561 563/563/563
f 564/564/564 566/566/566 563/563/563
f 563/563/563 566/566/566 565/565/565
f 566/566/566 564/564/564 567/567/567
f 562/562/562 565/565/565 568/568/568
f 566/566/566 568/568/568 565/565/565
f 569/569/569 562/562/562 568/568/568
f 570/570/570 566/566/566 567/567/567
f 568/568/568 566/566/566 570/570/570
f 568/568/568 571/571/571 569/569/569
f 571/571/571 568/568/568 570/570/570
f 571/571/571 572/572/572 569/569/569
f 573/573/573 570/570/570 567/567/567
f 570/570/570 573/573/573 571/571/571
f 574/574/574 573/573/573 567/567/567
f 572/572/572 571/571/571 575/575/575
f 572/572/572 575/575/575 576/576/576
f 573/573/573 577/577/577 571/571/571
f 571/571/571 577/577/577 575/575/575
f 578/578/578 573/573/573 574/574/574
f 577/577/577 573/573/573 578/578/578
f 579/579/579 578/578/578 574/574/574
f 580/580/580 577/577/577 578/578/578
f 577/577/577 580/580/580 575/575/575
f 581/581/581 578/578/578 579/579/579
f 578/578/578 581/581/581 580/580/580
f 582/582/582 581/581/581 579/579/579
f 581/581/581 582/582/582 583/583/583
f 575/575/575 584/584/584 576/576/576
f 584/584/584 585/585/585 576/576/576
f 580/580/580 586/586/586 575/575/575
f 584/584/584 575/575/575 586/586/586
f 581/581/581 587/587/587 580/580/580
f 581/581/581 583/583/583 587/587/587
f 586/586/586 580/580/580 587/587/587
f 585/585/585 584/584/584 588/588/588
f 588/588/588 584/584/584 586/586/586
f 589/589/589 585/585/585 588/588/588
f 583/583/583 590/590/590 587/587/587
f 583/583/583 591/591/591 590/590/590
f 592/592/592 586/586/586 587/587/587
f 586/586/586 592/592/592 588/588/588
f 592/592/592 587/587/587 590/590/590
f 588/588/588 593/593/593 589/589/589
f 592/592/592 593/593/593 588/588/588
f 591/591/591 594/594/594 590/590/590
f 594/594/594 591/591/591 595/595/595
f 596/596/596 592/592/592 590/590/590
f 593/593/593 592/592/592 596/596/596
f 590/590/590 594/594/594 596/596/596
f 593/593/593 597/597/597 589/589/589
f 598/598/598 589/589/589 597/597/597
f 599/599/599 598/598/598 597/597/597
f 600/600/600 594/594/594 595/595/595
f 600/600/600 595/595/595 601/601/601
f 594/594/594 602/602/602 596/596/596
f 594/594/594 600/600/600 602/602/602
f 603/603/603 593/593/593 596/596/596
f 593/593/593 603/603/603 597/597/597
f 603/603/603 596/596/596 602/602/602
f 597/597/597 604/604/604 599/599/599
f 603/603/603 604/604/604 597/597/597
f 604/604/604 605/605/605 599/599/599
f 606/606/606 600/600/600 601/601/601
f 601/601/601 607/607/607 606/606/606
f 600/600/600 608/608/608 602/602/602
f 608/608/608 600/600/600 606/606/606
f 609/609/609 603/603/603 602/602/602
f 604/604/604 603/603/603 609/609/609
f 602/602/602 608/608/608 609/609/609
f 605/605/605 604/604/604 610/610/610
f 610/610/610 604/604/604 609/609/609
f 611/611/611 605/605/605 610/610/610
f 607/607/607 612/612/612 606/606/606
f 607/607/607 613/613/613 612/612/612
f 608/608/608 614/614/614 609/609/609
f 609/609/609 614/614/614 610/610/610
f 611/611/611 610/610/610 615/615/615
f 614/614/614 615/615/615 610/610/610
f 616/616/616 611/611/611 615/615/615
f 617/617/617 608/608/608 606/606/606
f 608/608/608 617/617/617 614/614/614
f 617/617/617 606/606/606 612/612/612
f 613/613/613 618/618/618 612/612/612
f 618/618/618 613/613/613 619/619/619
f 615/615/615 614/614/614 620/620/620
f 617/617/617 620/620/620 614/614/614
f 615/615/615 621/621/621 616/616/616
f 621/621/621 615/615/615 620/620/620
f 621/621/621 622/622/622 616/616/616
f 623/623/623 617/617/617 612/612/612
f 620/620/620 617/617/617 623/623/623
f 612/612/612 618/618/618 623/623/623
f 624/624/624 618/618/618 619/619/619
f 619/619/619 625/625/625 624/624/624
f 621/621/621 626/626/626 622/622/622
f 626/626/626 627/627/627 622/622/622
f 620/620/620 628/628/628 621/621/621
f 628/628/628 620/620/620 623/623/623
f 628/628/628 626/626/626 621/621/621
f 618/618/618 629/629/629 623/623/623
f 628/628/628 623/623/623 629/629/629
f 629/629/629 618/618/618 624/624/624
f 625/625/625 630/630/630 624/624/624
f 630/630/630 625/625/625 631/631/631
f 626/626/626 632/632/632 627/627/627
f 632/632/632 633/633/633 627/627/627
f 626/626/626 628/628/628 634/634/634
f 634/634/634 628/628/628 629/629/629
f 632/632/632 626/626/626 634/634/634
f 635/635/635 629/629/629 624/624/624
f 635/635/635 624/624/624 630/630/630
f 634/634/634 629/629/629 635/635/635
f 636/636/636 630/630/630 631/631/631
f 636/636/636 635/635/635 630/630/630
f 637/637/637 634/634/634 635/635/635
f 632/632/632 634/634/634 637/637/637
f 635/635/635 636/636/636 637/637/637
f 633/633/633 632/632/632 638/638/638
f 638/638/638 632/632/632 637/637/637
f 639/639/639 633/633/633 638/638/638
f 640/640/640 639/639/639 638/638/638
f 638/638/638 637/637/637 641/641/641
f 636/636/636 641/641/641 637/637/637
f 640/640/640 638/638/638 641/641/641
f 642/642/642 636/636/636 631/631/631
f 641/641/641 636/636/636 642/642/642
f 640/640/640 641/641/641 642/642/642
f 642/642/642 631/631/631 643/643/643
f 644/644/644 640/640/640 642/642/642
f 645/645/645 642/642/642 643/643/643
f 644/644/644 642/642/642 645/645/645
f 645/645/645 643/643/643 646/646/646
f 647/647/647 644/644/644 645/645/645
f 648/648/648 645/645/645 646/646/646
f 647/647/647 645/645/645 648/648/648
f 648/648/648 646/646/646 649/649/649
f 650/650/650 647/647/647 648/648/648
f 651/651/651 648/648/648 649/649/649
f 648/648/648 651/651/651 650/650/650
f 649/649/649 652/652/652 651/651/651
f 651/651/651 653/653/653 650/650/650
f 652/652/652 654/654/654 651/651/651
f 653/653/653 651/651/651 654/654/654
f 654/654/654 652/652/652 655/655/655
f 656/656/656 653/653/653 654/654/654
f 655/655/655 656/656/656 654/654/654
f 659/659/659 658/658/658 657/657/657
f 660/660/660 659/659/659 657/657/657
f 661/661/661 660/660/660 657/657/657
f 662/662/662 660/660/660 661/661/661
f 663/663/663 662/662/662 661/661/661
f 662/662/662 663/663/663 664/664/664
f 663/663/663 665/665/665 664/664/664
f 666/666/666 664/664/664 665/665/665
f 667/667/667 666/666/666 665/665/665
f 666/666/666 667/667/667 668/668/668
f 668/668/668 669/669/669 666/666/666
f 664/664/664 666/666/666 669/669/669
f 670/670/670 664/664/664 669/669/669
f 662/662/662 664/664/664 670/670/670
f 671/671/671 662/662/662 670/670/670
f 660/660/660 662/662/662 671/671/671
f 672/672/672 660/660/660 671/671/671
f 660/660/660 672/672/672 659/659/659
f 672/672/672 673/673/673 659/659/659
f 673/673/673 674/674/674 659/659/659
f 676/676/676 675/675/675 196/196/196
f 677/677/677 676/676/676 196/196/196
f 676/676/676 677/677/677 678/678/678
f 679/679/679 676/676/676 678/678/678
f 679/679/679 678/678/678 680/680/680
f 677/677/677 196/196/196 681/681/681
f 677/677/677 681/681/681 678/678/678
f 678/678/678 682/682/682 680/680/680
f 680/680/680 682/682/682 683/683/683
f 196/196/196 684/684/684 681/681/681
f 196/196/196 194/194/194 684/684/684
f 682/682/682 685/685/685 683/683/683
f 686/686/686 683/683/683 685/685/685
f 687/687/687 686/686/686 685/685/685
f 688/688/688 687/687/687 685/685/685
f 685/685/685 682/682/682 688/688/688
f 687/687/687 688/688/688 689/689/689
f 682/682/682 690/690/690 688/688/688
f 689/689/689 688/688/688 690/690/690
f 690/690/690 682/682/682 678/678/678
f 691/691/691 689/689/689 690/690/690
f 692/692/692 691/691/691 690/690/690
f 692/692/692 690/690/690 678/678/678
f 692/692/692 678/678/678 681/681/681
f 693/693/693 692/692/692 681/681/681
f 693/693/693 681/681/681 684/684/684
f 694/694/694 693/693/693 684/684/684
f 684/684/684 695/695/695 694/694/694
f 194/194/194 695/695/695 684/684/684
f 695/695/695 696/696/696 694/694/694
f 194/194/194 187/187/187 695/695/695
f 696/696/696 695/695/695 697/697/697
f 187/187/187 697/697/697 695/695/695
f 698/698/698 696/696/696 697/697/697
f 229/229/229 697/697/697 187/187/187
f 698/698/698 697/697/697 699/699/699
f 697/697/697 229/229/229 699/699/699
f 699/699/699 229/229/229 242/242/242
f 700/700/700 699/699/699 242/242/242
f 701/701/701 700/700/700 242/242/242
f 701/701/701 702/702/702 700/700/700
f 701/701/701 703/703/703 702/702/702
f 701/701/701 242/242/242 244/244/244
f 701/701/701 244/244/244 703/703/703
f 704/704/704 702/702/702 703/703/703
f 244/244/244 705/705/705 703/703/703
f 244/244/244 241/241/241 705/705/705
f 704/704/704 703/703/703 706/706/706
f 707/707/707 704/704/704 706/706/706
f 708/708/708 707/707/707 706/706/706
f 241/241/241 709/709/709 705/705/705
f 709/709/709 241/241/241 243/243/243
f 312/312/312 709/709/709 243/243/243
f 709/709/709 312/312/312 705/705/705
f 312/312/312 710/710/710 705/705/705
f 703/703/703 705/705/705 710/710/710
f 313/313/313 710/710/710 312/312/312
f 710/710/710 313/313/313 711/711/711
f 712/712/712 703/703/703 710/710/710
f 712/712/712 710/710/710 711/711/711
f 706/706/706 703/703/703 712/712/712
f 712/712/712 711/711/711 713/713/713
f 713/713/713 706/706/706 712/712/712
f 711/711/711 714/714/714 713/713/713
f 715/715/715 708/708/708 706/706/706
f 715/715/715 706/706/706 713/713/713
f 716/716/716 708/708/708 715/715/715
f 715/715/715 713/713/713 716/716/716
f 717/717/717 708/708/708 716/716/716
f 717/717/717 716/716/716 718/718/718
f 719/719/719 713/713/713 714/714/714
f 713/713/713 719/719/719 716/716/716
f 720/720/720 719/719/719 714/714/714
f 716/716/716 721/721/721 718/718/718
f 721/721/721 716/716/716 719/719/719
f 718/718/718 721/721/721 722/722/722
f 719/719/719 720/720/720 723/723/723
f 723/723/723 721/721/721 719/719/719
f 720/720/720 724/724/724 723/723/723
f 721/721/721 725/725/725 722/722/722
f 721/721/721 723/723/723 725/725/725
f 722/722/722 725/725/725 726/726/726
f 723/723/723 724/724/724 727/727/727
f 723/723/723 727/727/727 725/725/725
f 725/725/725 727/727/727 726/726/726
f 724/724/724 728/728/728 727/727/727
f 727/727/727 729/729/729 726/726/726
f 727/727/727 728/728/728 729/729/729
f 726/726/726 729/729/729 730/730/730
f 728/728/728 731/731/731 729/729/729
f 729/729/729 732/732/732 730/730/730
f 729/729/729 731/731/731 732/732/732
f 733/733/733 730/730/730 732/732/732
f 731/731/731 734/734/734 732/732/732
f 735/735/735 733/733/733 732/732/732
f 735/735/735 732/732/732 734/734/734
f 736/736/736 735/735/735 734/734/734
f 735/735/735 737/737/737 733/733/733
f 737/737/737 735/735/735 736/736/736
f 738/738/738 737/737/737 736/736/736
f 739/739/739 737/737/737 738/738/738
f 740/740/740 739/739/739 738/738/738
f 743/743/743 742/742/742 741/741/741
f 742/742/742 744/744/744 741/741/741
f 744/744/744 742/742/742 745/745/745
f 741/741/741 744/744/744 746/746/746
f 747/747/747 741/741/741 746/746/746
f 746/746/746 748/748/748 747/747/747
f 748/748/748 749/749/749 747/747/747
f 748/748/748 750/750/750 749/749/749
f 750/750/750 751/751/751 749/749/749
f 751/751/751 752/752/752 749/749/749
f 751/751/751 753/753/753 752/752/752
f 746/746/746 744/744/744 754/754/754
f 744/744/744 755/755/755 754/754/754
f 755/755/755 744/744/744 745/745/745
f 754/754/754 755/755/755 756/756/756
f 755/755/755 745/745/745 757/757/757
f 755/755/755 757/757/757 756/756/756
f 745/745/745 758/758/758 757/757/757
f 757/757/757 759/759/759 756/756/756
f 758/758/758 759/759/759 757/757/757
f 762/762/762 761/761/761 760/760/760
f 763/763/763 762/762/762 760/760/760
f 760/760/760 764/764/764 763/763/763
f 762/762/762 763/763/763 765/765/765
f 764/764/764 766/766/766 763/763/763
f 763/763/763 767/767/767 765/765/765
f 763/763/763 766/766/766 767/767/767
f 768/768/768 765/765/765 767/767/767
f 766/766/766 769/769/769 767/767/767
f 770/770/770 768/768/768 767/767/767
f 770/770/770 767/767/767 769/769/769
f 768/768/768 770/770/770 771/771/771
f 772/772/772 770/770/770 769/769/769
f 770/770/770 773/773/773 771/771/771
f 773/773/773 770/770/770 772/772/772
f 774/774/774 773/773/773 772/772/772
f 775/775/775 771/771/771 773/773/773
f 773/773/773 774/774/774 776/776/776
f 776/776/776 775/775/775 773/773/773
f 775/775/775 776/776/776 777/777/777
f 774/774/774 778/778/778 776/776/776
f 777/777/777 776/776/776 778/778/778
f 779/779/779 775/775/775 777/777/777
f 780/780/780 777/777/777 778/778/778
f 780/780/780 781/781/781 777/777/777
f 779/779/779 777/777/777 782/782/782
f 781/781/781 783/783/783 777/777/777
f 777/777/777 783/783/783 782/782/782
f 781/781/781 784/784/784 783/783/783
f 783/783/783 785/785/785 782/782/782
f 784/784/784 785/785/785 783/783/783
f 785/785/785 786/786/786 782/782/782
f 785/785/785 784/784/784 787/787/787
f 785/785/785 788/788/788 786/786/786
f 788/788/788 785/785/785 787/787/787
f 788/788/788 789/789/789 786/786/786
f 788/788/788 787/787/787 790/790/790
f 788/788/788 791/791/791 789/789/789
f 792/792/792 788/788/788 790/790/790
f 791/791/791 788/788/788 792/792/792
f 790/790/790 793/793/793 792/792/792
f 794/794/794 791/791/791 792/792/792
f 793/793/793 795/795/795 792/792/792
f 794/794/794 792/792/792 795/795/795
f 793/793/793 796/796/796 795/795/795
f 797/797/797 794/794/794 795/795/795
f 796/796/796 798/798/798 795/795/795
f 795/795/795 798/798/798 797/797/797
f 798/798/798 796/796/796 799/799/799
f 798/798/798 800/800/800 797/797/797
f 799/799/799 800/800/800 798/798/798
f 803/803/803 802/802/802 801/801/801
f 803/803/803 801/801/801 804/804/804
f 801/801/801 805/805/805 804/804/804
f 804/804/804 805/805/805 806/806/806
f 805/805/805 807/807/807 806/806/806
f 806/806/806 807/807/807 808/808/808
f 807/807/807 809/809/809 808/808/808
f 810/810/810 808/808/808 809/809/809
f 811/811/811 809/809/809 807/807/807
f 812/812/812 810/810/810 809/809/809
f 812/812/812 809/809/809 811/811/811
f 810/810/810 812/812/812 813/813/813
f 814/814/814 812/812/812 811/811/811
f 812/812/812 815/815/815 813/813/813
f 815/815/815 812/812/812 814/814/814
f 813/813/813 815/815/815 816/816/816
f 817/817/817 815/815/815 814/814/814
f 815/815/815 818/818/818 816/816/816
f 818/818/818 815/815/815 817/817/817
f 816/816/816 818/818/818 819/819/819
f 820/820/820 818/818/818 817/817/817
f 818/818/818 821/821/821 819/819/819
f 821/821/821 818/818/818 820/820/820
f 822/822/822 821/821/821 820/820/820
f 819/819/819 821/821/821 823/823/823
f 824/824/824 821/821/821 822/822/822
f 821/821/821 824/824/824 823/823/823
f 825/825/825 824/824/824 822/822/822
f 825/825/825 826/826/826 824/824/824
f 823/823/823 824/824/824 827/827/827
f 826/826/826 827/827/827 824/824/824
f 827/827/827 826/826/826 828/828/828
f 829/829/829 823/823/823 827/827/827
f 827/827/827 828/828/828 830/830/830
f 829/829/829 827/827/827 831/831/831
f 831/831/831 827/827/827 830/830/830
f 832/832/832 829/829/829 831/831/831
f 833/833/833 829/829/829 832/832/832
f 831/831/831 830/830/830 834/834/834
f 834/834/834 830/830/830 835/835/835
f 832/832/832 836/836/836 833/833/833
f 836/836/836 837/837/837 833/833/833
f 832/832/832 831/831/831 838/838/838
f 838/838/838 831/831/831 834/834/834
f 836/836/836 832/832/832 838/838/838
f 834/834/834 835/835/835 839/839/839
f 834/834/834 839/839/839 838/838/838
f 835/835/835 840/840/840 839/839/839
f 836/836/836 838/838/838 841/841/841
f 839/839/839 841/841/841 838/838/838
f 839/839/839 840/840/840 842/842/842
f 841/841/841 839/839/839 842/842/842
f 840/840/840 843/843/843 842/842/842
f 836/836/836 844/844/844 837/837/837
f 844/844/844 836/836/836 841/841/841
f 842/842/842 843/843/843 845/845/845
f 843/843/843 846/846/846 845/845/845
f 845/845/845 846/846/846 847/847/847
f 848/848/848 841/841/841 842/842/842
f 844/844/844 841/841/841 848/848/848
f 848/848/848 842/842/842 845/845/845
f 844/844/844 849/849/849 837/837/837
f 850/850/850 837/837/837 849/849/849
f 851/851/851 850/850/850 849/849/849
f 852/852/852 844/844/844 848/848/848
f 844/844/844 852/852/852 849/849/849
f 853/853/853 848/848/848 845/845/845
f 852/852/852 848/848/848 853/853/853
f 854/854/854 845/845/845 847/847/847
f 845/845/845 854/854/854 853/853/853
f 855/855/855 851/851/851 849/849/849
f 852/852/852 855/855/855 849/849/849
f 851/851/851 855/855/855 856/856/856
f 857/857/857 851/851/851 856/856/856
f 855/855/855 852/852/852 858/858/858
f 856/856/856 855/855/855 858/858/858
f 858/858/858 852/852/852 853/853/853
f 857/857/857 856/856/856 859/859/859
f 856/856/856 858/858/858 859/859/859
f 860/860/860 857/857/857 859/859/859
f 861/861/861 858/858/858 853/853/853
f 858/858/858 861/861/861 859/859/859
f 859/859/859 862/862/862 860/860/860
f 859/859/859 861/861/861 862/862/862
f 862/862/862 863/863/863 860/860/860
f 864/864/864 861/861/861 853/853/853
f 854/854/854 864/864/864 853/853/853
f 862/862/862 865/865/865 863/863/863
f 865/865/865 866/866/866 863/863/863
f 866/866/866 865/865/865 867/867/867
f 861/861/861 868/868/868 862/862/862
f 861/861/861 864/864/864 868/868/868
f 865/865/865 862/862/862 868/868/868
f 864/864/864 854/854/854 869/869/869
f 864/864/864 869/869/869 868/868/868
f 865/865/865 870/870/870 867/867/867
f 871/871/871 867/867/867 870/870/870
f 872/872/872 865/865/865 868/868/868
f 865/865/865 872/872/872 870/870/870
f 872/872/872 868/868/868 869/869/869
f 854/854/854 873/873/873 869/869/869
f 854/854/854 847/847/847 873/873/873
f 847/847/847 874/874/874 873/873/873
f 872/872/872 875/875/875 870/870/870
f 870/870/870 875/875/875 871/871/871
f 876/876/876 872/872/872 869/869/869
f 869/869/869 873/873/873 876/876/876
f 872/872/872 876/876/876 875/875/875
f 873/873/873 874/874/874 877/877/877
f 873/873/873 877/877/877 876/876/876
f 874/874/874 878/878/878 877/877/877
f 876/876/876 879/879/879 875/875/875
f 871/871/871 875/875/875 879/879/879
f 876/876/876 877/877/877 879/879/879
f 877/877/877 878/878/878 880/880/880
f 877/877/877 880/880/880 879/879/879
f 880/880/880 871/871/871 879/879/879
f 878/878/878 881/881/881 880/880/880
f 880/880/880 881/881/881 871/871/871
f 884/884/884 883/883/883 882/882/882
f 885/885/885 884/884/884 882/882/882
f 886/886/886 884/884/884 885/885/885
f 887/887/887 886/886/886 885/885/885
f 886/886/886 887/887/887 888/888/888
f 887/887/887 889/889/889 888/888/888
f 890/890/890 888/888/888 889/889/889
f 891/891/891 890/890/890 889/889/889
f 892/892/892 891/891/891 889/889/889
f 893/893/893 890/890/890 891/891/891
f 894/894/894 891/891/891 892/892/892
f 894/894/894 893/893/893 891/891/891
f 895/895/895 894/894/894 892/892/892
f 896/896/896 893/893/893 894/894/894
f 897/897/897 894/894/894 895/895/895
f 897/897/897 896/896/896 894/894/894
f 898/898/898 897/897/897 895/895/895
f 896/896/896 897/897/897 899/899/899
f 900/900/900 897/897/897 898/898/898
f 897/897/897 900/900/900 899/899/899
f 901/901/901 900/900/900 898/898/898
f 899/899/899 900/900/900 902/902/902
f 903/903/903 900/900/900 901/901/901
f 900/900/900 903/903/903 902/902/902
f 904/904/904 903/903/903 901/901/901
f 904/904/904 905/905/905 903/903/903
f 903/903/903 906/906/906 902/902/902
f 905/905/905 906/906/906 903/903/903
f 906/906/906 907/907/907 902/902/902
f 906/906/906 905/905/905 908/908/908
f 907/907/907 906/906/906 909/909/909
f 909/909/909 906/906/906 908/908/908
f 910/910/910 907/907/907 909/909/909
f 909/909/909 908/908/908 911/911/911
f 909/909/909 912/912/912 910/910/910
f 912/912/912 909/909/909 911/911/911
f 912/912/912 913/913/913 910/910/910
f 912/912/912 911/911/911 914/914/914
f 913/913/913 912/912/912 915/915/915
f 915/915/915 912/912/912 914/914/914
f 916/916/916 913/913/913 915/915/915
f 917/917/917 915/915/915 914/914/914
f 915/915/915 917/917/917 916/916/916
f 918/918/918 917/917/917 914/914/914
f 917/917/917 919/919/919 916/916/916
f 920/920/920 917/917/917 918/918/918
f 919/919/919 917/917/917 920/920/920
f 921/921/921 920/920/920 918/918/918
f 922/922/922 919/919/919 920/920/920
f 920/920/920 921/921/921 923/923/923
f 924/924/924 923/923/923 921/921/921
f 923/923/923 924/924/924 925/925/925
f 920/920/920 926/926/926 922/922/922
f 926/926/926 920/920/920 923/923/923
f 926/926/926 927/927/927 922/922/922
f 928/928/928 923/923/923 925/925/925
f 926/926/926 923/923/923 928/928/928
f 928/928/928 925/925/925 929/929/929
f 927/927/927 926/926/926 930/930/930
f 930/930/930 926/926/926 928/928/928
f 931/931/931 927/927/927 930/930/930
f 932/932/932 928/928/928 929/929/929
f 930/930/930 928/928/928 932/932/932
f 930/930/930 933/933/933 931/931/931
f 933/933/933 930/930/930 932/932/932
f 933/933/933 934/934/934 931/931/931
f 932/932/932 929/929/929 935/935/935
f 936/936/936 935/935/935 929/929/929
f 936/936/936 937/937/937 935/935/935
f 934/934/934 933/933/933 938/938/938
f 939/939/939 934/934/934 938/938/938
f 933/933/933 932/932/932 940/940/940
f 940/940/940 932/932/932 935/935/935
f 938/938/938 933/933/933 940/940/940
f 937/937/937 941/941/941 935/935/935
f 935/935/935 941/941/941 940/940/940
f 941/941/941 937/937/937 942/942/942
f 938/938/938 943/943/943 939/939/939
f 943/943/943 944/944/944 939/939/939
f 938/938/938 940/940/940 945/945/945
f 941/941/941 945/945/945 940/940/940
f 943/943/943 938/938/938 945/945/945
f 946/946/946 941/941/941 942/942/942
f 941/941/941 946/946/946 945/945/945
f 942/942/942 947/947/947 946/946/946
f 943/943/943 948/948/948 944/944/944
f 948/948/948 949/949/949 944/944/944
f 943/943/943 945/945/945 950/950/950
f 948/948/948 943/943/943 950/950/950
f 946/946/946 950/950/950 945/945/945
f 948/948/948 951/951/951 949/949/949
f 951/951/951 948/948/948 950/950/950
f 951/951/951 952/952/952 949/949/949
f 953/953/953 952/952/952 951/951/951
f 947/947/947 954/954/954 946/946/946
f 954/954/954 947/947/947 955/955/955
f 956/956/956 950/950/950 946/946/946
f 956/956/956 951/951/951 950/950/950
f 954/954/954 956/956/956 946/946/946
f 957/957/957 953/953/953 951/951/951
f 957/957/957 951/951/951 956/956/956
f 958/958/958 953/953/953 957/957/957
f 959/959/959 954/954/954 955/955/955
f 955/955/955 960/960/960 959/959/959
f 961/961/961 956/956/956 954/954/954
f 961/961/961 957/957/957 956/956/956
f 959/959/959 961/961/961 954/954/954
f 962/962/962 958/958/958 957/957/957
f 962/962/962 957/957/957 961/961/961
f 963/963/963 961/961/961 959/959/959
f 963/963/963 962/962/962 961/961/961
f 962/962/962 964/964/964 958/958/958
f 964/964/964 962/962/962 963/963/963
f 964/964/964 965/965/965 958/958/958
f 960/960/960 966/966/966 959/959/959
f 966/966/966 963/963/963 959/959/959
f 965/965/965 964/964/964 967/967/967
f 968/968/968 965/965/965 967/967/967
f 969/969/969 964/964/964 963/963/963
f 969/969/969 963/963/963 966/966/966
f 967/967/967 964/964/964 969/969/969
f 966/966/966 960/960/960 970/970/970
f 970/970/970 969/969/969 966/966/966
f 960/960/960 971/971/971 970/970/970
f 968/968/968 967/967/967 972/972/972
f 973/973/973 968/968/968 972/972/972
f 974/974/974 967/967/967 969/969/969
f 974/974/974 969/969/969 970/970/970
f 972/972/972 967/967/967 974/974/974
f 970/970/970 971/971/971 975/975/975
f 975/975/975 974/974/974 970/970/970
f 971/971/971 976/976/976 975/975/975
f 972/972/972 977/977/977 973/973/973
f 977/977/977 978/978/978 973/973/973
f 979/979/979 972/972/972 974/974/974
f 979/979/979 974/974/974 975/975/975
f 977/977/977 972/972/972 979/979/979
f 980/980/980 975/975/975 976/976/976
f 980/980/980 979/979/979 975/975/975
f 981/981/981 980/980/980 976/976/976
f 978/978/978 977/977/977 982/982/982
f 983/983/983 978/978/978 982/982/982
f 984/984/984 977/977/977 979/979/979
f 984/984/984 979/979/979 980/980/980
f 982/982/982 977/977/977 984/984/984
f 980/980/980 981/981/981 985/985/985
f 985/985/985 984/984/984 980/980/980
f 981/981/981 986/986/986 985/985/985
f 983/983/983 982/982/982 987/987/987
f 988/988/988 983/983/983 987/987/987
f 989/989/989 982/982/982 984/984/984
f 989/989/989 984/984/984 985/985/985
f 987/987/987 982/982/982 989/989/989
f 985/985/985 986/986/986 990/990/990
f 990/990/990 989/989/989 985/985/985
f 986/986/986 991/991/991 990/990/990
f 988/988/988 987/987/987 992/992/992
f 993/993/993 988/988/988 992/992/992
f 994/994/994 987/987/987 989/989/989
f 994/994/994 989/989/989 990/990/990
f 992/992/992 987/987/987 994/994/994
f 990/990/990 991/991/991 995/995/995
f 995/995/995 994/994/994 990/990/990
f 991/991/991 996/996/996 995/995/995
f 993/993/993 992/992/992 997/997/997
f 998/998/998 993/993/993 997/997/997
f 998/998/998 997/997/997 999/999/999
f 1000/1000/1000 998/998/998 999/999/999
f 1001/1001/1001 992/992/992 994/994/994
f 1001/1001/1001 994/994/994 995/995/995
f 997/997/997 992/992/992 1001/1001/1001
f 995/995/995 996/996/996 1002/1002/1002
f 1002/1002/1002 1001/1001/1001 995/995/995
f 996/996/996 1003/1003/1003 1002/1002/1002
f 1004/1004/1004 997/997/997 1001/1001/1001
f 1004/1004/1004 1001/1001/1001 1002/1002/1002
f 997/997/997 1004/1004/1004 999/999/999
f 1005/1005/1005 1002/1002/1002 1003/1003/1003
f 1005/1005/1005 1004/1004/1004 1002/1002/1002
f 1004/1004/1004 1005/1005/1005 999/999/999
f 1006/1006/1006 1005/1005/1005 1003/1003/1003
f 1005/1005/1005 1006/1006/1006 999/999/999
f 1006/1006/1006 1007/1007/1007 999/999/999
f 999/999/999 1008/1008/1008 1000/1000/1000
f 999/999/999 1007/1007/1007 1008/1008/1008
f 1008/1008/1008 1009/1009/1009 1000/1000/1000
f 1007/1007/1007 1010/1010/1010 1008/1008/1008
f 1008/1008/1008 1011/1011/1011 1009/1009/1009
f 1008/1008/1008 1010/1010/1010 1011/1011/1011
f 1011/1011/1011 1012/1012/1012 1009/1009/1009
f 1010/1010/1010 1013/1013/1013 1011/1011/1011
f 1011/1011/1011 1014/1014/1014 1012/1012/1012
f 1011/1011/1011 1013/1013/1013 1014/1014/1014
f 1014/1014/1014 1015/1015/1015 1012/1012/1012
f 1013/1013/1013 1016/1016/1016 1014/1014/1014
f 1015/1015/1015 1014/1014/1014 1017/1017/1017
f 1014/1014/1014 1016/1016/1016 1017/1017/1017
f 1018/1018/1018 1015/1015/1015 1017/1017/1017
f 1016/1016/1016 1019/1019/1019 1017/1017/1017
f 1018/1018/1018 1017/1017/1017 1020/1020/1020
f 1019/1019/1019 1020/1020/1020 1017/1017/1017
f 1023/1023/1023 1022/1022/1022 1021/1021/1021
f 1022/1022/1022 1024/1024/1024 1021/1021/1021
f 1025/1025/1025 1021/1021/1021 1024/1024/1024
f 1022/1022/1022 1026/1026/1026 1024/1024/1024
f 1026/1026/1026 1022/1022/1022 1027/1027/1027
f 1022/1022/1022 1028/1028/1028 1027/1027/1027
f 1029/1029/1029 1027/1027/1027 1028/1028/1028
f 1030/1030/1030 1029/1029/1029 1028/1028/1028
f 1031/1031/1031 1029/1029/1029 1030/1030/1030
f 1032/1032/1032 1031/1031/1031 1030/1030/1030
f 1029/1029/1029 1033/1033/1033 1027/1027/1027
f 1029/1029/1029 1031/1031/1031 1033/1033/1033
f 1026/1026/1026 1027/1027/1027 1034/1034/1034
f 1033/1033/1033 1034/1034/1034 1027/1027/1027
f 1031/1031/1031 1032/1032/1032 1035/1035/1035
f 1032/1032/1032 1036/1036/1036 1035/1035/1035
f 1037/1037/1037 1035/1035/1035 1036/1036/1036
f 1038/1038/1038 1037/1037/1037 1036/1036/1036
f 1037/1037/1037 1039/1039/1039 1035/1035/1035
f 1039/1039/1039 1040/1040/1040 1035/1035/1035
f 1031/1031/1031 1035/1035/1035 1040/1040/1040
f 1041/1041/1041 1031/1031/1031 1040/1040/1040
f 1031/1031/1031 1041/1041/1041 1033/1033/1033
f 1042/1042/1042 1041/1041/1041 1040/1040/1040
f 1041/1041/1041 1042/1042/1042 1043/1043/1043
f 1033/1033/1033 1041/1041/1041 1043/1043/1043
f 1034/1034/1034 1033/1033/1033 1043/1043/1043
f 1044/1044/1044 1034/1034/1034 1043/1043/1043
f 1034/1034/1034 1044/1044/1044 1045/1045/1045
f 1046/1046/1046 1034/1034/1034 1045/1045/1045
f 1046/1046/1046 1026/1026/1026 1034/1034/1034
f 1046/1046/1046 1045/1045/1045 1047/1047/1047
f 1045/1045/1045 1048/1048/1048 1047/1047/1047
f 1026/1026/1026 1046/1046/1046 1049/1049/1049
f 1046/1046/1046 1047/1047/1047 1049/1049/1049
f 1026/1026/1026 1049/1049/1049 1024/1024/1024
f 1047/1047/1047 1048/1048/1048 1050/1050/1050
f 1048/1048/1048 1051/1051/1051 1050/1050/1050
f 1024/1024/1024 1049/1049/1049 1052/1052/1052
f 1052/1052/1052 1025/1025/1025 1024/1024/1024
f 1049/1049/1049 1047/1047/1047 1053/1053/1053
f 1049/1049/1049 1053/1053/1053 1052/1052/1052
f 1047/1047/1047 1050/1050/1050 1053/1053/1053
f 1052/1052/1052 1054/1054/1054 1025/1025/1025
f 1052/1052/1052 1053/1053/1053 1054/1054/1054
f 1054/1054/1054 1055/1055/1055 1025/1025/1025
f 1054/1054/1054 1056/1056/1056 1055/1055/1055
f 1053/1053/1053 1057/1057/1057 1054/1054/1054
f 1053/1053/1053 1050/1050/1050 1057/1057/1057
f 1054/1054/1054 1057/1057/1057 1056/1056/1056
f 1050/1050/1050 1051/1051/1051 1058/1058/1058
f 1050/1050/1050 1058/1058/1058 1057/1057/1057
f 1056/1056/1056 1057/1057/1057 1058/1058/1058
f 1051/1051/1051 1059/1059/1059 1058/1058/1058
f 1058/1058/1058 1059/1059/1059 1056/1056/1056
f 1062/1062/1062 1061/1061/1061 1060/1060/1060
f 1063/1063/1063 1062/1062/1062 1060/1060/1060
f 1063/1063/1063 1060/1060/1060 1064/1064/1064
f 1065/1065/1065 1062/1062/1062 1063/1063/1063
f 1066/1066/1066 1063/1063/1063 1064/1064/1064
f 1064/1064/1064 1067/1067/1067 1066/1066/1066
f 1068/1068/1068 1065/1065/1065 1063/1063/1063
f 1068/1068/1068 1063/1063/1063 1066/1066/1066
f 1069/1069/1069 1066/1066/1066 1067/1067/1067
f 1069/1069/1069 1068/1068/1068 1066/1066/1066
f 1067/1067/1067 1070/1070/1070 1069/1069/1069
f 1070/1070/1070 1071/1071/1071 1069/1069/1069
f 1071/1071/1071 1068/1068/1068 1069/1069/1069
f 1065/1065/1065 1068/1068/1068 1072/1072/1072
f 1068/1068/1068 1071/1071/1071 1072/1072/1072
f 1073/1073/1073 1072/1072/1072 1071/1071/1071
f 1065/1065/1065 1072/1072/1072 1074/1074/1074
f 1072/1072/1072 1073/1073/1073 1075/1075/1075
f 1074/1074/1074 1072/1072/1072 1075/1075/1075
f 1074/1074/1074 1075/1075/1075 1076/1076/1076
f 1079/1079/1079 1078/1078/1078 1077/1077/1077
f 1080/1080/1080 1079/1079/1079 1077/1077/1077
f 1081/1081/1081 1079/1079/1079 1080/1080/1080
f 1080/1080/1080 1077/1077/1077 1082/1082/1082
f 1083/1083/1083 1081/1081/1081 1080/1080/1080
f 1084/1084/1084 1080/1080/1080 1082/1082/1082
f 1083/1083/1083 1080/1080/1080 1084/1084/1084
f 1082/1082/1082 1085/1085/1085 1084/1084/1084
f 1086/1086/1086 1083/1083/1083 1084/1084/1084
f 1086/1086/1086 1087/1087/1087 1083/1083/1083
f 1085/1085/1085 1088/1088/1088 1084/1084/1084
f 1084/1084/1084 1088/1088/1088 1086/1086/1086
f 1088/1088/1088 1085/1085/1085 1089/1089/1089
f 1087/1087/1087 1086/1086/1086 1090/1090/1090
f 1088/1088/1088 1090/1090/1090 1086/1086/1086
f 1091/1091/1091 1087/1087/1087 1090/1090/1090
f 1092/1092/1092 1088/1088/1088 1089/1089/1089
f 1090/1090/1090 1088/1088/1088 1092/1092/1092
f 1092/1092/1092 1089/1089/1089 1093/1093/1093
f 1091/1091/1091 1090/1090/1090 1094/1094/1094
f 1094/1094/1094 1090/1090/1090 1092/1092/1092
f 1095/1095/1095 1091/1091/1091 1094/1094/1094
f 1096/1096/1096 1092/1092/1092 1093/1093/1093
f 1092/1092/1092 1096/1096/1096 1094/1094/1094
f 1096/1096/1096 1093/1093/1093 1097/1097/1097
f 1095/1095/1095 1094/1094/1094 1098/1098/1098
f 1096/1096/1096 1098/1098/1098 1094/1094/1094
f 1099/1099/1099 1095/1095/1095 1098/1098/1098
f 1100/1100/1100 1096/1096/1096 1097/1097/1097
f 1098/1098/1098 1096/1096/1096 1100/1100/1100
f 1097/1097/1097 1101/1101/1101 1100/1100/1100
f 1099/1099/1099 1098/1098/1098 1102/1102/1102
f 1102/1102/1102 1098/1098/1098 1100/1100/1100
f 1103/1103/1103 1099/1099/1099 1102/1102/1102
f 1103/1103/1103 1102/1102/1102 1104/1104/1104
f 1105/1105/1105 1102/1102/1102 1100/1100/1100
f 1102/1102/1102 1105/1105/1105 1104/1104/1104
f 1101/1101/1101 1106/1106/1106 1100/1100/1100
f 1106/1106/1106 1105/1105/1105 1100/1100/1100
f 1105/1105/1105 1107/1107/1107 1104/1104/1104
f 1106/1106/1106 1107/1107/1107 1105/1105/1105
f 1107/1107/1107 1108/1108/1108 1104/1104/1104
f 1109/1109/1109 1108/1108/1108 1107/1107/1107
f 1110/1110/1110 1106/1106/1106 1101/1101/1101
f 1107/1107/1107 1106/1106/1106 1110/1110/1110
f 1111/1111/1111 1110/1110/1110 1101/1101/1101
f 1112/1112/1112 1109/1109/1109 1107/1107/1107
f 1112/1112/1112 1107/1107/1107 1110/1110/1110
f 1109/1109/1109 1112/1112/1112 1113/1113/1113
f 1112/1112/1112 1114/1114/1114 1113/1113/1113
f 1112/1112/1112 1110/1110/1110 1114/1114/1114
f 1113/1113/1113 1114/1114/1114 1115/1115/1115
f 1110/1110/1110 1111/1111/1111 1116/1116/1116
f 1110/1110/1110 1116/1116/1116 1114/1114/1114
f 1111/1111/1111 1117/1117/1117 1116/1116/1116
f 1114/1114/1114 1118/1118/1118 1115/1115/1115
f 1114/1114/1114 1116/1116/1116 1118/1118/1118
f 1115/1115/1115 1118/1118/1118 1119/1119/1119
f 1120/1120/1120 1116/1116/1116 1117/1117/1117
f 1116/1116/1116 1120/1120/1120 1118/1118/1118
f 1121/1121/1121 1120/1120/1120 1117/1117/1117
f 1118/1118/1118 1122/1122/1122 1119/1119/1119
f 1122/1122/1122 1118/1118/1118 1120/1120/1120
f 1119/1119/1119 1122/1122/1122 1123/1123/1123
f 1124/1124/1124 1120/1120/1120 1121/1121/1121
f 1124/1124/1124 1122/1122/1122 1120/1120/1120
f 1125/1125/1125 1124/1124/1124 1121/1121/1121
f 1122/1122/1122 1126/1126/1126 1123/1123/1123
f 1126/1126/1126 1122/1122/1122 1124/1124/1124
f 1123/1123/1123 1126/1126/1126 1127/1127/1127
f 1128/1128/1128 1124/1124/1124 1125/1125/1125
f 1128/1128/1128 1126/1126/1126 1124/1124/1124
f 1129/1129/1129 1128/1128/1128 1125/1125/1125
f 1126/1126/1126 1130/1130/1130 1127/1127/1127
f 1126/1126/1126 1128/1128/1128 1130/1130/1130
f 1127/1127/1127 1130/1130/1130 1131/1131/1131
f 1132/1132/1132 1128/1128/1128 1129/1129/1129
f 1128/1128/1128 1132/1132/1132 1130/1130/1130
f 1133/1133/1133 1132/1132/1132 1129/1129/1129
f 1130/1130/1130 1134/1134/1134 1131/1131/1131
f 1130/1130/1130 1132/1132/1132 1134/1134/1134
f 1131/1131/1131 1134/1134/1134 1135/1135/1135
f 1136/1136/1136 1132/1132/1132 1133/1133/1133
f 1132/1132/1132 1136/1136/1136 1134/1134/1134
f 1137/1137/1137 1136/1136/1136 1133/1133/1133
f 1134/1134/1134 1138/1138/1138 1135/1135/1135
f 1138/1138/1138 1134/1134/1134 1136/1136/1136
f 1135/1135/1135 1138/1138/1138 1139/1139/1139
f 1136/1136/1136 1137/1137/1137 1140/1140/1140
f 1140/1140/1140 1138/1138/1138 1136/1136/1136
f 1137/1137/1137 1141/1141/1141 1140/1140/1140
f 1140/1140/1140 1141/1141/1141 1142/1142/1142
f 1138/1138/1138 1143/1143/1143 1139/1139/1139
f 1138/1138/1138 1140/1140/1140 1143/1143/1143
f 1139/1139/1139 1143/1143/1143 1144/1144/1144
f 1145/1145/1145 1140/1140/1140 1142/1142/1142
f 1140/1140/1140 1145/1145/1145 1143/1143/1143
f 1142/1142/1142 1146/1146/1146 1145/1145/1145
f 1143/1143/1143 1147/1147/1147 1144/1144/1144
f 1143/1143/1143 1145/1145/1145 1147/1147/1147
f 1148/1148/1148 1144/1144/1144 1147/1147/1147
f 1146/1146/1146 1149/1149/1149 1145/1145/1145
f 1145/1145/1145 1149/1149/1149 1147/1147/1147
f 1146/1146/1146 1150/1150/1150 1149/1149/1149
f 1151/1151/1151 1148/1148/1148 1147/1147/1147
f 1151/1151/1151 1147/1147/1147 1149/1149/1149
f 1150/1150/1150 1152/1152/1152 1149/1149/1149
f 1152/1152/1152 1151/1151/1151 1149/1149/1149
f 1150/1150/1150 1153/1153/1153 1152/1152/1152
f 1151/1151/1151 1154/1154/1154 1148/1148/1148
f 1154/1154/1154 1151/1151/1151 1152/1152/1152
f 1154/1154/1154 1155/1155/1155 1148/1148/1148
f 1153/1153/1153 1156/1156/1156 1152/1152/1152
f 1156/1156/1156 1154/1154/1154 1152/1152/1152
f 1153/1153/1153 1157/1157/1157 1156/1156/1156
f 1157/1157/1157 1158/1158/1158 1156/1156/1156
f 1154/1154/1154 1156/1156/1156 1158/1158/1158
f 1157/1157/1157 1159/1159/1159 1158/1158/1158
f 1154/1154/1154 1160/1160/1160 1155/1155/1155
f 1160/1160/1160 1154/1154/1154 1158/1158/1158
f 1161/1161/1161 1155/1155/1155 1160/1160/1160
f 1159/1159/1159 1162/1162/1162 1158/1158/1158
f 1160/1160/1160 1158/1158/1158 1162/1162/1162
f 1163/1163/1163 1161/1161/1161 1160/1160/1160
f 1163/1163/1163 1160/1160/1160 1162/1162/1162
f 1162/1162/1162 1159/1159/1159 1164/1164/1164
f 1163/1163/1163 1162/1162/1162 1164/1164/1164
f 1159/1159/1159 1165/1165/1165 1164/1164/1164
f 1163/1163/1163 1166/1166/1166 1161/1161/1161
f 1166/1166/1166 1163/1163/1163 1164/1164/1164
f 1166/1166/1166 1167/1167/1167 1161/1161/1161
f 1164/1164/1164 1165/1165/1165 1168/1168/1168
f 1164/1164/1164 1168/1168/1168 1166/1166/1166
f 1165/1165/1165 1169/1169/1169 1168/1168/1168
f 1170/1170/1170 1167/1167/1167 1166/1166/1166
f 1168/1168/1168 1170/1170/1170 1166/1166/1166
f 1167/1167/1167 1170/1170/1170 1171/1171/1171
f 1168/1168/1168 1169/1169/1169 1172/1172/1172
f 1170/1170/1170 1168/1168/1168 1172/1172/1172
f 1169/1169/1169 1173/1173/1173 1172/1172/1172
f 1170/1170/1170 1174/1174/1174 1171/1171/1171
f 1174/1174/1174 1170/1170/1170 1172/1172/1172
f 1175/1175/1175 1171/1171/1171 1174/1174/1174
f 1172/1172/1172 1173/1173/1173 1176/1176/1176
f 1174/1174/1174 1172/1172/1172 1176/1176/1176
f 1173/1173/1173 1177/1177/1177 1176/1176/1176
f 1174/1174/1174 1178/1178/1178 1175/1175/1175
f 1178/1178/1178 1174/1174/1174 1176/1176/1176
f 1178/1178/1178 1179/1179/1179 1175/1175/1175
f 1176/1176/1176 1177/1177/1177 1180/1180/1180
f 1178/1178/1178 1176/1176/1176 1180/1180/1180
f 1177/1177/1177 1181/1181/1181 1180/1180/1180
f 1178/1178/1178 1182/1182/1182 1179/1179/1179
f 1182/1182/1182 1178/1178/1178 1180/1180/1180
f 1182/1182/1182 1183/1183/1183 1179/1179/1179
f 1180/1180/1180 1181/1181/1181 1184/1184/1184
f 1182/1182/1182 1180/1180/1180 1184/1184/1184
f 1181/1181/1181 1185/1185/1185 1184/1184/1184
f 1185/1185/1185 1186/1186/1186 1184/1184/1184
f 1183/1183/1183 1182/1182/1182 1187/1187/1187
f 1187/1187/1187 1182/1182/1182 1184/1184/1184
f 1188/1188/1188 1183/1183/1183 1187/1187/1187
f 1186/1186/1186 1189/1189/1189 1184/1184/1184
f 1187/1187/1187 1184/1184/1184 1189/1189/1189
f 1186/1186/1186 1190/1190/1190 1189/1189/1189
f 1187/1187/1187 1191/1191/1191 1188/1188/1188
f 1191/1191/1191 1187/1187/1187 1189/1189/1189
f 1191/1191/1191 1192/1192/1192 1188/1188/1188
f 1193/1193/1193 1192/1192/1192 1191/1191/1191
f 1190/1190/1190 1194/1194/1194 1189/1189/1189
f 1191/1191/1191 1189/1189/1189 1194/1194/1194
f 1194/1194/1194 1190/1190/1190 1195/1195/1195
f 1196/1196/1196 1193/1193/1193 1191/1191/1191
f 1196/1196/1196 1191/1191/1191 1194/1194/1194
f 1193/1193/1193 1196/1196/1196 1197/1197/1197
f 1196/1196/1196 1198/1198/1198 1197/1197/1197
f 1196/1196/1196 1194/1194/1194 1198/1198/1198
f 1199/1199/1199 1197/1197/1197 1198/1198/1198
f 1200/1200/1200 1194/1194/1194 1195/1195/1195
f 1194/1194/1194 1200/1200/1200 1198/1198/1198
f 1200/1200/1200 1195/1195/1195 1201/1201/1201
f 1202/1202/1202 1199/1199/1199 1198/1198/1198
f 1202/1202/1202 1198/1198/1198 1200/1200/1200
f 1203/1203/1203 1199/1199/1199 1202/1202/1202
f 1204/1204/1204 1201/1201/1201 1203/1203/1203
f 1204/1204/1204 1200/1200/1200 1201/1201/1201
f 1204/1204/1204 1202/1202/1202 1200/1200/1200
f 1203/1203/1203 1202/1202/1202 1204/1204/1204
f 1207/1207/1207 1206/1206/1206 1205/1205/1205
f 1207/1207/1207 1205/1205/1205 1208/1208/1208
f 1205/1205/1205 1209/1209/1209 1208/1208/1208
f 1210/1210/1210 1208/1208/1208 1209/1209/1209
f 1211/1211/1211 1210/1210/1210 1209/1209/1209
f 1210/1210/1210 1211/1211/1211 1212/1212/1212
f 1211/1211/1211 1213/1213/1213 1212/1212/1212
f 1212/1212/1212 1213/1213/1213 1214/1214/1214
f 1213/1213/1213 1215/1215/1215 1214/1214/1214
f 1216/1216/1216 1214/1214/1214 1215/1215/1215
f 1217/1217/1217 1216/1216/1216 1215/1215/1215
f 1218/1218/1218 1216/1216/1216 1217/1217/1217
f 1218/1218/1218 1217/1217/1217 1219/1219/1219
f 1220/1220/1220 1218/1218/1218 1219/1219/1219
f 1221/1221/1221 1220/1220/1220 1219/1219/1219
f 1219/1219/1219 1222/1222/1222 1221/1221/1221
f 1220/1220/1220 1221/1221/1221 1223/1223/1223
f 1224/1224/1224 1220/1220/1220 1223/1223/1223
f 1222/1222/1222 1225/1225/1225 1221/1221/1221
f 1221/1221/1221 1225/1225/1225 1223/1223/1223
f 1224/1224/1224 1223/1223/1223 1226/1226/1226
f 1227/1227/1227 1224/1224/1224 1226/1226/1226
f 1225/1225/1225 1228/1228/1228 1223/1223/1223
f 1223/1223/1223 1228/1228/1228 1226/1226/1226
f 1226/1226/1226 1229/1229/1229 1227/1227/1227
f 1229/1229/1229 1230/1230/1230 1227/1227/1227
f 1228/1228/1228 1231/1231/1231 1226/1226/1226
f 1229/1229/1229 1226/1226/1226 1231/1231/1231
f 1229/1229/1229 1232/1232/1232 1230/1230/1230
f 1232/1232/1232 1233/1233/1233 1230/1230/1230
f 1232/1232/1232 1234/1234/1234 1233/1233/1233
f 1234/1234/1234 1235/1235/1235 1233/1233/1233
f 1234/1234/1234 1236/1236/1236 1235/1235/1235
f 1237/1237/1237 1234/1234/1234 1232/1232/1232
f 1237/1237/1237 1236/1236/1236 1234/1234/1234
f 1238/1238/1238 1232/1232/1232 1229/1229/1229
f 1238/1238/1238 1237/1237/1237 1232/1232/1232
f 1239/1239/1239 1229/1229/1229 1231/1231/1231
f 1239/1239/1239 1238/1238/1238 1229/1229/1229
f 1240/1240/1240 1231/1231/1231 1228/1228/1228
f 1231/1231/1231 1240/1240/1240 1239/1239/1239
f 1237/1237/1237 1241/1241/1241 1236/1236/1236
f 1241/1241/1241 1242/1242/1242 1236/1236/1236
f 1243/1243/1243 1242/1242/1242 1241/1241/1241
f 1244/1244/1244 1241/1241/1241 1237/1237/1237
f 1244/1244/1244 1243/1243/1243 1241/1241/1241
f 1238/1238/1238 1244/1244/1244 1237/1237/1237
f 1245/1245/1245 1243/1243/1243 1244/1244/1244
f 1238/1238/1238 1239/1239/1239 1246/1246/1246
f 1244/1244/1244 1238/1238/1238 1246/1246/1246
f 1246/1246/1246 1245/1245/1245 1244/1244/1244
f 1240/1240/1240 1246/1246/1246 1239/1239/1239
f 1247/1247/1247 1245/1245/1245 1246/1246/1246
f 1240/1240/1240 1247/1247/1247 1246/1246/1246
f 1248/1248/1248 1247/1247/1247 1240/1240/1240
f 1249/1249/1249 1240/1240/1240 1228/1228/1228
f 1249/1249/1249 1248/1248/1248 1240/1240/1240
f 1228/1228/1228 1225/1225/1225 1249/1249/1249
f 1249/1249/1249 1250/1250/1250 1248/1248/1248
f 1225/1225/1225 1250/1250/1250 1249/1249/1249
f 1250/1250/1250 1251/1251/1251 1248/1248/1248
f 1250/1250/1250 1225/1225/1225 1222/1222/1222
f 1251/1251/1251 1250/1250/1250 1252/1252/1252
f 1252/1252/1252 1250/1250/1250 1222/1222/1222
f 1253/1253/1253 1251/1251/1251 1252/1252/1252
f 1254/1254/1254 1252/1252/1252 1222/1222/1222
f 1252/1252/1252 1254/1254/1254 1253/1253/1253
f 1254/1254/1254 1255/1255/1255 1253/1253/1253
f 1255/1255/1255 1254/1254/1254 1256/1256/1256
f 1259/1259/1259 1258/1258/1258 1257/1257/1257
f 1258/1258/1258 1260/1260/1260 1257/1257/1257
f 1257/1257/1257 1260/1260/1260 1261/1261/1261
f 1262/1262/1262 1260/1260/1260 1258/1258/1258
f 1263/1263/1263 1262/1262/1262 1258/1258/1258
f 1262/1262/1262 1263/1263/1263 1264/1264/1264
f 1263/1263/1263 1265/1265/1265 1264/1264/1264
f 1264/1264/1264 1266/1266/1266 1262/1262/1262
f 1266/1266/1266 1267/1267/1267 1262/1262/1262
f 1262/1262/1262 1267/1267/1267 1260/1260/1260
f 1267/1267/1267 1266/1266/1266 1268/1268/1268
f 1260/1260/1260 1269/1269/1269 1261/1261/1261
f 1267/1267/1267 1269/1269/1269 1260/1260/1260
f 1270/1270/1270 1267/1267/1267 1268/1268/1268
f 1269/1269/1269 1267/1267/1267 1270/1270/1270
f 1270/1270/1270 1268/1268/1268 1271/1271/1271
f 1261/1261/1261 1269/1269/1269 1272/1272/1272
f 1272/1272/1272 1269/1269/1269 1270/1270/1270
f 1273/1273/1273 1261/1261/1261 1272/1272/1272
f 1274/1274/1274 1270/1270/1270 1271/1271/1271
f 1272/1272/1272 1270/1270/1270 1274/1274/1274
f 1271/1271/1271 1275/1275/1275 1274/1274/1274
f 1273/1273/1273 1272/1272/1272 1276/1276/1276
f 1276/1276/1276 1272/1272/1272 1274/1274/1274
f 1277/1277/1277 1273/1273/1273 1276/1276/1276
f 1275/1275/1275 1278/1278/1278 1274/1274/1274
f 1274/1274/1274 1278/1278/1278 1276/1276/1276
f 1278/1278/1278 1275/1275/1275 1279/1279/1279
f 1277/1277/1277 1276/1276/1276 1280/1280/1280
f 1278/1278/1278 1280/1280/1280 1276/1276/1276
f 1281/1281/1281 1277/1277/1277 1280/1280/1280
f 1282/1282/1282 1278/1278/1278 1279/1279/1279
f 1278/1278/1278 1282/1282/1282 1280/1280/1280
f 1282/1282/1282 1279/1279/1279 1283/1283/1283
f 1281/1281/1281 1280/1280/1280 1284/1284/1284
f 1282/1282/1282 1284/1284/1284 1280/1280/1280
f 1285/1285/1285 1281/1281/1281 1284/1284/1284
f 1286/1286/1286 1285/1285/1285 1284/1284/1284
f 1287/1287/1287 1282/1282/1282 1283/1283/1283
f 1284/1284/1284 1282/1282/1282 1287/1287/1287
f 1287/1287/1287 1283/1283/1283 1288/1288/1288
f 1289/1289/1289 1286/1286/1286 1284/1284/1284
f 1289/1289/1289 1284/1284/1284 1287/1287/1287
f 1290/1290/1290 1286/1286/1286 1289/1289/1289
f 1291/1291/1291 1289/1289/1289 1287/1287/1287
f 1291/1291/1291 1290/1290/1290 1289/1289/1289
f 1292/1292/1292 1287/1287/1287 1288/1288/1288
f 1292/1292/1292 1291/1291/1291 1287/1287/1287
f 1291/1291/1291 1293/1293/1293 1290/1290/1290
f 1293/1293/1293 1291/1291/1291 1292/1292/1292
f 1293/1293/1293 1294/1294/1294 1290/1290/1290
f 1295/1295/1295 1294/1294/1294 1293/1293/1293
f 1292/1292/1292 1288/1288/1288 1296/1296/1296
f 1296/1296/1296 1293/1293/1293 1292/1292/1292
f 1288/1288/1288 1297/1297/1297 1296/1296/1296
f 1298/1298/1298 1295/1295/1295 1293/1293/1293
f 1293/1293/1293 1296/1296/1296 1298/1298/1298
f 1299/1299/1299 1295/1295/1295 1298/1298/1298
f 1296/1296/1296 1297/1297/1297 1300/1300/1300
f 1296/1296/1296 1300/1300/1300 1298/1298/1298
f 1297/1297/1297 1301/1301/1301 1300/1300/1300
f 1302/1302/1302 1299/1299/1299 1298/1298/1298
f 1298/1298/1298 1300/1300/1300 1302/1302/1302
f 1299/1299/1299 1302/1302/1302 1303/1303/1303
f 1300/1300/1300 1301/1301/1301 1304/1304/1304
f 1300/1300/1300 1304/1304/1304 1302/1302/1302
f 1301/1301/1301 1305/1305/1305 1304/1304/1304
f 1302/1302/1302 1306/1306/1306 1303/1303/1303
f 1302/1302/1302 1304/1304/1304 1306/1306/1306
f 1303/1303/1303 1306/1306/1306 1307/1307/1307
f 1304/1304/1304 1305/1305/1305 1308/1308/1308
f 1304/1304/1304 1308/1308/1308 1306/1306/1306
f 1305/1305/1305 1309/1309/1309 1308/1308/1308
f 1306/1306/1306 1310/1310/1310 1307/1307/1307
f 1306/1306/1306 1308/1308/1308 1310/1310/1310
f 1307/1307/1307 1310/1310/1310 1311/1311/1311
f 1308/1308/1308 1309/1309/1309 1312/1312/1312
f 1308/1308/1308 1312/1312/1312 1310/1310/1310
f 1310/1310/1310 1313/1313/1313 1311/1311/1311
f 1310/1310/1310 1312/1312/1312 1313/1313/1313
f 1309/1309/1309 1314/1314/1314 1312/1312/1312
f 1309/1309/1309 1315/1315/1315 1314/1314/1314
f 1313/1313/1313 1316/1316/1316 1311/1311/1311
f 1316/1316/1316 1317/1317/1317 1311/1311/1311
f 1318/1318/1318 1317/1317/1317 1316/1316/1316
f 1312/1312/1312 1319/1319/1319 1313/1313/1313
f 1319/1319/1319 1312/1312/1312 1314/1314/1314
f 1313/1313/1313 1319/1319/1319 1316/1316/1316
f 1320/1320/1320 1314/1314/1314 1315/1315/1315
f 1320/1320/1320 1319/1319/1319 1314/1314/1314
f 1321/1321/1321 1320/1320/1320 1315/1315/1315
f 1322/1322/1322 1318/1318/1318 1316/1316/1316
f 1318/1318/1318 1322/1322/1322 1323/1323/1323
f 1319/1319/1319 1324/1324/1324 1316/1316/1316
f 1319/1319/1319 1320/1320/1320 1324/1324/1324
f 1322/1322/1322 1316/1316/1316 1324/1324/1324
f 1320/1320/1320 1321/1321/1321 1325/1325/1325
f 1320/1320/1320 1325/1325/1325 1324/1324/1324
f 1321/1321/1321 1326/1326/1326 1325/1325/1325
f 1322/1322/1322 1327/1327/1327 1323/1323/1323
f 1328/1328/1328 1323/1323/1323 1327/1327/1327
f 1329/1329/1329 1322/1322/1322 1324/1324/1324
f 1324/1324/1324 1325/1325/1325 1329/1329/1329
f 1322/1322/1322 1329/1329/1329 1327/1327/1327
f 1330/1330/1330 1325/1325/1325 1326/1326/1326
f 1325/1325/1325 1330/1330/1330 1329/1329/1329
f 1331/1331/1331 1330/1330/1330 1326/1326/1326
f 1331/1331/1331 1332/1332/1332 1330/1330/1330
f 1329/1329/1329 1333/1333/1333 1327/1327/1327
f 1333/1333/1333 1329/1329/1329 1330/1330/1330
f 1332/1332/1332 1334/1334/1334 1330/1330/1330
f 1334/1334/1334 1333/1333/1333 1330/1330/1330
f 1334/1334/1334 1332/1332/1332 1335/1335/1335
f 1336/1336/1336 1328/1328/1328 1327/1327/1327
f 1327/1327/1327 1333/1333/1333 1336/1336/1336
f 1337/1337/1337 1328/1328/1328 1336/1336/1336
f 1337/1337/1337 1338/1338/1338 1328/1328/1328
f 1339/1339/1339 1338/1338/1338 1337/1337/1337
f 1339/1339/1339 1337/1337/1337 1340/1340/1340
f 1341/1341/1341 1334/1334/1334 1335/1335/1335
f 1335/1335/1335 1342/1342/1342 1341/1341/1341
f 1343/1343/1343 1333/1333/1333 1334/1334/1334
f 1333/1333/1333 1343/1343/1343 1336/1336/1336
f 1341/1341/1341 1343/1343/1343 1334/1334/1334
f 1342/1342/1342 1344/1344/1344 1341/1341/1341
f 1344/1344/1344 1342/1342/1342 1345/1345/1345
f 1336/1336/1336 1343/1343/1343 1346/1346/1346
f 1346/1346/1346 1337/1337/1337 1336/1336/1336
f 1343/1343/1343 1341/1341/1341 1347/1347/1347
f 1341/1341/1341 1344/1344/1344 1347/1347/1347
f 1343/1343/1343 1347/1347/1347 1346/1346/1346
f 1337/1337/1337 1348/1348/1348 1340/1340/1340
f 1349/1349/1349 1340/1340/1340 1348/1348/1348
f 1350/1350/1350 1344/1344/1344 1345/1345/1345
f 1345/1345/1345 1351/1351/1351 1350/1350/1350
f 1352/1352/1352 1347/1347/1347 1344/1344/1344
f 1347/1347/1347 1352/1352/1352 1346/1346/1346
f 1350/1350/1350 1352/1352/1352 1344/1344/1344
f 1346/1346/1346 1353/1353/1353 1337/1337/1337
f 1353/1353/1353 1348/1348/1348 1337/1337/1337
f 1352/1352/1352 1353/1353/1353 1346/1346/1346
f 1351/1351/1351 1354/1354/1354 1350/1350/1350
f 1352/1352/1352 1350/1350/1350 1354/1354/1354
f 1351/1351/1351 1355/1355/1355 1354/1354/1354
f 1352/1352/1352 1356/1356/1356 1353/1353/1353
f 1356/1356/1356 1352/1352/1352 1354/1354/1354
f 1355/1355/1355 1357/1357/1357 1354/1354/1354
f 1354/1354/1354 1357/1357/1357 1356/1356/1356
f 1355/1355/1355 1358/1358/1358 1357/1357/1357
f 1353/1353/1353 1359/1359/1359 1348/1348/1348
f 1356/1356/1356 1359/1359/1359 1353/1353/1353
f 1358/1358/1358 1360/1360/1360 1357/1357/1357
f 1360/1360/1360 1358/1358/1358 1361/1361/1361
f 1357/1357/1357 1362/1362/1362 1356/1356/1356
f 1362/1362/1362 1357/1357/1357 1360/1360/1360
f 1359/1359/1359 1356/1356/1356 1362/1362/1362
f 1359/1359/1359 1363/1363/1363 1348/1348/1348
f 1363/1363/1363 1349/1349/1349 1348/1348/1348
f 1364/1364/1364 1362/1362/1362 1360/1360/1360
f 1361/1361/1361 1364/1364/1364 1360/1360/1360
f 1365/1365/1365 1359/1359/1359 1362/1362/1362
f 1363/1363/1363 1359/1359/1359 1365/1365/1365
f 1365/1365/1365 1362/1362/1362 1364/1364/1364
f 1363/1363/1363 1366/1366/1366 1349/1349/1349
f 1366/1366/1366 1363/1363/1363 1365/1365/1365
f 1366/1366/1366 1367/1367/1367 1349/1349/1349
f 1368/1368/1368 1365/1365/1365 1364/1364/1364
f 1368/1368/1368 1364/1364/1364 1361/1361/1361
f 1365/1365/1365 1368/1368/1368 1366/1366/1366
f 1367/1367/1367 1366/1366/1366 1369/1369/1369
f 1368/1368/1368 1369/1369/1369 1366/1366/1366
f 1368/1368/1368 1361/1361/1361 1369/1369/1369
f 1370/1370/1370 1367/1367/1367 1369/1369/1369
f 1370/1370/1370 1369/1369/1369 1361/1361/1361
f 1373/1373/1373 1372/1372/1372 1371/1371/1371
f 1374/1374/1374 1373/1373/1373 1371/1371/1371
f 1373/1373/1373 1374/1374/1374 1375/1375/1375
f 1376/1376/1376 1374/1374/1374 1371/1371/1371
f 1374/1374/1374 1377/1377/1377 1375/1375/1375
f 1378/1378/1378 1375/1375/1375 1377/1377/1377
f 1374/1374/1374 1376/1376/1376 1379/1379/1379
f 1377/1377/1377 1374/1374/1374 1379/1379/1379
f 1380/1380/1380 1378/1378/1378 1377/1377/1377
f 1377/1377/1377 1379/1379/1379 1380/1380/1380
f 1376/1376/1376 1381/1381/1381 1379/1379/1379
f 1382/1382/1382 1381/1381/1381 1376/1376/1376
f 1381/1381/1381 1383/1383/1383 1379/1379/1379
f 1384/1384/1384 1379/1379/1379 1383/1383/1383
f 1379/1379/1379 1384/1384/1384 1380/1380/1380
f 1385/1385/1385 1384/1384/1384 1383/1383/1383
f 1378/1378/1378 1380/1380/1380 1386/1386/1386
f 1386/1386/1386 1380/1380/1380 1384/1384/1384
f 1387/1387/1387 1378/1378/1378 1386/1386/1386
f 1388/1388/1388 1384/1384/1384 1385/1385/1385
f 1388/1388/1388 1386/1386/1386 1384/1384/1384
f 1389/1389/1389 1388/1388/1388 1385/1385/1385
f 1387/1387/1387 1386/1386/1386 1390/1390/1390
f 1390/1390/1390 1386/1386/1386 1388/1388/1388
f 1391/1391/1391 1387/1387/1387 1390/1390/1390
f 1388/1388/1388 1389/1389/1389 1392/1392/1392
f 1392/1392/1392 1390/1390/1390 1388/1388/1388
f 1389/1389/1389 1393/1393/1393 1392/1392/1392
f 1392/1392/1392 1393/1393/1393 1394/1394/1394
f 1392/1392/1392 1394/1394/1394 1390/1390/1390
f 1393/1393/1393 1395/1395/1395 1394/1394/1394
f 1395/1395/1395 1396/1396/1396 1394/1394/1394
f 1391/1391/1391 1390/1390/1390 1397/1397/1397
f 1394/1394/1394 1397/1397/1397 1390/1390/1390
f 1397/1397/1397 1394/1394/1394 1396/1396/1396
f 1398/1398/1398 1391/1391/1391 1397/1397/1397
f 1398/1398/1398 1397/1397/1397 1396/1396/1396
f 1401/1401/1401 1400/1400/1400 1399/1399/1399
f 1402/1402/1402 1401/1401/1401 1399/1399/1399
f 1402/1402/1402 1399/1399/1399 1403/1403/1403
f 1404/1404/1404 1401/1401/1401 1402/1402/1402
f 1405/1405/1405 1402/1402/1402 1403/1403/1403
f 1405/1405/1405 1403/1403/1403 1406/1406/1406
f 1407/1407/1407 1404/1404/1404 1402/1402/1402
f 1407/1407/1407 1402/1402/1402 1405/1405/1405
f 1408/1408/1408 1404/1404/1404 1407/1407/1407
f 1409/1409/1409 1405/1405/1405 1406/1406/1406
f 1407/1407/1407 1405/1405/1405 1409/1409/1409
f 1406/1406/1406 1410/1410/1410 1409/1409/1409
f 1411/1411/1411 1408/1408/1408 1407/1407/1407
f 1412/1412/1412 1408/1408/1408 1411/1411/1411
f 1410/1410/1410 1413/1413/1413 1409/1409/1409
f 1413/1413/1413 1410/1410/1410 1414/1414/1414
f 1415/1415/1415 1413/1413/1413 1414/1414/1414
f 1416/1416/1416 1407/1407/1407 1409/1409/1409
f 1416/1416/1416 1409/1409/1409 1413/1413/1413
f 1411/1411/1411 1407/1407/1407 1416/1416/1416
f 1413/1413/1413 1415/1415/1415 1417/1417/1417
f 1417/1417/1417 1416/1416/1416 1413/1413/1413
f 1415/1415/1415 1418/1418/1418 1417/1417/1417
f 1418/1418/1418 1419/1419/1419 1417/1417/1417
f 1419/1419/1419 1420/1420/1420 1417/1417/1417
f 1417/1417/1417 1420/1420/1420 1416/1416/1416
f 1420/1420/1420 1419/1419/1419 1421/1421/1421
f 1420/1420/1420 1422/1422/1422 1416/1416/1416
f 1422/1422/1422 1411/1411/1411 1416/1416/1416
f 1423/1423/1423 1420/1420/1420 1421/1421/1421
f 1422/1422/1422 1420/1420/1420 1423/1423/1423
f 1423/1423/1423 1421/1421/1421 1424/1424/1424
f 1411/1411/1411 1422/1422/1422 1425/1425/1425
f 1425/1425/1425 1422/1422/1422 1423/1423/1423
f 1426/1426/1426 1423/1423/1423 1424/1424/1424
f 1425/1425/1425 1423/1423/1423 1426/1426/1426
f 1424/1424/1424 1427/1427/1427 1426/1426/1426
f 1428/1428/1428 1411/1411/1411 1425/1425/1425
f 1428/1428/1428 1412/1412/1412 1411/1411/1411
f 1412/1412/1412 1428/1428/1428 1429/1429/1429
f 1430/1430/1430 1425/1425/1425 1426/1426/1426
f 1428/1428/1428 1425/1425/1425 1430/1430/1430
f 1427/1427/1427 1431/1431/1431 1426/1426/1426
f 1430/1430/1430 1426/1426/1426 1431/1431/1431
f 1427/1427/1427 1432/1432/1432 1431/1431/1431
f 1428/1428/1428 1433/1433/1433 1429/1429/1429
f 1433/1433/1433 1428/1428/1428 1430/1430/1430
f 1429/1429/1429 1433/1433/1433 1434/1434/1434
f 1432/1432/1432 1435/1435/1435 1431/1431/1431
f 1435/1435/1435 1432/1432/1432 1436/1436/1436
f 1437/1437/1437 1430/1430/1430 1431/1431/1431
f 1433/1433/1433 1430/1430/1430 1437/1437/1437
f 1431/1431/1431 1435/1435/1435 1437/1437/1437
f 1433/1433/1433 1438/1438/1438 1434/1434/1434
f 1438/1438/1438 1433/1433/1433 1437/1437/1437
f 1439/1439/1439 1435/1435/1435 1436/1436/1436
f 1439/1439/1439 1436/1436/1436 1440/1440/1440
f 1435/1435/1435 1441/1441/1441 1437/1437/1437
f 1438/1438/1438 1437/1437/1437 1441/1441/1441
f 1441/1441/1441 1435/1435/1435 1439/1439/1439
f 1434/1434/1434 1438/1438/1438 1442/1442/1442
f 1442/1442/1442 1438/1438/1438 1441/1441/1441
f 1443/1443/1443 1434/1434/1434 1442/1442/1442
f 1444/1444/1444 1439/1439/1439 1440/1440/1440
f 1440/1440/1440 1445/1445/1445 1444/1444/1444
f 1446/1446/1446 1441/1441/1441 1439/1439/1439
f 1442/1442/1442 1441/1441/1441 1446/1446/1446
f 1446/1446/1446 1439/1439/1439 1444/1444/1444
f 1442/1442/1442 1447/1447/1447 1443/1443/1443
f 1447/1447/1447 1442/1442/1442 1446/1446/1446
f 1447/1447/1447 1448/1448/1448 1443/1443/1443
f 1449/1449/1449 1446/1446/1446 1444/1444/1444
f 1449/1449/1449 1444/1444/1444 1445/1445/1445
f 1447/1447/1447 1446/1446/1446 1449/1449/1449
f 1448/1448/1448 1447/1447/1447 1450/1450/1450
f 1450/1450/1450 1447/1447/1447 1449/1449/1449
f 1450/1450/1450 1449/1449/1449 1445/1445/1445
f 1451/1451/1451 1448/1448/1448 1450/1450/1450
f 1451/1451/1451 1450/1450/1450 1445/1445/1445
f 1454/1454/1454 1453/1453/1453 1452/1452/1452
f 1455/1455/1455 1454/1454/1454 1452/1452/1452
f 1455/1455/1455 1452/1452/1452 1456/1456/1456
f 1457/1457/1457 1454/1454/1454 1455/1455/1455
f 1458/1458/1458 1455/1455/1455 1456/1456/1456
f 1458/1458/1458 1456/1456/1456 1459/1459/1459
f 1460/1460/1460 1458/1458/1458 1459/1459/1459
f 1461/1461/1461 1457/1457/1457 1455/1455/1455
f 1455/1455/1455 1458/1458/1458 1461/1461/1461
f 1457/1457/1457 1461/1461/1461 1462/1462/1462
f 1463/1463/1463 1458/1458/1458 1460/1460/1460
f 1458/1458/1458 1463/1463/1463 1461/1461/1461
f 1464/1464/1464 1463/1463/1463 1460/1460/1460
f 1461/1461/1461 1465/1465/1465 1462/1462/1462
f 1461/1461/1461 1463/1463/1463 1465/1465/1465
f 1466/1466/1466 1462/1462/1462 1465/1465/1465
f 1467/1467/1467 1463/1463/1463 1464/1464/1464
f 1463/1463/1463 1467/1467/1467 1465/1465/1465
f 1468/1468/1468 1467/1467/1467 1464/1464/1464
f 1469/1469/1469 1466/1466/1466 1465/1465/1465
f 1469/1469/1469 1465/1465/1465 1467/1467/1467
f 1470/1470/1470 1466/1466/1466 1469/1469/1469
f 1467/1467/1467 1468/1468/1468 1471/1471/1471
f 1471/1471/1471 1469/1469/1469 1467/1467/1467
f 1468/1468/1468 1472/1472/1472 1471/1471/1471
f 1473/1473/1473 1470/1470/1470 1469/1469/1469
f 1469/1469/1469 1471/1471/1471 1473/1473/1473
f 1470/1470/1470 1473/1473/1473 1474/1474/1474
f 1475/1475/1475 1471/1471/1471 1472/1472/1472
f 1471/1471/1471 1475/1475/1475 1473/1473/1473
f 1476/1476/1476 1475/1475/1475 1472/1472/1472
f 1475/1475/1475 1476/1476/1476 1477/1477/1477
f 1473/1473/1473 1478/1478/1478 1474/1474/1474
f 1473/1473/1473 1475/1475/1475 1478/1478/1478
f 1479/1479/1479 1475/1475/1475 1477/1477/1477
f 1475/1475/1475 1479/1479/1479 1478/1478/1478
f 1477/1477/1477 1480/1480/1480 1479/1479/1479
f 1480/1480/1480 1481/1481/1481 1479/1479/1479
f 1479/1479/1479 1481/1481/1481 1478/1478/1478
f 1480/1480/1480 1482/1482/1482 1481/1481/1481
f 1478/1478/1478 1483/1483/1483 1474/1474/1474
f 1481/1481/1481 1483/1483/1483 1478/1478/1478
f 1483/1483/1483 1484/1484/1484 1474/1474/1474
f 1482/1482/1482 1485/1485/1485 1481/1481/1481
f 1483/1483/1483 1481/1481/1481 1485/1485/1485
f 1482/1482/1482 1486/1486/1486 1485/1485/1485
f 1484/1484/1484 1483/1483/1483 1487/1487/1487
f 1487/1487/1487 1483/1483/1483 1485/1485/1485
f 1488/1488/1488 1484/1484/1484 1487/1487/1487
f 1486/1486/1486 1489/1489/1489 1485/1485/1485
f 1487/1487/1487 1485/1485/1485 1489/1489/1489
f 1489/1489/1489 1486/1486/1486 1490/1490/1490
f 1488/1488/1488 1487/1487/1487 1491/1491/1491
f 1491/1491/1491 1487/1487/1487 1489/1489/1489
f 1491/1491/1491 1489/1489/1489 1490/1490/1490
f 1492/1492/1492 1488/1488/1488 1491/1491/1491
f 1492/1492/1492 1491/1491/1491 1490/1490/1490
f 1495/1495/1495 1494/1494/1494 1493/1493/1493
f 1496/1496/1496 1495/1495/1495 1493/1493/1493
f 1493/1493/1493 1497/1497/1497 1496/1496/1496
f 1495/1495/1495 1496/1496/1496 1498/1498/1498
f 1499/1499/1499 1495/1495/1495 1498/1498/1498
f 1497/1497/1497 1500/1500/1500 1496/1496/1496
f 1496/1496/1496 1500/1500/1500 1498/1498/1498
f 1500/1500/1500 1497/1497/1497 1501/1501/1501
f 1502/1502/1502 1500/1500/1500 1501/1501/1501
f 1500/1500/1500 1502/1502/1502 1503/1503/1503
f 1500/1500/1500 1503/1503/1503 1498/1498/1498
f 1502/1502/1502 1504/1504/1504 1503/1503/1503
f 1505/1505/1505 1503/1503/1503 1504/1504/1504
f 1503/1503/1503 1505/1505/1505 1498/1498/1498
f 1506/1506/1506 1505/1505/1505 1504/1504/1504
f 1499/1499/1499 1498/1498/1498 1507/1507/1507
f 1505/1505/1505 1507/1507/1507 1498/1498/1498
f 1508/1508/1508 1499/1499/1499 1507/1507/1507
f 1507/1507/1507 1509/1509/1509 1508/1508/1508
f 1507/1507/1507 1505/1505/1505 1509/1509/1509
f 1509/1509/1509 1510/1510/1510 1508/1508/1508
f 1511/1511/1511 1505/1505/1505 1506/1506/1506
f 1505/1505/1505 1511/1511/1511 1509/1509/1509
f 1512/1512/1512 1511/1511/1511 1506/1506/1506
f 1511/1511/1511 1512/1512/1512 1513/1513/1513
f 1509/1509/1509 1511/1511/1511 1513/1513/1513
f 1510/1510/1510 1509/1509/1509 1514/1514/1514
f 1514/1514/1514 1509/1509/1509 1513/1513/1513
f 1515/1515/1515 1510/1510/1510 1514/1514/1514
f 1514/1514/1514 1513/1513/1513 1516/1516/1516
f 1515/1515/1515 1514/1514/1514 1517/1517/1517
f 1517/1517/1517 1514/1514/1514 1516/1516/1516
f 1518/1518/1518 1515/1515/1515 1517/1517/1517
f 1516/1516/1516 1519/1519/1519 1517/1517/1517
f 1517/1517/1517 1520/1520/1520 1518/1518/1518
f 1519/1519/1519 1520/1520/1520 1517/1517/1517
f 1520/1520/1520 1521/1521/1521 1518/1518/1518
f 1519/1519/1519 1522/1522/1522 1520/1520/1520
f 1522/1522/1522 1521/1521/1521 1520/1520/1520
f 1525/1525/1525 1524/1524/1524 1523/1523/1523
f 1524/1524/1524 1526/1526/1526 1523/1523/1523
f 1527/1527/1527 1526/1526/1526 1524/1524/1524
f 1527/1527/1527 1528/1528/1528 1526/1526/1526
f 1527/1527/1527 1529/1529/1529 1528/1528/1528
f 1523/1523/1523 1526/1526/1526 1530/1530/1530
f 1528/1528/1528 1530/1530/1530 1526/1526/1526
f 1531/1531/1531 1523/1523/1523 1530/1530/1530
f 1531/1531/1531 1530/1530/1530 1532/1532/1532
f 1530/1530/1530 1533/1533/1533 1532/1532/1532
f 1530/1530/1530 1528/1528/1528 1533/1533/1533
f 1528/1528/1528 1534/1534/1534 1533/1533/1533
f 1534/1534/1534 1528/1528/1528 1535/1535/1535
f 1529/1529/1529 1536/1536/1536 1528/1528/1528
f 1528/1528/1528 1536/1536/1536 1535/1535/1535
f 1536/1536/1536 1529/1529/1529 1537/1537/1537
f 1535/1535/1535 1536/1536/1536 1538/1538/1538
f 1539/1539/1539 1536/1536/1536 1537/1537/1537
f 1536/1536/1536 1539/1539/1539 1538/1538/1538
f 1540/1540/1540 1538/1538/1538 1539/1539/1539
f 1537/1537/1537 1541/1541/1541 1539/1539/1539
f 1542/1542/1542 1540/1540/1540 1539/1539/1539
f 1541/1541/1541 1542/1542/1542 1539/1539/1539
f 1543/1543/1543 1540/1540/1540 1542/1542/1542
f 1542/1542/1542 1541/1541/1541 1544/1544/1544
f 1544/1544/1544 1543/1543/1543 1542/1542/1542
f 1541/1541/1541 1545/1545/1545 1544/1544/1544
f 1543/1543/1543 1544/1544/1544 1546/1546/1546
f 1544/1544/1544 1545/1545/1545 1547/1547/1547
f 1544/1544/1544 1547/1547/1547 1546/1546/1546
f 1545/1545/1545 1548/1548/1548 1547/1547/1547
f 1549/1549/1549 1546/1546/1546 1547/1547/1547
f 1548/1548/1548 1549/1549/1549 1547/1547/1547
f 1552/1552/1552 1551/1551/1551 1550/1550/1550
f 1551/1551/1551 1553/1553/1553 1550/1550/1550
f 1553/1553/1553 1551/1551/1551 1554/1554/1554
f 1553/1553/1553 1555/1555/1555 1550/1550/1550
f 1556/1556/1556 1553/1553/1553 1554/1554/1554
f 1554/1554/1554 1557/1557/1557 1556/1556/1556
f 1555/1555/1555 1553/1553/1553 1558/1558/1558
f 1553/1553/1553 1556/1556/1556 1558/1558/1558
f 1557/1557/1557 1559/1559/1559 1556/1556/1556
f 1558/1558/1558 1556/1556/1556 1559/1559/1559
f 1560/1560/1560 1555/1555/1555 1558/1558/1558
f 1560/1560/1560 1561/1561/1561 1555/1555/1555
f 1562/1562/1562 1560/1560/1560 1558/1558/1558
f 1558/1558/1558 1563/1563/1563 1562/1562/1562
f 1563/1563/1563 1558/1558/1558 1559/1559/1559
f 1563/1563/1563 1564/1564/1564 1562/1562/1562
f 1559/1559/1559 1557/1557/1557 1565/1565/1565
f 1559/1559/1559 1565/1565/1565 1563/1563/1563
f 1557/1557/1557 1566/1566/1566 1565/1565/1565
f 1563/1563/1563 1567/1567/1567 1564/1564/1564
f 1565/1565/1565 1567/1567/1567 1563/1563/1563
f 1567/1567/1567 1568/1568/1568 1564/1564/1564
f 1565/1565/1565 1566/1566/1566 1569/1569/1569
f 1565/1565/1565 1569/1569/1569 1567/1567/1567
f 1566/1566/1566 1570/1570/1570 1569/1569/1569
f 1568/1568/1568 1567/1567/1567 1571/1571/1571
f 1569/1569/1569 1571/1571/1571 1567/1567/1567
f 1572/1572/1572 1568/1568/1568 1571/1571/1571
f 1572/1572/1572 1571/1571/1571 1573/1573/1573
f 1573/1573/1573 1571/1571/1571 1569/1569/1569
f 1574/1574/1574 1572/1572/1572 1573/1573/1573
f 1575/1575/1575 1574/1574/1574 1573/1573/1573
f 1569/1569/1569 1570/1570/1570 1576/1576/1576
f 1576/1576/1576 1573/1573/1573 1569/1569/1569
f 1573/1573/1573 1576/1576/1576 1575/1575/1575
f 1570/1570/1570 1577/1577/1577 1576/1576/1576
f 1576/1576/1576 1577/1577/1577 1575/1575/1575
f 1580/1580/1580 1579/1579/1579 1578/1578/1578
f 1579/1579/1579 1581/1581/1581 1578/1578/1578
f 1578/1578/1578 1581/1581/1581 1582/1582/1582
f 1579/1579/1579 1583/1583/1583 1581/1581/1581
f 1581/1581/1581 1584/1584/1584 1582/1582/1582
f 1582/1582/1582 1584/1584/1584 1585/1585/1585
f 1583/1583/1583 1586/1586/1586 1581/1581/1581
f 1581/1581/1581 1586/1586/1586 1584/1584/1584
f 1583/1583/1583 1587/1587/1587 1586/1586/1586
f 1584/1584/1584 1588/1588/1588 1585/1585/1585
f 1584/1584/1584 1586/1586/1586 1588/1588/1588
f 1589/1589/1589 1585/1585/1585 1588/1588/1588
f 1587/1587/1587 1590/1590/1590 1586/1586/1586
f 1587/1587/1587 1591/1591/1591 1590/1590/1590
f 1592/1592/1592 1589/1589/1589 1588/1588/1588
f 1589/1589/1589 1592/1592/1592 1593/1593/1593
f 1592/1592/1592 1594/1594/1594 1593/1593/1593
f 1586/1586/1586 1595/1595/1595 1588/1588/1588
f 1588/1588/1588 1595/1595/1595 1592/1592/1592
f 1586/1586/1586 1590/1590/1590 1595/1595/1595
f 1594/1594/1594 1592/1592/1592 1596/1596/1596
f 1595/1595/1595 1596/1596/1596 1592/1592/1592
f 1597/1597/1597 1594/1594/1594 1596/1596/1596
f 1598/1598/1598 1597/1597/1597 1596/1596/1596
f 1599/1599/1599 1598/1598/1598 1596/1596/1596
f 1599/1599/1599 1596/1596/1596 1595/1595/1595
f 1598/1598/1598 1599/1599/1599 1600/1600/1600
f 1601/1601/1601 1599/1599/1599 1595/1595/1595
f 1590/1590/1590 1601/1601/1601 1595/1595/1595
f 1599/1599/1599 1602/1602/1602 1600/1600/1600
f 1599/1599/1599 1601/1601/1601 1602/1602/1602
f 1600/1600/1600 1602/1602/1602 1603/1603/1603
f 1601/1601/1601 1590/1590/1590 1604/1604/1604
f 1601/1601/1601 1604/1604/1604 1602/1602/1602
f 1602/1602/1602 1605/1605/1605 1603/1603/1603
f 1602/1602/1602 1604/1604/1604 1605/1605/1605
f 1606/1606/1606 1603/1603/1603 1605/1605/1605
f 1590/1590/1590 1607/1607/1607 1604/1604/1604
f 1591/1591/1591 1607/1607/1607 1590/1590/1590
f 1607/1607/1607 1591/1591/1591 1608/1608/1608
f 1604/1604/1604 1609/1609/1609 1605/1605/1605
f 1604/1604/1604 1607/1607/1607 1609/1609/1609
f 1610/1610/1610 1606/1606/1606 1605/1605/1605
f 1605/1605/1605 1609/1609/1609 1610/1610/1610
f 1611/1611/1611 1606/1606/1606 1610/1610/1610
f 1612/1612/1612 1607/1607/1607 1608/1608/1608
f 1607/1607/1607 1612/1612/1612 1609/1609/1609
f 1612/1612/1612 1608/1608/1608 1613/1613/1613
f 1614/1614/1614 1611/1611/1611 1610/1610/1610
f 1611/1611/1611 1614/1614/1614 1615/1615/1615
f 1609/1609/1609 1616/1616/1616 1610/1610/1610
f 1609/1609/1609 1612/1612/1612 1616/1616/1616
f 1614/1614/1614 1610/1610/1610 1616/1616/1616
f 1617/1617/1617 1612/1612/1612 1613/1613/1613
f 1612/1612/1612 1617/1617/1617 1616/1616/1616
f 1614/1614/1614 1618/1618/1618 1615/1615/1615
f 1615/1615/1615 1618/1618/1618 1619/1619/1619
f 1620/1620/1620 1614/1614/1614 1616/1616/1616
f 1616/1616/1616 1617/1617/1617 1620/1620/1620
f 1614/1614/1614 1620/1620/1620 1618/1618/1618
f 1617/1617/1617 1613/1613/1613 1621/1621/1621
f 1617/1617/1617 1621/1621/1621 1620/1620/1620
f 1613/1613/1613 1622/1622/1622 1621/1621/1621
f 1618/1618/1618 1623/1623/1623 1619/1619/1619
f 1624/1624/1624 1619/1619/1619 1623/1623/1623
f 1620/1620/1620 1625/1625/1625 1618/1618/1618
f 1620/1620/1620 1621/1621/1621 1625/1625/1625
f 1618/1618/1618 1625/1625/1625 1623/1623/1623
f 1626/1626/1626 1621/1621/1621 1622/1622/1622
f 1621/1621/1621 1626/1626/1626 1625/1625/1625
f 1627/1627/1627 1626/1626/1626 1622/1622/1622
f 1625/1625/1625 1628/1628/1628 1623/1623/1623
f 1623/1623/1623 1628/1628/1628 1624/1624/1624
f 1625/1625/1625 1626/1626/1626 1628/1628/1628
f 1626/1626/1626 1627/1627/1627 1629/1629/1629
f 1626/1626/1626 1629/1629/1629 1628/1628/1628
f 1628/1628/1628 1629/1629/1629 1624/1624/1624
f 1627/1627/1627 1630/1630/1630 1629/1629/1629
f 1629/1629/1629 1630/1630/1630 1624/1624/1624
f 1633/1633/1633 1632/1632/1632 1631/1631/1631
f 1632/1632/1632 1634/1634/1634 1631/1631/1631
f 1631/1631/1631 1634/1634/1634 1635/1635/1635
f 1632/1632/1632 1636/1636/1636 1634/1634/1634
f 1634/1634/1634 1637/1637/1637 1635/1635/1635
f 1635/1635/1635 1637/1637/1637 1638/1638/1638
f 1637/1637/1637 1639/1639/1639 1638/1638/1638
f 1636/1636/1636 1640/1640/1640 1634/1634/1634
f 1637/1637/1637 1634/1634/1634 1640/1640/1640
f 1640/1640/1640 1636/1636/1636 1641/1641/1641
f 1637/1637/1637 1642/1642/1642 1639/1639/1639
f 1642/1642/1642 1637/1637/1637 1640/1640/1640
f 1642/1642/1642 1643/1643/1643 1639/1639/1639
f 1644/1644/1644 1640/1640/1640 1641/1641/1641
f 1642/1642/1642 1640/1640/1640 1644/1644/1644
f 1641/1641/1641 1645/1645/1645 1644/1644/1644
f 1642/1642/1642 1646/1646/1646 1643/1643/1643
f 1646/1646/1646 1642/1642/1642 1644/1644/1644
f 1646/1646/1646 1647/1647/1647 1643/1643/1643
f 1645/1645/1645 1648/1648/1648 1644/1644/1644
f 1644/1644/1644 1648/1648/1648 1646/1646/1646
f 1645/1645/1645 1649/1649/1649 1648/1648/1648
f 1647/1647/1647 1646/1646/1646 1650/1650/1650
f 1648/1648/1648 1650/1650/1650 1646/1646/1646
f 1651/1651/1651 1647/1647/1647 1650/1650/1650
f 1649/1649/1649 1652/1652/1652 1648/1648/1648
f 1650/1650/1650 1648/1648/1648 1652/1652/1652
f 1652/1652/1652 1649/1649/1649 1653/1653/1653
f 1650/1650/1650 1654/1654/1654 1651/1651/1651
f 1654/1654/1654 1650/1650/1650 1652/1652/1652
f 1654/1654/1654 1655/1655/1655 1651/1651/1651
f 1655/1655/1655 1654/1654/1654 1656/1656/1656
f 1657/1657/1657 1652/1652/1652 1653/1653/1653
f 1654/1654/1654 1652/1652/1652 1657/1657/1657
f 1654/1654/1654 1658/1658/1658 1656/1656/1656
f 1658/1658/1658 1654/1654/1654 1657/1657/1657
f 1659/1659/1659 1656/1656/1656 1658/1658/1658
f 1660/1660/1660 1659/1659/1659 1658/1658/1658
f 1660/1660/1660 1658/1658/1658 1657/1657/1657
f 1661/1661/1661 1659/1659/1659 1660/1660/1660
f 1662/1662/1662 1657/1657/1657 1653/1653/1653
f 1662/1662/1662 1660/1660/1660 1657/1657/1657
f 1663/1663/1663 1662/1662/1662 1653/1653/1653
f 1664/1664/1664 1661/1661/1661 1660/1660/1660
f 1660/1660/1660 1662/1662/1662 1664/1664/1664
f 1665/1665/1665 1661/1661/1661 1664/1664/1664
f 1662/1662/1662 1663/1663/1663 1666/1666/1666
f 1662/1662/1662 1666/1666/1666 1664/1664/1664
f 1663/1663/1663 1667/1667/1667 1666/1666/1666
f 1668/1668/1668 1665/1665/1665 1664/1664/1664
f 1664/1664/1664 1666/1666/1666 1668/1668/1668
f 1665/1665/1665 1668/1668/1668 1669/1669/1669
f 1666/1666/1666 1667/1667/1667 1670/1670/1670
f 1666/1666/1666 1670/1670/1670 1668/1668/1668
f 1668/1668/1668 1670/1670/1670 1669/1669/1669
f 1667/1667/1667 1671/1671/1671 1670/1670/1670
f 1670/1670/1670 1671/1671/1671 1669/1669/1669
f 1674/1674/1674 1673/1673/1673 1672/1672/1672
f 1673/1673/1673 1675/1675/1675 1672/1672/1672
f 1676/1676/1676 1672/1672/1672 1675/1675/1675
f 1675/1675/1675 1673/1673/1673 1677/1677/1677
f 1673/1673/1673 1678/1678/1678 1677/1677/1677
f 1679/1679/1679 1676/1676/1676 1675/1675/1675
f 1679/1679/1679 1675/1675/1675 1677/1677/1677
f 1676/1676/1676 1679/1679/1679 1680/1680/1680
f 1679/1679/1679 1681/1681/1681 1680/1680/1680
f 1681/1681/1681 1679/1679/1679 1682/1682/1682
f 1682/1682/1682 1679/1679/1679 1677/1677/1677
f 1683/1683/1683 1681/1681/1681 1682/1682/1682
f 1682/1682/1682 1684/1684/1684 1683/1683/1683
f 1684/1684/1684 1682/1682/1682 1677/1677/1677
f 1684/1684/1684 1685/1685/1685 1683/1683/1683
f 1677/1677/1677 1678/1678/1678 1686/1686/1686
f 1686/1686/1686 1684/1684/1684 1677/1677/1677
f 1678/1678/1678 1687/1687/1687 1686/1686/1686
f 1688/1688/1688 1686/1686/1686 1687/1687/1687
f 1684/1684/1684 1686/1686/1686 1688/1688/1688
f 1689/1689/1689 1688/1688/1688 1687/1687/1687
f 1684/1684/1684 1690/1690/1690 1685/1685/1685
f 1690/1690/1690 1684/1684/1684 1688/1688/1688
f 1690/1690/1690 1691/1691/1691 1685/1685/1685
f 1691/1691/1691 1690/1690/1690 1692/1692/1692
f 1690/1690/1690 1688/1688/1688 1692/1692/1692
f 1688/1688/1688 1689/1689/1689 1693/1693/1693
f 1688/1688/1688 1693/1693/1693 1692/1692/1692
f 1689/1689/1689 1694/1694/1694 1693/1693/1693
f 1692/1692/1692 1693/1693/1693 1695/1695/1695
f 1693/1693/1693 1694/1694/1694 1696/1696/1696
f 1693/1693/1693 1696/1696/1696 1695/1695/1695
f 1694/1694/1694 1697/1697/1697 1696/1696/1696
f 1698/1698/1698 1695/1695/1695 1696/1696/1696
f 1699/1699/1699 1696/1696/1696 1697/1697/1697
f 1699/1699/1699 1698/1698/1698 1696/1696/1696
f 1700/1700/1700 1699/1699/1699 1697/1697/1697
f 1701/1701/1701 1698/1698/1698 1699/1699/1699
f 1700/1700/1700 1701/1701/1701 1699/1699/1699
f 1704/1704/1704 1703/1703/1703 1702/1702/1702
f 1705/1705/1705 1704/1704/1704 1702/1702/1702
f 1705/1705/1705 1706/1706/1706 1704/1704/1704
f 1707/1707/1707 1706/1706/1706 1705/1705/1705
f 1708/1708/1708 1706/1706/1706 1707/1707/1707
f 1705/1705/1705 1702/1702/1702 1709/1709/1709
f 1709/1709/1709 1707/1707/1707 1705/1705/1705
f 1702/1702/1702 1710/1710/1710 1709/1709/1709
f 1709/1709/1709 1710/1710/1710 1711/1711/1711
f 1712/1712/1712 1709/1709/1709 1711/1711/1711
f 1707/1707/1707 1709/1709/1709 1712/1712/1712
f 1713/1713/1713 1707/1707/1707 1712/1712/1712
f 1707/1707/1707 1713/1713/1713 1714/1714/1714
f 1715/1715/1715 1708/1708/1708 1707/1707/1707
f 1715/1715/1715 1707/1707/1707 1714/1714/1714
f 1708/1708/1708 1715/1715/1715 1716/1716/1716
f 1715/1715/1715 1714/1714/1714 1717/1717/1717
f 1715/1715/1715 1718/1718/1718 1716/1716/1716
f 1718/1718/1718 1715/1715/1715 1717/1717/1717
f 1717/1717/1717 1719/1719/1719 1718/1718/1718
f 1720/1720/1720 1716/1716/1716 1718/1718/1718
f 1719/1719/1719 1721/1721/1721 1718/1718/1718
f 1721/1721/1721 1720/1720/1720 1718/1718/1718
f 1719/1719/1719 1722/1722/1722 1721/1721/1721
f 1720/1720/1720 1721/1721/1721 1723/1723/1723
f 1722/1722/1722 1723/1723/1723 1721/1721/1721
f 1724/1724/1724 1720/1720/1720 1723/1723/1723
f 1723/1723/1723 1722/1722/1722 1725/1725/1725
f 1724/1724/1724 1723/1723/1723 1726/1726/1726
f 1726/1726/1726 1723/1723/1723 1725/1725/1725
f 1727/1727/1727 1724/1724/1724 1726/1726/1726
f 1725/1725/1725 1728/1728/1728 1726/1726/1726
f 1728/1728/1728 1727/1727/1727 1726/1726/1726
f 1731/1731/1731 1730/1730/1730 1729/1729/1729
f 1732/1732/1732 1731/1731/1731 1729/1729/1729
f 1732/1732/1732 1729/1729/1729 1733/1733/1733
f 1729/1729/1729 1734/1734/1734 1733/1733/1733
f 1731/1731/1731 1732/1732/1732 1735/1735/1735
f 1735/1735/1735 1732/1732/1732 1733/1733/1733
f 1736/1736/1736 1731/1731/1731 1735/1735/1735
f 1736/1736/1736 1735/1735/1735 1737/1737/1737
f 1738/1738/1738 1736/1736/1736 1737/1737/1737
f 1734/1734/1734 1739/1739/1739 1733/1733/1733
f 1740/1740/1740 1739/1739/1739 1734/1734/1734
f 1741/1741/1741 1739/1739/1739 1740/1740/1740
f 1742/1742/1742 1741/1741/1741 1740/1740/1740
f 1741/1741/1741 1743/1743/1743 1739/1739/1739
f 1743/1743/1743 1744/1744/1744 1739/1739/1739
f 1739/1739/1739 1744/1744/1744 1733/1733/1733
f 1744/1744/1744 1743/1743/1743 1745/1745/1745
f 1733/1733/1733 1744/1744/1744 1745/1745/1745
f 1743/1743/1743 1746/1746/1746 1745/1745/1745
f 1747/1747/1747 1735/1735/1735 1733/1733/1733
f 1747/1747/1747 1733/1733/1733 1745/1745/1745
f 1737/1737/1737 1735/1735/1735 1747/1747/1747
f 1745/1745/1745 1746/1746/1746 1748/1748/1748
f 1747/1747/1747 1745/1745/1745 1748/1748/1748
f 1746/1746/1746 1749/1749/1749 1748/1748/1748
f 1738/1738/1738 1737/1737/1737 1750/1750/1750
f 1748/1748/1748 1749/1749/1749 1750/1750/1750
f 1751/1751/1751 1738/1738/1738 1750/1750/1750
f 1749/1749/1749 1751/1751/1751 1750/1750/1750
f 1752/1752/1752 1747/1747/1747 1748/1748/1748
f 1752/1752/1752 1737/1737/1737 1747/1747/1747
f 1750/1750/1750 1752/1752/1752 1748/1748/1748
f 1737/1737/1737 1752/1752/1752 1750/1750/1750
f 1755/1755/1755 1754/1754/1754 1753/1753/1753
f 1754/1754/1754 1756/1756/1756 1753/1753/1753
f 1753/1753/1753 1756/1756/1756 1757/1757/1757
f 1758/1758/1758 1753/1753/1753 1757/1757/1757
f 1756/1756/1756 1754/1754/1754 1759/1759/1759
f 1756/1756/1756 1759/1759/1759 1757/1757/1757
f 1754/1754/1754 1760/1760/1760 1759/1759/1759
f 1759/1759/1759 1760/1760/1760 1761/1761/1761
f 1760/1760/1760 1762/1762/1762 1761/1761/1761
f 1758/1758/1758 1757/1757/1757 1763/1763/1763
f 1763/1763/1763 1764/1764/1764 1758/1758/1758
f 1763/1763/1763 1765/1765/1765 1764/1764/1764
f 1765/1765/1765 1766/1766/1766 1764/1764/1764
f 1767/1767/1767 1765/1765/1765 1763/1763/1763
f 1768/1768/1768 1767/1767/1767 1763/1763/1763
f 1757/1757/1757 1768/1768/1768 1763/1763/1763
f 1767/1767/1767 1768/1768/1768 1769/1769/1769
f 1768/1768/1768 1757/1757/1757 1769/1769/1769
f 1770/1770/1770 1767/1767/1767 1769/1769/1769
f 1759/1759/1759 1771/1771/1771 1757/1757/1757
f 1757/1757/1757 1771/1771/1771 1769/1769/1769
f 1759/1759/1759 1761/1761/1761 1771/1771/1771
f 1770/1770/1770 1769/1769/1769 1772/1772/1772
f 1769/1769/1769 1771/1771/1771 1772/1772/1772
f 1773/1773/1773 1770/1770/1770 1772/1772/1772
f 1761/1761/1761 1774/1774/1774 1771/1771/1771
f 1771/1771/1771 1774/1774/1774 1772/1772/1772
f 1773/1773/1773 1772/1772/1772 1775/1775/1775
f 1774/1774/1774 1775/1775/1775 1772/1772/1772
f 1774/1774/1774 1761/1761/1761 1775/1775/1775
f 1776/1776/1776 1773/1773/1773 1775/1775/1775
f 1761/1761/1761 1762/1762/1762 1775/1775/1775
f 1762/1762/1762 1776/1776/1776 1775/1775/1775
f 1779/1779/1779 1778/1778/1778 1777/1777/1777
f 1780/1780/1780 1778/1778/1778 1779/1779/1779
f 1781/1781/1781 1780/1780/1780 1779/1779/1779
f 1779/1779/1779 1782/1782/1782 1781/1781/1781
f 1782/1782/1782 1783/1783/1783 1781/1781/1781
f 1784/1784/1784 1780/1780/1780 1781/1781/1781
f 1783/1783/1783 1785/1785/1785 1781/1781/1781
f 1786/1786/1786 1784/1784/1784 1781/1781/1781
f 1786/1786/1786 1781/1781/1781 1785/1785/1785
f 1784/1784/1784 1786/1786/1786 1787/1787/1787
f 1788/1788/1788 1786/1786/1786 1785/1785/1785
f 1788/1788/1788 1785/1785/1785 1789/1789/1789
f 1790/1790/1790 1788/1788/1788 1789/1789/1789
f 1786/1786/1786 1791/1791/1791 1787/1787/1787
f 1791/1791/1791 1786/1786/1786 1788/1788/1788
f 1787/1787/1787 1791/1791/1791 1792/1792/1792
f 1788/1788/1788 1790/1790/1790 1793/1793/1793
f 1793/1793/1793 1790/1790/1790 1794/1794/1794
f 1794/1794/1794 1795/1795/1795 1793/1793/1793
f 1791/1791/1791 1796/1796/1796 1792/1792/1792
f 1797/1797/1797 1792/1792/1792 1796/1796/1796
f 1798/1798/1798 1791/1791/1791 1788/1788/1788
f 1798/1798/1798 1788/1788/1788 1793/1793/1793
f 1791/1791/1791 1798/1798/1798 1796/1796/1796
f 1795/1795/1795 1799/1799/1799 1793/1793/1793
f 1798/1798/1798 1793/1793/1793 1799/1799/1799
f 1795/1795/1795 1800/1800/1800 1799/1799/1799
f 1798/1798/1798 1801/1801/1801 1796/1796/1796
f 1801/1801/1801 1798/1798/1798 1799/1799/1799
f 1800/1800/1800 1802/1802/1802 1799/1799/1799
f 1801/1801/1801 1799/1799/1799 1802/1802/1802
f 1800/1800/1800 1803/1803/1803 1802/1802/1802
f 1804/1804/1804 1797/1797/1797 1796/1796/1796
f 1804/1804/1804 1796/1796/1796 1801/1801/1801
f 1803/1803/1803 1805/1805/1805 1802/1802/1802
f 1803/1803/1803 1806/1806/1806 1805/1805/1805
f 1807/1807/1807 1801/1801/1801 1802/1802/1802
f 1807/1807/1807 1804/1804/1804 1801/1801/1801
f 1802/1802/1802 1805/1805/1805 1807/1807/1807
f 1797/1797/1797 1804/1804/1804 1808/1808/1808
f 1809/1809/1809 1797/1797/1797 1808/1808/1808
f 1810/1810/1810 1809/1809/1809 1808/1808/1808
f 1804/1804/1804 1807/1807/1807 1811/1811/1811
f 1805/1805/1805 1811/1811/1811 1807/1807/1807
f 1808/1808/1808 1804/1804/1804 1811/1811/1811
f 1806/1806/1806 1812/1812/1812 1805/1805/1805
f 1811/1811/1811 1805/1805/1805 1812/1812/1812
f 1806/1806/1806 1813/1813/1813 1812/1812/1812
f 1811/1811/1811 1814/1814/1814 1808/1808/1808
f 1814/1814/1814 1811/1811/1811 1812/1812/1812
f 1815/1815/1815 1810/1810/1810 1808/1808/1808
f 1814/1814/1814 1815/1815/1815 1808/1808/1808
f 1813/1813/1813 1816/1816/1816 1812/1812/1812
f 1814/1814/1814 1812/1812/1812 1816/1816/1816
f 1810/1810/1810 1815/1815/1815 1817/1817/1817
f 1818/1818/1818 1810/1810/1810 1817/1817/1817
f 1815/1815/1815 1814/1814/1814 1819/1819/1819
f 1819/1819/1819 1814/1814/1814 1816/1816/1816
f 1817/1817/1817 1815/1815/1815 1819/1819/1819
f 1820/1820/1820 1816/1816/1816 1813/1813/1813
f 1821/1821/1821 1820/1820/1820 1813/1813/1813
f 1819/1819/1819 1816/1816/1816 1822/1822/1822
f 1817/1817/1817 1819/1819/1819 1822/1822/1822
f 1816/1816/1816 1820/1820/1820 1822/1822/1822
f 1818/1818/1818 1817/1817/1817 1823/1823/1823
f 1823/1823/1823 1817/1817/1817 1822/1822/1822
f 1824/1824/1824 1818/1818/1818 1823/1823/1823
f 1825/1825/1825 1820/1820/1820 1821/1821/1821
f 1826/1826/1826 1825/1825/1825 1821/1821/1821
f 1826/1826/1826 1827/1827/1827 1825/1825/1825
f 1828/1828/1828 1822/1822/1822 1820/1820/1820
f 1825/1825/1825 1828/1828/1828 1820/1820/1820
f 1822/1822/1822 1828/1828/1828 1823/1823/1823
f 1825/1825/1825 1827/1827/1827 1828/1828/1828
f 1824/1824/1824 1823/1823/1823 1829/1829/1829
f 1828/1828/1828 1829/1829/1829 1823/1823/1823
f 1827/1827/1827 1829/1829/1829 1828/1828/1828
f 1830/1830/1830 1824/1824/1824 1829/1829/1829
f 1830/1830/1830 1829/1829/1829 1827/1827/1827
f 1833/1833/1833 1832/1832/1832 1831/1831/1831
f 1834/1834/1834 1833/1833/1833 1831/1831/1831
f 1835/1835/1835 1833/1833/1833 1834/1834/1834
f 1834/1834/1834 1831/1831/1831 1836/1836/1836
f 1831/1831/1831 1837/1837/1837 1836/1836/1836
f 1838/1838/1838 1835/1835/1835 1834/1834/1834
f 1835/1835/1835 1838/1838/1838 1839/1839/1839
f 1836/1836/1836 1840/1840/1840 1834/1834/1834
f 1840/1840/1840 1838/1838/1838 1834/1834/1834
f 1838/1838/1838 1841/1841/1841 1839/1839/1839
f 1839/1839/1839 1841/1841/1841 1842/1842/1842
f 1841/1841/1841 1838/1838/1838 1843/1843/1843
f 1838/1838/1838 1840/1840/1840 1843/1843/1843
f 1841/1841/1841 1844/1844/1844 1842/1842/1842
f 1844/1844/1844 1841/1841/1841 1843/1843/1843
f 1842/1842/1842 1844/1844/1844 1845/1845/1845
f 1844/1844/1844 1846/1846/1846 1845/1845/1845
f 1847/1847/1847 1845/1845/1845 1846/1846/1846
f 1846/1846/1846 1844/1844/1844 1848/1848/1848
f 1848/1848/1848 1844/1844/1844 1843/1843/1843
f 1849/1849/1849 1847/1847/1847 1846/1846/1846
f 1849/1849/1849 1846/1846/1846 1848/1848/1848
f 1847/1847/1847 1849/1849/1849 1850/1850/1850
f 1850/1850/1850 1849/1849/1849 1851/1851/1851
f 1849/1849/1849 1848/1848/1848 1851/1851/1851
f 1848/1848/1848 1843/1843/1843 1851/1851/1851
f 1843/1843/1843 1852/1852/1852 1851/1851/1851
f 1852/1852/1852 1843/1843/1843 1840/1840/1840
f 1853/1853/1853 1852/1852/1852 1840/1840/1840
f 1840/1840/1840 1836/1836/1836 1853/1853/1853
f 1836/1836/1836 1854/1854/1854 1853/1853/1853
f 1836/1836/1836 1837/1837/1837 1854/1854/1854
f 1837/1837/1837 1855/1855/1855 1854/1854/1854
f 1855/1855/1855 1837/1837/1837 1856/1856/1856
f 1837/1837/1837 1857/1857/1857 1856/1856/1856
f 1858/1858/1858 1856/1856/1856 1857/1857/1857
f 1858/1858/1858 1857/1857/1857 1859/1859/1859
f 1862/1862/1862 1861/1861/1861 1860/1860/1860
f 1863/1863/1863 1862/1862/1862 1860/1860/1860
f 1862/1862/1862 1863/1863/1863 1864/1864/1864
f 1860/1860/1860 1865/1865/1865 1863/1863/1863
f 1865/1865/1865 1860/1860/1860 1866/1866/1866
f 1867/1867/1867 1865/1865/1865 1866/1866/1866
f 1868/1868/1868 1865/1865/1865 1867/1867/1867
f 1869/1869/1869 1865/1865/1865 1868/1868/1868
f 1863/1863/1863 1865/1865/1865 1869/1869/1869
f 1870/1870/1870 1869/1869/1869 1868/1868/1868
f 1864/1864/1864 1863/1863/1863 1871/1871/1871
f 1871/1871/1871 1863/1863/1863 1869/1869/1869
f 1872/1872/1872 1864/1864/1864 1871/1871/1871
f 1872/1872/1872 1871/1871/1871 1873/1873/1873
f 1871/1871/1871 1869/1869/1869 1873/1873/1873
f 1874/1874/1874 1872/1872/1872 1873/1873/1873
f 1875/1875/1875 1874/1874/1874 1873/1873/1873
f 1876/1876/1876 1869/1869/1869 1870/1870/1870
f 1869/1869/1869 1876/1876/1876 1873/1873/1873
f 1870/1870/1870 1877/1877/1877 1876/1876/1876
f 1878/1878/1878 1875/1875/1875 1873/1873/1873
f 1873/1873/1873 1876/1876/1876 1878/1878/1878
f 1878/1878/1878 1879/1879/1879 1875/1875/1875
f 1876/1876/1876 1880/1880/1880 1878/1878/1878
f 1879/1879/1879 1878/1878/1878 1880/1880/1880
f 1876/1876/1876 1877/1877/1877 1880/1880/1880
f 1879/1879/1879 1880/1880/1880 1881/1881/1881
f 1880/1880/1880 1877/1877/1877 1882/1882/1882
f 1880/1880/1880 1882/1882/1882 1881/1881/1881
f 1877/1877/1877 1883/1883/1883 1882/1882/1882
f 1884/1884/1884 1882/1882/1882 1883/1883/1883
f 1885/1885/1885 1881/1881/1881 1882/1882/1882
f 1882/1882/1882 1884/1884/1884 1885/1885/1885
f 1884/1884/1884 1886/1886/1886 1885/1885/1885
f 1887/1887/1887 1884/1884/1884 1883/1883/1883
f 1886/1886/1886 1884/1884/1884 1888/1888/1888
f 1887/1887/1887 1889/1889/1889 1884/1884/1884
f 1887/1887/1887 1890/1890/1890 1889/1889/1889
f 1884/1884/1884 1891/1891/1891 1888/1888/1888
f 1891/1891/1891 1884/1884/1884 1889/1889/1889
f 1888/1888/1888 1891/1891/1891 1892/1892/1892
f 1892/1892/1892 1891/1891/1891 1889/1889/1889
f 1893/1893/1893 1888/1888/1888 1892/1892/1892
f 1894/1894/1894 1889/1889/1889 1890/1890/1890
f 1894/1894/1894 1892/1892/1892 1889/1889/1889
f 1895/1895/1895 1894/1894/1894 1890/1890/1890
f 1893/1893/1893 1892/1892/1892 1896/1896/1896
f 1892/1892/1892 1894/1894/1894 1896/1896/1896
f 1897/1897/1897 1893/1893/1893 1896/1896/1896
f 1898/1898/1898 1894/1894/1894 1895/1895/1895
f 1894/1894/1894 1898/1898/1898 1896/1896/1896
f 1899/1899/1899 1898/1898/1898 1895/1895/1895
f 1896/1896/1896 1900/1900/1900 1897/1897/1897
f 1896/1896/1896 1898/1898/1898 1900/1900/1900
f 1900/1900/1900 1901/1901/1901 1897/1897/1897
f 1900/1900/1900 1902/1902/1902 1901/1901/1901
f 1902/1902/1902 1903/1903/1903 1901/1901/1901
f 1902/1902/1902 1904/1904/1904 1903/1903/1903
f 1904/1904/1904 1905/1905/1905 1903/1903/1903
f 1906/1906/1906 1905/1905/1905 1904/1904/1904
f 1904/1904/1904 1902/1902/1902 1907/1907/1907
f 1904/1904/1904 1907/1907/1907 1906/1906/1906
f 1902/1902/1902 1900/1900/1900 1908/1908/1908
f 1902/1902/1902 1908/1908/1908 1907/1907/1907
f 1906/1906/1906 1907/1907/1907 1909/1909/1909
f 1909/1909/1909 1907/1907/1907 1908/1908/1908
f 1910/1910/1910 1906/1906/1906 1909/1909/1909
f 1910/1910/1910 1909/1909/1909 1911/1911/1911
f 1909/1909/1909 1912/1912/1912 1911/1911/1911
f 1912/1912/1912 1909/1909/1909 1908/1908/1908
f 1911/1911/1911 1912/1912/1912 1913/1913/1913
f 1900/1900/1900 1914/1914/1914 1908/1908/1908
f 1912/1912/1912 1908/1908/1908 1914/1914/1914
f 1898/1898/1898 1914/1914/1914 1900/1900/1900
f 1912/1912/1912 1915/1915/1915 1913/1913/1913
f 1915/1915/1915 1912/1912/1912 1914/1914/1914
f 1914/1914/1914 1898/1898/1898 1915/1915/1915
f 1916/1916/1916 1913/1913/1913 1915/1915/1915
f 1898/1898/1898 1899/1899/1899 1915/1915/1915
f 1899/1899/1899 1916/1916/1916 1915/1915/1915
f 1917/1917/1917 1916/1916/1916 1899/1899/1899
f 1920/1920/1920 1919/1919/1919 1918/1918/1918
f 1919/1919/1919 1920/1920/1920 1921/1921/1921
f 1920/1920/1920 1922/1922/1922 1921/1921/1921
f 1921/1921/1921 1922/1922/1922 1923/1923/1923
f 1922/1922/1922 1924/1924/1924 1923/1923/1923
f 1925/1925/1925 1923/1923/1923 1924/1924/1924
f 1926/1926/1926 1925/1925/1925 1924/1924/1924
f 1925/1925/1925 1926/1926/1926 1927/1927/1927
f 1926/1926/1926 1928/1928/1928 1927/1927/1927
f 1927/1927/1927 1928/1928/1928 1929/1929/1929
f 1929/1929/1929 1928/1928/1928 1930/1930/1930
f 1930/1930/1930 1931/1931/1931 1929/1929/1929
f 1931/1931/1931 1932/1932/1932 1929/1929/1929
f 1932/1932/1932 1931/1931/1931 1933/1933/1933
f 1931/1931/1931 1934/1934/1934 1933/1933/1933
f 1934/1934/1934 1935/1935/1935 1933/1933/1933
f 1936/1936/1936 1935/1935/1935 1934/1934/1934
f 1936/1936/1936 1934/1934/1934 1937/1937/1937
f 1938/1938/1938 1936/1936/1936 1937/1937/1937
f 1939/1939/1939 1938/1938/1938 1937/1937/1937
f 1940/1940/1940 1939/1939/1939 1937/1937/1937
f 1941/1941/1941 1939/1939/1939 1940/1940/1940
f 1942/1942/1942 1941/1941/1941 1940/1940/1940
f 1943/1943/1943 1937/1937/1937 1934/1934/1934
f 1944/1944/1944 1943/1943/1943 1934/1934/1934
f 1937/1937/1937 1943/1943/1943 1945/1945/1945
f 1940/1940/1940 1937/1937/1937 1945/1945/1945
f 1934/1934/1934 1946/1946/1946 1944/1944/1944
f 1947/1947/1947 1940/1940/1940 1945/1945/1945
f 1946/1946/1946 1948/1948/1948 1944/1944/1944
f 1940/1940/1940 1947/1947/1947 1949/1949/1949
f 1949/1949/1949 1942/1942/1942 1940/1940/1940
f 1947/1947/1947 1950/1950/1950 1949/1949/1949
f 1951/1951/1951 1948/1948/1948 1946/1946/1946
f 1948/1948/1948 1951/1951/1951 1952/1952/1952
f 1953/1953/1953 1951/1951/1951 1946/1946/1946
f 1952/1952/1952 1951/1951/1951 1954/1954/1954
f 1942/1942/1942 1949/1949/1949 1955/1955/1955
f 1955/1955/1955 1949/1949/1949 1950/1950/1950
f 1956/1956/1956 1942/1942/1942 1955/1955/1955
f 1957/1957/1957 1955/1955/1955 1950/1950/1950
f 1958/1958/1958 1951/1951/1951 1953/1953/1953
f 1951/1951/1951 1958/1958/1958 1954/1954/1954
f 1959/1959/1959 1958/1958/1958 1953/1953/1953
f 1954/1954/1954 1958/1958/1958 1960/1960/1960
f 1959/1959/1959 1961/1961/1961 1958/1958/1958
f 1958/1958/1958 1962/1962/1962 1960/1960/1960
f 1961/1961/1961 1962/1962/1962 1958/1958/1958
f 1963/1963/1963 1960/1960/1960 1962/1962/1962
f 1961/1961/1961 1964/1964/1964 1962/1962/1962
f 1965/1965/1965 1963/1963/1963 1962/1962/1962
f 1964/1964/1964 1965/1965/1965 1962/1962/1962
f 1966/1966/1966 1963/1963/1963 1965/1965/1965
f 1964/1964/1964 1967/1967/1967 1965/1965/1965
f 1968/1968/1968 1966/1966/1966 1965/1965/1965
f 1967/1967/1967 1968/1968/1968 1965/1965/1965
f 1966/1966/1966 1968/1968/1968 1969/1969/1969
f 1968/1968/1968 1967/1967/1967 1970/1970/1970
f 1968/1968/1968 1971/1971/1971 1969/1969/1969
f 1971/1971/1971 1968/1968/1968 1970/1970/1970
f 1972/1972/1972 1969/1969/1969 1971/1971/1971
f 1971/1971/1971 1970/1970/1970 1973/1973/1973
f 1974/1974/1974 1972/1972/1972 1971/1971/1971
f 1974/1974/1974 1971/1971/1971 1973/1973/1973
f 1974/1974/1974 1975/1975/1975 1972/1972/1972
f 1975/1975/1975 1974/1974/1974 1973/1973/1973
f 1975/1975/1975 1976/1976/1976 1972/1972/1972
f 1977/1977/1977 1975/1975/1975 1973/1973/1973
f 1978/1978/1978 1976/1976/1976 1975/1975/1975
f 1975/1975/1975 1977/1977/1977 1979/1979/1979
f 1980/1980/1980 1978/1978/1978 1975/1975/1975
f 1980/1980/1980 1975/1975/1975 1979/1979/1979
f 1978/1978/1978 1980/1980/1980 1981/1981/1981
f 1979/1979/1979 1982/1982/1982 1980/1980/1980
f 1980/1980/1980 1983/1983/1983 1981/1981/1981
f 1982/1982/1982 1983/1983/1983 1980/1980/1980
f 1983/1983/1983 1984/1984/1984 1981/1981/1981
f 1984/1984/1984 1983/1983/1983 1982/1982/1982
f 1987/1987/1987 1986/1986/1986 1985/1985/1985
f 1988/1988/1988 1987/1987/1987 1985/1985/1985
f 1989/1989/1989 1987/1987/1987 1988/1988/1988
f 1988/1988/1988 1985/1985/1985 1990/1990/1990
f 1985/1985/1985 1991/1991/1991 1990/1990/1990
f 1990/1990/1990 1992/1992/1992 1988/1988/1988
f 1993/1993/1993 1989/1989/1989 1988/1988/1988
f 1988/1988/1988 1992/1992/1992 1993/1993/1993
f 1989/1989/1989 1993/1993/1993 1994/1994/1994
f 1992/1992/1992 1995/1995/1995 1993/1993/1993
f 1993/1993/1993 1996/1996/1996 1994/1994/1994
f 1996/1996/1996 1993/1993/1993 1995/1995/1995
f 1997/1997/1997 1996/1996/1996 1995/1995/1995
f 1994/1994/1994 1996/1996/1996 1998/1998/1998
f 1997/1997/1997 1999/1999/1999 1996/1996/1996
f 1996/1996/1996 2000/2000/2000 1998/1998/1998
f 1999/1999/1999 2000/2000/2000 1996/1996/1996
f 1998/1998/1998 2000/2000/2000 2001/2001/2001
f 1999/1999/1999 2002/2002/2002 2000/2000/2000
f 1999/1999/1999 2003/2003/2003 2002/2002/2002
f 2000/2000/2000 2004/2004/2004 2001/2001/2001
f 2002/2002/2002 2004/2004/2004 2000/2000/2000
f 2005/2005/2005 2002/2002/2002 2003/2003/2003
f 2002/2002/2002 2005/2005/2005 2004/2004/2004
f 2006/2006/2006 2005/2005/2005 2003/2003/2003
f 2001/2001/2001 2004/2004/2004 2007/2007/2007
f 2005/2005/2005 2007/2007/2007 2004/2004/2004
f 2008/2008/2008 2001/2001/2001 2007/2007/2007
f 2005/2005/2005 2006/2006/2006 2009/2009/2009
f 2007/2007/2007 2005/2005/2005 2009/2009/2009
f 2006/2006/2006 2010/2010/2010 2009/2009/2009
f 2007/2007/2007 2011/2011/2011 2008/2008/2008
f 2011/2011/2011 2007/2007/2007 2009/2009/2009
f 2011/2011/2011 2012/2012/2012 2008/2008/2008
f 2013/2013/2013 2012/2012/2012 2011/2011/2011
f 2014/2014/2014 2013/2013/2013 2011/2011/2011
f 2014/2014/2014 2011/2011/2011 2009/2009/2009
f 2015/2015/2015 2013/2013/2013 2014/2014/2014
f 2009/2009/2009 2010/2010/2010 2016/2016/2016
f 2016/2016/2016 2014/2014/2014 2009/2009/2009
f 2010/2010/2010 2017/2017/2017 2016/2016/2016
f 2018/2018/2018 2015/2015/2015 2014/2014/2014
f 2018/2018/2018 2014/2014/2014 2016/2016/2016
f 2019/2019/2019 2015/2015/2015 2018/2018/2018
f 2020/2020/2020 2016/2016/2016 2017/2017/2017
f 2020/2020/2020 2018/2018/2018 2016/2016/2016
f 2021/2021/2021 2020/2020/2020 2017/2017/2017
f 2020/2020/2020 2021/2021/2021 2022/2022/2022
f 2023/2023/2023 2020/2020/2020 2022/2022/2022
f 2020/2020/2020 2023/2023/2023 2018/2018/2018
f 2023/2023/2023 2022/2022/2022 2024/2024/2024
f 2025/2025/2025 2019/2019/2019 2018/2018/2018
f 2023/2023/2023 2025/2025/2025 2018/2018/2018
f 2026/2026/2026 2023/2023/2023 2024/2024/2024
f 2023/2023/2023 2026/2026/2026 2025/2025/2025
f 2026/2026/2026 2024/2024/2024 2027/2027/2027
f 2019/2019/2019 2025/2025/2025 2028/2028/2028
f 2026/2026/2026 2028/2028/2028 2025/2025/2025
f 2029/2029/2029 2019/2019/2019 2028/2028/2028
f 2030/2030/2030 2026/2026/2026 2027/2027/2027
f 2028/2028/2028 2026/2026/2026 2030/2030/2030
f 2027/2027/2027 2031/2031/2031 2030/2030/2030
f 2028/2028/2028 2032/2032/2032 2029/2029/2029
f 2032/2032/2032 2028/2028/2028 2030/2030/2030
f 2032/2032/2032 2033/2033/2033 2029/2029/2029
f 2034/2034/2034 2033/2033/2033 2032/2032/2032
f 2031/2031/2031 2035/2035/2035 2030/2030/2030
f 2030/2030/2030 2035/2035/2035 2032/2032/2032
f 2035/2035/2035 2031/2031/2031 2036/2036/2036
f 2037/2037/2037 2034/2034/2034 2032/2032/2032
f 2035/2035/2035 2037/2037/2037 2032/2032/2032
f 2034/2034/2034 2037/2037/2037 2038/2038/2038
f 2039/2039/2039 2035/2035/2035 2036/2036/2036
f 2035/2035/2035 2039/2039/2039 2037/2037/2037
f 2040/2040/2040 2039/2039/2039 2036/2036/2036
f 2041/2041/2041 2040/2040/2040 2038/2038/2038
f 2037/2037/2037 2041/2041/2041 2038/2038/2038
f 2039/2039/2039 2041/2041/2041 2037/2037/2037
f 2041/2041/2041 2039/2039/2039 2040/2040/2040
f 2044/2044/2044 2043/2043/2043 2042/2042/2042
f 2042/2042/2042 2045/2045/2045 2044/2044/2044
f 2045/2045/2045 2046/2046/2046 2044/2044/2044
f 2045/2045/2045 2047/2047/2047 2046/2046/2046
f 2045/2045/2045 2048/2048/2048 2047/2047/2047
f 2049/2049/2049 2048/2048/2048 2045/2045/2045
f 2042/2042/2042 2049/2049/2049 2045/2045/2045
f 2050/2050/2050 2049/2049/2049 2042/2042/2042
f 2051/2051/2051 2050/2050/2050 2042/2042/2042
f 2052/2052/2052 2050/2050/2050 2051/2051/2051
f 2053/2053/2053 2052/2052/2052 2051/2051/2051
f 2054/2054/2054 2052/2052/2052 2053/2053/2053
f 2055/2055/2055 2054/2054/2054 2053/2053/2053
f 2058/2058/2058 2057/2057/2057 2056/2056/2056
f 2059/2059/2059 2057/2057/2057 2058/2058/2058
f 2060/2060/2060 2059/2059/2059 2058/2058/2058
f 2061/2061/2061 2059/2059/2059 2060/2060/2060
f 2062/2062/2062 2061/2061/2061 2060/2060/2060
f 2063/2063/2063 2061/2061/2061 2062/2062/2062
f 2064/2064/2064 2061/2061/2061 2063/2063/2063
f 2065/2065/2065 2064/2064/2064 2063/2063/2063
f 2065/2065/2065 2066/2066/2066 2064/2064/2064
f 2065/2065/2065 2067/2067/2067 2066/2066/2066
f 2065/2065/2065 2068/2068/2068 2067/2067/2067
f 2068/2068/2068 2069/2069/2069 2067/2067/2067
f 2070/2070/2070 2067/2067/2067 2069/2069/2069
f 2071/2071/2071 2067/2067/2067 2070/2070/2070
f 2072/2072/2072 2071/2071/2071 2070/2070/2070
f 2073/2073/2073 2071/2071/2071 2072/2072/2072
f 2074/2074/2074 2073/2073/2073 2072/2072/2072
f 2074/2074/2074 2075/2075/2075 2073/2073/2073
f 2076/2076/2076 2073/2073/2073 2075/2075/2075
f 2075/2075/2075 2077/2077/2077 2076/2076/2076
f 2076/2076/2076 2077/2077/2077 2078/2078/2078
f 2077/2077/2077 2079/2079/2079 2078/2078/2078
f 2079/2079/2079 2080/2080/2080 2078/2078/2078
f 2078/2078/2078 2080/2080/2080 2081/2081/2081
f 2080/2080/2080 2082/2082/2082 2081/2081/2081
f 2081/2081/2081 2082/2082/2082 2083/2083/2083
f 2082/2082/2082 2084/2084/2084 2083/2083/2083
f 2085/2085/2085 2083/2083/2083 2084/2084/2084
f 2088/2088/2088 2087/2087/2087 2086/2086/2086
f 2089/2089/2089 2088/2088/2088 2086/2086/2086
f 2090/2090/2090 2088/2088/2088 2089/2089/2089
f 2091/2091/2091 2090/2090/2090 2089/2089/2089
f 2090/2090/2090 2091/2091/2091 2092/2092/2092
f 2091/2091/2091 2093/2093/2093 2092/2092/2092
f 2092/2092/2092 2093/2093/2093 2094/2094/2094
f 2097/2097/2097 2096/2096/2096 2095/2095/2095
f 2095/2095/2095 2096/2096/2096 2098/2098/2098
f 2096/2096/2096 2099/2099/2099 2098/2098/2098
f 2098/2098/2098 2099/2099/2099 2100/2100/2100
f 2101/2101/2101 2098/2098/2098 2100/2100/2100
f 2104/2104/2104 2103/2103/2103 2102/2102/2102
f 2103/2103/2103 2104/2104/2104 2105/2105/2105
f 2106/2106/2106 2103/2103/2103 2105/2105/2105
f 2105/2105/2105 2107/2107/2107 2106/2106/2106
f 2108/2108/2108 2106/2106/2106 2107/2107/2107
f 2109/2109/2109 2108/2108/2108 2107/2107/2107
f 2110/2110/2110 2108/2108/2108 2109/2109/2109
f 2111/2111/2111 2110/2110/2110 2109/2109/2109
f 2110/2110/2110 2111/2111/2111 2112/2112/2112
f 2111/2111/2111 2113/2113/2113 2112/2112/2112
f 2112/2112/2112 2113/2113/2113 2114/2114/2114
f 2113/2113/2113 2115/2115/2115 2114/2114/2114
f 2116/2116/2116 2114/2114/2114 2115/2115/2115
f 2117/2117/2117 2116/2116/2116 2115/2115/2115
f 2116/2116/2116 2117/2117/2117 2118/2118/2118
f 2119/2119/2119 2116/2116/2116 2118/2118/2118
f 2118/2118/2118 2120/2120/2120 2119/2119/2119
f 2120/2120/2120 2121/2121/2121 2119/2119/2119
f 2120/2120/2120 2122/2122/2122 2121/2121/2121
f 2122/2122/2122 2123/2123/2123 2121/2121/2121
f 2124/2124/2124 2123/2123/2123 2122/2122/2122
f 2124/2124/2124 2125/2125/2125 2123/2123/2123
f 2125/2125/2125 2126/2126/2126 2123/2123/2123
f 2126/2126/2126 2125/2125/2125 2127/2127/2127
f 2128/2128/2128 2126/2126/2126 2127/2127/2127
f 2128/2128/2128 2127/2127/2127 2129/2129/2129
f 2130/2130/2130 2128/2128/2128 2129/2129/2129
f 2130/2130/2130 2129/2129/2129 2131/2131/2131
f 2132/2132/2132 2130/2130/2130 2131/2131/2131
f 2135/2135/2135 2134/2134/2134 2133/2133/2133
f 2136/2136/2136 2135/2135/2135 2133/2133/2133
f 2136/2136/2136 2133/2133/2133 2137/2137/2137
f 2138/2138/2138 2136/2136/2136 2137/2137/2137
f 2139/2139/2139 2135/2135/2135 2136/2136/2136
f 2135/2135/2135 2139/2139/2139 2140/2140/2140
f 2140/2140/2140 2139/2139/2139 2141/2141/2141
f 2142/2142/2142 2136/2136/2136 2138/2138/2138
f 2143/2143/2143 2142/2142/2142 2138/2138/2138
f 2139/2139/2139 2144/2144/2144 2141/2141/2141
f 2145/2145/2145 2141/2141/2141 2144/2144/2144
f 2146/2146/2146 2139/2139/2139 2136/2136/2136
f 2146/2146/2146 2136/2136/2136 2142/2142/2142
f 2144/2144/2144 2139/2139/2139 2146/2146/2146
f 2147/2147/2147 2142/2142/2142 2143/2143/2143
f 2142/2142/2142 2147/2147/2147 2146/2146/2146
f 2148/2148/2148 2147/2147/2147 2143/2143/2143
f 2149/2149/2149 2145/2145/2145 2144/2144/2144
f 2150/2150/2150 2145/2145/2145 2149/2149/2149
f 2151/2151/2151 2144/2144/2144 2146/2146/2146
f 2147/2147/2147 2151/2151/2151 2146/2146/2146
f 2144/2144/2144 2151/2151/2151 2149/2149/2149
f 2152/2152/2152 2147/2147/2147 2148/2148/2148
f 2153/2153/2153 2152/2152/2152 2148/2148/2148
f 2152/2152/2152 2153/2153/2153 2154/2154/2154
f 2155/2155/2155 2151/2151/2151 2147/2147/2147
f 2151/2151/2151 2155/2155/2155 2149/2149/2149
f 2152/2152/2152 2155/2155/2155 2147/2147/2147
f 2156/2156/2156 2152/2152/2152 2154/2154/2154
f 2155/2155/2155 2152/2152/2152 2156/2156/2156
f 2154/2154/2154 2157/2157/2157 2156/2156/2156
f 2158/2158/2158 2150/2150/2150 2149/2149/2149
f 2149/2149/2149 2155/2155/2155 2158/2158/2158
f 2150/2150/2150 2158/2158/2158 2159/2159/2159
f 2160/2160/2160 2150/2150/2150 2159/2159/2159
f 2155/2155/2155 2161/2161/2161 2158/2158/2158
f 2161/2161/2161 2155/2155/2155 2156/2156/2156
f 2159/2159/2159 2158/2158/2158 2161/2161/2161
f 2157/2157/2157 2162/2162/2162 2156/2156/2156
f 2162/2162/2162 2157/2157/2157 2163/2163/2163
f 2164/2164/2164 2161/2161/2161 2156/2156/2156
f 2164/2164/2164 2159/2159/2159 2161/2161/2161
f 2162/2162/2162 2164/2164/2164 2156/2156/2156
f 2160/2160/2160 2159/2159/2159 2165/2165/2165
f 2165/2165/2165 2159/2159/2159 2164/2164/2164
f 2166/2166/2166 2160/2160/2160 2165/2165/2165
f 2167/2167/2167 2162/2162/2162 2163/2163/2163
f 2167/2167/2167 2163/2163/2163 2168/2168/2168
f 2164/2164/2164 2162/2162/2162 2169/2169/2169
f 2169/2169/2169 2165/2165/2165 2164/2164/2164
f 2162/2162/2162 2167/2167/2167 2169/2169/2169
f 2166/2166/2166 2165/2165/2165 2170/2170/2170
f 2171/2171/2171 2166/2166/2166 2170/2170/2170
f 2165/2165/2165 2169/2169/2169 2172/2172/2172
f 2172/2172/2172 2169/2169/2169 2167/2167/2167
f 2170/2170/2170 2165/2165/2165 2172/2172/2172
f 2173/2173/2173 2167/2167/2167 2168/2168/2168
f 2173/2173/2173 2172/2172/2172 2167/2167/2167
f 2168/2168/2168 2174/2174/2174 2173/2173/2173
f 2171/2171/2171 2170/2170/2170 2175/2175/2175
f 2176/2176/2176 2171/2171/2171 2175/2175/2175
f 2172/2172/2172 2177/2177/2177 2170/2170/2170
f 2177/2177/2177 2172/2172/2172 2173/2173/2173
f 2177/2177/2177 2175/2175/2175 2170/2170/2170
f 2174/2174/2174 2178/2178/2178 2173/2173/2173
f 2178/2178/2178 2177/2177/2177 2173/2173/2173
f 2176/2176/2176 2175/2175/2175 2179/2179/2179
f 2180/2180/2180 2176/2176/2176 2179/2179/2179
f 2177/2177/2177 2181/2181/2181 2175/2175/2175
f 2181/2181/2181 2177/2177/2177 2178/2178/2178
f 2181/2181/2181 2179/2179/2179 2175/2175/2175
f 2182/2182/2182 2178/2178/2178 2174/2174/2174
f 2182/2182/2182 2181/2181/2181 2178/2178/2178
f 2183/2183/2183 2182/2182/2182 2174/2174/2174
f 2180/2180/2180 2179/2179/2179 2184/2184/2184
f 2185/2185/2185 2180/2180/2180 2184/2184/2184
f 2181/2181/2181 2186/2186/2186 2179/2179/2179
f 2186/2186/2186 2181/2181/2181 2182/2182/2182
f 2186/2186/2186 2184/2184/2184 2179/2179/2179
f 2187/2187/2187 2182/2182/2182 2183/2183/2183
f 2187/2187/2187 2186/2186/2186 2182/2182/2182
f 2188/2188/2188 2187/2187/2187 2183/2183/2183
f 2184/2184/2184 2189/2189/2189 2185/2185/2185
f 2189/2189/2189 2184/2184/2184 2186/2186/2186
f 2189/2189/2189 2190/2190/2190 2185/2185/2185
f 2191/2191/2191 2187/2187/2187 2188/2188/2188
f 2192/2192/2192 2191/2191/2191 2188/2188/2188
f 2191/2191/2191 2192/2192/2192 2193/2193/2193
f 2194/2194/2194 2186/2186/2186 2187/2187/2187
f 2194/2194/2194 2189/2189/2189 2186/2186/2186
f 2191/2191/2191 2194/2194/2194 2187/2187/2187
f 2190/2190/2190 2189/2189/2189 2195/2195/2195
f 2195/2195/2195 2189/2189/2189 2194/2194/2194
f 2196/2196/2196 2190/2190/2190 2195/2195/2195
f 2197/2197/2197 2191/2191/2191 2193/2193/2193
f 2197/2197/2197 2193/2193/2193 2198/2198/2198
f 2199/2199/2199 2194/2194/2194 2191/2191/2191
f 2199/2199/2199 2195/2195/2195 2194/2194/2194
f 2197/2197/2197 2199/2199/2199 2191/2191/2191
f 2196/2196/2196 2195/2195/2195 2200/2200/2200
f 2200/2200/2200 2195/2195/2195 2199/2199/2199
f 2201/2201/2201 2196/2196/2196 2200/2200/2200
f 2201/2201/2201 2200/2200/2200 2202/2202/2202
f 2203/2203/2203 2200/2200/2200 2199/2199/2199
f 2203/2203/2203 2199/2199/2199 2197/2197/2197
f 2200/2200/2200 2203/2203/2203 2202/2202/2202
f 2204/2204/2204 2197/2197/2197 2198/2198/2198
f 2204/2204/2204 2203/2203/2203 2197/2197/2197
f 2203/2203/2203 2204/2204/2204 2202/2202/2202
f 2205/2205/2205 2204/2204/2204 2198/2198/2198
f 2205/2205/2205 2202/2202/2202 2204/2204/2204
f 2208/2208/2208 2207/2207/2207 2206/2206/2206
f 2209/2209/2209 2208/2208/2208 2206/2206/2206
f 2209/2209/2209 2206/2206/2206 2210/2210/2210
f 2211/2211/2211 2208/2208/2208 2209/2209/2209
f 2212/2212/2212 2209/2209/2209 2210/2210/2210
f 2213/2213/2213 2211/2211/2211 2209/2209/2209
f 2213/2213/2213 2209/2209/2209 2212/2212/2212
f 2214/2214/2214 2213/2213/2213 2212/2212/2212
f 2215/2215/2215 2211/2211/2211 2213/2213/2213
f 2216/2216/2216 2213/2213/2213 2214/2214/2214
f 2216/2216/2216 2215/2215/2215 2213/2213/2213
f 2217/2217/2217 2216/2216/2216 2214/2214/2214
f 2218/2218/2218 2215/2215/2215 2216/2216/2216
f 2218/2218/2218 2219/2219/2219 2215/2215/2215
f 2220/2220/2220 2216/2216/2216 2217/2217/2217
f 2220/2220/2220 2218/2218/2218 2216/2216/2216
f 2221/2221/2221 2220/2220/2220 2217/2217/2217
f 2219/2219/2219 2218/2218/2218 2222/2222/2222
f 2222/2222/2222 2218/2218/2218 2220/2220/2220
f 2223/2223/2223 2219/2219/2219 2222/2222/2222
f 2224/2224/2224 2220/2220/2220 2221/2221/2221
f 2224/2224/2224 2222/2222/2222 2220/2220/2220
f 2225/2225/2225 2224/2224/2224 2221/2221/2221
f 2222/2222/2222 2226/2226/2226 2223/2223/2223
f 2222/2222/2222 2224/2224/2224 2226/2226/2226
f 2226/2226/2226 2227/2227/2227 2223/2223/2223
f 2228/2228/2228 2227/2227/2227 2226/2226/2226
f 2224/2224/2224 2225/2225/2225 2229/2229/2229
f 2224/2224/2224 2229/2229/2229 2226/2226/2226
f 2225/2225/2225 2230/2230/2230 2229/2229/2229
f 2231/2231/2231 2228/2228/2228 2226/2226/2226
f 2231/2231/2231 2226/2226/2226 2229/2229/2229
f 2232/2232/2232 2228/2228/2228 2231/2231/2231
f 2233/2233/2233 2229/2229/2229 2230/2230/2230
f 2233/2233/2233 2231/2231/2231 2229/2229/2229
f 2234/2234/2234 2233/2233/2233 2230/2230/2230
f 2235/2235/2235 2232/2232/2232 2231/2231/2231
f 2235/2235/2235 2231/2231/2231 2233/2233/2233
f 2236/2236/2236 2232/2232/2232 2235/2235/2235
f 2237/2237/2237 2233/2233/2233 2234/2234/2234
f 2237/2237/2237 2235/2235/2235 2233/2233/2233
f 2238/2238/2238 2237/2237/2237 2234/2234/2234
f 2238/2238/2238 2239/2239/2239 2237/2237/2237
f 2240/2240/2240 2236/2236/2236 2235/2235/2235
f 2235/2235/2235 2237/2237/2237 2240/2240/2240
f 2241/2241/2241 2236/2236/2236 2240/2240/2240
f 2239/2239/2239 2242/2242/2242 2237/2237/2237
f 2237/2237/2237 2242/2242/2242 2240/2240/2240
f 2243/2243/2243 2241/2241/2241 2240/2240/2240
f 2243/2243/2243 2240/2240/2240 2242/2242/2242
f 2244/2244/2244 2241/2241/2241 2243/2243/2243
f 2245/2245/2245 2242/2242/2242 2239/2239/2239
f 2245/2245/2245 2243/2243/2243 2242/2242/2242
f 2246/2246/2246 2245/2245/2245 2239/2239/2239
f 2245/2245/2245 2246/2246/2246 2247/2247/2247
f 2248/2248/2248 2244/2244/2244 2243/2243/2243
f 2248/2248/2248 2243/2243/2243 2245/2245/2245
f 2249/2249/2249 2244/2244/2244 2248/2248/2248
f 2250/2250/2250 2245/2245/2245 2247/2247/2247
f 2250/2250/2250 2248/2248/2248 2245/2245/2245
f 2250/2250/2250 2247/2247/2247 2251/2251/2251
f 2252/2252/2252 2249/2249/2249 2248/2248/2248
f 2252/2252/2252 2248/2248/2248 2250/2250/2250
f 2253/2253/2253 2249/2249/2249 2252/2252/2252
f 2254/2254/2254 2250/2250/2250 2251/2251/2251
f 2254/2254/2254 2252/2252/2252 2250/2250/2250
f 2251/2251/2251 2255/2255/2255 2254/2254/2254
f 2256/2256/2256 2253/2253/2253 2252/2252/2252
f 2252/2252/2252 2254/2254/2254 2256/2256/2256
f 2257/2257/2257 2253/2253/2253 2256/2256/2256
f 2255/2255/2255 2258/2258/2258 2254/2254/2254
f 2254/2254/2254 2258/2258/2258 2256/2256/2256
f 2258/2258/2258 2255/2255/2255 2259/2259/2259
f 2260/2260/2260 2257/2257/2257 2256/2256/2256
f 2260/2260/2260 2256/2256/2256 2258/2258/2258
f 2257/2257/2257 2260/2260/2260 2261/2261/2261
f 2262/2262/2262 2258/2258/2258 2259/2259/2259
f 2262/2262/2262 2260/2260/2260 2258/2258/2258
f 2262/2262/2262 2259/2259/2259 2263/2263/2263
f 2260/2260/2260 2264/2264/2264 2261/2261/2261
f 2264/2264/2264 2260/2260/2260 2262/2262/2262
f 2265/2265/2265 2261/2261/2261 2264/2264/2264
f 2266/2266/2266 2262/2262/2262 2263/2263/2263
f 2266/2266/2266 2264/2264/2264 2262/2262/2262
f 2263/2263/2263 2267/2267/2267 2266/2266/2266
f 2268/2268/2268 2265/2265/2265 2264/2264/2264
f 2268/2268/2268 2264/2264/2264 2266/2266/2266
f 2269/2269/2269 2265/2265/2265 2268/2268/2268
f 2267/2267/2267 2270/2270/2270 2266/2266/2266
f 2270/2270/2270 2268/2268/2268 2266/2266/2266
f 2269/2269/2269 2268/2268/2268 2270/2270/2270
f 2269/2269/2269 2270/2270/2270 2267/2267/2267
f 2273/2273/2273 2272/2272/2272 2271/2271/2271
f 2272/2272/2272 2274/2274/2274 2271/2271/2271
f 2271/2271/2271 2274/2274/2274 2275/2275/2275
f 2274/2274/2274 2272/2272/2272 2276/2276/2276
f 2274/2274/2274 2277/2277/2277 2275/2275/2275
f 2278/2278/2278 2274/2274/2274 2276/2276/2276
f 2274/2274/2274 2278/2278/2278 2277/2277/2277
f 2276/2276/2276 2279/2279/2279 2278/2278/2278
f 2278/2278/2278 2280/2280/2280 2277/2277/2277
f 2279/2279/2279 2281/2281/2281 2278/2278/2278
f 2280/2280/2280 2278/2278/2278 2281/2281/2281
f 2279/2279/2279 2282/2282/2282 2281/2281/2281
f 2283/2283/2283 2280/2280/2280 2281/2281/2281
f 2282/2282/2282 2284/2284/2284 2281/2281/2281
f 2283/2283/2283 2281/2281/2281 2284/2284/2284
f 2284/2284/2284 2282/2282/2282 2285/2285/2285
f 2286/2286/2286 2283/2283/2283 2284/2284/2284
f 2287/2287/2287 2284/2284/2284 2285/2285/2285
f 2286/2286/2286 2284/2284/2284 2287/2287/2287
f 2288/2288/2288 2286/2286/2286 2287/2287/2287
f 2285/2285/2285 2289/2289/2289 2287/2287/2287
f 2290/2290/2290 2288/2288/2288 2287/2287/2287
f 2289/2289/2289 2291/2291/2291 2287/2287/2287
f 2291/2291/2291 2290/2290/2290 2287/2287/2287
f 2289/2289/2289 2292/2292/2292 2291/2291/2291
f 2293/2293/2293 2290/2290/2290 2291/2291/2291
f 2292/2292/2292 2294/2294/2294 2291/2291/2291
f 2294/2294/2294 2293/2293/2293 2291/2291/2291
f 2295/2295/2295 2293/2293/2293 2294/2294/2294
f 2294/2294/2294 2292/2292/2292 2296/2296/2296
f 2297/2297/2297 2295/2295/2295 2294/2294/2294
f 2297/2297/2297 2294/2294/2294 2296/2296/2296
f 2298/2298/2298 2295/2295/2295 2297/2297/2297
f 2297/2297/2297 2296/2296/2296 2299/2299/2299
f 2299/2299/2299 2298/2298/2298 2297/2297/2297
f 2296/2296/2296 2300/2300/2300 2299/2299/2299
f 2299/2299/2299 2301/2301/2301 2298/2298/2298
f 2299/2299/2299 2300/2300/2300 2301/2301/2301
f 2301/2301/2301 2302/2302/2302 2298/2298/2298
f 2300/2300/2300 2303/2303/2303 2301/2301/2301
f 2302/2302/2302 2301/2301/2301 2304/2304/2304
f 2304/2304/2304 2301/2301/2301 2303/2303/2303
f 2305/2305/2305 2302/2302/2302 2304/2304/2304
f 2306/2306/2306 2304/2304/2304 2303/2303/2303
f 2304/2304/2304 2307/2307/2307 2305/2305/2305
f 2307/2307/2307 2304/2304/2304 2306/2306/2306
f 2307/2307/2307 2308/2308/2308 2305/2305/2305
f 2309/2309/2309 2307/2307/2307 2306/2306/2306
f 2307/2307/2307 2310/2310/2310 2308/2308/2308
f 2307/2307/2307 2309/2309/2309 2310/2310/2310
f 2309/2309/2309 2311/2311/2311 2310/2310/2310
f 2310/2310/2310 2312/2312/2312 2308/2308/2308
f 2311/2311/2311 2313/2313/2313 2310/2310/2310
f 2310/2310/2310 2314/2314/2314 2312/2312/2312
f 2313/2313/2313 2314/2314/2314 2310/2310/2310
f 2314/2314/2314 2315/2315/2315 2312/2312/2312
f 2313/2313/2313 2316/2316/2316 2314/2314/2314
f 2315/2315/2315 2314/2314/2314 2317/2317/2317
f 2316/2316/2316 2317/2317/2317 2314/2314/2314
f 2318/2318/2318 2315/2315/2315 2317/2317/2317
f 2316/2316/2316 2319/2319/2319 2317/2317/2317
f 2318/2318/2318 2317/2317/2317 2320/2320/2320
f 2319/2319/2319 2320/2320/2320 2317/2317/2317
f 2321/2321/2321 2318/2318/2318 2320/2320/2320
f 2322/2322/2322 2320/2320/2320 2319/2319/2319
f 2322/2322/2322 2321/2321/2321 2320/2320/2320
f 2325/2325/2325 2324/2324/2324 2323/2323/2323
f 2324/2324/2324 2325/2325/2325 2326/2326/2326
f 2327/2327/2327 2324/2324/2324 2326/2326/2326
f 2326/2326/2326 2328/2328/2328 2327/2327/2327
f 2328/2328/2328 2329/2329/2329 2327/2327/2327
f 2328/2328/2328 2330/2330/2330 2329/2329/2329
f 2330/2330/2330 2331/2331/2331 2329/2329/2329
f 2332/2332/2332 2331/2331/2331 2330/2330/2330
f 2332/2332/2332 2333/2333/2333 2331/2331/2331
f 2333/2333/2333 2332/2332/2332 2334/2334/2334
f 2332/2332/2332 2335/2335/2335 2334/2334/2334
f 2336/2336/2336 2332/2332/2332 2330/2330/2330
f 2332/2332/2332 2336/2336/2336 2335/2335/2335
f 2334/2334/2334 2335/2335/2335 2337/2337/2337
f 2336/2336/2336 2338/2338/2338 2335/2335/2335
f 2336/2336/2336 2339/2339/2339 2338/2338/2338
f 2340/2340/2340 2338/2338/2338 2339/2339/2339
f 2335/2335/2335 2338/2338/2338 2340/2340/2340
f 2341/2341/2341 2340/2340/2340 2339/2339/2339
f 2335/2335/2335 2342/2342/2342 2337/2337/2337
f 2337/2337/2337 2342/2342/2342 2343/2343/2343
f 2340/2340/2340 2341/2341/2341 2344/2344/2344
f 2341/2341/2341 2345/2345/2345 2344/2344/2344
f 2345/2345/2345 2346/2346/2346 2344/2344/2344
f 2347/2347/2347 2335/2335/2335 2340/2340/2340
f 2347/2347/2347 2342/2342/2342 2335/2335/2335
f 2347/2347/2347 2340/2340/2340 2344/2344/2344
f 2346/2346/2346 2348/2348/2348 2344/2344/2344
f 2348/2348/2348 2346/2346/2346 2349/2349/2349
f 2350/2350/2350 2347/2347/2347 2344/2344/2344
f 2347/2347/2347 2350/2350/2350 2342/2342/2342
f 2344/2344/2344 2348/2348/2348 2350/2350/2350
f 2351/2351/2351 2348/2348/2348 2349/2349/2349
f 2351/2351/2351 2349/2349/2349 2352/2352/2352
f 2348/2348/2348 2353/2353/2353 2350/2350/2350
f 2353/2353/2353 2348/2348/2348 2351/2351/2351
f 2350/2350/2350 2354/2354/2354 2342/2342/2342
f 2350/2350/2350 2353/2353/2353 2354/2354/2354
f 2354/2354/2354 2355/2355/2355 2342/2342/2342
f 2342/2342/2342 2355/2355/2355 2343/2343/2343
f 2353/2353/2353 2356/2356/2356 2354/2354/2354
f 2354/2354/2354 2356/2356/2356 2355/2355/2355
f 2355/2355/2355 2357/2357/2357 2343/2343/2343
f 2356/2356/2356 2357/2357/2357 2355/2355/2355
f 2357/2357/2357 2358/2358/2358 2343/2343/2343
f 2356/2356/2356 2353/2353/2353 2359/2359/2359
f 2359/2359/2359 2353/2353/2353 2351/2351/2351
f 2357/2357/2357 2360/2360/2360 2358/2358/2358
f 2360/2360/2360 2361/2361/2361 2358/2358/2358
f 2361/2361/2361 2360/2360/2360 2362/2362/2362
f 2356/2356/2356 2363/2363/2363 2357/2357/2357
f 2363/2363/2363 2356/2356/2356 2359/2359/2359
f 2363/2363/2363 2360/2360/2360 2357/2357/2357
f 2360/2360/2360 2364/2364/2364 2362/2362/2362
f 2365/2365/2365 2362/2362/2362 2364/2364/2364
f 2366/2366/2366 2365/2365/2365 2364/2364/2364
f 2363/2363/2363 2367/2367/2367 2360/2360/2360
f 2367/2367/2367 2363/2363/2363 2359/2359/2359
f 2367/2367/2367 2364/2364/2364 2360/2360/2360
f 2368/2368/2368 2366/2366/2366 2364/2364/2364
f 2368/2368/2368 2364/2364/2364 2367/2367/2367
f 2369/2369/2369 2366/2366/2366 2368/2368/2368
f 2370/2370/2370 2359/2359/2359 2351/2351/2351
f 2370/2370/2370 2367/2367/2367 2359/2359/2359
f 2371/2371/2371 2368/2368/2368 2367/2367/2367
f 2367/2367/2367 2370/2370/2370 2371/2371/2371
f 2372/2372/2372 2369/2369/2369 2368/2368/2368
f 2372/2372/2372 2368/2368/2368 2371/2371/2371
f 2373/2373/2373 2369/2369/2369 2372/2372/2372
f 2374/2374/2374 2373/2373/2373 2372/2372/2372
f 2375/2375/2375 2374/2374/2374 2372/2372/2372
f 2376/2376/2376 2370/2370/2370 2351/2351/2351
f 2376/2376/2376 2351/2351/2351 2352/2352/2352
f 2377/2377/2377 2372/2372/2372 2371/2371/2371
f 2377/2377/2377 2375/2375/2375 2372/2372/2372
f 2370/2370/2370 2378/2378/2378 2371/2371/2371
f 2370/2370/2370 2376/2376/2376 2378/2378/2378
f 2371/2371/2371 2378/2378/2378 2377/2377/2377
f 2376/2376/2376 2352/2352/2352 2379/2379/2379
f 2376/2376/2376 2379/2379/2379 2378/2378/2378
f 2378/2378/2378 2379/2379/2379 2377/2377/2377
f 2352/2352/2352 2380/2380/2380 2379/2379/2379
f 2377/2377/2377 2381/2381/2381 2375/2375/2375
f 2379/2379/2379 2381/2381/2381 2377/2377/2377
f 2379/2379/2379 2380/2380/2380 2381/2381/2381
f 2381/2381/2381 2382/2382/2382 2375/2375/2375
f 2380/2380/2380 2382/2382/2382 2381/2381/2381
f 2385/2385/2385 2384/2384/2384 2383/2383/2383
f 2386/2386/2386 2385/2385/2385 2383/2383/2383
f 2387/2387/2387 2384/2384/2384 2385/2385/2385
f 2385/2385/2385 2386/2386/2386 2388/2388/2388
f 2386/2386/2386 2389/2389/2389 2388/2388/2388
f 2390/2390/2390 2387/2387/2387 2385/2385/2385
f 2391/2391/2391 2387/2387/2387 2390/2390/2390
f 2392/2392/2392 2388/2388/2388 2389/2389/2389
f 2393/2393/2393 2392/2392/2392 2389/2389/2389
f 2392/2392/2392 2393/2393/2393 2394/2394/2394
f 2385/2385/2385 2388/2388/2388 2395/2395/2395
f 2390/2390/2390 2385/2385/2385 2395/2395/2395
f 2396/2396/2396 2391/2391/2391 2390/2390/2390
f 2391/2391/2391 2396/2396/2396 2397/2397/2397
f 2398/2398/2398 2392/2392/2392 2394/2394/2394
f 2398/2398/2398 2394/2394/2394 2399/2399/2399
f 2398/2398/2398 2399/2399/2399 2400/2400/2400
f 2401/2401/2401 2398/2398/2398 2400/2400/2400
f 2398/2398/2398 2401/2401/2401 2392/2392/2392
f 2401/2401/2401 2400/2400/2400 2402/2402/2402
f 2392/2392/2392 2403/2403/2403 2388/2388/2388
f 2401/2401/2401 2403/2403/2403 2392/2392/2392
f 2403/2403/2403 2395/2395/2395 2388/2388/2388
f 2404/2404/2404 2401/2401/2401 2402/2402/2402
f 2403/2403/2403 2401/2401/2401 2404/2404/2404
f 2404/2404/2404 2402/2402/2402 2405/2405/2405
f 2395/2395/2395 2406/2406/2406 2390/2390/2390
f 2406/2406/2406 2396/2396/2396 2390/2390/2390
f 2403/2403/2403 2407/2407/2407 2395/2395/2395
f 2407/2407/2407 2403/2403/2403 2404/2404/2404
f 2407/2407/2407 2406/2406/2406 2395/2395/2395
f 2408/2408/2408 2404/2404/2404 2405/2405/2405
f 2404/2404/2404 2408/2408/2408 2407/2407/2407
f 2405/2405/2405 2409/2409/2409 2408/2408/2408
f 2406/2406/2406 2407/2407/2407 2410/2410/2410
f 2408/2408/2408 2410/2410/2410 2407/2407/2407
f 2411/2411/2411 2410/2410/2410 2408/2408/2408
f 2408/2408/2408 2409/2409/2409 2412/2412/2412
f 2412/2412/2412 2411/2411/2411 2408/2408/2408
f 2409/2409/2409 2413/2413/2413 2412/2412/2412
f 2414/2414/2414 2406/2406/2406 2410/2410/2410
f 2396/2396/2396 2406/2406/2406 2414/2414/2414
f 2410/2410/2410 2411/2411/2411 2414/2414/2414
f 2413/2413/2413 2415/2415/2415 2412/2412/2412
f 2411/2411/2411 2412/2412/2412 2415/2415/2415
f 2416/2416/2416 2396/2396/2396 2414/2414/2414
f 2396/2396/2396 2416/2416/2416 2397/2397/2397
f 2414/2414/2414 2417/2417/2417 2416/2416/2416
f 2411/2411/2411 2417/2417/2417 2414/2414/2414
f 2416/2416/2416 2418/2418/2418 2397/2397/2397
f 2417/2417/2417 2418/2418/2418 2416/2416/2416
f 2418/2418/2418 2419/2419/2419 2397/2397/2397
f 2417/2417/2417 2411/2411/2411 2420/2420/2420
f 2418/2418/2418 2417/2417/2417 2420/2420/2420
f 2419/2419/2419 2418/2418/2418 2421/2421/2421
f 2421/2421/2421 2418/2418/2418 2420/2420/2420
f 2422/2422/2422 2419/2419/2419 2421/2421/2421
f 2422/2422/2422 2421/2421/2421 2423/2423/2423
f 2411/2411/2411 2424/2424/2424 2420/2420/2420
f 2424/2424/2424 2411/2411/2411 2415/2415/2415
f 2415/2415/2415 2413/2413/2413 2425/2425/2425
f 2413/2413/2413 2426/2426/2426 2425/2425/2425
f 2426/2426/2426 2427/2427/2427 2425/2425/2425
f 2421/2421/2421 2428/2428/2428 2423/2423/2423
f 2429/2429/2429 2423/2423/2423 2428/2428/2428
f 2420/2420/2420 2430/2430/2430 2421/2421/2421
f 2430/2430/2430 2420/2420/2420 2424/2424/2424
f 2430/2430/2430 2428/2428/2428 2421/2421/2421
f 2431/2431/2431 2424/2424/2424 2415/2415/2415
f 2425/2425/2425 2431/2431/2431 2415/2415/2415
f 2431/2431/2431 2430/2430/2430 2424/2424/2424
f 2432/2432/2432 2429/2429/2429 2428/2428/2428
f 2432/2432/2432 2428/2428/2428 2430/2430/2430
f 2433/2433/2433 2429/2429/2429 2432/2432/2432
f 2434/2434/2434 2425/2425/2425 2427/2427/2427
f 2434/2434/2434 2427/2427/2427 2435/2435/2435
f 2430/2430/2430 2431/2431/2431 2436/2436/2436
f 2436/2436/2436 2432/2432/2432 2430/2430/2430
f 2437/2437/2437 2433/2433/2433 2432/2432/2432
f 2437/2437/2437 2432/2432/2432 2436/2436/2436
f 2433/2433/2433 2437/2437/2437 2438/2438/2438
f 2439/2439/2439 2431/2431/2431 2425/2425/2425
f 2431/2431/2431 2439/2439/2439 2436/2436/2436
f 2434/2434/2434 2439/2439/2439 2425/2425/2425
f 2440/2440/2440 2434/2434/2434 2435/2435/2435
f 2440/2440/2440 2435/2435/2435 2441/2441/2441
f 2442/2442/2442 2437/2437/2437 2436/2436/2436
f 2436/2436/2436 2439/2439/2439 2442/2442/2442
f 2443/2443/2443 2439/2439/2439 2434/2434/2434
f 2440/2440/2440 2443/2443/2443 2434/2434/2434
f 2439/2439/2439 2443/2443/2443 2442/2442/2442
f 2437/2437/2437 2444/2444/2444 2438/2438/2438
f 2444/2444/2444 2437/2437/2437 2442/2442/2442
f 2445/2445/2445 2440/2440/2440 2441/2441/2441
f 2441/2441/2441 2446/2446/2446 2445/2445/2445
f 2447/2447/2447 2442/2442/2442 2443/2443/2443
f 2447/2447/2447 2444/2444/2444 2442/2442/2442
f 2443/2443/2443 2440/2440/2440 2448/2448/2448
f 2440/2440/2440 2445/2445/2445 2448/2448/2448
f 2448/2448/2448 2447/2447/2447 2443/2443/2443
f 2446/2446/2446 2449/2449/2449 2445/2445/2445
f 2445/2445/2445 2449/2449/2449 2448/2448/2448
f 2449/2449/2449 2446/2446/2446 2450/2450/2450
f 2438/2438/2438 2444/2444/2444 2451/2451/2451
f 2452/2452/2452 2438/2438/2438 2451/2451/2451
f 2447/2447/2447 2453/2453/2453 2444/2444/2444
f 2453/2453/2453 2451/2451/2451 2444/2444/2444
f 2448/2448/2448 2454/2454/2454 2447/2447/2447
f 2449/2449/2449 2454/2454/2454 2448/2448/2448
f 2454/2454/2454 2453/2453/2453 2447/2447/2447
f 2455/2455/2455 2449/2449/2449 2450/2450/2450
f 2455/2455/2455 2454/2454/2454 2449/2449/2449
f 2455/2455/2455 2450/2450/2450 2456/2456/2456
f 2455/2455/2455 2456/2456/2456 2454/2454/2454
f 2450/2450/2450 2457/2457/2457 2456/2456/2456
f 2452/2452/2452 2451/2451/2451 2458/2458/2458
f 2459/2459/2459 2452/2452/2452 2458/2458/2458
f 2451/2451/2451 2453/2453/2453 2460/2460/2460
f 2458/2458/2458 2451/2451/2451 2460/2460/2460
f 2453/2453/2453 2454/2454/2454 2461/2461/2461
f 2456/2456/2456 2461/2461/2461 2454/2454/2454
f 2460/2460/2460 2453/2453/2453 2461/2461/2461
f 2456/2456/2456 2457/2457/2457 2462/2462/2462
f 2462/2462/2462 2461/2461/2461 2456/2456/2456
f 2457/2457/2457 2463/2463/2463 2462/2462/2462
f 2462/2462/2462 2463/2463/2463 2464/2464/2464
f 2462/2462/2462 2464/2464/2464 2461/2461/2461
f 2463/2463/2463 2465/2465/2465 2464/2464/2464
f 2459/2459/2459 2458/2458/2458 2466/2466/2466
f 2467/2467/2467 2459/2459/2459 2466/2466/2466
f 2458/2458/2458 2460/2460/2460 2468/2468/2468
f 2466/2466/2466 2458/2458/2458 2468/2468/2468
f 2460/2460/2460 2461/2461/2461 2469/2469/2469
f 2461/2461/2461 2464/2464/2464 2469/2469/2469
f 2468/2468/2468 2460/2460/2460 2469/2469/2469
f 2464/2464/2464 2465/2465/2465 2470/2470/2470
f 2469/2469/2469 2464/2464/2464 2470/2470/2470
f 2465/2465/2465 2471/2471/2471 2470/2470/2470
f 2472/2472/2472 2470/2470/2470 2471/2471/2471
f 2469/2469/2469 2470/2470/2470 2472/2472/2472
f 2473/2473/2473 2472/2472/2472 2471/2471/2471
f 2467/2467/2467 2466/2466/2466 2474/2474/2474
f 2475/2475/2475 2467/2467/2467 2474/2474/2474
f 2466/2466/2466 2468/2468/2468 2476/2476/2476
f 2474/2474/2474 2466/2466/2466 2476/2476/2476
f 2468/2468/2468 2469/2469/2469 2477/2477/2477
f 2477/2477/2477 2469/2469/2469 2472/2472/2472
f 2476/2476/2476 2468/2468/2468 2477/2477/2477
f 2472/2472/2472 2473/2473/2473 2478/2478/2478
f 2477/2477/2477 2472/2472/2472 2478/2478/2478
f 2473/2473/2473 2479/2479/2479 2478/2478/2478
f 2480/2480/2480 2478/2478/2478 2479/2479/2479
f 2481/2481/2481 2477/2477/2477 2478/2478/2478
f 2477/2477/2477 2481/2481/2481 2476/2476/2476
f 2481/2481/2481 2478/2478/2478 2480/2480/2480
f 2481/2481/2481 2482/2482/2482 2476/2476/2476
f 2474/2474/2474 2476/2476/2476 2482/2482/2482
f 2480/2480/2480 2482/2482/2482 2481/2481/2481
f 2475/2475/2475 2474/2474/2474 2483/2483/2483
f 2483/2483/2483 2474/2474/2474 2482/2482/2482
f 2482/2482/2482 2480/2480/2480 2483/2483/2483
f 2484/2484/2484 2475/2475/2475 2483/2483/2483
f 2480/2480/2480 2484/2484/2484 2483/2483/2483
f 2487/2487/2487 2486/2486/2486 2485/2485/2485
f 2488/2488/2488 2487/2487/2487 2485/2485/2485
f 2488/2488/2488 2489/2489/2489 2487/2487/2487
f 2486/2486/2486 2487/2487/2487 2490/2490/2490
f 2491/2491/2491 2486/2486/2486 2490/2490/2490
f 2489/2489/2489 2492/2492/2492 2487/2487/2487
f 2493/2493/2493 2492/2492/2492 2489/2489/2489
f 2493/2493/2493 2494/2494/2494 2492/2492/2492
f 2495/2495/2495 2492/2492/2492 2494/2494/2494
f 2492/2492/2492 2495/2495/2495 2496/2496/2496
f 2492/2492/2492 2497/2497/2497 2487/2487/2487
f 2497/2497/2497 2492/2492/2492 2496/2496/2496
f 2497/2497/2497 2490/2490/2490 2487/2487/2487
f 2497/2497/2497 2496/2496/2496 2498/2498/2498
f 2499/2499/2499 2497/2497/2497 2498/2498/2498
f 2490/2490/2490 2497/2497/2497 2499/2499/2499
f 2499/2499/2499 2498/2498/2498 2500/2500/2500
f 2490/2490/2490 2501/2501/2501 2491/2491/2491
f 2501/2501/2501 2490/2490/2490 2499/2499/2499
f 2501/2501/2501 2502/2502/2502 2491/2491/2491
f 2503/2503/2503 2499/2499/2499 2500/2500/2500
f 2501/2501/2501 2499/2499/2499 2503/2503/2503
f 2501/2501/2501 2504/2504/2504 2502/2502/2502
f 2504/2504/2504 2501/2501/2501 2503/2503/2503
f 2504/2504/2504 2505/2505/2505 2502/2502/2502
f 2505/2505/2505 2504/2504/2504 2506/2506/2506
f 2507/2507/2507 2503/2503/2503 2500/2500/2500
f 2504/2504/2504 2503/2503/2503 2507/2507/2507
f 2508/2508/2508 2507/2507/2507 2500/2500/2500
f 2504/2504/2504 2509/2509/2509 2506/2506/2506
f 2509/2509/2509 2504/2504/2504 2507/2507/2507
f 2507/2507/2507 2508/2508/2508 2510/2510/2510
f 2509/2509/2509 2507/2507/2507 2510/2510/2510
f 2508/2508/2508 2511/2511/2511 2510/2510/2510
f 2509/2509/2509 2512/2512/2512 2506/2506/2506
f 2512/2512/2512 2509/2509/2509 2510/2510/2510
f 2512/2512/2512 2513/2513/2513 2506/2506/2506
f 2510/2510/2510 2511/2511/2511 2514/2514/2514
f 2512/2512/2512 2510/2510/2510 2514/2514/2514
f 2511/2511/2511 2515/2515/2515 2514/2514/2514
f 2514/2514/2514 2515/2515/2515 2516/2516/2516
f 2513/2513/2513 2512/2512/2512 2517/2517/2517
f 2517/2517/2517 2512/2512/2512 2514/2514/2514
f 2517/2517/2517 2514/2514/2514 2516/2516/2516
f 2518/2518/2518 2513/2513/2513 2517/2517/2517
f 2517/2517/2517 2516/2516/2516 2518/2518/2518
f 2521/2521/2521 2520/2520/2520 2519/2519/2519
f 2520/2520/2520 2522/2522/2522 2519/2519/2519
f 2521/2521/2521 2519/2519/2519 2523/2523/2523
f 2519/2519/2519 2522/2522/2522 2524/2524/2524
f 2519/2519/2519 2524/2524/2524 2523/2523/2523
f 2522/2522/2522 2525/2525/2525 2524/2524/2524
f 2526/2526/2526 2523/2523/2523 2524/2524/2524
f 2527/2527/2527 2524/2524/2524 2525/2525/2525
f 2527/2527/2527 2526/2526/2526 2524/2524/2524
f 2528/2528/2528 2527/2527/2527 2525/2525/2525
f 2529/2529/2529 2526/2526/2526 2527/2527/2527
f 2530/2530/2530 2527/2527/2527 2528/2528/2528
f 2530/2530/2530 2529/2529/2529 2527/2527/2527
f 2531/2531/2531 2530/2530/2530 2528/2528/2528
f 2530/2530/2530 2532/2532/2532 2529/2529/2529
f 2532/2532/2532 2530/2530/2530 2531/2531/2531
f 2532/2532/2532 2533/2533/2533 2529/2529/2529
f 2534/2534/2534 2532/2532/2532 2531/2531/2531
f 2532/2532/2532 2535/2535/2535 2533/2533/2533
f 2535/2535/2535 2532/2532/2532 2534/2534/2534
f 2536/2536/2536 2535/2535/2535 2534/2534/2534
f 2535/2535/2535 2537/2537/2537 2533/2533/2533
f 2536/2536/2536 2538/2538/2538 2535/2535/2535
f 2535/2535/2535 2539/2539/2539 2537/2537/2537
f 2538/2538/2538 2539/2539/2539 2535/2535/2535
f 2539/2539/2539 2540/2540/2540 2537/2537/2537
f 2539/2539/2539 2538/2538/2538 2541/2541/2541
f 2539/2539/2539 2542/2542/2542 2540/2540/2540
f 2542/2542/2542 2539/2539/2539 2541/2541/2541
f 2542/2542/2542 2543/2543/2543 2540/2540/2540
f 2541/2541/2541 2544/2544/2544 2542/2542/2542
f 2543/2543/2543 2542/2542/2542 2545/2545/2545
f 2544/2544/2544 2545/2545/2545 2542/2542/2542
f 2546/2546/2546 2543/2543/2543 2545/2545/2545
f 2544/2544/2544 2547/2547/2547 2545/2545/2545
f 2546/2546/2546 2545/2545/2545 2547/2547/2547
f 2550/2550/2550 2549/2549/2549 2548/2548/2548
f 2549/2549/2549 2551/2551/2551 2548/2548/2548
f 2551/2551/2551 2552/2552/2552 2548/2548/2548
f 2553/2553/2553 2550/2550/2550 2548/2548/2548
f 2552/2552/2552 2554/2554/2554 2548/2548/2548
f 2548/2548/2548 2555/2555/2555 2553/2553/2553
f 2554/2554/2554 2555/2555/2555 2548/2548/2548
f 2555/2555/2555 2556/2556/2556 2553/2553/2553
f 2554/2554/2554 2557/2557/2557 2555/2555/2555
f 2555/2555/2555 2558/2558/2558 2556/2556/2556
f 2557/2557/2557 2558/2558/2558 2555/2555/2555
f 2558/2558/2558 2559/2559/2559 2556/2556/2556
f 2557/2557/2557 2560/2560/2560 2558/2558/2558
f 2559/2559/2559 2558/2558/2558 2561/2561/2561
f 2560/2560/2560 2561/2561/2561 2558/2558/2558
f 2562/2562/2562 2559/2559/2559 2561/2561/2561
f 2560/2560/2560 2563/2563/2563 2561/2561/2561
f 2561/2561/2561 2564/2564/2564 2562/2562/2562
f 2563/2563/2563 2564/2564/2564 2561/2561/2561
f 2564/2564/2564 2565/2565/2565 2562/2562/2562
f 2564/2564/2564 2563/2563/2563 2566/2566/2566
f 2565/2565/2565 2564/2564/2564 2566/2566/2566
f 2563/2563/2563 2567/2567/2567 2566/2566/2566
f 2568/2568/2568 2565/2565/2565 2566/2566/2566
f 2566/2566/2566 2567/2567/2567 2569/2569/2569
f 2566/2566/2566 2570/2570/2570 2568/2568/2568
f 2570/2570/2570 2566/2566/2566 2569/2569/2569
f 2570/2570/2570 2571/2571/2571 2568/2568/2568
f 2569/2569/2569 2572/2572/2572 2570/2570/2570
f 2572/2572/2572 2571/2571/2571 2570/2570/2570
f 2575/2575/2575 2574/2574/2574 2573/2573/2573
f 2576/2576/2576 2575/2575/2575 2573/2573/2573
f 2577/2577/2577 2574/2574/2574 2575/2575/2575
f 2575/2575/2575 2576/2576/2576 2578/2578/2578
f 2576/2576/2576 2579/2579/2579 2578/2578/2578
f 2580/2580/2580 2577/2577/2577 2575/2575/2575
f 2580/2580/2580 2581/2581/2581 2577/2577/2577
f 2582/2582/2582 2581/2581/2581 2580/2580/2580
f 2580/2580/2580 2583/2583/2583 2582/2582/2582
f 2583/2583/2583 2580/2580/2580 2584/2584/2584
f 2585/2585/2585 2580/2580/2580 2575/2575/2575
f 2580/2580/2580 2585/2585/2585 2584/2584/2584
f 2578/2578/2578 2585/2585/2585 2575/2575/2575
f 2584/2584/2584 2585/2585/2585 2586/2586/2586
f 2585/2585/2585 2587/2587/2587 2586/2586/2586
f 2585/2585/2585 2578/2578/2578 2587/2587/2587
f 2586/2586/2586 2587/2587/2587 2588/2588/2588
f 2589/2589/2589 2578/2578/2578 2579/2579/2579
f 2578/2578/2578 2589/2589/2589 2587/2587/2587
f 2590/2590/2590 2589/2589/2589 2579/2579/2579
f 2587/2587/2587 2591/2591/2591 2588/2588/2588
f 2587/2587/2587 2589/2589/2589 2591/2591/2591
f 2592/2592/2592 2589/2589/2589 2590/2590/2590
f 2589/2589/2589 2592/2592/2592 2591/2591/2591
f 2593/2593/2593 2592/2592/2592 2590/2590/2590
f 2592/2592/2592 2593/2593/2593 2594/2594/2594
f 2591/2591/2591 2595/2595/2595 2588/2588/2588
f 2591/2591/2591 2592/2592/2592 2595/2595/2595
f 2595/2595/2595 2596/2596/2596 2588/2588/2588
f 2597/2597/2597 2592/2592/2592 2594/2594/2594
f 2592/2592/2592 2597/2597/2597 2595/2595/2595
f 2596/2596/2596 2595/2595/2595 2598/2598/2598
f 2595/2595/2595 2597/2597/2597 2598/2598/2598
f 2599/2599/2599 2596/2596/2596 2598/2598/2598
f 2600/2600/2600 2597/2597/2597 2594/2594/2594
f 2597/2597/2597 2600/2600/2600 2598/2598/2598
f 2601/2601/2601 2600/2600/2600 2594/2594/2594
f 2599/2599/2599 2598/2598/2598 2602/2602/2602
f 2598/2598/2598 2600/2600/2600 2602/2602/2602
f 2603/2603/2603 2599/2599/2599 2602/2602/2602
f 2603/2603/2603 2602/2602/2602 2604/2604/2604
f 2600/2600/2600 2601/2601/2601 2605/2605/2605
f 2600/2600/2600 2605/2605/2605 2602/2602/2602
f 2602/2602/2602 2605/2605/2605 2604/2604/2604
f 2601/2601/2601 2606/2606/2606 2605/2605/2605
f 2604/2604/2604 2605/2605/2605 2606/2606/2606
f 2609/2609/2609 2608/2608/2608 2607/2607/2607
f 2610/2610/2610 2609/2609/2609 2607/2607/2607
f 2607/2607/2607 2608/2608/2608 2611/2611/2611
f 2610/2610/2610 2607/2607/2607 2612/2612/2612
f 2612/2612/2612 2607/2607/2607 2611/2611/2611
f 2613/2613/2613 2610/2610/2610 2612/2612/2612
f 2611/2611/2611 2614/2614/2614 2612/2612/2612
f 2612/2612/2612 2615/2615/2615 2613/2613/2613
f 2614/2614/2614 2615/2615/2615 2612/2612/2612
f 2615/2615/2615 2616/2616/2616 2613/2613/2613
f 2614/2614/2614 2617/2617/2617 2615/2615/2615
f 2615/2615/2615 2618/2618/2618 2616/2616/2616
f 2617/2617/2617 2618/2618/2618 2615/2615/2615
f 2618/2618/2618 2619/2619/2619 2616/2616/2616
f 2620/2620/2620 2618/2618/2618 2617/2617/2617
f 2618/2618/2618 2620/2620/2620 2619/2619/2619
f 2621/2621/2621 2620/2620/2620 2617/2617/2617
f 2620/2620/2620 2622/2622/2622 2619/2619/2619
f 2623/2623/2623 2620/2620/2620 2621/2621/2621
f 2620/2620/2620 2623/2623/2623 2622/2622/2622
f 2623/2623/2623 2624/2624/2624 2622/2622/2622
f 2625/2625/2625 2623/2623/2623 2621/2621/2621
f 2626/2626/2626 2624/2624/2624 2623/2623/2623
f 2627/2627/2627 2623/2623/2623 2625/2625/2625
f 2627/2627/2627 2626/2626/2626 2623/2623/2623
f 2628/2628/2628 2627/2627/2627 2625/2625/2625
f 2626/2626/2626 2627/2627/2627 2629/2629/2629
f 2630/2630/2630 2627/2627/2627 2628/2628/2628
f 2627/2627/2627 2630/2630/2630 2629/2629/2629
f 2631/2631/2631 2630/2630/2630 2628/2628/2628
f 2632/2632/2632 2629/2629/2629 2630/2630/2630
f 2630/2630/2630 2631/2631/2631 2633/2633/2633
f 2633/2633/2633 2632/2632/2632 2630/2630/2630
f 2631/2631/2631 2634/2634/2634 2633/2633/2633
f 2635/2635/2635 2632/2632/2632 2633/2633/2633
f 2633/2633/2633 2634/2634/2634 2635/2635/2635
f 2638/2638/2638 2637/2637/2637 2636/2636/2636
f 2639/2639/2639 2638/2638/2638 2636/2636/2636
f 2640/2640/2640 2639/2639/2639 2636/2636/2636
f 2641/2641/2641 2640/2640/2640 2636/2636/2636
f 2642/2642/2642 2641/2641/2641 2636/2636/2636
f 2643/2643/2643 2636/2636/2636 2637/2637/2637
f 2643/2643/2643 2642/2642/2642 2636/2636/2636
f 2644/2644/2644 2643/2643/2643 2637/2637/2637
f 2645/2645/2645 2642/2642/2642 2643/2643/2643
f 2646/2646/2646 2643/2643/2643 2644/2644/2644
f 2646/2646/2646 2645/2645/2645 2643/2643/2643
f 2647/2647/2647 2646/2646/2646 2644/2644/2644
f 2648/2648/2648 2645/2645/2645 2646/2646/2646
f 2646/2646/2646 2647/2647/2647 2649/2649/2649
f 2649/2649/2649 2648/2648/2648 2646/2646/2646
f 2647/2647/2647 2650/2650/2650 2649/2649/2649
f 2651/2651/2651 2648/2648/2648 2649/2649/2649
f 2652/2652/2652 2649/2649/2649 2650/2650/2650
f 2652/2652/2652 2651/2651/2651 2649/2649/2649
f 2653/2653/2653 2652/2652/2652 2650/2650/2650
f 2651/2651/2651 2652/2652/2652 2654/2654/2654
f 2652/2652/2652 2653/2653/2653 2654/2654/2654
f 2655/2655/2655 2651/2651/2651 2654/2654/2654
f 2653/2653/2653 2656/2656/2656 2654/2654/2654
f 2657/2657/2657 2655/2655/2655 2654/2654/2654
f 2658/2658/2658 2654/2654/2654 2656/2656/2656
f 2658/2658/2658 2657/2657/2657 2654/2654/2654
f 2659/2659/2659 2658/2658/2658 2656/2656/2656
f 2660/2660/2660 2657/2657/2657 2658/2658/2658
f 2659/2659/2659 2660/2660/2660 2658/2658/2658
