g horse_chair_alpha_effects:polymsh1_Scene_Material9_0
v -39.1238937 722.514954 178.448929
v -47.3376961 733.730896 184.931671
v -43.5602341 728.531067 183.447723
v -120.058022 627.943115 -52.9318924
v -108.624596 628.81958 -52.4429741
v -97.5460052 629.464294 -55.6210403
v 108.623856 628.819275 -52.4430084
v 120.057381 627.942932 -52.9319229
v 97.5454102 629.464172 -55.6210518
v -43.2940712 713.309204 150.531479
v -44.6123848 707.170837 142.757736
v -50.3290901 710.881653 138.565414
v 1.2649225 85.8151169 102.930992
v 2.2034328 86.3580933 102.284996
v 1.08063257 86.6111679 103.986786
v 1.81798661 86.9364014 107.831825
v 5.90687418 85.9961472 101.528419
v 8.43741417 86.6111603 106.523903
v 7.63296604 86.1771851 102.647308
v 7.01291895 85.3440628 101.7491
v 8.28653908 86.1047897 107.72155
v 2.42129111 86.3580475 108.871918
v 2.38780475 70.4413528 108.336098
v 1.03044629 80.9713058 104.554138
v 1.81798661 86.9364014 107.831825
v 1.08063257 86.6111679 103.986786
v 1.2649225 85.8151169 102.930992
v 1.18125165 80.8980713 103.151611
v 1.36548615 75.4052277 103.403656
v 1.24816501 70.929512 103.356392
v 1.18122292 67.4211578 104.207413
v 1.31517565 67.8380127 103.419411
v 1.81798494 67.0796204 106.93354
v 2.30403757 67.3073196 107.642792
v 6.39282942 66.623848 106.571091
v 7.01291895 85.3440628 101.7491
v 8.43741417 86.6111603 106.523903
v 7.63296604 86.1771851 102.647308
v 6.42653465 66.2815857 105.72023
v 1.93527746 67.3832092 102.930992
v 1.81798494 67.0796204 106.93354
v 1.18122292 67.4211578 104.207413
v 1.31517565 67.8380127 103.419411
v 5.78952503 66.6238098 103.009735
v 4.5662837 66.9277725 102.253403
v 5.40422964 67.117569 102.348045
v 5.40422964 67.117569 102.348045
v 6.42653465 66.2815857 105.72023
v 5.78952503 66.6238098 103.009735
v 1.36548615 75.4052277 103.403656
v 4.5662837 66.9277725 102.253403
v 5.90687418 85.9961472 101.528419
v 1.93527746 67.3832092 102.930992
v 2.2034328 86.3580933 102.284996
v 1.24816501 70.929512 103.356392
v 1.31517565 67.8380127 103.419411
v 1.18125165 80.8980713 103.151611
v 1.2649225 85.8151169 102.930992
v -41.265976 690.210632 113.465591
v -46.7925835 696.608093 120.688271
v -43.6870384 687.508118 119.160782
v -46.8813858 693.360901 124.735374
v -48.9854584 703.205078 127.234528
v -45.157402 686.022095 124.671837
v -48.5164795 700.546936 131.283463
v -49.8094177 707.146729 132.167435
v -49.188324 704.324036 134.967545
v -50.3290901 710.881653 138.565414
v -44.4221954 698.864197 135.840561
v -45.4235916 702.537659 138.436188
v -44.6123848 707.170837 142.757736
v -37.0956726 707.222778 145.262314
v -43.2940712 713.309204 150.531479
v -41.3546638 695.356689 138.921371
v -43.4968987 687.224365 135.710907
v -38.4773445 697.093628 143.851059
v -37.8815727 691.184448 145.19165
v -35.688694 700.256287 149.104126
v -32.6084671 695.606079 153.46489
v -28.8184471 699.58313 158.220306
v -34.066227 703.829773 153.8013
v -36.7914124 711.226685 149.551193
v -33.2676659 707.678406 157.272552
v -34.5225296 713.114929 162.179901
v -29.3761425 706.353088 162.655441
v -22.5693493 704.514648 158.775574
v -40.7336159 714.436096 151.011749
v -41.5194626 714.673706 148.441055
v -50.3290901 710.881653 138.565414
v -43.0912437 715.137085 138.834961
v -38.5787354 717.545288 144.659958
v -49.1375275 721.106262 151.426804
v -32.0634155 711.898193 167.623734
v -45.0813522 716.51355 154.160431
v -48.0728149 717.718872 152.295029
v -46.6911507 725.764343 162.504532
v -46.6531029 727.997803 168.272919
v -42.7616882 721.586914 164.070511
v -37.5772972 720.618591 168.008789
v -43.4208794 724.736084 174.106659
v -47.0334206 731.0495 177.856522
v -47.3376961 733.730896 184.931671
v -39.1238937 722.514954 178.448929
v -35.4858627 718.310852 173.564255
v -29.0593319 713.351074 167.451904
v -20.6173477 705.322021 156.086456
v -32.9760933 719.921936 173.795654
v -36.6267014 725.246216 178.817032
v -43.5602341 728.531067 183.447723
v -36.7787476 727.635315 173.909119
v -42.7997665 732.590942 179.094452
v -33.7366333 716.977417 147.010422
v -40.3533401 729.927307 182.403519
v -47.3376961 733.730896 184.931671
v -47.0334206 731.0495 177.856522
v -46.6531029 727.997803 168.272919
v -46.6911507 725.764343 162.504532
v -27.6776047 714.865662 162.35289
v -38.5787354 717.545288 144.659958
v -49.1375275 721.106262 151.426804
v -43.0912437 715.137085 138.834961
v -26.777626 714.355469 154.719452
v -18.2849731 705.691833 151.726349
v -28.6536598 705.715515 120.456268
v -27.0439224 710.963806 138.611755
v -20.6553288 707.337463 139.134872
v -16.3329029 705.962097 145.870697
v -15.1159925 705.675598 138.572372
v -15.7118368 703.391174 127.326981
v -17.6005383 699.77301 117.558296
v -26.1819153 695.31665 108.241158
v -38.8449783 699.337402 114.430649
v -34.218277 692.36145 108.219177
v -41.5575523 705.693359 122.459839
v -46.7925835 696.608093 120.688271
v -41.265976 690.210632 113.465591
v -48.9854584 703.205078 127.234528
v -49.8094177 707.146729 132.167435
v -50.3290901 710.881653 138.565414
v -0.0192762148 490.729004 -0.587485194
v -13.936059 493.064087 -1.92617214
v -0.0824780539 501.056244 19.6464558
v -14.5784998 503.31604 18.2849865
v -0.00652363943 537.115356 63.067173
v -27.6914024 502.142914 -6.26493454
v -13.5966101 540.390808 62.6053925
v -0.006561697 557.736572 80.3701019
v -28.3383389 512.193665 13.8557806
v -41.1559601 513.122498 -13.4054804
v -55.7291527 535.36676 0.525721788
v -55.0087395 525.657104 -19.4512367
v -62.4074173 542.321167 -30.5081997
v -25.4858837 546.306641 56.1055717
v -10.6732979 559.027466 79.5873337
v -9.22097111 574.872864 93.4495392
v -0.00654540583 573.364624 93.3349991
v -20.510498 580.362671 90.8800201
v -21.5479736 565.708374 75.3880386
v -30.0035839 588.942505 86.7308197
v -37.5083504 554.842896 47.4331284
v -31.9541683 574.522583 68.6700211
v -36.4999809 597.503662 87.006485
v -61.2406578 552.092041 -10.5593805
v -66.6250687 559.73114 -41.324379
v -52.3749199 564.539856 39.2750168
v -67.3793564 569.646362 -21.3381176
v -56.7063789 577.089417 -54.2253113
v -45.8688545 583.736389 61.6271515
v -59.1380806 578.60907 24.9762516
v -57.4148331 587.139709 -34.1426735
v -31.5564709 594.033447 -60.8130646
v -54.3092461 598.47168 49.5316505
v -61.9020462 593.259216 8.79590225
v -32.2535553 604.08606 -40.7084579
v 1.02010643 602.993347 -63.444046
v -50.8615189 606.310547 -9.04415131
v 0.335561365 613.026245 -43.3394318
v 29.1854591 596.099609 -59.3579025
v -50.1389961 615.670288 69.7826385
v -44.3462067 604.459534 93.3777237
v -44.5743408 625.922668 82.774292
v -56.9204865 611.161682 32.1745033
v -51.1656647 625.505554 48.4954185
v -29.7057323 616.602112 -21.1742573
v -43.4715843 647.487305 72.2059097
v -45.1194534 640.100342 88.0002823
v -43.0152512 652.240356 93.4438171
v -47.3883858 622.318604 14.1448545
v -34.1928825 655.458435 58.4906387
v -27.3480339 630.286865 0.601731002
v -0.00662038662 624.509033 -26.7271595
v -28.0326385 672.993652 83.8525391
v -36.9182014 667.643982 91.807663
v -21.0862865 660.468994 49.6793823
v 29.7051659 616.601868 -21.1742744
v 28.5009537 606.152222 -39.2533112
v 53.0158005 584.477478 -51.5931282
v 52.3313255 594.510437 -31.4884815
v 69.7338409 564.07312 -38.3620491
v 50.8609543 606.310791 -9.04416084
v 69.1127777 574.002441 -18.3513985
v 69.1823349 546.520569 -27.5565739
v 61.9012642 593.259216 8.7958765
v 68.582756 556.334534 -7.59799719
v 57.5622482 529.372009 -16.7720718
v 62.1916771 578.60907 24.9762421
v 56.9080048 539.128174 3.19310975
v 44.7405739 516.012268 -11.3371058
v 31.3728046 514.229919 15.285799
v 32.1009979 504.200043 -4.80923891
v 21.6206474 494.212372 -1.12368739
v 52.3744125 564.539551 39.2749977
v 18.3650875 504.454041 19.0809345
v -0.0192762148 490.729004 -0.587485194
v -0.0824780539 501.056244 19.6464558
v -0.00652363943 537.115356 63.067173
v 13.5961256 540.390808 62.6053925
v -0.006561697 557.736572 80.3701019
v 37.5077133 554.843201 47.4330788
v 25.4854527 546.306396 56.1055946
v 10.6727924 559.027466 79.5873871
v 21.54739 565.708374 75.3881226
v 9.25842381 574.870544 93.438179
v -0.00654540583 573.364624 93.3349991
v 20.8391228 580.234802 90.7674942
v 30.6237392 588.689087 86.5169525
v 31.9915371 574.520447 68.6586456
v 37.3106499 597.154602 86.7367783
v 44.7277336 583.734619 61.6157684
v 56.5016136 598.471436 49.5317383
v 48.8455086 615.647461 69.7715073
v 45.4738312 603.983643 93.0068741
v 44.6498718 625.897827 82.7516861
v 56.9198723 611.161621 32.1744804
v 46.7540627 636.803894 60.7132912
v 47.3877525 622.319031 14.1448593
v 43.4709091 647.487244 72.2059097
v 45.1189117 640.10022 88.0003281
v 43.0146408 652.240356 93.4436188
v 34.192379 655.458435 58.4906731
v 27.3475552 630.286865 0.601753771
v -0.00663141953 634.927979 -5.59593058
v -0.00661288295 654.800232 28.8123722
v 21.0858078 660.469116 49.6793976
v 28.032074 672.993652 83.8525391
v -0.00658118352 670.945862 59.7656441
v 36.9177208 667.643921 91.8077316
v -18.183548 677.944458 80.7330322
v 18.183094 677.944153 80.7330093
v -0.00659246184 681.371765 78.0847931
v -0.00653482648 690.361877 97.3519821
v -19.5144958 686.88739 96.9685135
v -0.00664354442 695.883789 110.259819
v 19.5139885 686.887512 96.9685059
v -28.0705643 680.902161 94.5713425
v 28.0699997 680.902222 94.5714035
v 26.1814251 695.31665 108.241142
v 17.5999565 699.773132 117.558296
v 34.2178421 692.361206 108.219208
v 15.711297 703.391235 127.327011
v 36.1318512 675.858276 99.0763626
v 41.2653847 690.210693 113.465553
v 38.6036263 673.111572 106.974503
v 43.6865463 687.507874 119.160767
v 42.6597748 672.944275 112.177254
v 45.1568451 686.021851 124.671913
v 42.5076828 662.954346 105.094223
v 47.7681236 639.669373 92.6561661
v 45.1189117 640.10022 88.0003281
v 44.6498718 625.897827 82.7516861
v 45.3723946 672.628052 122.536758
v 43.4963455 687.224609 135.710785
v 42.634346 662.074768 114.606552
v 43.5850983 652.039124 108.642265
v 46.1583252 678.494141 136.576233
v 37.8811455 691.184692 145.191742
v 33.1148911 689.689819 157.083893
v 32.607933 695.606384 153.464767
v 21.3519859 695.929382 162.219086
v 16.5732155 691.537781 166.941223
v 14.5324669 698.778259 160.195923
v 28.8179798 699.58313 158.220291
v 22.5688305 704.514893 158.775574
v 20.6167297 705.32251 156.086563
v 6.81297827 704.788513 146.933319
v 18.2844658 705.691772 151.726318
v 16.332365 705.962097 145.870605
v -8.51194096 703.514771 151.904785
v 15.1154833 705.675781 138.57225
v -15.1159925 705.675598 138.572372
v -15.7118368 703.391174 127.326981
v -16.3329029 705.962097 145.870697
v -17.6005383 699.77301 117.558296
v -18.2849731 705.691833 151.726349
v -26.1819153 695.31665 108.241158
v -20.6173477 705.322021 156.086456
v -34.218277 692.36145 108.219177
v -22.5693493 704.514648 158.775574
v -36.1322899 675.858215 99.0763779
v -41.265976 690.210632 113.465591
v -38.6041031 673.111633 106.974525
v -43.6870384 687.508118 119.160782
v -14.532959 698.778259 160.195908
v -43.0532722 672.944275 112.177383
v -45.157402 686.022095 124.671837
v -42.9011116 662.954468 105.094269
v -45.3729286 672.62793 122.536736
v -43.4968987 687.224365 135.710907
v -21.3524971 695.929138 162.219025
v -16.5737076 691.538086 166.941223
v -28.8184471 699.58313 158.220306
v -32.6084671 695.606079 153.46489
v -0.00650087511 692.443604 168.129547
v -0.0065699867 687.194824 171.591812
v -33.1154976 689.689819 157.083786
v -37.8815727 691.184448 145.19165
v -46.1588287 678.494385 136.576187
v -40.5434837 682.690613 154.96048
v -31.4549847 684.659363 167.442535
v -46.158802 676.206421 144.023041
v -41.1899414 681.918823 164.906693
v -29.4395847 679.580444 174.322983
v -38.8196106 677.622009 176.948059
v -47.5531578 674.023438 161.738861
v -48.9347343 669.725281 142.438919
v -14.8878593 679.708862 174.187424
v -34.1548882 671.871643 182.576614
v -43.5729523 671.988037 174.733917
v -42.6349602 662.074585 114.606743
v -49.9741783 666.834595 160.121658
v -49.4164581 660.620544 135.963303
v -48.3770103 657.820129 152.322418
v -45.5376587 665.976868 172.484711
v -43.5856094 652.039307 108.642273
v -12.3780222 663.749695 181.404861
v -14.4442148 655.237732 188.285736
v -33.4704132 660.896057 184.502274
v -35.3337517 656.442627 183.564667
v -44.5997047 651.115479 124.720963
v -48.1615715 639.669373 92.6560211
v -45.1194534 640.100342 88.0002823
v -46.9700508 638.816101 101.931831
v -48.2502785 627.286682 87.3711014
v -44.5743408 625.922668 82.774292
v -49.1376152 608.730591 97.2715225
v -44.3462067 604.459534 93.3777237
v -50.0107498 599.182007 111.215736
v -36.4999809 597.503662 87.006485
v -51.2671051 617.275452 105.035835
v -45.4235878 635.978821 123.418526
v -50.8868294 611.066528 114.933914
v -42.3814392 633.503479 141.158508
v -45.3094902 649.493835 136.912628
v -43.4208717 640.484558 136.262482
v -40.2746506 586.071838 108.88649
v -30.0035839 588.942505 86.7308197
v -46.678524 607.364441 131.304474
v -42.1295052 599.499146 143.695236
v -45.9341736 598.27832 131.218292
v -39.8590088 647.542236 146.42955
v -32.3920593 580.239014 108.074181
v -20.510498 580.362671 90.8800201
v -21.6001682 576.714478 130.281113
v -21.3969307 577.30835 106.766075
v -9.22097111 574.872864 93.4495392
v -35.4012871 587.440186 131.078751
v -11.0951214 578.205017 106.975746
v -0.00654540583 573.364624 93.3349991
v 0.00603361754 579.321533 105.244141
v 0.0060626585 574.405273 126.847527
v -15.2221127 574.840881 128.330399
v -18.4657173 564.722107 163.722336
v -6.84171677 567.566956 142.011185
v -0.00654172339 567.136169 141.685196
v -9.3605175 562.062866 161.052307
v -0.00655442709 560.944946 160.324081
v -9.43046665 553.546753 162.080551
v -0.0191325359 553.036255 160.836151
v -9.76834869 542.291687 164.491928
v -0.0191748012 540.86322 162.789612
v -8.20599937 536.893311 169.308441
v -0.0191195738 536.206482 168.17305
v -0.0191328079 534.588745 176.174347
v -8.41083717 533.382202 181.397537
v -0.00655505154 532.526062 181.597672
v -0.00658225175 531.542236 186.950958
v -14.742816 535.708801 180.61441
v -16.787302 535.727539 185.433945
v -23.9198265 543.197388 180.996719
v -20.2504349 540.954468 176.94931
v -8.62479019 535.394043 191.037048
v -0.00652673934 532.825928 189.646164
v -0.00658160727 534.52179 191.341766
v -0.00658107782 539.071716 192.846329
v -17.4262962 540.795166 190.093491
v -23.9576817 548.53241 174.345551
v -34.1585426 565.445862 170.630569
v -26.6802044 557.548706 171.087952
v -29.3971043 564.441895 168.26178
v -30.8584614 571.925354 168.8526
v -35.543232 576.002136 177.030228
v -27.1430187 574.833191 162.423065
v -32.0398445 578.65741 175.740372
v -31.5301113 584.121887 170.990036
v -29.1511517 579.229309 145.354446
v -35.8749504 588.033752 145.679321
v -39.0139771 595.139465 143.920517
v -36.5336266 599.009399 158.386719
v -29.8214512 586.1698 185.37294
v -31.1892376 603.096863 174.453369
v -32.1575203 581.051758 183.585617
v -32.9700203 606.69519 172.54451
v -31.0566921 581.775085 190.297577
v -33.4559898 579.131836 202.498245
v -34.2778587 573.432373 186.433197
v -30.4981918 581.870117 195.684738
v -26.5970249 584.15625 199.284393
v -24.4497967 590.187256 201.065186
v -25.9951973 583.18103 213.471786
v -23.6945553 593.387756 213.652283
v -30.5057068 581.325745 203.493683
v -22.8101883 619.361267 192.263062
v -35.064724 569.710754 178.870758
v -19.3241692 567.857361 184.149307
v -33.4250069 566.152222 177.715637
v -35.2065659 566.021912 174.130463
v -24.8909378 550.033325 187.25972
v -22.7749729 554.868042 189.425323
v -16.0745506 545.985779 192.055603
v -8.02831173 543.626404 192.307632
v -0.00652572978 541.795837 192.230179
v -0.0444097444 547.129883 187.730347
v -18.5861797 564.258667 183.988632
v -10.5019493 555.230042 184.739151
v -0.069633469 552.41687 184.213745
v -0.0696057156 555.849182 182.699432
v -0.0443815216 559.830627 182.315887
v -0.0318451189 563.236694 182.528397
v -0.00656559551 567.546875 183.718903
v -9.93165779 569.234375 185.107086
v -0.00662024599 568.129883 189.016037
v -0.044379767 565.630005 196.608337
v -17.6716919 571.375 203.107574
v -0.183158979 561.165161 205.511902
v -30.8964806 573.003662 203.976501
v -30.0554714 570.804382 208.651291
v -29.0370255 568.167847 216.204193
v -28.0091648 565.326904 213.480972
v -23.4694901 558.692322 215.920639
v -0.0949099809 552.570923 212.945282
v -11.4332714 548.097778 219.377441
v -0.00656438572 545.334656 219.774918
v -5.79571295 547.503174 225.110519
v 11.5090399 546.228333 221.498001
v -11.8369503 548.515442 222.356583
v -28.8272648 579.376343 215.220428
v -29.9724216 581.321411 209.778061
v -22.2857857 575.89032 221.712631
v -26.0324326 573.895874 219.290878
v -21.8515034 566.482239 221.317337
v -16.9352341 559.465454 223.097549
v -10.9163666 554.325562 225.213379
v -10.6541004 561.711853 228.871201
v -19.2818546 570.028015 224.799316
v -6.04770327 551.778015 226.453415
v -0.00657703308 551.126953 227.05545
v 5.98423958 551.443359 226.334534
v 5.78349638 559.758362 229.29187
v 10.5246201 552.177124 224.465408
v -17.611187 576.034729 234.286575
v -8.90136242 581.215332 240.747726
v -5.60935163 566.650635 234.32515
v 5.55842781 566.653931 234.371185
v 8.90106869 581.21521 240.747726
v -0.00657343911 580.649658 238.648605
v 15.7715597 553.380493 221.128067
v 26.4541245 552.303589 210.300598
v 21.5225182 547.987976 212.452576
v 25.4952049 550.31958 208.083817
v 27.2374039 553.687195 201.943253
v -19.7260914 578.636292 228.124695
v -19.8221302 588.619507 229.737091
v -19.5836964 583.495667 231.15654
v -17.7614269 582.900513 240.454376
v -18.4649773 587.457764 242.813477
v -20.8294716 587.044983 234.304871
v -14.1133957 594.294373 241.54451
v -20.6266155 593.194702 242.806442
v -6.05384922 593.508118 236.519196
v -8.18775654 603.748169 228.126404
v -0.00662767887 598.969055 230.910263
v 6.0534606 593.50824 236.519226
v -22.2544346 591.046692 236.512299
v -24.8108826 596.936523 240.800446
v -24.1060104 592.974915 235.804413
v -14.719223 601.219116 228.908661
v -27.6873722 598.052002 237.180557
v -25.4744034 593.621033 233.668213
v 8.18716145 603.748047 228.126465
v 14.1128979 594.294312 241.544373
v -0.00658513093 625.352722 217.953552
v -21.2740955 598.360474 219.444916
v -28.7831593 595.5802 229.524292
v -25.5957775 591.275085 228.256317
v -13.1028681 604.763306 224.411697
v -25.320591 587.351135 224.952209
v -27.7763958 592.295715 221.062561
v -25.5260658 583.554504 222.125137
v -26.0205994 587.997742 214.852646
v -22.2202778 601.26532 204.138565
v -12.1206951 611.16864 219.548706
v -14.913126 635.296875 204.505859
v -8.11909008 625.412842 216.951111
v -9.2852211 646.592163 198.82962
v -17.2962379 638.25177 202.129593
v -24.6227894 622.884827 189.383408
v -31.353611 613.807434 168.745041
v -36.3605194 622.479492 153.585297
v -31.5944309 633.061646 161.646927
v -24.2552319 629.732971 183.667999
v -22.3412075 639.470093 191.327728
v -36.5380211 638.452087 155.232178
v -38.7055092 639.921448 150.756287
v -39.136467 643.405273 146.070831
v -41.2025909 644.972656 155.675049
v -38.5407448 643.603699 160.807922
v -38.7182121 650.993591 152.084274
v -39.7956085 651.411438 158.61171
v -38.1224899 650.544373 163.502319
v -31.3282318 643.097717 164.101593
v -33.0648079 639.599854 160.046982
v -34.1676521 647.408569 166.77124
v -28.7170849 640.543701 172.408783
v -25.5481167 645.956848 185.270645
v -20.7059574 650.947632 189.442413
v 14.4437609 655.237732 188.285873
v 9.2847805 646.592224 198.829514
v 8.11859322 625.413086 216.951141
v 12.6945543 622.673523 213.936325
v 12.1201839 611.168335 219.548752
v 19.0830212 644.010559 197.401581
v 14.7187672 601.219177 228.908371
v 22.80966 619.361267 192.263123
v 12.3775816 663.749817 181.404861
v -0.00657104794 664.219543 182.42894
v 14.8873091 679.709045 174.187424
v 34.1542969 671.871643 182.576523
v 29.4390736 679.580444 174.322891
v 31.4545574 684.65918 167.442581
v 38.8190193 677.622009 176.948166
v 40.5429039 682.690613 154.960571
v 41.1895409 681.918762 164.906677
v 46.1583252 676.206238 144.02301
v 47.5526314 674.023438 161.738831
v 48.9342461 669.724976 142.438782
v 43.5724144 671.988037 174.734024
v 49.4032516 660.620483 135.963379
v 49.9610252 666.834351 160.121643
v 48.3764801 657.820129 152.322388
v 45.5370941 665.977112 172.48465
v 33.469902 660.895752 184.502182
v 44.5992126 651.115356 124.720963
v 35.3331604 656.442383 183.564606
v 28.7165833 640.543823 172.408768
v 25.5476437 645.956787 185.270615
v 20.7054195 650.947388 189.442474
v 22.3406124 639.470093 191.327606
v 24.2293282 622.884644 189.383331
v 47.0201225 638.790833 101.909233
v 45.6767082 635.879089 123.339577
v 52.318573 616.84613 104.687241
v 45.30896 649.493652 136.912598
v 49.9229469 608.250244 96.8779449
v 47.9963074 627.236206 87.3259659
v 45.4738312 603.983643 93.0068741
v 51.3152122 598.465271 110.64315
v 52.3313713 610.45636 114.451324
v 42.7230453 633.354126 141.046097
v 47.2249756 597.555115 130.645294
v 47.4010544 592.518921 108.795242
v 48.2244148 606.71991 130.788925
v 37.3106499 597.154602 86.7367783
v 43.5217171 640.435974 136.228745
v 41.564537 585.535217 108.447578
v 30.6237392 588.689087 86.5169525
v 36.7668953 586.850586 130.61734
v 22.1683922 576.481812 130.089737
v 33.2640686 579.882202 107.781578
v 20.8391228 580.234802 90.7674942
v 21.8138084 577.130066 106.619835
v 9.25842381 574.870544 93.438179
v 11.2464495 578.130005 106.919708
v -0.00654540583 573.364624 93.3349991
v 0.00603361754 579.321533 105.244141
v 6.7343564 574.14032 127.62027
v 0.0060626585 574.405273 126.847527
v -0.00654172339 567.136169 141.685196
v 17.85602 562.254211 160.47084
v -0.00655442709 560.944946 160.324081
v 15.5502338 574.710693 128.217896
v 15.7391853 569.800293 143.346069
v 22.6597137 573.485168 145.399231
v 29.7696648 578.970093 145.140228
v 9.16495228 553.054565 161.37056
v -0.0191325359 553.036255 160.836151
v 26.7443981 572.044739 158.861633
v 36.9366684 587.594421 145.329941
v 9.5029707 542.10907 164.176514
v -0.0191748012 540.86322 162.789612
v 31.2200165 581.736328 167.624786
v 8.01627922 536.768066 169.071915
v -0.0191195738 536.206482 168.17305
v -0.0191328079 534.588745 176.174347
v 8.29683113 533.295166 181.262802
v -0.00655505154 532.526062 181.597672
v -0.00658225175 531.542236 186.950958
v 19.5690384 540.305969 175.891525
v 14.4270611 535.497009 180.231735
v 16.4843731 535.374146 185.021271
v 16.9355221 538.692932 188.974121
v -0.00652673934 532.825928 189.646164
v -0.00658160727 534.52179 191.341766
v -0.00658107782 539.071716 192.846329
v -0.00652572978 541.795837 192.230179
v 23.0372047 541.403076 179.223297
v 22.796217 546.259094 171.149857
v 13.7535076 545.215942 189.57988
v -0.0444097444 547.129883 187.730347
v 16.8719311 554.752197 180.856506
v -0.069633469 552.41687 184.213745
v -0.0696057156 555.849182 182.699432
v -0.0443815216 559.830627 182.315887
v -0.0318451189 563.236694 182.528397
v 23.6287746 544.746826 183.863068
v 31.5076427 554.716858 168.824661
v 25.3502293 553.558533 165.687607
v 21.308012 547.818726 185.16748
v 21.6086559 559.279541 176.578705
v 28.2517605 559.85675 162.199356
v 31.9466686 559.794067 169.582092
v 32.9344673 560.244995 163.764511
v 34.6059723 570.833557 169.519592
v 29.9370594 567.215027 162.713272
v 31.3472805 574.813477 169.357376
v 29.5134296 584.501343 182.634171
v 29.7617226 595.203735 179.994919
v 23.15312 562.204468 176.20459
v 33.0222626 566.607666 176.891678
v 28.710537 564.352661 178.848282
v 31.5159492 577.462585 177.625168
v 35.0931053 588.513062 162.406021
v 40.3549232 594.546265 143.45903
v 37.2800102 598.695679 158.127472
v 9.62703991 567.868408 183.613586
v -0.00656559551 567.546875 183.718903
v 30.232357 576.496399 185.411057
v 31.2829342 565.690918 195.682373
v 31.5345631 564.037109 185.895096
v 30.3136978 560.524475 191.377716
v 8.64070225 566.715027 189.701767
v -0.00662024599 568.129883 189.016037
v -0.044379767 565.630005 196.608337
v -0.183158979 561.165161 205.511902
v 28.2249832 556.900391 196.923706
v -0.0949099809 552.570923 212.945282
v -0.00656438572 545.334656 219.774918
v 27.4166603 564.666565 202.906219
v 28.5635815 568.844421 197.629547
v 24.0967922 571.316528 208.750031
v 29.3881226 573.872437 190.718506
v 26.1223412 561.086975 207.860535
v 17.9091625 562.843872 222.233261
v 24.2342625 590.208862 201.225128
v 23.5822449 558.117371 213.142044
v 19.896843 555.596619 217.511826
v 24.9025784 582.10498 221.82045
v 17.3580742 576.024353 234.471024
v 19.2820263 577.921326 228.082108
v 19.6825199 588.628601 229.840683
v 19.36833 583.508362 231.318008
v 17.6599464 582.904663 240.523682
v 18.4518185 587.458618 242.825195
v 20.7278271 587.05072 234.385559
v 20.6260509 593.194702 242.806381
v 24.8103752 596.936707 240.80043
v 22.2160225 591.04834 236.535156
v 24.0676003 592.976257 235.827332
v 27.6867256 598.05188 237.180389
v 25.4233036 593.623535 233.702988
v 21.1848927 598.36676 219.502319
v 28.6940498 595.585083 229.58197
v 25.4183102 591.285645 228.382904
v 22.3606205 596.471008 209.764099
v 25.0039444 587.371338 225.170837
v 23.4535656 593.408813 213.83551
v 27.4976196 592.315247 221.257904
v 25.5385666 587.600037 214.980331
v 32.7412071 606.61853 172.488144
v 39.1772766 602.565918 156.893097
v 43.280674 607.577393 142.769302
v 31.5938683 613.704834 168.666534
v 28.5392303 629.96167 169.501953
v 36.9558105 622.226685 153.394592
v 33.0769615 639.599609 160.047043
v 36.6134644 638.424255 155.198425
v 31.3277607 643.097595 164.101624
v 38.7937508 639.893311 150.722473
v 34.1670685 647.408569 166.77124
v 38.1219063 650.544434 163.502319
v 38.5401611 643.60376 160.807983
v 39.7950935 651.411377 158.611603
v 41.2021675 644.972839 155.67514
v 39.1612282 643.382324 146.059448
v 39.8585014 647.542236 146.42955
v 38.7176781 650.993591 152.084305
v 39.3388557 646.777466 136.761017
v 42.5204277 642.46814 135.654221
v 41.7980499 649.477356 130.336441
v 43.2173462 656.317749 117.714012
v 47.9328499 652.978882 114.694618
v 46.1582642 658.819336 106.549301
v 40.7075882 661.028503 110.431328
v 35.3205185 680.031799 97.5099487
v 37.0951538 669.630554 104.101768
v 31.0362415 679.196716 100.968727
v 23.2405739 690.521057 100.98629
v 50.8356781 646.407898 130.773636
v 46.8808632 643.612122 138.277145
v 47.8440323 648.739197 140.922058
v 49.9101601 661.947266 109.199333
v 26.0419407 692.55835 99.3474884
v 15.3309641 697.344421 106.63839
v 16.3451462 700.05365 104.52121
v 52.0651245 655.198364 117.069382
v 51.8876305 658.435059 120.746094
v 38.7556877 682.565857 99.5930634
v 30.0221004 694.199463 100.694633
v 19.4886017 702.398682 106.930115
v 30.7572212 695.002869 106.077042
v 20.084362 701.813354 111.238014
v 44.2187424 674.994751 107.422592
v 45.4484138 659.742859 122.545349
v 42.0893211 650.903687 140.509445
v 25.2814732 691.515076 107.522865
v 17.8534069 698.234741 112.169159
v 37.9190369 673.32428 109.599594
v 33.000946 682.130981 106.934242
v 23.2405739 690.521057 100.98629
v 15.3309641 697.344421 106.63839
v 31.0362415 679.196716 100.968727
v 37.0951538 669.630554 104.101768
v 40.7075882 661.028503 110.431328
v 43.2173462 656.317749 117.714012
v 41.7980499 649.477356 130.336441
v 39.3388557 646.777466 136.761017
v 26.7645969 639.239746 172.076675
v 30.2123375 642.433167 173.931732
v 18.6900597 645.82074 185.442444
v 23.0757885 649.634033 187.474747
v 16.5225849 648.570129 186.852737
v 33.5460548 640.246826 177.29007
v 14.9128075 651.065247 187.25174
v 14.278944 658.90271 188.003128
v 10.8311472 655.909851 185.935547
v 7.12980032 660.05719 183.55806
v 0.918740809 663.22583 178.504761
v 3.31441665 666.480896 179.131699
v 25.965929 648.314148 192.823868
v 31.8727283 636.756042 177.703003
v 19.5519753 654.030945 194.902298
v 9.25937843 665.117188 189.0354
v 1.730057 669.041931 183.628494
v 5.12697887 663.502808 190.643982
v -1.90793252 666.973083 184.604568
v 13.8985434 648.63501 192.23941
v 16.9914684 650.813538 196.963806
v 24.7743797 643.772888 193.730621
v 20.2745571 641.960876 189.174026
v 27.664465 636.272888 174.725403
v 26.7645969 639.239746 172.076675
v 18.6900597 645.82074 185.442444
v 16.5225849 648.570129 186.852737
v 14.9128075 651.065247 187.25174
v 10.8311472 655.909851 185.935547
v 7.12980032 660.05719 183.55806
v -2.38961411 663.680054 181.677963
v 0.918740809 663.22583 178.504761
v 46.7920494 696.608337 120.688316
v 41.2653847 690.210693 113.465553
v 43.6865463 687.507874 119.160767
v 46.8807564 693.360901 124.735397
v 45.1568451 686.021851 124.671913
v 48.9849205 703.2052 127.234467
v 43.4963455 687.224609 135.710785
v 48.5159416 700.546936 131.283432
v 49.8087959 707.146484 132.167419
v 49.1877289 704.32373 134.967422
v 50.3539047 711.504761 138.380524
v 49.4158096 709.118347 140.141357
v 49.2764626 716.758911 145.669373
v 48.8581772 713.75293 146.194992
v 47.9963188 721.329041 152.92804
v 47.5145988 718.094849 153.537094
v 46.6907234 725.764038 162.504379
v 45.7020149 723.248413 163.882202
v 42.7611771 721.587036 164.070419
v 46.6526299 727.997925 168.27298
v 43.4203377 724.736084 174.106659
v 45.2203445 726.012146 170.955597
v 47.032795 731.0495 177.856415
v 47.3371124 733.730774 184.931747
v 45.0808029 716.513733 154.160645
v 45.9555168 712.30481 147.853531
v 36.7781601 711.224426 149.539764
v 37.8810883 702.809998 140.806
v 46.1456146 707.544495 142.320328
v 45.6385689 702.564758 137.190857
v 44.6880074 699.445435 135.302887
v 41.202034 695.347473 138.785385
v 38.2232742 697.063904 143.612976
v 37.8811455 691.184692 145.191742
v 35.561348 700.233765 148.990677
v 32.607933 695.606384 153.464767
v 28.8179798 699.58313 158.220291
v 34.0657043 703.829651 153.801331
v 33.2670937 707.678345 157.272537
v 29.3757191 706.35321 162.655365
v 22.5688305 704.514893 158.775574
v 34.5220566 713.11499 162.179901
v 32.0628853 711.898193 167.623886
v 37.5768051 720.618408 168.008759
v 29.058773 713.351074 167.451965
v 20.6167297 705.32251 156.086563
v 35.4854736 718.310791 173.564255
v 39.1233406 722.514954 178.448898
v 32.9756355 719.921997 173.795776
v 43.5598183 728.531372 183.447952
v 36.6261597 725.246216 178.817032
v 36.7783051 727.635315 173.909149
v 42.7993774 732.590942 179.094391
v 33.7362671 716.977417 147.010452
v 40.3528976 729.92749 182.403641
v 47.032795 731.0495 177.856415
v 46.6526299 727.997925 168.27298
v 46.6907234 725.764038 162.504379
v 27.6771851 714.865479 162.35289
v 40.7458839 722.984924 153.941406
v 47.9963188 721.329041 152.92804
v 41.5570145 705.693176 122.459831
v 49.2764626 716.758911 145.669373
v 50.3539047 711.504761 138.380524
v 49.8087959 707.146484 132.167419
v 48.9849205 703.2052 127.234467
v 28.6531467 705.715393 120.456238
v 27.043314 710.96405 138.61174
v 46.7920494 696.608337 120.688316
v 26.7770958 714.355286 154.719452
v 18.2844658 705.691772 151.726318
v 20.6548901 707.337341 139.134949
v 16.332365 705.962097 145.870605
v 15.1154833 705.675781 138.57225
v 15.711297 703.391235 127.327011
v 17.5999565 699.773132 117.558296
v 26.1814251 695.31665 108.241142
v 38.8444214 699.337402 114.430641
v 34.2178421 692.361206 108.219208
v 41.2653847 690.210693 113.465553
v -5.19089699 675.154114 197.555405
v -0.741742611 680.623901 202.150146
v -2.08533955 668.758728 201.104721
v 1.83143747 672.61676 205.072495
v 4.3538661 664.52124 207.716278
v 0.132844746 662.261536 204.961426
v 2.54129076 657.706299 207.437332
v 7.76357079 649.297546 209.933075
v 9.50022697 679.110474 200.622147
v 6.90168571 694.670471 191.506912
v 8.32131004 652.321106 210.219559
v 15.901494 674.873047 196.149338
v 11.6423254 654.547729 202.697128
v 13.0874643 657.59906 199.104904
v 13.9873466 692.704346 188.809021
v 24.1659756 705.102356 165.079453
v 22.2520084 698.336548 170.947617
v -5.77406359 684.357971 211.826752
v -11.8710585 675.181213 219.098572
v -9.15846443 672.015137 210.219482
v -16.4723549 664.048706 224.16835
v -15.9399786 662.799255 218.781601
v -19.0328064 656.825073 226.429977
v -19.0835438 656.028992 221.478043
v -22.2144623 650.40094 230.218063
v -22.6200466 658.702271 228.174805
v -24.457983 657.313721 224.376541
v -24.7748718 663.595093 220.575699
v -22.8481789 673.870911 212.379395
v -21.7453709 665.558472 225.258591
v -22.1002979 676.196533 216.541946
v -21.7327271 681.565002 205.279297
v -19.0580845 693.134644 201.226028
v -22.0115128 688.176697 196.372696
v -20.4017506 693.49939 187.313614
v -18.9441299 676.659119 220.052216
v -16.8398991 686.875916 213.723602
v -15.2427263 695.998169 205.0867
v -16.5864201 698.916565 192.022339
v -0.741782904 693.392151 202.200073
v -12.0865154 702.477173 194.83876
v -7.44722557 705.625977 181.733261
v -8.01769447 700.980469 174.556015
v -11.4400072 697.214844 170.912659
v -18.348299 700.887817 183.298996
v -23.3932533 702.398743 192.146011
v 9.14532852 702.112488 184.645874
v -23.8242531 707.289978 201.495743
v -27.6776028 705.121704 198.859055
v 18.512682 705.105774 172.971603
v -37.8055878 717.261963 211.002762
v -33.5464935 710.531006 205.011368
v -39.9222565 716.466858 209.337997
v -44.3841476 722.112854 211.874481
v 1.04548419 707.477173 173.150909
v -6.76274633 709.919678 184.014404
v 7.75102282 709.861328 169.003128
v -21.61866 713.15155 201.669113
v -14.7356701 714.575317 189.078003
v -36.449276 719.296143 208.897354
v 8.42271805 713.210144 168.77887
v -40.0745239 719.117981 203.512924
v 16.8267517 715.888245 165.207031
v -42.1026154 717.286682 203.204895
v -39.9222565 716.466858 209.337997
v -39.8336525 712.070312 195.26535
v -32.7479324 704.368408 194.179794
v -33.5464935 710.531006 205.011368
v -27.6776028 705.121704 198.859055
v -23.3932533 702.398743 192.146011
v -36.6520767 708.163025 186.86972
v -22.6834145 698.944275 174.645782
v -18.348299 700.887817 183.298996
v -26.4861107 715.260925 187.869553
v -34.4717789 706.515747 182.565155
v -13.4681358 693.236389 163.871399
v -11.4400072 697.214844 170.912659
v -22.2524166 698.215271 165.282745
v -14.8625669 690.450134 156.727524
v -17.4356384 698.317383 142.605957
v -14.1780624 689.558411 148.417053
v -10.5654478 690.366211 139.762787
v -29.6043568 705.164185 174.620056
v -17.8667297 713.82373 176.483704
v -22.3918991 703.994019 161.446152
v -9.90628624 714.631104 160.680664
v -18.322998 698.40564 134.421143
v -8.01767159 690.9104 132.467392
v -27.1453285 699.369446 124.073738
v -18.0568581 691.223755 126.35952
v -23.8622818 691.630981 122.15374
v -28.2100563 691.651489 115.093681
v -16.7892494 705.57782 145.60556
v -16.9540253 706.73999 136.319077
v 5.17776012 716.424988 165.487885
v -8.34716511 712.449646 139.842651
v -20.1229534 707.952576 131.30455
v 4.59474134 717.5896 156.457123
v -2.44030952 716.692017 134.922989
v 11.6297493 720.921631 158.358643
v 0.424387276 715.760742 141.687866
v 10.7551327 723.453247 146.255264
v 7.04107046 723.822632 137.935974
v 16.763422 721.902466 134.846985
v 22.2645721 720.388245 144.972977
v 30.2882462 708.529968 138.559723
v 23.5702286 719.035706 154.629181
v 21.3012371 717.499146 161.768082
v 28.0700912 704.830322 158.598114
v 24.2673378 693.300537 156.004318
v 26.6631508 696.774353 139.251144
v 21.4787693 681.351379 177.468124
v 5.1397047 661.678528 154.371857
v 8.53679085 666.663574 143.575104
v 10.5903234 668.027344 136.279083
v 14.1648865 669.628174 128.352768
v 21.8970776 683.825745 128.289673
v 19.8816738 671.247559 119.037445
v 26.4221916 695.531311 129.200455
v 26.6757545 685.718567 120.982109
v 29.1982212 671.050659 110.712074
v 29.9080257 709.162659 126.097557
v 24.6730137 695.847229 118.373543
v 28.6023083 688.1521 111.901787
v 21.6435242 697.887512 103.767685
v 23.367384 708.609619 109.264832
v 36.7401733 676.944275 102.837135
v 28.703867 693.189026 100.110161
v 35.3332329 669.208496 87.7930756
v 33.5207558 664.592224 91.9370956
v 13.8352795 697.790527 92.7611694
v 34.5853157 684.989929 91.1053391
v 43.0400429 663.310608 81.6540222
v 39.6302834 656.463318 87.6479874
v 19.0450802 697.265137 88.996666
v 49.9736748 652.794312 73.1346436
v 42.0006943 647.364136 79.8337402
v 45.904644 650.585815 59.6694679
v 40.8090897 644.976257 64.2792664
v 37.8302956 647.839966 52.3203163
v 50.3033104 665.930542 63.522007
v 43.6865158 674.298218 73.8641815
v 34.6614456 677.260742 80.9908066
v 47.5018997 660.68512 53.2714043
v 40.1627007 680.175781 56.9221611
v 23.6970425 692.732422 80.8763046
v 35.2697716 685.973022 65.7004547
v 28.5771255 686.285461 73.5401306
v 37.6021957 673.82959 48.126152
v 17.0168629 688.286316 52.3862724
v 39.6810036 656.514038 48.0718155
v 15.6605663 691.920715 59.2350121
v 4.74684811 697.681763 78.8795319
v 9.1451664 694.813354 72.4536591
v 12.3141212 690.27594 66.1305084
v 2.07219362 697.459778 83.7633972
v 18.5126686 681.152954 45.8277245
v -4.88671875 685.966614 48.7704201
v -3.99944377 674.258667 41.7988815
v -7.73882294 688.503296 53.2969284
v -8.95573425 687.874451 59.0445786
v -13.2020607 693.22876 72.1377945
v 32.7855225 668.2854 44.9724693
v 39.3514557 665.509583 33.9610939
v 17.7774944 674.329834 43.5185547
v -23.7735157 677.13501 46.1787834
v -14.2287092 693.046692 78.0105286
v -26.1186619 678.960815 51.223877
v -30.7578526 682.871948 68.7268677
v 47.9328957 654.132751 35.5791397
v -36.1704102 671.536316 56.8603668
v -15.9399328 694.666809 81.908638
v -31.6957703 684.529663 80.6945038
v -0.615052223 701.428833 86.6596756
v -24.8762589 702.070923 89.3503723
v 10.3368578 705.374512 94.6800537
v -14.6217232 708.556702 94.3234482
v 12.6184006 716.672119 116.545692
v -6.26834345 713.928162 101.367416
v 8.76499462 721.358215 120.921288
v 0.335654646 722.883057 124.98764
v -14.9766216 716.073486 107.735809
v -16.0414162 709.494263 109.7948
v -13.5315084 711.287109 121.954193
v -22.1003189 711.000549 103.070847
v -26.7269764 708.232727 124.864479
v -33.5084229 706.610718 118.914238
v -33.8380547 699.05426 119.532471
v -31.3282337 704.909363 97.6213913
v -21.0102577 705.636536 105.193268
v -30.5170155 698.493958 101.010147
v -40.4547272 689.214905 100.468719
v -40.999794 701.816772 114.283066
v -43.8771782 693.824219 93.6500397
v -51.6346283 683.409058 92.4670029
v -39.8590088 686.111206 104.353989
v -42.2546959 680.771545 103.318268
v -39.6561699 690.356812 85.4167786
v -34.8267517 701.557739 106.10746
v -44.3208504 694.59375 104.364883
v -54.2586212 672.773682 84.7691879
v -48.7826347 695.055115 113.003281
v -53.5233574 685.534119 104.520264
v -46.9573555 683.488708 102.347664
v -53.8276176 674.462402 107.929558
v -40.1251488 677.181946 80.5034561
v -50.3037529 668.638794 68.4964752
v -56.6288948 652.325928 57.5352821
v -48.3263359 669.184937 79.9110489
v -57.9725037 658.465698 81.2963104
v -36.6773605 671.567383 51.0085258
v -34.9408302 669.823364 45.9544678
v -56.9204178 673.882874 91.8940125
v -56.7303391 659.053162 98.8102875
v -60.4442749 657.2146 68.4773102
v -61.3568573 659.092102 91.657547
v -62.9414444 645.011414 81.3427353
v -55.386692 651.106995 48.3984871
v -30.7070656 663.390015 40.1247597
v -66.9975891 645.029297 68.5107346
v -40.0618553 656.968506 40.4926987
v -65.21035 627.383179 91.4503479
v -61.6357994 627.404297 97.7612839
v -64.8173904 626.300415 81.922554
v -62.2442513 641.356018 57.4025536
v -61.9780464 640.083313 49.0618439
v -51.5460358 646.078552 41.7643051
v -39.7702866 653.944031 31.5635166
v -72.4355011 626.851074 67.0034637
v -65.7807388 603.698853 77.8318024
v -65.172348 602.434692 86.0948257
v -62.097393 584.240417 72.4451523
v -18.0694466 664.646851 30.3302917
v -75.2221298 584.028687 58.0147896
v -67.5173416 624.294189 55.3794861
v -67.8216171 624.504333 52.0814743
v -70.5214844 601.179688 51.6143951
v -59.759819 636.180786 42.1924744
v -51.9643021 644.550171 31.5275879
v -2.73185229 669.13324 30.5318298
v -17.9173317 668.136536 24.8611374
v -40.7969894 656.903259 24.5390987
v 20.0210247 671.929077 32.6038933
v 19.8942165 669.362305 29.1387634
v -66.3258743 623.146851 44.9497604
v -59.2908669 635.15802 31.3391838
v -68.4806519 602.270752 41.6245155
v -52.3191185 646.068848 24.294899
v -65.3370285 621.285156 30.8011379
v -59.5569801 636.182495 23.8525696
v 21.5040913 671.161682 24.7403736
v 38.0078125 662.17749 26.7167397
v 42.178154 652.056458 25.8283424
v -3.16290641 671.575317 25.3360004
v 38.8445473 662.757019 22.427824
v -69.659584 601.852417 23.6298656
v -64.7667389 621.3125 18.0498695
v -68.3989716 583.756348 39.017498
v -70.0045776 583.585876 48.201252
v -71.1464691 567.231873 54.7055397
v -66.125618 568.845215 37.022274
v -70.7096634 584.57312 29.8108616
v -72.406662 567.368286 22.9529209
v -69.3806458 601.924377 17.2483501
v -66.4319992 568.496704 45.3381042
v -71.2426453 568.282898 30.4831238
v -68.2091064 554.278687 30.5648899
v -67.4180527 538.980103 21.0056324
v -69.9946289 553.664001 18.5386314
v -59.5086136 567.250183 11.6553669
v -68.2603149 567.585571 12.9486666
v -60.4887085 559.420288 40.1501274
v -71.8261642 567.177124 17.6190853
v -65.8314972 600.301208 10.3440685
v -63.2219772 555.930237 50.6661568
v -61.0654221 618.751343 11.4123354
v -57.7109261 565.826965 65.3553848
v -58.1373367 636.220093 18.7450771
v -51.4445152 645.250732 19.2691822
v -47.312336 641.415039 12.0169001
v -40.3787079 655.30719 19.6041164
v -41.747654 635.961365 6.99990416
v -37.5266609 650.585022 13.0626965
v -17.9047012 665.637817 19.3614922
v -32.6845703 642.844666 6.23738813
v -13.6963692 652.023926 7.24091291
v -15.9653587 659.824219 12.8258371
v -1.78120697 668.727661 18.3910236
v -0.855895817 662.592041 11.4942636
v 22.9998131 667.991882 16.6348667
v 21.5675411 663.677002 10.4712391
v 38.1345825 661.332886 15.0898018
v 19.5773335 654.046753 5.06171179
v 34.8389854 659.772461 9.92758369
v 47.1216202 651.849304 14.4758177
v 45.0301743 650.138306 9.4172802
v 46.6018867 652.854004 21.7789059
v 50.6453514 638.363708 14.7519121
v 50.0497169 639.353455 21.2752419
v 29.0841026 650.989502 4.22996044
v 43.3315048 639.652466 25.1314888
v 50.8863602 643.973267 37.2305794
v 42.5711174 630.235657 26.4547806
v 50.6580353 634.430176 38.9136467
v 44.4216576 635.479858 48.5554199
v 49.225811 624.843628 43.146225
v 44.4722939 626.701416 22.2944012
v 47.7807999 625.597351 14.9797535
v 43.6991386 616.560974 15.8760166
v 47.9075661 637.854309 9.44130135
v 44.345665 625.766235 10.6110582
v 35.2443504 618.215393 10.6302767
v 28.2980919 627.288879 4.52318048
v 29.0713863 636.793152 2.75185943
v 37.3613129 644.712891 4.47194338
v 38.8823853 635.719849 5.25842953
v 23.8744545 638.726807 2.19649124
v 14.9252987 641.979614 2.35796881
v -0.741873622 642.499023 3.8370626
v -12.4921608 641.166809 4.89939117
v -21.3651466 638.781128 5.4421978
v -27.3353996 634.417786 5.67422295
v -33.6225853 627.287781 5.82764292
v -38.287159 621.750977 6.32767057
v -42.444725 612.87085 7.23584938
v -56.362709 599.298096 9.11091137
v -48.0094795 598.179626 10.2551308
v -58.1202087 580.830872 11.4879999
v -51.451519 579.965088 13.2357159
v -53.6500473 568.290344 15.5572071
v -53.7452393 560.771362 16.8056927
v -54.0794754 553.821228 17.2098866
v -55.2638283 549.44104 17.3083878
v -58.0843773 544.207458 17.9649849
v -60.9404144 538.406067 19.8323727
v -64.6682129 534.545166 22.7567444
v -66.7327347 538.608887 25.3299351
v -61.3571358 538.795166 25.7897854
v -58.718792 543.368591 28.7574558
v -56.595726 549.460815 32.4142342
v -56.2366486 554.850281 36.7521591
v -55.1483002 551.260376 40.8325691
v -54.7631989 546.837769 46.7208824
v -54.3910675 557.983826 59.3028259
v -51.9490814 569.440002 66.1133804
v -50.727478 568.884644 69.803978
v -58.89785 583.589905 77.9865875
v -46.6605072 562.449463 65.6207199
v -46.7428246 563.261841 63.3378296
v -42.322403 559.257019 62.1170654
v -42.989872 564.752197 67.7762146
v -43.5356293 574.670959 75.7085648
v -44.1434822 587.263611 84.8461304
v -58.2640953 604.05365 91.8034134
v -49.2643852 603.89093 95.8444519
v -37.6883469 590.030762 75.5989151
v -43.5356293 574.670959 75.7085648
v -42.989872 564.752197 67.7762146
v -42.322403 559.257019 62.1170654
v -51.913559 626.959412 105.421394
v -37.6154137 605.961609 90.552597
v -39.3646317 626.025757 107.623886
v -50.7854614 646.203491 107.879913
v -39.3773727 643.910706 112.954643
v -48.6559067 659.303345 107.318855
v -37.0449295 658.632324 114.818657
v -34.0281677 668.649902 112.990265
v -30.7831974 682.328674 110.136841
v -31.4295998 689.134338 108.593155
v -32.8366356 690.446472 110.321861
v -39.1998367 686.529846 109.809937
v -46.0193901 680.805542 110.298729
v -53.2191849 674.859741 111.596085
v -60.723156 669.161255 113.455353
v -66.3131256 664.636292 113.954285
v -68.3792877 664.786316 110.651657
v -72.7397232 661.53833 114.142212
v -65.1723251 671.109924 109.173943
v -70.0144272 665.819153 110.970284
v -61.0020103 680.070862 113.541588
v -59.5189476 678.69696 106.996735
v -64.3357162 672.170715 116.178787
v -66.3131256 664.636292 113.954285
v -60.723156 669.161255 113.455353
v -55.3739815 687.545593 113.187729
v -46.1207809 692.473877 115.586319
v -49.6953163 682.208374 114.185951
v -53.2191849 674.859741 111.596085
v -46.0193901 680.805542 110.298729
v -39.1998367 686.529846 109.809937
v -36.4492607 692.471924 115.031891
v -32.8366356 690.446472 110.321861
v -1.31577563 67.8379974 103.419411
v -1.24875081 70.9294968 103.356361
v -1.93578124 67.3832092 102.931015
v -1.36601591 75.4052734 103.40377
v -4.56674623 66.9277573 102.25338
v -5.40467834 67.1175766 102.347954
v -7.01347542 85.3439941 101.74913
v -5.90744448 85.9961319 101.528503
v -2.20382285 86.3580627 102.284889
v -1.1817528 80.898056 103.15155
v -1.26546431 85.8151169 102.931053
v -6.41018534 66.6238251 106.571136
v -6.42691374 66.2815781 105.720184
v -5.79015255 66.6237564 103.009735
v -8.2870245 86.1047821 107.721626
v -8.43785763 86.6111832 106.523872
v -7.63343859 86.1771851 102.647339
v -2.38823819 70.4413681 108.336098
v -2.30443001 67.307312 107.642769
v -6.42691374 66.2815781 105.720184
v -1.93578124 67.3832092 102.931015
v -5.79015255 66.6237564 103.009735
v -1.81845999 67.0796204 106.933685
v -1.1816299 67.4211349 104.207436
v -1.31577563 67.8379974 103.419411
v -4.56674623 66.9277573 102.25338
v -5.40467834 67.1175766 102.347954
v -1.81845999 67.0796204 106.933685
v -1.03085077 80.9713058 104.554184
v -1.1816299 67.4211349 104.207436
v -1.24875081 70.9294968 103.356361
v -1.31577563 67.8379974 103.419411
v -1.36601591 75.4052734 103.40377
v -1.1817528 80.898056 103.15155
v -1.26546431 85.8151169 102.931053
v -1.08120155 86.6111298 103.986847
v -1.81845832 86.9364014 107.831856
v -2.42172122 86.3580475 108.871895
v -1.81845832 86.9364014 107.831856
v -8.43785763 86.6111832 106.523872
v -5.90744448 85.9961319 101.528503
v -7.63343859 86.1771851 102.647339
v -7.01347542 85.3439941 101.74913
v -2.20382285 86.3580627 102.284889
v -1.08120155 86.6111298 103.986847
v -1.26546431 85.8151169 102.931053
v 76.1392365 57.937458 81.2947998
v 85.087822 58.0150146 22.6106834
v -0.0086050313 58.0151291 81.0426712
v 90.1655273 58.0149612 -21.4810734
v 91.6067429 57.976162 -61.2550468
v -0.00867412239 57.9373169 -78.1794968
v 87.1992874 57.9373169 -80.1965942
v 77.4965668 57.9373322 -91.2746964
v 59.3310738 57.9372902 -101.249702
v 29.7701759 57.9372978 -110.074341
v -0.00863586366 57.9372787 -113.809097
v -29.770647 57.9372978 -110.074364
v -0.00867412239 57.9373169 -78.1794968
v -0.00863586366 57.9372787 -113.809097
v -59.3314743 57.9372978 -101.249664
v -77.4970856 57.9373016 -91.2746964
v -87.1998215 57.9373322 -80.1965866
v -91.6071548 57.9761505 -61.2550392
v -0.0086050313 58.0151291 81.0426712
v -90.1659622 58.0149689 -21.4810982
v -85.088356 58.0150299 22.610796
v -76.1396332 57.9374657 81.2947922
v 76.1392365 57.937458 81.2947998
v -0.0086050313 58.0151291 81.0426712
v 79.5913391 91.535965 86.1169128
v -0.00868442748 91.5359039 85.8489304
v -0.00868527498 91.5359573 76.1575775
v 68.5478592 91.5358887 76.4096451
v 90.0146561 91.5358887 24.8483906
v 77.5301285 91.5358887 20.4675732
v 85.087822 58.0150146 22.6106834
v 76.1392365 57.937458 81.2947998
v 90.1655273 58.0149612 -21.4810734
v 96.2655716 91.5358658 -19.4482841
v 82.8925552 91.5358658 -19.9683037
v 97.5222931 91.5358276 -61.1920624
v 91.6067429 57.976162 -61.2550468
v 83.9820023 91.5358276 -58.0876541
v 87.1992874 57.9373169 -80.1965942
v 91.5396957 91.5357895 -81.7566605
v 78.8374252 91.5357895 -76.8558197
v 77.4965668 57.9373322 -91.2746964
v 81.1832809 91.5357971 -94.2215042
v 69.9052505 91.5357971 -88.2490997
v 59.3310738 57.9372902 -101.249702
v 61.8950577 91.5357895 -106.008759
v 53.2983322 91.5357819 -97.1840668
v 29.7701759 57.9372978 -110.074341
v 30.7253475 91.5357895 -115.542519
v -0.00863586366 57.9372787 -113.809097
v 26.4689789 91.5357971 -104.889893
v -0.00861951709 91.5357819 -118.174141
v -0.00870131142 91.5357895 -107.285141
v -26.4693222 91.5357971 -104.889877
v -32.1837616 -18.9437313 67.396019
v -34.8650475 -18.943718 80.7590332
v -29.2510757 -9.37762356 61.124157
v -30.3739147 -7.01832867 75.0861053
v -57.9740791 -18.9437046 82.7761765
v -26.4023342 -0.226338968 56.9324875
v -56.6502342 -7.87061453 76.9141464
v -60.5548439 -18.9061279 69.3500061
v -27.6256008 1.93751824 72.5017624
v -59.1974449 -10.4179029 63.519413
v -32.1837616 -18.9437313 67.396019
v -29.2510757 -9.37762356 61.124157
v -25.6481781 9.50295162 71.3198242
v -24.4081554 7.95250225 55.4983368
v -22.3134441 16.5269775 54.0800514
v -56.7005424 1.14980805 74.8338623
v -59.1638756 -1.20740783 59.6428108
v -26.4023342 -0.226338968 56.9324875
v -24.4081554 7.95250225 55.4983368
v -23.9892082 16.8070869 71.6350021
v -17.0514431 33.6054916 53.9383049
v -19.1964779 33.6055031 75.4327316
v -56.9183578 8.86658001 74.4083862
v -57.605442 16.6870594 74.8181534
v -59.5493736 33.6055336 79.0886383
v -59.5828781 7.15844536 57.9881516
v -60.6050568 15.7269344 56.4596214
v -63.13554 33.6054878 55.4512329
v -22.3134441 16.5269775 54.0800514
v -17.0514431 33.6054916 53.9383049
v -67.4285812 716.976807 -42.280159
v -67.428566 716.97644 -57.1228981
v -62.6118698 720.630371 -57.4721222
v -71.0030899 712.727539 -49.7073097
v -65.3625107 712.562195 -39.9867783
v -62.6118851 709.106812 -49.7072906
v -59.6964035 708.610718 -44.5734215
v -50.6967087 713.951416 -33.9914703
v -70.4200439 706.180298 -49.7072639
v -61.7498589 717.853027 -37.9262505
v -51.7741356 724.482544 -41.2905884
v -52.3572121 725.871765 -49.7073326
v -50.9375572 720.928406 -36.0054054
v -36.6013603 721.77179 -34.2824898
v -38.4139328 725.888367 -41.6980362
v -27.5762596 725.971313 -49.7073364
v -27.6650162 725.111328 -42.3732452
v -23.5834255 733.130066 -49.7073326
v -17.841259 738.652588 -39.5328102
v -18.6779518 733.824524 -34.0846443
v -25.3326015 723.094299 -37.2859497
v -9.00633717 742.140869 -38.0660019
v -8.63870907 743.199097 -49.7073517
v -0.00663858512 743.281921 -38.1591263
v -0.00656936085 736.469971 -28.2755642
v -9.96965694 736.40387 -30.0450306
v -22.5439758 721.077026 -34.6434174
v -11.0218201 727.607788 -25.318594
v -0.00663858838 728.25293 -23.1650639
v -11.0851765 715.703796 -23.816925
v -0.00661183288 716.067627 -20.4409142
v -0.00658518635 704.874268 -19.9519672
v -19.958149 724.74762 -31.0811348
v -17.8159409 714.976379 -30.6503773
v -11.0471983 694.97052 -25.5398407
v -0.00657431036 674.270691 -22.6876221
v -31.4676456 712.18219 -30.1846619
v -22.3539085 703.882202 -27.6585827
v -14.1780758 705.552185 -27.5188427
v -9.61478901 684.058411 -25.9356079
v -15.5470495 683.628296 -26.5526333
v -8.58811378 674.286987 -27.3558464
v -7.81483507 666.978943 -27.99613
v -0.00660356367 659.142151 -26.6806068
v -6.94028807 659.142151 -29.6143284
v -12.0865259 659.14209 -31.6980762
v -17.8793564 667.210449 -34.24757
v -16.2441902 659.158752 -35.4931946
v -21.1496773 659.15863 -37.3325043
v -19.3624344 674.286987 -32.8971748
v -21.7961597 682.867981 -32.2452965
v -24.8129292 691.961548 -32.4082489
v -29.7184715 689.564209 -32.6294479
v -29.1226673 698.574829 -33.4209938
v -50.3798561 704.510559 -36.3546906
v -34.9281006 705.022949 -34.5153008
v -39.8590164 707.07312 -36.052002
v -50.0249176 709.040283 -39.1485519
v -27.4748707 674.286682 -37.4023857
v -23.8242092 659.175232 -40.6153374
v -26.2199802 659.158813 -45.3999367
v -67.0990524 703.005737 -38.5199547
v -37.2478027 691.432434 -33.8051567
v -32.2916412 674.253784 -49.7072754
v -27.7410412 659.191772 -49.7072411
v -34.1169281 680.536621 -41.3837013
v -38.0336914 683.975525 -49.7072754
v -46.0193901 690.985901 -38.3802376
v -46.9701309 688.059387 -49.7073021
v -51.0389748 698.310425 -35.8191643
v -52.5854301 692.192932 -39.5676422
v -79.1663055 699.021301 -42.664257
v -80.3704224 699.682495 -49.7072983
v -65.3371048 698.327148 -36.5292587
v -83.9830322 692.060425 -42.9669609
v -85.5928497 692.110291 -49.7072906
v -85.2125473 686.654114 -49.7072945
v -75.9846649 697.615906 -38.333744
v -79.6987 680.767944 -45.376709
v -79.6986694 680.767944 -54.0262451
v -81.1816711 692.126709 -39.8936272
v -72.2960739 693.928894 -36.5176201
v -73.5889664 678.502869 -42.6060791
v -74.8185349 676.48584 -49.7072563
v -66.1356888 674.981323 -49.7072678
v -70.7749863 683.793884 -37.1811562
v -63.81604 684.289734 -37.1346283
v -65.5526123 677.477966 -42.5245895
v -57.7190094 677.163818 -49.7072601
v -53.5360641 684.289673 -42.0123634
v -51.8628616 682.190002 -52.675827
v -50.0248528 687.249695 -46.3080254
v -50.1516647 687.430908 -49.7072754
v -43.2104988 -18.9438438 -67.9365387
v -40.2778511 -9.37771606 -61.6489716
v -45.8917046 -18.9438381 -81.283844
v -41.4005852 -7.01842737 -75.6266022
v -69.0007858 -18.9438477 -83.3009186
v -37.4289818 -0.226428822 -57.4573021
v -67.6769409 -7.87072659 -77.438797
v -71.5814896 -18.9062271 -69.8748016
v -38.6523094 1.93738997 -73.0264893
v -70.2241135 -10.418004 -64.0442352
v -43.2104988 -18.9438438 -67.9365387
v -40.2778511 -9.37771606 -61.6489716
v -36.6749039 9.50282955 -71.8446121
v -35.4348106 7.95240021 -56.023262
v -33.3400536 16.5268784 -54.6207962
v -67.7271729 1.14969504 -75.3587265
v -70.1905441 -1.20749283 -60.1676979
v -37.4289818 -0.226428822 -57.4573021
v -35.4348106 7.95240021 -56.023262
v -35.0158768 16.8069839 -72.15979
v -28.0781479 33.605381 -54.4789696
v -30.2231197 33.6054077 -75.97332
v -67.9450684 8.86646271 -74.9489899
v -68.6321106 16.6869316 -75.3429794
v -70.5760422 33.6054001 -79.6134491
v -70.5928421 7.15832376 -58.5288277
v -71.6317825 15.7268505 -57.0002861
v -74.1622467 33.6054306 -55.9917183
v -33.3400536 16.5268784 -54.6207962
v -28.0781479 33.605381 -54.4789696
v 32.1832886 -18.943737 67.3961792
v 29.2507553 -9.37762833 61.1241531
v 34.8646088 -18.9437332 80.7590332
v 30.3733788 -7.01833439 75.0860748
v 57.9737625 -18.9437141 82.7761993
v 26.4018784 -0.226343587 56.9324532
v 56.6497383 -7.87062979 76.9139709
v 60.5544891 -18.9061394 69.3499298
v 27.625288 1.93751335 72.5016861
v 59.1970329 -10.4179125 63.5195694
v 32.1832886 -18.943737 67.3961792
v 29.2507553 -9.37762833 61.1241531
v 25.6475925 9.50294685 71.3197556
v 24.4075794 7.95248318 55.4983864
v 22.3129063 16.5269642 54.0800476
v 56.6999931 1.14979815 74.8338242
v 59.1634941 -1.20741332 59.6428986
v 26.4018784 -0.226343587 56.9324532
v 24.4075794 7.95248318 55.4983864
v 23.9885807 16.8070736 71.6349411
v 17.0508976 33.6054764 53.938343
v 19.1959076 33.605526 75.432724
v 56.9179192 8.86657047 74.4083786
v 57.6051025 16.6870594 74.8181458
v 59.5489578 33.605484 79.0887222
v 59.5823555 7.15843439 57.9881287
v 60.6046333 15.7269297 56.459671
v 63.1351585 33.6054764 55.4510841
v 22.3129063 16.5269642 54.0800476
v 17.0508976 33.6054764 53.938343
v 71.0025787 712.727234 -49.7072983
v 67.4280701 716.976624 -42.2801361
v 67.4280396 716.97644 -57.1229095
v 65.3617783 712.562378 -39.9867973
v 62.6111794 709.106628 -49.7072945
v 59.6958809 708.610352 -44.5735283
v 50.6960716 713.950989 -33.9914551
v 70.4195709 706.180237 -49.7073021
v 61.749321 717.85321 -37.9262619
v 51.7735672 724.482849 -41.2905998
v 52.3566818 725.871948 -49.7073135
v 50.9369774 720.92804 -36.0054283
v 36.6007385 721.771606 -34.2825241
v 38.4133263 725.888367 -41.6980553
v 27.5758018 725.97113 -49.7073479
v 27.6644516 725.111328 -42.3732529
v 23.5828323 733.129761 -49.7073669
v 17.8407097 738.652405 -39.5327873
v 18.6773319 733.824585 -34.08461
v 25.332077 723.094177 -37.2859726
v 9.00584316 742.140869 -38.0659714
v 8.63824177 743.199097 -49.7073555
v 22.5434818 721.077087 -34.6434212
v -0.00663858512 743.281921 -38.1591263
v -0.00658543874 743.281921 -61.2438965
v -0.00656936085 736.469971 -28.2755642
v -8.63870907 743.199097 -49.7073517
v 9.96924686 736.404053 -30.0450668
v 19.9576969 724.74762 -31.0811615
v 11.021245 727.608093 -25.3186245
v 11.0846539 715.703552 -23.8169155
v -0.00663858838 728.25293 -23.1650639
v -0.00661183288 716.067627 -20.4409142
v -0.00658518635 704.874268 -19.9519672
v 17.815567 714.976379 -30.6503944
v -9.00633907 742.140869 -61.3487015
v -0.00662827119 736.46991 -71.1274567
v 11.0465755 694.970276 -25.5398293
v -0.00657431036 674.270691 -22.6876221
v 14.1775513 705.552185 -27.5188522
v 22.3533707 703.882324 -27.6585693
v 31.4671745 712.182007 -30.1847916
v -17.8413849 738.652405 -59.8702507
v -17.841259 738.652588 -39.5328102
v -23.5834255 733.130066 -49.7073326
v -27.6650047 725.111328 -57.0297661
v -27.5762596 725.971313 -49.7073364
v -18.6779537 733.824585 -65.3300476
v 9.61419201 684.058411 -25.9356098
v 15.5463676 683.628296 -26.5526352
v 8.58751392 674.286987 -27.3558464
v 7.81438589 666.978943 -27.9961548
v -0.00660356367 659.142151 -26.6806068
v 6.93974113 659.14209 -29.6142673
v 12.0860186 659.142334 -31.6980934
v -38.4139481 725.888489 -57.7049446
v -36.6013184 721.771362 -65.1205215
v -52.3572121 725.871765 -49.7073326
v 17.8788662 667.210449 -34.2475739
v 16.2436428 659.158569 -35.4931984
v 21.1491699 659.158813 -37.3325005
v 19.3618202 674.286682 -32.8971786
v 21.7955742 682.868042 -32.2452965
v -25.3326721 723.093994 -62.1170197
v -22.5440063 721.077271 -64.7596207
v -51.7741776 724.482849 -58.1124001
v -62.6118698 720.630371 -57.4721222
v -67.4285812 716.976807 -42.280159
v -67.428566 716.97644 -57.1228981
v -50.9375267 720.928345 -63.397583
v -50.6967278 713.951416 -65.4231796
v -65.3624725 712.562073 -59.4162331
v -71.0030899 712.727539 -49.7073097
v -62.6118851 709.106812 -49.7072906
v -59.6964035 708.61084 -54.8295135
v -70.4200439 706.180298 -49.7072639
v -31.4676895 712.182251 -69.229866
v -17.8159294 714.976318 -68.752594
v -22.3539124 703.881775 -71.7444382
v -14.1780233 705.551941 -71.8841324
v -11.0851812 715.703674 -75.5861053
v -19.9581947 724.747559 -68.3218689
v -9.9696188 736.403992 -69.3696289
v -11.0217829 727.607727 -74.0843887
v -0.00658806413 728.252563 -76.2496796
v -0.00661694864 716.067383 -78.9621048
v -0.00656280667 704.874146 -79.4626465
v -11.0472021 694.970215 -73.8631516
v -0.00663419766 674.270386 -76.7153015
v -9.61482048 684.05835 -73.4673233
v -15.5470114 683.628601 -72.8619919
v -8.5881176 674.286682 -72.0471191
v -7.81486607 666.979126 -71.4068298
v -0.00659379782 659.141968 -72.7222824
v -6.94018173 659.14209 -69.7886658
v -12.0865965 659.142273 -67.704834
v -17.8793602 667.210388 -65.1670761
v -16.2442341 659.158325 -63.9214211
v -21.1496239 659.158569 -62.0820389
v -19.3624229 674.287109 -66.5057983
v -21.7961464 682.867859 -67.1577148
v -24.8129044 691.961304 -67.0064087
v -29.7184448 689.563965 -66.7735672
v -29.1226711 698.575073 -65.9819641
v -50.3797798 704.510376 -63.059948
v -34.9281883 705.022705 -64.8876877
v -39.8590622 707.073181 -63.3510094
v -50.0249519 709.040527 -60.2660522
v -27.4749107 674.286682 -62.0005493
v -23.8242378 659.174927 -58.7875023
v -26.2199001 659.158569 -54.0145836
v -67.0990448 703.005676 -60.8830261
v -37.2477951 691.432312 -65.5977936
v -32.2916412 674.253784 -49.7072754
v -27.7410412 659.191772 -49.7072411
v -34.1169586 680.536377 -58.0192223
v -38.0336914 683.975525 -49.7072754
v -46.019413 690.985718 -61.0343819
v -46.9701309 688.059387 -49.7073021
v -51.0389252 698.310364 -63.5838203
v -52.5854301 692.192505 -59.8469582
v -79.1663055 699.021362 -56.7387009
v -80.3704224 699.682495 -49.7072983
v -65.3370743 698.326965 -62.885334
v -75.9846344 697.615906 -61.0809326
v -81.1816559 692.12677 -59.5093575
v -85.5928497 692.110291 -49.7072906
v -85.2125473 686.654114 -49.7072945
v -79.6986694 680.767944 -54.0262451
v -70.7750015 683.79364 -62.2334099
v -50.024868 687.249268 -53.094944
v -50.1516647 687.430908 -49.7072754
v -51.8628616 682.190002 -52.675827
v -63.81604 684.289673 -62.2683487
v -73.589035 678.503052 -56.8085327
v -74.8185349 676.48584 -49.7072563
v -66.1356888 674.981323 -49.7072678
v -65.5526123 677.477905 -56.8783722
v -57.7190094 677.163818 -49.7072601
v -58.2387238 679.610718 -56.4126892
v 33.3396645 16.5268726 -54.6208
v 28.0774879 33.6053619 -54.4789886
v 74.1617432 33.6053734 -55.9917717
v 71.6314468 15.7268429 -57.0002899
v 70.5755692 33.6053963 -79.6134872
v 35.4343643 7.95239401 -56.0232506
v 68.631691 16.686924 -75.3429871
v 30.2226601 33.6053925 -75.97332
v 70.5923157 7.15833616 -58.528862
v 35.0153618 16.8069782 -72.1597748
v 28.0774879 33.6053619 -54.4789886
v 33.3396645 16.5268726 -54.6208
v 70.1903076 -1.20750511 -60.1676941
v 37.4285812 -0.226450026 -57.4572639
v 40.2772903 -9.37772274 -61.648983
v 67.9446793 8.8664608 -74.9490051
v 36.6744537 9.50282383 -71.8446274
v 35.4343643 7.95239401 -56.0232506
v 37.4285812 -0.226450026 -57.4572639
v 70.2236786 -10.4180012 -64.04422
v 43.2099609 -18.9438419 -67.9365387
v 71.581131 -18.9062405 -69.8748016
v 67.7266617 1.14968801 -75.3587418
v 67.6764374 -7.87074804 -77.4388275
v 69.0003815 -18.9438591 -83.3009186
v 38.6519012 1.93739283 -73.0264893
v 41.4001312 -7.01845932 -75.6266403
v 45.8912506 -18.9438553 -81.283844
v 40.2772903 -9.37772274 -61.648983
v 43.2099609 -18.9438419 -67.9365387
v -15.8113632 25.1043358 59.3749733
v -14.4539766 31.5219822 53.5127983
v -39.2220993 23.4595184 59.9896164
v -38.9037361 29.7177601 54.2377586
v -12.5770102 40.4395065 50.8655357
v -65.7330246 28.2336903 53.5601959
v -64.2918396 22.6572704 60.4622726
v -67.9450302 36.9265785 49.762352
v -38.6859055 38.5245438 51.51157
v -10.5828743 49.7582932 52.047287
v -38.6019974 47.7848053 52.4413643
v -70.4420471 46.6773033 49.9830704
v -8.94063187 57.2768974 56.8535919
v -38.7026024 55.4069557 56.8063889
v -72.6372452 55.1727715 54.2063065
v -8.03568935 61.3030739 64.1812515
v -38.9371758 59.642746 63.5981712
v -73.9946442 60.4930077 61.4549904
v -8.08598328 60.9561119 72.3282776
v -39.2723923 59.6427422 71.2724762
v -74.229248 61.495697 70.0433121
v -9.07477665 56.3427963 79.3722839
v -39.6075706 55.406971 78.0643692
v -73.2740784 57.9374161 77.9698715
v -10.7839727 48.4170074 83.7058487
v -39.8923302 47.7848282 82.4292679
v -71.3636627 50.6641769 83.4065094
v -12.7781372 39.0035934 84.3046265
v -40.0432205 38.524601 83.3592072
v -68.9337463 41.2364426 85.1083603
v -14.6383753 30.359375 81.105751
v -66.5541077 31.8827572 82.7445984
v -15.9118986 24.4223232 74.8812637
v -64.760994 24.7031536 76.8982391
v -63.9398918 21.4141331 68.877327
v -39.5740356 21.2136517 67.4274826
v -16.3308716 22.5369797 67.0493393
v -15.8113632 25.1043358 59.3749733
v -39.2220993 23.4595184 59.9896164
v -64.2918396 22.6572704 60.4622726
v -75.3184814 22.6571941 -60.9871216
v -76.7596283 28.2335892 -54.0849953
v -50.2487373 23.4594288 -60.5144043
v -49.9304047 29.7176609 -54.7783546
v -78.9717865 36.9265022 -50.2872467
v -25.4806824 31.5219135 -54.0534897
v -26.8380032 25.1042252 -59.8997917
v -23.6037292 40.4393997 -51.3903503
v -49.7124977 38.5244408 -52.0522041
v -21.609539 49.7581863 -52.5722198
v -49.6287422 47.784771 -52.9819145
v -81.4686813 46.6771965 -50.5078545
v -19.9672985 57.2768097 -57.3942871
v -49.7292824 55.4068871 -57.3312378
v -83.6639404 55.1726151 -54.731102
v -19.062439 61.3029251 -64.7219009
v -49.9639091 59.6426353 -64.1388474
v -85.021347 60.4928932 -61.9799271
v -19.1126251 60.9559784 -72.8532028
v -50.2990875 59.6426468 -71.7973862
v -85.2559128 61.4955711 -70.5682449
v -20.1013355 56.3427048 -79.9129105
v -50.6342163 55.4069176 -78.6049652
v -84.3007431 57.9372978 -78.4946594
v -21.8107681 48.4168434 -84.2306976
v -50.9191017 47.7846947 -82.9542847
v -82.3903427 50.6640434 -83.9313049
v -23.804821 39.0034714 -84.8452911
v -51.0699615 38.5244408 -83.8840179
v -79.9604187 41.2363091 -85.6489334
v -25.6650429 30.3592319 -81.6463318
v -51.0699463 29.7176361 -81.1578064
v -77.5808487 31.8826141 -83.2852097
v -26.9217834 24.4222107 -75.4060364
v -75.7876968 24.7030296 -77.4230728
v -74.9665833 21.4140282 -69.4020767
v -50.6006622 21.2135525 -67.9680862
v -27.3575268 22.5368671 -67.5899048
v -26.8380032 25.1042252 -59.8997917
v -50.2487373 23.4594288 -60.5144043
v -75.3184814 22.6571941 -60.9871216
v 15.8108578 25.1043339 59.3750038
v 39.2215996 23.4595013 59.9895439
v 14.4534712 31.5219917 53.5127983
v 38.9032173 29.7177525 54.2377625
v 12.5765486 40.4394836 50.8654518
v 65.7324829 28.2336617 53.5600967
v 64.2913132 22.6572399 60.4622993
v 67.9445724 36.9265671 49.7623329
v 38.685318 38.5245705 51.5115776
v 10.5823736 49.7582893 52.0473518
v 38.6015778 47.7847939 52.4412537
v 70.4415359 46.6772957 49.983036
v 8.94009113 57.2768974 56.8536606
v 38.7020645 55.4069977 56.8063011
v 72.6368866 55.1727676 54.2062531
v 8.03519058 61.3030739 64.1812515
v 38.9367332 59.6427422 63.5981522
v 73.9941406 60.4929924 61.4549599
v 8.08537769 60.9561157 72.3283157
v 39.2718544 59.6427536 71.2725067
v 74.2289505 61.4956818 70.0433273
v 9.07411575 56.3427963 79.3722534
v 39.6071167 55.4069901 78.0644073
v 73.273613 57.9374466 77.9697952
v 10.7834358 48.4169922 83.7058182
v 39.8918724 47.784893 82.4292679
v 71.3632507 50.6641541 83.4064941
v 12.7776384 39.0036163 84.3045959
v 40.0427208 38.524559 83.359169
v 68.9332886 41.2364388 85.1083984
v 14.6377087 30.3593864 81.1057205
v 66.5537262 31.8827381 82.7445679
v 15.911355 24.4222927 74.8811111
v 64.7606354 24.7031727 76.8982391
v 63.9395638 21.4141178 68.8773193
v 39.57341 21.2136345 67.427475
v 16.3302593 22.536972 67.0493469
v 15.8108578 25.1043339 59.3750038
v 39.2215996 23.4595013 59.9895439
v 64.2913132 22.6572399 60.4622993
v 26.8375854 25.1042137 -59.899826
v 25.4801598 31.5218964 -54.0535049
v 50.2483788 23.4594193 -60.5144043
v 49.930027 29.7176533 -54.7783928
v 23.6031532 40.4393806 -51.3903542
v 76.7592697 28.2335606 -54.0849838
v 75.3179932 22.6571789 -60.9871559
v 78.971138 36.9265022 -50.2872734
v 49.7121048 38.524456 -52.0521927
v 21.6090355 49.7582016 -52.5722542
v 49.6282806 47.7847557 -52.9819221
v 81.4682083 46.6771851 -50.5078735
v 19.9669018 57.2768097 -57.3942795
v 49.7287331 55.4068794 -57.3312378
v 83.6636581 55.1725998 -54.7311172
v 19.0618496 61.3029022 -64.7219086
v 49.9634323 59.6426163 -64.1388321
v 85.0208969 60.4928551 -61.9799385
v 19.1120338 60.9559784 -72.8532333
v 50.2986107 59.6426163 -71.7973557
v 85.2554855 61.4955864 -70.5682297
v 20.1007996 56.3426514 -79.9129257
v 50.633812 55.4068451 -78.6049805
v 84.3002777 57.937336 -78.4946823
v 21.8100624 48.4168701 -84.2306976
v 50.9186821 47.7846947 -82.9542923
v 82.3899231 50.6640434 -83.9313049
v 23.8043613 39.0034523 -84.8452911
v 51.069416 38.5244446 -83.8840103
v 79.9600143 41.2362823 -85.648941
v 25.664463 30.3592377 -81.6463242
v 51.0527039 29.717638 -81.157814
v 77.5804214 31.8826084 -83.285202
v 26.9213257 24.4221725 -75.4060211
v 75.7871933 24.7030239 -77.423111
v 74.9662094 21.4140129 -69.4020844
v 50.6001358 21.2135391 -67.9681015
v 27.3570671 22.5368385 -67.5898972
v 26.8375854 25.1042137 -59.899826
v 50.2483788 23.4594193 -60.5144043
v 75.3179932 22.6571789 -60.9871559
v -117.091919 626.96759 -49.9517136
v -108.624596 628.81958 -52.4429741
v -120.058022 627.943115 -52.9318924
v -114.062469 622.817688 -51.4417877
v -125.698776 629.629456 -58.4615707
v -97.5460052 629.464294 -55.6210403
v -122.073509 617.791443 -59.1250725
v -123.886131 612.765198 -59.1134377
v -111.79351 616.452148 -52.268364
v -113.061066 610.814331 -51.697876
v -121.55378 604.795837 -48.7991524
v -116.610229 633.018921 -59.2764091
v -99.0924759 630.356995 -60.2775993
v -83.0957489 632.754578 -58.9853973
v -86.0238876 634.391174 -63.1413689
v -72.574913 638.359375 -60.8713379
v -94.6940002 639.847229 -65.0040207
v -70.5721741 647.981934 -65.1902847
v -64.7540436 645.998047 -61.6047592
v -59.265419 654.595276 -61.2205849
v -87.5448456 653.371948 -67.5185699
v -65.5652771 655.488159 -64.8410645
v -60.6217651 667.326172 -59.6606712
v -72.9678726 675.32843 -60.9295654
v -68.7849121 676.221313 -56.8667374
v -80.8394547 683.496094 -54.1775932
v -85.6182632 662.531555 -67.2624435
v -84.3633347 681.974915 -58.2869987
v -93.1095352 686.852478 -51.2439651
v -104.074028 658.530212 -65.7490768
v -88.7997437 677.064697 -62.8387451
v -106.482361 685.116333 -54.7596359
v -106.165512 687.546753 -48.5315132
v -116.496185 685.26532 -47.2044029
v -114.937019 677.775513 -58.1821976
v -123.607269 679.495056 -52.2683983
v -125.090332 681.247498 -45.7841682
v -130.895767 676.91571 -44.7829933
v -127.714165 665.325684 -57.2974586
v -115.989189 649.949341 -62.2682953
v -121.262207 643.91449 -57.6466599
v -132.606964 668.797668 -52.268364
v -132.961899 652.726807 -52.7572632
v -134.140732 660.712646 -52.8620796
v -135.687164 670.600037 -44.2823982
v -137.816711 661.423706 -44.8178596
v -130.781662 676.981812 -38.1706696
v -125.090332 681.247498 -45.7841682
v -135.34491 670.749023 -37.6584282
v -116.293396 685.215637 -40.8016701
v -116.496185 685.26532 -47.2044029
v -106.165512 687.546753 -48.5315132
v -127.435265 645.07196 -52.0122299
v -136.016754 652.594971 -45.0623817
v -137.220993 661.68811 -37.6467896
v -130.705597 645.749817 -39.3464394
v -131.846436 669.244019 -31.5234222
v -122.060875 680.106567 -33.3627853
v -100.714958 682.372192 -32.9436913
v -129.349319 638.689819 -55.8073273
v -133.063293 660.613586 -31.8029003
v -118.207397 677.064453 -29.3349209
v -126.509926 667.17749 -28.2405758
v -91.3603134 685.926453 -40.4058266
v -93.1095352 686.852478 -51.2439651
v -125.533951 651.966736 -30.603756
v -78.8367386 682.834778 -43.2928886
v -80.8394547 683.496094 -54.1775932
v -66.693428 676.48584 -52.1403351
v -68.7849121 676.221313 -56.8667374
v -60.6217651 667.326172 -59.6606712
v -58.8471565 667.24353 -54.6898003
v -59.265419 654.595276 -61.2205849
v -67.0736313 675.709106 -46.6339378
v -80.7127151 679.346558 -36.9949074
v -59.6077919 667.028503 -49.1950912
v -89.471611 681.991699 -35.0274963
v -64.4497986 666.863281 -42.8156013
v -83.7295685 674.353088 -33.0018845
v -99.3840027 677.163879 -29.148632
v -116.331345 670.566956 -26.5176086
v -93.971489 670.45105 -28.7411957
v -84.4774323 663.044067 -31.4187279
v -62.3203011 655.323242 -44.3754883
v -120.476372 664.068909 -26.7504883
v -97.7488632 661.655273 -28.2638512
v -109.321762 656.050476 -28.1474476
v -117.167969 642.277771 -33.4558983
v -92.5138245 653.917542 -31.4536362
v -79.6099243 648.345703 -37.8912811
v -104.276855 644.625427 -34.2708282
v -58.6823807 654.462891 -50.7200584
v -62.6117821 645.749695 -56.5290909
v -64.7540436 645.998047 -61.6047592
v -72.574913 638.359375 -60.8713379
v -70.1791916 638.756104 -49.8469276
v -70.2426224 637.896301 -55.621048
v -83.0957489 632.754578 -58.9853973
v -81.2450867 633.200928 -47.6700134
v -97.5460052 629.464294 -55.6210403
v -73.4369202 642.509216 -43.1764336
v -83.1464844 637.664856 -41.4418297
v -100.512115 635.78009 -37.7748299
v -119.436928 630.704346 -32.792366
v -116.014511 628.124939 -40.138031
v -108.624596 628.81958 -52.4429741
v -115.444122 626.95105 -45.7840919
v -117.091919 626.96759 -49.9517136
v -114.062469 622.817688 -51.4417877
v -111.704765 623.082275 -41.9540749
v -111.79351 616.452148 -52.268364
v -110.627388 611.359924 -42.4313354
v -113.061066 610.814331 -51.697876
v -121.55378 604.795837 -48.7991524
v -124.697334 633.200806 -28.9390545
v -112.452614 618.386658 -34.5152435
v -118.853882 605.457275 -39.0320702
v -118.853882 607.441406 -34.2358208
v -131.694366 602.134033 -39.7538414
v -133.874542 602.48114 -44.7247047
v -141.644791 602.977295 -36.0519104
v -143.546112 603.324463 -41.8958549
v -137.956146 604.399292 -30.5106106
v -152.799362 606.945557 -32.105484
v -155.144348 607.342224 -38.7293968
v -148.679779 608.499695 -26.4942913
v -138.780014 612.269409 -21.313961
v -120.729881 613.674622 -28.3569641
v -115.722969 619.031677 -30.6386814
v -159.923096 614.732788 -29.4046421
v -161.723007 614.782227 -36.9017067
v -155.423203 614.980835 -24.1544399
v -131.897141 629.976807 -23.7935314
v -125.432549 618.717163 -24.8528824
v -141.923599 622.735168 -19.2068596
v -161.545517 624.157043 -29.055439
v -163.5737 624.074219 -37.1462059
v -136.321014 634.639465 -24.0962353
v -148.869858 623.297241 -19.7888832
v -157.02037 623.958618 -23.3511734
v -156.285172 632.952942 -30.7085361
v -158.338623 633.366089 -38.5781136
v -151.366974 631.398865 -24.2125988
v -143.850342 637.08606 -26.1450939
v -124.27903 644.393982 -34.7015266
v -148.971313 639.185913 -32.8156662
v -131.884476 645.783142 -45.888855
v -151.189514 639.715088 -40.3359718
v -149.757202 638.127625 -48.26371
v -156.614685 632.275085 -46.8667488
v -163.5737 624.074219 -37.1462059
v -144.572845 634.573059 -54.0145798
v -161.646973 624.53717 -45.5629196
v -161.723007 614.782227 -36.9017067
v -144.205215 628.736938 -56.4825249
v -153.052902 630.108765 -52.5942764
v -159.187912 615.493408 -45.6327324
v -155.144348 607.342224 -38.7293968
v -151.10083 619.031555 -55.0157204
v -143.457382 614.054932 -56.4708405
v -153.623322 608.929382 -46.3195724
v -143.546112 603.324463 -41.8958549
v -135.180176 604.829285 -50.5919456
v -133.874542 602.48114 -44.7247047
v -137.575882 609.012146 -55.2601585
v -31.22859 -33.5422707 72.6120682
v -63.8560486 -33.4709015 71.351387
v -31.0107079 -33.6848755 77.4971008
v -64.0236435 -33.3281746 76.7564545
v -30.4577255 -31.3565979 81.8306808
v -63.7723427 -30.6356583 81.3736496
v -29.6699772 -26.9265766 84.5253601
v -63.1354866 -25.8624821 84.1628418
v -28.8656807 -21.4540367 84.9351273
v -62.2641411 -19.8451977 84.4622116
v -28.2289734 -16.1489506 82.9810028
v -61.3592377 -14.0192909 82.1615829
v -60.6050568 -9.87879181 77.7964325
v -27.9105244 -12.299262 79.1675644
v -60.2029228 -8.37350941 72.3755264
v -27.9943066 -10.8409815 74.3297348
v -60.2699661 -9.87881184 67.0493469
v -28.4467354 -12.1459942 69.5864105
v -60.7726593 -14.1336985 63.0624352
v -29.1338787 -15.88342 66.040802
v -61.5770378 -20.1451397 61.4865608
v -29.8878632 -21.1553535 64.5281067
v -62.5154877 -26.3033028 62.6842651
v -30.5917892 -26.5967979 65.3316574
v -63.3198357 -30.9964161 66.2770767
v -31.0777168 -30.9963951 68.2627716
v -63.8560486 -33.4709015 71.351387
v -31.22859 -33.5422707 72.6120682
v -42.2552185 -33.5423737 -73.1525192
v -42.0372887 -33.684967 -78.0375824
v -74.8827972 -33.4710121 -71.8761063
v -75.0503464 -33.3282814 -77.2969666
v -41.4843788 -31.3567295 -82.3553772
v -74.7989426 -30.6357689 -81.8983841
v -40.696743 -26.926693 -85.0658188
v -74.1621246 -25.8625965 -84.7033997
v -39.8923492 -21.454174 -85.4755096
v -73.2908096 -19.8453236 -84.9870453
v -39.2555771 -16.1490555 -83.5215225
v -72.3858566 -14.0194025 -82.686348
v -71.6317596 -9.87890148 -78.3370209
v -38.9371414 -12.2993641 -79.7080231
v -71.2295685 -8.37362194 -72.9004288
v -39.0210304 -10.8410988 -74.8701706
v -71.2965775 -9.8789053 -67.5741119
v -39.4734306 -12.1461029 -70.1111984
v -71.7993698 -14.1337948 -63.5872192
v -40.1605453 -15.8835411 -66.5655441
v -72.6037216 -20.1452427 -62.0113945
v -40.9145584 -21.1554527 -65.0527496
v -73.5421677 -26.3034077 -63.2247734
v -41.6184273 -26.5968895 -65.8721924
v -74.3465424 -30.9965057 -66.8176804
v -42.1043854 -30.9965115 -68.7874527
v -74.8827972 -33.4710121 -71.8761063
v -42.2552185 -33.5423737 -73.1525192
v -0.0066039348 478.152496 -7.68535423
v -0.00646433001 482.582092 7.26194811
v 35.1562462 501.301086 -6.77680874
v 31.9317818 503.062836 8.19955444
v 55.7896271 522.820312 -6.1993432
v 51.8292999 522.984253 8.91356754
v 67.0474548 548.412903 9.59893131
v -79.1235886 577.434021 10.3196812
v 71.6045227 547.601318 -5.7533226
v 79.1230087 577.434143 10.3196936
v 83.8390579 577.177551 -5.14061308
v -0.00659124181 604.572144 11.0868053
v 85.1105194 603.342041 11.0656414
v 91.8667984 604.713684 -4.4027338
v 72.9674149 614.917969 11.417182
v 80.7502747 616.09198 -3.96775937
v 60.8240967 627.423706 11.7945776
v 68.7462692 627.778137 -3.49694157
v 49.3272858 644.928101 12.3267336
v 57.8958664 645.358765 -2.85078979
v 45.28368 668.861206 -1.96616805
v 41.2782021 663.824341 12.9325171
v -0.00658587599 664.100403 12.9327831
v -0.00665561296 670.049194 -1.95408416
v -0.00658587599 664.100403 12.9327831
v -45.2841377 668.861572 -1.96611869
v -0.00665561296 670.049194 -1.95408416
v -41.278656 663.824341 12.9325237
v -0.00659124181 604.572144 11.0868053
v -49.3277397 644.92804 12.3267279
v -57.8964539 645.358826 -2.85082126
v -68.7468719 627.778015 -3.4969573
v -60.8245773 627.423645 11.7945881
v -80.7507248 616.091858 -3.96774507
v -72.9678574 614.918091 11.4172363
v -91.867363 604.713684 -4.4027319
v -85.1112213 603.342163 11.0656719
v -83.8397141 577.177673 -5.14059877
v -79.1235886 577.434021 10.3196812
v -71.6049423 547.601379 -5.75322723
v -67.048111 548.412903 9.59894371
v -55.7901115 522.820312 -6.1993885
v 51.8292999 522.984253 8.91356754
v -51.8298264 522.984314 8.91357613
v -31.9323082 503.062836 8.19956017
v -35.1568031 501.301056 -6.77683067
v -0.00646433001 482.582092 7.26194811
v -0.0066039348 478.152496 -7.68535423
v 42.2546806 -33.5423737 -73.1525497
v 74.8823013 -33.4710464 -71.8761139
v 42.0370598 -33.6849747 -78.0376129
v 75.0499191 -33.3282967 -77.2969742
v 41.4838715 -31.3567352 -82.3554306
v 74.7985611 -30.6357803 -81.8984528
v 40.6963425 -26.9266987 -85.0657959
v 74.1618576 -25.8626118 -84.7033997
v 39.8919106 -21.4541817 -85.4755478
v 73.2902298 -19.845335 -84.9870605
v 39.2553139 -16.1490612 -83.5215225
v 72.3854523 -14.0194149 -82.6863251
v 71.6314697 -9.87892818 -78.3370361
v 38.9367409 -12.2993755 -79.7080231
v 71.2290421 -8.37362576 -72.9004517
v 39.0205345 -10.8410997 -74.8702011
v 71.2961502 -9.87891865 -67.5740891
v 39.4563637 -12.1461105 -70.1112061
v 71.7988892 -14.133812 -63.5871964
v 40.1601219 -15.8835478 -66.5655441
v 72.6033554 -20.145256 -62.0113983
v 40.9141617 -21.1554813 -65.052742
v 73.5417786 -26.3034191 -63.2248001
v 41.6180305 -26.5968971 -65.8721924
v 74.3460464 -30.9965 -66.8176956
v 42.1040535 -30.9964981 -68.7874908
v 74.8823013 -33.4710464 -71.8761139
v 42.2546806 -33.5423737 -73.1525497
v 4.49923372 90.3547516 106.602592
v -4.04737139 94.1732178 108.934921
v -0.00868142582 100.418091 111.298615
v -2.33795309 98.275856 110.77861
v -11.6218176 92.178894 106.870552
v -5.55552149 102.724548 102.395203
v -2.65641594 105.538887 110.006432
v -0.00863897149 114.184433 109.896133
v -2.67311668 108.679932 109.801666
v -3.22619414 111.389175 109.644119
v -4.90193367 113.538246 108.982117
v -6.22583675 112.89122 102.095757
v -7.44914579 114.659943 107.611229
v -6.34305954 117.570312 106.350548
v -10.4151659 114.320358 105.420792
v -10.1639338 108.817505 97.5415421
v -17.5541859 112.823074 98.439888
v -8.1033392 124.373161 93.0225754
v -13.4819565 112.823067 103.340683
v -0.00868073013 125.440781 94.2374573
v -8.00329971 126.374245 81.8193359
v -0.00868217275 126.274261 76.9017944
v -13.2976799 103.072899 96.281044
v -16.1297207 110.567802 101.496933
v -17.8725262 107.094933 100.031349
v -12.6281099 123.404755 87.0328827
v -7.88522148 123.237686 73.3063736
v -0.00871088356 120.393646 69.8701019
v -8.10268116 110.293686 68.0105667
v -11.5045815 105.296326 70.4215012
v -7.98540211 106.231033 68.9874573
v -13.7504282 121.163956 79.1679382
v -22.8496437 104.845573 92.2941513
v -22.2631226 100.172798 98.4556732
v -18.5764217 104.63739 99.6374893
v -22.0118084 101.852226 82.870575
v -19.0287971 102.026825 99.9211731
v -18.358593 98.9793854 100.693359
v -24.4416332 92.4643326 92.1207809
v -21.7938843 97.2184525 81.5942688
v -21.7938843 97.2184525 81.5942688
v -18.9115753 94.8123245 81.3420258
v -16.1464367 93.1059647 82.93367
v -11.672102 90.6771851 85.6283646
v -4.3490262 85.7426529 88.1338959
v -10.5494385 88.0187988 88.3230438
v -9.40988159 85.0538254 90.8758316
v -8.33725357 81.6300583 92.357254
v -6.52753401 73.2480392 94.9098511
v 4.34837151 85.7426605 88.1338348
v -18.9115753 94.8123245 81.3420258
v -19.3640614 86.4664993 91.9631195
v -16.1464367 93.1059647 82.93367
v -11.672102 90.6771851 85.6283646
v -10.5494385 88.0187988 88.3230438
v -19.1629162 88.3429565 101.071518
v -12.644083 82.1416168 95.8869934
v -9.40988159 85.0538254 90.8758316
v -8.33725357 81.6300583 92.357254
v -6.52753401 73.2480392 94.9098511
v -9.29250717 72.1279068 100.094582
v -5.2036047 71.0420609 96.5331421
v -3.69535732 70.366188 98.014389
v -2.08664179 70.2533646 99.4957962
v -0.00862971321 70.7042542 101.528435
v -2.40496659 73.844223 106.870567
v -14.4707117 83.7094498 99.8424377
v -10.6666489 75.4052887 102.505554
v -3.36019039 88.4150162 108.619766
v -12.0408039 86.9003372 104.743279
v -5.48853922 89.3499985 108.068169
v -4.49980211 90.3547516 106.602654
v -3.07529402 89.5654984 106.665649
v -0.00864115544 90.1396255 108.966385
v 3.35973263 88.4150009 108.619675
v 3.07484913 76.701828 107.68998
v 2.66834021 562.85553 212.168808
v 2.74305677 544.195068 197.239944
v 17.1253605 559.876526 210.203217
v 14.2083654 543.45575 197.041672
v 16.0508709 557.444702 216.342712
v 13.2388659 540.431641 199.156082
v 3.08404469 559.515625 217.790253
v 3.29839587 541.365356 199.610214
v 2.66834021 562.85553 212.168808
v 2.74305677 544.195068 197.239944
v 14.2083654 543.45575 197.041672
v 2.74305677 544.195068 197.239944
v 0.498007625 540.751526 200.144257
v -0.271407098 558.913025 219.223282
v 0.485584825 563.009705 211.891754
v 0.308876812 538.56073 202.47345
v -13.5048008 560.065125 217.276917
v -10.919776 538.482422 200.892166
v -11.2838755 540.767639 199.249298
v 0.498007625 540.751526 200.144257
v -11.2838755 540.767639 199.249298
v -14.0881491 563.219849 211.499512
v 0.485584825 563.009705 211.891754
v 0.498007625 540.751526 200.144257
v -58.5475235 521.902466 190.079468
v -6.17240381 574.588928 181.149445
v -66.9650574 529.45752 193.551285
v -12.7633934 581.259277 184.199875
v -70.8135376 533.926575 203.890625
v -15.1967306 586.119141 192.787811
v -67.840332 532.629028 215.027008
v -12.0458412 586.211548 201.905106
v -59.7960129 526.260864 220.490189
v -5.15081358 581.483826 206.204742
v -51.3822441 518.653442 217.092102
v 1.43339074 574.830933 203.140411
v -47.5391922 514.28595 206.776505
v 3.85718489 570.13446 194.546326
v 0.713273764 570.023865 185.431381
v -50.5089912 515.634766 195.555557
v -6.17240381 574.588928 181.149445
v -58.5475235 521.902466 190.079468
v 31.2281189 -33.5422783 72.6120605
v 31.0103054 -33.6848793 77.4971008
v 63.8557663 -33.4709129 71.3513489
v 64.0232468 -33.3281822 76.7564468
v 30.4571991 -31.3566036 81.8305817
v 63.771946 -30.6356487 81.3737183
v 29.6696472 -26.9265709 84.5252457
v 63.1352386 -25.8624821 84.1629257
v 28.8653526 -21.4540615 84.9350739
v 62.263752 -19.8452072 84.4622269
v 28.2284546 -16.1489563 82.980957
v 61.358757 -14.019311 82.1615219
v 60.6046867 -9.87880325 77.7964478
v 27.9100437 -12.2992678 79.1674652
v 60.2024307 -8.3735199 72.3754883
v 27.993866 -10.8409863 74.3296585
v 60.2694817 -9.87881279 67.0493393
v 28.4463253 -12.1460047 69.5863647
v 60.7723045 -14.1337042 63.0623817
v 29.1333389 -15.8834248 66.0407639
v 61.5765457 -20.1451416 61.4865456
v 29.8874626 -21.1553707 64.5279694
v 62.5149956 -26.3033123 62.6842842
v 30.5912209 -26.5968037 65.3316498
v 63.3195381 -30.9964256 66.2771835
v 31.0772724 -30.9964008 68.2626953
v 63.8557663 -33.4709129 71.3513489
v 31.2281189 -33.5422783 72.6120605
v -2.18717885 64.8329544 103.734657
v -2.58938169 67.9515839 103.750427
v -2.45519447 64.2978897 104.475372
v -2.84072351 72.5015793 103.860756
v -3.22615528 78.5105209 109.754395
v -3.1423614 77.9576035 103.372215
v -3.02508163 82.8716278 102.804932
v -3.44402671 83.7094193 103.750389
v -3.5109961 84.4003372 107.689972
v -2.43854856 63.8769035 107.343307
v -3.12564564 84.000473 108.887589
v -2.58939505 67.3452606 108.982185
v 3.05802464 78.6946335 109.754303
v -2.17033958 64.1448669 108.194244
v 2.92394805 84.1459351 108.887589
v -3.5109961 84.4003372 107.689972
v 3.30942225 84.6183014 107.690025
v 3.30942225 84.6183014 107.690025
v 3.27599239 83.9641571 103.750435
v 2.72291446 72.6883011 103.860641
v 2.87372041 83.0902786 102.804962
v 1.81804085 83.6002655 102.300606
v -1.98607588 83.454628 102.316338
v 2.55528355 67.4969482 108.982231
v 1.81804085 83.6002655 102.300606
v 3.27599239 83.9641571 103.750435
v 2.87372041 83.0902786 102.804962
v -1.98607588 83.454628 102.316338
v -3.44402671 83.7094193 103.750389
v -3.02508163 82.8716278 102.804932
v 2.50509739 64.0300217 107.343277
v 2.22025657 64.2979126 108.194321
v 2.48835492 64.4508514 104.475372
v 2.20340347 64.9475555 103.718933
v 1.43253732 64.6037598 103.403778
v 2.50509739 64.0300217 107.343277
v -2.84072351 72.5015793 103.860756
v -1.39955676 64.4890747 103.403778
v -2.58938169 67.9515839 103.750427
v -2.18717885 64.8329544 103.734657
v -3.1423614 77.9576035 103.372215
v -3.02508163 82.8716278 102.804932
v -2.45519447 64.2978897 104.475372
v -2.43854856 63.8769035 107.343307
v 1.43253732 64.6037598 103.403778
v 2.48835492 64.4508514 104.475372
v 2.20340347 64.9475555 103.718933
v -1.39955676 64.4890747 103.403778
v -2.18717885 64.8329544 103.734657
v -61.3571358 538.795166 25.7897854
v -60.9404144 538.406067 19.8323727
v -64.6682129 534.545166 22.7567444
v -54.2223663 549.220154 26.4411392
v -58.0843773 544.207458 17.9649849
v -58.718792 543.368591 28.7574558
v -55.2638283 549.44104 17.3083878
v -56.595726 549.460815 32.4142342
v -54.0794754 553.821228 17.2098866
v -53.7452393 560.771362 16.8056927
v -52.0291443 560.336792 27.4070988
v -56.2366486 554.850281 36.7521591
v -47.6676598 559.665771 36.5541267
v -53.6500473 568.290344 15.5572071
v -55.1483002 551.260376 40.8325691
v -51.451519 579.965088 13.2357159
v -47.7261848 573.088684 28.2355995
v -42.9241219 570.588623 37.0553665
v -43.1294136 572.046631 42.8550949
v -43.6657906 574.705627 52.7224312
v -54.7631989 546.837769 46.7208824
v -49.8012199 563.038086 50.5293388
v -41.6677628 587.640564 64.3895187
v -51.9490814 569.440002 66.1133804
v -54.3910675 557.983826 59.3028259
v -46.0633812 571.651978 64.1617355
v -43.9205666 565.403564 62.8088188
v -46.7428246 563.261841 63.3378296
v 117.091331 626.967346 -49.9517174
v 120.057381 627.942932 -52.9319229
v 108.623856 628.819275 -52.4430084
v 114.049126 622.817383 -51.4418182
v 125.698212 629.629456 -58.4615822
v 97.5454102 629.464172 -55.6210518
v 122.072906 617.791382 -59.125103
v 123.885498 612.765259 -59.1134949
v 111.792847 616.452148 -52.2683678
v 113.060463 610.814331 -51.697937
v 121.553062 604.795898 -48.7991829
v 116.609604 633.018982 -59.2764587
v 99.0919342 630.357178 -60.2776146
v 83.095253 632.754578 -58.9854317
v 86.0232925 634.391113 -63.1413918
v 72.5743942 638.35907 -60.8713455
v 94.6934967 639.84729 -65.0040207
v 70.5716019 647.981934 -65.1903
v 64.7533951 645.998047 -61.6047745
v 59.2650146 654.595276 -61.2205696
v 87.5442886 653.371948 -67.5185776
v 65.5646362 655.488037 -64.8410797
v 60.6212044 667.326172 -59.6606674
v 72.9672775 675.328369 -60.9295921
v 68.7843323 676.221313 -56.8667412
v 80.8388443 683.496338 -54.1776009
v 85.6177216 662.531616 -67.2624588
v 84.3626251 681.974915 -58.2870216
v 93.0963135 686.852478 -51.2439728
v 104.073433 658.530212 -65.7490845
v 88.799263 677.064575 -62.8387566
v 106.481804 685.116333 -54.7596664
v 106.164909 687.546936 -48.5315666
v 116.495552 685.265198 -47.2044334
v 114.936455 677.775696 -58.1822433
v 123.606705 679.494995 -52.268425
v 125.089684 681.247437 -45.7841949
v 130.895218 676.915588 -44.7830124
v 127.713463 665.325623 -57.2974892
v 115.988602 649.949341 -62.2683334
v 121.261665 643.91449 -57.6466789
v 132.606491 668.797668 -52.268383
v 132.961349 652.726624 -52.757309
v 134.140244 660.712708 -52.8620834
v 135.686554 670.599609 -44.2824211
v 137.816254 661.423645 -44.8178749
v 130.781067 676.981934 -38.1706848
v 125.089684 681.247437 -45.7841949
v 135.344437 670.74884 -37.658474
v 116.292885 685.215698 -40.8016701
v 116.495552 685.265198 -47.2044334
v 106.164909 687.546936 -48.5315666
v 127.434639 645.072021 -52.0122833
v 136.016357 652.594788 -45.0624008
v 137.220383 661.688354 -37.6468391
v 130.705078 645.749939 -39.3464699
v 131.845856 669.244263 -31.523468
v 122.060204 680.106567 -33.3628273
v 100.714462 682.371948 -32.9437752
v 129.348724 638.689758 -55.8073387
v 133.062729 660.613525 -31.8029366
v 118.206894 677.064453 -29.3349266
v 126.509422 667.177429 -28.2406025
v 91.3596344 685.926636 -40.405838
v 93.0963135 686.852478 -51.2439728
v 125.533409 651.96637 -30.6037655
v 78.8359604 682.834778 -43.2929192
v 80.8388443 683.496338 -54.1776009
v 66.6927795 676.48584 -52.1403465
v 68.7843323 676.221313 -56.8667412
v 60.6212044 667.326172 -59.6606674
v 58.8466492 667.24353 -54.6897888
v 59.2650146 654.595276 -61.2205696
v 67.0731125 675.708496 -46.6339836
v 80.7120743 679.346375 -36.9949226
v 59.6070366 667.028503 -49.1950531
v 89.4711685 681.99176 -35.0274773
v 64.4491653 666.863281 -42.815609
v 99.3834229 677.163818 -29.1486645
v 83.7289276 674.352905 -33.0018997
v 116.330727 670.566833 -26.5176468
v 93.9709244 670.450989 -28.7411518
v 84.4767838 663.043884 -31.4187069
v 62.3198509 655.323059 -44.3754883
v 120.475769 664.06897 -26.7505417
v 97.7481613 661.655273 -28.263855
v 109.321136 656.050354 -28.1474686
v 117.167397 642.277893 -33.4559517
v 92.5132904 653.917419 -31.4536419
v 79.6092834 648.345581 -37.8913078
v 104.276245 644.625549 -34.2708817
v 58.6817665 654.463013 -50.7200737
v 62.6113625 645.75 -56.5290909
v 64.7533951 645.998047 -61.6047745
v 72.5743942 638.35907 -60.8713455
v 70.1785507 638.756042 -49.8469391
v 70.2420197 637.896362 -55.6210632
v 83.095253 632.754578 -58.9854317
v 81.2445374 633.200928 -47.6700287
v 97.5454102 629.464172 -55.6210518
v 73.4363708 642.509216 -43.1764832
v 83.1458054 637.664856 -41.4418449
v 100.511559 635.78009 -37.7748184
v 119.436424 630.704346 -32.7923889
v 116.01403 628.124817 -40.1380539
v 108.623856 628.819275 -52.4430084
v 115.443466 626.951111 -45.7841072
v 117.091331 626.967346 -49.9517174
v 114.049126 622.817383 -51.4418182
v 111.704147 623.082397 -41.9540901
v 111.792847 616.452148 -52.2683678
v 110.626755 611.360046 -42.4313469
v 113.060463 610.814331 -51.697937
v 121.553062 604.795898 -48.7991829
v 124.6968 633.200806 -28.9390697
v 112.452042 618.386658 -34.5152359
v 118.853218 605.457153 -39.0320778
v 118.853363 607.441528 -34.2358398
v 131.693817 602.134277 -39.7538147
v 133.874039 602.481445 -44.7247238
v 141.644211 602.977173 -36.0519142
v 143.545471 603.324463 -41.8958817
v 137.955658 604.399231 -30.5106335
v 152.798798 606.945679 -32.1055183
v 155.143799 607.342346 -38.7294159
v 148.679276 608.499451 -26.4944153
v 138.779602 612.269409 -21.3139725
v 120.729225 613.674438 -28.3569622
v 159.922501 614.732788 -29.4046822
v 161.722458 614.782349 -36.9017525
v 155.422577 614.980713 -24.1543846
v 115.722397 619.031555 -30.6386738
v 161.545074 624.156982 -29.0554943
v 163.573135 624.074341 -37.146225
v 125.431931 618.717346 -24.8529186
v 131.896622 629.976685 -23.7935543
v 141.923019 622.735168 -19.2068558
v 157.019806 623.958435 -23.3512306
v 148.869308 623.296936 -19.7889233
v 136.320343 634.63916 -24.0962868
v 156.28447 632.952698 -30.7086182
v 158.33812 633.366089 -38.5781021
v 151.366486 631.398682 -24.2126255
v 143.849716 637.086182 -26.1451454
v 124.278473 644.394104 -34.7015495
v 148.970703 639.186035 -32.8156929
v 131.883972 645.783081 -45.8888893
v 151.188858 639.714966 -40.3359947
v 149.756577 638.127747 -48.2637634
v 156.614212 632.274658 -46.8667755
v 163.573135 624.074341 -37.146225
v 144.572266 634.573059 -54.0146065
v 161.646484 624.537231 -45.5629272
v 161.722458 614.782349 -36.9017525
v 144.20462 628.736755 -56.4825478
v 153.052246 630.108948 -52.5942993
v 159.187408 615.493286 -45.6327438
v 155.143799 607.342346 -38.7294159
v 151.100311 619.031494 -55.0157509
v 143.456741 614.05481 -56.4709015
v 153.622803 608.929504 -46.3195839
v 143.545471 603.324463 -41.8958817
v 135.179474 604.829102 -50.5919724
v 133.874039 602.481445 -44.7247238
v 137.575317 609.012146 -55.2601585
v -23.6037292 40.4393997 -51.3903503
v -26.8380032 25.1042252 -59.8997917
v -25.4806824 31.5219135 -54.0534897
v -21.609539 49.7581863 -52.5722198
v -19.9672985 57.2768097 -57.3942871
v -19.062439 61.3029251 -64.7219009
v -19.1126251 60.9559784 -72.8532028
v -20.1013355 56.3427048 -79.9129105
v -21.8107681 48.4168434 -84.2306976
v -23.804821 39.0034714 -84.8452911
v -25.6650429 30.3592319 -81.6463318
v -26.9217834 24.4222107 -75.4060364
v -27.3575268 22.5368671 -67.5899048
v -0.00656438572 545.334656 219.774918
v 11.5090399 546.228333 221.498001
v 21.5225182 547.987976 212.452576
v 27.2374039 553.687195 201.943253
v 16.9838638 64.4890594 76.0787811
v -0.00868812762 58.9845886 76.0787201
v -0.00865856092 63.3403931 94.4214859
v 15.1908054 68.1787491 94.4215622
v 29.418354 79.0626144 76.0787582
v -30.3739033 98.2053757 94.4215317
v 26.3012981 81.1177597 94.4215317
v 33.9763908 98.2053986 76.0788116
v 30.3733368 98.2054214 94.4214859
v 29.4182491 116.557091 76.0787201
v 26.3013268 114.626015 94.4215393
v 16.9885712 129.56929 76.0857315
v 15.1929331 126.340935 94.4280777
v -0.00862510037 130.566269 94.4368744
v -0.00862637535 134.315659 76.0929489
v -0.00865856092 63.3403931 94.4214859
v -0.00868812762 58.9845886 76.0787201
v -16.9843311 64.4890747 76.0787811
v -15.191268 68.1787262 94.4215393
v -29.4187794 79.0626068 76.0786896
v -30.3739033 98.2053757 94.4215317
v -26.3017864 81.1177521 94.4214401
v -33.9768791 98.2054062 76.0788193
v -29.4187469 116.557098 76.0786667
v -26.3017273 114.625992 94.4214172
v -16.9890556 129.569305 76.0858612
v -15.193429 126.340935 94.4279938
v -0.00862510037 130.566269 94.4368744
v -0.00862637535 134.315659 76.0929489
v -84.3007431 57.9372978 -78.4946594
v -79.9604187 41.2363091 -85.6489334
v -82.3903427 50.6640434 -83.9313049
v -85.2559128 61.4955711 -70.5682449
v -85.021347 60.4928932 -61.9799271
v -83.6639404 55.1726151 -54.731102
v -81.4686813 46.6771965 -50.5078545
v -78.9717865 36.9265022 -50.2872467
v -76.7596283 28.2335892 -54.0849953
v -75.3184814 22.6571941 -60.9871216
v -74.9665833 21.4140282 -69.4020767
v -75.7876968 24.7030296 -77.4230728
v -77.5808487 31.8826141 -83.2852097
v 74.7985611 -30.6357803 -81.8984528
v 75.0499191 -33.3282967 -77.2969742
v 74.1618576 -25.8626118 -84.7033997
v 73.2902298 -19.845335 -84.9870605
v 72.3854523 -14.0194149 -82.6863251
v 71.6314697 -9.87892818 -78.3370361
v 71.2290421 -8.37362576 -72.9004517
v 71.2961502 -9.87891865 -67.5740891
v 71.7988892 -14.133812 -63.5871964
v 72.6033554 -20.145256 -62.0113983
v 73.5417786 -26.3034191 -63.2248001
v 74.3460464 -30.9965 -66.8176956
v 74.8823013 -33.4710464 -71.8761139
v -31.22859 -33.5422707 72.6120682
v -30.5917892 -26.5967979 65.3316574
v -31.0777168 -30.9963951 68.2627716
v -31.0107079 -33.6848755 77.4971008
v -30.4577255 -31.3565979 81.8306808
v -29.6699772 -26.9265766 84.5253601
v -28.8656807 -21.4540367 84.9351273
v -28.2289734 -16.1489506 82.9810028
v -27.9105244 -12.299262 79.1675644
v -27.9943066 -10.8409815 74.3297348
v -28.4467354 -12.1459942 69.5864105
v -29.1338787 -15.88342 66.040802
v -29.8878632 -21.1553535 64.5281067
v 75.7871933 24.7030239 -77.423111
v 79.9600143 41.2362823 -85.648941
v 77.5804214 31.8826084 -83.285202
v 74.9662094 21.4140129 -69.4020844
v 75.3179932 22.6571789 -60.9871559
v 76.7592697 28.2335606 -54.0849838
v 78.971138 36.9265022 -50.2872734
v 81.4682083 46.6771851 -50.5078735
v 83.6636581 55.1725998 -54.7311172
v 85.0208969 60.4928551 -61.9799385
v 85.2554855 61.4955864 -70.5682297
v 84.3002777 57.937336 -78.4946823
v 82.3899231 50.6640434 -83.9313049
v 32.2911606 674.253784 -49.7072792
v 27.7405434 659.191528 -49.7072639
v 26.219389 659.158569 -45.3999519
v 27.4742661 674.286804 -37.4023781
v 23.8237152 659.175049 -40.6153946
v 34.1163826 680.536621 -41.383728
v 38.0331306 683.975525 -49.7072906
v 29.717802 689.564026 -32.6294518
v 37.2472878 691.432312 -33.8052139
v 50.3793221 704.510437 -36.3546448
v 29.1220284 698.574768 -33.4210358
v 46.0188522 690.985718 -38.3802452
v 46.9696083 688.059387 -49.7073135
v 24.8124828 691.961487 -32.4082184
v 51.0382843 698.310364 -35.8191414
v 52.5848122 692.192871 -39.5676689
v 34.9276619 705.022888 -34.5153084
v 39.8584404 707.073181 -36.052002
v 50.0243111 709.040405 -39.1485977
v 67.098465 703.005859 -38.5199661
v 50.024334 687.249573 -46.3080254
v 50.1511841 687.430908 -49.707283
v 51.8622398 682.190063 -52.6758575
v 53.5354271 684.289734 -42.0123711
v 57.7184868 677.16394 -49.7072678
v 65.3365173 698.326599 -36.5292511
v 79.165741 699.021179 -42.6642723
v 80.3699188 699.682861 -49.707325
v 63.8154373 684.289612 -37.1346397
v 65.5520935 677.477966 -42.524559
v 66.1351776 674.98114 -49.707283
v 75.9841385 697.615662 -38.333683
v 83.982399 692.060547 -42.9669762
v 85.5923691 692.110229 -49.7072983
v 85.2120667 686.65387 -49.7072983
v 79.6979828 680.767944 -45.3767166
v 72.2953568 693.928833 -36.5176735
v 81.1811066 692.126648 -39.8936424
v 70.7743607 683.793762 -37.1812096
v 73.5884552 678.502869 -42.6060524
v 74.8178482 676.486023 -49.7072639
v 79.6980133 680.767944 -54.0262604
v 79.6980133 680.767944 -54.0262604
v 73.5884552 678.502869 -42.6060524
v 79.6979828 680.767944 -45.3767166
v 85.2120667 686.65387 -49.7072983
v 81.18116 692.126465 -59.5093727
v 85.5923691 692.110229 -49.7072983
v 80.3699188 699.682861 -49.707325
v 79.1657333 699.021301 -56.7387772
v 70.4195709 706.180237 -49.7073021
v 70.7744446 683.793762 -62.2334518
v 75.9841309 697.615845 -61.0809364
v 67.0984344 703.005676 -60.8830643
v 73.5884323 678.502869 -56.8085442
v 74.8178482 676.486023 -49.7072639
v 66.1351776 674.98114 -49.707283
v 65.5520935 677.477966 -56.8783875
v 57.7184868 677.16394 -49.7072678
v 65.3365402 698.326965 -62.8853607
v 58.2382393 679.61084 -56.4127197
v 51.8622398 682.190063 -52.6758575
v 63.8154106 684.289673 -62.2683792
v 52.5847549 692.192871 -59.8469505
v 59.6958809 708.610596 -54.8295555
v 62.6111794 709.106628 -49.7072945
v 50.379261 704.510193 -63.0599747
v 51.038475 698.310425 -63.5838318
v 50.024334 687.249573 -53.094944
v 50.1511841 687.430908 -49.707283
v 46.9696083 688.059387 -49.7073135
v 46.0188255 690.986023 -61.0343781
v 38.0331306 683.975525 -49.7072906
v 37.2471771 691.432312 -65.5977707
v 34.116272 680.536499 -58.0192413
v 32.2911606 674.253784 -49.7072792
v 27.4743767 674.287109 -62.0005836
v 26.2193871 659.158569 -54.0146217
v 27.7405434 659.191528 -49.7072639
v 23.82374 659.175049 -58.7875519
v 21.1491661 659.158813 -62.0820427
v 29.7178001 689.56366 -66.7735748
v 29.1220531 698.575073 -65.9819641
v 21.7956543 682.868042 -67.1577072
v 24.8124237 691.961243 -67.0064011
v 22.3533936 703.88208 -71.7444229
v 15.5465441 683.628479 -72.8619919
v 19.3617897 674.286926 -66.5057907
v 17.8788052 667.210388 -65.1670609
v 16.2437916 659.158813 -63.9213943
v 12.086113 659.14209 -67.704834
v 7.81438208 666.978882 -71.4068451
v 6.93966866 659.14209 -69.7886353
v -0.00659379782 659.141968 -72.7222824
v -0.00663419766 674.270386 -76.7153015
v 8.58755207 674.286926 -72.0471115
v 9.61421585 684.058044 -73.4673309
v 11.0465717 694.970398 -73.8631744
v -0.00656280667 704.874146 -79.4626465
v 11.0846491 715.703491 -75.5861053
v -0.00661694864 716.067383 -78.9621048
v -0.00658806413 728.252563 -76.2496796
v 14.1775742 705.551941 -71.88414
v 17.8154545 714.976013 -68.7526169
v 11.0212116 727.607849 -74.0843964
v -0.00662827119 736.46991 -71.1274567
v 19.9576645 724.747559 -68.3218918
v 9.96925735 736.403992 -69.3696518
v 9.0058136 742.140869 -61.3486938
v -0.00658543874 743.281921 -61.2438965
v 8.63824177 743.199097 -49.7073555
v 18.677372 733.824585 -65.3300629
v 17.8407097 738.652405 -59.8702621
v 17.8407097 738.652405 -39.5327873
v 23.5828323 733.129761 -49.7073669
v 27.6645622 725.11145 -57.0297699
v 27.5758018 725.97113 -49.7073479
v 22.543478 721.077271 -64.759613
v 36.6007919 721.771362 -65.120491
v 25.3320751 723.094116 -62.1170845
v 38.4134102 725.888367 -57.7049828
v 52.3566818 725.871948 -49.7073135
v 31.4671726 712.182251 -69.2298889
v 50.6961212 713.951172 -65.4232178
v 50.9370613 720.928284 -63.3975868
v 51.7735977 724.482849 -58.1124268
v 34.9276009 705.022949 -64.8876572
v 39.8584366 707.073181 -63.3510323
v 50.0243874 709.040527 -60.2660599
v 62.6112328 720.630859 -57.4721184
v 67.4280701 716.976624 -42.2801361
v 67.4280396 716.97644 -57.1229095
v 65.3618927 712.562073 -59.4161987
v 71.0025787 712.727234 -49.7072983
v -2.08664179 70.2533646 99.4957962
v -0.00862971321 70.7042542 101.528435
v 2.08611059 70.2533875 99.4957123
v 3.69483948 70.366188 98.0143661
v -3.69535732 70.366188 98.014389
v 5.20304489 71.0420609 96.5330963
v -5.2036047 71.0420609 96.5331421
v 6.52682352 73.2479858 94.9098129
v -6.52753401 73.2480392 94.9098511
v 4.34837151 85.7426605 88.1338348
v 8.33694363 81.630043 92.357254
v 9.40932465 85.053833 90.8758316
v 10.5487576 88.0187759 88.3230743
v 11.6715441 90.6771927 85.6283417
v 11.5040512 105.296318 70.421524
v -4.3490262 85.7426529 88.1338959
v 16.1459484 93.1059418 82.9336243
v 18.911005 94.8123245 81.3420944
v 21.7933388 97.218399 81.5942383
v -7.98540211 106.231033 68.9874573
v 22.0112514 101.852257 82.8705826
v 8.10220623 110.293678 68.010498
v -8.10268116 110.293686 68.0105667
v -0.00871088356 120.393646 69.8701019
v 7.86807728 123.237694 73.306366
v -0.00868217275 126.274261 76.9017944
v 8.00283051 126.374283 81.8193359
v -0.00868073013 125.440781 94.2374573
v 13.7499304 121.163979 79.1679382
v 8.10289955 124.373131 93.0225754
v 6.3426075 117.570312 106.350632
v -6.34305954 117.570312 106.350548
v -0.00863897149 114.184433 109.896133
v 12.6276264 123.404755 87.032814
v 17.5536194 112.823051 98.4398575
v 22.8492126 104.845619 92.2942581
v 22.2625694 100.172791 98.4556198
v 24.441267 92.4643631 92.1207428
v 21.7933388 97.218399 81.5942383
v 18.911005 94.8123245 81.3420944
v 19.3634071 86.4665146 91.96315
v 16.1459484 93.1059418 82.9336243
v 11.6715441 90.6771927 85.6283417
v 10.5487576 88.0187759 88.3230743
v 19.1623745 88.3429871 101.071465
v 11.6214142 92.178894 106.870613
v 12.6437464 82.1416473 95.8870163
v 9.40932465 85.053833 90.8758316
v 8.33694363 81.630043 92.357254
v 6.52682352 73.2479858 94.9098129
v 9.29203129 72.1279068 100.094383
v 5.20304489 71.0420609 96.5330963
v 3.69483948 70.366188 98.0143661
v 2.08611059 70.2533875 99.4957123
v -0.00862971321 70.7042542 101.528435
v -2.40496659 73.844223 106.870567
v 14.4701815 83.7094498 99.8423843
v 10.6661739 75.4052277 102.505524
v 3.07484913 76.701828 107.68998
v -3.36019039 88.4150162 108.619766
v 5.48805475 89.3500443 108.068291
v 3.35973263 88.4150009 108.619675
v 3.07471251 89.5654755 106.665649
v -0.00864115544 90.1396255 108.966385
v -4.04737139 94.1732178 108.934921
v 4.49923372 90.3547516 106.602592
v 4.04677677 94.1731949 108.934929
v 2.33748388 98.2758789 110.77861
v -0.00868142582 100.418091 111.298615
v 14.2691221 95.3796768 103.403717
v 2.65586543 105.53891 110.006554
v 5.5550108 102.724548 102.395233
v 2.6726079 108.679916 109.801666
v 3.22568536 111.389214 109.644119
v 4.90139771 113.538261 108.982193
v 6.22535467 112.89122 102.09568
v 7.43189478 114.660019 107.611229
v 10.4148626 114.32032 105.420845
v 10.1634369 108.817535 97.5415421
v 13.2971554 103.072899 96.2809372
v 13.4815855 112.823105 103.340683
v 16.1291809 110.567841 101.496902
v 17.8720837 107.094902 100.031372
v 18.575758 104.637383 99.6374817
v 18.3580399 98.9794235 100.693359
v 19.02841 102.026825 99.9211731
v -74.8827972 -33.4710121 -71.8761063
v -75.0503464 -33.3282814 -77.2969666
v -74.3465424 -30.9965057 -66.8176804
v -73.5421677 -26.3034077 -63.2247734
v -72.6037216 -20.1452427 -62.0113945
v -71.7993698 -14.1337948 -63.5872192
v -71.2965775 -9.8789053 -67.5741119
v -71.2295685 -8.37362194 -72.9004288
v -71.6317596 -9.87890148 -78.3370209
v -72.3858566 -14.0194025 -82.686348
v -73.2908096 -19.8453236 -84.9870453
v -74.1621246 -25.8625965 -84.7033997
v -74.7989426 -30.6357689 -81.8983841
v -64.0236435 -33.3281746 76.7564545
v -63.8560486 -33.4709015 71.351387
v -63.3198357 -30.9964161 66.2770767
v -62.5154877 -26.3033028 62.6842651
v -61.5770378 -20.1451397 61.4865608
v -60.7726593 -14.1336985 63.0624352
v -60.2699661 -9.87881184 67.0493469
v -60.2029228 -8.37350941 72.3755264
v -60.6050568 -9.87879181 77.7964325
v -61.3592377 -14.0192909 82.1615829
v -62.2641411 -19.8451977 84.4622116
v -63.1354866 -25.8624821 84.1628418
v -63.7723427 -30.6356583 81.3736496
v 68.9332886 41.2364388 85.1083984
v 64.7606354 24.7031727 76.8982391
v 66.5537262 31.8827381 82.7445679
v 63.9395638 21.4141178 68.8773193
v 64.2913132 22.6572399 60.4622993
v 65.7324829 28.2336617 53.5600967
v 67.9445724 36.9265671 49.7623329
v 70.4415359 46.6772957 49.983036
v 72.6368866 55.1727676 54.2062531
v 73.9941406 60.4929924 61.4549599
v 74.2289505 61.4956818 70.0433273
v 73.273613 57.9374466 77.9697952
v 71.3632507 50.6641541 83.4064941
v 12.5765486 40.4394836 50.8654518
v 15.8108578 25.1043339 59.3750038
v 14.4534712 31.5219917 53.5127983
v 10.5823736 49.7582893 52.0473518
v 8.94009113 57.2768974 56.8536606
v 8.03519058 61.3030739 64.1812515
v 8.08537769 60.9561157 72.3283157
v 9.07411575 56.3427963 79.3722534
v 10.7834358 48.4169922 83.7058182
v 12.7776384 39.0036163 84.3045959
v 14.6377087 30.3593864 81.1057205
v 15.911355 24.4222927 74.8811111
v 16.3302593 22.536972 67.0493469
v -40.1605453 -15.8835411 -66.5655441
v -41.6184273 -26.5968895 -65.8721924
v -40.9145584 -21.1554527 -65.0527496
v -39.4734306 -12.1461029 -70.1111984
v -39.0210304 -10.8410988 -74.8701706
v -38.9371414 -12.2993641 -79.7080231
v -39.2555771 -16.1490555 -83.5215225
v -39.8923492 -21.454174 -85.4755096
v -40.696743 -26.926693 -85.0658188
v -41.4843788 -31.3567295 -82.3553772
v -42.0372887 -33.684967 -78.0375824
v -42.2552185 -33.5423737 -73.1525192
v -42.1043854 -30.9965115 -68.7874527
v -64.760994 24.7031536 76.8982391
v -68.9337463 41.2364426 85.1083603
v -66.5541077 31.8827572 82.7445984
v -63.9398918 21.4141331 68.877327
v -64.2918396 22.6572704 60.4622726
v -65.7330246 28.2336903 53.5601959
v -67.9450302 36.9265785 49.762352
v -70.4420471 46.6773033 49.9830704
v -72.6372452 55.1727715 54.2063065
v -73.9946442 60.4930077 61.4549904
v -74.229248 61.495697 70.0433121
v -73.2740784 57.9374161 77.9698715
v -71.3636627 50.6641769 83.4065094
v 42.2546806 -33.5423737 -73.1525497
v 41.6180305 -26.5968971 -65.8721924
v 42.1040535 -30.9964981 -68.7874908
v 42.0370598 -33.6849747 -78.0376129
v 41.4838715 -31.3567352 -82.3554306
v 40.6963425 -26.9266987 -85.0657959
v 39.8919106 -21.4541817 -85.4755478
v 39.2553139 -16.1490612 -83.5215225
v 38.9367409 -12.2993755 -79.7080231
v 39.0205345 -10.8410997 -74.8702011
v 39.4563637 -12.1461105 -70.1112061
v 40.1601219 -15.8835478 -66.5655441
v 40.9141617 -21.1554813 -65.052742
v 26.8375854 25.1042137 -59.899826
v 23.6031532 40.4393806 -51.3903542
v 25.4801598 31.5218964 -54.0535049
v 21.6090355 49.7582016 -52.5722542
v 19.9669018 57.2768097 -57.3942795
v 19.0618496 61.3029022 -64.7219086
v 19.1120338 60.9559784 -72.8532333
v 20.1007996 56.3426514 -79.9129257
v 21.8100624 48.4168701 -84.2306976
v 23.8043613 39.0034523 -84.8452911
v 25.664463 30.3592377 -81.6463242
v 26.9213257 24.4221725 -75.4060211
v 27.3570671 22.5368385 -67.5898972
v 29.1333389 -15.8834248 66.0407639
v 30.5912209 -26.5968037 65.3316498
v 29.8874626 -21.1553707 64.5279694
v 28.4463253 -12.1460047 69.5863647
v 27.993866 -10.8409863 74.3296585
v 27.9100437 -12.2992678 79.1674652
v 28.2284546 -16.1489563 82.980957
v 28.8653526 -21.4540615 84.9350739
v 29.6696472 -26.9265709 84.5252457
v 30.4571991 -31.3566036 81.8305817
v 31.0103054 -33.6848793 77.4971008
v 31.2281189 -33.5422783 72.6120605
v 31.0772724 -30.9964008 68.2626953
v 64.0232468 -33.3281822 76.7564468
v 63.771946 -30.6356487 81.3737183
v 63.1352386 -25.8624821 84.1629257
v 62.263752 -19.8452072 84.4622269
v 61.358757 -14.019311 82.1615219
v 60.6046867 -9.87880325 77.7964478
v 60.2024307 -8.3735199 72.3754883
v 60.2694817 -9.87881279 67.0493393
v 60.7723045 -14.1337042 63.0623817
v 61.5765457 -20.1451416 61.4865456
v 62.5149956 -26.3033123 62.6842842
v 63.3195381 -30.9964256 66.2771835
v 63.8557663 -33.4709129 71.3513489
v -15.9118986 24.4223232 74.8812637
v -15.8113632 25.1043358 59.3749733
v -16.3308716 22.5369797 67.0493393
v -14.6383753 30.359375 81.105751
v -12.7781372 39.0035934 84.3046265
v -10.7839727 48.4170074 83.7058487
v -9.07477665 56.3427963 79.3722839
v -8.08598328 60.9561119 72.3282776
v -8.03568935 61.3030739 64.1812515
v -8.94063187 57.2768974 56.8535919
v -10.5828743 49.7582932 52.047287
v -12.5770102 40.4395065 50.8655357
v -14.4539766 31.5219822 53.5127983
v -0.0086050313 58.0151291 81.0426712
v -76.1396332 57.9374657 81.2947922
v -79.591774 91.5359726 86.1168365
v -0.00868442748 91.5359039 85.8489304
v -0.00868527498 91.5359573 76.1575775
v -68.5483093 91.5359421 76.4096451
v -90.015152 91.5359192 24.8483524
v -77.5305405 91.5358963 20.4675465
v -85.088356 58.0150299 22.610796
v -76.1396332 57.9374657 81.2947922
v -90.1659622 58.0149689 -21.4810982
v -96.2658157 91.5358582 -19.4482403
v -82.8930511 91.5358734 -19.9682617
v -97.5226822 91.5358353 -61.192028
v -91.6071548 57.9761505 -61.2550392
v -83.9823227 91.5358505 -58.0876579
v -87.1998215 57.9373322 -80.1965866
v -91.540123 91.535759 -81.7566605
v -78.8376236 91.5358047 -76.8557968
v -77.4970856 57.9373016 -91.2746964
v -81.1837234 91.5358047 -94.2215042
v -69.9057083 91.53582 -88.2490768
v -59.3314743 57.9372978 -101.249664
v -61.8954811 91.5357971 -106.008751
v -53.2986908 91.5357895 -97.1840897
v -29.770647 57.9372978 -110.074364
v -30.7258148 91.5357895 -115.542511
v -26.4693222 91.5357971 -104.889877
v -0.00863586366 57.9372787 -113.809097
v -0.00861951709 91.5357819 -118.174141
v -22.8989449 683.077942 167.863007
v -14.8625669 690.450134 156.727524
v -13.4681358 693.236389 163.871399
v -21.213068 689.401855 172.4384
v -11.4400072 697.214844 170.912659
v -19.768013 675.845581 176.394745
v -17.4610138 665.863403 171.099487
v -21.6186771 684.477356 181.103134
v -20.4017506 693.49939 187.313614
v -16.9286613 677.145203 188.321716
v -22.0115128 688.176697 196.372696
v -12.1371889 664.749817 178.096008
v -3.4290328 665.988342 188.169235
v -4.72194862 657.297546 172.45314
v -9.44995785 654.22998 166.158539
v -16.9412804 675.384644 197.396149
v -10.9330044 673.413757 198.922989
v -21.7327271 681.565002 205.279297
v -17.3469982 670.066406 206.106339
v -22.8481789 673.870911 212.379395
v -21.0482216 661.08374 215.091263
v -24.7748718 663.595093 220.575699
v -24.457983 657.313721 224.376541
v 0.323049575 662.964355 184.68306
v 4.07502079 660.584106 166.59259
v 9.99458027 665.087463 182.144623
v 12.2760935 668.933044 173.102341
v 17.283083 669.611389 187.706161
v 8.08048916 663.094116 189.777222
v 15.5465927 664.614685 192.481155
v 11.6423254 654.547729 202.697128
v 2.16095924 662.355591 190.89595
v 7.76357079 649.297546 209.933075
v -0.374157548 663.333191 193.018585
v 2.54129076 657.706299 207.437332
v 0.132844746 662.261536 204.961426
v -2.08533955 668.758728 201.104721
v -5.19089699 675.154114 197.555405
v -10.7935915 673.908569 191.466858
v -0.741742611 680.623901 202.150146
v -9.15846443 672.015137 210.219482
v -15.9399786 662.799255 218.781601
v -17.7779713 660.919189 215.978027
v -19.0835438 656.028992 221.478043
v -20.490509 654.808044 220.169815
v -22.2144623 650.40094 230.218063
v -22.5693626 655.259827 220.697845
v -73.7583847 86.8639374 -92.7874908
v -84.9583282 109.504517 -99.0593262
v -80.1772995 86.7917328 -81.5518036
v -91.9712601 108.197906 -81.4414902
v -86.336235 86.7194824 -67.73172
v -91.8247147 144.154938 -102.336426
v -91.7717667 109.0923 -66.8650208
v -87.6337357 85.1988983 -24.1285133
v -96.8340912 144.155014 -83.5691757
v -104.201805 206.973648 -102.928062
v -90.6929398 147.762924 -66.223053
v -106.483795 183.115128 -79.6609955
v -99.8177719 185.403259 -63.9874115
v -91.5570221 108.851746 -21.4653416
v -84.3068848 87.3335495 31.4669285
v -89.4211426 108.920593 30.5214062
v -75.4400482 87.1891479 75.3854446
v -78.3422318 106.196449 79.0256195
v -89.934433 140.471008 -20.6560802
v -87.3369675 134.116699 30.9481201
v -77.4622421 120.494164 76.9300232
v -67.7439346 155.657196 -10.5990229
v -54.048996 132.889893 78.9601517
v -78.3422318 106.196449 79.0256195
v -62.5152626 151.157578 37.0311127
v -54.820961 109.744957 84.6040192
v -75.4400482 87.1891479 75.3854446
v -53.0121384 87.3335648 81.0111923
v -28.4911613 87.3335495 83.0439758
v -29.2542591 112.277313 85.108223
v -0.00867136847 87.2975006 81.7044373
v -28.7332878 137.494736 80.7362595
v -0.00858604256 113.231895 85.2818375
v -32.3768501 160.360916 38.0282364
v 29.2537766 112.27729 85.1082001
v 28.4905758 87.3335953 83.0439758
v -0.00866682827 139.31395 81.6241074
v 54.8205261 109.744957 84.6039734
v 52.9949188 87.3335266 81.0110016
v 75.4395905 87.1891403 75.3854294
v 78.3418427 106.196503 79.0254822
v 54.0486183 132.889862 78.9601746
v 77.4618073 120.494141 76.9300385
v 28.7327785 137.49469 80.7361374
v 87.3365479 134.116684 30.9480896
v 78.3418427 106.196503 79.0254822
v 62.5148735 151.157562 37.0311127
v 32.3763504 160.360947 38.0284081
v -0.00870968122 163.722275 40.2971268
v 67.743454 155.65712 -10.5989943
v 89.4206543 108.920616 30.521347
v 75.4395905 87.1891403 75.3854294
v 84.3064117 87.3334808 31.4668312
v 89.9339523 140.471039 -20.6561661
v 90.6923981 147.762909 -66.2230377
v 91.5566406 108.851723 -21.4652748
v 87.6333008 85.1988678 -24.1285305
v 91.7714157 109.092339 -66.865036
v 86.3358002 86.7194595 -67.7317581
v 33.8147583 167.204605 -4.339921
v 91.9708633 108.197929 -81.4415054
v 80.1769257 86.7917252 -81.5518188
v 84.9578705 109.504517 -99.0593414
v 73.7578659 86.8639374 -92.7874985
v 91.8241882 144.154984 -102.336456
v 96.8335724 144.155014 -83.5691757
v 104.201149 206.973633 -102.928093
v 106.483269 183.115128 -79.6610184
v 99.8173523 185.403275 -63.9874535
v 65.8809128 165.857773 -45.225502
v 62.7282753 201.768616 -41.9766045
v 32.0757828 174.582825 -38.3763123
v 55.5675316 226.508316 -45.4035683
v 84.2603073 221.080994 -52.7708893
v -0.00872656703 169.627228 -1.01020288
v 30.3054256 206.973602 -35.7226105
v 55.6462059 254.341415 -45.3622551
v 78.6565857 250.5224 -51.9668159
v 77.6805954 263.811981 -52.9809647
v -33.815361 167.204605 -4.33994293
v -0.00872924179 175.727188 -37.7024117
v 27.4505634 231.090149 -48.7303314
v -65.8812561 165.857773 -45.2255135
v -32.0763206 174.582825 -38.3763084
v -62.7285843 201.768555 -41.9766693
v -0.00879500341 209.462982 -34.9169006
v -30.3059139 206.973709 -35.7226715
v -55.5679283 226.508331 -45.4035683
v -84.260788 221.080841 -52.770916
v -27.4510784 231.090256 -48.7303658
v -55.6466522 254.341446 -45.3622437
v -78.6569595 250.522568 -51.966732
v -0.00868349709 232.59584 -44.5705223
v -27.1203537 254.890915 -50.0599098
v -55.6248093 266.707153 -47.1132355
v -77.681015 263.812012 -52.9809837
v -76.4430389 276.262207 -53.6452827
v 27.1198559 254.890915 -50.0599174
v -54.4245605 293.426117 -52.9439583
v -76.7497177 295.236511 -55.1249046
v -25.4351768 276.77713 -49.3578262
v -0.00869482942 257.376526 -41.2266312
v 55.6244965 266.707031 -47.1132317
v -51.2863808 317.298523 -47.4012871
v -76.3570557 317.260468 -53.1934357
v -0.00866636075 268.564453 -42.2746429
v 26.3025131 266.16037 -49.8283691
v 55.1475716 277.452026 -49.2525444
v 76.4389267 276.262207 -53.6452675
v -26.1330318 296.945953 -44.9704132
v -51.474823 338.78418 -39.1158371
v -75.6121292 338.489105 -48.8020058
v -0.0085828146 279.059753 -43.6230354
v 25.4346428 276.777069 -49.3578644
v 54.4240379 293.426147 -52.9439545
v 76.8250732 295.236542 -55.1249161
v -25.4723282 316.955475 -46.0521507
v -52.4344864 359.041138 -42.2324028
v -76.598732 358.20929 -50.0808296
v -79.1099548 380.739807 -47.1547508
v -0.0083185602 299.501831 -38.6247559
v 26.1325855 296.945923 -44.970417
v 51.2858582 317.298523 -47.4013176
v 76.3566818 317.260437 -53.1934319
v -23.0244656 338.280579 -45.5010567
v -0.00802745949 318.18988 -40.2988205
v 25.4719372 316.955505 -46.0521622
v 51.4743233 338.784241 -39.1158371
v 75.6115799 338.488983 -48.8020058
v 23.0239391 338.280731 -45.5009575
v 52.4339104 359.04129 -42.2324066
v 76.5981369 358.209198 -50.0808525
v 79.1094437 380.739868 -47.1547241
v -0.00758506916 338.020355 -47.8167305
v -23.9883614 359.079102 -40.3526993
v 23.9878445 359.079163 -40.3526764
v 55.1665306 378.312439 -41.5516701
v -0.00727870222 359.421051 -35.3183441
v -55.1670609 378.312378 -41.5516434
v 57.7523079 412.835541 -31.795578
v 84.4951324 414.924438 -38.2522583
v 92.4361496 449.0289 -36.0174789
v 24.8423538 380.442139 -38.2662506
v -24.8428535 380.442291 -38.2662735
v -57.7528687 412.835602 -31.7955685
v -84.4957809 414.92453 -38.252224
v -92.436821 449.029022 -36.0174637
v 64.818306 449.760376 -29.7283249
v 103.568504 478.749451 -26.4711914
v -0.00702844141 379.281586 -32.0564575
v 26.7788715 413.213043 -38.0846291
v -26.7794914 413.212952 -38.0846252
v -64.8190536 449.760376 -29.7283268
v -103.569298 478.749512 -26.4711437
v -0.00677836919 412.131744 -43.9442673
v 30.0607357 445.965576 -36.0812607
v 70.5401993 477.065308 -32.3006744
v 116.844353 505.294678 -15.3306112
v -0.00677533215 445.152954 -42.2267075
v 50.6070137 462.202026 -37.2689781
v 29.4969616 477.15448 -20.6404877
v 81.0488968 508.365295 -11.2567005
v 128.510742 523.747131 -7.9829917
v 84.3685989 524.750793 -9.4543581
v 139.495209 540.807739 -0.210178331
v 37.0326309 504.598541 -26.7354126
v 89.2745743 540.802063 -10.273592
v 136.276505 562.207825 4.8137536
v 94.2756424 557.876526 -18.0548096
v 39.4447975 521.602234 -32.8301888
v 41.1368561 533.714783 -46.0597076
v 45.1068878 542.032715 -57.8835373
v -0.00672937511 476.998871 -21.6394577
v -0.00663023116 505.195374 -20.019331
v -0.00656083506 522.646362 -32.4350624
v -0.00654760236 531.928406 -48.0984612
v -0.00658915611 539.783325 -58.0192757
v -45.1075363 542.032532 -57.8835487
v -41.1373825 533.714417 -46.0596962
v -94.2763062 557.876221 -18.0547371
v -39.4453316 521.602295 -32.8301315
v -89.2751999 540.802185 -10.2735071
v -136.27713 562.207581 4.81377745
v -139.495926 540.8078 -0.210098803
v -84.369278 524.750854 -9.4543438
v -128.511246 523.747314 -7.98295498
v -37.0330772 504.598541 -26.7353859
v -81.04953 508.365326 -11.2566986
v -116.845123 505.294952 -15.3305902
v -29.4975815 477.15451 -20.6405125
v -70.5409317 477.065369 -32.300705
v -30.0612011 445.965576 -36.0812187
v -51.2152634 460.554413 -36.1676865
v 129.40062 139.200516 141.030914
v 130.231934 138.904602 143.332367
v 128.702972 141.767319 140.738876
v 125.749962 144.69133 140.689667
v 127.494614 140.822556 150.891281
v 128.138733 136.941925 150.113632
v 126.234703 136.225342 151.557785
v 117.654861 147.328049 149.891281
v 119.821548 149.230774 143.127579
v 122.817429 147.652542 140.628922
v 120.3041 148.249512 140.856033
v 116.963646 145.391937 151.333038
v 111.047607 138.770782 147.471268
v 120.352837 129.375519 147.722076
v 117.654861 147.328049 149.891281
v 128.138733 136.941925 150.113632
v 130.231934 138.904602 143.332367
v 119.821548 149.230774 143.127579
v 124.151558 131.667511 139.507172
v 129.40062 139.200516 141.030914
v 124.33239 133.147507 137.277298
v 118.194717 127.256859 132.94075
v 109.20166 118.521172 126.442978
v 113.531822 122.713692 128.591629
v 109.896904 119.954468 125.703247
v 106.638947 116.151527 130.523712
v 111.85463 124.584824 142.244766
v 105.906616 116.254539 132.052231
v 99.9368134 122.646118 131.852493
v 101.995277 126.051491 135.943771
v 99.9359283 123.327545 130.277969
v 99.9359283 123.327545 130.277969
v 106.638947 116.151527 130.523712
v 113.537964 142.306244 139.252304
v 110.090019 135.516739 132.714249
v 120.3041 148.249512 140.856033
v 102.432381 125.726715 126.202545
v 122.817429 147.652542 140.628922
v 103.840889 126.390457 125.495537
v 125.749962 144.69133 140.689667
v 104.824554 125.115685 124.735291
v 116.743149 129.307571 132.271439
v 106.788414 123.042763 124.793678
v 108.721153 120.968864 124.853394
v 109.896904 119.954468 125.703247
v 113.531822 122.713692 128.591629
v 118.194717 127.256859 132.94075
v 128.702972 141.767319 140.738876
v 124.33239 133.147507 137.277298
v 129.40062 139.200516 141.030914
v 109.20166 118.521172 126.442978
v 109.896904 119.954468 125.703247
v 108.721153 120.968864 124.853394
v 106.788414 123.042763 124.793678
v 104.824554 125.115685 124.735291
v 102.432381 125.726715 126.202545
v 103.840889 126.390457 125.495537
v 138.168701 135.02919 140.261017
v 139.475937 134.567093 142.466309
v 137.348526 137.59697 140.343216
v 138.578568 131.792603 149.242676
v 127.85614 141.57254 151.152161
v 131.41478 143.296448 141.577499
v 136.984879 130.810989 150.780411
v 128.838699 144.368271 144.508392
v 128.984238 143.723633 142.133087
v 127.512993 139.421631 152.42334
v 121.607231 133.073654 148.849915
v 127.85614 141.57254 151.152161
v 130.814301 124.014275 146.75415
v 138.578568 131.792603 149.242676
v 139.475937 134.567093 142.466309
v 107.468628 119.424774 133.818451
v 122.378288 137.541 140.808929
v 128.838699 144.368271 144.508392
v 128.984238 143.723633 142.133087
v 123.430466 137.999008 138.46254
v 117.760307 131.326569 134.504822
v 113.003258 126.423035 130.871643
v 108.732437 122.16436 129.535706
v 109.857368 122.863121 128.544418
v 110.905624 121.544456 138.769638
v 107.907646 118.618896 135.220367
v 113.474106 112.380905 133.281372
v 118.475014 114.781929 134.731186
v 113.737885 112.435356 131.642578
v 113.737885 112.435356 131.642578
v 110.554237 121.698799 127.470528
v 107.468628 119.424774 133.818451
v 108.732437 122.16436 129.535706
v 109.857368 122.863121 128.544418
v 115.002968 115.176323 127.372162
v 114.13398 117.686485 126.22213
v 115.45694 116.623863 126.615761
v 115.45694 116.623863 126.615761
v 115.002968 115.176323 127.372162
v 124.02198 125.317505 132.115158
v 138.168701 135.02919 140.261017
v 137.348526 137.59697 140.343216
v 114.13398 117.686485 126.22213
v 131.41478 143.296448 141.577499
v 117.760307 131.326569 134.504822
v 110.554237 121.698799 127.470528
v 123.430466 137.999008 138.46254
v 128.984238 143.723633 142.133087
v 113.003258 126.423035 130.871643
v 109.857368 122.863121 128.544418
v 116.399994 156.490829 139.219437
v 118.896973 155.742783 139.478256
v 115.756927 157.936035 141.346771
v 112.573189 157.514709 148.013489
v 122.228806 147.118851 150.886642
v 124.554245 150.042191 141.246765
v 111.569794 155.992844 149.551468
v 125.474899 147.680771 144.358582
v 125.022179 147.635452 141.957123
v 120.0504 146.813965 152.065033
v 114.274536 140.390091 148.44931
v 122.228806 147.118851 150.886642
v 125.474899 147.680771 144.358582
v 105.634598 149.400101 145.412827
v 112.573189 157.514709 148.013489
v 119.232216 140.682434 140.644211
v 125.022179 147.635452 141.957123
v 119.826263 141.556503 138.269882
v 113.744644 135.386917 134.275696
v 109.430511 130.111115 130.649719
v 105.449493 125.637466 129.339157
v 106.191078 126.704155 128.318085
v 102.504501 124.731827 133.496918
v 104.223495 128.57222 138.350204
v 101.617088 125.313194 134.806519
v 111.066078 150.476288 135.161148
v 115.756927 157.936035 141.346771
v 116.399994 156.490829 139.219437
v 118.896973 155.742783 139.478256
v 95.9990921 130.978119 132.149445
v 101.002655 137.067368 129.063187
v 96.161293 131.111801 130.510513
v 99.0176544 132.074463 126.353416
v 100.430786 132.447159 125.677536
v 101.465576 131.04213 125.418541
v 96.161293 131.111801 130.510513
v 113.744644 135.386917 134.275696
v 105.166245 127.365883 127.138229
v 124.554245 150.042191 141.246765
v 109.430511 130.111115 130.649719
v 106.191078 126.704155 128.318085
v 119.826263 141.556503 138.269882
v 125.022179 147.635452 141.957123
v 105.166245 127.365883 127.138229
v 102.504501 124.731827 133.496918
v 105.449493 125.637466 129.339157
v 106.191078 126.704155 128.318085
v 99.0176544 132.074463 126.353416
v 101.465576 131.04213 125.418541
v 100.430786 132.447159 125.677536
v 80.9826279 108.155083 -50.9964485
v 84.4682465 106.945786 48.7222366
v 94.0813828 100.675995 -55.0935936
v 99.7354507 96.2030258 47.9973564
v 85.3061905 105.769257 70.5159988
v 100.839287 94.9204941 76.1417923
v 85.607811 105.492226 75.1017532
v 87.568512 107.464371 80.4437714
v 90.3000641 110.258377 84.5251923
v 103.339752 98.0839996 87.2198792
v 124.039238 92.941452 93.3183594
v 106.835907 95.8364334 -59.8683624
v 123.890274 88.9253082 84.5567474
v 152.522949 98.054512 105.467987
v 121.578461 90.6000061 51.2435646
v 121.209282 95.7075348 -65.8565521
v 157.223434 94.6710587 97.71492
v 157.109024 94.2775879 91.72686
v 152.223175 94.2618408 55.3565521
v 182.746658 112.823448 115.821289
v 178.602081 114.883926 119.398613
v 198.365173 134.049164 132.33812
v 175.655151 106.430298 60.3518448
v 135.811432 102.551903 -73.7199478
v 144.71727 110.859871 -78.557785
v 185.141663 111.936211 112.291328
v 204.456406 132.615814 129.867065
v 213.325211 157.736557 146.632797
v 185.067551 111.166275 106.98082
v 194.552902 124.783165 65.2866592
v 150.161407 122.25737 -82.3118515
v 218.812561 157.630707 143.860001
v 219.227356 180.971924 158.122086
v 206.804337 132.457443 125.907448
v 205.873199 131.314087 118.77449
v 207.021622 146.181885 69.4786377
v 151.494827 135.640549 -84.4349289
v 220.687317 157.69664 139.223526
v 220.789505 156.437958 132.224121
v 212.269852 165.762299 72.7222595
v 148.798141 146.070755 -84.5398407
v 228.700363 180.88765 141.411713
v 210.637238 190.121826 76.196579
v 141.861893 156.237305 -83.4072723
v 229.178223 181.250732 150.789368
v 226.703705 208.730072 147.915512
v 198.388962 213.394745 80.6089325
v 132.299271 164.51799 -81.2221832
v 227.135056 181.448349 157.015732
v 214.086792 234.410675 151.286407
v 180.908371 228.227081 84.6437302
v 120.100586 169.442169 -77.7994003
v 227.510178 209.928299 159.052307
v 224.90097 208.354019 166.11937
v 217.274353 204.086304 166.834991
v 208.155014 226.026108 172.88269
v 214.255325 232.206848 170.689621
v 193.149353 237.606857 171.177811
v 214.672333 235.909119 162.643417
v 196.881439 246.994583 168.592041
v 175.131226 243.315048 167.431732
v 195.284607 249.039764 150.652069
v 196.491928 249.187119 160.981903
v 175.98494 252.467697 164.669937
v 151.934113 242.353165 158.487061
v 174.816193 254.582047 157.137482
v 152.619293 250.553055 157.128754
v 126.602211 229.735184 144.562241
v 172.98056 254.819702 148.767105
v 127.777145 238.642273 144.217667
v 109.283043 211.905014 130.547638
v 150.486191 252.11171 150.157745
v 108.400551 219.646027 130.032791
v 96.5182037 193.458099 118.004761
v 126.691071 241.188141 138.446976
v 92.6222534 196.904587 115.381531
v 88.2786484 171.921631 106.775673
v 161.91217 234.571655 85.6079865
v 109.709015 170.676163 -73.0448685
v 139.864868 233.989502 83.7605362
v 97.8269043 167.606506 -66.5029221
v 149.028793 252.277496 142.049835
v 117.093513 225.994812 79.0876312
v 90.3189697 162.97168 -61.7782707
v 106.937759 223.262283 124.384872
v 88.1891098 201.362381 105.272583
v 124.593597 240.500656 129.655609
v 98.8384323 212.305008 73.8894043
v 80.0496521 154.340515 -55.2596359
v 105.615562 224.024384 118.257774
v 85.6835556 193.757462 68.0701294
v 77.4712906 171.994339 63.0108376
v 74.1673203 143.763962 -51.1639824
v 71.7074127 130.726303 -49.070137
v 81.6235504 175.786987 104.439873
v 78.4667358 179.048279 94.5747833
v 73.9551849 154.367706 83.4702606
v 73.240654 117.826248 -48.6960144
v 77.3250504 152.766556 94.5886536
v 81.5216827 148.932999 97.0268707
v 74.9550095 153.925308 89.7439346
v 77.7930145 125.826973 83.8682709
v 84.063942 126.672546 88.8026047
v 75.093895 125.522499 73.8598099
v 87.568512 107.464371 80.4437714
v 90.3000641 110.258377 84.5251923
v 85.607811 105.492226 75.1017532
v 85.3061905 105.769257 70.5159988
v 84.4682465 106.945786 48.7222366
v 80.9826279 108.155083 -50.9964485
v 125.434929 159.76329 152.211456
v 140.787979 162.637344 165.825882
v 133.161484 160.720322 155.467209
v 128.944717 162.726212 159.463913
v 135.169357 164.385544 166.2724
v 116.344521 172.642059 153.826904
v 141.141083 163.311081 169.216232
v 139.191315 172.088684 168.638321
v 148.085236 170.933701 172.490311
v 121.880043 159.211777 153.700943
v 134.446198 171.092316 164.768509
v 143.793213 174.965744 171.622772
v 143.409927 180.974808 157.530624
v 147.748566 179.3172 174.205246
v 150.326477 183.80925 176.395966
v 158.916885 182.568802 179.616501
v 157.424179 190.408218 179.34404
v 168.821838 192.050537 175.582413
v 150.806824 189.535721 177.245117
v 155.499405 198.56665 176.591949
v 149.126373 195.610031 175.919388
v 152.586472 194.47699 165.194229
v 150.456985 189.300644 160.094208
v 145.447296 200.747314 171.758194
v 146.717422 210.226578 166.717575
v 163.157562 210.955017 167.848373
v 175.436417 198.38269 172.386108
v 184.265945 206.606308 164.339386
v 148.892975 199.024704 162.868973
v 171.101364 217.662613 160.675476
v 190.402939 212.081955 154.991516
v 140.166641 204.476349 166.706543
v 155.709076 217.763336 160.322998
v 146.320358 220.824036 150.185516
v 134.426697 206.350021 161.346191
v 166.962341 226.09523 149.333206
v 176.409485 222.272919 153.524475
v 181.626831 226.31868 143.764816
v 194.999084 216.042648 145.06337
v 174.576523 229.095856 140.801453
v 184.098175 227.255127 135.219482
v 197.061584 217.504181 136.23793
v 197.097412 216.811844 126.880722
v 167.747421 228.943054 133.945969
v 183.569794 226.587204 126.653496
v 194.319214 213.378159 119.019539
v 176.237274 228.792084 128.158401
v 180.428375 223.860382 119.166161
v 188.830566 207.180115 110.900543
v 171.769943 226.457626 121.043144
v 175.193802 218.080139 110.919975
v 183.794449 201.695389 106.326553
v 170.114182 212.673645 105.951309
v 189.623947 182.925385 105.211746
v 165.650558 221.947861 113.31794
v 154.307831 221.83493 118.500351
v 161.007126 216.275085 107.638702
v 156.617996 209.790619 105.171349
v 144.359482 221.386063 137.821732
v 149.682709 217.177307 112.213806
v 158.889084 199.266357 105.216942
v 171.250168 189.009445 105.254578
v 127.421715 213.813293 121.98909
v 146.027008 211.147736 108.661034
v 150.944992 188.967346 109.78817
v 152.362228 155.882034 116.836517
v 132.437515 164.042435 117.829781
v 140.144775 157.951248 117.297859
v 121.73291 138.657501 117.295311
v 134.534546 202.268784 111.286591
v 122.963638 208.255798 115.722954
v 124.531258 201.136032 113.44622
v 125.719872 193.995529 114.777596
v 128.069168 182.776932 117.470856
v 125.062973 176.170074 119.663841
v 121.960182 169.325165 121.385574
v 118.9786 162.577255 120.985809
v 111.345909 148.00441 118.231689
v 110.069237 142.527222 119.179115
v 125.569977 126.941826 120.047363
v 121.606979 127.606308 121.798431
v 110.673843 138.682541 121.18856
v 112.035896 135.364273 123.661339
v 118.153564 129.124664 124.010551
v 114.277779 131.687149 127.552711
v 140.066879 154.011749 155.739395
v 125.434929 159.76329 152.211456
v 133.161484 160.720322 155.467209
v 140.787979 162.637344 165.825882
v 141.885483 150.134857 159.971298
v 142.708069 157.102844 166.543335
v 152.785751 137.13623 155.349136
v 141.141083 163.311081 169.216232
v 139.696091 145.842148 152.809174
v 130.787842 151.23288 156.203217
v 150.006256 161.759003 168.998413
v 148.085236 170.933701 172.490311
v 139.138947 142.281738 154.435226
v 134.367294 144.078537 154.391632
v 126.940605 136.564102 148.437881
v 149.539963 156.577545 165.304688
v 148.618332 131.104843 147.380966
v 152.426956 166.799759 171.896988
v 159.752533 165.591797 158.11377
v 156.442917 171.126846 174.487305
v 160.795059 174.058762 176.74501
v 158.916885 182.568802 179.616501
v 167.173996 181.412399 179.655975
v 168.821838 192.050537 175.582413
v 166.654373 174.848495 177.756409
v 175.901718 179.619202 177.307617
v 173.09613 173.336807 176.735168
v 172.65831 175.858215 165.9198
v 167.796097 173.156403 160.720215
v 178.805862 169.611694 172.956009
v 188.758377 170.800674 168.373199
v 189.131027 186.616226 168.949646
v 175.436417 198.38269 172.386108
v 184.265945 206.606308 164.339386
v 177.625595 172.294037 163.928726
v 196.251495 193.928589 161.904922
v 190.402939 212.081955 154.991516
v 201.57045 184.758926 157.142593
v 200.291031 169.509735 152.648712
v 201.246231 198.719452 154.856262
v 183.058807 164.196869 168.300247
v 185.386917 158.247101 163.315231
v 205.594238 189.375031 151.358917
v 205.821655 203.311935 145.177155
v 194.999084 216.042648 145.06337
v 208.973206 196.312561 142.768692
v 207.312851 205.136337 136.60054
v 197.061584 217.504181 136.23793
v 197.097412 216.811844 126.880722
v 209.432922 189.161346 136.245834
v 207.277161 203.975479 128.057266
v 194.319214 213.378159 119.019539
v 209.512756 197.020401 130.090256
v 205.246582 200.210419 120.594215
v 188.830566 207.180115 110.900543
v 204.119736 185.343353 115.384041
v 200.284241 194.268097 112.282417
v 183.794449 201.695389 106.326553
v 195.378342 188.80191 107.282333
v 189.623947 182.925385 105.211746
v 199.044144 180.263596 109.622299
v 203.60968 174.847656 121.026199
v 201.598114 166.766876 140.535233
v 193.83754 165.931091 111.012947
v 199.445618 169.89473 114.729561
v 195.020126 148.845825 125.215599
v 182.180832 177.569336 106.342201
v 171.250168 189.009445 105.254578
v 152.362228 155.882034 116.836517
v 190.074051 143.670944 118.971306
v 184.983612 154.474823 113.663467
v 183.601974 144.603928 116.265137
v 176.648056 145.342026 117.156754
v 165.33226 147.128815 119.163383
v 158.660278 143.815552 121.198997
v 146.42218 150.490829 118.480644
v 140.144775 157.951248 117.297859
v 151.738434 140.352921 122.777794
v 145.158722 136.951614 122.246941
v 121.73291 138.657501 117.295311
v 131.070602 128.310593 119.312706
v 125.569977 126.941826 120.047363
v 140.066879 154.011749 155.739395
v 130.787842 151.23288 156.203217
v 123.81041 154.433746 153.929047
v 126.940605 136.564102 148.437881
v 112.198524 140.037491 142.402374
v 117.790634 128.937897 139.15892
v 111.146385 134.016769 135.433212
v 111.406166 167.708939 145.677216
v 103.020958 152.455872 132.230423
v 108.724442 160.297455 139.469498
v 103.337379 146.161423 130.496124
v 103.141502 147.83252 125.650414
v 114.277779 131.687149 127.552711
v 112.035896 135.364273 123.661339
v 110.673843 138.682541 121.18856
v 110.069237 142.527222 119.179115
v 106.597168 152.041794 120.75251
v 111.345909 148.00441 118.231689
v 118.9786 162.577255 120.985809
v 102.78614 154.536484 126.23584
v 110.920631 167.540329 126.919998
v 121.960182 169.325165 121.385574
v 106.865349 164.117279 132.203384
v 107.558472 169.961914 134.666992
v 110.621056 174.668915 126.814415
v 125.062973 176.170074 119.663841
v 108.082466 185.039795 123.687653
v 128.069168 182.776932 117.470856
v 125.719872 193.995529 114.777596
v 103.860214 179.82254 131.873764
v 104.884178 181.965195 140.419785
v 114.779724 199.197556 117.065063
v 124.531258 201.136032 113.44622
v 122.963638 208.255798 115.722954
v 109.578583 185.693008 147.033325
v 104.816299 191.867889 137.70018
v 114.816032 203.339325 146.396225
v 104.146378 188.151154 128.097214
v 113.656616 204.981888 120.617767
v 118.050682 182.633087 150.823593
v 107.148643 200.000641 128.852921
v 111.184776 205.421204 136.149689
v 119.441978 211.439682 126.500595
v 123.637802 213.674011 140.312332
v 129.824249 212.730301 151.883102
v 121.72963 176.216522 155.657806
v 137.264328 213.090958 158.234665
v 128.435898 205.187958 155.608963
v 132.254593 201.390198 150.558273
v 124.644814 203.190918 152.673279
v 120.695152 200.278244 150.744553
v 117.709488 194.913086 149.345978
v 125.709389 196.943665 146.623978
v 122.095932 188.352478 146.26178
v 144.272308 197.452789 153.614212
v 133.033585 195.23497 146.040619
v 139.715851 187.502304 150.36409
v 129.308945 184.327499 148.494141
v 137.261047 179.586395 154.743729
v -129.40062 139.200546 141.03093
v -128.702972 141.767334 140.738892
v -130.231934 138.904617 143.332382
v -125.749962 144.69136 140.689682
v -127.494614 140.822586 150.891312
v -128.138733 136.941956 150.113663
v -126.234703 136.225372 151.557816
v -117.654861 147.328079 149.891312
v -119.821548 149.230804 143.127609
v -122.817429 147.652573 140.628952
v -120.3041 148.249542 140.856049
v -116.963646 145.391953 151.333069
v -111.047607 138.770813 147.471283
v -120.352837 129.375534 147.722092
v -117.654861 147.328079 149.891312
v -128.138733 136.941956 150.113663
v -130.231934 138.904617 143.332382
v -119.821548 149.230804 143.127609
v -124.151558 131.667542 139.507187
v -129.40062 139.200546 141.03093
v -124.33239 133.147522 137.277313
v -118.194717 127.256882 132.940765
v -109.20166 118.521187 126.442993
v -113.531822 122.713707 128.591644
v -109.896904 119.954491 125.70327
v -106.638947 116.15155 130.523727
v -111.85463 124.584839 142.244797
v -105.906616 116.254555 132.052246
v -99.9368134 122.646141 131.852524
v -101.995277 126.051514 135.943771
v -99.9359283 123.327553 130.278
v -99.9359283 123.327553 130.278
v -106.638947 116.15155 130.523727
v -113.537964 142.306259 139.252319
v -110.090019 135.516769 132.714264
v -120.3041 148.249542 140.856049
v -102.432381 125.726738 126.202553
v -122.817429 147.652573 140.628952
v -103.840889 126.390472 125.495544
v -125.749962 144.69136 140.689682
v -104.824554 125.1157 124.735313
v -116.743149 129.307587 132.271454
v -106.788414 123.042778 124.793701
v -108.721153 120.968887 124.853416
v -109.896904 119.954491 125.70327
v -113.531822 122.713707 128.591644
v -118.194717 127.256882 132.940765
v -128.702972 141.767334 140.738892
v -124.33239 133.147522 137.277313
v -129.40062 139.200546 141.03093
v -109.20166 118.521187 126.442993
v -108.721153 120.968887 124.853416
v -109.896904 119.954491 125.70327
v -106.788414 123.042778 124.793701
v -104.824554 125.1157 124.735313
v -102.432381 125.726738 126.202553
v -103.840889 126.390472 125.495544
v -138.168701 135.029221 140.261047
v -137.348526 137.597 140.343246
v -139.475937 134.567123 142.466339
v -138.578568 131.792633 149.242706
v -127.85614 141.572571 151.152176
v -131.41478 143.296478 141.57753
v -136.984879 130.81102 150.780441
v -128.838699 144.368301 144.508408
v -128.984238 143.723663 142.133118
v -127.512993 139.421646 152.423355
v -121.607231 133.073669 148.84993
v -127.85614 141.572571 151.152176
v -130.814301 124.014297 146.754166
v -138.578568 131.792633 149.242706
v -139.475937 134.567123 142.466339
v -107.468628 119.424789 133.818466
v -122.378288 137.541031 140.80896
v -128.838699 144.368301 144.508408
v -128.984238 143.723663 142.133118
v -123.430466 137.999023 138.46257
v -117.760307 131.326584 134.504837
v -113.003258 126.423058 130.871674
v -108.732437 122.164375 129.535736
v -109.857368 122.863144 128.544434
v -110.905624 121.544479 138.769653
v -107.907646 118.618912 135.220383
v -113.474106 112.380928 133.281387
v -118.475014 114.781952 134.731201
v -113.737885 112.435379 131.642609
v -113.737885 112.435379 131.642609
v -110.554237 121.698814 127.470543
v -107.468628 119.424789 133.818466
v -108.732437 122.164375 129.535736
v -109.857368 122.863144 128.544434
v -115.002968 115.176346 127.372192
v -114.13398 117.686501 126.222145
v -115.45694 116.623886 126.615776
v -115.45694 116.623886 126.615776
v -115.002968 115.176346 127.372192
v -124.02198 125.317528 132.115189
v -138.168701 135.029221 140.261047
v -137.348526 137.597 140.343246
v -114.13398 117.686501 126.222145
v -131.41478 143.296478 141.57753
v -117.760307 131.326584 134.504837
v -110.554237 121.698814 127.470543
v -123.430466 137.999023 138.46257
v -128.984238 143.723663 142.133118
v -113.003258 126.423058 130.871674
v -109.857368 122.863144 128.544434
v -116.399994 156.490845 139.219467
v -115.756927 157.936066 141.346786
v -118.896973 155.742813 139.478271
v -112.573189 157.514725 148.013519
v -122.228806 147.118881 150.886673
v -124.554245 150.042221 141.24678
v -111.569794 155.992874 149.551498
v -125.474899 147.680786 144.358612
v -125.022179 147.635468 141.957138
v -120.0504 146.81398 152.065063
v -114.274536 140.390121 148.449326
v -122.228806 147.118881 150.886673
v -125.474899 147.680786 144.358612
v -105.634598 149.400131 145.412842
v -112.573189 157.514725 148.013519
v -119.232216 140.682465 140.644241
v -125.022179 147.635468 141.957138
v -119.826263 141.556534 138.269897
v -113.744644 135.386932 134.275711
v -109.430511 130.111145 130.649734
v -105.449493 125.637474 129.339172
v -106.191078 126.704178 128.3181
v -102.504501 124.731842 133.496933
v -104.223495 128.572235 138.350235
v -101.617088 125.31321 134.806534
v -111.066078 150.476318 135.161163
v -115.756927 157.936066 141.346786
v -116.399994 156.490845 139.219467
v -118.896973 155.742813 139.478271
v -95.9990921 130.978134 132.14946
v -101.002655 137.067383 129.063202
v -96.161293 131.111816 130.510529
v -99.0176544 132.074493 126.353432
v -100.430786 132.447189 125.677559
v -101.465576 131.042145 125.418564
v -96.161293 131.111816 130.510529
v -113.744644 135.386932 134.275711
v -105.166245 127.365906 127.138252
v -124.554245 150.042221 141.24678
v -109.430511 130.111145 130.649734
v -106.191078 126.704178 128.3181
v -119.826263 141.556534 138.269897
v -125.022179 147.635468 141.957138
v -105.166245 127.365906 127.138252
v -102.504501 124.731842 133.496933
v -105.449493 125.637474 129.339172
v -106.191078 126.704178 128.3181
v -99.0176544 132.074493 126.353432
v -101.465576 131.042145 125.418564
v -100.430786 132.447189 125.677559
v -80.982666 108.155098 -50.9964333
v -94.0814209 100.67601 -55.0935783
v -84.4682693 106.945808 48.7222481
v -99.735466 96.2030411 47.9973717
v -85.3062057 105.769272 70.5160141
v -100.839302 94.9205093 76.1418076
v -85.6078339 105.492233 75.1017685
v -87.5685349 107.464394 80.443779
v -90.300087 110.258392 84.5252151
v -103.339775 98.0840149 87.219902
v -124.039253 92.9414749 93.3183746
v -106.835945 95.8364563 -59.8683434
v -123.890289 88.9253311 84.5567627
v -152.52298 98.0545425 105.468018
v -121.578484 90.600029 51.2435837
v -121.20932 95.7075577 -65.8565292
v -157.22345 94.6710892 97.7149506
v -157.109055 94.2776031 91.7268906
v -152.223206 94.2618713 55.3565826
v -182.746658 112.823471 115.82132
v -178.602081 114.883949 119.398643
v -198.365173 134.049194 132.338165
v -175.655197 106.430336 60.3518753
v -135.811478 102.551933 -73.7199249
v -144.7173 110.859894 -78.5577545
v -185.141663 111.936249 112.291351
v -204.456406 132.615845 129.867111
v -213.325211 157.736603 146.632828
v -185.067551 111.166306 106.980858
v -194.552902 124.783188 65.2866898
v -150.161453 122.257401 -82.3118362
v -218.812561 157.630753 143.860031
v -219.227356 180.97197 158.122131
v -206.804337 132.457489 125.907486
v -205.873199 131.314117 118.774529
v -207.021622 146.181931 69.4786835
v -151.494873 135.640579 -84.4348984
v -220.687317 157.696671 139.223557
v -220.789505 156.437988 132.224167
v -212.269852 165.762344 72.72229
v -148.798187 146.070786 -84.5398102
v -228.700363 180.887695 141.411758
v -210.637238 190.121872 76.1966171
v -141.861923 156.237335 -83.4072418
v -229.178223 181.250778 150.789413
v -198.388962 213.39476 80.6089706
v -132.299301 164.518005 -81.2221527
v -226.703705 208.730118 147.915558
v -227.135056 181.448395 157.015778
v -180.908371 228.227112 84.6437607
v -120.100624 169.4422 -77.7993851
v -214.086792 234.410721 151.286453
v -227.510178 209.928329 159.052353
v -224.90097 208.354065 166.119415
v -217.274353 204.086319 166.835037
v -208.155014 226.026154 172.882736
v -214.255295 232.206894 170.689667
v -193.149307 237.606888 171.177826
v -214.672333 235.909149 162.643448
v -196.881409 246.994598 168.592087
v -175.131195 243.315079 167.431778
v -195.284607 249.039795 150.6521
v -196.491898 249.187164 160.981949
v -175.984894 252.467712 164.669983
v -151.934082 242.353195 158.487091
v -174.816147 254.582077 157.137512
v -152.619278 250.553101 157.128769
v -126.602196 229.735214 144.562256
v -172.98053 254.819717 148.767136
v -150.486176 252.11174 150.157776
v -127.777122 238.642303 144.217682
v -109.283043 211.905029 130.547668
v -108.400536 219.646057 130.032806
v -96.5182037 193.458115 118.004784
v -126.691055 241.188156 138.447006
v -92.6222534 196.904587 115.381554
v -88.2786484 171.921661 106.775688
v -161.91217 234.571671 85.608017
v -109.709053 170.676193 -73.0448456
v -139.864868 233.989532 83.7605667
v -97.8269424 167.606522 -66.5028992
v -149.028778 252.277512 142.049866
v -117.093513 225.994843 79.0876541
v -90.3190079 162.97168 -61.7782516
v -106.937744 223.262299 124.384888
v -88.1891098 201.362396 105.272598
v -124.593582 240.500671 129.655624
v -98.8384323 212.305038 73.8894196
v -80.0496826 154.34053 -55.2596245
v -105.615562 224.024414 118.25779
v -85.6835556 193.757477 68.0701447
v -77.4712982 171.994354 63.0108528
v -74.1673584 143.763977 -51.1639671
v -71.7074509 130.726318 -49.0701256
v -81.6235504 175.787003 104.439888
v -78.4667358 179.048279 94.574791
v -73.9551926 154.367737 83.4702682
v -73.2406921 117.826256 -48.6959991
v -77.325058 152.766571 94.5886688
v -81.5216904 148.933014 97.026886
v -74.9550247 153.925323 89.7439499
v -77.7930222 125.826988 83.8682785
v -84.0639648 126.672554 88.8026123
v -75.0939178 125.522507 73.8598251
v -87.5685349 107.464394 80.443779
v -90.300087 110.258392 84.5252151
v -85.6078339 105.492233 75.1017685
v -85.3062057 105.769272 70.5160141
v -84.4682693 106.945808 48.7222481
v -80.982666 108.155098 -50.9964333
v -125.434929 159.763306 152.211487
v -133.161484 160.720352 155.467224
v -140.787979 162.63736 165.825912
v -128.944717 162.726227 159.463928
v -135.169357 164.385559 166.27243
v -116.344521 172.64209 153.826935
v -141.141083 163.311111 169.216263
v -139.191315 172.088715 168.638336
v -148.085236 170.933731 172.490326
v -121.880043 159.211807 153.700958
v -134.446198 171.092346 164.768524
v -143.793198 174.965759 171.622787
v -143.409927 180.974838 157.530655
v -147.748535 179.317245 174.205276
v -150.326447 183.809296 176.396011
v -158.916855 182.568848 179.616531
v -157.424164 190.408264 179.344055
v -168.821838 192.050583 175.582443
v -150.806808 189.535751 177.245132
v -155.49939 198.566696 176.591965
v -149.126358 195.610077 175.919403
v -152.586456 194.477005 165.19426
v -150.456955 189.300659 160.094238
v -145.447281 200.747345 171.758224
v -146.717407 210.226593 166.71759
v -163.157547 210.955032 167.848389
v -175.436417 198.382736 172.386124
v -184.265945 206.606323 164.339432
v -148.89296 199.024719 162.869003
v -171.101364 217.662659 160.675507
v -190.402939 212.081985 154.991547
v -140.166611 204.476364 166.706573
v -155.709045 217.763351 160.323029
v -146.320343 220.824051 150.185547
v -134.426682 206.350037 161.346207
v -166.962341 226.095245 149.333237
v -176.409485 222.272964 153.524506
v -181.626831 226.31871 143.764862
v -194.999084 216.042664 145.063416
v -174.576523 229.095871 140.801483
v -184.098175 227.255173 135.219528
v -197.061584 217.504211 136.237976
v -197.097412 216.81189 126.88076
v -167.747421 228.9431 133.945999
v -183.569794 226.587219 126.653534
v -194.319214 213.378204 119.019569
v -176.237274 228.792099 128.158432
v -180.428375 223.860428 119.166191
v -188.830566 207.180145 110.900581
v -171.769943 226.457657 121.043182
v -175.193802 218.08017 110.920006
v -183.794449 201.695404 106.326576
v -170.114182 212.67366 105.951332
v -189.623947 182.9254 105.211784
v -165.650558 221.947906 113.317963
v -154.307831 221.834961 118.500381
v -161.007126 216.275116 107.638718
v -156.617996 209.790634 105.171371
v -144.359467 221.386108 137.821762
v -149.682709 217.177338 112.213829
v -158.889084 199.266388 105.216972
v -171.250168 189.009476 105.254608
v -127.421715 213.813309 121.989105
v -146.027008 211.147751 108.661064
v -150.944992 188.967361 109.7882
v -152.362228 155.882065 116.836548
v -132.437515 164.04245 117.829803
v -140.144775 157.951279 117.29789
v -121.73291 138.657532 117.295326
v -134.534546 202.268799 111.286621
v -122.963638 208.255814 115.722977
v -124.531258 201.136063 113.446251
v -125.719872 193.99556 114.777618
v -128.069168 182.776947 117.470879
v -125.062973 176.17009 119.663864
v -121.960182 169.325195 121.385605
v -118.9786 162.577286 120.985825
v -111.345909 148.004425 118.231705
v -110.069237 142.527237 119.179138
v -125.569977 126.941856 120.047386
v -121.606979 127.606323 121.798454
v -110.673843 138.682556 121.188583
v -112.035896 135.364288 123.661354
v -118.153564 129.12468 124.010574
v -114.277779 131.687164 127.552734
v -140.066879 154.011765 155.73941
v -133.161484 160.720352 155.467224
v -125.434929 159.763306 152.211487
v -140.787979 162.63736 165.825912
v -141.885483 150.134872 159.971313
v -142.708069 157.102875 166.54335
v -152.785751 137.136261 155.349167
v -141.141083 163.311111 169.216263
v -139.696091 145.842178 152.809204
v -130.787842 151.23291 156.203232
v -150.006256 161.759033 168.998459
v -148.085236 170.933731 172.490326
v -139.138947 142.281769 154.435257
v -134.367294 144.078568 154.391647
v -126.940605 136.564117 148.437912
v -149.539963 156.57756 165.304703
v -148.618332 131.104874 147.380997
v -152.426956 166.799774 171.897034
v -159.752533 165.591827 158.1138
v -156.442917 171.126892 174.48732
v -160.795029 174.058807 176.745041
v -158.916855 182.568848 179.616531
v -167.173996 181.41243 179.656006
v -168.821838 192.050583 175.582443
v -166.654373 174.848526 177.756424
v -175.901718 179.619232 177.307648
v -173.09613 173.336853 176.735199
v -172.65831 175.858246 165.919815
v -167.796097 173.156448 160.720245
v -178.805862 169.61174 172.956024
v -188.758377 170.800705 168.373215
v -189.131027 186.616241 168.949677
v -175.436417 198.382736 172.386124
v -184.265945 206.606323 164.339432
v -177.625595 172.294052 163.928741
v -196.251495 193.928635 161.904953
v -190.402939 212.081985 154.991547
v -201.57045 184.758957 157.142639
v -200.291031 169.509781 152.648743
v -201.246231 198.719482 154.856293
v -183.058807 164.196884 168.300293
v -185.386917 158.247131 163.315262
v -205.594238 189.375076 151.358948
v -205.821655 203.311951 145.1772
v -194.999084 216.042664 145.063416
v -208.973206 196.312592 142.768738
v -207.312851 205.136383 136.600586
v -197.061584 217.504211 136.237976
v -197.097412 216.81189 126.88076
v -209.432922 189.161377 136.24585
v -207.277161 203.975525 128.057312
v -194.319214 213.378204 119.019569
v -209.512756 197.020447 130.090286
v -205.246582 200.210464 120.594246
v -188.830566 207.180145 110.900581
v -204.119736 185.343399 115.384079
v -200.284241 194.268143 112.282455
v -183.794449 201.695404 106.326576
v -195.378342 188.801956 107.282364
v -189.623947 182.9254 105.211784
v -199.044144 180.263626 109.62233
v -203.60968 174.847687 121.026237
v -201.598114 166.766907 140.535263
v -193.83754 165.931122 111.012978
v -199.445618 169.89476 114.729584
v -195.020126 148.845871 125.21563
v -182.180832 177.569351 106.342232
v -171.250168 189.009476 105.254608
v -152.362228 155.882065 116.836548
v -190.074051 143.670975 118.971344
v -184.983612 154.474869 113.66349
v -183.601974 144.603958 116.26516
v -176.648056 145.342041 117.156784
v -165.33226 147.128845 119.163414
v -158.660278 143.815582 121.199028
v -146.42218 150.49086 118.480675
v -140.144775 157.951279 117.29789
v -151.738434 140.352951 122.777817
v -145.158722 136.951645 122.246971
v -121.73291 138.657532 117.295326
v -131.070602 128.310623 119.312721
v -125.569977 126.941856 120.047386
v -140.066879 154.011765 155.73941
v -130.787842 151.23291 156.203232
v -123.81041 154.433762 153.929062
v -126.940605 136.564117 148.437912
v -112.198524 140.037521 142.402405
v -117.790634 128.937912 139.158936
v -111.146385 134.016785 135.433228
v -111.406166 167.708954 145.677231
v -103.020958 152.455902 132.230453
v -108.724442 160.29747 139.469513
v -103.337379 146.161438 130.496155
v -103.141502 147.832535 125.650429
v -114.277779 131.687164 127.552734
v -112.035896 135.364288 123.661354
v -110.673843 138.682556 121.188583
v -110.069237 142.527237 119.179138
v -106.597168 152.041809 120.752525
v -111.345909 148.004425 118.231705
v -118.9786 162.577286 120.985825
v -102.78614 154.536514 126.235855
v -110.920631 167.540344 126.920013
v -121.960182 169.325195 121.385605
v -106.865349 164.117294 132.2034
v -107.558472 169.961914 134.667007
v -110.621056 174.668945 126.81443
v -125.062973 176.17009 119.663864
v -108.082466 185.039825 123.687675
v -128.069168 182.776947 117.470879
v -125.719872 193.99556 114.777618
v -103.860214 179.822556 131.873779
v -104.884178 181.96521 140.419815
v -114.779724 199.197571 117.065086
v -124.531258 201.136063 113.446251
v -122.963638 208.255814 115.722977
v -109.578583 185.693024 147.03334
v -104.816299 191.867905 137.700195
v -114.81601 203.339355 146.39624
v -104.146378 188.151169 128.097229
v -113.656616 204.981903 120.61779
v -118.050682 182.633102 150.823608
v -107.148643 200.000656 128.852936
v -111.184776 205.421219 136.149719
v -119.441978 211.439697 126.500626
v -123.637779 213.674042 140.312347
v -129.824219 212.730331 151.883118
v -121.72963 176.216553 155.657822
v -137.264297 213.090988 158.234695
v -128.435883 205.188004 155.608978
v -132.254562 201.390213 150.558304
v -124.644791 203.190933 152.673294
v -120.695137 200.278259 150.744583
v -117.709488 194.913101 149.345993
v -125.709389 196.94368 146.623993
v -122.095932 188.352493 146.261795
v -144.272293 197.452835 153.614243
v -133.033585 195.235001 146.040634
v -139.715851 187.502319 150.36412
v -129.308945 184.327515 148.494156
v -137.261047 179.586441 154.743759
v -190.074051 143.670975 118.971344
v -192.207687 140.883743 129.94754
v -193.588043 146.248978 143.444427
v -186.355469 134.330246 124.14151
v -185.692795 132.846283 139.587967
v -183.189774 137.172104 149.355759
v -192.166443 153.280411 154.495529
v -181.210159 134.830109 120.281113
v -183.601974 144.603958 116.26516
v -176.648056 145.342041 117.156784
v -167.189835 127.001572 126.564995
v -165.33226 147.128845 119.163414
v -158.660278 143.815582 121.199028
v -169.763519 123.31868 131.29512
v -180.964584 127.691101 132.39975
v -172.644836 125.045204 140.869186
v -156.986969 129.188339 129.033981
v -151.738434 140.352951 122.777817
v -161.512848 122.610474 134.697266
v -149.903427 129.16095 128.827835
v -145.158722 136.951645 122.246971
v -151.759232 126.230682 136.806824
v -163.025162 124.487595 143.15271
v -166.246185 130.316528 149.523087
v -134.882736 123.608826 122.292984
v -131.070602 128.310623 119.312721
v -125.569977 126.941856 120.047386
v -130.322113 120.174805 127.186287
v -121.606979 127.606323 121.798454
v -118.153564 129.12468 124.010574
v -136.974274 119.978363 128.116379
v -123.634789 123.107025 130.437775
v -114.277779 131.687164 127.552734
v -111.146385 134.016785 135.433228
v -117.790634 128.937912 139.158936
v -146.152206 125.068893 134.168289
v -134.461243 120.65358 133.948212
v -130.405823 123.491333 137.973587
v -141.735092 127.533318 141.09845
v -162.930328 139.286362 152.659836
v -156.003555 143.076263 157.012863
v -158.817886 159.104568 155.536194
v -167.142303 161.671646 151.396133
v -164.428085 150.842285 149.866959
v -168.841766 143.522766 148.165146
v -175.032471 139.723602 151.702667
v -176.89502 166.979874 154.855804
v -175.487946 155.101868 147.728897
v -181.268799 155.002121 152.488907
v -177.231018 147.852875 148.699875
v -180.153427 143.298721 153.166809
v -182.872757 147.639587 155.015488
v -184.626083 151.78035 157.836929
v -192.212753 161.07724 160.480042
v 190.074051 143.670944 118.971306
v 192.207687 140.883713 129.94751
v 193.588043 146.248932 143.444397
v 186.355469 134.3302 124.141479
v 185.692795 132.846252 139.587921
v 183.189774 137.172073 149.355728
v 192.166443 153.280365 154.495483
v 181.210159 134.830078 120.281082
v 183.601974 144.603928 116.265137
v 176.648056 145.342026 117.156754
v 167.189835 127.001541 126.564964
v 165.33226 147.128815 119.163383
v 158.660278 143.815552 121.198997
v 169.763519 123.318649 131.29509
v 180.964584 127.691071 132.399719
v 172.644836 125.045174 140.869156
v 156.986969 129.188324 129.033951
v 151.738434 140.352921 122.777794
v 161.512848 122.610458 134.697235
v 149.903427 129.160919 128.827805
v 145.158722 136.951614 122.246941
v 151.759232 126.230652 136.806793
v 163.025162 124.487564 143.152679
v 166.246185 130.316498 149.523056
v 134.882736 123.608803 122.292969
v 131.070602 128.310593 119.312706
v 125.569977 126.941826 120.047363
v 130.322113 120.174782 127.186264
v 121.606979 127.606308 121.798431
v 118.153564 129.124664 124.010551
v 136.974274 119.97834 128.116364
v 123.634789 123.107002 130.437759
v 114.277779 131.687149 127.552711
v 111.146385 134.016769 135.433212
v 117.790634 128.937897 139.15892
v 146.152206 125.068871 134.168259
v 134.461243 120.653564 133.948196
v 130.405823 123.491318 137.973557
v 141.735092 127.533287 141.098419
v 162.930328 139.286331 152.659805
v 156.003555 143.076233 157.012833
v 158.817886 159.104553 155.536163
v 167.142303 161.671616 151.396103
v 164.428085 150.842255 149.866928
v 168.841766 143.522736 148.165115
v 175.032471 139.723572 151.702637
v 176.89502 166.979843 154.855774
v 175.487946 155.101837 147.728867
v 181.268799 155.00209 152.488876
v 177.231018 147.852844 148.699844
v 180.153427 143.298691 153.166779
v 182.872757 147.639542 155.015472
v 184.626083 151.780319 157.836884
v 192.212753 161.077209 160.479996
v -71.7074509 130.726318 -49.0701256
v -74.1673584 143.763977 -51.1639671
v -81.3244629 152.516205 -57.5624046
v -80.0496826 154.34053 -55.2596245
v -90.3190079 162.97168 -61.7782516
v -75.0339584 118.336647 -51.3120499
v -73.2406921 117.826256 -48.6959991
v -108.65284 127.765251 -68.585434
v -82.4405975 109.362526 -53.5807838
v -98.1846924 164.875336 -68.1972733
v -80.982666 108.155098 -50.9964333
v -97.8269424 167.606522 -66.5028992
v -94.0814209 100.67601 -55.0935783
v -109.709053 170.676193 -73.0448456
v -106.771393 98.0111694 -62.24786
v -106.835945 95.8364563 -59.8683434
v -121.20932 95.7075577 -65.8565292
v -119.13575 166.685547 -78.982399
v -120.100624 169.4422 -77.7993851
v -132.299301 164.518005 -81.2221527
v -133.528244 104.133087 -75.2485123
v -135.811478 102.551933 -73.7199249
v -144.7173 110.859894 -78.5577545
v -130.601761 162.035477 -82.2571945
v -141.861923 156.237335 -83.4072418
v -146.997711 122.335655 -83.3201447
v -150.161453 122.257401 -82.3118362
v -151.494873 135.640579 -84.4348984
v -145.918594 144.737289 -85.4267578
v -148.798187 146.070786 -84.5398102
v 71.7074127 130.726303 -49.070137
v 81.3244324 152.516174 -57.5624161
v 74.1673203 143.763962 -51.1639824
v 80.0496521 154.340515 -55.2596359
v 90.3189697 162.97168 -61.7782707
v 75.0339203 118.336639 -51.3120651
v 73.240654 117.826248 -48.6960144
v 108.652802 127.765228 -68.5854492
v 82.4405518 109.362511 -53.5807991
v 98.1846542 164.875305 -68.1972885
v 80.9826279 108.155083 -50.9964485
v 97.8269043 167.606506 -66.5029221
v 94.0813828 100.675995 -55.0935936
v 109.709015 170.676163 -73.0448685
v 106.771355 98.0111465 -62.247879
v 106.835907 95.8364334 -59.8683624
v 121.209282 95.7075348 -65.8565521
v 119.135712 166.685516 -78.9824142
v 120.100586 169.442169 -77.7994003
v 132.299271 164.51799 -81.2221832
v 133.528214 104.133064 -75.2485352
v 135.811432 102.551903 -73.7199478
v 144.71727 110.859871 -78.557785
v 130.60173 162.035446 -82.2572174
v 141.861893 156.237305 -83.4072723
v 146.997665 122.335625 -83.3201675
v 150.161407 122.25737 -82.3118515
v 151.494827 135.640549 -84.4349289
v 145.918549 144.737259 -85.4267883
v 148.798141 146.070755 -84.5398407
v 48.0623703 553.277039 -108.012344
v 101.384102 534.021851 -97.3831024
v 116.01564 557.465881 -89.3007507
v 149.606796 553.024353 -79.2233658
v 153.049164 533.848999 -76.2689743
v 40.0723152 536.306641 -109.996796
v -0.00663400861 551.374084 -109.412827
v 90.4610214 514.666504 -101.771553
v 138.706955 514.139038 -76.0307846
v 78.5877304 492.405731 -104.576378
v 124.662338 491.082092 -79.9875336
v 34.8094749 516.849487 -116.551987
v -0.00660793949 535.615417 -110.960785
v 68.175766 464.28418 -107.76828
v 113.797035 466.166656 -85.5004272
v 30.1603603 490.58316 -119.573402
v 60.2850075 437.778687 -113.678383
v 101.919136 439.700104 -90.713707
v 28.3338413 463.256622 -122.410805
v 55.0865135 403.713165 -119.423111
v 88.5174103 405.552094 -97.8339539
v -0.00656887051 516.284851 -117.983482
v -40.0728836 536.306763 -109.996796
v -48.0629616 553.276794 -108.012299
v 54.0551262 371.462402 -121.737282
v 80.7707367 375.433777 -104.267426
v 22.6148529 400.498901 -132.189728
v -0.00668171095 490.270508 -120.700699
v -34.8100891 516.849487 -116.551979
v -101.384644 534.021729 -97.3830643
v -116.016365 557.466187 -89.3007278
v -149.607452 553.024109 -79.22332
v -153.049667 533.848999 -76.268959
v -90.4616394 514.666382 -101.771553
v -138.707626 514.138977 -76.030777
v -78.5882492 492.405884 -104.576332
v -124.663094 491.08194 -79.9875031
v -30.1609802 490.583099 -119.573402
v -68.1763382 464.28418 -107.768257
v -113.797714 466.16684 -85.500412
v -28.3344231 463.2565 -122.410797
v -60.2856178 437.778961 -113.678345
v -101.919823 439.700256 -90.7136993
v -55.0871468 403.713165 -119.423103
v -88.5179596 405.551971 -97.833931
v -0.00678376714 435.125214 -128.683533
v -54.0557327 371.462372 -121.737289
v -80.7712021 375.433594 -104.267441
v -22.6154366 400.498932 -132.189728
v -0.00692520617 400.0802 -133.995468
v -53.9047165 353.514801 -123.597046
v -78.8509979 355.205353 -108.25856
v -77.6393356 334.264496 -111.53904
v -23.2401657 351.20816 -135.580261
v 23.239584 351.20816 -135.580276
v -57.9746094 305.866882 -127.687347
v -80.1415329 308.049805 -113.792412
v -23.6916695 330.514343 -138.056885
v -0.00741251931 350.829407 -137.64859
v 53.9042511 353.514771 -123.597061
v 78.8503571 355.205383 -108.258575
v 77.6387787 334.264557 -111.539062
v -59.6892128 282.666077 -128.106079
v -83.1203461 285.343262 -115.112862
v -24.9393787 303.595123 -139.201035
v -0.00782837532 329.011749 -140.130615
v 23.6911869 330.514404 -138.05687
v 57.9740753 305.866791 -127.687363
v 80.3115921 308.049805 -113.792389
v -61.8522644 247.158569 -127.360039
v -90.3354645 251.790665 -112.463631
v -26.0113621 279.059753 -139.243149
v -0.00818928983 303.444794 -141.398911
v 24.9388218 303.595276 -139.201035
v 59.688694 282.666168 -128.106094
v 83.3469772 285.343323 -115.112839
v -63.0215797 229.513245 -126.456177
v -96.9269028 229.842224 -108.997704
v -104.201805 206.973648 -102.928062
v -26.7744694 245.463608 -138.179749
v -0.00860523898 278.123932 -141.434372
v 26.0108833 279.059753 -139.243149
v 61.8518753 247.158554 -127.360046
v 90.3297958 251.790756 -112.463654
v 96.9264145 229.842178 -108.997719
v 26.7738552 245.463486 -138.179779
v 63.0212212 229.513046 -126.4562
v 104.201149 206.973633 -102.928093
v -0.008801057 245.400558 -140.097382
v 63.9685249 211.129745 -125.226494
v 59.772171 147.193451 -121.715599
v 91.8241882 144.154984 -102.336456
v 27.6326237 208.917984 -135.229065
v -27.6331997 208.918076 -135.229065
v 56.244194 110.156395 -114.78614
v 84.9578705 109.504517 -99.0593414
v 73.7578659 86.8639374 -92.7874985
v 52.3965378 87.1528778 -100.14666
v -0.00872129295 208.099854 -136.90387
v 28.492794 148.467041 -128.607803
v 25.9796181 109.264099 -120.930649
v 23.1622238 87.2611694 -106.670601
v -0.00869837217 147.762817 -129.883682
v -0.0086596068 110.087807 -122.041931
v -0.0086878268 87.2612152 -106.513016
v -23.162859 87.2611694 -106.670601
v -25.980154 109.264107 -120.930649
v -52.3969994 87.1528854 -100.146645
v -28.4933681 148.467041 -128.607803
v -56.2446136 110.156403 -114.78611
v -73.7583847 86.8639374 -92.7874908
v -84.9583282 109.504517 -99.0593262
v -91.8247147 144.154938 -102.336426
v -59.7726746 147.193451 -121.715622
v -63.9689789 211.129669 -125.226479
v -140.159103 212.962433 -78.7481995
v -128.645569 216.815536 -81.3628616
v -135.509613 226.673965 -83.8334732
v -126.534393 227.798492 -77.4921494
v -137.809906 238.688065 -80.2246094
v -126.742279 234.12822 -75.0518417
v -128.162964 240.610672 -71.3014603
v -144.520813 227.36882 -84.8628464
v -145.873291 243.030441 -77.5218277
v -140.873352 247.315033 -66.0666122
v -146.609253 235.719254 -81.7426529
v -156.041016 245.463547 -73.0270233
v -156.381775 249.52916 -61.8220825
v -155.185226 228.293808 -77.9041748
v -166.617279 240.642517 -69.9446793
v -169.453094 242.903549 -60.9520721
v -162.480042 234.875854 -75.6274948
v -172.090561 228.194778 -69.464859
v -177.368179 224.916046 -58.7924461
v -162.428558 219.807831 -74.0948715
v -170.725723 215.195679 -72.3631363
v -175.685638 207.72464 -58.736187
v -154.548996 213.639923 -72.6145477
v -159.15535 205.298691 -75.3076706
v -160.782898 191.15123 -64.5520935
v -136.011856 202.969559 -85.2088776
v -130.482391 190.874527 -82.443222
v -104.201805 206.973648 -102.928062
v -128.645569 216.815536 -81.3628616
v -118.587891 214.384491 -95.8886719
v -96.9269028 229.842224 -108.997704
v -117.712509 239.233826 -93.3092422
v -126.534393 227.798492 -77.4921494
v -111.044197 235.070694 -104.060547
v -103.634361 256.349487 -110.627693
v -90.3354645 251.790665 -112.463631
v -117.392578 246.280899 -85.5829544
v -126.742279 234.12822 -75.0518417
v -128.162964 240.610672 -71.3014603
v -106.761864 259.415588 -101.125244
v -97.7814407 286.080475 -112.588425
v -83.1203461 285.343262 -115.112862
v -93.9603271 309.135437 -113.051147
v -80.1415329 308.049805 -113.792412
v -77.6393356 334.264496 -111.53904
v -106.999786 263.724609 -91.437355
v -100.342072 288.142365 -104.655914
v -97.9061279 310.068909 -105.52977
v -101.527908 290.488739 -93.628006
v -111.655563 267.509552 -84.5279694
v -91.4592743 356.44812 -107.109764
v -78.8509979 355.205353 -108.25856
v -116.63768 272.499542 -74.7735214
v -94.2948227 376.575928 -102.858589
v -80.7712021 375.433594 -104.267441
v -124.328331 252.561523 -62.6240921
v -140.873352 247.315033 -66.0666122
v -101.061218 406.648499 -97.4414139
v -88.5179596 405.551971 -97.833931
v -136.809525 254.799393 -58.4465866
v -156.381775 249.52916 -61.8220825
v -114.521133 439.625458 -90.1193466
v -101.919823 439.700256 -90.7136993
v -155.639297 257.255859 -52.2046585
v -169.453094 242.903549 -60.9520721
v -124.885086 465.610138 -82.7940521
v -113.797714 466.16684 -85.500412
v -175.720871 248.283356 -48.7989693
v -177.368179 224.916046 -58.7924461
v -137.147614 490.124512 -78.4020844
v -124.663094 491.08194 -79.9875031
v -184.003479 225.746017 -46.1167946
v -175.685638 207.72464 -58.736187
v -150.830322 512.044556 -75.3290024
v -138.707626 514.138977 -76.030777
v -178.405167 204.340363 -46.8700218
v -160.782898 191.15123 -64.5520935
v -163.446915 532.792542 -75.2861481
v -153.049667 533.848999 -76.268959
v -158.063614 186.512161 -55.715744
v -130.482391 190.874527 -82.443222
v -169.512268 552.07251 -77.4541855
v -149.607452 553.024109 -79.22332
v -128.925461 181.034271 -68.8628464
v -104.201805 206.973648 -102.928062
v -106.483795 183.115128 -79.6609955
v -126.466637 180.201721 -53.4597015
v -99.8177719 185.403259 -63.9874115
v -154.935699 187.620743 -40.6771164
v -173.115402 205.880203 -33.2405472
v -178.634201 226.971817 -31.9141846
v -163.107819 212.18248 -25.9282093
v -169.14389 248.533005 -34.588665
v -104.223854 192.741577 -53.2857323
v -84.260788 221.080841 -52.770916
v -94.7076263 224.982529 -43.7620506
v -83.7741547 251.048996 -45.3357086
v -78.6569595 250.522568 -51.966732
v -77.681015 263.812012 -52.9809837
v -76.4430389 276.262207 -53.6452827
v -76.7497177 295.236511 -55.1249046
v -165.161499 229.940842 -25.3554955
v -152.36084 257.67749 -39.6348076
v -108.60833 200.084991 -42.4801903
v -81.6831894 295.770966 -48.3580589
v -86.4260101 296.325684 -47.7600136
v -76.3570557 317.260468 -53.1934357
v -81.5630493 339.288086 -44.0034332
v -75.6121292 338.489105 -48.8020058
v -82.4937363 358.152832 -43.5891609
v -76.598732 358.20929 -50.0808296
v -79.1099548 380.739807 -47.1547508
v -135.187042 254.951752 -46.8132706
v -88.5005646 264.278259 -46.0769234
v -87.4151917 340.087738 -45.3238182
v -90.7275696 413.464417 -33.2150879
v -84.4957809 414.92453 -38.252224
v -119.671104 249.280304 -55.1252594
v -91.3143463 381.268677 -39.1728859
v -98.2646942 447.365509 -29.297123
v -92.436821 449.029022 -36.0174637
v -96.8536148 411.981079 -33.6437759
v -108.985138 477.043335 -20.8774357
v -103.569298 478.749512 -26.4711437
v -122.544662 503.482056 -11.2949476
v -116.845123 505.294952 -15.3305902
v -128.511246 523.747314 -7.98295498
v -104.316132 445.719452 -27.7069187
v -114.397247 475.302734 -20.3254852
v -135.133469 522.530396 -3.62813163
v -139.495926 540.8078 -0.210098803
v -107.03318 409.973755 -41.1316833
v -101.902641 379.758118 -44.4075813
v -115.089996 443.028687 -34.6434555
v -128.256683 501.661987 -12.2517843
v -141.745605 521.312317 -4.25476933
v -124.356377 470.671082 -28.5960178
v -137.615128 466.791595 -31.1129379
v -136.047531 497.652008 -21.1003151
v -116.394005 408.997192 -42.3481979
v -111.17128 379.078003 -46.7070656
v -97.7950821 358.020813 -48.7740707
v -96.748642 339.027405 -52.7610207
v -104.155624 339.218536 -55.2776413
v -95.7420273 316.669067 -53.3289528
v -103.613823 316.32428 -57.4287262
v -117.875465 378.402191 -51.3287163
v -110.443726 338.975281 -60.9674797
v -125.307777 407.272217 -46.336853
v -109.897758 315.632355 -64.604538
v -96.0896759 295.049866 -54.0152779
v -104.587006 295.096649 -58.324173
v -111.418991 295.283173 -65.6397171
v -111.299767 314.742249 -74.6039124
v -112.204948 338.454163 -71.3335114
v -98.3933945 274.378143 -53.0506477
v -108.015381 273.607025 -57.2673569
v -115.571716 274.240631 -64.975914
v -102.092918 261.994568 -52.88908
v -105.502426 248.751053 -52.3664818
v -105.305496 312.843872 -85.9826355
v -122.627869 245.054062 -50.7344666
v -115.565086 231.286911 -48.1358376
v -97.0835648 336.735474 -90.9692535
v -104.714256 337.238983 -82.6578217
v -111.714287 205.948425 -38.6040802
v -96.55616 335.570862 -102.622353
v -96.5486145 357.438263 -99.7494431
v -97.3580933 356.802246 -88.1309052
v -99.5352936 376.598206 -95.7062454
v -106.436455 356.039062 -79.6772461
v -106.536201 407.29718 -90.0597076
v -101.263374 377.285217 -83.469841
v -120.737793 376.885681 -62.3988762
v -119.02533 441.193024 -82.7663193
v -108.550827 404.880371 -77.7024612
v -111.12352 376.885773 -75.0825195
v -129.436096 406.000336 -56.5491104
v -129.011475 466.560425 -75.1251221
v -123.557419 440.222992 -71.6188278
v -120.525642 406.249756 -69.303421
v -138.108795 438.777893 -40.0400963
v -142.090042 490.208191 -69.006279
v -136.347961 465.911774 -64.400795
v -133.844101 439.575562 -64.024292
v -141.218262 437.728943 -50.5643539
v -149.513382 465.702911 -33.5176659
v -154.988022 510.886627 -67.3837509
v -150.972748 489.077881 -60.4416542
v -180.081482 529.641296 -55.3957939
v -169.249619 531.505554 -65.8566895
v -176.084335 556.64679 -67.0292892
v -146.760849 464.820038 -57.6567726
v -155.124176 463.350342 -43.8566208
v -162.366302 487.940491 -51.9406662
v -169.705917 487.729095 -36.3800468
v -161.470566 490.416504 -24.2454166
v -174.174347 510.591583 -15.628602
v -149.531662 492.940857 -22.7192154
v -150.724945 519.413635 -10.8262825
v -185.546967 507.277893 -28.8281822
v -153.831146 540.400696 -0.717539907
v -179.496292 507.258179 -47.049057
v -163.048706 539.744934 -5.17695236
v -146.663467 540.617737 2.01505089
v -151.557449 564.075989 7.66053104
v -160.876678 562.53949 1.41711986
v -142.0513 575.119019 8.46602917
v -143.568604 563.252502 8.67294788
v -136.27713 562.207581 4.81377745
v -176.954742 537.958557 -6.48780489
v -189.697342 531.390076 -10.3725796
v -199.461884 528.795227 -22.4118137
v -132.490784 567.606323 8.33256531
v -94.2763062 557.876221 -18.0547371
v -197.082718 559.380127 -7.25013828
v -195.939255 528.314392 -42.1725388
v -93.587204 563.094116 -12.6834345
v -45.1075363 542.032532 -57.8835487
v -207.277786 558.754517 -19.375761
v -190.514862 557.134766 -53.6191063
v -205.342072 557.232178 -38.9945107
v -168.777756 568.250671 -71.0521622
v -186.679443 573.508606 -56.144104
v -160.068542 567.700439 -80.5826035
v -156.219482 575.979736 -75.5400543
v -144.881226 567.484436 -87.6045074
v -116.016365 557.466187 -89.3007278
v -190.112396 578.082336 -4.09883976
v -205.221222 579.709473 -18.4203911
v -203.775558 578.060974 -38.6101875
v -170.912949 587.536926 -60.9294815
v -184.716751 597.549805 -41.6164474
v -168.421875 577.530151 0.787116349
v -189.001114 599.973633 -20.5339622
v -151.373596 575.802856 3.41353083
v -176.946564 595.939148 -2.93653202
v -159.225952 589.804321 1.3912915
v -144.625565 580.489929 3.33904004
v -139.920868 596.0625 -4.39782381
v -146.753082 606.339844 -11.0647287
v -158.503418 610.364075 -27.1229992
v -158.325943 605.933533 -47.6234207
v -128.68782 572.773987 6.87949133
v -128.648148 581.896484 -0.732860804
v -92.8781433 568.309448 -12.290904
v -105.21489 589.901062 -20.1847439
v -109.093597 602.158875 -27.1462688
v -101.474121 578.338989 -16.9962769
v -46.8980408 557.329834 -45.6406975
v -48.5558548 564.170959 -52.9310684
v -118.055313 607.046082 -41.3370628
v -51.0251007 572.147705 -56.6096344
v -45.9941902 549.650391 -49.2689056
v -0.00657486776 544.553955 -57.1035881
v -0.00658915611 539.783325 -58.0192757
v -0.00660238974 549.321594 -61.1837044
v 45.9935226 549.650085 -49.2689209
v 45.1068878 542.032715 -57.8835373
v -53.0534821 582.411682 -59.4839973
v -0.00660196273 558.949768 -65.9253235
v 46.8974991 557.329834 -45.6407127
v 93.5865326 563.093933 -12.6834784
v 94.2756424 557.876526 -18.0548096
v -0.00661516888 567.641602 -67.9276123
v 48.5552979 564.170898 -52.9310532
v 92.8774948 568.30957 -12.2908669
v 132.490204 567.606445 8.33250141
v 136.276505 562.207825 4.8137536
v 142.050735 575.119019 8.46600437
v 128.687256 572.774109 6.87948227
v 101.473457 578.339111 -16.996336
v 51.0244217 572.1474 -56.6096344
v 128.647598 581.896484 -0.732897103
v 105.214264 589.901062 -20.1847057
v 144.625076 580.489929 3.33907008
v 143.568024 563.252502 8.67294979
v 139.495209 540.807739 -0.210178331
v 139.920166 596.062439 -4.39784861
v 53.0528717 582.41156 -59.4840126
v 109.092979 602.158752 -27.1462879
v 146.752411 606.339783 -11.0647812
v -0.00657334551 575.603882 -70.7422409
v -54.651535 588.49054 -64.6430664
v -125.93959 604.940247 -59.066864
v -152.190918 595.046692 -65.8654251
v -144.540634 576.613464 -80.0372772
v -124.78614 595.602966 -74.584816
v -56.9204292 588.013672 -76.6103897
v -0.00662866468 578.577209 -75.487442
v 54.6508713 588.49054 -64.6430893
v -117.000961 576.376038 -89.5443115
v -57.3973541 579.749084 -87.2268829
v -0.00665732706 575.524719 -84.7887573
v -114.155556 567.209839 -96.9861603
v -57.2507477 570.531616 -98.7204971
v -50.8480721 562.095947 -107.363121
v -48.0629616 553.276794 -108.012299
v -0.00665825047 571.437622 -91.2628403
v 56.9197235 588.013672 -76.6103821
v -0.0066193603 559.223083 -107.447243
v -0.00663400861 551.374084 -109.412827
v 48.0623703 553.277039 -108.012344
v -0.00663222279 563.876892 -101.489891
v 50.8476143 562.09613 -107.363144
v 116.01564 557.465881 -89.3007507
v 57.3968086 579.749329 -87.2268829
v 57.2500725 570.531677 -98.7205048
v 114.155098 567.209656 -96.9861832
v 117.000298 576.375916 -89.5443344
v 144.880615 567.484497 -87.6045303
v 149.606796 553.024353 -79.2233658
v 124.798134 595.60321 -74.5848312
v 144.540176 576.613586 -80.0373154
v 125.938965 604.940247 -59.0669136
v 152.190384 595.046631 -65.865448
v 156.219025 575.979736 -75.5400696
v 160.067825 567.700562 -80.5825958
v 118.054688 607.046204 -41.3370857
v 158.325424 605.933594 -47.6234207
v 158.502899 610.364014 -27.1229801
v 169.511688 552.07251 -77.4542313
v 153.049164 533.848999 -76.2689743
v 170.912308 587.536865 -60.9295044
v 184.716095 597.549744 -41.6164703
v 189.00058 599.973572 -20.5340385
v 168.777023 568.250671 -71.0521927
v 163.446381 532.792664 -75.2861786
v 138.706955 514.139038 -76.0307846
v 186.67868 573.508728 -56.1441154
v 203.774979 578.060974 -38.6101952
v 176.08371 556.646484 -67.0293045
v 150.829529 512.044617 -75.3290787
v 124.662338 491.082092 -79.9875336
v 205.220444 579.709534 -18.4204254
v 190.514084 557.13446 -53.6191673
v 180.080734 529.641113 -55.3958092
v 169.249176 531.505615 -65.8566895
v 205.341492 557.232239 -38.9945412
v 137.147018 490.124451 -78.4020844
v 113.797035 466.166656 -85.5004272
v 154.987457 510.886353 -67.3837662
v 195.938629 528.314575 -42.1725883
v 207.27713 558.754456 -19.3757973
v 124.884399 465.610138 -82.7941208
v 101.919136 439.700104 -90.713707
v 142.089432 490.207886 -69.0062866
v 114.705124 439.625458 -90.1193619
v 88.5174103 405.552094 -97.8339539
v 150.972092 489.077759 -60.4416618
v 129.010986 466.560425 -75.1251297
v 101.125786 406.648438 -97.4414444
v 80.7707367 375.433777 -104.267426
v 136.347153 465.911743 -64.400795
v 146.760162 464.819977 -57.6567917
v 162.365875 487.940643 -51.9407082
v 119.275269 441.193024 -82.7663345
v 123.915962 440.222992 -71.6188278
v 94.289711 376.57605 -102.858604
v 78.8503571 355.205383 -108.258575
v 91.4588242 356.44812 -107.10981
v 77.6387787 334.264557 -111.539062
v 80.3115921 308.049805 -113.792389
v 106.683624 407.29715 -90.0597534
v 108.710297 404.880463 -77.702446
v 99.4349213 376.598145 -95.7062836
v 120.918854 406.249603 -69.3034821
v 101.141922 377.285217 -83.4698715
v 94.8694305 309.135376 -113.05117
v 83.3469772 285.343323 -115.112839
v 110.972946 376.885651 -75.0825577
v 98.8130951 286.080444 -112.588432
v 90.3297958 251.790756 -112.463654
v 97.35746 356.802399 -88.1309128
v 96.548172 357.438232 -99.7494583
v 96.5983582 335.570648 -102.622368
v 106.426216 356.03894 -79.6772995
v 97.1050568 336.735352 -90.9692688
v 100.18103 311.674225 -93.6311035
v 99.0300598 310.068756 -105.52977
v 104.883911 337.239044 -82.6577988
v 101.591637 288.142273 -104.655907
v 103.655251 256.349335 -110.627731
v 111.043633 235.070587 -104.060562
v 96.9264145 229.842178 -108.997719
v 118.58725 214.384506 -95.8886795
v 104.201149 206.973633 -102.928093
v 117.636314 239.23381 -93.309288
v 106.951157 259.415588 -101.125259
v 117.265251 246.280914 -85.5829544
v 107.388947 263.724609 -91.4373627
v 136.011261 202.969543 -85.2088928
v 130.481949 190.874527 -82.4432526
v 160.782288 191.151184 -64.5521317
v 128.645187 216.815567 -81.3628922
v 112.350746 267.509552 -84.5279999
v 117.724442 272.499573 -74.7735291
v 109.357582 291.558228 -86.547226
v 159.15477 205.298767 -75.3076859
v 175.685074 207.72467 -58.7362328
v 126.533905 227.798447 -77.4921951
v 126.736084 234.128082 -75.0518723
v 128.010651 240.610641 -71.3015137
v 112.90612 314.742188 -74.6039276
v 140.158524 212.96228 -78.7482147
v 170.725266 215.195755 -72.3631363
v 177.367676 224.915939 -58.7924309
v 124.411324 252.561569 -62.6241035
v 140.745026 247.315018 -66.0666428
v 112.468262 338.454224 -71.3335266
v 135.509171 226.673935 -83.8334808
v 126.533905 227.798447 -77.4921951
v 137.725891 238.687988 -80.2246552
v 126.736084 234.128082 -75.0518723
v 128.010651 240.610641 -71.3015137
v 136.952682 254.799393 -58.4466209
v 119.621704 249.28035 -55.1252823
v 156.23909 249.52916 -61.8221016
v 155.628387 257.255829 -52.2046776
v 169.45256 242.903427 -60.9521027
v 144.520248 227.368835 -84.8628387
v 145.727615 243.030411 -77.5218506
v 140.745026 247.315018 -66.0666428
v 146.608673 235.719254 -81.7426453
v 155.956558 245.463669 -73.0270309
v 156.23909 249.52916 -61.8221016
v 155.184601 228.293762 -77.904213
v 162.479492 234.875931 -75.6275406
v 166.616699 240.642715 -69.9446945
v 169.45256 242.903427 -60.9521027
v 172.090134 228.194717 -69.4648895
v 162.427917 219.807755 -74.0948792
v 154.548523 213.639999 -72.6145401
v 175.720428 248.283432 -48.7989731
v 177.367676 224.915939 -58.7924309
v 184.00296 225.745972 -46.1168213
v 175.685074 207.72467 -58.7362328
v 178.404526 204.34021 -46.8700676
v 160.782288 191.151184 -64.5521317
v 158.063187 186.512161 -55.7157402
v 130.481949 190.874527 -82.4432526
v 128.924942 181.034256 -68.862854
v 104.201149 206.973633 -102.928093
v 106.483269 183.115128 -79.6610184
v 126.466049 180.201752 -53.4597092
v 99.8173523 185.403275 -63.9874535
v 154.935226 187.620712 -40.6771774
v 173.114746 205.880203 -33.2405701
v 178.633789 226.971954 -31.9142075
v 169.143372 248.532883 -34.5887756
v 104.223579 192.741577 -53.2856979
v 84.2603073 221.080994 -52.7708893
v 152.41452 257.677612 -39.6348267
v 135.348633 254.951691 -46.8132935
v 146.98378 250.243332 -31.9349594
v 160.594131 243.093826 -27.8880043
v 165.16095 229.940735 -25.3554821
v 152.934189 235.232849 -22.8639221
v 136.652054 247.752716 -36.5738831
v 163.107208 212.182281 -25.928257
v 154.19458 224.217575 -22.4639568
v 147.409271 198.123672 -29.5288048
v 137.107437 233.183289 -25.1765156
v 143.254562 219.807846 -28.4032249
v 122.487167 245.054031 -50.7345047
v 115.564644 231.286926 -48.1358719
v 125.314911 240.738327 -46.2590408
v 127.04026 232.138046 -30.9397373
v 126.48542 191.462418 -40.3074684
v 131.896317 218.330353 -28.3054581
v 118.171913 218.128494 -42.114109
v 108.607956 200.085022 -42.4802437
v 89.5048904 223.051834 -48.2877541
v 78.6565857 250.5224 -51.9668159
v 83.7736511 251.048874 -45.3357277
v 77.6805954 263.811981 -52.9809647
v 76.4389267 276.262207 -53.6452675
v 76.8250732 295.236542 -55.1249161
v 94.7072449 224.982437 -43.7621231
v 105.382256 248.751144 -52.3664742
v 81.9604111 295.770844 -48.3580666
v 86.9594345 296.325592 -47.7600517
v 76.3566818 317.260437 -53.1934319
v 88.8239441 251.543594 -45.1461105
v 81.7281113 317.203308 -46.9661522
v 75.6115799 338.488983 -48.8020058
v 102.286049 261.994537 -52.8891258
v 108.950447 273.607056 -57.2673759
v 81.5624847 339.288086 -44.0034409
v 76.5981369 358.209198 -50.0808525
v 98.9952774 274.378021 -53.0507202
v 86.9657211 317.165253 -46.8749847
v 87.4146729 340.087677 -45.3238602
v 82.4932404 358.152802 -43.5891266
v 79.1094437 380.739868 -47.1547241
v 97.2181396 295.049866 -54.0152969
v 106.270737 295.09668 -58.3242226
v 116.745743 274.240753 -64.9759369
v 85.2332535 380.992584 -40.3025208
v 96.8879929 411.981384 -33.6437416
v 84.4951324 414.924438 -38.2522583
v 96.5387115 316.668976 -53.3289528
v 90.7269897 413.464325 -33.2151604
v 92.4361496 449.0289 -36.0174789
v 98.2639847 447.365387 -29.2971935
v 103.568504 478.749451 -26.4711914
v 96.7482224 339.027405 -52.761013
v 108.984665 477.043549 -20.8774242
v 116.844353 505.294678 -15.3306112
v 97.7945786 358.020905 -48.7740898
v 104.315567 445.719574 -27.7068882
v 104.220337 339.218628 -55.2776413
v 101.782654 379.757843 -44.40765
v 107.206894 409.973785 -41.1317024
v 114.396675 475.302826 -20.3255596
v 111.043251 379.077789 -46.707119
v 115.198769 443.028503 -34.6434746
v 116.735672 408.996979 -42.3482552
v 137.614365 466.791565 -31.1129436
v 124.355736 470.670929 -28.596096
v 128.256134 501.66217 -12.2517786
v 136.046936 497.651978 -21.100338
v 135.132919 522.530518 -3.62812805
v 128.510742 523.747131 -7.9829917
v 141.745071 521.312317 -4.25476599
v 146.662842 540.617615 2.01503897
v 153.830551 540.400635 -0.717580497
v 150.724426 519.413818 -10.8263645
v 151.556885 564.076111 7.6605463
v 160.875931 562.539185 1.4169538
v 163.048019 539.745178 -5.17692471
v 174.173889 510.591888 -15.6286459
v 149.531052 492.940918 -22.7192688
v 151.373047 575.802856 3.41353178
v 159.225357 589.804382 1.39130509
v 168.421249 577.529968 0.787086904
v 176.945892 595.938965 -2.93657637
v 190.111816 578.082092 -4.09891462
v 197.082047 559.379944 -7.25015926
v 199.461288 528.795227 -22.4117641
v 189.696609 531.390015 -10.3726387
v 179.495499 507.258148 -47.0491066
v 185.546402 507.278076 -28.8281689
v 176.954071 537.958557 -6.4878087
v 169.705215 487.728973 -36.3800659
v 161.469879 490.416626 -24.2454567
v 155.123459 463.350067 -43.8566437
v 149.512589 465.703064 -33.5177345
v 141.859314 437.729126 -50.5643806
v 138.702759 438.777893 -40.0401001
v 130.007492 406.000427 -56.5491486
v 125.81414 407.272369 -46.3368645
v 120.606537 376.88562 -62.3989258
v 117.758347 378.402344 -51.3286705
v 110.641579 338.975281 -60.967495
v 111.407837 315.632202 -64.6045609
v 113.494965 295.283051 -65.63974
v -126.485916 191.462463 -40.3074455
v -147.409744 198.123611 -29.5287647
v -128.414597 200.875549 -32.3302116
v -145.389603 209.054382 -25.1373577
v -118.172478 218.128601 -42.1140404
v -131.89679 218.330292 -28.3054123
v -127.040749 232.138123 -30.7343788
v -154.195099 224.217667 -22.4639721
v -137.108002 233.183411 -25.3680668
v -125.465302 240.738419 -46.2590332
v -152.934662 235.23291 -22.8638954
v -137.157455 240.546738 -28.506525
v -136.753616 247.752747 -36.5738449
v -147.083771 250.243408 -31.9349365
v -160.596329 243.093842 -27.8879604
v -66.9650574 529.45752 193.551285
v -59.8789406 520.660095 191.58017
v -58.5475235 521.902466 190.079468
v -50.5089912 515.634766 195.555557
v -67.5146484 527.533081 194.712158
v -61.4792404 521.541931 205.430832
v -70.8135376 533.926575 203.890625
v -52.5958862 514.960327 196.56575
v -47.5391922 514.28595 206.776505
v -49.9034691 513.717529 206.744232
v -51.3822441 518.653442 217.092102
v -70.9966278 531.586853 204.087265
v -68.3141327 530.390076 214.204117
v -67.840332 532.629028 215.027008
v -61.0139351 524.610596 219.1698
v -59.7960129 526.260864 220.490189
v -53.3810234 517.691162 216.099335
v -0.00657303398 675.21936 -9.03565502
v -50.5572548 674.425598 -9.09388924
v -0.00659485348 681.66571 -107.320404
v -0.00665561296 670.049194 -1.95408416
v -45.2841377 668.861572 -1.96611869
v -57.8964539 645.358826 -2.85082126
v -57.2246971 679.698914 -98.5311966
v -65.1596603 647.151733 -9.72484684
v -68.7468719 627.778015 -3.4969573
v -73.1072769 652.501221 -102.05851
v -0.00659485348 681.66571 -107.320404
v -0.00662702881 642.448669 -120.649742
v -75.8451996 629.661621 -10.1761427
v -80.7507248 616.091858 -3.96774507
v -84.3760071 634.084839 -102.431015
v -88.0519409 618.46582 -10.4524212
v -91.867363 604.713684 -4.4027319
v -95.3277969 622.204224 -101.814003
v -0.00656158663 608.635193 -127.017563
v -101.209305 606.286499 -10.7743196
v -83.8397141 577.177673 -5.14059877
v -110.107628 610.662109 -101.534584
v -93.3792648 576.415588 -11.7170372
v -71.6049423 547.601379 -5.75322723
v -100.803055 578.497864 -107.484917
v -0.00663357973 578.100647 -131.226868
v -79.8488922 546.945068 -12.5821676
v -55.7901115 522.820312 -6.1993885
v -87.5137482 547.81366 -112.206413
v -0.00660893787 546.346619 -133.10611
v -63.5228958 521.176758 -13.4984388
v -35.1568031 501.301056 -6.77683067
v -69.0077972 522.549988 -117.350349
v -0.00656974176 521.079895 -132.74881
v -42.735611 498.562531 -14.6425533
v -0.0066039348 478.152496 -7.68535423
v -0.00664693816 468.42804 -16.6046696
v -45.6636658 497.186005 -122.810776
v -0.00673992839 467.299469 -132.656387
v 57.2241249 679.698669 -98.5312119
v 50.5567551 674.425293 -9.09389877
v -0.00659485348 681.66571 -107.320404
v -0.00657303398 675.21936 -9.03565502
v -0.00665561296 670.049194 -1.95408416
v 45.28368 668.861206 -1.96616805
v 57.8958664 645.358765 -2.85078979
v 65.1590195 647.151672 -9.72487164
v 68.7462692 627.778137 -3.49694157
v 73.1067581 652.501221 -102.058533
v -0.00659485348 681.66571 -107.320404
v -0.00662702881 642.448669 -120.649742
v 75.8446503 629.66156 -10.1761427
v 80.7502747 616.09198 -3.96775937
v 84.3752975 634.0849 -102.431023
v 88.0514069 618.465881 -10.4524498
v 91.8667984 604.713684 -4.4027338
v 95.3272171 622.204407 -101.814018
v -0.00656158663 608.635193 -127.017563
v 101.208702 606.286682 -10.7743378
v 83.8390579 577.177551 -5.14061308
v 110.106972 610.661926 -101.534615
v 93.3786697 576.415771 -11.7169714
v 71.6045227 547.601318 -5.7533226
v 100.80249 578.49762 -107.48494
v -0.00663357973 578.100647 -131.226868
v 79.8482971 546.945007 -12.5821266
v 55.7896271 522.820312 -6.1993432
v 87.5130386 547.81366 -112.206421
v -0.00660893787 546.346619 -133.10611
v 63.5222015 521.176697 -13.4984627
v 35.1562462 501.301086 -6.77680874
v 69.0072327 522.549866 -117.350388
v -0.00656974176 521.079895 -132.74881
v 42.7349586 498.562378 -14.6425343
v -0.0066039348 478.152496 -7.68535423
v -0.00664693816 468.42804 -16.6046696
v 45.6631355 497.18573 -122.810799
v -0.00673992839 467.299469 -132.656387
v 41.3162498 662.345154 157.929855
v 45.7019806 655.574341 167.177109
v 39.4021606 662.871094 167.795135
v 34.6868553 660.514038 177.778152
v 48.2245026 654.867615 155.237686
v 39.9346275 621.464661 154.90094
v 41.4556808 653.295166 177.224014
v 36.8163605 649.371948 183.452789
v 31.0234756 656.219543 183.348785
v 32.8614922 643.445801 184.807297
v 25.2180367 647.061707 187.03157
v 24.3561497 631.794678 176.003876
v 29.7305584 619.832458 163.360855
v 35.5994606 625.701172 165.915207
v 33.6727333 616.638245 151.576385
v 37.2346687 620.37439 142.549896
v 42.6724052 624.66748 147.708908
v 39.8837929 630.993591 132.99263
v 48.7060051 652.038696 145.670502
v 42.0261841 658.884338 146.217789
v 41.5570679 652.176392 136.126419
v 46.2724609 634.521484 139.498138
v 41.4809113 642.087952 129.304016
v 46.8428001 641.627747 135.374496
v -103.339775 98.0840149 87.219902
v -124.039253 92.9414749 93.3183746
v -123.633018 93.6771393 101.512794
v -103.669136 98.2092743 94.894165
v -90.300087 110.258392 84.5252151
v -150.07283 99.3185806 113.93029
v -152.52298 98.0545425 105.468018
v -148.655411 151.978561 136.029144
v -91.0046234 108.740456 93.6178207
v -173.063019 114.455338 127.340782
v -84.0639648 126.672554 88.8026123
v -178.602081 114.883949 119.398643
v -83.5565033 125.048798 97.6735306
v -81.5216904 148.933014 97.026886
v -194.111115 133.769287 141.563782
v -198.365173 134.049194 132.338165
v -80.5552902 145.362442 104.32975
v -88.2786484 171.921661 106.775688
v -209.286774 157.71962 156.176193
v -213.325211 157.736603 146.632828
v -85.2608261 164.751114 113.933014
v -96.5182037 193.458115 118.004784
v -214.532852 177.460342 165.975021
v -92.929451 186.214294 124.62941
v -213.1315 199.647705 173.600937
v -219.227356 180.97197 158.122131
v -109.283043 211.905029 130.547668
v -217.274353 204.086319 166.835037
v -104.731972 206.805679 137.362366
v -126.602196 229.735214 144.562256
v -203.981476 220.128143 177.37471
v -208.155014 226.026154 172.882736
v -122.515144 225.435867 150.062469
v -151.934082 242.353195 158.487091
v -188.619156 232.227615 176.812775
v -193.149307 237.606888 171.177826
v -149.209702 238.017654 163.74884
v -175.131195 243.315079 167.431778
v -170.926956 239.440186 172.539856
v 103.339752 98.0839996 87.2198792
v 123.632996 93.6771164 101.512764
v 124.039238 92.941452 93.3183594
v 103.669121 98.209259 94.8941498
v 90.3000641 110.258377 84.5251923
v 150.072815 99.3185654 113.930267
v 152.522949 98.054512 105.467987
v 148.655411 151.978546 136.029129
v 91.0046082 108.74044 93.6177979
v 173.063019 114.455307 127.340752
v 84.063942 126.672546 88.8026047
v 178.602081 114.883926 119.398613
v 83.5564804 125.04879 97.6735229
v 81.5216827 148.932999 97.0268707
v 194.111115 133.769272 141.563751
v 198.365173 134.049164 132.33812
v 80.5552826 145.362411 104.329742
v 88.2786484 171.921631 106.775673
v 209.286774 157.719589 156.176163
v 213.325211 157.736557 146.632797
v 85.2608261 164.751114 113.932999
v 96.5182037 193.458099 118.004761
v 214.532852 177.460327 165.974976
v 92.929451 186.214279 124.629395
v 213.1315 199.647675 173.600891
v 219.227356 180.971924 158.122086
v 109.283043 211.905014 130.547638
v 217.274353 204.086304 166.834991
v 104.731972 206.805664 137.362335
v 126.602211 229.735184 144.562241
v 203.981476 220.128098 177.374664
v 208.155014 226.026108 172.88269
v 122.51516 225.435852 150.062454
v 151.934113 242.353165 158.487061
v 188.619202 232.22757 176.812729
v 193.149353 237.606857 171.177811
v 149.209717 238.017624 163.74881
v 175.131226 243.315048 167.431732
v 170.926987 239.440155 172.539841
vt 0.0786743164 0.435546875
vt 0.0845336914 0.458251953
vt 0.081237793 0.448242188
vt 0.618652344 0.838378906
vt 0.613769531 0.841796875
vt 0.608398438 0.844238281
vt 0.613769531 0.841796875
vt 0.618652344 0.838378906
vt 0.608398438 0.844238281
vt 0.0413208008 0.412841797
vt 0.0352478027 0.399658203
vt 0.0238494873 0.403808594
vt 0.526855469 0.692382812
vt 0.524902344 0.692382812
vt 0.526855469 0.688964844
vt 0.526855469 0.680175781
vt 0.516113281 0.692382812
vt 0.514160156 0.680175781
vt 0.514160156 0.688964844
vt 0.514160156 0.692382812
vt 0.514160156 0.676757812
vt 0.526855469 0.676757812
vt 0.526855469 0.643554688
vt 0.536621094 0.663085938
vt 0.527832031 0.676757812
vt 0.536621094 0.676757812
vt 0.538574219 0.676757812
vt 0.538574219 0.663085938
vt 0.538574219 0.65234375
vt 0.538574219 0.643554688
vt 0.536621094 0.637695312
vt 0.538574219 0.637695312
vt 0.527832031 0.637695312
vt 0.526855469 0.637695312
vt 0.514160156 0.637695312
vt 0.500976562 0.676757812
vt 0.512695312 0.676757812
vt 0.503417969 0.676757812
vt 0.514160156 0.635253906
vt 0.524902344 0.627441406
vt 0.526855469 0.635253906
vt 0.526855469 0.629394531
vt 0.526855469 0.627441406
vt 0.514160156 0.629394531
vt 0.516113281 0.627441406
vt 0.514160156 0.627441406
vt 0.500976562 0.637695312
vt 0.512695312 0.637695312
vt 0.503417969 0.637695312
vt 0.487304688 0.65234375
vt 0.498291016 0.637695312
vt 0.498291016 0.676757812
vt 0.489746094 0.637695312
vt 0.489746094 0.676757812
vt 0.487304688 0.643554688
vt 0.487304688 0.637695312
vt 0.487304688 0.663085938
vt 0.487304688 0.676757812
vt 0.00505065918 0.361083984
vt 0.0109939575 0.375244141
vt 0.0159759521 0.359863281
vt 0.0196075439 0.371582031
vt 0.0146331787 0.387939453
vt 0.0250701904 0.359863281
vt 0.0227661133 0.385009766
vt 0.0180358887 0.395751953
vt 0.0244598389 0.392333984
vt 0.0238494873 0.403808594
vt 0.0324707031 0.383300781
vt 0.0324707031 0.390380859
vt 0.0352478027 0.399658203
vt 0.0455627441 0.399169922
vt 0.0413208008 0.412841797
vt 0.0405883789 0.378173828
vt 0.0401000977 0.364013672
vt 0.0481262207 0.382080078
vt 0.0534667969 0.372070312
vt 0.0551452637 0.387939453
vt 0.0650024414 0.380859375
vt 0.0711669922 0.387939453
vt 0.0603637695 0.395019531
vt 0.0483703613 0.406494141
vt 0.0631713867 0.40234375
vt 0.0653686523 0.413085938
vt 0.0739746094 0.400146484
vt 0.0817260742 0.391845703
vt 0.0438842773 0.415283203
vt 0.0381774902 0.416992188
vt 0.0238494873 0.403808594
vt 0.022644043 0.415283203
vt 0.0291900635 0.421386719
vt 0.0397338867 0.433349609
vt 0.0754394531 0.411865234
vt 0.0459289551 0.423339844
vt 0.0426635742 0.427490234
vt 0.0535888672 0.441894531
vt 0.0603637695 0.447021484
vt 0.0590209961 0.432373047
vt 0.0673828125 0.427734375
vt 0.0706787109 0.440673828
vt 0.0729980469 0.454589844
vt 0.0845336914 0.458251953
vt 0.0786743164 0.435546875
vt 0.0774536133 0.425537109
vt 0.0809936523 0.411621094
vt 0.0859375 0.389648438
vt 0.0822143555 0.425537109
vt 0.0836791992 0.437011719
vt 0.081237793 0.448242188
vt 0.0920410156 0.437011719
vt 0.0919189453 0.450439453
vt 0.115661621 0.406494141
vt 0.0853881836 0.446777344
vt 0.0845336914 0.458251953
vt 0.0962524414 0.454589844
vt 0.107910156 0.444580078
vt 0.114135742 0.437744141
vt 0.0899658203 0.409179688
vt 0.122741699 0.409667969
vt 0.127197266 0.427246094
vt 0.133300781 0.407958984
vt 0.0993041992 0.403076172
vt 0.0916748047 0.385498047
vt 0.138793945 0.374511719
vt 0.117980957 0.389648438
vt 0.110839844 0.380859375
vt 0.0985717773 0.380371094
vt 0.106811523 0.373779297
vt 0.120056152 0.364990234
vt 0.13293457 0.357421875
vt 0.151855469 0.356445312
vt 0.156982422 0.375976562
vt 0.163208008 0.362792969
vt 0.149414062 0.388183594
vt 0.166748047 0.388183594
vt 0.172363281 0.373291016
vt 0.157714844 0.399169922
vt 0.151367188 0.405761719
vt 0.14465332 0.413574219
vt 0.00420379639 0.996582031
vt 0.0239715576 0.996582031
vt 0.0107574463 0.963378906
vt 0.0305328369 0.963378906
vt 0.0341796875 0.874511719
vt 0.0495605469 0.996582031
vt 0.0533447266 0.876953125
vt 0.0478820801 0.838378906
vt 0.0555114746 0.963378906
vt 0.0781860352 0.996582031
vt 0.11340332 0.963378906
vt 0.109130859 0.996582031
vt 0.14440918 0.996582031
vt 0.0745849609 0.8828125
vt 0.0624389648 0.842773438
vt 0.0706787109 0.814941406
vt 0.0579528809 0.812011719
vt 0.0893554688 0.816894531
vt 0.0824584961 0.845214844
vt 0.110961914 0.816894531
vt 0.0999145508 0.888183594
vt 0.106079102 0.84765625
vt 0.128662109 0.811523438
vt 0.146606445 0.963378906
vt 0.179443359 0.996582031
vt 0.128295898 0.893554688
vt 0.180664062 0.963378906
vt 0.217895508 0.996582031
vt 0.133911133 0.8515625
vt 0.160888672 0.899902344
vt 0.217529297 0.963378906
vt 0.263916016 0.996582031
vt 0.16809082 0.85546875
vt 0.194335938 0.907714844
vt 0.262695312 0.963378906
vt 0.311035156 0.996582031
vt 0.229858398 0.916503906
vt 0.310302734 0.963378906
vt 0.3515625 0.996582031
vt 0.174804688 0.819335938
vt 0.138305664 0.796875
vt 0.183837891 0.772460938
vt 0.201416016 0.865722656
vt 0.208984375 0.834472656
vt 0.266845703 0.921386719
vt 0.223999023 0.779785156
vt 0.201538086 0.7578125
vt 0.202514648 0.730957031
vt 0.235473633 0.875976562
vt 0.250976562 0.791503906
vt 0.270751953 0.883300781
vt 0.309814453 0.919921875
vt 0.259521484 0.75390625
vt 0.237548828 0.745117188
vt 0.276611328 0.799316406
vt 0.352783203 0.920898438
vt 0.3515625 0.963378906
vt 0.391357422 0.996582031
vt 0.391113281 0.963378906
vt 0.437255859 0.996582031
vt 0.389892578 0.916503906
vt 0.435791016 0.963378906
vt 0.471923828 0.996582031
vt 0.425537109 0.907714844
vt 0.46875 0.963378906
vt 0.509277344 0.996582031
vt 0.459228516 0.900390625
vt 0.504882812 0.963378906
vt 0.539550781 0.996582031
vt 0.562988281 0.963378906
vt 0.568359375 0.996582031
vt 0.591308594 0.996582031
vt 0.492919922 0.892578125
vt 0.587890625 0.963378906
vt 0.621582031 0.996582031
vt 0.61328125 0.963378906
vt 0.586425781 0.870605469
vt 0.567382812 0.874023438
vt 0.571777344 0.834960938
vt 0.520996094 0.886230469
vt 0.546386719 0.880371094
vt 0.557617188 0.83984375
vt 0.537597656 0.842773438
vt 0.548339844 0.812011719
vt 0.561035156 0.809082031
vt 0.529785156 0.814453125
vt 0.508300781 0.815429688
vt 0.513671875 0.846191406
vt 0.490478516 0.810058594
vt 0.487060547 0.850097656
vt 0.451660156 0.855957031
vt 0.445068359 0.818847656
vt 0.480957031 0.795898438
vt 0.43359375 0.770019531
vt 0.418457031 0.865722656
vt 0.402832031 0.795410156
vt 0.384521484 0.875488281
vt 0.393554688 0.777832031
vt 0.415771484 0.755371094
vt 0.414794922 0.728515625
vt 0.366699219 0.790039062
vt 0.349121094 0.883300781
vt 0.309814453 0.886230469
vt 0.309326172 0.825683594
vt 0.341552734 0.798339844
vt 0.357910156 0.752441406
vt 0.308837891 0.782714844
vt 0.379638672 0.743652344
vt 0.279052734 0.756347656
vt 0.337890625 0.755371094
vt 0.30859375 0.758300781
vt 0.307617188 0.736328125
vt 0.278076172 0.734375
vt 0.308105469 0.722167969
vt 0.338623047 0.733886719
vt 0.262451172 0.737792969
vt 0.354736328 0.736328125
vt 0.342285156 0.712890625
vt 0.333740234 0.710449219
vt 0.352050781 0.713378906
vt 0.326660156 0.700195312
vt 0.372070312 0.732421875
vt 0.357910156 0.711425781
vt 0.381835938 0.724609375
vt 0.362548828 0.707519531
vt 0.384521484 0.716796875
vt 0.362792969 0.703125
vt 0.400390625 0.720214844
vt 0.447509766 0.688964844
vt 0.448974609 0.695800781
vt 0.473876953 0.675292969
vt 0.390380859 0.701660156
vt 0.360351562 0.698242188
vt 0.405517578 0.703613281
vt 0.421142578 0.694824219
vt 0.374267578 0.692871094
vt 0.357666016 0.693359375
vt 0.345214844 0.673339844
vt 0.347900391 0.68359375
vt 0.334228516 0.6640625
vt 0.331787109 0.655761719
vt 0.329589844 0.66796875
vt 0.338623047 0.677246094
vt 0.335205078 0.676757812
vt 0.332275391 0.678222656
vt 0.318603516 0.678710938
vt 0.330078125 0.681152344
vt 0.328125 0.685058594
vt 0.295410156 0.67578125
vt 0.326171875 0.688964844
vt 0.287109375 0.689453125
vt 0.287841797 0.698242188
vt 0.286132812 0.685546875
vt 0.285400391 0.706542969
vt 0.285644531 0.682617188
vt 0.2734375 0.713378906
vt 0.281982422 0.679199219
vt 0.263671875 0.713378906
vt 0.279541016 0.678222656
vt 0.245361328 0.733886719
vt 0.260253906 0.710449219
vt 0.236694336 0.725585938
vt 0.2578125 0.708007812
vt 0.286132812 0.668457031
vt 0.233520508 0.718261719
vt 0.257080078 0.704589844
vt 0.217163086 0.722167969
vt 0.226928711 0.703613281
vt 0.256591797 0.698242188
vt 0.281738281 0.669433594
vt 0.284912109 0.65625
vt 0.277832031 0.678222656
vt 0.270507812 0.682617188
vt 0.308105469 0.654785156
vt 0.308349609 0.649414062
vt 0.269775391 0.677246094
vt 0.263427734 0.690429688
vt 0.243408203 0.6953125
vt 0.260498047 0.676757812
vt 0.272216797 0.661621094
vt 0.244384766 0.683105469
vt 0.260986328 0.663085938
vt 0.270263672 0.645507812
vt 0.263183594 0.642578125
vt 0.249023438 0.657714844
vt 0.235961914 0.676269531
vt 0.288574219 0.640136719
vt 0.265625 0.627441406
vt 0.258056641 0.639648438
vt 0.211791992 0.706054688
vt 0.243652344 0.650878906
vt 0.221557617 0.672363281
vt 0.230712891 0.6484375
vt 0.254150391 0.634765625
vt 0.195922852 0.697753906
vt 0.291015625 0.611816406
vt 0.285644531 0.595214844
vt 0.262451172 0.611328125
vt 0.259765625 0.607421875
vt 0.203125 0.673828125
vt 0.169311523 0.692871094
vt 0.16796875 0.699707031
vt 0.171875 0.6796875
vt 0.147460938 0.676757812
vt 0.142456055 0.6796875
vt 0.139526367 0.636230469
vt 0.132202148 0.633300781
vt 0.147460938 0.607421875
vt 0.114501953 0.62109375
vt 0.154296875 0.642578125
vt 0.188232422 0.651855469
vt 0.159057617 0.62109375
vt 0.200683594 0.624023438
vt 0.2109375 0.654785156
vt 0.202270508 0.642578125
vt 0.135986328 0.588378906
vt 0.10559082 0.604492188
vt 0.173217773 0.596679688
vt 0.180664062 0.5703125
vt 0.166992188 0.583496094
vt 0.215698242 0.637207031
vt 0.12890625 0.577148438
vt 0.101501465 0.584472656
vt 0.14453125 0.543945312
vt 0.118835449 0.56640625
vt 0.0939941406 0.569335938
vt 0.158447266 0.564453125
vt 0.109008789 0.557617188
vt 0.0842895508 0.562011719
vt 0.0953979492 0.549316406
vt 0.118225098 0.527832031
vt 0.13684082 0.540039062
vt 0.168945312 0.494628906
vt 0.139892578 0.514160156
vt 0.130737305 0.509277344
vt 0.15637207 0.491943359
vt 0.142333984 0.487304688
vt 0.15234375 0.481201172
vt 0.138427734 0.482421875
vt 0.148071289 0.464599609
vt 0.135253906 0.464599609
vt 0.146484375 0.453125
vt 0.135986328 0.452148438
vt 0.139526367 0.438964844
vt 0.152832031 0.435058594
vt 0.143920898 0.429199219
vt 0.150390625 0.420166016
vt 0.159912109 0.440917969
vt 0.165405273 0.436767578
vt 0.172729492 0.451171875
vt 0.165771484 0.451660156
vt 0.166381836 0.423828125
vt 0.157104492 0.415283203
vt 0.164306641 0.413085938
vt 0.173950195 0.413330078
vt 0.172851562 0.436523438
vt 0.172485352 0.463378906
vt 0.190673828 0.486572266
vt 0.178344727 0.477539062
vt 0.18347168 0.489257812
vt 0.190063477 0.498535156
vt 0.203735352 0.492919922
vt 0.181396484 0.509765625
vt 0.202148438 0.501464844
vt 0.198364258 0.515625
vt 0.167358398 0.536621094
vt 0.175048828 0.55078125
vt 0.177978516 0.563964844
vt 0.195556641 0.553710938
vt 0.217407227 0.506347656
vt 0.215820312 0.542480469
vt 0.213256836 0.498046875
vt 0.216430664 0.548828125
vt 0.222290039 0.493408203
vt 0.237426758 0.477294922
vt 0.21472168 0.479492188
vt 0.229736328 0.488525391
vt 0.235839844 0.491455078
vt 0.239746094 0.500488281
vt 0.252929688 0.477783203
vt 0.256347656 0.496826172
vt 0.239501953 0.481445312
vt 0.248779297 0.546875
vt 0.20324707 0.480224609
vt 0.209960938 0.455810547
vt 0.198974609 0.476806641
vt 0.19543457 0.482421875
vt 0.182983398 0.450927734
vt 0.189697266 0.449951172
vt 0.180053711 0.436279297
vt 0.179931641 0.425292969
vt 0.180419922 0.414550781
vt 0.19152832 0.41796875
vt 0.205566406 0.452880859
vt 0.198608398 0.436523438
vt 0.200439453 0.421630859
vt 0.204223633 0.424072266
vt 0.207885742 0.42578125
vt 0.209838867 0.427978516
vt 0.213745117 0.427978516
vt 0.215698242 0.441650391
vt 0.221679688 0.427001953
vt 0.235717773 0.424072266
vt 0.243286133 0.446289062
vt 0.256103516 0.420654297
vt 0.241455078 0.465087891
vt 0.250488281 0.460205078
vt 0.260253906 0.454589844
vt 0.259033203 0.452880859
vt 0.271240234 0.442871094
vt 0.281005859 0.418701172
vt 0.288818359 0.42578125
vt 0.312744141 0.419189453
vt 0.302490234 0.424560547
vt 0.334228516 0.427246094
vt 0.292236328 0.428466797
vt 0.255859375 0.470947266
vt 0.248168945 0.476806641
vt 0.266601562 0.463867188
vt 0.263183594 0.461669922
vt 0.274414062 0.449951172
vt 0.284179688 0.439208984
vt 0.295410156 0.433837891
vt 0.291503906 0.441162109
vt 0.275146484 0.454101562
vt 0.301025391 0.428222656
vt 0.311279297 0.427978516
vt 0.322265625 0.430908203
vt 0.318603516 0.440185547
vt 0.328369141 0.434814453
vt 0.283691406 0.461181641
vt 0.297119141 0.469726562
vt 0.300292969 0.448974609
vt 0.315917969 0.450439453
vt 0.316162109 0.471679688
vt 0.306396484 0.469482422
vt 0.336669922 0.439208984
vt 0.358642578 0.441650391
vt 0.351806641 0.434082031
vt 0.358886719 0.438964844
vt 0.369628906 0.442382812
vt 0.273925781 0.464599609
vt 0.271728516 0.476074219
vt 0.276123047 0.468261719
vt 0.285400391 0.471191406
vt 0.286132812 0.477783203
vt 0.277832031 0.473388672
vt 0.294189453 0.487792969
vt 0.285644531 0.484863281
vt 0.298095703 0.490966797
vt 0.291503906 0.506835938
vt 0.304931641 0.501953125
vt 0.312011719 0.491699219
vt 0.27734375 0.479003906
vt 0.281982422 0.486816406
vt 0.275878906 0.481933594
vt 0.283935547 0.504394531
vt 0.276855469 0.488525391
vt 0.271484375 0.482666016
vt 0.318359375 0.5078125
vt 0.315185547 0.490234375
vt 0.305419922 0.536132812
vt 0.265869141 0.501464844
vt 0.270751953 0.486572266
vt 0.267089844 0.479980469
vt 0.281005859 0.508789062
vt 0.263916016 0.4765625
vt 0.262939453 0.487792969
vt 0.261474609 0.476318359
vt 0.254882812 0.485595703
vt 0.25 0.514160156
vt 0.280029297 0.518066406
vt 0.279541016 0.558105469
vt 0.291503906 0.536621094
vt 0.291748047 0.575683594
vt 0.278076172 0.563476562
vt 0.248168945 0.553710938
vt 0.217651367 0.5625
vt 0.207885742 0.590820312
vt 0.224853516 0.594238281
vt 0.246948242 0.567382812
vt 0.263427734 0.573730469
vt 0.21887207 0.612304688
vt 0.214477539 0.621582031
vt 0.213378906 0.6328125
vt 0.22253418 0.622558594
vt 0.227172852 0.614746094
vt 0.222045898 0.634277344
vt 0.229858398 0.628417969
vt 0.235107422 0.619628906
vt 0.232666016 0.604980469
vt 0.226806641 0.605957031
vt 0.237060547 0.609863281
vt 0.241699219 0.593261719
vt 0.260986328 0.587402344
vt 0.274169922 0.589355469
vt 0.328125 0.594238281
vt 0.321289062 0.575195312
vt 0.319580078 0.536621094
vt 0.330322266 0.53515625
vt 0.330810547 0.518066406
vt 0.337402344 0.573242188
vt 0.324951172 0.505371094
vt 0.363769531 0.545410156
vt 0.323730469 0.610839844
vt 0.307373047 0.610839844
vt 0.327392578 0.639648438
vt 0.349853516 0.625976562
vt 0.345947266 0.644042969
vt 0.344970703 0.66015625
vt 0.353271484 0.640625
vt 0.357177734 0.674804688
vt 0.356445312 0.661132812
vt 0.373291016 0.681152344
vt 0.368164062 0.655273438
vt 0.381103516 0.674316406
vt 0.358154297 0.637695312
vt 0.394775391 0.669921875
vt 0.372802734 0.6484375
vt 0.385253906 0.646484375
vt 0.361572266 0.6328125
vt 0.352294922 0.609863281
vt 0.413330078 0.671386719
vt 0.354736328 0.60546875
vt 0.372314453 0.590820312
vt 0.352539062 0.585449219
vt 0.339599609 0.587890625
vt 0.349609375 0.572753906
vt 0.364501953 0.552246094
vt 0.444580078 0.67578125
vt 0.427490234 0.6484375
vt 0.461181641 0.638183594
vt 0.404785156 0.651855469
vt 0.475585938 0.631347656
vt 0.46875 0.672363281
vt 0.482910156 0.627929688
vt 0.467041016 0.602539062
vt 0.455810547 0.616699219
vt 0.414306641 0.62109375
vt 0.446777344 0.579589844
vt 0.47265625 0.595703125
vt 0.440917969 0.592773438
vt 0.5 0.615722656
vt 0.413085938 0.639648438
vt 0.478027344 0.583007812
vt 0.508300781 0.599121094
vt 0.455322266 0.560058594
vt 0.468505859 0.5390625
vt 0.484619141 0.571777344
vt 0.512207031 0.579101562
vt 0.494384766 0.561523438
vt 0.51953125 0.564453125
vt 0.504394531 0.552734375
vt 0.528808594 0.557128906
vt 0.518066406 0.544433594
vt 0.485839844 0.528808594
vt 0.494873047 0.5234375
vt 0.482910156 0.505371094
vt 0.448974609 0.489746094
vt 0.474121094 0.482666016
vt 0.476074219 0.53515625
vt 0.461425781 0.515625
vt 0.452392578 0.520996094
vt 0.446044922 0.53125
vt 0.462890625 0.4765625
vt 0.476806641 0.477783203
vt 0.436279297 0.504882812
vt 0.438476562 0.546386719
vt 0.466796875 0.460449219
vt 0.479736328 0.460449219
vt 0.419189453 0.512207031
vt 0.469238281 0.449462891
vt 0.479736328 0.448730469
vt 0.477294922 0.435791016
vt 0.46484375 0.430908203
vt 0.474121094 0.42578125
vt 0.468994141 0.416259766
vt 0.451171875 0.446533203
vt 0.457275391 0.435791016
vt 0.452636719 0.431152344
vt 0.447998047 0.429199219
vt 0.462890625 0.410400391
vt 0.455810547 0.407470703
vt 0.445556641 0.406738281
vt 0.438476562 0.408447266
vt 0.445556641 0.444824219
vt 0.446289062 0.458007812
vt 0.438720703 0.427734375
vt 0.427734375 0.413818359
vt 0.424804688 0.442626953
vt 0.419921875 0.418212891
vt 0.416259766 0.419921875
vt 0.416992188 0.422363281
vt 0.413574219 0.422851562
vt 0.440917969 0.442138672
vt 0.431640625 0.468994141
vt 0.44140625 0.471923828
vt 0.436767578 0.440185547
vt 0.419189453 0.453369141
vt 0.436279297 0.483398438
vt 0.424072266 0.470947266
vt 0.429931641 0.480712891
vt 0.418212891 0.488037109
vt 0.430419922 0.492919922
vt 0.418701172 0.498046875
vt 0.398681641 0.504394531
vt 0.396484375 0.522949219
vt 0.414794922 0.457275391
vt 0.409912109 0.473632812
vt 0.408203125 0.46484375
vt 0.406982422 0.495117188
vt 0.420166016 0.530273438
vt 0.435791016 0.560058594
vt 0.41796875 0.550292969
vt 0.406005859 0.434326172
vt 0.408203125 0.421630859
vt 0.396728516 0.488037109
vt 0.383544922 0.465087891
vt 0.396728516 0.465332031
vt 0.387695312 0.458251953
vt 0.397216797 0.430419922
vt 0.400634766 0.419433594
vt 0.386962891 0.416259766
vt 0.368652344 0.413085938
vt 0.378417969 0.451171875
vt 0.344238281 0.414794922
vt 0.312744141 0.419189453
vt 0.373046875 0.459960938
vt 0.380615234 0.46875
vt 0.364257812 0.467041016
vt 0.389648438 0.480224609
vt 0.361328125 0.454101562
vt 0.341308594 0.447753906
vt 0.371582031 0.5
vt 0.353027344 0.448974609
vt 0.344482422 0.444091797
vt 0.347900391 0.477539062
vt 0.327880859 0.465332031
vt 0.336669922 0.467041016
vt 0.337890625 0.478515625
vt 0.333984375 0.474121094
vt 0.32421875 0.474853516
vt 0.323486328 0.481445312
vt 0.331298828 0.477294922
vt 0.323974609 0.488525391
vt 0.327880859 0.490234375
vt 0.332519531 0.482177734
vt 0.334716797 0.484863281
vt 0.33203125 0.491455078
vt 0.337158203 0.485839844
vt 0.344726562 0.503417969
vt 0.336914062 0.491943359
vt 0.342285156 0.486328125
vt 0.357666016 0.504394531
vt 0.345214844 0.482421875
vt 0.354736328 0.498535156
vt 0.347167969 0.493652344
vt 0.355712891 0.489257812
vt 0.396972656 0.546875
vt 0.416503906 0.557128906
vt 0.427734375 0.580078125
vt 0.395751953 0.560058594
vt 0.382324219 0.579589844
vt 0.40625 0.587890625
vt 0.387695312 0.603515625
vt 0.395751953 0.609375
vt 0.381835938 0.602539062
vt 0.400634766 0.618652344
vt 0.377441406 0.607421875
vt 0.380126953 0.6171875
vt 0.387451172 0.612304688
vt 0.385498047 0.625976562
vt 0.392333984 0.620117188
vt 0.401855469 0.629882812
vt 0.399902344 0.634765625
vt 0.393310547 0.631347656
vt 0.968261719 0.262451172
vt 0.973144531 0.262451172
vt 0.968261719 0.250732422
vt 0.968261719 0.233276367
vt 0.973144531 0.233276367
vt 0.973144531 0.222290039
vt 0.968261719 0.222290039
vt 0.973144531 0.193481445
vt 0.968261719 0.20703125
vt 0.968261719 0.193481445
vt 0.968261719 0.177490234
vt 0.978027344 0.250732422
vt 0.978027344 0.262451172
vt 0.983398438 0.262451172
vt 0.978027344 0.222290039
vt 0.973144531 0.177490234
vt 0.968261719 0.165527344
vt 0.973144531 0.165527344
vt 0.978027344 0.233276367
vt 0.983398438 0.233276367
vt 0.978027344 0.193481445
vt 0.978027344 0.177490234
vt 0.978027344 0.165527344
vt 0.983398438 0.177490234
vt 0.983398438 0.165527344
vt 0.983398438 0.20703125
vt 0.989257812 0.233276367
vt 0.989257812 0.262451172
vt 0.989257812 0.177490234
vt 0.989257812 0.165527344
vt 0.989257812 0.20703125
vt 0.989257812 0.193481445
vt 0.995117188 0.177490234
vt 0.995117188 0.165527344
vt 0.995117188 0.193481445
vt 0.995117188 0.20703125
vt 0.995117188 0.222290039
vt 0.995117188 0.233276367
vt 0.995117188 0.250732422
vt 0.995117188 0.262451172
vt 0.953613281 0.149780273
vt 0.948242188 0.149780273
vt 0.953613281 0.167724609
vt 0.948242188 0.167724609
vt 0.953613281 0.172485352
vt 0.94140625 0.149780273
vt 0.953613281 0.177246094
vt 0.948242188 0.187011719
vt 0.953613281 0.187011719
vt 0.953613281 0.195922852
vt 0.953613281 0.20703125
vt 0.948242188 0.20703125
vt 0.94140625 0.167724609
vt 0.935058594 0.149780273
vt 0.94140625 0.177246094
vt 0.94140625 0.195922852
vt 0.94140625 0.20703125
vt 0.935058594 0.195922852
vt 0.935058594 0.20703125
vt 0.928222656 0.177246094
vt 0.935058594 0.177246094
vt 0.935058594 0.167724609
vt 0.928222656 0.167724609
vt 0.928222656 0.149780273
vt 0.921386719 0.149780273
vt 0.921386719 0.167724609
vt 0.921386719 0.172485352
vt 0.921386719 0.177246094
vt 0.921386719 0.187011719
vt 0.921386719 0.195922852
vt 0.928222656 0.20703125
vt 0.921386719 0.20703125
vt 0.150024414 0.308837891
vt 0.157470703 0.297607422
vt 0.148071289 0.294677734
vt 0.143066406 0.304199219
vt 0.140258789 0.293212891
vt 0.145019531 0.319335938
vt 0.126464844 0.294189453
vt 0.138427734 0.315673828
vt 0.141113281 0.325927734
vt 0.135986328 0.322021484
vt 0.135864258 0.333740234
vt 0.132202148 0.330078125
vt 0.128540039 0.342285156
vt 0.126464844 0.337646484
vt 0.120910645 0.349853516
vt 0.118469238 0.344726562
vt 0.110839844 0.357910156
vt 0.107543945 0.354003906
vt 0.105041504 0.350341797
vt 0.104675293 0.362792969
vt 0.0950927734 0.357910156
vt 0.100036621 0.359863281
vt 0.0936279297 0.370117188
vt 0.0833129883 0.373535156
vt 0.115661621 0.341552734
vt 0.122375488 0.334960938
vt 0.113037109 0.328613281
vt 0.120666504 0.317382812
vt 0.127441406 0.327148438
vt 0.130737305 0.318603516
vt 0.131103516 0.313476562
vt 0.123840332 0.306396484
vt 0.116516113 0.308349609
vt 0.11328125 0.299072266
vt 0.10925293 0.3125
vt 0.101501465 0.304931641
vt 0.0944824219 0.311279297
vt 0.10369873 0.317871094
vt 0.100524902 0.32421875
vt 0.0913085938 0.322021484
vt 0.0845336914 0.314453125
vt 0.0982055664 0.333496094
vt 0.0897216797 0.332519531
vt 0.0971069336 0.346679688
vt 0.0850219727 0.332275391
vt 0.0805053711 0.312744141
vt 0.0883789062 0.344482422
vt 0.0877685547 0.353515625
vt 0.0842895508 0.344726562
vt 0.0859375 0.364746094
vt 0.0833129883 0.354736328
vt 0.0759887695 0.355224609
vt 0.0764770508 0.366943359
vt 0.0542907715 0.328369141
vt 0.0822143555 0.363525391
vt 0.0728759766 0.370605469
vt 0.0623168945 0.362304688
vt 0.0564880371 0.356201172
vt 0.0772094727 0.330322266
vt 0.0547790527 0.343017578
vt 0.0467834473 0.34765625
vt 0.0242156982 0.312744141
vt 0.0385437012 0.341064453
vt 0.0295562744 0.334716797
vt 0.0228881836 0.328369141
vt 0.0171813965 0.322509766
vt 0.0335693359 0.300537109
vt 0.0521240234 0.313476562
vt 0.008934021 0.312988281
vt 0.0687255859 0.324951172
vt 0.0753173828 0.309326172
vt 0.0583190918 0.305664062
vt 0.0689697266 0.304931641
vt 0.061706543 0.299316406
vt 0.0498046875 0.291748047
vt 0.0384216309 0.28515625
vt 0.0216674805 0.284667969
vt 0.0175476074 0.302001953
vt 0.0117263794 0.290527344
vt 0.0038394928 0.300048828
vt 0.600585938 0.452148438
vt 0.600585938 0.443603516
vt 0.594726562 0.454833984
vt 0.592773438 0.449462891
vt 0.584960938 0.454833984
vt 0.587402344 0.458984375
vt 0.581542969 0.461181641
vt 0.572265625 0.463134766
vt 0.592773438 0.439208984
vt 0.606933594 0.423095703
vt 0.573730469 0.461914062
vt 0.584960938 0.436767578
vt 0.572753906 0.455078125
vt 0.572753906 0.450195312
vt 0.601074219 0.420654297
vt 0.604980469 0.392578125
vt 0.600097656 0.401855469
vt 0.609863281 0.447509766
vt 0.609863281 0.460449219
vt 0.602050781 0.458007812
vt 0.608398438 0.473144531
vt 0.604003906 0.471679688
vt 0.606933594 0.480957031
vt 0.603027344 0.479492188
vt 0.607421875 0.488769531
vt 0.610839844 0.480957031
vt 0.614257812 0.482421875
vt 0.617675781 0.475585938
vt 0.624023438 0.463134766
vt 0.612792969 0.473876953
vt 0.620117188 0.461914062
vt 0.628417969 0.452392578
vt 0.627929688 0.438476562
vt 0.633789062 0.440673828
vt 0.636230469 0.4296875
vt 0.616210938 0.461914062
vt 0.619140625 0.449707031
vt 0.623046875 0.4375
vt 0.629882812 0.427490234
vt 0.611328125 0.433349609
vt 0.625488281 0.425537109
vt 0.629882812 0.410644531
vt 0.631835938 0.419189453
vt 0.637207031 0.42578125
vt 0.639160156 0.424072266
vt 0.641113281 0.424316406
vt 0.61328125 0.411865234
vt 0.649414062 0.422363281
vt 0.647949219 0.426513672
vt 0.609375 0.399169922
vt 0.666015625 0.424316406
vt 0.657226562 0.427246094
vt 0.666503906 0.426513672
vt 0.673828125 0.423828125
vt 0.624511719 0.400390625
vt 0.635253906 0.405273438
vt 0.62109375 0.394287109
vt 0.65234375 0.416259766
vt 0.645996094 0.404541016
vt 0.666503906 0.420898438
vt 0.623046875 0.389648438
vt 0.669433594 0.416503906
vt 0.6171875 0.384521484
vt 0.671386719 0.415283203
vt 0.677734375 0.417236328
vt 0.670410156 0.407226562
vt 0.676269531 0.399658203
vt 0.681152344 0.409179688
vt 0.682128906 0.400146484
vt 0.680664062 0.393310547
vt 0.667480469 0.399658203
vt 0.669921875 0.3828125
vt 0.677734375 0.385742188
vt 0.65625 0.402587891
vt 0.666015625 0.395751953
vt 0.670410156 0.370849609
vt 0.67578125 0.374267578
vt 0.663574219 0.377197266
vt 0.66796875 0.366699219
vt 0.655273438 0.356445312
vt 0.666503906 0.361083984
vt 0.665527344 0.354003906
vt 0.661621094 0.388916016
vt 0.647949219 0.392089844
vt 0.655273438 0.376220703
vt 0.639648438 0.376220703
vt 0.654296875 0.347900391
vt 0.666015625 0.348144531
vt 0.65234375 0.332763672
vt 0.661621094 0.340087891
vt 0.66015625 0.334472656
vt 0.661132812 0.327392578
vt 0.6484375 0.359863281
vt 0.645019531 0.349853516
vt 0.627441406 0.383056641
vt 0.63671875 0.355224609
vt 0.643554688 0.342285156
vt 0.627929688 0.373291016
vt 0.62890625 0.3515625
vt 0.621582031 0.375244141
vt 0.629882812 0.359130859
vt 0.619140625 0.364257812
vt 0.619140625 0.356933594
vt 0.611816406 0.358886719
vt 0.610839844 0.368164062
vt 0.59765625 0.370605469
vt 0.611816406 0.375732422
vt 0.614257812 0.381347656
vt 0.6015625 0.387695312
vt 0.590820312 0.393310547
vt 0.587890625 0.377441406
vt 0.585449219 0.417724609
vt 0.55859375 0.409912109
vt 0.561035156 0.399169922
vt 0.560546875 0.393066406
vt 0.560058594 0.385986328
vt 0.573242188 0.376708984
vt 0.559570312 0.377441406
vt 0.583496094 0.369628906
vt 0.573242188 0.368408203
vt 0.557617188 0.369140625
vt 0.595703125 0.360839844
vt 0.581542969 0.359619141
vt 0.572753906 0.359130859
vt 0.58203125 0.344726562
vt 0.593261719 0.346435547
vt 0.559082031 0.358398438
vt 0.57421875 0.345947266
vt 0.547363281 0.352539062
vt 0.545410156 0.359375
vt 0.584472656 0.33203125
vt 0.562988281 0.344726562
vt 0.537597656 0.351318359
vt 0.53515625 0.360839844
vt 0.578613281 0.332275391
vt 0.525390625 0.349853516
vt 0.522460938 0.359619141
vt 0.518554688 0.340087891
vt 0.513671875 0.347167969
vt 0.511230469 0.333984375
vt 0.532226562 0.335693359
vt 0.543945312 0.338378906
vt 0.552734375 0.341796875
vt 0.525390625 0.329833984
vt 0.543945312 0.323242188
vt 0.569824219 0.330078125
vt 0.552734375 0.325683594
vt 0.560546875 0.329345703
vt 0.537109375 0.317626953
vt 0.55859375 0.309814453
vt 0.51953125 0.324707031
vt 0.563964844 0.312744141
vt 0.583984375 0.318115234
vt 0.577148438 0.317138672
vt 0.5703125 0.315429688
vt 0.58984375 0.318847656
vt 0.551269531 0.306640625
vt 0.569335938 0.296386719
vt 0.559082031 0.289306641
vt 0.57421875 0.297119141
vt 0.579589844 0.298583984
vt 0.591308594 0.303222656
vt 0.532226562 0.313720703
vt 0.522949219 0.307861328
vt 0.544921875 0.303222656
vt 0.576660156 0.281005859
vt 0.596679688 0.3046875
vt 0.581542969 0.281738281
vt 0.598144531 0.286376953
vt 0.511230469 0.315185547
vt 0.591308594 0.273193359
vt 0.601074219 0.305175781
vt 0.608886719 0.289306641
vt 0.595214844 0.319335938
vt 0.615234375 0.306640625
vt 0.59375 0.330810547
vt 0.612304688 0.316894531
vt 0.605957031 0.345214844
vt 0.610839844 0.326171875
vt 0.611816406 0.346191406
vt 0.618652344 0.345214844
vt 0.620117188 0.325927734
vt 0.627929688 0.325195312
vt 0.632324219 0.336181641
vt 0.622558594 0.317871094
vt 0.643554688 0.332519531
vt 0.64453125 0.323242188
vt 0.652832031 0.32421875
vt 0.625488281 0.307617188
vt 0.629882812 0.318115234
vt 0.634277344 0.306396484
vt 0.642578125 0.291503906
vt 0.647949219 0.314697266
vt 0.630371094 0.292480469
vt 0.631347656 0.280029297
vt 0.6484375 0.281982422
vt 0.645996094 0.27734375
vt 0.620605469 0.290771484
vt 0.639648438 0.310302734
vt 0.646484375 0.301025391
vt 0.623535156 0.269287109
vt 0.654785156 0.307373047
vt 0.657226562 0.295410156
vt 0.653320312 0.290039062
vt 0.666503906 0.285644531
vt 0.612792969 0.279052734
vt 0.60546875 0.265869141
vt 0.598632812 0.248657227
vt 0.615722656 0.268066406
vt 0.620117188 0.254394531
vt 0.5859375 0.271728516
vt 0.581054688 0.270751953
vt 0.630859375 0.268798828
vt 0.637695312 0.252685547
vt 0.608886719 0.251953125
vt 0.630371094 0.253173828
vt 0.622558594 0.239501953
vt 0.590820312 0.247436523
vt 0.573242188 0.267333984
vt 0.610839844 0.239013672
vt 0.577636719 0.2578125
vt 0.6328125 0.221191406
vt 0.638671875 0.220947266
vt 0.625488281 0.220336914
vt 0.600585938 0.236816406
vt 0.593261719 0.235473633
vt 0.583496094 0.244018555
vt 0.570800781 0.254394531
vt 0.611328125 0.220825195
vt 0.625 0.198364258
vt 0.631835938 0.197631836
vt 0.625 0.179321289
vt 0.559570312 0.272460938
vt 0.608398438 0.180908203
vt 0.600585938 0.219482422
vt 0.59765625 0.219360352
vt 0.600097656 0.196777344
vt 0.587402344 0.232177734
vt 0.575195312 0.241577148
vt 0.55078125 0.283691406
vt 0.553222656 0.270751953
vt 0.563476562 0.253662109
vt 0.537597656 0.298095703
vt 0.53515625 0.296142578
vt 0.591796875 0.218139648
vt 0.578125 0.230834961
vt 0.591308594 0.197631836
vt 0.568847656 0.241333008
vt 0.580078125 0.216552734
vt 0.571289062 0.230957031
vt 0.532226562 0.293701172
vt 0.519042969 0.302978516
vt 0.5078125 0.306640625
vt 0.546875 0.280517578
vt 0.517578125 0.300537109
vt 0.576171875 0.197387695
vt 0.569335938 0.216308594
vt 0.590820312 0.179443359
vt 0.598632812 0.17980957
vt 0.607910156 0.165649414
vt 0.590820312 0.164428711
vt 0.582519531 0.180541992
vt 0.577148438 0.16418457
vt 0.570800781 0.197631836
vt 0.598632812 0.164794922
vt 0.583496094 0.164550781
vt 0.583007812 0.150634766
vt 0.572753906 0.137084961
vt 0.572265625 0.151489258
vt 0.560546875 0.1640625
vt 0.567871094 0.165039062
vt 0.595703125 0.154174805
vt 0.572265625 0.164306641
vt 0.564453125 0.196411133
vt 0.607421875 0.153686523
vt 0.562988281 0.214233398
vt 0.621582031 0.161254883
vt 0.566894531 0.230957031
vt 0.564453125 0.240234375
vt 0.557617188 0.237304688
vt 0.559570312 0.251708984
vt 0.550292969 0.233642578
vt 0.553710938 0.247924805
vt 0.549804688 0.267822266
vt 0.545410156 0.24230957
vt 0.536132812 0.257324219
vt 0.54296875 0.263183594
vt 0.541503906 0.277099609
vt 0.53515625 0.271972656
vt 0.526855469 0.289794922
vt 0.522949219 0.284667969
vt 0.515136719 0.295410156
vt 0.515625 0.277099609
vt 0.514648438 0.290527344
vt 0.504882812 0.297851562
vt 0.503417969 0.293945312
vt 0.506347656 0.302734375
vt 0.491943359 0.299560547
vt 0.493164062 0.304199219
vt 0.508300781 0.281738281
vt 0.494873047 0.309814453
vt 0.501464844 0.320068359
vt 0.485351562 0.313232422
vt 0.493164062 0.324462891
vt 0.496826172 0.333740234
vt 0.484863281 0.331542969
vt 0.479980469 0.307617188
vt 0.479980469 0.300048828
vt 0.470458984 0.298828125
vt 0.491943359 0.294921875
vt 0.479980469 0.294677734
vt 0.471435547 0.288818359
vt 0.480957031 0.279541016
vt 0.492919922 0.277587891
vt 0.499755859 0.285888672
vt 0.490478516 0.286621094
vt 0.499267578 0.272460938
vt 0.508789062 0.266357422
vt 0.520507812 0.256591797
vt 0.528808594 0.248901367
vt 0.534667969 0.242553711
vt 0.538085938 0.235961914
vt 0.541015625 0.227050781
vt 0.543945312 0.220581055
vt 0.546386719 0.21081543
vt 0.556640625 0.195922852
vt 0.549316406 0.194946289
vt 0.558105469 0.177368164
vt 0.552246094 0.176147461
vt 0.5546875 0.16394043
vt 0.555664062 0.15612793
vt 0.558105469 0.149291992
vt 0.560058594 0.145141602
vt 0.563476562 0.140380859
vt 0.567871094 0.134765625
vt 0.573730469 0.131835938
vt 0.576171875 0.135986328
vt 0.579589844 0.133544922
vt 0.584960938 0.13684082
vt 0.590332031 0.142211914
vt 0.594238281 0.147827148
vt 0.599609375 0.145141602
vt 0.606933594 0.142456055
vt 0.618164062 0.152587891
vt 0.627441406 0.162231445
vt 0.631347656 0.163085938
vt 0.630859375 0.179077148
vt 0.632324219 0.155883789
vt 0.630371094 0.155273438
vt 0.633300781 0.150756836
vt 0.636230469 0.156982422
vt 0.640136719 0.167114258
vt 0.646484375 0.179931641
vt 0.638671875 0.198608398
vt 0.646484375 0.197875977
vt 0.656738281 0.179931641
vt 0.650878906 0.166870117
vt 0.653320312 0.156982422
vt 0.654785156 0.150878906
vt 0.648925781 0.220092773
vt 0.656738281 0.196655273
vt 0.658691406 0.21862793
vt 0.648925781 0.238891602
vt 0.659179688 0.236816406
vt 0.647949219 0.252441406
vt 0.659667969 0.251953125
vt 0.658691406 0.263427734
vt 0.656738281 0.274414062
vt 0.655761719 0.277832031
vt 0.655761719 0.279785156
vt 0.657714844 0.281738281
vt 0.659179688 0.282470703
vt 0.666992188 0.282714844
vt 0.676269531 0.282958984
vt 0.68359375 0.283935547
vt 0.683105469 0.287109375
vt 0.689453125 0.287353516
vt 0.676269531 0.289794922
vt 0.68359375 0.288330078
vt 0.670410156 0.297607422
vt 0.666992188 0.29296875
vt 0.680175781 0.295898438
vt 0.688476562 0.294189453
vt 0.68359375 0.299560547
vt 0.662597656 0.302001953
vt 0.658203125 0.311035156
vt 0.668945312 0.307617188
vt 0.677246094 0.305908203
vt 0.670898438 0.312011719
vt 0.666015625 0.317871094
vt 0.659667969 0.3203125
vt 0.663574219 0.323242188
vt 0.487304688 0.637695312
vt 0.487304688 0.643554688
vt 0.489746094 0.637695312
vt 0.487304688 0.65234375
vt 0.498291016 0.637695312
vt 0.500976562 0.637695312
vt 0.500976562 0.676757812
vt 0.498291016 0.676757812
vt 0.489746094 0.676757812
vt 0.487304688 0.663085938
vt 0.487304688 0.676757812
vt 0.514160156 0.637695312
vt 0.512695312 0.637695312
vt 0.503417969 0.637695312
vt 0.514160156 0.676757812
vt 0.512695312 0.676757812
vt 0.503417969 0.676757812
vt 0.526855469 0.643554688
vt 0.526855469 0.637695312
vt 0.514160156 0.635253906
vt 0.524902344 0.627441406
vt 0.514160156 0.629394531
vt 0.526855469 0.635253906
vt 0.526855469 0.629394531
vt 0.526855469 0.627441406
vt 0.516113281 0.627441406
vt 0.514160156 0.627441406
vt 0.527832031 0.637695312
vt 0.536621094 0.663085938
vt 0.536621094 0.637695312
vt 0.538574219 0.643554688
vt 0.538574219 0.637695312
vt 0.538574219 0.65234375
vt 0.538574219 0.663085938
vt 0.538574219 0.676757812
vt 0.536621094 0.676757812
vt 0.527832031 0.676757812
vt 0.526855469 0.676757812
vt 0.526855469 0.680175781
vt 0.514160156 0.680175781
vt 0.516113281 0.692382812
vt 0.514160156 0.688964844
vt 0.514160156 0.692382812
vt 0.524902344 0.692382812
vt 0.526855469 0.688964844
vt 0.526855469 0.692382812
vt 0.941894531 0.84765625
vt 0.935058594 0.806640625
vt 0.996582031 0.84765625
vt 0.931640625 0.775390625
vt 0.930664062 0.747558594
vt 0.996582031 0.735839844
vt 0.93359375 0.734375
vt 0.940917969 0.7265625
vt 0.953613281 0.719238281
vt 0.975097656 0.712890625
vt 0.996582031 0.710449219
vt 0.975097656 0.712890625
vt 0.996582031 0.735839844
vt 0.996582031 0.710449219
vt 0.953613281 0.719238281
vt 0.940917969 0.7265625
vt 0.93359375 0.734375
vt 0.930664062 0.747558594
vt 0.996582031 0.84765625
vt 0.931640625 0.775390625
vt 0.935058594 0.806640625
vt 0.941894531 0.84765625
vt 0.207641602 0.144165039
vt 0.298828125 0.144165039
vt 0.207641602 0.169921875
vt 0.298828125 0.169921875
vt 0.298828125 0.178955078
vt 0.221923828 0.178955078
vt 0.207641602 0.224243164
vt 0.221923828 0.224243164
vt 0.181762695 0.224243164
vt 0.181762695 0.169921875
vt 0.181762695 0.260742188
vt 0.207641602 0.260742188
vt 0.221923828 0.260742188
vt 0.207641602 0.295166016
vt 0.181762695 0.295166016
vt 0.221923828 0.295166016
vt 0.181762695 0.313232422
vt 0.207641602 0.313232422
vt 0.221923828 0.313232422
vt 0.181762695 0.327392578
vt 0.207641602 0.327392578
vt 0.221923828 0.327392578
vt 0.181762695 0.345947266
vt 0.207641602 0.345947266
vt 0.221923828 0.345947266
vt 0.181762695 0.372558594
vt 0.207641602 0.372558594
vt 0.181762695 0.395263672
vt 0.221923828 0.372558594
vt 0.221923828 0.395263672
vt 0.221923828 0.395263672
vt 0.221923828 0.372558594
vt 0.120178223 0.463623047
vt 0.104064941 0.463623047
vt 0.120178223 0.471923828
vt 0.104064941 0.471923828
vt 0.0708007812 0.463623047
vt 0.120178223 0.478515625
vt 0.0708007812 0.471923828
vt 0.0515136719 0.463623047
vt 0.104064941 0.478515625
vt 0.0515136719 0.471923828
vt 0.00456619263 0.463623047
vt 0.00456619263 0.471923828
vt 0.104064941 0.483642578
vt 0.120178223 0.483642578
vt 0.120178223 0.488525391
vt 0.0708007812 0.478515625
vt 0.0515136719 0.478515625
vt 0.00456619263 0.478515625
vt 0.00456619263 0.483642578
vt 0.104064941 0.488525391
vt 0.120178223 0.516113281
vt 0.104064941 0.516113281
vt 0.0708007812 0.483642578
vt 0.0708007812 0.488525391
vt 0.0708007812 0.516113281
vt 0.0515136719 0.483642578
vt 0.0515136719 0.488525391
vt 0.0515136719 0.516113281
vt 0.00456619263 0.488525391
vt 0.00456619263 0.516113281
vt 0.927734375 0.659179688
vt 0.927734375 0.659179688
vt 0.932617188 0.663574219
vt 0.920410156 0.653320312
vt 0.929199219 0.65234375
vt 0.928222656 0.645019531
vt 0.931640625 0.64453125
vt 0.943847656 0.651855469
vt 0.919921875 0.64453125
vt 0.934082031 0.658691406
vt 0.942871094 0.668457031
vt 0.940429688 0.675292969
vt 0.944335938 0.661621094
vt 0.95703125 0.661621094
vt 0.955078125 0.670410156
vt 0.961425781 0.678222656
vt 0.964355469 0.670898438
vt 0.966796875 0.684570312
vt 0.979003906 0.685058594
vt 0.979003906 0.676757812
vt 0.967285156 0.665527344
vt 0.987792969 0.688476562
vt 0.983398438 0.697753906
vt 0.997070312 0.686523438
vt 0.997070312 0.675292969
vt 0.98828125 0.677734375
vt 0.969726562 0.661621094
vt 0.985839844 0.665527344
vt 0.997070312 0.665039062
vt 0.981933594 0.651367188
vt 0.997070312 0.650390625
vt 0.997070312 0.637207031
vt 0.975097656 0.665039062
vt 0.973144531 0.651855469
vt 0.979980469 0.624511719
vt 0.997070312 0.594238281
vt 0.9609375 0.647460938
vt 0.969238281 0.636230469
vt 0.9765625 0.638671875
vt 0.981933594 0.609863281
vt 0.9765625 0.609375
vt 0.983398438 0.594238281
vt 0.984375 0.584472656
vt 0.997070312 0.57421875
vt 0.984863281 0.57421875
vt 0.979980469 0.57421875
vt 0.973632812 0.584472656
vt 0.975097656 0.57421875
vt 0.970214844 0.57421875
vt 0.971679688 0.594238281
vt 0.969238281 0.607421875
vt 0.965820312 0.619628906
vt 0.961425781 0.616210938
vt 0.961425781 0.62890625
vt 0.941894531 0.63671875
vt 0.956054688 0.637695312
vt 0.951660156 0.640625
vt 0.941894531 0.643554688
vt 0.963378906 0.594238281
vt 0.966796875 0.57421875
vt 0.961914062 0.57421875
vt 0.926269531 0.634765625
vt 0.954589844 0.618652344
vt 0.951660156 0.594238281
vt 0.958007812 0.57421875
vt 0.955566406 0.602539062
vt 0.946289062 0.602539062
vt 0.9453125 0.617675781
vt 0.942382812 0.606933594
vt 0.940917969 0.627929688
vt 0.938476562 0.618652344
vt 0.913574219 0.631835938
vt 0.909179688 0.635742188
vt 0.927734375 0.62890625
vt 0.908203125 0.623046875
vt 0.903320312 0.624023438
vt 0.90234375 0.614746094
vt 0.917480469 0.62890625
vt 0.909179688 0.606445312
vt 0.909179688 0.606445312
vt 0.911621094 0.622558594
vt 0.920410156 0.624023438
vt 0.915527344 0.603515625
vt 0.912597656 0.598144531
vt 0.921386719 0.595214844
vt 0.919433594 0.611328125
vt 0.92578125 0.610839844
vt 0.922363281 0.601074219
vt 0.930175781 0.596679688
vt 0.935058594 0.607910156
vt 0.937011719 0.603515625
vt 0.939941406 0.609863281
vt 0.94140625 0.607910156
vt 0.120178223 0.463623047
vt 0.120178223 0.471923828
vt 0.104064941 0.463623047
vt 0.104064941 0.471923828
vt 0.0708007812 0.463623047
vt 0.120178223 0.478515625
vt 0.0708007812 0.471923828
vt 0.0515136719 0.463623047
vt 0.104064941 0.478515625
vt 0.0515136719 0.471923828
vt 0.00456619263 0.463623047
vt 0.00456619263 0.471923828
vt 0.104064941 0.483642578
vt 0.120178223 0.483642578
vt 0.120178223 0.488525391
vt 0.0708007812 0.478515625
vt 0.0515136719 0.478515625
vt 0.00456619263 0.478515625
vt 0.00456619263 0.483642578
vt 0.104064941 0.488525391
vt 0.120178223 0.516113281
vt 0.104064941 0.516113281
vt 0.0708007812 0.483642578
vt 0.0708007812 0.488525391
vt 0.0708007812 0.516113281
vt 0.0515136719 0.483642578
vt 0.0515136719 0.488525391
vt 0.0515136719 0.516113281
vt 0.00456619263 0.488525391
vt 0.00456619263 0.516113281
vt 0.120178223 0.463623047
vt 0.120178223 0.471923828
vt 0.104064941 0.463623047
vt 0.104064941 0.471923828
vt 0.0708007812 0.463623047
vt 0.120178223 0.478515625
vt 0.0708007812 0.471923828
vt 0.0515136719 0.463623047
vt 0.104064941 0.478515625
vt 0.0515136719 0.471923828
vt 0.00456619263 0.463623047
vt 0.00456619263 0.471923828
vt 0.104064941 0.483642578
vt 0.120178223 0.483642578
vt 0.120178223 0.488525391
vt 0.0708007812 0.478515625
vt 0.0515136719 0.478515625
vt 0.00456619263 0.478515625
vt 0.00456619263 0.483642578
vt 0.104064941 0.488525391
vt 0.120178223 0.516113281
vt 0.104064941 0.516113281
vt 0.0708007812 0.483642578
vt 0.0708007812 0.488525391
vt 0.0708007812 0.516113281
vt 0.0515136719 0.483642578
vt 0.0515136719 0.488525391
vt 0.0515136719 0.516113281
vt 0.00456619263 0.488525391
vt 0.00456619263 0.516113281
vt 0.920410156 0.653320312
vt 0.927734375 0.659179688
vt 0.927734375 0.659179688
vt 0.929199219 0.65234375
vt 0.928222656 0.645019531
vt 0.931640625 0.64453125
vt 0.943847656 0.651855469
vt 0.919921875 0.64453125
vt 0.934082031 0.658691406
vt 0.942871094 0.668457031
vt 0.940429688 0.675292969
vt 0.944335938 0.661621094
vt 0.95703125 0.661621094
vt 0.955078125 0.670410156
vt 0.961425781 0.678222656
vt 0.964355469 0.670898438
vt 0.966796875 0.684570312
vt 0.979003906 0.685058594
vt 0.979003906 0.676757812
vt 0.967285156 0.665527344
vt 0.987792969 0.688476562
vt 0.983398438 0.697753906
vt 0.969726562 0.661621094
vt 0.997070312 0.686523438
vt 0.997070312 0.686523438
vt 0.997070312 0.675292969
vt 0.983398438 0.697753906
vt 0.98828125 0.677734375
vt 0.975097656 0.665039062
vt 0.985839844 0.665527344
vt 0.981933594 0.651367188
vt 0.997070312 0.665039062
vt 0.997070312 0.650390625
vt 0.997070312 0.637207031
vt 0.973144531 0.651855469
vt 0.987792969 0.688476562
vt 0.997070312 0.675292969
vt 0.979980469 0.624511719
vt 0.997070312 0.594238281
vt 0.9765625 0.638671875
vt 0.969238281 0.636230469
vt 0.9609375 0.647460938
vt 0.979003906 0.685058594
vt 0.979003906 0.685058594
vt 0.966796875 0.684570312
vt 0.964355469 0.670898438
vt 0.961425781 0.678222656
vt 0.979003906 0.676757812
vt 0.981933594 0.609863281
vt 0.9765625 0.609375
vt 0.983398438 0.594238281
vt 0.984375 0.584472656
vt 0.997070312 0.57421875
vt 0.984863281 0.57421875
vt 0.979980469 0.57421875
vt 0.955078125 0.670410156
vt 0.95703125 0.661621094
vt 0.940429688 0.675292969
vt 0.973632812 0.584472656
vt 0.975097656 0.57421875
vt 0.970214844 0.57421875
vt 0.971679688 0.594238281
vt 0.969238281 0.607421875
vt 0.967285156 0.665527344
vt 0.969726562 0.661621094
vt 0.942871094 0.668457031
vt 0.932617188 0.663574219
vt 0.927734375 0.659179688
vt 0.927734375 0.659179688
vt 0.944335938 0.661621094
vt 0.943847656 0.651855469
vt 0.929199219 0.65234375
vt 0.920410156 0.653320312
vt 0.928222656 0.645019531
vt 0.931640625 0.64453125
vt 0.919921875 0.64453125
vt 0.9609375 0.647460938
vt 0.973144531 0.651855469
vt 0.969238281 0.636230469
vt 0.9765625 0.638671875
vt 0.981933594 0.651367188
vt 0.975097656 0.665039062
vt 0.98828125 0.677734375
vt 0.985839844 0.665527344
vt 0.997070312 0.665039062
vt 0.997070312 0.650390625
vt 0.997070312 0.637207031
vt 0.979980469 0.624511719
vt 0.997070312 0.594238281
vt 0.981933594 0.609863281
vt 0.9765625 0.609375
vt 0.983398438 0.594238281
vt 0.984375 0.584472656
vt 0.997070312 0.57421875
vt 0.984863281 0.57421875
vt 0.979980469 0.57421875
vt 0.973632812 0.584472656
vt 0.975097656 0.57421875
vt 0.970214844 0.57421875
vt 0.971679688 0.594238281
vt 0.969238281 0.607421875
vt 0.965820312 0.619628906
vt 0.961425781 0.616210938
vt 0.961425781 0.62890625
vt 0.941894531 0.63671875
vt 0.956054688 0.637695312
vt 0.951660156 0.640625
vt 0.941894531 0.643554688
vt 0.963378906 0.594238281
vt 0.966796875 0.57421875
vt 0.961914062 0.57421875
vt 0.926269531 0.634765625
vt 0.954589844 0.618652344
vt 0.951660156 0.594238281
vt 0.958007812 0.57421875
vt 0.955566406 0.602539062
vt 0.946289062 0.602539062
vt 0.9453125 0.617675781
vt 0.942382812 0.606933594
vt 0.940917969 0.627929688
vt 0.938476562 0.618652344
vt 0.913574219 0.631835938
vt 0.909179688 0.635742188
vt 0.927734375 0.62890625
vt 0.917480469 0.62890625
vt 0.911621094 0.622558594
vt 0.903320312 0.624023438
vt 0.90234375 0.614746094
vt 0.909179688 0.606445312
vt 0.919433594 0.611328125
vt 0.939941406 0.609863281
vt 0.94140625 0.607910156
vt 0.937011719 0.603515625
vt 0.92578125 0.610839844
vt 0.915527344 0.603515625
vt 0.912597656 0.598144531
vt 0.921386719 0.595214844
vt 0.922363281 0.601074219
vt 0.930175781 0.596679688
vt 0.9296875 0.602539062
vt 0.00456619263 0.488525391
vt 0.00456619263 0.516113281
vt 0.0515136719 0.516113281
vt 0.0515136719 0.488525391
vt 0.0708007812 0.516113281
vt 0.00456619263 0.483642578
vt 0.0708007812 0.488525391
vt 0.104064941 0.516113281
vt 0.0515136719 0.483642578
vt 0.104064941 0.488525391
vt 0.120178223 0.516113281
vt 0.120178223 0.488525391
vt 0.0515136719 0.478515625
vt 0.00456619263 0.478515625
vt 0.00456619263 0.471923828
vt 0.0708007812 0.483642578
vt 0.104064941 0.483642578
vt 0.120178223 0.483642578
vt 0.120178223 0.478515625
vt 0.0515136719 0.471923828
vt 0.00456619263 0.463623047
vt 0.0515136719 0.463623047
vt 0.0708007812 0.478515625
vt 0.0708007812 0.471923828
vt 0.0708007812 0.463623047
vt 0.104064941 0.478515625
vt 0.104064941 0.471923828
vt 0.104064941 0.463623047
vt 0.120178223 0.471923828
vt 0.120178223 0.463623047
vt 0.88671875 0.120361328
vt 0.877441406 0.120361328
vt 0.88671875 0.15246582
vt 0.877441406 0.15246582
vt 0.868652344 0.120361328
vt 0.877441406 0.195068359
vt 0.88671875 0.195068359
vt 0.868652344 0.195068359
vt 0.868652344 0.15246582
vt 0.859375 0.120361328
vt 0.859375 0.15246582
vt 0.859375 0.195068359
vt 0.850097656 0.120361328
vt 0.850097656 0.15246582
vt 0.850097656 0.195068359
vt 0.841308594 0.120361328
vt 0.841308594 0.15246582
vt 0.841308594 0.195068359
vt 0.831542969 0.120361328
vt 0.831542969 0.15246582
vt 0.831542969 0.195068359
vt 0.822753906 0.120361328
vt 0.822753906 0.15246582
vt 0.822753906 0.195068359
vt 0.813476562 0.120361328
vt 0.813476562 0.15246582
vt 0.813476562 0.195068359
vt 0.8046875 0.120361328
vt 0.8046875 0.15246582
vt 0.8046875 0.195068359
vt 0.795898438 0.120361328
vt 0.795898438 0.195068359
vt 0.786621094 0.120361328
vt 0.786621094 0.195068359
vt 0.77734375 0.195068359
vt 0.77734375 0.15246582
vt 0.77734375 0.120361328
vt 0.768066406 0.120361328
vt 0.768066406 0.15246582
vt 0.768066406 0.195068359
vt 0.88671875 0.195068359
vt 0.877441406 0.195068359
vt 0.88671875 0.15246582
vt 0.877441406 0.15246582
vt 0.868652344 0.195068359
vt 0.877441406 0.120361328
vt 0.88671875 0.120361328
vt 0.868652344 0.120361328
vt 0.868652344 0.15246582
vt 0.859375 0.120361328
vt 0.859375 0.15246582
vt 0.859375 0.195068359
vt 0.850097656 0.120361328
vt 0.850097656 0.15246582
vt 0.850097656 0.195068359
vt 0.841308594 0.120361328
vt 0.841308594 0.15246582
vt 0.841308594 0.195068359
vt 0.831542969 0.120361328
vt 0.831542969 0.15246582
vt 0.831542969 0.195068359
vt 0.822753906 0.120361328
vt 0.822753906 0.15246582
vt 0.822753906 0.195068359
vt 0.813476562 0.120361328
vt 0.813476562 0.15246582
vt 0.813476562 0.195068359
vt 0.8046875 0.120361328
vt 0.8046875 0.15246582
vt 0.8046875 0.195068359
vt 0.795898438 0.120361328
vt 0.795898438 0.15246582
vt 0.795898438 0.195068359
vt 0.786621094 0.120361328
vt 0.786621094 0.195068359
vt 0.77734375 0.195068359
vt 0.77734375 0.15246582
vt 0.77734375 0.120361328
vt 0.768066406 0.120361328
vt 0.768066406 0.15246582
vt 0.768066406 0.195068359
vt 0.88671875 0.120361328
vt 0.88671875 0.15246582
vt 0.877441406 0.120361328
vt 0.877441406 0.15246582
vt 0.868652344 0.120361328
vt 0.877441406 0.195068359
vt 0.88671875 0.195068359
vt 0.868652344 0.195068359
vt 0.868652344 0.15246582
vt 0.859375 0.120361328
vt 0.859375 0.15246582
vt 0.859375 0.195068359
vt 0.850097656 0.120361328
vt 0.850097656 0.15246582
vt 0.850097656 0.195068359
vt 0.841308594 0.120361328
vt 0.841308594 0.15246582
vt 0.841308594 0.195068359
vt 0.831542969 0.120361328
vt 0.831542969 0.15246582
vt 0.831542969 0.195068359
vt 0.822753906 0.120361328
vt 0.822753906 0.15246582
vt 0.822753906 0.195068359
vt 0.813476562 0.120361328
vt 0.813476562 0.15246582
vt 0.813476562 0.195068359
vt 0.8046875 0.120361328
vt 0.8046875 0.15246582
vt 0.8046875 0.195068359
vt 0.795898438 0.120361328
vt 0.795898438 0.195068359
vt 0.786621094 0.120361328
vt 0.786621094 0.195068359
vt 0.77734375 0.195068359
vt 0.77734375 0.15246582
vt 0.77734375 0.120361328
vt 0.768066406 0.120361328
vt 0.768066406 0.15246582
vt 0.768066406 0.195068359
vt 0.88671875 0.120361328
vt 0.877441406 0.120361328
vt 0.88671875 0.15246582
vt 0.877441406 0.15246582
vt 0.868652344 0.120361328
vt 0.877441406 0.195068359
vt 0.88671875 0.195068359
vt 0.868652344 0.195068359
vt 0.868652344 0.15246582
vt 0.859375 0.120361328
vt 0.859375 0.15246582
vt 0.859375 0.195068359
vt 0.850097656 0.120361328
vt 0.850097656 0.15246582
vt 0.850097656 0.195068359
vt 0.841308594 0.120361328
vt 0.841308594 0.15246582
vt 0.841308594 0.195068359
vt 0.831542969 0.120361328
vt 0.831542969 0.15246582
vt 0.831542969 0.195068359
vt 0.822753906 0.120361328
vt 0.822753906 0.15246582
vt 0.822753906 0.195068359
vt 0.813476562 0.120361328
vt 0.813476562 0.15246582
vt 0.813476562 0.195068359
vt 0.8046875 0.120361328
vt 0.8046875 0.15246582
vt 0.8046875 0.195068359
vt 0.795898438 0.120361328
vt 0.795898438 0.15246582
vt 0.795898438 0.195068359
vt 0.786621094 0.120361328
vt 0.786621094 0.195068359
vt 0.77734375 0.195068359
vt 0.77734375 0.15246582
vt 0.77734375 0.120361328
vt 0.768066406 0.120361328
vt 0.768066406 0.15246582
vt 0.768066406 0.195068359
vt 0.616210938 0.838378906
vt 0.613769531 0.841796875
vt 0.618652344 0.838378906
vt 0.61328125 0.836425781
vt 0.623046875 0.838867188
vt 0.608398438 0.844238281
vt 0.616210938 0.830078125
vt 0.615722656 0.826171875
vt 0.609375 0.831542969
vt 0.608398438 0.826660156
vt 0.610351562 0.818847656
vt 0.620605469 0.844238281
vt 0.610351562 0.846191406
vt 0.6015625 0.849609375
vt 0.604492188 0.8515625
vt 0.597167969 0.855957031
vt 0.610839844 0.854492188
vt 0.598632812 0.864257812
vt 0.594726562 0.863769531
vt 0.59375 0.871582031
vt 0.609375 0.865722656
vt 0.59765625 0.87109375
vt 0.597167969 0.881835938
vt 0.606445312 0.885742188
vt 0.604003906 0.888183594
vt 0.612304688 0.892578125
vt 0.610351562 0.873046875
vt 0.614257812 0.889648438
vt 0.620605469 0.894042969
vt 0.619628906 0.8671875
vt 0.615234375 0.884277344
vt 0.626953125 0.889160156
vt 0.628417969 0.892578125
vt 0.634277344 0.889160156
vt 0.629394531 0.881347656
vt 0.635253906 0.882324219
vt 0.638671875 0.884765625
vt 0.641601562 0.879882812
vt 0.634277344 0.869628906
vt 0.625488281 0.858398438
vt 0.628417969 0.852050781
vt 0.637695312 0.872070312
vt 0.637207031 0.858398438
vt 0.637695312 0.865234375
vt 0.642089844 0.873535156
vt 0.642089844 0.865234375
vt 0.645019531 0.879394531
vt 0.643554688 0.886230469
vt 0.645019531 0.873535156
vt 0.650390625 0.889648438
vt 0.6484375 0.892578125
vt 0.654785156 0.896484375
vt 0.635253906 0.851074219
vt 0.642578125 0.857421875
vt 0.645996094 0.865722656
vt 0.6484375 0.851074219
vt 0.6484375 0.872558594
vt 0.649902344 0.8828125
vt 0.66015625 0.888183594
vt 0.630859375 0.845214844
vt 0.649414062 0.865234375
vt 0.652832031 0.880859375
vt 0.651367188 0.871582031
vt 0.6640625 0.894042969
vt 0.663574219 0.899902344
vt 0.654785156 0.858886719
vt 0.671875 0.89453125
vt 0.672851562 0.899902344
vt 0.682128906 0.894042969
vt 0.683105469 0.896972656
vt 0.69140625 0.890625
vt 0.689453125 0.888671875
vt 0.697753906 0.879882812
vt 0.680664062 0.892089844
vt 0.671386719 0.890136719
vt 0.6875 0.887207031
vt 0.666015625 0.890136719
vt 0.68359375 0.885253906
vt 0.670898438 0.885253906
vt 0.662109375 0.883789062
vt 0.655761719 0.875976562
vt 0.666503906 0.879882812
vt 0.673339844 0.876953125
vt 0.688964844 0.877441406
vt 0.655273438 0.870117188
vt 0.666992188 0.872558594
vt 0.662597656 0.865234375
vt 0.662109375 0.852050781
vt 0.672363281 0.868164062
vt 0.681640625 0.867675781
vt 0.669433594 0.857421875
vt 0.692382812 0.877929688
vt 0.696289062 0.87109375
vt 0.69921875 0.87109375
vt 0.698242188 0.861816406
vt 0.692382812 0.863769531
vt 0.6953125 0.86328125
vt 0.694335938 0.854003906
vt 0.688476562 0.856933594
vt 0.687988281 0.84765625
vt 0.6875 0.865234375
vt 0.684082031 0.859375
vt 0.67578125 0.852539062
vt 0.670410156 0.841796875
vt 0.67578125 0.841308594
vt 0.683105469 0.844238281
vt 0.6796875 0.840332031
vt 0.682128906 0.840332031
vt 0.684570312 0.837890625
vt 0.679199219 0.836914062
vt 0.687011719 0.832519531
vt 0.683105469 0.828125
vt 0.6875 0.826660156
vt 0.684570312 0.818359375
vt 0.665039062 0.841796875
vt 0.677734375 0.832519531
vt 0.680664062 0.821289062
vt 0.678222656 0.823242188
vt 0.676757812 0.814453125
vt 0.677734375 0.812011719
vt 0.670410156 0.8125
vt 0.670898438 0.809082031
vt 0.670410156 0.815917969
vt 0.662597656 0.8125
vt 0.661621094 0.809082031
vt 0.663574219 0.815917969
vt 0.665527344 0.821777344
vt 0.674316406 0.827148438
vt 0.675292969 0.832519531
vt 0.655273438 0.81640625
vt 0.652832031 0.812988281
vt 0.657714844 0.818847656
vt 0.662597656 0.836425781
vt 0.669921875 0.829589844
vt 0.66015625 0.828125
vt 0.650390625 0.822753906
vt 0.646484375 0.820800781
vt 0.658203125 0.838378906
vt 0.657226562 0.826660156
vt 0.653320312 0.824707031
vt 0.6484375 0.830566406
vt 0.64453125 0.830078125
vt 0.652832031 0.831542969
vt 0.653320312 0.837890625
vt 0.655273438 0.8515625
vt 0.6484375 0.837890625
vt 0.642089844 0.850585938
vt 0.644042969 0.837402344
vt 0.639648438 0.837402344
vt 0.640136719 0.830566406
vt 0.643066406 0.821289062
vt 0.634765625 0.836914062
vt 0.639160156 0.823730469
vt 0.638183594 0.813964844
vt 0.631347656 0.833007812
vt 0.636230469 0.831054688
vt 0.634765625 0.817871094
vt 0.630859375 0.810546875
vt 0.630859375 0.823730469
vt 0.625488281 0.822265625
vt 0.629394531 0.814453125
vt 0.622558594 0.810546875
vt 0.618164062 0.81640625
vt 0.616210938 0.812988281
vt 0.620605469 0.819824219
vt 0.66015625 0.612792969
vt 0.66015625 0.657714844
vt 0.666992188 0.612792969
vt 0.666992188 0.657714844
vt 0.673828125 0.612792969
vt 0.673828125 0.657714844
vt 0.680664062 0.612792969
vt 0.680664062 0.657714844
vt 0.6875 0.612792969
vt 0.6875 0.657714844
vt 0.694824219 0.612792969
vt 0.694824219 0.657714844
vt 0.702148438 0.657714844
vt 0.702148438 0.612792969
vt 0.709472656 0.657714844
vt 0.709472656 0.612792969
vt 0.716796875 0.657714844
vt 0.716796875 0.612792969
vt 0.723632812 0.657714844
vt 0.723632812 0.612792969
vt 0.730957031 0.657714844
vt 0.730957031 0.612792969
vt 0.73828125 0.657714844
vt 0.73828125 0.612792969
vt 0.745605469 0.657714844
vt 0.745605469 0.612792969
vt 0.752929688 0.657714844
vt 0.752929688 0.612792969
vt 0.66015625 0.612792969
vt 0.666992188 0.612792969
vt 0.66015625 0.657714844
vt 0.666992188 0.657714844
vt 0.673828125 0.612792969
vt 0.673828125 0.657714844
vt 0.680664062 0.612792969
vt 0.680664062 0.657714844
vt 0.6875 0.612792969
vt 0.6875 0.657714844
vt 0.694824219 0.612792969
vt 0.694824219 0.657714844
vt 0.702148438 0.657714844
vt 0.702148438 0.612792969
vt 0.709472656 0.657714844
vt 0.709472656 0.612792969
vt 0.716796875 0.657714844
vt 0.716796875 0.612792969
vt 0.723632812 0.657714844
vt 0.723632812 0.612792969
vt 0.730957031 0.657714844
vt 0.730957031 0.612792969
vt 0.73828125 0.657714844
vt 0.73828125 0.612792969
vt 0.745605469 0.657714844
vt 0.745605469 0.612792969
vt 0.752929688 0.657714844
vt 0.752929688 0.612792969
vt 0.755859375 0.146118164
vt 0.755859375 0.159301758
vt 0.72265625 0.170776367
vt 0.730957031 0.177734375
vt 0.707519531 0.190917969
vt 0.717773438 0.195556641
vt 0.707519531 0.217895508
vt 0.69921875 0.243041992
vt 0.696289062 0.214233398
vt 0.69921875 0.243041992
vt 0.6875 0.241333008
vt 0.755859375 0.266357422
vt 0.6953125 0.264404297
vt 0.684082031 0.267089844
vt 0.703125 0.274414062
vt 0.69140625 0.279296875
vt 0.711425781 0.285644531
vt 0.69921875 0.290039062
vt 0.719238281 0.301025391
vt 0.70703125 0.305419922
vt 0.71875 0.331542969
vt 0.725097656 0.318847656
vt 0.755859375 0.318847656
vt 0.755859375 0.331787109
vt 0.755859375 0.318847656
vt 0.71875 0.331542969
vt 0.755859375 0.331787109
vt 0.725097656 0.318847656
vt 0.755859375 0.266357422
vt 0.719238281 0.301025391
vt 0.70703125 0.305419922
vt 0.69921875 0.290039062
vt 0.711425781 0.285644531
vt 0.69140625 0.279296875
vt 0.703125 0.274414062
vt 0.684082031 0.267089844
vt 0.6953125 0.264404297
vt 0.6875 0.241333008
vt 0.69921875 0.243041992
vt 0.696289062 0.214233398
vt 0.707519531 0.217895508
vt 0.707519531 0.190917969
vt 0.717773438 0.195556641
vt 0.717773438 0.195556641
vt 0.730957031 0.177734375
vt 0.72265625 0.170776367
vt 0.755859375 0.159301758
vt 0.755859375 0.146118164
vt 0.66015625 0.612792969
vt 0.66015625 0.657714844
vt 0.666992188 0.612792969
vt 0.666992188 0.657714844
vt 0.673828125 0.612792969
vt 0.673828125 0.657714844
vt 0.680664062 0.612792969
vt 0.680664062 0.657714844
vt 0.6875 0.612792969
vt 0.6875 0.657714844
vt 0.694824219 0.612792969
vt 0.694824219 0.657714844
vt 0.702148438 0.657714844
vt 0.702148438 0.612792969
vt 0.709472656 0.657714844
vt 0.709472656 0.612792969
vt 0.716796875 0.657714844
vt 0.716796875 0.612792969
vt 0.723632812 0.657714844
vt 0.723632812 0.612792969
vt 0.730957031 0.657714844
vt 0.730957031 0.612792969
vt 0.73828125 0.657714844
vt 0.73828125 0.612792969
vt 0.745605469 0.657714844
vt 0.745605469 0.612792969
vt 0.752929688 0.657714844
vt 0.752929688 0.612792969
vt 0.149169922 0.769042969
vt 0.141845703 0.773925781
vt 0.134277344 0.792480469
vt 0.136474609 0.783691406
vt 0.13659668 0.755859375
vt 0.117004395 0.776367188
vt 0.11932373 0.794433594
vt 0.0957641602 0.805175781
vt 0.110107422 0.797363281
vt 0.100646973 0.798339844
vt 0.0930175781 0.794921875
vt 0.0966186523 0.780761719
vt 0.0871582031 0.7890625
vt 0.0809936523 0.791015625
vt 0.0845336914 0.779296875
vt 0.101013184 0.766601562
vt 0.0806274414 0.755371094
vt 0.0502929688 0.771972656
vt 0.0846557617 0.769042969
vt 0.0425415039 0.787109375
vt 0.0300445557 0.75390625
vt 0.0099029541 0.750488281
vt 0.106933594 0.756835938
vt 0.0869140625 0.759765625
vt 0.0927734375 0.751464844
vt 0.0473937988 0.754882812
vt 0.0209503174 0.733886719
vt 0.00517272949 0.72265625
vt 0.0279846191 0.701660156
vt 0.0419311523 0.697265625
vt 0.0336914062 0.693847656
vt 0.0399780273 0.737792969
vt 0.0883789062 0.73046875
vt 0.104187012 0.735839844
vt 0.0974731445 0.747070312
vt 0.0805053711 0.709472656
vt 0.10333252 0.743652344
vt 0.111694336 0.742675781
vt 0.111206055 0.716796875
vt 0.0807495117 0.69921875
vt 0.0935058594 0.69921875
vt 0.078918457 0.690429688
vt 0.0784301758 0.681152344
vt 0.076965332 0.666015625
vt 0.0692138672 0.649414062
vt 0.0801391602 0.657226562
vt 0.0806274414 0.649414062
vt 0.0818481445 0.643066406
vt 0.0856323242 0.625976562
vt 0.0692138672 0.649414062
vt 0.103820801 0.690429688
vt 0.128173828 0.711425781
vt 0.114746094 0.6875
vt 0.131103516 0.688476562
vt 0.142456055 0.696289062
vt 0.130615234 0.733398438
vt 0.148803711 0.721191406
vt 0.149902344 0.704589844
vt 0.155395508 0.708984375
vt 0.172729492 0.716796875
vt 0.170410156 0.729003906
vt 0.179321289 0.722167969
vt 0.183837891 0.7265625
vt 0.187255859 0.731445312
vt 0.191894531 0.739746094
vt 0.178466797 0.749511719
vt 0.144287109 0.730957031
vt 0.163574219 0.734863281
vt 0.154541016 0.766601562
vt 0.143432617 0.74609375
vt 0.149169922 0.764648438
vt 0.149169922 0.769042969
vt 0.152587891 0.770507812
vt 0.158935547 0.776855469
vt 0.154541016 0.766601562
vt 0.173217773 0.752929688
vt 0.0694580078 0.564941406
vt 0.0694580078 0.529785156
vt 0.0470275879 0.564941406
vt 0.0470275879 0.529785156
vt 0.039276123 0.564941406
vt 0.039276123 0.529785156
vt 0.0171813965 0.564941406
vt 0.0171813965 0.529785156
vt 0.00747680664 0.564941406
vt 0.00747680664 0.529785156
vt 0.039276123 0.523925781
vt 0.0171813965 0.523925781
vt 0.0661010742 0.576660156
vt 0.0534667969 0.612304688
vt 0.0661010742 0.612304688
vt 0.0534667969 0.576660156
vt 0.0352478027 0.612304688
vt 0.0352478027 0.576660156
vt 0.0352478027 0.571777344
vt 0.0534667969 0.571777344
vt 0.0244598389 0.576660156
vt 0.0244598389 0.612304688
vt 0.00468826294 0.612304688
vt 0.00468826294 0.576660156
vt 0.334472656 0.13293457
vt 0.334472656 0.214599609
vt 0.346435547 0.13293457
vt 0.346435547 0.214599609
vt 0.358398438 0.13293457
vt 0.358398438 0.214599609
vt 0.370361328 0.13293457
vt 0.370361328 0.214599609
vt 0.3828125 0.13293457
vt 0.3828125 0.214599609
vt 0.39453125 0.13293457
vt 0.39453125 0.214599609
vt 0.406494141 0.13293457
vt 0.406494141 0.214599609
vt 0.418701172 0.214599609
vt 0.418701172 0.13293457
vt 0.430664062 0.214599609
vt 0.430664062 0.13293457
vt 0.66015625 0.612792969
vt 0.666992188 0.612792969
vt 0.66015625 0.657714844
vt 0.666992188 0.657714844
vt 0.673828125 0.612792969
vt 0.673828125 0.657714844
vt 0.680664062 0.612792969
vt 0.680664062 0.657714844
vt 0.6875 0.612792969
vt 0.6875 0.657714844
vt 0.694824219 0.612792969
vt 0.694824219 0.657714844
vt 0.702148438 0.657714844
vt 0.702148438 0.612792969
vt 0.709472656 0.657714844
vt 0.709472656 0.612792969
vt 0.716796875 0.657714844
vt 0.716796875 0.612792969
vt 0.723632812 0.657714844
vt 0.723632812 0.612792969
vt 0.730957031 0.657714844
vt 0.730957031 0.612792969
vt 0.73828125 0.657714844
vt 0.73828125 0.612792969
vt 0.745605469 0.657714844
vt 0.745605469 0.612792969
vt 0.752929688 0.657714844
vt 0.752929688 0.612792969
vt 0.685546875 0.677246094
vt 0.685546875 0.683105469
vt 0.687988281 0.677246094
vt 0.685546875 0.692382812
vt 0.69921875 0.706542969
vt 0.685546875 0.706542969
vt 0.685546875 0.717773438
vt 0.687988281 0.717773438
vt 0.696777344 0.717773438
vt 0.696777344 0.677246094
vt 0.69921875 0.717773438
vt 0.69921875 0.683105469
vt 0.71484375 0.706542969
vt 0.69921875 0.677246094
vt 0.71484375 0.717773438
vt 0.69921875 0.721679688
vt 0.717773438 0.717773438
vt 0.71484375 0.721679688
vt 0.729003906 0.717773438
vt 0.731445312 0.692382812
vt 0.731445312 0.717773438
vt 0.733886719 0.717773438
vt 0.742675781 0.717773438
vt 0.71484375 0.683105469
vt 0.712402344 0.734375
vt 0.71484375 0.730957031
vt 0.71484375 0.734375
vt 0.702148438 0.734375
vt 0.69921875 0.730957031
vt 0.69921875 0.734375
vt 0.717773438 0.677246094
vt 0.71484375 0.677246094
vt 0.729003906 0.677246094
vt 0.731445312 0.677246094
vt 0.733886719 0.677246094
vt 0.71484375 0.675292969
vt 0.745117188 0.692382812
vt 0.742675781 0.677246094
vt 0.745117188 0.683105469
vt 0.745117188 0.677246094
vt 0.745117188 0.706542969
vt 0.745117188 0.717773438
vt 0.69921875 0.668457031
vt 0.69921875 0.675292969
vt 0.712402344 0.666015625
vt 0.71484375 0.668457031
vt 0.71484375 0.666015625
vt 0.702148438 0.666015625
vt 0.69921875 0.666015625
vt 0.700683594 0.13269043
vt 0.706054688 0.13293457
vt 0.703613281 0.127807617
vt 0.699707031 0.144897461
vt 0.707519531 0.139648438
vt 0.698242188 0.137573242
vt 0.707519531 0.145751953
vt 0.694824219 0.143432617
vt 0.707519531 0.150512695
vt 0.707519531 0.157592773
vt 0.698242188 0.15612793
vt 0.690917969 0.147460938
vt 0.689453125 0.155517578
vt 0.708496094 0.165039062
vt 0.687011719 0.14453125
vt 0.710449219 0.177246094
vt 0.696777344 0.169433594
vt 0.687988281 0.166748047
vt 0.682617188 0.166625977
vt 0.674316406 0.166259766
vt 0.682617188 0.139160156
vt 0.677246094 0.154663086
vt 0.665039062 0.177124023
vt 0.6640625 0.155517578
vt 0.670898438 0.146484375
vt 0.663085938 0.161010742
vt 0.657714844 0.15612793
vt 0.658691406 0.153442383
vt 0.616210938 0.838378906
vt 0.618652344 0.838378906
vt 0.613769531 0.841796875
vt 0.61328125 0.836425781
vt 0.623046875 0.838867188
vt 0.608398438 0.844238281
vt 0.616210938 0.830078125
vt 0.615722656 0.826171875
vt 0.609375 0.831542969
vt 0.608398438 0.826660156
vt 0.610351562 0.818847656
vt 0.620605469 0.844238281
vt 0.610351562 0.846191406
vt 0.6015625 0.849609375
vt 0.604492188 0.8515625
vt 0.597167969 0.855957031
vt 0.610839844 0.854492188
vt 0.598632812 0.864257812
vt 0.594726562 0.863769531
vt 0.59375 0.871582031
vt 0.609375 0.865722656
vt 0.59765625 0.87109375
vt 0.597167969 0.881835938
vt 0.606445312 0.885742188
vt 0.604003906 0.888183594
vt 0.612304688 0.892578125
vt 0.610351562 0.873046875
vt 0.614257812 0.889648438
vt 0.620605469 0.894042969
vt 0.619628906 0.8671875
vt 0.615234375 0.884277344
vt 0.626953125 0.889160156
vt 0.628417969 0.892578125
vt 0.634277344 0.889160156
vt 0.629394531 0.881347656
vt 0.635253906 0.882324219
vt 0.638671875 0.884765625
vt 0.641601562 0.879882812
vt 0.634277344 0.869628906
vt 0.625488281 0.858398438
vt 0.628417969 0.852050781
vt 0.637695312 0.872070312
vt 0.637207031 0.858398438
vt 0.637695312 0.865234375
vt 0.642089844 0.873535156
vt 0.642089844 0.865234375
vt 0.645019531 0.879394531
vt 0.643554688 0.886230469
vt 0.645019531 0.873535156
vt 0.650390625 0.889648438
vt 0.6484375 0.892578125
vt 0.654785156 0.896484375
vt 0.635253906 0.851074219
vt 0.642578125 0.857421875
vt 0.645996094 0.865722656
vt 0.6484375 0.851074219
vt 0.6484375 0.872558594
vt 0.649902344 0.8828125
vt 0.66015625 0.888183594
vt 0.630859375 0.845214844
vt 0.649414062 0.865234375
vt 0.652832031 0.880859375
vt 0.651367188 0.871582031
vt 0.6640625 0.894042969
vt 0.663574219 0.899902344
vt 0.654785156 0.858886719
vt 0.671875 0.89453125
vt 0.672851562 0.899902344
vt 0.682128906 0.894042969
vt 0.683105469 0.896972656
vt 0.69140625 0.890625
vt 0.689453125 0.888671875
vt 0.697753906 0.879882812
vt 0.680664062 0.892089844
vt 0.671386719 0.890136719
vt 0.6875 0.887207031
vt 0.666015625 0.890136719
vt 0.68359375 0.885253906
vt 0.662109375 0.883789062
vt 0.670898438 0.885253906
vt 0.655761719 0.875976562
vt 0.666503906 0.879882812
vt 0.673339844 0.876953125
vt 0.688964844 0.877441406
vt 0.655273438 0.870117188
vt 0.666992188 0.872558594
vt 0.662597656 0.865234375
vt 0.662109375 0.852050781
vt 0.672363281 0.868164062
vt 0.681640625 0.867675781
vt 0.669433594 0.857421875
vt 0.692382812 0.877929688
vt 0.696289062 0.87109375
vt 0.69921875 0.87109375
vt 0.698242188 0.861816406
vt 0.692382812 0.863769531
vt 0.6953125 0.86328125
vt 0.694335938 0.854003906
vt 0.688476562 0.856933594
vt 0.687988281 0.84765625
vt 0.6875 0.865234375
vt 0.684082031 0.859375
vt 0.67578125 0.852539062
vt 0.670410156 0.841796875
vt 0.67578125 0.841308594
vt 0.683105469 0.844238281
vt 0.6796875 0.840332031
vt 0.682128906 0.840332031
vt 0.684570312 0.837890625
vt 0.679199219 0.836914062
vt 0.687011719 0.832519531
vt 0.683105469 0.828125
vt 0.6875 0.826660156
vt 0.684570312 0.818359375
vt 0.665039062 0.841796875
vt 0.677734375 0.832519531
vt 0.680664062 0.821289062
vt 0.678222656 0.823242188
vt 0.676757812 0.814453125
vt 0.677734375 0.812011719
vt 0.670410156 0.8125
vt 0.670898438 0.809082031
vt 0.670410156 0.815917969
vt 0.662597656 0.8125
vt 0.661621094 0.809082031
vt 0.663574219 0.815917969
vt 0.665527344 0.821777344
vt 0.674316406 0.827148438
vt 0.655273438 0.81640625
vt 0.652832031 0.812988281
vt 0.657714844 0.818847656
vt 0.675292969 0.832519531
vt 0.650390625 0.822753906
vt 0.646484375 0.820800781
vt 0.669921875 0.829589844
vt 0.662597656 0.836425781
vt 0.66015625 0.828125
vt 0.653320312 0.824707031
vt 0.657226562 0.826660156
vt 0.658203125 0.838378906
vt 0.6484375 0.830566406
vt 0.64453125 0.830078125
vt 0.652832031 0.831542969
vt 0.653320312 0.837890625
vt 0.655273438 0.8515625
vt 0.6484375 0.837890625
vt 0.642089844 0.850585938
vt 0.644042969 0.837402344
vt 0.639648438 0.837402344
vt 0.640136719 0.830566406
vt 0.643066406 0.821289062
vt 0.634765625 0.836914062
vt 0.639160156 0.823730469
vt 0.638183594 0.813964844
vt 0.631347656 0.833007812
vt 0.636230469 0.831054688
vt 0.634765625 0.817871094
vt 0.630859375 0.810546875
vt 0.630859375 0.823730469
vt 0.625488281 0.822265625
vt 0.629394531 0.814453125
vt 0.622558594 0.810546875
vt 0.618164062 0.81640625
vt 0.616210938 0.812988281
vt 0.620605469 0.819824219
vt 0.662597656 0.436523438
vt 0.641601562 0.449951172
vt 0.650390625 0.440673828
vt 0.675292969 0.438232422
vt 0.685546875 0.446044922
vt 0.69140625 0.457763672
vt 0.690917969 0.470947266
vt 0.684082031 0.482177734
vt 0.673339844 0.489257812
vt 0.660644531 0.490234375
vt 0.648925781 0.484863281
vt 0.640625 0.475097656
vt 0.638183594 0.462402344
vt 0.312744141 0.419189453
vt 0.334228516 0.427246094
vt 0.351806641 0.434082031
vt 0.369628906 0.442382812
vt 0.462158203 0.702148438
vt 0.485839844 0.695800781
vt 0.485839844 0.713378906
vt 0.470947266 0.717285156
vt 0.444824219 0.719238281
vt 0.456298828 0.743164062
vt 0.460205078 0.728515625
vt 0.438476562 0.743164062
vt 0.456298828 0.743164062
vt 0.444580078 0.766601562
vt 0.460205078 0.7578125
vt 0.461914062 0.784179688
vt 0.470947266 0.768554688
vt 0.485595703 0.772460938
vt 0.485595703 0.790527344
vt 0.485839844 0.713378906
vt 0.485839844 0.695800781
vt 0.462158203 0.702148438
vt 0.470947266 0.717285156
vt 0.444824219 0.719238281
vt 0.456298828 0.743164062
vt 0.460205078 0.728515625
vt 0.438476562 0.743164062
vt 0.444580078 0.766601562
vt 0.460205078 0.7578125
vt 0.461914062 0.784179688
vt 0.470947266 0.768554688
vt 0.485595703 0.772460938
vt 0.485595703 0.790527344
vt 0.766113281 0.243286133
vt 0.787109375 0.253417969
vt 0.775390625 0.251220703
vt 0.761230469 0.231811523
vt 0.762695312 0.219360352
vt 0.76953125 0.208984375
vt 0.780273438 0.202880859
vt 0.792480469 0.202514648
vt 0.803222656 0.208007812
vt 0.810058594 0.217895508
vt 0.811523438 0.230102539
vt 0.807617188 0.241699219
vt 0.798828125 0.250244141
vt 0.475830078 0.275878906
vt 0.479980469 0.267822266
vt 0.468261719 0.280761719
vt 0.458984375 0.28125
vt 0.449951172 0.277099609
vt 0.443603516 0.26953125
vt 0.44140625 0.260009766
vt 0.443603516 0.250976562
vt 0.449951172 0.243774414
vt 0.459228516 0.241210938
vt 0.46875 0.243286133
vt 0.476318359 0.249511719
vt 0.480224609 0.258300781
vt 0.657714844 0.579101562
vt 0.671386719 0.563476562
vt 0.662597656 0.569824219
vt 0.657226562 0.58984375
vt 0.662109375 0.599121094
vt 0.670898438 0.604980469
vt 0.681640625 0.605957031
vt 0.691894531 0.6015625
vt 0.698730469 0.593261719
vt 0.701660156 0.583007812
vt 0.698730469 0.572753906
vt 0.691894531 0.564941406
vt 0.681640625 0.561523438
vt 0.807617188 0.241699219
vt 0.787109375 0.253417969
vt 0.798828125 0.250244141
vt 0.811523438 0.230102539
vt 0.810058594 0.217895508
vt 0.803222656 0.208007812
vt 0.792480469 0.202514648
vt 0.780273438 0.202880859
vt 0.76953125 0.208984375
vt 0.762695312 0.219360352
vt 0.761230469 0.231811523
vt 0.766113281 0.243286133
vt 0.775390625 0.251220703
vt 0.951660156 0.594238281
vt 0.958007812 0.57421875
vt 0.961914062 0.57421875
vt 0.963378906 0.594238281
vt 0.966796875 0.57421875
vt 0.955566406 0.602539062
vt 0.946289062 0.602539062
vt 0.961425781 0.616210938
vt 0.954589844 0.618652344
vt 0.941894531 0.63671875
vt 0.961425781 0.62890625
vt 0.9453125 0.617675781
vt 0.942382812 0.606933594
vt 0.965820312 0.619628906
vt 0.940917969 0.627929688
vt 0.938476562 0.618652344
vt 0.956054688 0.637695312
vt 0.951660156 0.640625
vt 0.941894531 0.643554688
vt 0.926269531 0.634765625
vt 0.939941406 0.609863281
vt 0.94140625 0.607910156
vt 0.937011719 0.603515625
vt 0.935058594 0.607910156
vt 0.930175781 0.596679688
vt 0.927734375 0.62890625
vt 0.913574219 0.631835938
vt 0.909179688 0.635742188
vt 0.92578125 0.610839844
vt 0.922363281 0.601074219
vt 0.921386719 0.595214844
vt 0.917480469 0.62890625
vt 0.908203125 0.623046875
vt 0.903320312 0.624023438
vt 0.90234375 0.614746094
vt 0.909179688 0.606445312
vt 0.920410156 0.624023438
vt 0.911621094 0.622558594
vt 0.919433594 0.611328125
vt 0.915527344 0.603515625
vt 0.912597656 0.598144531
vt 0.909179688 0.606445312
vt 0.909179688 0.606445312
vt 0.915527344 0.603515625
vt 0.909179688 0.606445312
vt 0.90234375 0.614746094
vt 0.911621094 0.622558594
vt 0.903320312 0.624023438
vt 0.909179688 0.635742188
vt 0.913574219 0.631835938
vt 0.919921875 0.64453125
vt 0.919433594 0.611328125
vt 0.917480469 0.62890625
vt 0.926269531 0.634765625
vt 0.915527344 0.603515625
vt 0.912597656 0.598144531
vt 0.921386719 0.595214844
vt 0.922363281 0.601074219
vt 0.930175781 0.596679688
vt 0.927734375 0.62890625
vt 0.9296875 0.602539062
vt 0.937011719 0.603515625
vt 0.92578125 0.610839844
vt 0.938476562 0.618652344
vt 0.931640625 0.64453125
vt 0.928222656 0.645019531
vt 0.941894531 0.63671875
vt 0.940917969 0.627929688
vt 0.939941406 0.609863281
vt 0.94140625 0.607910156
vt 0.942382812 0.606933594
vt 0.9453125 0.617675781
vt 0.946289062 0.602539062
vt 0.954589844 0.618652344
vt 0.955566406 0.602539062
vt 0.951660156 0.594238281
vt 0.963378906 0.594238281
vt 0.961914062 0.57421875
vt 0.958007812 0.57421875
vt 0.966796875 0.57421875
vt 0.970214844 0.57421875
vt 0.961425781 0.616210938
vt 0.961425781 0.62890625
vt 0.969238281 0.607421875
vt 0.965820312 0.619628906
vt 0.969238281 0.636230469
vt 0.9765625 0.609375
vt 0.971679688 0.594238281
vt 0.973632812 0.584472656
vt 0.975097656 0.57421875
vt 0.979980469 0.57421875
vt 0.984375 0.584472656
vt 0.984863281 0.57421875
vt 0.997070312 0.57421875
vt 0.997070312 0.594238281
vt 0.983398438 0.594238281
vt 0.981933594 0.609863281
vt 0.979980469 0.624511719
vt 0.997070312 0.637207031
vt 0.981933594 0.651367188
vt 0.997070312 0.650390625
vt 0.997070312 0.665039062
vt 0.9765625 0.638671875
vt 0.973144531 0.651855469
vt 0.985839844 0.665527344
vt 0.997070312 0.675292969
vt 0.975097656 0.665039062
vt 0.98828125 0.677734375
vt 0.987792969 0.688476562
vt 0.997070312 0.686523438
vt 0.983398438 0.697753906
vt 0.979003906 0.676757812
vt 0.979003906 0.685058594
vt 0.979003906 0.685058594
vt 0.966796875 0.684570312
vt 0.964355469 0.670898438
vt 0.961425781 0.678222656
vt 0.969726562 0.661621094
vt 0.95703125 0.661621094
vt 0.967285156 0.665527344
vt 0.955078125 0.670410156
vt 0.940429688 0.675292969
vt 0.9609375 0.647460938
vt 0.943847656 0.651855469
vt 0.944335938 0.661621094
vt 0.942871094 0.668457031
vt 0.956054688 0.637695312
vt 0.951660156 0.640625
vt 0.941894531 0.643554688
vt 0.932617188 0.663574219
vt 0.927734375 0.659179688
vt 0.927734375 0.659179688
vt 0.929199219 0.65234375
vt 0.920410156 0.653320312
vt 0.0814819336 0.609863281
vt 0.0774536133 0.602539062
vt 0.0814819336 0.609863281
vt 0.083190918 0.614257812
vt 0.083190918 0.614257812
vt 0.085144043 0.618652344
vt 0.085144043 0.618652344
vt 0.0856323242 0.625976562
vt 0.0856323242 0.625976562
vt 0.0692138672 0.649414062
vt 0.0818481445 0.643066406
vt 0.0806274414 0.649414062
vt 0.0801391602 0.657226562
vt 0.076965332 0.666015625
vt 0.0419311523 0.697265625
vt 0.0692138672 0.649414062
vt 0.0784301758 0.681152344
vt 0.078918457 0.690429688
vt 0.0807495117 0.69921875
vt 0.0336914062 0.693847656
vt 0.0805053711 0.709472656
vt 0.0279846191 0.701660156
vt 0.0279846191 0.701660156
vt 0.00517272949 0.72265625
vt 0.0209503174 0.733886719
vt 0.0099029541 0.750488281
vt 0.0300445557 0.75390625
vt 0.0425415039 0.787109375
vt 0.0399780273 0.737792969
vt 0.0502929688 0.771972656
vt 0.0809936523 0.791015625
vt 0.0809936523 0.791015625
vt 0.0957641602 0.805175781
vt 0.0473937988 0.754882812
vt 0.0806274414 0.755371094
vt 0.0883789062 0.73046875
vt 0.104187012 0.735839844
vt 0.111206055 0.716796875
vt 0.0935058594 0.69921875
vt 0.103820801 0.690429688
vt 0.128173828 0.711425781
vt 0.114746094 0.6875
vt 0.131103516 0.688476562
vt 0.142456055 0.696289062
vt 0.130615234 0.733398438
vt 0.13659668 0.755859375
vt 0.148803711 0.721191406
vt 0.149902344 0.704589844
vt 0.155395508 0.708984375
vt 0.172729492 0.716796875
vt 0.170410156 0.729003906
vt 0.179321289 0.722167969
vt 0.183837891 0.7265625
vt 0.187255859 0.731445312
vt 0.191894531 0.739746094
vt 0.178466797 0.749511719
vt 0.144287109 0.730957031
vt 0.163574219 0.734863281
vt 0.173217773 0.752929688
vt 0.154541016 0.766601562
vt 0.149169922 0.764648438
vt 0.154541016 0.766601562
vt 0.152587891 0.770507812
vt 0.158935547 0.776855469
vt 0.141845703 0.773925781
vt 0.149169922 0.769042969
vt 0.141845703 0.773925781
vt 0.136474609 0.783691406
vt 0.134277344 0.792480469
vt 0.125732422 0.751464844
vt 0.11932373 0.794433594
vt 0.117004395 0.776367188
vt 0.110107422 0.797363281
vt 0.100646973 0.798339844
vt 0.0930175781 0.794921875
vt 0.0966186523 0.780761719
vt 0.0871582031 0.7890625
vt 0.0845336914 0.779296875
vt 0.101013184 0.766601562
vt 0.106933594 0.756835938
vt 0.0846557617 0.769042969
vt 0.0869140625 0.759765625
vt 0.0927734375 0.751464844
vt 0.0974731445 0.747070312
vt 0.111694336 0.742675781
vt 0.10333252 0.743652344
vt 0.480224609 0.258300781
vt 0.479980469 0.267822266
vt 0.476318359 0.249511719
vt 0.46875 0.243286133
vt 0.459228516 0.241210938
vt 0.449951172 0.243774414
vt 0.443603516 0.250976562
vt 0.44140625 0.260009766
vt 0.443603516 0.26953125
vt 0.449951172 0.277099609
vt 0.458984375 0.28125
vt 0.468261719 0.280761719
vt 0.475830078 0.275878906
vt 0.479980469 0.267822266
vt 0.480224609 0.258300781
vt 0.476318359 0.249511719
vt 0.46875 0.243286133
vt 0.459228516 0.241210938
vt 0.449951172 0.243774414
vt 0.443603516 0.250976562
vt 0.44140625 0.260009766
vt 0.443603516 0.26953125
vt 0.449951172 0.277099609
vt 0.458984375 0.28125
vt 0.468261719 0.280761719
vt 0.475830078 0.275878906
vt 0.787109375 0.253417969
vt 0.807617188 0.241699219
vt 0.798828125 0.250244141
vt 0.811523438 0.230102539
vt 0.810058594 0.217895508
vt 0.803222656 0.208007812
vt 0.792480469 0.202514648
vt 0.780273438 0.202880859
vt 0.76953125 0.208984375
vt 0.762695312 0.219360352
vt 0.761230469 0.231811523
vt 0.766113281 0.243286133
vt 0.775390625 0.251220703
vt 0.662597656 0.436523438
vt 0.641601562 0.449951172
vt 0.650390625 0.440673828
vt 0.675292969 0.438232422
vt 0.685546875 0.446044922
vt 0.69140625 0.457763672
vt 0.690917969 0.470947266
vt 0.684082031 0.482177734
vt 0.673339844 0.489257812
vt 0.660644531 0.490234375
vt 0.648925781 0.484863281
vt 0.640625 0.475097656
vt 0.638183594 0.462402344
vt 0.691894531 0.564941406
vt 0.671386719 0.563476562
vt 0.681640625 0.561523438
vt 0.698730469 0.572753906
vt 0.701660156 0.583007812
vt 0.698730469 0.593261719
vt 0.691894531 0.6015625
vt 0.681640625 0.605957031
vt 0.670898438 0.604980469
vt 0.662109375 0.599121094
vt 0.657226562 0.58984375
vt 0.657714844 0.579101562
vt 0.662597656 0.569824219
vt 0.807617188 0.241699219
vt 0.787109375 0.253417969
vt 0.798828125 0.250244141
vt 0.811523438 0.230102539
vt 0.810058594 0.217895508
vt 0.803222656 0.208007812
vt 0.792480469 0.202514648
vt 0.780273438 0.202880859
vt 0.76953125 0.208984375
vt 0.762695312 0.219360352
vt 0.761230469 0.231811523
vt 0.766113281 0.243286133
vt 0.775390625 0.251220703
vt 0.657714844 0.579101562
vt 0.671386719 0.563476562
vt 0.662597656 0.569824219
vt 0.657226562 0.58984375
vt 0.662109375 0.599121094
vt 0.670898438 0.604980469
vt 0.681640625 0.605957031
vt 0.691894531 0.6015625
vt 0.698730469 0.593261719
vt 0.701660156 0.583007812
vt 0.698730469 0.572753906
vt 0.691894531 0.564941406
vt 0.681640625 0.561523438
vt 0.641601562 0.449951172
vt 0.662597656 0.436523438
vt 0.650390625 0.440673828
vt 0.675292969 0.438232422
vt 0.685546875 0.446044922
vt 0.69140625 0.457763672
vt 0.690917969 0.470947266
vt 0.684082031 0.482177734
vt 0.673339844 0.489257812
vt 0.660644531 0.490234375
vt 0.648925781 0.484863281
vt 0.640625 0.475097656
vt 0.638183594 0.462402344
vt 0.691894531 0.564941406
vt 0.671386719 0.563476562
vt 0.681640625 0.561523438
vt 0.698730469 0.572753906
vt 0.701660156 0.583007812
vt 0.698730469 0.593261719
vt 0.691894531 0.6015625
vt 0.681640625 0.605957031
vt 0.670898438 0.604980469
vt 0.662109375 0.599121094
vt 0.657226562 0.58984375
vt 0.657714844 0.579101562
vt 0.662597656 0.569824219
vt 0.479980469 0.267822266
vt 0.475830078 0.275878906
vt 0.468261719 0.280761719
vt 0.458984375 0.28125
vt 0.449951172 0.277099609
vt 0.443603516 0.26953125
vt 0.44140625 0.260009766
vt 0.443603516 0.250976562
vt 0.449951172 0.243774414
vt 0.459228516 0.241210938
vt 0.46875 0.243286133
vt 0.476318359 0.249511719
vt 0.480224609 0.258300781
vt 0.640625 0.475097656
vt 0.641601562 0.449951172
vt 0.638183594 0.462402344
vt 0.648925781 0.484863281
vt 0.660644531 0.490234375
vt 0.673339844 0.489257812
vt 0.684082031 0.482177734
vt 0.690917969 0.470947266
vt 0.69140625 0.457763672
vt 0.685546875 0.446044922
vt 0.675292969 0.438232422
vt 0.662597656 0.436523438
vt 0.650390625 0.440673828
vt 0.298828125 0.144165039
vt 0.207641602 0.144165039
vt 0.207641602 0.169921875
vt 0.298828125 0.169921875
vt 0.298828125 0.178955078
vt 0.221923828 0.178955078
vt 0.207641602 0.224243164
vt 0.221923828 0.224243164
vt 0.181762695 0.224243164
vt 0.181762695 0.169921875
vt 0.181762695 0.260742188
vt 0.207641602 0.260742188
vt 0.221923828 0.260742188
vt 0.207641602 0.295166016
vt 0.181762695 0.295166016
vt 0.221923828 0.295166016
vt 0.181762695 0.313232422
vt 0.207641602 0.313232422
vt 0.221923828 0.313232422
vt 0.181762695 0.327392578
vt 0.207641602 0.327392578
vt 0.221923828 0.327392578
vt 0.181762695 0.345947266
vt 0.207641602 0.345947266
vt 0.221923828 0.345947266
vt 0.181762695 0.372558594
vt 0.207641602 0.372558594
vt 0.221923828 0.372558594
vt 0.181762695 0.395263672
vt 0.221923828 0.395263672
vt 0.520019531 0.427490234
vt 0.507324219 0.418945312
vt 0.505859375 0.425048828
vt 0.515136719 0.431640625
vt 0.503417969 0.431396484
vt 0.530761719 0.434082031
vt 0.538574219 0.428955078
vt 0.522949219 0.438232422
vt 0.515136719 0.443603516
vt 0.533691406 0.444580078
vt 0.521484375 0.449707031
vt 0.544433594 0.433837891
vt 0.552246094 0.441894531
vt 0.551269531 0.427001953
vt 0.546875 0.421875
vt 0.534667969 0.453613281
vt 0.540039062 0.455322266
vt 0.525878906 0.45703125
vt 0.534179688 0.464111328
vt 0.526855469 0.465087891
vt 0.530273438 0.4765625
vt 0.524414062 0.476806641
vt 0.523925781 0.483886719
vt 0.557128906 0.437744141
vt 0.559082031 0.420898438
vt 0.567871094 0.432617188
vt 0.569824219 0.422607422
vt 0.577148438 0.43359375
vt 0.566894531 0.440185547
vt 0.574707031 0.440429688
vt 0.571777344 0.455078125
vt 0.560058594 0.443359375
vt 0.571289062 0.462890625
vt 0.557617188 0.445800781
vt 0.563476562 0.459472656
vt 0.559082031 0.456542969
vt 0.553710938 0.453857422
vt 0.55078125 0.453369141
vt 0.540527344 0.447753906
vt 0.548828125 0.457275391
vt 0.541992188 0.465820312
vt 0.536132812 0.478271484
vt 0.532714844 0.477294922
vt 0.530761719 0.484863281
vt 0.529296875 0.484130859
vt 0.523925781 0.492919922
vt 0.52734375 0.483886719
vt 0.668945312 0.537597656
vt 0.687011719 0.548828125
vt 0.67578125 0.528320312
vt 0.694335938 0.534667969
vt 0.682128906 0.517578125
vt 0.7109375 0.569335938
vt 0.699707031 0.5234375
vt 0.695800781 0.479492188
vt 0.721679688 0.554199219
vt 0.737304688 0.603515625
vt 0.729003906 0.532226562
vt 0.741210938 0.576660156
vt 0.743164062 0.549316406
vt 0.713867188 0.486083984
vt 0.71484375 0.438476562
vt 0.729980469 0.447753906
vt 0.730957031 0.403808594
vt 0.745605469 0.408935547
vt 0.739257812 0.497558594
vt 0.748535156 0.456787109
vt 0.756347656 0.415527344
vt 0.766601562 0.497558594
vt 0.778808594 0.419189453
vt 0.759277344 0.393554688
vt 0.774902344 0.458740234
vt 0.780273438 0.393554688
vt 0.759765625 0.376464844
vt 0.780761719 0.376464844
vt 0.801757812 0.376464844
vt 0.801269531 0.393554688
vt 0.825195312 0.376464844
vt 0.800292969 0.419921875
vt 0.824707031 0.393554688
vt 0.800292969 0.461425781
vt 0.847167969 0.393554688
vt 0.84765625 0.376464844
vt 0.823730469 0.419921875
vt 0.869140625 0.393554688
vt 0.869628906 0.376464844
vt 0.891601562 0.376464844
vt 0.891113281 0.393554688
vt 0.868652344 0.41796875
vt 0.891113281 0.413818359
vt 0.847167969 0.419189453
vt 0.904785156 0.454101562
vt 0.901367188 0.407226562
vt 0.87890625 0.456787109
vt 0.853515625 0.460449219
vt 0.827148438 0.460693359
vt 0.892578125 0.496582031
vt 0.922851562 0.444335938
vt 0.916015625 0.401611328
vt 0.9375 0.434570312
vt 0.919921875 0.496337891
vt 0.935546875 0.53125
vt 0.9453125 0.484130859
vt 0.963378906 0.477294922
vt 0.963867188 0.508789062
vt 0.98046875 0.499755859
vt 0.860351562 0.497314453
vt 0.970703125 0.518554688
vt 0.98828125 0.509277344
vt 0.98046875 0.531738281
vt 0.996582031 0.517578125
vt 0.958984375 0.549316406
vt 0.945800781 0.535644531
vt 0.925292969 0.587402344
vt 0.920410156 0.561523438
vt 0.915527344 0.549316406
vt 0.8984375 0.526367188
vt 0.87890625 0.549316406
vt 0.863769531 0.526855469
vt 0.872558594 0.571777344
vt 0.897460938 0.571777344
vt 0.830078125 0.496337891
vt 0.853515625 0.549316406
vt 0.875976562 0.595703125
vt 0.895996094 0.595703125
vt 0.896484375 0.607910156
vt 0.799316406 0.497802734
vt 0.833007812 0.526367188
vt 0.849609375 0.571777344
vt 0.766601562 0.526367188
vt 0.802246094 0.526367188
vt 0.780273438 0.549316406
vt 0.829589844 0.549316406
vt 0.805664062 0.549316406
vt 0.779296875 0.571777344
vt 0.75390625 0.571777344
vt 0.803222656 0.571777344
vt 0.780761719 0.595703125
vt 0.759277344 0.595703125
vt 0.826171875 0.571777344
vt 0.805175781 0.595703125
vt 0.780761719 0.607910156
vt 0.760253906 0.607910156
vt 0.761230469 0.620117188
vt 0.852050781 0.595703125
vt 0.780761719 0.642089844
vt 0.759765625 0.642089844
vt 0.807128906 0.620117188
vt 0.829101562 0.595703125
vt 0.876953125 0.607910156
vt 0.782714844 0.671386719
vt 0.757324219 0.671875
vt 0.829589844 0.607910156
vt 0.852050781 0.607910156
vt 0.877441406 0.620117188
vt 0.896484375 0.620117188
vt 0.806640625 0.642089844
vt 0.778808594 0.705078125
vt 0.753417969 0.705078125
vt 0.829589844 0.620117188
vt 0.852050781 0.620117188
vt 0.87890625 0.642089844
vt 0.898925781 0.642089844
vt 0.806640625 0.670898438
vt 0.775390625 0.737304688
vt 0.748046875 0.737304688
vt 0.7421875 0.766113281
vt 0.830566406 0.642089844
vt 0.853515625 0.642089844
vt 0.877929688 0.670898438
vt 0.90234375 0.670898438
vt 0.807617188 0.705078125
vt 0.830566406 0.671386719
vt 0.854492188 0.670410156
vt 0.881347656 0.705078125
vt 0.90625 0.705078125
vt 0.853027344 0.705078125
vt 0.884277344 0.737304688
vt 0.910644531 0.737304688
vt 0.915527344 0.766113281
vt 0.830566406 0.705078125
vt 0.8046875 0.737304688
vt 0.854980469 0.737304688
vt 0.888671875 0.766113281
vt 0.830078125 0.737304688
vt 0.770019531 0.766113281
vt 0.892089844 0.806640625
vt 0.922363281 0.806640625
vt 0.931152344 0.845214844
vt 0.856445312 0.766113281
vt 0.802246094 0.766113281
vt 0.763671875 0.806640625
vt 0.733398438 0.806640625
vt 0.722167969 0.845214844
vt 0.899414062 0.845214844
vt 0.944824219 0.879882812
vt 0.829589844 0.766113281
vt 0.857910156 0.806640625
vt 0.798339844 0.806640625
vt 0.75390625 0.845214844
vt 0.706054688 0.879882812
vt 0.828125 0.806640625
vt 0.860351562 0.845214844
vt 0.90625 0.879882812
vt 0.966308594 0.91796875
vt 0.827148438 0.845214844
vt 0.883300781 0.862792969
vt 0.858886719 0.879882812
vt 0.923339844 0.91796875
vt 0.979492188 0.940429688
vt 0.928222656 0.940429688
vt 0.995605469 0.974121094
vt 0.869140625 0.91796875
vt 0.936523438 0.974121094
vt 0.996582031 0.996582031
vt 0.942871094 0.996582031
vt 0.869628906 0.940429688
vt 0.868164062 0.974121094
vt 0.869140625 0.996582031
vt 0.825683594 0.879882812
vt 0.82421875 0.91796875
vt 0.823242188 0.940429688
vt 0.822265625 0.974121094
vt 0.821777344 0.996582031
vt 0.773925781 0.996582031
vt 0.776367188 0.974121094
vt 0.700195312 0.996582031
vt 0.776855469 0.940429688
vt 0.708007812 0.974121094
vt 0.646484375 0.996582031
vt 0.649902344 0.974121094
vt 0.717773438 0.940429688
vt 0.667480469 0.940429688
vt 0.779296875 0.91796875
vt 0.724609375 0.91796875
vt 0.682128906 0.91796875
vt 0.791992188 0.879882812
vt 0.745117188 0.879882812
vt 0.793457031 0.845214844
vt 0.768554688 0.858398438
vt 0.69921875 0.734375
vt 0.69921875 0.730957031
vt 0.702148438 0.734375
vt 0.70703125 0.734375
vt 0.702148438 0.721679688
vt 0.69921875 0.721679688
vt 0.69921875 0.717773438
vt 0.71484375 0.721679688
vt 0.71484375 0.730957031
vt 0.712402344 0.734375
vt 0.71484375 0.734375
vt 0.71484375 0.717773438
vt 0.71484375 0.706542969
vt 0.69921875 0.706542969
vt 0.717773438 0.717773438
vt 0.696777344 0.717773438
vt 0.687988281 0.717773438
vt 0.729003906 0.717773438
vt 0.687988281 0.706542969
vt 0.685546875 0.717773438
vt 0.685546875 0.706542969
vt 0.685546875 0.692382812
vt 0.687988281 0.677246094
vt 0.685546875 0.683105469
vt 0.685546875 0.677246094
vt 0.696777344 0.677246094
vt 0.702148438 0.692382812
vt 0.69921875 0.677246094
vt 0.71484375 0.677246094
vt 0.71484375 0.683105469
vt 0.71484375 0.675292969
vt 0.717773438 0.677246094
vt 0.69921875 0.675292969
vt 0.729003906 0.706542969
vt 0.731445312 0.692382812
vt 0.731445312 0.717773438
vt 0.729003906 0.677246094
vt 0.733886719 0.717773438
vt 0.731445312 0.677246094
vt 0.73828125 0.717773438
vt 0.733886719 0.677246094
vt 0.742675781 0.692382812
vt 0.73828125 0.677246094
vt 0.742675781 0.677246094
vt 0.745117188 0.677246094
vt 0.745117188 0.683105469
vt 0.745117188 0.692382812
vt 0.742675781 0.717773438
vt 0.745117188 0.706542969
vt 0.745117188 0.717773438
vt 0.69921875 0.668457031
vt 0.69921875 0.666015625
vt 0.702148438 0.666015625
vt 0.70703125 0.666015625
vt 0.712402344 0.666015625
vt 0.71484375 0.668457031
vt 0.71484375 0.666015625
vt 0.514160156 0.692382812
vt 0.514160156 0.688964844
vt 0.516113281 0.692382812
vt 0.514160156 0.680175781
vt 0.526855469 0.680175781
vt 0.524902344 0.692382812
vt 0.514160156 0.676757812
vt 0.526855469 0.688964844
vt 0.526855469 0.692382812
vt 0.526855469 0.676757812
vt 0.526855469 0.663085938
vt 0.527832031 0.676757812
vt 0.514160156 0.663085938
vt 0.512695312 0.676757812
vt 0.503417969 0.676757812
vt 0.527832031 0.637695312
vt 0.536621094 0.663085938
vt 0.536621094 0.676757812
vt 0.538574219 0.676757812
vt 0.538574219 0.663085938
vt 0.538574219 0.65234375
vt 0.538574219 0.643554688
vt 0.536621094 0.637695312
vt 0.538574219 0.637695312
vt 0.526855469 0.643554688
vt 0.526855469 0.637695312
vt 0.514160156 0.637695312
vt 0.512695312 0.643554688
vt 0.514160156 0.635253906
vt 0.512695312 0.637695312
vt 0.524902344 0.627441406
vt 0.526855469 0.635253906
vt 0.526855469 0.629394531
vt 0.526855469 0.627441406
vt 0.514160156 0.629394531
vt 0.516113281 0.627441406
vt 0.514160156 0.627441406
vt 0.500976562 0.637695312
vt 0.503417969 0.637695312
vt 0.498291016 0.65234375
vt 0.500976562 0.676757812
vt 0.498291016 0.676757812
vt 0.498291016 0.637695312
vt 0.489746094 0.676757812
vt 0.487304688 0.65234375
vt 0.489746094 0.637695312
vt 0.487304688 0.663085938
vt 0.487304688 0.676757812
vt 0.487304688 0.643554688
vt 0.487304688 0.637695312
vt 0.514160156 0.692382812
vt 0.516113281 0.692382812
vt 0.514160156 0.688964844
vt 0.514160156 0.680175781
vt 0.526855469 0.680175781
vt 0.524902344 0.692382812
vt 0.514160156 0.676757812
vt 0.526855469 0.688964844
vt 0.526855469 0.692382812
vt 0.526855469 0.676757812
vt 0.526855469 0.663085938
vt 0.527832031 0.676757812
vt 0.536621094 0.676757812
vt 0.514160156 0.663085938
vt 0.512695312 0.676757812
vt 0.536621094 0.663085938
vt 0.538574219 0.676757812
vt 0.538574219 0.663085938
vt 0.538574219 0.65234375
vt 0.538574219 0.643554688
vt 0.536621094 0.637695312
vt 0.538574219 0.637695312
vt 0.527832031 0.637695312
vt 0.526855469 0.643554688
vt 0.526855469 0.637695312
vt 0.500976562 0.663085938
vt 0.503417969 0.676757812
vt 0.500976562 0.676757812
vt 0.498291016 0.676757812
vt 0.514160156 0.637695312
vt 0.503417969 0.643554688
vt 0.512695312 0.637695312
vt 0.503417969 0.637695312
vt 0.500976562 0.637695312
vt 0.498291016 0.637695312
vt 0.514160156 0.635253906
vt 0.487304688 0.65234375
vt 0.489746094 0.637695312
vt 0.489746094 0.676757812
vt 0.487304688 0.643554688
vt 0.487304688 0.637695312
vt 0.487304688 0.663085938
vt 0.487304688 0.676757812
vt 0.524902344 0.627441406
vt 0.526855469 0.635253906
vt 0.526855469 0.629394531
vt 0.526855469 0.627441406
vt 0.514160156 0.629394531
vt 0.516113281 0.627441406
vt 0.514160156 0.627441406
vt 0.795898438 0.369384766
vt 0.76953125 0.319335938
vt 0.805664062 0.369384766
vt 0.779785156 0.314697266
vt 0.764160156 0.306640625
vt 0.7734375 0.298583984
vt 0.763183594 0.303710938
vt 0.762207031 0.300048828
vt 0.76171875 0.296630859
vt 0.770996094 0.291748047
vt 0.78125 0.282470703
vt 0.814453125 0.369384766
vt 0.783691406 0.287597656
vt 0.793945312 0.267822266
vt 0.791015625 0.306884766
vt 0.823730469 0.369384766
vt 0.798339844 0.271972656
vt 0.799316406 0.275390625
vt 0.806152344 0.296875
vt 0.810058594 0.25390625
vt 0.807617188 0.251708984
vt 0.8203125 0.237426758
vt 0.818359375 0.287841797
vt 0.835449219 0.369384766
vt 0.84375 0.369384766
vt 0.812011719 0.256103516
vt 0.823730469 0.239746094
vt 0.834472656 0.223266602
vt 0.812988281 0.259277344
vt 0.830566406 0.279541016
vt 0.852539062 0.369384766
vt 0.836914062 0.225952148
vt 0.847167969 0.211303711
vt 0.825195312 0.241943359
vt 0.825683594 0.246337891
vt 0.842773438 0.272460938
vt 0.861328125 0.369384766
vt 0.838378906 0.228759766
vt 0.839355469 0.233154297
vt 0.852539062 0.267578125
vt 0.868652344 0.369384766
vt 0.851074219 0.224243164
vt 0.865234375 0.262939453
vt 0.875976562 0.369384766
vt 0.850585938 0.21887207
vt 0.865722656 0.217895508
vt 0.87890625 0.259277344
vt 0.884277344 0.369384766
vt 0.850097656 0.215087891
vt 0.880859375 0.214477539
vt 0.890625 0.257568359
vt 0.892578125 0.369384766
vt 0.865234375 0.211425781
vt 0.864746094 0.207397461
vt 0.861816406 0.20300293
vt 0.87890625 0.198852539
vt 0.879882812 0.203613281
vt 0.893554688 0.19934082
vt 0.881347656 0.208129883
vt 0.893066406 0.205322266
vt 0.906738281 0.203979492
vt 0.893554688 0.215087891
vt 0.893554688 0.209472656
vt 0.904785156 0.209106445
vt 0.920898438 0.213745117
vt 0.905273438 0.213256836
vt 0.916992188 0.216674805
vt 0.935546875 0.228759766
vt 0.905273438 0.218139648
vt 0.930175781 0.229492188
vt 0.947265625 0.243286133
vt 0.916992188 0.221069336
vt 0.942871094 0.243774414
vt 0.95703125 0.256347656
vt 0.928710938 0.233032227
vt 0.954589844 0.259033203
vt 0.967773438 0.268554688
vt 0.901367188 0.258789062
vt 0.900878906 0.369384766
vt 0.912109375 0.262939453
vt 0.910644531 0.369384766
vt 0.916503906 0.225830078
vt 0.923828125 0.270263672
vt 0.91796875 0.369384766
vt 0.939941406 0.247070312
vt 0.950683594 0.265380859
vt 0.928222656 0.238525391
vt 0.934570312 0.278564453
vt 0.928222656 0.369384766
vt 0.938476562 0.250976562
vt 0.9453125 0.287353516
vt 0.955566406 0.296142578
vt 0.936035156 0.369384766
vt 0.944335938 0.369384766
vt 0.964355469 0.271972656
vt 0.960449219 0.27734375
vt 0.970214844 0.289794922
vt 0.951171875 0.369384766
vt 0.974121094 0.283447266
vt 0.977539062 0.281982422
vt 0.972167969 0.286132812
vt 0.984863281 0.296630859
vt 0.987792969 0.292480469
vt 0.982421875 0.302490234
vt 0.995605469 0.302734375
vt 0.996582031 0.299316406
vt 0.995117188 0.306640625
vt 0.993652344 0.309570312
vt 0.986816406 0.321777344
vt 0.95703125 0.369384766
vt 0.149169922 0.769042969
vt 0.138916016 0.790039062
vt 0.147827148 0.777832031
vt 0.141845703 0.773925781
vt 0.136474609 0.783691406
vt 0.13659668 0.755859375
vt 0.134277344 0.792480469
vt 0.126708984 0.788574219
vt 0.120666504 0.798828125
vt 0.149169922 0.764648438
vt 0.130737305 0.780761719
vt 0.11932373 0.794433594
vt 0.114135742 0.778320312
vt 0.110107422 0.797363281
vt 0.100646973 0.798339844
vt 0.0957641602 0.805175781
vt 0.0877685547 0.798828125
vt 0.07421875 0.802246094
vt 0.0930175781 0.794921875
vt 0.0809936523 0.791015625
vt 0.0871582031 0.7890625
vt 0.0966186523 0.780761719
vt 0.10345459 0.778808594
vt 0.0845336914 0.779296875
vt 0.0765991211 0.770019531
vt 0.0637817383 0.778808594
vt 0.0598754883 0.796875
vt 0.0425415039 0.787109375
vt 0.0939941406 0.775390625
vt 0.0502929688 0.771972656
vt 0.0285797119 0.775878906
vt 0.0846557617 0.769042969
vt 0.0646362305 0.764648438
vt 0.0679931641 0.749023438
vt 0.0869140625 0.759765625
vt 0.0473937988 0.754882812
vt 0.0403442383 0.764160156
vt 0.0300445557 0.75390625
vt 0.0173034668 0.763183594
vt 0.0359802246 0.747558594
vt 0.023727417 0.744140625
vt 0.0099029541 0.750488281
vt 0.00565719604 0.736328125
vt 0.0399780273 0.737792969
vt 0.0209503174 0.733886719
vt 0.00517272949 0.72265625
vt 0.0291900635 0.733886719
vt 0.0213012695 0.723632812
vt 0.00820922852 0.706542969
vt 0.0311279297 0.724609375
vt 0.0239715576 0.7109375
vt 0.0130615234 0.694335938
vt 0.0279846191 0.701660156
vt 0.0336914062 0.693847656
vt 0.0348815918 0.713867188
vt 0.0483703613 0.716308594
vt 0.0379333496 0.704589844
vt 0.0419311523 0.697265625
vt 0.0658569336 0.734375
vt 0.0510253906 0.707519531
vt 0.0404663086 0.686035156
vt 0.0290679932 0.675292969
vt 0.0805053711 0.709472656
vt 0.0539550781 0.699707031
vt 0.0517578125 0.675292969
vt 0.0606079102 0.65234375
vt 0.0692138672 0.649414062
vt 0.0567321777 0.642089844
vt 0.0698242188 0.619140625
vt 0.0675048828 0.69140625
vt 0.0807495117 0.69921875
vt 0.078918457 0.690429688
vt 0.0784301758 0.681152344
vt 0.076965332 0.666015625
vt 0.0801391602 0.657226562
vt 0.0806274414 0.649414062
vt 0.0818481445 0.643066406
vt 0.0856323242 0.625976562
vt 0.085144043 0.618652344
vt 0.085144043 0.618652344
vt 0.083190918 0.614257812
vt 0.083190918 0.614257812
vt 0.0814819336 0.609863281
vt 0.0814819336 0.609863281
vt 0.0774536133 0.602539062
vt 0.147827148 0.777832031
vt 0.149169922 0.769042969
vt 0.147827148 0.777832031
vt 0.138916016 0.790039062
vt 0.141845703 0.773925781
vt 0.136474609 0.783691406
vt 0.13659668 0.755859375
vt 0.134277344 0.792480469
vt 0.149169922 0.769042969
vt 0.158935547 0.776855469
vt 0.126708984 0.788574219
vt 0.120666504 0.798828125
vt 0.149169922 0.764648438
vt 0.154541016 0.766601562
vt 0.164672852 0.759765625
vt 0.130737305 0.780761719
vt 0.143432617 0.74609375
vt 0.11932373 0.794433594
vt 0.114135742 0.778320312
vt 0.110107422 0.797363281
vt 0.100646973 0.798339844
vt 0.0957641602 0.805175781
vt 0.0877685547 0.798828125
vt 0.07421875 0.802246094
vt 0.0930175781 0.794921875
vt 0.0809936523 0.791015625
vt 0.0871582031 0.7890625
vt 0.0966186523 0.780761719
vt 0.10345459 0.778808594
vt 0.0845336914 0.779296875
vt 0.0765991211 0.770019531
vt 0.0637817383 0.778808594
vt 0.0598754883 0.796875
vt 0.0425415039 0.787109375
vt 0.0939941406 0.775390625
vt 0.0502929688 0.771972656
vt 0.0285797119 0.775878906
vt 0.0555114746 0.760253906
vt 0.0679931641 0.749023438
vt 0.0403442383 0.764160156
vt 0.0846557617 0.769042969
vt 0.0869140625 0.759765625
vt 0.0473937988 0.754882812
vt 0.0300445557 0.75390625
vt 0.0173034668 0.763183594
vt 0.0359802246 0.747558594
vt 0.023727417 0.744140625
vt 0.0099029541 0.750488281
vt 0.00565719604 0.736328125
vt 0.0399780273 0.737792969
vt 0.0209503174 0.733886719
vt 0.00517272949 0.72265625
vt 0.0291900635 0.733886719
vt 0.0213012695 0.723632812
vt 0.00820922852 0.706542969
vt 0.0348815918 0.713867188
vt 0.0239715576 0.7109375
vt 0.0130615234 0.694335938
vt 0.0279846191 0.701660156
vt 0.0336914062 0.693847656
vt 0.0379333496 0.704589844
vt 0.0483703613 0.716308594
vt 0.0658569336 0.734375
vt 0.0539550781 0.699707031
vt 0.0510253906 0.707519531
vt 0.0805053711 0.709472656
vt 0.0404663086 0.686035156
vt 0.0290679932 0.675292969
vt 0.0606079102 0.65234375
vt 0.0807495117 0.69921875
vt 0.0675048828 0.69140625
vt 0.078918457 0.690429688
vt 0.0784301758 0.681152344
vt 0.076965332 0.666015625
vt 0.0801391602 0.657226562
vt 0.0692138672 0.649414062
vt 0.0567321777 0.642089844
vt 0.0806274414 0.649414062
vt 0.0818481445 0.643066406
vt 0.0698242188 0.619140625
vt 0.0856323242 0.625976562
vt 0.085144043 0.618652344
vt 0.147827148 0.777832031
vt 0.158935547 0.776855469
vt 0.154541016 0.766601562
vt 0.164672852 0.759765625
vt 0.173217773 0.752929688
vt 0.178466797 0.749511719
vt 0.182373047 0.747070312
vt 0.143432617 0.74609375
vt 0.163574219 0.734863281
vt 0.15246582 0.741210938
vt 0.170654297 0.735351562
vt 0.170410156 0.729003906
vt 0.191894531 0.739746094
vt 0.187255859 0.731445312
vt 0.183837891 0.7265625
vt 0.179321289 0.722167969
vt 0.167602539 0.720703125
vt 0.172729492 0.716796875
vt 0.155395508 0.708984375
vt 0.163452148 0.727539062
vt 0.148803711 0.721191406
vt 0.149902344 0.704589844
vt 0.151000977 0.73046875
vt 0.144287109 0.730957031
vt 0.141967773 0.718261719
vt 0.142456055 0.696289062
vt 0.128173828 0.711425781
vt 0.131103516 0.688476562
vt 0.114746094 0.6875
vt 0.133422852 0.724121094
vt 0.130615234 0.733398438
vt 0.109130859 0.700683594
vt 0.103820801 0.690429688
vt 0.0935058594 0.69921875
vt 0.12512207 0.740722656
vt 0.120666504 0.727539062
vt 0.104187012 0.735839844
vt 0.124633789 0.717285156
vt 0.102478027 0.706054688
vt 0.125732422 0.751464844
vt 0.111206055 0.716796875
vt 0.104064941 0.724121094
vt 0.0914306641 0.713378906
vt 0.0883789062 0.73046875
vt 0.0858154297 0.745605469
vt 0.132080078 0.760742188
vt 0.0806274414 0.755371094
vt 0.0927734375 0.751464844
vt 0.0995483398 0.754882812
vt 0.0974731445 0.747070312
vt 0.10333252 0.743652344
vt 0.111694336 0.742675781
vt 0.106323242 0.75
vt 0.116149902 0.750488281
vt 0.101013184 0.766601562
vt 0.106933594 0.756835938
vt 0.112426758 0.767578125
vt 0.118103027 0.759277344
vt 0.120056152 0.772460938
vt 0.69921875 0.734375
vt 0.702148438 0.734375
vt 0.69921875 0.730957031
vt 0.70703125 0.734375
vt 0.702148438 0.721679688
vt 0.69921875 0.721679688
vt 0.69921875 0.717773438
vt 0.71484375 0.721679688
vt 0.71484375 0.730957031
vt 0.712402344 0.734375
vt 0.71484375 0.734375
vt 0.71484375 0.717773438
vt 0.71484375 0.706542969
vt 0.69921875 0.706542969
vt 0.717773438 0.717773438
vt 0.696777344 0.717773438
vt 0.687988281 0.717773438
vt 0.729003906 0.717773438
vt 0.687988281 0.706542969
vt 0.685546875 0.717773438
vt 0.685546875 0.706542969
vt 0.685546875 0.692382812
vt 0.687988281 0.677246094
vt 0.685546875 0.683105469
vt 0.685546875 0.677246094
vt 0.696777344 0.677246094
vt 0.702148438 0.692382812
vt 0.69921875 0.677246094
vt 0.71484375 0.677246094
vt 0.71484375 0.683105469
vt 0.71484375 0.675292969
vt 0.717773438 0.677246094
vt 0.69921875 0.675292969
vt 0.729003906 0.706542969
vt 0.731445312 0.692382812
vt 0.731445312 0.717773438
vt 0.729003906 0.677246094
vt 0.733886719 0.717773438
vt 0.731445312 0.677246094
vt 0.73828125 0.717773438
vt 0.733886719 0.677246094
vt 0.742675781 0.692382812
vt 0.73828125 0.677246094
vt 0.742675781 0.677246094
vt 0.745117188 0.677246094
vt 0.745117188 0.683105469
vt 0.745117188 0.692382812
vt 0.742675781 0.717773438
vt 0.745117188 0.706542969
vt 0.745117188 0.717773438
vt 0.69921875 0.668457031
vt 0.702148438 0.666015625
vt 0.69921875 0.666015625
vt 0.70703125 0.666015625
vt 0.712402344 0.666015625
vt 0.71484375 0.668457031
vt 0.71484375 0.666015625
vt 0.514160156 0.692382812
vt 0.516113281 0.692382812
vt 0.514160156 0.688964844
vt 0.514160156 0.680175781
vt 0.526855469 0.680175781
vt 0.524902344 0.692382812
vt 0.514160156 0.676757812
vt 0.526855469 0.688964844
vt 0.526855469 0.692382812
vt 0.526855469 0.676757812
vt 0.526855469 0.663085938
vt 0.527832031 0.676757812
vt 0.514160156 0.663085938
vt 0.512695312 0.676757812
vt 0.503417969 0.676757812
vt 0.527832031 0.637695312
vt 0.536621094 0.663085938
vt 0.536621094 0.676757812
vt 0.538574219 0.676757812
vt 0.538574219 0.663085938
vt 0.538574219 0.65234375
vt 0.538574219 0.643554688
vt 0.536621094 0.637695312
vt 0.538574219 0.637695312
vt 0.526855469 0.643554688
vt 0.526855469 0.637695312
vt 0.514160156 0.637695312
vt 0.512695312 0.643554688
vt 0.514160156 0.635253906
vt 0.512695312 0.637695312
vt 0.524902344 0.627441406
vt 0.526855469 0.635253906
vt 0.526855469 0.629394531
vt 0.526855469 0.627441406
vt 0.514160156 0.629394531
vt 0.516113281 0.627441406
vt 0.514160156 0.627441406
vt 0.500976562 0.637695312
vt 0.503417969 0.637695312
vt 0.498291016 0.65234375
vt 0.500976562 0.676757812
vt 0.498291016 0.676757812
vt 0.498291016 0.637695312
vt 0.489746094 0.676757812
vt 0.487304688 0.65234375
vt 0.489746094 0.637695312
vt 0.487304688 0.663085938
vt 0.487304688 0.676757812
vt 0.487304688 0.643554688
vt 0.487304688 0.637695312
vt 0.514160156 0.692382812
vt 0.514160156 0.688964844
vt 0.516113281 0.692382812
vt 0.514160156 0.680175781
vt 0.526855469 0.680175781
vt 0.524902344 0.692382812
vt 0.514160156 0.676757812
vt 0.526855469 0.688964844
vt 0.526855469 0.692382812
vt 0.526855469 0.676757812
vt 0.526855469 0.663085938
vt 0.527832031 0.676757812
vt 0.536621094 0.676757812
vt 0.514160156 0.663085938
vt 0.512695312 0.676757812
vt 0.536621094 0.663085938
vt 0.538574219 0.676757812
vt 0.538574219 0.663085938
vt 0.538574219 0.65234375
vt 0.538574219 0.643554688
vt 0.536621094 0.637695312
vt 0.538574219 0.637695312
vt 0.527832031 0.637695312
vt 0.526855469 0.643554688
vt 0.526855469 0.637695312
vt 0.500976562 0.663085938
vt 0.503417969 0.676757812
vt 0.500976562 0.676757812
vt 0.498291016 0.676757812
vt 0.514160156 0.637695312
vt 0.503417969 0.643554688
vt 0.512695312 0.637695312
vt 0.503417969 0.637695312
vt 0.500976562 0.637695312
vt 0.498291016 0.637695312
vt 0.514160156 0.635253906
vt 0.487304688 0.65234375
vt 0.489746094 0.637695312
vt 0.489746094 0.676757812
vt 0.487304688 0.643554688
vt 0.487304688 0.637695312
vt 0.487304688 0.663085938
vt 0.487304688 0.676757812
vt 0.524902344 0.627441406
vt 0.526855469 0.635253906
vt 0.526855469 0.629394531
vt 0.526855469 0.627441406
vt 0.514160156 0.629394531
vt 0.516113281 0.627441406
vt 0.514160156 0.627441406
vt 0.795898438 0.369384766
vt 0.805664062 0.369384766
vt 0.76953125 0.319335938
vt 0.779785156 0.314697266
vt 0.764160156 0.306640625
vt 0.7734375 0.298583984
vt 0.763183594 0.303710938
vt 0.762207031 0.300048828
vt 0.76171875 0.296630859
vt 0.770996094 0.291748047
vt 0.78125 0.282470703
vt 0.814453125 0.369384766
vt 0.783691406 0.287597656
vt 0.793945312 0.267822266
vt 0.791015625 0.306884766
vt 0.823730469 0.369384766
vt 0.798339844 0.271972656
vt 0.799316406 0.275390625
vt 0.806152344 0.296875
vt 0.810058594 0.25390625
vt 0.807617188 0.251708984
vt 0.8203125 0.237426758
vt 0.818359375 0.287841797
vt 0.835449219 0.369384766
vt 0.84375 0.369384766
vt 0.812011719 0.256103516
vt 0.823730469 0.239746094
vt 0.834472656 0.223266602
vt 0.812988281 0.259277344
vt 0.830566406 0.279541016
vt 0.852539062 0.369384766
vt 0.836914062 0.225952148
vt 0.847167969 0.211303711
vt 0.825195312 0.241943359
vt 0.825683594 0.246337891
vt 0.842773438 0.272460938
vt 0.861328125 0.369384766
vt 0.838378906 0.228759766
vt 0.839355469 0.233154297
vt 0.852539062 0.267578125
vt 0.868652344 0.369384766
vt 0.851074219 0.224243164
vt 0.865234375 0.262939453
vt 0.875976562 0.369384766
vt 0.850585938 0.21887207
vt 0.87890625 0.259277344
vt 0.884277344 0.369384766
vt 0.865722656 0.217895508
vt 0.850097656 0.215087891
vt 0.890625 0.257568359
vt 0.892578125 0.369384766
vt 0.880859375 0.214477539
vt 0.865234375 0.211425781
vt 0.864746094 0.207397461
vt 0.861816406 0.20300293
vt 0.87890625 0.198852539
vt 0.879882812 0.203613281
vt 0.893554688 0.19934082
vt 0.881347656 0.208129883
vt 0.893066406 0.205322266
vt 0.906738281 0.203979492
vt 0.893554688 0.215087891
vt 0.893554688 0.209472656
vt 0.904785156 0.209106445
vt 0.920898438 0.213745117
vt 0.905273438 0.213256836
vt 0.916992188 0.216674805
vt 0.935546875 0.228759766
vt 0.905273438 0.218139648
vt 0.916992188 0.221069336
vt 0.930175781 0.229492188
vt 0.947265625 0.243286133
vt 0.942871094 0.243774414
vt 0.95703125 0.256347656
vt 0.928710938 0.233032227
vt 0.954589844 0.259033203
vt 0.967773438 0.268554688
vt 0.901367188 0.258789062
vt 0.900878906 0.369384766
vt 0.912109375 0.262939453
vt 0.910644531 0.369384766
vt 0.916503906 0.225830078
vt 0.923828125 0.270263672
vt 0.91796875 0.369384766
vt 0.939941406 0.247070312
vt 0.950683594 0.265380859
vt 0.928222656 0.238525391
vt 0.934570312 0.278564453
vt 0.928222656 0.369384766
vt 0.938476562 0.250976562
vt 0.9453125 0.287353516
vt 0.955566406 0.296142578
vt 0.936035156 0.369384766
vt 0.944335938 0.369384766
vt 0.964355469 0.271972656
vt 0.960449219 0.27734375
vt 0.970214844 0.289794922
vt 0.951171875 0.369384766
vt 0.974121094 0.283447266
vt 0.977539062 0.281982422
vt 0.972167969 0.286132812
vt 0.984863281 0.296630859
vt 0.987792969 0.292480469
vt 0.982421875 0.302490234
vt 0.995605469 0.302734375
vt 0.996582031 0.299316406
vt 0.995117188 0.306640625
vt 0.993652344 0.309570312
vt 0.986816406 0.321777344
vt 0.95703125 0.369384766
vt 0.149169922 0.769042969
vt 0.147827148 0.777832031
vt 0.138916016 0.790039062
vt 0.141845703 0.773925781
vt 0.136474609 0.783691406
vt 0.13659668 0.755859375
vt 0.134277344 0.792480469
vt 0.126708984 0.788574219
vt 0.120666504 0.798828125
vt 0.149169922 0.764648438
vt 0.130737305 0.780761719
vt 0.11932373 0.794433594
vt 0.114135742 0.778320312
vt 0.110107422 0.797363281
vt 0.100646973 0.798339844
vt 0.0957641602 0.805175781
vt 0.0877685547 0.798828125
vt 0.07421875 0.802246094
vt 0.0930175781 0.794921875
vt 0.0809936523 0.791015625
vt 0.0871582031 0.7890625
vt 0.0966186523 0.780761719
vt 0.10345459 0.778808594
vt 0.0845336914 0.779296875
vt 0.0765991211 0.770019531
vt 0.0637817383 0.778808594
vt 0.0598754883 0.796875
vt 0.0425415039 0.787109375
vt 0.0939941406 0.775390625
vt 0.0502929688 0.771972656
vt 0.0285797119 0.775878906
vt 0.0846557617 0.769042969
vt 0.0646362305 0.764648438
vt 0.0679931641 0.749023438
vt 0.0869140625 0.759765625
vt 0.0473937988 0.754882812
vt 0.0403442383 0.764160156
vt 0.0300445557 0.75390625
vt 0.0173034668 0.763183594
vt 0.0359802246 0.747558594
vt 0.023727417 0.744140625
vt 0.0099029541 0.750488281
vt 0.00565719604 0.736328125
vt 0.0399780273 0.737792969
vt 0.0209503174 0.733886719
vt 0.00517272949 0.72265625
vt 0.0291900635 0.733886719
vt 0.0213012695 0.723632812
vt 0.00820922852 0.706542969
vt 0.0311279297 0.724609375
vt 0.0239715576 0.7109375
vt 0.0130615234 0.694335938
vt 0.0279846191 0.701660156
vt 0.0336914062 0.693847656
vt 0.0348815918 0.713867188
vt 0.0483703613 0.716308594
vt 0.0379333496 0.704589844
vt 0.0419311523 0.697265625
vt 0.0658569336 0.734375
vt 0.0510253906 0.707519531
vt 0.0404663086 0.686035156
vt 0.0290679932 0.675292969
vt 0.0805053711 0.709472656
vt 0.0539550781 0.699707031
vt 0.0517578125 0.675292969
vt 0.0606079102 0.65234375
vt 0.0692138672 0.649414062
vt 0.0567321777 0.642089844
vt 0.0698242188 0.619140625
vt 0.0675048828 0.69140625
vt 0.0807495117 0.69921875
vt 0.078918457 0.690429688
vt 0.0784301758 0.681152344
vt 0.076965332 0.666015625
vt 0.0801391602 0.657226562
vt 0.0806274414 0.649414062
vt 0.0818481445 0.643066406
vt 0.0856323242 0.625976562
vt 0.085144043 0.618652344
vt 0.085144043 0.618652344
vt 0.083190918 0.614257812
vt 0.083190918 0.614257812
vt 0.0814819336 0.609863281
vt 0.0814819336 0.609863281
vt 0.0774536133 0.602539062
vt 0.147827148 0.777832031
vt 0.147827148 0.777832031
vt 0.149169922 0.769042969
vt 0.138916016 0.790039062
vt 0.141845703 0.773925781
vt 0.136474609 0.783691406
vt 0.13659668 0.755859375
vt 0.134277344 0.792480469
vt 0.149169922 0.769042969
vt 0.158935547 0.776855469
vt 0.126708984 0.788574219
vt 0.120666504 0.798828125
vt 0.149169922 0.764648438
vt 0.154541016 0.766601562
vt 0.164672852 0.759765625
vt 0.130737305 0.780761719
vt 0.143432617 0.74609375
vt 0.11932373 0.794433594
vt 0.114135742 0.778320312
vt 0.110107422 0.797363281
vt 0.100646973 0.798339844
vt 0.0957641602 0.805175781
vt 0.0877685547 0.798828125
vt 0.07421875 0.802246094
vt 0.0930175781 0.794921875
vt 0.0809936523 0.791015625
vt 0.0871582031 0.7890625
vt 0.0966186523 0.780761719
vt 0.10345459 0.778808594
vt 0.0845336914 0.779296875
vt 0.0765991211 0.770019531
vt 0.0637817383 0.778808594
vt 0.0598754883 0.796875
vt 0.0425415039 0.787109375
vt 0.0939941406 0.775390625
vt 0.0502929688 0.771972656
vt 0.0285797119 0.775878906
vt 0.0555114746 0.760253906
vt 0.0679931641 0.749023438
vt 0.0403442383 0.764160156
vt 0.0846557617 0.769042969
vt 0.0869140625 0.759765625
vt 0.0473937988 0.754882812
vt 0.0300445557 0.75390625
vt 0.0173034668 0.763183594
vt 0.0359802246 0.747558594
vt 0.023727417 0.744140625
vt 0.0099029541 0.750488281
vt 0.00565719604 0.736328125
vt 0.0399780273 0.737792969
vt 0.0209503174 0.733886719
vt 0.00517272949 0.72265625
vt 0.0291900635 0.733886719
vt 0.0213012695 0.723632812
vt 0.00820922852 0.706542969
vt 0.0348815918 0.713867188
vt 0.0239715576 0.7109375
vt 0.0130615234 0.694335938
vt 0.0279846191 0.701660156
vt 0.0336914062 0.693847656
vt 0.0379333496 0.704589844
vt 0.0483703613 0.716308594
vt 0.0658569336 0.734375
vt 0.0539550781 0.699707031
vt 0.0510253906 0.707519531
vt 0.0805053711 0.709472656
vt 0.0404663086 0.686035156
vt 0.0290679932 0.675292969
vt 0.0606079102 0.65234375
vt 0.0807495117 0.69921875
vt 0.0675048828 0.69140625
vt 0.078918457 0.690429688
vt 0.0784301758 0.681152344
vt 0.076965332 0.666015625
vt 0.0801391602 0.657226562
vt 0.0692138672 0.649414062
vt 0.0567321777 0.642089844
vt 0.0806274414 0.649414062
vt 0.0818481445 0.643066406
vt 0.0698242188 0.619140625
vt 0.0856323242 0.625976562
vt 0.085144043 0.618652344
vt 0.147827148 0.777832031
vt 0.158935547 0.776855469
vt 0.154541016 0.766601562
vt 0.164672852 0.759765625
vt 0.173217773 0.752929688
vt 0.178466797 0.749511719
vt 0.182373047 0.747070312
vt 0.143432617 0.74609375
vt 0.163574219 0.734863281
vt 0.15246582 0.741210938
vt 0.170654297 0.735351562
vt 0.170410156 0.729003906
vt 0.191894531 0.739746094
vt 0.187255859 0.731445312
vt 0.183837891 0.7265625
vt 0.179321289 0.722167969
vt 0.167602539 0.720703125
vt 0.172729492 0.716796875
vt 0.155395508 0.708984375
vt 0.163452148 0.727539062
vt 0.148803711 0.721191406
vt 0.149902344 0.704589844
vt 0.151000977 0.73046875
vt 0.144287109 0.730957031
vt 0.141967773 0.718261719
vt 0.142456055 0.696289062
vt 0.128173828 0.711425781
vt 0.131103516 0.688476562
vt 0.114746094 0.6875
vt 0.133422852 0.724121094
vt 0.130615234 0.733398438
vt 0.109130859 0.700683594
vt 0.103820801 0.690429688
vt 0.0935058594 0.69921875
vt 0.12512207 0.740722656
vt 0.120666504 0.727539062
vt 0.104187012 0.735839844
vt 0.124633789 0.717285156
vt 0.102478027 0.706054688
vt 0.125732422 0.751464844
vt 0.111206055 0.716796875
vt 0.104064941 0.724121094
vt 0.0914306641 0.713378906
vt 0.0883789062 0.73046875
vt 0.0858154297 0.745605469
vt 0.132080078 0.760742188
vt 0.0806274414 0.755371094
vt 0.0927734375 0.751464844
vt 0.0995483398 0.754882812
vt 0.0974731445 0.747070312
vt 0.10333252 0.743652344
vt 0.111694336 0.742675781
vt 0.106323242 0.75
vt 0.116149902 0.750488281
vt 0.101013184 0.766601562
vt 0.106933594 0.756835938
vt 0.112426758 0.767578125
vt 0.118103027 0.759277344
vt 0.120056152 0.772460938
vt 0.0935058594 0.69921875
vt 0.0914306641 0.713378906
vt 0.0883789062 0.73046875
vt 0.102478027 0.706054688
vt 0.104064941 0.724121094
vt 0.104187012 0.735839844
vt 0.0858154297 0.745605469
vt 0.109130859 0.700683594
vt 0.103820801 0.690429688
vt 0.114746094 0.6875
vt 0.128173828 0.711425781
vt 0.131103516 0.688476562
vt 0.142456055 0.696289062
vt 0.124633789 0.717285156
vt 0.111206055 0.716796875
vt 0.120666504 0.727539062
vt 0.141967773 0.718261719
vt 0.149902344 0.704589844
vt 0.133422852 0.724121094
vt 0.148803711 0.721191406
vt 0.155395508 0.708984375
vt 0.144287109 0.730957031
vt 0.130615234 0.733398438
vt 0.12512207 0.740722656
vt 0.167602539 0.720703125
vt 0.172729492 0.716796875
vt 0.179321289 0.722167969
vt 0.170410156 0.729003906
vt 0.183837891 0.7265625
vt 0.187255859 0.731445312
vt 0.163452148 0.727539062
vt 0.176391602 0.735839844
vt 0.191894531 0.739746094
vt 0.182373047 0.747070312
vt 0.178466797 0.749511719
vt 0.151000977 0.73046875
vt 0.163574219 0.734863281
vt 0.166015625 0.741210938
vt 0.15246582 0.741210938
vt 0.125732422 0.751464844
vt 0.132080078 0.760742188
vt 0.120056152 0.772460938
vt 0.112426758 0.767578125
vt 0.118103027 0.759277344
vt 0.116149902 0.750488281
vt 0.111694336 0.742675781
vt 0.101013184 0.766601562
vt 0.106933594 0.756835938
vt 0.0995483398 0.754882812
vt 0.106323242 0.75
vt 0.10333252 0.743652344
vt 0.0974731445 0.747070312
vt 0.0927734375 0.751464844
vt 0.0806274414 0.755371094
vt 0.0935058594 0.69921875
vt 0.0914306641 0.713378906
vt 0.0883789062 0.73046875
vt 0.102478027 0.706054688
vt 0.104064941 0.724121094
vt 0.104187012 0.735839844
vt 0.0858154297 0.745605469
vt 0.109130859 0.700683594
vt 0.103820801 0.690429688
vt 0.114746094 0.6875
vt 0.128173828 0.711425781
vt 0.131103516 0.688476562
vt 0.142456055 0.696289062
vt 0.124633789 0.717285156
vt 0.111206055 0.716796875
vt 0.120666504 0.727539062
vt 0.141967773 0.718261719
vt 0.149902344 0.704589844
vt 0.133422852 0.724121094
vt 0.148803711 0.721191406
vt 0.155395508 0.708984375
vt 0.144287109 0.730957031
vt 0.130615234 0.733398438
vt 0.12512207 0.740722656
vt 0.167602539 0.720703125
vt 0.172729492 0.716796875
vt 0.179321289 0.722167969
vt 0.170410156 0.729003906
vt 0.183837891 0.7265625
vt 0.187255859 0.731445312
vt 0.163452148 0.727539062
vt 0.176391602 0.735839844
vt 0.191894531 0.739746094
vt 0.182373047 0.747070312
vt 0.178466797 0.749511719
vt 0.151000977 0.73046875
vt 0.163574219 0.734863281
vt 0.166015625 0.741210938
vt 0.15246582 0.741210938
vt 0.125732422 0.751464844
vt 0.132080078 0.760742188
vt 0.120056152 0.772460938
vt 0.112426758 0.767578125
vt 0.118103027 0.759277344
vt 0.116149902 0.750488281
vt 0.111694336 0.742675781
vt 0.101013184 0.766601562
vt 0.106933594 0.756835938
vt 0.0995483398 0.754882812
vt 0.106323242 0.75
vt 0.10333252 0.743652344
vt 0.0974731445 0.747070312
vt 0.0927734375 0.751464844
vt 0.0806274414 0.755371094
vt 0.435302734 0.375
vt 0.439453125 0.38671875
vt 0.449951172 0.393554688
vt 0.447753906 0.395507812
vt 0.4609375 0.402099609
vt 0.438232422 0.36328125
vt 0.435302734 0.363037109
vt 0.475097656 0.368896484
vt 0.444824219 0.354492188
vt 0.471191406 0.402587891
vt 0.442138672 0.353027344
vt 0.470458984 0.405273438
vt 0.454833984 0.344970703
vt 0.484130859 0.406738281
vt 0.468505859 0.342285156
vt 0.467285156 0.339599609
vt 0.481933594 0.338378906
vt 0.494140625 0.402099609
vt 0.494873047 0.404785156
vt 0.505371094 0.399658203
vt 0.496582031 0.346435547
vt 0.498046875 0.344238281
vt 0.5078125 0.3515625
vt 0.50390625 0.397705078
vt 0.512695312 0.392333984
vt 0.51171875 0.362548828
vt 0.514648438 0.361816406
vt 0.518066406 0.373779297
vt 0.514648438 0.382080078
vt 0.517578125 0.383056641
vt 0.435302734 0.375
vt 0.449951172 0.393554688
vt 0.439453125 0.38671875
vt 0.447753906 0.395507812
vt 0.4609375 0.402099609
vt 0.438232422 0.36328125
vt 0.435302734 0.363037109
vt 0.475097656 0.368896484
vt 0.444824219 0.354492188
vt 0.471191406 0.402587891
vt 0.442138672 0.353027344
vt 0.470458984 0.405273438
vt 0.454833984 0.344970703
vt 0.484130859 0.406738281
vt 0.468505859 0.342285156
vt 0.467285156 0.339599609
vt 0.481933594 0.338378906
vt 0.494140625 0.402099609
vt 0.494873047 0.404785156
vt 0.505371094 0.399658203
vt 0.496582031 0.346435547
vt 0.498046875 0.344238281
vt 0.5078125 0.3515625
vt 0.50390625 0.397705078
vt 0.512695312 0.392333984
vt 0.51171875 0.362548828
vt 0.514648438 0.361816406
vt 0.518066406 0.373779297
vt 0.514648438 0.382080078
vt 0.517578125 0.383056641
vt 0.572265625 0.801269531
vt 0.534667969 0.783691406
vt 0.524902344 0.801269531
vt 0.500976562 0.797851562
vt 0.497314453 0.783691406
vt 0.577148438 0.783691406
vt 0.602539062 0.801269531
vt 0.541992188 0.766113281
vt 0.505371094 0.766113281
vt 0.549316406 0.747070312
vt 0.514648438 0.747070312
vt 0.580566406 0.766113281
vt 0.602539062 0.783691406
vt 0.555664062 0.728027344
vt 0.522460938 0.728027344
vt 0.583007812 0.747070312
vt 0.561035156 0.709960938
vt 0.530761719 0.709960938
vt 0.583984375 0.728027344
vt 0.564941406 0.6875
vt 0.540039062 0.6875
vt 0.602539062 0.766113281
vt 0.631835938 0.783691406
vt 0.637207031 0.801269531
vt 0.56640625 0.666015625
vt 0.546386719 0.666015625
vt 0.586914062 0.6875
vt 0.602539062 0.747070312
vt 0.627441406 0.766113281
vt 0.673828125 0.783691406
vt 0.685058594 0.801269531
vt 0.708496094 0.796875
vt 0.711425781 0.783691406
vt 0.666015625 0.766113281
vt 0.702636719 0.766113281
vt 0.657226562 0.747070312
vt 0.691894531 0.747070312
vt 0.623535156 0.747070312
vt 0.649414062 0.728027344
vt 0.683105469 0.728027344
vt 0.621582031 0.728027344
vt 0.643066406 0.709960938
vt 0.673828125 0.709960938
vt 0.638183594 0.6875
vt 0.663574219 0.6875
vt 0.602539062 0.709960938
vt 0.635742188 0.666015625
vt 0.655761719 0.666015625
vt 0.616210938 0.6875
vt 0.602539062 0.6875
vt 0.634277344 0.649902344
vt 0.65234375 0.649902344
vt 0.648925781 0.630371094
vt 0.614746094 0.649902344
vt 0.586914062 0.649902344
vt 0.6328125 0.607910156
vt 0.647460938 0.607910156
vt 0.613769531 0.630371094
vt 0.602539062 0.649902344
vt 0.567382812 0.649902344
vt 0.549804688 0.649902344
vt 0.552734375 0.630371094
vt 0.6328125 0.591308594
vt 0.647460938 0.591308594
vt 0.613769531 0.607910156
vt 0.602539062 0.630371094
vt 0.587402344 0.630371094
vt 0.568847656 0.607910156
vt 0.554199219 0.607910156
vt 0.633300781 0.572265625
vt 0.650390625 0.572265625
vt 0.614257812 0.591308594
vt 0.602539062 0.607910156
vt 0.587402344 0.607910156
vt 0.568847656 0.591308594
vt 0.554199219 0.591308594
vt 0.633789062 0.562011719
vt 0.654785156 0.562011719
vt 0.658691406 0.551269531
vt 0.614257812 0.572265625
vt 0.602539062 0.591308594
vt 0.587402344 0.591308594
vt 0.569335938 0.572265625
vt 0.551757812 0.572265625
vt 0.548339844 0.562011719
vt 0.587402344 0.572265625
vt 0.568847656 0.562011719
vt 0.544433594 0.551269531
vt 0.602539062 0.572265625
vt 0.568847656 0.551269531
vt 0.571777344 0.521972656
vt 0.552246094 0.521972656
vt 0.587402344 0.551269531
vt 0.615234375 0.551269531
vt 0.573730469 0.503417969
vt 0.557128906 0.503417969
vt 0.562988281 0.491699219
vt 0.574707031 0.491699219
vt 0.602539062 0.551269531
vt 0.587890625 0.521972656
vt 0.589355469 0.503417969
vt 0.590332031 0.491699219
vt 0.602539062 0.521972656
vt 0.602539062 0.503417969
vt 0.602539062 0.491699219
vt 0.615234375 0.491699219
vt 0.615722656 0.503417969
vt 0.630859375 0.491699219
vt 0.616210938 0.521972656
vt 0.631347656 0.503417969
vt 0.642578125 0.491699219
vt 0.647949219 0.503417969
vt 0.651855469 0.521972656
vt 0.632324219 0.521972656
vt 0.634277344 0.551269531
vt 0.967285156 0.0629272461
vt 0.966308594 0.0714111328
vt 0.97265625 0.0712890625
vt 0.971191406 0.0775756836
vt 0.979980469 0.0726318359
vt 0.975585938 0.0795288086
vt 0.981445312 0.0802612305
vt 0.975097656 0.06640625
vt 0.984863281 0.0692138672
vt 0.990234375 0.0740966797
vt 0.98046875 0.0671386719
vt 0.989257812 0.0642700195
vt 0.99609375 0.0646362305
vt 0.979492188 0.0601501465
vt 0.990234375 0.057220459
vt 0.995117188 0.0549316406
vt 0.985351562 0.0584411621
vt 0.985839844 0.0508117676
vt 0.989257812 0.0442504883
vt 0.978515625 0.0532226562
vt 0.979492188 0.047668457
vt 0.979980469 0.0386962891
vt 0.97265625 0.0544433594
vt 0.970703125 0.0498352051
vt 0.966308594 0.0407409668
vt 0.959960938 0.0607299805
vt 0.953613281 0.0538330078
vt 0.941894531 0.0552978516
vt 0.950195312 0.0756225586
vt 0.948242188 0.0668945312
vt 0.937988281 0.0534667969
vt 0.937988281 0.0690917969
vt 0.947753906 0.078918457
vt 0.937988281 0.0624389648
vt 0.928222656 0.0579528809
vt 0.93359375 0.0517883301
vt 0.935058594 0.0740966797
vt 0.940917969 0.0817260742
vt 0.937011719 0.0830078125
vt 0.92578125 0.0624389648
vt 0.909179688 0.0533447266
vt 0.912109375 0.043182373
vt 0.891601562 0.0484924316
vt 0.895019531 0.0390625
vt 0.870117188 0.0335998535
vt 0.922363281 0.0693359375
vt 0.907226562 0.0584411621
vt 0.889648438 0.0539550781
vt 0.904785156 0.065246582
vt 0.919921875 0.075012207
vt 0.845214844 0.0385742188
vt 0.849121094 0.0302124023
vt 0.917480469 0.0825805664
vt 0.826660156 0.0358886719
vt 0.831054688 0.0268096924
vt 0.934082031 0.0908203125
vt 0.944335938 0.0824584961
vt 0.802734375 0.0323791504
vt 0.807128906 0.0241394043
vt 0.944335938 0.0886230469
vt 0.956542969 0.078918457
vt 0.775878906 0.0304412842
vt 0.780273438 0.0220794678
vt 0.956542969 0.0850830078
vt 0.970703125 0.0798950195
vt 0.753417969 0.0281524658
vt 0.756835938 0.0205078125
vt 0.969238281 0.0861816406
vt 0.985351562 0.0899658203
vt 0.729003906 0.0249938965
vt 0.732910156 0.0165100098
vt 0.980957031 0.0941772461
vt 0.991699219 0.104614258
vt 0.703125 0.0226898193
vt 0.704589844 0.0138473511
vt 0.986328125 0.10559082
vt 0.990234375 0.122558594
vt 0.676757812 0.0212402344
vt 0.675292969 0.0131225586
vt 0.985351562 0.122192383
vt 0.981933594 0.144775391
vt 0.653808594 0.0239105225
vt 0.641601562 0.010093689
vt 0.975097656 0.139038086
vt 0.977539062 0.161010742
vt 0.966308594 0.151733398
vt 0.96875 0.134033203
vt 0.955566406 0.145507812
vt 0.979003906 0.119628906
vt 0.979980469 0.106689453
vt 0.975585938 0.0978393555
vt 0.973632812 0.107421875
vt 0.965820312 0.0918579102
vt 0.954101562 0.137695312
vt 0.934570312 0.134399414
vt 0.9375 0.126342773
vt 0.922363281 0.122192383
vt 0.920898438 0.125488281
vt 0.9140625 0.121948242
vt 0.907714844 0.118530273
vt 0.896484375 0.114196777
vt 0.969238281 0.100708008
vt 0.956054688 0.0908203125
vt 0.952636719 0.129882812
vt 0.897460938 0.110290527
vt 0.897949219 0.106323242
vt 0.879882812 0.109924316
vt 0.858886719 0.102294922
vt 0.859863281 0.106567383
vt 0.840332031 0.101928711
vt 0.840820312 0.106689453
vt 0.822265625 0.107727051
vt 0.945800781 0.0940551758
vt 0.91796875 0.11505127
vt 0.857910156 0.0980834961
vt 0.796386719 0.104736328
vt 0.797363281 0.109558105
vt 0.935058594 0.0992431641
vt 0.819335938 0.0978393555
vt 0.771972656 0.109069824
vt 0.772949219 0.114196777
vt 0.795898438 0.0998535156
vt 0.747070312 0.111877441
vt 0.748535156 0.116455078
vt 0.71875 0.116455078
vt 0.719726562 0.12109375
vt 0.695800781 0.124084473
vt 0.770996094 0.104003906
vt 0.74609375 0.107177734
vt 0.694824219 0.119018555
vt 0.669433594 0.124328613
vt 0.794921875 0.0904541016
vt 0.818359375 0.0892333984
vt 0.770019531 0.0939331055
vt 0.718261719 0.111999512
vt 0.693847656 0.114074707
vt 0.747558594 0.0979614258
vt 0.747070312 0.0866699219
vt 0.721679688 0.102294922
vt 0.793457031 0.0828857422
vt 0.817382812 0.0818481445
vt 0.838867188 0.0894775391
vt 0.858398438 0.0903320312
vt 0.857910156 0.0845947266
vt 0.881835938 0.0941772461
vt 0.881835938 0.0881347656
vt 0.81640625 0.0758666992
vt 0.857910156 0.0787963867
vt 0.792480469 0.0751342773
vt 0.882324219 0.0820922852
vt 0.900390625 0.0989379883
vt 0.901367188 0.0922241211
vt 0.901367188 0.0855712891
vt 0.883300781 0.0758666992
vt 0.858398438 0.0720214844
vt 0.915039062 0.103637695
vt 0.917480469 0.0966186523
vt 0.917480469 0.0891113281
vt 0.922851562 0.106445312
vt 0.930664062 0.109191895
vt 0.885742188 0.0677490234
vt 0.938476562 0.101928711
vt 0.941894531 0.113342285
vt 0.86328125 0.0556640625
vt 0.861328125 0.0631713867
vt 0.951660156 0.126586914
vt 0.865234375 0.0487365723
vt 0.842773438 0.0440063477
vt 0.842773438 0.0514221191
vt 0.825195312 0.041595459
vt 0.840820312 0.0597839355
vt 0.800292969 0.0382080078
vt 0.823242188 0.0489807129
vt 0.817382812 0.068359375
vt 0.7734375 0.0356445312
vt 0.80078125 0.0466918945
vt 0.820800781 0.0579528809
vt 0.79296875 0.0672607422
vt 0.751953125 0.0340881348
vt 0.772460938 0.0444946289
vt 0.795898438 0.0564880371
vt 0.767089844 0.0747680664
vt 0.728027344 0.032623291
vt 0.75 0.043762207
vt 0.76953125 0.0540771484
vt 0.767578125 0.0659790039
vt 0.744628906 0.0768432617
vt 0.705078125 0.0297241211
vt 0.727539062 0.0420837402
vt 0.684570312 0.0419616699
vt 0.681152344 0.0302124023
vt 0.655273438 0.0334777832
vt 0.748046875 0.0533447266
vt 0.745605469 0.06640625
vt 0.725585938 0.0533447266
vt 0.72265625 0.0676269531
vt 0.722167969 0.0807495117
vt 0.702636719 0.0844726562
vt 0.72265625 0.0908203125
vt 0.696777344 0.10534668
vt 0.703125 0.0699462891
vt 0.669921875 0.113830566
vt 0.705566406 0.0545654297
vt 0.673828125 0.105834961
vt 0.669921875 0.119140625
vt 0.643554688 0.115966797
vt 0.650390625 0.108459473
vt 0.629882812 0.114562988
vt 0.638671875 0.12097168
vt 0.633789062 0.125976562
vt 0.676757812 0.0952758789
vt 0.68359375 0.0841064453
vt 0.685546875 0.072265625
vt 0.626953125 0.122436523
vt 0.584472656 0.124694824
vt 0.662109375 0.0848388672
vt 0.686035156 0.0573425293
vt 0.585449219 0.120117188
vt 0.531738281 0.116577148
vt 0.6640625 0.0743408203
vt 0.659667969 0.0468139648
vt 0.6640625 0.0604858398
vt 0.641113281 0.0328674316
vt 0.645996094 0.0483703613
vt 0.635253906 0.0253601074
vt 0.627441406 0.0310516357
vt 0.623046875 0.018447876
vt 0.601074219 0.00463867188
vt 0.648925781 0.0881347656
vt 0.651367188 0.0752563477
vt 0.650390625 0.063293457
vt 0.629882812 0.0477600098
vt 0.6328125 0.0642700195
vt 0.641601562 0.100341797
vt 0.636230469 0.0764770508
vt 0.635253906 0.109558105
vt 0.635253906 0.0888671875
vt 0.630371094 0.0983276367
vt 0.627441406 0.109313965
vt 0.616210938 0.0980834961
vt 0.615234375 0.0892333984
vt 0.618652344 0.0772094727
vt 0.6171875 0.063293457
vt 0.620117188 0.118896484
vt 0.613769531 0.110412598
vt 0.586425781 0.11541748
vt 0.588867188 0.0967407227
vt 0.589355469 0.0844726562
vt 0.588378906 0.106567383
vt 0.541015625 0.102783203
vt 0.539550781 0.092590332
vt 0.592773438 0.0716552734
vt 0.539550781 0.0828857422
vt 0.536621094 0.109680176
vt 0.500976562 0.102172852
vt 0.500976562 0.106079102
vt 0.500976562 0.0983276367
vt 0.465576172 0.109436035
vt 0.469970703 0.116333008
vt 0.541503906 0.0714111328
vt 0.500976562 0.0877685547
vt 0.461181641 0.102416992
vt 0.416259766 0.119384766
vt 0.417236328 0.123962402
vt 0.500976562 0.0774536133
vt 0.462646484 0.0923461914
vt 0.415283203 0.114685059
vt 0.374755859 0.121337891
vt 0.367919922 0.124816895
vt 0.372070312 0.113464355
vt 0.381835938 0.117919922
vt 0.413574219 0.105834961
vt 0.462402344 0.0825805664
vt 0.388183594 0.109436035
vt 0.413574219 0.0960083008
vt 0.374755859 0.108215332
vt 0.363037109 0.119750977
vt 0.332519531 0.122924805
vt 0.385986328 0.0971069336
vt 0.460693359 0.0711669922
vt 0.412841797 0.0838623047
vt 0.38671875 0.0882568359
vt 0.500976562 0.06640625
vt 0.54296875 0.0623168945
vt 0.597167969 0.0569763184
vt 0.616210938 0.0473022461
vt 0.617675781 0.0276641846
vt 0.597167969 0.0429382324
vt 0.544433594 0.0506896973
vt 0.500976562 0.0579528809
vt 0.459472656 0.0620727539
vt 0.594726562 0.0231781006
vt 0.545410156 0.0377197266
vt 0.501464844 0.0466918945
vt 0.595703125 0.0140914917
vt 0.546386719 0.0247497559
vt 0.54296875 0.0150604248
vt 0.541015625 0.00718307495
vt 0.501464844 0.0373535156
vt 0.458007812 0.0503234863
vt 0.501464844 0.0172424316
vt 0.501464844 0.0094833374
vt 0.461914062 0.00693893433
vt 0.501464844 0.0246276855
vt 0.460205078 0.0146942139
vt 0.402099609 0.0039100647
vt 0.457519531 0.0374755859
vt 0.456542969 0.0243835449
vt 0.407470703 0.0133590698
vt 0.408447266 0.0224456787
vt 0.379882812 0.0174865723
vt 0.361572266 0.00888061523
vt 0.405273438 0.0422058105
vt 0.385009766 0.0266876221
vt 0.405517578 0.0562438965
vt 0.38671875 0.0463256836
vt 0.375244141 0.0299682617
vt 0.367675781 0.0242614746
vt 0.409667969 0.0710449219
vt 0.385253906 0.0623168945
vt 0.383544922 0.0762329102
vt 0.348876953 0.022567749
vt 0.327636719 0.0116653442
vt 0.372802734 0.0468139648
vt 0.369384766 0.0631713867
vt 0.366210938 0.075378418
vt 0.362060547 0.0316467285
vt 0.326171875 0.0197906494
vt 0.298339844 0.0120315552
vt 0.356689453 0.0471801758
vt 0.352050781 0.0619506836
vt 0.34765625 0.0322570801
vt 0.300048828 0.0209960938
vt 0.270507812 0.0144500732
vt 0.350830078 0.0740966797
vt 0.343017578 0.0454711914
vt 0.318115234 0.0403747559
vt 0.322021484 0.0287475586
vt 0.338867188 0.059173584
vt 0.273925781 0.02293396
vt 0.24609375 0.018081665
vt 0.297851562 0.0280303955
vt 0.316894531 0.0557861328
vt 0.338378906 0.0728759766
vt 0.249511719 0.0257263184
vt 0.223022461 0.0194244385
vt 0.274658203 0.0306854248
vt 0.227050781 0.0277862549
vt 0.195922852 0.0209960938
vt 0.275146484 0.0401306152
vt 0.250976562 0.0317687988
vt 0.200439453 0.0293579102
vt 0.172119141 0.0231781006
vt 0.252441406 0.0414733887
vt 0.254638672 0.0511779785
vt 0.277099609 0.0514221191
vt 0.229370117 0.0331115723
vt 0.230224609 0.0419616699
vt 0.176635742 0.0323791504
vt 0.154174805 0.0260925293
vt 0.158203125 0.034576416
vt 0.133422852 0.0288696289
vt 0.109375 0.0333557129
vt 0.202514648 0.0351867676
vt 0.201660156 0.0436401367
vt 0.177978516 0.0380859375
vt 0.206420898 0.0534667969
vt 0.179199219 0.0454711914
vt 0.111816406 0.0429382324
vt 0.0933837891 0.0356445312
vt 0.181518555 0.0544433594
vt 0.0939941406 0.046081543
vt 0.0743408203 0.0380859375
vt 0.159790039 0.0474243164
vt 0.16003418 0.0400085449
vt 0.137695312 0.044128418
vt 0.161010742 0.0557861328
vt 0.139160156 0.0510559082
vt 0.114013672 0.0554199219
vt 0.112670898 0.048248291
vt 0.140625 0.0584411621
vt 0.0947265625 0.0510559082
vt 0.0745849609 0.0463256836
vt 0.0610961914 0.046081543
vt 0.0628051758 0.037109375
vt 0.0477600098 0.0458374023
vt 0.0512695312 0.0360107422
vt 0.0585632324 0.0537109375
vt 0.0749511719 0.0514221191
vt 0.0642700195 0.0612182617
vt 0.0768432617 0.0589294434
vt 0.0340576172 0.0464477539
vt 0.033203125 0.0393066406
vt 0.0141525269 0.0394287109
vt 0.042175293 0.0559997559
vt 0.0791625977 0.0654907227
vt 0.0818481445 0.0737304688
vt 0.0966186523 0.0640258789
vt 0.0193634033 0.0477600098
vt 0.0052947998 0.0483703613
vt 0.0516357422 0.0635375977
vt 0.0570983887 0.0686035156
vt 0.0619506836 0.0734863281
vt 0.117614746 0.0697021484
vt 0.0325927734 0.0524902344
vt 0.0130615234 0.0531005859
vt 0.0043258667 0.0583190918
vt 0.0658569336 0.0825805664
vt 0.0546569824 0.0756225586
vt 0.143188477 0.0671386719
vt 0.035369873 0.0604858398
vt 0.0410766602 0.063659668
vt 0.0316162109 0.0667724609
vt 0.0393981934 0.0681152344
vt 0.0367126465 0.0726318359
vt 0.0555114746 0.0817260742
vt 0.0657348633 0.0918579102
vt 0.042175293 0.0739746094
vt 0.0427856445 0.0798950195
vt 0.0282287598 0.0767211914
vt 0.0299224854 0.0604858398
vt 0.0263977051 0.0684814453
vt 0.0270080566 0.0757446289
vt 0.0273742676 0.0642700195
vt 0.0199737549 0.0693359375
vt 0.0165710449 0.075012207
vt 0.0225219727 0.0600280762
vt 0.017791748 0.0630493164
vt 0.0140304565 0.06640625
vt 0.00917816162 0.0692138672
vt 0.0113601685 0.0596618652
vt 0.0179138184 0.0552978516
vt 0.0223999023 0.0518798828
vt 0.030166626 0.0823364258
vt 0.0145111084 0.0876464844
vt 0.0196075439 0.0913696289
vt 0.00978088379 0.102661133
vt 0.0152435303 0.103271484
vt 0.0124511719 0.120483398
vt 0.0174255371 0.119628906
vt 0.022644043 0.142089844
vt 0.0289459229 0.135620117
vt 0.0290679932 0.163818359
vt 0.0387878418 0.147460938
vt 0.0346374512 0.130126953
vt 0.0488586426 0.140380859
vt 0.023727417 0.116577148
vt 0.0214233398 0.103881836
vt 0.0250701904 0.094543457
vt 0.0344238281 0.0876464844
vt 0.0495605469 0.132446289
vt 0.0686035156 0.127563477
vt 0.043762207 0.0855712891
vt 0.0541687012 0.0876464844
vt 0.0450744629 0.0912475586
vt 0.0369567871 0.0923461914
vt 0.0317382812 0.096862793
vt 0.0382995605 0.0974731445
vt 0.05078125 0.0933227539
vt 0.0276184082 0.104003906
vt 0.0346374512 0.100952148
vt 0.0311279297 0.113342285
vt 0.0450744629 0.101318359
vt 0.0386657715 0.10559082
vt 0.0621948242 0.094909668
vt 0.0596313477 0.106933594
vt 0.0585632324 0.0979614258
vt 0.0484924316 0.103271484
vt 0.039276123 0.122924805
vt 0.0435180664 0.108459473
vt 0.052734375 0.113708496
vt 0.0502929688 0.124450684
vt 0.0667724609 0.123535156
vt 0.081237793 0.117553711
vt 0.079284668 0.114440918
vt 0.0872802734 0.113952637
vt 0.0932617188 0.110412598
vt 0.103942871 0.106445312
vt 0.0648803711 0.119628906
vt 0.0705566406 0.101806641
vt 0.103210449 0.102416992
vt 0.102600098 0.0985717773
vt 0.120788574 0.103271484
vt 0.077331543 0.11138916
vt 0.120300293 0.0993652344
vt 0.14074707 0.10144043
vt 0.0780639648 0.0986938477
vt 0.0829467773 0.0885009766
vt 0.141845703 0.0972290039
vt 0.159790039 0.102416992
vt 0.0856933594 0.0956420898
vt 0.119812012 0.0955200195
vt 0.142944336 0.092956543
vt 0.160522461 0.0977172852
vt 0.178710938 0.104125977
vt 0.100402832 0.0911254883
vt 0.0994262695 0.0845947266
vt 0.0823364258 0.0807495117
vt 0.180297852 0.0991821289
vt 0.205566406 0.096862793
vt 0.203979492 0.106567383
vt 0.11932373 0.0875244141
vt 0.204833984 0.10168457
vt 0.228637695 0.11151123
vt 0.229614258 0.106445312
vt 0.253173828 0.114196777
vt 0.142578125 0.0852050781
vt 0.254394531 0.109558105
vt 0.281738281 0.119018555
vt 0.162597656 0.0853271484
vt 0.23059082 0.101318359
vt 0.143310547 0.0796508789
vt 0.182983398 0.0856933594
vt 0.206665039 0.0874023438
vt 0.255615234 0.104858398
vt 0.184326172 0.0784301758
vt 0.231689453 0.0913696289
vt 0.208374023 0.0800170898
vt 0.254882812 0.0843505859
vt 0.254394531 0.0956420898
vt 0.283691406 0.109924316
vt 0.280029297 0.100219727
vt 0.306640625 0.11730957
vt 0.305664062 0.122314453
vt 0.307617188 0.112365723
vt 0.33203125 0.117553711
vt 0.331787109 0.112365723
vt 0.305175781 0.103637695
vt 0.358398438 0.114807129
vt 0.3515625 0.107177734
vt 0.328369141 0.104370117
vt 0.299804688 0.0827026367
vt 0.279296875 0.0887451172
vt 0.366943359 0.108459473
vt 0.371826172 0.0972290039
vt 0.360595703 0.0991821289
vt 0.366943359 0.0876464844
vt 0.353027344 0.0867919922
vt 0.340332031 0.0833740234
vt 0.317138672 0.0706787109
vt 0.318847656 0.0825805664
vt 0.297363281 0.052734375
vt 0.299072266 0.0681152344
vt 0.325195312 0.0936889648
vt 0.279785156 0.0657348633
vt 0.280273438 0.0786743164
vt 0.256835938 0.0641479492
vt 0.257568359 0.0746459961
vt 0.23449707 0.0635375977
vt 0.234985352 0.072265625
vt 0.209228516 0.0643920898
vt 0.209350586 0.0721435547
vt 0.184448242 0.0650024414
vt 0.185180664 0.0723876953
vt 0.143554688 0.0739746094
vt 0.118347168 0.0756225586
vt 0.0991821289 0.0779418945
vt 0.963867188 0.127319336
vt 0.971191406 0.116943359
vt 0.961914062 0.122436523
vt 0.966796875 0.113586426
vt 0.94921875 0.119384766
vt 0.958496094 0.113342285
vt 0.953125 0.108703613
vt 0.966796875 0.105102539
vt 0.956054688 0.106445312
vt 0.942382812 0.104492188
vt 0.962890625 0.102050781
vt 0.953125 0.102783203
vt 0.949707031 0.0991821289
vt 0.955566406 0.096496582
vt 0.963378906 0.0967407227
vt 0.943847656 0.383300781
vt 0.965820312 0.378662109
vt 0.966308594 0.374267578
vt 0.98828125 0.383544922
vt 0.946777344 0.386474609
vt 0.965820312 0.405761719
vt 0.934082031 0.405517578
vt 0.985351562 0.38671875
vt 0.997558594 0.406005859
vt 0.993164062 0.406005859
vt 0.98828125 0.428222656
vt 0.938476562 0.405517578
vt 0.946777344 0.424804688
vt 0.943359375 0.427978516
vt 0.965820312 0.432861328
vt 0.965820312 0.4375
vt 0.984863281 0.425048828
vt 0.412597656 0.405273438
vt 0.415527344 0.380126953
vt 0.364257812 0.405273438
vt 0.41796875 0.405273438
vt 0.420898438 0.380126953
vt 0.426269531 0.363037109
vt 0.364257812 0.380126953
vt 0.421142578 0.363037109
vt 0.430419922 0.350585938
vt 0.367675781 0.357666016
vt 0.3359375 0.380126953
vt 0.3359375 0.345214844
vt 0.425292969 0.350585938
vt 0.434082031 0.333496094
vt 0.375244141 0.346191406
vt 0.428955078 0.333496094
vt 0.435791016 0.325927734
vt 0.382324219 0.338867188
vt 0.3359375 0.322021484
vt 0.430419922 0.325927734
vt 0.438476562 0.307373047
vt 0.391357422 0.332519531
vt 0.432373047 0.307373047
vt 0.437744141 0.285400391
vt 0.388671875 0.310302734
vt 0.3359375 0.301025391
vt 0.432128906 0.285400391
vt 0.435791016 0.265625
vt 0.384277344 0.288574219
vt 0.3359375 0.279052734
vt 0.430419922 0.265625
vt 0.433349609 0.246459961
vt 0.376708984 0.26953125
vt 0.3359375 0.261474609
vt 0.427734375 0.246459961
vt 0.430664062 0.223510742
vt 0.423828125 0.223510742
vt 0.366943359 0.250488281
vt 0.3359375 0.223510742
vt 0.364257812 0.380126953
vt 0.415527344 0.380126953
vt 0.364257812 0.405273438
vt 0.412597656 0.405273438
vt 0.41796875 0.405273438
vt 0.420898438 0.380126953
vt 0.426269531 0.363037109
vt 0.421142578 0.363037109
vt 0.430419922 0.350585938
vt 0.367675781 0.357666016
vt 0.3359375 0.380126953
vt 0.3359375 0.345214844
vt 0.425292969 0.350585938
vt 0.434082031 0.333496094
vt 0.375244141 0.346191406
vt 0.428955078 0.333496094
vt 0.435791016 0.325927734
vt 0.382324219 0.338867188
vt 0.3359375 0.322021484
vt 0.430419922 0.325927734
vt 0.438476562 0.307373047
vt 0.391357422 0.332519531
vt 0.432373047 0.307373047
vt 0.437744141 0.285400391
vt 0.388671875 0.310302734
vt 0.3359375 0.301025391
vt 0.432128906 0.285400391
vt 0.435791016 0.265625
vt 0.384277344 0.288574219
vt 0.3359375 0.279052734
vt 0.430419922 0.265625
vt 0.433349609 0.246459961
vt 0.376708984 0.26953125
vt 0.3359375 0.261474609
vt 0.427734375 0.246459961
vt 0.430664062 0.223510742
vt 0.423828125 0.223510742
vt 0.366943359 0.250488281
vt 0.3359375 0.223510742
vt 0.728027344 0.398193359
vt 0.715820312 0.386962891
vt 0.71484375 0.398681641
vt 0.700195312 0.395019531
vt 0.729003906 0.385986328
vt 0.719238281 0.344970703
vt 0.703613281 0.383789062
vt 0.694824219 0.378662109
vt 0.690917969 0.387939453
vt 0.690917969 0.371337891
vt 0.682617188 0.374023438
vt 0.689453125 0.353271484
vt 0.705078125 0.340332031
vt 0.706542969 0.349609375
vt 0.719238281 0.336425781
vt 0.732421875 0.341064453
vt 0.728515625 0.348876953
vt 0.748046875 0.354003906
vt 0.738769531 0.382568359
vt 0.741699219 0.393066406
vt 0.751953125 0.383300781
vt 0.740722656 0.360595703
vt 0.755859375 0.369384766
vt 0.747070312 0.369628906
vt 0.10546875 0.114074707
vt 0.0877685547 0.126464844
vt 0.0909423828 0.132568359
vt 0.106323242 0.120483398
vt 0.12322998 0.110778809
vt 0.0780639648 0.156616211
vt 0.0718994141 0.151977539
vt 0.117980957 0.1953125
vt 0.121154785 0.118286133
vt 0.0729980469 0.18371582
vt 0.139648438 0.118041992
vt 0.0642700195 0.182983398
vt 0.136474609 0.124938965
vt 0.156616211 0.134521484
vt 0.0708007812 0.212524414
vt 0.0618286133 0.211303711
vt 0.151000977 0.138061523
vt 0.16796875 0.157226562
vt 0.0751953125 0.240966797
vt 0.0661621094 0.240844727
vt 0.158691406 0.156738281
vt 0.174194336 0.181030273
vt 0.0836791992 0.259033203
vt 0.165161133 0.178710938
vt 0.0974731445 0.273681641
vt 0.0770874023 0.263916016
vt 0.176391602 0.206176758
vt 0.0939941406 0.280517578
vt 0.168457031 0.203613281
vt 0.173583984 0.233764648
vt 0.11517334 0.282226562
vt 0.11529541 0.289306641
vt 0.16784668 0.230102539
vt 0.1640625 0.261962891
vt 0.131835938 0.28125
vt 0.133300781 0.288330078
vt 0.159301758 0.258056641
vt 0.149414062 0.280029297
vt 0.146972656 0.274414062
vt 0.10546875 0.114074707
vt 0.0909423828 0.132568359
vt 0.0877685547 0.126464844
vt 0.106323242 0.120483398
vt 0.12322998 0.110778809
vt 0.0780639648 0.156616211
vt 0.0718994141 0.151977539
vt 0.117980957 0.1953125
vt 0.121154785 0.118286133
vt 0.0729980469 0.18371582
vt 0.139648438 0.118041992
vt 0.0642700195 0.182983398
vt 0.136474609 0.124938965
vt 0.156616211 0.134521484
vt 0.0708007812 0.212524414
vt 0.0618286133 0.211303711
vt 0.151000977 0.138061523
vt 0.16796875 0.157226562
vt 0.0751953125 0.240966797
vt 0.0661621094 0.240844727
vt 0.158691406 0.156738281
vt 0.174194336 0.181030273
vt 0.0836791992 0.259033203
vt 0.165161133 0.178710938
vt 0.0974731445 0.273681641
vt 0.0770874023 0.263916016
vt 0.176391602 0.206176758
vt 0.0939941406 0.280517578
vt 0.168457031 0.203613281
vt 0.173583984 0.233764648
vt 0.11517334 0.282226562
vt 0.11529541 0.289306641
vt 0.16784668 0.230102539
vt 0.1640625 0.261962891
vt 0.131835938 0.28125
vt 0.133300781 0.288330078
vt 0.159301758 0.258056641
vt 0.149414062 0.280029297
vt 0.146972656 0.274414062
vn -0.390112013 -0.756253064 0.525256097
vn -0.818815231 -0.071358785 0.569604874
vn -0.244684741 -0.561697125 0.790332615
vn 0.256664723 -0.824347079 -0.504554331
vn 0.0758640915 -0.99707222 -0.00956983212
vn 0.142571718 -0.989613354 0.0184036754
vn -0.0758714601 -0.997071624 -0.00957166217
vn -0.256824821 -0.824213445 -0.504691064
vn -0.142577261 -0.989612758 0.0183909796
vn -0.699291229 -0.498560458 0.512278378
vn -0.699291289 -0.498560458 0.512278378
vn -0.699291289 -0.498560518 0.512278378
vn -0.859656513 0.0464339033 -0.508757949
vn -0.173730299 0.424859136 -0.888432562
vn -0.936742127 0.340538293 0.0809188113
vn -0.541928172 0.824156523 0.164559439
vn -0.0714667737 0.520846546 -0.85065347
vn 0.224051312 0.972501099 -0.0635813773
vn 0.556606889 0.789012909 -0.260090888
vn 0.8636024 -0.100578681 -0.494039178
vn 0.859930277 -0.0315016881 0.509438396
vn -0.148284554 0.0353975594 0.988310993
vn -0.0982604325 -0.075952284 0.992258012
vn -0.965843201 -0.00757454755 0.259016722
vn -0.541928172 0.824156523 0.164559439
vn -0.936742127 0.340538293 0.0809188113
vn -0.859656513 0.0464339033 -0.508757949
vn -0.828374147 -0.0390598476 -0.558811784
vn -0.319984496 -0.010321972 -0.947366595
vn -0.942449391 -0.00145931414 -0.334345728
vn -0.976530612 -0.115914397 0.181526452
vn -0.856759608 -0.100400366 -0.505848587
vn -0.955549657 -0.100075841 0.277326047
vn -0.110344157 -0.774239898 0.623198867
vn 0.928395629 -0.157384396 0.336618036
vn 0.8636024 -0.100578681 -0.494039178
vn 0.224051312 0.972501099 -0.0635813773
vn 0.556606889 0.789012909 -0.260090888
vn -0.066792205 -0.997765422 0.0017658514
vn -0.339864582 -0.502885282 -0.794731677
vn -0.955549657 -0.100075841 0.277326047
vn -0.976530612 -0.115914397 0.181526452
vn -0.856759608 -0.100400366 -0.505848587
vn -0.0523954183 -0.990830779 -0.124535657
vn -0.1544016 -0.108977415 -0.981979609
vn 0.786493897 -0.0787089914 -0.61256212
vn 0.786493897 -0.0787089914 -0.61256212
vn -0.066792205 -0.997765422 0.0017658514
vn -0.0523954183 -0.990830779 -0.124535657
vn -0.319984496 -0.010321972 -0.947366595
vn -0.1544016 -0.108977415 -0.981979609
vn -0.0714667737 0.520846546 -0.85065347
vn -0.339864582 -0.502885282 -0.794731677
vn -0.173730299 0.424859136 -0.888432562
vn -0.942449391 -0.00145931414 -0.334345728
vn -0.856759608 -0.100400366 -0.505848587
vn -0.828374147 -0.0390598476 -0.558811784
vn -0.859656513 0.0464339033 -0.508757949
vn -0.798958898 0.176175594 -0.575001717
vn -0.813454568 0.180615976 -0.55287379
vn -0.930949152 -0.0290986747 -0.363987595
vn -0.967022419 -0.226410598 -0.116644107
vn -0.733688116 0.49551037 -0.464942187
vn -0.998675764 -0.0420556329 0.0296297949
vn -0.876521587 -0.36454317 0.314353555
vn -0.654621243 0.563759029 -0.503633499
vn -0.854278326 -0.388909131 0.34490329
vn -0.772132576 0.633746028 -0.0466614924
vn -0.789787531 -0.406609505 0.459243357
vn -0.602517009 -0.390820891 0.695868134
vn -0.375057906 -0.635640025 0.674754202
vn -0.65527761 -0.406187057 0.636885524
vn -0.543154657 -0.128371224 0.829761326
vn -0.837717175 -0.142104715 0.527291536
vn -0.96016258 0.205709517 0.189133644
vn -0.876953542 0.037889421 0.479079098
vn -0.876623929 0.224553868 0.425565571
vn -0.876553178 -0.0301275644 0.480360985
vn -0.772941411 0.198537543 0.602614582
vn -0.516879916 -0.243486777 0.820700526
vn -0.859225392 -0.242524758 0.450459242
vn -0.694270372 -0.591899395 0.40944314
vn -0.848424733 -0.378060639 0.370466828
vn -0.696142554 -0.631252527 0.341914922
vn -0.277316064 -0.620834053 0.733253658
vn 0.346570343 0.229977414 0.909395039
vn -0.452069253 -0.857194066 0.246681377
vn -0.86339885 0.399641484 -0.307943225
vn -0.772132576 0.633746028 -0.0466614924
vn -0.0945882052 0.93593967 -0.339219779
vn 0.0660962984 0.901349247 -0.428019553
vn -0.284565926 0.844891012 -0.452969462
vn -0.439221948 -0.697721064 0.565923512
vn -0.522997081 -0.776210964 0.35209462
vn -0.784514785 -0.611460268 0.10321261
vn -0.0555608273 0.919799447 -0.388435304
vn -0.9725582 -0.21887669 0.0788892806
vn -0.576463521 -0.694657624 0.430279672
vn -0.628861845 -0.736935854 0.247908011
vn -0.700135887 -0.685144067 0.20096612
vn -0.976358652 0.194336846 -0.0946413353
vn -0.818815231 -0.071358785 0.569604874
vn -0.390112013 -0.756253064 0.525256097
vn -0.488398641 -0.798500419 0.351942927
vn 0.818172812 0.0552073792 0.572315753
vn 0.643672824 0.661338687 0.385118693
vn 0.894238472 0.12669836 0.429284245
vn 0.800584674 0.179249808 0.571781158
vn -0.244684741 -0.561697125 0.790332615
vn 0.621138513 0.76729089 -0.159535483
vn 0.296613753 0.931846917 -0.209001392
vn 0.384514004 0.874142766 -0.296687335
vn 0.735247374 0.439276308 0.516185701
vn -0.818815231 -0.071358785 0.569604874
vn -0.976358652 0.194336846 -0.0946413353
vn -0.9725582 -0.21887669 0.0788892806
vn -0.0555608273 0.919799447 -0.388435304
vn 0.779676974 0.625569522 -0.0276862253
vn 0.0660962984 0.901349247 -0.428019553
vn -0.284565926 0.844891012 -0.452969462
vn -0.0945882052 0.93593967 -0.339219779
vn 0.616713226 0.786364317 -0.0359999761
vn 0.550904274 0.82966274 0.0903565362
vn 0.118216805 0.8593328 -0.497566134
vn 0.464123726 0.848803282 -0.253223687
vn 0.451299459 0.875771224 -0.171328634
vn 0.239144236 0.969266176 0.0577339567
vn 0.0651925579 0.995828807 -0.0638351217
vn 0.0872855037 0.950675428 -0.297653377
vn 0.12286897 0.888240218 -0.442642719
vn -0.0384675562 0.784830987 -0.618514895
vn -0.350451112 0.596853375 -0.721768737
vn -0.459803104 0.524321258 -0.716706693
vn -0.286372751 0.774639845 -0.563847303
vn -0.813454568 0.180615976 -0.55287379
vn -0.798958898 0.176175594 -0.575001717
vn -0.733688116 0.49551037 -0.464942187
vn -0.654621243 0.563759029 -0.503633499
vn -0.772132576 0.633746028 -0.0466614924
vn 0.0153099829 -0.887536407 0.460483164
vn -0.41150409 -0.817063093 0.403822035
vn 0.0120315598 -0.809829831 0.586541355
vn -0.400237828 -0.740845442 0.539404929
vn 0.000504789583 -0.732862771 0.680376351
vn -0.645305991 -0.690872014 0.326000273
vn -0.407916933 -0.656860054 0.634144008
vn 1.43736343E-05 -0.652101934 0.758131325
vn -0.657792389 -0.599942148 0.455388457
vn -0.698763549 -0.648460209 0.302041143
vn -0.819509506 -0.450882792 0.353707492
vn -0.847917259 -0.488173693 0.206695005
vn -0.967817545 -0.210552126 0.13782984
vn -0.658658922 -0.532360673 0.531752348
vn -0.380784214 -0.602826655 0.701144397
vn -0.295599669 -0.815354526 0.497812986
vn -0.000535673928 -0.78635788 0.61777097
vn -0.603039622 -0.770455539 0.206740409
vn -0.651238561 -0.49592185 0.574412584
vn -0.749245584 -0.653373301 0.108326189
vn -0.682311594 -0.505281389 0.528338552
vn -0.676433265 -0.486478209 0.552971065
vn -0.856720269 -0.503409684 0.112289801
vn -0.960880637 -0.202055782 0.189424947
vn -0.990212262 0.118058115 -0.0744448304
vn -0.830734253 -0.364369392 0.420851082
vn -0.995938897 0.0899194032 0.004508771
vn -0.73879832 0.591823161 -0.322369874
vn -0.812085032 -0.327159882 0.4832021
vn -0.9660905 -0.115421146 0.230970189
vn -0.765257061 0.575485587 -0.288440764
vn -0.429040134 0.801826298 -0.415931672
vn -0.952067018 -0.0874620453 0.293118984
vn -0.967086494 0.254445761 0.000985502731
vn -0.438109607 0.789318681 -0.430158168
vn -0.020402411 0.89422369 -0.447155029
vn -0.726720333 0.620074689 -0.295609295
vn -0.0172210503 0.867932916 -0.496382743
vn 0.385935456 0.830388486 -0.401881486
vn -0.962767661 -0.0302371047 0.268633962
vn -0.858876288 -0.453179717 -0.238662347
vn -0.989470482 0.113268927 0.0901015848
vn -0.938188076 0.345793724 -0.0151590537
vn -0.945162058 0.326411933 0.0111302389
vn -0.426323622 0.781806588 -0.455001742
vn -0.917749465 0.388136536 -0.0841783434
vn -0.975798368 0.130960017 -0.175120026
vn -0.926001012 0.339907557 -0.164270997
vn -0.717255414 0.635094345 -0.286705256
vn -0.680648148 0.665860474 -0.305528969
vn -0.413469702 0.797452271 -0.439445764
vn -0.00156477164 0.854129672 -0.520057857
vn -0.627065957 0.682378471 -0.375696689
vn -0.828661561 0.478025138 -0.291225284
vn -0.372435659 0.817695022 -0.438938081
vn 0.438773632 0.770053148 -0.463136911
vn 0.396570086 0.812152386 -0.427949429
vn 0.676926017 0.667482674 -0.310222715
vn 0.692164958 0.660658598 -0.29058215
vn 0.932873368 0.333445787 -0.136239856
vn 0.727657676 0.615240097 -0.30330497
vn 0.941465974 0.331508636 -0.0611866787
vn 0.963068962 -0.228907853 0.141772434
vn 0.937627554 0.345955163 -0.0341994539
vn 0.953474522 -0.193847284 0.230888814
vn 0.817666292 -0.506337643 0.273941457
vn 0.958826184 -0.0714862719 0.274849147
vn 0.782773495 -0.478115082 0.398335963
vn 0.735788941 -0.59393084 0.325362653
vn 0.684292614 -0.558225632 0.469177932
vn 0.720651209 -0.60953337 0.330349684
vn 0.392709583 -0.803739548 0.446969599
vn 0.789385378 -0.391031712 0.473249376
vn 0.374422014 -0.734452844 0.566027641
vn 0.0153099829 -0.887536407 0.460483164
vn 0.0120315598 -0.809829831 0.586541355
vn 0.000504789583 -0.732862771 0.680376351
vn 0.402261525 -0.649978459 0.644758523
vn 1.43736343E-05 -0.652101934 0.758131325
vn 0.689922094 -0.498955458 0.524453104
vn 0.655837119 -0.516624212 0.550433517
vn 0.379522741 -0.604081631 0.700748026
vn 0.650519729 -0.500639558 0.571125329
vn 0.287547022 -0.818966627 0.49659881
vn -0.000535673928 -0.78635788 0.61777097
vn 0.585799992 -0.785480022 0.199648052
vn 0.735354483 -0.67203486 0.0873087794
vn 0.690115333 -0.480422884 0.541234314
vn 0.863170624 -0.492361724 0.11187651
vn 0.784446418 -0.378058821 0.491645604
vn 0.95000428 -0.0502640158 0.308164537
vn 0.958329856 0.0233006105 0.284712166
vn 0.85406363 -0.422724783 -0.303115755
vn 0.994591415 0.0976572484 0.0353698842
vn 0.932366252 0.360771894 -0.0231705382
vn 0.924951077 0.379304111 -0.0243697874
vn 0.71725601 0.635094285 -0.286703855
vn 0.908524871 0.399863482 -0.121209994
vn 0.979870796 0.119468972 -0.159939051
vn 0.931650102 0.332223713 -0.147158235
vn 0.677917778 0.668912768 -0.304931611
vn 0.413376451 0.797484279 -0.439475536
vn 8.48681509E-07 0.879010141 -0.476803243
vn -1.07742899E-05 0.869715631 -0.493553251
vn 0.372322708 0.817730188 -0.438968271
vn 0.627064466 0.682378888 -0.375698179
vn -4.31375702E-06 0.880873144 -0.473352313
vn 0.828660965 0.478022993 -0.291229993
vn -0.32360512 0.834473789 -0.446019322
vn 0.323466659 0.834513485 -0.446045458
vn 7.58160559E-06 0.887965083 -0.45991078
vn 7.49953142E-06 0.903626978 -0.428320318
vn -0.155561879 0.822186768 -0.547548532
vn 6.93716675E-06 0.896639228 -0.442761838
vn 0.155481651 0.822198689 -0.54755342
vn -0.506604075 0.619758248 -0.599376261
vn 0.506605625 0.61976105 -0.599372089
vn 0.0384641029 0.784846067 -0.618496001
vn -0.122813597 0.888256848 -0.442624629
vn 0.459806114 0.524323761 -0.716702759
vn -0.0881290436 0.950306177 -0.298582524
vn 0.798669636 0.34832859 -0.490707546
vn 0.798959732 0.176174283 -0.575000942
vn 0.91192466 0.195766062 -0.360650837
vn 0.93152523 -0.0405050926 -0.361414015
vn 0.920492291 0.116371237 -0.373030454
vn 0.998520553 -0.0540635064 -0.00581637071
vn 0.960129678 0.241997153 -0.139958486
vn 0.97163403 0.196469977 -0.131631479
vn 0.979870796 0.119468972 -0.159939051
vn 0.994591415 0.0976572484 0.0353698842
vn 0.983928204 -0.0115523832 -0.178190127
vn 0.955518723 0.154982299 0.25092715
vn 0.971298277 0.122371368 -0.203972518
vn 0.983557582 0.180422932 -0.00788072124
vn 0.967355847 0.251437038 0.0316569172
vn 0.876800835 0.236350834 0.418758392
vn 0.660199761 0.602798402 0.448073864
vn 0.774436176 0.207286596 0.597729862
vn 0.342669785 0.38708064 0.856005907
vn 0.160729796 0.619397402 0.768448353
vn -0.0643790588 0.781357288 0.62075448
vn 0.519062757 -0.243783593 0.819233537
vn -0.346644551 0.125508726 0.929561853
vn -0.581288755 0.660684407 0.474973172
vn -0.0499632172 0.956813097 0.286377847
vn -0.543536246 0.835555494 0.080094777
vn -0.146013752 0.988145947 0.0474098735
vn 0.0400613286 0.94361788 0.328603655
vn -0.0748129264 0.991313517 -0.108169712
vn 0.0651925579 0.995828807 -0.0638351217
vn 0.0872855037 0.950675428 -0.297653377
vn 0.239144236 0.969266176 0.0577339567
vn 0.12286897 0.888240218 -0.442642719
vn 0.550904274 0.82966274 0.0903565362
vn -0.0384675562 0.784830987 -0.618514895
vn 0.643672824 0.661338687 0.385118693
vn -0.459803104 0.524321258 -0.716706693
vn 0.346570343 0.229977414 0.909395039
vn -0.798669457 0.348329365 -0.490707397
vn -0.798958898 0.176175594 -0.575001717
vn -0.903613687 0.207165346 -0.374919832
vn -0.930949152 -0.0290986747 -0.363987595
vn 0.0579416342 0.752907515 0.655570805
vn -0.918828964 0.125017285 -0.374331415
vn -0.998675764 -0.0420556329 0.0296297949
vn -0.956359923 0.24966903 -0.151792645
vn -0.98593235 -0.0157063119 -0.166405529
vn -0.96016258 0.205709517 0.189133644
vn -0.342673421 0.387086898 0.856001437
vn -0.160789192 0.619409859 0.768425882
vn -0.516879916 -0.243486777 0.820700526
vn -0.772941411 0.198537543 0.602614582
vn -1.9629872E-06 0.703389764 0.710804343
vn -9.2291026E-07 0.471389353 0.881925225
vn -0.66019839 0.602808237 0.448062927
vn -0.876623929 0.224553868 0.425565571
vn -0.967355371 0.25143981 0.0316500068
vn -0.692692876 0.716119945 0.0857256725
vn -0.352766365 0.807842374 0.47217223
vn -0.893750608 0.448484212 0.00847332738
vn -0.61785692 0.759196997 0.204628631
vn -0.0503470376 0.710801601 0.701588392
vn -0.455523908 0.664483309 0.592418611
vn -0.873704135 0.467981786 0.13279371
vn -0.969208956 0.223704442 -0.102909483
vn 0.0261343233 0.47259894 0.880890012
vn -0.116235957 0.410048723 0.904626608
vn -0.795604885 0.25452593 0.549754083
vn -0.974615812 0.114618532 -0.192319229
vn -0.986481071 -0.0373049714 0.159572914
vn -0.98688972 -0.0787258074 -0.140893489
vn -0.873092055 -0.456124276 0.172223791
vn -0.852141619 -0.335801989 0.40136233
vn -0.98551023 0.169284239 0.010598097
vn 0.0857407823 0.503237247 0.859884083
vn -0.0171690006 0.633884788 0.773236811
vn -0.336477786 0.131825969 0.932418644
vn -0.759411216 -0.430097342 0.488171011
vn -0.993292332 -0.112500787 -0.0267188083
vn -0.982284129 0.159532994 -0.0983213335
vn -0.975798368 0.130960017 -0.175120026
vn -0.983590186 0.171283245 0.0566773266
vn -0.957200468 0.0500074439 -0.285072982
vn -0.989470482 0.113268927 0.0901015848
vn -0.910897493 -0.236820847 -0.337907702
vn -0.858876288 -0.453179717 -0.238662347
vn -0.89460659 -0.442363828 -0.0631923378
vn -0.856720269 -0.503409684 0.112289801
vn -0.995661676 0.0930471942 -9.11586358E-06
vn -0.984566152 0.11962612 0.127746567
vn -0.987752199 0.0319749862 0.152719006
vn -0.946495533 0.0498817414 0.318838537
vn -0.961082399 -0.25734517 0.100469328
vn -0.959317923 -0.103428058 0.262700826
vn -0.738386631 -0.667302489 -0.0974302292
vn -0.749245584 -0.653373301 0.108326189
vn -0.957452476 0.00913054869 0.288446575
vn -0.930343628 -0.0581470653 0.362049192
vn -0.86358434 -0.476619184 0.164488137
vn -0.822992861 -0.490283608 0.286888123
vn -0.485438436 -0.866646886 -0.11520756
vn -0.603039622 -0.770455539 0.206740409
vn -0.485291362 -0.868447602 -0.101444878
vn -0.153595075 -0.986340761 -0.0595011152
vn -0.295599669 -0.815354526 0.497812986
vn -0.678835332 -0.729649425 0.0824281871
vn 0.0405228101 -0.999146581 0.00799561292
vn -0.000535673928 -0.78635788 0.61777097
vn 0.000348426402 -0.997377276 0.0723776966
vn -0.0258286186 -0.956556678 -0.290400177
vn -0.209204227 -0.939610958 -0.270859271
vn -0.576943099 -0.641329527 -0.505799472
vn -0.221360594 -0.918655694 -0.3272174
vn 0.0705551505 -0.927236557 -0.36776948
vn -0.279055327 -0.762718379 -0.583428383
vn -0.0104845501 -0.820108712 -0.572111785
vn -0.345820844 -0.183204994 -0.920241237
vn -0.0352283455 -0.143162519 -0.989072084
vn -0.436509818 -0.385088772 -0.813120961
vn -0.0174954012 -0.383095503 -0.923543036
vn -0.332651079 -0.818584561 -0.468254894
vn -0.0131280553 -0.899847448 -0.436007231
vn -0.00926319975 -0.961384237 -0.275053531
vn -0.202403396 -0.967895031 -0.149036869
vn -0.00708742347 -0.96315676 -0.268847257
vn 0.0277691595 -0.982685685 0.18318744
vn -0.459001005 -0.841821313 -0.283998281
vn -0.56472367 -0.787741303 0.24607107
vn -0.852888703 -0.511846244 0.102928184
vn -0.622205734 -0.639223635 -0.451943696
vn -0.262518287 -0.605231941 0.751517415
vn 0.146506682 -0.830559671 0.537313998
vn 0.128471002 -0.46546185 0.875694335
vn 0.0850944594 -0.135883361 0.987063646
vn -0.515507817 -0.418577939 0.747692645
vn -0.674473941 -0.487211287 -0.554716229
vn -0.835352421 -0.264719844 -0.481777698
vn -0.502736449 -0.413337201 -0.759215653
vn -0.446221471 -0.250834763 -0.85905081
vn -0.747336209 0.0187350456 -0.664181948
vn -0.929470837 0.305884004 -0.206201106
vn -0.806548357 -0.562073052 -0.18317607
vn -0.942299247 0.246298864 -0.226735786
vn -0.981894791 -0.156435445 0.106820993
vn -0.699074268 -0.711129129 -0.0747691616
vn -0.836320221 -0.544431925 0.0645166636
vn -0.898808539 -0.35047251 0.263272256
vn -0.948707044 -0.148548424 0.279084891
vn -0.966888309 0.12443354 0.222807586
vn -0.947877288 0.0429786071 0.315723896
vn -0.878247917 0.477586031 -0.0243322607
vn -0.943852186 0.139262646 0.299581438
vn -0.796254516 0.601193726 0.067415759
vn -0.982181072 0.0576005653 0.178892881
vn -0.521936774 -0.834697604 0.175675735
vn -0.573539376 0.817717731 0.0488909669
vn -0.866360307 0.47390604 0.157584697
vn -0.958514333 0.173491418 0.226165727
vn -0.944077671 0.293656349 0.149944469
vn -0.902498901 0.427076697 0.0556895062
vn -0.55319804 0.83033371 0.0672143847
vn -0.924992502 0.133931413 0.355599821
vn -0.735000372 -0.542696059 0.406516135
vn -0.228363201 -0.0542118624 0.972065449
vn -0.64845562 -0.021076683 0.760960579
vn -0.938191235 -0.343996912 0.0382520184
vn -0.828894734 -0.292911977 0.476587921
vn -0.241311878 0.330250889 0.912525594
vn -0.214224443 -0.043590229 0.975811362
vn 0.189378887 0.477325201 0.85807699
vn 0.107501537 0.451512128 0.885765254
vn 0.0929354578 0.610076785 0.786873102
vn 0.258173645 0.253291726 0.932303429
vn 0.325132936 0.421809494 0.846383691
vn 0.129643813 0.504662871 0.853526711
vn 0.140406206 0.239176005 0.960771024
vn 0.106356718 0.0452020355 0.99330008
vn 0.0923138112 -0.173766807 0.98045063
vn -0.0476112626 -0.7137658 0.698764384
vn -0.1981837 -0.97307092 0.117711984
vn -0.0853208154 -0.982278943 -0.166878656
vn -0.304670185 -0.912865341 -0.271759301
vn -0.261283249 -0.920097291 -0.291808069
vn -0.299523205 -0.73174113 -0.612242401
vn -0.412487954 -0.910597563 -0.0258016046
vn -0.56240797 -0.715339482 -0.414712876
vn -0.853294611 -0.162036493 0.495613307
vn -0.427338749 -0.636196494 -0.642367184
vn -0.529828966 -0.665981531 -0.525119007
vn -0.25034225 -0.638919652 -0.727399826
vn -0.307415575 -0.693687439 -0.651378095
vn -0.15129219 -0.901324451 -0.405863017
vn -0.168585718 -0.805657268 0.56788671
vn 0.292377859 -0.886955976 0.357525229
vn -0.598657072 -0.593972325 0.537407339
vn -0.840322971 0.233771294 0.48908928
vn -0.720641732 0.65735209 0.220371678
vn -0.804964244 -0.141362369 0.576237202
vn -0.652807117 0.0365280062 0.756642997
vn -0.624512732 -0.188381761 0.757955194
vn -0.617601752 -0.315420389 0.720470607
vn -0.491208553 -0.344418705 0.800056219
vn -0.386768818 -0.456514359 0.801251888
vn -0.761215866 -0.348003179 0.547214985
vn -0.216881111 -0.310947061 0.925351024
vn -0.00962044671 -0.315851361 0.948759913
vn 0.196075648 -0.483699113 0.852988482
vn -0.0359540172 -0.457474411 0.888495624
vn 0.510045588 -0.373169661 0.774982452
vn -0.579942048 -0.466130167 0.668124139
vn 0.053850323 -0.207789063 0.976690233
vn -0.159035474 -0.511621833 0.844364226
vn 0.160059944 -0.454509646 0.876242995
vn -0.0498681553 -0.236734465 0.970293701
vn 0.0245630704 -0.00461408496 0.999687672
vn 0.613517344 -0.358640701 0.703543425
vn 0.868797898 -0.204278275 0.451066017
vn 0.115397148 -0.949047804 -0.293243468
vn 0.548498869 -0.820326746 -0.161904499
vn -0.159014657 -0.818163335 -0.552560627
vn -0.933171391 -0.124266714 0.337266922
vn -0.787558377 -0.448139399 0.422992676
vn -0.975277007 -0.171053186 0.139912575
vn -0.589559257 -0.507081151 0.628719807
vn -0.310567737 -0.199908242 0.929292381
vn -0.903667867 -0.424549967 0.0560506098
vn 0.315168649 0.55998975 0.766211629
vn -0.447231531 -0.0590059496 0.892469645
vn 0.426217109 0.418831468 0.801822484
vn -0.098876752 0.55804956 0.823895633
vn -2.66783063E-05 0.498400569 0.866946816
vn -0.42578429 0.41891095 0.802010834
vn -0.752839327 -0.529563665 0.39089036
vn -0.110336587 0.787005067 0.606999874
vn -0.750385046 -0.629004776 0.203163341
vn -0.263995618 0.932718098 0.245648861
vn -0.446537793 0.882225454 0.14927271
vn -0.663823724 -0.692213118 0.283158958
vn 0.0958920717 0.567916155 0.817481518
vn -0.315406024 0.56027925 0.765902281
vn -1.44071191E-05 0.571559727 0.820560396
vn -0.474157989 0.841832221 -0.257862121
vn -0.85472703 0.506067514 -0.115487754
vn -0.684741914 -0.638569534 0.351222724
vn -0.736194134 0.553962708 0.388771802
vn -0.770708978 -0.365081906 0.522228718
vn -0.982883513 0.0856322423 -0.163116455
vn -0.94815284 -0.258163899 0.185357764
vn -0.968876362 0.0358183868 -0.244939938
vn -0.920010209 0.224105552 0.321493417
vn -0.835779607 0.258344978 0.484489679
vn -0.748210013 0.311354518 0.585867047
vn -0.389214367 0.491154909 0.77928102
vn -0.0926244482 0.704233527 0.703900516
vn -0.714697838 0.260672241 0.649043083
vn -0.932415128 0.0977359936 0.347922057
vn -0.939435542 0.184308439 0.288948625
vn -0.910955667 0.048663713 0.409623742
vn -0.921120465 0.0464905463 0.386491448
vn -0.961185932 0.0744937956 0.265654474
vn -0.91895932 0.0636259541 0.389185637
vn -0.865492284 -0.182839438 0.466361403
vn -0.95768857 -0.157562017 0.240846157
vn -0.977388203 -0.00335840369 0.211426169
vn -0.981214166 -0.148873821 0.122699991
vn -0.617171586 -0.485025316 0.61955601
vn -0.844382882 -0.497670472 0.198347479
vn -0.84927386 -0.520872772 0.0861712918
vn -0.75985539 -0.530150712 0.376244634
vn -0.83666575 -0.361094803 0.411826432
vn -0.826123953 -0.130228952 0.548233211
vn -0.80575192 -0.565275192 0.176714405
vn -0.894447386 -0.325290591 0.306838423
vn -0.773452282 -0.325912803 0.543647408
vn -0.413370311 0.337976247 0.845515847
vn -0.00189866917 0.629403651 0.777076185
vn 0.0994088203 0.677536368 0.728740215
vn 0.324505121 0.53527838 0.779854715
vn 0.839676023 0.206074864 0.502471209
vn 0.822630644 0.337045252 0.457907587
vn 0.687302053 0.344777197 0.6393314
vn 0.351813942 0.880011201 0.319072455
vn 0.922570705 0.130361468 0.36313805
vn -0.0830797702 0.51375407 0.853905439
vn 0.0157691035 0.444087744 0.89584446
vn -0.0261195526 0.47260347 0.880887985
vn 0.116238974 0.410046607 0.904627085
vn 0.0503494702 0.710802972 0.701586783
vn 0.352758765 0.807843387 0.472175986
vn 0.455516815 0.664484441 0.592422843
vn 0.692690074 0.716123641 0.0857176781
vn 0.617857695 0.759195805 0.204630613
vn 0.8937518 0.448481888 0.00846892316
vn 0.873972297 0.467466652 0.132843465
vn 0.969441116 0.222803414 -0.10267704
vn 0.795677483 0.254454881 0.549681783
vn 0.986899376 -0.0787238851 -0.140827417
vn 0.986518443 -0.0372388288 0.159357086
vn 0.873493493 -0.455419034 0.172053799
vn 0.852261841 -0.33566916 0.401218086
vn 0.336486012 0.13182418 0.932415962
vn 0.994244874 -0.103381723 -0.0280955881
vn 0.759417653 -0.430101186 0.4881576
vn 0.920289159 -0.258410186 0.293754846
vn 0.77344954 -0.325921148 0.543646216
vn 0.416088372 0.298722893 0.858856857
vn 0.925408721 0.0622403808 0.373824656
vn 0.936224282 0.0723218992 0.343880355
vn 0.972587705 0.217813209 0.0814274549
vn 0.980403066 0.151480287 0.125950634
vn 0.991713762 0.111135371 -0.0644424707
vn 0.962514997 -0.251042038 0.10267739
vn 0.91409117 -0.172979116 -0.366763741
vn 0.951827407 0.0329637714 -0.304857463
vn 0.85406363 -0.422724783 -0.303115755
vn 0.94765991 -0.318141103 -0.0269605443
vn 0.984585941 0.0628191903 0.163230494
vn 0.945846021 0.0829537362 0.313837677
vn 0.865908206 -0.455851674 0.205917612
vn 0.78780371 -0.600018501 -0.139079466
vn 0.95458895 0.0292222612 0.296489328
vn 0.863170624 -0.492361724 0.11187651
vn 0.960319817 -0.0827121884 0.266353965
vn 0.674993932 -0.730248809 -0.10545101
vn 0.735354483 -0.67203486 0.0873087794
vn 0.650163531 -0.754603624 0.0886601061
vn 0.436249822 -0.89853543 -0.0481688082
vn 0.456382692 -0.881169558 -0.123511247
vn 0.585799992 -0.785480022 0.199648052
vn 0.136325017 -0.988624811 -0.0635324493
vn 0.287547022 -0.818966627 0.49659881
vn -0.0573208481 -0.998144031 0.020564042
vn -0.000535673928 -0.78635788 0.61777097
vn 0.000348426402 -0.997377276 0.0723776966
vn 0.0664204583 -0.953516483 -0.293929726
vn -0.0258286186 -0.956556678 -0.290400177
vn 0.0705551505 -0.927236557 -0.36776948
vn 0.247878596 -0.694163144 -0.675791144
vn -0.0104845501 -0.820108712 -0.572111785
vn 0.203763306 -0.951788485 -0.229301304
vn 0.399099439 -0.838105917 -0.371884644
vn 0.571205199 -0.773729861 -0.273982972
vn 0.710531533 -0.699198663 -0.0791589171
vn 0.17708908 -0.248271719 -0.952365756
vn -0.0352283455 -0.143162519 -0.989072084
vn 0.818025708 -0.501898587 -0.280947953
vn 0.811503887 -0.579839051 0.0724438131
vn 0.387764364 -0.404505819 -0.828259468
vn -0.0174954012 -0.383095503 -0.923543036
vn 0.960722685 -0.256117374 0.106844157
vn 0.3018471 -0.829994142 -0.469039649
vn -0.0131280553 -0.899847448 -0.436007231
vn -0.00926319975 -0.961384237 -0.275053531
vn 0.184024319 -0.970595121 -0.155177608
vn -0.00708742347 -0.96315676 -0.268847257
vn 0.0277691595 -0.982685685 0.18318744
vn 0.520448446 -0.735859275 -0.433179468
vn 0.410489798 -0.866964161 -0.282615066
vn 0.471158385 -0.829603255 0.299613476
vn 0.466769964 -0.332371175 0.819545746
vn 0.146506682 -0.830559671 0.537313998
vn 0.128471002 -0.46546185 0.875694335
vn 0.0850944594 -0.135883361 0.987063646
vn 0.107501537 0.451512128 0.885765254
vn 0.777538896 -0.627619565 -0.0390767604
vn 0.435325593 -0.598341823 -0.672665298
vn 0.145689368 0.448650569 0.881752312
vn 0.0929354578 0.610076785 0.786873102
vn 0.185627028 0.543004453 0.818956017
vn 0.129643813 0.504662871 0.853526711
vn 0.140406206 0.239176005 0.960771024
vn 0.106356718 0.0452020355 0.99330008
vn 0.0923138112 -0.173766807 0.98045063
vn 0.815860689 -0.0838125199 0.572142243
vn 0.888353467 -0.455745101 -0.0558969527
vn 0.2821742 -0.607355475 -0.742628455
vn 0.473573208 0.448565364 0.75796932
vn 0.417299867 0.344807565 0.840814173
vn 0.224127218 -0.275609374 -0.934776247
vn 0.833827317 -0.127572104 0.537082255
vn 0.831181347 -0.237285152 -0.50282532
vn 0.976840854 0.181265652 -0.11368762
vn 0.60271585 0.024823701 -0.797569752
vn 0.945400119 0.196739912 -0.259830624
vn 0.974841774 0.0729966983 0.210606322
vn 0.956579387 0.0559366271 0.286054254
vn 0.244005755 -0.681893051 0.689552963
vn 0.765609801 -0.579247594 0.279846221
vn -0.04539432 -0.993351161 -0.105796076
vn 0.957478046 0.283653527 0.0526908599
vn 0.940759122 -0.224982396 0.253683448
vn 0.871573508 -0.391707569 0.294829994
vn 0.937511921 -0.158752114 0.309627622
vn -0.0810426176 -0.940392017 0.330295116
vn -0.0476112626 -0.7137658 0.698764384
vn 0.954335034 0.2349637 0.184490204
vn 0.971995413 0.0697652251 0.224405557
vn 0.91087997 -0.411934465 -0.0246484224
vn 0.108589068 -0.921514988 -0.372851878
vn -0.277108461 -0.884138107 -0.376179069
vn -0.0853208154 -0.982278943 -0.166878656
vn -0.304670185 -0.912865341 -0.271759301
vn -0.299523205 -0.73174113 -0.612242401
vn 0.342096269 -0.837876856 -0.425361425
vn -0.25034225 -0.638919652 -0.727399826
vn -0.15129219 -0.901324451 -0.405863017
vn 0.885516524 0.201134771 0.418814212
vn 0.88400799 0.302386791 0.356499821
vn 0.978427172 -0.0295779202 0.204463482
vn 0.915291667 0.256462991 0.310592741
vn 0.889565229 0.136031508 0.436083883
vn 0.911593378 -0.215233624 0.350245655
vn 0.982026994 0.0383153148 0.184810638
vn 0.833594739 0.0727447569 0.547565579
vn 0.741880298 -0.153949425 0.652620256
vn 0.961643636 -0.178649291 0.208149016
vn 0.540494978 -0.464789391 0.701310158
vn 0.875035465 -0.21183607 0.435245156
vn 0.828884423 -0.403605849 0.387366503
vn 0.975665271 -0.182822272 0.12105085
vn 0.592686534 -0.506685495 0.626093149
vn 0.309318841 -0.199469 0.929803193
vn 0.899487793 -0.434480458 0.0463503376
vn 0.446513534 -0.0587962829 0.892843068
vn 0.109712124 0.787504911 0.606464624
vn 0.751946747 -0.533023238 0.387894839
vn 0.748604059 -0.632852614 0.197710678
vn 0.447835028 0.881607831 0.149034858
vn 0.664339423 -0.694384038 0.276557148
vn 0.698684335 0.714850485 -0.0287923906
vn 0.860049844 0.494923592 -0.123954721
vn 0.685368836 -0.644229412 0.339467376
vn 0.924809635 0.255643696 0.281732768
vn 0.828475475 -0.394078881 0.397907525
vn 0.897287786 0.416069627 -0.147514954
vn 0.983945787 0.0506096743 -0.171141252
vn 0.989832759 -0.0527941175 -0.132075563
vn 0.931016147 0.107009113 0.348938346
vn 0.936094642 -0.0372065045 0.349774867
vn 0.928921521 0.0583144277 0.365655959
vn 0.924000919 0.212325901 0.318025053
vn 0.947017252 0.0543164238 0.316556424
vn 0.903542638 0.0713265091 0.422520161
vn 0.884521008 -0.0369982272 0.465030879
vn 0.8628003 -0.164946631 0.477878898
vn 0.800172985 -0.400422722 0.446525127
vn 0.959555745 -0.135924891 0.24653019
vn 0.805755198 -0.56526804 0.176721394
vn 0.759857297 -0.530146778 0.376246244
vn 0.616775215 -0.483400553 0.621218383
vn 0.849276245 -0.520865858 0.0861894563
vn 0.981766999 -0.143765643 0.124358892
vn 0.976842642 0.00765809417 0.213821605
vn 0.824174285 -0.487644672 0.28799212
vn 0.844383597 -0.497668922 0.198348165
vn -0.942079365 0.169681162 -0.289300263
vn -0.154797062 -0.884815633 -0.439476073
vn -0.985245645 0.12446519 -0.117471211
vn -0.913016081 -0.350853741 -0.208094493
vn -0.127592206 -0.816464305 -0.563121974
vn 0.0326474532 -0.5279181 -0.848667562
vn -0.876508772 -0.467895478 -0.113164619
vn 0.0826941431 -0.171507388 -0.981706083
vn -0.838318348 -0.541344821 -0.064561151
vn -0.819109857 -0.550139606 -0.162497699
vn -0.784982443 -0.558393776 -0.268326163
vn 0.807614744 -0.579803705 -0.107638732
vn 0.709732056 -0.695001721 0.115121543
vn 0.685088575 0.559742391 0.466199577
vn 0.898886919 0.144830823 -0.413553208
vn -0.140185684 0.227742136 -0.963577509
vn -0.640793979 -0.765631318 -0.0564949661
vn -0.279582888 0.299243838 -0.912297487
vn 0.891627789 -0.34758532 -0.290145308
vn 0.732375562 0.573628306 0.366846859
vn 0.784601212 0.400301039 -0.473455489
vn 0.496832669 0.635166883 -0.591371715
vn 0.355896682 0.838516831 -0.412585855
vn 0.678787827 0.55571574 0.480028272
vn 0.627588034 0.421304882 0.654702663
vn 0.713345587 0.608344257 0.347930074
vn -0.236500382 0.787659228 0.568911612
vn -0.183700725 0.906032681 0.381259263
vn -0.245060384 -0.508394063 0.825518608
vn -0.0816908777 -0.648533463 0.756789982
vn -0.488365382 0.252382368 0.835345685
vn -0.363399237 -0.156875685 0.91833055
vn -0.784982443 -0.558393776 -0.268326163
vn -0.640793979 -0.765631318 -0.0564949661
vn -0.819109857 -0.550139606 -0.162497699
vn -0.838318348 -0.541344821 -0.064561151
vn -0.876508772 -0.467895478 -0.113164619
vn -0.913016081 -0.350853741 -0.208094493
vn -0.985245645 0.12446519 -0.117471211
vn -0.942079365 0.169681162 -0.289300263
vn -0.80542624 0.185677007 -0.562861025
vn 0.0895823464 0.89831239 -0.43012771
vn -0.803375185 0.0208822042 -0.595106959
vn 0.383238375 0.83634156 -0.391996264
vn -0.488351434 -0.0796607658 -0.869003475
vn 0.891101182 0.38273409 0.243830442
vn -0.227467433 -0.185312331 -0.955990553
vn 0.714703798 0.542651355 -0.441280007
vn -0.345175922 -0.597921014 -0.72342521
vn -0.224909782 -0.802359521 -0.552842438
vn 0.178687811 -0.697727025 -0.693720222
vn 0.685191691 0.272592336 -0.675430119
vn 0.828023076 0.430336177 0.359428108
vn 0.325555921 -0.805994928 0.494353652
vn 0.53986752 0.672521055 0.506219745
vn 0.529066801 0.812446117 0.244988889
vn 0.271424115 0.934044957 0.232140049
vn -0.548240721 0.0161235891 0.836165071
vn -0.680855691 -0.291807324 0.671776712
vn -0.719959915 -0.586748302 0.370653749
vn -0.300331235 -0.153989911 0.941322625
vn 0.343056738 -0.620740831 0.704977155
vn -0.441154838 -0.862159729 0.249124646
vn -0.557423949 -0.829198658 0.0413294062
vn -0.80542624 0.185677007 -0.562861025
vn -0.803375185 0.0208822042 -0.595106959
vn -0.488351434 -0.0796607658 -0.869003475
vn -0.227467433 -0.185312331 -0.955990553
vn -0.345175922 -0.597921014 -0.72342521
vn -0.224909782 -0.802359521 -0.552842438
vn -0.393660933 -0.793655932 0.463833332
vn 0.178687811 -0.697727025 -0.693720222
vn 0.81345576 0.180614635 -0.552872539
vn 0.798959732 0.176174283 -0.575000942
vn 0.93152523 -0.0405050926 -0.361414015
vn 0.975279272 -0.205906302 0.0802055523
vn 0.998520553 -0.0540635064 -0.00581637071
vn 0.833297431 0.301144183 -0.463602841
vn 0.955518723 0.154982299 0.25092715
vn 0.865784645 -0.425477862 0.263411224
vn 0.760266423 0.485198349 -0.431946158
vn 0.849753857 -0.429044902 0.306331247
vn 0.624301255 0.661054194 -0.41623947
vn 0.814764917 -0.42423448 0.395200104
vn 0.478148073 0.77272439 -0.417458326
vn 0.831879497 -0.397906899 0.386841744
vn 0.309465349 0.850672543 -0.424955755
vn 0.824114203 -0.423096478 0.376596838
vn 0.309705406 0.893140018 -0.326164573
vn 0.731952369 -0.601367056 0.320317686
vn 0.523914218 -0.772214472 0.359442383
vn 0.863451004 0.474688143 -0.170656189
vn 0.655009329 -0.728474677 0.200717196
vn 0.845302522 -0.497400433 0.195080385
vn 0.943060398 0.30906558 -0.122945257
vn 0.834347904 0.135248661 0.5343889
vn 0.328551471 -0.796775818 0.507151127
vn 0.3274481 -0.719779193 0.612123966
vn 0.665352821 -0.617300332 0.419816643
vn 0.656228483 -0.344437301 0.671362102
vn 0.413363129 -0.679922163 0.605670452
vn 0.517950237 -0.508430421 0.687914252
vn 0.793038845 -0.448298663 0.412453324
vn 0.848151028 -0.0172259547 0.529474378
vn 0.893574178 0.139808685 0.426589787
vn 0.876800835 0.236350834 0.418758392
vn 0.897570908 -0.00552101247 0.440835506
vn 0.774436176 0.207286596 0.597729862
vn 0.519062757 -0.243783593 0.819233537
vn 0.875150919 -0.244895309 0.417297214
vn 0.814132035 -0.502580106 0.290864795
vn 0.277316779 -0.620844722 0.7332443
vn -0.346644551 0.125508726 0.929561853
vn 0.665826499 -0.604992151 0.436645925
vn 0.43921566 -0.697729826 0.565917671
vn 0.628872216 -0.736929297 0.247901037
vn -0.818187177 0.0552275404 0.572293282
vn -0.581288755 0.660684407 0.474973172
vn 0.488391787 -0.798498154 0.351957589
vn 0.317710727 -0.774376035 0.547176123
vn -0.894237339 0.12669462 0.429287821
vn 0.492795914 -0.636112988 0.593727469
vn -0.800581932 0.179254025 0.571783721
vn -0.621136963 0.767291486 -0.159539163
vn -0.318349928 0.930011272 -0.183663756
vn -0.368644595 0.859162748 -0.354881167
vn -0.735255837 0.439307719 0.516146898
vn 0.943060398 0.30906558 -0.122945257
vn 0.863451004 0.474688143 -0.170656189
vn 0.309705406 0.893140018 -0.326164573
vn -0.779670775 0.625576794 -0.0276988428
vn -0.171736196 0.89958936 -0.401554048
vn 0.309465349 0.850672543 -0.424955755
vn 0.182806864 0.836056471 -0.517292082
vn 0.478148073 0.77272439 -0.417458326
vn 0.624301255 0.661054194 -0.41623947
vn 0.760266423 0.485198349 -0.431946158
vn 0.833297431 0.301144183 -0.463602841
vn -0.079022333 0.876051366 -0.475698948
vn -0.464123189 0.848801255 -0.253231078
vn 0.81345576 0.180614635 -0.552872539
vn -0.616700709 0.786374867 -0.0359846018
vn -0.543536246 0.835555494 0.080094777
vn -0.451302469 0.875771224 -0.171321005
vn -0.146013752 0.988145947 0.0474098735
vn -0.0748129264 0.991313517 -0.108169712
vn -0.0881290436 0.950306177 -0.298582524
vn -0.122813597 0.888256848 -0.442624629
vn 0.0384641029 0.784846067 -0.618496001
vn 0.350447088 0.59685564 -0.721768677
vn 0.459806114 0.524323761 -0.716702759
vn 0.798959732 0.176174283 -0.575000942
vn -0.795649827 -0.261527061 0.54639262
vn 0.693196058 -0.0587034188 0.718354523
vn -0.901653945 -0.20858258 0.378831595
vn -0.192275465 0.262641549 0.945541978
vn 0.113212347 0.282562137 0.952544808
vn -0.919544399 -0.21872291 0.326493979
vn -0.853869081 -0.40911451 0.321765214
vn -0.374758899 -0.911255717 -0.170788705
vn 0.487942934 0.376470506 0.787516117
vn 0.590476751 0.43958804 0.676830471
vn 0.666244924 0.0558920875 0.743635595
vn 0.831958234 0.15494138 0.53276521
vn 0.185626343 -0.832660913 -0.521745741
vn 0.94070828 -0.309580863 0.138663337
vn 0.679061115 0.463981301 0.56885612
vn 0.810851157 0.266813546 0.520894408
vn 0.957588911 0.0659014657 0.280500501
vn 0.622443497 0.281921327 0.730126441
vn 0.667958677 0.0924711078 0.738430858
vn 0.800834477 -0.593866825 0.0773723349
vn 0.710694075 -0.00609609345 0.70347476
vn 0.852262974 -0.523023963 0.00968790334
vn 0.850202918 -0.128239587 0.510597348
vn 0.862576544 -0.500772357 -0.0720322505
vn -0.22689499 -0.689206123 0.688123286
vn -0.425968528 0.311537266 0.849408865
vn -0.986819267 -0.161320105 -0.0127875181
vn -0.991969526 0.125909612 -0.0119694956
vn -0.956809461 -0.0961188748 -0.274365962
vn -0.20589903 0.386555195 0.898988664
vn -0.868422031 0.367021173 0.333374441
vn -0.992917061 -0.0551740415 -0.105221219
vn -0.845054805 0.479794502 0.235965386
vn -0.995484352 -0.0366165712 -0.0875792429
vn -0.912181914 0.360741407 -0.194396332
vn -0.241929457 0.51821214 0.820320904
vn -0.242943928 0.618913233 0.746943474
vn -0.0530322902 0.765654743 0.641061902
vn -0.735859215 0.675569475 -0.0460128039
vn 0.432133079 0.637140989 0.638210297
vn 0.0218312386 0.901473165 0.432284236
vn 0.391967893 0.574601769 0.718466401
vn -0.893209875 -0.0144428751 0.449408054
vn -0.957732141 0.192926615 0.213374063
vn 0.103831671 -0.951369047 0.290027261
vn 0.157563165 -0.927266777 0.339632422
vn 0.320430547 0.817169666 0.479122043
vn 0.433747023 -0.542274773 0.719584286
vn -0.0961292386 -0.848665416 0.520121276
vn 0.521272957 0.70012641 0.487952352
vn 0.266059697 -0.158299237 0.950869977
vn -0.274435997 -0.790423691 0.547645211
vn -0.606302083 -0.709019721 0.360123217
vn -0.64581728 0.720131397 0.253635556
vn 0.386724114 0.673665583 0.629776955
vn 0.716127455 0.00523428712 0.697949946
vn 0.408207595 0.431998938 0.804203629
vn 0.666878939 0.340979129 0.662575126
vn 0.248291731 0.957388341 0.147508219
vn 0.314738125 0.935742617 0.159139842
vn 0.46048522 0.60475558 0.649787605
vn -0.08834555 0.948914349 -0.302913606
vn 0.31073314 0.463266134 0.829957485
vn -0.961564958 -0.25453791 -0.102971949
vn -0.606302083 -0.709019721 0.360123217
vn -0.883665264 -0.468095958 0.00468071364
vn -0.477968276 -0.862810194 0.164636075
vn -0.274435997 -0.790423691 0.547645211
vn -0.0961292386 -0.848665416 0.520121276
vn 0.157563165 -0.927266777 0.339632422
vn -0.738183618 0.402987629 -0.541004479
vn -0.370108932 -0.917742193 0.1441136
vn 0.103831671 -0.951369047 0.290027261
vn -0.205012053 0.914202809 -0.349575967
vn -0.881576002 -0.308443159 -0.357332617
vn -0.994574904 -0.0834837407 0.0620582514
vn -0.957732141 0.192926615 0.213374063
vn -0.782140672 -0.607794166 -0.137267366
vn -0.912205398 -0.395425707 -0.107330613
vn -0.945444226 -0.297223002 -0.133392826
vn -0.882900596 -0.438966542 -0.1667182
vn -0.705439568 -0.66860348 -0.235211655
vn -0.663592041 0.580639064 -0.471703053
vn -0.375419617 0.895065069 -0.240662724
vn -0.817260027 0.495623767 -0.29401201
vn -0.356590509 0.928194284 -0.106295072
vn -0.774342239 -0.522175789 0.357388467
vn -0.608862102 -0.778588712 0.151942685
vn -0.654247165 -0.314039141 0.687997162
vn -0.507305384 -0.344347596 0.789978445
vn -0.669476867 -0.433665037 0.603104711
vn -0.377545029 -0.66640985 0.642928958
vn -0.792927563 0.591649055 -0.145661801
vn -0.746117294 0.584107041 0.319574744
vn -0.00380870444 0.981173456 0.193091288
vn -0.493162751 0.869191289 -0.0360125042
vn -0.598119318 0.692090869 0.404058784
vn -0.34878993 0.936579347 0.0341279134
vn -0.584133446 0.77633661 0.236832783
vn -0.0463732369 0.953359365 0.298254251
vn -0.510015011 0.84911108 0.137458816
vn -0.151088774 0.979040384 0.136572763
vn -0.229079515 0.968590975 0.0967160389
vn 0.470843107 0.864384413 -0.176483229
vn 0.594765902 0.801136196 -0.0665903911
vn 0.973846316 0.226688415 0.0153527996
vn 0.741187334 0.646172881 0.181939155
vn 0.596956491 0.563753128 0.570811212
vn 0.972353995 -0.00701420754 0.233406112
vn 0.899350941 -0.4368186 -0.0189039055
vn 0.90447706 -0.422947556 0.0551048964
vn 0.949746132 -0.312939405 0.00716120983
vn 0.811096013 -0.580344677 -0.0729603469
vn 0.85902524 -0.507802427 0.064902775
vn 0.844969749 -0.493694454 0.205649734
vn 0.825582325 -0.47451511 0.30536738
vn 0.853788257 -0.438497186 0.280652285
vn 0.71993494 -0.413802654 0.55719018
vn 0.965329945 -0.260378629 -0.0184666384
vn 0.919709921 -0.162479192 0.357399017
vn 0.789090216 -0.273767024 0.549898326
vn 0.866864502 0.459840208 -0.192595229
vn 0.988026261 -0.0210337974 -0.152844787
vn 0.913083732 0.322785139 0.24917452
vn 0.855429947 0.402001888 -0.326548845
vn 0.654031038 0.612738013 -0.44361636
vn 0.955505252 -0.0781632066 0.284429669
vn 0.724101186 0.689605355 0.0110405078
vn 0.94699043 0.101101018 0.304939061
vn 0.903437436 0.0101245623 0.428600401
vn 0.461442083 0.757654905 -0.461552083
vn 0.875955582 0.459322333 -0.147393793
vn 0.824950218 0.235707864 0.513710916
vn 0.781963766 0.0328872204 0.622455657
vn 0.377782553 0.913400471 -0.151590779
vn 0.941665351 -0.274605244 0.194572434
vn 0.738433659 -0.554510176 0.38371101
vn 0.814688027 -0.506311536 -0.282722473
vn 0.712245703 -0.699063599 -0.0633730441
vn 0.973965049 -0.146477029 0.173021808
vn 0.960650563 0.274176478 -0.0444722064
vn 0.794777274 0.518341243 0.315676153
vn 0.814434707 0.553867877 0.172993213
vn 0.835415781 0.0230452158 -0.549135089
vn 0.634761393 0.683226466 -0.360942602
vn 0.530523241 0.797749221 -0.286603004
vn 0.511822164 0.859060466 -0.00728590693
vn 0.505969703 0.859457552 0.0729891509
vn 0.513064206 0.463163167 -0.722665191
vn 0.198904961 0.797698617 -0.56930989
vn 0.973630428 0.20613879 -0.0977268964
vn 0.0978340581 0.987666368 -0.12224403
vn 0.0201867707 0.968506515 -0.248168498
vn 0.147502214 0.896936655 -0.416830599
vn 0.0987248421 0.982538581 -0.157706082
vn 0.0267897174 0.934243202 -0.355628997
vn 0.165430158 0.555841208 -0.814661503
vn -0.0677183419 0.654006481 -0.753451884
vn -0.114120729 0.715126455 -0.689616203
vn -0.233802617 0.937362194 -0.258241028
vn -0.273321658 0.911994934 -0.305876404
vn -0.270458251 0.904460907 -0.329852879
vn 0.581230879 0.698157966 -0.418026417
vn 0.62770009 0.774403811 -0.0793180019
vn 0.166257903 0.816484571 -0.552911699
vn -0.219202563 0.571439147 -0.790827155
vn -0.352395087 0.91360265 -0.202849403
vn -0.506155074 0.860012472 -0.0646958202
vn -0.47720778 0.795289755 -0.373880953
vn 0.907752514 0.41785869 0.0371432677
vn -0.559407294 0.75000912 -0.352916241
vn -0.186991885 0.665326953 -0.722754538
vn -0.41291827 0.664789915 -0.622537434
vn 0.103284098 0.727140427 -0.678674698
vn -0.242537543 0.668922722 -0.702650726
vn 0.33568874 0.731914878 -0.592970252
vn -0.0795110911 0.781836271 -0.618393123
vn 0.35060823 0.832229197 -0.429497957
vn 0.0914159566 0.860010803 -0.502020478
vn 0.220678151 0.90894872 -0.353713512
vn -0.320091695 0.94632405 -0.0448563844
vn -0.431208879 0.899701416 -0.0677961186
vn -0.548576474 0.83256793 0.0767763034
vn -0.470977008 0.881688535 0.0283896793
vn -0.487594217 0.868435562 -0.0898416862
vn -0.526931703 0.72260052 0.447427571
vn -0.472076476 0.881439447 0.0144353155
vn -0.421075493 -0.24089241 0.874451935
vn -0.576022267 0.807346463 -0.128024176
vn -0.657617807 0.430592328 0.61816591
vn -0.559325457 0.828798056 -0.0157787129
vn -0.785698831 0.618029773 0.0267672483
vn -0.54957372 0.834464252 0.040474996
vn -0.707031786 0.705571055 -0.0477022789
vn -0.832327366 0.524196804 0.180135563
vn -0.13280423 -0.657472193 0.741682708
vn -0.62471509 0.28272441 0.727872252
vn -0.386566222 0.513468981 -0.76610446
vn -0.336577058 0.825592697 -0.452893496
vn -0.499826252 0.601960838 -0.622749448
vn -0.642585933 0.41133526 -0.64644146
vn -0.701967955 0.710402846 0.050682921
vn -0.620383322 0.422867119 -0.66053617
vn 0.101508237 -0.441552311 -0.891475022
vn 0.441370666 -0.745978236 -0.498706639
vn -0.591121554 0.745923519 -0.306876749
vn -0.642994463 0.69383806 -0.324263632
vn -0.730254829 0.577289581 -0.365328193
vn -0.689493179 0.65236944 -0.314663768
vn -0.885528684 0.445732892 -0.131000221
vn -0.651854515 0.733557403 -0.192299679
vn -0.497267812 0.591444552 -0.634758353
vn -0.900657833 0.389707804 0.192206219
vn -0.762613893 0.196146175 0.616398215
vn -0.81966114 0.549205542 -0.162877262
vn -0.961836636 0.210073307 0.175326958
vn -0.977422595 0.19028677 0.0918483809
vn -0.710194468 0.568757296 -0.414896548
vn -0.354173988 0.711781025 -0.606571138
vn -0.943038881 0.332570285 -0.00864641182
vn -0.576166093 0.606445193 -0.547957003
vn -0.968460798 0.0409445092 0.245778874
vn -0.744663894 -0.0818013176 0.662407935
vn -0.967007339 0.0653616115 0.246220484
vn -0.870798647 0.36318019 -0.331375748
vn -0.866557062 0.38902694 -0.312628895
vn -0.682524204 0.616855741 -0.391981781
vn -0.556811631 0.829508603 0.0433161035
vn -0.980591357 0.125763223 0.15041323
vn -0.916686654 -0.085946098 0.390254885
vn -0.845206618 -0.271270663 0.460475922
vn -0.708908319 -0.375991404 0.596723855
vn -0.367778301 0.925822377 -0.0871329531
vn -0.954761088 -0.143730283 0.260332435
vn -0.917269766 0.229100198 -0.325774819
vn -0.965102673 0.221534163 -0.139640272
vn -0.947538555 0.111858621 -0.299429953
vn -0.848230839 0.470603704 -0.24297443
vn -0.709898353 0.703318 0.0372578539
vn -0.13482058 0.976809561 -0.166332319
vn -0.348913491 0.935887933 0.0487133004
vn -0.513913512 0.851310015 0.105660833
vn 0.150480583 0.936261892 -0.31744194
vn 0.170897737 0.980379105 -0.0982377231
vn -0.957324445 0.243348226 -0.155921832
vn -0.870458186 0.49187392 -0.0190404318
vn -0.9951213 0.0832323954 -0.0529710054
vn -0.733357072 0.679825366 0.00499131111
vn -0.965493381 0.256934226 -0.0425143763
vn -0.884582639 0.464413613 -0.0428191982
vn 0.168978289 0.983482599 -0.0648725331
vn 0.61828196 0.763795972 -0.185318768
vn 0.942510545 0.3256329 -0.0750797763
vn -0.0837094709 0.995954633 -0.0326679349
vn 0.590771377 0.806600273 -0.0196275618
vn -0.991315484 0.129348084 0.0237213317
vn -0.919309676 0.296801448 -0.258415669
vn -0.998799801 -0.0472207591 0.0130062355
vn -0.941116691 -0.0491256602 -0.334493458
vn -0.838894427 -0.435312241 0.326740593
vn -0.930921495 -0.220525548 0.291124701
vn -0.983485401 0.0625310317 0.169842541
vn -0.998313785 -0.0410212465 0.0410696194
vn -0.946850538 0.136619821 -0.291220099
vn -0.90940094 -0.295231164 -0.292964965
vn -0.900187016 -0.0707262158 0.42972222
vn -0.829472482 -0.265985698 0.49114868
vn -0.709918201 -0.337278098 -0.61827147
vn -0.658545732 -0.244496271 -0.711715579
vn 0.0298310984 -0.192503676 -0.980842769
vn -0.481444716 -0.122898065 -0.867817461
vn -0.849275708 -0.50638622 0.149344116
vn -0.929944277 -0.0113539379 -0.36752516
vn -0.520828724 0.0425858647 -0.85259831
vn -0.719400346 -0.651040435 0.24209401
vn -0.532310188 0.221929699 -0.816941261
vn -0.405598372 -0.495580971 0.768042684
vn -0.70461905 0.436062783 -0.559786916
vn -0.632805943 0.610437453 -0.476364017
vn -0.502001822 0.429872394 -0.750469029
vn -0.445108384 0.73039192 -0.5180794
vn -0.281328946 0.165878147 -0.945165873
vn -0.337750226 0.597292602 -0.727438211
vn -0.296008945 0.771965802 -0.562536716
vn -0.207868993 0.371453524 -0.904882789
vn -0.1330688 0.395506471 -0.908772469
vn -0.237809867 0.612718225 -0.753672838
vn -0.0895052925 0.839506149 -0.535927415
vn -0.100539148 0.579761982 -0.808559239
vn 0.136474714 0.887008309 -0.441124529
vn 0.0257549863 0.64972496 -0.759733021
vn 0.512551129 0.787448823 -0.342367798
vn -0.0354814194 0.364388406 -0.9305709
vn 0.304551005 0.588430047 -0.748998523
vn 0.867354512 0.44758907 -0.217623726
vn 0.573400378 0.341801137 -0.744569659
vn 0.848826945 0.399244577 0.346549571
vn 0.993050933 -0.0364639126 -0.111893572
vn 0.895593584 -0.034531977 0.443530798
vn 0.128207743 0.30538404 -0.943558872
vn 0.998995483 -0.000471664156 0.044808697
vn 0.978651464 0.151948303 0.138394088
vn 0.969436288 -0.228752196 -0.0886881575
vn 0.997729957 -0.0663264617 0.0116574643
vn 0.826695859 0.240857109 0.508489728
vn 0.986518919 -0.160801008 -0.0303870495
vn 0.851529241 -0.282311738 0.441812128
vn 0.94849956 -0.316138148 0.0201275107
vn 0.687496603 -0.517434895 -0.509518921
vn 0.674242198 -0.0426562764 -0.737277269
vn 0.470637083 -0.33446458 -0.816476762
vn 0.329250991 -0.399035931 -0.855782688
vn 0.322863638 -0.248555794 -0.913224578
vn 0.244403496 -0.116890684 -0.962602496
vn 0.306923926 0.155102104 -0.93901068
vn 0.317372084 -0.200700581 -0.926819384
vn 0.0606810711 0.153785363 -0.986239254
vn -0.0490404032 0.235499352 -0.970636427
vn -0.0893971026 0.225129053 -0.970219076
vn -0.0731239989 0.194953009 -0.978083014
vn -0.0633250624 0.0188585166 -0.997814775
vn -0.0783119276 0.0310468208 -0.996445358
vn -0.10431765 0.036604248 -0.993870258
vn -0.146581918 0.00604766281 -0.989180088
vn -0.0814393759 -0.0714710206 -0.994112432
vn -0.0498104505 -0.0861280337 -0.995038092
vn 0.119230285 -0.193586126 -0.973811388
vn 0.0948036313 -0.118258663 -0.988446832
vn 0.542524934 -0.215420693 -0.811948597
vn 0.841893375 -0.217402697 -0.493914634
vn 0.90797925 -0.0982677415 -0.407329112
vn 0.884935141 -0.134849817 -0.445763737
vn 0.196930528 -0.360810816 -0.911610603
vn 0.622761309 -0.429934591 -0.65370065
vn 0.596382856 -0.630469203 -0.496826082
vn 0.00172119518 -0.994869709 -0.101149715
vn -0.618861139 -0.367749184 0.694097459
vn 0.621081471 -0.670135796 0.406418204
vn 0.0629643574 -0.4954997 0.866322994
vn 0.0689395219 -0.569774687 0.818904161
vn 0.203106567 -0.951874018 0.229528859
vn -0.29050386 -0.763832331 -0.5763399
vn 0.4761329 -0.835967243 0.272866696
vn 0.0709894747 -0.730837464 0.678849816
vn 0.167636797 -0.740007341 0.651373208
vn -0.404787481 -0.637910306 0.655146897
vn -0.44555077 -0.564648747 0.694734752
vn -0.323227525 -0.748578846 0.578924656
vn -0.569044769 -0.219528094 -0.792461693
vn 0.930333078 -0.289264083 -0.225403234
vn 0.688776612 -0.449965179 0.568434894
vn 0.324916422 -0.548143089 0.770693481
vn 0.268642604 -0.482649446 0.833595037
vn -0.442394704 -0.425336361 0.789541543
vn 0.108829513 -0.475051969 0.873202026
vn 0.866996646 -0.326777756 0.376208872
vn 0.324916422 -0.548143089 0.770693481
vn 0.688776612 -0.449965179 0.568434894
vn 0.930333078 -0.289264083 -0.225403234
vn -0.346190542 -0.303299934 0.887784481
vn 0.342180997 -0.539676666 0.769195199
vn -0.226016551 -0.463441312 0.856818855
vn -0.608477712 0.0208875947 0.793296039
vn -0.45852074 -0.132063359 0.878816247
vn -0.601209641 0.229729384 0.765357077
vn -0.527567148 0.173033759 0.831704378
vn -0.510750234 0.297097027 0.80676353
vn -0.513147354 0.244239092 0.822816551
vn -0.404407859 -0.139786974 0.903832912
vn 0.1751156 -0.871363282 0.458323658
vn 0.563806951 -0.770590544 0.297173321
vn 0.607094049 -0.667709351 0.430814415
vn 0.619574606 -0.667010307 0.413792878
vn 0.51388979 -0.561740816 0.648355305
vn 0.481312543 -0.79735446 0.364093721
vn 0.23819758 -0.712377965 -0.660136044
vn -0.837676048 0.110686503 0.534833789
vn -0.563787818 0.214157611 -0.797671437
vn -0.855890632 0.462982208 -0.230431646
vn -0.730334282 0.581185102 0.358936906
vn -0.635917723 0.291081786 -0.714758754
vn -0.218514249 0.0861269832 0.972025454
vn 0.481312543 -0.79735446 0.364093721
vn 0.51388979 -0.561740816 0.648355305
vn -0.768887103 0.627079248 0.124836929
vn -0.141284525 0.017978264 0.989805758
vn 0.34535104 -0.337072909 0.875850677
vn 0.619574606 -0.667010307 0.413792878
vn 0.607094049 -0.667709351 0.430814415
vn 0.563806951 -0.770590544 0.297173321
vn 0.130346611 -0.608146071 0.783050537
vn 0.1751156 -0.871363282 0.458323658
vn 0.856728554 -0.10038498 -0.505904257
vn 0.942411125 -0.00145219394 -0.334453523
vn 0.339881331 -0.502886117 -0.794724047
vn 0.319990307 -0.0103151733 -0.947364628
vn 0.154453546 -0.108994469 -0.981969595
vn -0.784744084 -0.0787130445 -0.614801586
vn -0.863480151 -0.0998707712 -0.494396418
vn 0.0714508742 0.520840764 -0.850658417
vn 0.173694089 0.424839497 -0.888449073
vn 0.828373909 -0.0390734486 -0.558811247
vn 0.85970372 0.0464533903 -0.508676291
vn -0.928474784 -0.157465935 0.336361587
vn 0.0658387542 -0.997828305 0.00196284917
vn 0.0523935407 -0.990831077 -0.124533542
vn -0.859750748 -0.0308947321 0.509778559
vn -0.224061221 0.972499073 -0.0635781214
vn -0.556622803 0.788998008 -0.260102034
vn 0.0982923955 -0.0757430941 0.992270947
vn 0.110185534 -0.773490012 0.62415731
vn 0.0658387542 -0.997828305 0.00196284917
vn 0.339881331 -0.502886117 -0.794724047
vn 0.0523935407 -0.990831077 -0.124533542
vn 0.955548108 -0.100067526 0.277333975
vn 0.976530194 -0.115922458 0.181523919
vn 0.856728554 -0.10038498 -0.505904257
vn 0.154453546 -0.108994469 -0.981969595
vn -0.784744084 -0.0787130445 -0.614801586
vn 0.955548108 -0.100067526 0.277333975
vn 0.965843856 -0.00757273426 0.259013951
vn 0.976530194 -0.115922458 0.181523919
vn 0.942411125 -0.00145219394 -0.334453523
vn 0.856728554 -0.10038498 -0.505904257
vn 0.319990307 -0.0103151733 -0.947364628
vn 0.828373909 -0.0390734486 -0.558811247
vn 0.85970372 0.0464533903 -0.508676291
vn 0.936745346 0.340533316 0.0809016377
vn 0.541918159 0.824166417 0.164543226
vn 0.148287788 0.0353958681 0.988310695
vn 0.541918159 0.824166417 0.164543226
vn -0.224061221 0.972499073 -0.0635781214
vn 0.0714508742 0.520840764 -0.850658417
vn -0.556622803 0.788998008 -0.260102034
vn -0.863480151 -0.0998707712 -0.494396418
vn 0.173694089 0.424839497 -0.888449073
vn 0.936745346 0.340533316 0.0809016377
vn 0.85970372 0.0464533903 -0.508676291
vn 0.316806048 -0.83178854 0.455808908
vn 0.404536724 -0.912711561 0.0575110354
vn -0 -0.952742815 0.303778052
vn 0.369157434 -0.928852081 0.0309280977
vn 0.143946931 -0.989562213 -0.0067776069
vn -0 -0.999999881 0.000475563051
vn 0.367287546 -0.913323343 -0.175898492
vn 0.321676224 -0.846793115 -0.423634082
vn 0.231899515 -0.784622729 -0.574969351
vn 0.133358434 -0.772844791 -0.620424449
vn -2.35472658E-06 -0.74012351 -0.672470987
vn -0.133392721 -0.772851884 -0.620408058
vn -0 -0.999999881 0.000475563051
vn -2.35472658E-06 -0.74012351 -0.672470987
vn -0.231918097 -0.784582913 -0.57501632
vn -0.321714401 -0.846752644 -0.423686117
vn -0.367344081 -0.913295567 -0.17592448
vn -0.143963441 -0.98955977 -0.00677831005
vn -0 -0.952742815 0.303778052
vn -0.369216353 -0.928828537 0.0309324134
vn -0.404607475 -0.912679613 0.0575213581
vn -0.316864371 -0.831768394 0.455805153
vn 0.316806048 -0.83178854 0.455808908
vn -0 -0.952742815 0.303778052
vn 0.559125602 0.0661719069 0.82643801
vn -4.95602137E-07 0.144724414 0.989471972
vn -0 1 4.53828352E-06
vn -1.8387135E-06 1 -5.44648537E-06
vn 0.967538357 0.205357596 0.147301853
vn -0 1 -3.81388077E-07
vn 0.404536724 -0.912711561 0.0575110354
vn 0.316806048 -0.83178854 0.455808908
vn 0.369157434 -0.928852081 0.0309280977
vn 0.979384243 0.182315677 0.0869911462
vn -0 1 -7.05149603E-07
vn 0.980587244 0.185256153 -0.064255096
vn 0.143946931 -0.989562213 -0.0067776069
vn -3.27728259E-07 1 -1.13390797E-06
vn 0.367287546 -0.913323343 -0.175898492
vn 0.87735492 0.209929883 -0.431483209
vn -2.74613598E-07 1 -5.62125535E-07
vn 0.321676224 -0.846793115 -0.423634082
vn 0.622341514 0.158511519 -0.76652801
vn -2.28026025E-07 1 0
vn 0.231899515 -0.784622729 -0.574969351
vn 0.38682729 0.124171615 -0.913753808
vn -3.72170035E-07 1 1.15568002E-06
vn 0.133358434 -0.772844791 -0.620424449
vn 0.1997789 0.140048087 -0.969780922
vn -2.35472658E-06 -0.74012351 -0.672470987
vn 2.49238326E-07 1 -1.37299435E-06
vn -2.5342203E-07 0.14622131 -0.989251912
vn -0 1 -2.08170991E-06
vn -1.0759846E-07 1 -1.78513574E-06
vn 0.386108011 -0.589343905 -0.709643841
vn 0.348778546 0.300506115 0.887721539
vn 0.34160471 -0.528442264 -0.777209699
vn 0.569090009 0.113113455 0.814458013
vn -0.269533664 0.462021321 0.844918847
vn 0.344416022 -0.353876978 -0.86956811
vn -0.349574715 0.373756766 0.859129488
vn -0.692380607 -0.34599039 -0.633166492
vn 0.54164058 0.0210735779 0.840346038
vn -0.456291884 -0.412088186 -0.788657665
vn 0.386108011 -0.589343905 -0.709643841
vn 0.34160471 -0.528442264 -0.777209699
vn 0.54793793 -0.103161663 0.830133617
vn 0.35818395 -0.245312274 -0.900847495
vn 0.305716008 -0.141245723 -0.941587746
vn -0.373133719 0.138300031 0.917411685
vn -0.471482843 -0.270590603 -0.839335859
vn 0.344416022 -0.353876978 -0.86956811
vn 0.35818395 -0.245312274 -0.900847495
vn 0.519587278 -0.287241399 0.804687083
vn 0.441613168 -0.143566936 -0.885644615
vn 0.531486154 -0.325736731 0.781932235
vn -0.355940074 -0.024169147 0.934196174
vn -0.351369828 -0.221445397 0.90967083
vn -0.341866285 -0.26216346 0.902439833
vn -0.498034239 -0.202459976 -0.843191504
vn -0.526159525 -0.148591384 -0.837303221
vn -0.590232849 -0.111750983 -0.799460351
vn 0.305716008 -0.141245723 -0.941587746
vn 0.441613168 -0.143566936 -0.885644615
vn -0.665233135 0.70228225 0.253504246
vn -0.706518352 0.535956502 -0.462149829
vn -0.498583704 0.858892381 -0.117123857
vn -0.940068662 -0.340984911 -1.50307587E-05
vn -0.446645498 -0.642499089 0.622657776
vn -0.86187607 -0.507118821 -4.51372507E-05
vn -0.454246014 0.238883719 0.858251154
vn -0.250432044 -0.195502445 0.94818908
vn -0.429703265 0.902970135 -8.03091971E-05
vn -0.442091048 0.439801008 0.781748354
vn -0.259293199 0.910861969 0.321088076
vn -0.265633702 0.963655293 0.0284122452
vn -0.186620295 0.575278163 0.796384215
vn -0.0860085785 0.579300821 0.810563445
vn -0.0149348062 0.975317717 0.220300645
vn -0.316264838 0.948670983 -4.48756964E-06
vn -0.46542266 0.827784717 0.313295692
vn -0.787568569 0.616226912 -3.27541202E-05
vn -0.606441557 0.770587742 0.19601813
vn -0.635750055 0.508180141 0.581011891
vn -0.431724459 0.648493409 0.626953185
vn -0.252566218 0.913894653 0.317815721
vn -0.231301621 0.972882152 -1.26106406E-05
vn -1.01347014E-05 0.963416278 0.268009365
vn 1.03333321E-06 0.669474125 0.742835343
vn -0.318189353 0.640757561 0.698702455
vn -0.307795405 0.441949487 0.842580855
vn -0.391641796 0.289886534 0.873259604
vn 1.15272169E-05 0.332914948 0.942956924
vn -0.452082574 0.0266627837 0.891577482
vn 3.62727565E-06 0.135753691 0.990742624
vn -5.81947279E-06 -0.0680484772 0.997681975
vn -0.689567983 0.169865251 0.704018354
vn -0.37263307 0.164405435 0.913299263
vn -0.353083402 -0.066431433 0.93323034
vn 6.69132278E-05 -0.151636675 0.988436341
vn -0.179575562 0.119114973 0.976506174
vn -0.287994176 0.011842058 0.95755893
vn -0.41109556 0.0846756697 0.907651007
vn -0.282368481 -0.0834342167 0.955670834
vn -0.424712509 -0.13577275 0.895089447
vn -0.320115894 -0.139701411 0.937021494
vn -0.368137032 -0.222824022 0.902676344
vn 5.27612938E-05 -0.252402008 0.967622519
vn -0.373633862 -0.227382705 0.899274588
vn -0.518218994 -0.2434237 0.819874406
vn -0.575591743 -0.245312437 0.780074418
vn -0.523032725 -0.233050808 0.819831669
vn -0.531761646 -0.267828315 0.803428531
vn -0.53877151 -0.232725903 0.809669018
vn -0.421369731 -0.202910379 0.883897603
vn -0.422383904 -0.118288741 0.898665488
vn -0.183213845 -0.116848007 0.976104081
vn -0.282600075 -0.0552328601 0.95764637
vn -0.171349645 0.339897305 0.924721062
vn -0.283424318 -0.100950472 0.953666508
vn -0.244173065 -0.344270617 0.90656352
vn -0.406194866 -0.277290851 0.870698333
vn -0.783051372 -0.360075682 0.507125199
vn -0.808471262 -0.302635044 0.504763663
vn -0.889056563 -0.274792165 0.366152585
vn -0.280604988 0.729789436 0.623432517
vn -0.31162256 -0.333422393 0.889786959
vn -0.915691733 -0.401881456 -3.58628517E-06
vn -0.9572649 -0.289212435 -8.11082646E-06
vn -0.720468521 -0.616907954 0.316780299
vn -0.665822208 -0.74611038 2.03775035E-05
vn -0.407013416 -0.739478886 0.536200464
vn -0.30205366 -0.953290999 -2.51123456E-05
vn -0.137010336 -0.145200744 0.979869843
vn 0.133915514 -0.436496407 0.889684021
vn -0.587495148 0.722098589 0.365271091
vn -0.699634552 0.71310997 -0.0445598327
vn 0.0324235298 0.0843207911 0.995911002
vn -0.879383981 0.0696524903 0.470990986
vn -0.93309325 0.327023804 -0.149640873
vn -0.914616048 -0.395699412 -0.0830621868
vn -0.421538919 0.452620417 0.785773277
vn -0.617368639 -0.65084821 0.441873938
vn -0.667358696 -0.577899277 -0.469749808
vn -0.558661699 -0.193038285 0.806618512
vn -0.167048305 0.00181945111 0.985947013
vn -0.331661075 -0.779244542 0.531769633
vn -0.430168211 -0.901123285 0.0541497506
vn 0.0431509316 -0.999068558 1.27998928E-05
vn -0.263694882 -0.37313655 0.889513433
vn 0.211694881 -0.303631485 0.928974271
vn 0.173178494 -0.810334563 0.559791863
vn 0.473486394 -0.865725577 0.162264824
vn 0.561272502 -0.553920448 0.614935279
vn 0.693680286 -0.614578187 -0.375634432
vn 0.799073815 -0.46257624 0.384062916
vn 0.771719992 -0.63584888 -0.0120222662
vn 0.385870665 -0.589949489 0.709269643
vn 0.341599554 -0.528835535 0.776944458
vn 0.349175662 0.299347252 -0.887956917
vn 0.568826258 0.113672309 -0.814564526
vn -0.26986745 0.461782038 -0.844943106
vn 0.34452647 -0.353876233 0.869524598
vn -0.349841595 0.373834074 -0.858987212
vn -0.692057073 -0.346205175 0.633402705
vn 0.541728854 0.0215145927 -0.84027791
vn -0.456096977 -0.412299931 0.788659751
vn 0.385870665 -0.589949489 0.709269643
vn 0.341599554 -0.528835535 0.776944458
vn 0.548004091 -0.103319593 -0.830070257
vn 0.357982457 -0.244292036 0.901204705
vn 0.305606455 -0.140818745 0.941687226
vn -0.373128146 0.137531281 -0.917529583
vn -0.471692502 -0.269651204 0.839520335
vn 0.34452647 -0.353876233 0.869524598
vn 0.357982457 -0.244292036 0.901204705
vn 0.519530475 -0.287697792 -0.804560781
vn 0.441478729 -0.143553704 0.885713816
vn 0.531139135 -0.326173753 -0.781985879
vn -0.355437905 -0.0240208134 -0.934391201
vn -0.351433724 -0.221198857 -0.909706295
vn -0.341888636 -0.262156606 -0.902433455
vn -0.498197317 -0.201662228 0.843286395
vn -0.526098728 -0.148755386 0.837312341
vn -0.589991748 -0.11172998 0.799641252
vn 0.305606455 -0.140818745 0.941687226
vn 0.441478729 -0.143553704 0.885713816
vn -0.386108667 -0.589343548 -0.709643841
vn -0.341594607 -0.528449059 -0.77720958
vn -0.348775834 0.300508559 0.887721837
vn -0.569091201 0.113116704 0.81445682
vn 0.269536614 0.46203357 0.844911218
vn -0.344409734 -0.353875101 -0.869571388
vn 0.349572748 0.373764038 0.859127104
vn 0.692375183 -0.345973819 -0.633181393
vn -0.541634142 0.0210748706 0.840350091
vn 0.456290275 -0.412086129 -0.788659751
vn -0.386108667 -0.589343548 -0.709643841
vn -0.341594607 -0.528449059 -0.77720958
vn -0.547939479 -0.103172496 0.830131233
vn -0.358182102 -0.245314345 -0.900847554
vn -0.305713832 -0.141246766 -0.941588163
vn 0.373123854 0.138290077 0.917417228
vn 0.471485943 -0.270595163 -0.8393327
vn -0.344409734 -0.353875101 -0.869571388
vn -0.358182102 -0.245314345 -0.900847554
vn -0.519585967 -0.287243068 0.80468744
vn -0.441615313 -0.143564254 -0.885643959
vn -0.531483233 -0.325737149 0.781934023
vn 0.35593611 -0.0241730586 0.934197605
vn 0.35136795 -0.221448898 0.90967077
vn 0.341862679 -0.262168109 0.902439833
vn 0.498025954 -0.202460781 -0.843196094
vn 0.52616173 -0.148598418 -0.837300658
vn 0.590231419 -0.111757979 -0.799460351
vn -0.305713832 -0.141246766 -0.941588163
vn -0.441615313 -0.143564254 -0.885643959
vn 0.940060496 -0.34100762 -6.43549356E-06
vn 0.665242732 0.702270925 0.253510773
vn 0.706535637 0.53594476 -0.462136835
vn 0.446643084 -0.642483115 0.622675955
vn 0.861879349 -0.507113338 -3.27828348E-05
vn 0.454262733 0.238926172 0.858230531
vn 0.250431627 -0.195510745 0.94818747
vn 0.429694712 0.902974248 -7.7407276E-05
vn 0.442093343 0.439802021 0.781746566
vn 0.259285003 0.91085428 0.321116596
vn 0.265629083 0.963656664 0.0284085236
vn 0.18660742 0.575259387 0.796400845
vn 0.0860136449 0.579294026 0.810567796
vn 0.0149285849 0.975316763 0.220304698
vn 0.316249996 0.948675931 -2.857357E-06
vn 0.465426594 0.827785373 0.313288152
vn 0.787566245 0.616230071 -2.83964309E-05
vn 0.606450796 0.770582676 0.196009815
vn 0.635753095 0.508180976 0.581007957
vn 0.431733727 0.648500681 0.626939237
vn 0.252388746 0.913937986 0.317832232
vn 0.231182143 0.972910464 -8.91635136E-06
vn 0.307815045 0.441957682 0.84256947
vn -1.01347014E-05 0.963416278 0.268009365
vn -9.236398E-06 0.963471055 -0.267812461
vn 1.03333321E-06 0.669474125 0.742835343
vn -0.231301621 0.972882152 -1.26106406E-05
vn 0.317991823 0.640791118 0.698761702
vn 0.689564586 0.169863701 0.70402199
vn 0.391420245 0.289894044 0.873356521
vn 0.451799303 0.0266561247 0.891721308
vn 1.15272169E-05 0.332914948 0.942956924
vn 3.62727565E-06 0.135753691 0.990742624
vn -5.81947279E-06 -0.0680484772 0.997681975
vn 0.372635454 0.164406762 0.913297951
vn -0.25241673 0.913879752 -0.317977488
vn 2.53410985E-06 0.669552147 -0.742765129
vn 0.352826983 -0.0664473623 0.933326185
vn 6.69132278E-05 -0.151636675 0.988436341
vn 0.411091387 0.0846717805 0.907653272
vn 0.287995666 0.0118468218 0.957558393
vn 0.179579169 0.119111255 0.976505935
vn -0.606496096 0.770594835 -0.195821628
vn -0.606441557 0.770587742 0.19601813
vn -0.787568569 0.616226912 -3.27541202E-05
vn -0.465482622 0.827671111 -0.313506812
vn -0.316264838 0.948670983 -4.48756964E-06
vn -0.635925531 0.508088946 -0.580899596
vn 0.282177895 -0.0834290832 0.955727518
vn 0.424712241 -0.135773689 0.895089447
vn 0.319862247 -0.139691278 0.937109649
vn 0.367910028 -0.22281827 0.90277034
vn 5.27612938E-05 -0.252402008 0.967622519
vn 0.37330237 -0.22736825 0.89941597
vn 0.518219113 -0.243420437 0.8198753
vn -0.0149290962 0.975284219 -0.220448881
vn -0.0858424008 0.579830647 -0.810202181
vn -0.265633702 0.963655293 0.0284122452
vn 0.57558322 -0.245311782 0.780080855
vn 0.523025274 -0.233047739 0.819837391
vn 0.531762779 -0.267824411 0.803429246
vn 0.538773417 -0.232723325 0.809668422
vn 0.421370536 -0.202909604 0.883897305
vn -0.43203333 0.648297548 -0.626942933
vn -0.307809502 0.441789001 -0.84265995
vn -0.233295202 0.898610175 -0.371581823
vn -0.498583704 0.858892381 -0.117123857
vn -0.665233135 0.70228225 0.253504246
vn -0.706518352 0.535956502 -0.462149829
vn -0.267971814 0.542891562 -0.795901895
vn -0.293298721 -0.137447 -0.94608891
vn -0.463658392 -0.501016676 -0.73075521
vn -0.940068662 -0.340984911 -1.50307587E-05
vn -0.86187607 -0.507118821 -4.51372507E-05
vn -0.454302073 0.238827199 -0.858237326
vn -0.429703265 0.902970135 -8.03091971E-05
vn -0.179252595 0.119420089 -0.976528227
vn -0.37236619 0.164554954 -0.9133811
vn -0.287746668 0.0116905561 -0.957635224
vn -0.411096364 0.0846755058 -0.90765065
vn -0.452379972 0.0266338307 -0.891427457
vn -0.689505994 0.169435158 -0.704182684
vn -0.317819953 0.640463054 -0.699140429
vn -0.391880631 0.28966555 -0.873225927
vn 1.20665209E-05 0.33310613 -0.942889333
vn 2.57501188E-06 0.135753632 -0.990742624
vn -5.34258561E-06 -0.0680604652 -0.997681141
vn -0.353520036 -0.0666005984 -0.933052957
vn 6.35586621E-05 -0.151793063 -0.988412201
vn -0.28170374 -0.0831569359 -0.955891132
vn -0.424474597 -0.135439366 -0.895252764
vn -0.319499016 -0.139662519 -0.937237859
vn -0.367832482 -0.223005131 -0.902755797
vn 4.9157723E-05 -0.252405316 -0.967621624
vn -0.373639971 -0.227380261 -0.89927268
vn -0.517475247 -0.243646637 -0.82027781
vn -0.575440049 -0.245234892 -0.780210674
vn -0.522256255 -0.232963473 -0.820351481
vn -0.532623172 -0.267765164 -0.802878797
vn -0.539405525 -0.232266888 -0.809378684
vn -0.421576679 -0.202759013 -0.883833587
vn -0.421818435 -0.118445545 -0.898910344
vn -0.183367044 -0.116975605 -0.976060092
vn -0.282473862 -0.0551736616 -0.95768708
vn -0.171582699 0.339320183 -0.924889803
vn -0.283407778 -0.101031691 -0.953662694
vn -0.243986815 -0.34488833 -0.906378746
vn -0.406285942 -0.277312607 -0.870648801
vn -0.783211231 -0.359888226 -0.507011533
vn -0.808456063 -0.302632868 -0.504789233
vn -0.888914764 -0.27476269 -0.366518795
vn -0.280434161 0.729955971 -0.623314619
vn -0.311370373 -0.333677977 -0.889779508
vn -0.915691733 -0.401881456 -3.58628517E-06
vn -0.9572649 -0.289212435 -8.11082646E-06
vn -0.720431805 -0.616871655 -0.316934198
vn -0.665822208 -0.74611038 2.03775035E-05
vn -0.406700432 -0.739240766 -0.536766112
vn -0.30205366 -0.953290999 -2.51123456E-05
vn -0.137069196 -0.145425007 -0.979828417
vn 0.188511997 -0.478885263 -0.85739851
vn -0.622172117 0.702029347 -0.346492052
vn -0.699634552 0.71310997 -0.0445598327
vn -0.0169588327 0.0732731074 -0.997167647
vn -0.318752348 0.233847901 -0.918537974
vn -0.656920135 -0.061954014 -0.751410544
vn -0.93309325 0.327023804 -0.149640873
vn -0.914616048 -0.395699412 -0.0830621868
vn -0.667358696 -0.577899277 -0.469749808
vn -0.241183072 -0.297431797 -0.92377758
vn 0.795805037 -0.400090009 -0.45455721
vn 0.771719992 -0.63584888 -0.0120222662
vn 0.693680286 -0.614578187 -0.375634432
vn 0.235282481 -0.282370865 -0.930004716
vn -0.304820448 -0.768513799 -0.562557459
vn -0.430168211 -0.901123285 0.0541497506
vn 0.0431509316 -0.999068558 1.27998928E-05
vn 0.0799286291 -0.831621706 -0.549560666
vn 0.473486394 -0.865725577 0.162264824
vn 0.449952781 -0.642436981 -0.620336354
vn -0.305602372 -0.14081949 0.941688478
vn -0.441481173 -0.14355652 0.885712028
vn 0.589990079 -0.111723103 0.799643457
vn 0.526101232 -0.148755103 0.837310791
vn 0.341885626 -0.262155265 -0.902434886
vn -0.357983798 -0.244289964 0.901204705
vn 0.351433367 -0.221198663 -0.909706473
vn -0.531136394 -0.326172948 -0.781988084
vn 0.498194218 -0.201659411 0.84328872
vn -0.519530356 -0.287700564 -0.804559827
vn -0.441481173 -0.14355652 0.885712028
vn -0.305602372 -0.14081949 0.941688478
vn 0.471698284 -0.269648403 0.839517951
vn -0.344521821 -0.353875428 0.869526863
vn -0.341601431 -0.528835237 0.776943862
vn 0.355439514 -0.0240185596 -0.934390664
vn -0.548003793 -0.103320986 -0.830070257
vn -0.357983798 -0.244289964 0.901204705
vn -0.344521821 -0.353875428 0.869526863
vn 0.456094414 -0.41230309 0.788659692
vn -0.385870516 -0.589949489 0.709269702
vn 0.692058742 -0.346199989 0.633403718
vn 0.373124748 0.137527481 -0.91753149
vn 0.349841058 0.373835653 -0.858986676
vn 0.269870222 0.461782336 -0.844942093
vn -0.541730642 0.021515023 -0.840276778
vn -0.568825305 0.113674968 -0.814564884
vn -0.349174798 0.299344867 -0.88795805
vn -0.341601431 -0.528835237 0.776943862
vn -0.385870516 -0.589949489 0.709269702
vn 0.572609425 -0.708495796 -0.412494898
vn 0.145488828 -0.469181657 -0.871034741
vn 0.0333627164 -0.846511066 -0.531324744
vn 0.0400241651 -0.49107942 -0.870194852
vn 0.307285666 -0.102957197 -0.946031272
vn -0.659408331 -0.530870736 -0.53231281
vn -0.592158496 -0.756859481 -0.27660802
vn -0.674907863 -0.265938133 -0.68831414
vn 0.0275198612 -0.0964231491 -0.99495995
vn 0.492402434 0.229977995 -0.839434326
vn 0.0153328003 0.303590924 -0.952679098
vn -0.676606119 0.0325797163 -0.735624135
vn 0.658607841 0.492613882 -0.568829775
vn 0.00672070263 0.689419389 -0.72433126
vn -0.673951924 0.381535619 -0.632628977
vn 0.764381289 0.62008822 -0.17666848
vn -0.00240923604 0.960142434 -0.279500723
vn -0.618963301 0.710726917 -0.33429274
vn 0.789809346 0.567623079 0.232390136
vn -0.00684752828 0.960985661 0.276513696
vn -0.472997874 0.869376063 0.143032014
vn 0.748307288 0.367452919 0.552281201
vn -0.00477900449 0.690235317 0.723569214
vn -0.2520037 0.745838702 0.616618872
vn 0.670250773 0.0933461711 0.736240625
vn 0.0019413908 0.303679913 0.952772141
vn -0.0475865938 0.423319161 0.904730022
vn 0.578248918 -0.20570834 0.78950125
vn 0.016492663 -0.0785166398 0.996776402
vn -0.526072919 -0.125230089 0.841168642
vn 0.338498563 -0.582283556 0.739164829
vn -0.061396841 -0.47488904 0.877901316
vn 0.220313162 -0.806239724 0.549035192
vn -0.162801206 -0.786250114 0.596075892
vn -0.366594642 -0.913482547 0.176516488
vn 0.0164557509 -0.998167157 0.0582366064
vn 0.195800066 -0.979575574 -0.0457616858
vn 0.572609425 -0.708495796 -0.412494898
vn 0.0333627164 -0.846511066 -0.531324744
vn -0.592158496 -0.756859481 -0.27660802
vn -0.592262447 -0.756792843 0.276567966
vn -0.659480274 -0.530768454 0.532325625
vn 0.0334777571 -0.846495748 0.531341851
vn 0.040139772 -0.490478694 0.870528281
vn -0.674910784 -0.265948415 0.688307226
vn 0.144728139 -0.469336063 0.871078312
vn 0.572622478 -0.708402872 0.412636459
vn 0.306822747 -0.103346869 0.946139038
vn 0.0275194049 -0.0964252576 0.994959712
vn 0.49252978 0.230743125 0.839149654
vn 0.0155469617 0.30292654 0.952887058
vn -0.676692963 0.0324072205 0.735551894
vn 0.658716559 0.492760628 0.568576574
vn 0.0069604544 0.689439416 0.724309921
vn -0.674039364 0.381545812 0.632529676
vn 0.764207661 0.620246649 0.176863879
vn -0.00241751876 0.960144877 0.27949217
vn -0.619068742 0.710593283 0.33438158
vn 0.78997761 0.567402899 -0.232355833
vn -0.00682280911 0.960993886 -0.276485473
vn -0.473062366 0.869342625 -0.143022075
vn 0.74820292 0.367637992 -0.5522995
vn -0.0049235695 0.690179408 -0.723621547
vn -0.252041519 0.745808363 -0.616640031
vn 0.670471609 0.0930408314 -0.736078382
vn 0.0017181912 0.303019673 -0.952982783
vn -0.0470485911 0.423850149 -0.904509544
vn 0.578482568 -0.205098733 -0.789488792
vn 0.00868049264 -0.0980916619 -0.99513948
vn -0.533042967 -0.125241399 -0.836767435
vn 0.468210757 -0.52131784 -0.713446856
vn 0.00591961388 -0.484246045 -0.874911785
vn -0.0591780841 -0.474504769 -0.878261447
vn 0.315310836 -0.823500037 -0.471621484
vn -0.162646234 -0.786626875 -0.59562093
vn -0.366583824 -0.913492382 -0.176487863
vn 0.0164286755 -0.998159945 -0.0583687238
vn 0.195555896 -0.979623497 0.045778878
vn 0.572622478 -0.708402872 0.412636459
vn 0.0334777571 -0.846495748 0.531341851
vn -0.592262447 -0.756792843 0.276567966
vn -0.572608054 -0.708496392 -0.412495971
vn -0.0333636031 -0.846510947 -0.531324804
vn -0.145490006 -0.469186395 -0.871032
vn -0.0400246456 -0.491075426 -0.870197117
vn -0.30729109 -0.10295295 -0.94603014
vn 0.659405112 -0.53087306 -0.532314599
vn 0.592159212 -0.756858826 -0.276608229
vn 0.674911737 -0.265938759 -0.688310087
vn -0.0275201816 -0.0964276418 -0.994959474
vn -0.49240312 0.229979515 -0.839433551
vn -0.0153356353 0.303585708 -0.952680707
vn 0.676603496 0.0325775258 -0.735626519
vn -0.658609271 0.492612004 -0.568829775
vn -0.00672083814 0.689422548 -0.724328279
vn 0.673955858 0.381530225 -0.632628024
vn -0.76437819 0.620091081 -0.176671997
vn 0.00240950333 0.960143566 -0.279496968
vn 0.618956268 0.710734069 -0.334290773
vn -0.789809644 0.567624807 0.232385024
vn 0.00684761722 0.96098578 0.276513129
vn 0.473008633 0.869371831 0.143022254
vn -0.748308837 0.367448777 0.552281857
vn 0.004779018 0.690236211 0.723568439
vn 0.251998365 0.745837152 0.616622865
vn -0.670246601 0.0933421701 0.736244977
vn -0.0019410993 0.303676009 0.952773333
vn 0.0475866832 0.423321843 0.90472877
vn -0.578244209 -0.205707893 0.789504826
vn -0.0164926592 -0.0785179138 0.996776283
vn 0.526070297 -0.12522915 0.84117049
vn -0.338499695 -0.582285285 0.739162862
vn 0.061393775 -0.474891692 0.877900124
vn -0.220309958 -0.806241035 0.549034595
vn 0.162798837 -0.786249697 0.596077204
vn 0.36659801 -0.913481355 0.176515296
vn -0.0164562911 -0.998167157 0.0582369491
vn -0.195801705 -0.979575098 -0.0457642302
vn -0.572608054 -0.708496392 -0.412495971
vn -0.0333636031 -0.846510947 -0.531324804
vn 0.592159212 -0.756858826 -0.276608229
vn -0.572620034 -0.708403587 0.412638754
vn -0.144727901 -0.469336331 0.871078253
vn -0.0334776416 -0.846495152 0.531342685
vn -0.0401397645 -0.490478843 0.870528162
vn -0.306827337 -0.10334558 0.946137786
vn 0.659487128 -0.530759454 0.532326043
vn 0.592259049 -0.756796718 0.276564658
vn 0.674904704 -0.265945315 0.688314319
vn -0.0275191683 -0.0964270085 0.994959593
vn -0.492532343 0.230744064 0.839147806
vn -0.0155468006 0.302927226 0.952886879
vn 0.676690102 0.0323970839 0.735554934
vn -0.658710301 0.492759019 0.568585277
vn -0.0069601112 0.689439595 0.724309742
vn 0.674042761 0.381539851 0.632529557
vn -0.764211297 0.620241106 0.176867709
vn 0.00241788593 0.960145056 0.279491782
vn 0.619064867 0.710597754 0.334379375
vn -0.789977312 0.567402244 -0.232358679
vn 0.00682309829 0.960992992 -0.276488543
vn 0.473062217 0.86934346 -0.143017501
vn -0.748201251 0.367640793 -0.552299857
vn 0.00492253993 0.690181375 -0.723619699
vn 0.252041668 0.745809436 -0.616638601
vn -0.670476377 0.0930408984 -0.736073911
vn -0.00171821169 0.303019643 -0.952982783
vn 0.0470481887 0.423846602 -0.904511213
vn -0.57847333 -0.205105826 -0.78949362
vn -0.00869348645 -0.0980552807 -0.995142937
vn 0.53297925 -0.125251606 -0.836806536
vn -0.468331039 -0.521260083 -0.713410139
vn -0.00590288779 -0.484391153 -0.874831617
vn 0.0591606535 -0.474447876 -0.878293335
vn -0.315381646 -0.82351023 -0.471556157
vn 0.162643448 -0.786625803 -0.595623255
vn 0.366587311 -0.913491309 -0.176486075
vn -0.0164288171 -0.998160064 -0.0583662987
vn -0.195556372 -0.979623258 0.0457807407
vn -0.572620034 -0.708403587 0.412638754
vn -0.0334776416 -0.846495152 0.531342685
vn 0.592259049 -0.756796718 0.276564658
vn 0.606342852 -0.607719421 -0.512859881
vn 0.0758640915 -0.99707222 -0.00956983212
vn 0.256664723 -0.824347079 -0.504554331
vn 0.727748692 0.361568093 -0.582795322
vn -0.0253212824 2.5260646E-05 -0.999679327
vn 0.142571718 -0.989613354 0.0184036754
vn 0.45247677 0.0903502703 -0.887187481
vn 0.0457276665 -0.370510846 -0.92770189
vn 0.856349051 0.0657635927 -0.512192786
vn 0.605788291 -0.621412039 -0.496857822
vn 0.273502827 -0.885533631 -0.375534773
vn -0.138119489 -0.151510358 -0.978758216
vn -0.081944719 -0.686849713 -0.722165167
vn 0.28819415 -0.942808032 -0.167502671
vn 0.108378217 -0.439304441 -0.8917768
vn 0.39780426 -0.624670863 -0.671965837
vn -0.112610377 -0.220032915 -0.968970835
vn 0.177086115 -0.215961918 -0.960208833
vn 0.582627714 -0.485881895 -0.651508808
vn 0.874708712 -0.104187459 -0.473317772
vn -0.00298481691 -0.0967587382 -0.995303392
vn 0.272228211 0.123126395 -0.954322696
vn 0.536864161 0.361839324 -0.762134552
vn 0.247277245 0.407564789 -0.879059136
vn 0.49126634 0.751735568 -0.439944476
vn 0.337484658 0.922693789 -0.186387092
vn 0.0481337123 0.200290412 -0.978553534
vn 0.111022115 0.738591909 -0.664948106
vn 0.110759735 0.970042884 -0.216215193
vn -0.198083475 0.11016003 -0.973975241
vn -0.0473000631 0.404568613 -0.913283646
vn -0.144526944 0.713728607 -0.685349107
vn -0.052554559 0.995858252 0.0741921067
vn -0.336243451 0.904443741 -0.26252985
vn -0.251533061 0.366347343 -0.895835221
vn -0.486932784 0.606496394 -0.62853688
vn -0.509535551 0.857887626 -0.0663500726
vn -0.710295737 0.648658574 -0.273353368
vn -0.408588141 0.14151077 -0.90168196
vn -0.331973702 -0.143138349 -0.932365179
vn -0.369134307 -0.100742228 -0.923899889
vn -0.701347768 0.386927158 -0.598664045
vn -0.660707235 -0.242907673 -0.710254729
vn -0.785186052 0.0162548292 -0.619046569
vn -0.894307315 0.395402879 -0.20945403
vn -0.980462074 0.0328731909 -0.19394213
vn -0.606975198 0.72031188 0.335755646
vn -0.509535551 0.857887626 -0.0663500726
vn -0.874768734 0.381826669 0.298308671
vn -0.165068448 0.929455996 0.329945415
vn -0.336243451 0.904443741 -0.26252985
vn -0.052554559 0.995858252 0.0741921067
vn -0.60936588 0.288062215 -0.738710701
vn -0.92527777 -0.379251361 0.00543844933
vn -0.920315623 -0.134977877 0.367151439
vn -0.596331716 0.599917829 0.533373475
vn -0.607149482 0.346584558 0.715016484
vn -0.322357953 0.773519874 0.545666873
vn -0.00964657404 0.835550249 0.549329281
vn -0.281638116 0.372838348 -0.884121895
vn -0.635973155 -0.230232805 0.736566961
vn -0.158604831 0.548361182 0.821063042
vn -0.354462326 0.100571707 0.929646015
vn 0.117139019 0.956850529 0.265924186
vn 0.110759735 0.970042884 -0.216215193
vn -0.305918723 -0.352651626 0.884336293
vn 0.415497273 0.881609499 0.223890007
vn 0.337484658 0.922693789 -0.186387092
vn 0.605233252 0.794155836 -0.0548560582
vn 0.49126634 0.751735568 -0.439944476
vn 0.536864161 0.361839324 -0.762134552
vn 0.948101759 0.313619763 -0.0524006262
vn 0.874708712 -0.104187459 -0.473317772
vn 0.642843187 0.602995217 0.472386867
vn 0.480434954 0.531955183 0.697284698
vn 0.911094069 0.250337631 0.327473253
vn 0.270355344 0.643021584 0.716541052
vn 0.591494501 0.145924583 0.792994499
vn 0.428405553 0.224085048 0.875359595
vn 0.115023598 0.368367255 0.922537327
vn -0.0173727851 0.147589549 0.988896132
vn 0.202015623 0.0953924283 0.974725544
vn 0.403804004 -0.0890676975 0.910499454
vn 0.615713477 -0.217910349 0.757239759
vn -0.11022944 -0.167294428 0.97972554
vn 0.138979226 -0.114399984 0.983665287
vn 0.0316534564 -0.274636716 0.961026907
vn 0.0233690813 0.0643593147 0.997653186
vn 0.217601731 -0.390150309 0.894668818
vn 0.351080626 -0.315069586 0.881744623
vn 0.191958085 -0.339240134 0.920906186
vn 0.941128552 -0.240909874 0.237148717
vn 0.821967185 -0.568084002 0.0406269096
vn 0.582627714 -0.485881895 -0.651508808
vn 0.39780426 -0.624670863 -0.671965837
vn 0.623020291 -0.666648149 0.409177035
vn 0.548793495 -0.831549823 -0.0857360139
vn 0.28819415 -0.942808032 -0.167502671
vn 0.29564935 -0.913165033 0.280572772
vn 0.142571718 -0.989613354 0.0184036754
vn 0.49449724 -0.461634964 0.736454785
vn 0.281031847 -0.553880751 0.783732772
vn 0.253566653 -0.525354743 0.812223077
vn 0.562673807 -0.118897244 0.81808418
vn 0.455242097 -0.792291582 0.406237155
vn 0.0758640915 -0.99707222 -0.00956983212
vn 0.958891571 -0.280730695 -0.0414403044
vn 0.606342852 -0.607719421 -0.512859881
vn 0.727748692 0.361568093 -0.582795322
vn 0.94189918 0.322837085 0.092746906
vn 0.856349051 0.0657635927 -0.512192786
vn 0.89994365 -0.418823063 0.121196687
vn 0.605788291 -0.621412039 -0.496857822
vn 0.273502827 -0.885533631 -0.375534773
vn 0.422577381 0.0340171829 0.905688167
vn 0.884601235 0.0117801204 0.466199517
vn 0.418190837 -0.902051568 0.106861204
vn 0.448961169 -0.684514582 0.574346185
vn 0.15712516 -0.970989704 0.180252269
vn -0.0175615568 -0.973430455 -0.228308275
vn -0.16969268 -0.968580365 0.181814656
vn -0.273646504 -0.931692779 -0.238885298
vn 0.115764417 -0.83366853 0.53999573
vn -0.436123431 -0.850967944 0.292660028
vn -0.569635928 -0.818697691 -0.0724502355
vn -0.229198262 -0.731781662 0.641843975
vn 0.110668093 -0.465727687 0.877980828
vn 0.456574291 -0.440970898 0.772712529
vn 0.629046321 0.165475011 0.759551585
vn -0.797666132 -0.450647086 0.400806695
vn -0.898055315 -0.438963115 -0.0284248292
vn -0.436939836 -0.407641888 0.801817775
vn 0.365642726 0.232880697 0.901150286
vn 0.416294724 -0.00538345287 0.909213781
vn 0.0665519387 0.0177653339 0.997624815
vn -0.882369936 0.210166335 0.421014756
vn -0.985764802 0.167486995 0.0146939298
vn 0.0945675299 0.493952185 0.864331067
vn -0.178831279 0.0906501412 0.979694784
vn -0.605979085 0.158687115 0.779491961
vn -0.658141315 0.638208151 0.39942506
vn -0.786464512 0.617607474 -0.00588237261
vn -0.375272572 0.559803784 0.738776147
vn -0.156963423 0.732636452 0.662273705
vn -0.182899445 0.486396253 0.854380727
vn -0.338800102 0.881787419 0.328123808
vn -0.664146602 0.701146722 -0.259427339
vn -0.435857803 0.899348736 -0.0346379839
vn -0.431261688 0.783553302 -0.447277963
vn -0.721806467 0.559270084 -0.407691568
vn -0.985764802 0.167486995 0.0146939298
vn -0.265010983 0.5135867 -0.816086888
vn -0.862588286 0.0852335021 -0.498674959
vn -0.898055315 -0.438963115 -0.0284248292
vn -0.17803812 0.128462061 -0.975602388
vn -0.557706892 0.290401399 -0.777579665
vn -0.755018294 -0.379719228 -0.534565926
vn -0.569635928 -0.818697691 -0.0724502355
vn -0.496090859 -0.193197176 -0.846503794
vn -0.253732413 -0.303660303 -0.918373764
vn -0.484241873 -0.671224236 -0.561219871
vn -0.273646504 -0.931692779 -0.238885298
vn -0.136361167 -0.814164102 -0.564395607
vn -0.0175615568 -0.973430455 -0.228308275
vn -0.133911967 -0.646394253 -0.751160562
vn 0.16398783 -0.948677659 -0.270404816
vn -0.0627065524 -0.973549187 -0.219704226
vn 0.252275586 -0.942145288 0.220724657
vn -0.397451669 -0.883471608 0.248012513
vn 0.339962363 -0.695227981 0.633311629
vn -0.0972737595 -0.704949081 0.702555835
vn 0.417902529 -0.315643191 0.851895988
vn -0.200879484 -0.261418015 0.944091082
vn 0.472943395 0.0732809827 0.878040075
vn -0.297272503 0.187277243 0.936245799
vn 0.503807843 0.425675869 0.751650035
vn -0.372347534 0.551419139 0.746521473
vn -0.427285373 0.801852584 0.417683691
vn 0.512975872 0.721606731 0.464908063
vn -0.452004492 0.891849101 -0.0172371436
vn 0.477607697 0.878546715 0.0068278336
vn -0.446508855 0.767119646 -0.460605323
vn 0.389264673 0.774589658 -0.498481482
vn -0.409087926 0.461811841 -0.787005067
vn 0.268542528 0.452722281 -0.850251377
vn -0.341072261 0.0625411198 -0.937954366
vn 0.153454974 0.0531417504 -0.986725688
vn -0.25043419 -0.370538563 -0.89441812
vn 0.365354687 -0.365377665 -0.856163085
vn -0.142534569 -0.757945478 -0.636555195
vn 0.0942053348 -0.72777456 -0.679315567
vn -0.0627065524 -0.973549187 -0.219704226
vn 0.16398783 -0.948677659 -0.270404816
vn 0.163950339 -0.94882077 0.26992479
vn 0.25206542 -0.942110002 -0.221114665
vn -0.0629613549 -0.973526835 0.219730392
vn -0.397338241 -0.883524716 -0.248004615
vn 0.340293795 -0.69527024 -0.633087158
vn -0.0968182907 -0.704939723 -0.702628076
vn 0.41739428 -0.316758454 -0.851731241
vn -0.201231748 -0.261657923 -0.94394958
vn 0.472780734 0.0734408796 -0.878114343
vn -0.297510922 0.188608751 -0.935902774
vn 0.503676832 0.425576776 -0.751793921
vn -0.372212738 0.550696373 -0.74712193
vn -0.427383155 0.801823139 -0.417640299
vn 0.512883365 0.721707046 -0.464854389
vn -0.452089489 0.891804874 0.0172971152
vn 0.477481514 0.878614843 -0.00687079737
vn -0.446555167 0.767133594 0.460537136
vn 0.389705658 0.774869323 0.497701794
vn -0.409318984 0.461784035 0.786901176
vn 0.268770367 0.452668965 0.850207746
vn -0.341056228 0.061266005 0.938044369
vn 0.153778955 0.051727429 0.986750424
vn -0.250232875 -0.371611893 0.8940292
vn 0.365521789 -0.365601182 0.855996311
vn -0.14286834 -0.757267594 0.637286782
vn 0.094563134 -0.727542996 0.679513812
vn -0.0629613549 -0.973526835 0.219730392
vn 0.163950339 -0.94882077 0.26992479
vn -4.12810914E-06 -0.822777331 0.568363905
vn 0.00135993725 -0.369432569 0.929256558
vn 0.555179358 -0.715548396 0.42398864
vn 0.511309564 -0.672060549 0.535627782
vn 0.704836726 -0.562039435 0.432801157
vn 0.106010795 -0.112261571 0.988007545
vn 0.0952343568 -0.0745944604 0.992656112
vn -0.145173386 -0.0746357217 0.986587107
vn 0.770268738 -0.415171385 0.484064728
vn 0.128726825 -0.0688936636 0.989284098
vn 0.78772527 -0.281189948 0.54810679
vn -0 -0.0291123465 0.999576151
vn 0.242854923 0.00615882641 0.970043123
vn 0.767485082 0.0580365658 0.63843435
vn 0.163781479 0.132043704 0.977619648
vn 0.615693986 0.597844183 0.513325691
vn 0.16675216 0.0978192016 0.981134653
vn 0.676417708 0.524480104 0.517087638
vn 0.191811055 0.0748925284 0.978570163
vn 0.722711921 0.394912422 0.567214072
vn 0.320565701 0.75731492 0.568956733
vn 0.113116972 0.272546023 0.955470085
vn 9.55789574E-07 0.212134168 0.977240503
vn 3.03188381E-06 0.888271272 0.459319323
vn 9.55789574E-07 0.212134168 0.977240503
vn -0.320623606 0.757278025 0.568973184
vn 3.03188381E-06 0.888271272 0.459319323
vn -0.113142118 0.272530168 0.955471754
vn -0 -0.0291123465 0.999576151
vn -0.191840932 0.0749091059 0.97856313
vn -0.722709239 0.394908458 0.567220092
vn -0.676415503 0.524473608 0.517097235
vn -0.166774288 0.097837992 0.98112905
vn -0.615692019 0.5978477 0.513323963
vn -0.163801163 0.132065758 0.977613389
vn -0.76748687 0.0580424331 0.638431609
vn -0.242884696 0.00616443995 0.970035613
vn -0.787724853 -0.281191915 0.548106432
vn -0.145173386 -0.0746357217 0.986587107
vn -0.770269811 -0.415172577 0.484062076
vn -0.136905372 -0.0956813619 0.985952258
vn -0.704834938 -0.562038124 0.432805777
vn 0.106010795 -0.112261571 0.988007545
vn -0.141854897 -0.140489027 0.979867339
vn -0.143453956 -0.219830871 0.96493274
vn -0.555258632 -0.715481222 0.423998296
vn 0.00135993725 -0.369432569 0.929256558
vn -4.12810914E-06 -0.822777331 0.568363905
vn -0.163958639 -0.948820055 0.269922644
vn 0.0629619211 -0.973526478 0.219731927
vn -0.252053946 -0.942115009 -0.221106738
vn 0.397337258 -0.883524358 -0.248007581
vn -0.340302348 -0.69526428 -0.633089244
vn 0.0968190357 -0.70493865 -0.702629089
vn -0.417393148 -0.316758484 -0.851731718
vn 0.20123899 -0.261650443 -0.943950236
vn -0.472785115 0.0734442919 -0.87811178
vn 0.297504395 0.188604757 -0.935905576
vn -0.503670156 0.42558378 -0.751794338
vn 0.372213513 0.550693572 -0.747123599
vn 0.427394211 0.801822007 -0.417630911
vn -0.512884319 0.721700668 -0.46486336
vn 0.452079087 0.89181006 0.0172974281
vn -0.47715497 0.878791153 -0.00702696899
vn 0.446455926 0.767153502 0.460600257
vn -0.390447944 0.774895668 0.497078657
vn 0.409244776 0.461822689 0.786917031
vn -0.268444717 0.452465236 0.850419164
vn 0.341059089 0.0612666272 0.938043177
vn -0.153778106 0.051727917 0.986750543
vn 0.250234634 -0.371613294 0.894028068
vn -0.365526855 -0.365660936 0.855968595
vn 0.142866299 -0.757266462 0.637288511
vn -0.0945611149 -0.727546275 0.679510534
vn 0.0629619211 -0.973526478 0.219731927
vn -0.163958639 -0.948820055 0.269922644
vn -0.133526683 -0.342259794 0.930069268
vn -0.0473086946 -0.335788518 0.940748572
vn 0.0200306848 -0.133810163 0.990804553
vn -0.672224045 0.316060901 0.669492543
vn -0.510434866 0.246780619 0.823744833
vn -0.711154819 0.349012583 0.610286057
vn -0.725393653 0.0492136814 0.686572671
vn 0.0444199555 0.532626867 0.845183611
vn -0.861898243 -0.0858592838 0.499759585
vn -0.200793102 0.063364841 0.977582276
vn -0.806316495 -0.292818397 0.513917446
vn -0.681396782 -0.416935295 0.601550817
vn -0.514059842 -0.268201649 0.814745605
vn -0.293229282 0.783505261 0.547846735
vn -0.509085298 -0.149401322 0.847650528
vn -0.366658092 -0.254117668 0.894978285
vn -0.777545094 0.56553036 0.274952799
vn -0.415088743 0.833207011 0.365331978
vn -0.209064096 -0.538170576 0.816495359
vn -5.39156063E-05 0.938961625 0.344021827
vn -0.21993725 0.973950207 -0.0552147068
vn -3.49020302E-05 0.970420599 -0.241420269
vn -0.233636841 0.389004439 0.891116858
vn -0.174973205 -0.378810912 0.908783019
vn 0.0867132321 -0.327427298 0.940889001
vn -0.760586858 0.640580595 0.105660312
vn -0.540553808 0.503399134 -0.6740852
vn -4.59555376E-05 0.416811585 -0.908992887
vn -0.329346836 0.154516816 -0.93148011
vn -0.699709475 0.0103511661 -0.714352489
vn -0.0113749215 -0.63304472 -0.774031639
vn -0.831519485 0.417399853 -0.366541386
vn -0.942479134 0.334231704 0.00473040715
vn -0.870742321 0.090738304 0.483295202
vn -0.131357059 0.0683274269 0.988977611
vn -0.895150542 0.242417648 -0.374084383
vn 0.131360546 0.206034556 0.969687641
vn -0.0327051282 0.597201467 0.801424086
vn -0.958815634 -0.283866018 -0.00962036662
vn -0.791843832 -0.217747495 -0.57058686
vn -0.791843832 -0.217747495 -0.57058686
vn -0.372784793 -0.649383128 -0.662822008
vn -0.0287606139 -0.744862616 -0.666597664
vn -0.163470313 -0.715325236 -0.679402173
vn -0.0516200177 -0.635780573 -0.77014184
vn -0.195524901 -0.740745783 -0.642701983
vn -0.384766877 -0.601014614 -0.700525463
vn -0.537661731 -0.376689315 -0.75433749
vn -0.260340333 -0.514798582 -0.816826403
vn 0.0605551265 -0.613029242 -0.787736118
vn -0.372784793 -0.649383128 -0.662822008
vn -0.559932947 -0.766697109 -0.314087093
vn -0.0287606139 -0.744862616 -0.666597664
vn -0.163470313 -0.715325236 -0.679402173
vn -0.195524901 -0.740745783 -0.642701983
vn -0.742345214 -0.296614259 0.600785792
vn -0.625317752 -0.639537036 -0.447180063
vn -0.384766877 -0.601014614 -0.700525463
vn -0.537661731 -0.376689315 -0.75433749
vn -0.260340333 -0.514798582 -0.816826403
vn -0.689767361 -0.723493278 0.027900273
vn -0.173679322 -0.755819499 -0.631325841
vn -0.125151217 -0.978434265 -0.164327741
vn -0.128826186 -0.967645824 0.216945469
vn 0.0390637331 -0.869108379 0.493076801
vn -0.248196945 -0.429840982 0.868121505
vn -0.777834356 -0.557510614 0.290095925
vn -0.620933235 -0.310174555 0.719884396
vn -0.269399017 -0.102481201 0.957560241
vn -0.469122261 -0.289763838 0.834242821
vn -0.194306746 -0.187275514 0.962898135
vn 0.461091876 -0.305193603 0.833217323
vn -0.450565398 -0.035509076 0.892036915
vn 0.157002985 0.203647077 0.966373622
vn 0.0966905057 -0.00395965716 0.995306551
vn 0.312999874 -0.320254445 0.894129813
vn -0.504518032 0.533160567 -0.679118097
vn -0.304638177 0.494165063 -0.81424588
vn 0.472818583 0.499865443 -0.725656331
vn 0.433626443 0.410670072 -0.802071154
vn 0.229474053 -0.709752917 0.666027308
vn 0.212826192 -0.799790919 0.561283827
vn -0.469412953 -0.627629459 0.621073961
vn -0.351145267 -0.759798467 0.547177553
vn -0.504518032 0.533160567 -0.679118097
vn -0.304638177 0.494165063 -0.81424588
vn 0.433626443 0.410670072 -0.802071154
vn -0.304638177 0.494165063 -0.81424588
vn 0.434063584 0.324834496 -0.840280533
vn 0.309818685 -0.600074589 0.737511277
vn 0.55427444 0.398960531 -0.730486274
vn 0.119683042 -0.692023635 0.711884201
vn -0.502982736 -0.572701514 0.647318542
vn -0.274494648 -0.681849718 0.67803669
vn -0.250660449 0.358317643 -0.899320781
vn 0.434063584 0.324834496 -0.840280533
vn -0.250660449 0.358317643 -0.899320781
vn -0.426278025 0.391657084 -0.815409005
vn 0.55427444 0.398960531 -0.730486274
vn 0.434063584 0.324834496 -0.840280533
vn -0.0322224796 -0.15531075 -0.987340033
vn -0.0101983724 -0.15515548 -0.987837434
vn -0.524727345 0.388400763 -0.757499874
vn -0.50736475 0.390211284 -0.768320382
vn -0.702689171 0.703089118 -0.109057948
vn -0.694438577 0.705413699 -0.141938478
vn -0.478585392 0.626074255 0.615619183
vn -0.467893839 0.637202978 0.61241138
vn 0.0311255138 0.196223438 0.980065048
vn 0.0816728175 0.176692739 0.980871677
vn 0.526110649 -0.324207932 0.786191344
vn 0.558003604 -0.336453944 0.758571565
vn 0.732554913 -0.663659453 0.15139176
vn 0.743539989 -0.648930728 0.161359951
vn 0.544939637 -0.615328312 -0.569571555
vn 0.510044038 -0.611605346 -0.604809165
vn -0.0101983724 -0.15515548 -0.987837434
vn -0.0322224796 -0.15531075 -0.987340033
vn -0.163988397 -0.948678613 -0.27040118
vn -0.252268493 -0.942146719 0.22072646
vn 0.0627086461 -0.973548293 -0.219707534
vn 0.397446454 -0.883474708 0.248009801
vn -0.339971304 -0.69521755 0.633318305
vn 0.0972690284 -0.704951823 0.70255357
vn -0.417898893 -0.315645814 0.851896763
vn 0.200882941 -0.261413515 0.944091737
vn -0.4729366 0.0732718557 0.878044486
vn 0.297275275 0.187290505 0.936242282
vn -0.503811181 0.425672561 0.751649618
vn 0.372342438 0.551416993 0.746525586
vn 0.427288949 0.801852286 0.417680502
vn -0.512975037 0.721609712 0.464904487
vn 0.45200032 0.891851187 -0.0172377974
vn -0.477606058 0.878547609 0.00682570459
vn 0.446507514 0.767122447 -0.460602015
vn -0.389260203 0.774589837 -0.498484731
vn 0.409094065 0.461813092 -0.787001133
vn -0.268544972 0.452730566 -0.850246191
vn 0.341067791 0.0625335723 -0.937956452
vn -0.153454781 0.0531391837 -0.986725807
vn 0.250429928 -0.370550007 -0.894414663
vn -0.365357071 -0.365385592 -0.856158614
vn 0.142537802 -0.757941961 -0.636558652
vn -0.0942035988 -0.727772772 -0.679317713
vn 0.0627086461 -0.973548293 -0.219707534
vn -0.163988397 -0.948678613 -0.27040118
vn -0.691379666 -0.159022272 -0.704773843
vn -0.714926362 -0.025830375 -0.698722482
vn -0.913814723 -0.402941644 -0.0508002006
vn -0.70647645 -0.0794991255 -0.703257442
vn -0.503017783 -0.0156731009 0.864133954
vn -0.976371288 -0.039051 -0.212541848
vn -0.948137105 -0.0521610007 -0.313552558
vn -0.965832174 0.201614499 -0.162849128
vn -0.714894295 0.69831574 -0.0357955582
vn -0.996052623 -0.0884339809 0.00764925499
vn -0.193392769 0.336862355 0.921478629
vn -0.326975256 -0.116446592 0.937831283
vn 0.725575447 -0.0240552742 0.687721968
vn -0.119532339 -0.779749155 0.614575684
vn 0.17372416 0.35588035 0.918242395
vn -0.714894295 0.69831574 -0.0357955582
vn 0.622891843 0.781259835 -0.040481355
vn 0.622891843 0.781259835 -0.040481355
vn 0.990652084 0.112000473 -0.0778735876
vn 0.798303783 -0.0645329878 -0.598787665
vn 0.722043991 -0.0452028811 -0.69036895
vn 0.0338809974 0.464940012 -0.884693682
vn -0.0415701084 0.298254877 -0.953580678
vn 0.344675153 -0.110175513 0.932234108
vn 0.0338809974 0.464940012 -0.884693682
vn 0.990652084 0.112000473 -0.0778735876
vn 0.722043991 -0.0452028811 -0.69036895
vn -0.0415701084 0.298254877 -0.953580678
vn -0.965832174 0.201614499 -0.162849128
vn -0.948137105 -0.0521610007 -0.313552558
vn 0.906164646 -0.422648758 -0.0152868228
vn 0.175225824 -0.435972571 0.882736623
vn 0.979214787 -0.184377044 -0.0845187008
vn 0.708833754 -0.0704924241 -0.701844394
vn 0.0503530502 -0.360676229 -0.93133086
vn 0.906164646 -0.422648758 -0.0152868228
vn -0.70647645 -0.0794991255 -0.703257442
vn -0.0261638444 -0.122745335 -0.992093265
vn -0.714926362 -0.025830375 -0.698722482
vn -0.691379666 -0.159022272 -0.704773843
vn -0.976371288 -0.039051 -0.212541848
vn -0.948137105 -0.0521610007 -0.313552558
vn -0.913814723 -0.402941644 -0.0508002006
vn -0.996052623 -0.0884339809 0.00764925499
vn 0.0503530502 -0.360676229 -0.93133086
vn 0.979214787 -0.184377044 -0.0845187008
vn 0.708833754 -0.0704924241 -0.701844394
vn -0.0261638444 -0.122745335 -0.992093265
vn -0.691379666 -0.159022272 -0.704773843
vn 0.621081471 -0.670135796 0.406418204
vn 0.596382856 -0.630469203 -0.496826082
vn 0.00172119518 -0.994869709 -0.101149715
vn 0.943809152 -0.317856908 0.0905050561
vn 0.622761309 -0.429934591 -0.65370065
vn 0.0629643574 -0.4954997 0.866322994
vn 0.196930528 -0.360810816 -0.911610603
vn 0.0689395219 -0.569774687 0.818904161
vn 0.884935141 -0.134849817 -0.445763737
vn 0.90797925 -0.0982677415 -0.407329112
vn 0.92136085 -0.312162608 -0.231621951
vn 0.203106567 -0.951874018 0.229528859
vn 0.864091396 -0.498161554 -0.0719795823
vn 0.841893375 -0.217402697 -0.493914634
vn -0.29050386 -0.763832331 -0.5763399
vn 0.542524934 -0.215420693 -0.811948597
vn 0.872219801 -0.267723233 -0.409337163
vn 0.901912034 -0.342856616 -0.262686104
vn 0.899732113 -0.408286721 0.154221117
vn 0.809401512 -0.478691369 0.340182066
vn 0.4761329 -0.835967243 0.272866696
vn 0.888071716 -0.395561099 0.234222472
vn 0.941948056 -0.276518285 -0.190450892
vn 0.167636797 -0.740007341 0.651373208
vn 0.0709894747 -0.730837464 0.678849816
vn 0.897296727 -0.236023739 -0.373030156
vn 0.407148451 0.243854508 -0.880207419
vn -0.569044769 -0.219528094 -0.792461693
vn -0.606906414 -0.606909096 -0.513153017
vn -0.256824821 -0.824213445 -0.504691064
vn -0.0758714601 -0.997071624 -0.00957166217
vn -0.728007019 0.361165881 -0.582722008
vn 0.0253003687 6.40068247E-05 -0.999679923
vn -0.142577261 -0.989612758 0.0183909796
vn -0.452298164 0.0902295709 -0.887290835
vn -0.0457273684 -0.370510429 -0.92770201
vn -0.856375992 0.065252699 -0.512213111
vn -0.605788112 -0.621416688 -0.49685213
vn -0.273498952 -0.885534585 -0.37553525
vn 0.138118669 -0.151510149 -0.978758335
vn 0.0819414258 -0.686832964 -0.722181499
vn -0.288194746 -0.942810595 -0.167487606
vn -0.108374417 -0.439307183 -0.891775906
vn -0.397800535 -0.624669015 -0.671969771
vn 0.112610988 -0.220032662 -0.968970835
vn -0.177085996 -0.215962261 -0.960208714
vn -0.582644641 -0.485885084 -0.651491284
vn -0.874706984 -0.10419371 -0.47331965
vn 0.00298499712 -0.0967589244 -0.995303392
vn -0.272232354 0.123124383 -0.954321682
vn -0.536869764 0.361837089 -0.762131751
vn -0.247278735 0.407563865 -0.879059136
vn -0.491264135 0.751723766 -0.439966947
vn -0.337610155 0.922633231 -0.186460078
vn -0.0481339619 0.200290963 -0.978553295
vn -0.111010887 0.738561213 -0.664984167
vn -0.110797212 0.970045149 -0.216186002
vn 0.198083311 0.110159606 -0.97397536
vn 0.0472999699 0.404569119 -0.913283467
vn 0.14450869 0.713765264 -0.685314894
vn 0.0525481924 0.995862722 0.0741356388
vn 0.336250752 0.904436529 -0.262545377
vn 0.251535058 0.366348743 -0.895834148
vn 0.486935228 0.60649544 -0.628535867
vn 0.509535551 0.857886434 -0.0663669184
vn 0.710302532 0.648652494 -0.27335009
vn 0.408587188 0.141509622 -0.901682675
vn 0.33197245 -0.143137649 -0.932365716
vn 0.369134724 -0.100742944 -0.923899591
vn 0.701346397 0.386931092 -0.598663092
vn 0.660702944 -0.242907196 -0.710258842
vn 0.785178244 0.0162576064 -0.619056404
vn 0.894307017 0.395403057 -0.209454715
vn 0.98046267 0.0328754038 -0.19393836
vn 0.606979728 0.720313013 0.335745275
vn 0.509535551 0.857886434 -0.0663669184
vn 0.87477237 0.381829858 0.298293889
vn 0.165064275 0.929453015 0.329955995
vn 0.336250752 0.904436529 -0.262545377
vn 0.0525481924 0.995862722 0.0741356388
vn 0.609363139 0.288052142 -0.738716722
vn 0.92527765 -0.379251331 0.00545486761
vn 0.920312822 -0.134973034 0.36716038
vn 0.596338809 0.599911511 0.533372581
vn 0.607148826 0.346591473 0.715013683
vn 0.322347939 0.773521304 0.545670807
vn 0.00965212751 0.835542619 0.549340963
vn 0.281636178 0.372834057 -0.884124219
vn 0.635982633 -0.230229616 0.736559927
vn 0.158602268 0.548364758 0.821061194
vn 0.354458869 0.100564837 0.929648101
vn -0.117090695 0.956831098 0.266015083
vn -0.110797212 0.970045149 -0.216186002
vn 0.305910885 -0.352653384 0.88433826
vn -0.41558367 0.881547987 0.223971754
vn -0.337610155 0.922633231 -0.186460078
vn -0.605250537 0.794144869 -0.054824397
vn -0.491264135 0.751723766 -0.439966947
vn -0.536869764 0.361837089 -0.762131751
vn -0.948098838 0.313625962 -0.0524143726
vn -0.874706984 -0.10419371 -0.47331965
vn -0.642844975 0.602986276 0.472395927
vn -0.48044157 0.531953692 0.697281241
vn -0.911094368 0.250348002 0.327464283
vn -0.270353228 0.643016219 0.716546774
vn -0.591490626 0.145924136 0.792997479
vn -0.115020908 0.368368924 0.922537029
vn -0.428406596 0.224085972 0.875358999
vn 0.017372204 0.147586092 0.988896608
vn -0.202016056 0.0953974426 0.974725008
vn -0.403803766 -0.0890691876 0.910499454
vn -0.615710676 -0.217915043 0.757240713
vn 0.110228099 -0.16729334 0.979725897
vn -0.138978004 -0.114402197 0.983665287
vn -0.0316492133 -0.27463752 0.961026788
vn -0.0233689491 0.0643591732 0.997653186
vn -0.217597932 -0.390155315 0.894667447
vn -0.351081401 -0.315072834 0.881743133
vn -0.191955864 -0.339240819 0.920906365
vn -0.941131175 -0.240911558 0.237136424
vn -0.821969509 -0.568081737 0.040612068
vn -0.582644641 -0.485885084 -0.651491284
vn -0.397800535 -0.624669015 -0.671969771
vn -0.623021841 -0.666650593 0.409170687
vn -0.548801064 -0.831545353 -0.0857300237
vn -0.288194746 -0.942810595 -0.167487606
vn -0.295651287 -0.913163841 0.280574709
vn -0.142577261 -0.989612758 0.0183909796
vn -0.49449712 -0.461636364 0.73645401
vn -0.281032175 -0.553882957 0.783731103
vn -0.253565133 -0.525349498 0.812227011
vn -0.562669754 -0.118896782 0.818086982
vn -0.45524016 -0.79229039 0.406241834
vn -0.0758714601 -0.997071624 -0.00957166217
vn -0.959079146 -0.280160218 -0.0409572385
vn -0.606906414 -0.606909096 -0.513153017
vn -0.728007019 0.361165881 -0.582722008
vn -0.941898167 0.322782636 0.092947647
vn -0.856375992 0.065252699 -0.512213111
vn -0.899945378 -0.418818653 0.121199198
vn -0.605788112 -0.621416688 -0.49685213
vn -0.273498952 -0.885534585 -0.37553525
vn -0.422577381 0.0340140462 0.905688405
vn -0.884598553 0.0117826844 0.466204435
vn -0.418186098 -0.902053416 0.106864773
vn -0.448957503 -0.684519291 0.574343503
vn -0.157125995 -0.970991135 0.180243507
vn 0.0175480936 -0.97343576 -0.228286862
vn 0.169692308 -0.968584836 0.181790709
vn 0.273648888 -0.931690812 -0.238889873
vn -0.115774475 -0.833666325 0.539997041
vn 0.436138064 -0.850967884 0.292638361
vn 0.569633842 -0.818699598 -0.0724447817
vn 0.22920391 -0.731785417 0.641837656
vn -0.110671237 -0.465728909 0.877979696
vn -0.456570417 -0.440982848 0.772707939
vn 0.797663987 -0.450652778 0.40080452
vn 0.898056448 -0.438961238 -0.0284194052
vn 0.436942279 -0.407642573 0.801816106
vn -0.629043639 0.165477917 0.759553194
vn 0.882369399 0.210168913 0.421014667
vn 0.985763311 0.167495385 0.0146950986
vn -0.416292876 -0.00537970383 0.909214735
vn -0.365641356 0.232883692 0.901150107
vn -0.0665532053 0.0177724175 0.997624576
vn 0.605975151 0.158682749 0.779495955
vn 0.178831115 0.0906529799 0.979694545
vn -0.0945713893 0.493940949 0.864337027
vn 0.658137679 0.638205707 0.399435163
vn 0.786462963 0.617609441 -0.00587661006
vn 0.375274032 0.559802175 0.738776565
vn 0.156956777 0.732623875 0.662289023
vn 0.18289192 0.486394197 0.854383588
vn 0.338809669 0.881784678 0.328121513
vn 0.664149702 0.701141536 -0.259433538
vn 0.435857475 0.899348438 -0.0346495658
vn 0.431265026 0.78355211 -0.447276682
vn 0.721807003 0.559266329 -0.407695711
vn 0.985763311 0.167495385 0.0146950986
vn 0.265011907 0.513582349 -0.816089392
vn 0.862586796 0.0852341726 -0.498677582
vn 0.898056448 -0.438961238 -0.0284194052
vn 0.178037971 0.128461614 -0.975602388
vn 0.557700574 0.29041031 -0.777580738
vn 0.755021751 -0.379722118 -0.534558892
vn 0.569633842 -0.818699598 -0.0724447817
vn 0.496090442 -0.193192109 -0.846505225
vn 0.253734499 -0.303666472 -0.918371081
vn 0.48424089 -0.671233535 -0.561209679
vn 0.273648888 -0.931690812 -0.238889873
vn 0.136352584 -0.814169466 -0.564389825
vn 0.0175480936 -0.97343576 -0.228286862
vn 0.133901909 -0.646393538 -0.751162827
vn 0.306822747 -0.103346869 0.946139038
vn 0.572622478 -0.708402872 0.412636459
vn 0.144728139 -0.469336063 0.871078312
vn 0.49252978 0.230743125 0.839149654
vn 0.658716559 0.492760628 0.568576574
vn 0.764207661 0.620246649 0.176863879
vn 0.78997761 0.567402899 -0.232355833
vn 0.74820292 0.367637992 -0.5522995
vn 0.670471609 0.0930408314 -0.736078382
vn 0.578482568 -0.205098733 -0.789488792
vn 0.468210757 -0.52131784 -0.713446856
vn 0.315310836 -0.823500037 -0.471621484
vn 0.195555896 -0.979623497 0.045778878
vn -0.15129219 -0.901324451 -0.405863017
vn 0.292377859 -0.886955976 0.357525229
vn 0.115397148 -0.949047804 -0.293243468
vn -0.159014657 -0.818163335 -0.552560627
vn 0.55060935 -0.806010306 0.217202038
vn 5.81864015E-06 -0.972943842 0.231041938
vn -1.98186967E-06 -0.478171051 0.878266811
vn 0.217372596 -0.311994791 0.924882948
vn 0.876150012 -0.439095497 0.198887885
vn -0.476610631 0.00334499287 0.879108131
vn 0.305708349 -0.150541931 0.940148652
vn 0.981220841 0.00613731984 0.192790076
vn 0.331164241 0.0023944187 0.943570077
vn 0.858375371 0.474156886 0.195875093
vn 0.303405523 0.166068912 0.938278317
vn 0.500740826 0.842589259 0.198247179
vn 0.20166558 0.336906731 0.91968745
vn 0.000172321234 0.479062438 0.877780795
vn 1.38663097E-06 0.979858756 0.199692085
vn -1.98186967E-06 -0.478171051 0.878266811
vn 5.81864015E-06 -0.972943842 0.231041938
vn -0.550829589 -0.805864453 0.217184976
vn -0.371694803 -0.533159733 0.759989262
vn -0.876149893 -0.439096689 0.198885188
vn -0.476610631 0.00334499287 0.879108131
vn -0.78382051 -0.385988921 0.486454427
vn -0.981221616 0.00613560714 0.192785993
vn -0.858374655 0.474156797 0.195878342
vn -0.764926791 0.419034332 0.489180058
vn -0.500953794 0.842462242 0.198249102
vn -0.33855021 0.565836191 0.751806557
vn 0.000172321234 0.479062438 0.877780795
vn 1.38663097E-06 0.979858756 0.199692085
vn -0.252041519 0.745808363 -0.616640031
vn -0.533042967 -0.125241399 -0.836767435
vn -0.0470485911 0.423850149 -0.904509544
vn -0.473062366 0.869342625 -0.143022075
vn -0.619068742 0.710593283 0.33438158
vn -0.674039364 0.381545812 0.632529676
vn -0.676692963 0.0324072205 0.735551894
vn -0.674910784 -0.265948415 0.688307226
vn -0.659480274 -0.530768454 0.532325625
vn -0.592262447 -0.756792843 0.276567966
vn -0.366583824 -0.913492382 -0.176487863
vn -0.162646234 -0.786626875 -0.59562093
vn -0.0591780841 -0.474504769 -0.878261447
vn 0.0968190357 -0.70493865 -0.702629089
vn 0.397337258 -0.883524358 -0.248007581
vn 0.20123899 -0.261650443 -0.943950236
vn 0.297504395 0.188604757 -0.935905576
vn 0.372213513 0.550693572 -0.747123599
vn 0.427394211 0.801822007 -0.417630911
vn 0.452079087 0.89181006 0.0172974281
vn 0.446455926 0.767153502 0.460600257
vn 0.409244776 0.461822689 0.786917031
vn 0.341059089 0.0612666272 0.938043177
vn 0.250234634 -0.371613294 0.894028068
vn 0.142866299 -0.757266462 0.637288511
vn 0.0629619211 -0.973526478 0.219731927
vn 0.16398783 -0.948677659 -0.270404816
vn 0.365354687 -0.365377665 -0.856163085
vn 0.0942053348 -0.72777456 -0.679315567
vn 0.252275586 -0.942145288 0.220724657
vn 0.339962363 -0.695227981 0.633311629
vn 0.417902529 -0.315643191 0.851895988
vn 0.472943395 0.0732809827 0.878040075
vn 0.503807843 0.425675869 0.751650035
vn 0.512975872 0.721606731 0.464908063
vn 0.477607697 0.878546715 0.0068278336
vn 0.389264673 0.774589658 -0.498481482
vn 0.268542528 0.452722281 -0.850251377
vn 0.153454974 0.0531417504 -0.986725688
vn 0.162643448 -0.786625803 -0.595623255
vn 0.53297925 -0.125251606 -0.836806536
vn 0.0591606535 -0.474447876 -0.878293335
vn 0.366587311 -0.913491309 -0.176486075
vn 0.592259049 -0.756796718 0.276564658
vn 0.659487128 -0.530759454 0.532326043
vn 0.674904704 -0.265945315 0.688314319
vn 0.676690102 0.0323970839 0.735554934
vn 0.674042761 0.381539851 0.632529557
vn 0.619064867 0.710597754 0.334379375
vn 0.473062217 0.86934346 -0.143017501
vn 0.252041668 0.745809436 -0.616638601
vn 0.0470481887 0.423846602 -0.904511213
vn 0.915694118 -0.401875943 -7.70086535E-06
vn 0.957265973 -0.289209068 2.80916879E-06
vn 0.889054239 -0.274787247 0.366161883
vn 0.783053398 -0.360075891 0.50712198
vn 0.808469951 -0.302626222 0.504771054
vn 0.72046411 -0.616911292 0.316783816
vn 0.665821671 -0.746110857 8.82610675E-06
vn 0.183214948 -0.116849378 0.976103723
vn 0.311619848 -0.333425671 0.889786661
vn 0.171353564 0.33989951 0.924719512
vn 0.282597542 -0.0552286245 0.957647383
vn 0.407013446 -0.73947674 0.536203444
vn 0.302057832 -0.953289568 -4.96340217E-05
vn 0.422379971 -0.118290029 0.898667097
vn 0.137007967 -0.145201296 0.979870081
vn -0.133910939 -0.436506391 0.88967973
vn 0.283420652 -0.100947887 0.953667819
vn 0.244167969 -0.344275564 0.906562924
vn 0.406193197 -0.277298838 0.870696604
vn 0.280598789 0.729784071 0.623441696
vn -0.799076676 -0.462580174 0.384052098
vn -0.771734297 -0.635831118 -0.0120457206
vn -0.693679392 -0.614576221 -0.375639558
vn -0.561275542 -0.553927064 0.614926398
vn -0.473489821 -0.865724564 0.162260175
vn -0.0324187838 0.0843136534 0.995911837
vn 0.58748585 0.722093821 0.365295649
vn 0.699626029 0.713118255 -0.0445613936
vn -0.211698174 -0.303640485 0.928970575
vn -0.173184901 -0.810336173 0.55978781
vn -0.0431631319 -0.999068081 1.10407991E-05
vn 0.421535164 0.452608019 0.785782456
vn 0.879377604 0.0696573555 0.471001983
vn 0.933096051 0.32701391 -0.149645358
vn 0.914611101 -0.395714819 -0.0830441639
vn 0.617366374 -0.650847912 0.441877604
vn 0.167047143 0.00181487645 0.985947251
vn 0.558662832 -0.193045408 0.806616008
vn 0.263697863 -0.373138219 0.889511824
vn 0.331671178 -0.779243588 0.531764627
vn 0.430176675 -0.901119411 0.0541452542
vn 0.667348146 -0.577911377 -0.469749808
vn 0.667348146 -0.577911377 -0.469749808
vn 0.331671178 -0.779243588 0.531764627
vn 0.617366374 -0.650847912 0.441877604
vn 0.914611101 -0.395714819 -0.0830441639
vn 0.656919956 -0.0619596839 -0.751410127
vn 0.933096051 0.32701391 -0.149645358
vn 0.699626029 0.713118255 -0.0445613936
vn 0.62216717 0.702023566 -0.346512586
vn 0.429694712 0.902974248 -7.7407276E-05
vn 0.241178513 -0.297430903 -0.92377913
vn 0.31875661 0.233849972 -0.918536007
vn 0.280431211 0.729961395 -0.623309553
vn 0.304827154 -0.768511295 -0.562557518
vn 0.430176675 -0.901119411 0.0541452542
vn -0.0431631319 -0.999068081 1.10407991E-05
vn -0.0799448863 -0.831613541 -0.54957062
vn -0.473489821 -0.865724564 0.162260175
vn 0.0169559568 0.0732737556 -0.997167766
vn -0.449949324 -0.642450571 -0.62032485
vn -0.693679392 -0.614576221 -0.375639558
vn -0.235286459 -0.282370716 -0.930003762
vn -0.18851617 -0.47888422 -0.857398093
vn 0.454306692 0.238843426 -0.858230293
vn 0.861879349 -0.507113338 -3.27828348E-05
vn 0.171583101 0.339319557 -0.924889982
vn 0.137068227 -0.145433024 -0.979827285
vn -0.795810103 -0.400088876 -0.454549581
vn -0.771734297 -0.635831118 -0.0120457206
vn 0.302057832 -0.953289568 -4.96340217E-05
vn 0.406707227 -0.739243209 -0.536757529
vn 0.665821671 -0.746110857 8.82610675E-06
vn 0.311377943 -0.333687931 -0.889773071
vn 0.720430374 -0.616870344 -0.316940039
vn 0.915694118 -0.401875943 -7.70086535E-06
vn 0.783214927 -0.359886765 -0.507006824
vn 0.888911664 -0.27475813 -0.366529733
vn 0.957265973 -0.289209068 2.80916879E-06
vn 0.808453321 -0.302625835 -0.504797757
vn 0.532624066 -0.267765582 -0.802878141
vn 0.183371633 -0.116980389 -0.976058602
vn 0.282472402 -0.055170957 -0.957687616
vn 0.421580106 -0.202759027 -0.883831918
vn 0.421814054 -0.118443869 -0.898912668
vn 0.287746757 0.011690896 -0.957635224
vn 0.424476445 -0.135436386 -0.895252407
vn 0.53940779 -0.232265502 -0.809377551
vn 0.575449705 -0.245236278 -0.780203044
vn 0.522265613 -0.232971966 -0.820343018
vn 0.51747942 -0.243650228 -0.820274115
vn 0.367598712 -0.222998574 -0.902852535
vn 0.37329489 -0.227382973 -0.899415255
vn 4.9157723E-05 -0.252405316 -0.967621624
vn 6.35586621E-05 -0.151793063 -0.988412201
vn 0.319228083 -0.139649153 -0.937332153
vn 0.281507313 -0.0831499919 -0.955949605
vn 0.353261054 -0.0666165724 -0.933149934
vn -5.34258561E-06 -0.0680604652 -0.997681141
vn 0.452096373 0.0266275797 -0.891571581
vn 2.57501188E-06 0.135753632 -0.990742624
vn 1.20665209E-05 0.33310613 -0.942889333
vn 0.411094069 0.0846745595 -0.907651842
vn 0.372367233 0.164560854 -0.913379729
vn 0.391661048 0.289673567 -0.873321712
vn 2.53410985E-06 0.669552147 -0.742765129
vn 0.689508617 0.169432327 -0.704180717
vn 0.317623079 0.640491784 -0.699203789
vn 0.252237648 0.91391933 -0.318005741
vn -9.236398E-06 0.963471055 -0.267812461
vn 0.231182143 0.972910464 -8.91635136E-06
vn 0.635926366 0.508092821 -0.580895364
vn 0.606497884 0.770596027 -0.195811108
vn 0.606450796 0.770582676 0.196009815
vn 0.787566245 0.616230071 -2.83964309E-05
vn 0.465490699 0.827678144 -0.313476324
vn 0.316249996 0.948675931 -2.857357E-06
vn 0.307806075 0.441780955 -0.842665434
vn 0.0858469903 0.579832971 -0.810199976
vn 0.432030916 0.648278594 -0.626964331
vn 0.0149276406 0.975283086 -0.220453992
vn 0.265629083 0.963656664 0.0284085236
vn 0.179251507 0.119422048 -0.976528108
vn 0.293295592 -0.137449265 -0.946089566
vn 0.267971694 0.542881489 -0.795908868
vn 0.233279631 0.898607969 -0.371596843
vn 0.283404529 -0.101032056 -0.953663707
vn 0.243978783 -0.344896257 -0.906377912
vn 0.406275094 -0.277318686 -0.87065208
vn 0.498590857 0.858885825 -0.117142312
vn 0.665242732 0.702270925 0.253510773
vn 0.706535637 0.53594476 -0.462136835
vn 0.463662624 -0.501015425 -0.730753362
vn 0.940060496 -0.34100762 -6.43549356E-06
vn -0.128826186 -0.967645824 0.216945469
vn 0.0390637331 -0.869108379 0.493076801
vn 0.146797135 -0.954556167 0.259370774
vn 0.147669911 -0.980761051 -0.127677098
vn -0.125151217 -0.978434265 -0.164327741
vn 0.199248105 -0.765797675 -0.611436069
vn -0.173679322 -0.755819499 -0.631325841
vn 0.24564822 -0.51182133 -0.823222876
vn -0.260340333 -0.514798582 -0.816826403
vn 0.0605551265 -0.613029242 -0.787736118
vn 0.537650764 -0.376695395 -0.754342258
vn 0.384775817 -0.6009987 -0.700534165
vn 0.19552958 -0.740747392 -0.642698586
vn 0.169306353 -0.724649489 -0.667995811
vn 0.424489975 -0.341010809 -0.838760793
vn -0.0516200177 -0.635780573 -0.77014184
vn 0.0287655443 -0.744861484 -0.666598737
vn 0.372786671 -0.649384975 -0.662819207
vn 0.791837931 -0.217750102 -0.570594192
vn -0.0113749215 -0.63304472 -0.774031639
vn 0.895101368 0.242557481 -0.374111444
vn 0.294380486 0.0262651723 -0.955327332
vn -0.329346836 0.154516816 -0.93148011
vn -4.59555376E-05 0.416811585 -0.908992887
vn 0.540034235 0.503676295 -0.674294531
vn -3.49020302E-05 0.970420599 -0.241420269
vn 0.219836622 0.973964155 -0.0553696379
vn -5.39156063E-05 0.938961625 0.344021827
vn 0.831229866 0.417095333 -0.367543578
vn 0.414736837 0.833381832 0.365332991
vn 0.296714962 0.784539521 0.544479609
vn -0.293229282 0.783505261 0.547846735
vn 0.0444199555 0.532626867 0.845183611
vn 0.760587335 0.64057976 0.105662182
vn 0.777541339 0.565531969 0.274960399
vn 0.942478597 0.334233075 0.0047338889
vn 0.872233689 0.0894737765 0.480835646
vn 0.95881331 -0.283873856 -0.00962276943
vn 0.791837931 -0.217750102 -0.570594192
vn 0.372786671 -0.649384975 -0.662819207
vn 0.559924066 -0.766702175 -0.31409055
vn 0.0287655443 -0.744861484 -0.666598737
vn 0.169306353 -0.724649489 -0.667995811
vn 0.19552958 -0.740747392 -0.642698586
vn 0.70418328 -0.325585723 0.630967379
vn 0.568131268 -0.0918901414 0.817791522
vn 0.625321388 -0.639536738 -0.447175443
vn 0.384775817 -0.6009987 -0.700534165
vn 0.537650764 -0.376695395 -0.754342258
vn 0.24564822 -0.51182133 -0.823222876
vn 0.667450666 -0.72861594 0.153715536
vn 0.199248105 -0.765797675 -0.611436069
vn 0.147669911 -0.980761051 -0.127677098
vn 0.146797135 -0.954556167 0.259370774
vn 0.0390637331 -0.869108379 0.493076801
vn -0.248196945 -0.429840982 0.868121505
vn 0.69990617 -0.477679402 0.530993104
vn 0.642720044 -0.319645315 0.696231246
vn 0.312999874 -0.320254445 0.894129813
vn -0.269399017 -0.102481201 0.957560241
vn 0.185100287 -0.069590725 0.980252504
vn 0.0966905057 -0.00395965716 0.995306551
vn 0.273626238 0.309249163 0.910765469
vn 0.157002985 0.203647077 0.966373622
vn -0.0473086946 -0.335788518 0.940748572
vn -0.133526683 -0.342259794 0.930069268
vn 0.0735555589 -0.318608612 0.945028067
vn 0.564268172 0.246572286 0.787910759
vn 0.0200306848 -0.133810163 0.990804553
vn 0.352207899 0.647134304 0.676141024
vn 0.724063873 0.0493840761 0.68796277
vn 0.704020619 0.385741174 0.59628737
vn 0.861449003 -0.085744977 0.500553131
vn 0.268535137 0.199986726 0.942281365
vn 0.816307127 -0.364075571 0.448432446
vn 0.681316316 -0.416936636 0.601641059
vn 0.545468867 -0.490712196 0.679459572
vn 0.508796334 -0.149722323 0.847767353
vn 0.366655171 -0.254124463 0.89497751
vn 0.245117828 0.347700208 0.904998243
vn 0.209076315 -0.538182914 0.816484094
vn 0.174966902 -0.378810942 0.908784211
vn -0.0867088214 -0.327443272 0.940883934
vn 0.131339654 0.0683196783 0.988980412
vn 0.00227259053 0.501182795 0.865338504
vn -0.131346181 0.206046581 0.969687104
vn -0.0629613549 -0.973526835 0.219730392
vn -0.397338241 -0.883524716 -0.248004615
vn -0.14286834 -0.757267594 0.637286782
vn -0.250232875 -0.371611893 0.8940292
vn -0.341056228 0.061266005 0.938044369
vn -0.409318984 0.461784035 0.786901176
vn -0.446555167 0.767133594 0.460537136
vn -0.452089489 0.891804874 0.0172971152
vn -0.427383155 0.801823139 -0.417640299
vn -0.372212738 0.550696373 -0.74712193
vn -0.297510922 0.188608751 -0.935902774
vn -0.201231748 -0.261657923 -0.94394958
vn -0.0968182907 -0.704939723 -0.702628076
vn -0.397451669 -0.883471608 0.248012513
vn -0.0627065524 -0.973549187 -0.219704226
vn -0.142534569 -0.757945478 -0.636555195
vn -0.25043419 -0.370538563 -0.89441812
vn -0.341072261 0.0625411198 -0.937954366
vn -0.409087926 0.461811841 -0.787005067
vn -0.446508855 0.767119646 -0.460605323
vn -0.452004492 0.891849101 -0.0172371436
vn -0.427285373 0.801852584 0.417683691
vn -0.372347534 0.551419139 0.746521473
vn -0.297272503 0.187277243 0.936245799
vn -0.200879484 -0.261418015 0.944091082
vn -0.0972737595 -0.704949081 0.702555835
vn 0.526070297 -0.12522915 0.84117049
vn 0.162798837 -0.786249697 0.596077204
vn 0.061393775 -0.474891692 0.877900124
vn 0.36659801 -0.913481355 0.176515296
vn 0.592159212 -0.756858826 -0.276608229
vn 0.659405112 -0.53087306 -0.532314599
vn 0.674911737 -0.265938759 -0.688310087
vn 0.676603496 0.0325775258 -0.735626519
vn 0.673955858 0.381530225 -0.632628024
vn 0.618956268 0.710734069 -0.334290773
vn 0.473008633 0.869371831 0.143022254
vn 0.251998365 0.745837152 0.616622865
vn 0.0475866832 0.423321843 0.90472877
vn -0.30729109 -0.10295295 -0.94603014
vn -0.572608054 -0.708496392 -0.412495971
vn -0.145490006 -0.469186395 -0.871032
vn -0.49240312 0.229979515 -0.839433551
vn -0.658609271 0.492612004 -0.568829775
vn -0.76437819 0.620091081 -0.176671997
vn -0.789809644 0.567624807 0.232385024
vn -0.748308837 0.367448777 0.552281857
vn -0.670246601 0.0933421701 0.736244977
vn -0.578244209 -0.205707893 0.789504826
vn -0.338499695 -0.582285285 0.739162862
vn -0.220309958 -0.806241035 0.549034595
vn -0.195801705 -0.979575098 -0.0457642302
vn 0.268770367 0.452668965 0.850207746
vn 0.365521789 -0.365601182 0.855996311
vn 0.153778955 0.051727429 0.986750424
vn 0.389705658 0.774869323 0.497701794
vn 0.477481514 0.878614843 -0.00687079737
vn 0.512883365 0.721707046 -0.464854389
vn 0.503676832 0.425576776 -0.751793921
vn 0.472780734 0.0734408796 -0.878114343
vn 0.41739428 -0.316758454 -0.851731241
vn 0.340293795 -0.69527024 -0.633087158
vn 0.25206542 -0.942110002 -0.221114665
vn 0.163950339 -0.94882077 0.26992479
vn 0.094563134 -0.727542996 0.679513812
vn -0.162801206 -0.786250114 0.596075892
vn -0.526072919 -0.125230089 0.841168642
vn -0.061396841 -0.47488904 0.877901316
vn -0.366594642 -0.913482547 0.176516488
vn -0.592158496 -0.756859481 -0.27660802
vn -0.659408331 -0.530870736 -0.53231281
vn -0.674907863 -0.265938133 -0.68831414
vn -0.676606119 0.0325797163 -0.735624135
vn -0.673951924 0.381535619 -0.632628977
vn -0.618963301 0.710726917 -0.33429274
vn -0.472997874 0.869376063 0.143032014
vn -0.2520037 0.745838702 0.616618872
vn -0.0475865938 0.423319161 0.904730022
vn -0.163958639 -0.948820055 0.269922644
vn -0.365526855 -0.365660936 0.855968595
vn -0.0945611149 -0.727546275 0.679510534
vn -0.252053946 -0.942115009 -0.221106738
vn -0.340302348 -0.69526428 -0.633089244
vn -0.417393148 -0.316758484 -0.851731718
vn -0.472785115 0.0734442919 -0.87811178
vn -0.503670156 0.42558378 -0.751794338
vn -0.512884319 0.721700668 -0.46486336
vn -0.47715497 0.878791153 -0.00702696899
vn -0.390447944 0.774895668 0.497078657
vn -0.268444717 0.452465236 0.850419164
vn -0.153778106 0.051727917 0.986750543
vn -0.572620034 -0.708403587 0.412638754
vn -0.306827337 -0.10334558 0.946137786
vn -0.144727901 -0.469336331 0.871078253
vn -0.492532343 0.230744064 0.839147806
vn -0.658710301 0.492759019 0.568585277
vn -0.764211297 0.620241106 0.176867709
vn -0.789977312 0.567402244 -0.232358679
vn -0.748201251 0.367640793 -0.552299857
vn -0.670476377 0.0930408984 -0.736073911
vn -0.57847333 -0.205105826 -0.78949362
vn -0.468331039 -0.521260083 -0.713410139
vn -0.315381646 -0.82351023 -0.471556157
vn -0.195556372 -0.979623258 0.0457807407
vn -0.268544972 0.452730566 -0.850246191
vn -0.365357071 -0.365385592 -0.856158614
vn -0.153454781 0.0531391837 -0.986725807
vn -0.389260203 0.774589837 -0.498484731
vn -0.477606058 0.878547609 0.00682570459
vn -0.512975037 0.721609712 0.464904487
vn -0.503811181 0.425672561 0.751649618
vn -0.4729366 0.0732718557 0.878044486
vn -0.417898893 -0.315645814 0.851896763
vn -0.339971304 -0.69521755 0.633318305
vn -0.252268493 -0.942146719 0.22072646
vn -0.163988397 -0.948678613 -0.27040118
vn -0.0942035988 -0.727772772 -0.679317713
vn 0.397446454 -0.883474708 0.248009801
vn 0.0972690284 -0.704951823 0.70255357
vn 0.200882941 -0.261413515 0.944091737
vn 0.297275275 0.187290505 0.936242282
vn 0.372342438 0.551416993 0.746525586
vn 0.427288949 0.801852286 0.417680502
vn 0.45200032 0.891851187 -0.0172377974
vn 0.446507514 0.767122447 -0.460602015
vn 0.409094065 0.461813092 -0.787001133
vn 0.341067791 0.0625335723 -0.937956452
vn 0.250429928 -0.370550007 -0.894414663
vn 0.142537802 -0.757941961 -0.636558652
vn 0.0627086461 -0.973548293 -0.219707534
vn 0.220313162 -0.806239724 0.549035192
vn 0.572609425 -0.708495796 -0.412494898
vn 0.195800066 -0.979575574 -0.0457616858
vn 0.338498563 -0.582283556 0.739164829
vn 0.578248918 -0.20570834 0.78950125
vn 0.670250773 0.0933461711 0.736240625
vn 0.748307288 0.367452919 0.552281201
vn 0.789809346 0.567623079 0.232390136
vn 0.764381289 0.62008822 -0.17666848
vn 0.658607841 0.492613882 -0.568829775
vn 0.492402434 0.229977995 -0.839434326
vn 0.307285666 -0.102957197 -0.946031272
vn 0.145488828 -0.469181657 -0.871034741
vn -0 -0.952742815 0.303778052
vn -0.316864371 -0.831768394 0.455805153
vn -0.559199393 0.0661816001 0.826387286
vn -4.95602137E-07 0.144724414 0.989471972
vn -0 1 4.53828352E-06
vn 7.02077386E-07 1 -1.7444188E-06
vn -0.96753782 0.205361083 0.147300556
vn 9.14556779E-07 1 -1.45053627E-06
vn -0.404607475 -0.912679613 0.0575213581
vn -0.316864371 -0.831768394 0.455805153
vn -0.369216353 -0.928828537 0.0309324134
vn -0.979384124 0.182316706 0.0869900882
vn -1.39043459E-06 1 -5.16180876E-07
vn -0.980586767 0.18525973 -0.0642531216
vn -0.143963441 -0.98955977 -0.00677831005
vn -6.36433867E-07 1 -2.04500907E-06
vn -0.367344081 -0.913295567 -0.17592448
vn -0.877354562 0.209935963 -0.431481153
vn -2.78400807E-06 1 -1.48698189E-06
vn -0.321714401 -0.846752644 -0.423686117
vn -0.622340381 0.158512622 -0.766528726
vn -1.23958785E-07 1 -1.57063585E-06
vn -0.231918097 -0.784582913 -0.57501632
vn -0.386827677 0.124171332 -0.913753688
vn 6.65657922E-07 1 1.41158785E-06
vn -0.133392721 -0.772851884 -0.620408058
vn -0.199827477 0.140061766 -0.969768822
vn -1.0759846E-07 1 -1.78513574E-06
vn -2.35472658E-06 -0.74012351 -0.672470987
vn -2.5342203E-07 0.14622131 -0.989251912
vn -0.981411159 0.189028248 0.0331720412
vn -0.912205398 -0.395425707 -0.107330613
vn -0.994574904 -0.0834837407 0.0620582514
vn -0.834097207 0.548558652 0.0580117516
vn -0.957732141 0.192926615 0.213374063
vn -0.913925648 -0.349274784 0.20675391
vn -0.733866215 -0.538589299 0.413959026
vn -0.996774852 0.0668945685 0.0443271771
vn -0.912181914 0.360741407 -0.194396332
vn -0.840985477 -0.502950132 0.199460909
vn -0.995484352 -0.0366165712 -0.0875792429
vn -0.581296086 -0.681816995 0.444095105
vn -0.573789179 -0.702509344 0.42100662
vn -0.000927910616 -0.92751193 0.37379232
vn 0.0166422166 -0.9275949 0.373216748
vn -0.762690008 -0.595500648 -0.252354622
vn 0.393987 -0.88790524 -0.237483948
vn -0.992917061 -0.0551740415 -0.105221219
vn -0.644609988 -0.515538335 -0.56453371
vn -0.956809461 -0.0961188748 -0.274365962
vn -0.637162805 -0.424895257 -0.643029988
vn -0.991969526 0.125909612 -0.0119694956
vn -0.986819267 -0.161320105 -0.0127875181
vn -0.0432841219 -0.952112079 0.302670121
vn 0.542533219 -0.839906573 0.0146494824
vn 0.590378106 -0.804312587 -0.0673423707
vn 0.794598579 -0.602811217 -0.0723306909
vn 0.892444313 -0.442976922 -0.0855253562
vn 0.238528237 -0.879018009 -0.412833482
vn 0.87185204 -0.461306155 -0.164531782
vn 0.185626343 -0.832660913 -0.521745741
vn -0.232928708 -0.895976722 -0.378113598
vn -0.374758899 -0.911255717 -0.170788705
vn -0.767582238 -0.636473656 -0.0756220743
vn -0.853869081 -0.40911451 0.321765214
vn -0.919544399 -0.21872291 0.326493979
vn -0.901653945 -0.20858258 0.378831595
vn -0.795649827 -0.261527061 0.54639262
vn -0.369933307 -0.870636761 0.324254423
vn 0.693196058 -0.0587034188 0.718354523
vn 0.800834477 -0.593866825 0.0773723349
vn 0.852262974 -0.523023963 0.00968790334
vn 0.573746443 -0.704295695 -0.418070257
vn 0.862576544 -0.500772357 -0.0720322505
vn 0.252318561 -0.81594485 -0.52016294
vn -0.22689499 -0.689206123 0.688123286
vn -0.755844831 -0.488169491 -0.436335891
vn -0.487384051 -0.496235013 -0.718475938
vn -0.638180792 -0.295864463 -0.710766852
vn -0.798165321 -0.462762415 -0.385724306
vn -0.9419837 -0.261503518 -0.210434198
vn -0.955211818 -0.279917151 -0.0960047245
vn -0.691731572 -0.16137284 -0.703893602
vn -0.996562421 -0.0804100558 0.0199391674
vn -0.98374325 -0.176990852 0.0303863566
vn -0.986149192 -0.163310826 -0.0289693028
vn -0.542155385 -0.15264599 -0.826297045
vn -0.917729259 0.0841432586 0.388191998
vn -0.786927164 -0.545999944 -0.287454128
vn -0.383552521 -0.375052094 0.843933284
vn -0.998292387 -0.0490913279 0.0316584632
vn -0.969712675 -0.214964092 0.115964599
vn -0.990718424 -0.0554560572 0.124103628
vn -0.822118342 -0.223854378 0.523460209
vn -0.825080812 -0.0576242954 0.562068641
vn -0.895947218 0.435308009 0.0882359743
vn -0.838491797 0.501321554 0.213560894
vn -0.666221857 0.565850496 0.485758722
vn -0.487116247 0.856817305 0.169061795
vn -0.315091938 0.719112217 0.619350195
vn -0.825080812 -0.0576242954 0.562068641
vn -0.435081929 0.851183057 0.293583274
vn -0.142610595 0.0533851124 0.988338172
vn -0.822118342 -0.223854378 0.523460209
vn -0.155736282 -0.168602422 0.973303378
vn 0.00712313782 -0.097613059 0.995199025
vn -0.0176203623 0.0476270579 0.998709798
vn 4.18144236E-06 -0.112619556 0.993638098
vn -0.126311436 0.701611996 0.701274455
vn 2.21542086E-06 0.0103783635 0.999946117
vn -0.207566634 0.923875272 0.321512967
vn 0.0176132638 0.0476270802 0.998709798
vn -0.00711979857 -0.0976127014 0.995199025
vn 4.6876944E-06 0.691194415 0.722668946
vn 0.1426294 0.0533533581 0.9883371
vn 0.155699253 -0.168719426 0.973289073
vn 0.82204473 -0.223891929 0.523559928
vn 0.8250826 -0.0576246157 0.562066078
vn 0.31509012 0.719112575 0.619350672
vn 0.666221619 0.565850675 0.48575902
vn 0.126271397 0.701613307 0.701280534
vn 0.838492692 0.501320362 0.213559896
vn 0.8250826 -0.0576246157 0.562066078
vn 0.435082793 0.851182759 0.293582857
vn 0.207512498 0.923885942 0.321517378
vn -1.82884355E-06 0.936615348 0.350359559
vn 0.487115711 0.856817544 0.169061765
vn 0.990718424 -0.0554565303 0.124103613
vn 0.82204473 -0.223891929 0.523559928
vn 0.969712794 -0.214963198 0.115965657
vn 0.895946205 0.435310125 0.0882356241
vn 0.917729378 0.0841441602 0.388191342
vn 0.998292506 -0.0490898676 0.0316594057
vn 0.983742893 -0.176992923 0.030386664
vn 0.996562541 -0.0804081187 0.0199390277
vn 0.955211163 -0.279919565 -0.0960041434
vn 0.224517047 0.95707047 0.183325544
vn 0.9419837 -0.261502028 -0.210436299
vn 0.79816395 -0.462763131 -0.385726243
vn 0.638180852 -0.295863926 -0.71076709
vn 0.487382829 -0.496236086 -0.718476057
vn 0.691732109 -0.161371276 -0.703893542
vn 0.986149669 -0.163308561 -0.0289698727
vn 0.542155683 -0.152646452 -0.826296687
vn 0.786926687 -0.545998573 -0.287457526
vn 0.383553356 -0.375052452 0.843932748
vn 0.604093611 0.504396021 0.616972983
vn 0.405333638 0.0678799897 0.911645174
vn 0.193424419 0.615431726 0.764088213
vn 0.179955617 0.112883478 0.977176189
vn 0.0623080358 -0.190740272 0.979661107
vn -2.0593618E-06 0.986951053 0.161020413
vn 0.0868527442 0.141816989 0.986075342
vn 0.0533125512 0.0536228754 0.99713707
vn 0.0383265093 -0.00117771223 0.999264538
vn -0.036506772 0.0770134181 0.996361434
vn -0.2245671 0.957058668 0.183325514
vn -4.35093398E-07 0.660703838 0.75064677
vn 0.0173461307 0.251429409 0.967720211
vn -0.604092717 0.504399002 0.616971374
vn -0.193467245 0.615419507 0.7640872
vn -0.405332625 0.06787882 0.911645651
vn 2.2443578E-06 0.155922264 0.987769425
vn -0.0868776217 0.141811654 0.986073971
vn -0.179955453 0.112882219 0.977176428
vn 0.0239558816 -0.216974869 0.975883186
vn -0.0173548348 0.251415879 0.967723548
vn -0.0564647131 0.0559366532 0.996836424
vn -0.0188702773 0.00687588891 0.999798357
vn 6.01108331E-06 0.169639841 0.985506058
vn -0.0508011542 0.00344921765 0.998702884
vn -0.0626342818 0.149726063 0.986741602
vn 0.0275949687 0.0599172562 0.997821808
vn 0.0557474308 0.130798042 0.989840448
vn 0.0513784178 0.00964566879 0.99863261
vn -0.143045217 -0.030574074 0.989243746
vn 0.215979382 -0.0475202203 0.975240827
vn -0.130348757 -0.0490131602 0.990256011
vn -0.00636461331 -0.0619361363 0.998059809
vn 0.0568143018 0.15735358 0.98590672
vn -0.156826019 -0.245313078 0.956675053
vn 0.150044873 -0.156770855 0.976170838
vn -0.0376979113 0.0762785822 0.996373594
vn 0.112650856 -0.00277750939 0.993630707
vn 0.0789134651 0.196761876 0.977270424
vn -0.120603427 0.100825839 0.987567186
vn -0.208496988 -0.118436672 0.970825255
vn -0.0759771764 -0.0554083697 0.995568931
vn -0.147355556 -0.0693949834 0.986646175
vn -1.70039982E-06 -0.122430891 0.992477
vn 0.167510241 -0.102168404 0.980562031
vn 0.153596371 -0.0696277022 0.9856776
vn -0.214646086 -0.0459574312 0.975610018
vn -0.0882405192 -0.0241483822 0.995806456
vn -0.136659831 -0.0167921167 0.990475714
vn -0.0577844121 -0.0449599326 0.997316182
vn 0.162724957 -0.17120795 0.971703887
vn -4.43563607E-07 -0.0776831731 0.996978164
vn 0.208438203 -0.118429422 0.970838785
vn 0.156749725 -0.245258182 0.956701577
vn 0.0212704502 -0.172636062 0.984756052
vn 0.0688767955 -0.053519953 0.996188581
vn -1.6979835E-05 0.137422368 0.99051255
vn 0.0882176831 -0.024138812 0.995808721
vn 0.0759784803 -0.0554084219 0.995568812
vn 0.141014963 -0.0565709509 0.98838985
vn -0.0688391849 -0.0535351783 0.99619031
vn 0.136660904 -0.0167917684 0.990475595
vn 0.0670863241 -0.0514447764 0.996420026
vn 0.0148124378 -0.205460086 0.978553414
vn 1.11641575E-05 -0.0447187349 0.998999655
vn -0.101750419 -0.207164243 0.973000526
vn 0.101710863 -0.207161248 0.973005116
vn 0.155943319 -0.203316391 0.966614783
vn 2.22669564E-06 -0.331634909 0.943407834
vn -0.155942321 -0.203314975 0.96661526
vn 0.0283087324 -0.130329013 0.991066635
vn 0.0489351489 -0.157287672 0.986339688
vn 0.00114854984 -0.194555506 0.98089087
vn 0.112190574 -0.101348735 0.988504827
vn -0.112219192 -0.101362556 0.988500178
vn -0.0283085182 -0.130329072 0.991066515
vn -0.0432100259 -0.165185735 0.985315442
vn -0.000836028194 -0.188636035 0.982046723
vn -0.0263964888 -0.0276054312 0.99927038
vn -0.230857953 -0.198124453 0.952602386
vn -2.09008267E-05 0.0361205228 0.999347389
vn -0.167374894 0.029950954 0.985438228
vn 0.16638726 0.0271071866 0.985687792
vn 0.0196711272 -0.0355893672 0.999172866
vn 0.226363167 -0.199047506 0.953488171
vn -0.00104593532 0.152497798 0.988303304
vn -0.117547028 -0.190623835 0.974600077
vn 0.0462643392 -0.382611424 0.922750235
vn -0.0623322912 -0.39053908 0.918473661
vn -0.00143574888 -0.278364152 0.960474551
vn 0.075956203 -0.222437114 0.97198379
vn 0.00330897397 -0.238266587 0.971194148
vn -0.046728842 -0.34784475 0.936386883
vn -0.106257468 -0.318401396 0.941981912
vn -0.272983193 0.0464081578 0.960898817
vn -0.191736296 -0.243413702 0.950782239
vn -0.183499053 0.26128611 0.947659075
vn -0.431178302 0.312577248 0.846392751
vn -0.28344357 -0.25186497 0.925323606
vn -0.542739928 0.182642952 0.819801748
vn -0.274492234 0.56829685 0.775688589
vn -0.33852607 0.766519129 0.545754969
vn -0.417787671 0.336636692 0.843877494
vn 5.0358135E-06 -0.287385434 0.957814991
vn -8.3212575E-07 0.196638599 0.980476081
vn -2.04427192E-06 0.71038568 0.703812659
vn -2.76363198E-06 0.832303166 0.554320633
vn -0.018728422 0.552992344 0.832975805
vn 0.437269807 0.344068825 0.830910206
vn 0.338565528 0.766514421 0.545737147
vn 0.542744219 0.182647675 0.819797873
vn 0.274530917 0.56829977 0.775672734
vn 0.431176692 0.312579006 0.84639293
vn 0.283440232 -0.251868367 0.925323665
vn 0.191735312 -0.243414 0.950782418
vn 0.272982478 0.0464054942 0.960899115
vn 0.1077068 -0.316462129 0.94247067
vn 0.18351683 0.261284202 0.947656095
vn 0.0467270911 -0.347846806 0.936386287
vn 0.0764748231 -0.396884084 0.914677322
vn 0.0032651918 -0.232048288 0.972698808
vn -0.0544280782 -0.37881729 0.92386955
vn 0.123679832 -0.196814775 0.972608447
vn -0.0716889128 -0.207519978 0.975600362
vn 0.779616117 -0.196924299 -0.594490886
vn 0.979680002 -0.183407962 0.0811706483
vn 0.479329616 0.359136015 -0.800789893
vn 0.548217118 0.633365452 -0.546174228
vn 0.573762894 0.605518401 0.551492155
vn 0.808672547 -0.560035706 0.180023938
vn -0.0834172443 -0.283344597 0.95538336
vn -0.138165221 0.953297615 0.268577844
vn -0.271613926 0.956036448 0.110544853
vn 0.329726696 0.455303848 -0.827030063
vn -0.240014821 0.689525425 -0.683335543
vn -0.297458082 -0.0133894859 0.954640985
vn -0.784440279 0.19206813 0.589714587
vn 0.225898013 -0.726431847 0.649050713
vn -0.138165221 0.953297615 0.268577844
vn 0.808672547 -0.560035706 0.180023938
vn 0.979680002 -0.183407962 0.0811706483
vn -0.271613926 0.956036448 0.110544853
vn 0.677884638 -0.733794987 0.0449140817
vn 0.779616117 -0.196924299 -0.594490886
vn 0.670140624 -0.140934512 -0.728731096
vn 0.755387247 -0.326329708 -0.568241954
vn 0.493449748 -0.852457523 -0.17269513
vn 0.741369367 -0.198320583 -0.641124308
vn 0.657700062 -0.129669279 -0.742035389
vn 0.375136316 -0.913014054 -0.160243854
vn -0.331299961 -0.539023101 0.7743994
vn -0.433825403 -0.655602217 0.618046284
vn -0.645694971 -0.483614415 0.590927362
vn -0.775520623 -0.104031414 0.622691989
vn -0.910087228 0.304792076 -0.280789822
vn -0.910087228 0.304792076 -0.280789822
vn 0.375136316 -0.913014054 -0.160243854
vn -0.761537433 0.643291116 -0.0789764524
vn 0.122872092 0.504008174 -0.854914129
vn -0.240014821 0.689525425 -0.683335543
vn -0.801317036 0.555310488 -0.222533956
vn 0.329726696 0.455303848 -0.827030063
vn -0.254048556 0.667704105 -0.699736118
vn 0.548217118 0.633365452 -0.546174228
vn -0.0438422784 0.0410754122 -0.998193681
vn 0.346966833 0.338482708 -0.874667704
vn 0.315527111 0.270513177 -0.909541249
vn 0.387790203 0.169672802 -0.90599668
vn 0.657700062 -0.129669279 -0.742035389
vn 0.741369367 -0.198320583 -0.641124308
vn 0.755387247 -0.326329708 -0.568241954
vn 0.479329616 0.359136015 -0.800789893
vn 0.670140624 -0.140934512 -0.728731096
vn 0.779616117 -0.196924299 -0.594490886
vn 0.493449748 -0.852457523 -0.17269513
vn 0.657700062 -0.129669279 -0.742035389
vn 0.387790203 0.169672802 -0.90599668
vn 0.315527111 0.270513177 -0.909541249
vn -0.0438422784 0.0410754122 -0.998193681
vn -0.801317036 0.555310488 -0.222533956
vn -0.254048556 0.667704105 -0.699736118
vn 0.616462648 -0.167986378 -0.769255757
vn 0.832570732 -0.50572896 -0.225973949
vn 0.577795029 0.658135056 -0.482712328
vn 0.952440143 0.120505899 0.279885858
vn -0.170748174 0.866053879 0.469889075
vn 0.453313977 0.673665404 -0.58367914
vn 0.097015664 -0.322912157 0.941443384
vn -0.4570719 0.864911079 0.207398519
vn -0.359958112 0.777035058 -0.516378462
vn -0.144028857 -0.10714294 0.983756185
vn -0.560308039 -0.108427785 0.821156681
vn -0.170748174 0.866053879 0.469889075
vn 0.344386965 -0.815319657 0.465458274
vn 0.952440143 0.120505899 0.279885858
vn 0.832570732 -0.50572896 -0.225973949
vn -0.849869251 0.504979372 0.15072529
vn -0.783128738 0.603913248 0.148317933
vn -0.4570719 0.864911079 0.207398519
vn -0.359958112 0.777035058 -0.516378462
vn -0.379493743 0.703303576 -0.601122797
vn 0.0335118473 0.510963142 -0.858949244
vn -0.538201988 0.754037201 -0.376519024
vn -0.841339231 0.537932932 0.05269311
vn -0.474737227 0.664839089 -0.576726556
vn -0.404198289 -0.407170087 0.819045842
vn -0.790829599 -0.593414903 0.149824247
vn -0.258881241 -0.641518891 0.722103894
vn 0.669136345 -0.698071957 -0.254856795
vn -0.314478368 -0.794259429 -0.519860983
vn -0.314478368 -0.794259429 -0.519860983
vn -0.272150278 0.109344862 -0.956021965
vn -0.849869251 0.504979372 0.15072529
vn -0.841339231 0.537932932 0.05269311
vn -0.474737227 0.664839089 -0.576726556
vn -0.618982732 -0.557838023 -0.552880824
vn 0.105631851 0.341094822 -0.934075117
vn 0.685696423 -0.522937715 -0.506316543
vn 0.685696423 -0.522937715 -0.506316543
vn -0.618982732 -0.557838023 -0.552880824
vn 0.277325153 0.310459971 -0.909233391
vn 0.616462648 -0.167986378 -0.769255757
vn 0.577795029 0.658135056 -0.482712328
vn 0.105631851 0.341094822 -0.934075117
vn 0.453313977 0.673665404 -0.58367914
vn 0.0335118473 0.510963142 -0.858949244
vn -0.272150278 0.109344862 -0.956021965
vn -0.379493743 0.703303576 -0.601122797
vn -0.359958112 0.777035058 -0.516378462
vn -0.538201988 0.754037201 -0.376519024
vn -0.474737227 0.664839089 -0.576726556
vn -0.02527624 0.644294322 -0.764359772
vn 0.700316012 0.507621646 -0.501874149
vn -0.408073694 0.891204059 -0.19806838
vn -0.00177296076 0.986743569 0.162277505
vn 0.850477993 0.0637068152 0.522138655
vn 0.674164295 0.445802361 -0.588865578
vn -0.392138839 0.132796049 0.910270393
vn 0.814576626 -0.47651425 0.330755413
vn 0.827799737 -0.353179842 -0.435903162
vn -0.165582716 -0.100788392 0.981032073
vn -0.140804082 -0.528336644 0.837278068
vn 0.850477993 0.0637068152 0.522138655
vn 0.814576626 -0.47651425 0.330755413
vn -0.852650642 0.269292951 0.44773677
vn -0.00177296076 0.986743569 0.162277505
vn 0.591492772 -0.758215368 0.274309665
vn 0.827799737 -0.353179842 -0.435903162
vn 0.760387838 -0.381425709 -0.525665998
vn 0.587338805 0.0342258364 -0.808617115
vn 0.723858237 -0.680860341 0.111617357
vn 0.586157858 -0.788509667 0.186203048
vn 0.719734251 -0.497524202 -0.484202713
vn 0.541911125 -0.799789786 0.258202523
vn -0.476930916 -0.359025896 0.802270055
vn -0.645336568 -0.747650027 0.156716883
vn -0.368204057 0.644820988 -0.669799745
vn -0.408073694 0.891204059 -0.19806838
vn -0.02527624 0.644294322 -0.764359772
vn 0.700316012 0.507621646 -0.501874149
vn -0.885544658 0.0554000624 0.46123901
vn -0.643552601 0.614296257 -0.456596196
vn -0.762512624 -0.453238368 -0.461681187
vn -0.747365594 -0.220116854 -0.626891673
vn -0.0273131169 0.501173735 -0.86491549
vn 0.415889174 0.107638046 -0.903022826
vn -0.762512624 -0.453238368 -0.461681187
vn 0.587338805 0.0342258364 -0.808617115
vn 0.160489365 -0.333771765 -0.928891599
vn 0.674164295 0.445802361 -0.588865578
vn 0.723858237 -0.680860341 0.111617357
vn 0.719734251 -0.497524202 -0.484202713
vn 0.760387838 -0.381425709 -0.525665998
vn 0.827799737 -0.353179842 -0.435903162
vn 0.160489365 -0.333771765 -0.928891599
vn 0.541911125 -0.799789786 0.258202523
vn 0.586157858 -0.788509667 0.186203048
vn 0.719734251 -0.497524202 -0.484202713
vn -0.747365594 -0.220116854 -0.626891673
vn 0.415889174 0.107638046 -0.903022826
vn -0.0273131169 0.501173735 -0.86491549
vn -0.619775832 -0.784769118 -0.0039271852
vn -0.773552001 -0.633269668 0.0242253821
vn -0.44012174 -0.896465242 -0.0514096469
vn -0.39111805 -0.920249403 -0.0129450606
vn -0.746230543 -0.665682554 -0.00259497762
vn -0.394904971 -0.916625977 0.0620240271
vn -0.74037379 -0.626487315 0.243639991
vn -0.582047641 -0.571049631 0.578897953
vn -0.751537442 -0.582105696 0.310394228
vn -0.484740138 -0.842453718 0.235157177
vn -0.11486885 -0.951622128 0.284992188
vn -0.163335949 -0.98536092 -0.0488388762
vn 0.000811269449 -0.999010682 0.044463899
vn 0.172563776 -0.917576492 0.35815537
vn -0.010244485 -0.999357045 -0.0343580171
vn 0.230153427 -0.965460002 -0.122132473
vn 0.222748801 -0.925312281 0.306887746
vn 0.392937183 -0.918414533 -0.0459923781
vn 0.324772686 -0.942498505 -0.0788626671
vn 0.268718392 -0.782672346 0.561439514
vn 0.380307287 -0.816494584 0.434399694
vn 0.469332486 -0.72268182 0.507403314
vn 0.619309425 -0.774649143 -0.127963603
vn 0.496760994 -0.856675088 -0.139055029
vn 0.739197195 -0.625180781 -0.250472635
vn 0.489433914 -0.829130232 0.270180583
vn 0.376935035 -0.686434209 0.621874571
vn 0.623478889 -0.581409216 0.522721171
vn 0.647495091 -0.760809302 -0.0438089781
vn 0.804437637 -0.563893139 -0.186827794
vn 0.898113966 -0.317333847 -0.304451227
vn 0.582563519 -0.561707199 0.587456167
vn 0.582429171 -0.372406244 0.722557902
vn 0.753973603 -0.637806892 0.157245487
vn 0.833149493 -0.543938279 -0.09996555
vn 0.910776019 -0.330614448 -0.247347966
vn 0.918214679 0.00559273083 -0.396043599
vn 0.868466198 -0.464119196 0.174240708
vn 0.935325623 -0.328112751 -0.132317662
vn 0.946417332 -0.0154326279 -0.322577119
vn 0.823487759 0.375164688 -0.425581217
vn 0.978319705 -0.00413235137 -0.207059205
vn 0.864724874 0.327564001 -0.380726546
vn 0.634134889 0.619368672 -0.462877393
vn 0.982904136 -0.153293222 0.101983808
vn 0.908250213 0.326935351 -0.26114139
vn 0.668777883 0.620868444 -0.408972472
vn 0.39867422 0.805583537 -0.438285232
vn 0.601406693 -0.34871769 0.718822598
vn 0.732661605 0.60849601 -0.304859847
vn 0.419822186 0.812587976 -0.404289603
vn 0.125353813 0.906453192 -0.403273016
vn 0.964611709 0.248236001 0.088899456
vn 0.669251263 -0.0344706513 0.742236137
vn 0.555029094 -0.120959319 0.822989345
vn 0.355616331 0.168580577 0.919302821
vn 0.604317367 0.393747687 0.692649484
vn 0.0944517106 0.422140956 0.901596308
vn 0.768452287 0.634848356 0.0803039223
vn 0.253583103 0.646120608 0.719877601
vn -0.171702325 0.524943352 0.83363831
vn 0.444076419 0.836997628 -0.319735885
vn 0.427813441 0.900713205 0.0754413158
vn -0.120443717 0.684490263 0.719003737
vn -0.465663016 0.494803756 0.733707845
vn 0.0485193841 0.990230978 0.130723298
vn -0.415738732 0.578657985 0.701652527
vn -0.696748316 0.512066066 0.502324581
vn 0.147890389 0.94671458 -0.286111712
vn -0.631516337 0.379248947 0.676282048
vn -0.835389912 0.42593199 0.34742716
vn -0.344468951 0.917597353 0.198384076
vn -0.740832388 0.209764823 0.638095737
vn -0.882062376 0.255254328 0.395994157
vn -0.622265399 0.74869132 0.228576258
vn -0.789898515 0.13627924 0.597903132
vn -0.884483039 0.0863794535 0.458506525
vn 0.147583902 0.914230406 -0.377361506
vn -0.214619607 0.909124672 -0.356974483
vn -0.11290054 0.935364723 -0.335180908
vn -0.456100315 0.845572114 -0.277453452
vn -0.140040576 0.962483108 -0.232410938
vn -0.373030037 0.88472718 -0.279475212
vn -0.657745481 0.714462578 -0.238566831
vn -0.800209641 0.474081933 0.367302239
vn -0.85958159 0.504658163 0.0802465379
vn -0.439996153 0.884943783 -0.152570724
vn -0.641342461 0.741599917 -0.196747079
vn -0.793403983 0.585695207 -0.165744528
vn -0.691128373 0.72122997 -0.0465706326
vn -0.853823483 0.509383619 -0.107303016
vn -0.961321771 0.272404701 -0.0406973958
vn -0.946526349 0.310833603 -0.0864307433
vn -0.997551262 0.0205916502 -0.0668395534
vn -0.791827977 -0.0067176586 0.610707223
vn -0.951678157 0.301621974 0.057731837
vn -0.998168468 0.0589447506 0.0136111034
vn -0.941014647 -0.337844968 0.0187659319
vn -0.775589526 -0.1631428 0.609791279
vn -0.929997802 -0.0609709248 0.362472892
vn -0.959202528 -0.0372588076 0.280254096
vn -0.831023812 -0.317258269 0.45688796
vn -0.854462266 -0.344830573 0.388569415
vn -0.986726403 -0.157535583 0.0394146405
vn -0.582047641 -0.571049631 0.578897953
vn -0.751537442 -0.582105696 0.310394228
vn -0.74037379 -0.626487315 0.243639991
vn -0.746230543 -0.665682554 -0.00259497762
vn -0.773552001 -0.633269668 0.0242253821
vn -0.619775832 -0.784769118 -0.0039271852
vn -0.0370535739 -0.357119083 0.933323622
vn -0.64756602 -0.640698135 0.412509531
vn -0.330923438 -0.726499975 0.602235436
vn -0.500370264 -0.551341593 0.667571783
vn -0.521038771 -0.286533773 0.804000556
vn -0.680270851 -0.0872808844 0.727745533
vn -0.302584738 -0.287652045 0.908679664
vn -0.590848505 0.448033512 0.670942724
vn -0.275517315 -0.258884102 0.925780356
vn -0.603468895 -0.18937093 0.774573445
vn -0.432303429 0.509878039 0.743732572
vn -0.726336658 0.418790877 0.54502219
vn -0.662326574 0.579939663 0.474334687
vn -0.865639448 0.36829111 0.33916077
vn -0.386650175 -0.157686561 0.908645511
vn -0.122896336 -0.100535914 0.987314045
vn 0.0726698413 0.181490436 0.98070395
vn 0.262084186 0.322587252 0.909532487
vn -0.938622892 0.131097689 0.319061786
vn 0.0600752234 0.477446884 0.876604497
vn -0.881976783 -0.15570344 0.444829673
vn -0.995684147 -0.0686528683 0.0624485761
vn -0.868220448 0.288402319 0.403753936
vn -0.736243129 -0.0660743862 0.673483551
vn -0.225058734 0.67512387 0.70253557
vn 0.0933523178 0.591476262 0.800900221
vn 0.294504106 0.354964882 0.887280762
vn 0.429497719 0.492931277 0.756670713
vn -0.667989612 -0.683421969 0.29448998
vn 0.181592897 0.69318217 0.697511673
vn 0.532722592 0.59534955 0.601469517
vn -0.716456831 -0.300254047 0.629711986
vn -0.15298897 0.805054486 0.57313323
vn -0.292738438 0.916999102 0.270955235
vn -0.635109961 -0.366354138 0.68001461
vn -0.122630946 0.928082883 0.351601601
vn 0.31439963 0.74724406 0.585473478
vn 0.428117216 0.808644116 0.403497607
vn 0.615244746 0.671760619 0.41256693
vn 0.055663757 0.976095557 0.210093215
vn 0.476075321 0.876695395 0.0689742938
vn 0.682197213 0.722841382 0.110033624
vn 0.671067178 0.685888946 -0.281469375
vn -0.239556745 0.969717681 -0.0475414544
vn 0.473550886 0.829169571 -0.297030836
vn 0.560385585 0.54984653 -0.619384229
vn 0.0810043514 0.980006635 -0.181728452
vn 0.373803586 0.711242497 -0.595319271
vn 0.461506933 0.440531701 -0.770028055
vn -0.0744547993 0.923531651 -0.37622568
vn 0.308403432 0.594233811 -0.7428146
vn 0.249574512 0.22664234 -0.941459477
vn 0.107419066 0.20575197 -0.972690821
vn 0.14888519 -0.0876932144 -0.98495841
vn -0.0645956844 0.820019722 -0.568678379
vn -0.286561877 0.92636323 -0.244404107
vn -0.115447856 0.632015526 -0.766308129
vn -0.0954414085 0.11957033 -0.988227665
vn -0.316975474 0.947811544 -0.0343475454
vn -0.293999076 0.766842604 -0.570540845
vn -0.139076531 -0.102662072 -0.984945774
vn -0.155533999 -0.195156455 -0.96836096
vn -0.325784415 0.904346406 -0.275720984
vn -0.305565 0.324223399 -0.895270467
vn -0.223925233 -0.203174368 -0.953193367
vn -0.117653415 -0.268813461 -0.955979586
vn -0.165029109 -0.0802159607 -0.983021259
vn 0.00975253992 -0.0226112287 -0.999696732
vn -0.0351094231 -0.0907655507 -0.995253205
vn -0.263156056 -0.0842966586 -0.961063504
vn -0.372724652 0.612566054 -0.697021604
vn -0.278619975 0.0153037217 -0.960279524
vn -0.252219766 -0.263642341 -0.931062758
vn -0.292022973 -0.166293919 -0.94184339
vn -0.374660194 -0.149306133 -0.915061414
vn -0.382442117 0.0483193323 -0.922715127
vn -0.302943945 0.316584617 -0.898887694
vn -0.152156815 0.0927681029 -0.983993113
vn -0.475022733 -0.260620952 -0.840493977
vn -0.216591388 -0.512585223 -0.830869734
vn -0.475966603 -0.654699504 -0.58721745
vn -0.660693765 -0.513750792 -0.547305942
vn -0.755053461 -0.606156766 -0.249936461
vn -0.608470321 -0.739723682 -0.287354648
vn -0.734410703 -0.668312252 -0.118320569
vn -0.593657017 -0.297832936 0.747574031
vn -0.0370535739 -0.357119083 0.933323622
vn -0.330923438 -0.726499975 0.602235436
vn -0.64756602 -0.640698135 0.412509531
vn -0.59216547 -0.47517857 0.650803685
vn -0.292845577 -0.486237675 0.823294818
vn -0.084643662 -0.61870265 0.781052232
vn -0.302584738 -0.287652045 0.908679664
vn -0.374465495 -0.0768068135 0.924054265
vn -0.208612099 -0.0802903026 0.974697113
vn 0.437171489 -0.52242583 0.732087731
vn -0.275517315 -0.258884102 0.925780356
vn -0.216322929 -0.537925422 0.814764142
vn -0.136994258 -0.335962564 0.931859314
vn -0.280422449 -0.509035707 0.813784897
vn 0.484222949 -0.35624069 0.799137533
vn -0.164418504 -0.767141581 0.620048642
vn 0.412395954 -0.665258229 0.622383475
vn 0.565058768 -0.605424464 0.560508549
vn 0.372163534 -0.821622908 0.43177551
vn -0.163267344 -0.368345559 0.915240526
vn -0.122896336 -0.100535914 0.987314045
vn 0.13370502 0.117416471 0.984040856
vn 0.262084186 0.322587252 0.909532487
vn 0.15486595 -0.907702982 0.389989555
vn 0.415938109 0.114141516 0.902201295
vn -0.135317132 -0.864553332 0.483980238
vn -0.0363475084 -0.990537584 0.13234134
vn 0.293444753 -0.825519562 0.482086748
vn -0.0694649518 -0.707990587 0.702797174
vn 0.651249826 -0.174897581 0.738433778
vn 0.557173193 0.117682263 0.822015166
vn 0.294504106 0.354964882 0.887280762
vn 0.429497719 0.492931277 0.756670713
vn -0.656668663 -0.69190228 0.300095856
vn 0.618465245 0.263009429 0.740490973
vn 0.532722592 0.59534955 0.601469517
vn 0.781489193 -0.106504075 0.614761353
vn 0.886381507 -0.285850078 0.364167154
vn 0.693661392 0.376246929 0.614224792
vn -0.297502249 -0.695393384 0.654156327
vn -0.375358701 -0.615793228 0.692751408
vn 0.92213726 -0.104532048 0.372472644
vn 0.762778044 0.485751659 0.426866651
vn 0.615244746 0.671760619 0.41256693
vn 0.958168149 0.0926711932 0.270787299
vn 0.851181328 0.516548574 0.0931016952
vn 0.682197213 0.722841382 0.110033624
vn 0.671067178 0.685888946 -0.281469375
vn 0.972927392 -0.230356991 0.0186583288
vn 0.826760173 0.491887033 -0.272974133
vn 0.560385585 0.54984653 -0.619384229
vn 0.981903553 0.0153132724 -0.188762039
vn 0.776815116 0.322703689 -0.540759325
vn 0.461506933 0.440531701 -0.770028055
vn 0.907389402 -0.0922122523 -0.410050422
vn 0.624819756 0.296664238 -0.722212315
vn 0.249574512 0.22664234 -0.941459477
vn 0.43490538 0.162418097 -0.885707438
vn 0.14888519 -0.0876932144 -0.98495841
vn 0.615415394 -0.16786173 -0.770121038
vn 0.944428861 -0.29223606 -0.150506109
vn 0.943676531 -0.325988173 0.0566237383
vn 0.38923654 -0.350275815 -0.851940036
vn 0.815650225 -0.338144153 -0.469439179
vn 0.921773612 -0.344766974 -0.177395508
vn -0.0889998376 -0.266724408 -0.959654629
vn -0.155533999 -0.195156455 -0.96836096
vn -0.117653415 -0.268813461 -0.955979586
vn 0.680985928 -0.410511643 -0.606414378
vn -0.0351813734 -0.31837064 -0.947313309
vn 0.0919322371 -0.329635471 -0.939621687
vn -0.199588135 -0.295358479 -0.934306145
vn -0.120779879 -0.343446583 -0.931373596
vn -0.0870635509 -0.389665365 -0.91683197
vn 0.0948486477 -0.188628197 -0.977457404
vn 0.00975253992 -0.0226112287 -0.999696732
vn 0.109101914 -0.418231875 -0.901764393
vn 0.372307003 -0.334411263 -0.865769327
vn -0.0351094231 -0.0907655507 -0.995253205
vn 0.151049465 -0.202337041 -0.967596948
vn -0.216591388 -0.512585223 -0.830869734
vn -0.593657017 -0.297832936 0.747574031
vn -0.208612099 -0.0802903026 0.974697113
vn -0.433824629 -0.209418133 0.876321971
vn -0.280422449 -0.509035707 0.813784897
vn -0.656345785 -0.281598002 0.699937701
vn -0.453362107 -0.6797809 0.57650727
vn -0.81181854 -0.558296442 0.171042964
vn -0.79603529 -0.15348807 0.585465014
vn -0.876606762 -0.00041716182 0.481207192
vn -0.872563124 0.00285075814 0.488493145
vn -0.889311373 -0.373505473 0.263854086
vn -0.888003647 -0.320940822 -0.329312265
vn -0.734410703 -0.668312252 -0.118320569
vn -0.755053461 -0.606156766 -0.249936461
vn -0.660693765 -0.513750792 -0.547305942
vn -0.475022733 -0.260620952 -0.840493977
vn -0.517810285 0.258669943 -0.815452278
vn -0.152156815 0.0927681029 -0.983993113
vn -0.302943945 0.316584617 -0.898887694
vn -0.873460472 0.331499189 -0.356616169
vn -0.604697466 0.284983695 -0.743723929
vn -0.382442117 0.0483193323 -0.922715127
vn -0.939930797 0.341336668 -0.00439721439
vn -0.978116512 -0.202865407 0.0461906567
vn -0.571442008 -0.278093934 -0.77208668
vn -0.374660194 -0.149306133 -0.915061414
vn -0.526700258 -0.23009181 -0.818318129
vn -0.292022973 -0.166293919 -0.94184339
vn -0.252219766 -0.263642341 -0.931062758
vn -0.950805485 -0.244698212 -0.189978242
vn -0.91230756 -0.111319795 0.394084781
vn -0.532896698 -0.0271318406 -0.845745265
vn -0.278619975 0.0153037217 -0.960279524
vn -0.372724652 0.612566054 -0.697021604
vn -0.660680294 0.110181838 0.74253726
vn -0.908260822 0.260558486 0.327370644
vn -0.66797328 0.479020506 0.569518328
vn -0.936997831 0.0870153382 -0.338324457
vn -0.708977461 0.550192535 -0.441179246
vn -0.186311558 0.330369055 0.925280631
vn -0.880564988 0.434892327 -0.188345551
vn -0.733135223 0.657216966 0.174867302
vn -0.4826051 0.868127108 -0.115963876
vn -0.458652973 0.878484309 0.133800969
vn -0.48671478 0.765511215 0.420834064
vn -0.262480855 0.566098213 0.78143239
vn -0.381490529 0.744831085 0.547441065
vn -0.608691812 -0.158642262 0.777384579
vn -0.300433904 -0.74254638 0.598635375
vn -0.350137651 -0.286233723 0.891893387
vn -0.325392485 0.0104112504 0.945521712
vn -0.049844943 -0.050549265 0.997476876
vn 0.137540489 -0.370198131 0.918714225
vn 0.234101668 0.260971278 0.936531067
vn -0.624262333 -0.432675302 0.650452673
vn -0.304670185 -0.129566431 0.943604052
vn -0.510703623 0.250539482 0.822442651
vn -0.117992021 0.532932341 0.837890744
vn -0.252791792 0.705611289 0.661973655
vn -0.779616594 -0.196923241 -0.594490707
vn -0.479330152 0.359136373 -0.800789356
vn -0.979679644 -0.183409765 0.0811702237
vn -0.548217177 0.633365273 -0.546174288
vn -0.573764145 0.605519652 0.551489413
vn -0.808672786 -0.560035527 0.180023879
vn 0.0834169239 -0.283344984 0.955383241
vn 0.138164997 0.953297496 0.268578529
vn 0.271614432 0.95603615 0.110546246
vn -0.329726875 0.455303699 -0.827030063
vn 0.240015224 0.689525723 -0.683335125
vn 0.297456503 -0.013389918 0.954641402
vn 0.784439981 0.192068085 0.589715004
vn -0.225898057 -0.726432264 0.649050236
vn 0.138164997 0.953297496 0.268578529
vn -0.808672786 -0.560035527 0.180023879
vn -0.979679644 -0.183409765 0.0811702237
vn 0.271614432 0.95603615 0.110546246
vn -0.677885115 -0.733794689 0.0449132994
vn -0.779616594 -0.196923241 -0.594490707
vn -0.670141816 -0.140932947 -0.728730261
vn -0.755389214 -0.32632944 -0.568239629
vn -0.493449748 -0.852457821 -0.172693357
vn -0.741364896 -0.198326513 -0.641127706
vn -0.657698035 -0.129672036 -0.742036641
vn -0.375137746 -0.913013875 -0.160241798
vn 0.331300378 -0.539023578 0.774398923
vn 0.43382445 -0.655602515 0.618046701
vn 0.645695508 -0.483613133 0.590927839
vn 0.775520742 -0.104031309 0.622691751
vn 0.910087109 0.304791838 -0.280790538
vn 0.910087109 0.304791838 -0.280790538
vn -0.375137746 -0.913013875 -0.160241798
vn 0.76153791 0.643290758 -0.0789750218
vn -0.122876726 0.504009187 -0.854912877
vn 0.240015224 0.689525723 -0.683335125
vn 0.801316798 0.555309355 -0.222537383
vn -0.329726875 0.455303699 -0.827030063
vn 0.254049897 0.667702377 -0.69973737
vn -0.548217177 0.633365273 -0.546174288
vn 0.0438410118 0.0410754681 -0.9981938
vn -0.346968681 0.338483006 -0.87466675
vn -0.315527141 0.270512283 -0.909541547
vn -0.387789905 0.169673055 -0.90599668
vn -0.657698035 -0.129672036 -0.742036641
vn -0.741364896 -0.198326513 -0.641127706
vn -0.755389214 -0.32632944 -0.568239629
vn -0.479330152 0.359136373 -0.800789356
vn -0.670141816 -0.140932947 -0.728730261
vn -0.779616594 -0.196923241 -0.594490707
vn -0.493449748 -0.852457821 -0.172693357
vn -0.387789905 0.169673055 -0.90599668
vn -0.657698035 -0.129672036 -0.742036641
vn -0.315527141 0.270512283 -0.909541547
vn 0.0438410118 0.0410754681 -0.9981938
vn 0.801316798 0.555309355 -0.222537383
vn 0.254049897 0.667702377 -0.69973737
vn -0.616461456 -0.167986974 -0.769256592
vn -0.577794552 0.658134997 -0.482712924
vn -0.832571208 -0.505728126 -0.225974053
vn -0.95244056 0.12050426 0.279885262
vn 0.170748726 0.866054058 0.469888687
vn -0.453313708 0.673664212 -0.583680809
vn -0.0970167443 -0.322912604 0.941443205
vn 0.457072496 0.864911139 0.207396612
vn 0.359958261 0.777033806 -0.516380191
vn 0.1440299 -0.107143737 0.983755827
vn 0.560307443 -0.108427912 0.821157157
vn 0.170748726 0.866054058 0.469888687
vn -0.344387412 -0.815319777 0.465457857
vn -0.95244056 0.12050426 0.279885262
vn -0.832571208 -0.505728126 -0.225974053
vn 0.849868953 0.504979968 0.150724813
vn 0.783129394 0.603913188 0.148314968
vn 0.457072496 0.864911139 0.207396612
vn 0.359958261 0.777033806 -0.516380191
vn 0.379497617 0.703301549 -0.601122677
vn -0.0335136764 0.510962963 -0.858949244
vn 0.538203835 0.754035413 -0.37651971
vn 0.841338456 0.537933886 0.052693814
vn 0.47474727 0.664837122 -0.576720476
vn 0.404198557 -0.40716961 0.819046021
vn 0.790829599 -0.593415022 0.149823606
vn 0.25888133 -0.641518772 0.722103894
vn -0.669136763 -0.698072314 -0.254854858
vn 0.314478457 -0.794259429 -0.519860923
vn 0.314478457 -0.794259429 -0.519860923
vn 0.272148758 0.109343946 -0.956022501
vn 0.849868953 0.504979968 0.150724813
vn 0.841338456 0.537933886 0.052693814
vn 0.47474727 0.664837122 -0.576720476
vn 0.618987262 -0.55783546 -0.552878261
vn -0.105631299 0.34109354 -0.934075594
vn -0.68569535 -0.522938609 -0.506317019
vn -0.68569535 -0.522938609 -0.506317019
vn 0.618987262 -0.55783546 -0.552878261
vn -0.277327657 0.310458153 -0.909233272
vn -0.616461456 -0.167986974 -0.769256592
vn -0.577794552 0.658134997 -0.482712924
vn -0.105631299 0.34109354 -0.934075594
vn -0.453313708 0.673664212 -0.583680809
vn -0.0335136764 0.510962963 -0.858949244
vn 0.272148758 0.109343946 -0.956022501
vn 0.379497617 0.703301549 -0.601122677
vn 0.359958261 0.777033806 -0.516380191
vn 0.538203835 0.754035413 -0.37651971
vn 0.47474727 0.664837122 -0.576720476
vn 0.025275344 0.644297004 -0.764357567
vn 0.408075958 0.891202748 -0.198070005
vn -0.700315833 0.507621825 -0.501874268
vn 0.00177324342 0.986743569 0.162277788
vn -0.850476205 0.0637081936 0.522141337
vn -0.674165428 0.445801526 -0.588864923
vn 0.392138958 0.132796794 0.910270333
vn -0.814576864 -0.476514876 0.330753893
vn -0.827798605 -0.353179783 -0.435905367
vn 0.165585145 -0.100788034 0.981031835
vn 0.140803576 -0.528337359 0.83727777
vn -0.850476205 0.0637081936 0.522141337
vn -0.814576864 -0.476514876 0.330753893
vn 0.852650464 0.269292831 0.447737157
vn 0.00177324342 0.986743569 0.162277788
vn -0.591492832 -0.758215368 0.274309725
vn -0.827798605 -0.353179783 -0.435905367
vn -0.760387599 -0.381424218 -0.525667429
vn -0.587339044 0.0342255384 -0.808616996
vn -0.723858893 -0.680859923 0.111615688
vn -0.58615613 -0.788510561 0.186204746
vn -0.71973747 -0.497526228 -0.484195918
vn -0.541909337 -0.799790502 0.258204341
vn 0.476930767 -0.3590267 0.802269816
vn 0.645337284 -0.747649372 0.156717151
vn 0.368205875 0.644820631 -0.66979897
vn 0.408075958 0.891202748 -0.198070005
vn 0.025275344 0.644297004 -0.764357567
vn -0.700315833 0.507621825 -0.501874268
vn 0.885544658 0.055401098 0.46123901
vn 0.643552184 0.614296198 -0.456596941
vn 0.762511373 -0.453240842 -0.461680889
vn 0.747366369 -0.220117345 -0.626890659
vn 0.0273327325 0.501176953 -0.864913106
vn -0.415889829 0.107637458 -0.903022647
vn 0.762511373 -0.453240842 -0.461680889
vn -0.587339044 0.0342255384 -0.808616996
vn -0.160491034 -0.333771616 -0.928891361
vn -0.674165428 0.445801526 -0.588864923
vn -0.723858893 -0.680859923 0.111615688
vn -0.71973747 -0.497526228 -0.484195918
vn -0.760387599 -0.381424218 -0.525667429
vn -0.827798605 -0.353179783 -0.435905367
vn -0.160491034 -0.333771616 -0.928891361
vn -0.541909337 -0.799790502 0.258204341
vn -0.58615613 -0.788510561 0.186204746
vn -0.71973747 -0.497526228 -0.484195918
vn 0.747366369 -0.220117345 -0.626890659
vn -0.415889829 0.107637458 -0.903022647
vn 0.0273327325 0.501176953 -0.864913106
vn 0.619775653 -0.784769177 -0.00392729184
vn 0.440121621 -0.896465361 -0.05140955
vn 0.773551881 -0.633269668 0.0242252611
vn 0.39111799 -0.920249522 -0.0129451342
vn 0.746230543 -0.665682554 -0.00259538903
vn 0.394904941 -0.916625977 0.062023446
vn 0.740373909 -0.626487315 0.243639454
vn 0.582047343 -0.571048856 0.578898966
vn 0.751537025 -0.582105994 0.310394436
vn 0.484740168 -0.842453599 0.235157043
vn 0.11486873 -0.951622128 0.284992099
vn 0.163335979 -0.98536092 -0.0488389656
vn -0.000811407284 -0.999010682 0.0444639176
vn -0.172564954 -0.917576253 0.358155161
vn 0.0102442382 -0.999357045 -0.0343580171
vn -0.230153993 -0.965459824 -0.122132719
vn -0.222749457 -0.925312042 0.306887984
vn -0.392937303 -0.918414414 -0.0459924079
vn -0.324773043 -0.942498386 -0.0788624212
vn -0.268717527 -0.782672584 0.561439753
vn -0.380306602 -0.816493869 0.434401602
vn -0.469332993 -0.722682655 0.507401526
vn -0.619309783 -0.774648845 -0.127963394
vn -0.496760845 -0.856675208 -0.139055073
vn -0.739197373 -0.625180542 -0.250472516
vn -0.489432991 -0.82913053 0.270181447
vn -0.376937836 -0.686433852 0.621873319
vn -0.623478651 -0.581409395 0.522721291
vn -0.647494256 -0.760810137 -0.0438082963
vn -0.804438114 -0.563892484 -0.186828107
vn -0.898114562 -0.317332983 -0.304450661
vn -0.582561255 -0.561709106 0.587456644
vn -0.58242929 -0.372406721 0.722557485
vn -0.75397402 -0.637806416 0.157245517
vn -0.833148897 -0.543939233 -0.0999650434
vn -0.910776019 -0.33061406 -0.247348472
vn -0.918215036 0.00559231918 -0.396042883
vn -0.868464649 -0.464121431 0.174242139
vn -0.935325503 -0.328113139 -0.132317394
vn -0.946417332 -0.0154324109 -0.322577268
vn -0.823488235 0.375163883 -0.425581008
vn -0.978319705 -0.00413252646 -0.207059205
vn -0.864724874 0.32756415 -0.380726546
vn -0.634135425 0.619367898 -0.462877572
vn -0.982904136 -0.15329276 0.101984091
vn -0.668777764 0.620868742 -0.408972293
vn -0.398675263 0.805583179 -0.438285053
vn -0.908250213 0.326935589 -0.2611413
vn -0.601407945 -0.348717213 0.718821883
vn -0.419822007 0.812588096 -0.404289573
vn -0.12535423 0.906452894 -0.403273374
vn -0.732661247 0.608496368 -0.304860115
vn -0.964611709 0.248235628 0.0889002457
vn -0.669250965 -0.0344700515 0.742236376
vn -0.555028677 -0.120959029 0.822989702
vn -0.355615705 0.168581381 0.91930294
vn -0.604315937 0.393748879 0.69265008
vn -0.0944516733 0.42214185 0.901595891
vn -0.768451929 0.634848654 0.080304414
vn -0.253583223 0.646120608 0.719877541
vn 0.171702474 0.524942338 0.833638906
vn -0.444075823 0.836997986 -0.319736004
vn -0.427812904 0.900713444 0.0754425824
vn 0.120443895 0.68448931 0.719004691
vn 0.465663671 0.494801223 0.733709216
vn -0.0485188924 0.990230978 0.130723536
vn 0.415738732 0.578657508 0.701652944
vn 0.69674778 0.512067795 0.502323806
vn -0.147889927 0.94671458 -0.286111921
vn 0.344468355 0.917597234 0.198385775
vn 0.631516993 0.379248738 0.676281512
vn 0.835390329 0.425931334 0.34742704
vn 0.740830898 0.209764093 0.638097763
vn 0.882063031 0.255253911 0.395992756
vn 0.622266471 0.748690844 0.228574798
vn 0.78989923 0.136278927 0.597902358
vn 0.88448298 0.0863793045 0.458506763
vn -0.147583991 0.914230406 -0.377361447
vn 0.214620695 0.909124017 -0.356975585
vn 0.112900496 0.935365021 -0.335180104
vn 0.456100851 0.845571399 -0.277454287
vn 0.140040487 0.962483108 -0.23241128
vn 0.373029888 0.884727359 -0.279474944
vn 0.657745361 0.714462638 -0.238567084
vn 0.800209343 0.474082083 0.367302656
vn 0.859581709 0.504658222 0.0802464411
vn 0.439996004 0.884943724 -0.15257214
vn 0.641342521 0.741599858 -0.196747214
vn 0.793403685 0.585695624 -0.165744841
vn 0.691128433 0.72122997 -0.0465702303
vn 0.853823483 0.5093835 -0.107303061
vn 0.96132195 0.272403777 -0.0406975225
vn 0.94652617 0.310834229 -0.0864307657
vn 0.997551143 0.0205931067 -0.0668397024
vn 0.791828275 -0.00671748258 0.610706985
vn 0.951678157 0.301622063 0.0577316098
vn 0.998168468 0.0589437671 0.0136109414
vn 0.941015065 -0.337844163 0.0187657885
vn 0.775589406 -0.163143262 0.609791338
vn 0.929997385 -0.0609720834 0.362473816
vn 0.959202528 -0.0372590236 0.280254036
vn 0.831023991 -0.31725809 0.456887722
vn 0.854462624 -0.344829887 0.388569176
vn 0.986726403 -0.157535776 0.0394144244
vn 0.582047343 -0.571048856 0.578898966
vn 0.751537025 -0.582105994 0.310394436
vn 0.740373909 -0.626487315 0.243639454
vn 0.746230543 -0.665682554 -0.00259538903
vn 0.773551881 -0.633269668 0.0242252611
vn 0.619775653 -0.784769177 -0.00392729184
vn 0.0370547324 -0.357119113 0.933323622
vn 0.33092466 -0.726501346 0.602233171
vn 0.647566378 -0.640698314 0.412508518
vn 0.500369668 -0.551343203 0.667570829
vn 0.521039546 -0.28653276 0.804000437
vn 0.680271506 -0.0872806609 0.727744997
vn 0.302583158 -0.287651926 0.90868026
vn 0.590847611 0.448033452 0.670943499
vn 0.275516987 -0.258883595 0.925780594
vn 0.603469133 -0.189370945 0.774573147
vn 0.432302803 0.509877801 0.743733108
vn 0.726337135 0.418789893 0.545022368
vn 0.662327349 0.579940438 0.474332958
vn 0.865639687 0.368291378 0.339159906
vn 0.38665688 -0.157685325 0.908642828
vn 0.12289536 -0.100536019 0.987314165
vn -0.072668381 0.181491479 0.98070395
vn -0.262084961 0.322587848 0.90953207
vn 0.938622892 0.131098479 0.319061577
vn -0.0600750968 0.477446944 0.876604497
vn 0.881977022 -0.155704767 0.444828689
vn 0.995684147 -0.0686528534 0.0624491237
vn 0.868220925 0.288401753 0.403753638
vn 0.736243129 -0.0660752058 0.673483551
vn 0.225059494 0.67512393 0.702535272
vn -0.0933512375 0.591475904 0.800900578
vn -0.294503957 0.354965329 0.887280762
vn -0.429497451 0.492931604 0.756670654
vn 0.66798991 -0.683421195 0.294490993
vn -0.181593001 0.693182051 0.697511852
vn -0.532723069 0.595349312 0.601469278
vn 0.716456234 -0.300253361 0.629712939
vn 0.152989 0.805054963 0.573132515
vn 0.29273808 0.91699934 0.270955324
vn 0.635109723 -0.366353631 0.680015087
vn 0.12263117 0.928082466 0.351602823
vn -0.314400226 0.747243404 0.585474074
vn -0.428116918 0.808644831 0.403496563
vn -0.615244746 0.671760619 0.412567049
vn -0.0556632169 0.976095319 0.210094273
vn -0.476074219 0.876695991 0.0689732879
vn -0.682197094 0.72284162 0.110032573
vn -0.671067059 0.685889125 -0.281469613
vn 0.239556044 0.96971792 -0.0475405306
vn -0.473550916 0.829170048 -0.297029555
vn -0.560385704 0.549846351 -0.619384348
vn -0.0810047761 0.980006397 -0.181729704
vn -0.373803347 0.711242855 -0.595318913
vn -0.461506546 0.440530509 -0.770029008
vn 0.0744546801 0.92353195 -0.376224995
vn -0.308403373 0.594233215 -0.742815077
vn -0.249572456 0.226641297 -0.941460192
vn -0.107419014 0.205751836 -0.972690821
vn -0.148885652 -0.0876931027 -0.98495841
vn 0.064595677 0.820019722 -0.568678379
vn 0.286561906 0.92636323 -0.244404599
vn 0.115447603 0.632013619 -0.766309738
vn 0.0954410136 0.11957033 -0.988227665
vn 0.316975564 0.947811544 -0.0343484133
vn 0.293998957 0.766843438 -0.570539832
vn 0.139074653 -0.102662079 -0.984946012
vn 0.155534655 -0.195156246 -0.96836096
vn 0.325784534 0.904346645 -0.275719941
vn 0.305565417 0.324222982 -0.895270467
vn 0.223924831 -0.203174472 -0.953193486
vn 0.117652349 -0.268813372 -0.955979824
vn 0.165028661 -0.080216065 -0.983021379
vn -0.00975312572 -0.0226115845 -0.999696732
vn 0.035109356 -0.0907657295 -0.995253205
vn 0.263155341 -0.0842966512 -0.961063564
vn 0.372723758 0.612565815 -0.697022259
vn 0.278618693 0.0153041426 -0.960279942
vn 0.252219796 -0.263642311 -0.931062818
vn 0.292023212 -0.16629371 -0.94184339
vn 0.374659956 -0.149306029 -0.915061533
vn 0.382441521 0.0483193472 -0.922715425
vn 0.302943856 0.316585153 -0.898887634
vn 0.152156562 0.0927680209 -0.983993113
vn 0.475023061 -0.260620683 -0.840493858
vn 0.21659179 -0.51258415 -0.83087033
vn 0.475965202 -0.654700518 -0.587217569
vn 0.660693944 -0.513750792 -0.547305822
vn 0.755054712 -0.606156111 -0.249934405
vn 0.608470619 -0.73972404 -0.287353188
vn 0.734410107 -0.668312848 -0.118320443
vn 0.593657255 -0.297833562 0.747573614
vn 0.33092466 -0.726501346 0.602233171
vn 0.0370547324 -0.357119113 0.933323622
vn 0.647566378 -0.640698314 0.412508518
vn 0.592165947 -0.475178331 0.650803387
vn 0.292845726 -0.48623997 0.823293447
vn 0.0846436843 -0.618702173 0.78105253
vn 0.302583158 -0.287651926 0.90868026
vn 0.374464631 -0.0768058673 0.924054682
vn 0.208611235 -0.080289863 0.974697351
vn -0.437172204 -0.522426724 0.732086539
vn 0.275516987 -0.258883595 0.925780594
vn 0.216321975 -0.537925243 0.81476444
vn 0.136995539 -0.335961193 0.931859672
vn 0.280422449 -0.509035408 0.813785136
vn -0.484223247 -0.356242001 0.799136758
vn 0.164418042 -0.767141342 0.620049059
vn -0.412397325 -0.665255725 0.622385144
vn -0.565058708 -0.605424464 0.560508609
vn -0.372165769 -0.821623087 0.431773275
vn 0.163264468 -0.368346274 0.915240824
vn 0.12289536 -0.100536019 0.987314165
vn -0.133707955 0.117415942 0.984040558
vn -0.262084961 0.322587848 0.90953207
vn -0.154865012 -0.907703161 0.389989436
vn -0.41593796 0.114141412 0.902201355
vn 0.135316923 -0.864552736 0.483981282
vn 0.0363491774 -0.990537226 0.132343248
vn -0.293444395 -0.825519323 0.482087433
vn 0.0694629624 -0.707989991 0.702798009
vn -0.651249707 -0.174898162 0.738433778
vn -0.557172954 0.117681772 0.822015405
vn -0.294503957 0.354965329 0.887280762
vn -0.429497451 0.492931604 0.756670654
vn 0.656668484 -0.69190228 0.300096154
vn -0.618465483 0.263009429 0.740490735
vn -0.532723069 0.595349312 0.601469278
vn -0.781489193 -0.106504098 0.614761412
vn -0.886381269 -0.285850167 0.364167362
vn -0.693661571 0.376247406 0.614224374
vn 0.29750371 -0.695395231 0.654153705
vn 0.375361443 -0.615792811 0.692750394
vn -0.92213726 -0.104531817 0.372472733
vn -0.762777209 0.485751629 0.426868021
vn -0.615244746 0.671760619 0.412567049
vn -0.958168268 0.0926705599 0.27078712
vn -0.851181149 0.516548753 0.0931031406
vn -0.682197094 0.72284162 0.110032573
vn -0.671067059 0.685889125 -0.281469613
vn -0.972927392 -0.230356663 0.0186579414
vn -0.826760352 0.491886765 -0.272973865
vn -0.560385704 0.549846351 -0.619384348
vn -0.981903434 0.0153137855 -0.188762039
vn -0.776815534 0.322702736 -0.540759325
vn -0.461506546 0.440530509 -0.770029008
vn -0.907389879 -0.0922112316 -0.410049736
vn -0.6248191 0.296664 -0.72221303
vn -0.249572456 0.226641297 -0.941460192
vn -0.434905022 0.162418321 -0.885707557
vn -0.148885652 -0.0876931027 -0.98495841
vn -0.615416169 -0.167861208 -0.770120561
vn -0.9444291 -0.292235464 -0.150506064
vn -0.943676472 -0.325988322 0.0566237494
vn -0.389236778 -0.350275755 -0.851939976
vn -0.815650582 -0.338143498 -0.469439149
vn -0.921773672 -0.344766885 -0.177395388
vn 0.0889999121 -0.266723871 -0.959654868
vn 0.155534655 -0.195156246 -0.96836096
vn 0.117652349 -0.268813372 -0.955979824
vn -0.680985808 -0.410512269 -0.60641408
vn 0.0351822488 -0.31837073 -0.94731319
vn -0.0919358209 -0.329634994 -0.939621508
vn 0.199587509 -0.295358688 -0.934306145
vn 0.120778129 -0.343446404 -0.931373775
vn 0.0870619491 -0.389664918 -0.916832328
vn -0.0948490724 -0.188628063 -0.977457404
vn -0.00975312572 -0.0226115845 -0.999696732
vn -0.109101877 -0.418231606 -0.901764452
vn -0.372307986 -0.334410757 -0.865769148
vn 0.035109356 -0.0907657295 -0.995253205
vn -0.151048437 -0.202336967 -0.967597067
vn 0.21659179 -0.51258415 -0.83087033
vn 0.593657255 -0.297833562 0.747573614
vn 0.208611235 -0.080289863 0.974697351
vn 0.433824867 -0.209417999 0.876321912
vn 0.280422449 -0.509035408 0.813785136
vn 0.656345904 -0.281597793 0.699937701
vn 0.453362077 -0.679781258 0.576507092
vn 0.811818302 -0.558296978 0.171042532
vn 0.796035528 -0.15348804 0.585464656
vn 0.876606882 -0.000417067844 0.481206983
vn 0.872562945 0.00285090064 0.488493532
vn 0.889310956 -0.373506546 0.263853908
vn 0.888003469 -0.320940882 -0.329312772
vn 0.734410107 -0.668312848 -0.118320443
vn 0.755054712 -0.606156111 -0.249934405
vn 0.660693944 -0.513750792 -0.547305822
vn 0.475023061 -0.260620683 -0.840493858
vn 0.517810464 0.258669913 -0.815452158
vn 0.152156562 0.0927680209 -0.983993113
vn 0.302943856 0.316585153 -0.898887634
vn 0.873460114 0.331500113 -0.35661599
vn 0.604697466 0.284983814 -0.743723929
vn 0.382441521 0.0483193472 -0.922715425
vn 0.939930677 0.341337025 -0.0043982598
vn 0.978116751 -0.202864647 0.0461910479
vn 0.571442008 -0.278093994 -0.77208668
vn 0.374659956 -0.149306029 -0.915061533
vn 0.526701093 -0.230092004 -0.818317533
vn 0.292023212 -0.16629371 -0.94184339
vn 0.252219796 -0.263642311 -0.931062818
vn 0.950805485 -0.244698033 -0.189978465
vn 0.91230756 -0.111319728 0.394084871
vn 0.532896578 -0.0271322634 -0.845745265
vn 0.278618693 0.0153041426 -0.960279942
vn 0.372723758 0.612565815 -0.697022259
vn 0.660679758 0.110181212 0.742537737
vn 0.90826124 0.260557979 0.327369869
vn 0.667973518 0.479020596 0.569517851
vn 0.936997831 0.087016128 -0.338324249
vn 0.708977163 0.550192893 -0.441179365
vn 0.186309338 0.330369443 0.925281048
vn 0.880564809 0.434892505 -0.188345745
vn 0.733135402 0.657216907 0.174866825
vn 0.482605398 0.868126929 -0.115964487
vn 0.458653867 0.878484011 0.133799821
vn 0.486714512 0.76551038 0.420835972
vn 0.262482256 0.566098452 0.781431735
vn 0.381491333 0.744832098 0.547439158
vn 0.608694136 -0.158640817 0.777383089
vn 0.30043292 -0.742545068 0.598637581
vn 0.350138158 -0.286235273 0.891892731
vn 0.325392723 0.0104119424 0.945521712
vn 0.049843628 -0.0505489781 0.997476995
vn -0.137542009 -0.370198756 0.918713868
vn -0.234101444 0.260971308 0.936531067
vn 0.624263167 -0.432676464 0.650451005
vn 0.304669499 -0.129566729 0.94360429
vn 0.510704517 0.250539303 0.822442055
vn 0.117993362 0.532932222 0.837890685
vn 0.25279206 0.705611467 0.661973238
vn -0.680985808 -0.410512269 -0.60641408
vn -0.880047023 -0.474396199 -0.0215739254
vn -0.871171713 -0.441176355 0.215460807
vn -0.627700627 -0.699104667 -0.342409998
vn -0.6905514 -0.675068855 0.259655297
vn -0.491853148 -0.596223235 0.634506404
vn -0.746337712 -0.456937581 0.483929813
vn -0.0549042299 -0.562073529 -0.825262845
vn -0.0919358209 -0.329634994 -0.939621508
vn 0.199587509 -0.295358688 -0.934306145
vn 0.156103328 -0.560885489 -0.813043177
vn 0.120778129 -0.343446404 -0.931373775
vn 0.0870619491 -0.389664918 -0.916832328
vn -0.189186737 -0.942717552 -0.274757951
vn -0.532842219 -0.841025531 -0.0935695246
vn -0.329585075 -0.848318875 0.414401829
vn 0.220380113 -0.599643707 -0.769324422
vn -0.109101877 -0.418231606 -0.901764452
vn 0.197031438 -0.968654275 -0.151286066
vn -0.350201279 -0.620932043 -0.701286256
vn -0.372307986 -0.334410757 -0.865769148
vn 0.178313971 -0.977560818 0.11215581
vn 0.0828248933 -0.87207216 0.482317537
vn -0.122780122 -0.586977303 0.800239086
vn -0.318353742 -0.549960077 -0.77213645
vn -0.151048437 -0.202336967 -0.967597067
vn 0.21659179 -0.51258415 -0.83087033
vn 0.24136126 -0.939948797 -0.241331756
vn 0.475965202 -0.654700518 -0.587217569
vn 0.608470619 -0.73972404 -0.287353188
vn -0.383313805 -0.880341589 -0.279408604
vn 0.486414701 -0.87181735 0.0577514656
vn 0.734410107 -0.668312848 -0.118320443
vn 0.811818302 -0.558296978 0.171042532
vn 0.453362077 -0.679781258 0.576507092
vn -0.387324691 -0.917252481 0.0928833634
vn -0.0667831302 -0.914437294 0.399179637
vn 0.131888971 -0.743990242 0.655044913
vn -0.000701675599 -0.783747375 0.621079326
vn -0.29526481 -0.122776367 0.947493792
vn -0.530593574 -0.189449862 0.826183498
vn -0.666905046 -0.185871318 0.721588194
vn -0.229410574 -0.454376459 0.860762894
vn -0.487629384 -0.0581274256 0.871113539
vn -0.205648795 0.276799917 0.938664198
vn 0.0889724791 0.0145179266 0.995928228
vn 0.429998159 -0.610791504 0.664857388
vn 0.152826309 -0.262312382 0.952804506
vn 0.763328731 -0.291639715 0.57643342
vn 0.425156683 0.172372177 0.888554752
vn 0.0237247832 -0.26257199 0.964620709
vn 0.328557223 -0.292926699 0.897910953
vn 0.182048216 -0.565409362 0.804469228
vn -0.712328434 -0.351615995 0.607416153
vn 0.680985928 -0.410511643 -0.606414378
vn 0.880047023 -0.474396199 -0.0215740856
vn 0.871171772 -0.441176236 0.215460673
vn 0.627700865 -0.699104428 -0.342409909
vn 0.6905514 -0.675069094 0.259654552
vn 0.491853088 -0.596223772 0.634505808
vn 0.746336877 -0.456938028 0.483930707
vn 0.0549057834 -0.562074304 -0.825262189
vn 0.0919322371 -0.329635471 -0.939621687
vn -0.199588135 -0.295358479 -0.934306145
vn -0.156103835 -0.560885251 -0.813043237
vn -0.120779879 -0.343446583 -0.931373596
vn -0.0870635509 -0.389665365 -0.91683197
vn 0.18918632 -0.942717552 -0.274758488
vn 0.532842577 -0.841025233 -0.0935691819
vn 0.329585701 -0.848318875 0.414401233
vn -0.220379055 -0.599643111 -0.769325137
vn 0.109101914 -0.418231875 -0.901764393
vn -0.19703114 -0.968654275 -0.151286915
vn 0.350201279 -0.620932221 -0.701286137
vn 0.372307003 -0.334411263 -0.865769327
vn -0.178314507 -0.977560818 0.112155102
vn -0.0828249902 -0.872071803 0.482318103
vn 0.122780696 -0.586977005 0.800239325
vn 0.318353683 -0.5499596 -0.772136927
vn 0.151049465 -0.202337041 -0.967596948
vn -0.216591388 -0.512585223 -0.830869734
vn -0.241361156 -0.939948738 -0.241332307
vn -0.475966603 -0.654699504 -0.58721745
vn -0.608470321 -0.739723682 -0.287354648
vn 0.383312851 -0.880341589 -0.279409945
vn -0.486414433 -0.871817529 0.0577523671
vn -0.734410703 -0.668312252 -0.118320569
vn -0.81181854 -0.558296442 0.171042964
vn -0.453362107 -0.6797809 0.57650727
vn 0.387324125 -0.917252779 0.0928838477
vn 0.0667833388 -0.914437115 0.399180174
vn -0.131888673 -0.743990004 0.655045152
vn 0.000701587938 -0.783747792 0.62107873
vn 0.295264482 -0.122776307 0.94749403
vn 0.530594647 -0.189450204 0.826182783
vn 0.666905582 -0.185871452 0.721587718
vn 0.22941035 -0.454376787 0.860762835
vn 0.487629443 -0.0581272766 0.871113539
vn 0.205648124 0.276799977 0.938664258
vn -0.088970609 0.0145156719 0.995928466
vn -0.429999471 -0.610790968 0.66485703
vn -0.152825043 -0.262313247 0.952804387
vn -0.763328373 -0.29164061 0.57643342
vn -0.425156772 0.172372073 0.888554752
vn -0.0237234253 -0.262571871 0.964620709
vn -0.328554571 -0.292925477 0.897912383
vn -0.18204838 -0.565408766 0.804469585
vn 0.712328553 -0.351616502 0.607415855
vn 0.997551143 0.0205931067 -0.0668397024
vn 0.94652617 0.310834229 -0.0864307657
vn 0.475533068 -0.0763615519 -0.876377404
vn 0.793403685 0.585695624 -0.165744841
vn 0.657745361 0.714462638 -0.238567084
vn 0.471382141 -0.102594577 -0.875941396
vn 0.941015065 -0.337844163 0.0187657885
vn 0.407328188 -0.128682122 -0.904170692
vn 0.434092551 -0.188924998 -0.880835354
vn 0.466134399 -0.0876450017 -0.880361855
vn 0.619775653 -0.784769177 -0.00392729184
vn 0.456100851 0.845571399 -0.277454287
vn 0.440121621 -0.896465361 -0.05140955
vn 0.214620695 0.909124017 -0.356975585
vn 0.400066733 -0.216418222 -0.890567124
vn 0.163335979 -0.98536092 -0.0488389656
vn -0.230153993 -0.965459824 -0.122132719
vn 0.38981089 -0.0943390504 -0.916050017
vn -0.12535423 0.906452894 -0.403273374
vn -0.398675263 0.805583179 -0.438285053
vn 0.354814202 -0.195201635 -0.914332032
vn -0.496760845 -0.856675208 -0.139055073
vn -0.739197373 -0.625180542 -0.250472516
vn 0.323583663 -0.113208681 -0.939402699
vn -0.634135425 0.619367898 -0.462877572
vn 0.326697677 -0.13245675 -0.935801208
vn -0.898114562 -0.317332983 -0.304450661
vn -0.918215036 0.00559231918 -0.396042883
vn 0.325026631 -0.108681545 -0.939439237
vn -0.823488235 0.375163883 -0.425581008
vn -0.997551262 0.0205916502 -0.0668395534
vn -0.475533277 -0.0763611123 -0.876377285
vn -0.946526349 0.310833603 -0.0864307433
vn -0.793403983 0.585695207 -0.165744528
vn -0.657745481 0.714462578 -0.238566831
vn -0.47138235 -0.102594361 -0.875941336
vn -0.941014647 -0.337844968 0.0187659319
vn -0.407328397 -0.128681988 -0.904170573
vn -0.434093326 -0.188925609 -0.880834877
vn -0.466134489 -0.0876449719 -0.880361855
vn -0.619775832 -0.784769118 -0.0039271852
vn -0.456100315 0.845572114 -0.277453452
vn -0.44012174 -0.896465242 -0.0514096469
vn -0.214619607 0.909124672 -0.356974483
vn -0.40006718 -0.216418311 -0.890566945
vn -0.163335949 -0.98536092 -0.0488388762
vn 0.230153427 -0.965460002 -0.122132473
vn -0.389810711 -0.0943392068 -0.916050017
vn 0.125353813 0.906453192 -0.403273016
vn 0.39867422 0.805583537 -0.438285232
vn -0.354814231 -0.195201382 -0.914332151
vn 0.496760994 -0.856675088 -0.139055029
vn 0.739197195 -0.625180781 -0.250472635
vn -0.323583961 -0.113208599 -0.93940264
vn 0.634134889 0.619368672 -0.462877393
vn -0.326697856 -0.132456884 -0.935801089
vn 0.898113966 -0.317333847 -0.304451227
vn 0.918214679 0.00559273083 -0.396043599
vn -0.325026721 -0.108681567 -0.939439118
vn 0.823487759 0.375164688 -0.425581217
vn 0.153108552 0.0619618222 -0.986264884
vn 0.289949477 0.0885304064 -0.952938497
vn 0.269575775 -0.103544906 -0.95739609
vn 0.281631082 -0.144046113 -0.948648751
vn 0.315481454 -0.140885651 -0.938414991
vn 0.141727343 0.165692672 -0.975940168
vn -4.70790525E-07 0.150536552 -0.988604426
vn 0.337155432 -0.0207065735 -0.941221237
vn 0.38524583 -0.203128368 -0.90018028
vn 0.372288883 -0.0451860502 -0.927016258
vn 0.402451932 -0.0514518693 -0.913994014
vn 0.174023032 0.165567547 -0.970723152
vn 5.34680396E-07 0.227805987 -0.973706484
vn 0.385883778 0.0360051841 -0.921844482
vn 0.406587929 0.0208145175 -0.913374543
vn 0.19873628 0.0729852393 -0.977331579
vn 0.409092695 0.0824118331 -0.908763707
vn 0.403581411 0.0310056806 -0.914418161
vn 0.208651543 0.117473967 -0.970908999
vn 0.43126747 0.0693747401 -0.899552941
vn 0.436748534 0.0386739783 -0.898751915
vn -1.97712495E-07 0.213334903 -0.976979077
vn -0.141746238 0.165689424 -0.975938022
vn -0.153123811 0.0619595796 -0.986262679
vn 0.439261675 0.0645134374 -0.896039665
vn 0.422114491 0.0931715071 -0.901741862
vn 0.245694086 0.0998626202 -0.964189768
vn 3.03362344E-06 0.11930608 -0.992857575
vn -0.174048916 0.165559024 -0.970719993
vn -0.289949656 0.0885303989 -0.952938378
vn -0.26957655 -0.103545994 -0.957395792
vn -0.281630814 -0.144046888 -0.948648751
vn -0.315481782 -0.140885726 -0.938414872
vn -0.337155849 -0.0207076818 -0.941221118
vn -0.385246128 -0.203126118 -0.900180638
vn -0.372288942 -0.0451860204 -0.927016258
vn -0.402452141 -0.0514510237 -0.913994014
vn -0.198770076 0.0729789063 -0.977325201
vn -0.385882944 0.0360057205 -0.92184478
vn -0.406587154 0.0208140854 -0.91337496
vn -0.208698183 0.117469415 -0.970899522
vn -0.409092277 0.0824125111 -0.908763826
vn -0.404729962 0.0303740632 -0.913931608
vn -0.431267709 0.0693746433 -0.899552822
vn -0.437310517 0.0384246856 -0.898489296
vn -1.90806577E-06 0.146613047 -0.989193916
vn -0.439262301 0.0645119846 -0.896039486
vn -0.422151595 0.0931728482 -0.901724458
vn -0.245753497 0.0998585373 -0.964174986
vn 4.18886117E-07 0.103122234 -0.994668663
vn -0.432925344 0.106916539 -0.895066798
vn -0.391780287 0.131961375 -0.910546184
vn -0.375066429 0.122324705 -0.918891668
vn -0.239766762 0.0889725834 -0.9667449
vn 0.239701748 0.0889721289 -0.966761172
vn -0.419311583 0.0825832859 -0.904078364
vn -0.362280279 0.0990793034 -0.926788151
vn -0.262023509 0.092020154 -0.960664392
vn -2.78478922E-07 0.0872162506 -0.996189415
vn 0.432925105 0.106917113 -0.895066798
vn 0.391786069 0.131960675 -0.910543799
vn 0.421364069 0.114710212 -0.899607599
vn -0.393380046 0.0231840983 -0.919083536
vn -0.376407623 0.0333328173 -0.925854325
vn -0.226330951 0.0349232554 -0.973424256
vn 3.6625616E-07 0.0757171959 -0.997129381
vn 0.261969864 0.0920167565 -0.960679352
vn 0.418650061 0.0828387141 -0.904361546
vn 0.32324177 0.109128393 -0.940003037
vn -0.379086912 -0.0059494013 -0.925341964
vn -0.379858673 -0.00921193231 -0.924998701
vn -0.217467368 -0.00739301741 -0.976039648
vn 4.09581133E-07 0.0263599623 -0.999652505
vn 0.226272568 0.0349205919 -0.973437786
vn 0.392139882 0.0231917948 -0.919613123
vn 0.368699849 0.0316141099 -0.929010689
vn -0.369713575 -0.0439669527 -0.928104937
vn -0.43343392 -0.0832681358 -0.897330225
vn -0.542155385 -0.15264599 -0.826297045
vn -0.195826724 -0.0504725911 -0.979338706
vn -1.19326592E-06 -0.0194573198 -0.999810755
vn 0.217411414 -0.00739552639 -0.976052046
vn 0.380823076 -0.00587739469 -0.924629211
vn 0.390467107 -0.0167870652 -0.9204638
vn 0.437447399 -0.0732777417 -0.896253347
vn 0.191641137 -0.0491514429 -0.98023361
vn 0.386019975 -0.0383765809 -0.921691895
vn 0.542155683 -0.152646452 -0.826296687
vn -7.72342389E-07 -0.0625506714 -0.998041749
vn 0.38433978 -0.0686805844 -0.920633376
vn 0.375458688 -0.132103741 -0.917376399
vn 0.691732109 -0.161371276 -0.703893542
vn 0.177767694 -0.0858248919 -0.980322719
vn -0.176203161 -0.0855687037 -0.980627596
vn 0.321660817 -0.320323855 -0.891025722
vn 0.638180852 -0.295863926 -0.71076709
vn 0.487382829 -0.496236086 -0.718476057
vn 0.218023047 -0.550099492 -0.806136787
vn -7.87839156E-07 -0.100906119 -0.994895875
vn 0.134959713 -0.142412156 -0.980563402
vn 0.121177971 -0.34525153 -0.930654228
vn 0.0986413658 -0.554609358 -0.826243579
vn -7.35673154E-07 -0.147951171 -0.988994658
vn -1.26835187E-06 -0.344290376 -0.938863158
vn -0 -0.56247896 -0.826811612
vn -0.0986717939 -0.554610074 -0.826239347
vn -0.121213526 -0.345255256 -0.930648208
vn -0.218023509 -0.550098717 -0.806137204
vn -0.13499634 -0.142411605 -0.980558455
vn -0.321661144 -0.320324123 -0.891025603
vn -0.487384051 -0.496235013 -0.718475938
vn -0.638180792 -0.295864463 -0.710766852
vn -0.691731572 -0.16137284 -0.703893602
vn -0.375458926 -0.132104278 -0.917376161
vn -0.388960451 -0.0675116032 -0.918777466
vn -0.336392611 0.0917322412 -0.937243402
vn -0.643853962 0.248776808 -0.72357595
vn 0.264331937 0.0361389108 -0.963754416
vn -0.591123939 0.391948879 -0.704945862
vn 0.301850498 0.57987082 -0.756727219
vn -0.393903434 0.353378952 -0.84850651
vn -0.564910948 0.518221617 -0.642122984
vn -0.287262708 -0.19085063 -0.938645899
vn 0.0617801398 0.802414417 -0.593560815
vn 0.0434499271 0.805095136 -0.591552079
vn -0.25759387 0.332540005 -0.907227933
vn -0.247230083 0.77555275 -0.580857337
vn -0.228444353 0.826618195 -0.514310777
vn -0.396619618 -0.214509189 -0.892568588
vn -0.639100075 0.56557548 -0.521225154
vn -0.66495198 0.552013159 -0.503110707
vn -0.459684432 0.183594793 -0.868897736
vn -0.788362503 0.162980005 -0.593230247
vn -0.888440967 0.11028026 -0.445545733
vn -0.244271517 -0.152583957 -0.957627058
vn -0.686176658 -0.230475292 -0.689958513
vn -0.827230513 -0.36473316 -0.427386642
vn -0.270530641 0.00667252997 -0.962688208
vn -0.475018412 -0.318337977 -0.820377052
vn -0.525063634 -0.674019158 -0.519621372
vn -0.482149094 -0.174146309 -0.858606577
vn -0.264200449 -0.660347283 -0.702950716
vn -0.542155385 -0.15264599 -0.826297045
vn -0.643853962 0.248776808 -0.72357595
vn -0.623415053 0.0137570687 -0.78177011
vn -0.43343392 -0.0832681358 -0.897330225
vn -0.857937396 0.222643569 -0.463004589
vn -0.591123939 0.391948879 -0.704945862
vn -0.614136398 -0.0373269208 -0.788316786
vn -0.533873677 0.0259841215 -0.845164955
vn -0.379858673 -0.00921193231 -0.924998701
vn -0.844899535 0.28797394 -0.450794697
vn -0.393903434 0.353378952 -0.84850651
vn -0.564910948 0.518221617 -0.642122984
vn -0.924451292 0.242056638 -0.294615805
vn -0.487382621 0.0379064567 -0.872365296
vn -0.376407623 0.0333328173 -0.925854325
vn -0.380462259 0.104336068 -0.918891966
vn -0.362280279 0.0990793034 -0.926788151
vn -0.375066429 0.122324705 -0.918891668
vn -0.904281974 0.244688347 -0.349859536
vn -0.962635398 0.144346252 -0.229122877
vn -0.96702987 0.104491174 -0.23223874
vn -0.897401631 0.116525196 -0.425549328
vn -0.814537585 0.158098772 -0.558151782
vn -0.456111819 0.14174673 -0.878561199
vn -0.391780287 0.131961375 -0.910546184
vn -0.925331831 0.208366558 -0.316771775
vn -0.391324818 0.10044273 -0.914754689
vn -0.422151595 0.0931728482 -0.901724458
vn -0.762357414 0.645225406 0.049954135
vn 0.0434499271 0.805095136 -0.591552079
vn -0.370221376 0.0883395225 -0.924733579
vn -0.437310517 0.0384246856 -0.898489296
vn 0.0763922185 0.93753612 -0.339396983
vn -0.228444353 0.826618195 -0.514310777
vn -0.428407341 0.0511057973 -0.902139306
vn -0.404729962 0.0303740632 -0.913931608
vn -0.222287491 0.940428913 -0.257257998
vn -0.66495198 0.552013159 -0.503110707
vn -0.550572813 -0.0732307881 -0.831568837
vn -0.406587154 0.0208140854 -0.91337496
vn -0.778987825 0.621350884 -0.0842677578
vn -0.888440967 0.11028026 -0.445545733
vn -0.520538092 -0.146455571 -0.841184139
vn -0.402452141 -0.0514510237 -0.913994014
vn -0.996090472 0.0873163044 0.0134026241
vn -0.827230513 -0.36473316 -0.427386642
vn -0.440901846 -0.216128975 -0.871145189
vn -0.385246128 -0.203126118 -0.900180638
vn -0.825955331 -0.554428875 0.102011524
vn -0.525063634 -0.674019158 -0.519621372
vn -0.546564221 -0.280768752 -0.78894645
vn -0.315481782 -0.140885726 -0.938414872
vn -0.404093266 -0.913125694 -0.0539457127
vn -0.264200449 -0.660347283 -0.702950716
vn -0.533744872 -0.122457497 -0.83673209
vn -0.281630814 -0.144046888 -0.948648751
vn -0.201864988 -0.910374224 -0.36120522
vn -0.542155385 -0.15264599 -0.826297045
vn -0.786927164 -0.545999944 -0.287454128
vn 0.056377884 -0.955420017 0.289817274
vn -0.383552521 -0.375052094 0.843933284
vn -0.26103583 -0.853379071 0.451225519
vn -0.605835676 -0.524283767 0.598405898
vn -0.788236678 0.103521951 0.606602192
vn -0.303313762 -0.326376379 0.895253718
vn -0.57935828 0.634929955 0.511085033
vn 0.543961108 -0.5568856 0.62768203
vn 0.0239558816 -0.216974869 0.975883186
vn 0.220183909 -0.0243991856 0.975153208
vn 0.419350713 -0.039684426 0.906956553
vn -0.0188702773 0.00687588891 0.999798357
vn 0.0275949687 0.0599172562 0.997821808
vn 0.0557474308 0.130798042 0.989840448
vn 0.215979382 -0.0475202203 0.975240827
vn -0.401689112 0.125262842 0.907168686
vn -0.0728169605 0.94422245 0.321156919
vn 0.555059254 -0.491653919 0.670958817
vn 0.580448329 -0.0217031725 0.814007938
vn -0.299120873 0.0018298045 0.9542135
vn 0.150044873 -0.156770855 0.976170838
vn 0.239111409 -0.0671101958 0.968670249
vn -0.147355556 -0.0693949834 0.986646175
vn 0.452925891 -0.0630581528 0.889315426
vn -0.0577844121 -0.0449599326 0.997316182
vn 0.162724957 -0.17120795 0.971703887
vn 0.375753015 0.895169258 0.239752978
vn -0.312120765 0.0956914648 0.945211053
vn -0.47780475 -0.111113437 0.871410608
vn 0.40352264 -0.0750633031 0.911885381
vn -0.0432100259 -0.165185735 0.985315442
vn -0.215042755 0.615806162 0.757983804
vn -0.222067282 -0.211512119 0.951813459
vn 0.572838247 0.00671234122 0.819640934
vn -0.000836028194 -0.188636035 0.982046723
vn -0.369325519 -0.211985067 0.904798806
vn 0.521306634 -0.0425893255 0.852306008
vn 0.226363167 -0.199047506 0.953488171
vn 0.320497394 -0.167986974 0.932234824
vn 0.0764748231 -0.396884084 0.914677322
vn 0.1077068 -0.316462129 0.94247067
vn -0.222566321 -0.272980452 0.935919821
vn -0.272073537 -0.371520519 0.887664616
vn 0.255007476 -0.187602326 0.948565543
vn 0.191735312 -0.243414 0.950782418
vn -0.373631954 -0.214496836 0.90243578
vn -0.339757562 -0.212858617 0.916109145
vn -0.234007165 -0.261345297 0.936450362
vn -0.353247106 -0.47975415 0.803151548
vn -0.306855977 -0.46169731 0.832271039
vn -0.299145609 -0.342934966 0.890453577
vn -0.125901744 -0.292692125 0.947881937
vn -0.255020589 -0.441480398 0.860267103
vn -0.236756623 -0.243666619 0.940517366
vn -0.386787534 -0.226936474 0.893809438
vn -0.334783792 -0.233225733 0.912976205
vn -0.523530722 -0.130201951 0.841999412
vn -0.513457716 -0.201707482 0.834071457
vn -0.556484342 -0.0463066436 0.829566658
vn -0.61402595 -0.0368147381 0.788426816
vn -0.785101891 -0.285844177 0.549461782
vn -0.872830868 -0.203585565 0.443530232
vn -0.601238251 -0.345666468 0.7204355
vn -0.91387248 -0.0148648107 0.405729085
vn -0.501628757 0.0438916199 0.863968849
vn -0.599632204 0.0675192103 0.797422349
vn -0.905740619 0.113928832 0.408232957
vn -0.96202898 0.0641232431 -0.26530844
vn -0.965602934 -0.0681371763 -0.250934631
vn -0.47595787 0.0975405872 0.874042332
vn -0.537787199 0.202613935 0.818371773
vn -0.866521657 0.287087172 0.408315003
vn -0.3620314 0.168364748 0.91683507
vn -0.297488958 0.171799034 0.939140856
vn -0.808452547 0.0989453718 -0.580184758
vn 0.353853285 0.402092099 0.844458282
vn 0.186632171 0.342132628 0.920930922
vn -0.929436088 0.0741323382 -0.361459315
vn -0.781342447 0.0781370699 -0.619191945
vn 0.251748294 0.051651109 0.966413438
vn -0.984109104 0.0443491675 -0.17193763
vn -0.93533802 0.00851556845 -0.353652924
vn -0.906200945 -0.0178580191 -0.422470093
vn -0.933881164 -0.125392675 -0.334877133
vn -0.755234182 -0.00361696444 -0.655445099
vn -0.905626118 -0.211065993 -0.367821306
vn -0.878570318 -0.100514777 -0.466916442
vn -0.957543552 -0.19884415 -0.208737776
vn -0.876461506 -0.254262507 -0.408859193
vn -0.815259516 -0.169450805 -0.553749263
vn -0.726639807 -0.0464006141 -0.685450017
vn -0.937253296 -0.290306151 -0.193077058
vn -0.824784279 -0.27869451 -0.491996139
vn -0.755792737 -0.189855263 -0.626683474
vn -0.708945811 -0.130682036 -0.693049729
vn -0.593408346 -0.385844499 0.706392646
vn -0.736500978 -0.358052522 -0.573903024
vn -0.670080185 -0.193196476 -0.716706097
vn -0.735186636 -0.193795785 -0.649572074
vn -0.913778365 -0.367202461 -0.173699558
vn -0.459374577 -0.45669055 0.761845589
vn -0.658007205 -0.381849408 -0.649012804
vn -0.590022504 -0.280846447 -0.756966829
vn -0.618062615 -0.258312643 -0.742477775
vn -0.696807623 -0.314512223 -0.64462471
vn -0.727656841 -0.0614995956 -0.683178782
vn -0.70834887 -0.246546537 -0.661405146
vn -0.878926516 -0.472179055 -0.0673431456
vn -0.688087404 -0.381680787 -0.61713475
vn -0.796184599 -0.597240806 0.096919924
vn -0.373432249 -0.523937464 0.765531182
vn -0.280809611 -0.487917066 0.826488256
vn -0.0214412417 -0.375398219 0.926615536
vn -0.167553574 -0.424808234 0.889642477
vn -0.761467516 -0.6217044 0.183441475
vn -0.369533509 -0.354169041 0.859074652
vn -0.714440584 -0.461942822 -0.52553153
vn -0.160984799 -0.316885173 0.934701979
vn -0.0785051584 -0.332425594 0.93985647
vn -0.40353325 -0.0243113115 0.914641917
vn -0.280956507 -0.117561221 0.952492893
vn -0.0695817024 0.380215466 0.922276855
vn 0.139298081 -0.1822256 0.973339558
vn 0.283440232 -0.251868367 0.925323665
vn -0.110332228 -0.274400741 0.955264866
vn -0.420348763 -0.32325229 0.847829461
vn -0.887875497 -0.414149761 0.200392202
vn 0.261470675 -0.450853974 0.853442311
vn 0.542744219 0.182647675 0.819797873
vn -0.451035678 -0.121071145 0.884255946
vn -0.820761502 -0.357818753 -0.445327133
vn 0.41291219 -0.470732093 0.779688954
vn 0.437269807 0.344068825 0.830910206
vn -0.955471396 -0.119233444 0.269922048
vn -0.676438332 -0.0912603587 -0.730823338
vn -0.909061909 -0.114792868 -0.400535762
vn -0.619861841 0.304974675 -0.72302264
vn -0.629331172 0.234112039 -0.74103564
vn -0.429812491 0.160003707 -0.888628244
vn -0.421193987 0.481757611 -0.768443406
vn -0.301536173 -0.0402722433 -0.952603817
vn -0.26957655 -0.103545994 -0.957395792
vn -0.486946553 0.198894545 0.85048455
vn -0.86477536 0.397717297 0.306569159
vn -0.82925576 0.380830139 -0.409027338
vn -0.483907938 0.517423213 -0.705766499
vn -0.538242638 0.726267457 -0.427586675
vn -0.205875963 -0.00146173732 0.978577018
vn -0.56173557 0.813157141 0.152409598
vn -0.244768351 0.114085861 0.96284622
vn -0.329078346 0.664161146 0.671265602
vn -0.0346358195 0.384138107 0.92262584
vn 0.0924837664 0.433574289 0.896359265
vn 0.281862348 0.57976383 0.764478564
vn 0.0971015692 0.884671867 0.455990076
vn -0.113605231 0.992346644 0.0483930483
vn -0.200940609 0.909166336 -0.364745617
vn 0.406980246 0.36683923 0.836538136
vn 0.385954112 0.540674508 0.747469425
vn 0.555988252 0.476606458 0.680972397
vn 0.532380641 0.493131369 0.68803519
vn 0.412658393 0.823120117 0.390110701
vn 0.539941072 0.521765947 0.660472512
vn 0.504590094 0.331994295 0.796974659
vn 0.446551681 0.590029776 0.672648847
vn 0.204557553 0.978507519 -0.0260612424
vn 0.444472909 0.405448824 0.798783541
vn 0.237182707 -0.607323527 0.758223236
vn -0.0335594937 0.185952306 0.98198545
vn -0.018728422 0.552992344 0.832975805
vn 2.15384063E-07 0.545028269 0.83841759
vn -0.221908391 -0.606201231 0.76372546
vn -0.417787671 0.336636692 0.843877494
vn 0.412908703 0.522406161 0.746055126
vn 2.51431032E-07 0.356419384 0.934326053
vn -0.498959452 0.333997101 0.799678326
vn -0.420227885 -0.468503565 0.777118385
vn -0.542739928 0.182642952 0.819801748
vn 1.4302359E-06 0.277362406 0.960765421
vn -0.446505487 0.59003979 0.672670782
vn -0.560558379 0.471519172 0.680767179
vn -0.266383976 -0.444977313 0.855005682
vn -0.28344357 -0.25186497 0.925323606
vn 0.0695839077 0.38021341 0.92227757
vn -0.41097337 0.35446313 0.839914739
vn -0.53993845 0.521769047 0.660472214
vn -0.444428235 0.405447155 0.798809171
vn -0.385952353 0.540676355 0.747469008
vn -0.532379985 0.493134439 0.688033402
vn -0.0924844816 0.433574498 0.896359205
vn -0.123558864 -0.199393034 0.972098589
vn -0.191736296 -0.243413702 0.950782239
vn -0.281862289 0.579764485 0.764478087
vn -0.412872672 0.522398651 0.746080339
vn -0.412659794 0.823118567 0.39011246
vn -0.09710145 0.884672105 0.45598954
vn 3.97869911E-07 0.572225034 0.820096672
vn 0.276185662 0.940826833 0.196383014
vn 0.0575533397 0.940320015 -0.335389227
vn -0.290991753 0.681968689 -0.671001136
vn -0.28104496 0.54500854 -0.789923668
vn -0.0535586514 0.734792054 -0.676174581
vn 0.13544184 0.913457692 -0.383732527
vn 1.99754118E-06 0.999472439 -0.0324799418
vn -0.276164293 0.940831423 0.196391299
vn -0.0835824609 0.607922256 -0.789585114
vn 0.0442224257 0.769137323 -0.637551665
vn -9.29916325E-07 0.896437764 -0.443169713
vn -0.187046319 -0.00846440531 -0.982314706
vn 0.0018483852 0.746238232 -0.665676415
vn -0.0860607997 0.402450651 -0.911387384
vn -0.153123811 0.0619595796 -0.986262679
vn -6.92010531E-07 0.815808356 -0.578322411
vn -0.135422423 0.91345489 -0.383745819
vn -1.37604479E-06 0.523524761 -0.852010369
vn -4.70790525E-07 0.150536552 -0.988604426
vn 0.153108552 0.0619618222 -0.986264884
vn -9.59825911E-07 0.793742418 -0.608254015
vn 0.0860504359 0.402473688 -0.911378264
vn 0.269575775 -0.103544906 -0.95739609
vn -0.0442174561 0.769143045 -0.637545109
vn -0.00184765365 0.746238768 -0.665675759
vn 0.18704614 -0.00846685842 -0.982314706
vn 0.0835607573 0.607907176 -0.789599001
vn 0.301536888 -0.0402726382 -0.952603579
vn 0.281631082 -0.144046113 -0.948648751
vn 0.0536049791 0.734777212 -0.676187158
vn 0.281091064 0.544960678 -0.789940357
vn -0.0575705282 0.940312326 -0.335407674
vn 0.291028678 0.681979239 -0.670974374
vn 0.42119801 0.481755137 -0.76844269
vn 0.429812104 0.160002932 -0.888628542
vn -0.204558417 0.978507519 -0.0260563809
vn 0.200942323 0.909166753 -0.364743859
vn 0.113606453 0.992346406 0.0483946688
vn 0.533740997 -0.122452796 -0.836735308
vn 0.315481454 -0.140885651 -0.938414991
vn 0.483909279 0.517422736 -0.705765903
vn 0.538242698 0.726265609 -0.427589834
vn 0.561736882 0.813156307 0.152409524
vn 0.619866133 0.3049694 -0.72302115
vn 0.546564341 -0.280771375 -0.788945436
vn 0.38524583 -0.203128368 -0.90018028
vn 0.629331768 0.234110132 -0.741035759
vn 0.829256773 0.380831122 -0.409024328
vn 0.72766 -0.0614974834 -0.683175683
vn 0.440896988 -0.216121376 -0.87114954
vn 0.402451932 -0.0514518693 -0.913994014
vn 0.864773929 0.397718966 0.306571096
vn 0.676437438 -0.0912597775 -0.730824292
vn 0.618063867 -0.258314401 -0.742476106
vn 0.696809471 -0.31451264 -0.644622684
vn 0.909062028 -0.114791349 -0.40053615
vn 0.520531714 -0.146453738 -0.84118855
vn 0.406587929 0.0208145175 -0.913374543
vn 0.658007741 -0.381847799 -0.649013042
vn 0.820761681 -0.357820392 -0.445325494
vn 0.955472171 -0.119230963 0.26992017
vn 0.549374282 -0.0703728348 -0.832607687
vn 0.403581411 0.0310056806 -0.914418161
vn 0.736501276 -0.358055502 -0.573900819
vn 0.424420327 0.0531997681 -0.9039011
vn 0.436748534 0.0386739783 -0.898751915
vn 0.590022862 -0.28084752 -0.756966174
vn 0.82578069 -0.273686677 -0.493134737
vn 0.367655933 0.08833123 -0.925757408
vn 0.422114491 0.0931715071 -0.901741862
vn 0.669239581 -0.178722471 -0.721232653
vn 0.716282248 -0.234765589 -0.657133758
vn 0.688088417 -0.381682903 -0.617132366
vn 0.874265611 -0.25035271 -0.41591236
vn 0.710300922 -0.164194182 -0.684479892
vn 0.392605871 0.098824814 -0.914381981
vn 0.391786069 0.131960675 -0.910543799
vn 0.391923189 0.136617437 -0.909797728
vn 0.421364069 0.114710212 -0.899607599
vn 0.32324177 0.109128393 -0.940003037
vn 0.903560042 -0.214276806 -0.37103194
vn 0.810518026 -0.173861504 -0.55931443
vn 0.9350245 -0.129208177 -0.330203593
vn 0.702041447 -0.137971267 -0.69864291
vn 0.879335761 -0.103776231 -0.464757055
vn 0.319200426 0.120317966 -0.940018415
vn 0.368699849 0.0316141099 -0.929010689
vn 0.725058556 -0.0505207106 -0.686831534
vn 0.473925799 0.0279203188 -0.880122066
vn 0.390467107 -0.0167870652 -0.9204638
vn 0.906028986 -0.0136395637 -0.422995776
vn 0.952009499 -0.0185756218 -0.305504203
vn 0.95073396 0.102675423 -0.292510957
vn 0.75369978 0.00393844023 -0.657207012
vn 0.919514537 0.101725422 -0.379664153
vn 0.895216584 0.127955049 -0.426866353
vn 0.951581001 0.122465484 -0.281949967
vn 0.784161329 0.0974173397 -0.612862945
vn 0.965404689 0.13090238 -0.225517973
vn 0.516938508 -0.0011318638 -0.856021821
vn 0.600690067 -0.0442319848 -0.79825753
vn 0.437447399 -0.0732777417 -0.896253347
vn 0.623555362 0.0145852966 -0.781643093
vn 0.542155683 -0.152646452 -0.826296687
vn 0.870568573 0.208286628 -0.445788264
vn 0.923933148 0.243586197 -0.294980168
vn 0.855979025 0.269737393 -0.441068739
vn 0.90191865 0.198565885 -0.383554965
vn 0.482149392 -0.174144447 -0.858606875
vn 0.2642003 -0.660346746 -0.702951193
vn 0.525063932 -0.674016595 -0.519624293
vn 0.643318594 0.249721706 -0.72372669
vn 0.799479187 0.130944088 -0.586247921
vn 0.933051705 0.184716552 -0.30869785
vn 0.816191435 0.0852372646 -0.57145983
vn 0.475018889 -0.318336755 -0.820377231
vn 0.827229381 -0.364735425 -0.427387148
vn 0.589643598 0.392327219 -0.7059744
vn 0.390377671 0.357877254 -0.848250568
vn 0.576796174 0.499845952 -0.646111548
vn 0.957715392 0.109013416 -0.26626572
vn 0.33639437 0.0917370617 -0.93724227
vn 0.686175466 -0.230477691 -0.68995893
vn 0.888441145 0.110278897 -0.445545524
vn 0.779822469 0.625377476 0.0279293023
vn -0.0436592512 0.805178583 -0.591423213
vn 0.964428306 -0.046813339 -0.260166466
vn -0.263956606 0.0348895341 -0.963903368
vn 0.589643598 0.392327219 -0.7059744
vn -0.302212149 0.577412248 -0.75846082
vn 0.390377671 0.357877254 -0.848250568
vn 0.576796174 0.499845952 -0.646111548
vn -0.0764127523 0.937518179 -0.339441925
vn 0.155315802 0.458554476 0.874988437
vn 0.227277353 0.82630378 -0.515331924
vn 0.222957045 0.940105855 -0.257858396
vn 0.663779438 0.553052962 -0.503517032
vn 0.287178546 -0.190628275 -0.938716888
vn -0.0622862354 0.802586138 -0.593275547
vn -0.0436592512 0.805178583 -0.591423213
vn 0.257222921 0.334095865 -0.906761467
vn 0.246739954 0.776396811 -0.579937398
vn 0.227277353 0.82630378 -0.515331924
vn 0.396619856 -0.21450901 -0.892568529
vn 0.459452569 0.184702039 -0.868785679
vn 0.637117684 0.567995071 -0.52102077
vn 0.663779438 0.553052962 -0.503517032
vn 0.788362563 0.162981614 -0.593229651
vn 0.244269326 -0.152587578 -0.957627058
vn 0.270529717 0.00667079119 -0.962688446
vn 0.779136002 0.621131539 -0.0845152661
vn 0.888441145 0.110278897 -0.445545524
vn 0.996090829 0.087312229 0.0134002632
vn 0.827229381 -0.364735425 -0.427387148
vn 0.825953603 -0.55443126 0.10201247
vn 0.525063932 -0.674016595 -0.519624293
vn 0.404094905 -0.913124979 -0.0539441034
vn 0.2642003 -0.660346746 -0.702951193
vn 0.201863527 -0.910374939 -0.361204416
vn 0.542155683 -0.152646452 -0.826296687
vn 0.786926687 -0.545998573 -0.287457526
vn -0.0682242662 -0.950911224 0.301849872
vn 0.383553356 -0.375052452 0.843932748
vn 0.261034071 -0.853379369 0.451225966
vn 0.603314638 -0.51955843 0.60503763
vn 0.778834045 0.0714177638 0.623150885
vn 0.583859921 0.621757925 0.522038937
vn -0.549625754 -0.566335976 0.614145756
vn 0.0623080358 -0.190740272 0.979661107
vn 0.0772272944 0.937855899 0.338322788
vn -0.37281242 0.897195101 0.236753002
vn -0.216172934 0.608198345 0.76378274
vn 0.266722977 0.466929972 0.843110502
vn 0.404618531 0.0779106617 0.911160648
vn -0.0398335494 0.324072033 0.94519347
vn -0.555245101 0.531386375 0.639790177
vn 0.211494789 -0.29810369 0.930808246
vn -0.064671427 -0.210989088 0.975346744
vn -0.0771306604 -0.484923542 0.871148646
vn -0.411898941 0.254691869 0.874912262
vn -0.167380497 -0.170101896 0.971107125
vn -0.580682993 0.429152817 0.691834569
vn -0.161765188 0.294738442 0.941786289
vn -0.667563558 0.481269479 0.568100989
vn -0.629276037 0.310511142 0.712456644
vn -0.327783078 -0.510396063 0.795018315
vn -0.443245947 -0.143686533 0.884809196
vn -0.619125605 0.0159310773 0.785130382
vn -0.349930793 -0.253107071 0.901934147
vn -0.600695908 -0.277876377 0.749632716
vn 0.0383265093 -0.00117771223 0.999264538
vn -0.48854208 -0.0611275956 0.870396495
vn -0.036506772 0.0770134181 0.996361434
vn -0.120603427 0.100825839 0.987567186
vn -0.214646086 -0.0459574312 0.975610018
vn -0.0338567682 0.0583868586 0.997719705
vn 0.268230677 0.203389227 0.941639662
vn -0.590131879 -0.00208017998 0.807304263
vn 0.300102234 0.02603608 0.95355171
vn 0.0212704502 -0.172636062 0.984756052
vn 0.302497804 0.0920548886 0.948694348
vn -0.502349019 -0.106160097 0.858123183
vn 0.141014963 -0.0565709509 0.98838985
vn 0.437314689 0.0925507769 0.894533515
vn 0.525374472 0.184575856 0.830610156
vn -0.304230511 -0.0387142226 0.951811373
vn 0.0670863241 -0.0514447764 0.996420026
vn 0.49713397 0.119002558 0.859474361
vn 0.396386892 -0.0586230382 0.916209996
vn 0.461423784 -0.123835206 0.87849468
vn -0.485477179 -0.0542952083 0.872561753
vn 0.0148124378 -0.205460086 0.978553414
vn 0.481305093 0.0353141539 0.875841439
vn 0.591262281 0.0534449033 0.804706573
vn 0.867886007 0.261727154 0.422223479
vn -0.405936986 -0.104843408 0.907867372
vn 0.350469202 -0.214343905 0.911717117
vn 0.0489351489 -0.157287672 0.986339688
vn 0.494989574 -0.0286515616 0.868426383
vn -0.374406397 -0.0648100674 0.924996972
vn 0.00114854984 -0.194555506 0.98089087
vn -0.578922391 -0.00684317714 0.81535399
vn -0.230857953 -0.198124453 0.952602386
vn 0.47597152 -0.0995665342 0.873806298
vn -0.497105032 -0.0432633534 0.866611063
vn -0.0623322912 -0.39053908 0.918473661
vn 0.525572538 -0.215244621 0.823069394
vn 0.221295565 -0.272396445 0.936391175
vn 0.505824685 -0.153796524 0.84881562
vn 0.302784175 -0.218100995 0.927768171
vn 0.36816293 -0.215559199 0.904428244
vn 0.247050419 -0.346761614 0.90483278
vn 0.366942883 -0.230331257 0.901277125
vn 0.233107403 -0.260623872 0.936875701
vn 0.233839482 -0.243724033 0.941232026
vn 0.125894725 -0.291605294 0.94821769
vn 0.299598277 -0.342458308 0.89048481
vn 0.115487069 -0.408111572 0.905598044
vn 0.255022615 -0.441479266 0.860267103
vn -0.275861084 -0.20981127 0.938019156
vn -0.106257468 -0.318401396 0.941981912
vn 0.310096711 -0.482310891 0.819277823
vn 0.0793704689 -0.283455819 0.955695093
vn 0.370858222 -0.341482788 0.863628268
vn 0.167557478 -0.424808383 0.889641702
vn 0.390781313 -0.0476746596 0.919248104
vn 0.280957401 -0.117563017 0.952492476
vn 0.160985216 -0.316885859 0.934701622
vn 0.280807734 -0.487917244 0.826488733
vn 0.0214446727 -0.375397176 0.926615953
vn 0.244771719 0.114073828 0.962846756
vn 0.0346387736 0.384145975 0.922622383
vn 0.205876172 -0.00146635843 0.978576899
vn 0.32907784 0.664154887 0.67127192
vn 0.486948073 0.198893517 0.850483954
vn 0.451033711 -0.121072143 0.88425678
vn 0.887874663 -0.41415143 0.200392187
vn 0.420344174 -0.323253453 0.847831249
vn 0.714443028 -0.461941749 -0.525529146
vn 0.761467636 -0.6217044 0.183440715
vn 0.110334247 -0.27440086 0.955264688
vn 0.796184957 -0.597239614 0.096924141
vn 0.373429775 -0.523935974 0.765533328
vn 0.881997883 -0.465545535 -0.0731226951
vn 0.459553331 -0.452289224 0.764359295
vn 0.906344593 -0.337961704 -0.253616571
vn 0.582728446 -0.379529595 0.718599141
vn 0.93390131 -0.299296498 -0.195575655
vn 0.594225407 -0.349434257 0.724425256
vn 0.956027865 -0.203931436 -0.210766912
vn 0.78236562 -0.289495885 0.55144918
vn 0.871609509 -0.184333757 0.454222202
vn 0.903960407 0.0276401155 0.426721901
vn 0.862836063 0.0961158127 0.496261567
vn 0.260886252 -0.69137162 0.67375344
vn -0.0415610559 -0.614415944 0.787886858
vn 0.401865602 -0.299370885 0.865379214
vn 0.136398226 -0.226817727 0.96433872
vn 0.580802321 0.158805221 0.798404396
vn 0.499962389 -0.0423231535 0.865012348
vn 0.687631488 0.230241731 0.688586593
vn -0.00263603241 -0.0705360398 0.997505724
vn 0.342442989 0.0289877467 0.939091325
vn 0.671803057 0.507317483 0.539731085
vn 0.00910256524 0.28059423 0.959783316
vn 0.360748857 0.638275802 0.680047333
vn 0.53533417 0.583409727 0.61077863
vn 0.231943592 0.60304302 0.763243914
vn -0.226910785 0.498518169 0.836654723
vn -0.524727345 0.388400763 -0.757499874
vn -0.617154181 -0.761209726 -0.199199647
vn -0.0322224796 -0.15531075 -0.987340033
vn 0.510044038 -0.611605346 -0.604809165
vn -0.768516839 -0.626074195 -0.131958589
vn -0.650266528 -0.755347252 0.0812643021
vn -0.702689171 0.703089118 -0.109057948
vn -0.47031042 -0.878011763 -0.0889014155
vn 0.732554913 -0.663659453 0.15139176
vn -0.417253315 -0.901898444 0.111709014
vn 0.526110649 -0.324207932 0.786191344
vn -0.828941584 -0.557392478 0.046578262
vn -0.779644549 -0.576754928 0.24394314
vn -0.478585392 0.626074255 0.615619183
vn -0.632132053 -0.690794051 0.351016581
vn 0.0311255138 0.196223438 0.980065048
vn -0.489089191 -0.824436605 0.284773648
vn 3.09657662E-06 0.994001091 0.109369792
vn -0.362127393 0.923482239 0.12666589
vn 2.62279787E-06 0.920576394 -0.390562534
vn 3.03188381E-06 0.888271272 0.459319323
vn -0.320623606 0.757278025 0.568973184
vn -0.722709239 0.394908458 0.567220092
vn -0.384476274 0.907032073 -0.171670571
vn -0.859044909 0.485438824 0.162453234
vn -0.676415503 0.524473608 0.517097235
vn -0.741044998 0.487864107 -0.461346805
vn 2.62279787E-06 0.920576394 -0.390562534
vn 9.20387549E-07 0.246036693 -0.969260573
vn -0.774855435 0.610457957 0.164134875
vn -0.615692019 0.5978477 0.513323963
vn -0.727639675 0.533848763 -0.43075034
vn -0.675624311 0.721514583 0.151487261
vn -0.76748687 0.0580424331 0.638431609
vn -0.572620928 0.615090191 -0.542004883
vn 7.03239266E-07 0.158945516 -0.987287283
vn -0.978990912 0.126032367 0.160289243
vn -0.787724853 -0.281191915 0.548106432
vn -0.851243556 0.144433081 -0.504503191
vn -0.927559793 -0.342567116 0.149266586
vn -0.770269811 -0.415172577 0.484062076
vn -0.771525323 -0.17103897 -0.612775922
vn -3.45911985E-07 0.0981434062 -0.995172322
vn -0.871570945 -0.473717928 0.126314908
vn -0.704834938 -0.562038124 0.432805777
vn -0.770420849 -0.342094332 -0.537980616
vn -5.55714223E-07 0.0339462496 -0.999423623
vn -0.782796383 -0.613883555 0.101866558
vn -0.555258632 -0.715481222 0.423998296
vn -0.735433877 -0.519150078 -0.435454041
vn 1.28784131E-06 -0.00549804419 -0.99998486
vn -0.636499166 -0.767355561 0.0776805729
vn -4.12810914E-06 -0.822777331 0.568363905
vn -1.04408855E-06 -0.996872604 0.0790251642
vn -0.6306234 -0.710976601 -0.311169475
vn 8.87143051E-06 -0.951069593 -0.308976591
vn 0.384424299 0.907049716 -0.171693817
vn 0.362068176 0.923506021 0.126661748
vn 2.62279787E-06 0.920576394 -0.390562534
vn 3.09657662E-06 0.994001091 0.109369792
vn 3.03188381E-06 0.888271272 0.459319323
vn 0.320565701 0.75731492 0.568956733
vn 0.722711921 0.394912422 0.567214072
vn 0.859043717 0.485440701 0.162453949
vn 0.676417708 0.524480104 0.517087638
vn 0.741013348 0.48785302 -0.461409509
vn 2.62279787E-06 0.920576394 -0.390562534
vn 9.20387549E-07 0.246036693 -0.969260573
vn 0.774853051 0.610460997 0.164134547
vn 0.615693986 0.597844183 0.513325691
vn 0.727614045 0.533830941 -0.430815905
vn 0.675621748 0.721517086 0.151487216
vn 0.767485082 0.0580365658 0.63843435
vn 0.572598994 0.615063787 -0.54205811
vn 7.03239266E-07 0.158945516 -0.987287283
vn 0.978990912 0.12603204 0.16028963
vn 0.78772527 -0.281189948 0.54810679
vn 0.85121274 0.14443621 -0.504554331
vn 0.927560449 -0.342565238 0.149267346
vn 0.770268738 -0.415171385 0.484064728
vn 0.771490455 -0.171019852 -0.612825155
vn -3.45911985E-07 0.0981434062 -0.995172322
vn 0.871570766 -0.473718703 0.126313135
vn 0.704836726 -0.562039435 0.432801157
vn 0.770391643 -0.342070669 -0.538037479
vn -5.55714223E-07 0.0339462496 -0.999423623
vn 0.782797277 -0.61388272 0.101865172
vn 0.555179358 -0.715548396 0.42398864
vn 0.735418141 -0.51911968 -0.435516834
vn 1.28784131E-06 -0.00549804419 -0.99998486
vn 0.636425078 -0.767417192 0.0776779726
vn -4.12810914E-06 -0.822777331 0.568363905
vn -1.04408855E-06 -0.996872604 0.0790251642
vn 0.630549312 -0.711032689 -0.31119144
vn 8.87143051E-06 -0.951069593 -0.308976591
vn 0.740908325 0.671274245 0.0211120509
vn 0.953398466 -0.0624210536 0.295186311
vn 0.729553163 0.602462351 0.323714733
vn 0.628990531 0.535797119 0.563287258
vn 0.989743292 -0.010919448 0.142438844
vn 0.831694841 -0.466109693 0.301704198
vn 0.887780428 -0.113877513 0.445957094
vn 0.77394855 -0.224667788 0.592054069
vn 0.425001323 0.324148566 0.845163584
vn 0.503114581 -0.452183574 0.736481905
vn 0.146267384 -0.275300175 0.950166106
vn 0.156912848 -0.665743828 0.729495347
vn 0.426761091 -0.711101651 0.558757067
vn 0.593481362 -0.573036909 0.56516248
vn 0.561225414 -0.804351747 0.195049092
vn 0.733704567 -0.627055109 -0.261685699
vn 0.923766613 -0.378388762 0.0589681678
vn 0.754065394 -0.454243511 -0.474392414
vn 0.989641726 0.111835852 -0.0900108591
vn 0.677631497 0.68300879 -0.272606879
vn 0.703877985 0.468582988 -0.533840597
vn 0.941598117 -0.319417298 -0.106609322
vn 0.771664679 0.00494940346 -0.636010289
vn 0.900445402 0.0409998894 -0.433032334
vn 0.484740168 -0.842453599 0.235157043
vn 0.11486873 -0.951622128 0.284992099
vn 0.324638188 -0.481157482 0.814308047
vn 0.398575693 -0.438222617 0.805666387
vn 0.751537025 -0.582105994 0.310394436
vn 0.229750544 -0.505582094 0.83162576
vn -0.172564954 -0.917576253 0.358155161
vn 0.319428384 -0.335564137 0.886206627
vn 0.444810629 -0.413648278 0.794379354
vn 0.134679466 -0.511384785 0.848732591
vn 0.854462624 -0.344829887 0.388569176
vn -0.380306602 -0.816493869 0.434401602
vn 0.465837777 -0.367263496 0.805054486
vn 0.929997385 -0.0609720834 0.362473816
vn 0.0976888388 -0.489089549 0.86674583
vn -0.469332993 -0.722682655 0.507401526
vn 0.488562137 -0.309390336 0.815833747
vn 0.88448298 0.0863793045 0.458506763
vn 0.0870723128 -0.449105442 0.88922596
vn -0.623478651 -0.581409395 0.522721291
vn 0.492714256 -0.266049594 0.82852298
vn 0.882063031 0.255253911 0.395992756
vn 0.120881811 -0.36617735 0.922660112
vn 0.489678264 -0.240663186 0.838031232
vn 0.178763434 -0.293600112 0.939064741
vn -0.58242929 -0.372406721 0.722557485
vn 0.835390329 0.425931334 0.34742704
vn -0.555028677 -0.120959029 0.822989702
vn 0.454475135 -0.215399891 0.864323497
vn 0.69674778 0.512067795 0.502323806
vn 0.210178539 -0.264863402 0.941101611
vn -0.355615705 0.168581381 0.91930294
vn 0.393254578 -0.205129802 0.896254778
vn 0.465663671 0.494801223 0.733709216
vn 0.274164319 -0.229635969 0.933863699
vn -0.0944516733 0.42214185 0.901595891
vn 0.368512273 -0.194930792 0.908955812
vn 0.171702474 0.524942338 0.833638906
vn 0.337571859 -0.199793234 0.919852138
vn -0.484740138 -0.842453718 0.235157177
vn -0.324637771 -0.481157392 0.814308286
vn -0.11486885 -0.951622128 0.284992188
vn -0.398575127 -0.438222915 0.805666447
vn -0.751537442 -0.582105696 0.310394228
vn -0.229751945 -0.505581975 0.831625521
vn 0.172563776 -0.917576492 0.35815537
vn -0.319428325 -0.335563958 0.886206627
vn -0.444810212 -0.413648427 0.794379532
vn -0.134679452 -0.511384904 0.848732471
vn -0.854462266 -0.344830573 0.388569415
vn 0.380307287 -0.816494584 0.434399694
vn -0.46583727 -0.367263407 0.805054843
vn -0.929997802 -0.0609709248 0.362472892
vn -0.0976885557 -0.489089787 0.866745651
vn 0.469332486 -0.72268182 0.507403314
vn -0.488562614 -0.309389949 0.815833569
vn -0.884483039 0.0863794535 0.458506525
vn -0.0870726779 -0.449104935 0.889226139
vn 0.623478889 -0.581409216 0.522721171
vn -0.492714196 -0.266049087 0.828523159
vn -0.882062376 0.255254328 0.395994157
vn -0.120881729 -0.366177231 0.922660232
vn -0.489677876 -0.240663126 0.83803159
vn -0.17876336 -0.293600172 0.939064741
vn 0.582429171 -0.372406244 0.722557902
vn -0.835389912 0.42593199 0.34742716
vn 0.555029094 -0.120959319 0.822989345
vn -0.454475582 -0.215399787 0.864323437
vn -0.696748316 0.512066066 0.502324581
vn -0.21017839 -0.264863312 0.94110173
vn 0.355616331 0.168580577 0.919302821
vn -0.39325431 -0.205129832 0.896254778
vn -0.465663016 0.494803756 0.733707845
vn -0.274164379 -0.229635835 0.933863699
vn 0.0944517106 0.422140956 0.901596308
vn -0.368512064 -0.194930613 0.908955932
vn -0.171702325 0.524943352 0.83363831
vn -0.337572187 -0.199792907 0.919852018
g horse_chair_alpha_effects:polymsh1_Scene_Material9_0_0
f 3/3/3 2/2/2 1/1/1
f 6/6/6 5/5/5 4/4/4
f 9/9/9 8/8/8 7/7/7
f 12/12/12 11/11/11 10/10/10
f 15/15/15 14/14/14 13/13/13
f 14/14/14 15/15/15 16/16/16
f 16/16/16 17/17/17 14/14/14
f 16/16/16 18/18/18 17/17/17
f 17/17/17 18/18/18 19/19/19
f 19/19/19 20/20/20 17/17/17
f 21/21/21 18/18/18 16/16/16
f 16/16/16 22/22/22 21/21/21
f 22/22/22 23/23/23 21/21/21
f 24/24/24 23/23/23 22/22/22
f 25/25/25 24/24/24 22/22/22
f 26/26/26 24/24/24 25/25/25
f 27/27/27 24/24/24 26/26/26
f 27/27/27 28/28/28 24/24/24
f 29/29/29 24/24/24 28/28/28
f 29/29/29 30/30/30 24/24/24
f 30/30/30 31/31/31 24/24/24
f 30/30/30 32/32/32 31/31/31
f 31/31/31 33/33/33 24/24/24
f 24/24/24 33/33/33 23/23/23
f 33/33/33 34/34/34 23/23/23
f 21/21/21 23/23/23 35/35/35
f 23/23/23 34/34/34 35/35/35
f 21/21/21 35/35/35 36/36/36
f 36/36/36 37/37/37 21/21/21
f 36/36/36 38/38/38 37/37/37
f 35/35/35 34/34/34 39/39/39
f 39/39/39 34/34/34 40/40/40
f 34/34/34 41/41/41 40/40/40
f 40/40/40 41/41/41 42/42/42
f 40/40/40 42/42/42 43/43/43
f 44/44/44 39/39/39 40/40/40
f 44/44/44 40/40/40 45/45/45
f 45/45/45 46/46/46 44/44/44
f 36/36/36 35/35/35 47/47/47
f 48/48/48 47/47/47 35/35/35
f 48/48/48 49/49/49 47/47/47
f 50/50/50 36/36/36 47/47/47
f 50/50/50 47/47/47 51/51/51
f 50/50/50 52/52/52 36/36/36
f 50/50/50 51/51/51 53/53/53
f 50/50/50 54/54/54 52/52/52
f 50/50/50 53/53/53 55/55/55
f 55/55/55 53/53/53 56/56/56
f 54/54/54 50/50/50 57/57/57
f 54/54/54 57/57/57 58/58/58
f 61/61/61 60/60/60 59/59/59
f 62/62/62 60/60/60 61/61/61
f 62/62/62 63/63/63 60/60/60
f 61/61/61 64/64/64 62/62/62
f 65/65/65 63/63/63 62/62/62
f 64/64/64 65/65/65 62/62/62
f 65/65/65 66/66/66 63/63/63
f 67/67/67 66/66/66 65/65/65
f 67/67/67 68/68/68 66/66/66
f 69/69/69 65/65/65 64/64/64
f 69/69/69 67/67/67 65/65/65
f 70/70/70 68/68/68 67/67/67
f 70/70/70 67/67/67 69/69/69
f 71/71/71 68/68/68 70/70/70
f 72/72/72 71/71/71 70/70/70
f 72/72/72 73/73/73 71/71/71
f 64/64/64 74/74/74 69/69/69
f 74/74/74 70/70/70 69/69/69
f 72/72/72 70/70/70 74/74/74
f 75/75/75 74/74/74 64/64/64
f 75/75/75 76/76/76 74/74/74
f 76/76/76 72/72/72 74/74/74
f 77/77/77 76/76/76 75/75/75
f 77/77/77 78/78/78 76/76/76
f 78/78/78 72/72/72 76/76/76
f 79/79/79 78/78/78 77/77/77
f 79/79/79 80/80/80 78/78/78
f 81/81/81 72/72/72 78/78/78
f 80/80/80 81/81/81 78/78/78
f 81/81/81 82/82/82 72/72/72
f 82/82/82 73/73/73 72/72/72
f 83/83/83 81/81/81 80/80/80
f 83/83/83 82/82/82 81/81/81
f 83/83/83 84/84/84 82/82/82
f 85/85/85 83/83/83 80/80/80
f 84/84/84 83/83/83 85/85/85
f 86/86/86 85/85/85 80/80/80
f 82/82/82 87/87/87 73/73/73
f 87/87/87 82/82/82 84/84/84
f 88/88/88 73/73/73 87/87/87
f 89/89/89 73/73/73 88/88/88
f 88/88/88 90/90/90 89/89/89
f 91/91/91 90/90/90 88/88/88
f 88/88/88 92/92/92 91/91/91
f 86/86/86 93/93/93 85/85/85
f 93/93/93 84/84/84 85/85/85
f 87/87/87 94/94/94 88/88/88
f 87/87/87 84/84/84 94/94/94
f 95/95/95 92/92/92 88/88/88
f 88/88/88 94/94/94 95/95/95
f 92/92/92 95/95/95 96/96/96
f 96/96/96 95/95/95 97/97/97
f 95/95/95 94/94/94 97/97/97
f 94/94/94 84/84/84 98/98/98
f 97/97/97 94/94/94 98/98/98
f 84/84/84 99/99/99 98/98/98
f 99/99/99 84/84/84 93/93/93
f 97/97/97 98/98/98 100/100/100
f 98/98/98 99/99/99 100/100/100
f 101/101/101 97/97/97 100/100/100
f 101/101/101 100/100/100 102/102/102
f 102/102/102 100/100/100 103/103/103
f 100/100/100 99/99/99 104/104/104
f 104/104/104 99/99/99 93/93/93
f 103/103/103 100/100/100 104/104/104
f 105/105/105 104/104/104 93/93/93
f 105/105/105 93/93/93 86/86/86
f 106/106/106 105/105/105 86/86/86
f 107/107/107 103/103/103 104/104/104
f 107/107/107 104/104/104 105/105/105
f 108/108/108 103/103/103 107/107/107
f 108/108/108 109/109/109 103/103/103
f 110/110/110 107/107/107 105/105/105
f 110/110/110 108/108/108 107/107/107
f 111/111/111 108/108/108 110/110/110
f 112/112/112 111/111/111 110/110/110
f 113/113/113 109/109/109 108/108/108
f 111/111/111 113/113/113 108/108/108
f 113/113/113 114/114/114 109/109/109
f 111/111/111 114/114/114 113/113/113
f 115/115/115 114/114/114 111/111/111
f 115/115/115 111/111/111 116/116/116
f 117/117/117 116/116/116 111/111/111
f 118/118/118 110/110/110 105/105/105
f 118/118/118 105/105/105 106/106/106
f 112/112/112 110/110/110 118/118/118
f 119/119/119 117/117/117 111/111/111
f 119/119/119 111/111/111 112/112/112
f 120/120/120 117/117/117 119/119/119
f 121/121/121 119/119/119 112/112/112
f 118/118/118 106/106/106 122/122/122
f 118/118/118 122/122/122 112/112/112
f 106/106/106 123/123/123 122/122/122
f 124/124/124 121/121/121 112/112/112
f 124/124/124 112/112/112 125/125/125
f 125/125/125 112/112/112 122/122/122
f 126/126/126 124/124/124 125/125/125
f 125/125/125 122/122/122 126/126/126
f 126/126/126 122/122/122 123/123/123
f 123/123/123 127/127/127 126/126/126
f 127/127/127 128/128/128 126/126/126
f 126/126/126 128/128/128 124/124/124
f 129/129/129 124/124/124 128/128/128
f 130/130/130 124/124/124 129/129/129
f 131/131/131 124/124/124 130/130/130
f 124/124/124 131/131/131 132/132/132
f 132/132/132 131/131/131 133/133/133
f 134/134/134 124/124/124 132/132/132
f 134/134/134 121/121/121 124/124/124
f 132/132/132 133/133/133 135/135/135
f 132/132/132 135/135/135 134/134/134
f 135/135/135 133/133/133 136/136/136
f 135/135/135 137/137/137 134/134/134
f 134/134/134 137/137/137 121/121/121
f 138/138/138 121/121/121 137/137/137
f 139/139/139 121/121/121 138/138/138
f 142/142/142 141/141/141 140/140/140
f 143/143/143 141/141/141 142/142/142
f 144/144/144 143/143/143 142/142/142
f 143/143/143 145/145/145 141/141/141
f 146/146/146 143/143/143 144/144/144
f 147/147/147 146/146/146 144/144/144
f 148/148/148 145/145/145 143/143/143
f 146/146/146 148/148/148 143/143/143
f 148/148/148 149/149/149 145/145/145
f 150/150/150 149/149/149 148/148/148
f 150/150/150 151/151/151 149/149/149
f 150/150/150 152/152/152 151/151/151
f 153/153/153 148/148/148 146/146/146
f 153/153/153 150/150/150 148/148/148
f 154/154/154 146/146/146 147/147/147
f 154/154/154 153/153/153 146/146/146
f 147/147/147 155/155/155 154/154/154
f 147/147/147 156/156/156 155/155/155
f 154/154/154 155/155/155 157/157/157
f 154/154/154 157/157/157 158/158/158
f 158/158/158 153/153/153 154/154/154
f 158/158/158 157/157/157 159/159/159
f 158/158/158 160/160/160 153/153/153
f 160/160/160 150/150/150 153/153/153
f 158/158/158 159/159/159 161/161/161
f 161/161/161 160/160/160 158/158/158
f 161/161/161 159/159/159 162/162/162
f 163/163/163 152/152/152 150/150/150
f 163/163/163 164/164/164 152/152/152
f 165/165/165 150/150/150 160/160/160
f 161/161/161 165/165/165 160/160/160
f 165/165/165 163/163/163 150/150/150
f 166/166/166 164/164/164 163/163/163
f 166/166/166 167/167/167 164/164/164
f 168/168/168 165/165/165 161/161/161
f 168/168/168 161/161/161 162/162/162
f 169/169/169 163/163/163 165/165/165
f 168/168/168 169/169/169 165/165/165
f 169/169/169 166/166/166 163/163/163
f 170/170/170 167/167/167 166/166/166
f 170/170/170 171/171/171 167/167/167
f 168/168/168 162/162/162 172/172/172
f 172/172/172 169/169/169 168/168/168
f 173/173/173 166/166/166 169/169/169
f 173/173/173 170/170/170 166/166/166
f 172/172/172 173/173/173 169/169/169
f 174/174/174 171/171/171 170/170/170
f 174/174/174 175/175/175 171/171/171
f 176/176/176 170/170/170 173/173/173
f 176/176/176 174/174/174 170/170/170
f 177/177/177 175/175/175 174/174/174
f 177/177/177 178/178/178 175/175/175
f 172/172/172 162/162/162 179/179/179
f 180/180/180 179/179/179 162/162/162
f 181/181/181 179/179/179 180/180/180
f 182/182/182 173/173/173 172/172/172
f 182/182/182 176/176/176 173/173/173
f 172/172/172 179/179/179 183/183/183
f 183/183/183 179/179/179 181/181/181
f 183/183/183 182/182/182 172/172/172
f 184/184/184 174/174/174 176/176/176
f 184/184/184 177/177/177 174/174/174
f 183/183/183 181/181/181 185/185/185
f 186/186/186 185/185/185 181/181/181
f 187/187/187 185/185/185 186/186/186
f 188/188/188 176/176/176 182/182/182
f 188/188/188 184/184/184 176/176/176
f 183/183/183 189/189/189 182/182/182
f 182/182/182 189/189/189 188/188/188
f 185/185/185 189/189/189 183/183/183
f 190/190/190 184/184/184 188/188/188
f 189/189/189 190/190/190 188/188/188
f 191/191/191 177/177/177 184/184/184
f 190/190/190 191/191/191 184/184/184
f 185/185/185 192/192/192 189/189/189
f 187/187/187 193/193/193 185/185/185
f 185/185/185 193/193/193 192/192/192
f 189/189/189 194/194/194 190/190/190
f 189/189/189 192/192/192 194/194/194
f 191/191/191 195/195/195 177/177/177
f 195/195/195 196/196/196 177/177/177
f 196/196/196 178/178/178 177/177/177
f 196/196/196 197/197/197 178/178/178
f 198/198/198 197/197/197 196/196/196
f 198/198/198 199/199/199 197/197/197
f 200/200/200 196/196/196 195/195/195
f 200/200/200 198/198/198 196/196/196
f 201/201/201 199/199/199 198/198/198
f 201/201/201 202/202/202 199/199/199
f 203/203/203 198/198/198 200/200/200
f 201/201/201 198/198/198 203/203/203
f 204/204/204 202/202/202 201/201/201
f 204/204/204 205/205/205 202/202/202
f 201/201/201 203/203/203 206/206/206
f 201/201/201 206/206/206 204/204/204
f 207/207/207 205/205/205 204/204/204
f 207/207/207 208/208/208 205/205/205
f 209/209/209 208/208/208 207/207/207
f 209/209/209 210/210/210 208/208/208
f 209/209/209 211/211/211 210/210/210
f 204/204/204 212/212/212 207/207/207
f 204/204/204 206/206/206 212/212/212
f 213/213/213 211/211/211 209/209/209
f 213/213/213 214/214/214 211/211/211
f 215/215/215 214/214/214 213/213/213
f 216/216/216 215/215/215 213/213/213
f 213/213/213 217/217/217 216/216/216
f 209/209/209 217/217/217 213/213/213
f 218/218/218 216/216/216 217/217/217
f 207/207/207 219/219/219 209/209/209
f 207/207/207 212/212/212 219/219/219
f 209/209/209 220/220/220 217/217/217
f 209/209/209 219/219/219 220/220/220
f 218/218/218 217/217/217 221/221/221
f 221/221/221 217/217/217 220/220/220
f 222/222/222 220/220/220 219/219/219
f 221/221/221 220/220/220 222/222/222
f 221/221/221 223/223/223 218/218/218
f 218/218/218 223/223/223 224/224/224
f 221/221/221 225/225/225 223/223/223
f 222/222/222 225/225/225 221/221/221
f 222/222/222 226/226/226 225/225/225
f 222/222/222 219/219/219 227/227/227
f 227/227/227 226/226/226 222/222/222
f 227/227/227 219/219/219 212/212/212
f 227/227/227 228/228/228 226/226/226
f 227/227/227 212/212/212 229/229/229
f 229/229/229 228/228/228 227/227/227
f 229/229/229 212/212/212 206/206/206
f 206/206/206 230/230/230 229/229/229
f 229/229/229 230/230/230 228/228/228
f 206/206/206 203/203/203 230/230/230
f 231/231/231 228/228/228 230/230/230
f 232/232/232 228/228/228 231/231/231
f 232/232/232 231/231/231 233/233/233
f 230/230/230 203/203/203 234/234/234
f 234/234/234 203/203/203 200/200/200
f 231/231/231 230/230/230 235/235/235
f 233/233/233 231/231/231 235/235/235
f 235/235/235 230/230/230 234/234/234
f 234/234/234 200/200/200 236/236/236
f 236/236/236 200/200/200 195/195/195
f 237/237/237 233/233/233 235/235/235
f 237/237/237 238/238/238 233/233/233
f 239/239/239 238/238/238 237/237/237
f 235/235/235 234/234/234 240/240/240
f 240/240/240 234/234/234 236/236/236
f 235/235/235 240/240/240 237/237/237
f 241/241/241 236/236/236 195/195/195
f 241/241/241 240/240/240 236/236/236
f 241/241/241 195/195/195 191/191/191
f 242/242/242 241/241/241 191/191/191
f 242/242/242 191/191/191 190/190/190
f 190/190/190 243/243/243 242/242/242
f 243/243/243 241/241/241 242/242/242
f 194/194/194 243/243/243 190/190/190
f 244/244/244 240/240/240 241/241/241
f 243/243/243 244/244/244 241/241/241
f 245/245/245 237/237/237 240/240/240
f 245/245/245 240/240/240 244/244/244
f 243/243/243 194/194/194 246/246/246
f 243/243/243 246/246/246 244/244/244
f 247/247/247 239/239/239 237/237/237
f 247/247/247 237/237/237 245/245/245
f 246/246/246 194/194/194 248/248/248
f 192/192/192 248/248/248 194/194/194
f 249/249/249 244/244/244 246/246/246
f 249/249/249 245/245/245 244/244/244
f 250/250/250 246/246/246 248/248/248
f 249/249/249 246/246/246 250/250/250
f 250/250/250 248/248/248 251/251/251
f 249/249/249 250/250/250 251/251/251
f 192/192/192 252/252/252 248/248/248
f 251/251/251 248/248/248 252/252/252
f 251/251/251 252/252/252 253/253/253
f 254/254/254 251/251/251 253/253/253
f 249/249/249 251/251/251 254/254/254
f 254/254/254 245/245/245 249/249/249
f 255/255/255 252/252/252 192/192/192
f 255/255/255 192/192/192 193/193/193
f 254/254/254 256/256/256 245/245/245
f 245/245/245 256/256/256 247/247/247
f 257/257/257 254/254/254 253/253/253
f 257/257/257 256/256/256 254/254/254
f 257/257/257 253/253/253 258/258/258
f 257/257/257 259/259/259 256/256/256
f 258/258/258 253/253/253 260/260/260
f 259/259/259 261/261/261 256/256/256
f 247/247/247 256/256/256 261/261/261
f 262/262/262 261/261/261 259/259/259
f 247/247/247 261/261/261 263/263/263
f 262/262/262 263/263/263 261/261/261
f 264/264/264 263/263/263 262/262/262
f 263/263/263 239/239/239 247/247/247
f 264/264/264 265/265/265 263/263/263
f 266/266/266 265/265/265 264/264/264
f 263/263/263 267/267/267 239/239/239
f 265/265/265 267/267/267 263/263/263
f 268/268/268 239/239/239 267/267/267
f 269/269/269 239/239/239 268/268/268
f 269/269/269 268/268/268 270/270/270
f 266/266/266 271/271/271 265/265/265
f 272/272/272 271/271/271 266/266/266
f 265/265/265 273/273/273 267/267/267
f 271/271/271 273/273/273 265/265/265
f 267/267/267 274/274/274 268/268/268
f 267/267/267 273/273/273 274/274/274
f 272/272/272 275/275/275 271/271/271
f 276/276/276 275/275/275 272/272/272
f 276/276/276 277/277/277 275/275/275
f 278/278/278 277/277/277 276/276/276
f 279/279/279 277/277/277 278/278/278
f 280/280/280 277/277/277 279/279/279
f 279/279/279 281/281/281 280/280/280
f 278/278/278 282/282/282 279/279/279
f 282/282/282 283/283/283 279/279/279
f 279/279/279 283/283/283 281/281/281
f 281/281/281 283/283/283 284/284/284
f 281/281/281 284/284/284 285/285/285
f 285/285/285 284/284/284 286/286/286
f 286/286/286 287/287/287 285/285/285
f 285/285/285 288/288/288 281/281/281
f 285/285/285 289/289/289 288/288/288
f 285/285/285 287/287/287 289/289/289
f 289/289/289 290/290/290 288/288/288
f 260/260/260 290/290/290 289/289/289
f 260/260/260 291/291/291 290/290/290
f 292/292/292 288/288/288 290/290/290
f 253/253/253 291/291/291 260/260/260
f 293/293/293 291/291/291 253/253/253
f 292/292/292 294/294/294 288/288/288
f 293/293/293 253/253/253 295/295/295
f 295/295/295 253/253/253 252/252/252
f 294/294/294 296/296/296 288/288/288
f 255/255/255 295/295/295 252/252/252
f 297/297/297 295/295/295 255/255/255
f 296/296/296 298/298/298 288/288/288
f 297/297/297 255/255/255 299/299/299
f 255/255/255 193/193/193 299/299/299
f 297/297/297 299/299/299 300/300/300
f 299/299/299 193/193/193 301/301/301
f 300/300/300 299/299/299 301/301/301
f 300/300/300 301/301/301 302/302/302
f 187/187/187 301/301/301 193/193/193
f 288/288/288 298/298/298 303/303/303
f 288/288/288 303/303/303 281/281/281
f 302/302/302 301/301/301 304/304/304
f 302/302/302 304/304/304 305/305/305
f 306/306/306 301/301/301 187/187/187
f 301/301/301 306/306/306 304/304/304
f 305/305/305 304/304/304 307/307/307
f 307/307/307 308/308/308 305/305/305
f 309/309/309 303/303/303 298/298/298
f 310/310/310 303/303/303 309/309/309
f 298/298/298 311/311/311 309/309/309
f 309/309/309 311/311/311 312/312/312
f 281/281/281 303/303/303 313/313/313
f 310/310/310 313/313/313 303/303/303
f 310/310/310 314/314/314 313/313/313
f 280/280/280 281/281/281 313/313/313
f 280/280/280 313/313/313 314/314/314
f 315/315/315 309/309/309 312/312/312
f 315/315/315 310/310/310 309/309/309
f 315/315/315 312/312/312 316/316/316
f 317/317/317 316/316/316 308/308/308
f 317/317/317 308/308/308 307/307/307
f 315/315/315 316/316/316 317/317/317
f 315/315/315 317/317/317 318/318/318
f 319/319/319 310/310/310 315/315/315
f 315/315/315 318/318/318 319/319/319
f 317/317/317 320/320/320 318/318/318
f 317/317/317 307/307/307 320/320/320
f 318/318/318 321/321/321 319/319/319
f 318/318/318 320/320/320 321/321/321
f 322/322/322 310/310/310 319/319/319
f 319/319/319 321/321/321 323/323/323
f 323/323/323 322/322/322 319/319/319
f 320/320/320 324/324/324 321/321/321
f 321/321/321 324/324/324 323/323/323
f 307/307/307 325/325/325 320/320/320
f 320/320/320 325/325/325 324/324/324
f 322/322/322 326/326/326 310/310/310
f 326/326/326 314/314/314 310/310/310
f 327/327/327 322/322/322 323/323/323
f 327/327/327 326/326/326 322/322/322
f 328/328/328 323/323/323 324/324/324
f 328/328/328 327/327/327 323/323/323
f 307/307/307 329/329/329 325/325/325
f 304/304/304 329/329/329 307/307/307
f 304/304/304 306/306/306 329/329/329
f 330/330/330 324/324/324 325/325/325
f 328/328/328 324/324/324 330/330/330
f 331/331/331 325/325/325 329/329/329
f 330/330/330 325/325/325 331/331/331
f 332/332/332 330/330/330 331/331/331
f 333/333/333 330/330/330 332/332/332
f 333/333/333 328/328/328 330/330/330
f 334/334/334 329/329/329 306/306/306
f 331/331/331 329/329/329 334/334/334
f 327/327/327 335/335/335 326/326/326
f 327/327/327 336/336/336 335/335/335
f 337/337/337 336/336/336 327/327/327
f 337/337/337 327/327/327 328/328/328
f 326/326/326 335/335/335 314/314/314
f 338/338/338 337/337/337 328/328/328
f 338/338/338 328/328/328 333/333/333
f 332/332/332 331/331/331 339/339/339
f 339/339/339 331/331/331 334/334/334
f 306/306/306 340/340/340 334/334/334
f 306/306/306 187/187/187 340/340/340
f 341/341/341 340/340/340 187/187/187
f 334/334/334 340/340/340 342/342/342
f 334/334/334 342/342/342 339/339/339
f 343/343/343 340/340/340 341/341/341
f 343/343/343 342/342/342 340/340/340
f 344/344/344 343/343/343 341/341/341
f 345/345/345 343/343/343 344/344/344
f 346/346/346 345/345/345 344/344/344
f 347/347/347 345/345/345 346/346/346
f 347/347/347 346/346/346 348/348/348
f 349/349/349 342/342/342 343/343/343
f 345/345/345 349/349/349 343/343/343
f 339/339/339 342/342/342 350/350/350
f 350/350/350 342/342/342 349/349/349
f 351/351/351 349/349/349 345/345/345
f 347/347/347 351/351/351 345/345/345
f 351/351/351 350/350/350 349/349/349
f 352/352/352 350/350/350 351/351/351
f 339/339/339 350/350/350 353/353/353
f 353/353/353 332/332/332 339/339/339
f 353/353/353 350/350/350 354/354/354
f 352/352/352 354/354/354 350/350/350
f 348/348/348 355/355/355 347/347/347
f 348/348/348 356/356/356 355/355/355
f 357/357/357 351/351/351 347/347/347
f 352/352/352 351/351/351 357/357/357
f 352/352/352 357/357/357 358/358/358
f 357/357/357 347/347/347 359/359/359
f 359/359/359 358/358/358 357/357/357
f 360/360/360 332/332/332 353/353/353
f 353/353/353 354/354/354 360/360/360
f 355/355/355 356/356/356 361/361/361
f 356/356/356 362/362/362 361/361/361
f 355/355/355 361/361/361 363/363/363
f 361/361/361 364/364/364 363/363/363
f 361/361/361 362/362/362 364/364/364
f 362/362/362 365/365/365 364/364/364
f 347/347/347 355/355/355 366/366/366
f 366/366/366 359/359/359 347/347/347
f 355/355/355 363/363/363 366/366/366
f 364/364/364 365/365/365 367/367/367
f 363/363/363 364/364/364 367/367/367
f 365/365/365 368/368/368 367/367/367
f 367/367/367 368/368/368 369/369/369
f 367/367/367 369/369/369 370/370/370
f 371/371/371 367/367/367 370/370/370
f 363/363/363 367/367/367 371/371/371
f 372/372/372 363/363/363 371/371/371
f 371/371/371 370/370/370 373/373/373
f 371/371/371 373/373/373 372/372/372
f 373/373/373 370/370/370 374/374/374
f 373/373/373 374/374/374 375/375/375
f 372/372/372 373/373/373 375/375/375
f 375/375/375 374/374/374 376/376/376
f 375/375/375 376/376/376 377/377/377
f 372/372/372 375/375/375 377/377/377
f 377/377/377 376/376/376 378/378/378
f 377/377/377 378/378/378 379/379/379
f 379/379/379 378/378/378 380/380/380
f 379/379/379 380/380/380 381/381/381
f 381/381/381 380/380/380 382/382/382
f 381/381/381 382/382/382 383/383/383
f 381/381/381 383/383/383 384/384/384
f 384/384/384 383/383/383 385/385/385
f 385/385/385 386/386/386 384/384/384
f 387/387/387 381/381/381 384/384/384
f 384/384/384 386/386/386 388/388/388
f 384/384/384 388/388/388 387/387/387
f 387/387/387 388/388/388 389/389/389
f 381/381/381 387/387/387 390/390/390
f 390/390/390 379/379/379 381/381/381
f 387/387/387 389/389/389 390/390/390
f 386/386/386 391/391/391 388/388/388
f 386/386/386 392/392/392 391/391/391
f 391/391/391 392/392/392 393/393/393
f 391/391/391 393/393/393 394/394/394
f 395/395/395 388/388/388 391/391/391
f 395/395/395 389/389/389 388/388/388
f 391/391/391 394/394/394 395/395/395
f 390/390/390 396/396/396 379/379/379
f 390/390/390 389/389/389 396/396/396
f 396/396/396 389/389/389 397/397/397
f 379/379/379 396/396/396 398/398/398
f 396/396/396 397/397/397 398/398/398
f 379/379/379 398/398/398 377/377/377
f 377/377/377 398/398/398 399/399/399
f 398/398/398 397/397/397 399/399/399
f 377/377/377 399/399/399 372/372/372
f 372/372/372 399/399/399 400/400/400
f 399/399/399 397/397/397 400/400/400
f 400/400/400 397/397/397 401/401/401
f 400/400/400 402/402/402 372/372/372
f 372/372/372 402/402/402 363/363/363
f 400/400/400 401/401/401 403/403/403
f 400/400/400 403/403/403 402/402/402
f 403/403/403 404/404/404 402/402/402
f 405/405/405 363/363/363 402/402/402
f 402/402/402 404/404/404 405/405/405
f 366/366/366 363/363/363 405/405/405
f 405/405/405 406/406/406 366/366/366
f 404/404/404 406/406/406 405/405/405
f 406/406/406 359/359/359 366/366/366
f 406/406/406 407/407/407 359/359/359
f 404/404/404 407/407/407 406/406/406
f 358/358/358 359/359/359 407/407/407
f 408/408/408 407/407/407 404/404/404
f 358/358/358 407/407/407 408/408/408
f 409/409/409 404/404/404 403/403/403
f 408/408/408 404/404/404 410/410/410
f 410/410/410 404/404/404 409/409/409
f 403/403/403 401/401/401 411/411/411
f 403/403/403 411/411/411 409/409/409
f 412/412/412 358/358/358 408/408/408
f 412/412/412 408/408/408 410/410/410
f 411/411/411 401/401/401 413/413/413
f 409/409/409 411/411/411 413/413/413
f 413/413/413 401/401/401 414/414/414
f 401/401/401 415/415/415 414/414/414
f 414/414/414 416/416/416 413/413/413
f 409/409/409 413/413/413 417/417/417
f 417/417/417 413/413/413 416/416/416
f 409/409/409 418/418/418 410/410/410
f 417/417/417 418/418/418 409/409/409
f 417/417/417 419/419/419 418/418/418
f 419/419/419 420/420/420 418/418/418
f 416/416/416 421/421/421 417/417/417
f 414/414/414 421/421/421 416/416/416
f 421/421/421 419/419/419 417/417/417
f 410/410/410 418/418/418 422/422/422
f 422/422/422 412/412/412 410/410/410
f 401/401/401 423/423/423 415/415/415
f 397/397/397 423/423/423 401/401/401
f 415/415/415 423/423/423 424/424/424
f 423/423/423 425/425/425 424/424/424
f 397/397/397 426/426/426 423/423/423
f 425/425/425 423/423/423 426/426/426
f 397/397/397 389/389/389 426/426/426
f 427/427/427 426/426/426 389/389/389
f 425/425/425 426/426/426 427/427/427
f 427/427/427 389/389/389 395/395/395
f 427/427/427 428/428/428 425/425/425
f 428/428/428 424/424/424 425/425/425
f 395/395/395 429/429/429 427/427/427
f 427/427/427 429/429/429 428/428/428
f 395/395/395 394/394/394 429/429/429
f 394/394/394 430/430/430 429/429/429
f 429/429/429 430/430/430 428/428/428
f 394/394/394 431/431/431 430/430/430
f 432/432/432 430/430/430 431/431/431
f 428/428/428 430/430/430 433/433/433
f 433/433/433 424/424/424 428/428/428
f 434/434/434 430/430/430 432/432/432
f 433/433/433 430/430/430 434/434/434
f 435/435/435 434/434/434 432/432/432
f 435/435/435 436/436/436 434/434/434
f 436/436/436 437/437/437 434/434/434
f 434/434/434 437/437/437 433/433/433
f 433/433/433 437/437/437 424/424/424
f 437/437/437 438/438/438 424/424/424
f 439/439/439 424/424/424 438/438/438
f 440/440/440 424/424/424 439/439/439
f 439/439/439 441/441/441 440/440/440
f 440/440/440 441/441/441 442/442/442
f 440/440/440 415/415/415 424/424/424
f 440/440/440 442/442/442 443/443/443
f 443/443/443 415/415/415 440/440/440
f 443/443/443 442/442/442 444/444/444
f 445/445/445 415/415/415 443/443/443
f 415/415/415 445/445/445 414/414/414
f 443/443/443 446/446/446 445/445/445
f 414/414/414 445/445/445 446/446/446
f 446/446/446 447/447/447 414/414/414
f 448/448/448 447/447/447 446/446/446
f 443/443/443 448/448/448 446/446/446
f 444/444/444 448/448/448 443/443/443
f 444/444/444 449/449/449 448/448/448
f 448/448/448 449/449/449 447/447/447
f 450/450/450 449/449/449 444/444/444
f 450/450/450 451/451/451 449/449/449
f 452/452/452 451/451/451 450/450/450
f 452/452/452 453/453/453 451/451/451
f 452/452/452 454/454/454 453/453/453
f 451/451/451 455/455/455 449/449/449
f 455/455/455 447/447/447 449/449/449
f 451/451/451 453/453/453 455/455/455
f 414/414/414 447/447/447 456/456/456
f 414/414/414 456/456/456 457/457/457
f 421/421/421 414/414/414 457/457/457
f 457/457/457 419/419/419 421/421/421
f 457/457/457 456/456/456 419/419/419
f 419/419/419 456/456/456 458/458/458
f 456/456/456 459/459/459 458/458/458
f 456/456/456 447/447/447 459/459/459
f 459/459/459 447/447/447 460/460/460
f 458/458/458 459/459/459 460/460/460
f 461/461/461 447/447/447 455/455/455
f 460/460/460 447/447/447 461/461/461
f 462/462/462 455/455/455 453/453/453
f 461/461/461 455/455/455 462/462/462
f 462/462/462 463/463/463 461/461/461
f 461/461/461 463/463/463 464/464/464
f 464/464/464 460/460/460 461/461/461
f 458/458/458 460/460/460 464/464/464
f 462/462/462 453/453/453 465/465/465
f 462/462/462 465/465/465 463/463/463
f 466/466/466 465/465/465 453/453/453
f 465/465/465 466/466/466 463/463/463
f 466/466/466 453/453/453 467/467/467
f 467/467/467 453/453/453 454/454/454
f 466/466/466 467/467/467 468/468/468
f 466/466/466 468/468/468 463/463/463
f 467/467/467 454/454/454 469/469/469
f 467/467/467 469/469/469 468/468/468
f 464/464/464 463/463/463 470/470/470
f 463/463/463 471/471/471 470/470/470
f 463/463/463 472/472/472 471/471/471
f 463/463/463 468/468/468 472/472/472
f 468/468/468 473/473/473 472/472/472
f 468/468/468 469/469/469 473/473/473
f 471/471/471 472/472/472 473/473/473
f 473/473/473 469/469/469 474/474/474
f 473/473/473 474/474/474 475/475/475
f 473/473/473 475/475/475 471/471/471
f 469/469/469 454/454/454 476/476/476
f 469/469/469 476/476/476 474/474/474
f 476/476/476 454/454/454 477/477/477
f 478/478/478 477/477/477 454/454/454
f 479/479/479 477/477/477 478/478/478
f 480/480/480 477/477/477 479/479/479
f 478/478/478 480/480/480 479/479/479
f 464/464/464 470/470/470 481/481/481
f 458/458/458 464/464/464 481/481/481
f 458/458/458 481/481/481 482/482/482
f 481/481/481 470/470/470 483/483/483
f 482/482/482 481/481/481 483/483/483
f 470/470/470 484/484/484 483/483/483
f 470/470/470 471/471/471 484/484/484
f 483/483/483 484/484/484 485/485/485
f 484/484/484 471/471/471 485/485/485
f 482/482/482 483/483/483 486/486/486
f 483/483/483 485/485/485 486/486/486
f 471/471/471 487/487/487 485/485/485
f 486/486/486 485/485/485 488/488/488
f 485/485/485 487/487/487 488/488/488
f 471/471/471 489/489/489 487/487/487
f 487/487/487 489/489/489 490/490/490
f 471/471/471 475/475/475 489/489/489
f 491/491/491 489/489/489 475/475/475
f 490/490/490 489/489/489 491/491/491
f 491/491/491 475/475/475 492/492/492
f 475/475/475 474/474/474 492/492/492
f 486/486/486 488/488/488 493/493/493
f 488/488/488 487/487/487 494/494/494
f 493/493/493 488/488/488 494/494/494
f 495/495/495 486/486/486 493/493/493
f 482/482/482 486/486/486 495/495/495
f 493/493/493 494/494/494 495/495/495
f 487/487/487 496/496/496 494/494/494
f 487/487/487 490/490/490 496/496/496
f 495/495/495 494/494/494 497/497/497
f 497/497/497 494/494/494 496/496/496
f 498/498/498 482/482/482 495/495/495
f 495/495/495 497/497/497 498/498/498
f 492/492/492 499/499/499 491/491/491
f 474/474/474 500/500/500 492/492/492
f 492/492/492 500/500/500 499/499/499
f 491/491/491 501/501/501 490/490/490
f 491/491/491 499/499/499 501/501/501
f 496/496/496 502/502/502 497/497/497
f 498/498/498 497/497/497 503/503/503
f 497/497/497 502/502/502 503/503/503
f 504/504/504 482/482/482 498/498/498
f 498/498/498 503/503/503 504/504/504
f 496/496/496 505/505/505 502/502/502
f 496/496/496 490/490/490 505/505/505
f 506/506/506 482/482/482 504/504/504
f 506/506/506 458/458/458 482/482/482
f 504/504/504 503/503/503 507/507/507
f 504/504/504 507/507/507 506/506/506
f 502/502/502 420/420/420 503/503/503
f 503/503/503 420/420/420 507/507/507
f 420/420/420 502/502/502 505/505/505
f 508/508/508 458/458/458 506/506/506
f 419/419/419 458/458/458 508/508/508
f 506/506/506 507/507/507 509/509/509
f 506/506/506 509/509/509 508/508/508
f 508/508/508 509/509/509 419/419/419
f 509/509/509 507/507/507 420/420/420
f 419/419/419 509/509/509 420/420/420
f 420/420/420 505/505/505 510/510/510
f 418/418/418 420/420/420 510/510/510
f 418/418/418 510/510/510 422/422/422
f 510/510/510 505/505/505 511/511/511
f 490/490/490 511/511/511 505/505/505
f 510/510/510 511/511/511 512/512/512
f 422/422/422 510/510/510 512/512/512
f 490/490/490 513/513/513 511/511/511
f 511/511/511 513/513/513 512/512/512
f 490/490/490 501/501/501 513/513/513
f 513/513/513 514/514/514 512/512/512
f 501/501/501 514/514/514 513/513/513
f 422/422/422 512/512/512 515/515/515
f 515/515/515 512/512/512 514/514/514
f 516/516/516 422/422/422 515/515/515
f 516/516/516 412/412/412 422/422/422
f 516/516/516 517/517/517 412/412/412
f 517/517/517 358/358/358 412/412/412
f 518/518/518 358/358/358 517/517/517
f 518/518/518 517/517/517 519/519/519
f 352/352/352 358/358/358 518/518/518
f 516/516/516 520/520/520 517/517/517
f 519/519/519 517/517/517 520/520/520
f 521/521/521 520/520/520 516/516/516
f 515/515/515 521/521/521 516/516/516
f 521/521/521 519/519/519 520/520/520
f 352/352/352 518/518/518 522/522/522
f 522/522/522 518/518/518 519/519/519
f 522/522/522 523/523/523 352/352/352
f 523/523/523 354/354/354 352/352/352
f 523/523/523 524/524/524 354/354/354
f 360/360/360 354/354/354 524/524/524
f 524/524/524 523/523/523 525/525/525
f 360/360/360 524/524/524 525/525/525
f 523/523/523 522/522/522 526/526/526
f 525/525/525 523/523/523 526/526/526
f 360/360/360 525/525/525 527/527/527
f 360/360/360 527/527/527 332/332/332
f 527/527/527 525/525/525 528/528/528
f 528/528/528 332/332/332 527/527/527
f 525/525/525 526/526/526 528/528/528
f 529/529/529 332/332/332 528/528/528
f 528/528/528 526/526/526 529/529/529
f 529/529/529 333/333/333 332/332/332
f 526/526/526 522/522/522 530/530/530
f 526/526/526 530/530/530 529/529/529
f 522/522/522 519/519/519 531/531/531
f 522/522/522 531/531/531 530/530/530
f 530/530/530 531/531/531 519/519/519
f 532/532/532 333/333/333 529/529/529
f 529/529/529 530/530/530 532/532/532
f 530/530/530 519/519/519 533/533/533
f 532/532/532 530/530/530 533/533/533
f 533/533/533 333/333/333 532/532/532
f 533/533/533 519/519/519 521/521/521
f 533/533/533 338/338/338 333/333/333
f 534/534/534 533/533/533 521/521/521
f 533/533/533 534/534/534 338/338/338
f 535/535/535 534/534/534 521/521/521
f 338/338/338 534/534/534 535/535/535
f 338/338/338 535/535/535 337/337/337
f 515/515/515 535/535/535 521/521/521
f 337/337/337 535/535/535 336/336/336
f 336/336/336 535/535/535 515/515/515
f 514/514/514 336/336/336 515/515/515
f 536/536/536 336/336/336 514/514/514
f 536/536/536 514/514/514 537/537/537
f 537/537/537 514/514/514 501/501/501
f 537/537/537 501/501/501 538/538/538
f 538/538/538 501/501/501 499/499/499
f 537/537/537 538/538/538 539/539/539
f 499/499/499 540/540/540 538/538/538
f 539/539/539 538/538/538 540/540/540
f 539/539/539 541/541/541 537/537/537
f 541/541/541 536/536/536 537/537/537
f 542/542/542 540/540/540 499/499/499
f 499/499/499 500/500/500 542/542/542
f 539/539/539 540/540/540 543/543/543
f 539/539/539 543/543/543 541/541/541
f 544/544/544 336/336/336 536/536/536
f 544/544/544 545/545/545 336/336/336
f 335/335/335 336/336/336 545/545/545
f 314/314/314 335/335/335 545/545/545
f 314/314/314 545/545/545 544/544/544
f 546/546/546 314/314/314 544/544/544
f 314/314/314 546/546/546 280/280/280
f 544/544/544 547/547/547 546/546/546
f 544/544/544 536/536/536 547/547/547
f 280/280/280 546/546/546 548/548/548
f 547/547/547 548/548/548 546/546/546
f 280/280/280 548/548/548 549/549/549
f 280/280/280 549/549/549 277/277/277
f 547/547/547 550/550/550 548/548/548
f 549/549/549 548/548/548 550/550/550
f 551/551/551 277/277/277 549/549/549
f 277/277/277 551/551/551 275/275/275
f 549/549/549 552/552/552 551/551/551
f 549/549/549 550/550/550 552/552/552
f 551/551/551 553/553/553 275/275/275
f 551/551/551 552/552/552 553/553/553
f 275/275/275 553/553/553 271/271/271
f 552/552/552 550/550/550 554/554/554
f 552/552/552 554/554/554 553/553/553
f 553/553/553 555/555/555 271/271/271
f 553/553/553 554/554/554 555/555/555
f 271/271/271 555/555/555 273/273/273
f 547/547/547 556/556/556 550/550/550
f 550/550/550 556/556/556 554/554/554
f 555/555/555 557/557/557 273/273/273
f 273/273/273 557/557/557 274/274/274
f 554/554/554 558/558/558 555/555/555
f 554/554/554 556/556/556 558/558/558
f 555/555/555 558/558/558 557/557/557
f 559/559/559 557/557/557 558/558/558
f 559/559/559 558/558/558 560/560/560
f 560/560/560 558/558/558 556/556/556
f 547/547/547 561/561/561 556/556/556
f 547/547/547 536/536/536 561/561/561
f 562/562/562 274/274/274 557/557/557
f 562/562/562 557/557/557 559/559/559
f 563/563/563 556/556/556 561/561/561
f 560/560/560 556/556/556 563/563/563
f 564/564/564 560/560/560 563/563/563
f 564/564/564 563/563/563 565/565/565
f 566/566/566 561/561/561 536/536/536
f 563/563/563 561/561/561 566/566/566
f 565/565/565 563/563/563 566/566/566
f 566/566/566 536/536/536 541/541/541
f 566/566/566 567/567/567 565/565/565
f 541/541/541 567/567/567 566/566/566
f 564/564/564 565/565/565 567/567/567
f 567/567/567 541/541/541 568/568/568
f 564/564/564 567/567/567 568/568/568
f 541/541/541 543/543/543 568/568/568
f 569/569/569 274/274/274 562/562/562
f 569/569/569 268/268/268 274/274/274
f 570/570/570 569/569/569 562/562/562
f 268/268/268 569/569/569 571/571/571
f 571/571/571 569/569/569 570/570/570
f 570/570/570 562/562/562 572/572/572
f 572/572/572 562/562/562 559/559/559
f 571/571/571 573/573/573 268/268/268
f 268/268/268 573/573/573 574/574/574
f 574/574/574 270/270/270 268/268/268
f 573/573/573 270/270/270 574/574/574
f 573/573/573 575/575/575 270/270/270
f 571/571/571 576/576/576 573/573/573
f 576/576/576 575/575/575 573/573/573
f 571/571/571 570/570/570 577/577/577
f 577/577/577 576/576/576 571/571/571
f 577/577/577 570/570/570 578/578/578
f 577/577/577 579/579/579 576/576/576
f 576/576/576 579/579/579 580/580/580
f 576/576/576 580/580/580 575/575/575
f 581/581/581 579/579/579 577/577/577
f 577/577/577 578/578/578 581/581/581
f 575/575/575 580/580/580 582/582/582
f 572/572/572 583/583/583 570/570/570
f 570/570/570 583/583/583 578/578/578
f 584/584/584 582/582/582 580/580/580
f 585/585/585 582/582/582 584/584/584
f 586/586/586 580/580/580 579/579/579
f 584/584/584 580/580/580 586/586/586
f 587/587/587 584/584/584 586/586/586
f 588/588/588 585/585/585 584/584/584
f 588/588/588 584/584/584 587/587/587
f 589/589/589 585/585/585 588/588/588
f 590/590/590 589/589/589 588/588/588
f 590/590/590 588/588/588 587/587/587
f 591/591/591 589/589/589 590/590/590
f 590/590/590 592/592/592 591/591/591
f 587/587/587 592/592/592 590/590/590
f 593/593/593 591/591/591 592/592/592
f 594/594/594 593/593/593 592/592/592
f 594/594/594 592/592/592 595/595/595
f 596/596/596 594/594/594 595/595/595
f 597/597/597 596/596/596 595/595/595
f 595/595/595 598/598/598 597/597/597
f 599/599/599 597/597/597 598/598/598
f 595/595/595 592/592/592 600/600/600
f 587/587/587 600/600/600 592/592/592
f 600/600/600 601/601/601 595/595/595
f 595/595/595 601/601/601 598/598/598
f 602/602/602 601/601/601 600/600/600
f 602/602/602 600/600/600 587/587/587
f 598/598/598 601/601/601 602/602/602
f 602/602/602 587/587/587 603/603/603
f 587/587/587 586/586/586 603/603/603
f 599/599/599 598/598/598 604/604/604
f 605/605/605 599/599/599 604/604/604
f 606/606/606 602/602/602 603/603/603
f 598/598/598 602/602/602 606/606/606
f 603/603/603 586/586/586 607/607/607
f 586/586/586 579/579/579 607/607/607
f 605/605/605 604/604/604 608/608/608
f 608/608/608 609/609/609 605/605/605
f 606/606/606 603/603/603 610/610/610
f 610/610/610 603/603/603 607/607/607
f 611/611/611 609/609/609 608/608/608
f 611/611/611 612/612/612 609/609/609
f 611/611/611 613/613/613 612/612/612
f 611/611/611 614/614/614 613/613/613
f 613/613/613 614/614/614 615/615/615
f 615/615/615 614/614/614 616/616/616
f 617/617/617 611/611/611 608/608/608
f 611/611/611 618/618/618 614/614/614
f 611/611/611 617/617/617 618/618/618
f 616/616/616 614/614/614 619/619/619
f 618/618/618 619/619/619 614/614/614
f 616/616/616 619/619/619 620/620/620
f 616/616/616 620/620/620 621/621/621
f 621/621/621 620/620/620 622/622/622
f 623/623/623 622/622/622 620/620/620
f 623/623/623 620/620/620 624/624/624
f 625/625/625 619/619/619 618/618/618
f 617/617/617 625/625/625 618/618/618
f 625/625/625 620/620/620 619/619/619
f 608/608/608 626/626/626 617/617/617
f 608/608/608 604/604/604 626/626/626
f 624/624/624 620/620/620 627/627/627
f 624/624/624 627/627/627 628/628/628
f 628/628/628 627/627/627 629/629/629
f 630/630/630 628/628/628 629/629/629
f 629/629/629 631/631/631 630/630/630
f 629/629/629 632/632/632 631/631/631
f 633/633/633 632/632/632 629/629/629
f 634/634/634 620/620/620 625/625/625
f 634/634/634 627/627/627 620/620/620
f 635/635/635 625/625/625 617/617/617
f 626/626/626 635/635/635 617/617/617
f 635/635/635 634/634/634 625/625/625
f 626/626/626 604/604/604 636/636/636
f 636/636/636 635/635/635 626/626/626
f 629/629/629 627/627/627 637/637/637
f 637/637/637 627/627/627 634/634/634
f 638/638/638 629/629/629 637/637/637
f 638/638/638 637/637/637 634/634/634
f 633/633/633 629/629/629 638/638/638
f 639/639/639 636/636/636 604/604/604
f 639/639/639 604/604/604 598/598/598
f 640/640/640 634/634/634 635/635/635
f 640/640/640 638/638/638 634/634/634
f 641/641/641 635/635/635 636/636/636
f 639/639/639 641/641/641 636/636/636
f 641/641/641 640/640/640 635/635/635
f 641/641/641 642/642/642 640/640/640
f 641/641/641 643/643/643 642/642/642
f 641/641/641 639/639/639 643/643/643
f 598/598/598 643/643/643 639/639/639
f 606/606/606 643/643/643 598/598/598
f 606/606/606 644/644/644 643/643/643
f 642/642/642 643/643/643 644/644/644
f 610/610/610 644/644/644 606/606/606
f 610/610/610 645/645/645 644/644/644
f 646/646/646 645/645/645 610/610/610
f 640/640/640 647/647/647 638/638/638
f 638/638/638 647/647/647 633/633/633
f 640/640/640 648/648/648 647/647/647
f 642/642/642 648/648/648 640/640/640
f 649/649/649 633/633/633 647/647/647
f 647/647/647 648/648/648 649/649/649
f 644/644/644 645/645/645 650/650/650
f 644/644/644 650/650/650 642/642/642
f 610/610/610 651/651/651 646/646/646
f 607/607/607 651/651/651 610/610/610
f 607/607/607 652/652/652 651/651/651
f 607/607/607 579/579/579 652/652/652
f 651/651/651 652/652/652 653/653/653
f 651/651/651 653/653/653 646/646/646
f 579/579/579 653/653/653 652/652/652
f 654/654/654 633/633/633 649/649/649
f 654/654/654 655/655/655 633/633/633
f 650/650/650 645/645/645 656/656/656
f 650/650/650 656/656/656 642/642/642
f 656/656/656 657/657/657 642/642/642
f 658/658/658 642/642/642 657/657/657
f 648/648/648 642/642/642 658/658/658
f 658/658/658 649/649/649 648/648/648
f 658/658/658 659/659/659 649/649/649
f 659/659/659 654/654/654 649/649/649
f 658/658/658 657/657/657 659/659/659
f 655/655/655 654/654/654 660/660/660
f 655/655/655 660/660/660 661/661/661
f 661/661/661 660/660/660 662/662/662
f 662/662/662 660/660/660 663/663/663
f 664/664/664 654/654/654 659/659/659
f 664/664/664 660/660/660 654/654/654
f 659/659/659 657/657/657 664/664/664
f 663/663/663 660/660/660 480/480/480
f 480/480/480 660/660/660 664/664/664
f 480/480/480 665/665/665 663/663/663
f 666/666/666 665/665/665 480/480/480
f 664/664/664 477/477/477 480/480/480
f 664/664/664 657/657/657 477/477/477
f 667/667/667 477/477/477 657/657/657
f 667/667/667 657/657/657 668/668/668
f 667/667/667 668/668/668 669/669/669
f 668/668/668 657/657/657 670/670/670
f 670/670/670 669/669/669 668/668/668
f 656/656/656 670/670/670 657/657/657
f 670/670/670 656/656/656 645/645/645
f 645/645/645 669/669/669 670/670/670
f 671/671/671 477/477/477 667/667/667
f 671/671/671 667/667/667 669/669/669
f 671/671/671 669/669/669 672/672/672
f 645/645/645 673/673/673 669/669/669
f 646/646/646 673/673/673 645/645/645
f 674/674/674 477/477/477 671/671/671
f 671/671/671 672/672/672 674/674/674
f 675/675/675 477/477/477 674/674/674
f 674/674/674 672/672/672 675/675/675
f 476/476/476 477/477/477 675/675/675
f 476/476/476 675/675/675 672/672/672
f 676/676/676 669/669/669 673/673/673
f 672/672/672 669/669/669 676/676/676
f 677/677/677 476/476/476 672/672/672
f 677/677/677 474/474/474 476/476/476
f 678/678/678 672/672/672 676/676/676
f 677/677/677 672/672/672 678/678/678
f 676/676/676 679/679/679 678/678/678
f 680/680/680 677/677/677 678/678/678
f 678/678/678 679/679/679 680/680/680
f 681/681/681 474/474/474 677/677/677
f 681/681/681 677/677/677 680/680/680
f 682/682/682 474/474/474 681/681/681
f 680/680/680 682/682/682 681/681/681
f 682/682/682 500/500/500 474/474/474
f 683/683/683 682/682/682 680/680/680
f 680/680/680 679/679/679 683/683/683
f 682/682/682 684/684/684 500/500/500
f 683/683/683 684/684/684 682/682/682
f 500/500/500 684/684/684 685/685/685
f 500/500/500 685/685/685 542/542/542
f 686/686/686 684/684/684 683/683/683
f 686/686/686 685/685/685 684/684/684
f 683/683/683 687/687/687 686/686/686
f 687/687/687 685/685/685 686/686/686
f 679/679/679 687/687/687 683/683/683
f 542/542/542 685/685/685 688/688/688
f 687/687/687 688/688/688 685/685/685
f 679/679/679 689/689/689 687/687/687
f 689/689/689 688/688/688 687/687/687
f 542/542/542 688/688/688 690/690/690
f 690/690/690 540/540/540 542/542/542
f 689/689/689 691/691/691 688/688/688
f 690/690/690 688/688/688 691/691/691
f 692/692/692 689/689/689 679/679/679
f 692/692/692 691/691/691 689/689/689
f 690/690/690 693/693/693 540/540/540
f 543/543/543 540/540/540 693/693/693
f 694/694/694 692/692/692 679/679/679
f 676/676/676 694/694/694 679/679/679
f 690/690/690 691/691/691 695/695/695
f 695/695/695 693/693/693 690/690/690
f 692/692/692 696/696/696 691/691/691
f 694/694/694 696/696/696 692/692/692
f 695/695/695 691/691/691 696/696/696
f 676/676/676 697/697/697 694/694/694
f 694/694/694 697/697/697 696/696/696
f 695/695/695 696/696/696 697/697/697
f 673/673/673 697/697/697 676/676/676
f 697/697/697 673/673/673 695/695/695
f 695/695/695 673/673/673 693/693/693
f 646/646/646 693/693/693 673/673/673
f 543/543/543 693/693/693 646/646/646
f 646/646/646 698/698/698 543/543/543
f 646/646/646 653/653/653 698/698/698
f 568/568/568 543/543/543 698/698/698
f 699/699/699 698/698/698 653/653/653
f 699/699/699 653/653/653 579/579/579
f 700/700/700 699/699/699 579/579/579
f 700/700/700 698/698/698 699/699/699
f 700/700/700 579/579/579 581/581/581
f 581/581/581 578/578/578 700/700/700
f 701/701/701 568/568/568 698/698/698
f 701/701/701 698/698/698 700/700/700
f 701/701/701 702/702/702 568/568/568
f 568/568/568 702/702/702 564/564/564
f 700/700/700 703/703/703 701/701/701
f 701/701/701 703/703/703 702/702/702
f 700/700/700 578/578/578 703/703/703
f 704/704/704 702/702/702 703/703/703
f 704/704/704 564/564/564 702/702/702
f 705/705/705 703/703/703 578/578/578
f 704/704/704 703/703/703 705/705/705
f 706/706/706 564/564/564 704/704/704
f 704/704/704 705/705/705 706/706/706
f 705/705/705 578/578/578 707/707/707
f 707/707/707 578/578/578 583/583/583
f 708/708/708 564/564/564 706/706/706
f 708/708/708 560/560/560 564/564/564
f 709/709/709 560/560/560 708/708/708
f 706/706/706 709/709/709 708/708/708
f 709/709/709 559/559/559 560/560/560
f 705/705/705 710/710/710 706/706/706
f 710/710/710 709/709/709 706/706/706
f 707/707/707 710/710/710 705/705/705
f 710/710/710 711/711/711 709/709/709
f 711/711/711 559/559/559 709/709/709
f 707/707/707 712/712/712 710/710/710
f 712/712/712 711/711/711 710/710/710
f 707/707/707 583/583/583 713/713/713
f 713/713/713 712/712/712 707/707/707
f 713/713/713 583/583/583 714/714/714
f 713/713/713 714/714/714 712/712/712
f 572/572/572 714/714/714 583/583/583
f 559/559/559 714/714/714 572/572/572
f 712/712/712 715/715/715 711/711/711
f 714/714/714 715/715/715 712/712/712
f 715/715/715 559/559/559 711/711/711
f 715/715/715 714/714/714 559/559/559
f 718/718/718 717/717/717 716/716/716
f 719/719/719 717/717/717 718/718/718
f 720/720/720 717/717/717 719/719/719
f 719/719/719 721/721/721 720/720/720
f 722/722/722 721/721/721 719/719/719
f 722/722/722 723/723/723 721/721/721
f 724/724/724 723/723/723 722/722/722
f 725/725/725 723/723/723 724/724/724
f 725/725/725 726/726/726 723/723/723
f 720/720/720 727/727/727 717/717/717
f 727/727/727 728/728/728 717/717/717
f 727/727/727 729/729/729 728/728/728
f 730/730/730 720/720/720 721/721/721
f 730/730/730 721/721/721 723/723/723
f 731/731/731 723/723/723 726/726/726
f 726/726/726 732/732/732 731/731/731
f 731/731/731 732/732/732 733/733/733
f 734/734/734 727/727/727 720/720/720
f 734/734/734 720/720/720 730/730/730
f 734/734/734 735/735/735 727/727/727
f 729/729/729 727/727/727 735/735/735
f 730/730/730 735/735/735 734/734/734
f 736/736/736 723/723/723 731/731/731
f 730/730/730 723/723/723 736/736/736
f 731/731/731 733/733/733 737/737/737
f 737/737/737 736/736/736 731/731/731
f 737/737/737 733/733/733 738/738/738
f 737/737/737 738/738/738 739/739/739
f 737/737/737 739/739/739 736/736/736
f 739/739/739 738/738/738 740/740/740
f 736/736/736 741/741/741 730/730/730
f 741/741/741 735/735/735 730/730/730
f 736/736/736 739/739/739 741/741/741
f 729/729/729 735/735/735 742/742/742
f 742/742/742 743/743/743 729/729/729
f 739/739/739 740/740/740 744/744/744
f 744/744/744 740/740/740 745/745/745
f 741/741/741 746/746/746 735/735/735
f 742/742/742 735/735/735 746/746/746
f 741/741/741 739/739/739 747/747/747
f 744/744/744 747/747/747 739/739/739
f 746/746/746 741/741/741 747/747/747
f 744/744/744 745/745/745 748/748/748
f 744/744/744 748/748/748 747/747/747
f 748/748/748 745/745/745 749/749/749
f 750/750/750 747/747/747 748/748/748
f 746/746/746 747/747/747 750/750/750
f 750/750/750 751/751/751 746/746/746
f 752/752/752 746/746/746 751/751/751
f 742/742/742 746/746/746 752/752/752
f 753/753/753 742/742/742 752/752/752
f 753/753/753 754/754/754 742/742/742
f 742/742/742 754/754/754 743/743/743
f 755/755/755 743/743/743 754/754/754
f 758/758/758 757/757/757 756/756/756
f 759/759/759 757/757/757 758/758/758
f 758/758/758 760/760/760 759/759/759
f 759/759/759 761/761/761 757/757/757
f 762/762/762 759/759/759 760/760/760
f 762/762/762 763/763/763 759/759/759
f 764/764/764 763/763/763 762/762/762
f 765/765/765 763/763/763 764/764/764
f 765/765/765 766/766/766 763/763/763
f 767/767/767 763/763/763 766/766/766
f 768/768/768 761/761/761 759/759/759
f 768/768/768 769/769/769 761/761/761
f 763/763/763 770/770/770 759/759/759
f 759/759/759 770/770/770 768/768/768
f 767/767/767 771/771/771 763/763/763
f 763/763/763 771/771/771 770/770/770
f 767/767/767 772/772/772 771/771/771
f 772/772/772 773/773/773 771/771/771
f 771/771/771 773/773/773 770/770/770
f 772/772/772 774/774/774 773/773/773
f 773/773/773 774/774/774 775/775/775
f 770/770/770 773/773/773 776/776/776
f 770/770/770 776/776/776 768/768/768
f 773/773/773 775/775/775 776/776/776
f 777/777/777 769/769/769 768/768/768
f 768/768/768 776/776/776 777/777/777
f 777/777/777 778/778/778 769/769/769
f 776/776/776 778/778/778 777/777/777
f 776/776/776 775/775/775 778/778/778
f 778/778/778 779/779/779 769/769/769
f 780/780/780 779/779/779 778/778/778
f 780/780/780 778/778/778 781/781/781
f 781/781/781 778/778/778 775/775/775
f 782/782/782 781/781/781 775/775/775
f 782/782/782 775/775/775 783/783/783
f 783/783/783 775/775/775 784/784/784
f 784/784/784 775/775/775 774/774/774
f 784/784/784 774/774/774 785/785/785
f 774/774/774 786/786/786 785/785/785
f 785/785/785 786/786/786 787/787/787
f 790/790/790 789/789/789 788/788/788
f 790/790/790 788/788/788 791/791/791
f 792/792/792 790/790/790 791/791/791
f 791/791/791 788/788/788 793/793/793
f 794/794/794 792/792/792 791/791/791
f 791/791/791 793/793/793 795/795/795
f 795/795/795 793/793/793 796/796/796
f 795/795/795 796/796/796 797/797/797
f 797/797/797 796/796/796 798/798/798
f 797/797/797 798/798/798 799/799/799
f 799/799/799 798/798/798 800/800/800
f 799/799/799 800/800/800 801/801/801
f 801/801/801 800/800/800 802/802/802
f 801/801/801 802/802/802 803/803/803
f 803/803/803 802/802/802 804/804/804
f 803/803/803 804/804/804 805/805/805
f 806/806/806 803/803/803 805/805/805
f 805/805/805 804/804/804 807/807/807
f 806/806/806 805/805/805 808/808/808
f 808/808/808 805/805/805 809/809/809
f 805/805/805 807/807/807 809/809/809
f 809/809/809 807/807/807 810/810/810
f 809/809/809 810/810/810 808/808/808
f 808/808/808 810/810/810 811/811/811
f 812/812/812 801/801/801 803/803/803
f 812/812/812 803/803/803 806/806/806
f 813/813/813 799/799/799 801/801/801
f 813/813/813 801/801/801 812/812/812
f 806/806/806 814/814/814 812/812/812
f 812/812/812 814/814/814 813/813/813
f 814/814/814 815/815/815 813/813/813
f 816/816/816 799/799/799 813/813/813
f 813/813/813 815/815/815 816/816/816
f 816/816/816 797/797/797 799/799/799
f 817/817/817 797/797/797 816/816/816
f 816/816/816 815/815/815 817/817/817
f 817/817/817 795/795/795 797/797/797
f 818/818/818 795/795/795 817/817/817
f 818/818/818 791/791/791 795/795/795
f 817/817/817 819/819/819 818/818/818
f 819/819/819 791/791/791 818/818/818
f 815/815/815 819/819/819 817/817/817
f 794/794/794 791/791/791 819/819/819
f 820/820/820 794/794/794 819/819/819
f 815/815/815 820/820/820 819/819/819
f 821/821/821 794/794/794 820/820/820
f 822/822/822 821/821/821 820/820/820
f 822/822/822 820/820/820 815/815/815
f 823/823/823 821/821/821 822/822/822
f 822/822/822 824/824/824 823/823/823
f 825/825/825 822/822/822 815/815/815
f 825/825/825 824/824/824 822/822/822
f 814/814/814 825/825/825 815/815/815
f 826/826/826 825/825/825 814/814/814
f 825/825/825 826/826/826 824/824/824
f 806/806/806 826/826/826 814/814/814
f 826/826/826 827/827/827 824/824/824
f 824/824/824 827/827/827 828/828/828
f 829/829/829 826/826/826 806/806/806
f 829/829/829 827/827/827 826/826/826
f 830/830/830 828/828/828 827/827/827
f 829/829/829 830/830/830 827/827/827
f 831/831/831 829/829/829 806/806/806
f 831/831/831 830/830/830 829/829/829
f 806/806/806 808/808/808 831/831/831
f 830/830/830 832/832/832 828/828/828
f 833/833/833 828/828/828 832/832/832
f 831/831/831 834/834/834 830/830/830
f 808/808/808 834/834/834 831/831/831
f 834/834/834 832/832/832 830/830/830
f 808/808/808 835/835/835 834/834/834
f 834/834/834 836/836/836 832/832/832
f 835/835/835 836/836/836 834/834/834
f 808/808/808 837/837/837 835/835/835
f 811/811/811 837/837/837 808/808/808
f 835/835/835 838/838/838 836/836/836
f 837/837/837 838/838/838 835/835/835
f 832/832/832 836/836/836 839/839/839
f 839/839/839 836/836/836 838/838/838
f 839/839/839 838/838/838 840/840/840
f 841/841/841 839/839/839 840/840/840
f 837/837/837 842/842/842 838/838/838
f 811/811/811 842/842/842 837/837/837
f 840/840/840 838/838/838 842/842/842
f 811/811/811 840/840/840 842/842/842
f 843/843/843 840/840/840 811/811/811
f 844/844/844 840/840/840 843/843/843
f 845/845/845 840/840/840 844/844/844
f 846/846/846 832/832/832 839/839/839
f 841/841/841 846/846/846 839/839/839
f 833/833/833 832/832/832 846/846/846
f 847/847/847 840/840/840 845/845/845
f 847/847/847 841/841/841 840/840/840
f 847/847/847 845/845/845 848/848/848
f 847/847/847 848/848/848 849/849/849
f 841/841/841 847/847/847 849/849/849
f 849/849/849 848/848/848 850/850/850
f 850/850/850 851/851/851 849/849/849
f 851/851/851 852/852/852 849/849/849
f 849/849/849 852/852/852 853/853/853
f 849/849/849 854/854/854 841/841/841
f 855/855/855 841/841/841 854/854/854
f 849/849/849 853/853/853 856/856/856
f 857/857/857 846/846/846 841/841/841
f 857/857/857 833/833/833 846/846/846
f 857/857/857 841/841/841 855/855/855
f 858/858/858 833/833/833 857/857/857
f 859/859/859 857/857/857 855/855/855
f 859/859/859 858/858/858 857/857/857
f 859/859/859 855/855/855 854/854/854
f 859/859/859 860/860/860 858/858/858
f 859/859/859 861/861/861 860/860/860
f 854/854/854 861/861/861 859/859/859
f 854/854/854 862/862/862 861/861/861
f 854/854/854 863/863/863 862/862/862
f 864/864/864 863/863/863 854/854/854
f 865/865/865 854/854/854 849/849/849
f 865/865/865 864/864/864 854/854/854
f 849/849/849 856/856/856 865/865/865
f 866/866/866 864/864/864 865/865/865
f 865/865/865 856/856/856 866/866/866
f 867/867/867 866/866/866 856/856/856
f 870/870/870 869/869/869 868/868/868
f 871/871/871 869/869/869 870/870/870
f 872/872/872 871/871/871 870/870/870
f 873/873/873 872/872/872 870/870/870
f 874/874/874 872/872/872 873/873/873
f 875/875/875 872/872/872 874/874/874
f 876/876/876 871/871/871 872/872/872
f 869/869/869 871/871/871 876/876/876
f 877/877/877 869/869/869 876/876/876
f 875/875/875 878/878/878 872/872/872
f 878/878/878 876/876/876 872/872/872
f 879/879/879 876/876/876 878/878/878
f 875/875/875 880/880/880 878/878/878
f 880/880/880 881/881/881 878/878/878
f 881/881/881 879/879/879 878/878/878
f 877/877/877 876/876/876 882/882/882
f 882/882/882 876/876/876 879/879/879
f 877/877/877 882/882/882 883/883/883
f 882/882/882 879/879/879 884/884/884
f 884/884/884 883/883/883 882/882/882
f 885/885/885 869/869/869 877/877/877
f 885/885/885 886/886/886 869/869/869
f 869/869/869 886/886/886 887/887/887
f 887/887/887 886/886/886 888/888/888
f 887/887/887 888/888/888 889/889/889
f 889/889/889 888/888/888 890/890/890
f 889/889/889 890/890/890 891/891/891
f 891/891/891 890/890/890 892/892/892
f 893/893/893 892/892/892 890/890/890
f 894/894/894 892/892/892 893/893/893
f 893/893/893 895/895/895 894/894/894
f 893/893/893 896/896/896 895/895/895
f 897/897/897 890/890/890 888/888/888
f 893/893/893 890/890/890 897/897/897
f 898/898/898 896/896/896 893/893/893
f 893/893/893 897/897/897 898/898/898
f 898/898/898 899/899/899 896/896/896
f 900/900/900 899/899/899 898/898/898
f 900/900/900 901/901/901 899/899/899
f 900/900/900 902/902/902 901/901/901
f 897/897/897 888/888/888 903/903/903
f 898/898/898 897/897/897 903/903/903
f 903/903/903 900/900/900 898/898/898
f 903/903/903 888/888/888 886/886/886
f 903/903/903 886/886/886 904/904/904
f 904/904/904 900/900/900 903/903/903
f 904/904/904 886/886/886 885/885/885
f 905/905/905 900/900/900 904/904/904
f 905/905/905 904/904/904 885/885/885
f 906/906/906 902/902/902 900/900/900
f 905/905/905 906/906/906 900/900/900
f 905/905/905 885/885/885 907/907/907
f 907/907/907 885/885/885 877/877/877
f 908/908/908 905/905/905 907/907/907
f 908/908/908 906/906/906 905/905/905
f 908/908/908 909/909/909 906/906/906
f 906/906/906 910/910/910 902/902/902
f 909/909/909 910/910/910 906/906/906
f 911/911/911 902/902/902 910/910/910
f 911/911/911 910/910/910 912/912/912
f 912/912/912 910/910/910 913/913/913
f 908/908/908 907/907/907 914/914/914
f 914/914/914 907/907/907 877/877/877
f 908/908/908 914/914/914 909/909/909
f 910/910/910 915/915/915 913/913/913
f 910/910/910 909/909/909 915/915/915
f 913/913/913 915/915/915 916/916/916
f 877/877/877 917/917/917 914/914/914
f 909/909/909 914/914/914 917/917/917
f 883/883/883 917/917/917 877/877/877
f 916/916/916 915/915/915 918/918/918
f 916/916/916 918/918/918 919/919/919
f 919/919/919 918/918/918 920/920/920
f 920/920/920 918/918/918 921/921/921
f 909/909/909 917/917/917 922/922/922
f 909/909/909 923/923/923 915/915/915
f 922/922/922 923/923/923 909/909/909
f 922/922/922 917/917/917 924/924/924
f 924/924/924 917/917/917 883/883/883
f 922/922/922 924/924/924 923/923/923
f 915/915/915 925/925/925 918/918/918
f 925/925/925 915/915/915 923/923/923
f 923/923/923 926/926/926 925/925/925
f 925/925/925 926/926/926 927/927/927
f 918/918/918 925/925/925 927/927/927
f 918/918/918 927/927/927 921/921/921
f 923/923/923 924/924/924 928/928/928
f 923/923/923 928/928/928 926/926/926
f 927/927/927 929/929/929 921/921/921
f 929/929/929 927/927/927 926/926/926
f 930/930/930 928/928/928 924/924/924
f 924/924/924 883/883/883 930/930/930
f 921/921/921 929/929/929 931/931/931
f 931/931/931 932/932/932 921/921/921
f 933/933/933 932/932/932 931/931/931
f 931/931/931 929/929/929 933/933/933
f 932/932/932 933/933/933 934/934/934
f 934/934/934 935/935/935 932/932/932
f 934/934/934 936/936/936 935/935/935
f 937/937/937 936/936/936 934/934/934
f 938/938/938 933/933/933 929/929/929
f 938/938/938 934/934/934 933/933/933
f 939/939/939 937/937/937 934/934/934
f 940/940/940 937/937/937 939/939/939
f 938/938/938 929/929/929 941/941/941
f 941/941/941 929/929/929 926/926/926
f 942/942/942 934/934/934 938/938/938
f 934/934/934 942/942/942 939/939/939
f 941/941/941 942/942/942 938/938/938
f 943/943/943 940/940/940 939/939/939
f 943/943/943 944/944/944 940/940/940
f 939/939/939 945/945/945 943/943/943
f 939/939/939 942/942/942 945/945/945
f 943/943/943 945/945/945 946/946/946
f 947/947/947 946/946/946 945/945/945
f 947/947/947 948/948/948 946/946/946
f 947/947/947 949/949/949 948/948/948
f 941/941/941 950/950/950 942/942/942
f 950/950/950 945/945/945 942/942/942
f 951/951/951 950/950/950 941/941/941
f 941/941/941 926/926/926 951/951/951
f 952/952/952 945/945/945 950/950/950
f 951/951/951 952/952/952 950/950/950
f 952/952/952 947/947/947 945/945/945
f 926/926/926 953/953/953 951/951/951
f 953/953/953 952/952/952 951/951/951
f 954/954/954 949/949/949 947/947/947
f 954/954/954 955/955/955 949/949/949
f 956/956/956 955/955/955 954/954/954
f 956/956/956 957/957/957 955/955/955
f 957/957/957 956/956/956 958/958/958
f 958/958/958 956/956/956 959/959/959
f 960/960/960 947/947/947 952/952/952
f 953/953/953 960/960/960 952/952/952
f 961/961/961 954/954/954 947/947/947
f 961/961/961 947/947/947 960/960/960
f 962/962/962 953/953/953 926/926/926
f 926/926/926 928/928/928 962/962/962
f 930/930/930 962/962/962 928/928/928
f 963/963/963 960/960/960 953/953/953
f 963/963/963 961/961/961 960/960/960
f 964/964/964 954/954/954 961/961/961
f 964/964/964 956/956/956 954/954/954
f 965/965/965 953/953/953 962/962/962
f 965/965/965 963/963/963 953/953/953
f 963/963/963 966/966/966 961/961/961
f 961/961/961 966/966/966 964/964/964
f 967/967/967 962/962/962 930/930/930
f 967/967/967 965/965/965 962/962/962
f 968/968/968 963/963/963 965/965/965
f 968/968/968 966/966/966 963/963/963
f 965/965/965 969/969/969 968/968/968
f 967/967/967 969/969/969 965/965/965
f 970/970/970 966/966/966 968/968/968
f 968/968/968 969/969/969 970/970/970
f 971/971/971 970/970/970 969/969/969
f 972/972/972 969/969/969 967/967/967
f 972/972/972 971/971/971 969/969/969
f 973/973/973 971/971/971 972/972/972
f 972/972/972 967/967/967 974/974/974
f 972/972/972 974/974/974 973/973/973
f 930/930/930 975/975/975 967/967/967
f 967/967/967 975/975/975 974/974/974
f 930/930/930 976/976/976 975/975/975
f 974/974/974 975/975/975 976/976/976
f 974/974/974 976/976/976 973/973/973
f 930/930/930 883/883/883 976/976/976
f 977/977/977 976/976/976 883/883/883
f 973/973/973 976/976/976 977/977/977
f 978/978/978 973/973/973 977/977/977
f 883/883/883 884/884/884 977/977/977
f 884/884/884 979/979/979 977/977/977
f 884/884/884 879/879/879 979/979/979
f 980/980/980 978/978/978 977/977/977
f 979/979/979 980/980/980 977/977/977
f 981/981/981 978/978/978 980/980/980
f 981/981/981 982/982/982 978/978/978
f 982/982/982 983/983/983 978/978/978
f 978/978/978 983/983/983 984/984/984
f 984/984/984 983/983/983 985/985/985
f 986/986/986 973/973/973 978/978/978
f 978/978/978 984/984/984 986/986/986
f 984/984/984 985/985/985 987/987/987
f 986/986/986 984/984/984 987/987/987
f 987/987/987 985/985/985 988/988/988
f 986/986/986 989/989/989 973/973/973
f 973/973/973 989/989/989 971/971/971
f 987/987/987 990/990/990 986/986/986
f 986/986/986 990/990/990 989/989/989
f 987/987/987 991/991/991 990/990/990
f 988/988/988 991/991/991 987/987/987
f 990/990/990 992/992/992 989/989/989
f 990/990/990 991/991/991 992/992/992
f 989/989/989 993/993/993 971/971/971
f 989/989/989 992/992/992 993/993/993
f 988/988/988 994/994/994 991/991/991
f 991/991/991 995/995/995 992/992/992
f 991/991/991 994/994/994 995/995/995
f 996/996/996 994/994/994 988/988/988
f 997/997/997 996/996/996 988/988/988
f 992/992/992 998/998/998 993/993/993
f 992/992/992 995/995/995 998/998/998
f 994/994/994 999/999/999 995/995/995
f 996/996/996 999/999/999 994/994/994
f 997/997/997 1000/1000/1000 996/996/996
f 997/997/997 1001/1001/1001 1000/1000/1000
f 995/995/995 1002/1002/1002 998/998/998
f 995/995/995 999/999/999 1002/1002/1002
f 1001/1001/1001 1003/1003/1003 1000/1000/1000
f 1001/1001/1001 1004/1004/1004 1003/1003/1003
f 1004/1004/1004 1005/1005/1005 1003/1003/1003
f 1006/1006/1006 1005/1005/1005 1004/1004/1004
f 1006/1006/1006 1007/1007/1007 1005/1005/1005
f 1000/1000/1000 1003/1003/1003 1008/1008/1008
f 1005/1005/1005 1008/1008/1008 1003/1003/1003
f 996/996/996 1000/1000/1000 1009/1009/1009
f 1000/1000/1000 1008/1008/1008 1009/1009/1009
f 1010/1010/1010 999/999/999 996/996/996
f 996/996/996 1009/1009/1009 1010/1010/1010
f 1011/1011/1011 1008/1008/1008 1005/1005/1005
f 1007/1007/1007 1011/1011/1011 1005/1005/1005
f 1009/1009/1009 1008/1008/1008 1012/1012/1012
f 1011/1011/1011 1012/1012/1012 1008/1008/1008
f 999/999/999 1013/1013/1013 1002/1002/1002
f 1010/1010/1010 1013/1013/1013 999/999/999
f 1010/1010/1010 1009/1009/1009 1014/1014/1014
f 1009/1009/1009 1012/1012/1012 1014/1014/1014
f 1015/1015/1015 1013/1013/1013 1010/1010/1010
f 1010/1010/1010 1014/1014/1014 1015/1015/1015
f 1016/1016/1016 1012/1012/1012 1011/1011/1011
f 1014/1014/1014 1012/1012/1012 1017/1017/1017
f 1016/1016/1016 1017/1017/1017 1012/1012/1012
f 1018/1018/1018 1011/1011/1011 1007/1007/1007
f 1018/1018/1018 1016/1016/1016 1011/1011/1011
f 1015/1015/1015 1014/1014/1014 1019/1019/1019
f 1014/1014/1014 1017/1017/1017 1019/1019/1019
f 1002/1002/1002 1013/1013/1013 1020/1020/1020
f 1015/1015/1015 1021/1021/1021 1013/1013/1013
f 1013/1013/1013 1021/1021/1021 1020/1020/1020
f 1015/1015/1015 1019/1019/1019 1022/1022/1022
f 1022/1022/1022 1021/1021/1021 1015/1015/1015
f 1002/1002/1002 1020/1020/1020 1023/1023/1023
f 998/998/998 1002/1002/1002 1023/1023/1023
f 1024/1024/1024 1017/1017/1017 1016/1016/1016
f 1019/1019/1019 1017/1017/1017 1025/1025/1025
f 1024/1024/1024 1025/1025/1025 1017/1017/1017
f 1026/1026/1026 1025/1025/1025 1024/1024/1024
f 1022/1022/1022 1019/1019/1019 1027/1027/1027
f 1019/1019/1019 1025/1025/1025 1027/1027/1027
f 1022/1022/1022 1028/1028/1028 1021/1021/1021
f 1022/1022/1022 1027/1027/1027 1028/1028/1028
f 1020/1020/1020 1021/1021/1021 1029/1029/1029
f 1021/1021/1021 1028/1028/1028 1029/1029/1029
f 1030/1030/1030 1024/1024/1024 1016/1016/1016
f 1030/1030/1030 1016/1016/1016 1018/1018/1018
f 1030/1030/1030 1018/1018/1018 1031/1031/1031
f 1032/1032/1032 1024/1024/1024 1030/1030/1030
f 1032/1032/1032 1026/1026/1026 1024/1024/1024
f 1030/1030/1030 1031/1031/1031 1032/1032/1032
f 1027/1027/1027 1025/1025/1025 1033/1033/1033
f 1026/1026/1026 1033/1033/1033 1025/1025/1025
f 1020/1020/1020 1029/1029/1029 1034/1034/1034
f 1023/1023/1023 1020/1020/1020 1034/1034/1034
f 1028/1028/1028 1027/1027/1027 1035/1035/1035
f 1027/1027/1027 1033/1033/1033 1035/1035/1035
f 1029/1029/1029 1028/1028/1028 1036/1036/1036
f 1034/1034/1034 1029/1029/1029 1036/1036/1036
f 1018/1018/1018 1037/1037/1037 1031/1031/1031
f 1007/1007/1007 1037/1037/1037 1018/1018/1018
f 1028/1028/1028 1035/1035/1035 1038/1038/1038
f 1038/1038/1038 1036/1036/1036 1028/1028/1028
f 1034/1034/1034 1039/1039/1039 1023/1023/1023
f 1036/1036/1036 1040/1040/1040 1034/1034/1034
f 1034/1034/1034 1040/1040/1040 1039/1039/1039
f 1023/1023/1023 1039/1039/1039 1041/1041/1041
f 1023/1023/1023 1041/1041/1041 998/998/998
f 1042/1042/1042 1039/1039/1039 1040/1040/1040
f 1042/1042/1042 1041/1041/1041 1039/1039/1039
f 998/998/998 1041/1041/1041 1043/1043/1043
f 998/998/998 1043/1043/1043 993/993/993
f 1044/1044/1044 1041/1041/1041 1042/1042/1042
f 1044/1044/1044 1043/1043/1043 1041/1041/1041
f 993/993/993 1043/1043/1043 1045/1045/1045
f 971/971/971 993/993/993 1045/1045/1045
f 1046/1046/1046 1045/1045/1045 1043/1043/1043
f 1046/1046/1046 1043/1043/1043 1044/1044/1044
f 971/971/971 1045/1045/1045 1047/1047/1047
f 1047/1047/1047 1045/1045/1045 1046/1046/1046
f 1047/1047/1047 970/970/970 971/971/971
f 1047/1047/1047 1048/1048/1048 970/970/970
f 970/970/970 1048/1048/1048 966/966/966
f 1049/1049/1049 1047/1047/1047 1046/1046/1046
f 1049/1049/1049 1048/1048/1048 1047/1047/1047
f 1048/1048/1048 1049/1049/1049 1050/1050/1050
f 966/966/966 1048/1048/1048 1051/1051/1051
f 1050/1050/1050 1051/1051/1051 1048/1048/1048
f 966/966/966 1051/1051/1051 964/964/964
f 1044/1044/1044 1052/1052/1052 1046/1046/1046
f 1046/1046/1046 1052/1052/1052 1049/1049/1049
f 964/964/964 1051/1051/1051 1053/1053/1053
f 1053/1053/1053 956/956/956 964/964/964
f 1054/1054/1054 1053/1053/1053 1051/1051/1051
f 1054/1054/1054 956/956/956 1053/1053/1053
f 1054/1054/1054 1051/1051/1051 1050/1050/1050
f 1054/1054/1054 1055/1055/1055 956/956/956
f 1055/1055/1055 959/959/959 956/956/956
f 1044/1044/1044 1056/1056/1056 1052/1052/1052
f 1042/1042/1042 1056/1056/1056 1044/1044/1044
f 1049/1049/1049 1052/1052/1052 1057/1057/1057
f 1050/1050/1050 1049/1049/1049 1057/1057/1057
f 1057/1057/1057 1052/1052/1052 1058/1058/1058
f 1052/1052/1052 1056/1056/1056 1058/1058/1058
f 1057/1057/1057 1058/1058/1058 1050/1050/1050
f 1058/1058/1058 1056/1056/1056 1059/1059/1059
f 1060/1060/1060 1054/1054/1054 1050/1050/1050
f 1060/1060/1060 1055/1055/1055 1054/1054/1054
f 1042/1042/1042 1061/1061/1061 1056/1056/1056
f 1056/1056/1056 1061/1061/1061 1059/1059/1059
f 1059/1059/1059 1061/1061/1061 1062/1062/1062
f 1063/1063/1063 1059/1059/1059 1062/1062/1062
f 1063/1063/1063 1062/1062/1062 1064/1064/1064
f 1065/1065/1065 1061/1061/1061 1042/1042/1042
f 1065/1065/1065 1062/1062/1062 1061/1061/1061
f 1065/1065/1065 1042/1042/1042 1040/1040/1040
f 1050/1050/1050 1058/1058/1058 1066/1066/1066
f 1050/1050/1050 1066/1066/1066 1060/1060/1060
f 1058/1058/1058 1067/1067/1067 1066/1066/1066
f 1060/1060/1060 1066/1066/1066 1067/1067/1067
f 1059/1059/1059 1067/1067/1067 1058/1058/1058
f 1065/1065/1065 1040/1040/1040 1068/1068/1068
f 1068/1068/1068 1062/1062/1062 1065/1065/1065
f 1060/1060/1060 1067/1067/1067 1069/1069/1069
f 1069/1069/1069 1055/1055/1055 1060/1060/1060
f 1059/1059/1059 1070/1070/1070 1067/1067/1067
f 1069/1069/1069 1067/1067/1067 1070/1070/1070
f 1063/1063/1063 1071/1071/1071 1059/1059/1059
f 1071/1071/1071 1070/1070/1070 1059/1059/1059
f 1072/1072/1072 1071/1071/1071 1063/1063/1063
f 1073/1073/1073 1068/1068/1068 1040/1040/1040
f 1036/1036/1036 1073/1073/1073 1040/1040/1040
f 1074/1074/1074 1073/1073/1073 1036/1036/1036
f 1038/1038/1038 1074/1074/1074 1036/1036/1036
f 1075/1075/1075 1074/1074/1074 1038/1038/1038
f 1076/1076/1076 1068/1068/1068 1073/1073/1073
f 1074/1074/1074 1076/1076/1076 1073/1073/1073
f 1076/1076/1076 1077/1077/1077 1068/1068/1068
f 1074/1074/1074 1077/1077/1077 1076/1076/1076
f 1038/1038/1038 1078/1078/1078 1075/1075/1075
f 1038/1038/1038 1035/1035/1035 1078/1078/1078
f 1035/1035/1035 1079/1079/1079 1078/1078/1078
f 1035/1035/1035 1033/1033/1033 1079/1079/1079
f 1068/1068/1068 1077/1077/1077 1080/1080/1080
f 1068/1068/1068 1080/1080/1080 1062/1062/1062
f 1062/1062/1062 1080/1080/1080 1081/1081/1081
f 1064/1064/1064 1062/1062/1062 1081/1081/1081
f 1075/1075/1075 1082/1082/1082 1074/1074/1074
f 1082/1082/1082 1077/1077/1077 1074/1074/1074
f 1080/1080/1080 1077/1077/1077 1083/1083/1083
f 1081/1081/1081 1080/1080/1080 1083/1083/1083
f 1082/1082/1082 1084/1084/1084 1077/1077/1077
f 1083/1083/1083 1077/1077/1077 1084/1084/1084
f 1078/1078/1078 1085/1085/1085 1075/1075/1075
f 1078/1078/1078 1079/1079/1079 1085/1085/1085
f 1086/1086/1086 1079/1079/1079 1033/1033/1033
f 1026/1026/1026 1086/1086/1086 1033/1033/1033
f 1075/1075/1075 1087/1087/1087 1082/1082/1082
f 1087/1087/1087 1084/1084/1084 1082/1082/1082
f 1088/1088/1088 1085/1085/1085 1079/1079/1079
f 1088/1088/1088 1079/1079/1079 1086/1086/1086
f 1083/1083/1083 1084/1084/1084 1089/1089/1089
f 1081/1081/1081 1083/1083/1083 1090/1090/1090
f 1083/1083/1083 1089/1089/1089 1090/1090/1090
f 1087/1087/1087 1091/1091/1091 1084/1084/1084
f 1084/1084/1084 1091/1091/1091 1089/1089/1089
f 1092/1092/1092 1087/1087/1087 1075/1075/1075
f 1075/1075/1075 1085/1085/1085 1093/1093/1093
f 1075/1075/1075 1093/1093/1093 1092/1092/1092
f 1094/1094/1094 1085/1085/1085 1088/1088/1088
f 1094/1094/1094 1093/1093/1093 1085/1085/1085
f 1086/1086/1086 1095/1095/1095 1088/1088/1088
f 1088/1088/1088 1095/1095/1095 1094/1094/1094
f 1096/1096/1096 1091/1091/1091 1087/1087/1087
f 1092/1092/1092 1096/1096/1096 1087/1087/1087
f 1089/1089/1089 1091/1091/1091 1097/1097/1097
f 1096/1096/1096 1097/1097/1097 1091/1091/1091
f 1090/1090/1090 1089/1089/1089 1098/1098/1098
f 1089/1089/1089 1097/1097/1097 1098/1098/1098
f 1098/1098/1098 1097/1097/1097 1099/1099/1099
f 1086/1086/1086 1100/1100/1100 1095/1095/1095
f 1026/1026/1026 1100/1100/1100 1086/1086/1086
f 1096/1096/1096 1101/1101/1101 1097/1097/1097
f 1101/1101/1101 1099/1099/1099 1097/1097/1097
f 1102/1102/1102 1096/1096/1096 1092/1092/1092
f 1092/1092/1092 1103/1103/1103 1102/1102/1102
f 1092/1092/1092 1093/1093/1093 1103/1103/1103
f 1104/1104/1104 1096/1096/1096 1102/1102/1102
f 1104/1104/1104 1101/1101/1101 1096/1096/1096
f 1102/1102/1102 1103/1103/1103 1104/1104/1104
f 1105/1105/1105 1103/1103/1103 1093/1093/1093
f 1105/1105/1105 1093/1093/1093 1094/1094/1094
f 1094/1094/1094 1095/1095/1095 1106/1106/1106
f 1094/1094/1094 1106/1106/1106 1105/1105/1105
f 1026/1026/1026 1107/1107/1107 1100/1100/1100
f 1108/1108/1108 1095/1095/1095 1100/1100/1100
f 1100/1100/1100 1107/1107/1107 1108/1108/1108
f 1109/1109/1109 1106/1106/1106 1095/1095/1095
f 1109/1109/1109 1095/1095/1095 1108/1108/1108
f 1026/1026/1026 1110/1110/1110 1107/1107/1107
f 1032/1032/1032 1110/1110/1110 1026/1026/1026
f 1032/1032/1032 1031/1031/1031 1110/1110/1110
f 1110/1110/1110 1111/1111/1111 1107/1107/1107
f 1110/1110/1110 1031/1031/1031 1111/1111/1111
f 1112/1112/1112 1103/1103/1103 1105/1105/1105
f 1105/1105/1105 1106/1106/1106 1113/1113/1113
f 1113/1113/1113 1112/1112/1112 1105/1105/1105
f 1112/1112/1112 1114/1114/1114 1103/1103/1103
f 1103/1103/1103 1114/1114/1114 1104/1104/1104
f 1115/1115/1115 1106/1106/1106 1109/1109/1109
f 1115/1115/1115 1113/1113/1113 1106/1106/1106
f 1113/1113/1113 1116/1116/1116 1112/1112/1112
f 1116/1116/1116 1114/1114/1114 1112/1112/1112
f 1117/1117/1117 1113/1113/1113 1115/1115/1115
f 1117/1117/1117 1116/1116/1116 1113/1113/1113
f 1107/1107/1107 1111/1111/1111 1118/1118/1118
f 1031/1031/1031 1119/1119/1119 1111/1111/1111
f 1111/1111/1111 1119/1119/1119 1118/1118/1118
f 1031/1031/1031 1120/1120/1120 1119/1119/1119
f 1037/1037/1037 1120/1120/1120 1031/1031/1031
f 1107/1107/1107 1118/1118/1118 1121/1121/1121
f 1108/1108/1108 1107/1107/1107 1121/1121/1121
f 1119/1119/1119 1122/1122/1122 1118/1118/1118
f 1119/1119/1119 1120/1120/1120 1122/1122/1122
f 1116/1116/1116 1123/1123/1123 1114/1114/1114
f 1117/1117/1117 1124/1124/1124 1116/1116/1116
f 1124/1124/1124 1123/1123/1123 1116/1116/1116
f 1123/1123/1123 1125/1125/1125 1114/1114/1114
f 1104/1104/1104 1114/1114/1114 1125/1125/1125
f 1104/1104/1104 1125/1125/1125 1126/1126/1126
f 1126/1126/1126 1101/1101/1101 1104/1104/1104
f 1126/1126/1126 1127/1127/1127 1101/1101/1101
f 1127/1127/1127 1099/1099/1099 1101/1101/1101
f 1126/1126/1126 1125/1125/1125 1128/1128/1128
f 1129/1129/1129 1125/1125/1125 1123/1123/1123
f 1129/1129/1129 1128/1128/1128 1125/1125/1125
f 1130/1130/1130 1129/1129/1129 1123/1123/1123
f 1124/1124/1124 1131/1131/1131 1123/1123/1123
f 1131/1131/1131 1130/1130/1130 1123/1123/1123
f 1132/1132/1132 1127/1127/1127 1126/1126/1126
f 1126/1126/1126 1128/1128/1128 1132/1132/1132
f 1133/1133/1133 1128/1128/1128 1129/1129/1129
f 1130/1130/1130 1133/1133/1133 1129/1129/1129
f 1130/1130/1130 1134/1134/1134 1133/1133/1133
f 1135/1135/1135 1134/1134/1134 1130/1130/1130
f 1136/1136/1136 1135/1135/1135 1130/1130/1130
f 1135/1135/1135 1136/1136/1136 1137/1137/1137
f 1137/1137/1137 1136/1136/1136 1138/1138/1138
f 1133/1133/1133 1139/1139/1139 1128/1128/1128
f 1132/1132/1132 1128/1128/1128 1139/1139/1139
f 1134/1134/1134 1139/1139/1139 1133/1133/1133
f 1136/1136/1136 1130/1130/1130 1140/1140/1140
f 1140/1140/1140 1130/1130/1130 1131/1131/1131
f 1138/1138/1138 1136/1136/1136 1140/1140/1140
f 1141/1141/1141 1140/1140/1140 1131/1131/1131
f 1138/1138/1138 1140/1140/1140 1141/1141/1141
f 1132/1132/1132 1142/1142/1142 1127/1127/1127
f 1139/1139/1139 1142/1142/1142 1132/1132/1132
f 1143/1143/1143 1141/1141/1141 1131/1131/1131
f 1143/1143/1143 1131/1131/1131 1124/1124/1124
f 1142/1142/1142 1144/1144/1144 1127/1127/1127
f 1127/1127/1127 1144/1144/1144 1099/1099/1099
f 1143/1143/1143 1124/1124/1124 1145/1145/1145
f 1145/1145/1145 1124/1124/1124 1117/1117/1117
f 1145/1145/1145 1117/1117/1117 1146/1146/1146
f 1146/1146/1146 1117/1117/1117 1115/1115/1115
f 1143/1143/1143 1145/1145/1145 1147/1147/1147
f 1147/1147/1147 1145/1145/1145 1146/1146/1146
f 1146/1146/1146 1115/1115/1115 1148/1148/1148
f 1148/1148/1148 1115/1115/1115 1109/1109/1109
f 1149/1149/1149 1141/1141/1141 1143/1143/1143
f 1149/1149/1149 1143/1143/1143 1147/1147/1147
f 1147/1147/1147 1146/1146/1146 1150/1150/1150
f 1150/1150/1150 1146/1146/1146 1148/1148/1148
f 1148/1148/1148 1109/1109/1109 1151/1151/1151
f 1151/1151/1151 1109/1109/1109 1108/1108/1108
f 1149/1149/1149 1147/1147/1147 1152/1152/1152
f 1152/1152/1152 1147/1147/1147 1150/1150/1150
f 1152/1152/1152 1150/1150/1150 1153/1153/1153
f 1150/1150/1150 1148/1148/1148 1154/1154/1154
f 1154/1154/1154 1148/1148/1148 1151/1151/1151
f 1153/1153/1153 1150/1150/1150 1154/1154/1154
f 1155/1155/1155 1151/1151/1151 1108/1108/1108
f 1108/1108/1108 1121/1121/1121 1155/1155/1155
f 1156/1156/1156 1154/1154/1154 1151/1151/1151
f 1153/1153/1153 1154/1154/1154 1156/1156/1156
f 1156/1156/1156 1151/1151/1151 1155/1155/1155
f 1155/1155/1155 1121/1121/1121 1157/1157/1157
f 1121/1121/1121 1118/1118/1118 1157/1157/1157
f 1158/1158/1158 1156/1156/1156 1155/1155/1155
f 1155/1155/1155 1157/1157/1157 1158/1158/1158
f 1118/1118/1118 1159/1159/1159 1157/1157/1157
f 1118/1118/1118 1122/1122/1122 1159/1159/1159
f 1160/1160/1160 1156/1156/1156 1158/1158/1158
f 1160/1160/1160 1153/1153/1153 1156/1156/1156
f 1158/1158/1158 1157/1157/1157 1161/1161/1161
f 1157/1157/1157 1159/1159/1159 1161/1161/1161
f 1158/1158/1158 1161/1161/1161 1160/1160/1160
f 1122/1122/1122 1162/1162/1162 1159/1159/1159
f 1159/1159/1159 1163/1163/1163 1161/1161/1161
f 1159/1159/1159 1162/1162/1162 1163/1163/1163
f 1122/1122/1122 1164/1164/1164 1162/1162/1162
f 1120/1120/1120 1164/1164/1164 1122/1122/1122
f 1164/1164/1164 1165/1165/1165 1162/1162/1162
f 1162/1162/1162 1165/1165/1165 1163/1163/1163
f 1120/1120/1120 1166/1166/1166 1164/1164/1164
f 1164/1164/1164 1166/1166/1166 1165/1165/1165
f 1160/1160/1160 1161/1161/1161 1167/1167/1167
f 1161/1161/1161 1163/1163/1163 1167/1167/1167
f 1168/1168/1168 1166/1166/1166 1120/1120/1120
f 1037/1037/1037 1168/1168/1168 1120/1120/1120
f 1169/1169/1169 1168/1168/1168 1037/1037/1037
f 1007/1007/1007 1169/1169/1169 1037/1037/1037
f 1168/1168/1168 1170/1170/1170 1166/1166/1166
f 1169/1169/1169 1170/1170/1170 1168/1168/1168
f 1171/1171/1171 1169/1169/1169 1007/1007/1007
f 1171/1171/1171 1170/1170/1170 1169/1169/1169
f 1172/1172/1172 1171/1171/1171 1007/1007/1007
f 1173/1173/1173 1171/1171/1171 1172/1172/1172
f 1171/1171/1171 1173/1173/1173 1170/1170/1170
f 1170/1170/1170 1174/1174/1174 1166/1166/1166
f 1166/1166/1166 1174/1174/1174 1165/1165/1165
f 1174/1174/1174 1175/1175/1175 1165/1165/1165
f 1174/1174/1174 1176/1176/1176 1175/1175/1175
f 1165/1165/1165 1177/1177/1177 1163/1163/1163
f 1165/1165/1165 1175/1175/1175 1177/1177/1177
f 1175/1175/1175 1176/1176/1176 1178/1178/1178
f 1178/1178/1178 1177/1177/1177 1175/1175/1175
f 1179/1179/1179 1178/1178/1178 1176/1176/1176
f 1180/1180/1180 1178/1178/1178 1179/1179/1179
f 1180/1180/1180 1181/1181/1181 1178/1178/1178
f 1163/1163/1163 1177/1177/1177 1182/1182/1182
f 1163/1163/1163 1182/1182/1182 1167/1167/1167
f 1183/1183/1183 1177/1177/1177 1178/1178/1178
f 1183/1183/1183 1178/1178/1178 1181/1181/1181
f 1183/1183/1183 1182/1182/1182 1177/1177/1177
f 1183/1183/1183 1181/1181/1181 1182/1182/1182
f 1182/1182/1182 1181/1181/1181 1184/1184/1184
f 1167/1167/1167 1182/1182/1182 1184/1184/1184
f 1167/1167/1167 1184/1184/1184 1160/1160/1160
f 1160/1160/1160 1184/1184/1184 1185/1185/1185
f 1160/1160/1160 1185/1185/1185 1153/1153/1153
f 1153/1153/1153 1185/1185/1185 1186/1186/1186
f 1153/1153/1153 1186/1186/1186 1187/1187/1187
f 1187/1187/1187 1152/1152/1152 1153/1153/1153
f 1188/1188/1188 1152/1152/1152 1187/1187/1187
f 1189/1189/1189 1152/1152/1152 1188/1188/1188
f 1189/1189/1189 1149/1149/1149 1152/1152/1152
f 1190/1190/1190 1149/1149/1149 1189/1189/1189
f 1191/1191/1191 1149/1149/1149 1190/1190/1190
f 1191/1191/1191 1141/1141/1141 1149/1149/1149
f 1191/1191/1191 1192/1192/1192 1141/1141/1141
f 1192/1192/1192 1193/1193/1193 1141/1141/1141
f 1193/1193/1193 1138/1138/1138 1141/1141/1141
f 1192/1192/1192 1194/1194/1194 1193/1193/1193
f 1195/1195/1195 1138/1138/1138 1193/1193/1193
f 1194/1194/1194 1195/1195/1195 1193/1193/1193
f 1196/1196/1196 1195/1195/1195 1194/1194/1194
f 1137/1137/1137 1138/1138/1138 1195/1195/1195
f 1196/1196/1196 1137/1137/1137 1195/1195/1195
f 1197/1197/1197 1137/1137/1137 1196/1196/1196
f 1198/1198/1198 1137/1137/1137 1197/1197/1197
f 1198/1198/1198 1199/1199/1199 1137/1137/1137
f 1200/1200/1200 1137/1137/1137 1199/1199/1199
f 1135/1135/1135 1137/1137/1137 1200/1200/1200
f 1201/1201/1201 1135/1135/1135 1200/1200/1200
f 1201/1201/1201 1202/1202/1202 1135/1135/1135
f 1135/1135/1135 1202/1202/1202 1203/1203/1203
f 1135/1135/1135 1203/1203/1203 1204/1204/1204
f 1204/1204/1204 1203/1203/1203 1205/1205/1205
f 1204/1204/1204 1205/1205/1205 1206/1206/1206
f 1135/1135/1135 1204/1204/1204 1134/1134/1134
f 1204/1204/1204 1206/1206/1206 1134/1134/1134
f 1134/1134/1134 1206/1206/1206 1207/1207/1207
f 1134/1134/1134 1207/1207/1207 1208/1208/1208
f 1134/1134/1134 1208/1208/1208 1139/1139/1139
f 1208/1208/1208 1209/1209/1209 1139/1139/1139
f 1139/1139/1139 1209/1209/1209 1142/1142/1142
f 1209/1209/1209 1210/1210/1210 1142/1142/1142
f 1210/1210/1210 1211/1211/1211 1142/1142/1142
f 1142/1142/1142 1211/1211/1211 1144/1144/1144
f 1212/1212/1212 1144/1144/1144 1211/1211/1211
f 1099/1099/1099 1144/1144/1144 1212/1212/1212
f 1212/1212/1212 1213/1213/1213 1099/1099/1099
f 1214/1214/1214 1099/1099/1099 1213/1213/1213
f 1098/1098/1098 1099/1099/1099 1214/1214/1214
f 1215/1215/1215 1213/1213/1213 1212/1212/1212
f 1216/1216/1216 1215/1215/1215 1212/1212/1212
f 1217/1217/1217 1215/1215/1215 1216/1216/1216
f 1218/1218/1218 1215/1215/1215 1217/1217/1217
f 1219/1219/1219 1215/1215/1215 1218/1218/1218
f 1219/1219/1219 1213/1213/1213 1215/1215/1215
f 1214/1214/1214 1213/1213/1213 1219/1219/1219
f 1220/1220/1220 1214/1214/1214 1219/1219/1219
f 1221/1221/1221 1098/1098/1098 1214/1214/1214
f 1221/1221/1221 1214/1214/1214 1220/1220/1220
f 1090/1090/1090 1098/1098/1098 1221/1221/1221
f 1222/1222/1222 1221/1221/1221 1220/1220/1220
f 1220/1220/1220 1223/1223/1223 1222/1222/1222
f 1224/1224/1224 1223/1223/1223 1220/1220/1220
f 1224/1224/1224 1225/1225/1225 1223/1223/1223
f 1226/1226/1226 1223/1223/1223 1225/1225/1225
f 1227/1227/1227 1090/1090/1090 1221/1221/1221
f 1227/1227/1227 1221/1221/1221 1222/1222/1222
f 1222/1222/1222 1223/1223/1223 1228/1228/1228
f 1222/1222/1222 1228/1228/1228 1227/1227/1227
f 1227/1227/1227 1228/1228/1228 1229/1229/1229
f 1230/1230/1230 1090/1090/1090 1227/1227/1227
f 1227/1227/1227 1229/1229/1229 1230/1230/1230
f 1230/1230/1230 1081/1081/1081 1090/1090/1090
f 1230/1230/1230 1229/1229/1229 1231/1231/1231
f 1232/1232/1232 1081/1081/1081 1230/1230/1230
f 1230/1230/1230 1231/1231/1231 1232/1232/1232
f 1232/1232/1232 1231/1231/1231 1233/1233/1233
f 1064/1064/1064 1081/1081/1081 1232/1232/1232
f 1232/1232/1232 1233/1233/1233 1064/1064/1064
f 1064/1064/1064 1233/1233/1233 1234/1234/1234
f 1064/1064/1064 1234/1234/1234 1235/1235/1235
f 1064/1064/1064 1235/1235/1235 1063/1063/1063
f 1063/1063/1063 1235/1235/1235 1236/1236/1236
f 1236/1236/1236 1237/1237/1237 1063/1063/1063
f 1063/1063/1063 1237/1237/1237 1238/1238/1238
f 1063/1063/1063 1238/1238/1238 1072/1072/1072
f 1072/1072/1072 1238/1238/1238 1239/1239/1239
f 1072/1072/1072 1239/1239/1239 1240/1240/1240
f 1240/1240/1240 1241/1241/1241 1072/1072/1072
f 1072/1072/1072 1241/1241/1241 1242/1242/1242
f 1072/1072/1072 1242/1242/1242 1243/1243/1243
f 1243/1243/1243 1242/1242/1242 1244/1244/1244
f 1072/1072/1072 1243/1243/1243 1071/1071/1071
f 1243/1243/1243 1245/1245/1245 1071/1071/1071
f 1243/1243/1243 1244/1244/1244 1246/1246/1246
f 1243/1243/1243 1246/1246/1246 1245/1245/1245
f 1247/1247/1247 1246/1246/1246 1244/1244/1244
f 1245/1245/1245 1246/1246/1246 1247/1247/1247
f 1071/1071/1071 1245/1245/1245 1248/1248/1248
f 1248/1248/1248 1245/1245/1245 1247/1247/1247
f 1071/1071/1071 1248/1248/1248 1070/1070/1070
f 1070/1070/1070 1248/1248/1248 1247/1247/1247
f 1244/1244/1244 1249/1249/1249 1247/1247/1247
f 1244/1244/1244 1250/1250/1250 1249/1249/1249
f 1249/1249/1249 1250/1250/1250 1251/1251/1251
f 1252/1252/1252 1070/1070/1070 1247/1247/1247
f 1069/1069/1069 1070/1070/1070 1252/1252/1252
f 1247/1247/1247 1253/1253/1253 1252/1252/1252
f 1252/1252/1252 1253/1253/1253 1069/1069/1069
f 1247/1247/1247 1249/1249/1249 1253/1253/1253
f 1069/1069/1069 1253/1253/1253 1055/1055/1055
f 1249/1249/1249 1251/1251/1251 1254/1254/1254
f 1249/1249/1249 1254/1254/1254 1253/1253/1253
f 1255/1255/1255 1254/1254/1254 1251/1251/1251
f 1256/1256/1256 1254/1254/1254 1255/1255/1255
f 1257/1257/1257 1254/1254/1254 1256/1256/1256
f 1253/1253/1253 1258/1258/1258 1055/1055/1055
f 1253/1253/1253 1254/1254/1254 1258/1258/1258
f 1257/1257/1257 1258/1258/1258 1254/1254/1254
f 1055/1055/1055 1258/1258/1258 959/959/959
f 1259/1259/1259 1258/1258/1258 1257/1257/1257
f 959/959/959 1258/1258/1258 1259/1259/1259
f 1262/1262/1262 1261/1261/1261 1260/1260/1260
f 1263/1263/1263 1261/1261/1261 1262/1262/1262
f 1262/1262/1262 1264/1264/1264 1263/1263/1263
f 1264/1264/1264 1265/1265/1265 1263/1263/1263
f 1266/1266/1266 1263/1263/1263 1265/1265/1265
f 1266/1266/1266 1267/1267/1267 1263/1263/1263
f 1268/1268/1268 1263/1263/1263 1267/1267/1267
f 1268/1268/1268 1269/1269/1269 1263/1263/1263
f 1270/1270/1270 1269/1269/1269 1268/1268/1268
f 1266/1266/1266 1265/1265/1265 1271/1271/1271
f 1271/1271/1271 1265/1265/1265 1272/1272/1272
f 1273/1273/1273 1272/1272/1272 1265/1265/1265
f 1274/1274/1274 1266/1266/1266 1271/1271/1271
f 1275/1275/1275 1266/1266/1266 1274/1274/1274
f 1275/1275/1275 1276/1276/1276 1266/1266/1266
f 1277/1277/1277 1274/1274/1274 1271/1271/1271
f 1278/1278/1278 1277/1277/1277 1271/1271/1271
f 1271/1271/1271 1279/1279/1279 1278/1278/1278
f 1278/1278/1278 1279/1279/1279 1280/1280/1280
f 1279/1279/1279 1281/1281/1281 1280/1280/1280
f 1278/1278/1278 1280/1280/1280 1282/1282/1282
f 1282/1282/1282 1280/1280/1280 1283/1283/1283
f 1283/1283/1283 1280/1280/1280 1284/1284/1284
f 1281/1281/1281 1285/1285/1285 1280/1280/1280
f 1281/1281/1281 1286/1286/1286 1285/1285/1285
f 1278/1278/1278 1287/1287/1287 1277/1277/1277
f 1277/1277/1277 1287/1287/1287 1288/1288/1288
f 1287/1287/1287 1289/1289/1289 1288/1288/1288
f 1290/1290/1290 1288/1288/1288 1289/1289/1289
f 1290/1290/1290 1289/1289/1289 1291/1291/1291
f 1292/1292/1292 1288/1288/1288 1290/1290/1290
f 1292/1292/1292 1293/1293/1293 1288/1288/1288
f 1293/1293/1293 1294/1294/1294 1288/1288/1288
f 1288/1288/1288 1294/1294/1294 1295/1295/1295
f 1288/1288/1288 1295/1295/1295 1296/1296/1296
f 1288/1288/1288 1296/1296/1296 1297/1297/1297
f 1277/1277/1277 1288/1288/1288 1297/1297/1297
f 1277/1277/1277 1297/1297/1297 1274/1274/1274
f 1297/1297/1297 1298/1298/1298 1274/1274/1274
f 1298/1298/1298 1299/1299/1299 1274/1274/1274
f 1298/1298/1298 1300/1300/1300 1299/1299/1299
f 1301/1301/1301 1299/1299/1299 1300/1300/1300
f 1300/1300/1300 1302/1302/1302 1301/1301/1301
f 1303/1303/1303 1300/1300/1300 1298/1298/1298
f 1303/1303/1303 1298/1298/1298 1304/1304/1304
f 1304/1304/1304 1305/1305/1305 1303/1303/1303
f 1308/1308/1308 1307/1307/1307 1306/1306/1306
f 1308/1308/1308 1309/1309/1309 1307/1307/1307
f 1310/1310/1310 1309/1309/1309 1308/1308/1308
f 1308/1308/1308 1311/1311/1311 1310/1310/1310
f 1312/1312/1312 1310/1310/1310 1311/1311/1311
f 1312/1312/1312 1311/1311/1311 1313/1313/1313
f 1313/1313/1313 1311/1311/1311 1314/1314/1314
f 1315/1315/1315 1314/1314/1314 1311/1311/1311
f 1315/1315/1315 1311/1311/1311 1316/1316/1316
f 1319/1319/1319 1318/1318/1318 1317/1317/1317
f 1320/1320/1320 1317/1317/1317 1318/1318/1318
f 1320/1320/1320 1318/1318/1318 1321/1321/1321
f 1321/1321/1321 1318/1318/1318 1322/1322/1322
f 1323/1323/1323 1322/1322/1322 1318/1318/1318
f 1323/1323/1323 1318/1318/1318 1324/1324/1324
f 1324/1324/1324 1325/1325/1325 1323/1323/1323
f 1326/1326/1326 1325/1325/1325 1324/1324/1324
f 1327/1327/1327 1326/1326/1326 1324/1324/1324
f 1330/1330/1330 1329/1329/1329 1328/1328/1328
f 1331/1331/1331 1329/1329/1329 1330/1330/1330
f 1332/1332/1332 1331/1331/1331 1330/1330/1330
f 1332/1332/1332 1330/1330/1330 1333/1333/1333
f 1333/1333/1333 1330/1330/1330 1334/1334/1334
f 1333/1333/1333 1334/1334/1334 1335/1335/1335
f 1334/1334/1334 1330/1330/1330 1336/1336/1336
f 1336/1336/1336 1330/1330/1330 1337/1337/1337
f 1338/1338/1338 1334/1334/1334 1336/1336/1336
f 1335/1335/1335 1334/1334/1334 1339/1339/1339
f 1339/1339/1339 1334/1334/1334 1338/1338/1338
f 1335/1335/1335 1339/1339/1339 1340/1340/1340
f 1338/1338/1338 1341/1341/1341 1339/1339/1339
f 1340/1340/1340 1339/1339/1339 1341/1341/1341
f 1342/1342/1342 1341/1341/1341 1338/1338/1338
f 1340/1340/1340 1341/1341/1341 1343/1343/1343
f 1342/1342/1342 1344/1344/1344 1341/1341/1341
f 1343/1343/1343 1341/1341/1341 1345/1345/1345
f 1344/1344/1344 1345/1345/1345 1341/1341/1341
f 1343/1343/1343 1345/1345/1345 1346/1346/1346
f 1347/1347/1347 1345/1345/1345 1344/1344/1344
f 1346/1346/1346 1345/1345/1345 1348/1348/1348
f 1347/1347/1347 1348/1348/1348 1345/1345/1345
f 1346/1346/1346 1348/1348/1348 1349/1349/1349
f 1350/1350/1350 1348/1348/1348 1347/1347/1347
f 1349/1349/1349 1348/1348/1348 1351/1351/1351
f 1350/1350/1350 1351/1351/1351 1348/1348/1348
f 1349/1349/1349 1351/1351/1351 1352/1352/1352
f 1353/1353/1353 1351/1351/1351 1350/1350/1350
f 1352/1352/1352 1351/1351/1351 1354/1354/1354
f 1353/1353/1353 1354/1354/1354 1351/1351/1351
f 1355/1355/1355 1354/1354/1354 1353/1353/1353
f 1352/1352/1352 1354/1354/1354 1356/1356/1356
f 1355/1355/1355 1357/1357/1357 1354/1354/1354
f 1356/1356/1356 1354/1354/1354 1357/1357/1357
f 1358/1358/1358 1356/1356/1356 1357/1357/1357
f 1358/1358/1358 1357/1357/1357 1359/1359/1359
f 1362/1362/1362 1361/1361/1361 1360/1360/1360
f 1363/1363/1363 1361/1361/1361 1362/1362/1362
f 1363/1363/1363 1364/1364/1364 1361/1361/1361
f 1365/1365/1365 1363/1363/1363 1362/1362/1362
f 1366/1366/1366 1364/1364/1364 1363/1363/1363
f 1366/1366/1366 1367/1367/1367 1364/1364/1364
f 1368/1368/1368 1363/1363/1363 1365/1365/1365
f 1368/1368/1368 1366/1366/1366 1363/1363/1363
f 1369/1369/1369 1367/1367/1367 1366/1366/1366
f 1370/1370/1370 1367/1367/1367 1369/1369/1369
f 1370/1370/1370 1369/1369/1369 1371/1371/1371
f 1365/1365/1365 1372/1372/1372 1368/1368/1368
f 1373/1373/1373 1372/1372/1372 1365/1365/1365
f 1373/1373/1373 1374/1374/1374 1372/1372/1372
f 1375/1375/1375 1366/1366/1366 1368/1368/1368
f 1375/1375/1375 1369/1369/1369 1366/1366/1366
f 1372/1372/1372 1375/1375/1375 1368/1368/1368
f 1371/1371/1371 1369/1369/1369 1376/1376/1376
f 1376/1376/1376 1369/1369/1369 1375/1375/1375
f 1377/1377/1377 1371/1371/1371 1376/1376/1376
f 1377/1377/1377 1376/1376/1376 1378/1378/1378
f 1374/1374/1374 1379/1379/1379 1372/1372/1372
f 1380/1380/1380 1379/1379/1379 1374/1374/1374
f 1380/1380/1380 1381/1381/1381 1379/1379/1379
f 1382/1382/1382 1375/1375/1375 1372/1372/1372
f 1382/1382/1382 1376/1376/1376 1375/1375/1375
f 1379/1379/1379 1382/1382/1382 1372/1372/1372
f 1381/1381/1381 1383/1383/1383 1379/1379/1379
f 1383/1383/1383 1382/1382/1382 1379/1379/1379
f 1384/1384/1384 1383/1383/1383 1381/1381/1381
f 1385/1385/1385 1376/1376/1376 1382/1382/1382
f 1378/1378/1378 1376/1376/1376 1385/1385/1385
f 1383/1383/1383 1385/1385/1385 1382/1382/1382
f 1384/1384/1384 1386/1386/1386 1383/1383/1383
f 1386/1386/1386 1385/1385/1385 1383/1383/1383
f 1385/1385/1385 1386/1386/1386 1378/1378/1378
f 1387/1387/1387 1386/1386/1386 1384/1384/1384
f 1378/1378/1378 1386/1386/1386 1388/1388/1388
f 1386/1386/1386 1387/1387/1387 1388/1388/1388
f 1388/1388/1388 1387/1387/1387 1389/1389/1389
f 1392/1392/1392 1391/1391/1391 1390/1390/1390
f 1390/1390/1390 1391/1391/1391 1393/1393/1393
f 1390/1390/1390 1393/1393/1393 1394/1394/1394
f 1393/1393/1393 1395/1395/1395 1394/1394/1394
f 1394/1394/1394 1395/1395/1395 1396/1396/1396
f 1394/1394/1394 1396/1396/1396 1397/1397/1397
f 1398/1398/1398 1396/1396/1396 1395/1395/1395
f 1390/1390/1390 1394/1394/1394 1399/1399/1399
f 1399/1399/1399 1394/1394/1394 1397/1397/1397
f 1390/1390/1390 1399/1399/1399 1400/1400/1400
f 1390/1390/1390 1400/1400/1400 1401/1401/1401
f 1400/1400/1400 1399/1399/1399 1402/1402/1402
f 1399/1399/1399 1397/1397/1397 1402/1402/1402
f 1402/1402/1402 1397/1397/1397 1403/1403/1403
f 1404/1404/1404 1401/1401/1401 1400/1400/1400
f 1400/1400/1400 1402/1402/1402 1404/1404/1404
f 1404/1404/1404 1402/1402/1402 1403/1403/1403
f 1404/1404/1404 1405/1405/1405 1401/1401/1401
f 1404/1404/1404 1406/1406/1406 1405/1405/1405
f 1403/1403/1403 1406/1406/1406 1404/1404/1404
f 1407/1407/1407 1405/1405/1405 1406/1406/1406
f 1407/1407/1407 1406/1406/1406 1408/1408/1408
f 1408/1408/1408 1406/1406/1406 1409/1409/1409
f 1403/1403/1403 1410/1410/1410 1406/1406/1406
f 1406/1406/1406 1410/1410/1410 1409/1409/1409
f 1409/1409/1409 1411/1411/1411 1408/1408/1408
f 1411/1411/1411 1412/1412/1412 1408/1408/1408
f 1411/1411/1411 1413/1413/1413 1412/1412/1412
f 1414/1414/1414 1413/1413/1413 1411/1411/1411
f 1415/1415/1415 1414/1414/1414 1411/1411/1411
f 1415/1415/1415 1411/1411/1411 1409/1409/1409
f 1409/1409/1409 1410/1410/1410 1416/1416/1416
f 1416/1416/1416 1410/1410/1410 1403/1403/1403
f 1417/1417/1417 1414/1414/1414 1415/1415/1415
f 1417/1417/1417 1418/1418/1418 1414/1414/1414
f 1417/1417/1417 1419/1419/1419 1418/1418/1418
f 1419/1419/1419 1420/1420/1420 1418/1418/1418
f 1419/1419/1419 1421/1421/1421 1420/1420/1420
f 1409/1409/1409 1422/1422/1422 1415/1415/1415
f 1415/1415/1415 1422/1422/1422 1417/1417/1417
f 1422/1422/1422 1409/1409/1409 1416/1416/1416
f 1422/1422/1422 1419/1419/1419 1417/1417/1417
f 1416/1416/1416 1423/1423/1423 1422/1422/1422
f 1416/1416/1416 1403/1403/1403 1423/1423/1423
f 1422/1422/1422 1423/1423/1423 1419/1419/1419
f 1419/1419/1419 1424/1424/1424 1421/1421/1421
f 1421/1421/1421 1424/1424/1424 1425/1425/1425
f 1403/1403/1403 1426/1426/1426 1423/1423/1423
f 1423/1423/1423 1426/1426/1426 1427/1427/1427
f 1423/1423/1423 1427/1427/1427 1428/1428/1428
f 1423/1423/1423 1428/1428/1428 1419/1419/1419
f 1428/1428/1428 1424/1424/1424 1419/1419/1419
f 1424/1424/1424 1428/1428/1428 1427/1427/1427
f 1403/1403/1403 1397/1397/1397 1426/1426/1426
f 1425/1425/1425 1424/1424/1424 1429/1429/1429
f 1424/1424/1424 1427/1427/1427 1429/1429/1429
f 1429/1429/1429 1427/1427/1427 1430/1430/1430
f 1425/1425/1425 1429/1429/1429 1431/1431/1431
f 1429/1429/1429 1430/1430/1430 1431/1431/1431
f 1425/1425/1425 1431/1431/1431 1432/1432/1432
f 1432/1432/1432 1431/1431/1431 1430/1430/1430
f 1425/1425/1425 1432/1432/1432 1433/1433/1433
f 1433/1433/1433 1432/1432/1432 1434/1434/1434
f 1435/1435/1435 1434/1434/1434 1432/1432/1432
f 1432/1432/1432 1430/1430/1430 1435/1435/1435
f 1435/1435/1435 1430/1430/1430 1436/1436/1436
f 1435/1435/1435 1436/1436/1436 1437/1437/1437
f 1438/1438/1438 1437/1437/1437 1436/1436/1436
f 1430/1430/1430 1439/1439/1439 1436/1436/1436
f 1436/1436/1436 1439/1439/1439 1438/1438/1438
f 1430/1430/1430 1440/1440/1440 1439/1439/1439
f 1427/1427/1427 1440/1440/1440 1430/1430/1430
f 1439/1439/1439 1440/1440/1440 1438/1438/1438
f 1427/1427/1427 1441/1441/1441 1440/1440/1440
f 1438/1438/1438 1440/1440/1440 1442/1442/1442
f 1441/1441/1441 1442/1442/1442 1440/1440/1440
f 1427/1427/1427 1443/1443/1443 1441/1441/1441
f 1443/1443/1443 1442/1442/1442 1441/1441/1441
f 1426/1426/1426 1443/1443/1443 1427/1427/1427
f 1444/1444/1444 1442/1442/1442 1443/1443/1443
f 1445/1445/1445 1444/1444/1444 1443/1443/1443
f 1426/1426/1426 1445/1445/1445 1443/1443/1443
f 1446/1446/1446 1445/1445/1445 1426/1426/1426
f 1445/1445/1445 1446/1446/1446 1444/1444/1444
f 1397/1397/1397 1446/1446/1446 1426/1426/1426
f 1397/1397/1397 1447/1447/1447 1446/1446/1446
f 1444/1444/1444 1446/1446/1446 1447/1447/1447
f 1397/1397/1397 1396/1396/1396 1447/1447/1447
f 1444/1444/1444 1447/1447/1447 1396/1396/1396
f 1438/1438/1438 1442/1442/1442 1448/1448/1448
f 1449/1449/1449 1438/1438/1438 1448/1448/1448
f 1450/1450/1450 1449/1449/1449 1448/1448/1448
f 1444/1444/1444 1396/1396/1396 1451/1451/1451
f 1451/1451/1451 1396/1396/1396 1398/1398/1398
f 1444/1444/1444 1452/1452/1452 1442/1442/1442
f 1452/1452/1452 1448/1448/1448 1442/1442/1442
f 1453/1453/1453 1450/1450/1450 1448/1448/1448
f 1454/1454/1454 1450/1450/1450 1453/1453/1453
f 1448/1448/1448 1455/1455/1455 1453/1453/1453
f 1452/1452/1452 1455/1455/1455 1448/1448/1448
f 1453/1453/1453 1455/1455/1455 1456/1456/1456
f 1457/1457/1457 1456/1456/1456 1455/1455/1455
f 1457/1457/1457 1455/1455/1455 1452/1452/1452
f 1458/1458/1458 1456/1456/1456 1457/1457/1457
f 1459/1459/1459 1452/1452/1452 1444/1444/1444
f 1459/1459/1459 1457/1457/1457 1452/1452/1452
f 1459/1459/1459 1444/1444/1444 1451/1451/1451
f 1460/1460/1460 1458/1458/1458 1457/1457/1457
f 1457/1457/1457 1459/1459/1459 1460/1460/1460
f 1451/1451/1451 1398/1398/1398 1461/1461/1461
f 1462/1462/1462 1461/1461/1461 1398/1398/1398
f 1459/1459/1459 1451/1451/1451 1463/1463/1463
f 1463/1463/1463 1460/1460/1460 1459/1459/1459
f 1464/1464/1464 1461/1461/1461 1462/1462/1462
f 1465/1465/1465 1464/1464/1464 1462/1462/1462
f 1466/1466/1466 1464/1464/1464 1465/1465/1465
f 1461/1461/1461 1467/1467/1467 1451/1451/1451
f 1463/1463/1463 1451/1451/1451 1467/1467/1467
f 1464/1464/1464 1467/1467/1467 1461/1461/1461
f 1468/1468/1468 1464/1464/1464 1466/1466/1466
f 1469/1469/1469 1468/1468/1468 1466/1466/1466
f 1470/1470/1470 1467/1467/1467 1464/1464/1464
f 1468/1468/1468 1470/1470/1470 1464/1464/1464
f 1467/1467/1467 1471/1471/1471 1463/1463/1463
f 1470/1470/1470 1471/1471/1471 1467/1467/1467
f 1472/1472/1472 1468/1468/1468 1469/1469/1469
f 1469/1469/1469 1473/1473/1473 1472/1472/1472
f 1473/1473/1473 1474/1474/1474 1472/1472/1472
f 1468/1468/1468 1475/1475/1475 1470/1470/1470
f 1475/1475/1475 1471/1471/1471 1470/1470/1470
f 1468/1468/1468 1472/1472/1472 1475/1475/1475
f 1463/1463/1463 1471/1471/1471 1476/1476/1476
f 1476/1476/1476 1471/1471/1471 1475/1475/1475
f 1463/1463/1463 1476/1476/1476 1460/1460/1460
f 1477/1477/1477 1472/1472/1472 1474/1474/1474
f 1477/1477/1477 1475/1475/1475 1472/1472/1472
f 1476/1476/1476 1475/1475/1475 1477/1477/1477
f 1477/1477/1477 1474/1474/1474 1478/1478/1478
f 1479/1479/1479 1476/1476/1476 1477/1477/1477
f 1479/1479/1479 1477/1477/1477 1478/1478/1478
f 1460/1460/1460 1476/1476/1476 1479/1479/1479
f 1480/1480/1480 1479/1479/1479 1478/1478/1478
f 1460/1460/1460 1479/1479/1479 1481/1481/1481
f 1481/1481/1481 1479/1479/1479 1480/1480/1480
f 1481/1481/1481 1458/1458/1458 1460/1460/1460
f 1480/1480/1480 1482/1482/1482 1481/1481/1481
f 1481/1481/1481 1482/1482/1482 1458/1458/1458
f 1485/1485/1485 1484/1484/1484 1483/1483/1483
f 1486/1486/1486 1484/1484/1484 1485/1485/1485
f 1487/1487/1487 1486/1486/1486 1485/1485/1485
f 1486/1486/1486 1488/1488/1488 1484/1484/1484
f 1489/1489/1489 1486/1486/1486 1487/1487/1487
f 1487/1487/1487 1490/1490/1490 1489/1489/1489
f 1491/1491/1491 1488/1488/1488 1486/1486/1486
f 1489/1489/1489 1491/1491/1491 1486/1486/1486
f 1489/1489/1489 1490/1490/1490 1492/1492/1492
f 1493/1493/1493 1492/1492/1492 1490/1490/1490
f 1494/1494/1494 1492/1492/1492 1493/1493/1493
f 1491/1491/1491 1495/1495/1495 1488/1488/1488
f 1495/1495/1495 1496/1496/1496 1488/1488/1488
f 1497/1497/1497 1496/1496/1496 1495/1495/1495
f 1498/1498/1498 1491/1491/1491 1489/1489/1489
f 1489/1489/1489 1492/1492/1492 1498/1498/1498
f 1498/1498/1498 1495/1495/1495 1491/1491/1491
f 1494/1494/1494 1499/1499/1499 1492/1492/1492
f 1498/1498/1498 1492/1492/1492 1499/1499/1499
f 1500/1500/1500 1499/1499/1499 1494/1494/1494
f 1500/1500/1500 1501/1501/1501 1499/1499/1499
f 1502/1502/1502 1497/1497/1497 1495/1495/1495
f 1503/1503/1503 1497/1497/1497 1502/1502/1502
f 1502/1502/1502 1504/1504/1504 1503/1503/1503
f 1505/1505/1505 1495/1495/1495 1498/1498/1498
f 1498/1498/1498 1499/1499/1499 1505/1505/1505
f 1505/1505/1505 1502/1502/1502 1495/1495/1495
f 1506/1506/1506 1504/1504/1504 1502/1502/1502
f 1506/1506/1506 1502/1502/1502 1505/1505/1505
f 1507/1507/1507 1504/1504/1504 1506/1506/1506
f 1505/1505/1505 1499/1499/1499 1508/1508/1508
f 1501/1501/1501 1508/1508/1508 1499/1499/1499
f 1505/1505/1505 1508/1508/1508 1506/1506/1506
f 1506/1506/1506 1509/1509/1509 1507/1507/1507
f 1506/1506/1506 1508/1508/1508 1509/1509/1509
f 1509/1509/1509 1508/1508/1508 1501/1501/1501
f 1507/1507/1507 1509/1509/1509 1510/1510/1510
f 1511/1511/1511 1509/1509/1509 1501/1501/1501
f 1510/1510/1510 1509/1509/1509 1511/1511/1511
f 1511/1511/1511 1512/1512/1512 1510/1510/1510
f 1515/1515/1515 1514/1514/1514 1513/1513/1513
f 1516/1516/1516 1514/1514/1514 1515/1515/1515
f 1517/1517/1517 1516/1516/1516 1515/1515/1515
f 1516/1516/1516 1518/1518/1518 1514/1514/1514
f 1519/1519/1519 1516/1516/1516 1517/1517/1517
f 1520/1520/1520 1519/1519/1519 1517/1517/1517
f 1521/1521/1521 1518/1518/1518 1516/1516/1516
f 1519/1519/1519 1521/1521/1521 1516/1516/1516
f 1522/1522/1522 1519/1519/1519 1520/1520/1520
f 1520/1520/1520 1523/1523/1523 1522/1522/1522
f 1523/1523/1523 1524/1524/1524 1522/1522/1522
f 1521/1521/1521 1525/1525/1525 1518/1518/1518
f 1525/1525/1525 1526/1526/1526 1518/1518/1518
f 1527/1527/1527 1526/1526/1526 1525/1525/1525
f 1528/1528/1528 1521/1521/1521 1519/1519/1519
f 1522/1522/1522 1528/1528/1528 1519/1519/1519
f 1528/1528/1528 1525/1525/1525 1521/1521/1521
f 1522/1522/1522 1524/1524/1524 1529/1529/1529
f 1529/1529/1529 1528/1528/1528 1522/1522/1522
f 1524/1524/1524 1530/1530/1530 1529/1529/1529
f 1529/1529/1529 1530/1530/1530 1531/1531/1531
f 1532/1532/1532 1527/1527/1527 1525/1525/1525
f 1533/1533/1533 1527/1527/1527 1532/1532/1532
f 1532/1532/1532 1534/1534/1534 1533/1533/1533
f 1535/1535/1535 1525/1525/1525 1528/1528/1528
f 1529/1529/1529 1535/1535/1535 1528/1528/1528
f 1535/1535/1535 1532/1532/1532 1525/1525/1525
f 1536/1536/1536 1534/1534/1534 1532/1532/1532
f 1536/1536/1536 1532/1532/1532 1535/1535/1535
f 1537/1537/1537 1534/1534/1534 1536/1536/1536
f 1538/1538/1538 1535/1535/1535 1529/1529/1529
f 1538/1538/1538 1529/1529/1529 1531/1531/1531
f 1538/1538/1538 1536/1536/1536 1535/1535/1535
f 1539/1539/1539 1537/1537/1537 1536/1536/1536
f 1539/1539/1539 1536/1536/1536 1538/1538/1538
f 1538/1538/1538 1531/1531/1531 1539/1539/1539
f 1540/1540/1540 1537/1537/1537 1539/1539/1539
f 1539/1539/1539 1531/1531/1531 1541/1541/1541
f 1539/1539/1539 1541/1541/1541 1540/1540/1540
f 1540/1540/1540 1541/1541/1541 1542/1542/1542
f 1545/1545/1545 1544/1544/1544 1543/1543/1543
f 1544/1544/1544 1546/1546/1546 1543/1543/1543
f 1547/1547/1547 1543/1543/1543 1546/1546/1546
f 1547/1547/1547 1546/1546/1546 1548/1548/1548
f 1548/1548/1548 1546/1546/1546 1549/1549/1549
f 1547/1547/1547 1548/1548/1548 1550/1550/1550
f 1551/1551/1551 1546/1546/1546 1544/1544/1544
f 1549/1549/1549 1546/1546/1546 1551/1551/1551
f 1544/1544/1544 1552/1552/1552 1551/1551/1551
f 1544/1544/1544 1553/1553/1553 1552/1552/1552
f 1551/1551/1551 1552/1552/1552 1554/1554/1554
f 1551/1551/1551 1554/1554/1554 1549/1549/1549
f 1555/1555/1555 1549/1549/1549 1554/1554/1554
f 1556/1556/1556 1552/1552/1552 1553/1553/1553
f 1556/1556/1556 1554/1554/1554 1552/1552/1552
f 1555/1555/1555 1554/1554/1554 1556/1556/1556
f 1557/1557/1557 1556/1556/1556 1553/1553/1553
f 1558/1558/1558 1556/1556/1556 1557/1557/1557
f 1558/1558/1558 1555/1555/1555 1556/1556/1556
f 1559/1559/1559 1558/1558/1558 1557/1557/1557
f 1560/1560/1560 1558/1558/1558 1559/1559/1559
f 1560/1560/1560 1561/1561/1561 1558/1558/1558
f 1558/1558/1558 1562/1562/1562 1555/1555/1555
f 1561/1561/1561 1562/1562/1562 1558/1558/1558
f 1563/1563/1563 1561/1561/1561 1560/1560/1560
f 1563/1563/1563 1560/1560/1560 1564/1564/1564
f 1555/1555/1555 1562/1562/1562 1565/1565/1565
f 1565/1565/1565 1562/1562/1562 1561/1561/1561
f 1563/1563/1563 1564/1564/1564 1566/1566/1566
f 1566/1566/1566 1564/1564/1564 1567/1567/1567
f 1568/1568/1568 1563/1563/1563 1566/1566/1566
f 1569/1569/1569 1566/1566/1566 1567/1567/1567
f 1570/1570/1570 1561/1561/1561 1563/1563/1563
f 1570/1570/1570 1563/1563/1563 1568/1568/1568
f 1571/1571/1571 1565/1565/1565 1561/1561/1561
f 1570/1570/1570 1571/1571/1571 1561/1561/1561
f 1568/1568/1568 1572/1572/1572 1570/1570/1570
f 1570/1570/1570 1572/1572/1572 1571/1571/1571
f 1572/1572/1572 1573/1573/1573 1571/1571/1571
f 1568/1568/1568 1574/1574/1574 1572/1572/1572
f 1572/1572/1572 1574/1574/1574 1573/1573/1573
f 1574/1574/1574 1575/1575/1575 1573/1573/1573
f 1575/1575/1575 1576/1576/1576 1573/1573/1573
f 1577/1577/1577 1565/1565/1565 1571/1571/1571
f 1571/1571/1571 1573/1573/1573 1577/1577/1577
f 1555/1555/1555 1565/1565/1565 1577/1577/1577
f 1567/1567/1567 1578/1578/1578 1569/1569/1569
f 1567/1567/1567 1579/1579/1579 1578/1578/1578
f 1580/1580/1580 1573/1573/1573 1576/1576/1576
f 1580/1580/1580 1576/1576/1576 1581/1581/1581
f 1582/1582/1582 1577/1577/1577 1573/1573/1573
f 1582/1582/1582 1573/1573/1573 1580/1580/1580
f 1577/1577/1577 1582/1582/1582 1583/1583/1583
f 1582/1582/1582 1580/1580/1580 1583/1583/1583
f 1555/1555/1555 1577/1577/1577 1584/1584/1584
f 1584/1584/1584 1577/1577/1577 1583/1583/1583
f 1584/1584/1584 1549/1549/1549 1555/1555/1555
f 1569/1569/1569 1578/1578/1578 1585/1585/1585
f 1586/1586/1586 1569/1569/1569 1585/1585/1585
f 1585/1585/1585 1587/1587/1587 1586/1586/1586
f 1588/1588/1588 1587/1587/1587 1585/1585/1585
f 1588/1588/1588 1589/1589/1589 1587/1587/1587
f 1590/1590/1590 1585/1585/1585 1578/1578/1578
f 1588/1588/1588 1585/1585/1585 1590/1590/1590
f 1583/1583/1583 1580/1580/1580 1591/1591/1591
f 1583/1583/1583 1591/1591/1591 1592/1592/1592
f 1580/1580/1580 1581/1581/1581 1591/1591/1591
f 1591/1591/1591 1581/1581/1581 1593/1593/1593
f 1592/1592/1592 1591/1591/1591 1593/1593/1593
f 1593/1593/1593 1581/1581/1581 1594/1594/1594
f 1593/1593/1593 1594/1594/1594 1592/1592/1592
f 1594/1594/1594 1581/1581/1581 1595/1595/1595
f 1595/1595/1595 1596/1596/1596 1594/1594/1594
f 1594/1594/1594 1596/1596/1596 1597/1597/1597
f 1597/1597/1597 1592/1592/1592 1594/1594/1594
f 1589/1589/1589 1588/1588/1588 1598/1598/1598
f 1598/1598/1598 1588/1588/1588 1599/1599/1599
f 1600/1600/1600 1589/1589/1589 1598/1598/1598
f 1601/1601/1601 1592/1592/1592 1597/1597/1597
f 1601/1601/1601 1597/1597/1597 1602/1602/1602
f 1602/1602/1602 1603/1603/1603 1601/1601/1601
f 1601/1601/1601 1604/1604/1604 1592/1592/1592
f 1601/1601/1601 1603/1603/1603 1604/1604/1604
f 1604/1604/1604 1605/1605/1605 1592/1592/1592
f 1604/1604/1604 1603/1603/1603 1605/1605/1605
f 1592/1592/1592 1605/1605/1605 1583/1583/1583
f 1588/1588/1588 1606/1606/1606 1599/1599/1599
f 1606/1606/1606 1588/1588/1588 1590/1590/1590
f 1599/1599/1599 1606/1606/1606 1607/1607/1607
f 1606/1606/1606 1590/1590/1590 1607/1607/1607
f 1608/1608/1608 1600/1600/1600 1598/1598/1598
f 1609/1609/1609 1600/1600/1600 1608/1608/1608
f 1609/1609/1609 1610/1610/1610 1600/1600/1600
f 1609/1609/1609 1608/1608/1608 1611/1611/1611
f 1608/1608/1608 1598/1598/1598 1612/1612/1612
f 1612/1612/1612 1598/1598/1598 1599/1599/1599
f 1611/1611/1611 1608/1608/1608 1612/1612/1612
f 1611/1611/1611 1612/1612/1612 1613/1613/1613
f 1612/1612/1612 1599/1599/1599 1613/1613/1613
f 1613/1613/1613 1614/1614/1614 1611/1611/1611
f 1615/1615/1615 1611/1611/1611 1614/1614/1614
f 1615/1615/1615 1614/1614/1614 1616/1616/1616
f 1617/1617/1617 1616/1616/1616 1614/1614/1614
f 1617/1617/1617 1614/1614/1614 1613/1613/1613
f 1616/1616/1616 1617/1617/1617 1618/1618/1618
f 1613/1613/1613 1599/1599/1599 1619/1619/1619
f 1599/1599/1599 1620/1620/1620 1619/1619/1619
f 1599/1599/1599 1607/1607/1607 1620/1620/1620
f 1619/1619/1619 1620/1620/1620 1621/1621/1621
f 1620/1620/1620 1622/1622/1622 1621/1621/1621
f 1620/1620/1620 1623/1623/1623 1622/1622/1622
f 1624/1624/1624 1620/1620/1620 1607/1607/1607
f 1624/1624/1624 1623/1623/1623 1620/1620/1620
f 1607/1607/1607 1590/1590/1590 1624/1624/1624
f 1624/1624/1624 1590/1590/1590 1625/1625/1625
f 1590/1590/1590 1578/1578/1578 1625/1625/1625
f 1625/1625/1625 1578/1578/1578 1579/1579/1579
f 1625/1625/1625 1626/1626/1626 1624/1624/1624
f 1625/1625/1625 1579/1579/1579 1626/1626/1626
f 1624/1624/1624 1626/1626/1626 1623/1623/1623
f 1626/1626/1626 1579/1579/1579 1627/1627/1627
f 1626/1626/1626 1627/1627/1627 1623/1623/1623
f 1623/1623/1623 1627/1627/1627 1628/1628/1628
f 1623/1623/1623 1628/1628/1628 1629/1629/1629
f 1622/1622/1622 1623/1623/1623 1630/1630/1630
f 1623/1623/1623 1629/1629/1629 1630/1630/1630
f 1622/1622/1622 1630/1630/1630 1621/1621/1621
f 1629/1629/1629 1631/1631/1631 1630/1630/1630
f 1621/1621/1621 1630/1630/1630 1632/1632/1632
f 1630/1630/1630 1631/1631/1631 1632/1632/1632
f 1621/1621/1621 1632/1632/1632 1633/1633/1633
f 1632/1632/1632 1631/1631/1631 1634/1634/1634
f 1633/1633/1633 1632/1632/1632 1634/1634/1634
f 1634/1634/1634 1631/1631/1631 1635/1635/1635
f 1634/1634/1634 1635/1635/1635 1633/1633/1633
f 1631/1631/1631 1636/1636/1636 1635/1635/1635
f 1635/1635/1635 1636/1636/1636 1637/1637/1637
f 1635/1635/1635 1637/1637/1637 1638/1638/1638
f 1638/1638/1638 1633/1633/1633 1635/1635/1635
f 1639/1639/1639 1633/1633/1633 1638/1638/1638
f 1639/1639/1639 1638/1638/1638 1640/1640/1640
f 1639/1639/1639 1640/1640/1640 1641/1641/1641
f 1639/1639/1639 1642/1642/1642 1633/1633/1633
f 1639/1639/1639 1641/1641/1641 1642/1642/1642
f 1642/1642/1642 1643/1643/1643 1633/1633/1633
f 1633/1633/1633 1643/1643/1643 1621/1621/1621
f 1642/1642/1642 1641/1641/1641 1643/1643/1643
f 1644/1644/1644 1621/1621/1621 1643/1643/1643
f 1643/1643/1643 1641/1641/1641 1645/1645/1645
f 1643/1643/1643 1645/1645/1645 1644/1644/1644
f 1646/1646/1646 1621/1621/1621 1644/1644/1644
f 1644/1644/1644 1645/1645/1645 1646/1646/1646
f 1619/1619/1619 1621/1621/1621 1646/1646/1646
f 1646/1646/1646 1645/1645/1645 1647/1647/1647
f 1646/1646/1646 1647/1647/1647 1648/1648/1648
f 1648/1648/1648 1619/1619/1619 1646/1646/1646
f 1649/1649/1649 1619/1619/1619 1648/1648/1648
f 1648/1648/1648 1647/1647/1647 1649/1649/1649
f 1613/1613/1613 1619/1619/1619 1649/1649/1649
f 1650/1650/1650 1613/1613/1613 1649/1649/1649
f 1649/1649/1649 1647/1647/1647 1650/1650/1650
f 1617/1617/1617 1613/1613/1613 1650/1650/1650
f 1617/1617/1617 1650/1650/1650 1647/1647/1647
f 1641/1641/1641 1651/1651/1651 1645/1645/1645
f 1652/1652/1652 1651/1651/1651 1641/1641/1641
f 1652/1652/1652 1653/1653/1653 1651/1651/1651
f 1654/1654/1654 1617/1617/1617 1647/1647/1647
f 1618/1618/1618 1617/1617/1617 1654/1654/1654
f 1645/1645/1645 1655/1655/1655 1647/1647/1647
f 1651/1651/1651 1655/1655/1655 1645/1645/1645
f 1653/1653/1653 1656/1656/1656 1651/1651/1651
f 1653/1653/1653 1657/1657/1657 1656/1656/1656
f 1651/1651/1651 1656/1656/1656 1658/1658/1658
f 1651/1651/1651 1658/1658/1658 1655/1655/1655
f 1656/1656/1656 1659/1659/1659 1658/1658/1658
f 1660/1660/1660 1658/1658/1658 1659/1659/1659
f 1660/1660/1660 1655/1655/1655 1658/1658/1658
f 1661/1661/1661 1660/1660/1660 1659/1659/1659
f 1662/1662/1662 1647/1647/1647 1655/1655/1655
f 1662/1662/1662 1655/1655/1655 1660/1660/1660
f 1647/1647/1647 1662/1662/1662 1654/1654/1654
f 1663/1663/1663 1660/1660/1660 1661/1661/1661
f 1663/1663/1663 1662/1662/1662 1660/1660/1660
f 1664/1664/1664 1618/1618/1618 1654/1654/1654
f 1665/1665/1665 1618/1618/1618 1664/1664/1664
f 1666/1666/1666 1654/1654/1654 1662/1662/1662
f 1666/1666/1666 1662/1662/1662 1663/1663/1663
f 1667/1667/1667 1664/1664/1664 1654/1654/1654
f 1667/1667/1667 1654/1654/1654 1666/1666/1666
f 1668/1668/1668 1665/1665/1665 1664/1664/1664
f 1668/1668/1668 1664/1664/1664 1667/1667/1667
f 1669/1669/1669 1665/1665/1665 1668/1668/1668
f 1670/1670/1670 1669/1669/1669 1668/1668/1668
f 1671/1671/1671 1670/1670/1670 1668/1668/1668
f 1668/1668/1668 1667/1667/1667 1672/1672/1672
f 1667/1667/1667 1666/1666/1666 1672/1672/1672
f 1671/1671/1671 1668/1668/1668 1672/1672/1672
f 1663/1663/1663 1661/1661/1661 1673/1673/1673
f 1673/1673/1673 1661/1661/1661 1674/1674/1674
f 1673/1673/1673 1674/1674/1674 1675/1675/1675
f 1673/1673/1673 1675/1675/1675 1663/1663/1663
f 1676/1676/1676 1666/1666/1666 1663/1663/1663
f 1676/1676/1676 1663/1663/1663 1675/1675/1675
f 1672/1672/1672 1666/1666/1666 1676/1676/1676
f 1672/1672/1672 1677/1677/1677 1671/1671/1671
f 1677/1677/1677 1678/1678/1678 1671/1671/1671
f 1677/1677/1677 1679/1679/1679 1678/1678/1678
f 1672/1672/1672 1680/1680/1680 1677/1677/1677
f 1677/1677/1677 1680/1680/1680 1679/1679/1679
f 1676/1676/1676 1680/1680/1680 1672/1672/1672
f 1680/1680/1680 1681/1681/1681 1679/1679/1679
f 1676/1676/1676 1675/1675/1675 1682/1682/1682
f 1681/1681/1681 1682/1682/1682 1675/1675/1675
f 1680/1680/1680 1682/1682/1682 1681/1681/1681
f 1676/1676/1676 1682/1682/1682 1680/1680/1680
f 1685/1685/1685 1684/1684/1684 1683/1683/1683
f 1685/1685/1685 1683/1683/1683 1686/1686/1686
f 1685/1685/1685 1686/1686/1686 1687/1687/1687
f 1686/1686/1686 1683/1683/1683 1688/1688/1688
f 1687/1687/1687 1686/1686/1686 1689/1689/1689
f 1687/1687/1687 1689/1689/1689 1690/1690/1690
f 1691/1691/1691 1686/1686/1686 1688/1688/1688
f 1686/1686/1686 1691/1691/1691 1689/1689/1689
f 1690/1690/1690 1689/1689/1689 1692/1692/1692
f 1693/1693/1693 1690/1690/1690 1692/1692/1692
f 1693/1693/1693 1692/1692/1692 1694/1694/1694
f 1691/1691/1691 1688/1688/1688 1695/1695/1695
f 1695/1695/1695 1688/1688/1688 1696/1696/1696
f 1696/1696/1696 1697/1697/1697 1695/1695/1695
f 1689/1689/1689 1691/1691/1691 1698/1698/1698
f 1689/1689/1689 1698/1698/1698 1692/1692/1692
f 1691/1691/1691 1695/1695/1695 1698/1698/1698
f 1694/1694/1694 1692/1692/1692 1699/1699/1699
f 1692/1692/1692 1698/1698/1698 1699/1699/1699
f 1700/1700/1700 1694/1694/1694 1699/1699/1699
f 1700/1700/1700 1699/1699/1699 1701/1701/1701
f 1695/1695/1695 1697/1697/1697 1702/1702/1702
f 1697/1697/1697 1703/1703/1703 1702/1702/1702
f 1702/1702/1702 1703/1703/1703 1704/1704/1704
f 1698/1698/1698 1695/1695/1695 1705/1705/1705
f 1698/1698/1698 1705/1705/1705 1699/1699/1699
f 1695/1695/1695 1702/1702/1702 1705/1705/1705
f 1702/1702/1702 1704/1704/1704 1706/1706/1706
f 1705/1705/1705 1702/1702/1702 1706/1706/1706
f 1706/1706/1706 1704/1704/1704 1707/1707/1707
f 1699/1699/1699 1705/1705/1705 1708/1708/1708
f 1701/1701/1701 1699/1699/1699 1708/1708/1708
f 1705/1705/1705 1706/1706/1706 1708/1708/1708
f 1706/1706/1706 1707/1707/1707 1709/1709/1709
f 1708/1708/1708 1706/1706/1706 1709/1709/1709
f 1708/1708/1708 1709/1709/1709 1701/1701/1701
f 1709/1709/1709 1707/1707/1707 1710/1710/1710
f 1701/1701/1701 1709/1709/1709 1711/1711/1711
f 1709/1709/1709 1710/1710/1710 1711/1711/1711
f 1711/1711/1711 1710/1710/1710 1712/1712/1712
f 1715/1715/1715 1714/1714/1714 1713/1713/1713
f 1716/1716/1716 1714/1714/1714 1715/1715/1715
f 1716/1716/1716 1717/1717/1717 1714/1714/1714
f 1715/1715/1715 1718/1718/1718 1716/1716/1716
f 1719/1719/1719 1718/1718/1718 1715/1715/1715
f 1718/1718/1718 1720/1720/1720 1716/1716/1716
f 1721/1721/1721 1717/1717/1717 1716/1716/1716
f 1716/1716/1716 1720/1720/1720 1721/1721/1721
f 1721/1721/1721 1722/1722/1722 1717/1717/1717
f 1720/1720/1720 1723/1723/1723 1721/1721/1721
f 1723/1723/1723 1722/1722/1722 1721/1721/1721
f 1724/1724/1724 1723/1723/1723 1720/1720/1720
f 1723/1723/1723 1725/1725/1725 1722/1722/1722
f 1724/1724/1724 1726/1726/1726 1723/1723/1723
f 1726/1726/1726 1725/1725/1725 1723/1723/1723
f 1727/1727/1727 1726/1726/1726 1724/1724/1724
f 1726/1726/1726 1728/1728/1728 1725/1725/1725
f 1727/1727/1727 1729/1729/1729 1726/1726/1726
f 1729/1729/1729 1728/1728/1728 1726/1726/1726
f 1730/1730/1730 1729/1729/1729 1727/1727/1727
f 1729/1729/1729 1731/1731/1731 1728/1728/1728
f 1730/1730/1730 1732/1732/1732 1729/1729/1729
f 1732/1732/1732 1731/1731/1731 1729/1729/1729
f 1733/1733/1733 1732/1732/1732 1730/1730/1730
f 1732/1732/1732 1734/1734/1734 1731/1731/1731
f 1733/1733/1733 1735/1735/1735 1732/1732/1732
f 1735/1735/1735 1734/1734/1734 1732/1732/1732
f 1736/1736/1736 1735/1735/1735 1733/1733/1733
f 1735/1735/1735 1737/1737/1737 1734/1734/1734
f 1736/1736/1736 1738/1738/1738 1735/1735/1735
f 1738/1738/1738 1737/1737/1737 1735/1735/1735
f 1739/1739/1739 1738/1738/1738 1736/1736/1736
f 1738/1738/1738 1740/1740/1740 1737/1737/1737
f 1739/1739/1739 1741/1741/1741 1738/1738/1738
f 1741/1741/1741 1740/1740/1740 1738/1738/1738
f 1742/1742/1742 1741/1741/1741 1739/1739/1739
f 1741/1741/1741 1743/1743/1743 1740/1740/1740
f 1742/1742/1742 1744/1744/1744 1741/1741/1741
f 1744/1744/1744 1743/1743/1743 1741/1741/1741
f 1744/1744/1744 1745/1745/1745 1743/1743/1743
f 1746/1746/1746 1745/1745/1745 1744/1744/1744
f 1746/1746/1746 1747/1747/1747 1745/1745/1745
f 1747/1747/1747 1748/1748/1748 1745/1745/1745
f 1749/1749/1749 1745/1745/1745 1748/1748/1748
f 1749/1749/1749 1748/1748/1748 1750/1750/1750
f 1750/1750/1750 1748/1748/1748 1751/1751/1751
f 1747/1747/1747 1751/1751/1751 1748/1748/1748
f 1752/1752/1752 1751/1751/1751 1747/1747/1747
f 1755/1755/1755 1754/1754/1754 1753/1753/1753
f 1756/1756/1756 1754/1754/1754 1755/1755/1755
f 1756/1756/1756 1757/1757/1757 1754/1754/1754
f 1755/1755/1755 1758/1758/1758 1756/1756/1756
f 1755/1755/1755 1759/1759/1759 1758/1758/1758
f 1756/1756/1756 1758/1758/1758 1760/1760/1760
f 1756/1756/1756 1760/1760/1760 1761/1761/1761
f 1761/1761/1761 1757/1757/1757 1756/1756/1756
f 1761/1761/1761 1760/1760/1760 1762/1762/1762
f 1761/1761/1761 1763/1763/1763 1757/1757/1757
f 1762/1762/1762 1763/1763/1763 1761/1761/1761
f 1757/1757/1757 1763/1763/1763 1764/1764/1764
f 1762/1762/1762 1765/1765/1765 1763/1763/1763
f 1764/1764/1764 1763/1763/1763 1766/1766/1766
f 1765/1765/1765 1766/1766/1766 1763/1763/1763
f 1764/1764/1764 1766/1766/1766 1767/1767/1767
f 1768/1768/1768 1766/1766/1766 1765/1765/1765
f 1767/1767/1767 1766/1766/1766 1769/1769/1769
f 1768/1768/1768 1769/1769/1769 1766/1766/1766
f 1767/1767/1767 1769/1769/1769 1770/1770/1770
f 1771/1771/1771 1769/1769/1769 1768/1768/1768
f 1770/1770/1770 1769/1769/1769 1772/1772/1772
f 1771/1771/1771 1772/1772/1772 1769/1769/1769
f 1770/1770/1770 1772/1772/1772 1773/1773/1773
f 1774/1774/1774 1772/1772/1772 1771/1771/1771
f 1773/1773/1773 1772/1772/1772 1775/1775/1775
f 1774/1774/1774 1775/1775/1775 1772/1772/1772
f 1773/1773/1773 1775/1775/1775 1776/1776/1776
f 1777/1777/1777 1775/1775/1775 1774/1774/1774
f 1776/1776/1776 1775/1775/1775 1778/1778/1778
f 1777/1777/1777 1778/1778/1778 1775/1775/1775
f 1776/1776/1776 1778/1778/1778 1779/1779/1779
f 1780/1780/1780 1778/1778/1778 1777/1777/1777
f 1779/1779/1779 1778/1778/1778 1781/1781/1781
f 1780/1780/1780 1781/1781/1781 1778/1778/1778
f 1779/1779/1779 1781/1781/1781 1782/1782/1782
f 1783/1783/1783 1781/1781/1781 1780/1780/1780
f 1782/1782/1782 1781/1781/1781 1784/1784/1784
f 1783/1783/1783 1784/1784/1784 1781/1781/1781
f 1782/1782/1782 1784/1784/1784 1785/1785/1785
f 1786/1786/1786 1784/1784/1784 1783/1783/1783
f 1785/1785/1785 1784/1784/1784 1786/1786/1786
f 1785/1785/1785 1786/1786/1786 1787/1787/1787
f 1787/1787/1787 1786/1786/1786 1788/1788/1788
f 1786/1786/1786 1789/1789/1789 1788/1788/1788
f 1786/1786/1786 1790/1790/1790 1789/1789/1789
f 1790/1790/1790 1791/1791/1791 1789/1789/1789
f 1789/1789/1789 1791/1791/1791 1792/1792/1792
f 1789/1789/1789 1792/1792/1792 1788/1788/1788
f 1788/1788/1788 1792/1792/1792 1793/1793/1793
f 1796/1796/1796 1795/1795/1795 1794/1794/1794
f 1797/1797/1797 1795/1795/1795 1796/1796/1796
f 1798/1798/1798 1797/1797/1797 1796/1796/1796
f 1797/1797/1797 1799/1799/1799 1795/1795/1795
f 1800/1800/1800 1795/1795/1795 1799/1799/1799
f 1801/1801/1801 1799/1799/1799 1797/1797/1797
f 1802/1802/1802 1797/1797/1797 1798/1798/1798
f 1802/1802/1802 1801/1801/1801 1797/1797/1797
f 1802/1802/1802 1798/1798/1798 1803/1803/1803
f 1804/1804/1804 1801/1801/1801 1802/1802/1802
f 1803/1803/1803 1804/1804/1804 1802/1802/1802
f 1804/1804/1804 1805/1805/1805 1801/1801/1801
f 1806/1806/1806 1804/1804/1804 1803/1803/1803
f 1807/1807/1807 1805/1805/1805 1804/1804/1804
f 1806/1806/1806 1807/1807/1807 1804/1804/1804
f 1807/1807/1807 1808/1808/1808 1805/1805/1805
f 1809/1809/1809 1807/1807/1807 1806/1806/1806
f 1810/1810/1810 1808/1808/1808 1807/1807/1807
f 1809/1809/1809 1810/1810/1810 1807/1807/1807
f 1810/1810/1810 1811/1811/1811 1808/1808/1808
f 1812/1812/1812 1810/1810/1810 1809/1809/1809
f 1813/1813/1813 1811/1811/1811 1810/1810/1810
f 1812/1812/1812 1813/1813/1813 1810/1810/1810
f 1813/1813/1813 1814/1814/1814 1811/1811/1811
f 1815/1815/1815 1813/1813/1813 1812/1812/1812
f 1816/1816/1816 1814/1814/1814 1813/1813/1813
f 1815/1815/1815 1816/1816/1816 1813/1813/1813
f 1816/1816/1816 1817/1817/1817 1814/1814/1814
f 1818/1818/1818 1816/1816/1816 1815/1815/1815
f 1819/1819/1819 1817/1817/1817 1816/1816/1816
f 1818/1818/1818 1819/1819/1819 1816/1816/1816
f 1819/1819/1819 1820/1820/1820 1817/1817/1817
f 1821/1821/1821 1819/1819/1819 1818/1818/1818
f 1822/1822/1822 1820/1820/1820 1819/1819/1819
f 1821/1821/1821 1822/1822/1822 1819/1819/1819
f 1822/1822/1822 1823/1823/1823 1820/1820/1820
f 1824/1824/1824 1822/1822/1822 1821/1821/1821
f 1825/1825/1825 1823/1823/1823 1822/1822/1822
f 1824/1824/1824 1825/1825/1825 1822/1822/1822
f 1826/1826/1826 1825/1825/1825 1824/1824/1824
f 1826/1826/1826 1827/1827/1827 1825/1825/1825
f 1828/1828/1828 1827/1827/1827 1826/1826/1826
f 1829/1829/1829 1828/1828/1828 1826/1826/1826
f 1830/1830/1830 1829/1829/1829 1826/1826/1826
f 1831/1831/1831 1829/1829/1829 1830/1830/1830
f 1831/1831/1831 1832/1832/1832 1829/1829/1829
f 1832/1832/1832 1828/1828/1828 1829/1829/1829
f 1832/1832/1832 1833/1833/1833 1828/1828/1828
f 1836/1836/1836 1835/1835/1835 1834/1834/1834
f 1837/1837/1837 1835/1835/1835 1836/1836/1836
f 1837/1837/1837 1838/1838/1838 1835/1835/1835
f 1836/1836/1836 1839/1839/1839 1837/1837/1837
f 1840/1840/1840 1839/1839/1839 1836/1836/1836
f 1839/1839/1839 1841/1841/1841 1837/1837/1837
f 1842/1842/1842 1838/1838/1838 1837/1837/1837
f 1837/1837/1837 1841/1841/1841 1842/1842/1842
f 1842/1842/1842 1843/1843/1843 1838/1838/1838
f 1841/1841/1841 1844/1844/1844 1842/1842/1842
f 1844/1844/1844 1843/1843/1843 1842/1842/1842
f 1845/1845/1845 1844/1844/1844 1841/1841/1841
f 1844/1844/1844 1846/1846/1846 1843/1843/1843
f 1845/1845/1845 1847/1847/1847 1844/1844/1844
f 1847/1847/1847 1846/1846/1846 1844/1844/1844
f 1848/1848/1848 1847/1847/1847 1845/1845/1845
f 1847/1847/1847 1849/1849/1849 1846/1846/1846
f 1848/1848/1848 1850/1850/1850 1847/1847/1847
f 1850/1850/1850 1849/1849/1849 1847/1847/1847
f 1851/1851/1851 1850/1850/1850 1848/1848/1848
f 1850/1850/1850 1852/1852/1852 1849/1849/1849
f 1851/1851/1851 1853/1853/1853 1850/1850/1850
f 1853/1853/1853 1852/1852/1852 1850/1850/1850
f 1854/1854/1854 1853/1853/1853 1851/1851/1851
f 1853/1853/1853 1855/1855/1855 1852/1852/1852
f 1854/1854/1854 1856/1856/1856 1853/1853/1853
f 1856/1856/1856 1855/1855/1855 1853/1853/1853
f 1857/1857/1857 1856/1856/1856 1854/1854/1854
f 1856/1856/1856 1858/1858/1858 1855/1855/1855
f 1857/1857/1857 1859/1859/1859 1856/1856/1856
f 1859/1859/1859 1858/1858/1858 1856/1856/1856
f 1860/1860/1860 1859/1859/1859 1857/1857/1857
f 1859/1859/1859 1861/1861/1861 1858/1858/1858
f 1860/1860/1860 1862/1862/1862 1859/1859/1859
f 1862/1862/1862 1861/1861/1861 1859/1859/1859
f 1863/1863/1863 1862/1862/1862 1860/1860/1860
f 1862/1862/1862 1864/1864/1864 1861/1861/1861
f 1863/1863/1863 1865/1865/1865 1862/1862/1862
f 1865/1865/1865 1864/1864/1864 1862/1862/1862
f 1866/1866/1866 1865/1865/1865 1863/1863/1863
f 1865/1865/1865 1867/1867/1867 1864/1864/1864
f 1866/1866/1866 1867/1867/1867 1865/1865/1865
f 1868/1868/1868 1867/1867/1867 1866/1866/1866
f 1868/1868/1868 1869/1869/1869 1867/1867/1867
f 1869/1869/1869 1870/1870/1870 1867/1867/1867
f 1870/1870/1870 1871/1871/1871 1867/1867/1867
f 1872/1872/1872 1871/1871/1871 1870/1870/1870
f 1873/1873/1873 1872/1872/1872 1870/1870/1870
f 1869/1869/1869 1873/1873/1873 1870/1870/1870
f 1874/1874/1874 1873/1873/1873 1869/1869/1869
f 1877/1877/1877 1876/1876/1876 1875/1875/1875
f 1875/1875/1875 1878/1878/1878 1877/1877/1877
f 1878/1878/1878 1879/1879/1879 1877/1877/1877
f 1877/1877/1877 1879/1879/1879 1880/1880/1880
f 1878/1878/1878 1881/1881/1881 1879/1879/1879
f 1881/1881/1881 1882/1882/1882 1879/1879/1879
f 1883/1883/1883 1881/1881/1881 1878/1878/1878
f 1883/1883/1883 1882/1882/1882 1881/1881/1881
f 1884/1884/1884 1882/1882/1882 1883/1883/1883
f 1885/1885/1885 1882/1882/1882 1884/1884/1884
f 1879/1879/1879 1886/1886/1886 1880/1880/1880
f 1880/1880/1880 1886/1886/1886 1887/1887/1887
f 1887/1887/1887 1888/1888/1888 1880/1880/1880
f 1889/1889/1889 1888/1888/1888 1887/1887/1887
f 1889/1889/1889 1890/1890/1890 1888/1888/1888
f 1887/1887/1887 1886/1886/1886 1891/1891/1891
f 1887/1887/1887 1891/1891/1891 1889/1889/1889
f 1892/1892/1892 1890/1890/1890 1889/1889/1889
f 1892/1892/1892 1893/1893/1893 1890/1890/1890
f 1892/1892/1892 1894/1894/1894 1893/1893/1893
f 1889/1889/1889 1895/1895/1895 1892/1892/1892
f 1889/1889/1889 1891/1891/1891 1895/1895/1895
f 1896/1896/1896 1894/1894/1894 1892/1892/1892
f 1892/1892/1892 1895/1895/1895 1896/1896/1896
f 1896/1896/1896 1897/1897/1897 1894/1894/1894
f 1898/1898/1898 1897/1897/1897 1896/1896/1896
f 1898/1898/1898 1899/1899/1899 1897/1897/1897
f 1898/1898/1898 1900/1900/1900 1899/1899/1899
f 1901/1901/1901 1896/1896/1896 1895/1895/1895
f 1896/1896/1896 1901/1901/1901 1898/1898/1898
f 1902/1902/1902 1900/1900/1900 1898/1898/1898
f 1902/1902/1902 1903/1903/1903 1900/1900/1900
f 1904/1904/1904 1901/1901/1901 1895/1895/1895
f 1904/1904/1904 1895/1895/1895 1891/1891/1891
f 1898/1898/1898 1901/1901/1901 1905/1905/1905
f 1898/1898/1898 1905/1905/1905 1902/1902/1902
f 1905/1905/1905 1901/1901/1901 1904/1904/1904
f 1906/1906/1906 1903/1903/1903 1902/1902/1902
f 1902/1902/1902 1905/1905/1905 1906/1906/1906
f 1906/1906/1906 1907/1907/1907 1903/1903/1903
f 1906/1906/1906 1908/1908/1908 1907/1907/1907
f 1906/1906/1906 1905/1905/1905 1909/1909/1909
f 1904/1904/1904 1909/1909/1909 1905/1905/1905
f 1910/1910/1910 1908/1908/1908 1906/1906/1906
f 1909/1909/1909 1910/1910/1910 1906/1906/1906
f 1910/1910/1910 1911/1911/1911 1908/1908/1908
f 1910/1910/1910 1912/1912/1912 1911/1911/1911
f 1904/1904/1904 1913/1913/1913 1909/1909/1909
f 1913/1913/1913 1910/1910/1910 1909/1909/1909
f 1904/1904/1904 1891/1891/1891 1914/1914/1914
f 1913/1913/1913 1904/1904/1904 1914/1914/1914
f 1891/1891/1891 1915/1915/1915 1914/1914/1914
f 1886/1886/1886 1915/1915/1915 1891/1891/1891
f 1879/1879/1879 1915/1915/1915 1886/1886/1886
f 1916/1916/1916 1912/1912/1912 1910/1910/1910
f 1913/1913/1913 1916/1916/1916 1910/1910/1910
f 1913/1913/1913 1914/1914/1914 1917/1917/1917
f 1915/1915/1915 1917/1917/1917 1914/1914/1914
f 1918/1918/1918 1916/1916/1916 1913/1913/1913
f 1913/1913/1913 1917/1917/1917 1918/1918/1918
f 1916/1916/1916 1919/1919/1919 1912/1912/1912
f 1918/1918/1918 1919/1919/1919 1916/1916/1916
f 1920/1920/1920 1918/1918/1918 1917/1917/1917
f 1920/1920/1920 1919/1919/1919 1918/1918/1918
f 1919/1919/1919 1921/1921/1921 1912/1912/1912
f 1912/1912/1912 1921/1921/1921 1922/1922/1922
f 1920/1920/1920 1923/1923/1923 1919/1919/1919
f 1919/1919/1919 1923/1923/1923 1921/1921/1921
f 1922/1922/1922 1921/1921/1921 1924/1924/1924
f 1922/1922/1922 1924/1924/1924 1925/1925/1925
f 1925/1925/1925 1924/1924/1924 1926/1926/1926
f 1927/1927/1927 1917/1917/1917 1915/1915/1915
f 1928/1928/1928 1920/1920/1920 1917/1917/1917
f 1928/1928/1928 1917/1917/1917 1927/1927/1927
f 1929/1929/1929 1923/1923/1923 1920/1920/1920
f 1929/1929/1929 1920/1920/1920 1928/1928/1928
f 1929/1929/1929 1928/1928/1928 1930/1930/1930
f 1931/1931/1931 1921/1921/1921 1923/1923/1923
f 1929/1929/1929 1931/1931/1931 1923/1923/1923
f 1932/1932/1932 1924/1924/1924 1921/1921/1921
f 1932/1932/1932 1921/1921/1921 1931/1931/1931
f 1933/1933/1933 1926/1926/1926 1924/1924/1924
f 1933/1933/1933 1924/1924/1924 1932/1932/1932
f 1927/1927/1927 1915/1915/1915 1934/1934/1934
f 1879/1879/1879 1934/1934/1934 1915/1915/1915
f 1929/1929/1929 1930/1930/1930 1935/1935/1935
f 1935/1935/1935 1931/1931/1931 1929/1929/1929
f 1932/1932/1932 1931/1931/1931 1936/1936/1936
f 1932/1932/1932 1936/1936/1936 1933/1933/1933
f 1935/1935/1935 1937/1937/1937 1931/1931/1931
f 1931/1931/1931 1937/1937/1937 1936/1936/1936
f 1938/1938/1938 1926/1926/1926 1933/1933/1933
f 1938/1938/1938 1939/1939/1939 1926/1926/1926
f 1935/1935/1935 1930/1930/1930 1940/1940/1940
f 1940/1940/1940 1937/1937/1937 1935/1935/1935
f 1941/1941/1941 1939/1939/1939 1938/1938/1938
f 1941/1941/1941 1942/1942/1942 1939/1939/1939
f 1943/1943/1943 1942/1942/1942 1941/1941/1941
f 1943/1943/1943 1944/1944/1944 1942/1942/1942
f 1945/1945/1945 1944/1944/1944 1943/1943/1943
f 1945/1945/1945 1943/1943/1943 1946/1946/1946
f 1945/1945/1945 1946/1946/1946 1947/1947/1947
f 1943/1943/1943 1941/1941/1941 1948/1948/1948
f 1946/1946/1946 1943/1943/1943 1948/1948/1948
f 1938/1938/1938 1949/1949/1949 1941/1941/1941
f 1948/1948/1948 1941/1941/1941 1949/1949/1949
f 1948/1948/1948 1950/1950/1950 1946/1946/1946
f 1946/1946/1946 1950/1950/1950 1947/1947/1947
f 1938/1938/1938 1951/1951/1951 1949/1949/1949
f 1933/1933/1933 1951/1951/1951 1938/1938/1938
f 1949/1949/1949 1952/1952/1952 1948/1948/1948
f 1948/1948/1948 1952/1952/1952 1950/1950/1950
f 1951/1951/1951 1953/1953/1953 1949/1949/1949
f 1949/1949/1949 1953/1953/1953 1952/1952/1952
f 1933/1933/1933 1954/1954/1954 1951/1951/1951
f 1951/1951/1951 1954/1954/1954 1953/1953/1953
f 1936/1936/1936 1954/1954/1954 1933/1933/1933
f 1936/1936/1936 1955/1955/1955 1954/1954/1954
f 1936/1936/1936 1937/1937/1937 1955/1955/1955
f 1956/1956/1956 1953/1953/1953 1954/1954/1954
f 1956/1956/1956 1954/1954/1954 1955/1955/1955
f 1957/1957/1957 1952/1952/1952 1953/1953/1953
f 1957/1957/1957 1953/1953/1953 1956/1956/1956
f 1958/1958/1958 1950/1950/1950 1952/1952/1952
f 1958/1958/1958 1952/1952/1952 1957/1957/1957
f 1937/1937/1937 1959/1959/1959 1955/1955/1955
f 1940/1940/1940 1959/1959/1959 1937/1937/1937
f 1960/1960/1960 1956/1956/1956 1955/1955/1955
f 1960/1960/1960 1957/1957/1957 1956/1956/1956
f 1961/1961/1961 1955/1955/1955 1959/1959/1959
f 1961/1961/1961 1960/1960/1960 1955/1955/1955
f 1962/1962/1962 1959/1959/1959 1940/1940/1940
f 1962/1962/1962 1961/1961/1961 1959/1959/1959
f 1963/1963/1963 1957/1957/1957 1960/1960/1960
f 1961/1961/1961 1963/1963/1963 1960/1960/1960
f 1963/1963/1963 1964/1964/1964 1957/1957/1957
f 1964/1964/1964 1958/1958/1958 1957/1957/1957
f 1965/1965/1965 1963/1963/1963 1961/1961/1961
f 1962/1962/1962 1965/1965/1965 1961/1961/1961
f 1963/1963/1963 1965/1965/1965 1964/1964/1964
f 1966/1966/1966 1950/1950/1950 1958/1958/1958
f 1966/1966/1966 1947/1947/1947 1950/1950/1950
f 1967/1967/1967 1947/1947/1947 1966/1966/1966
f 1967/1967/1967 1968/1968/1968 1947/1947/1947
f 1969/1969/1969 1968/1968/1968 1967/1967/1967
f 1970/1970/1970 1966/1966/1966 1958/1958/1958
f 1970/1970/1970 1967/1967/1967 1966/1966/1966
f 1971/1971/1971 1969/1969/1969 1967/1967/1967
f 1971/1971/1971 1967/1967/1967 1970/1970/1970
f 1972/1972/1972 1969/1969/1969 1971/1971/1971
f 1973/1973/1973 1972/1972/1972 1971/1971/1971
f 1973/1973/1973 1971/1971/1971 1970/1970/1970
f 1974/1974/1974 1972/1972/1972 1973/1973/1973
f 1975/1975/1975 1970/1970/1970 1958/1958/1958
f 1964/1964/1964 1975/1975/1975 1958/1958/1958
f 1976/1976/1976 1970/1970/1970 1975/1975/1975
f 1976/1976/1976 1975/1975/1975 1964/1964/1964
f 1973/1973/1973 1970/1970/1970 1976/1976/1976
f 1977/1977/1977 1976/1976/1976 1964/1964/1964
f 1977/1977/1977 1973/1973/1973 1976/1976/1976
f 1964/1964/1964 1965/1965/1965 1977/1977/1977
f 1978/1978/1978 1977/1977/1977 1965/1965/1965
f 1979/1979/1979 1974/1974/1974 1973/1973/1973
f 1979/1979/1979 1973/1973/1973 1977/1977/1977
f 1978/1978/1978 1979/1979/1979 1977/1977/1977
f 1980/1980/1980 1974/1974/1974 1979/1979/1979
f 1981/1981/1981 1980/1980/1980 1979/1979/1979
f 1982/1982/1982 1980/1980/1980 1981/1981/1981
f 1981/1981/1981 1983/1983/1983 1982/1982/1982
f 1979/1979/1979 1984/1984/1984 1981/1981/1981
f 1984/1984/1984 1983/1983/1983 1981/1981/1981
f 1984/1984/1984 1979/1979/1979 1978/1978/1978
f 1984/1984/1984 1985/1985/1985 1983/1983/1983
f 1986/1986/1986 1985/1985/1985 1984/1984/1984
f 1986/1986/1986 1987/1987/1987 1985/1985/1985
f 1986/1986/1986 1988/1988/1988 1987/1987/1987
f 1965/1965/1965 1989/1989/1989 1978/1978/1978
f 1965/1965/1965 1962/1962/1962 1989/1989/1989
f 1984/1984/1984 1990/1990/1990 1986/1986/1986
f 1978/1978/1978 1990/1990/1990 1984/1984/1984
f 1991/1991/1991 1988/1988/1988 1986/1986/1986
f 1992/1992/1992 1991/1991/1991 1986/1986/1986
f 1990/1990/1990 1992/1992/1992 1986/1986/1986
f 1991/1991/1991 1993/1993/1993 1988/1988/1988
f 1992/1992/1992 1993/1993/1993 1991/1991/1991
f 1988/1988/1988 1993/1993/1993 1994/1994/1994
f 1994/1994/1994 1993/1993/1993 1995/1995/1995
f 1994/1994/1994 1995/1995/1995 1996/1996/1996
f 1992/1992/1992 1997/1997/1997 1993/1993/1993
f 1993/1993/1993 1997/1997/1997 1995/1995/1995
f 1996/1996/1996 1995/1995/1995 1998/1998/1998
f 1996/1996/1996 1998/1998/1998 1999/1999/1999
f 1995/1995/1995 1997/1997/1997 2000/2000/2000
f 1995/1995/1995 2000/2000/2000 1998/1998/1998
f 2001/2001/2001 1997/1997/1997 1992/1992/1992
f 2001/2001/2001 2000/2000/2000 1997/1997/1997
f 2002/2002/2002 1992/1992/1992 1990/1990/1990
f 2002/2002/2002 2001/2001/2001 1992/1992/1992
f 1978/1978/1978 2003/2003/2003 1990/1990/1990
f 2003/2003/2003 2002/2002/2002 1990/1990/1990
f 1999/1999/1999 1998/1998/1998 2004/2004/2004
f 1999/1999/1999 2004/2004/2004 2005/2005/2005
f 1998/1998/1998 2000/2000/2000 2006/2006/2006
f 2001/2001/2001 2006/2006/2006 2000/2000/2000
f 1998/1998/1998 2006/2006/2006 2004/2004/2004
f 2003/2003/2003 1978/1978/1978 2007/2007/2007
f 1978/1978/1978 1989/1989/1989 2007/2007/2007
f 2008/2008/2008 2002/2002/2002 2003/2003/2003
f 2008/2008/2008 2001/2001/2001 2002/2002/2002
f 2007/2007/2007 2008/2008/2008 2003/2003/2003
f 2008/2008/2008 2009/2009/2009 2001/2001/2001
f 2009/2009/2009 2006/2006/2006 2001/2001/2001
f 2009/2009/2009 2008/2008/2008 2007/2007/2007
f 2005/2005/2005 2004/2004/2004 2010/2010/2010
f 2005/2005/2005 2010/2010/2010 2011/2011/2011
f 2007/2007/2007 1989/1989/1989 2012/2012/2012
f 2012/2012/2012 1989/1989/1989 1962/1962/1962
f 2009/2009/2009 2007/2007/2007 2013/2013/2013
f 2009/2009/2009 2013/2013/2013 2006/2006/2006
f 2013/2013/2013 2007/2007/2007 2012/2012/2012
f 2004/2004/2004 2006/2006/2006 2014/2014/2014
f 2004/2004/2004 2014/2014/2014 2010/2010/2010
f 2013/2013/2013 2014/2014/2014 2006/2006/2006
f 2011/2011/2011 2010/2010/2010 2015/2015/2015
f 2016/2016/2016 2011/2011/2011 2015/2015/2015
f 2010/2010/2010 2014/2014/2014 2017/2017/2017
f 2013/2013/2013 2017/2017/2017 2014/2014/2014
f 2010/2010/2010 2017/2017/2017 2015/2015/2015
f 2013/2013/2013 2018/2018/2018 2017/2017/2017
f 2012/2012/2012 2018/2018/2018 2013/2013/2013
f 2015/2015/2015 2017/2017/2017 2018/2018/2018
f 1962/1962/1962 2019/2019/2019 2012/2012/2012
f 2012/2012/2012 2019/2019/2019 2018/2018/2018
f 1940/1940/1940 2019/2019/2019 1962/1962/1962
f 1940/1940/1940 1930/1930/1930 2019/2019/2019
f 1930/1930/1930 2018/2018/2018 2019/2019/2019
f 2020/2020/2020 2015/2015/2015 2018/2018/2018
f 2020/2020/2020 2018/2018/2018 1930/1930/1930
f 2016/2016/2016 2015/2015/2015 2020/2020/2020
f 2021/2021/2021 2020/2020/2020 1930/1930/1930
f 1928/1928/1928 2021/2021/2021 1930/1930/1930
f 1928/1928/1928 1927/1927/1927 2021/2021/2021
f 2022/2022/2022 2020/2020/2020 2021/2021/2021
f 2021/2021/2021 1927/1927/1927 2022/2022/2022
f 2022/2022/2022 2016/2016/2016 2020/2020/2020
f 2022/2022/2022 1927/1927/1927 2023/2023/2023
f 2023/2023/2023 2016/2016/2016 2022/2022/2022
f 1927/1927/1927 1934/1934/1934 2023/2023/2023
f 2023/2023/2023 2024/2024/2024 2016/2016/2016
f 2024/2024/2024 2025/2025/2025 2016/2016/2016
f 2023/2023/2023 1934/1934/1934 2026/2026/2026
f 2026/2026/2026 2024/2024/2024 2023/2023/2023
f 1879/1879/1879 2026/2026/2026 1934/1934/1934
f 2027/2027/2027 2025/2025/2025 2024/2024/2024
f 2027/2027/2027 2028/2028/2028 2025/2025/2025
f 2029/2029/2029 2026/2026/2026 1879/1879/1879
f 1879/1879/1879 1882/1882/1882 2029/2029/2029
f 2026/2026/2026 2030/2030/2030 2024/2024/2024
f 2024/2024/2024 2030/2030/2030 2027/2027/2027
f 2026/2026/2026 2029/2029/2029 2030/2030/2030
f 2027/2027/2027 2031/2031/2031 2028/2028/2028
f 2028/2028/2028 2031/2031/2031 2032/2032/2032
f 2027/2027/2027 2030/2030/2030 2033/2033/2033
f 2033/2033/2033 2030/2030/2030 2029/2029/2029
f 2031/2031/2031 2027/2027/2027 2033/2033/2033
f 2033/2033/2033 2029/2029/2029 2034/2034/2034
f 1882/1882/1882 2034/2034/2034 2029/2029/2029
f 2031/2031/2031 2033/2033/2033 2034/2034/2034
f 2035/2035/2035 2032/2032/2032 2031/2031/2031
f 2035/2035/2035 2031/2031/2031 2034/2034/2034
f 2036/2036/2036 2032/2032/2032 2035/2035/2035
f 2036/2036/2036 2035/2035/2035 2037/2037/2037
f 2035/2035/2035 2034/2034/2034 2037/2037/2037
f 2036/2036/2036 2037/2037/2037 2038/2038/2038
f 2038/2038/2038 2037/2037/2037 1885/1885/1885
f 2039/2039/2039 2034/2034/2034 1882/1882/1882
f 1885/1885/1885 2039/2039/2039 1882/1882/1882
f 2037/2037/2037 2039/2039/2039 1885/1885/1885
f 2037/2037/2037 2034/2034/2034 2039/2039/2039
f 2042/2042/2042 2041/2041/2041 2040/2040/2040
f 2043/2043/2043 2041/2041/2041 2042/2042/2042
f 2044/2044/2044 2043/2043/2043 2042/2042/2042
f 2045/2045/2045 2043/2043/2043 2044/2044/2044
f 2046/2046/2046 2045/2045/2045 2044/2044/2044
f 2047/2047/2047 2045/2045/2045 2046/2046/2046
f 2048/2048/2048 2047/2047/2047 2046/2046/2046
f 2049/2049/2049 2047/2047/2047 2048/2048/2048
f 2050/2050/2050 2049/2049/2049 2048/2048/2048
f 2051/2051/2051 2049/2049/2049 2050/2050/2050
f 2050/2050/2050 2052/2052/2052 2051/2051/2051
f 2053/2053/2053 2052/2052/2052 2050/2050/2050
f 2053/2053/2053 2054/2054/2054 2052/2052/2052
f 2055/2055/2055 2054/2054/2054 2053/2053/2053
f 2055/2055/2055 2056/2056/2056 2054/2054/2054
f 2057/2057/2057 2056/2056/2056 2055/2055/2055
f 2057/2057/2057 2058/2058/2058 2056/2056/2056
f 2059/2059/2059 2058/2058/2058 2057/2057/2057
f 2059/2059/2059 2060/2060/2060 2058/2058/2058
f 2061/2061/2061 2060/2060/2060 2059/2059/2059
f 2061/2061/2061 2062/2062/2062 2060/2060/2060
f 2063/2063/2063 2062/2062/2062 2061/2061/2061
f 2063/2063/2063 2064/2064/2064 2062/2062/2062
f 2065/2065/2065 2064/2064/2064 2063/2063/2063
f 2065/2065/2065 2066/2066/2066 2064/2064/2064
f 2067/2067/2067 2066/2066/2066 2065/2065/2065
f 2070/2070/2070 2069/2069/2069 2068/2068/2068
f 2071/2071/2071 2069/2069/2069 2070/2070/2070
f 2071/2071/2071 2072/2072/2072 2069/2069/2069
f 2073/2073/2073 2072/2072/2072 2071/2071/2071
f 2073/2073/2073 2074/2074/2074 2072/2072/2072
f 2075/2075/2075 2074/2074/2074 2073/2073/2073
f 2075/2075/2075 2076/2076/2076 2074/2074/2074
f 2077/2077/2077 2076/2076/2076 2075/2075/2075
f 2077/2077/2077 2078/2078/2078 2076/2076/2076
f 2079/2079/2079 2078/2078/2078 2077/2077/2077
f 2079/2079/2079 2080/2080/2080 2078/2078/2078
f 2080/2080/2080 2081/2081/2081 2078/2078/2078
f 2082/2082/2082 2081/2081/2081 2080/2080/2080
f 2082/2082/2082 2083/2083/2083 2081/2081/2081
f 2084/2084/2084 2083/2083/2083 2082/2082/2082
f 2084/2084/2084 2085/2085/2085 2083/2083/2083
f 2086/2086/2086 2085/2085/2085 2084/2084/2084
f 2086/2086/2086 2087/2087/2087 2085/2085/2085
f 2088/2088/2088 2087/2087/2087 2086/2086/2086
f 2088/2088/2088 2089/2089/2089 2087/2087/2087
f 2090/2090/2090 2089/2089/2089 2088/2088/2088
f 2090/2090/2090 2091/2091/2091 2089/2089/2089
f 2092/2092/2092 2091/2091/2091 2090/2090/2090
f 2092/2092/2092 2093/2093/2093 2091/2091/2091
f 2094/2094/2094 2093/2093/2093 2092/2092/2092
f 2094/2094/2094 2095/2095/2095 2093/2093/2093
f 2098/2098/2098 2097/2097/2097 2096/2096/2096
f 2099/2099/2099 2097/2097/2097 2098/2098/2098
f 2100/2100/2100 2099/2099/2099 2098/2098/2098
f 2099/2099/2099 2101/2101/2101 2097/2097/2097
f 2101/2101/2101 2099/2099/2099 2100/2100/2100
f 2100/2100/2100 2102/2102/2102 2101/2101/2101
f 2102/2102/2102 2103/2103/2103 2101/2101/2101
f 2104/2104/2104 2102/2102/2102 2100/2100/2100
f 2105/2105/2105 2103/2103/2103 2102/2102/2102
f 2104/2104/2104 2105/2105/2105 2102/2102/2102
f 2106/2106/2106 2105/2105/2105 2104/2104/2104
f 2105/2105/2105 2107/2107/2107 2103/2103/2103
f 2106/2106/2106 2108/2108/2108 2105/2105/2105
f 2108/2108/2108 2107/2107/2107 2105/2105/2105
f 2109/2109/2109 2108/2108/2108 2106/2106/2106
f 2109/2109/2109 2110/2110/2110 2108/2108/2108
f 2108/2108/2108 2110/2110/2110 2107/2107/2107
f 2111/2111/2111 2110/2110/2110 2109/2109/2109
f 2111/2111/2111 2112/2112/2112 2110/2110/2110
f 2112/2112/2112 2107/2107/2107 2110/2110/2110
f 2113/2113/2113 2112/2112/2112 2111/2111/2111
f 2113/2113/2113 2114/2114/2114 2112/2112/2112
f 2114/2114/2114 2107/2107/2107 2112/2112/2112
f 2115/2115/2115 2114/2114/2114 2113/2113/2113
f 2115/2115/2115 2116/2116/2116 2114/2114/2114
f 2114/2114/2114 2117/2117/2117 2107/2107/2107
f 2117/2117/2117 2114/2114/2114 2116/2116/2116
f 2118/2118/2118 2107/2107/2107 2117/2117/2117
f 2116/2116/2116 2118/2118/2118 2117/2117/2117
f 2119/2119/2119 2118/2118/2118 2116/2116/2116
f 2122/2122/2122 2121/2121/2121 2120/2120/2120
f 2121/2121/2121 2123/2123/2123 2120/2120/2120
f 2123/2123/2123 2124/2124/2124 2120/2120/2120
f 2123/2123/2123 2121/2121/2121 2125/2125/2125
f 2123/2123/2123 2125/2125/2125 2124/2124/2124
f 2125/2125/2125 2121/2121/2121 2126/2126/2126
f 2126/2126/2126 2127/2127/2127 2125/2125/2125
f 2125/2125/2125 2127/2127/2127 2128/2128/2128
f 2128/2128/2128 2124/2124/2124 2125/2125/2125
f 2127/2127/2127 2129/2129/2129 2128/2128/2128
f 2128/2128/2128 2129/2129/2129 2130/2130/2130
f 2130/2130/2130 2124/2124/2124 2128/2128/2128
f 2129/2129/2129 2131/2131/2131 2130/2130/2130
f 2132/2132/2132 2124/2124/2124 2130/2130/2130
f 2130/2130/2130 2131/2131/2131 2132/2132/2132
f 2132/2132/2132 2131/2131/2131 2133/2133/2133
f 2134/2134/2134 2124/2124/2124 2132/2132/2132
f 2132/2132/2132 2133/2133/2133 2134/2134/2134
f 2134/2134/2134 2133/2133/2133 2135/2135/2135
f 2134/2134/2134 2135/2135/2135 2136/2136/2136
f 2136/2136/2136 2135/2135/2135 2137/2137/2137
f 2136/2136/2136 2138/2138/2138 2134/2134/2134
f 2139/2139/2139 2136/2136/2136 2137/2137/2137
f 2139/2139/2139 2138/2138/2138 2136/2136/2136
f 2139/2139/2139 2137/2137/2137 2140/2140/2140
f 2139/2139/2139 2140/2140/2140 2138/2138/2138
f 2140/2140/2140 2137/2137/2137 2141/2141/2141
f 2142/2142/2142 2138/2138/2138 2140/2140/2140
f 2140/2140/2140 2141/2141/2141 2142/2142/2142
f 2142/2142/2142 2141/2141/2141 2143/2143/2143
f 2146/2146/2146 2145/2145/2145 2144/2144/2144
f 2147/2147/2147 2145/2145/2145 2146/2146/2146
f 2148/2148/2148 2147/2147/2147 2146/2146/2146
f 2149/2149/2149 2147/2147/2147 2148/2148/2148
f 2150/2150/2150 2149/2149/2149 2148/2148/2148
f 2151/2151/2151 2149/2149/2149 2150/2150/2150
f 2152/2152/2152 2151/2151/2151 2150/2150/2150
f 2153/2153/2153 2151/2151/2151 2152/2152/2152
f 2154/2154/2154 2153/2153/2153 2152/2152/2152
f 2155/2155/2155 2153/2153/2153 2154/2154/2154
f 2154/2154/2154 2156/2156/2156 2155/2155/2155
f 2157/2157/2157 2156/2156/2156 2154/2154/2154
f 2157/2157/2157 2158/2158/2158 2156/2156/2156
f 2159/2159/2159 2158/2158/2158 2157/2157/2157
f 2159/2159/2159 2160/2160/2160 2158/2158/2158
f 2161/2161/2161 2160/2160/2160 2159/2159/2159
f 2161/2161/2161 2162/2162/2162 2160/2160/2160
f 2163/2163/2163 2162/2162/2162 2161/2161/2161
f 2163/2163/2163 2164/2164/2164 2162/2162/2162
f 2165/2165/2165 2164/2164/2164 2163/2163/2163
f 2165/2165/2165 2166/2166/2166 2164/2164/2164
f 2167/2167/2167 2166/2166/2166 2165/2165/2165
f 2167/2167/2167 2168/2168/2168 2166/2166/2166
f 2169/2169/2169 2168/2168/2168 2167/2167/2167
f 2169/2169/2169 2170/2170/2170 2168/2168/2168
f 2171/2171/2171 2170/2170/2170 2169/2169/2169
f 2174/2174/2174 2173/2173/2173 2172/2172/2172
f 2175/2175/2175 2173/2173/2173 2174/2174/2174
f 2176/2176/2176 2173/2173/2173 2175/2175/2175
f 2177/2177/2177 2176/2176/2176 2175/2175/2175
f 2178/2178/2178 2175/2175/2175 2174/2174/2174
f 2177/2177/2177 2175/2175/2175 2178/2178/2178
f 2178/2178/2178 2174/2174/2174 2179/2179/2179
f 2178/2178/2178 2180/2180/2180 2177/2177/2177
f 2179/2179/2179 2180/2180/2180 2178/2178/2178
f 2179/2179/2179 2181/2181/2181 2180/2180/2180
f 2181/2181/2181 2182/2182/2182 2180/2180/2180
f 2181/2181/2181 2179/2179/2179 2182/2182/2182
f 2182/2182/2182 2183/2183/2183 2180/2180/2180
f 2180/2180/2180 2183/2183/2183 2177/2177/2177
f 2184/2184/2184 2182/2182/2182 2179/2179/2179
f 2182/2182/2182 2184/2184/2184 2183/2183/2183
f 2184/2184/2184 2179/2179/2179 2185/2185/2185
f 2184/2184/2184 2186/2186/2186 2183/2183/2183
f 2185/2185/2185 2186/2186/2186 2184/2184/2184
f 2187/2187/2187 2177/2177/2177 2183/2183/2183
f 2183/2183/2183 2186/2186/2186 2187/2187/2187
f 2188/2188/2188 2186/2186/2186 2185/2185/2185
f 2188/2188/2188 2185/2185/2185 2189/2189/2189
f 2190/2190/2190 2186/2186/2186 2188/2188/2188
f 2187/2187/2187 2186/2186/2186 2190/2190/2190
f 2189/2189/2189 2185/2185/2185 2191/2191/2191
f 2192/2192/2192 2189/2189/2189 2191/2191/2191
f 2191/2191/2191 2193/2193/2193 2192/2192/2192
f 2187/2187/2187 2194/2194/2194 2177/2177/2177
f 2194/2194/2194 2176/2176/2176 2177/2177/2177
f 2187/2187/2187 2190/2190/2190 2195/2195/2195
f 2195/2195/2195 2190/2190/2190 2188/2188/2188
f 2187/2187/2187 2195/2195/2195 2196/2196/2196
f 2196/2196/2196 2194/2194/2194 2187/2187/2187
f 2196/2196/2196 2195/2195/2195 2188/2188/2188
f 2189/2189/2189 2197/2197/2197 2188/2188/2188
f 2192/2192/2192 2197/2197/2197 2189/2189/2189
f 2192/2192/2192 2193/2193/2193 2198/2198/2198
f 2193/2193/2193 2199/2199/2199 2198/2198/2198
f 2200/2200/2200 2198/2198/2198 2199/2199/2199
f 2200/2200/2200 2201/2201/2201 2198/2198/2198
f 2200/2200/2200 2202/2202/2202 2201/2201/2201
f 2192/2192/2192 2203/2203/2203 2197/2197/2197
f 2192/2192/2192 2198/2198/2198 2203/2203/2203
f 2203/2203/2203 2204/2204/2204 2197/2197/2197
f 2188/2188/2188 2197/2197/2197 2204/2204/2204
f 2205/2205/2205 2188/2188/2188 2204/2204/2204
f 2206/2206/2206 2196/2196/2196 2188/2188/2188
f 2206/2206/2206 2188/2188/2188 2205/2205/2205
f 2196/2196/2196 2206/2206/2206 2194/2194/2194
f 2198/2198/2198 2207/2207/2207 2203/2203/2203
f 2203/2203/2203 2207/2207/2207 2204/2204/2204
f 2198/2198/2198 2201/2201/2201 2207/2207/2207
f 2194/2194/2194 2206/2206/2206 2208/2208/2208
f 2206/2206/2206 2205/2205/2205 2208/2208/2208
f 2208/2208/2208 2209/2209/2209 2194/2194/2194
f 2208/2208/2208 2205/2205/2205 2209/2209/2209
f 2194/2194/2194 2209/2209/2209 2176/2176/2176
f 2209/2209/2209 2205/2205/2205 2176/2176/2176
f 2204/2204/2204 2207/2207/2207 2210/2210/2210
f 2205/2205/2205 2204/2204/2204 2210/2210/2210
f 2211/2211/2211 2207/2207/2207 2201/2201/2201
f 2207/2207/2207 2212/2212/2212 2210/2210/2210
f 2213/2213/2213 2211/2211/2211 2201/2201/2201
f 2213/2213/2213 2201/2201/2201 2214/2214/2214
f 2214/2214/2214 2201/2201/2201 2215/2215/2215
f 2215/2215/2215 2201/2201/2201 2202/2202/2202
f 2215/2215/2215 2202/2202/2202 2216/2216/2216
f 2217/2217/2217 2215/2215/2215 2216/2216/2216
f 2218/2218/2218 2217/2217/2217 2216/2216/2216
f 2219/2219/2219 2218/2218/2218 2216/2216/2216
f 2220/2220/2220 2219/2219/2219 2216/2216/2216
f 2220/2220/2220 2216/2216/2216 2221/2221/2221
f 2210/2210/2210 2212/2212/2212 2222/2222/2222
f 2210/2210/2210 2222/2222/2222 2223/2223/2223
f 2222/2222/2222 2224/2224/2224 2223/2223/2223
f 2225/2225/2225 2223/2223/2223 2224/2224/2224
f 2226/2226/2226 2223/2223/2223 2225/2225/2225
f 2227/2227/2227 2210/2210/2210 2223/2223/2223
f 2205/2205/2205 2210/2210/2210 2227/2227/2227
f 2205/2205/2205 2227/2227/2227 2176/2176/2176
f 2228/2228/2228 2223/2223/2223 2226/2226/2226
f 2226/2226/2226 2229/2229/2229 2228/2228/2228
f 2229/2229/2229 2230/2230/2230 2228/2228/2228
f 2228/2228/2228 2230/2230/2230 2231/2231/2231
f 2228/2228/2228 2231/2231/2231 2232/2232/2232
f 2233/2233/2233 2232/2232/2232 2231/2231/2231
f 2234/2234/2234 2232/2232/2232 2233/2233/2233
f 2235/2235/2235 2232/2232/2232 2234/2234/2234
f 2232/2232/2232 2235/2235/2235 2236/2236/2236
f 2236/2236/2236 2237/2237/2237 2232/2232/2232
f 2238/2238/2238 2223/2223/2223 2228/2228/2228
f 2227/2227/2227 2223/2223/2223 2238/2238/2238
f 2238/2238/2238 2228/2228/2228 2232/2232/2232
f 2232/2232/2232 2237/2237/2237 2239/2239/2239
f 2238/2238/2238 2232/2232/2232 2239/2239/2239
f 2240/2240/2240 2239/2239/2239 2237/2237/2237
f 2238/2238/2238 2241/2241/2241 2227/2227/2227
f 2239/2239/2239 2241/2241/2241 2238/2238/2238
f 2241/2241/2241 2239/2239/2239 2240/2240/2240
f 2241/2241/2241 2176/2176/2176 2227/2227/2227
f 2176/2176/2176 2241/2241/2241 2242/2242/2242
f 2241/2241/2241 2240/2240/2240 2242/2242/2242
f 2242/2242/2242 2173/2173/2173 2176/2176/2176
f 2173/2173/2173 2242/2242/2242 2243/2243/2243
f 2242/2242/2242 2244/2244/2244 2243/2243/2243
f 2243/2243/2243 2244/2244/2244 2173/2173/2173
f 2240/2240/2240 2244/2244/2244 2242/2242/2242
f 2245/2245/2245 2173/2173/2173 2244/2244/2244
f 2240/2240/2240 2245/2245/2245 2244/2244/2244
f 2245/2245/2245 2240/2240/2240 2246/2246/2246
f 2247/2247/2247 2246/2246/2246 2240/2240/2240
f 2250/2250/2250 2249/2249/2249 2248/2248/2248
f 2251/2251/2251 2249/2249/2249 2250/2250/2250
f 2250/2250/2250 2252/2252/2252 2251/2251/2251
f 2251/2251/2251 2252/2252/2252 2253/2253/2253
f 2254/2254/2254 2253/2253/2253 2252/2252/2252
f 2255/2255/2255 2253/2253/2253 2254/2254/2254
f 2256/2256/2256 2255/2255/2255 2254/2254/2254
f 2257/2257/2257 2255/2255/2255 2256/2256/2256
f 2253/2253/2253 2255/2255/2255 2258/2258/2258
f 2258/2258/2258 2255/2255/2255 2259/2259/2259
f 2262/2262/2262 2261/2261/2261 2260/2260/2260
f 2260/2260/2260 2261/2261/2261 2263/2263/2263
f 2264/2264/2264 2263/2263/2263 2261/2261/2261
f 2265/2265/2265 2263/2263/2263 2264/2264/2264
f 2265/2265/2265 2266/2266/2266 2263/2263/2263
f 2263/2263/2263 2266/2266/2266 2267/2267/2267
f 2265/2265/2265 2264/2264/2264 2268/2268/2268
f 2268/2268/2268 2264/2264/2264 2269/2269/2269
f 2269/2269/2269 2270/2270/2270 2268/2268/2268
f 2268/2268/2268 2270/2270/2270 2271/2271/2271
f 2274/2274/2274 2273/2273/2273 2272/2272/2272
f 2275/2275/2275 2273/2273/2273 2274/2274/2274
f 2276/2276/2276 2275/2275/2275 2274/2274/2274
f 2277/2277/2277 2275/2275/2275 2276/2276/2276
f 2278/2278/2278 2277/2277/2277 2276/2276/2276
f 2279/2279/2279 2277/2277/2277 2278/2278/2278
f 2280/2280/2280 2279/2279/2279 2278/2278/2278
f 2281/2281/2281 2279/2279/2279 2280/2280/2280
f 2282/2282/2282 2281/2281/2281 2280/2280/2280
f 2283/2283/2283 2281/2281/2281 2282/2282/2282
f 2284/2284/2284 2283/2283/2283 2282/2282/2282
f 2285/2285/2285 2283/2283/2283 2284/2284/2284
f 2284/2284/2284 2286/2286/2286 2285/2285/2285
f 2287/2287/2287 2286/2286/2286 2284/2284/2284
f 2287/2287/2287 2288/2288/2288 2286/2286/2286
f 2289/2289/2289 2288/2288/2288 2287/2287/2287
f 2292/2292/2292 2291/2291/2291 2290/2290/2290
f 2293/2293/2293 2291/2291/2291 2292/2292/2292
f 2293/2293/2293 2294/2294/2294 2291/2291/2291
f 2295/2295/2295 2294/2294/2294 2293/2293/2293
f 2295/2295/2295 2296/2296/2296 2294/2294/2294
f 2297/2297/2297 2296/2296/2296 2295/2295/2295
f 2297/2297/2297 2298/2298/2298 2296/2296/2296
f 2299/2299/2299 2298/2298/2298 2297/2297/2297
f 2299/2299/2299 2300/2300/2300 2298/2298/2298
f 2301/2301/2301 2300/2300/2300 2299/2299/2299
f 2301/2301/2301 2302/2302/2302 2300/2300/2300
f 2302/2302/2302 2303/2303/2303 2300/2300/2300
f 2304/2304/2304 2303/2303/2303 2302/2302/2302
f 2304/2304/2304 2305/2305/2305 2303/2303/2303
f 2306/2306/2306 2305/2305/2305 2304/2304/2304
f 2306/2306/2306 2307/2307/2307 2305/2305/2305
f 2308/2308/2308 2307/2307/2307 2306/2306/2306
f 2308/2308/2308 2309/2309/2309 2307/2307/2307
f 2310/2310/2310 2309/2309/2309 2308/2308/2308
f 2310/2310/2310 2311/2311/2311 2309/2309/2309
f 2312/2312/2312 2311/2311/2311 2310/2310/2310
f 2312/2312/2312 2313/2313/2313 2311/2311/2311
f 2314/2314/2314 2313/2313/2313 2312/2312/2312
f 2314/2314/2314 2315/2315/2315 2313/2313/2313
f 2316/2316/2316 2315/2315/2315 2314/2314/2314
f 2316/2316/2316 2317/2317/2317 2315/2315/2315
f 2320/2320/2320 2319/2319/2319 2318/2318/2318
f 2320/2320/2320 2321/2321/2321 2319/2319/2319
f 2322/2322/2322 2321/2321/2321 2320/2320/2320
f 2322/2322/2322 2323/2323/2323 2321/2321/2321
f 2324/2324/2324 2323/2323/2323 2322/2322/2322
f 2322/2322/2322 2325/2325/2325 2324/2324/2324
f 2322/2322/2322 2326/2326/2326 2325/2325/2325
f 2327/2327/2327 2322/2322/2322 2320/2320/2320
f 2328/2328/2328 2326/2326/2326 2322/2322/2322
f 2329/2329/2329 2322/2322/2322 2327/2327/2327
f 2330/2330/2330 2322/2322/2322 2329/2329/2329
f 2329/2329/2329 2327/2327/2327 2331/2331/2331
f 2332/2332/2332 2328/2328/2328 2322/2322/2322
f 2330/2330/2330 2332/2332/2332 2322/2322/2322
f 2332/2332/2332 2333/2333/2333 2328/2328/2328
f 2330/2330/2330 2334/2334/2334 2332/2332/2332
f 2335/2335/2335 2333/2333/2333 2332/2332/2332
f 2336/2336/2336 2334/2334/2334 2330/2330/2330
f 2330/2330/2330 2337/2337/2337 2336/2336/2336
f 2338/2338/2338 2336/2336/2336 2337/2337/2337
f 2337/2337/2337 2339/2339/2339 2338/2338/2338
f 2340/2340/2340 2339/2339/2339 2337/2337/2337
f 2329/2329/2329 2341/2341/2341 2330/2330/2330
f 2329/2329/2329 2331/2331/2331 2341/2341/2341
f 2335/2335/2335 2342/2342/2342 2333/2333/2333
f 2335/2335/2335 2343/2343/2343 2342/2342/2342
f 2342/2342/2342 2343/2343/2343 2344/2344/2344
f 2342/2342/2342 2345/2345/2345 2333/2333/2333
f 2345/2345/2345 2346/2346/2346 2333/2333/2333
f 2345/2345/2345 2347/2347/2347 2346/2346/2346
f 2348/2348/2348 2330/2330/2330 2341/2341/2341
f 2337/2337/2337 2330/2330/2330 2348/2348/2348
f 2348/2348/2348 2341/2341/2341 2349/2349/2349
f 2341/2341/2341 2331/2331/2331 2349/2349/2349
f 2337/2337/2337 2348/2348/2348 2350/2350/2350
f 2337/2337/2337 2350/2350/2350 2351/2351/2351
f 2352/2352/2352 2337/2337/2337 2351/2351/2351
f 2331/2331/2331 2353/2353/2353 2349/2349/2349
f 2354/2354/2354 2337/2337/2337 2352/2352/2352
f 2355/2355/2355 2354/2354/2354 2352/2352/2352
f 2354/2354/2354 2340/2340/2340 2337/2337/2337
f 2356/2356/2356 2354/2354/2354 2355/2355/2355
f 2356/2356/2356 2355/2355/2355 2357/2357/2357
f 2358/2358/2358 2340/2340/2340 2354/2354/2354
f 2359/2359/2359 2340/2340/2340 2358/2358/2358
f 2353/2353/2353 2331/2331/2331 2360/2360/2360
f 2361/2361/2361 2360/2360/2360 2331/2331/2331
f 2353/2353/2353 2360/2360/2360 2362/2362/2362
f 2363/2363/2363 2353/2353/2353 2362/2362/2362
f 2363/2363/2363 2362/2362/2362 2364/2364/2364
f 2362/2362/2362 2360/2360/2360 2365/2365/2365
f 2365/2365/2365 2360/2360/2360 2366/2366/2366
f 2369/2369/2369 2368/2368/2368 2367/2367/2367
f 2367/2367/2367 2368/2368/2368 2370/2370/2370
f 2368/2368/2368 2371/2371/2371 2370/2370/2370
f 2367/2367/2367 2370/2370/2370 2372/2372/2372
f 2371/2371/2371 2373/2373/2373 2370/2370/2370
f 2372/2372/2372 2370/2370/2370 2374/2374/2374
f 2375/2375/2375 2370/2370/2370 2373/2373/2373
f 2376/2376/2376 2370/2370/2370 2375/2375/2375
f 2376/2376/2376 2377/2377/2377 2370/2370/2370
f 2374/2374/2374 2370/2370/2370 2378/2378/2378
f 2378/2378/2378 2370/2370/2370 2377/2377/2377
f 2378/2378/2378 2377/2377/2377 2379/2379/2379
f 2380/2380/2380 2377/2377/2377 2376/2376/2376
f 2378/2378/2378 2379/2379/2379 2381/2381/2381
f 2382/2382/2382 2377/2377/2377 2380/2380/2380
f 2382/2382/2382 2383/2383/2383 2377/2377/2377
f 2377/2377/2377 2383/2383/2383 2384/2384/2384
f 2379/2379/2379 2377/2377/2377 2384/2384/2384
f 2385/2385/2385 2379/2379/2379 2384/2384/2384
f 2385/2385/2385 2386/2386/2386 2379/2379/2379
f 2387/2387/2387 2381/2381/2381 2379/2379/2379
f 2386/2386/2386 2388/2388/2388 2379/2379/2379
f 2387/2387/2387 2379/2379/2379 2388/2388/2388
f 2386/2386/2386 2389/2389/2389 2388/2388/2388
f 2387/2387/2387 2388/2388/2388 2390/2390/2390
f 2391/2391/2391 2387/2387/2387 2390/2390/2390
f 2392/2392/2392 2388/2388/2388 2389/2389/2389
f 2390/2390/2390 2388/2388/2388 2392/2392/2392
f 2389/2389/2389 1223/1223/1223 2392/2392/2392
f 2393/2393/2393 2390/2390/2390 2392/2392/2392
f 2393/2393/2393 2392/2392/2392 1223/1223/1223
f 2394/2394/2394 2390/2390/2390 2393/2393/2393
f 2393/2393/2393 1223/1223/1223 1226/1226/1226
f 2393/2393/2393 1226/1226/1226 2394/2394/2394
f 2397/2397/2397 2396/2396/2396 2395/2395/2395
f 2396/2396/2396 2398/2398/2398 2395/2395/2395
f 2396/2396/2396 2399/2399/2399 2398/2398/2398
f 2400/2400/2400 2399/2399/2399 2396/2396/2396
f 2401/2401/2401 2398/2398/2398 2399/2399/2399
f 2401/2401/2401 2399/2399/2399 2402/2402/2402
f 2403/2403/2403 2398/2398/2398 2401/2401/2401
f 2401/2401/2401 2402/2402/2402 2403/2403/2403
f 2402/2402/2402 2404/2404/2404 2403/2403/2403
f 2405/2405/2405 2404/2404/2404 2402/2402/2402
f 2406/2406/2406 2399/2399/2399 2400/2400/2400
f 2407/2407/2407 2406/2406/2406 2400/2400/2400
f 2400/2400/2400 2408/2408/2408 2407/2407/2407
f 2407/2407/2407 2408/2408/2408 2409/2409/2409
f 2410/2410/2410 2409/2409/2409 2408/2408/2408
f 2411/2411/2411 2406/2406/2406 2407/2407/2407
f 2407/2407/2407 2409/2409/2409 2411/2411/2411
f 2412/2412/2412 2409/2409/2409 2410/2410/2410
f 2410/2410/2410 2413/2413/2413 2412/2412/2412
f 2413/2413/2413 2414/2414/2414 2412/2412/2412
f 2412/2412/2412 2415/2415/2415 2409/2409/2409
f 2411/2411/2411 2409/2409/2409 2415/2415/2415
f 2416/2416/2416 2412/2412/2412 2414/2414/2414
f 2416/2416/2416 2415/2415/2415 2412/2412/2412
f 2417/2417/2417 2416/2416/2416 2414/2414/2414
f 2418/2418/2418 2416/2416/2416 2417/2417/2417
f 2419/2419/2419 2418/2418/2418 2417/2417/2417
f 2418/2418/2418 2419/2419/2419 2420/2420/2420
f 2421/2421/2421 2415/2415/2415 2416/2416/2416
f 2418/2418/2418 2421/2421/2421 2416/2416/2416
f 2418/2418/2418 2420/2420/2420 2422/2422/2422
f 2422/2422/2422 2420/2420/2420 2423/2423/2423
f 2424/2424/2424 2415/2415/2415 2421/2421/2421
f 2411/2411/2411 2415/2415/2415 2424/2424/2424
f 2425/2425/2425 2421/2421/2421 2418/2418/2418
f 2418/2418/2418 2422/2422/2422 2425/2425/2425
f 2425/2425/2425 2424/2424/2424 2421/2421/2421
f 2423/2423/2423 2426/2426/2426 2422/2422/2422
f 2422/2422/2422 2426/2426/2426 2425/2425/2425
f 2423/2423/2423 2427/2427/2427 2426/2426/2426
f 2428/2428/2428 2426/2426/2426 2427/2427/2427
f 2425/2425/2425 2426/2426/2426 2429/2429/2429
f 2425/2425/2425 2429/2429/2429 2424/2424/2424
f 2428/2428/2428 2430/2430/2430 2426/2426/2426
f 2430/2430/2430 2429/2429/2429 2426/2426/2426
f 2428/2428/2428 2431/2431/2431 2430/2430/2430
f 2432/2432/2432 2430/2430/2430 2431/2431/2431
f 2433/2433/2433 2424/2424/2424 2429/2429/2429
f 2433/2433/2433 2429/2429/2429 2430/2430/2430
f 2411/2411/2411 2424/2424/2424 2434/2434/2434
f 2424/2424/2424 2433/2433/2433 2434/2434/2434
f 2411/2411/2411 2434/2434/2434 2435/2435/2435
f 2411/2411/2411 2435/2435/2435 2406/2406/2406
f 2399/2399/2399 2406/2406/2406 2435/2435/2435
f 2436/2436/2436 2430/2430/2430 2432/2432/2432
f 2436/2436/2436 2433/2433/2433 2430/2430/2430
f 2437/2437/2437 2434/2434/2434 2433/2433/2433
f 2435/2435/2435 2434/2434/2434 2437/2437/2437
f 2438/2438/2438 2433/2433/2433 2436/2436/2436
f 2437/2437/2437 2433/2433/2433 2438/2438/2438
f 2439/2439/2439 2436/2436/2436 2432/2432/2432
f 2438/2438/2438 2436/2436/2436 2439/2439/2439
f 2437/2437/2437 2438/2438/2438 2440/2440/2440
f 2440/2440/2440 2438/2438/2438 2439/2439/2439
f 2432/2432/2432 2441/2441/2441 2439/2439/2439
f 2442/2442/2442 2441/2441/2441 2432/2432/2432
f 2439/2439/2439 2443/2443/2443 2440/2440/2440
f 2441/2441/2441 2443/2443/2443 2439/2439/2439
f 2444/2444/2444 2441/2441/2441 2442/2442/2442
f 2445/2445/2445 2444/2444/2444 2442/2442/2442
f 2446/2446/2446 2444/2444/2444 2445/2445/2445
f 2447/2447/2447 2435/2435/2435 2437/2437/2437
f 2437/2437/2437 2440/2440/2440 2448/2448/2448
f 2448/2448/2448 2447/2447/2447 2437/2437/2437
f 2443/2443/2443 2449/2449/2449 2440/2440/2440
f 2448/2448/2448 2440/2440/2440 2449/2449/2449
f 2448/2448/2448 2449/2449/2449 2450/2450/2450
f 2441/2441/2441 2451/2451/2451 2443/2443/2443
f 2451/2451/2451 2449/2449/2449 2443/2443/2443
f 2444/2444/2444 2452/2452/2452 2441/2441/2441
f 2452/2452/2452 2451/2451/2451 2441/2441/2441
f 2446/2446/2446 2453/2453/2453 2444/2444/2444
f 2453/2453/2453 2452/2452/2452 2444/2444/2444
f 2447/2447/2447 2454/2454/2454 2435/2435/2435
f 2435/2435/2435 2454/2454/2454 2399/2399/2399
f 2450/2450/2450 2449/2449/2449 2455/2455/2455
f 2451/2451/2451 2455/2455/2455 2449/2449/2449
f 2452/2452/2452 2456/2456/2456 2451/2451/2451
f 2452/2452/2452 2453/2453/2453 2456/2456/2456
f 2457/2457/2457 2455/2455/2455 2451/2451/2451
f 2456/2456/2456 2457/2457/2457 2451/2451/2451
f 2458/2458/2458 2453/2453/2453 2446/2446/2446
f 2459/2459/2459 2458/2458/2458 2446/2446/2446
f 2450/2450/2450 2455/2455/2455 2460/2460/2460
f 2457/2457/2457 2460/2460/2460 2455/2455/2455
f 2461/2461/2461 2458/2458/2458 2459/2459/2459
f 2459/2459/2459 2462/2462/2462 2461/2461/2461
f 2461/2461/2461 2462/2462/2462 2463/2463/2463
f 2464/2464/2464 2463/2463/2463 2462/2462/2462
f 2465/2465/2465 2463/2463/2463 2464/2464/2464
f 2465/2465/2465 2466/2466/2466 2463/2463/2463
f 2467/2467/2467 2466/2466/2466 2465/2465/2465
f 2461/2461/2461 2463/2463/2463 2468/2468/2468
f 2468/2468/2468 2463/2463/2463 2466/2466/2466
f 2461/2461/2461 2469/2469/2469 2458/2458/2458
f 2461/2461/2461 2468/2468/2468 2469/2469/2469
f 2468/2468/2468 2466/2466/2466 2470/2470/2470
f 2470/2470/2470 2466/2466/2466 2467/2467/2467
f 2469/2469/2469 2471/2471/2471 2458/2458/2458
f 2458/2458/2458 2471/2471/2471 2453/2453/2453
f 2468/2468/2468 2472/2472/2472 2469/2469/2469
f 2470/2470/2470 2472/2472/2472 2468/2468/2468
f 2471/2471/2471 2473/2473/2473 2453/2453/2453
f 2453/2453/2453 2473/2473/2473 2456/2456/2456
f 2469/2469/2469 2474/2474/2474 2471/2471/2471
f 2472/2472/2472 2474/2474/2474 2469/2469/2469
f 2474/2474/2474 2473/2473/2473 2471/2471/2471
f 2456/2456/2456 2473/2473/2473 2475/2475/2475
f 2456/2456/2456 2475/2475/2475 2457/2457/2457
f 2474/2474/2474 2476/2476/2476 2473/2473/2473
f 2476/2476/2476 2475/2475/2475 2473/2473/2473
f 2472/2472/2472 2477/2477/2477 2474/2474/2474
f 2474/2474/2474 2477/2477/2477 2476/2476/2476
f 2470/2470/2470 2478/2478/2478 2472/2472/2472
f 2478/2478/2478 2477/2477/2477 2472/2472/2472
f 2457/2457/2457 2475/2475/2475 2479/2479/2479
f 2479/2479/2479 2460/2460/2460 2457/2457/2457
f 2476/2476/2476 2480/2480/2480 2475/2475/2475
f 2476/2476/2476 2477/2477/2477 2480/2480/2480
f 2479/2479/2479 2475/2475/2475 2481/2481/2481
f 2475/2475/2475 2480/2480/2480 2481/2481/2481
f 2479/2479/2479 2482/2482/2482 2460/2460/2460
f 2481/2481/2481 2482/2482/2482 2479/2479/2479
f 2483/2483/2483 2480/2480/2480 2477/2477/2477
f 2483/2483/2483 2481/2481/2481 2480/2480/2480
f 2484/2484/2484 2483/2483/2483 2477/2477/2477
f 2484/2484/2484 2477/2477/2477 2478/2478/2478
f 2485/2485/2485 2481/2481/2481 2483/2483/2483
f 2482/2482/2482 2481/2481/2481 2485/2485/2485
f 2484/2484/2484 2485/2485/2485 2483/2483/2483
f 2486/2486/2486 2478/2478/2478 2470/2470/2470
f 2470/2470/2470 2467/2467/2467 2486/2486/2486
f 2486/2486/2486 2467/2467/2467 2487/2487/2487
f 2488/2488/2488 2487/2487/2487 2467/2467/2467
f 2489/2489/2489 2487/2487/2487 2488/2488/2488
f 2490/2490/2490 2478/2478/2478 2486/2486/2486
f 2486/2486/2486 2487/2487/2487 2490/2490/2490
f 2489/2489/2489 2491/2491/2491 2487/2487/2487
f 2490/2490/2490 2487/2487/2487 2491/2491/2491
f 2492/2492/2492 2491/2491/2491 2489/2489/2489
f 2492/2492/2492 2493/2493/2493 2491/2491/2491
f 2490/2490/2490 2491/2491/2491 2493/2493/2493
f 2494/2494/2494 2493/2493/2493 2492/2492/2492
f 2490/2490/2490 2495/2495/2495 2478/2478/2478
f 2495/2495/2495 2484/2484/2484 2478/2478/2478
f 2490/2490/2490 2496/2496/2496 2495/2495/2495
f 2496/2496/2496 2484/2484/2484 2495/2495/2495
f 2493/2493/2493 2496/2496/2496 2490/2490/2490
f 2497/2497/2497 2484/2484/2484 2496/2496/2496
f 2493/2493/2493 2497/2497/2497 2496/2496/2496
f 2497/2497/2497 2485/2485/2485 2484/2484/2484
f 2498/2498/2498 2485/2485/2485 2497/2497/2497
f 2493/2493/2493 2494/2494/2494 2499/2499/2499
f 2499/2499/2499 2497/2497/2497 2493/2493/2493
f 2499/2499/2499 2498/2498/2498 2497/2497/2497
f 2499/2499/2499 2494/2494/2494 2500/2500/2500
f 2500/2500/2500 2501/2501/2501 2499/2499/2499
f 2502/2502/2502 2501/2501/2501 2500/2500/2500
f 2501/2501/2501 2502/2502/2502 2503/2503/2503
f 2499/2499/2499 2501/2501/2501 2504/2504/2504
f 2501/2501/2501 2503/2503/2503 2504/2504/2504
f 2499/2499/2499 2504/2504/2504 2498/2498/2498
f 2504/2504/2504 2503/2503/2503 2505/2505/2505
f 2504/2504/2504 2505/2505/2505 2506/2506/2506
f 2506/2506/2506 2505/2505/2505 2507/2507/2507
f 2507/2507/2507 2508/2508/2508 2506/2506/2506
f 2498/2498/2498 2509/2509/2509 2485/2485/2485
f 2482/2482/2482 2485/2485/2485 2509/2509/2509
f 2498/2498/2498 2504/2504/2504 2510/2510/2510
f 2504/2504/2504 2506/2506/2506 2510/2510/2510
f 2506/2506/2506 2508/2508/2508 2511/2511/2511
f 2512/2512/2512 2506/2506/2506 2511/2511/2511
f 2510/2510/2510 2506/2506/2506 2512/2512/2512
f 2511/2511/2511 2508/2508/2508 2513/2513/2513
f 2512/2512/2512 2511/2511/2511 2513/2513/2513
f 2514/2514/2514 2513/2513/2513 2508/2508/2508
f 2514/2514/2514 2515/2515/2515 2513/2513/2513
f 2516/2516/2516 2515/2515/2515 2514/2514/2514
f 2512/2512/2512 2513/2513/2513 2517/2517/2517
f 2517/2517/2517 2513/2513/2513 2515/2515/2515
f 2516/2516/2516 2518/2518/2518 2515/2515/2515
f 2519/2519/2519 2518/2518/2518 2516/2516/2516
f 2517/2517/2517 2515/2515/2515 2520/2520/2520
f 2520/2520/2520 2515/2515/2515 2518/2518/2518
f 2521/2521/2521 2512/2512/2512 2517/2517/2517
f 2520/2520/2520 2521/2521/2521 2517/2517/2517
f 2512/2512/2512 2522/2522/2522 2510/2510/2510
f 2512/2512/2512 2521/2521/2521 2522/2522/2522
f 2519/2519/2519 2523/2523/2523 2518/2518/2518
f 2524/2524/2524 2523/2523/2523 2519/2519/2519
f 2520/2520/2520 2518/2518/2518 2525/2525/2525
f 2525/2525/2525 2521/2521/2521 2520/2520/2520
f 2525/2525/2525 2518/2518/2518 2523/2523/2523
f 2510/2510/2510 2522/2522/2522 2526/2526/2526
f 2510/2510/2510 2526/2526/2526 2498/2498/2498
f 2524/2524/2524 2527/2527/2527 2523/2523/2523
f 2528/2528/2528 2527/2527/2527 2524/2524/2524
f 2522/2522/2522 2521/2521/2521 2529/2529/2529
f 2522/2522/2522 2529/2529/2529 2526/2526/2526
f 2498/2498/2498 2526/2526/2526 2530/2530/2530
f 2526/2526/2526 2529/2529/2529 2530/2530/2530
f 2530/2530/2530 2509/2509/2509 2498/2498/2498
f 2521/2521/2521 2531/2531/2531 2529/2529/2529
f 2521/2521/2521 2525/2525/2525 2531/2531/2531
f 2529/2529/2529 2531/2531/2531 2530/2530/2530
f 2525/2525/2525 2523/2523/2523 2532/2532/2532
f 2532/2532/2532 2523/2523/2523 2527/2527/2527
f 2531/2531/2531 2525/2525/2525 2533/2533/2533
f 2531/2531/2531 2533/2533/2533 2530/2530/2530
f 2532/2532/2532 2533/2533/2533 2525/2525/2525
f 2530/2530/2530 2534/2534/2534 2509/2509/2509
f 2530/2530/2530 2533/2533/2533 2534/2534/2534
f 2482/2482/2482 2509/2509/2509 2534/2534/2534
f 2528/2528/2528 2535/2535/2535 2527/2527/2527
f 2536/2536/2536 2535/2535/2535 2528/2528/2528
f 2532/2532/2532 2527/2527/2527 2537/2537/2537
f 2537/2537/2537 2533/2533/2533 2532/2532/2532
f 2537/2537/2537 2527/2527/2527 2535/2535/2535
f 2538/2538/2538 2533/2533/2533 2537/2537/2537
f 2538/2538/2538 2534/2534/2534 2533/2533/2533
f 2537/2537/2537 2535/2535/2535 2538/2538/2538
f 2539/2539/2539 2482/2482/2482 2534/2534/2534
f 2539/2539/2539 2534/2534/2534 2538/2538/2538
f 2482/2482/2482 2539/2539/2539 2460/2460/2460
f 2539/2539/2539 2450/2450/2450 2460/2460/2460
f 2450/2450/2450 2539/2539/2539 2538/2538/2538
f 2538/2538/2538 2535/2535/2535 2540/2540/2540
f 2538/2538/2538 2540/2540/2540 2450/2450/2450
f 2536/2536/2536 2540/2540/2540 2535/2535/2535
f 2450/2450/2450 2540/2540/2540 2541/2541/2541
f 2450/2450/2450 2541/2541/2541 2448/2448/2448
f 2541/2541/2541 2447/2447/2447 2448/2448/2448
f 2542/2542/2542 2541/2541/2541 2540/2540/2540
f 2447/2447/2447 2541/2541/2541 2542/2542/2542
f 2542/2542/2542 2540/2540/2540 2536/2536/2536
f 2542/2542/2542 2543/2543/2543 2447/2447/2447
f 2536/2536/2536 2543/2543/2543 2542/2542/2542
f 2543/2543/2543 2454/2454/2454 2447/2447/2447
f 2536/2536/2536 2544/2544/2544 2543/2543/2543
f 2545/2545/2545 2544/2544/2544 2536/2536/2536
f 2543/2543/2543 2546/2546/2546 2454/2454/2454
f 2544/2544/2544 2546/2546/2546 2543/2543/2543
f 2546/2546/2546 2399/2399/2399 2454/2454/2454
f 2545/2545/2545 2547/2547/2547 2544/2544/2544
f 2548/2548/2548 2547/2547/2547 2545/2545/2545
f 2549/2549/2549 2399/2399/2399 2546/2546/2546
f 2402/2402/2402 2399/2399/2399 2549/2549/2549
f 2544/2544/2544 2550/2550/2550 2546/2546/2546
f 2547/2547/2547 2550/2550/2550 2544/2544/2544
f 2550/2550/2550 2549/2549/2549 2546/2546/2546
f 2548/2548/2548 2551/2551/2551 2547/2547/2547
f 2552/2552/2552 2551/2551/2551 2548/2548/2548
f 2547/2547/2547 2553/2553/2553 2550/2550/2550
f 2553/2553/2553 2549/2549/2549 2550/2550/2550
f 2553/2553/2553 2547/2547/2547 2551/2551/2551
f 2553/2553/2553 2554/2554/2554 2549/2549/2549
f 2554/2554/2554 2402/2402/2402 2549/2549/2549
f 2553/2553/2553 2551/2551/2551 2554/2554/2554
f 2552/2552/2552 2555/2555/2555 2551/2551/2551
f 2551/2551/2551 2555/2555/2555 2554/2554/2554
f 2556/2556/2556 2555/2555/2555 2552/2552/2552
f 2556/2556/2556 2557/2557/2557 2555/2555/2555
f 2554/2554/2554 2555/2555/2555 2557/2557/2557
f 2558/2558/2558 2557/2557/2557 2556/2556/2556
f 2558/2558/2558 2405/2405/2405 2557/2557/2557
f 2559/2559/2559 2402/2402/2402 2554/2554/2554
f 2557/2557/2557 2559/2559/2559 2554/2554/2554
f 2559/2559/2559 2557/2557/2557 2405/2405/2405
f 2405/2405/2405 2402/2402/2402 2559/2559/2559
f 2562/2562/2562 2561/2561/2561 2560/2560/2560
f 2560/2560/2560 2561/2561/2561 2563/2563/2563
f 2564/2564/2564 2563/2563/2563 2561/2561/2561
f 2564/2564/2564 2561/2561/2561 2565/2565/2565
f 2565/2565/2565 2561/2561/2561 2566/2566/2566
f 2567/2567/2567 2566/2566/2566 2561/2561/2561
f 2567/2567/2567 2561/2561/2561 2568/2568/2568
f 2568/2568/2568 2561/2561/2561 2569/2569/2569
f 2570/2570/2570 2569/2569/2569 2561/2561/2561
f 2571/2571/2571 2570/2570/2570 2561/2561/2561
f 2571/2571/2571 2561/2561/2561 2572/2572/2572
f 2575/2575/2575 2574/2574/2574 2573/2573/2573
f 2575/2575/2575 2573/2573/2573 2576/2576/2576
f 2579/2579/2579 2578/2578/2578 2577/2577/2577
f 2579/2579/2579 2577/2577/2577 2580/2580/2580
f 2580/2580/2580 2577/2577/2577 2581/2581/2581
f 2579/2579/2579 2580/2580/2580 2582/2582/2582
f 2580/2580/2580 2581/2581/2581 2583/2583/2583
f 2583/2583/2583 2582/2582/2582 2580/2580/2580
f 2583/2583/2583 2581/2581/2581 2584/2584/2584
f 2583/2583/2583 2584/2584/2584 2585/2585/2585
f 2585/2585/2585 2582/2582/2582 2583/2583/2583
f 2585/2585/2585 2584/2584/2584 2586/2586/2586
f 2585/2585/2585 2586/2586/2586 2587/2587/2587
f 2585/2585/2585 2587/2587/2587 2582/2582/2582
f 2587/2587/2587 2586/2586/2586 2588/2588/2588
f 2589/2589/2589 2582/2582/2582 2587/2587/2587
f 2587/2587/2587 2588/2588/2588 2589/2589/2589
f 2590/2590/2590 2582/2582/2582 2589/2589/2589
f 2589/2589/2589 2588/2588/2588 2591/2591/2591
f 2590/2590/2590 2589/2589/2589 2591/2591/2591
f 2594/2594/2594 2593/2593/2593 2592/2592/2592
f 2595/2595/2595 2594/2594/2594 2592/2592/2592
f 2596/2596/2596 2594/2594/2594 2595/2595/2595
f 2592/2592/2592 2597/2597/2597 2595/2595/2595
f 2595/2595/2595 2598/2598/2598 2596/2596/2596
f 2595/2595/2595 2597/2597/2597 2598/2598/2598
f 2598/2598/2598 2599/2599/2599 2596/2596/2596
f 2597/2597/2597 2599/2599/2599 2598/2598/2598
f 2597/2597/2597 2600/2600/2600 2599/2599/2599
f 2601/2601/2601 2600/2600/2600 2597/2597/2597
f 2601/2601/2601 2602/2602/2602 2600/2600/2600
f 2601/2601/2601 2597/2597/2597 2603/2603/2603
f 2603/2603/2603 2602/2602/2602 2601/2601/2601
f 2604/2604/2604 2603/2603/2603 2597/2597/2597
f 2603/2603/2603 2605/2605/2605 2602/2602/2602
f 2604/2604/2604 2605/2605/2605 2603/2603/2603
f 2608/2608/2608 2607/2607/2607 2606/2606/2606
f 2609/2609/2609 2606/2606/2606 2607/2607/2607
f 2610/2610/2610 2609/2609/2609 2607/2607/2607
f 2610/2610/2610 2607/2607/2607 2611/2611/2611
f 2611/2611/2611 2607/2607/2607 2612/2612/2612
f 2613/2613/2613 2612/2612/2612 2607/2607/2607
f 2613/2613/2613 2607/2607/2607 2614/2614/2614
f 2614/2614/2614 2607/2607/2607 2615/2615/2615
f 2616/2616/2616 2615/2615/2615 2607/2607/2607
f 2616/2616/2616 2607/2607/2607 2617/2617/2617
f 2617/2617/2617 2607/2607/2607 2618/2618/2618
f 2621/2621/2621 2620/2620/2620 2619/2619/2619
f 2622/2622/2622 2620/2620/2620 2621/2621/2621
f 2622/2622/2622 2623/2623/2623 2620/2620/2620
f 2624/2624/2624 2620/2620/2620 2623/2623/2623
f 2625/2625/2625 2620/2620/2620 2624/2624/2624
f 2625/2625/2625 2626/2626/2626 2620/2620/2620
f 2627/2627/2627 2620/2620/2620 2626/2626/2626
f 2628/2628/2628 2620/2620/2620 2627/2627/2627
f 2628/2628/2628 2629/2629/2629 2620/2620/2620
f 2630/2630/2630 2620/2620/2620 2629/2629/2629
f 2631/2631/2631 2620/2620/2620 2630/2630/2630
f 2634/2634/2634 2633/2633/2633 2632/2632/2632
f 2635/2635/2635 2632/2632/2632 2633/2633/2633
f 2635/2635/2635 2633/2633/2633 2636/2636/2636
f 2636/2636/2636 2633/2633/2633 2637/2637/2637
f 2637/2637/2637 2633/2633/2633 2638/2638/2638
f 2639/2639/2639 2638/2638/2638 2633/2633/2633
f 2639/2639/2639 2633/2633/2633 2640/2640/2640
f 2640/2640/2640 2633/2633/2633 2641/2641/2641
f 2642/2642/2642 2641/2641/2641 2633/2633/2633
f 2642/2642/2642 2633/2633/2633 2643/2643/2643
f 2643/2643/2643 2633/2633/2633 2644/2644/2644
f 2647/2647/2647 2646/2646/2646 2645/2645/2645
f 2645/2645/2645 2646/2646/2646 2648/2648/2648
f 2649/2649/2649 2648/2648/2648 2646/2646/2646
f 2649/2649/2649 2646/2646/2646 2650/2650/2650
f 2650/2650/2650 2646/2646/2646 2651/2651/2651
f 2651/2651/2651 2646/2646/2646 2652/2652/2652
f 2653/2653/2653 2652/2652/2652 2646/2646/2646
f 2653/2653/2653 2646/2646/2646 2654/2654/2654
f 2654/2654/2654 2646/2646/2646 2655/2655/2655
f 2656/2656/2656 2655/2655/2655 2646/2646/2646
f 2656/2656/2656 2646/2646/2646 2657/2657/2657
f 2660/2660/2660 2659/2659/2659 2658/2658/2658
f 2660/2660/2660 2658/2658/2658 2661/2661/2661
f 2662/2662/2662 2660/2660/2660 2661/2661/2661
f 2662/2662/2662 2661/2661/2661 1603/1603/1603
f 2661/2661/2661 2658/2658/2658 2663/2663/2663
f 2664/2664/2664 2663/2663/2663 2658/2658/2658
f 1603/1603/1603 2661/2661/2661 2665/2665/2665
f 1603/1603/1603 2665/2665/2665 1605/1605/1605
f 2661/2661/2661 2663/2663/2663 2666/2666/2666
f 2661/2661/2661 2666/2666/2666 2665/2665/2665
f 2665/2665/2665 2666/2666/2666 2667/2667/2667
f 2665/2665/2665 2667/2667/2667 2668/2668/2668
f 2669/2669/2669 2663/2663/2663 2664/2664/2664
f 2669/2669/2669 2666/2666/2666 2663/2663/2663
f 2670/2670/2670 2669/2669/2669 2664/2664/2664
f 1605/1605/1605 2665/2665/2665 2671/2671/2671
f 2671/2671/2671 2665/2665/2665 2668/2668/2668
f 2671/2671/2671 1583/1583/1583 1605/1605/1605
f 2668/2668/2668 1583/1583/1583 2671/2671/2671
f 1584/1584/1584 1583/1583/1583 2668/2668/2668
f 2672/2672/2672 2666/2666/2666 2669/2669/2669
f 2672/2672/2672 2667/2667/2667 2666/2666/2666
f 2673/2673/2673 2669/2669/2669 2670/2670/2670
f 2673/2673/2673 2672/2672/2672 2669/2669/2669
f 2674/2674/2674 1584/1584/1584 2668/2668/2668
f 2668/2668/2668 2667/2667/2667 2674/2674/2674
f 2675/2675/2675 1584/1584/1584 2674/2674/2674
f 2675/2675/2675 2674/2674/2674 2667/2667/2667
f 2675/2675/2675 1549/1549/1549 1584/1584/1584
f 2676/2676/2676 1549/1549/1549 2675/2675/2675
f 2675/2675/2675 2667/2667/2667 2676/2676/2676
f 1548/1548/1548 1549/1549/1549 2676/2676/2676
f 1548/1548/1548 2676/2676/2676 2667/2667/2667
f 2677/2677/2677 1548/1548/1548 2667/2667/2667
f 2677/2677/2677 2667/2667/2667 2672/2672/2672
f 1550/1550/1550 1548/1548/1548 2677/2677/2677
f 2673/2673/2673 2670/2670/2670 2678/2678/2678
f 2678/2678/2678 2670/2670/2670 2679/2679/2679
f 2679/2679/2679 2680/2680/2680 2678/2678/2678
f 2678/2678/2678 2680/2680/2680 2681/2681/2681
f 2678/2678/2678 2681/2681/2681 2673/2673/2673
f 2680/2680/2680 2682/2682/2682 2681/2681/2681
f 2683/2683/2683 2672/2672/2672 2673/2673/2673
f 2683/2683/2683 2677/2677/2677 2672/2672/2672
f 2684/2684/2684 1550/1550/1550 2677/2677/2677
f 2685/2685/2685 1550/1550/1550 2684/2684/2684
f 2686/2686/2686 2673/2673/2673 2681/2681/2681
f 2686/2686/2686 2683/2683/2683 2673/2673/2673
f 2681/2681/2681 2682/2682/2682 2687/2687/2687
f 2686/2686/2686 2681/2681/2681 2687/2687/2687
f 2682/2682/2682 2688/2688/2688 2687/2687/2687
f 2689/2689/2689 2677/2677/2677 2683/2683/2683
f 2689/2689/2689 2684/2684/2684 2677/2677/2677
f 2690/2690/2690 2685/2685/2685 2684/2684/2684
f 2690/2690/2690 2684/2684/2684 2689/2689/2689
f 2691/2691/2691 2685/2685/2685 2690/2690/2690
f 2692/2692/2692 2691/2691/2691 2690/2690/2690
f 2693/2693/2693 2692/2692/2692 2690/2690/2690
f 2694/2694/2694 2683/2683/2683 2686/2686/2686
f 2689/2689/2689 2683/2683/2683 2694/2694/2694
f 2690/2690/2690 2689/2689/2689 2695/2695/2695
f 2693/2693/2693 2690/2690/2690 2695/2695/2695
f 2695/2695/2695 2689/2689/2689 2694/2694/2694
f 2686/2686/2686 2696/2696/2696 2694/2694/2694
f 2694/2694/2694 2696/2696/2696 2695/2695/2695
f 2693/2693/2693 2695/2695/2695 2696/2696/2696
f 2686/2686/2686 2687/2687/2687 2696/2696/2696
f 2696/2696/2696 2697/2697/2697 2693/2693/2693
f 2696/2696/2696 2687/2687/2687 2697/2697/2697
f 2697/2697/2697 2687/2687/2687 2688/2688/2688
f 2697/2697/2697 2688/2688/2688 2698/2698/2698
f 2697/2697/2697 2698/2698/2698 2699/2699/2699
f 2702/2702/2702 2701/2701/2701 2700/2700/2700
f 2700/2700/2700 2703/2703/2703 2702/2702/2702
f 2700/2700/2700 2704/2704/2704 2703/2703/2703
f 2703/2703/2703 2704/2704/2704 2705/2705/2705
f 2705/2705/2705 2704/2704/2704 2706/2706/2706
f 2704/2704/2704 2707/2707/2707 2706/2706/2706
f 2706/2706/2706 2707/2707/2707 2708/2708/2708
f 2700/2700/2700 2709/2709/2709 2704/2704/2704
f 2704/2704/2704 2710/2710/2710 2707/2707/2707
f 2704/2704/2704 2709/2709/2709 2710/2710/2710
f 2711/2711/2711 2708/2708/2708 2707/2707/2707
f 2707/2707/2707 2710/2710/2710 2711/2711/2711
f 2700/2700/2700 2712/2712/2712 2709/2709/2709
f 2700/2700/2700 2713/2713/2713 2712/2712/2712
f 2713/2713/2713 2714/2714/2714 2712/2712/2712
f 2715/2715/2715 2712/2712/2712 2714/2714/2714
f 2715/2715/2715 2709/2709/2709 2712/2712/2712
f 2715/2715/2715 2714/2714/2714 2716/2716/2716
f 2710/2710/2710 2709/2709/2709 2717/2717/2717
f 2711/2711/2711 2710/2710/2710 2717/2717/2717
f 2718/2718/2718 2715/2715/2715 2716/2716/2716
f 2718/2718/2718 2716/2716/2716 2719/2719/2719
f 2720/2720/2720 2709/2709/2709 2715/2715/2715
f 2720/2720/2720 2715/2715/2715 2718/2718/2718
f 2717/2717/2717 2709/2709/2709 2720/2720/2720
f 2720/2720/2720 2718/2718/2718 2719/2719/2719
f 2721/2721/2721 2717/2717/2717 2720/2720/2720
f 2721/2721/2721 2720/2720/2720 2719/2719/2719
f 2711/2711/2711 2722/2722/2722 2708/2708/2708
f 2708/2708/2708 2722/2722/2722 2723/2723/2723
f 2724/2724/2724 2722/2722/2722 2711/2711/2711
f 2724/2724/2724 2711/2711/2711 2725/2725/2725
f 2725/2725/2725 2711/2711/2711 2717/2717/2717
f 2725/2725/2725 2717/2717/2717 2721/2721/2721
f 2721/2721/2721 2719/2719/2719 2726/2726/2726
f 2727/2727/2727 2726/2726/2726 2719/2719/2719
f 2726/2726/2726 2727/2727/2727 2728/2728/2728
f 2726/2726/2726 2728/2728/2728 2721/2721/2721
f 2721/2721/2721 2728/2728/2728 2729/2729/2729
f 2729/2729/2729 2725/2725/2725 2721/2721/2721
f 2728/2728/2728 2730/2730/2730 2729/2729/2729
f 2725/2725/2725 2729/2729/2729 2731/2731/2731
f 2725/2725/2725 2731/2731/2731 2724/2724/2724
f 2729/2729/2729 2730/2730/2730 2732/2732/2732
f 2729/2729/2729 2732/2732/2732 2731/2731/2731
f 2730/2730/2730 2733/2733/2733 2732/2732/2732
f 2731/2731/2731 2732/2732/2732 2734/2734/2734
f 2732/2732/2732 2733/2733/2733 2734/2734/2734
f 2733/2733/2733 2735/2735/2735 2734/2734/2734
f 2736/2736/2736 2735/2735/2735 2733/2733/2733
f 2735/2735/2735 2737/2737/2737 2734/2734/2734
f 2737/2737/2737 2738/2738/2738 2734/2734/2734
f 2731/2731/2731 2734/2734/2734 2739/2739/2739
f 2724/2724/2724 2731/2731/2731 2739/2739/2739
f 2739/2739/2739 2734/2734/2734 2738/2738/2738
f 2724/2724/2724 2739/2739/2739 2740/2740/2740
f 2739/2739/2739 2738/2738/2738 2741/2741/2741
f 2740/2740/2740 2739/2739/2739 2742/2742/2742
f 2742/2742/2742 2739/2739/2739 2741/2741/2741
f 2742/2742/2742 2743/2743/2743 2740/2740/2740
f 2741/2741/2741 2743/2743/2743 2742/2742/2742
f 2741/2741/2741 2744/2744/2744 2743/2743/2743
f 2741/2741/2741 2738/2738/2738 2745/2745/2745
f 2745/2745/2745 2744/2744/2744 2741/2741/2741
f 2746/2746/2746 2745/2745/2745 2738/2738/2738
f 2746/2746/2746 2744/2744/2744 2745/2745/2745
f 2738/2738/2738 2747/2747/2747 2746/2746/2746
f 2746/2746/2746 2747/2747/2747 2748/2748/2748
f 2746/2746/2746 2748/2748/2748 2744/2744/2744
f 2749/2749/2749 2744/2744/2744 2748/2748/2748
f 2749/2749/2749 2748/2748/2748 2750/2750/2750
f 2750/2750/2750 2751/2751/2751 2749/2749/2749
f 2752/2752/2752 2749/2749/2749 2751/2751/2751
f 2753/2753/2753 2744/2744/2744 2749/2749/2749
f 2753/2753/2753 2749/2749/2749 2752/2752/2752
f 2754/2754/2754 2744/2744/2744 2753/2753/2753
f 2754/2754/2754 2753/2753/2753 2752/2752/2752
f 2754/2754/2754 2743/2743/2743 2744/2744/2744
f 2755/2755/2755 2754/2754/2754 2752/2752/2752
f 2755/2755/2755 2743/2743/2743 2754/2754/2754
f 2756/2756/2756 2755/2755/2755 2752/2752/2752
f 2756/2756/2756 2757/2757/2757 2755/2755/2755
f 2758/2758/2758 2757/2757/2757 2756/2756/2756
f 2759/2759/2759 2757/2757/2757 2758/2758/2758
f 2755/2755/2755 2760/2760/2760 2743/2743/2743
f 2757/2757/2757 2760/2760/2760 2755/2755/2755
f 2761/2761/2761 2743/2743/2743 2760/2760/2760
f 2761/2761/2761 2760/2760/2760 2757/2757/2757
f 2759/2759/2759 2762/2762/2762 2757/2757/2757
f 2763/2763/2763 2762/2762/2762 2759/2759/2759
f 2762/2762/2762 2764/2764/2764 2757/2757/2757
f 2764/2764/2764 2761/2761/2761 2757/2757/2757
f 2763/2763/2763 2765/2765/2765 2762/2762/2762
f 2762/2762/2762 2765/2765/2765 2764/2764/2764
f 2766/2766/2766 2765/2765/2765 2763/2763/2763
f 2766/2766/2766 2763/2763/2763 2767/2767/2767
f 2767/2767/2767 2768/2768/2768 2766/2766/2766
f 2764/2764/2764 2765/2765/2765 2769/2769/2769
f 2766/2766/2766 2769/2769/2769 2765/2765/2765
f 2766/2766/2766 2768/2768/2768 2770/2770/2770
f 2770/2770/2770 2769/2769/2769 2766/2766/2766
f 2768/2768/2768 2771/2771/2771 2770/2770/2770
f 2772/2772/2772 2770/2770/2770 2771/2771/2771
f 2772/2772/2772 2773/2773/2773 2770/2770/2770
f 2770/2770/2770 2773/2773/2773 2769/2769/2769
f 2774/2774/2774 2773/2773/2773 2772/2772/2772
f 2769/2769/2769 2775/2775/2775 2764/2764/2764
f 2764/2764/2764 2775/2775/2775 2761/2761/2761
f 2761/2761/2761 2775/2775/2775 2776/2776/2776
f 2769/2769/2769 2777/2777/2777 2775/2775/2775
f 2773/2773/2773 2777/2777/2777 2769/2769/2769
f 2775/2775/2775 2777/2777/2777 2776/2776/2776
f 2776/2776/2776 2777/2777/2777 2773/2773/2773
f 2773/2773/2773 2774/2774/2774 2778/2778/2778
f 2773/2773/2773 2778/2778/2778 2776/2776/2776
f 2774/2774/2774 2779/2779/2779 2778/2778/2778
f 2761/2761/2761 2776/2776/2776 2780/2780/2780
f 2780/2780/2780 2776/2776/2776 2781/2781/2781
f 2761/2761/2761 2780/2780/2780 2743/2743/2743
f 2740/2740/2740 2743/2743/2743 2780/2780/2780
f 2776/2776/2776 2778/2778/2778 2782/2782/2782
f 2776/2776/2776 2782/2782/2782 2781/2781/2781
f 2778/2778/2778 2779/2779/2779 2783/2783/2783
f 2778/2778/2778 2783/2783/2783 2782/2782/2782
f 2740/2740/2740 2780/2780/2780 2784/2784/2784
f 2784/2784/2784 2724/2724/2724 2740/2740/2740
f 2784/2784/2784 2780/2780/2780 2785/2785/2785
f 2784/2784/2784 2785/2785/2785 2724/2724/2724
f 2780/2780/2780 2781/2781/2781 2785/2785/2785
f 2724/2724/2724 2785/2785/2785 2786/2786/2786
f 2785/2785/2785 2781/2781/2781 2786/2786/2786
f 2724/2724/2724 2786/2786/2786 2722/2722/2722
f 2786/2786/2786 2781/2781/2781 2722/2722/2722
f 2783/2783/2783 2779/2779/2779 2787/2787/2787
f 2787/2787/2787 2779/2779/2779 2788/2788/2788
f 2787/2787/2787 2788/2788/2788 2789/2789/2789
f 2783/2783/2783 2787/2787/2787 2789/2789/2789
f 2782/2782/2782 2783/2783/2783 2789/2789/2789
f 2782/2782/2782 2789/2789/2789 2781/2781/2781
f 2781/2781/2781 2790/2790/2790 2722/2722/2722
f 2781/2781/2781 2789/2789/2789 2790/2790/2790
f 2722/2722/2722 2790/2790/2790 2723/2723/2723
f 2790/2790/2790 2789/2789/2789 2791/2791/2791
f 2790/2790/2790 2791/2791/2791 2723/2723/2723
f 2794/2794/2794 2793/2793/2793 2792/2792/2792
f 2794/2794/2794 2792/2792/2792 2795/2795/2795
f 2795/2795/2795 2792/2792/2792 2796/2796/2796
f 2795/2795/2795 2796/2796/2796 2797/2797/2797
f 2797/2797/2797 2796/2796/2796 2798/2798/2798
f 2797/2797/2797 2798/2798/2798 2799/2799/2799
f 2799/2799/2799 2798/2798/2798 2800/2800/2800
f 2800/2800/2800 2801/2801/2801 2799/2799/2799
f 2801/2801/2801 2802/2802/2802 2799/2799/2799
f 2803/2803/2803 2802/2802/2802 2801/2801/2801
f 2803/2803/2803 2801/2801/2801 2804/2804/2804
f 2804/2804/2804 2801/2801/2801 2805/2805/2805
f 2805/2805/2805 2801/2801/2801 2806/2806/2806
f 2801/2801/2801 2807/2807/2807 2806/2806/2806
f 2805/2805/2805 2806/2806/2806 2808/2808/2808
f 2808/2808/2808 2806/2806/2806 2809/2809/2809
f 2809/2809/2809 2806/2806/2806 2810/2810/2810
f 2807/2807/2807 2811/2811/2811 2806/2806/2806
f 2810/2810/2810 2806/2806/2806 2812/2812/2812
f 2813/2813/2813 2806/2806/2806 2811/2811/2811
f 2811/2811/2811 2814/2814/2814 2813/2813/2813
f 2814/2814/2814 2815/2815/2815 2813/2813/2813
f 2816/2816/2816 2806/2806/2806 2813/2813/2813
f 2816/2816/2816 2813/2813/2813 2815/2815/2815
f 2816/2816/2816 2812/2812/2812 2806/2806/2806
f 2816/2816/2816 2815/2815/2815 2817/2817/2817
f 2818/2818/2818 2816/2816/2816 2817/2817/2817
f 2819/2819/2819 2818/2818/2818 2817/2817/2817
f 2820/2820/2820 2812/2812/2812 2816/2816/2816
f 2816/2816/2816 2818/2818/2818 2820/2820/2820
f 2821/2821/2821 2818/2818/2818 2819/2819/2819
f 2819/2819/2819 2822/2822/2822 2821/2821/2821
f 2819/2819/2819 2823/2823/2823 2822/2822/2822
f 2822/2822/2822 2823/2823/2823 2824/2824/2824
f 2825/2825/2825 2820/2820/2820 2818/2818/2818
f 2825/2825/2825 2818/2818/2818 2821/2821/2821
f 2821/2821/2821 2826/2826/2826 2825/2825/2825
f 2821/2821/2821 2822/2822/2822 2826/2826/2826
f 2827/2827/2827 2825/2825/2825 2826/2826/2826
f 2820/2820/2820 2825/2825/2825 2827/2827/2827
f 2820/2820/2820 2827/2827/2827 2812/2812/2812
f 2828/2828/2828 2827/2827/2827 2826/2826/2826
f 2828/2828/2828 2829/2829/2829 2827/2827/2827
f 2827/2827/2827 2829/2829/2829 2812/2812/2812
f 2830/2830/2830 2812/2812/2812 2829/2829/2829
f 2831/2831/2831 2830/2830/2830 2829/2829/2829
f 2832/2832/2832 2831/2831/2831 2829/2829/2829
f 2832/2832/2832 2833/2833/2833 2831/2831/2831
f 2834/2834/2834 2833/2833/2833 2832/2832/2832
f 2835/2835/2835 2834/2834/2834 2832/2832/2832
f 2836/2836/2836 2829/2829/2829 2828/2828/2828
f 2829/2829/2829 2836/2836/2836 2832/2832/2832
f 2828/2828/2828 2837/2837/2837 2836/2836/2836
f 2835/2835/2835 2832/2832/2832 2838/2838/2838
f 2838/2838/2838 2839/2839/2839 2835/2835/2835
f 2838/2838/2838 2840/2840/2840 2839/2839/2839
f 2841/2841/2841 2840/2840/2840 2838/2838/2838
f 2842/2842/2842 2841/2841/2841 2838/2838/2838
f 2842/2842/2842 2843/2843/2843 2841/2841/2841
f 2844/2844/2844 2843/2843/2843 2842/2842/2842
f 2844/2844/2844 2842/2842/2842 2845/2845/2845
f 2846/2846/2846 2845/2845/2845 2842/2842/2842
f 2847/2847/2847 2846/2846/2846 2842/2842/2842
f 2832/2832/2832 2836/2836/2836 2848/2848/2848
f 2848/2848/2848 2838/2838/2838 2832/2832/2832
f 2842/2842/2842 2838/2838/2838 2848/2848/2848
f 2848/2848/2848 2836/2836/2836 2837/2837/2837
f 2847/2847/2847 2842/2842/2842 2849/2849/2849
f 2842/2842/2842 2848/2848/2848 2849/2849/2849
f 2849/2849/2849 2850/2850/2850 2847/2847/2847
f 2850/2850/2850 2849/2849/2849 2848/2848/2848
f 2848/2848/2848 2837/2837/2837 2850/2850/2850
f 2850/2850/2850 2851/2851/2851 2847/2847/2847
f 2850/2850/2850 2837/2837/2837 2852/2852/2852
f 2852/2852/2852 2853/2853/2853 2850/2850/2850
f 2853/2853/2853 2852/2852/2852 2854/2854/2854
f 2853/2853/2853 2854/2854/2854 2855/2855/2855
f 2854/2854/2854 2856/2856/2856 2855/2855/2855
f 2854/2854/2854 2857/2857/2857 2856/2856/2856
f 2854/2854/2854 2852/2852/2852 2857/2857/2857
f 2857/2857/2857 2852/2852/2852 2858/2858/2858
f 2852/2852/2852 2837/2837/2837 2858/2858/2858
f 2859/2859/2859 2857/2857/2857 2858/2858/2858
f 2859/2859/2859 2858/2858/2858 2837/2837/2837
f 2859/2859/2859 2860/2860/2860 2857/2857/2857
f 2837/2837/2837 2861/2861/2861 2859/2859/2859
f 2861/2861/2861 2837/2837/2837 2828/2828/2828
f 2860/2860/2860 2859/2859/2859 2862/2862/2862
f 2824/2824/2824 2860/2860/2860 2862/2862/2862
f 2862/2862/2862 2859/2859/2859 2863/2863/2863
f 2859/2859/2859 2861/2861/2861 2863/2863/2863
f 2824/2824/2824 2862/2862/2862 2864/2864/2864
f 2863/2863/2863 2864/2864/2864 2862/2862/2862
f 2824/2824/2824 2864/2864/2864 2865/2865/2865
f 2824/2824/2824 2865/2865/2865 2822/2822/2822
f 2865/2865/2865 2864/2864/2864 2866/2866/2866
f 2866/2866/2866 2822/2822/2822 2865/2865/2865
f 2866/2866/2866 2864/2864/2864 2867/2867/2867
f 2863/2863/2863 2867/2867/2867 2864/2864/2864
f 2868/2868/2868 2822/2822/2822 2866/2866/2866
f 2866/2866/2866 2867/2867/2867 2868/2868/2868
f 2869/2869/2869 2822/2822/2822 2868/2868/2868
f 2868/2868/2868 2867/2867/2867 2869/2869/2869
f 2826/2826/2826 2822/2822/2822 2869/2869/2869
f 2863/2863/2863 2870/2870/2870 2867/2867/2867
f 2869/2869/2869 2867/2867/2867 2870/2870/2870
f 2861/2861/2861 2871/2871/2871 2863/2863/2863
f 2871/2871/2871 2870/2870/2870 2863/2863/2863
f 2869/2869/2869 2872/2872/2872 2826/2826/2826
f 2869/2869/2869 2870/2870/2870 2872/2872/2872
f 2872/2872/2872 2870/2870/2870 2873/2873/2873
f 2826/2826/2826 2872/2872/2872 2873/2873/2873
f 2873/2873/2873 2870/2870/2870 2874/2874/2874
f 2826/2826/2826 2873/2873/2873 2874/2874/2874
f 2874/2874/2874 2870/2870/2870 2871/2871/2871
f 2826/2826/2826 2874/2874/2874 2875/2875/2875
f 2875/2875/2875 2874/2874/2874 2871/2871/2871
f 2826/2826/2826 2875/2875/2875 2828/2828/2828
f 2876/2876/2876 2861/2861/2861 2828/2828/2828
f 2876/2876/2876 2871/2871/2871 2861/2861/2861
f 2828/2828/2828 2875/2875/2875 2877/2877/2877
f 2871/2871/2871 2877/2877/2877 2875/2875/2875
f 2828/2828/2828 2877/2877/2877 2876/2876/2876
f 2876/2876/2876 2877/2877/2877 2871/2871/2871
f 2880/2880/2880 2879/2879/2879 2878/2878/2878
f 2880/2880/2880 2881/2881/2881 2879/2879/2879
f 2882/2882/2882 2879/2879/2879 2881/2881/2881
f 2883/2883/2883 2879/2879/2879 2882/2882/2882
f 2883/2883/2883 2884/2884/2884 2879/2879/2879
f 2885/2885/2885 2879/2879/2879 2884/2884/2884
f 2886/2886/2886 2879/2879/2879 2885/2885/2885
f 2886/2886/2886 2887/2887/2887 2879/2879/2879
f 2888/2888/2888 2879/2879/2879 2887/2887/2887
f 2889/2889/2889 2879/2879/2879 2888/2888/2888
f 2889/2889/2889 2890/2890/2890 2879/2879/2879
f 2893/2893/2893 2892/2892/2892 2891/2891/2891
f 2893/2893/2893 2891/2891/2891 2894/2894/2894
f 2894/2894/2894 2891/2891/2891 2895/2895/2895
f 2896/2896/2896 2895/2895/2895 2891/2891/2891
f 2896/2896/2896 2891/2891/2891 2897/2897/2897
f 2897/2897/2897 2891/2891/2891 2898/2898/2898
f 2898/2898/2898 2891/2891/2891 2899/2899/2899
f 2900/2900/2900 2899/2899/2899 2891/2891/2891
f 2900/2900/2900 2891/2891/2891 2901/2901/2901
f 2901/2901/2901 2891/2891/2891 2902/2902/2902
f 2903/2903/2903 2902/2902/2902 2891/2891/2891
f 2906/2906/2906 2905/2905/2905 2904/2904/2904
f 2907/2907/2907 2904/2904/2904 2905/2905/2905
f 2908/2908/2908 2904/2904/2904 2907/2907/2907
f 2908/2908/2908 2909/2909/2909 2904/2904/2904
f 2910/2910/2910 2904/2904/2904 2909/2909/2909
f 2911/2911/2911 2904/2904/2904 2910/2910/2910
f 2911/2911/2911 2912/2912/2912 2904/2904/2904
f 2913/2913/2913 2904/2904/2904 2912/2912/2912
f 2914/2914/2914 2904/2904/2904 2913/2913/2913
f 2914/2914/2914 2915/2915/2915 2904/2904/2904
f 2915/2915/2915 2916/2916/2916 2904/2904/2904
f 2919/2919/2919 2918/2918/2918 2917/2917/2917
f 2917/2917/2917 2918/2918/2918 2920/2920/2920
f 2921/2921/2921 2920/2920/2920 2918/2918/2918
f 2921/2921/2921 2918/2918/2918 2922/2922/2922
f 2922/2922/2922 2918/2918/2918 2923/2923/2923
f 2924/2924/2924 2923/2923/2923 2918/2918/2918
f 2925/2925/2925 2924/2924/2924 2918/2918/2918
f 2925/2925/2925 2918/2918/2918 2926/2926/2926
f 2926/2926/2926 2918/2918/2918 2927/2927/2927
f 2928/2928/2928 2927/2927/2927 2918/2918/2918
f 2928/2928/2928 2918/2918/2918 2929/2929/2929
f 2932/2932/2932 2931/2931/2931 2930/2930/2930
f 2930/2930/2930 2931/2931/2931 2933/2933/2933
f 2934/2934/2934 2933/2933/2933 2931/2931/2931
f 2934/2934/2934 2931/2931/2931 2935/2935/2935
f 2935/2935/2935 2931/2931/2931 2936/2936/2936
f 2937/2937/2937 2936/2936/2936 2931/2931/2931
f 2937/2937/2937 2931/2931/2931 2938/2938/2938
f 2938/2938/2938 2931/2931/2931 2939/2939/2939
f 2940/2940/2940 2939/2939/2939 2931/2931/2931
f 2941/2941/2941 2940/2940/2940 2931/2931/2931
f 2941/2941/2941 2931/2931/2931 2942/2942/2942
f 2945/2945/2945 2944/2944/2944 2943/2943/2943
f 2943/2943/2943 2944/2944/2944 2946/2946/2946
f 2947/2947/2947 2946/2946/2946 2944/2944/2944
f 2947/2947/2947 2944/2944/2944 2948/2948/2948
f 2948/2948/2948 2944/2944/2944 2949/2949/2949
f 2950/2950/2950 2949/2949/2949 2944/2944/2944
f 2950/2950/2950 2944/2944/2944 2951/2951/2951
f 2951/2951/2951 2944/2944/2944 2952/2952/2952
f 2953/2953/2953 2952/2952/2952 2944/2944/2944
f 2953/2953/2953 2944/2944/2944 2954/2954/2954
f 2954/2954/2954 2944/2944/2944 2955/2955/2955
f 2958/2958/2958 2957/2957/2957 2956/2956/2956
f 2959/2959/2959 2956/2956/2956 2957/2957/2957
f 2959/2959/2959 2957/2957/2957 2960/2960/2960
f 2960/2960/2960 2957/2957/2957 2961/2961/2961
f 2962/2962/2962 2961/2961/2961 2957/2957/2957
f 2962/2962/2962 2957/2957/2957 2963/2963/2963
f 2963/2963/2963 2957/2957/2957 2964/2964/2964
f 2965/2965/2965 2964/2964/2964 2957/2957/2957
f 2965/2965/2965 2957/2957/2957 2966/2966/2966
f 2966/2966/2966 2957/2957/2957 2967/2967/2967
f 2967/2967/2967 2957/2957/2957 2968/2968/2968
f 2971/2971/2971 2970/2970/2970 2969/2969/2969
f 2972/2972/2972 2969/2969/2969 2970/2970/2970
f 2973/2973/2973 2969/2969/2969 2972/2972/2972
f 2973/2973/2973 2974/2974/2974 2969/2969/2969
f 2975/2975/2975 2969/2969/2969 2974/2974/2974
f 2976/2976/2976 2969/2969/2969 2975/2975/2975
f 2976/2976/2976 2977/2977/2977 2969/2969/2969
f 2978/2978/2978 2969/2969/2969 2977/2977/2977
f 2979/2979/2979 2969/2969/2969 2978/2978/2978
f 2979/2979/2979 2980/2980/2980 2969/2969/2969
f 2981/2981/2981 2969/2969/2969 2980/2980/2980
f 2984/2984/2984 2983/2983/2983 2982/2982/2982
f 2982/2982/2982 2983/2983/2983 2985/2985/2985
f 2986/2986/2986 2985/2985/2985 2983/2983/2983
f 2987/2987/2987 2986/2986/2986 2983/2983/2983
f 2987/2987/2987 2983/2983/2983 2988/2988/2988
f 2988/2988/2988 2983/2983/2983 2989/2989/2989
f 2990/2990/2990 2989/2989/2989 2983/2983/2983
f 2990/2990/2990 2983/2983/2983 2991/2991/2991
f 2991/2991/2991 2983/2983/2983 2992/2992/2992
f 2993/2993/2993 2992/2992/2992 2983/2983/2983
f 2993/2993/2993 2983/2983/2983 2994/2994/2994
f 2997/2997/2997 2996/2996/2996 2995/2995/2995
f 2997/2997/2997 2995/2995/2995 2998/2998/2998
f 2998/2998/2998 2995/2995/2995 2999/2999/2999
f 3000/3000/3000 2999/2999/2999 2995/2995/2995
f 3000/3000/3000 2995/2995/2995 3001/3001/3001
f 3001/3001/3001 2995/2995/2995 3002/3002/3002
f 3003/3003/3003 3002/3002/3002 2995/2995/2995
f 3003/3003/3003 2995/2995/2995 3004/3004/3004
f 3004/3004/3004 2995/2995/2995 3005/3005/3005
f 3006/3006/3006 3005/3005/3005 2995/2995/2995
f 3007/3007/3007 3006/3006/3006 2995/2995/2995
f 3010/3010/3010 3009/3009/3009 3008/3008/3008
f 3011/3011/3011 3008/3008/3008 3009/3009/3009
f 3011/3011/3011 3009/3009/3009 3012/3012/3012
f 3012/3012/3012 3009/3009/3009 3013/3013/3013
f 3014/3014/3014 3013/3013/3013 3009/3009/3009
f 3014/3014/3014 3009/3009/3009 3015/3015/3015
f 3015/3015/3015 3009/3009/3009 3016/3016/3016
f 3017/3017/3017 3016/3016/3016 3009/3009/3009
f 3017/3017/3017 3009/3009/3009 3018/3018/3018
f 3018/3018/3018 3009/3009/3009 3019/3019/3019
f 3019/3019/3019 3009/3009/3009 3020/3020/3020
f 3023/3023/3023 3022/3022/3022 3021/3021/3021
f 3024/3024/3024 3023/3023/3023 3021/3021/3021
f 3023/3023/3023 3024/3024/3024 3025/3025/3025
f 3026/3026/3026 3023/3023/3023 3025/3025/3025
f 3027/3027/3027 3023/3023/3023 3026/3026/3026
f 3028/3028/3028 3027/3027/3027 3026/3026/3026
f 3023/3023/3023 3027/3027/3027 3029/3029/3029
f 3029/3029/3029 3030/3030/3030 3023/3023/3023
f 3029/3029/3029 3027/3027/3027 3031/3031/3031
f 3032/3032/3032 3027/3027/3027 3028/3028/3028
f 3027/3027/3027 3032/3032/3032 3031/3031/3031
f 3033/3033/3033 3032/3032/3032 3028/3028/3028
f 3031/3031/3031 3032/3032/3032 3034/3034/3034
f 3034/3034/3034 3032/3032/3032 3033/3033/3033
f 3031/3031/3031 3034/3034/3034 3035/3035/3035
f 3033/3033/3033 3036/3036/3036 3034/3034/3034
f 3035/3035/3035 3034/3034/3034 3037/3037/3037
f 3036/3036/3036 3038/3038/3038 3034/3034/3034
f 3034/3034/3034 3038/3038/3038 3037/3037/3037
f 3039/3039/3039 3038/3038/3038 3036/3036/3036
f 3037/3037/3037 3038/3038/3038 3040/3040/3040
f 3039/3039/3039 3041/3041/3041 3038/3038/3038
f 3038/3038/3038 3041/3041/3041 3040/3040/3040
f 3042/3042/3042 3041/3041/3041 3039/3039/3039
f 3040/3040/3040 3041/3041/3041 3043/3043/3043
f 3042/3042/3042 3044/3044/3044 3041/3041/3041
f 3041/3041/3041 3044/3044/3044 3043/3043/3043
f 3045/3045/3045 3044/3044/3044 3042/3042/3042
f 3043/3043/3043 3044/3044/3044 3046/3046/3046
f 3045/3045/3045 3047/3047/3047 3044/3044/3044
f 3044/3044/3044 3047/3047/3047 3046/3046/3046
f 3048/3048/3048 3047/3047/3047 3045/3045/3045
f 3046/3046/3046 3047/3047/3047 3049/3049/3049
f 3048/3048/3048 3050/3050/3050 3047/3047/3047
f 3047/3047/3047 3050/3050/3050 3049/3049/3049
f 3053/3053/3053 3052/3052/3052 3051/3051/3051
f 3051/3051/3051 3054/3054/3054 3053/3053/3053
f 3053/3053/3053 3054/3054/3054 3055/3055/3055
f 3051/3051/3051 3056/3056/3056 3054/3054/3054
f 3051/3051/3051 3057/3057/3057 3056/3056/3056
f 3054/3054/3054 3058/3058/3058 3055/3055/3055
f 3054/3054/3054 3056/3056/3056 3058/3058/3058
f 3055/3055/3055 3058/3058/3058 3059/3059/3059
f 3058/3058/3058 3060/3060/3060 3059/3059/3059
f 3056/3056/3056 3060/3060/3060 3058/3058/3058
f 3059/3059/3059 3060/3060/3060 3061/3061/3061
f 3057/3057/3057 3062/3062/3062 3056/3056/3056
f 3056/3056/3056 3062/3062/3062 3060/3060/3060
f 3060/3060/3060 3062/3062/3062 3063/3063/3063
f 3057/3057/3057 3064/3064/3064 3062/3062/3062
f 3065/3065/3065 3064/3064/3064 3057/3057/3057
f 3066/3066/3066 3061/3061/3061 3060/3060/3060
f 3066/3066/3066 3060/3060/3060 3067/3067/3067
f 3068/3068/3068 3061/3061/3061 3066/3066/3066
f 3069/3069/3069 3068/3068/3068 3066/3066/3066
f 3069/3069/3069 3066/3066/3066 3067/3067/3067
f 3070/3070/3070 3068/3068/3068 3069/3069/3069
f 3069/3069/3069 3071/3071/3071 3070/3070/3070
f 3072/3072/3072 3070/3070/3070 3071/3071/3071
f 3072/3072/3072 3071/3071/3071 3073/3073/3073
f 3063/3063/3063 3062/3062/3062 3074/3074/3074
f 3064/3064/3064 3074/3074/3074 3062/3062/3062
f 3064/3064/3064 3065/3065/3065 3075/3075/3075
f 980/980/980 3075/3075/3075 3065/3065/3065
f 3064/3064/3064 3075/3075/3075 3076/3076/3076
f 3076/3076/3076 3074/3074/3074 3064/3064/3064
f 980/980/980 3077/3077/3077 3075/3075/3075
f 3076/3076/3076 3075/3075/3075 3077/3077/3077
f 979/979/979 3077/3077/3077 980/980/980
f 3076/3076/3076 3077/3077/3077 979/979/979
f 3076/3076/3076 979/979/979 3078/3078/3078
f 3078/3078/3078 979/979/979 879/879/879
f 3076/3076/3076 3079/3079/3079 3074/3074/3074
f 3078/3078/3078 3079/3079/3079 3076/3076/3076
f 3080/3080/3080 3078/3078/3078 879/879/879
f 3078/3078/3078 3080/3080/3080 3079/3079/3079
f 881/881/881 3080/3080/3080 879/879/879
f 3080/3080/3080 881/881/881 3079/3079/3079
f 3079/3079/3079 881/881/881 3081/3081/3081
f 3082/3082/3082 3074/3074/3074 3079/3079/3079
f 3079/3079/3079 3081/3081/3081 3082/3082/3082
f 3082/3082/3082 3081/3081/3081 3083/3083/3083
f 3063/3063/3063 3074/3074/3074 3082/3082/3082
f 3082/3082/3082 3083/3083/3083 3084/3084/3084
f 3084/3084/3084 3063/3063/3063 3082/3082/3082
f 3085/3085/3085 3084/3084/3084 3083/3083/3083
f 3086/3086/3086 3084/3084/3084 3085/3085/3085
f 3087/3087/3087 3084/3084/3084 3086/3086/3086
f 3087/3087/3087 3063/3063/3063 3084/3084/3084
f 3088/3088/3088 3063/3063/3063 3087/3087/3087
f 3088/3088/3088 3089/3089/3089 3063/3063/3063
f 3089/3089/3089 3060/3060/3060 3063/3063/3063
f 3090/3090/3090 3089/3089/3089 3088/3088/3088
f 3067/3067/3067 3060/3060/3060 3089/3089/3089
f 3067/3067/3067 3089/3089/3089 3090/3090/3090
f 3091/3091/3091 3067/3067/3067 3090/3090/3090
f 3092/3092/3092 3067/3067/3067 3091/3091/3091
f 3093/3093/3093 3067/3067/3067 3092/3092/3092
f 3093/3093/3093 3069/3069/3069 3067/3067/3067
f 3094/3094/3094 3093/3093/3093 3092/3092/3092
f 3071/3071/3071 3069/3069/3069 3093/3093/3093
f 3095/3095/3095 3093/3093/3093 3094/3094/3094
f 3095/3095/3095 3071/3071/3071 3093/3093/3093
f 3094/3094/3094 3096/3096/3096 3095/3095/3095
f 3097/3097/3097 3071/3071/3071 3095/3095/3095
f 3096/3096/3096 3097/3097/3097 3095/3095/3095
f 3073/3073/3073 3071/3071/3071 3097/3097/3097
f 3073/3073/3073 3097/3097/3097 3096/3096/3096
f 3100/3100/3100 3099/3099/3099 3098/3098/3098
f 3101/3101/3101 3099/3099/3099 3100/3100/3100
f 3102/3102/3102 3101/3101/3101 3100/3100/3100
f 3101/3101/3101 3103/3103/3103 3099/3099/3099
f 3104/3104/3104 3101/3101/3101 3102/3102/3102
f 3105/3105/3105 3104/3104/3104 3102/3102/3102
f 3106/3106/3106 3103/3103/3103 3101/3101/3101
f 3104/3104/3104 3106/3106/3106 3101/3101/3101
f 3106/3106/3106 3107/3107/3107 3103/3103/3103
f 3108/3108/3108 3106/3106/3106 3104/3104/3104
f 3108/3108/3108 3109/3109/3109 3106/3106/3106
f 3109/3109/3109 3107/3107/3107 3106/3106/3106
f 3110/3110/3110 3109/3109/3109 3108/3108/3108
f 3111/3111/3111 3104/3104/3104 3105/3105/3105
f 3111/3111/3111 3108/3108/3108 3104/3104/3104
f 3112/3112/3112 3111/3111/3111 3105/3105/3105
f 3113/3113/3113 3111/3111/3111 3112/3112/3112
f 3114/3114/3114 3113/3113/3113 3112/3112/3112
f 3115/3115/3115 3113/3113/3113 3114/3114/3114
f 3113/3113/3113 3116/3116/3116 3111/3111/3111
f 3116/3116/3116 3108/3108/3108 3111/3111/3111
f 3115/3115/3115 3117/3117/3117 3113/3113/3113
f 3117/3117/3117 3116/3116/3116 3113/3113/3113
f 3118/3118/3118 3117/3117/3117 3115/3115/3115
f 3116/3116/3116 3119/3119/3119 3108/3108/3108
f 3117/3117/3117 3119/3119/3119 3116/3116/3116
f 3118/3118/3118 3120/3120/3120 3117/3117/3117
f 3121/3121/3121 3120/3120/3120 3118/3118/3118
f 3117/3117/3117 3122/3122/3122 3119/3119/3119
f 3120/3120/3120 3122/3122/3122 3117/3117/3117
f 3121/3121/3121 3123/3123/3123 3120/3120/3120
f 3124/3124/3124 3123/3123/3123 3121/3121/3121
f 3124/3124/3124 3125/3125/3125 3123/3123/3123
f 3126/3126/3126 3123/3123/3123 3125/3125/3125
f 3127/3127/3127 3123/3123/3123 3126/3126/3126
f 3127/3127/3127 3120/3120/3120 3123/3123/3123
f 3126/3126/3126 3128/3128/3128 3127/3127/3127
f 3120/3120/3120 3129/3129/3129 3122/3122/3122
f 3127/3127/3127 3129/3129/3129 3120/3120/3120
f 3128/3128/3128 3130/3130/3130 3127/3127/3127
f 3127/3127/3127 3130/3130/3130 3129/3129/3129
f 3131/3131/3131 3122/3122/3122 3129/3129/3129
f 3119/3119/3119 3122/3122/3122 3131/3131/3131
f 3128/3128/3128 3132/3132/3132 3130/3130/3130
f 3133/3133/3133 3132/3132/3132 3128/3128/3128
f 3134/3134/3134 3129/3129/3129 3130/3130/3130
f 3131/3131/3131 3129/3129/3129 3134/3134/3134
f 3133/3133/3133 3135/3135/3135 3132/3132/3132
f 3136/3136/3136 3135/3135/3135 3133/3133/3133
f 3136/3136/3136 3137/3137/3137 3135/3135/3135
f 3138/3138/3138 3135/3135/3135 3137/3137/3137
f 3139/3139/3139 3135/3135/3135 3138/3138/3138
f 3139/3139/3139 3132/3132/3132 3135/3135/3135
f 3139/3139/3139 3138/3138/3138 3140/3140/3140
f 3141/3141/3141 3130/3130/3130 3132/3132/3132
f 3134/3134/3134 3130/3130/3130 3141/3141/3141
f 3141/3141/3141 3132/3132/3132 3139/3139/3139
f 3139/3139/3139 3140/3140/3140 3142/3142/3142
f 3142/3142/3142 3140/3140/3140 3143/3143/3143
f 3144/3144/3144 3141/3141/3141 3139/3139/3139
f 3142/3142/3142 3144/3144/3144 3139/3139/3139
f 3145/3145/3145 3134/3134/3134 3141/3141/3141
f 3145/3145/3145 3141/3141/3141 3144/3144/3144
f 3146/3146/3146 3131/3131/3131 3134/3134/3134
f 3146/3146/3146 3134/3134/3134 3145/3145/3145
f 3147/3147/3147 3145/3145/3145 3144/3144/3144
f 3147/3147/3147 3144/3144/3144 3142/3142/3142
f 3142/3142/3142 3143/3143/3143 3148/3148/3148
f 3148/3148/3148 3143/3143/3143 3149/3149/3149
f 3149/3149/3149 3150/3150/3150 3148/3148/3148
f 3151/3151/3151 3142/3142/3142 3148/3148/3148
f 3147/3147/3147 3142/3142/3142 3151/3151/3151
f 3151/3151/3151 3152/3152/3152 3147/3147/3147
f 3151/3151/3151 3153/3153/3153 3152/3152/3152
f 3148/3148/3148 3153/3153/3153 3151/3151/3151
f 3148/3148/3148 3150/3150/3150 3153/3153/3153
f 3154/3154/3154 3153/3153/3153 3150/3150/3150
f 3155/3155/3155 3153/3153/3153 3154/3154/3154
f 3155/3155/3155 3152/3152/3152 3153/3153/3153
f 3156/3156/3156 3155/3155/3155 3154/3154/3154
f 3157/3157/3157 3145/3145/3145 3147/3147/3147
f 3157/3157/3157 3146/3146/3146 3145/3145/3145
f 3158/3158/3158 3155/3155/3155 3156/3156/3156
f 3159/3159/3159 3158/3158/3158 3156/3156/3156
f 3160/3160/3160 3158/3158/3158 3159/3159/3159
f 3161/3161/3161 3160/3160/3160 3159/3159/3159
f 3160/3160/3160 3162/3162/3162 3158/3158/3158
f 3158/3158/3158 3163/3163/3163 3155/3155/3155
f 3162/3162/3162 3163/3163/3163 3158/3158/3158
f 3163/3163/3163 3152/3152/3152 3155/3155/3155
f 3162/3162/3162 3164/3164/3164 3163/3163/3163
f 3164/3164/3164 3165/3165/3165 3163/3163/3163
f 3163/3163/3163 3165/3165/3165 3152/3152/3152
f 3166/3166/3166 3152/3152/3152 3165/3165/3165
f 3147/3147/3147 3152/3152/3152 3167/3167/3167
f 3167/3167/3167 3157/3157/3157 3147/3147/3147
f 3168/3168/3168 3152/3152/3152 3166/3166/3166
f 3168/3168/3168 3167/3167/3167 3152/3152/3152
f 3169/3169/3169 3157/3157/3157 3167/3167/3167
f 3169/3169/3169 3167/3167/3167 3168/3168/3168
f 3170/3170/3170 3168/3168/3168 3166/3166/3166
f 3166/3166/3166 3171/3171/3171 3170/3170/3170
f 3169/3169/3169 3172/3172/3172 3157/3157/3157
f 3172/3172/3172 3146/3146/3146 3157/3157/3157
f 3173/3173/3173 3169/3169/3169 3168/3168/3168
f 3173/3173/3173 3168/3168/3168 3170/3170/3170
f 3171/3171/3171 3174/3174/3174 3170/3170/3170
f 3171/3171/3171 3175/3175/3175 3174/3174/3174
f 3176/3176/3176 3174/3174/3174 3175/3175/3175
f 3172/3172/3172 3177/3177/3177 3146/3146/3146
f 3177/3177/3177 3131/3131/3131 3146/3146/3146
f 3177/3177/3177 3119/3119/3119 3131/3131/3131
f 3178/3178/3178 3172/3172/3172 3169/3169/3169
f 3178/3178/3178 3169/3169/3169 3173/3173/3173
f 3179/3179/3179 3173/3173/3173 3170/3170/3170
f 3170/3170/3170 3174/3174/3174 3179/3179/3179
f 3180/3180/3180 3119/3119/3119 3177/3177/3177
f 3180/3180/3180 3108/3108/3108 3119/3119/3119
f 3181/3181/3181 3177/3177/3177 3172/3172/3172
f 3181/3181/3181 3180/3180/3180 3177/3177/3177
f 3178/3178/3178 3181/3181/3181 3172/3172/3172
f 3108/3108/3108 3180/3180/3180 3182/3182/3182
f 3182/3182/3182 3180/3180/3180 3181/3181/3181
f 3110/3110/3110 3108/3108/3108 3182/3182/3182
f 3183/3183/3183 3178/3178/3178 3173/3173/3173
f 3183/3183/3183 3173/3173/3173 3179/3179/3179
f 3184/3184/3184 3181/3181/3181 3178/3178/3178
f 3182/3182/3182 3181/3181/3181 3184/3184/3184
f 3184/3184/3184 3178/3178/3178 3183/3183/3183
f 3110/3110/3110 3182/3182/3182 3185/3185/3185
f 3185/3185/3185 3182/3182/3182 3184/3184/3184
f 3186/3186/3186 3110/3110/3110 3185/3185/3185
f 3187/3187/3187 3184/3184/3184 3183/3183/3183
f 3185/3185/3185 3184/3184/3184 3187/3187/3187
f 3186/3186/3186 3185/3185/3185 3188/3188/3188
f 3188/3188/3188 3185/3185/3185 3187/3187/3187
f 3189/3189/3189 3186/3186/3186 3188/3188/3188
f 3190/3190/3190 3183/3183/3183 3179/3179/3179
f 3187/3187/3187 3183/3183/3183 3190/3190/3190
f 3188/3188/3188 3187/3187/3187 3191/3191/3191
f 3191/3191/3191 3187/3187/3187 3190/3190/3190
f 3189/3189/3189 3188/3188/3188 3192/3192/3192
f 3192/3192/3192 3188/3188/3188 3191/3191/3191
f 3192/3192/3192 3193/3193/3193 3189/3189/3189
f 3194/3194/3194 3193/3193/3193 3192/3192/3192
f 3190/3190/3190 3179/3179/3179 3195/3195/3195
f 3174/3174/3174 3195/3195/3195 3179/3179/3179
f 3194/3194/3194 3192/3192/3192 3196/3196/3196
f 3194/3194/3194 3196/3196/3196 3197/3197/3197
f 3191/3191/3191 3198/3198/3198 3192/3192/3192
f 3198/3198/3198 3196/3196/3196 3192/3192/3192
f 3199/3199/3199 3191/3191/3191 3190/3190/3190
f 3190/3190/3190 3195/3195/3195 3199/3199/3199
f 3200/3200/3200 3195/3195/3195 3174/3174/3174
f 3200/3200/3200 3174/3174/3174 3176/3176/3176
f 3197/3197/3197 3196/3196/3196 3201/3201/3201
f 3197/3197/3197 3201/3201/3201 3202/3202/3202
f 3203/3203/3203 3191/3191/3191 3199/3199/3199
f 3203/3203/3203 3198/3198/3198 3191/3191/3191
f 3199/3199/3199 3195/3195/3195 3204/3204/3204
f 3200/3200/3200 3204/3204/3204 3195/3195/3195
f 3199/3199/3199 3204/3204/3204 3203/3203/3203
f 3176/3176/3176 3205/3205/3205 3200/3200/3200
f 3205/3205/3205 3204/3204/3204 3200/3200/3200
f 3206/3206/3206 3205/3205/3205 3176/3176/3176
f 3207/3207/3207 3196/3196/3196 3198/3198/3198
f 3207/3207/3207 3201/3201/3201 3196/3196/3196
f 3202/3202/3202 3201/3201/3201 3208/3208/3208
f 3202/3202/3202 3208/3208/3208 3209/3209/3209
f 3210/3210/3210 3198/3198/3198 3203/3203/3203
f 3210/3210/3210 3207/3207/3207 3198/3198/3198
f 3203/3203/3203 3204/3204/3204 3211/3211/3211
f 3205/3205/3205 3211/3211/3211 3204/3204/3204
f 3203/3203/3203 3211/3211/3211 3210/3210/3210
f 3206/3206/3206 3212/3212/3212 3205/3205/3205
f 3212/3212/3212 3211/3211/3211 3205/3205/3205
f 3213/3213/3213 3212/3212/3212 3206/3206/3206
f 3214/3214/3214 3201/3201/3201 3207/3207/3207
f 3214/3214/3214 3208/3208/3208 3201/3201/3201
f 3209/3209/3209 3208/3208/3208 3215/3215/3215
f 3215/3215/3215 3216/3216/3216 3209/3209/3209
f 3217/3217/3217 3216/3216/3216 3215/3215/3215
f 3218/3218/3218 3207/3207/3207 3210/3210/3210
f 3218/3218/3218 3214/3214/3214 3207/3207/3207
f 3210/3210/3210 3211/3211/3211 3219/3219/3219
f 3212/3212/3212 3219/3219/3219 3211/3211/3211
f 3210/3210/3210 3219/3219/3219 3218/3218/3218
f 3213/3213/3213 3220/3220/3220 3212/3212/3212
f 3220/3220/3220 3219/3219/3219 3212/3212/3212
f 3221/3221/3221 3220/3220/3220 3213/3213/3213
f 3222/3222/3222 3208/3208/3208 3214/3214/3214
f 3222/3222/3222 3215/3215/3215 3208/3208/3208
f 3223/3223/3223 3214/3214/3214 3218/3218/3218
f 3223/3223/3223 3222/3222/3222 3214/3214/3214
f 3218/3218/3218 3219/3219/3219 3224/3224/3224
f 3220/3220/3220 3224/3224/3224 3219/3219/3219
f 3218/3218/3218 3224/3224/3224 3223/3223/3223
f 3221/3221/3221 3225/3225/3225 3220/3220/3220
f 3225/3225/3225 3224/3224/3224 3220/3220/3220
f 3226/3226/3226 3225/3225/3225 3221/3221/3221
f 3223/3223/3223 3224/3224/3224 3227/3227/3227
f 3225/3225/3225 3227/3227/3227 3224/3224/3224
f 3226/3226/3226 3228/3228/3228 3225/3225/3225
f 3228/3228/3228 3227/3227/3227 3225/3225/3225
f 3229/3229/3229 3228/3228/3228 3226/3226/3226
f 3229/3229/3229 3230/3230/3230 3228/3228/3228
f 3231/3231/3231 3222/3222/3222 3223/3223/3223
f 3223/3223/3223 3227/3227/3227 3231/3231/3231
f 3232/3232/3232 3215/3215/3215 3222/3222/3222
f 3231/3231/3231 3232/3232/3232 3222/3222/3222
f 3228/3228/3228 3233/3233/3233 3227/3227/3227
f 3231/3231/3231 3227/3227/3227 3233/3233/3233
f 3230/3230/3230 3234/3234/3234 3228/3228/3228
f 3234/3234/3234 3233/3233/3233 3228/3228/3228
f 3231/3231/3231 3233/3233/3233 3235/3235/3235
f 3235/3235/3235 3232/3232/3232 3231/3231/3231
f 3232/3232/3232 3236/3236/3236 3215/3215/3215
f 3236/3236/3236 3217/3217/3217 3215/3215/3215
f 3237/3237/3237 3234/3234/3234 3230/3230/3230
f 3238/3238/3238 3237/3237/3237 3230/3230/3230
f 3239/3239/3239 3237/3237/3237 3238/3238/3238
f 3234/3234/3234 3240/3240/3240 3233/3233/3233
f 3235/3235/3235 3233/3233/3233 3240/3240/3240
f 3237/3237/3237 3240/3240/3240 3234/3234/3234
f 3235/3235/3235 3241/3241/3241 3232/3232/3232
f 3241/3241/3241 3236/3236/3236 3232/3232/3232
f 3242/3242/3242 3217/3217/3217 3236/3236/3236
f 3241/3241/3241 3242/3242/3242 3236/3236/3236
f 3242/3242/3242 3243/3243/3243 3217/3217/3217
f 3244/3244/3244 3243/3243/3243 3242/3242/3242
f 3239/3239/3239 3245/3245/3245 3237/3237/3237
f 3239/3239/3239 3246/3246/3246 3245/3245/3245
f 3235/3235/3235 3240/3240/3240 3247/3247/3247
f 3247/3247/3247 3241/3241/3241 3235/3235/3235
f 3237/3237/3237 3248/3248/3248 3240/3240/3240
f 3245/3245/3245 3248/3248/3248 3237/3237/3237
f 3247/3247/3247 3240/3240/3240 3248/3248/3248
f 3249/3249/3249 3242/3242/3242 3241/3241/3241
f 3247/3247/3247 3249/3249/3249 3241/3241/3241
f 3250/3250/3250 3244/3244/3244 3242/3242/3242
f 3249/3249/3249 3250/3250/3250 3242/3242/3242
f 3251/3251/3251 3244/3244/3244 3250/3250/3250
f 3247/3247/3247 3248/3248/3248 3252/3252/3252
f 3252/3252/3252 3249/3249/3249 3247/3247/3247
f 3252/3252/3252 3248/3248/3248 3253/3253/3253
f 3245/3245/3245 3253/3253/3253 3248/3248/3248
f 3245/3245/3245 3246/3246/3246 3254/3254/3254
f 3246/3246/3246 3255/3255/3255 3254/3254/3254
f 3252/3252/3252 3256/3256/3256 3249/3249/3249
f 3253/3253/3253 3256/3256/3256 3252/3252/3252
f 3257/3257/3257 3253/3253/3253 3245/3245/3245
f 3245/3245/3245 3254/3254/3254 3257/3257/3257
f 3257/3257/3257 3258/3258/3258 3253/3253/3253
f 3257/3257/3257 3254/3254/3254 3258/3258/3258
f 3253/3253/3253 3258/3258/3258 3256/3256/3256
f 3254/3254/3254 3255/3255/3255 3259/3259/3259
f 3254/3254/3254 3259/3259/3259 3258/3258/3258
f 3260/3260/3260 3259/3259/3259 3255/3255/3255
f 3261/3261/3261 3259/3259/3259 3260/3260/3260
f 3262/3262/3262 3261/3261/3261 3260/3260/3260
f 3258/3258/3258 3259/3259/3259 3263/3263/3263
f 3261/3261/3261 3263/3263/3263 3259/3259/3259
f 3264/3264/3264 3261/3261/3261 3262/3262/3262
f 3265/3265/3265 3264/3264/3264 3262/3262/3262
f 3266/3266/3266 3264/3264/3264 3265/3265/3265
f 3264/3264/3264 3267/3267/3267 3261/3261/3261
f 3267/3267/3267 3263/3263/3263 3261/3261/3261
f 3266/3266/3266 3268/3268/3268 3264/3264/3264
f 3268/3268/3268 3267/3267/3267 3264/3264/3264
f 3269/3269/3269 3268/3268/3268 3266/3266/3266
f 3258/3258/3258 3263/3263/3263 3270/3270/3270
f 3270/3270/3270 3256/3256/3256 3258/3258/3258
f 3267/3267/3267 3271/3271/3271 3263/3263/3263
f 3270/3270/3270 3263/3263/3263 3271/3271/3271
f 3268/3268/3268 3272/3272/3272 3267/3267/3267
f 3272/3272/3272 3271/3271/3271 3267/3267/3267
f 3269/3269/3269 3273/3273/3273 3268/3268/3268
f 3273/3273/3273 3272/3272/3272 3268/3268/3268
f 3274/3274/3274 3273/3273/3273 3269/3269/3269
f 3274/3274/3274 3275/3275/3275 3273/3273/3273
f 3275/3275/3275 3276/3276/3276 3273/3273/3273
f 3273/3273/3273 3276/3276/3276 3272/3272/3272
f 3275/3275/3275 3277/3277/3277 3276/3276/3276
f 3272/3272/3272 3278/3278/3278 3271/3271/3271
f 3276/3276/3276 3278/3278/3278 3272/3272/3272
f 3277/3277/3277 3279/3279/3279 3276/3276/3276
f 3276/3276/3276 3279/3279/3279 3278/3278/3278
f 3277/3277/3277 3280/3280/3280 3279/3279/3279
f 3280/3280/3280 3281/3281/3281 3279/3279/3279
f 3279/3279/3279 3281/3281/3281 3282/3282/3282
f 3279/3279/3279 3282/3282/3282 3278/3278/3278
f 3281/3281/3281 3283/3283/3283 3282/3282/3282
f 3278/3278/3278 3284/3284/3284 3271/3271/3271
f 3278/3278/3278 3282/3282/3282 3284/3284/3284
f 3271/3271/3271 3284/3284/3284 3270/3270/3270
f 3282/3282/3282 3283/3283/3283 3285/3285/3285
f 3282/3282/3282 3285/3285/3285 3284/3284/3284
f 3283/3283/3283 3286/3286/3286 3285/3285/3285
f 3284/3284/3284 3287/3287/3287 3270/3270/3270
f 3284/3284/3284 3285/3285/3285 3287/3287/3287
f 3270/3270/3270 3287/3287/3287 3256/3256/3256
f 3285/3285/3285 3286/3286/3286 3288/3288/3288
f 3285/3285/3285 3288/3288/3288 3287/3287/3287
f 3286/3286/3286 3251/3251/3251 3288/3288/3288
f 3288/3288/3288 3251/3251/3251 3250/3250/3250
f 3287/3287/3287 3289/3289/3289 3256/3256/3256
f 3256/3256/3256 3289/3289/3289 3249/3249/3249
f 3289/3289/3289 3250/3250/3250 3249/3249/3249
f 3287/3287/3287 3288/3288/3288 3290/3290/3290
f 3290/3290/3290 3288/3288/3288 3250/3250/3250
f 3289/3289/3289 3290/3290/3290 3250/3250/3250
f 3287/3287/3287 3290/3290/3290 3289/3289/3289
f 3293/3293/3293 3292/3292/3292 3291/3291/3291
f 3293/3293/3293 3294/3294/3294 3292/3292/3292
f 3295/3295/3295 3292/3292/3292 3294/3294/3294
f 3295/3295/3295 3296/3296/3296 3292/3292/3292
f 3297/3297/3297 3296/3296/3296 3295/3295/3295
f 3298/3298/3298 3295/3295/3295 3294/3294/3294
f 3294/3294/3294 3299/3299/3299 3298/3298/3298
f 3294/3294/3294 3300/3300/3300 3299/3299/3299
f 3300/3300/3300 3301/3301/3301 3299/3299/3299
f 3298/3298/3298 3302/3302/3302 3295/3295/3295
f 3302/3302/3302 3297/3297/3297 3295/3295/3295
f 3302/3302/3302 3303/3303/3303 3297/3297/3297
f 3297/3297/3297 3303/3303/3303 3304/3304/3304
f 3302/3302/3302 3305/3305/3305 3303/3303/3303
f 3306/3306/3306 3297/3297/3297 3304/3304/3304
f 3306/3306/3306 3304/3304/3304 3307/3307/3307
f 3303/3303/3303 3305/3305/3305 3308/3308/3308
f 3307/3307/3307 3304/3304/3304 3309/3309/3309
f 3307/3307/3307 3309/3309/3309 3310/3310/3310
f 3311/3311/3311 3310/3310/3310 3309/3309/3309
f 3311/3311/3311 3309/3309/3309 3312/3312/3312
f 3312/3312/3312 3309/3309/3309 3313/3313/3313
f 3313/3313/3313 3309/3309/3309 3304/3304/3304
f 3312/3312/3312 3313/3313/3313 3314/3314/3314
f 3315/3315/3315 3314/3314/3314 3313/3313/3313
f 3304/3304/3304 3316/3316/3316 3313/3313/3313
f 3304/3304/3304 3317/3317/3317 3316/3316/3316
f 3304/3304/3304 3303/3303/3303 3317/3317/3317
f 3318/3318/3318 3316/3316/3316 3317/3317/3317
f 3318/3318/3318 3317/3317/3317 3319/3319/3319
f 3319/3319/3319 3317/3317/3317 3320/3320/3320
f 3303/3303/3303 3320/3320/3320 3317/3317/3317
f 3321/3321/3321 3318/3318/3318 3319/3319/3319
f 3320/3320/3320 3322/3322/3322 3319/3319/3319
f 3303/3303/3303 3322/3322/3322 3320/3320/3320
f 3323/3323/3323 3318/3318/3318 3321/3321/3321
f 3324/3324/3324 3322/3322/3322 3303/3303/3303
f 3303/3303/3303 3308/3308/3308 3324/3324/3324
f 3324/3324/3324 3308/3308/3308 3325/3325/3325
f 3308/3308/3308 3326/3326/3326 3325/3325/3325
f 3324/3324/3324 3327/3327/3327 3322/3322/3322
f 3325/3325/3325 3327/3327/3327 3324/3324/3324
f 3326/3326/3326 3328/3328/3328 3325/3325/3325
f 3325/3325/3325 3329/3329/3329 3327/3327/3327
f 3330/3330/3330 3325/3325/3325 3328/3328/3328
f 3331/3331/3331 3329/3329/3329 3325/3325/3325
f 3330/3330/3330 3332/3332/3332 3325/3325/3325
f 3325/3325/3325 3332/3332/3332 3331/3331/3331
f 3331/3331/3331 3332/3332/3332 3333/3333/3333
f 3332/3332/3332 3334/3334/3334 3333/3333/3333
f 3332/3332/3332 3335/3335/3335 3334/3334/3334
f 3332/3332/3332 3336/3336/3336 3335/3335/3335
f 3337/3337/3337 3336/3336/3336 3332/3332/3332
f 3330/3330/3330 3338/3338/3338 3332/3332/3332
f 3339/3339/3339 3337/3337/3337 3332/3332/3332
f 3339/3339/3339 3332/3332/3332 3338/3338/3338
f 3339/3339/3339 3338/3338/3338 3340/3340/3340
f 3343/3343/3343 3342/3342/3342 3341/3341/3341
f 3343/3343/3343 3341/3341/3341 3344/3344/3344
f 3345/3345/3345 3344/3344/3344 3341/3341/3341
f 3341/3341/3341 3323/3323/3323 3345/3345/3345
f 3345/3345/3345 3323/3323/3323 3321/3321/3321
f 3321/3321/3321 3346/3346/3346 3345/3345/3345
f 3347/3347/3347 3345/3345/3345 3346/3346/3346
f 3350/3350/3350 3349/3349/3349 3348/3348/3348
f 3350/3350/3350 3351/3351/3351 3349/3349/3349
f 3352/3352/3352 3351/3351/3351 3350/3350/3350
f 3350/3350/3350 3353/3353/3353 3352/3352/3352
f 3352/3352/3352 3354/3354/3354 3351/3351/3351
f 3355/3355/3355 3352/3352/3352 3353/3353/3353
f 3356/3356/3356 3355/3355/3355 3353/3353/3353
f 3357/3357/3357 3354/3354/3354 3352/3352/3352
f 3357/3357/3357 3358/3358/3358 3354/3354/3354
f 3359/3359/3359 3358/3358/3358 3357/3357/3357
f 3358/3358/3358 3360/3360/3360 3354/3354/3354
f 3354/3354/3354 3360/3360/3360 3361/3361/3361
f 3361/3361/3361 3360/3360/3360 3362/3362/3362
f 3359/3359/3359 3363/3363/3363 3358/3358/3358
f 3359/3359/3359 3364/3364/3364 3363/3363/3363
f 3365/3365/3365 3364/3364/3364 3359/3359/3359
f 3366/3366/3366 3364/3364/3364 3365/3365/3365
f 3366/3366/3366 3367/3367/3367 3364/3364/3364
f 3367/3367/3367 3368/3368/3368 3364/3364/3364
f 3364/3364/3364 3368/3368/3368 3369/3369/3369
f 3364/3364/3364 3369/3369/3369 3370/3370/3370
f 3363/3363/3363 3364/3364/3364 3370/3370/3370
f 3370/3370/3370 3369/3369/3369 3371/3371/3371
f 3363/3363/3363 3372/3372/3372 3358/3358/3358
f 3358/3358/3358 3372/3372/3372 3360/3360/3360
f 3363/3363/3363 3373/3373/3373 3372/3372/3372
f 3372/3372/3372 3374/3374/3374 3360/3360/3360
f 3372/3372/3372 3373/3373/3373 3374/3374/3374
f 3374/3374/3374 3375/3375/3375 3360/3360/3360
f 3375/3375/3375 3362/3362/3362 3360/3360/3360
f 3373/3373/3373 3376/3376/3376 3374/3374/3374
f 3377/3377/3377 3375/3375/3375 3374/3374/3374
f 3373/3373/3373 3378/3378/3378 3376/3376/3376
f 3379/3379/3379 3378/3378/3378 3373/3373/3373
f 3379/3379/3379 3380/3380/3380 3378/3378/3378
f 3380/3380/3380 3381/3381/3381 3378/3378/3378
f 3378/3378/3378 3382/3382/3382 3376/3376/3376
f 3378/3378/3378 3383/3383/3383 3382/3382/3382
f 3383/3383/3383 3384/3384/3384 3382/3382/3382
f 3385/3385/3385 3375/3375/3375 3377/3377/3377
f 3385/3385/3385 3362/3362/3362 3375/3375/3375
f 3377/3377/3377 3386/3386/3386 3385/3385/3385
f 3387/3387/3387 3362/3362/3362 3385/3385/3385
f 3387/3387/3387 3388/3388/3388 3362/3362/3362
f 3389/3389/3389 3388/3388/3388 3387/3387/3387
f 3385/3385/3385 3390/3390/3390 3387/3387/3387
f 3387/3387/3387 3391/3391/3391 3389/3389/3389
f 3390/3390/3390 3392/3392/3392 3387/3387/3387
f 3387/3387/3387 3392/3392/3392 3391/3391/3391
f 3390/3390/3390 3393/3393/3393 3392/3392/3392
f 3394/3394/3394 3391/3391/3391 3392/3392/3392
f 3394/3394/3394 3395/3395/3395 3391/3391/3391
f 3396/3396/3396 3392/3392/3392 3393/3393/3393
f 3396/3396/3396 3393/3393/3393 3397/3397/3397
f 3400/3400/3400 3399/3399/3399 3398/3398/3398
f 3401/3401/3401 3399/3399/3399 3400/3400/3400
f 3399/3399/3399 3401/3401/3401 3402/3402/3402
f 3399/3399/3399 3402/3402/3402 3403/3403/3403
f 3404/3404/3404 3402/3402/3402 3401/3401/3401
f 3405/3405/3405 3403/3403/3403 3402/3402/3402
f 3405/3405/3405 3406/3406/3406 3403/3403/3403
f 3404/3404/3404 3407/3407/3407 3402/3402/3402
f 3408/3408/3408 3407/3407/3407 3404/3404/3404
f 3408/3408/3408 3409/3409/3409 3407/3407/3407
f 3408/3408/3408 3410/3410/3410 3409/3409/3409
f 3411/3411/3411 3408/3408/3408 3404/3404/3404
f 3411/3411/3411 3404/3404/3404 3412/3412/3412
f 3413/3413/3413 3410/3410/3410 3408/3408/3408
f 3413/3413/3413 3414/3414/3414 3410/3410/3410
f 3415/3415/3415 3414/3414/3414 3413/3413/3413
f 3415/3415/3415 3413/3413/3413 3416/3416/3416
f 3416/3416/3416 3413/3413/3413 3417/3417/3417
f 3417/3417/3417 3413/3413/3413 3408/3408/3408
f 3418/3418/3418 3417/3417/3417 3408/3408/3408
f 3419/3419/3419 3417/3417/3417 3418/3418/3418
f 3408/3408/3408 3420/3420/3420 3418/3418/3418
f 3421/3421/3421 3420/3420/3420 3408/3408/3408
f 3421/3421/3421 3408/3408/3408 3411/3411/3411
f 3422/3422/3422 3420/3420/3420 3421/3421/3421
f 3412/3412/3412 3423/3423/3423 3411/3411/3411
f 3412/3412/3412 3424/3424/3424 3423/3423/3423
f 3424/3424/3424 3425/3425/3425 3423/3423/3423
f 3423/3423/3423 3425/3425/3425 3426/3426/3426
f 3411/3411/3411 3427/3427/3427 3421/3421/3421
f 3422/3422/3422 3421/3421/3421 3427/3427/3427
f 3411/3411/3411 3423/3423/3423 3428/3428/3428
f 3427/3427/3427 3411/3411/3411 3428/3428/3428
f 3429/3429/3429 3427/3427/3427 3428/3428/3428
f 3430/3430/3430 3429/3429/3429 3428/3428/3428
f 3431/3431/3431 3430/3430/3430 3428/3428/3428
f 3431/3431/3431 3428/3428/3428 3432/3432/3432
f 3428/3428/3428 3423/3423/3423 3432/3432/3432
f 3423/3423/3423 3426/3426/3426 3432/3432/3432
f 3422/3422/3422 3427/3427/3427 3433/3433/3433
f 3432/3432/3432 3426/3426/3426 3434/3434/3434
f 3432/3432/3432 3434/3434/3434 3435/3435/3435
f 3426/3426/3426 3436/3436/3436 3434/3434/3434
f 3435/3435/3435 3434/3434/3434 3437/3437/3437
f 3435/3435/3435 3437/3437/3437 3438/3438/3438
f 3434/3434/3434 3436/3436/3436 3439/3439/3439
f 3440/3440/3440 3439/3439/3439 3436/3436/3436
f 3422/3422/3422 3433/3433/3433 3441/3441/3441
f 3441/3441/3441 3442/3442/3442 3422/3422/3422
f 3441/3441/3441 3443/3443/3443 3442/3442/3442
f 3441/3441/3441 3444/3444/3444 3443/3443/3443
f 3433/3433/3433 3445/3445/3445 3441/3441/3441
f 3441/3441/3441 3445/3445/3445 3446/3446/3446
f 3445/3445/3445 3447/3447/3447 3446/3446/3446
f 3450/3450/3450 3449/3449/3449 3448/3448/3448
f 3450/3450/3450 3451/3451/3451 3449/3449/3449
f 3449/3449/3449 3451/3451/3451 3452/3452/3452
f 3453/3453/3453 3452/3452/3452 3451/3451/3451
f 3454/3454/3454 3452/3452/3452 3453/3453/3453
f 3455/3455/3455 3454/3454/3454 3453/3453/3453
f 3456/3456/3456 3455/3455/3455 3453/3453/3453
f 3457/3457/3457 3456/3456/3456 3453/3453/3453
f 3457/3457/3457 3453/3453/3453 3458/3458/3458
f 3459/3459/3459 3451/3451/3451 3450/3450/3450
f 3458/3458/3458 3453/3453/3453 3460/3460/3460
f 3453/3453/3453 3451/3451/3451 3460/3460/3460
f 3458/3458/3458 3460/3460/3460 3461/3461/3461
f 3459/3459/3459 3462/3462/3462 3451/3451/3451
f 3460/3460/3460 3451/3451/3451 3462/3462/3462
f 3463/3463/3463 3462/3462/3462 3459/3459/3459
f 3461/3461/3461 3460/3460/3460 3464/3464/3464
f 3460/3460/3460 3462/3462/3462 3465/3465/3465
f 3464/3464/3464 3460/3460/3460 3465/3465/3465
f 3463/3463/3463 3466/3466/3466 3462/3462/3462
f 3465/3465/3465 3462/3462/3462 3466/3466/3466
f 3461/3461/3461 3464/3464/3464 3467/3467/3467
f 3468/3468/3468 3461/3461/3461 3467/3467/3467
f 3468/3468/3468 3467/3467/3467 3469/3469/3469
f 3470/3470/3470 3466/3466/3466 3463/3463/3463
f 3463/3463/3463 3471/3471/3471 3470/3470/3470
f 3471/3471/3471 3472/3472/3472 3470/3470/3470
f 3464/3464/3464 3465/3465/3465 3473/3473/3473
f 3467/3467/3467 3464/3464/3464 3473/3473/3473
f 3469/3469/3469 3467/3467/3467 3474/3474/3474
f 3467/3467/3467 3473/3473/3473 3474/3474/3474
f 3469/3469/3469 3474/3474/3474 3475/3475/3475
f 3465/3465/3465 3466/3466/3466 3476/3476/3476
f 3473/3473/3473 3465/3465/3465 3476/3476/3476
f 3470/3470/3470 3476/3476/3476 3466/3466/3466
f 3470/3470/3470 3472/3472/3472 3477/3477/3477
f 3472/3472/3472 3478/3478/3478 3477/3477/3477
f 3475/3475/3475 3474/3474/3474 3479/3479/3479
f 3475/3475/3475 3479/3479/3479 3480/3480/3480
f 3474/3474/3474 3473/3473/3473 3481/3481/3481
f 3473/3473/3473 3476/3476/3476 3481/3481/3481
f 3474/3474/3474 3481/3481/3481 3479/3479/3479
f 3482/3482/3482 3476/3476/3476 3470/3470/3470
f 3482/3482/3482 3481/3481/3481 3476/3476/3476
f 3470/3470/3470 3477/3477/3477 3482/3482/3482
f 3477/3477/3477 3478/3478/3478 3483/3483/3483
f 3484/3484/3484 3483/3483/3483 3478/3478/3478
f 3485/3485/3485 3481/3481/3481 3482/3482/3482
f 3485/3485/3485 3479/3479/3479 3481/3481/3481
f 3482/3482/3482 3477/3477/3477 3486/3486/3486
f 3477/3477/3477 3483/3483/3483 3486/3486/3486
f 3482/3482/3482 3486/3486/3486 3485/3485/3485
f 3484/3484/3484 3487/3487/3487 3483/3483/3483
f 3486/3486/3486 3483/3483/3483 3487/3487/3487
f 3488/3488/3488 3487/3487/3487 3484/3484/3484
f 3485/3485/3485 3486/3486/3486 3489/3489/3489
f 3486/3486/3486 3487/3487/3487 3489/3489/3489
f 3488/3488/3488 3490/3490/3490 3487/3487/3487
f 3489/3489/3489 3487/3487/3487 3490/3490/3490
f 3491/3491/3491 3490/3490/3490 3488/3488/3488
f 3492/3492/3492 3479/3479/3479 3485/3485/3485
f 3485/3485/3485 3489/3489/3489 3492/3492/3492
f 3489/3489/3489 3490/3490/3490 3493/3493/3493
f 3492/3492/3492 3489/3489/3489 3493/3493/3493
f 3491/3491/3491 3494/3494/3494 3490/3490/3490
f 3495/3495/3495 3494/3494/3494 3491/3491/3491
f 3492/3492/3492 3496/3496/3496 3479/3479/3479
f 3480/3480/3480 3479/3479/3479 3496/3496/3496
f 3494/3494/3494 3497/3497/3497 3490/3490/3490
f 3493/3493/3493 3490/3490/3490 3497/3497/3497
f 3495/3495/3495 3498/3498/3498 3494/3494/3494
f 3494/3494/3494 3498/3498/3498 3497/3497/3497
f 3499/3499/3499 3498/3498/3498 3495/3495/3495
f 3500/3500/3500 3496/3496/3496 3492/3492/3492
f 3492/3492/3492 3493/3493/3493 3500/3500/3500
f 3480/3480/3480 3496/3496/3496 3501/3501/3501
f 3500/3500/3500 3501/3501/3501 3496/3496/3496
f 3502/3502/3502 3480/3480/3480 3501/3501/3501
f 3502/3502/3502 3501/3501/3501 3503/3503/3503
f 3504/3504/3504 3503/3503/3503 3501/3501/3501
f 3504/3504/3504 3501/3501/3501 3500/3500/3500
f 3505/3505/3505 3503/3503/3503 3504/3504/3504
f 3500/3500/3500 3493/3493/3493 3506/3506/3506
f 3493/3493/3493 3497/3497/3497 3506/3506/3506
f 3500/3500/3500 3506/3506/3506 3504/3504/3504
f 3507/3507/3507 3505/3505/3505 3504/3504/3504
f 3507/3507/3507 3508/3508/3508 3505/3505/3505
f 3497/3497/3497 3509/3509/3509 3506/3506/3506
f 3497/3497/3497 3498/3498/3498 3509/3509/3509
f 3504/3504/3504 3506/3506/3506 3510/3510/3510
f 3510/3510/3510 3507/3507/3507 3504/3504/3504
f 3510/3510/3510 3506/3506/3506 3509/3509/3509
f 3511/3511/3511 3508/3508/3508 3507/3507/3507
f 3510/3510/3510 3511/3511/3511 3507/3507/3507
f 3511/3511/3511 3512/3512/3512 3508/3508/3508
f 3510/3510/3510 3509/3509/3509 3513/3513/3513
f 3513/3513/3513 3511/3511/3511 3510/3510/3510
f 3514/3514/3514 3512/3512/3512 3511/3511/3511
f 3513/3513/3513 3514/3514/3514 3511/3511/3511
f 3514/3514/3514 3515/3515/3515 3512/3512/3512
f 3498/3498/3498 3516/3516/3516 3509/3509/3509
f 3513/3513/3513 3509/3509/3509 3516/3516/3516
f 3517/3517/3517 3515/3515/3515 3514/3514/3514
f 3517/3517/3517 3518/3518/3518 3515/3515/3515
f 3519/3519/3519 3514/3514/3514 3513/3513/3513
f 3513/3513/3513 3516/3516/3516 3519/3519/3519
f 3519/3519/3519 3517/3517/3517 3514/3514/3514
f 3520/3520/3520 3518/3518/3518 3517/3517/3517
f 3520/3520/3520 3521/3521/3521 3518/3518/3518
f 3522/3522/3522 3517/3517/3517 3519/3519/3519
f 3522/3522/3522 3520/3520/3520 3517/3517/3517
f 3523/3523/3523 3521/3521/3521 3520/3520/3520
f 3523/3523/3523 3524/3524/3524 3521/3521/3521
f 3498/3498/3498 3525/3525/3525 3516/3516/3516
f 3499/3499/3499 3525/3525/3525 3498/3498/3498
f 3526/3526/3526 3525/3525/3525 3499/3499/3499
f 3526/3526/3526 3527/3527/3527 3525/3525/3525
f 3527/3527/3527 3516/3516/3516 3525/3525/3525
f 3528/3528/3528 3527/3527/3527 3526/3526/3526
f 3519/3519/3519 3516/3516/3516 3529/3529/3529
f 3527/3527/3527 3529/3529/3529 3516/3516/3516
f 3519/3519/3519 3529/3529/3529 3522/3522/3522
f 3528/3528/3528 3530/3530/3530 3527/3527/3527
f 3530/3530/3530 3529/3529/3529 3527/3527/3527
f 3531/3531/3531 3530/3530/3530 3528/3528/3528
f 3532/3532/3532 3520/3520/3520 3522/3522/3522
f 3532/3532/3532 3523/3523/3523 3520/3520/3520
f 3533/3533/3533 3523/3523/3523 3532/3532/3532
f 3522/3522/3522 3529/3529/3529 3534/3534/3534
f 3530/3530/3530 3534/3534/3534 3529/3529/3529
f 3522/3522/3522 3534/3534/3534 3532/3532/3532
f 3531/3531/3531 3535/3535/3535 3530/3530/3530
f 3535/3535/3535 3534/3534/3534 3530/3530/3530
f 3536/3536/3536 3535/3535/3535 3531/3531/3531
f 3532/3532/3532 3534/3534/3534 3537/3537/3537
f 3532/3532/3532 3537/3537/3537 3533/3533/3533
f 3535/3535/3535 3537/3537/3537 3534/3534/3534
f 3533/3533/3533 3537/3537/3537 3535/3535/3535
f 3536/3536/3536 3538/3538/3538 3535/3535/3535
f 3535/3535/3535 3538/3538/3538 3533/3533/3533
f 3539/3539/3539 3538/3538/3538 3536/3536/3536
f 3539/3539/3539 3533/3533/3533 3538/3538/3538
f 3540/3540/3540 3539/3539/3539 3536/3536/3536
f 3540/3540/3540 3541/3541/3541 3539/3539/3539
f 3533/3533/3533 3542/3542/3542 3523/3523/3523
f 3542/3542/3542 3524/3524/3524 3523/3523/3523
f 3543/3543/3543 3533/3533/3533 3539/3539/3539
f 3543/3543/3543 3542/3542/3542 3533/3533/3533
f 3544/3544/3544 3539/3539/3539 3541/3541/3541
f 3544/3544/3544 3543/3543/3543 3539/3539/3539
f 3541/3541/3541 3545/3545/3545 3544/3544/3544
f 3546/3546/3546 3524/3524/3524 3542/3542/3542
f 3547/3547/3547 3524/3524/3524 3546/3546/3546
f 3548/3548/3548 3542/3542/3542 3543/3543/3543
f 3544/3544/3544 3548/3548/3548 3543/3543/3543
f 3548/3548/3548 3546/3546/3546 3542/3542/3542
f 3549/3549/3549 3547/3547/3547 3546/3546/3546
f 3549/3549/3549 3546/3546/3546 3548/3548/3548
f 3550/3550/3550 3547/3547/3547 3549/3549/3549
f 3551/3551/3551 3548/3548/3548 3544/3544/3544
f 3544/3544/3544 3545/3545/3545 3551/3551/3551
f 3551/3551/3551 3549/3549/3549 3548/3548/3548
f 3550/3550/3550 3549/3549/3549 3552/3552/3552
f 3550/3550/3550 3552/3552/3552 3553/3553/3553
f 3554/3554/3554 3552/3552/3552 3549/3549/3549
f 3554/3554/3554 3549/3549/3549 3551/3551/3551
f 3551/3551/3551 3555/3555/3555 3554/3554/3554
f 3555/3555/3555 3551/3551/3551 3556/3556/3556
f 3556/3556/3556 3551/3551/3551 3545/3545/3545
f 3545/3545/3545 3557/3557/3557 3556/3556/3556
f 3560/3560/3560 3559/3559/3559 3558/3558/3558
f 3559/3559/3559 3561/3561/3561 3558/3558/3558
f 3559/3559/3559 3562/3562/3562 3561/3561/3561
f 3561/3561/3561 3562/3562/3562 3563/3563/3563
f 3559/3559/3559 3564/3564/3564 3562/3562/3562
f 3565/3565/3565 3562/3562/3562 3564/3564/3564
f 3565/3565/3565 3564/3564/3564 3566/3566/3566
f 3558/3558/3558 3561/3561/3561 3567/3567/3567
f 3561/3561/3561 3563/3563/3563 3567/3567/3567
f 3568/3568/3568 3562/3562/3562 3565/3565/3565
f 3568/3568/3568 3563/3563/3563 3562/3562/3562
f 3566/3566/3566 3569/3569/3569 3565/3565/3565
f 3565/3565/3565 3569/3569/3569 3570/3570/3570
f 3570/3570/3570 3568/3568/3568 3565/3565/3565
f 3566/3566/3566 3571/3571/3571 3569/3569/3569
f 3569/3569/3569 3571/3571/3571 3570/3570/3570
f 3566/3566/3566 3572/3572/3572 3571/3571/3571
f 3573/3573/3573 3572/3572/3572 3566/3566/3566
f 3573/3573/3573 3574/3574/3574 3572/3572/3572
f 3575/3575/3575 3574/3574/3574 3573/3573/3573
f 3576/3576/3576 3571/3571/3571 3572/3572/3572
f 3574/3574/3574 3576/3576/3576 3572/3572/3572
f 3575/3575/3575 3577/3577/3577 3574/3574/3574
f 3574/3574/3574 3578/3578/3578 3576/3576/3576
f 3577/3577/3577 3578/3578/3578 3574/3574/3574
f 3576/3576/3576 3579/3579/3579 3571/3571/3571
f 3578/3578/3578 3579/3579/3579 3576/3576/3576
f 3571/3571/3571 3580/3580/3580 3570/3570/3570
f 3579/3579/3579 3580/3580/3580 3571/3571/3571
f 3581/3581/3581 3579/3579/3579 3578/3578/3578
f 3577/3577/3577 3581/3581/3581 3578/3578/3578
f 3577/3577/3577 3582/3582/3582 3581/3581/3581
f 3583/3583/3583 3577/3577/3577 3575/3575/3575
f 3583/3583/3583 3582/3582/3582 3577/3577/3577
f 3583/3583/3583 3575/3575/3575 3584/3584/3584
f 3585/3585/3585 3583/3583/3583 3584/3584/3584
f 3581/3581/3581 3586/3586/3586 3579/3579/3579
f 3586/3586/3586 3580/3580/3580 3579/3579/3579
f 3587/3587/3587 3583/3583/3583 3585/3585/3585
f 3585/3585/3585 3588/3588/3588 3587/3587/3587
f 3589/3589/3589 3581/3581/3581 3582/3582/3582
f 3589/3589/3589 3586/3586/3586 3581/3581/3581
f 3587/3587/3587 3590/3590/3590 3583/3583/3583
f 3590/3590/3590 3582/3582/3582 3583/3583/3583
f 3590/3590/3590 3591/3591/3591 3582/3582/3582
f 3589/3589/3589 3582/3582/3582 3592/3592/3592
f 3592/3592/3592 3586/3586/3586 3589/3589/3589
f 3593/3593/3593 3590/3590/3590 3587/3587/3587
f 3593/3593/3593 3591/3591/3591 3590/3590/3590
f 3587/3587/3587 3588/3588/3588 3594/3594/3594
f 3587/3587/3587 3594/3594/3594 3593/3593/3593
f 3595/3595/3595 3594/3594/3594 3588/3588/3588
f 3595/3595/3595 3588/3588/3588 3596/3596/3596
f 3597/3597/3597 3593/3593/3593 3594/3594/3594
f 3597/3597/3597 3594/3594/3594 3595/3595/3595
f 3595/3595/3595 3596/3596/3596 3598/3598/3598
f 3595/3595/3595 3598/3598/3598 3597/3597/3597
f 3599/3599/3599 3598/3598/3598 3596/3596/3596
f 3599/3599/3599 3600/3600/3600 3598/3598/3598
f 3601/3601/3601 3593/3593/3593 3597/3597/3597
f 3591/3591/3591 3593/3593/3593 3601/3601/3601
f 3598/3598/3598 3600/3600/3600 3602/3602/3602
f 3602/3602/3602 3600/3600/3600 3603/3603/3603
f 3597/3597/3597 3598/3598/3598 3604/3604/3604
f 3598/3598/3598 3602/3602/3602 3604/3604/3604
f 3597/3597/3597 3604/3604/3604 3601/3601/3601
f 3602/3602/3602 3603/3603/3603 3605/3605/3605
f 3604/3604/3604 3602/3602/3602 3605/3605/3605
f 3605/3605/3605 3603/3603/3603 3606/3606/3606
f 3604/3604/3604 3605/3605/3605 3607/3607/3607
f 3601/3601/3601 3604/3604/3604 3607/3607/3607
f 3605/3605/3605 3606/3606/3606 3608/3608/3608
f 3607/3607/3607 3605/3605/3605 3608/3608/3608
f 3606/3606/3606 3609/3609/3609 3608/3608/3608
f 3608/3608/3608 3609/3609/3609 3610/3610/3610
f 3609/3609/3609 3611/3611/3611 3610/3610/3610
f 3607/3607/3607 3608/3608/3608 3612/3612/3612
f 3608/3608/3608 3610/3610/3610 3612/3612/3612
f 3601/3601/3601 3607/3607/3607 3613/3613/3613
f 3613/3613/3613 3607/3607/3607 3612/3612/3612
f 3612/3612/3612 3610/3610/3610 3614/3614/3614
f 3612/3612/3612 3614/3614/3614 3613/3613/3613
f 3610/3610/3610 3611/3611/3611 3615/3615/3615
f 3610/3610/3610 3615/3615/3615 3614/3614/3614
f 3613/3613/3613 3616/3616/3616 3601/3601/3601
f 3591/3591/3591 3601/3601/3601 3616/3616/3616
f 3613/3613/3613 3614/3614/3614 3617/3617/3617
f 3614/3614/3614 3615/3615/3615 3617/3617/3617
f 3618/3618/3618 3615/3615/3615 3611/3611/3611
f 3618/3618/3618 3611/3611/3611 3619/3619/3619
f 3613/3613/3613 3617/3617/3617 3620/3620/3620
f 3613/3613/3613 3620/3620/3620 3616/3616/3616
f 3617/3617/3617 3615/3615/3615 3621/3621/3621
f 3618/3618/3618 3621/3621/3621 3615/3615/3615
f 3617/3617/3617 3621/3621/3621 3620/3620/3620
f 3618/3618/3618 3619/3619/3619 3622/3622/3622
f 3619/3619/3619 3623/3623/3623 3622/3622/3622
f 3622/3622/3622 3623/3623/3623 3624/3624/3624
f 3623/3623/3623 3625/3625/3625 3624/3624/3624
f 3625/3625/3625 3626/3626/3626 3624/3624/3624
f 3627/3627/3627 3621/3621/3621 3618/3618/3618
f 3618/3618/3618 3622/3622/3622 3627/3627/3627
f 3620/3620/3620 3621/3621/3621 3628/3628/3628
f 3627/3627/3627 3628/3628/3628 3621/3621/3621
f 3627/3627/3627 3629/3629/3629 3628/3628/3628
f 3627/3627/3627 3630/3630/3630 3629/3629/3629
f 3627/3627/3627 3631/3631/3631 3630/3630/3630
f 3622/3622/3622 3631/3631/3631 3627/3627/3627
f 3624/3624/3624 3631/3631/3631 3622/3622/3622
f 3624/3624/3624 3632/3632/3632 3631/3631/3631
f 3624/3624/3624 3633/3633/3633 3632/3632/3632
f 3634/3634/3634 3633/3633/3633 3624/3624/3624
f 3634/3634/3634 3624/3624/3624 3635/3635/3635
f 3624/3624/3624 3626/3626/3626 3635/3635/3635
f 3635/3635/3635 3626/3626/3626 3636/3636/3636
f 3637/3637/3637 3636/3636/3636 3626/3626/3626
f 3638/3638/3638 3636/3636/3636 3637/3637/3637
f 3638/3638/3638 3639/3639/3639 3636/3636/3636
f 3640/3640/3640 3639/3639/3639 3638/3638/3638
f 3640/3640/3640 3638/3638/3638 3641/3641/3641
f 3640/3640/3640 3641/3641/3641 3642/3642/3642
f 3645/3645/3645 3644/3644/3644 3643/3643/3643
f 3645/3645/3645 3643/3643/3643 3646/3646/3646
f 3646/3646/3646 3643/3643/3643 3647/3647/3647
f 3646/3646/3646 3647/3647/3647 3648/3648/3648
f 3647/3647/3647 3649/3649/3649 3648/3648/3648
f 3646/3646/3646 3648/3648/3648 3650/3650/3650
f 3651/3651/3651 3647/3647/3647 3643/3643/3643
f 3652/3652/3652 3651/3651/3651 3643/3643/3643
f 3653/3653/3653 3650/3650/3650 3648/3648/3648
f 3653/3653/3653 3654/3654/3654 3650/3650/3650
f 3651/3651/3651 3655/3655/3655 3647/3647/3647
f 3647/3647/3647 3655/3655/3655 3649/3649/3649
f 3652/3652/3652 3656/3656/3656 3651/3651/3651
f 3656/3656/3656 3655/3655/3655 3651/3651/3651
f 3652/3652/3652 3657/3657/3657 3656/3656/3656
f 3655/3655/3655 3656/3656/3656 3657/3657/3657
f 3658/3658/3658 3648/3648/3648 3649/3649/3649
f 3658/3658/3658 3653/3653/3653 3648/3648/3648
f 3655/3655/3655 3657/3657/3657 3659/3659/3659
f 3655/3655/3655 3659/3659/3659 3649/3649/3649
f 3660/3660/3660 3654/3654/3654 3653/3653/3653
f 3653/3653/3653 3661/3661/3661 3660/3660/3660
f 3658/3658/3658 3661/3661/3661 3653/3653/3653
f 3660/3660/3660 3662/3662/3662 3654/3654/3654
f 3661/3661/3661 3662/3662/3662 3660/3660/3660
f 3654/3654/3654 3662/3662/3662 3663/3663/3663
f 3654/3654/3654 3663/3663/3663 3664/3664/3664
f 3664/3664/3664 3663/3663/3663 3665/3665/3665
f 3664/3664/3664 3665/3665/3665 3666/3666/3666
f 3663/3663/3663 3662/3662/3662 3667/3667/3667
f 3665/3665/3665 3663/3663/3663 3667/3667/3667
f 3666/3666/3666 3665/3665/3665 3668/3668/3668
f 3665/3665/3665 3667/3667/3667 3669/3669/3669
f 3669/3669/3669 3668/3668/3668 3665/3665/3665
f 3670/3670/3670 3667/3667/3667 3662/3662/3662
f 3669/3669/3669 3667/3667/3667 3670/3670/3670
f 3671/3671/3671 3662/3662/3662 3661/3661/3661
f 3670/3670/3670 3662/3662/3662 3671/3671/3671
f 3672/3672/3672 3669/3669/3669 3670/3670/3670
f 3672/3672/3672 3668/3668/3668 3669/3669/3669
f 3672/3672/3672 3673/3673/3673 3668/3668/3668
f 3666/3666/3666 3668/3668/3668 3674/3674/3674
f 3673/3673/3673 3674/3674/3674 3668/3668/3668
f 3674/3674/3674 3675/3675/3675 3666/3666/3666
f 3676/3676/3676 3675/3675/3675 3674/3674/3674
f 3677/3677/3677 3672/3672/3672 3670/3670/3670
f 3671/3671/3671 3677/3677/3677 3670/3670/3670
f 3678/3678/3678 3676/3676/3676 3674/3674/3674
f 3678/3678/3678 3679/3679/3679 3676/3676/3676
f 3680/3680/3680 3678/3678/3678 3674/3674/3674
f 3680/3680/3680 3674/3674/3674 3673/3673/3673
f 3673/3673/3673 3681/3681/3681 3680/3680/3680
f 3682/3682/3682 3679/3679/3679 3678/3678/3678
f 3680/3680/3680 3682/3682/3682 3678/3678/3678
f 3683/3683/3683 3673/3673/3673 3672/3672/3672
f 3677/3677/3677 3683/3683/3683 3672/3672/3672
f 3683/3683/3683 3684/3684/3684 3673/3673/3673
f 3677/3677/3677 3684/3684/3684 3683/3683/3683
f 3680/3680/3680 3681/3681/3681 3685/3685/3685
f 3685/3685/3685 3682/3682/3682 3680/3680/3680
f 3682/3682/3682 3686/3686/3686 3679/3679/3679
f 3687/3687/3687 3679/3679/3679 3686/3686/3686
f 3685/3685/3685 3688/3688/3688 3682/3682/3682
f 3688/3688/3688 3686/3686/3686 3682/3682/3682
f 3687/3687/3687 3686/3686/3686 3689/3689/3689
f 3689/3689/3689 3686/3686/3686 3688/3688/3688
f 3687/3687/3687 3689/3689/3689 3690/3690/3690
f 3690/3690/3690 3689/3689/3689 3691/3691/3691
f 3692/3692/3692 3688/3688/3688 3685/3685/3685
f 3685/3685/3685 3681/3681/3681 3692/3692/3692
f 3691/3691/3691 3689/3689/3689 3693/3693/3693
f 3691/3691/3691 3693/3693/3693 3694/3694/3694
f 3689/3689/3689 3688/3688/3688 3695/3695/3695
f 3689/3689/3689 3695/3695/3695 3693/3693/3693
f 3695/3695/3695 3688/3688/3688 3692/3692/3692
f 3694/3694/3694 3693/3693/3693 3696/3696/3696
f 3693/3693/3693 3695/3695/3695 3696/3696/3696
f 3694/3694/3694 3696/3696/3696 3697/3697/3697
f 3695/3695/3695 3698/3698/3698 3696/3696/3696
f 3695/3695/3695 3692/3692/3692 3698/3698/3698
f 3696/3696/3696 3699/3699/3699 3697/3697/3697
f 3696/3696/3696 3698/3698/3698 3699/3699/3699
f 3697/3697/3697 3699/3699/3699 3700/3700/3700
f 3699/3699/3699 3701/3701/3701 3700/3700/3700
f 3699/3699/3699 3698/3698/3698 3701/3701/3701
f 3700/3700/3700 3701/3701/3701 3702/3702/3702
f 3698/3698/3698 3703/3703/3703 3701/3701/3701
f 3701/3701/3701 3703/3703/3703 3702/3702/3702
f 3692/3692/3692 3704/3704/3704 3698/3698/3698
f 3698/3698/3698 3704/3704/3704 3703/3703/3703
f 3692/3692/3692 3705/3705/3705 3704/3704/3704
f 3692/3692/3692 3681/3681/3681 3705/3705/3705
f 3706/3706/3706 3702/3702/3702 3703/3703/3703
f 3707/3707/3707 3703/3703/3703 3704/3704/3704
f 3706/3706/3706 3703/3703/3703 3707/3707/3707
f 3704/3704/3704 3708/3708/3708 3707/3707/3707
f 3704/3704/3704 3705/3705/3705 3708/3708/3708
f 3707/3707/3707 3708/3708/3708 3706/3706/3706
f 3709/3709/3709 3702/3702/3702 3706/3706/3706
f 3702/3702/3702 3709/3709/3709 3710/3710/3710
f 3710/3710/3710 3709/3709/3709 3711/3711/3711
f 3708/3708/3708 3712/3712/3712 3706/3706/3706
f 3706/3706/3706 3712/3712/3712 3713/3713/3713
f 3706/3706/3706 3713/3713/3713 3709/3709/3709
f 3713/3713/3713 3712/3712/3712 3714/3714/3714
f 3713/3713/3713 3714/3714/3714 3715/3715/3715
f 3713/3713/3713 3715/3715/3715 3716/3716/3716
f 3709/3709/3709 3713/3713/3713 3716/3716/3716
f 3709/3709/3709 3716/3716/3716 3711/3711/3711
f 3717/3717/3717 3711/3711/3711 3716/3716/3716
f 3717/3717/3717 3718/3718/3718 3711/3711/3711
f 3711/3711/3711 3718/3718/3718 3719/3719/3719
f 3717/3717/3717 3720/3720/3720 3718/3718/3718
f 3720/3720/3720 3721/3721/3721 3718/3718/3718
f 3718/3718/3718 3722/3722/3722 3719/3719/3719
f 3721/3721/3721 3723/3723/3723 3718/3718/3718
f 3718/3718/3718 3723/3723/3723 3722/3722/3722
f 3722/3722/3722 3723/3723/3723 3724/3724/3724
f 3558/3558/3558 3726/3726/3726 3725/3725/3725
f 3558/3558/3558 3727/3727/3727 3726/3726/3726
f 3726/3726/3726 3727/3727/3727 3728/3728/3728
f 3728/3728/3728 3727/3727/3727 3729/3729/3729
f 3567/3567/3567 3727/3727/3727 3558/3558/3558
f 3729/3729/3729 3727/3727/3727 3567/3567/3567
f 3728/3728/3728 3729/3729/3729 3730/3730/3730
f 3729/3729/3729 3731/3731/3731 3730/3730/3730
f 3567/3567/3567 3732/3732/3732 3729/3729/3729
f 3567/3567/3567 3563/3563/3563 3732/3732/3732
f 3729/3729/3729 3733/3733/3733 3731/3731/3731
f 3729/3729/3729 3732/3732/3732 3734/3734/3734
f 3729/3729/3729 3734/3734/3734 3733/3733/3733
f 3731/3731/3731 3733/3733/3733 3735/3735/3735
f 3731/3731/3731 3735/3735/3735 3736/3736/3736
f 3733/3733/3733 3736/3736/3736 3735/3735/3735
f 3736/3736/3736 3737/3737/3737 3731/3731/3731
f 3736/3736/3736 3738/3738/3738 3737/3737/3737
f 3739/3739/3739 3738/3738/3738 3736/3736/3736
f 3740/3740/3740 3739/3739/3739 3736/3736/3736
f 3740/3740/3740 3736/3736/3736 3741/3741/3741
f 3742/3742/3742 3740/3740/3740 3741/3741/3741
f 3742/3742/3742 3741/3741/3741 3743/3743/3743
f 3733/3733/3733 3744/3744/3744 3736/3736/3736
f 3744/3744/3744 3741/3741/3741 3736/3736/3736
f 3745/3745/3745 3743/3743/3743 3741/3741/3741
f 3745/3745/3745 3741/3741/3741 3744/3744/3744
f 3746/3746/3746 3743/3743/3743 3745/3745/3745
f 3747/3747/3747 3744/3744/3744 3733/3733/3733
f 3747/3747/3747 3745/3745/3745 3744/3744/3744
f 3734/3734/3734 3747/3747/3747 3733/3733/3733
f 3734/3734/3734 3748/3748/3748 3747/3747/3747
f 3748/3748/3748 3745/3745/3745 3747/3747/3747
f 3732/3732/3732 3748/3748/3748 3734/3734/3734
f 3749/3749/3749 3746/3746/3746 3745/3745/3745
f 3748/3748/3748 3749/3749/3749 3745/3745/3745
f 3749/3749/3749 3750/3750/3750 3746/3746/3746
f 3751/3751/3751 3750/3750/3750 3749/3749/3749
f 3751/3751/3751 3752/3752/3752 3750/3750/3750
f 3751/3751/3751 3753/3753/3753 3752/3752/3752
f 3748/3748/3748 3754/3754/3754 3749/3749/3749
f 3754/3754/3754 3751/3751/3751 3749/3749/3749
f 3732/3732/3732 3755/3755/3755 3748/3748/3748
f 3755/3755/3755 3754/3754/3754 3748/3748/3748
f 3751/3751/3751 3756/3756/3756 3753/3753/3753
f 3757/3757/3757 3753/3753/3753 3756/3756/3756
f 3757/3757/3757 3756/3756/3756 3758/3758/3758
f 3759/3759/3759 3755/3755/3755 3732/3732/3732
f 3563/3563/3563 3759/3759/3759 3732/3732/3732
f 3755/3755/3755 3760/3760/3760 3754/3754/3754
f 3759/3759/3759 3760/3760/3760 3755/3755/3755
f 3759/3759/3759 3761/3761/3761 3760/3760/3760
f 3754/3754/3754 3762/3762/3762 3751/3751/3751
f 3762/3762/3762 3756/3756/3756 3751/3751/3751
f 3760/3760/3760 3762/3762/3762 3754/3754/3754
f 3763/3763/3763 3758/3758/3758 3756/3756/3756
f 3763/3763/3763 3756/3756/3756 3762/3762/3762
f 3563/3563/3563 3764/3764/3764 3759/3759/3759
f 3764/3764/3764 3761/3761/3761 3759/3759/3759
f 3760/3760/3760 3765/3765/3765 3762/3762/3762
f 3765/3765/3765 3763/3763/3763 3762/3762/3762
f 3766/3766/3766 3765/3765/3765 3760/3760/3760
f 3766/3766/3766 3763/3763/3763 3765/3765/3765
f 3760/3760/3760 3761/3761/3761 3766/3766/3766
f 3767/3767/3767 3758/3758/3758 3763/3763/3763
f 3766/3766/3766 3767/3767/3767 3763/3763/3763
f 3767/3767/3767 3620/3620/3620 3758/3758/3758
f 3616/3616/3616 3620/3620/3620 3767/3767/3767
f 3768/3768/3768 3767/3767/3767 3766/3766/3766
f 3616/3616/3616 3767/3767/3767 3768/3768/3768
f 3768/3768/3768 3766/3766/3766 3761/3761/3761
f 3591/3591/3591 3616/3616/3616 3768/3768/3768
f 3591/3591/3591 3768/3768/3768 3769/3769/3769
f 3769/3769/3769 3768/3768/3768 3761/3761/3761
f 3770/3770/3770 3764/3764/3764 3563/3563/3563
f 3568/3568/3568 3770/3770/3770 3563/3563/3563
f 3591/3591/3591 3769/3769/3769 3771/3771/3771
f 3591/3591/3591 3771/3771/3771 3582/3582/3582
f 3592/3592/3592 3582/3582/3582 3771/3771/3771
f 3592/3592/3592 3771/3771/3771 3772/3772/3772
f 3772/3772/3772 3771/3771/3771 3769/3769/3769
f 3772/3772/3772 3773/3773/3773 3592/3592/3592
f 3592/3592/3592 3773/3773/3773 3586/3586/3586
f 3772/3772/3772 3769/3769/3769 3774/3774/3774
f 3774/3774/3774 3773/3773/3773 3772/3772/3772
f 3775/3775/3775 3769/3769/3769 3761/3761/3761
f 3774/3774/3774 3769/3769/3769 3775/3775/3775
f 3776/3776/3776 3761/3761/3761 3764/3764/3764
f 3775/3775/3775 3761/3761/3761 3776/3776/3776
f 3775/3775/3775 3777/3777/3777 3774/3774/3774
f 3775/3775/3775 3776/3776/3776 3777/3777/3777
f 3774/3774/3774 3777/3777/3777 3773/3773/3773
f 3776/3776/3776 3764/3764/3764 3778/3778/3778
f 3777/3777/3777 3776/3776/3776 3778/3778/3778
f 3770/3770/3770 3778/3778/3778 3764/3764/3764
f 3773/3773/3773 3779/3779/3779 3586/3586/3586
f 3586/3586/3586 3779/3779/3779 3580/3580/3580
f 3780/3780/3780 3773/3773/3773 3777/3777/3777
f 3777/3777/3777 3778/3778/3778 3780/3780/3780
f 3780/3780/3780 3779/3779/3779 3773/3773/3773
f 3781/3781/3781 3580/3580/3580 3779/3779/3779
f 3781/3781/3781 3779/3779/3779 3780/3780/3780
f 3570/3570/3570 3580/3580/3580 3781/3781/3781
f 3780/3780/3780 3778/3778/3778 3782/3782/3782
f 3770/3770/3770 3782/3782/3782 3778/3778/3778
f 3780/3780/3780 3782/3782/3782 3781/3781/3781
f 3570/3570/3570 3781/3781/3781 3783/3783/3783
f 3781/3781/3781 3782/3782/3782 3783/3783/3783
f 3783/3783/3783 3782/3782/3782 3770/3770/3770
f 3570/3570/3570 3783/3783/3783 3568/3568/3568
f 3783/3783/3783 3770/3770/3770 3568/3568/3568
f 3786/3786/3786 3785/3785/3785 3784/3784/3784
f 3787/3787/3787 3785/3785/3785 3786/3786/3786
f 3786/3786/3786 3788/3788/3788 3787/3787/3787
f 3789/3789/3789 3788/3788/3788 3786/3786/3786
f 3789/3789/3789 3790/3790/3790 3788/3788/3788
f 3788/3788/3788 3791/3791/3791 3787/3787/3787
f 3792/3792/3792 3787/3787/3787 3791/3791/3791
f 3793/3793/3793 3787/3787/3787 3792/3792/3792
f 3794/3794/3794 3793/3793/3793 3792/3792/3792
f 3795/3795/3795 3791/3791/3791 3788/3788/3788
f 3790/3790/3790 3795/3795/3795 3788/3788/3788
f 3796/3796/3796 3795/3795/3795 3790/3790/3790
f 3796/3796/3796 3790/3790/3790 3797/3797/3797
f 3798/3798/3798 3795/3795/3795 3796/3796/3796
f 3790/3790/3790 3799/3799/3799 3797/3797/3797
f 3797/3797/3797 3799/3799/3799 3800/3800/3800
f 3798/3798/3798 3796/3796/3796 3801/3801/3801
f 3797/3797/3797 3800/3800/3800 3802/3802/3802
f 3802/3802/3802 3800/3800/3800 3803/3803/3803
f 3803/3803/3803 3804/3804/3804 3802/3802/3802
f 3802/3802/3802 3804/3804/3804 3805/3805/3805
f 3802/3802/3802 3805/3805/3805 3806/3806/3806
f 3802/3802/3802 3806/3806/3806 3797/3797/3797
f 3806/3806/3806 3805/3805/3805 3807/3807/3807
f 3807/3807/3807 3808/3808/3808 3806/3806/3806
f 3809/3809/3809 3797/3797/3797 3806/3806/3806
f 3810/3810/3810 3797/3797/3797 3809/3809/3809
f 3796/3796/3796 3797/3797/3797 3810/3810/3810
f 3809/3809/3809 3811/3811/3811 3810/3810/3810
f 3810/3810/3810 3811/3811/3811 3812/3812/3812
f 3810/3810/3810 3812/3812/3812 3813/3813/3813
f 3813/3813/3813 3796/3796/3796 3810/3810/3810
f 3811/3811/3811 3814/3814/3814 3812/3812/3812
f 3815/3815/3815 3813/3813/3813 3812/3812/3812
f 3815/3815/3815 3796/3796/3796 3813/3813/3813
f 3811/3811/3811 3816/3816/3816 3814/3814/3814
f 3815/3815/3815 3817/3817/3817 3796/3796/3796
f 3801/3801/3801 3796/3796/3796 3817/3817/3817
f 3801/3801/3801 3817/3817/3817 3818/3818/3818
f 3819/3819/3819 3801/3801/3801 3818/3818/3818
f 3820/3820/3820 3817/3817/3817 3815/3815/3815
f 3820/3820/3820 3818/3818/3818 3817/3817/3817
f 3821/3821/3821 3819/3819/3819 3818/3818/3818
f 3822/3822/3822 3818/3818/3818 3820/3820/3820
f 3818/3818/3818 3823/3823/3823 3821/3821/3821
f 3822/3822/3822 3824/3824/3824 3818/3818/3818
f 3825/3825/3825 3823/3823/3823 3818/3818/3818
f 3825/3825/3825 3818/3818/3818 3824/3824/3824
f 3825/3825/3825 3824/3824/3824 3826/3826/3826
f 3827/3827/3827 3825/3825/3825 3826/3826/3826
f 3828/3828/3828 3825/3825/3825 3827/3827/3827
f 3829/3829/3829 3825/3825/3825 3828/3828/3828
f 3829/3829/3829 3830/3830/3830 3825/3825/3825
f 3831/3831/3831 3823/3823/3823 3825/3825/3825
f 3830/3830/3830 3832/3832/3832 3825/3825/3825
f 3825/3825/3825 3832/3832/3832 3831/3831/3831
f 3831/3831/3831 3832/3832/3832 3833/3833/3833
f 3836/3836/3836 3835/3835/3835 3834/3834/3834
f 3834/3834/3834 3835/3835/3835 3837/3837/3837
f 3837/3837/3837 3838/3838/3838 3834/3834/3834
f 3816/3816/3816 3834/3834/3834 3838/3838/3838
f 3816/3816/3816 3838/3838/3838 3814/3814/3814
f 3839/3839/3839 3814/3814/3814 3838/3838/3838
f 3838/3838/3838 3840/3840/3840 3839/3839/3839
f 3843/3843/3843 3842/3842/3842 3841/3841/3841
f 3844/3844/3844 3842/3842/3842 3843/3843/3843
f 3844/3844/3844 3845/3845/3845 3842/3842/3842
f 3846/3846/3846 3842/3842/3842 3845/3845/3845
f 3847/3847/3847 3845/3845/3845 3844/3844/3844
f 3845/3845/3845 3848/3848/3848 3846/3846/3846
f 3848/3848/3848 3849/3849/3849 3846/3846/3846
f 3847/3847/3847 3850/3850/3850 3845/3845/3845
f 3851/3851/3851 3850/3850/3850 3847/3847/3847
f 3851/3851/3851 3852/3852/3852 3850/3850/3850
f 3853/3853/3853 3851/3851/3851 3847/3847/3847
f 3853/3853/3853 3847/3847/3847 3854/3854/3854
f 3853/3853/3853 3854/3854/3854 3855/3855/3855
f 3856/3856/3856 3852/3852/3852 3851/3851/3851
f 3857/3857/3857 3852/3852/3852 3856/3856/3856
f 3857/3857/3857 3858/3858/3858 3852/3852/3852
f 3857/3857/3857 3859/3859/3859 3858/3858/3858
f 3860/3860/3860 3859/3859/3859 3857/3857/3857
f 3861/3861/3861 3860/3860/3860 3857/3857/3857
f 3861/3861/3861 3857/3857/3857 3862/3862/3862
f 3862/3862/3862 3857/3857/3857 3863/3863/3863
f 3857/3857/3857 3856/3856/3856 3863/3863/3863
f 3862/3862/3862 3863/3863/3863 3864/3864/3864
f 3865/3865/3865 3856/3856/3856 3851/3851/3851
f 3865/3865/3865 3851/3851/3851 3853/3853/3853
f 3866/3866/3866 3856/3856/3856 3865/3865/3865
f 3867/3867/3867 3865/3865/3865 3853/3853/3853
f 3866/3866/3866 3865/3865/3865 3867/3867/3867
f 3868/3868/3868 3867/3867/3867 3853/3853/3853
f 3855/3855/3855 3868/3868/3868 3853/3853/3853
f 3869/3869/3869 3866/3866/3866 3867/3867/3867
f 3868/3868/3868 3870/3870/3870 3867/3867/3867
f 3871/3871/3871 3866/3866/3866 3869/3869/3869
f 3871/3871/3871 3872/3872/3872 3866/3866/3866
f 3873/3873/3873 3872/3872/3872 3871/3871/3871
f 3874/3874/3874 3873/3873/3873 3871/3871/3871
f 3875/3875/3875 3871/3871/3871 3869/3869/3869
f 3876/3876/3876 3871/3871/3871 3875/3875/3875
f 3877/3877/3877 3876/3876/3876 3875/3875/3875
f 3868/3868/3868 3878/3878/3878 3870/3870/3870
f 3855/3855/3855 3878/3878/3878 3868/3868/3868
f 3879/3879/3879 3870/3870/3870 3878/3878/3878
f 3855/3855/3855 3880/3880/3880 3878/3878/3878
f 3881/3881/3881 3880/3880/3880 3855/3855/3855
f 3881/3881/3881 3882/3882/3882 3880/3880/3880
f 3883/3883/3883 3878/3878/3878 3880/3880/3880
f 3884/3884/3884 3880/3880/3880 3882/3882/3882
f 3885/3885/3885 3883/3883/3883 3880/3880/3880
f 3885/3885/3885 3880/3880/3880 3884/3884/3884
f 3886/3886/3886 3883/3883/3883 3885/3885/3885
f 3884/3884/3884 3887/3887/3887 3885/3885/3885
f 3888/3888/3888 3887/3887/3887 3884/3884/3884
f 3885/3885/3885 3889/3889/3889 3886/3886/3886
f 3886/3886/3886 3889/3889/3889 3890/3890/3890
f 3893/3893/3893 3892/3892/3892 3891/3891/3891
f 3893/3893/3893 3894/3894/3894 3892/3892/3892
f 3894/3894/3894 3893/3893/3893 3895/3895/3895
f 3895/3895/3895 3893/3893/3893 3896/3896/3896
f 3895/3895/3895 3897/3897/3897 3894/3894/3894
f 3896/3896/3896 3898/3898/3898 3895/3895/3895
f 3899/3899/3899 3898/3898/3898 3896/3896/3896
f 3900/3900/3900 3897/3897/3897 3895/3895/3895
f 3900/3900/3900 3901/3901/3901 3897/3897/3897
f 3902/3902/3902 3901/3901/3901 3900/3900/3900
f 3903/3903/3903 3901/3901/3901 3902/3902/3902
f 3901/3901/3901 3904/3904/3904 3897/3897/3897
f 3897/3897/3897 3904/3904/3904 3905/3905/3905
f 3903/3903/3903 3906/3906/3906 3901/3901/3901
f 3907/3907/3907 3906/3906/3906 3903/3903/3903
f 3907/3907/3907 3908/3908/3908 3906/3906/3906
f 3906/3906/3906 3908/3908/3908 3909/3909/3909
f 3906/3906/3906 3909/3909/3909 3910/3910/3910
f 3906/3906/3906 3910/3910/3910 3901/3901/3901
f 3910/3910/3910 3911/3911/3911 3901/3901/3901
f 3910/3910/3910 3912/3912/3912 3911/3911/3911
f 3913/3913/3913 3901/3901/3901 3911/3911/3911
f 3913/3913/3913 3914/3914/3914 3901/3901/3901
f 3901/3901/3901 3914/3914/3914 3904/3904/3904
f 3913/3913/3913 3915/3915/3915 3914/3914/3914
f 3916/3916/3916 3905/3905/3905 3904/3904/3904
f 3917/3917/3917 3905/3905/3905 3916/3916/3916
f 3918/3918/3918 3917/3917/3917 3916/3916/3916
f 3918/3918/3918 3916/3916/3916 3919/3919/3919
f 3920/3920/3920 3904/3904/3904 3914/3914/3914
f 3914/3914/3914 3915/3915/3915 3920/3920/3920
f 3916/3916/3916 3904/3904/3904 3921/3921/3921
f 3904/3904/3904 3920/3920/3920 3921/3921/3921
f 3920/3920/3920 3922/3922/3922 3921/3921/3921
f 3922/3922/3922 3923/3923/3923 3921/3921/3921
f 3923/3923/3923 3924/3924/3924 3921/3921/3921
f 3921/3921/3921 3924/3924/3924 3925/3925/3925
f 3916/3916/3916 3921/3921/3921 3925/3925/3925
f 3919/3919/3919 3916/3916/3916 3925/3925/3925
f 3920/3920/3920 3915/3915/3915 3926/3926/3926
f 3919/3919/3919 3925/3925/3925 3927/3927/3927
f 3927/3927/3927 3925/3925/3925 3928/3928/3928
f 3929/3929/3929 3919/3919/3919 3927/3927/3927
f 3927/3927/3927 3928/3928/3928 3930/3930/3930
f 3930/3930/3930 3928/3928/3928 3931/3931/3931
f 3929/3929/3929 3927/3927/3927 3932/3932/3932
f 3932/3932/3932 3933/3933/3933 3929/3929/3929
f 3926/3926/3926 3915/3915/3915 3934/3934/3934
f 3935/3935/3935 3934/3934/3934 3915/3915/3915
f 3936/3936/3936 3934/3934/3934 3935/3935/3935
f 3937/3937/3937 3934/3934/3934 3936/3936/3936
f 3938/3938/3938 3926/3926/3926 3934/3934/3934
f 3938/3938/3938 3934/3934/3934 3939/3939/3939
f 3940/3940/3940 3938/3938/3938 3939/3939/3939
f 3943/3943/3943 3942/3942/3942 3941/3941/3941
f 3944/3944/3944 3942/3942/3942 3943/3943/3943
f 3944/3944/3944 3943/3943/3943 3945/3945/3945
f 3945/3945/3945 3946/3946/3946 3944/3944/3944
f 3945/3945/3945 3947/3947/3947 3946/3946/3946
f 3947/3947/3947 3948/3948/3948 3946/3946/3946
f 3948/3948/3948 3949/3949/3949 3946/3946/3946
f 3949/3949/3949 3950/3950/3950 3946/3946/3946
f 3946/3946/3946 3950/3950/3950 3951/3951/3951
f 3944/3944/3944 3952/3952/3952 3942/3942/3942
f 3946/3946/3946 3951/3951/3951 3953/3953/3953
f 3944/3944/3944 3946/3946/3946 3953/3953/3953
f 3953/3953/3953 3951/3951/3951 3954/3954/3954
f 3955/3955/3955 3952/3952/3952 3944/3944/3944
f 3944/3944/3944 3953/3953/3953 3955/3955/3955
f 3955/3955/3955 3956/3956/3956 3952/3952/3952
f 3953/3953/3953 3954/3954/3954 3957/3957/3957
f 3955/3955/3955 3953/3953/3953 3958/3958/3958
f 3953/3953/3953 3957/3957/3957 3958/3958/3958
f 3959/3959/3959 3956/3956/3956 3955/3955/3955
f 3955/3955/3955 3958/3958/3958 3959/3959/3959
f 3957/3957/3957 3954/3954/3954 3960/3960/3960
f 3954/3954/3954 3961/3961/3961 3960/3960/3960
f 3960/3960/3960 3961/3961/3961 3962/3962/3962
f 3959/3959/3959 3963/3963/3963 3956/3956/3956
f 3964/3964/3964 3956/3956/3956 3963/3963/3963
f 3965/3965/3965 3964/3964/3964 3963/3963/3963
f 3958/3958/3958 3957/3957/3957 3966/3966/3966
f 3957/3957/3957 3960/3960/3960 3966/3966/3966
f 3960/3960/3960 3962/3962/3962 3967/3967/3967
f 3966/3966/3966 3960/3960/3960 3967/3967/3967
f 3967/3967/3967 3962/3962/3962 3968/3968/3968
f 3959/3959/3959 3958/3958/3958 3969/3969/3969
f 3958/3958/3958 3966/3966/3966 3969/3969/3969
f 3969/3969/3969 3963/3963/3963 3959/3959/3959
f 3965/3965/3965 3963/3963/3963 3970/3970/3970
f 3971/3971/3971 3965/3965/3965 3970/3970/3970
f 3967/3967/3967 3968/3968/3968 3972/3972/3972
f 3972/3972/3972 3968/3968/3968 3973/3973/3973
f 3966/3966/3966 3967/3967/3967 3974/3974/3974
f 3969/3969/3969 3966/3966/3966 3974/3974/3974
f 3974/3974/3974 3967/3967/3967 3972/3972/3972
f 3969/3969/3969 3975/3975/3975 3963/3963/3963
f 3974/3974/3974 3975/3975/3975 3969/3969/3969
f 3970/3970/3970 3963/3963/3963 3975/3975/3975
f 3971/3971/3971 3970/3970/3970 3976/3976/3976
f 3976/3976/3976 3977/3977/3977 3971/3971/3971
f 3974/3974/3974 3978/3978/3978 3975/3975/3975
f 3972/3972/3972 3978/3978/3978 3974/3974/3974
f 3970/3970/3970 3975/3975/3975 3979/3979/3979
f 3976/3976/3976 3970/3970/3970 3979/3979/3979
f 3979/3979/3979 3975/3975/3975 3978/3978/3978
f 3980/3980/3980 3977/3977/3977 3976/3976/3976
f 3976/3976/3976 3979/3979/3979 3980/3980/3980
f 3980/3980/3980 3981/3981/3981 3977/3977/3977
f 3979/3979/3979 3978/3978/3978 3982/3982/3982
f 3980/3980/3980 3979/3979/3979 3982/3982/3982
f 3983/3983/3983 3981/3981/3981 3980/3980/3980
f 3980/3980/3980 3982/3982/3982 3983/3983/3983
f 3983/3983/3983 3984/3984/3984 3981/3981/3981
f 3972/3972/3972 3985/3985/3985 3978/3978/3978
f 3982/3982/3982 3978/3978/3978 3985/3985/3985
f 3986/3986/3986 3984/3984/3984 3983/3983/3983
f 3986/3986/3986 3987/3987/3987 3984/3984/3984
f 3983/3983/3983 3982/3982/3982 3988/3988/3988
f 3982/3982/3982 3985/3985/3985 3988/3988/3988
f 3989/3989/3989 3985/3985/3985 3972/3972/3972
f 3972/3972/3972 3973/3973/3973 3989/3989/3989
f 3990/3990/3990 3987/3987/3987 3986/3986/3986
f 3990/3990/3990 3991/3991/3991 3987/3987/3987
f 3992/3992/3992 3986/3986/3986 3983/3983/3983
f 3983/3983/3983 3988/3988/3988 3992/3992/3992
f 3990/3990/3990 3986/3986/3986 3992/3992/3992
f 3989/3989/3989 3993/3993/3993 3985/3985/3985
f 3988/3988/3988 3985/3985/3985 3993/3993/3993
f 3989/3989/3989 3973/3973/3973 3994/3994/3994
f 3994/3994/3994 3993/3993/3993 3989/3989/3989
f 3973/3973/3973 3995/3995/3995 3994/3994/3994
f 3994/3994/3994 3995/3995/3995 3996/3996/3996
f 3996/3996/3996 3997/3997/3997 3994/3994/3994
f 3994/3994/3994 3997/3997/3997 3993/3993/3993
f 3996/3996/3996 3998/3998/3998 3997/3997/3997
f 3988/3988/3988 3993/3993/3993 3999/3999/3999
f 3992/3992/3992 3988/3988/3988 3999/3999/3999
f 3999/3999/3999 3993/3993/3993 3997/3997/3997
f 3998/3998/3998 4000/4000/4000 3997/3997/3997
f 4001/4001/4001 4000/4000/4000 3998/3998/3998
f 4002/4002/4002 3992/3992/3992 3999/3999/3999
f 3990/3990/3990 3992/3992/3992 4002/4002/4002
f 3999/3999/3999 3997/3997/3997 4003/4003/4003
f 4000/4000/4000 4003/4003/4003 3997/3997/3997
f 3999/3999/3999 4003/4003/4003 4002/4002/4002
f 4001/4001/4001 4004/4004/4004 4000/4000/4000
f 4004/4004/4004 4003/4003/4003 4000/4000/4000
f 4005/4005/4005 4004/4004/4004 4001/4001/4001
f 4002/4002/4002 4003/4003/4003 4006/4006/4006
f 4004/4004/4004 4006/4006/4006 4003/4003/4003
f 4005/4005/4005 4007/4007/4007 4004/4004/4004
f 4007/4007/4007 4006/4006/4006 4004/4004/4004
f 4008/4008/4008 4007/4007/4007 4005/4005/4005
f 4009/4009/4009 3990/3990/3990 4002/4002/4002
f 4002/4002/4002 4006/4006/4006 4009/4009/4009
f 4007/4007/4007 4010/4010/4010 4006/4006/4006
f 4009/4009/4009 4006/4006/4006 4010/4010/4010
f 4008/4008/4008 4011/4011/4011 4007/4007/4007
f 4011/4011/4011 4010/4010/4010 4007/4007/4007
f 4012/4012/4012 4011/4011/4011 4008/4008/4008
f 4012/4012/4012 4013/4013/4013 4011/4011/4011
f 4014/4014/4014 4013/4013/4013 4012/4012/4012
f 4011/4011/4011 4015/4015/4015 4010/4010/4010
f 4013/4013/4013 4015/4015/4015 4011/4011/4011
f 4014/4014/4014 4016/4016/4016 4013/4013/4013
f 4017/4017/4017 4016/4016/4016 4014/4014/4014
f 4018/4018/4018 3990/3990/3990 4009/4009/4009
f 4018/4018/4018 3991/3991/3991 3990/3990/3990
f 4018/4018/4018 4019/4019/4019 3991/3991/3991
f 4020/4020/4020 4019/4019/4019 4018/4018/4018
f 4009/4009/4009 4020/4020/4020 4018/4018/4018
f 4020/4020/4020 4021/4021/4021 4019/4019/4019
f 4009/4009/4009 4010/4010/4010 4022/4022/4022
f 4022/4022/4022 4020/4020/4020 4009/4009/4009
f 4022/4022/4022 4010/4010/4010 4015/4015/4015
f 4023/4023/4023 4021/4021/4021 4020/4020/4020
f 4022/4022/4022 4023/4023/4023 4020/4020/4020
f 4023/4023/4023 4024/4024/4024 4021/4021/4021
f 4013/4013/4013 4025/4025/4025 4015/4015/4015
f 4016/4016/4016 4025/4025/4025 4013/4013/4013
f 4016/4016/4016 4026/4026/4026 4025/4025/4025
f 4022/4022/4022 4015/4015/4015 4027/4027/4027
f 4027/4027/4027 4023/4023/4023 4022/4022/4022
f 4027/4027/4027 4015/4015/4015 4025/4025/4025
f 4028/4028/4028 4024/4024/4024 4023/4023/4023
f 4027/4027/4027 4028/4028/4028 4023/4023/4023
f 4028/4028/4028 4029/4029/4029 4024/4024/4024
f 4027/4027/4027 4025/4025/4025 4030/4030/4030
f 4030/4030/4030 4025/4025/4025 4026/4026/4026
f 4030/4030/4030 4028/4028/4028 4027/4027/4027
f 4030/4030/4030 4026/4026/4026 4028/4028/4028
f 4031/4031/4031 4029/4029/4029 4028/4028/4028
f 4031/4031/4031 4028/4028/4028 4026/4026/4026
f 4031/4031/4031 4032/4032/4032 4029/4029/4029
f 4026/4026/4026 4032/4032/4032 4031/4031/4031
f 4032/4032/4032 4033/4033/4033 4029/4029/4029
f 4034/4034/4034 4033/4033/4033 4032/4032/4032
f 4035/4035/4035 4026/4026/4026 4016/4016/4016
f 4017/4017/4017 4035/4035/4035 4016/4016/4016
f 4026/4026/4026 4036/4036/4036 4032/4032/4032
f 4035/4035/4035 4036/4036/4036 4026/4026/4026
f 4032/4032/4032 4037/4037/4037 4034/4034/4034
f 4036/4036/4036 4037/4037/4037 4032/4032/4032
f 4038/4038/4038 4034/4034/4034 4037/4037/4037
f 4017/4017/4017 4039/4039/4039 4035/4035/4035
f 4017/4017/4017 4040/4040/4040 4039/4039/4039
f 4035/4035/4035 4041/4041/4041 4036/4036/4036
f 4041/4041/4041 4037/4037/4037 4036/4036/4036
f 4039/4039/4039 4041/4041/4041 4035/4035/4035
f 4040/4040/4040 4042/4042/4042 4039/4039/4039
f 4039/4039/4039 4042/4042/4042 4041/4041/4041
f 4040/4040/4040 4043/4043/4043 4042/4042/4042
f 4041/4041/4041 4044/4044/4044 4037/4037/4037
f 4038/4038/4038 4037/4037/4037 4044/4044/4044
f 4042/4042/4042 4044/4044/4044 4041/4041/4041
f 4042/4042/4042 4043/4043/4043 4045/4045/4045
f 4045/4045/4045 4043/4043/4043 4046/4046/4046
f 4045/4045/4045 4047/4047/4047 4042/4042/4042
f 4042/4042/4042 4047/4047/4047 4044/4044/4044
f 4048/4048/4048 4044/4044/4044 4047/4047/4047
f 4044/4044/4044 4048/4048/4048 4049/4049/4049
f 4044/4044/4044 4049/4049/4049 4038/4038/4038
f 4050/4050/4050 4038/4038/4038 4049/4049/4049
f 4053/4053/4053 4052/4052/4052 4051/4051/4051
f 4054/4054/4054 4053/4053/4053 4051/4051/4051
f 4055/4055/4055 4053/4053/4053 4054/4054/4054
f 4055/4055/4055 4054/4054/4054 4056/4056/4056
f 4057/4057/4057 4053/4053/4053 4055/4055/4055
f 4055/4055/4055 4058/4058/4058 4057/4057/4057
f 4057/4057/4057 4058/4058/4058 4059/4059/4059
f 4054/4054/4054 4051/4051/4051 4060/4060/4060
f 4056/4056/4056 4054/4054/4054 4060/4060/4060
f 4055/4055/4055 4061/4061/4061 4058/4058/4058
f 4056/4056/4056 4061/4061/4061 4055/4055/4055
f 4062/4062/4062 4059/4059/4059 4058/4058/4058
f 4062/4062/4062 4058/4058/4058 4063/4063/4063
f 4061/4061/4061 4063/4063/4063 4058/4058/4058
f 4064/4064/4064 4059/4059/4059 4062/4062/4062
f 4064/4064/4064 4062/4062/4062 4063/4063/4063
f 4065/4065/4065 4059/4059/4059 4064/4064/4064
f 4065/4065/4065 4066/4066/4066 4059/4059/4059
f 4067/4067/4067 4066/4066/4066 4065/4065/4065
f 4067/4067/4067 4068/4068/4068 4066/4066/4066
f 4064/4064/4064 4069/4069/4069 4065/4065/4065
f 4069/4069/4069 4067/4067/4067 4065/4065/4065
f 4070/4070/4070 4068/4068/4068 4067/4067/4067
f 4071/4071/4071 4067/4067/4067 4069/4069/4069
f 4071/4071/4071 4070/4070/4070 4067/4067/4067
f 4072/4072/4072 4069/4069/4069 4064/4064/4064
f 4072/4072/4072 4071/4071/4071 4069/4069/4069
f 4073/4073/4073 4064/4064/4064 4063/4063/4063
f 4073/4073/4073 4072/4072/4072 4064/4064/4064
f 4072/4072/4072 4074/4074/4074 4071/4071/4071
f 4074/4074/4074 4070/4070/4070 4071/4071/4071
f 4075/4075/4075 4070/4070/4070 4074/4074/4074
f 4070/4070/4070 4076/4076/4076 4068/4068/4068
f 4075/4075/4075 4076/4076/4076 4070/4070/4070
f 4068/4068/4068 4076/4076/4076 4077/4077/4077
f 4076/4076/4076 4078/4078/4078 4077/4077/4077
f 4079/4079/4079 4074/4074/4074 4072/4072/4072
f 4073/4073/4073 4079/4079/4079 4072/4072/4072
f 4076/4076/4076 4080/4080/4080 4078/4078/4078
f 4081/4081/4081 4078/4078/4078 4080/4080/4080
f 4074/4074/4074 4082/4082/4082 4075/4075/4075
f 4079/4079/4079 4082/4082/4082 4074/4074/4074
f 4083/4083/4083 4080/4080/4080 4076/4076/4076
f 4075/4075/4075 4083/4083/4083 4076/4076/4076
f 4084/4084/4084 4083/4083/4083 4075/4075/4075
f 4075/4075/4075 4082/4082/4082 4085/4085/4085
f 4079/4079/4079 4085/4085/4085 4082/4082/4082
f 4083/4083/4083 4086/4086/4086 4080/4080/4080
f 4084/4084/4084 4086/4086/4086 4083/4083/4083
f 4081/4081/4081 4080/4080/4080 4087/4087/4087
f 4087/4087/4087 4080/4080/4080 4086/4086/4086
f 4087/4087/4087 4088/4088/4088 4081/4081/4081
f 4081/4081/4081 4088/4088/4088 4089/4089/4089
f 4086/4086/4086 4090/4090/4090 4087/4087/4087
f 4087/4087/4087 4090/4090/4090 4088/4088/4088
f 4089/4089/4089 4088/4088/4088 4091/4091/4091
f 4091/4091/4091 4088/4088/4088 4090/4090/4090
f 4091/4091/4091 4092/4092/4092 4089/4089/4089
f 4093/4093/4093 4092/4092/4092 4091/4091/4091
f 4086/4086/4086 4094/4094/4094 4090/4090/4090
f 4086/4086/4086 4084/4084/4084 4094/4094/4094
f 4093/4093/4093 4091/4091/4091 4095/4095/4095
f 4093/4093/4093 4095/4095/4095 4096/4096/4096
f 4091/4091/4091 4090/4090/4090 4097/4097/4097
f 4095/4095/4095 4091/4091/4091 4097/4097/4097
f 4097/4097/4097 4090/4090/4090 4094/4094/4094
f 4096/4096/4096 4095/4095/4095 4098/4098/4098
f 4095/4095/4095 4097/4097/4097 4098/4098/4098
f 4096/4096/4096 4098/4098/4098 4099/4099/4099
f 4098/4098/4098 4097/4097/4097 4100/4100/4100
f 4097/4097/4097 4094/4094/4094 4100/4100/4100
f 4099/4099/4099 4098/4098/4098 4101/4101/4101
f 4098/4098/4098 4100/4100/4100 4101/4101/4101
f 4102/4102/4102 4099/4099/4099 4101/4101/4101
f 4102/4102/4102 4101/4101/4101 4103/4103/4103
f 4104/4104/4104 4102/4102/4102 4103/4103/4103
f 4101/4101/4101 4100/4100/4100 4105/4105/4105
f 4103/4103/4103 4101/4101/4101 4105/4105/4105
f 4100/4100/4100 4094/4094/4094 4106/4106/4106
f 4100/4100/4100 4106/4106/4106 4105/4105/4105
f 4103/4103/4103 4105/4105/4105 4107/4107/4107
f 4107/4107/4107 4105/4105/4105 4106/4106/4106
f 4104/4104/4104 4103/4103/4103 4108/4108/4108
f 4108/4108/4108 4103/4103/4103 4107/4107/4107
f 4109/4109/4109 4106/4106/4106 4094/4094/4094
f 4094/4094/4094 4084/4084/4084 4109/4109/4109
f 4107/4107/4107 4106/4106/4106 4110/4110/4110
f 4108/4108/4108 4107/4107/4107 4110/4110/4110
f 4108/4108/4108 4111/4111/4111 4104/4104/4104
f 4104/4104/4104 4111/4111/4111 4112/4112/4112
f 4110/4110/4110 4106/4106/4106 4113/4113/4113
f 4113/4113/4113 4106/4106/4106 4109/4109/4109
f 4108/4108/4108 4110/4110/4110 4114/4114/4114
f 4114/4114/4114 4111/4111/4111 4108/4108/4108
f 4114/4114/4114 4110/4110/4110 4113/4113/4113
f 4112/4112/4112 4111/4111/4111 4115/4115/4115
f 4116/4116/4116 4112/4112/4112 4115/4115/4115
f 4116/4116/4116 4115/4115/4115 4117/4117/4117
f 4118/4118/4118 4116/4116/4116 4117/4117/4117
f 4119/4119/4119 4118/4118/4118 4117/4117/4117
f 4114/4114/4114 4120/4120/4120 4111/4111/4111
f 4115/4115/4115 4111/4111/4111 4120/4120/4120
f 4114/4114/4114 4113/4113/4113 4121/4121/4121
f 4121/4121/4121 4120/4120/4120 4114/4114/4114
f 4122/4122/4122 4120/4120/4120 4121/4121/4121
f 4123/4123/4123 4120/4120/4120 4122/4122/4122
f 4124/4124/4124 4120/4120/4120 4123/4123/4123
f 4124/4124/4124 4115/4115/4115 4120/4120/4120
f 4124/4124/4124 4117/4117/4117 4115/4115/4115
f 4125/4125/4125 4117/4117/4117 4124/4124/4124
f 4126/4126/4126 4117/4117/4117 4125/4125/4125
f 4126/4126/4126 4127/4127/4127 4117/4117/4117
f 4117/4117/4117 4127/4127/4127 4128/4128/4128
f 4119/4119/4119 4117/4117/4117 4128/4128/4128
f 4119/4119/4119 4128/4128/4128 4129/4129/4129
f 4129/4129/4129 4130/4130/4130 4119/4119/4119
f 4129/4129/4129 4131/4131/4131 4130/4130/4130
f 4132/4132/4132 4131/4131/4131 4129/4129/4129
f 4132/4132/4132 4133/4133/4133 4131/4131/4131
f 4131/4131/4131 4133/4133/4133 4134/4134/4134
f 4134/4134/4134 4133/4133/4133 4135/4135/4135
f 4138/4138/4138 4137/4137/4137 4136/4136/4136
f 4136/4136/4136 4137/4137/4137 4139/4139/4139
f 4136/4136/4136 4139/4139/4139 4140/4140/4140
f 4140/4140/4140 4139/4139/4139 4141/4141/4141
f 4142/4142/4142 4140/4140/4140 4141/4141/4141
f 4141/4141/4141 4139/4139/4139 4143/4143/4143
f 4140/4140/4140 4144/4144/4144 4136/4136/4136
f 4144/4144/4144 4145/4145/4145 4136/4136/4136
f 4143/4143/4143 4146/4146/4146 4141/4141/4141
f 4147/4147/4147 4146/4146/4146 4143/4143/4143
f 4148/4148/4148 4144/4144/4144 4140/4140/4140
f 4148/4148/4148 4140/4140/4140 4142/4142/4142
f 4149/4149/4149 4145/4145/4145 4144/4144/4144
f 4148/4148/4148 4149/4149/4149 4144/4144/4144
f 4150/4150/4150 4145/4145/4145 4149/4149/4149
f 4149/4149/4149 4148/4148/4148 4150/4150/4150
f 4141/4141/4141 4151/4151/4151 4142/4142/4142
f 4146/4146/4146 4151/4151/4151 4141/4141/4141
f 4150/4150/4150 4148/4148/4148 4152/4152/4152
f 4152/4152/4152 4148/4148/4148 4142/4142/4142
f 4147/4147/4147 4153/4153/4153 4146/4146/4146
f 4154/4154/4154 4146/4146/4146 4153/4153/4153
f 4154/4154/4154 4151/4151/4151 4146/4146/4146
f 4155/4155/4155 4153/4153/4153 4147/4147/4147
f 4155/4155/4155 4154/4154/4154 4153/4153/4153
f 4155/4155/4155 4147/4147/4147 4156/4156/4156
f 4156/4156/4156 4147/4147/4147 4157/4157/4157
f 4156/4156/4156 4157/4157/4157 4158/4158/4158
f 4158/4158/4158 4157/4157/4157 4159/4159/4159
f 4155/4155/4155 4156/4156/4156 4160/4160/4160
f 4156/4156/4156 4158/4158/4158 4160/4160/4160
f 4158/4158/4158 4159/4159/4159 4161/4161/4161
f 4160/4160/4160 4158/4158/4158 4162/4162/4162
f 4161/4161/4161 4162/4162/4162 4158/4158/4158
f 4160/4160/4160 4163/4163/4163 4155/4155/4155
f 4160/4160/4160 4162/4162/4162 4163/4163/4163
f 4155/4155/4155 4164/4164/4164 4154/4154/4154
f 4155/4155/4155 4163/4163/4163 4164/4164/4164
f 4162/4162/4162 4165/4165/4165 4163/4163/4163
f 4161/4161/4161 4165/4165/4165 4162/4162/4162
f 4166/4166/4166 4165/4165/4165 4161/4161/4161
f 4161/4161/4161 4159/4159/4159 4167/4167/4167
f 4167/4167/4167 4166/4166/4166 4161/4161/4161
f 4168/4168/4168 4167/4167/4167 4159/4159/4159
f 4168/4168/4168 4169/4169/4169 4167/4167/4167
f 4165/4165/4165 4170/4170/4170 4163/4163/4163
f 4170/4170/4170 4164/4164/4164 4163/4163/4163
f 4169/4169/4169 4171/4171/4171 4167/4167/4167
f 4172/4172/4172 4171/4171/4171 4169/4169/4169
f 4171/4171/4171 4173/4173/4173 4167/4167/4167
f 4167/4167/4167 4173/4173/4173 4166/4166/4166
f 4174/4174/4174 4166/4166/4166 4173/4173/4173
f 4172/4172/4172 4175/4175/4175 4171/4171/4171
f 4175/4175/4175 4173/4173/4173 4171/4171/4171
f 4166/4166/4166 4176/4176/4176 4165/4165/4165
f 4176/4176/4176 4170/4170/4170 4165/4165/4165
f 4177/4177/4177 4176/4176/4176 4166/4166/4166
f 4177/4177/4177 4170/4170/4170 4176/4176/4176
f 4174/4174/4174 4173/4173/4173 4178/4178/4178
f 4175/4175/4175 4178/4178/4178 4173/4173/4173
f 4179/4179/4179 4175/4175/4175 4172/4172/4172
f 4172/4172/4172 4180/4180/4180 4179/4179/4179
f 4181/4181/4181 4178/4178/4178 4175/4175/4175
f 4179/4179/4179 4181/4181/4181 4175/4175/4175
f 4179/4179/4179 4180/4180/4180 4182/4182/4182
f 4179/4179/4179 4182/4182/4182 4181/4181/4181
f 4182/4182/4182 4180/4180/4180 4183/4183/4183
f 4182/4182/4182 4183/4183/4183 4184/4184/4184
f 4181/4181/4181 4185/4185/4185 4178/4178/4178
f 4174/4174/4174 4178/4178/4178 4185/4185/4185
f 4182/4182/4182 4184/4184/4184 4186/4186/4186
f 4186/4186/4186 4184/4184/4184 4187/4187/4187
f 4181/4181/4181 4182/4182/4182 4188/4188/4188
f 4188/4188/4188 4182/4182/4182 4186/4186/4186
f 4181/4181/4181 4188/4188/4188 4185/4185/4185
f 4186/4186/4186 4187/4187/4187 4189/4189/4189
f 4188/4188/4188 4186/4186/4186 4189/4189/4189
f 4189/4189/4189 4187/4187/4187 4190/4190/4190
f 4191/4191/4191 4188/4188/4188 4189/4189/4189
f 4185/4185/4185 4188/4188/4188 4191/4191/4191
f 4192/4192/4192 4189/4189/4189 4190/4190/4190
f 4191/4191/4191 4189/4189/4189 4192/4192/4192
f 4192/4192/4192 4190/4190/4190 4193/4193/4193
f 4194/4194/4194 4192/4192/4192 4193/4193/4193
f 4191/4191/4191 4192/4192/4192 4194/4194/4194
f 4194/4194/4194 4193/4193/4193 4195/4195/4195
f 4196/4196/4196 4191/4191/4191 4194/4194/4194
f 4196/4196/4196 4194/4194/4194 4195/4195/4195
f 4197/4197/4197 4185/4185/4185 4191/4191/4191
f 4197/4197/4197 4191/4191/4191 4196/4196/4196
f 4198/4198/4198 4185/4185/4185 4197/4197/4197
f 4174/4174/4174 4185/4185/4185 4198/4198/4198
f 4195/4195/4195 4199/4199/4199 4196/4196/4196
f 4196/4196/4196 4200/4200/4200 4197/4197/4197
f 4196/4196/4196 4199/4199/4199 4200/4200/4200
f 4201/4201/4201 4197/4197/4197 4200/4200/4200
f 4198/4198/4198 4197/4197/4197 4201/4201/4201
f 4201/4201/4201 4200/4200/4200 4199/4199/4199
f 4195/4195/4195 4202/4202/4202 4199/4199/4199
f 4202/4202/4202 4195/4195/4195 4203/4203/4203
f 4202/4202/4202 4203/4203/4203 4204/4204/4204
f 4205/4205/4205 4201/4201/4201 4199/4199/4199
f 4205/4205/4205 4199/4199/4199 4206/4206/4206
f 4206/4206/4206 4199/4199/4199 4202/4202/4202
f 4205/4205/4205 4206/4206/4206 4207/4207/4207
f 4207/4207/4207 4206/4206/4206 4208/4208/4208
f 4208/4208/4208 4206/4206/4206 4209/4209/4209
f 4206/4206/4206 4202/4202/4202 4209/4209/4209
f 4209/4209/4209 4202/4202/4202 4204/4204/4204
f 4204/4204/4204 4210/4210/4210 4209/4209/4209
f 4211/4211/4211 4210/4210/4210 4204/4204/4204
f 4211/4211/4211 4204/4204/4204 4212/4212/4212
f 4213/4213/4213 4210/4210/4210 4211/4211/4211
f 4214/4214/4214 4213/4213/4213 4211/4211/4211
f 4215/4215/4215 4211/4211/4211 4212/4212/4212
f 4216/4216/4216 4214/4214/4214 4211/4211/4211
f 4216/4216/4216 4211/4211/4211 4215/4215/4215
f 4216/4216/4216 4215/4215/4215 4217/4217/4217
f 4219/4219/4219 4051/4051/4051 4218/4218/4218
f 4220/4220/4220 4051/4051/4051 4219/4219/4219
f 4220/4220/4220 4219/4219/4219 4221/4221/4221
f 4220/4220/4220 4221/4221/4221 4222/4222/4222
f 4220/4220/4220 4060/4060/4060 4051/4051/4051
f 4220/4220/4220 4222/4222/4222 4060/4060/4060
f 4222/4222/4222 4221/4221/4221 4223/4223/4223
f 4224/4224/4224 4222/4222/4222 4223/4223/4223
f 4225/4225/4225 4060/4060/4060 4222/4222/4222
f 4056/4056/4056 4060/4060/4060 4225/4225/4225
f 4226/4226/4226 4222/4222/4222 4224/4224/4224
f 4225/4225/4225 4222/4222/4222 4227/4227/4227
f 4227/4227/4227 4222/4222/4222 4226/4226/4226
f 4226/4226/4226 4224/4224/4224 4228/4228/4228
f 4228/4228/4228 4224/4224/4224 4229/4229/4229
f 4229/4229/4229 4226/4226/4226 4228/4228/4228
f 4230/4230/4230 4229/4229/4229 4224/4224/4224
f 4231/4231/4231 4229/4229/4229 4230/4230/4230
f 4231/4231/4231 4232/4232/4232 4229/4229/4229
f 4232/4232/4232 4233/4233/4233 4229/4229/4229
f 4229/4229/4229 4233/4233/4233 4234/4234/4234
f 4233/4233/4233 4235/4235/4235 4234/4234/4234
f 4234/4234/4234 4235/4235/4235 4236/4236/4236
f 4237/4237/4237 4226/4226/4226 4229/4229/4229
f 4234/4234/4234 4237/4237/4237 4229/4229/4229
f 4236/4236/4236 4238/4238/4238 4234/4234/4234
f 4234/4234/4234 4238/4238/4238 4237/4237/4237
f 4236/4236/4236 4239/4239/4239 4238/4238/4238
f 4237/4237/4237 4240/4240/4240 4226/4226/4226
f 4240/4240/4240 4227/4227/4227 4226/4226/4226
f 4238/4238/4238 4240/4240/4240 4237/4237/4237
f 4241/4241/4241 4227/4227/4227 4240/4240/4240
f 4238/4238/4238 4241/4241/4241 4240/4240/4240
f 4241/4241/4241 4225/4225/4225 4227/4227/4227
f 4239/4239/4239 4242/4242/4242 4238/4238/4238
f 4242/4242/4242 4241/4241/4241 4238/4238/4238
f 4243/4243/4243 4242/4242/4242 4239/4239/4239
f 4243/4243/4243 4244/4244/4244 4242/4242/4242
f 4245/4245/4245 4244/4244/4244 4243/4243/4243
f 4246/4246/4246 4244/4244/4244 4245/4245/4245
f 4247/4247/4247 4241/4241/4241 4242/4242/4242
f 4244/4244/4244 4247/4247/4247 4242/4242/4242
f 4248/4248/4248 4225/4225/4225 4241/4241/4241
f 4247/4247/4247 4248/4248/4248 4241/4241/4241
f 4249/4249/4249 4244/4244/4244 4246/4246/4246
f 4246/4246/4246 4250/4250/4250 4249/4249/4249
f 4249/4249/4249 4250/4250/4250 4251/4251/4251
f 4248/4248/4248 4252/4252/4252 4225/4225/4225
f 4252/4252/4252 4056/4056/4056 4225/4225/4225
f 4253/4253/4253 4248/4248/4248 4247/4247/4247
f 4253/4253/4253 4252/4252/4252 4248/4248/4248
f 4254/4254/4254 4252/4252/4252 4253/4253/4253
f 4255/4255/4255 4247/4247/4247 4244/4244/4244
f 4249/4249/4249 4255/4255/4255 4244/4244/4244
f 4255/4255/4255 4253/4253/4253 4247/4247/4247
f 4251/4251/4251 4256/4256/4256 4249/4249/4249
f 4249/4249/4249 4256/4256/4256 4255/4255/4255
f 4257/4257/4257 4056/4056/4056 4252/4252/4252
f 4254/4254/4254 4257/4257/4257 4252/4252/4252
f 4258/4258/4258 4253/4253/4253 4255/4255/4255
f 4256/4256/4256 4258/4258/4258 4255/4255/4255
f 4258/4258/4258 4259/4259/4259 4253/4253/4253
f 4256/4256/4256 4259/4259/4259 4258/4258/4258
f 4254/4254/4254 4253/4253/4253 4259/4259/4259
f 4251/4251/4251 4260/4260/4260 4256/4256/4256
f 4260/4260/4260 4259/4259/4259 4256/4256/4256
f 4113/4113/4113 4260/4260/4260 4251/4251/4251
f 4113/4113/4113 4109/4109/4109 4260/4260/4260
f 4260/4260/4260 4261/4261/4261 4259/4259/4259
f 4260/4260/4260 4109/4109/4109 4261/4261/4261
f 4259/4259/4259 4261/4261/4261 4254/4254/4254
f 4109/4109/4109 4084/4084/4084 4261/4261/4261
f 4261/4261/4261 4084/4084/4084 4262/4262/4262
f 4261/4261/4261 4262/4262/4262 4254/4254/4254
f 4257/4257/4257 4263/4263/4263 4056/4056/4056
f 4263/4263/4263 4061/4061/4061 4056/4056/4056
f 4262/4262/4262 4084/4084/4084 4264/4264/4264
f 4264/4264/4264 4084/4084/4084 4075/4075/4075
f 4075/4075/4075 4085/4085/4085 4264/4264/4264
f 4264/4264/4264 4085/4085/4085 4265/4265/4265
f 4264/4264/4264 4265/4265/4265 4262/4262/4262
f 4266/4266/4266 4265/4265/4265 4085/4085/4085
f 4266/4266/4266 4085/4085/4085 4079/4079/4079
f 4262/4262/4262 4265/4265/4265 4267/4267/4267
f 4266/4266/4266 4267/4267/4267 4265/4265/4265
f 4262/4262/4262 4268/4268/4268 4254/4254/4254
f 4262/4262/4262 4267/4267/4267 4268/4268/4268
f 4254/4254/4254 4269/4269/4269 4257/4257/4257
f 4254/4254/4254 4268/4268/4268 4269/4269/4269
f 4270/4270/4270 4268/4268/4268 4267/4267/4267
f 4269/4269/4269 4268/4268/4268 4270/4270/4270
f 4270/4270/4270 4267/4267/4267 4266/4266/4266
f 4257/4257/4257 4269/4269/4269 4271/4271/4271
f 4269/4269/4269 4270/4270/4270 4271/4271/4271
f 4271/4271/4271 4263/4263/4263 4257/4257/4257
f 4272/4272/4272 4266/4266/4266 4079/4079/4079
f 4272/4272/4272 4079/4079/4079 4073/4073/4073
f 4266/4266/4266 4273/4273/4273 4270/4270/4270
f 4271/4271/4271 4270/4270/4270 4273/4273/4273
f 4272/4272/4272 4273/4273/4273 4266/4266/4266
f 4073/4073/4073 4274/4274/4274 4272/4272/4272
f 4272/4272/4272 4274/4274/4274 4273/4273/4273
f 4073/4073/4073 4063/4063/4063 4274/4274/4274
f 4271/4271/4271 4273/4273/4273 4275/4275/4275
f 4275/4275/4275 4263/4263/4263 4271/4271/4271
f 4275/4275/4275 4273/4273/4273 4274/4274/4274
f 4274/4274/4274 4063/4063/4063 4276/4276/4276
f 4275/4275/4275 4274/4274/4274 4276/4276/4276
f 4275/4275/4275 4276/4276/4276 4263/4263/4263
f 4276/4276/4276 4063/4063/4063 4061/4061/4061
f 4263/4263/4263 4276/4276/4276 4061/4061/4061
f 4278/4278/4278 4201/4201/4201 4277/4277/4277
f 4198/4198/4198 4201/4201/4201 4278/4278/4278
f 4279/4279/4279 4198/4198/4198 4278/4278/4278
f 4279/4279/4279 4174/4174/4174 4198/4198/4198
f 4278/4278/4278 4277/4277/4277 4280/4280/4280
f 4279/4279/4279 4278/4278/4278 4281/4281/4281
f 4281/4281/4281 4278/4278/4278 4280/4280/4280
f 4281/4281/4281 4282/4282/4282 4279/4279/4279
f 4283/4283/4283 4174/4174/4174 4279/4279/4279
f 4283/4283/4283 4279/4279/4279 4282/4282/4282
f 4280/4280/4280 4277/4277/4277 4284/4284/4284
f 4285/4285/4285 4284/4284/4284 4277/4277/4277
f 4286/4286/4286 4284/4284/4284 4285/4285/4285
f 4286/4286/4286 4287/4287/4287 4284/4284/4284
f 4288/4288/4288 4287/4287/4287 4286/4286/4286
f 4289/4289/4289 4287/4287/4287 4288/4288/4288
f 4284/4284/4284 4290/4290/4290 4280/4280/4280
f 4284/4284/4284 4287/4287/4287 4290/4290/4290
f 4280/4280/4280 4291/4291/4291 4281/4281/4281
f 4280/4280/4280 4290/4290/4290 4291/4291/4291
f 4281/4281/4281 4291/4291/4291 4292/4292/4292
f 4292/4292/4292 4291/4291/4291 4290/4290/4290
f 4281/4281/4281 4292/4292/4292 4282/4282/4282
f 4293/4293/4293 4287/4287/4287 4289/4289/4289
f 4294/4294/4294 4293/4293/4293 4289/4289/4289
f 4295/4295/4295 4290/4290/4290 4287/4287/4287
f 4295/4295/4295 4292/4292/4292 4290/4290/4290
f 4293/4293/4293 4295/4295/4295 4287/4287/4287
f 4296/4296/4296 4293/4293/4293 4294/4294/4294
f 4297/4297/4297 4296/4296/4296 4294/4294/4294
f 4295/4295/4295 4293/4293/4293 4298/4298/4298
f 4296/4296/4296 4298/4298/4298 4293/4293/4293
f 4299/4299/4299 4292/4292/4292 4295/4295/4295
f 4299/4299/4299 4295/4295/4295 4298/4298/4298
f 4299/4299/4299 4300/4300/4300 4292/4292/4292
f 4282/4282/4282 4292/4292/4292 4300/4300/4300
f 4301/4301/4301 4296/4296/4296 4297/4297/4297
f 4302/4302/4302 4301/4301/4301 4297/4297/4297
f 4303/4303/4303 4301/4301/4301 4302/4302/4302
f 4303/4303/4303 4304/4304/4304 4301/4301/4301
f 4305/4305/4305 4304/4304/4304 4303/4303/4303
f 4306/4306/4306 4304/4304/4304 4305/4305/4305
f 4301/4301/4301 4307/4307/4307 4296/4296/4296
f 4304/4304/4304 4307/4307/4307 4301/4301/4301
f 4306/4306/4306 4308/4308/4308 4304/4304/4304
f 4309/4309/4309 4308/4308/4308 4306/4306/4306
f 4309/4309/4309 4310/4310/4310 4308/4308/4308
f 4310/4310/4310 4311/4311/4311 4308/4308/4308
f 4312/4312/4312 4296/4296/4296 4307/4307/4307
f 4312/4312/4312 4298/4298/4298 4296/4296/4296
f 4313/4313/4313 4307/4307/4307 4304/4304/4304
f 4313/4313/4313 4304/4304/4304 4308/4308/4308
f 4312/4312/4312 4307/4307/4307 4313/4313/4313
f 4314/4314/4314 4308/4308/4308 4311/4311/4311
f 4308/4308/4308 4314/4314/4314 4313/4313/4313
f 4311/4311/4311 4150/4150/4150 4314/4314/4314
f 4313/4313/4313 4315/4315/4315 4312/4312/4312
f 4313/4313/4313 4314/4314/4314 4315/4315/4315
f 4150/4150/4150 4315/4315/4315 4314/4314/4314
f 4312/4312/4312 4315/4315/4315 4298/4298/4298
f 4152/4152/4152 4315/4315/4315 4150/4150/4150
f 4152/4152/4152 4298/4298/4298 4315/4315/4315
f 4299/4299/4299 4298/4298/4298 4152/4152/4152
f 4300/4300/4300 4299/4299/4299 4152/4152/4152
f 4152/4152/4152 4142/4142/4142 4300/4300/4300
f 4300/4300/4300 4142/4142/4142 4316/4316/4316
f 4300/4300/4300 4316/4316/4316 4282/4282/4282
f 4142/4142/4142 4317/4317/4317 4316/4316/4316
f 4142/4142/4142 4151/4151/4151 4317/4317/4317
f 4151/4151/4151 4318/4318/4318 4317/4317/4317
f 4154/4154/4154 4318/4318/4318 4151/4151/4151
f 4319/4319/4319 4318/4318/4318 4154/4154/4154
f 4164/4164/4164 4319/4319/4319 4154/4154/4154
f 4317/4317/4317 4318/4318/4318 4320/4320/4320
f 4320/4320/4320 4318/4318/4318 4319/4319/4319
f 4321/4321/4321 4316/4316/4316 4317/4317/4317
f 4317/4317/4317 4320/4320/4320 4321/4321/4321
f 4282/4282/4282 4316/4316/4316 4322/4322/4322
f 4321/4321/4321 4322/4322/4322 4316/4316/4316
f 4323/4323/4323 4319/4319/4319 4164/4164/4164
f 4170/4170/4170 4323/4323/4323 4164/4164/4164
f 4324/4324/4324 4320/4320/4320 4319/4319/4319
f 4321/4321/4321 4320/4320/4320 4324/4324/4324
f 4323/4323/4323 4324/4324/4324 4319/4319/4319
f 4170/4170/4170 4325/4325/4325 4323/4323/4323
f 4323/4323/4323 4325/4325/4325 4324/4324/4324
f 4177/4177/4177 4325/4325/4325 4170/4170/4170
f 4321/4321/4321 4324/4324/4324 4326/4326/4326
f 4326/4326/4326 4322/4322/4322 4321/4321/4321
f 4326/4326/4326 4324/4324/4324 4325/4325/4325
f 4282/4282/4282 4322/4322/4322 4327/4327/4327
f 4326/4326/4326 4327/4327/4327 4322/4322/4322
f 4282/4282/4282 4327/4327/4327 4283/4283/4283
f 4327/4327/4327 4326/4326/4326 4328/4328/4328
f 4328/4328/4328 4326/4326/4326 4325/4325/4325
f 4283/4283/4283 4327/4327/4327 4328/4328/4328
f 4329/4329/4329 4328/4328/4328 4325/4325/4325
f 4177/4177/4177 4329/4329/4329 4325/4325/4325
f 4283/4283/4283 4328/4328/4328 4329/4329/4329
f 4330/4330/4330 4329/4329/4329 4177/4177/4177
f 4283/4283/4283 4329/4329/4329 4330/4330/4330
f 4177/4177/4177 4166/4166/4166 4330/4330/4330
f 4283/4283/4283 4330/4330/4330 4174/4174/4174
f 4330/4330/4330 4166/4166/4166 4174/4174/4174
f 3708/3708/3708 4332/4332/4332 4331/4331/4331
f 3708/3708/3708 3705/3705/3705 4332/4332/4332
f 3705/3705/3705 4333/4333/4333 4332/4332/4332
f 3681/3681/3681 4333/4333/4333 3705/3705/3705
f 4331/4331/4331 4332/4332/4332 4334/4334/4334
f 4332/4332/4332 4333/4333/4333 4335/4335/4335
f 4332/4332/4332 4335/4335/4335 4334/4334/4334
f 4336/4336/4336 4335/4335/4335 4333/4333/4333
f 3681/3681/3681 4337/4337/4337 4333/4333/4333
f 4333/4333/4333 4337/4337/4337 4336/4336/4336
f 4331/4331/4331 4334/4334/4334 4338/4338/4338
f 4338/4338/4338 4339/4339/4339 4331/4331/4331
f 4338/4338/4338 4340/4340/4340 4339/4339/4339
f 4341/4341/4341 4340/4340/4340 4338/4338/4338
f 4341/4341/4341 4342/4342/4342 4340/4340/4340
f 4341/4341/4341 4343/4343/4343 4342/4342/4342
f 4344/4344/4344 4338/4338/4338 4334/4334/4334
f 4341/4341/4341 4338/4338/4338 4344/4344/4344
f 4345/4345/4345 4334/4334/4334 4335/4335/4335
f 4344/4344/4344 4334/4334/4334 4345/4345/4345
f 4345/4345/4345 4335/4335/4335 4346/4346/4346
f 4345/4345/4345 4346/4346/4346 4344/4344/4344
f 4346/4346/4346 4335/4335/4335 4336/4336/4336
f 4341/4341/4341 4347/4347/4347 4343/4343/4343
f 4347/4347/4347 4348/4348/4348 4343/4343/4343
f 4344/4344/4344 4349/4349/4349 4341/4341/4341
f 4346/4346/4346 4349/4349/4349 4344/4344/4344
f 4349/4349/4349 4347/4347/4347 4341/4341/4341
f 4347/4347/4347 4350/4350/4350 4348/4348/4348
f 4350/4350/4350 4351/4351/4351 4348/4348/4348
f 4347/4347/4347 4349/4349/4349 4352/4352/4352
f 4352/4352/4352 4350/4350/4350 4347/4347/4347
f 4346/4346/4346 4353/4353/4353 4349/4349/4349
f 4349/4349/4349 4353/4353/4353 4352/4352/4352
f 4354/4354/4354 4353/4353/4353 4346/4346/4346
f 4346/4346/4346 4336/4336/4336 4354/4354/4354
f 4350/4350/4350 4355/4355/4355 4351/4351/4351
f 4355/4355/4355 4356/4356/4356 4351/4351/4351
f 4355/4355/4355 4357/4357/4357 4356/4356/4356
f 4358/4358/4358 4357/4357/4357 4355/4355/4355
f 4358/4358/4358 4359/4359/4359 4357/4357/4357
f 4358/4358/4358 4360/4360/4360 4359/4359/4359
f 4361/4361/4361 4355/4355/4355 4350/4350/4350
f 4361/4361/4361 4358/4358/4358 4355/4355/4355
f 4362/4362/4362 4360/4360/4360 4358/4358/4358
f 4362/4362/4362 4363/4363/4363 4360/4360/4360
f 4364/4364/4364 4363/4363/4363 4362/4362/4362
f 4365/4365/4365 4364/4364/4364 4362/4362/4362
f 4350/4350/4350 4366/4366/4366 4361/4361/4361
f 4352/4352/4352 4366/4366/4366 4350/4350/4350
f 4361/4361/4361 4367/4367/4367 4358/4358/4358
f 4358/4358/4358 4367/4367/4367 4362/4362/4362
f 4361/4361/4361 4366/4366/4366 4367/4367/4367
f 4362/4362/4362 4368/4368/4368 4365/4365/4365
f 4368/4368/4368 4362/4362/4362 4367/4367/4367
f 3657/3657/3657 4365/4365/4365 4368/4368/4368
f 4369/4369/4369 4367/4367/4367 4366/4366/4366
f 4368/4368/4368 4367/4367/4367 4369/4369/4369
f 4369/4369/4369 3657/3657/3657 4368/4368/4368
f 4369/4369/4369 4366/4366/4366 4352/4352/4352
f 4369/4369/4369 3659/3659/3659 3657/3657/3657
f 4352/4352/4352 3659/3659/3659 4369/4369/4369
f 4352/4352/4352 4353/4353/4353 3659/3659/3659
f 4353/4353/4353 4354/4354/4354 3659/3659/3659
f 3649/3649/3649 3659/3659/3659 4354/4354/4354
f 3649/3649/3649 4354/4354/4354 4370/4370/4370
f 4370/4370/4370 4354/4354/4354 4336/4336/4336
f 4371/4371/4371 3649/3649/3649 4370/4370/4370
f 3658/3658/3658 3649/3649/3649 4371/4371/4371
f 4372/4372/4372 3658/3658/3658 4371/4371/4371
f 4372/4372/4372 3661/3661/3661 3658/3658/3658
f 4372/4372/4372 4373/4373/4373 3661/3661/3661
f 4373/4373/4373 3671/3671/3671 3661/3661/3661
f 4372/4372/4372 4371/4371/4371 4374/4374/4374
f 4372/4372/4372 4374/4374/4374 4373/4373/4373
f 4370/4370/4370 4375/4375/4375 4371/4371/4371
f 4374/4374/4374 4371/4371/4371 4375/4375/4375
f 4370/4370/4370 4336/4336/4336 4376/4376/4376
f 4376/4376/4376 4375/4375/4375 4370/4370/4370
f 4373/4373/4373 4377/4377/4377 3671/3671/3671
f 4377/4377/4377 3677/3677/3677 3671/3671/3671
f 4374/4374/4374 4378/4378/4378 4373/4373/4373
f 4374/4374/4374 4375/4375/4375 4378/4378/4378
f 4378/4378/4378 4377/4377/4377 4373/4373/4373
f 4379/4379/4379 3677/3677/3677 4377/4377/4377
f 4379/4379/4379 4377/4377/4377 4378/4378/4378
f 4379/4379/4379 3684/3684/3684 3677/3677/3677
f 4378/4378/4378 4375/4375/4375 4380/4380/4380
f 4376/4376/4376 4380/4380/4380 4375/4375/4375
f 4378/4378/4378 4380/4380/4380 4379/4379/4379
f 4376/4376/4376 4336/4336/4336 4381/4381/4381
f 4381/4381/4381 4380/4380/4380 4376/4376/4376
f 4381/4381/4381 4336/4336/4336 4337/4337/4337
f 4380/4380/4380 4381/4381/4381 4382/4382/4382
f 4380/4380/4380 4382/4382/4382 4379/4379/4379
f 4381/4381/4381 4337/4337/4337 4382/4382/4382
f 4382/4382/4382 4383/4383/4383 4379/4379/4379
f 4383/4383/4383 3684/3684/3684 4379/4379/4379
f 4382/4382/4382 4337/4337/4337 4383/4383/4383
f 4383/4383/4383 4384/4384/4384 3684/3684/3684
f 4383/4383/4383 4337/4337/4337 4384/4384/4384
f 3673/3673/3673 3684/3684/3684 4384/4384/4384
f 4384/4384/4384 4337/4337/4337 3681/3681/3681
f 3673/3673/3673 4384/4384/4384 3681/3681/3681
f 4387/4387/4387 4386/4386/4386 4385/4385/4385
f 4387/4387/4387 4388/4388/4388 4386/4386/4386
f 4387/4387/4387 4389/4389/4389 4388/4388/4388
f 4387/4387/4387 4385/4385/4385 4390/4390/4390
f 4390/4390/4390 4385/4385/4385 4391/4391/4391
f 4387/4387/4387 4390/4390/4390 4392/4392/4392
f 4393/4393/4393 4392/4392/4392 4390/4390/4390
f 4390/4390/4390 4391/4391/4391 4393/4393/4393
f 4387/4387/4387 4392/4392/4392 4394/4394/4394
f 4394/4394/4394 4389/4389/4389 4387/4387/4387
f 4393/4393/4393 4391/4391/4391 4395/4395/4395
f 4394/4394/4394 4396/4396/4396 4389/4389/4389
f 4393/4393/4393 4395/4395/4395 4397/4397/4397
f 4394/4394/4394 4398/4398/4398 4396/4396/4396
f 4393/4393/4393 4397/4397/4397 4399/4399/4399
f 4393/4393/4393 4399/4399/4399 4392/4392/4392
f 4399/4399/4399 4397/4397/4397 4400/4400/4400
f 4399/4399/4399 4400/4400/4400 4401/4401/4401
f 4402/4402/4402 4398/4398/4398 4394/4394/4394
f 4394/4394/4394 4392/4392/4392 4402/4402/4402
f 4402/4402/4402 4403/4403/4403 4398/4398/4398
f 4402/4402/4402 4404/4404/4404 4403/4403/4403
f 4399/4399/4399 4401/4401/4401 4405/4405/4405
f 4405/4405/4405 4392/4392/4392 4399/4399/4399
f 4405/4405/4405 4401/4401/4401 4406/4406/4406
f 4405/4405/4405 4406/4406/4406 4407/4407/4407
f 4408/4408/4408 4404/4404/4404 4402/4402/4402
f 4408/4408/4408 4402/4402/4402 4392/4392/4392
f 4408/4408/4408 4409/4409/4409 4404/4404/4404
f 4405/4405/4405 4407/4407/4407 4410/4410/4410
f 4410/4410/4410 4392/4392/4392 4405/4405/4405
f 4410/4410/4410 4407/4407/4407 4411/4411/4411
f 4410/4410/4410 4411/4411/4411 4412/4412/4412
f 4413/4413/4413 4409/4409/4409 4408/4408/4408
f 4408/4408/4408 4392/4392/4392 4413/4413/4413
f 4410/4410/4410 4413/4413/4413 4392/4392/4392
f 4410/4410/4410 4412/4412/4412 4413/4413/4413
f 4413/4413/4413 4414/4414/4414 4409/4409/4409
f 4413/4413/4413 4412/4412/4412 4414/4414/4414
f 4417/4417/4417 4416/4416/4416 4415/4415/4415
f 4418/4418/4418 4416/4416/4416 4417/4417/4417
f 4419/4419/4419 4416/4416/4416 4418/4418/4418
f 4415/4415/4415 4416/4416/4416 4420/4420/4420
f 4415/4415/4415 4420/4420/4420 4421/4421/4421
f 4420/4420/4420 4416/4416/4416 4422/4422/4422
f 4422/4422/4422 4423/4423/4423 4420/4420/4420
f 4421/4421/4421 4420/4420/4420 4423/4423/4423
f 4422/4422/4422 4416/4416/4416 4424/4424/4424
f 4419/4419/4419 4424/4424/4424 4416/4416/4416
f 4421/4421/4421 4423/4423/4423 4425/4425/4425
f 4426/4426/4426 4424/4424/4424 4419/4419/4419
f 4425/4425/4425 4423/4423/4423 4427/4427/4427
f 4428/4428/4428 4424/4424/4424 4426/4426/4426
f 4427/4427/4427 4423/4423/4423 4429/4429/4429
f 4429/4429/4429 4423/4423/4423 4422/4422/4422
f 4427/4427/4427 4429/4429/4429 4430/4430/4430
f 4430/4430/4430 4429/4429/4429 4431/4431/4431
f 4428/4428/4428 4432/4432/4432 4424/4424/4424
f 4422/4422/4422 4424/4424/4424 4432/4432/4432
f 4433/4433/4433 4432/4432/4432 4428/4428/4428
f 4434/4434/4434 4432/4432/4432 4433/4433/4433
f 4431/4431/4431 4429/4429/4429 4435/4435/4435
f 4422/4422/4422 4435/4435/4435 4429/4429/4429
f 4431/4431/4431 4435/4435/4435 4436/4436/4436
f 4436/4436/4436 4435/4435/4435 4437/4437/4437
f 4434/4434/4434 4438/4438/4438 4432/4432/4432
f 4432/4432/4432 4438/4438/4438 4422/4422/4422
f 4439/4439/4439 4438/4438/4438 4434/4434/4434
f 4437/4437/4437 4435/4435/4435 4440/4440/4440
f 4422/4422/4422 4440/4440/4440 4435/4435/4435
f 4437/4437/4437 4440/4440/4440 4441/4441/4441
f 4441/4441/4441 4440/4440/4440 4442/4442/4442
f 4439/4439/4439 4443/4443/4443 4438/4438/4438
f 4422/4422/4422 4438/4438/4438 4443/4443/4443
f 4443/4443/4443 4440/4440/4440 4422/4422/4422
f 4442/4442/4442 4440/4440/4440 4443/4443/4443
f 4444/4444/4444 4443/4443/4443 4439/4439/4439
f 4442/4442/4442 4443/4443/4443 4444/4444/4444
f 4447/4447/4447 4446/4446/4446 4445/4445/4445
f 4447/4447/4447 4448/4448/4448 4446/4446/4446
f 4448/4448/4448 4449/4449/4449 4446/4446/4446
f 4445/4445/4445 4446/4446/4446 4450/4450/4450
f 4445/4445/4445 4450/4450/4450 4451/4451/4451
f 4446/4446/4446 4449/4449/4449 4452/4452/4452
f 4446/4446/4446 4452/4452/4452 4450/4450/4450
f 4449/4449/4449 4453/4453/4453 4452/4452/4452
f 4452/4452/4452 4453/4453/4453 4454/4454/4454
f 4453/4453/4453 4455/4455/4455 4454/4454/4454
f 4450/4450/4450 4452/4452/4452 4456/4456/4456
f 4452/4452/4452 4454/4454/4454 4456/4456/4456
f 4451/4451/4451 4450/4450/4450 4457/4457/4457
f 4450/4450/4450 4456/4456/4456 4457/4457/4457
f 4454/4454/4454 4455/4455/4455 4458/4458/4458
f 4455/4455/4455 4459/4459/4459 4458/4458/4458
f 4456/4456/4456 4454/4454/4454 4460/4460/4460
f 4454/4454/4454 4458/4458/4458 4460/4460/4460
f 4458/4458/4458 4459/4459/4459 4461/4461/4461
f 4459/4459/4459 4462/4462/4462 4461/4461/4461
f 4458/4458/4458 4461/4461/4461 4463/4463/4463
f 4460/4460/4460 4458/4458/4458 4463/4463/4463
f 4461/4461/4461 4462/4462/4462 4464/4464/4464
f 4461/4461/4461 4464/4464/4464 4463/4463/4463
f 4462/4462/4462 4465/4465/4465 4464/4464/4464
f 4456/4456/4456 4460/4460/4460 4466/4466/4466
f 4457/4457/4457 4456/4456/4456 4466/4466/4466
f 4451/4451/4451 4457/4457/4457 4467/4467/4467
f 4468/4468/4468 4451/4451/4451 4467/4467/4467
f 4464/4464/4464 4465/4465/4465 4469/4469/4469
f 4465/4465/4465 4470/4470/4470 4469/4469/4469
f 4463/4463/4463 4464/4464/4464 4471/4471/4471
f 4464/4464/4464 4469/4469/4469 4471/4471/4471
f 4460/4460/4460 4463/4463/4463 4472/4472/4472
f 4466/4466/4466 4460/4460/4460 4472/4472/4472
f 4457/4457/4457 4466/4466/4466 4473/4473/4473
f 4467/4467/4467 4457/4457/4457 4473/4473/4473
f 4474/4474/4474 4468/4468/4468 4467/4467/4467
f 4475/4475/4475 4468/4468/4468 4474/4474/4474
f 4476/4476/4476 4475/4475/4475 4474/4474/4474
f 4476/4476/4476 4474/4474/4474 4477/4477/4477
f 4474/4474/4474 4467/4467/4467 4478/4478/4478
f 4477/4477/4477 4474/4474/4474 4478/4478/4478
f 4478/4478/4478 4467/4467/4467 4473/4473/4473
f 4477/4477/4477 4478/4478/4478 4479/4479/4479
f 4479/4479/4479 4478/4478/4478 4480/4480/4480
f 4478/4478/4478 4473/4473/4473 4480/4480/4480
f 4479/4479/4479 4480/4480/4480 4481/4481/4481
f 4473/4473/4473 4466/4466/4466 4482/4482/4482
f 4480/4480/4480 4473/4473/4473 4482/4482/4482
f 4466/4466/4466 4472/4472/4472 4482/4482/4482
f 4481/4481/4481 4480/4480/4480 4483/4483/4483
f 4480/4480/4480 4482/4482/4482 4483/4483/4483
f 4481/4481/4481 4483/4483/4483 4484/4484/4484
f 4482/4482/4482 4472/4472/4472 4485/4485/4485
f 4483/4483/4483 4482/4482/4482 4485/4485/4485
f 4484/4484/4484 4483/4483/4483 4486/4486/4486
f 4483/4483/4483 4485/4485/4485 4486/4486/4486
f 4484/4484/4484 4486/4486/4486 4487/4487/4487
f 4487/4487/4487 4486/4486/4486 4488/4488/4488
f 4486/4486/4486 4485/4485/4485 4488/4488/4488
f 4487/4487/4487 4488/4488/4488 4489/4489/4489
f 4472/4472/4472 4490/4490/4490 4485/4485/4485
f 4472/4472/4472 4463/4463/4463 4490/4490/4490
f 4463/4463/4463 4471/4471/4471 4490/4490/4490
f 4489/4489/4489 4488/4488/4488 4491/4491/4491
f 4489/4489/4489 4491/4491/4491 4492/4492/4492
f 4488/4488/4488 4485/4485/4485 4493/4493/4493
f 4485/4485/4485 4490/4490/4490 4493/4493/4493
f 4488/4488/4488 4493/4493/4493 4491/4491/4491
f 4490/4490/4490 4471/4471/4471 4494/4494/4494
f 4490/4490/4490 4494/4494/4494 4493/4493/4493
f 4492/4492/4492 4491/4491/4491 4495/4495/4495
f 4492/4492/4492 4495/4495/4495 4496/4496/4496
f 4496/4496/4496 4495/4495/4495 4497/4497/4497
f 4491/4491/4491 4493/4493/4493 4498/4498/4498
f 4493/4493/4493 4494/4494/4494 4498/4498/4498
f 4491/4491/4491 4498/4498/4498 4495/4495/4495
f 4471/4471/4471 4499/4499/4499 4494/4494/4494
f 4471/4471/4471 4469/4469/4469 4499/4499/4499
f 4497/4497/4497 4495/4495/4495 4500/4500/4500
f 4497/4497/4497 4500/4500/4500 4501/4501/4501
f 4495/4495/4495 4498/4498/4498 4502/4502/4502
f 4495/4495/4495 4502/4502/4502 4500/4500/4500
f 4494/4494/4494 4503/4503/4503 4498/4498/4498
f 4494/4494/4494 4499/4499/4499 4503/4503/4503
f 4498/4498/4498 4503/4503/4503 4502/4502/4502
f 4469/4469/4469 4504/4504/4504 4499/4499/4499
f 4469/4469/4469 4470/4470/4470 4504/4504/4504
f 4470/4470/4470 4505/4505/4505 4504/4504/4504
f 4505/4505/4505 4506/4506/4506 4504/4504/4504
f 4501/4501/4501 4500/4500/4500 4507/4507/4507
f 4501/4501/4501 4507/4507/4507 4508/4508/4508
f 4500/4500/4500 4502/4502/4502 4509/4509/4509
f 4500/4500/4500 4509/4509/4509 4507/4507/4507
f 4503/4503/4503 4510/4510/4510 4502/4502/4502
f 4502/4502/4502 4510/4510/4510 4509/4509/4509
f 4499/4499/4499 4511/4511/4511 4503/4503/4503
f 4499/4499/4499 4504/4504/4504 4511/4511/4511
f 4503/4503/4503 4511/4511/4511 4510/4510/4510
f 4504/4504/4504 4506/4506/4506 4512/4512/4512
f 4504/4504/4504 4512/4512/4512 4511/4511/4511
f 4506/4506/4506 4513/4513/4513 4512/4512/4512
f 4508/4508/4508 4507/4507/4507 4514/4514/4514
f 4508/4508/4508 4514/4514/4514 4515/4515/4515
f 4507/4507/4507 4509/4509/4509 4516/4516/4516
f 4507/4507/4507 4516/4516/4516 4514/4514/4514
f 4510/4510/4510 4517/4517/4517 4509/4509/4509
f 4509/4509/4509 4517/4517/4517 4516/4516/4516
f 4511/4511/4511 4518/4518/4518 4510/4510/4510
f 4511/4511/4511 4512/4512/4512 4518/4518/4518
f 4510/4510/4510 4518/4518/4518 4517/4517/4517
f 4512/4512/4512 4513/4513/4513 4519/4519/4519
f 4512/4512/4512 4519/4519/4519 4518/4518/4518
f 4513/4513/4513 4520/4520/4520 4519/4519/4519
f 4515/4515/4515 4514/4514/4514 4521/4521/4521
f 4522/4522/4522 4515/4515/4515 4521/4521/4521
f 4522/4522/4522 4521/4521/4521 4523/4523/4523
f 4514/4514/4514 4516/4516/4516 4524/4524/4524
f 4514/4514/4514 4524/4524/4524 4521/4521/4521
f 4517/4517/4517 4525/4525/4525 4516/4516/4516
f 4516/4516/4516 4525/4525/4525 4524/4524/4524
f 4518/4518/4518 4526/4526/4526 4517/4517/4517
f 4518/4518/4518 4519/4519/4519 4526/4526/4526
f 4517/4517/4517 4526/4526/4526 4525/4525/4525
f 4519/4519/4519 4520/4520/4520 4527/4527/4527
f 4519/4519/4519 4527/4527/4527 4526/4526/4526
f 4520/4520/4520 4528/4528/4528 4527/4527/4527
f 4527/4527/4527 4528/4528/4528 4529/4529/4529
f 4526/4526/4526 4530/4530/4530 4525/4525/4525
f 4526/4526/4526 4527/4527/4527 4530/4530/4530
f 4529/4529/4529 4531/4531/4531 4527/4527/4527
f 4527/4527/4527 4531/4531/4531 4530/4530/4530
f 4529/4529/4529 4532/4532/4532 4531/4531/4531
f 4525/4525/4525 4533/4533/4533 4524/4524/4524
f 4525/4525/4525 4530/4530/4530 4533/4533/4533
f 4534/4534/4534 4531/4531/4531 4532/4532/4532
f 4530/4530/4530 4531/4531/4531 4534/4534/4534
f 4534/4534/4534 4532/4532/4532 4535/4535/4535
f 4535/4535/4535 4532/4532/4532 4536/4536/4536
f 4537/4537/4537 4530/4530/4530 4534/4534/4534
f 4533/4533/4533 4530/4530/4530 4537/4537/4537
f 4534/4534/4534 4535/4535/4535 4537/4537/4537
f 4524/4524/4524 4533/4533/4533 4538/4538/4538
f 4524/4524/4524 4538/4538/4538 4521/4521/4521
f 4536/4536/4536 4539/4539/4539 4535/4535/4535
f 4536/4536/4536 4540/4540/4540 4539/4539/4539
f 4539/4539/4539 4540/4540/4540 4541/4541/4541
f 4542/4542/4542 4539/4539/4539 4541/4541/4541
f 4537/4537/4537 4543/4543/4543 4533/4533/4533
f 4533/4533/4533 4543/4543/4543 4538/4538/4538
f 4535/4535/4535 4544/4544/4544 4537/4537/4537
f 4535/4535/4535 4539/4539/4539 4544/4544/4544
f 4537/4537/4537 4544/4544/4544 4543/4543/4543
f 4545/4545/4545 4539/4539/4539 4542/4542/4542
f 4545/4545/4545 4544/4544/4544 4539/4539/4539
f 4546/4546/4546 4545/4545/4545 4542/4542/4542
f 4547/4547/4547 4543/4543/4543 4544/4544/4544
f 4547/4547/4547 4544/4544/4544 4545/4545/4545
f 4548/4548/4548 4545/4545/4545 4546/4546/4546
f 4548/4548/4548 4547/4547/4547 4545/4545/4545
f 4549/4549/4549 4548/4548/4548 4546/4546/4546
f 4550/4550/4550 4548/4548/4548 4549/4549/4549
f 4550/4550/4550 4551/4551/4551 4548/4548/4548
f 4551/4551/4551 4547/4547/4547 4548/4548/4548
f 4552/4552/4552 4551/4551/4551 4550/4550/4550
f 4553/4553/4553 4543/4543/4543 4547/4547/4547
f 4551/4551/4551 4553/4553/4553 4547/4547/4547
f 4553/4553/4553 4538/4538/4538 4543/4543/4543
f 4552/4552/4552 4554/4554/4554 4551/4551/4551
f 4554/4554/4554 4553/4553/4553 4551/4551/4551
f 4555/4555/4555 4554/4554/4554 4552/4552/4552
f 4555/4555/4555 4556/4556/4556 4554/4554/4554
f 4554/4554/4554 4556/4556/4556 4557/4557/4557
f 4554/4554/4554 4558/4558/4558 4553/4553/4553
f 4557/4557/4557 4558/4558/4558 4554/4554/4554
f 4558/4558/4558 4538/4538/4538 4553/4553/4553
f 4557/4557/4557 4523/4523/4523 4558/4558/4558
f 4558/4558/4558 4559/4559/4559 4538/4538/4538
f 4523/4523/4523 4559/4559/4559 4558/4558/4558
f 4521/4521/4521 4538/4538/4538 4559/4559/4559
f 4523/4523/4523 4521/4521/4521 4559/4559/4559
f 4562/4562/4562 4561/4561/4561 4560/4560/4560
f 4563/4563/4563 4561/4561/4561 4562/4562/4562
f 4564/4564/4564 4563/4563/4563 4562/4562/4562
f 4565/4565/4565 4563/4563/4563 4564/4564/4564
f 4564/4564/4564 4566/4566/4566 4565/4565/4565
f 4567/4567/4567 4562/4562/4562 4560/4560/4560
f 4564/4564/4564 4562/4562/4562 4567/4567/4567
f 4568/4568/4568 4566/4566/4566 4564/4564/4564
f 4568/4568/4568 4569/4569/4569 4566/4566/4566
f 4567/4567/4567 4570/4570/4570 4564/4564/4564
f 4564/4564/4564 4570/4570/4570 4568/4568/4568
f 4571/4571/4571 4569/4569/4569 4568/4568/4568
f 4568/4568/4568 4570/4570/4570 4571/4571/4571
f 4571/4571/4571 4572/4572/4572 4569/4569/4569
f 4573/4573/4573 4570/4570/4570 4567/4567/4567
f 4567/4567/4567 4560/4560/4560 4573/4573/4573
f 4574/4574/4574 4572/4572/4572 4571/4571/4571
f 4574/4574/4574 4575/4575/4575 4572/4572/4572
f 4571/4571/4571 4570/4570/4570 4576/4576/4576
f 4571/4571/4571 4576/4576/4576 4574/4574/4574
f 4570/4570/4570 4573/4573/4573 4576/4576/4576
f 4577/4577/4577 4575/4575/4575 4574/4574/4574
f 4574/4574/4574 4576/4576/4576 4577/4577/4577
f 4577/4577/4577 4578/4578/4578 4575/4575/4575
f 4573/4573/4573 4579/4579/4579 4576/4576/4576
f 4577/4577/4577 4576/4576/4576 4579/4579/4579
f 4580/4580/4580 4578/4578/4578 4577/4577/4577
f 4577/4577/4577 4579/4579/4579 4580/4580/4580
f 4580/4580/4580 4581/4581/4581 4578/4578/4578
f 4582/4582/4582 4579/4579/4579 4573/4573/4573
f 4580/4580/4580 4579/4579/4579 4582/4582/4582
f 4573/4573/4573 4560/4560/4560 4582/4582/4582
f 4583/4583/4583 4581/4581/4581 4580/4580/4580
f 4580/4580/4580 4582/4582/4582 4583/4583/4583
f 4583/4583/4583 4582/4582/4582 4560/4560/4560
f 4583/4583/4583 4584/4584/4584 4581/4581/4581
f 4583/4583/4583 4560/4560/4560 4585/4585/4585
f 4585/4585/4585 4584/4584/4584 4583/4583/4583
f 4585/4585/4585 4586/4586/4586 4584/4584/4584
f 4587/4587/4587 4586/4586/4586 4585/4585/4585
f 4585/4585/4585 4560/4560/4560 4588/4588/4588
f 4589/4589/4589 4587/4587/4587 4585/4585/4585
f 4585/4585/4585 4588/4588/4588 4589/4589/4589
f 4590/4590/4590 4587/4587/4587 4589/4589/4589
f 4589/4589/4589 4588/4588/4588 4591/4591/4591
f 4592/4592/4592 4591/4591/4591 4588/4588/4588
f 4593/4593/4593 4590/4590/4590 4589/4589/4589
f 4589/4589/4589 4591/4591/4591 4593/4593/4593
f 4594/4594/4594 4590/4590/4590 4593/4593/4593
f 4594/4594/4594 4595/4595/4595 4590/4590/4590
f 4596/4596/4596 4591/4591/4591 4592/4592/4592
f 4592/4592/4592 4597/4597/4597 4596/4596/4596
f 4596/4596/4596 4597/4597/4597 4598/4598/4598
f 4593/4593/4593 4591/4591/4591 4599/4599/4599
f 4593/4593/4593 4599/4599/4599 4594/4594/4594
f 4600/4600/4600 4595/4595/4595 4594/4594/4594
f 4600/4600/4600 4601/4601/4601 4595/4595/4595
f 4602/4602/4602 4601/4601/4601 4600/4600/4600
f 4602/4602/4602 4603/4603/4603 4601/4601/4601
f 4602/4602/4602 4604/4604/4604 4603/4603/4603
f 4599/4599/4599 4591/4591/4591 4605/4605/4605
f 4596/4596/4596 4605/4605/4605 4591/4591/4591
f 4594/4594/4594 4599/4599/4599 4606/4606/4606
f 4594/4594/4594 4606/4606/4606 4600/4600/4600
f 4606/4606/4606 4599/4599/4599 4605/4605/4605
f 4600/4600/4600 4606/4606/4606 4607/4607/4607
f 4600/4600/4600 4607/4607/4607 4602/4602/4602
f 4606/4606/4606 4605/4605/4605 4608/4608/4608
f 4607/4607/4607 4606/4606/4606 4608/4608/4608
f 4596/4596/4596 4609/4609/4609 4605/4605/4605
f 4608/4608/4608 4605/4605/4605 4609/4609/4609
f 4610/4610/4610 4604/4604/4604 4602/4602/4602
f 4610/4610/4610 4611/4611/4611 4604/4604/4604
f 4612/4612/4612 4609/4609/4609 4596/4596/4596
f 4598/4598/4598 4612/4612/4612 4596/4596/4596
f 4613/4613/4613 4611/4611/4611 4610/4610/4610
f 4613/4613/4613 4614/4614/4614 4611/4611/4611
f 4598/4598/4598 4615/4615/4615 4612/4612/4612
f 4615/4615/4615 4598/4598/4598 4616/4616/4616
f 4617/4617/4617 4614/4614/4614 4613/4613/4613
f 4617/4617/4617 4618/4618/4618 4614/4614/4614
f 4615/4615/4615 4616/4616/4616 4619/4619/4619
f 4619/4619/4619 4616/4616/4616 4620/4620/4620
f 4621/4621/4621 4618/4618/4618 4617/4617/4617
f 4621/4621/4621 4622/4622/4622 4618/4618/4618
f 4619/4619/4619 4620/4620/4620 4623/4623/4623
f 4623/4623/4623 4620/4620/4620 4624/4624/4624
f 4625/4625/4625 4622/4622/4622 4621/4621/4621
f 4625/4625/4625 4626/4626/4626 4622/4622/4622
f 4623/4623/4623 4624/4624/4624 4627/4627/4627
f 4627/4627/4627 4624/4624/4624 4628/4628/4628
f 4629/4629/4629 4626/4626/4626 4625/4625/4625
f 4629/4629/4629 4630/4630/4630 4626/4626/4626
f 4627/4627/4627 4628/4628/4628 4631/4631/4631
f 4631/4631/4631 4628/4628/4628 4632/4632/4632
f 4633/4633/4633 4630/4630/4630 4629/4629/4629
f 4633/4633/4633 4634/4634/4634 4630/4630/4630
f 4631/4631/4631 4632/4632/4632 4635/4635/4635
f 4635/4635/4635 4632/4632/4632 4636/4636/4636
f 4637/4637/4637 4634/4634/4634 4633/4633/4633
f 4637/4637/4637 4638/4638/4638 4634/4634/4634
f 4636/4636/4636 4639/4639/4639 4635/4635/4635
f 4636/4636/4636 4640/4640/4640 4639/4639/4639
f 4641/4641/4641 4638/4638/4638 4637/4637/4637
f 4641/4641/4641 4642/4642/4642 4638/4638/4638
f 4643/4643/4643 4639/4639/4639 4640/4640/4640
f 4640/4640/4640 4644/4644/4644 4643/4643/4643
f 4643/4643/4643 4644/4644/4644 4645/4645/4645
f 4643/4643/4643 4645/4645/4645 4646/4646/4646
f 4646/4646/4646 4645/4645/4645 4647/4647/4647
f 4648/4648/4648 4639/4639/4639 4643/4643/4643
f 4643/4643/4643 4646/4646/4646 4648/4648/4648
f 4635/4635/4635 4639/4639/4639 4649/4649/4649
f 4648/4648/4648 4649/4649/4649 4639/4639/4639
f 4635/4635/4635 4649/4649/4649 4650/4650/4650
f 4650/4650/4650 4631/4631/4631 4635/4635/4635
f 4651/4651/4651 4649/4649/4649 4648/4648/4648
f 4650/4650/4650 4649/4649/4649 4651/4651/4651
f 4652/4652/4652 4631/4631/4631 4650/4650/4650
f 4652/4652/4652 4627/4627/4627 4631/4631/4631
f 4646/4646/4646 4647/4647/4647 4653/4653/4653
f 4653/4653/4653 4647/4647/4647 4654/4654/4654
f 4653/4653/4653 4654/4654/4654 4655/4655/4655
f 4655/4655/4655 4654/4654/4654 4656/4656/4656
f 4657/4657/4657 4656/4656/4656 4654/4654/4654
f 4658/4658/4658 4656/4656/4656 4657/4657/4657
f 4659/4659/4659 4656/4656/4656 4658/4658/4658
f 4660/4660/4660 4656/4656/4656 4659/4659/4659
f 4650/4650/4650 4651/4651/4651 4661/4661/4661
f 4661/4661/4661 4652/4652/4652 4650/4650/4650
f 4662/4662/4662 4627/4627/4627 4652/4652/4652
f 4662/4662/4662 4623/4623/4623 4627/4627/4627
f 4655/4655/4655 4663/4663/4663 4653/4653/4653
f 4653/4653/4653 4663/4663/4663 4646/4646/4646
f 4660/4660/4660 4664/4664/4664 4656/4656/4656
f 4665/4665/4665 4656/4656/4656 4664/4664/4664
f 4660/4660/4660 4666/4666/4666 4664/4664/4664
f 4666/4666/4666 4667/4667/4667 4664/4664/4664
f 4665/4665/4665 4664/4664/4664 4667/4667/4667
f 4668/4668/4668 4667/4667/4667 4666/4666/4666
f 4668/4668/4668 4669/4669/4669 4667/4667/4667
f 4670/4670/4670 4669/4669/4669 4668/4668/4668
f 4671/4671/4671 4669/4669/4669 4670/4670/4670
f 4672/4672/4672 4623/4623/4623 4662/4662/4662
f 4672/4672/4672 4619/4619/4619 4623/4623/4623
f 4673/4673/4673 4656/4656/4656 4665/4665/4665
f 4655/4655/4655 4656/4656/4656 4673/4673/4673
f 4674/4674/4674 4667/4667/4667 4669/4669/4669
f 4665/4665/4665 4667/4667/4667 4674/4674/4674
f 4671/4671/4671 4675/4675/4675 4669/4669/4669
f 4676/4676/4676 4675/4675/4675 4671/4671/4671
f 4677/4677/4677 4619/4619/4619 4672/4672/4672
f 4677/4677/4677 4615/4615/4615 4619/4619/4619
f 4674/4674/4674 4669/4669/4669 4678/4678/4678
f 4678/4678/4678 4669/4669/4669 4675/4675/4675
f 4676/4676/4676 4679/4679/4679 4675/4675/4675
f 4680/4680/4680 4679/4679/4679 4676/4676/4676
f 4678/4678/4678 4675/4675/4675 4681/4681/4681
f 4681/4681/4681 4675/4675/4675 4679/4679/4679
f 4680/4680/4680 4682/4682/4682 4679/4679/4679
f 4683/4683/4683 4682/4682/4682 4680/4680/4680
f 4683/4683/4683 4684/4684/4684 4682/4682/4682
f 4685/4685/4685 4684/4684/4684 4683/4683/4683
f 4685/4685/4685 4686/4686/4686 4684/4684/4684
f 4687/4687/4687 4679/4679/4679 4682/4682/4682
f 4681/4681/4681 4679/4679/4679 4687/4687/4687
f 4688/4688/4688 4682/4682/4682 4684/4684/4684
f 4687/4687/4687 4682/4682/4682 4688/4688/4688
f 4686/4686/4686 4689/4689/4689 4684/4684/4684
f 4690/4690/4690 4689/4689/4689 4686/4686/4686
f 4691/4691/4691 4681/4681/4681 4687/4687/4687
f 4692/4692/4692 4678/4678/4678 4681/4681/4681
f 4692/4692/4692 4681/4681/4681 4691/4691/4691
f 4693/4693/4693 4687/4687/4687 4688/4688/4688
f 4691/4691/4691 4687/4687/4687 4693/4693/4693
f 4688/4688/4688 4684/4684/4684 4694/4694/4694
f 4695/4695/4695 4684/4684/4684 4689/4689/4689
f 4694/4694/4694 4684/4684/4684 4695/4695/4695
f 4696/4696/4696 4688/4688/4688 4694/4694/4694
f 4693/4693/4693 4688/4688/4688 4696/4696/4696
f 4696/4696/4696 4697/4697/4697 4693/4693/4693
f 4696/4696/4696 4694/4694/4694 4698/4698/4698
f 4698/4698/4698 4694/4694/4694 4695/4695/4695
f 4698/4698/4698 4697/4697/4697 4696/4696/4696
f 4699/4699/4699 4691/4691/4691 4693/4693/4693
f 4693/4693/4693 4697/4697/4697 4699/4699/4699
f 4700/4700/4700 4692/4692/4692 4691/4691/4691
f 4700/4700/4700 4691/4691/4691 4699/4699/4699
f 4701/4701/4701 4678/4678/4678 4692/4692/4692
f 4700/4700/4700 4701/4701/4701 4692/4692/4692
f 4702/4702/4702 4678/4678/4678 4701/4701/4701
f 4702/4702/4702 4674/4674/4674 4678/4678/4678
f 4700/4700/4700 4703/4703/4703 4701/4701/4701
f 4702/4702/4702 4701/4701/4701 4703/4703/4703
f 4704/4704/4704 4674/4674/4674 4702/4702/4702
f 4704/4704/4704 4665/4665/4665 4674/4674/4674
f 4702/4702/4702 4703/4703/4703 4705/4705/4705
f 4705/4705/4705 4704/4704/4704 4702/4702/4702
f 4706/4706/4706 4700/4700/4700 4699/4699/4699
f 4707/4707/4707 4703/4703/4703 4700/4700/4700
f 4706/4706/4706 4707/4707/4707 4700/4700/4700
f 4697/4697/4697 4708/4708/4708 4699/4699/4699
f 4699/4699/4699 4708/4708/4708 4706/4706/4706
f 4705/4705/4705 4703/4703/4703 4709/4709/4709
f 4707/4707/4707 4709/4709/4709 4703/4703/4703
f 4710/4710/4710 4665/4665/4665 4704/4704/4704
f 4711/4711/4711 4704/4704/4704 4705/4705/4705
f 4711/4711/4711 4710/4710/4710 4704/4704/4704
f 4705/4705/4705 4709/4709/4709 4712/4712/4712
f 4712/4712/4712 4711/4711/4711 4705/4705/4705
f 4713/4713/4713 4709/4709/4709 4707/4707/4707
f 4712/4712/4712 4709/4709/4709 4713/4713/4713
f 4714/4714/4714 4707/4707/4707 4706/4706/4706
f 4714/4714/4714 4713/4713/4713 4707/4707/4707
f 4715/4715/4715 4665/4665/4665 4710/4710/4710
f 4715/4715/4715 4673/4673/4673 4665/4665/4665
f 4716/4716/4716 4710/4710/4710 4711/4711/4711
f 4716/4716/4716 4715/4715/4715 4710/4710/4710
f 4717/4717/4717 4711/4711/4711 4712/4712/4712
f 4717/4717/4717 4716/4716/4716 4711/4711/4711
f 4718/4718/4718 4673/4673/4673 4715/4715/4715
f 4716/4716/4716 4718/4718/4718 4715/4715/4715
f 4612/4612/4612 4717/4717/4717 4712/4712/4712
f 4712/4712/4712 4713/4713/4713 4612/4612/4612
f 4612/4612/4612 4615/4615/4615 4717/4717/4717
f 4615/4615/4615 4716/4716/4716 4717/4717/4717
f 4615/4615/4615 4677/4677/4677 4716/4716/4716
f 4677/4677/4677 4718/4718/4718 4716/4716/4716
f 4612/4612/4612 4713/4713/4713 4609/4609/4609
f 4719/4719/4719 4673/4673/4673 4718/4718/4718
f 4677/4677/4677 4719/4719/4719 4718/4718/4718
f 4655/4655/4655 4673/4673/4673 4719/4719/4719
f 4720/4720/4720 4609/4609/4609 4713/4713/4713
f 4608/4608/4608 4609/4609/4609 4720/4720/4720
f 4720/4720/4720 4713/4713/4713 4714/4714/4714
f 4721/4721/4721 4719/4719/4719 4677/4677/4677
f 4721/4721/4721 4677/4677/4677 4672/4672/4672
f 4722/4722/4722 4655/4655/4655 4719/4719/4719
f 4721/4721/4721 4722/4722/4722 4719/4719/4719
f 4723/4723/4723 4608/4608/4608 4720/4720/4720
f 4607/4607/4607 4608/4608/4608 4723/4723/4723
f 4724/4724/4724 4720/4720/4720 4714/4714/4714
f 4723/4723/4723 4720/4720/4720 4724/4724/4724
f 4725/4725/4725 4655/4655/4655 4722/4722/4722
f 4725/4725/4725 4663/4663/4663 4655/4655/4655
f 4726/4726/4726 4607/4607/4607 4723/4723/4723
f 4602/4602/4602 4607/4607/4607 4726/4726/4726
f 4602/4602/4602 4726/4726/4726 4727/4727/4727
f 4723/4723/4723 4727/4727/4727 4726/4726/4726
f 4602/4602/4602 4727/4727/4727 4610/4610/4610
f 4724/4724/4724 4728/4728/4728 4723/4723/4723
f 4728/4728/4728 4727/4727/4727 4723/4723/4723
f 4610/4610/4610 4727/4727/4727 4729/4729/4729
f 4728/4728/4728 4729/4729/4729 4727/4727/4727
f 4610/4610/4610 4729/4729/4729 4613/4613/4613
f 4714/4714/4714 4730/4730/4730 4724/4724/4724
f 4730/4730/4730 4728/4728/4728 4724/4724/4724
f 4613/4613/4613 4729/4729/4729 4731/4731/4731
f 4731/4731/4731 4617/4617/4617 4613/4613/4613
f 4732/4732/4732 4729/4729/4729 4728/4728/4728
f 4730/4730/4730 4732/4732/4732 4728/4728/4728
f 4732/4732/4732 4731/4731/4731 4729/4729/4729
f 4733/4733/4733 4730/4730/4730 4714/4714/4714
f 4706/4706/4706 4733/4733/4733 4714/4714/4714
f 4708/4708/4708 4733/4733/4733 4706/4706/4706
f 4734/4734/4734 4617/4617/4617 4731/4731/4731
f 4734/4734/4734 4621/4621/4621 4617/4617/4617
f 4735/4735/4735 4731/4731/4731 4732/4732/4732
f 4735/4735/4735 4734/4734/4734 4731/4731/4731
f 4736/4736/4736 4732/4732/4732 4730/4730/4730
f 4733/4733/4733 4736/4736/4736 4730/4730/4730
f 4736/4736/4736 4735/4735/4735 4732/4732/4732
f 4708/4708/4708 4737/4737/4737 4733/4733/4733
f 4737/4737/4737 4736/4736/4736 4733/4733/4733
f 4738/4738/4738 4621/4621/4621 4734/4734/4734
f 4738/4738/4738 4625/4625/4625 4621/4621/4621
f 4739/4739/4739 4734/4734/4734 4735/4735/4735
f 4739/4739/4739 4738/4738/4738 4734/4734/4734
f 4740/4740/4740 4735/4735/4735 4736/4736/4736
f 4737/4737/4737 4740/4740/4740 4736/4736/4736
f 4740/4740/4740 4739/4739/4739 4735/4735/4735
f 4741/4741/4741 4737/4737/4737 4708/4708/4708
f 4697/4697/4697 4741/4741/4741 4708/4708/4708
f 4742/4742/4742 4625/4625/4625 4738/4738/4738
f 4742/4742/4742 4629/4629/4629 4625/4625/4625
f 4743/4743/4743 4738/4738/4738 4739/4739/4739
f 4743/4743/4743 4742/4742/4742 4738/4738/4738
f 4744/4744/4744 4739/4739/4739 4740/4740/4740
f 4744/4744/4744 4743/4743/4743 4739/4739/4739
f 4745/4745/4745 4740/4740/4740 4737/4737/4737
f 4741/4741/4741 4745/4745/4745 4737/4737/4737
f 4745/4745/4745 4744/4744/4744 4740/4740/4740
f 4697/4697/4697 4746/4746/4746 4741/4741/4741
f 4746/4746/4746 4745/4745/4745 4741/4741/4741
f 4747/4747/4747 4629/4629/4629 4742/4742/4742
f 4747/4747/4747 4633/4633/4633 4629/4629/4629
f 4748/4748/4748 4742/4742/4742 4743/4743/4743
f 4748/4748/4748 4747/4747/4747 4742/4742/4742
f 4749/4749/4749 4747/4747/4747 4748/4748/4748
f 4750/4750/4750 4633/4633/4633 4747/4747/4747
f 4749/4749/4749 4750/4750/4750 4747/4747/4747
f 4750/4750/4750 4637/4637/4637 4633/4633/4633
f 4751/4751/4751 4637/4637/4637 4750/4750/4750
f 4749/4749/4749 4751/4751/4751 4750/4750/4750
f 4751/4751/4751 4641/4641/4641 4637/4637/4637
f 4752/4752/4752 4743/4743/4743 4744/4744/4744
f 4752/4752/4752 4748/4748/4748 4743/4743/4743
f 4753/4753/4753 4744/4744/4744 4745/4745/4745
f 4746/4746/4746 4753/4753/4753 4745/4745/4745
f 4753/4753/4753 4752/4752/4752 4744/4744/4744
f 4754/4754/4754 4748/4748/4748 4752/4752/4752
f 4754/4754/4754 4749/4749/4749 4748/4748/4748
f 4755/4755/4755 4752/4752/4752 4753/4753/4753
f 4755/4755/4755 4754/4754/4754 4752/4752/4752
f 4756/4756/4756 4753/4753/4753 4746/4746/4746
f 4756/4756/4756 4755/4755/4755 4753/4753/4753
f 4757/4757/4757 4755/4755/4755 4756/4756/4756
f 4758/4758/4758 4756/4756/4756 4746/4746/4746
f 4757/4757/4757 4756/4756/4756 4758/4758/4758
f 4758/4758/4758 4746/4746/4746 4697/4697/4697
f 4698/4698/4698 4758/4758/4758 4697/4697/4697
f 4759/4759/4759 4758/4758/4758 4698/4698/4698
f 4759/4759/4759 4757/4757/4757 4758/4758/4758
f 4698/4698/4698 4695/4695/4695 4759/4759/4759
f 4760/4760/4760 4754/4754/4754 4755/4755/4755
f 4757/4757/4757 4760/4760/4760 4755/4755/4755
f 4759/4759/4759 4695/4695/4695 4761/4761/4761
f 4695/4695/4695 4689/4689/4689 4761/4761/4761
f 4762/4762/4762 4749/4749/4749 4754/4754/4754
f 4760/4760/4760 4762/4762/4762 4754/4754/4754
f 4763/4763/4763 4757/4757/4757 4759/4759/4759
f 4759/4759/4759 4761/4761/4761 4763/4763/4763
f 4761/4761/4761 4689/4689/4689 4764/4764/4764
f 4690/4690/4690 4764/4764/4764 4689/4689/4689
f 4761/4761/4761 4764/4764/4764 4765/4765/4765
f 4763/4763/4763 4761/4761/4761 4765/4765/4765
f 4763/4763/4763 4765/4765/4765 4766/4766/4766
f 4766/4766/4766 4765/4765/4765 4767/4767/4767
f 4768/4768/4768 4764/4764/4764 4690/4690/4690
f 4768/4768/4768 4765/4765/4765 4764/4764/4764
f 4767/4767/4767 4765/4765/4765 4768/4768/4768
f 4769/4769/4769 4768/4768/4768 4690/4690/4690
f 4767/4767/4767 4768/4768/4768 4769/4769/4769
f 4763/4763/4763 4770/4770/4770 4757/4757/4757
f 4766/4766/4766 4770/4770/4770 4763/4763/4763
f 4770/4770/4770 4771/4771/4771 4757/4757/4757
f 4771/4771/4771 4760/4760/4760 4757/4757/4757
f 4766/4766/4766 4771/4771/4771 4770/4770/4770
f 4772/4772/4772 4762/4762/4762 4760/4760/4760
f 4771/4771/4771 4772/4772/4772 4760/4760/4760
f 4769/4769/4769 4773/4773/4773 4767/4767/4767
f 4769/4769/4769 4774/4774/4774 4773/4773/4773
f 4766/4766/4766 4775/4775/4775 4771/4771/4771
f 4775/4775/4775 4772/4772/4772 4771/4771/4771
f 4772/4772/4772 4776/4776/4776 4762/4762/4762
f 4776/4776/4776 4749/4749/4749 4762/4762/4762
f 4774/4774/4774 4777/4777/4777 4773/4773/4773
f 4774/4774/4774 4778/4778/4778 4777/4777/4777
f 4775/4775/4775 4779/4779/4779 4772/4772/4772
f 4779/4779/4779 4776/4776/4776 4772/4772/4772
f 4776/4776/4776 4780/4780/4780 4749/4749/4749
f 4780/4780/4780 4751/4751/4751 4749/4749/4749
f 4779/4779/4779 4781/4781/4781 4776/4776/4776
f 4781/4781/4781 4780/4780/4780 4776/4776/4776
f 4780/4780/4780 4782/4782/4782 4751/4751/4751
f 4782/4782/4782 4641/4641/4641 4751/4751/4751
f 4781/4781/4781 4783/4783/4783 4780/4780/4780
f 4783/4783/4783 4782/4782/4782 4780/4780/4780
f 4782/4782/4782 4784/4784/4784 4641/4641/4641
f 4784/4784/4784 4642/4642/4642 4641/4641/4641
f 4782/4782/4782 4785/4785/4785 4784/4784/4784
f 4783/4783/4783 4785/4785/4785 4782/4782/4782
f 4784/4784/4784 4786/4786/4786 4642/4642/4642
f 4784/4784/4784 4785/4785/4785 4786/4786/4786
f 4642/4642/4642 4786/4786/4786 4787/4787/4787
f 4788/4788/4788 4779/4779/4779 4775/4775/4775
f 4789/4789/4789 4781/4781/4781 4779/4779/4779
f 4788/4788/4788 4789/4789/4789 4779/4779/4779
f 4790/4790/4790 4783/4783/4783 4781/4781/4781
f 4789/4789/4789 4790/4790/4790 4781/4781/4781
f 4790/4790/4790 4791/4791/4791 4783/4783/4783
f 4791/4791/4791 4785/4785/4785 4783/4783/4783
f 4792/4792/4792 4790/4790/4790 4789/4789/4789
f 4792/4792/4792 4791/4791/4791 4790/4790/4790
f 4793/4793/4793 4788/4788/4788 4775/4775/4775
f 4793/4793/4793 4775/4775/4775 4766/4766/4766
f 4794/4794/4794 4789/4789/4789 4788/4788/4788
f 4794/4794/4794 4792/4792/4792 4789/4789/4789
f 4795/4795/4795 4793/4793/4793 4766/4766/4766
f 4766/4766/4766 4767/4767/4767 4795/4795/4795
f 4796/4796/4796 4788/4788/4788 4793/4793/4793
f 4796/4796/4796 4794/4794/4794 4788/4788/4788
f 4797/4797/4797 4793/4793/4793 4795/4795/4795
f 4797/4797/4797 4796/4796/4796 4793/4793/4793
f 4795/4795/4795 4767/4767/4767 4798/4798/4798
f 4798/4798/4798 4797/4797/4797 4795/4795/4795
f 4799/4799/4799 4796/4796/4796 4797/4797/4797
f 4799/4799/4799 4797/4797/4797 4798/4798/4798
f 4800/4800/4800 4794/4794/4794 4796/4796/4796
f 4799/4799/4799 4800/4800/4800 4796/4796/4796
f 4801/4801/4801 4792/4792/4792 4794/4794/4794
f 4800/4800/4800 4801/4801/4801 4794/4794/4794
f 4792/4792/4792 4802/4802/4802 4791/4791/4791
f 4801/4801/4801 4802/4802/4802 4792/4792/4792
f 4767/4767/4767 4803/4803/4803 4798/4798/4798
f 4767/4767/4767 4773/4773/4773 4803/4803/4803
f 4804/4804/4804 4799/4799/4799 4798/4798/4798
f 4798/4798/4798 4803/4803/4803 4804/4804/4804
f 4773/4773/4773 4805/4805/4805 4803/4803/4803
f 4803/4803/4803 4805/4805/4805 4804/4804/4804
f 4773/4773/4773 4777/4777/4777 4805/4805/4805
f 4806/4806/4806 4800/4800/4800 4799/4799/4799
f 4806/4806/4806 4799/4799/4799 4804/4804/4804
f 4807/4807/4807 4801/4801/4801 4800/4800/4800
f 4806/4806/4806 4807/4807/4807 4800/4800/4800
f 4808/4808/4808 4804/4804/4804 4805/4805/4805
f 4808/4808/4808 4806/4806/4806 4804/4804/4804
f 4809/4809/4809 4805/4805/4805 4777/4777/4777
f 4808/4808/4808 4805/4805/4805 4809/4809/4809
f 4810/4810/4810 4806/4806/4806 4808/4808/4808
f 4810/4810/4810 4808/4808/4808 4809/4809/4809
f 4801/4801/4801 4811/4811/4811 4802/4802/4802
f 4807/4807/4807 4811/4811/4811 4801/4801/4801
f 4812/4812/4812 4807/4807/4807 4806/4806/4806
f 4810/4810/4810 4812/4812/4812 4806/4806/4806
f 4809/4809/4809 4777/4777/4777 4813/4813/4813
f 4813/4813/4813 4777/4777/4777 4778/4778/4778
f 4813/4813/4813 4778/4778/4778 4814/4814/4814
f 4813/4813/4813 4814/4814/4814 4809/4809/4809
f 4814/4814/4814 4778/4778/4778 4815/4815/4815
f 4810/4810/4810 4809/4809/4809 4816/4816/4816
f 4816/4816/4816 4809/4809/4809 4814/4814/4814
f 4814/4814/4814 4815/4815/4815 4817/4817/4817
f 4817/4817/4817 4815/4815/4815 4818/4818/4818
f 4807/4807/4807 4819/4819/4819 4811/4811/4811
f 4812/4812/4812 4819/4819/4819 4807/4807/4807
f 4820/4820/4820 4812/4812/4812 4810/4810/4810
f 4816/4816/4816 4820/4820/4820 4810/4810/4810
f 4816/4816/4816 4814/4814/4814 4821/4821/4821
f 4821/4821/4821 4814/4814/4814 4817/4817/4817
f 4817/4817/4817 4818/4818/4818 4822/4822/4822
f 4822/4822/4822 4818/4818/4818 4823/4823/4823
f 4812/4812/4812 4824/4824/4824 4819/4819/4819
f 4820/4820/4820 4824/4824/4824 4812/4812/4812
f 4825/4825/4825 4820/4820/4820 4816/4816/4816
f 4821/4821/4821 4825/4825/4825 4816/4816/4816
f 4821/4821/4821 4817/4817/4817 4826/4826/4826
f 4826/4826/4826 4817/4817/4817 4822/4822/4822
f 4822/4822/4822 4823/4823/4823 4827/4827/4827
f 4827/4827/4827 4823/4823/4823 4828/4828/4828
f 4829/4829/4829 4827/4827/4827 4828/4828/4828
f 4830/4830/4830 4822/4822/4822 4827/4827/4827
f 4826/4826/4826 4822/4822/4822 4830/4830/4830
f 4830/4830/4830 4827/4827/4827 4829/4829/4829
f 4826/4826/4826 4831/4831/4831 4821/4821/4821
f 4831/4831/4831 4825/4825/4825 4821/4821/4821
f 4825/4825/4825 4832/4832/4832 4820/4820/4820
f 4820/4820/4820 4832/4832/4832 4824/4824/4824
f 4830/4830/4830 4833/4833/4833 4826/4826/4826
f 4833/4833/4833 4831/4831/4831 4826/4826/4826
f 4831/4831/4831 4834/4834/4834 4825/4825/4825
f 4825/4825/4825 4834/4834/4834 4832/4832/4832
f 4831/4831/4831 4833/4833/4833 4834/4834/4834
f 4835/4835/4835 4833/4833/4833 4830/4830/4830
f 4829/4829/4829 4835/4835/4835 4830/4830/4830
f 4829/4829/4829 4828/4828/4828 4836/4836/4836
f 4836/4836/4836 4828/4828/4828 4837/4837/4837
f 4833/4833/4833 4838/4838/4838 4834/4834/4834
f 4835/4835/4835 4838/4838/4838 4833/4833/4833
f 4832/4832/4832 4839/4839/4839 4824/4824/4824
f 4834/4834/4834 4840/4840/4840 4832/4832/4832
f 4832/4832/4832 4840/4840/4840 4839/4839/4839
f 4838/4838/4838 4841/4841/4841 4834/4834/4834
f 4834/4834/4834 4841/4841/4841 4840/4840/4840
f 4824/4824/4824 4839/4839/4839 4842/4842/4842
f 4824/4824/4824 4842/4842/4842 4819/4819/4819
f 4819/4819/4819 4842/4842/4842 4843/4843/4843
f 4819/4819/4819 4843/4843/4843 4811/4811/4811
f 4811/4811/4811 4843/4843/4843 4844/4844/4844
f 4811/4811/4811 4844/4844/4844 4802/4802/4802
f 4802/4802/4802 4844/4844/4844 4845/4845/4845
f 4802/4802/4802 4845/4845/4845 4791/4791/4791
f 4791/4791/4791 4845/4845/4845 4785/4785/4785
f 4845/4845/4845 4846/4846/4846 4785/4785/4785
f 4846/4846/4846 4786/4786/4786 4785/4785/4785
f 4844/4844/4844 4847/4847/4847 4845/4845/4845
f 4847/4847/4847 4846/4846/4846 4845/4845/4845
f 4843/4843/4843 4848/4848/4848 4844/4844/4844
f 4848/4848/4848 4847/4847/4847 4844/4844/4844
f 4842/4842/4842 4849/4849/4849 4843/4843/4843
f 4849/4849/4849 4848/4848/4848 4843/4843/4843
f 4839/4839/4839 4850/4850/4850 4842/4842/4842
f 4850/4850/4850 4849/4849/4849 4842/4842/4842
f 4851/4851/4851 4786/4786/4786 4846/4846/4846
f 4847/4847/4847 4851/4851/4851 4846/4846/4846
f 4848/4848/4848 4852/4852/4852 4847/4847/4847
f 4852/4852/4852 4851/4851/4851 4847/4847/4847
f 4849/4849/4849 4853/4853/4853 4848/4848/4848
f 4853/4853/4853 4852/4852/4852 4848/4848/4848
f 4851/4851/4851 4854/4854/4854 4786/4786/4786
f 4786/4786/4786 4854/4854/4854 4787/4787/4787
f 4852/4852/4852 4855/4855/4855 4851/4851/4851
f 4851/4851/4851 4855/4855/4855 4854/4854/4854
f 4854/4854/4854 4856/4856/4856 4787/4787/4787
f 4855/4855/4855 4856/4856/4856 4854/4854/4854
f 4857/4857/4857 4787/4787/4787 4856/4856/4856
f 4858/4858/4858 4855/4855/4855 4852/4852/4852
f 4853/4853/4853 4858/4858/4858 4852/4852/4852
f 4859/4859/4859 4853/4853/4853 4849/4849/4849
f 4850/4850/4850 4859/4859/4859 4849/4849/4849
f 4857/4857/4857 4856/4856/4856 4860/4860/4860
f 4861/4861/4861 4857/4857/4857 4860/4860/4860
f 4861/4861/4861 4860/4860/4860 4862/4862/4862
f 4855/4855/4855 4863/4863/4863 4856/4856/4856
f 4860/4860/4860 4856/4856/4856 4863/4863/4863
f 4858/4858/4858 4863/4863/4863 4855/4855/4855
f 4862/4862/4862 4860/4860/4860 4864/4864/4864
f 4860/4860/4860 4863/4863/4863 4864/4864/4864
f 4862/4862/4862 4864/4864/4864 4865/4865/4865
f 4866/4866/4866 4858/4858/4858 4853/4853/4853
f 4859/4859/4859 4866/4866/4866 4853/4853/4853
f 4867/4867/4867 4863/4863/4863 4858/4858/4858
f 4864/4864/4864 4863/4863/4863 4867/4867/4867
f 4866/4866/4866 4867/4867/4867 4858/4858/4858
f 4865/4865/4865 4864/4864/4864 4868/4868/4868
f 4864/4864/4864 4867/4867/4867 4868/4868/4868
f 4869/4869/4869 4867/4867/4867 4866/4866/4866
f 4868/4868/4868 4867/4867/4867 4869/4869/4869
f 4865/4865/4865 4868/4868/4868 4870/4870/4870
f 4870/4870/4870 4868/4868/4868 4869/4869/4869
f 4871/4871/4871 4865/4865/4865 4870/4870/4870
f 4872/4872/4872 4866/4866/4866 4859/4859/4859
f 4872/4872/4872 4869/4869/4869 4866/4866/4866
f 4869/4869/4869 4873/4873/4873 4870/4870/4870
f 4873/4873/4873 4869/4869/4869 4872/4872/4872
f 4874/4874/4874 4872/4872/4872 4859/4859/4859
f 4874/4874/4874 4859/4859/4859 4850/4850/4850
f 4875/4875/4875 4873/4873/4873 4872/4872/4872
f 4875/4875/4875 4872/4872/4872 4874/4874/4874
f 4870/4870/4870 4873/4873/4873 4876/4876/4876
f 4876/4876/4876 4873/4873/4873 4875/4875/4875
f 4871/4871/4871 4870/4870/4870 4877/4877/4877
f 4877/4877/4877 4870/4870/4870 4876/4876/4876
f 4878/4878/4878 4874/4874/4874 4850/4850/4850
f 4878/4878/4878 4850/4850/4850 4839/4839/4839
f 4840/4840/4840 4878/4878/4878 4839/4839/4839
f 4879/4879/4879 4875/4875/4875 4874/4874/4874
f 4879/4879/4879 4874/4874/4874 4878/4878/4878
f 4880/4880/4880 4878/4878/4878 4840/4840/4840
f 4880/4880/4880 4879/4879/4879 4878/4878/4878
f 4880/4880/4880 4840/4840/4840 4841/4841/4841
f 4877/4877/4877 4881/4881/4881 4871/4871/4871
f 4871/4871/4871 4881/4881/4881 4882/4882/4882
f 4883/4883/4883 4875/4875/4875 4879/4879/4879
f 4883/4883/4883 4876/4876/4876 4875/4875/4875
f 4884/4884/4884 4879/4879/4879 4880/4880/4880
f 4884/4884/4884 4883/4883/4883 4879/4879/4879
f 4880/4880/4880 4841/4841/4841 4885/4885/4885
f 4885/4885/4885 4884/4884/4884 4880/4880/4880
f 4876/4876/4876 4886/4886/4886 4877/4877/4877
f 4877/4877/4877 4886/4886/4886 4881/4881/4881
f 4881/4881/4881 4887/4887/4887 4882/4882/4882
f 4882/4882/4882 4887/4887/4887 4888/4888/4888
f 4889/4889/4889 4876/4876/4876 4883/4883/4883
f 4889/4889/4889 4886/4886/4886 4876/4876/4876
f 4890/4890/4890 4883/4883/4883 4884/4884/4884
f 4890/4890/4890 4889/4889/4889 4883/4883/4883
f 4886/4886/4886 4891/4891/4891 4881/4881/4881
f 4881/4881/4881 4891/4891/4891 4887/4887/4887
f 4887/4887/4887 4892/4892/4892 4888/4888/4888
f 4888/4888/4888 4892/4892/4892 4893/4893/4893
f 4894/4894/4894 4890/4890/4890 4884/4884/4884
f 4894/4894/4894 4884/4884/4884 4885/4885/4885
f 4895/4895/4895 4886/4886/4886 4889/4889/4889
f 4895/4895/4895 4891/4891/4891 4886/4886/4886
f 4896/4896/4896 4891/4891/4891 4895/4895/4895
f 4891/4891/4891 4897/4897/4897 4887/4887/4887
f 4887/4887/4887 4897/4897/4897 4892/4892/4892
f 4896/4896/4896 4897/4897/4897 4891/4891/4891
f 4898/4898/4898 4889/4889/4889 4890/4890/4890
f 4898/4898/4898 4895/4895/4895 4889/4889/4889
f 4894/4894/4894 4898/4898/4898 4890/4890/4890
f 4892/4892/4892 4899/4899/4899 4893/4893/4893
f 4893/4893/4893 4899/4899/4899 4900/4900/4900
f 4897/4897/4897 4901/4901/4901 4892/4892/4892
f 4896/4896/4896 4901/4901/4901 4897/4897/4897
f 4892/4892/4892 4901/4901/4901 4899/4899/4899
f 4902/4902/4902 4895/4895/4895 4898/4898/4898
f 4902/4902/4902 4896/4896/4896 4895/4895/4895
f 4903/4903/4903 4898/4898/4898 4894/4894/4894
f 4903/4903/4903 4902/4902/4902 4898/4898/4898
f 4899/4899/4899 4904/4904/4904 4900/4900/4900
f 4900/4900/4900 4904/4904/4904 4905/4905/4905
f 4901/4901/4901 4906/4906/4906 4899/4899/4899
f 4899/4899/4899 4906/4906/4906 4904/4904/4904
f 4904/4904/4904 4907/4907/4907 4905/4905/4905
f 4905/4905/4905 4907/4907/4907 4908/4908/4908
f 4909/4909/4909 4901/4901/4901 4896/4896/4896
f 4909/4909/4909 4906/4906/4906 4901/4901/4901
f 4906/4906/4906 4910/4910/4910 4904/4904/4904
f 4904/4904/4904 4910/4910/4910 4907/4907/4907
f 4907/4907/4907 4911/4911/4911 4908/4908/4908
f 4908/4908/4908 4911/4911/4911 4912/4912/4912
f 4913/4913/4913 4906/4906/4906 4909/4909/4909
f 4913/4913/4913 4910/4910/4910 4906/4906/4906
f 4914/4914/4914 4913/4913/4913 4909/4909/4909
f 4915/4915/4915 4909/4909/4909 4896/4896/4896
f 4914/4914/4914 4909/4909/4909 4915/4915/4915
f 4910/4910/4910 4916/4916/4916 4907/4907/4907
f 4907/4907/4907 4916/4916/4916 4911/4911/4911
f 4917/4917/4917 4910/4910/4910 4913/4913/4913
f 4914/4914/4914 4917/4917/4917 4913/4913/4913
f 4917/4917/4917 4916/4916/4916 4910/4910/4910
f 4911/4911/4911 4918/4918/4918 4912/4912/4912
f 4912/4912/4912 4918/4918/4918 4919/4919/4919
f 4918/4918/4918 4920/4920/4920 4919/4919/4919
f 4919/4919/4919 4920/4920/4920 4921/4921/4921
f 4921/4921/4921 4920/4920/4920 4922/4922/4922
f 4916/4916/4916 4923/4923/4923 4911/4911/4911
f 4911/4911/4911 4923/4923/4923 4918/4918/4918
f 4924/4924/4924 4916/4916/4916 4917/4917/4917
f 4924/4924/4924 4923/4923/4923 4916/4916/4916
f 4923/4923/4923 4925/4925/4925 4918/4918/4918
f 4918/4918/4918 4925/4925/4925 4920/4920/4920
f 4926/4926/4926 4917/4917/4917 4914/4914/4914
f 4926/4926/4926 4924/4924/4924 4917/4917/4917
f 4927/4927/4927 4923/4923/4923 4924/4924/4924
f 4927/4927/4927 4925/4925/4925 4923/4923/4923
f 4920/4920/4920 4928/4928/4928 4922/4922/4922
f 4922/4922/4922 4928/4928/4928 4929/4929/4929
f 4930/4930/4930 4924/4924/4924 4926/4926/4926
f 4930/4930/4930 4927/4927/4927 4924/4924/4924
f 4928/4928/4928 4931/4931/4931 4929/4929/4929
f 4929/4929/4929 4931/4931/4931 4932/4932/4932
f 4933/4933/4933 4925/4925/4925 4927/4927/4927
f 4925/4925/4925 4934/4934/4934 4920/4920/4920
f 4933/4933/4933 4934/4934/4934 4925/4925/4925
f 4920/4920/4920 4935/4935/4935 4928/4928/4928
f 4934/4934/4934 4935/4935/4935 4920/4920/4920
f 4936/4936/4936 4927/4927/4927 4930/4930/4930
f 4936/4936/4936 4933/4933/4933 4927/4927/4927
f 4937/4937/4937 4934/4934/4934 4933/4933/4933
f 4937/4937/4937 4935/4935/4935 4934/4934/4934
f 4938/4938/4938 4935/4935/4935 4937/4937/4937
f 4935/4935/4935 4939/4939/4939 4928/4928/4928
f 4928/4928/4928 4939/4939/4939 4931/4931/4931
f 4938/4938/4938 4939/4939/4939 4935/4935/4935
f 4940/4940/4940 4937/4937/4937 4933/4933/4933
f 4940/4940/4940 4933/4933/4933 4936/4936/4936
f 4940/4940/4940 4938/4938/4938 4937/4937/4937
f 4939/4939/4939 4941/4941/4941 4931/4931/4931
f 4938/4938/4938 4941/4941/4941 4939/4939/4939
f 4931/4931/4931 4941/4941/4941 4942/4942/4942
f 4931/4931/4931 4942/4942/4942 4932/4932/4932
f 4932/4932/4932 4942/4942/4942 4943/4943/4943
f 4932/4932/4932 4943/4943/4943 4944/4944/4944
f 4944/4944/4944 4943/4943/4943 4945/4945/4945
f 4944/4944/4944 4945/4945/4945 4946/4946/4946
f 4947/4947/4947 4943/4943/4943 4942/4942/4942
f 4945/4945/4945 4943/4943/4943 4947/4947/4947
f 4948/4948/4948 4942/4942/4942 4941/4941/4941
f 4947/4947/4947 4942/4942/4942 4948/4948/4948
f 4948/4948/4948 4949/4949/4949 4947/4947/4947
f 4941/4941/4941 4950/4950/4950 4948/4948/4948
f 4938/4938/4938 4950/4950/4950 4941/4941/4941
f 4950/4950/4950 4949/4949/4949 4948/4948/4948
f 4946/4946/4946 4945/4945/4945 4951/4951/4951
f 4946/4946/4946 4951/4951/4951 4952/4952/4952
f 4952/4952/4952 4951/4951/4951 4953/4953/4953
f 4954/4954/4954 4945/4945/4945 4947/4947/4947
f 4951/4951/4951 4945/4945/4945 4954/4954/4954
f 4938/4938/4938 4955/4955/4955 4950/4950/4950
f 4955/4955/4955 4949/4949/4949 4950/4950/4950
f 4955/4955/4955 4956/4956/4956 4949/4949/4949
f 4957/4957/4957 4956/4956/4956 4955/4955/4955
f 4957/4957/4957 4955/4955/4955 4938/4938/4938
f 4957/4957/4957 4938/4938/4938 4940/4940/4940
f 4951/4951/4951 4958/4958/4958 4953/4953/4953
f 4953/4953/4953 4958/4958/4958 4959/4959/4959
f 4947/4947/4947 4960/4960/4960 4954/4954/4954
f 4949/4949/4949 4960/4960/4960 4947/4947/4947
f 4949/4949/4949 4961/4961/4961 4960/4960/4960
f 4949/4949/4949 4962/4962/4962 4961/4961/4961
f 4956/4956/4956 4962/4962/4962 4949/4949/4949
f 4963/4963/4963 4957/4957/4957 4940/4940/4940
f 4963/4963/4963 4956/4956/4956 4957/4957/4957
f 4954/4954/4954 4964/4964/4964 4951/4951/4951
f 4951/4951/4951 4964/4964/4964 4958/4958/4958
f 4958/4958/4958 4965/4965/4965 4959/4959/4959
f 4959/4959/4959 4965/4965/4965 4966/4966/4966
f 4956/4956/4956 4967/4967/4967 4962/4962/4962
f 4967/4967/4967 4968/4968/4968 4962/4962/4962
f 4963/4963/4963 4940/4940/4940 4969/4969/4969
f 4969/4969/4969 4940/4940/4940 4936/4936/4936
f 4970/4970/4970 4964/4964/4964 4954/4954/4954
f 4971/4971/4971 4970/4970/4970 4954/4954/4954
f 4972/4972/4972 4970/4970/4970 4971/4971/4971
f 4973/4973/4973 4972/4972/4972 4971/4971/4971
f 4973/4973/4973 4974/4974/4974 4972/4972/4972
f 4975/4975/4975 4968/4968/4968 4967/4967/4967
f 4976/4976/4976 4975/4975/4975 4967/4967/4967
f 4975/4975/4975 4977/4977/4977 4968/4968/4968
f 4978/4978/4978 4977/4977/4977 4975/4975/4975
f 4978/4978/4978 4979/4979/4979 4977/4977/4977
f 4980/4980/4980 4964/4964/4964 4970/4970/4970
f 4972/4972/4972 4980/4980/4980 4970/4970/4970
f 4974/4974/4974 4981/4981/4981 4972/4972/4972
f 4982/4982/4982 4981/4981/4981 4974/4974/4974
f 4983/4983/4983 4980/4980/4980 4972/4972/4972
f 4981/4981/4981 4983/4983/4983 4972/4972/4972
f 4982/4982/4982 4984/4984/4984 4981/4981/4981
f 4984/4984/4984 4983/4983/4983 4981/4981/4981
f 4985/4985/4985 4984/4984/4984 4982/4982/4982
f 4980/4980/4980 4986/4986/4986 4964/4964/4964
f 4983/4983/4983 4986/4986/4986 4980/4980/4980
f 4984/4984/4984 4987/4987/4987 4983/4983/4983
f 4983/4983/4983 4987/4987/4987 4986/4986/4986
f 4985/4985/4985 4988/4988/4988 4984/4984/4984
f 4984/4984/4984 4988/4988/4988 4987/4987/4987
f 4985/4985/4985 4989/4989/4989 4988/4988/4988
f 4990/4990/4990 4988/4988/4988 4989/4989/4989
f 4987/4987/4987 4988/4988/4988 4990/4990/4990
f 4989/4989/4989 4966/4966/4966 4990/4990/4990
f 4990/4990/4990 4966/4966/4966 4965/4965/4965
f 4990/4990/4990 4991/4991/4991 4987/4987/4987
f 4987/4987/4987 4991/4991/4991 4986/4986/4986
f 4990/4990/4990 4965/4965/4965 4991/4991/4991
f 4986/4986/4986 4992/4992/4992 4964/4964/4964
f 4991/4991/4991 4992/4992/4992 4986/4986/4986
f 4991/4991/4991 4965/4965/4965 4992/4992/4992
f 4964/4964/4964 4992/4992/4992 4958/4958/4958
f 4958/4958/4958 4992/4992/4992 4965/4965/4965
f 4993/4993/4993 4979/4979/4979 4978/4978/4978
f 4993/4993/4993 4994/4994/4994 4979/4979/4979
f 4995/4995/4995 4994/4994/4994 4993/4993/4993
f 4995/4995/4995 4996/4996/4996 4994/4994/4994
f 4997/4997/4997 4996/4996/4996 4995/4995/4995
f 4997/4997/4997 4998/4998/4998 4996/4996/4996
f 4999/4999/4999 4998/4998/4998 4997/4997/4997
f 4999/4999/4999 5000/5000/5000 4998/4998/4998
f 5001/5001/5001 5000/5000/5000 4999/4999/4999
f 5001/5001/5001 5002/5002/5002 5000/5000/5000
f 5003/5003/5003 5002/5002/5002 5001/5001/5001
f 5004/5004/5004 5003/5003/5003 5001/5001/5001
f 5005/5005/5005 5003/5003/5003 5004/5004/5004
f 5006/5006/5006 5001/5001/5001 4999/4999/4999
f 5004/5004/5004 5001/5001/5001 5006/5006/5006
f 5007/5007/5007 4999/4999/4999 4997/4997/4997
f 5006/5006/5006 4999/4999/4999 5007/5007/5007
f 5008/5008/5008 4997/4997/4997 4995/4995/4995
f 5007/5007/5007 4997/4997/4997 5008/5008/5008
f 5009/5009/5009 4995/4995/4995 4993/4993/4993
f 5008/5008/5008 4995/4995/4995 5009/5009/5009
f 5010/5010/5010 5005/5005/5005 5004/5004/5004
f 5010/5010/5010 5011/5011/5011 5005/5005/5005
f 5009/5009/5009 4993/4993/4993 5012/5012/5012
f 5012/5012/5012 4993/4993/4993 4978/4978/4978
f 5012/5012/5012 4978/4978/4978 5013/5013/5013
f 5013/5013/5013 4978/4978/4978 4975/4975/4975
f 5013/5013/5013 4975/4975/4975 4976/4976/4976
f 5014/5014/5014 5009/5009/5009 5012/5012/5012
f 5014/5014/5014 5012/5012/5012 5013/5013/5013
f 5015/5015/5015 5008/5008/5008 5009/5009/5009
f 5015/5015/5015 5009/5009/5009 5014/5014/5014
f 5016/5016/5016 5007/5007/5007 5008/5008/5008
f 5016/5016/5016 5008/5008/5008 5015/5015/5015
f 5015/5015/5015 5014/5014/5014 5017/5017/5017
f 5015/5015/5015 5017/5017/5017 5016/5016/5016
f 5013/5013/5013 5018/5018/5018 5014/5014/5014
f 5014/5014/5014 5018/5018/5018 5017/5017/5017
f 5019/5019/5019 5007/5007/5007 5016/5016/5016
f 5019/5019/5019 5006/5006/5006 5007/5007/5007
f 5016/5016/5016 5017/5017/5017 5020/5020/5020
f 5016/5016/5016 5020/5020/5020 5019/5019/5019
f 5006/5006/5006 5019/5019/5019 5021/5021/5021
f 5006/5006/5006 5021/5021/5021 5004/5004/5004
f 5017/5017/5017 5022/5022/5022 5020/5020/5020
f 5018/5018/5018 5022/5022/5022 5017/5017/5017
f 5019/5019/5019 5020/5020/5020 5023/5023/5023
f 5019/5019/5019 5023/5023/5023 5021/5021/5021
f 5023/5023/5023 5020/5020/5020 5022/5022/5022
f 5013/5013/5013 5024/5024/5024 5018/5018/5018
f 5024/5024/5024 5013/5013/5013 4976/4976/4976
f 5024/5024/5024 4976/4976/4976 5025/5025/5025
f 5024/5024/5024 5026/5026/5026 5018/5018/5018
f 5018/5018/5018 5026/5026/5026 5022/5022/5022
f 5025/5025/5025 5026/5026/5026 5024/5024/5024
f 5027/5027/5027 5022/5022/5022 5026/5026/5026
f 5023/5023/5023 5022/5022/5022 5027/5027/5027
f 5027/5027/5027 5026/5026/5026 5025/5025/5025
f 5004/5004/5004 5021/5021/5021 5028/5028/5028
f 5004/5004/5004 5028/5028/5028 5010/5010/5010
f 5021/5021/5021 5023/5023/5023 5029/5029/5029
f 5029/5029/5029 5023/5023/5023 5027/5027/5027
f 5021/5021/5021 5029/5029/5029 5028/5028/5028
f 5029/5029/5029 5027/5027/5027 5030/5030/5030
f 5028/5028/5028 5029/5029/5029 5030/5030/5030
f 5030/5030/5030 5027/5027/5027 5025/5025/5025
f 5028/5028/5028 5030/5030/5030 5031/5031/5031
f 5010/5010/5010 5028/5028/5028 5031/5031/5031
f 5031/5031/5031 5030/5030/5030 5025/5025/5025
f 5010/5010/5010 5031/5031/5031 5032/5032/5032
f 5032/5032/5032 5011/5011/5011 5010/5010/5010
f 5032/5032/5032 5033/5033/5033 5011/5011/5011
f 5034/5034/5034 5033/5033/5033 5032/5032/5032
f 5034/5034/5034 5035/5035/5035 5033/5033/5033
f 5036/5036/5036 5035/5035/5035 5034/5034/5034
f 5034/5034/5034 5037/5037/5037 5036/5036/5036
f 5032/5032/5032 5031/5031/5031 5038/5038/5038
f 5031/5031/5031 5025/5025/5025 5038/5038/5038
f 5032/5032/5032 5038/5038/5038 5034/5034/5034
f 5038/5038/5038 5025/5025/5025 5039/5039/5039
f 5025/5025/5025 4976/4976/4976 5039/5039/5039
f 5040/5040/5040 5037/5037/5037 5034/5034/5034
f 5034/5034/5034 5041/5041/5041 5040/5040/5040
f 5040/5040/5040 5042/5042/5042 5037/5037/5037
f 5034/5034/5034 5038/5038/5038 5043/5043/5043
f 5038/5038/5038 5039/5039/5039 5043/5043/5043
f 5043/5043/5043 5041/5041/5041 5034/5034/5034
f 5044/5044/5044 5042/5042/5042 5040/5040/5040
f 5040/5040/5040 5041/5041/5041 5044/5044/5044
f 5044/5044/5044 5045/5045/5045 5042/5042/5042
f 5043/5043/5043 5039/5039/5039 5046/5046/5046
f 5046/5046/5046 5041/5041/5041 5043/5043/5043
f 5047/5047/5047 5039/5039/5039 4976/4976/4976
f 5046/5046/5046 5039/5039/5039 5047/5047/5047
f 5048/5048/5048 5045/5045/5045 5044/5044/5044
f 5048/5048/5048 5049/5049/5049 5045/5045/5045
f 5050/5050/5050 5041/5041/5041 5046/5046/5046
f 5050/5050/5050 5046/5046/5046 5047/5047/5047
f 5044/5044/5044 5041/5041/5041 5051/5051/5051
f 5044/5044/5044 5051/5051/5051 5048/5048/5048
f 5048/5048/5048 5051/5051/5051 5052/5052/5052
f 5053/5053/5053 5049/5049/5049 5048/5048/5048
f 5048/5048/5048 5052/5052/5052 5053/5053/5053
f 5053/5053/5053 5054/5054/5054 5049/5049/5049
f 5055/5055/5055 5041/5041/5041 5050/5050/5050
f 5055/5055/5055 5051/5051/5051 5041/5041/5041
f 5050/5050/5050 5047/5047/5047 5055/5055/5055
f 5047/5047/5047 5056/5056/5056 5055/5055/5055
f 5047/5047/5047 4976/4976/4976 5057/5057/5057
f 5047/5047/5047 5057/5057/5057 5056/5056/5056
f 5057/5057/5057 4976/4976/4976 4967/4967/4967
f 5057/5057/5057 4967/4967/4967 4956/4956/4956
f 5058/5058/5058 5054/5054/5054 5053/5053/5053
f 5053/5053/5053 5052/5052/5052 5058/5058/5058
f 5058/5058/5058 5052/5052/5052 5059/5059/5059
f 5058/5058/5058 5060/5060/5060 5054/5054/5054
f 5061/5061/5061 5051/5051/5051 5055/5055/5055
f 5055/5055/5055 5056/5056/5056 5061/5061/5061
f 5061/5061/5061 5052/5052/5052 5051/5051/5051
f 5062/5062/5062 5060/5060/5060 5058/5058/5058
f 5058/5058/5058 5059/5059/5059 5062/5062/5062
f 5062/5062/5062 5063/5063/5063 5060/5060/5060
f 5064/5064/5064 5063/5063/5063 5062/5062/5062
f 5062/5062/5062 5059/5059/5059 5064/5064/5064
f 5064/5064/5064 5065/5065/5065 5063/5063/5063
f 5066/5066/5066 5052/5052/5052 5061/5061/5061
f 5066/5066/5066 5061/5061/5061 5056/5056/5056
f 5067/5067/5067 5065/5065/5065 5064/5064/5064
f 5067/5067/5067 5068/5068/5068 5065/5065/5065
f 5069/5069/5069 5052/5052/5052 5066/5066/5066
f 5069/5069/5069 5059/5059/5059 5052/5052/5052
f 5064/5064/5064 5070/5070/5070 5067/5067/5067
f 5064/5064/5064 5059/5059/5059 5070/5070/5070
f 5066/5066/5066 5071/5071/5071 5069/5069/5069
f 5056/5056/5056 5071/5071/5071 5066/5066/5066
f 5072/5072/5072 5059/5059/5059 5069/5069/5069
f 5072/5072/5072 5069/5069/5069 5071/5071/5071
f 5073/5073/5073 5059/5059/5059 5072/5072/5072
f 5073/5073/5073 5070/5070/5070 5059/5059/5059
f 5067/5067/5067 5070/5070/5070 5074/5074/5074
f 5067/5067/5067 5074/5074/5074 5068/5068/5068
f 5072/5072/5072 5071/5071/5071 5075/5075/5075
f 5072/5072/5072 5075/5075/5075 5073/5073/5073
f 5076/5076/5076 5070/5070/5070 5073/5073/5073
f 5076/5076/5076 5074/5074/5074 5070/5070/5070
f 5073/5073/5073 5075/5075/5075 5077/5077/5077
f 5073/5073/5073 5077/5077/5077 5076/5076/5076
f 5076/5076/5076 5077/5077/5077 5078/5078/5078
f 5079/5079/5079 5074/5074/5074 5076/5076/5076
f 5076/5076/5076 5078/5078/5078 5079/5079/5079
f 5068/5068/5068 5074/5074/5074 5080/5080/5080
f 5079/5079/5079 5080/5080/5080 5074/5074/5074
f 5079/5079/5079 5078/5078/5078 5081/5081/5081
f 5081/5081/5081 5080/5080/5080 5079/5079/5079
f 5068/5068/5068 5080/5080/5080 5082/5082/5082
f 5082/5082/5082 5083/5083/5083 5068/5068/5068
f 5082/5082/5082 4837/4837/4837 5083/5083/5083
f 5082/5082/5082 5080/5080/5080 5084/5084/5084
f 5081/5081/5081 5084/5084/5084 5080/5080/5080
f 5085/5085/5085 4837/4837/4837 5082/5082/5082
f 5082/5082/5082 5084/5084/5084 5085/5085/5085
f 5085/5085/5085 4836/4836/4836 4837/4837/4837
f 5085/5085/5085 5084/5084/5084 5086/5086/5086
f 5085/5085/5085 5086/5086/5086 4836/4836/4836
f 5087/5087/5087 5084/5084/5084 5081/5081/5081
f 5087/5087/5087 5086/5086/5086 5084/5084/5084
f 4836/4836/4836 5086/5086/5086 5088/5088/5088
f 4829/4829/4829 4836/4836/4836 5088/5088/5088
f 5089/5089/5089 4829/4829/4829 5088/5088/5088
f 5090/5090/5090 5088/5088/5088 5086/5086/5086
f 5090/5090/5090 5086/5086/5086 5087/5087/5087
f 5089/5089/5089 5088/5088/5088 5090/5090/5090
f 5087/5087/5087 5091/5091/5091 5090/5090/5090
f 5081/5081/5081 5092/5092/5092 5087/5087/5087
f 5087/5087/5087 5092/5092/5092 5091/5091/5091
f 5081/5081/5081 5078/5078/5078 5092/5092/5092
f 5093/5093/5093 4829/4829/4829 5089/5089/5089
f 5093/5093/5093 4835/4835/4835 4829/4829/4829
f 5093/5093/5093 5094/5094/5094 4835/4835/4835
f 4835/4835/4835 5094/5094/5094 4838/4838/4838
f 5093/5093/5093 5095/5095/5095 5094/5094/5094
f 5093/5093/5093 5089/5089/5089 5095/5095/5095
f 5094/5094/5094 5096/5096/5096 4838/4838/4838
f 5094/5094/5094 5095/5095/5095 5096/5096/5096
f 4838/4838/4838 5096/5096/5096 4841/4841/4841
f 4885/4885/4885 4841/4841/4841 5096/5096/5096
f 4885/4885/4885 5096/5096/5096 5097/5097/5097
f 5097/5097/5097 5096/5096/5096 5095/5095/5095
f 4894/4894/4894 4885/4885/4885 5097/5097/5097
f 5097/5097/5097 4903/4903/4903 4894/4894/4894
f 5095/5095/5095 5098/5098/5098 5097/5097/5097
f 5098/5098/5098 4903/4903/4903 5097/5097/5097
f 5089/5089/5089 5098/5098/5098 5095/5095/5095
f 5098/5098/5098 5099/5099/5099 4903/4903/4903
f 5099/5099/5099 4902/4902/4902 4903/4903/4903
f 5089/5089/5089 5100/5100/5100 5098/5098/5098
f 5100/5100/5100 5099/5099/5099 5098/5098/5098
f 5099/5099/5099 5101/5101/5101 4902/4902/4902
f 5101/5101/5101 4896/4896/4896 4902/4902/4902
f 4915/4915/4915 4896/4896/4896 5101/5101/5101
f 5102/5102/5102 5101/5101/5101 5099/5099/5099
f 5102/5102/5102 4915/4915/4915 5101/5101/5101
f 5100/5100/5100 5102/5102/5102 5099/5099/5099
f 5103/5103/5103 5100/5100/5100 5089/5089/5089
f 5090/5090/5090 5103/5103/5103 5089/5089/5089
f 5090/5090/5090 5091/5091/5091 5103/5103/5103
f 5103/5103/5103 5091/5091/5091 5100/5100/5100
f 5091/5091/5091 5102/5102/5102 5100/5100/5100
f 5104/5104/5104 4915/4915/4915 5102/5102/5102
f 5091/5091/5091 5104/5104/5104 5102/5102/5102
f 5104/5104/5104 4914/4914/4914 4915/4915/4915
f 5105/5105/5105 5104/5104/5104 5091/5091/5091
f 5092/5092/5092 5105/5105/5105 5091/5091/5091
f 5106/5106/5106 4914/4914/4914 5104/5104/5104
f 5105/5105/5105 5106/5106/5106 5104/5104/5104
f 5092/5092/5092 5107/5107/5107 5105/5105/5105
f 5107/5107/5107 5106/5106/5106 5105/5105/5105
f 5078/5078/5078 5107/5107/5107 5092/5092/5092
f 5108/5108/5108 4914/4914/4914 5106/5106/5106
f 5107/5107/5107 5108/5108/5108 5106/5106/5106
f 5108/5108/5108 4926/4926/4926 4914/4914/4914
f 5078/5078/5078 5109/5109/5109 5107/5107/5107
f 5109/5109/5109 5108/5108/5108 5107/5107/5107
f 5110/5110/5110 4926/4926/4926 5108/5108/5108
f 5109/5109/5109 5110/5110/5110 5108/5108/5108
f 5110/5110/5110 4930/4930/4930 4926/4926/4926
f 5078/5078/5078 5111/5111/5111 5109/5109/5109
f 5111/5111/5111 5110/5110/5110 5109/5109/5109
f 5077/5077/5077 5111/5111/5111 5078/5078/5078
f 5112/5112/5112 4930/4930/4930 5110/5110/5110
f 5111/5111/5111 5112/5112/5112 5110/5110/5110
f 5112/5112/5112 4936/4936/4936 4930/4930/4930
f 4969/4969/4969 4936/4936/4936 5112/5112/5112
f 5077/5077/5077 5113/5113/5113 5111/5111/5111
f 5113/5113/5113 5112/5112/5112 5111/5111/5111
f 5113/5113/5113 4969/4969/4969 5112/5112/5112
f 5075/5075/5075 5113/5113/5113 5077/5077/5077
f 5114/5114/5114 4969/4969/4969 5113/5113/5113
f 5075/5075/5075 5114/5114/5114 5113/5113/5113
f 5114/5114/5114 4963/4963/4963 4969/4969/4969
f 5071/5071/5071 5114/5114/5114 5075/5075/5075
f 5114/5114/5114 5115/5115/5115 4963/4963/4963
f 5114/5114/5114 5071/5071/5071 5115/5115/5115
f 4963/4963/4963 5115/5115/5115 4956/4956/4956
f 5056/5056/5056 5115/5115/5115 5071/5071/5071
f 5116/5116/5116 4956/4956/4956 5115/5115/5115
f 5116/5116/5116 5115/5115/5115 5056/5056/5056
f 5116/5116/5116 5057/5057/5057 4956/4956/4956
f 5116/5116/5116 5056/5056/5056 5057/5057/5057
f 5117/5117/5117 4663/4663/4663 4725/4725/4725
f 5117/5117/5117 4646/4646/4646 4663/4663/4663
f 5118/5118/5118 4646/4646/4646 5117/5117/5117
f 5118/5118/5118 4648/4648/4648 4646/4646/4646
f 4651/4651/4651 4648/4648/4648 5118/5118/5118
f 4725/4725/4725 5119/5119/5119 5117/5117/5117
f 5119/5119/5119 5118/5118/5118 5117/5117/5117
f 4651/4651/4651 5118/5118/5118 5120/5120/5120
f 5119/5119/5119 5120/5120/5120 5118/5118/5118
f 5121/5121/5121 5119/5119/5119 4725/4725/4725
f 4722/4722/4722 5121/5121/5121 4725/4725/4725
f 5121/5121/5121 5122/5122/5122 5119/5119/5119
f 5122/5122/5122 5120/5120/5120 5119/5119/5119
f 5123/5123/5123 5122/5122/5122 5121/5121/5121
f 5123/5123/5123 5121/5121/5121 4722/4722/4722
f 5123/5123/5123 5120/5120/5120 5122/5122/5122
f 4651/4651/4651 5120/5120/5120 5124/5124/5124
f 4661/4661/4661 4651/4651/4651 5124/5124/5124
f 5125/5125/5125 5124/5124/5124 5120/5120/5120
f 5125/5125/5125 5120/5120/5120 5123/5123/5123
f 5126/5126/5126 5123/5123/5123 4722/4722/4722
f 5126/5126/5126 4722/4722/4722 4721/4721/4721
f 4661/4661/4661 5124/5124/5124 5127/5127/5127
f 5127/5127/5127 5124/5124/5124 5125/5125/5125
f 5128/5128/5128 5125/5125/5125 5123/5123/5123
f 5128/5128/5128 5123/5123/5123 5126/5126/5126
f 5127/5127/5127 5125/5125/5125 5128/5128/5128
f 5126/5126/5126 4721/4721/4721 5129/5129/5129
f 5126/5126/5126 5129/5129/5129 5128/5128/5128
f 5128/5128/5128 5129/5129/5129 5127/5127/5127
f 5129/5129/5129 4721/4721/4721 4672/4672/4672
f 5129/5129/5129 4672/4672/4672 5130/5130/5130
f 5130/5130/5130 5127/5127/5127 5129/5129/5129
f 5130/5130/5130 4672/4672/4672 4662/4662/4662
f 5131/5131/5131 4661/4661/4661 5127/5127/5127
f 5131/5131/5131 5127/5127/5127 5130/5130/5130
f 5130/5130/5130 4662/4662/4662 5131/5131/5131
f 5131/5131/5131 4652/4652/4652 4661/4661/4661
f 5131/5131/5131 4662/4662/4662 4652/4652/4652
f 5134/5134/5134 5133/5133/5133 5132/5132/5132
f 5135/5135/5135 5133/5133/5133 5134/5134/5134
f 5133/5133/5133 5136/5136/5136 5132/5132/5132
f 5133/5133/5133 5137/5137/5137 5136/5136/5136
f 5132/5132/5132 5136/5136/5136 5138/5138/5138
f 5135/5135/5135 5139/5139/5139 5133/5133/5133
f 5133/5133/5133 5139/5139/5139 5137/5137/5137
f 5135/5135/5135 5140/5140/5140 5139/5139/5139
f 5140/5140/5140 5141/5141/5141 5139/5139/5139
f 5139/5139/5139 5141/5141/5141 5137/5137/5137
f 5142/5142/5142 5141/5141/5141 5140/5140/5140
f 5136/5136/5136 5143/5143/5143 5138/5138/5138
f 5136/5136/5136 5137/5137/5137 5143/5143/5143
f 5138/5138/5138 5143/5143/5143 5144/5144/5144
f 5144/5144/5144 5143/5143/5143 5137/5137/5137
f 5138/5138/5138 5144/5144/5144 5145/5145/5145
f 5145/5145/5145 5144/5144/5144 5146/5146/5146
f 5144/5144/5144 5137/5137/5137 5146/5146/5146
f 5145/5145/5145 5146/5146/5146 5147/5147/5147
f 5147/5147/5147 5146/5146/5146 5142/5142/5142
f 5142/5142/5142 5148/5148/5148 5141/5141/5141
f 5137/5137/5137 5141/5141/5141 5148/5148/5148
f 5146/5146/5146 5148/5148/5148 5142/5142/5142
f 5146/5146/5146 5137/5137/5137 5148/5148/5148
f 5151/5151/5151 5150/5150/5150 5149/5149/5149
f 5149/5149/5149 5150/5150/5150 5152/5152/5152
f 5152/5152/5152 5150/5150/5150 5153/5153/5153
f 5150/5150/5150 5154/5154/5154 5153/5153/5153
f 5155/5155/5155 5150/5150/5150 5151/5151/5151
f 5156/5156/5156 5154/5154/5154 5150/5150/5150
f 5155/5155/5155 5156/5156/5156 5150/5150/5150
f 5156/5156/5156 5157/5157/5157 5154/5154/5154
f 5158/5158/5158 5156/5156/5156 5155/5155/5155
f 5155/5155/5155 5159/5159/5159 5158/5158/5158
f 5160/5160/5160 5158/5158/5158 5159/5159/5159
f 5161/5161/5161 5157/5157/5157 5156/5156/5156
f 5158/5158/5158 5161/5161/5161 5156/5156/5156
f 5161/5161/5161 5162/5162/5162 5157/5157/5157
f 5163/5163/5163 5158/5158/5158 5160/5160/5160
f 5163/5163/5163 5161/5161/5161 5158/5158/5158
f 5164/5164/5164 5162/5162/5162 5161/5161/5161
f 5163/5163/5163 5164/5164/5164 5161/5161/5161
f 5164/5164/5164 5165/5165/5165 5162/5162/5162
f 5163/5163/5163 5160/5160/5160 5166/5166/5166
f 5166/5166/5166 5164/5164/5164 5163/5163/5163
f 5166/5166/5166 5160/5160/5160 5167/5167/5167
f 5168/5168/5168 5165/5165/5165 5164/5164/5164
f 5166/5166/5166 5168/5168/5168 5164/5164/5164
f 5165/5165/5165 5168/5168/5168 5169/5169/5169
f 5167/5167/5167 5170/5170/5170 5166/5166/5166
f 5170/5170/5170 5168/5168/5168 5166/5166/5166
f 5169/5169/5169 5168/5168/5168 5171/5171/5171
f 5168/5168/5168 5170/5170/5170 5171/5171/5171
f 5169/5169/5169 5171/5171/5171 5172/5172/5172
f 5173/5173/5173 5170/5170/5170 5167/5167/5167
f 5171/5171/5171 5170/5170/5170 5173/5173/5173
f 5167/5167/5167 5174/5174/5174 5173/5173/5173
f 5172/5172/5172 5171/5171/5171 5175/5175/5175
f 5171/5171/5171 5173/5173/5173 5175/5175/5175
f 5172/5172/5172 5175/5175/5175 5176/5176/5176
f 5177/5177/5177 5173/5173/5173 5174/5174/5174
f 5175/5175/5175 5173/5173/5173 5177/5177/5177
f 5177/5177/5177 5174/5174/5174 5178/5178/5178
f 5176/5176/5176 5175/5175/5175 5179/5179/5179
f 5175/5175/5175 5177/5177/5177 5179/5179/5179
f 5176/5176/5176 5179/5179/5179 5180/5180/5180
f 5178/5178/5178 5181/5181/5181 5177/5177/5177
f 5179/5179/5179 5177/5177/5177 5181/5181/5181
f 5182/5182/5182 5181/5181/5181 5178/5178/5178
f 5180/5180/5180 5179/5179/5179 5183/5183/5183
f 5179/5179/5179 5181/5181/5181 5183/5183/5183
f 5180/5180/5180 5183/5183/5183 5184/5184/5184
f 5184/5184/5184 5183/5183/5183 5185/5185/5185
f 5182/5182/5182 5186/5186/5186 5181/5181/5181
f 5183/5183/5183 5181/5181/5181 5186/5186/5186
f 5183/5183/5183 5186/5186/5186 5185/5185/5185
f 5187/5187/5187 5186/5186/5186 5182/5182/5182
f 5185/5185/5185 5186/5186/5186 5187/5187/5187
f 5190/5190/5190 5189/5189/5189 5188/5188/5188
f 5191/5191/5191 5189/5189/5189 5190/5190/5190
f 5192/5192/5192 5189/5189/5189 5191/5191/5191
f 5193/5193/5193 5189/5189/5189 5192/5192/5192
f 5193/5193/5193 5194/5194/5194 5189/5189/5189
f 5189/5189/5189 5194/5194/5194 5195/5195/5195
f 5195/5195/5195 5188/5188/5188 5189/5189/5189
f 5194/5194/5194 5196/5196/5196 5195/5195/5195
f 5197/5197/5197 5188/5188/5188 5195/5195/5195
f 5197/5197/5197 5198/5198/5198 5188/5188/5188
f 5199/5199/5199 5198/5198/5198 5197/5197/5197
f 5195/5195/5195 5196/5196/5196 5200/5200/5200
f 5200/5200/5200 5197/5197/5197 5195/5195/5195
f 5196/5196/5196 5201/5201/5201 5200/5200/5200
f 5202/5202/5202 5199/5199/5199 5197/5197/5197
f 5202/5202/5202 5197/5197/5197 5200/5200/5200
f 5200/5200/5200 5201/5201/5201 5203/5203/5203
f 5203/5203/5203 5202/5202/5202 5200/5200/5200
f 5201/5201/5201 5204/5204/5204 5203/5203/5203
f 5205/5205/5205 5199/5199/5199 5202/5202/5202
f 5205/5205/5205 5202/5202/5202 5203/5203/5203
f 5205/5205/5205 5206/5206/5206 5199/5199/5199
f 5203/5203/5203 5204/5204/5204 5207/5207/5207
f 5207/5207/5207 5205/5205/5205 5203/5203/5203
f 5208/5208/5208 5207/5207/5207 5204/5204/5204
f 5209/5209/5209 5206/5206/5206 5205/5205/5205
f 5209/5209/5209 5205/5205/5205 5207/5207/5207
f 5210/5210/5210 5207/5207/5207 5208/5208/5208
f 5210/5210/5210 5209/5209/5209 5207/5207/5207
f 5211/5211/5211 5210/5210/5210 5208/5208/5208
f 5209/5209/5209 5212/5212/5212 5206/5206/5206
f 5212/5212/5212 5209/5209/5209 5210/5210/5210
f 5212/5212/5212 5213/5213/5213 5206/5206/5206
f 5214/5214/5214 5210/5210/5210 5211/5211/5211
f 5214/5214/5214 5212/5212/5212 5210/5210/5210
f 5215/5215/5215 5214/5214/5214 5211/5211/5211
f 5212/5212/5212 5216/5216/5216 5213/5213/5213
f 5216/5216/5216 5212/5212/5212 5214/5214/5214
f 5217/5217/5217 5213/5213/5213 5216/5216/5216
f 5218/5218/5218 5214/5214/5214 5215/5215/5215
f 5218/5218/5218 5216/5216/5216 5214/5214/5214
f 5219/5219/5219 5218/5218/5218 5215/5215/5215
f 5216/5216/5216 5220/5220/5220 5217/5217/5217
f 5220/5220/5220 5216/5216/5216 5218/5218/5218
f 5220/5220/5220 5221/5221/5221 5217/5217/5217
f 5222/5222/5222 5218/5218/5218 5219/5219/5219
f 5222/5222/5222 5220/5220/5220 5218/5218/5218
f 5223/5223/5223 5222/5222/5222 5219/5219/5219
f 5224/5224/5224 5222/5222/5222 5223/5223/5223
f 5225/5225/5225 5221/5221/5221 5220/5220/5220
f 5225/5225/5225 5220/5220/5220 5222/5222/5222
f 5224/5224/5224 5225/5225/5225 5222/5222/5222
f 5225/5225/5225 5226/5226/5226 5221/5221/5221
f 5226/5226/5226 5225/5225/5225 5224/5224/5224
f 5229/5229/5229 5228/5228/5228 5227/5227/5227
f 5230/5230/5230 5228/5228/5228 5229/5229/5229
f 5231/5231/5231 5227/5227/5227 5228/5228/5228
f 5231/5231/5231 5228/5228/5228 5232/5232/5232
f 5228/5228/5228 5233/5233/5233 5232/5232/5232
f 5230/5230/5230 5233/5233/5233 5228/5228/5228
f 5234/5234/5234 5233/5233/5233 5230/5230/5230
f 5232/5232/5232 5233/5233/5233 5234/5234/5234
f 5235/5235/5235 5234/5234/5234 5230/5230/5230
f 5236/5236/5236 5234/5234/5234 5235/5235/5235
f 5232/5232/5232 5234/5234/5234 5236/5236/5236
f 5235/5235/5235 5237/5237/5237 5236/5236/5236
f 5236/5236/5236 5237/5237/5237 5238/5238/5238
f 5236/5236/5236 5238/5238/5238 5239/5239/5239
f 5236/5236/5236 5239/5239/5239 5240/5240/5240
f 5240/5240/5240 5232/5232/5232 5236/5236/5236
f 5240/5240/5240 5239/5239/5239 5241/5241/5241
f 5240/5240/5240 5241/5241/5241 5232/5232/5232
f 5232/5232/5232 5241/5241/5241 5242/5242/5242
f 5232/5232/5232 5242/5242/5242 5243/5243/5243
f 5243/5243/5243 5231/5231/5231 5232/5232/5232
f 5243/5243/5243 5242/5242/5242 5244/5244/5244
f 5245/5245/5245 5231/5231/5231 5243/5243/5243
f 5245/5245/5245 5227/5227/5227 5231/5231/5231
f 5245/5245/5245 5246/5246/5246 5227/5227/5227
f 5245/5245/5245 5247/5247/5247 5246/5246/5246
f 5243/5243/5243 5244/5244/5244 5248/5248/5248
f 5248/5248/5248 5245/5245/5245 5243/5243/5243
f 5248/5248/5248 5244/5244/5244 5249/5249/5249
f 5250/5250/5250 5247/5247/5247 5245/5245/5245
f 5250/5250/5250 5249/5249/5249 5247/5247/5247
f 5248/5248/5248 5249/5249/5249 5250/5250/5250
f 5250/5250/5250 5245/5245/5245 5248/5248/5248
f 5253/5253/5253 5252/5252/5252 5251/5251/5251
f 5253/5253/5253 5251/5251/5251 5254/5254/5254
f 5254/5254/5254 5251/5251/5251 5255/5255/5255
f 5256/5256/5256 5252/5252/5252 5253/5253/5253
f 5256/5256/5256 5257/5257/5257 5252/5252/5252
f 5253/5253/5253 5254/5254/5254 5258/5258/5258
f 5253/5253/5253 5258/5258/5258 5256/5256/5256
f 5259/5259/5259 5258/5258/5258 5254/5254/5254
f 5254/5254/5254 5255/5255/5255 5259/5259/5259
f 5256/5256/5256 5258/5258/5258 5260/5260/5260
f 5260/5260/5260 5257/5257/5257 5256/5256/5256
f 5259/5259/5259 5255/5255/5255 5261/5261/5261
f 5260/5260/5260 5262/5262/5262 5257/5257/5257
f 5259/5259/5259 5261/5261/5261 5263/5263/5263
f 5263/5263/5263 5258/5258/5258 5259/5259/5259
f 5263/5263/5263 5261/5261/5261 5264/5264/5264
f 5265/5265/5265 5262/5262/5262 5260/5260/5260
f 5265/5265/5265 5260/5260/5260 5258/5258/5258
f 5265/5265/5265 5266/5266/5266 5262/5262/5262
f 5263/5263/5263 5264/5264/5264 5267/5267/5267
f 5267/5267/5267 5258/5258/5258 5263/5263/5263
f 5267/5267/5267 5264/5264/5264 5268/5268/5268
f 5269/5269/5269 5266/5266/5266 5265/5265/5265
f 5265/5265/5265 5258/5258/5258 5269/5269/5269
f 5269/5269/5269 5270/5270/5270 5266/5266/5266
f 5267/5267/5267 5268/5268/5268 5271/5271/5271
f 5267/5267/5267 5271/5271/5271 5258/5258/5258
f 5271/5271/5271 5268/5268/5268 5272/5272/5272
f 5273/5273/5273 5270/5270/5270 5269/5269/5269
f 5269/5269/5269 5258/5258/5258 5273/5273/5273
f 5274/5274/5274 5258/5258/5258 5271/5271/5271
f 5271/5271/5271 5272/5272/5272 5274/5274/5274
f 5275/5275/5275 5273/5273/5273 5258/5258/5258
f 5273/5273/5273 5276/5276/5276 5270/5270/5270
f 5275/5275/5275 5276/5276/5276 5273/5273/5273
f 5274/5274/5274 5272/5272/5272 5277/5277/5277
f 5275/5275/5275 5278/5278/5278 5276/5276/5276
f 5274/5274/5274 5277/5277/5277 5279/5279/5279
f 5279/5279/5279 5258/5258/5258 5274/5274/5274
f 5279/5279/5279 5277/5277/5277 5280/5280/5280
f 5281/5281/5281 5278/5278/5278 5275/5275/5275
f 5275/5275/5275 5258/5258/5258 5281/5281/5281
f 5281/5281/5281 5282/5282/5282 5278/5278/5278
f 5279/5279/5279 5280/5280/5280 5283/5283/5283
f 5279/5279/5279 5283/5283/5283 5258/5258/5258
f 5283/5283/5283 5280/5280/5280 5284/5284/5284
f 5285/5285/5285 5282/5282/5282 5281/5281/5281
f 5281/5281/5281 5258/5258/5258 5285/5285/5285
f 5285/5285/5285 5286/5286/5286 5282/5282/5282
f 5283/5283/5283 5284/5284/5284 5287/5287/5287
f 5287/5287/5287 5258/5258/5258 5283/5283/5283
f 5287/5287/5287 5284/5284/5284 5288/5288/5288
f 5289/5289/5289 5286/5286/5286 5285/5285/5285
f 5289/5289/5289 5285/5285/5285 5258/5258/5258
f 5289/5289/5289 5288/5288/5288 5286/5286/5286
f 5287/5287/5287 5288/5288/5288 5289/5289/5289
f 5289/5289/5289 5258/5258/5258 5287/5287/5287
f 5292/5292/5292 5291/5291/5291 5290/5290/5290
f 5290/5290/5290 5291/5291/5291 5293/5293/5293
f 5290/5290/5290 5293/5293/5293 5294/5294/5294
f 5292/5292/5292 5295/5295/5295 5291/5291/5291
f 5296/5296/5296 5295/5295/5295 5292/5292/5292
f 5293/5293/5293 5291/5291/5291 5297/5297/5297
f 5297/5297/5297 5291/5291/5291 5295/5295/5295
f 5297/5297/5297 5298/5298/5298 5293/5293/5293
f 5294/5294/5294 5293/5293/5293 5298/5298/5298
f 5297/5297/5297 5295/5295/5295 5299/5299/5299
f 5296/5296/5296 5299/5299/5299 5295/5295/5295
f 5294/5294/5294 5298/5298/5298 5300/5300/5300
f 5301/5301/5301 5299/5299/5299 5296/5296/5296
f 5300/5300/5300 5298/5298/5298 5302/5302/5302
f 5297/5297/5297 5302/5302/5302 5298/5298/5298
f 5300/5300/5300 5302/5302/5302 5303/5303/5303
f 5301/5301/5301 5304/5304/5304 5299/5299/5299
f 5299/5299/5299 5304/5304/5304 5297/5297/5297
f 5305/5305/5305 5304/5304/5304 5301/5301/5301
f 5303/5303/5303 5302/5302/5302 5306/5306/5306
f 5297/5297/5297 5306/5306/5306 5302/5302/5302
f 5303/5303/5303 5306/5306/5306 5307/5307/5307
f 5305/5305/5305 5308/5308/5308 5304/5304/5304
f 5297/5297/5297 5304/5304/5304 5308/5308/5308
f 5309/5309/5309 5308/5308/5308 5305/5305/5305
f 5307/5307/5307 5306/5306/5306 5310/5310/5310
f 5310/5310/5310 5306/5306/5306 5297/5297/5297
f 5307/5307/5307 5310/5310/5310 5311/5311/5311
f 5309/5309/5309 5312/5312/5312 5308/5308/5308
f 5297/5297/5297 5308/5308/5308 5312/5312/5312
f 5297/5297/5297 5313/5313/5313 5310/5310/5310
f 5311/5311/5311 5310/5310/5310 5313/5313/5313
f 5312/5312/5312 5314/5314/5314 5297/5297/5297
f 5315/5315/5315 5312/5312/5312 5309/5309/5309
f 5315/5315/5315 5314/5314/5314 5312/5312/5312
f 5311/5311/5311 5313/5313/5313 5316/5316/5316
f 5317/5317/5317 5314/5314/5314 5315/5315/5315
f 5316/5316/5316 5313/5313/5313 5318/5318/5318
f 5297/5297/5297 5318/5318/5318 5313/5313/5313
f 5316/5316/5316 5318/5318/5318 5319/5319/5319
f 5317/5317/5317 5320/5320/5320 5314/5314/5314
f 5297/5297/5297 5314/5314/5314 5320/5320/5320
f 5321/5321/5321 5320/5320/5320 5317/5317/5317
f 5319/5319/5319 5318/5318/5318 5322/5322/5322
f 5322/5322/5322 5318/5318/5318 5297/5297/5297
f 5319/5319/5319 5322/5322/5322 5323/5323/5323
f 5321/5321/5321 5324/5324/5324 5320/5320/5320
f 5297/5297/5297 5320/5320/5320 5324/5324/5324
f 5325/5325/5325 5324/5324/5324 5321/5321/5321
f 5323/5323/5323 5322/5322/5322 5326/5326/5326
f 5297/5297/5297 5326/5326/5326 5322/5322/5322
f 5323/5323/5323 5326/5326/5326 5327/5327/5327
f 5325/5325/5325 5328/5328/5328 5324/5324/5324
f 5324/5324/5324 5328/5328/5328 5297/5297/5297
f 5327/5327/5327 5328/5328/5328 5325/5325/5325
f 5327/5327/5327 5326/5326/5326 5328/5328/5328
f 5297/5297/5297 5328/5328/5328 5326/5326/5326
