g Chibang3
v 56.4766808 107.23748 2.21445155
v 56.4660721 107.058548 3.96347904
v 49.6211815 112.950241 3.78442788
v 56.4766808 107.23748 -2.21445155
v 49.6211815 112.950241 -3.78442788
v 56.4660721 107.058548 -3.96347904
v 74.000206 96.4287109 8.43903542
v 71.7436371 83.6770325 5.12374084E-15
v 73.9370956 84.2399063 10.5490351
v 74.2955627 97.0546875 5.94288565E-15
v 75.9914246 101.48568 6.84133911
v 74.000206 96.4287109 -8.43903542
v 73.9370956 84.2399063 -10.5490351
v 75.9914246 101.48568 -6.84133911
v 75.9914246 101.485573 6.21419877E-15
v 80.3963089 103.374649 4.2943821
v 80.3963089 103.374649 -4.2943821
v 80.3073425 103.343582 6.32796927E-15
v 86.5155334 103.113083 6.31385516E-15
v 46.2957535 83.2713852 12.0979319
v 51.6384544 85.4185791 10.556426
v 44.5976868 87.4392776 12.0765285
v 41.4424362 91.9787292 12.3384256
v 49.5085716 92.6481705 10.4316578
v 42.5544243 95.9549408 12.3953028
v 49.7209206 98.1021271 11.3721151
v 44.1571159 98.2772141 12.4575901
v 46.3856621 101.187302 12.300333
v 49.0747261 103.321075 11.7909698
v 51.123394 101.828918 11.6634197
v 53.0812378 105.711304 10.7374039
v 43.5308914 62.9023972 3.85166083E-15
v 43.9839249 62.780838 4.18720341
v 49.3448372 65.6587219 4.30585432
v 38.0132217 62.1656609 4.56563377
v 38.0132217 62.2755241 3.81327626E-15
v 30.8689709 64.4336014 3.94541975E-15
v 30.8689709 64.5312576 4.50459862
v 38.0132217 62.1656609 -4.56563377
v 43.9839249 62.780838 -4.18720341
v 49.3448372 65.6587219 -4.30585432
v 30.8689709 64.5312576 -4.50459862
v 25.572422 69.4677811 4.25367495E-15
v 25.572422 69.4677811 4.6144619
v 25.572422 69.4677811 -4.6144619
v 22.6660213 76.2458344 4.6687105E-15
v 22.6660213 76.2458344 4.6144619
v 22.6660213 76.2458344 -4.6144619
v 10.1998072 80.0685043 4.90278171E-15
v 71.7436371 83.6770325 5.12374084E-15
v 73.7129669 70.9800873 10.0606842
v 73.9370956 84.2399063 10.5490351
v 73.7107849 70.9800873 4.34627682E-15
v 70.5015564 58.0179291 8.86550808
v 73.7129669 70.9800873 -10.0606842
v 73.9370956 84.2399063 -10.5490351
v 70.5015564 58.0179291 -8.86550808
v 70.5608063 58.0179291 3.55257392E-15
v 56.5462646 37.9257736 4.56960869
v 56.5462646 37.9257736 -4.56960869
v 56.5462646 37.9450722 2.32346537E-15
v 42.6142731 31.0695419 2.16431952
v 42.6142731 31.0695419 -2.16431952
v 42.6142731 31.0305481 1.90007299E-15
v 32.8127708 29.5532398 1.17660534
v 32.8127708 29.5532398 -1.17660534
v 32.8127708 29.4941425 1.80599537E-15
v 23.9472561 27.9608192 0.891349435
v 23.9472561 27.9608192 -0.891349435
v 23.7419872 27.9505939 1.71148015E-15
v 19.3281651 24.2272434 0.601013362
v 19.3281651 24.2272434 -0.601013362
v 19.5015869 24.3041954 1.48820269E-15
v 16.1273327 18.2630844 1.11829144E-15
v 56.4766808 107.23748 2.21445155
v 56.8529243 110.048386 3.77545071
v 56.4660721 107.058548 3.96347904
v 56.8063393 110.512497 6.76693775E-15
v 58.3637352 115.238396 2.88184261
v 58.2310867 115.15696 7.05133033E-15
v 60.260273 119.819221 2.00050783
v 58.3637352 115.238396 -2.88184261
v 56.8529243 110.048386 -3.77545071
v 60.260273 119.819221 -2.00050783
v 60.260273 119.818375 7.33675883E-15
v 64.8154297 122.427132 2.02215695
v 64.8154297 122.427132 -2.02215695
v 64.8154297 122.425842 7.49642115E-15
v 69.4476166 126.15197 1.3410114
v 69.4476166 126.15197 -1.3410114
v 69.4387817 126.167969 7.72555966E-15
v 72.4905701 131.21608 1.00168359
v 72.4905701 131.21608 -1.00168359
v 72.4487228 131.332611 8.0418028E-15
v 74.0602646 139.560486 0.766068399
v 74.0602646 139.560486 -0.766068399
v 74.0366211 139.629608 8.54984723E-15
v 74.1387558 151.417953 9.27167516E-15
v 44.8293343 76.3915939 11.5704765
v 45.558445 79.5296936 9.50961304
v 46.0996094 78.9930267 12.0056171
v 46.2957535 83.2713852 12.0979319
v 44.7407417 82.6325684 9.52359772
v 41.9121819 85.2169876 9.52097607
v 40.9214096 88.5802002 12.2093487
v 51.6384544 85.4185791 10.556426
v 38.9390259 85.9366913 9.96479893
v 46.7116547 91.1703186 7.76260662
v 43.2167282 95.5889206 4.3815608
v 51.0598793 91.3288727 4.48967314
v 38.0132217 95.9540405 4.6144619
v 30.6671982 93.7071152 4.6144619
v 34.6739998 87.2027893 12.2804623
v 35.9330368 85.2874908 10.2455626
v 25.7526226 89.1308441 4.6144619
v 31.3466225 84.0468369 12.561244
v 33.5487518 82.9565201 10.3554268
v 32.4369125 79.5296936 10.4774952
v 27.1301899 80.0035172 9.73612785
v 23.1604042 83.8861847 4.4191494
v 10.1998072 80.0685043 4.90278171E-15
v 22.6660213 76.2458344 4.6144619
v 30.0079651 77.7778854 12.939662
v 33.3217926 76.1361847 10.6739798
v 25.572422 69.4677811 4.6144619
v 33.1022644 72.0173798 13.0574837
v 35.8208046 73.7093124 10.8982153
v 38.9617615 69.9215012 13.7941275
v 30.8689709 64.5312576 4.50459862
v 38.9390259 72.8671036 10.823225
v 38.0132217 62.1656609 4.56563377
v 42.4639397 73.7966919 11.5632963
v 45.1318016 68.9815216 11.0471153
v 43.9839249 62.780838 4.18720341
v 49.3448372 65.6587219 4.30585432
v 50.8857269 67.6274261 5.34456396
v 50.0769691 71.8358459 9.11846352
v 54.3830338 74.2844009 8.61390114
v 44.2012062 71.66082 14.2763224
v 44.8293343 76.3915939 11.5704765
v 49.8841972 74.5272675 11.6473846
v 47.3298798 74.553978 14.7139225
v 46.0996094 78.9930267 12.0056171
v 49.2224884 79.2119293 14.9416103
v 51.3882446 78.6588821 11.7328215
v 46.2957535 83.2713852 12.0979319
v 48.7252159 84.9021301 14.2796774
v 51.6384544 85.4185791 10.556426
v 47.2675934 88.7223053 14.293438
v 44.5976868 87.4392776 12.0765285
v 49.5085716 92.6481705 10.4316578
v 45.6501541 92.7138367 14.6008444
v 47.1298409 98.6633224 14.4177914
v 41.4424362 91.9787292 12.3384256
v 42.5544243 95.9549408 12.3953028
v 49.7209206 98.1021271 11.3721151
v 44.1571159 98.2772141 12.4575901
v 51.123394 101.828918 11.6634197
v 46.3856621 101.187302 12.300333
v 49.9901199 102.655861 12.997508
v 53.0812378 105.711304 10.7374039
v 49.0747261 103.321075 11.7909698
v 64.8637924 90.2613907 10.9205847
v 59.6250343 87.6943741 11.7189665
v 60.0916977 89.0523987 10.2485523
v 65.4598389 89.0298996 12.3761187
v 71.3306961 93.8883743 10.9528208
v 61.954792 78.1159668 12.1591244
v 58.0276184 77.9319458 12.0391588
v 72.2675476 92.8933258 12.3970699
v 61.3925323 75.9639893 10.6790257
v 57.77911 75.5295944 9.89875984
v 64.12677 72.9853134 12.2656002
v 63.866436 69.5987091 10.8515921
v 73.9370956 84.2399063 10.5490351
v 71.7564087 84.1527557 12.2771139
v 76.247139 93.5710754 12.2886677
v 77.4325027 93.4207916 10.5708323
v 75.0436096 96.2332993 12.2534056
v 74.5356598 96.9149246 10.7512045
v 78.7101898 100.644684 12.0636568
v 79.9513397 102.601685 10.5911074
v 62.7679214 93.1033478 9.8022089
v 64.3590088 86.0409164 10.4964037
v 60.0916977 89.0523987 10.2485523
v 69.2684174 85.9523926 10.295496
v 68.3765106 97.2072449 9.05496979
v 74.000206 96.4287109 8.43903542
v 73.9370956 84.2399063 10.5490351
v 73.4738617 98.7286911 8.22574711
v 75.9914246 101.48568 6.84133911
v 64.8360138 103.162956 9.337677
v 67.3469162 98.6323929 9.18417454
v 63.7331429 98.6033173 9.6116848
v 58.1712265 96.8762131 8.93229294
v 69.8992081 109.93692 8.82373905
v 80.3963089 103.374649 4.2943821
v 58.9670639 106.180313 7.43745565
v 65.6358871 114.41494 6.53591394
v 78.553009 111.854462 9.54519463
v 86.5155334 103.113083 6.31385516E-15
v 88.8321991 114.959457 7.03923639E-15
v 55.6600113 97.2408752 5.44309092
v 51.0598793 91.3288727 4.48967314
v 56.4660721 107.058548 3.96347904
v 56.8529243 110.048386 3.77545071
v 58.3637352 115.238396 2.88184261
v 60.260273 119.819221 2.00050783
v 64.8154297 122.427132 2.02215695
v 69.4476166 126.15197 1.3410114
v 73.3987122 117.913399 6.98179007
v 76.1888351 127.910995 4.82272339
v 72.4905701 131.21608 1.00168359
v 80.9467468 127.061508 4.96670961
v 89.0315323 122.707428 7.51366251E-15
v 88.3474426 131.128372 8.0292972E-15
v 76.4368744 140.585495 2.86103582
v 74.0602646 139.560486 0.766068399
v 80.9876556 141.99881 2.25270081
v 85.7140961 142.059769 8.69865144E-15
v 75.0916748 151.985535 1.38168967
v 74.1387558 151.417953 9.27167516E-15
v 71.0304413 163.38559 1.00044815E-14
v 77.4464264 152.6922 1.1263504
v 79.721138 152.722687 9.3515673E-15
v 73.7129669 70.9800873 10.0606842
v 63.866436 69.5987091 10.8515921
v 73.9370956 84.2399063 10.5490351
v 70.5015564 58.0179291 8.86550808
v 57.4621506 59.1426392 9.14877892
v 50.5022163 48.4459686 6.96383047
v 51.0438843 63.9298363 6.97960043
v 56.5462646 37.9257736 4.56960869
v 42.6142731 31.0695419 2.16431952
v 60.0814476 68.9675598 10.3111868
v 61.3925323 75.9639893 10.6790257
v 57.77911 75.5295944 9.89875984
v 52.6304131 68.4170151 7.61531878
v 54.3830338 74.2844009 8.61390114
v 50.8857269 67.6274261 5.34456396
v 49.3448372 65.6587219 4.30585432
v 43.5308914 62.9023972 3.85166083E-15
v 45.3213272 55.954216 6.12716913
v 40.5183716 59.4598999 3.64086906E-15
v 39.1301117 52.0931435 5.05933857
v 36.5513229 56.5681267 3.46379894E-15
v 29.7926216 48.4776154 4.14302588
v 31.066021 54.5618782 3.34095163E-15
v 26.7012711 54.4478302 3.33396806E-15
v 20.302845 55.4542313 3.39559224E-15
v 40.428772 42.3222504 5.05370855
v 32.8127708 29.5532398 1.17660534
v 31.8055725 39.8094673 4.269485
v 23.9472561 27.9608192 0.891349435
v 17.027771 48.2259636 3.16990995
v 12.8208218 60.3358879 3.69450742E-15
v 16.9392872 48.172657 2.94972469E-15
v 18.6402206 44.934063 2.75141818E-15
v 22.9107685 40.9499283 3.92856193
v 13.588274 39.5276947 2.42037335E-15
v 20.7249546 35.9900894 3.58429503
v 14.8516359 29.4238873 3.05491138
v 19.3281651 24.2272434 0.601013362
v 11.051836 30.5865707 1.87288726E-15
v 11.5428972 20.159996 1.88154435
v 16.1273327 18.2630844 1.11829144E-15
v 10.023016 20.7647114 1.27147184E-15
v 10.6410894 5.43835163 3.33003009E-16
v 74.5356598 96.9149246 10.7512045
v 77.4325027 93.4207916 10.5708323
v 79.9513397 102.601685 10.5911074
v 71.3306961 93.8883743 10.9528208
v 73.9370956 84.2399063 10.5490351
v 69.2684174 85.9523926 10.295496
v 64.8637924 90.2613907 10.9205847
v 64.3590088 86.0409164 10.4964037
v 60.0916977 89.0523987 10.2485523
v 56.4766808 107.23748 2.21445155
v 55.2892609 112.85218 6.9102032E-15
v 56.8063393 110.512497 6.76693775E-15
v 49.6211815 112.950241 3.78442788
v 53.3969231 122.631691 7.50902585E-15
v 48.8886833 120.55397 4.62285042
v 40.4308472 119.322922 7.3064215E-15
v 40.5495224 124.36013 7.61486177E-15
v 44.7029724 129.123383 2.18789124
v 49.0344124 127.56028 7.81081353E-15
v 41.53965 133.475113 8.1729938E-15
v 46.687706 132.610901 8.12007542E-15
v 45.0810432 142.590088 8.73112499E-15
v 49.6211815 112.950241 3.78442788
v 42.8559074 117.487694 2.77402949
v 40.4308472 119.322922 7.3064215E-15
v 34.6918945 124.601639 7.62965012E-15
v 34.6814384 124.600807 1.66423285
v 25.0208855 136.409821 8.35269269E-15
v 34.6814384 124.600807 -1.66423285
v 42.8559074 117.487694 -2.77402949
v 49.6211815 112.950241 -3.78442788
v 72.3364334 43.8760033 10.2491159
v 72.0254898 47.019043 10.6074114
v 69.6486206 44.5245895 11.0745831
v 71.5430679 41.2383118 9.45432377
v 66.45784 41.6662292 9.10955811
v 68.8839722 37.9525528 8.20623779
v 63.2896118 36.2747269 6.7464447
v 63.5002975 41.2226295 8.08277798
v 60.8196983 42.1005898 7.50498915
v 57.2869492 39.0764885 5.98432541
v 55.0004196 44.2996254 6.36042118
v 59.2864685 44.8748627 7.3079915
v 59.9963951 48.4289818 7.56757784
v 56.0070457 50.1634293 7.39939737
v 61.9928284 50.104393 7.90375471
v 60.4047318 54.1456299 8.51037693
v 65.6046371 54.4757614 9.3489275
v 65.1085129 50.3914108 8.43998146
v 69.810257 52.1178131 9.47978973
v 67.1040268 49.3179855 8.69520283
v 68.5029907 47.1462059 8.70361328
v 71.8773575 48.3544006 9.35058594
v 68.7804565 44.643898 8.22883892
v 72.0753937 44.2560196 8.79646683
v 69.8983307 42.2173576 7.80852079
v 68.1711349 42.6615219 7.43660784
v 67.5822525 41.7046509 6.96157646
v 73.6146927 85.0854568 9.77160072
v 72.3890991 94.5279007 4.59205008
v 78.7807236 88.6015472 7.90452576
v 84.6009674 73.9272766 9.86312485
v 79.5258942 72.4309235 11.2490501
v 73.0414658 70.6673965 8.24157524
v 80.3394928 59.2303925 10.5352001
v 73.4671402 60.6102524 6.95779991
v 84.8001404 57.8991013 9.32349968
v 69.8139877 49.6614799 5.39584923
v 76.0102158 45.7190552 8.69972515
v 80.4105072 41.9449539 7.12820005
v 63.346344 38.5309486 2.94379997
v 67.8633423 32.9418526 6.21760035
v 71.8218002 27.2086506 4.36964989
v 53.2241173 29.8658142 2.74730015
v 55.3412552 24.0073853 5.09646511
v 57.5142975 18.3970013 3.42002511
v 42.2793045 15.7201004 1.54082251
v 41.8085861 21.0612736 4.63085651
v 41.3126106 26.4379654 1.55271673
v 26.6174946 21.9467564 3.65049982
v 35.1790543 16.3060303 1.02604878
v 29.0975933 26.6585712 0.579088211
v 24.7059307 25.6339607 0.468100011
v 28.0788116 17.737299 0.511274993
v 21.3460197 22.7096786 0.326849997
v 20.5352612 18.361824 2.22362494
v 22.1084709 16.7470284 0.303540766
v 18.0268517 17.4830494 1.0705281E-15
v 15.8598442 12.7009001 7.77705842E-16
v 73.4671402 60.6102524 6.95779991
v 73.0414658 70.6673965 4.32713007E-15
v 73.0414658 70.6673965 8.24157524
v 73.4671402 60.6102524 3.71130747E-15
v 69.8139877 49.6614799 5.39584923
v 73.4671402 60.6102524 -6.95779991
v 73.0414658 70.6673965 -8.24157524
v 69.8139877 49.6614799 -5.39584923
v 69.8139877 49.6614799 3.0408883E-15
v 63.346344 38.5309486 2.94379997
v 63.346344 38.5309486 -2.94379997
v 63.346344 38.5309486 2.35934018E-15
v 53.2241173 29.8658142 1.82875366E-15
v 53.2241173 29.8658142 2.74730015
v 53.2241173 29.8658142 -2.74730015
v 41.3126106 26.4379654 1.55271673
v 41.3126106 26.4379654 -1.55271673
v 41.3126106 26.4379654 1.61885847E-15
v 29.0975933 26.6585712 0.579088211
v 29.0975933 26.6585712 -0.57908839
v 29.0975933 26.6585712 -1.72515691E-08
v 24.7059307 25.6339607 0.468100011
v 24.7059307 25.6339607 -0.468100011
v 24.7059307 25.6339607 1.56962744E-15
v 21.3460197 22.7096786 1.3905669E-15
v 21.3460197 22.7096786 0.326849997
v 21.3460197 22.7096786 -0.326849997
v 18.0268517 17.4830494 1.0705281E-15
v 71.5514984 62.524868 6.87489367
v 64.5569458 52.2578773 5.51929998
v 72.1546936 51.1294365 8.71171856
v 78.2700653 63.324173 10.1234646
v 82.2396927 54.269516 12.2815847
v 90.9075394 62.2380486 13.5341778
v 84.6098404 68.4320908 11.6058397
v 97.2209702 73.645874 12.7655745
v 89.200325 77.3056717 11.9594984
v 91.4273911 88.2754059 12.4242764
v 103.695908 84.7951202 12.084383
v 90.390625 97.0904388 12.4806004
v 112.591469 91.4679794 12.0322018
v 101.91674 104.153458 13.0485554
v 116.24073 99.7649765 12.6382504
v 112.692749 108.533669 13.6019545
v 126.206757 110.936378 14.6726694
v 63.8496513 46.4670448 3.75065351
v 58.5598831 40.6231728 4.27246475
v 63.5986938 37.4435158 4.48417568
v 69.0614548 35.662056 6.60334396
v 71.498558 44.2165947 6.6386342
v 73.5714645 40.9662857 6.23027754
v 74.7776947 35.6790352 9.09294987
v 76.3531799 42.504982 8.20767117
v 79.8740387 38.1409645 10.9225655
v 74.4393082 45.6143188 9.06072807
v 83.6304398 42.8359032 12.6092386
v 80.2396622 47.4422493 10.6812534
v 77.1221695 50.3005142 12.1857224
v 87.1247711 49.5952187 13.7585011
v 85.3503494 52.9370728 12.4236336
v 81.3357925 55.0317993 13.5394812
v 90.3440475 52.0206146 13.2349682
v 86.7070007 56.4946594 13.2497702
v 90.4948502 54.5129547 11.9900074
v 96.8618393 54.3264198 11.3136177
v 90.7020416 56.3370781 12.5080194
v 60.6493187 42.4592018 5.02961636
v 63.5986938 37.4435158 4.48417568
v 58.5598831 40.6231728 4.27246475
v 64.3787918 40.713192 5.26147604
v 63.8496513 46.4670448 3.75065351
v 71.498558 44.2165947 6.6386342
v 70.7654724 40.3640404 9.16458225
v 69.0614548 35.662056 6.60334396
v 74.7776947 35.6790352 9.09294987
v 79.8740387 38.1409645 10.9225655
v 75.7916565 42.3478165 12.4888029
v 74.4393082 45.6143188 9.06072807
v 83.6304398 42.8359032 12.6092386
v 80.3540802 47.6268997 14.3328218
v 77.1221695 50.3005142 12.1857224
v 87.1247711 49.5952187 13.7585011
v 84.985466 52.628685 15.0777731
v 81.3357925 55.0317993 13.5394812
v 90.3440475 52.0206146 13.2349682
v 86.7070007 56.4946594 13.2497702
v 90.4948502 54.5129547 13.6272612
v 96.8618393 54.3264198 11.3136177
v 90.7020416 56.3370781 12.5080194
v 46.2957535 83.2713852 -12.0979319
v 44.5976868 87.4392776 -12.0765285
v 51.6384544 85.4185791 -10.556426
v 41.4424362 91.9787292 -12.3384256
v 49.5085716 92.6481705 -10.4316578
v 42.5544243 95.9549408 -12.3953028
v 49.7209206 98.1021271 -11.3721151
v 44.1571159 98.2772141 -12.4575901
v 46.3856621 101.187302 -12.300333
v 49.0747261 103.321075 -11.7909698
v 51.123394 101.828918 -11.6634197
v 53.0812378 105.711304 -10.7374039
v 56.4766808 107.23748 -2.21445155
v 56.4660721 107.058548 -3.96347904
v 56.8529243 110.048386 -3.77545071
v 56.8063393 110.512497 6.76693775E-15
v 44.8293343 76.3915939 -11.5704765
v 46.0996094 78.9930267 -12.0056171
v 45.558445 79.5296936 -9.50961304
v 46.2957535 83.2713852 -12.0979319
v 44.7407417 82.6325684 -9.52359772
v 41.9121819 85.2169876 -9.52097607
v 40.9214096 88.5802002 -12.2093487
v 51.6384544 85.4185791 -10.556426
v 38.9390259 85.9366913 -9.96479893
v 46.7116547 91.1703186 -7.76260662
v 43.2167282 95.5889206 -4.3815608
v 51.0598793 91.3288727 -4.48967314
v 38.0132217 95.9540405 -4.6144619
v 30.6671982 93.7071152 -4.6144619
v 34.6739998 87.2027893 -12.2804623
v 35.9330368 85.2874908 -10.2455626
v 25.7526226 89.1308441 -4.6144619
v 31.3466225 84.0468369 -12.561244
v 33.5487518 82.9565201 -10.3554268
v 32.4369125 79.5296936 -10.4774952
v 27.1301899 80.0035172 -9.73612785
v 23.1604042 83.8861847 -4.4191494
v 10.1998072 80.0685043 4.90278171E-15
v 22.6660213 76.2458344 -4.6144619
v 30.0079651 77.7778854 -12.939662
v 33.3217926 76.1361847 -10.6739798
v 25.572422 69.4677811 -4.6144619
v 33.1022644 72.0173798 -13.0574837
v 35.8208046 73.7093124 -10.8982153
v 38.9617615 69.9215012 -13.7941275
v 30.8689709 64.5312576 -4.50459862
v 38.9390259 72.8671036 -10.823225
v 38.0132217 62.1656609 -4.56563377
v 42.4639397 73.7966919 -11.5632963
v 45.1318016 68.9815216 -11.0471153
v 43.9839249 62.780838 -4.18720341
v 49.3448372 65.6587219 -4.30585432
v 50.8857269 67.6274261 -5.34456396
v 50.0769691 71.8358459 -9.11846352
v 54.3830338 74.2844009 -8.61390114
v 44.2012062 71.66082 -14.2763224
v 44.8293343 76.3915939 -11.5704765
v 49.8841972 74.5272675 -11.6473846
v 47.3298798 74.553978 -14.7139225
v 46.0996094 78.9930267 -12.0056171
v 49.2224884 79.2119293 -14.9416103
v 51.3882446 78.6588821 -11.7328215
v 46.2957535 83.2713852 -12.0979319
v 48.7252159 84.9021301 -14.2796774
v 51.6384544 85.4185791 -10.556426
v 47.2675934 88.7223053 -14.293438
v 44.5976868 87.4392776 -12.0765285
v 49.5085716 92.6481705 -10.4316578
v 45.6501541 92.7138367 -14.6008444
v 47.1298409 98.6633224 -14.4177914
v 41.4424362 91.9787292 -12.3384256
v 42.5544243 95.9549408 -12.3953028
v 49.7209206 98.1021271 -11.3721151
v 44.1571159 98.2772141 -12.4575901
v 51.123394 101.828918 -11.6634197
v 46.3856621 101.187302 -12.300333
v 49.9901199 102.655861 -12.997508
v 53.0812378 105.711304 -10.7374039
v 49.0747261 103.321075 -11.7909698
v 59.6250343 87.6943741 -11.7189665
v 64.8637924 90.2613907 -10.9205847
v 60.0916977 89.0523987 -10.2485523
v 65.4598389 89.0298996 -12.3761187
v 71.3306961 93.8883743 -10.9528208
v 61.954792 78.1159668 -12.1591244
v 58.0276184 77.9319458 -12.0391588
v 72.2675476 92.8933258 -12.3970699
v 61.3925323 75.9639893 -10.6790257
v 57.77911 75.5295944 -9.89875984
v 64.12677 72.9853134 -12.2656002
v 63.866436 69.5987091 -10.8515921
v 73.9370956 84.2399063 -10.5490351
v 71.7564087 84.1527557 -12.2771139
v 76.247139 93.5710754 -12.2886677
v 77.4325027 93.4207916 -10.5708323
v 75.0436096 96.2332993 -12.2534056
v 74.5356598 96.9149246 -10.7512045
v 78.7101898 100.644684 -12.0636568
v 79.9513397 102.601685 -10.5911074
v 62.7679214 93.1033478 -9.8022089
v 60.0916977 89.0523987 -10.2485523
v 64.3590088 86.0409164 -10.4964037
v 69.2684174 85.9523926 -10.295496
v 68.3765106 97.2072449 -9.05496979
v 74.000206 96.4287109 -8.43903542
v 73.9370956 84.2399063 -10.5490351
v 73.4738617 98.7286911 -8.22574711
v 75.9914246 101.48568 -6.84133911
v 64.8360138 103.162956 -9.337677
v 67.3469162 98.6323929 -9.18417454
v 63.7331429 98.6033173 -9.6116848
v 58.1712265 96.8762131 -8.93229294
v 69.8992081 109.93692 -8.82373905
v 80.3963089 103.374649 -4.2943821
v 58.9670639 106.180313 -7.43745565
v 65.6358871 114.41494 -6.53591394
v 78.553009 111.854462 -9.54519463
v 86.5155334 103.113083 6.31385516E-15
v 88.8321991 114.959457 7.03923639E-15
v 55.6600113 97.2408752 -5.44309092
v 51.0598793 91.3288727 -4.48967314
v 56.4660721 107.058548 -3.96347904
v 56.8529243 110.048386 -3.77545071
v 58.3637352 115.238396 -2.88184261
v 60.260273 119.819221 -2.00050783
v 64.8154297 122.427132 -2.02215695
v 69.4476166 126.15197 -1.3410114
v 73.3987122 117.913399 -6.98179007
v 76.1888351 127.910995 -4.82272339
v 72.4905701 131.21608 -1.00168359
v 80.9467468 127.061508 -4.96670961
v 89.0315323 122.707428 7.51366251E-15
v 88.3474426 131.128372 8.0292972E-15
v 76.4368744 140.585495 -2.86103582
v 74.0602646 139.560486 -0.766068399
v 80.9876556 141.99881 -2.25270081
v 85.7140961 142.059769 8.69865144E-15
v 75.0916748 151.985535 -1.38168967
v 74.1387558 151.417953 9.27167516E-15
v 71.0304413 163.38559 1.00044815E-14
v 77.4464264 152.6922 -1.1263504
v 79.721138 152.722687 9.3515673E-15
v 73.7129669 70.9800873 -10.0606842
v 73.9370956 84.2399063 -10.5490351
v 63.866436 69.5987091 -10.8515921
v 70.5015564 58.0179291 -8.86550808
v 57.4621506 59.1426392 -9.14877892
v 50.5022163 48.4459686 -6.96383047
v 51.0438843 63.9298363 -6.97960043
v 56.5462646 37.9257736 -4.56960869
v 42.6142731 31.0695419 -2.16431952
v 60.0814476 68.9675598 -10.3111868
v 61.3925323 75.9639893 -10.6790257
v 57.77911 75.5295944 -9.89875984
v 52.6304131 68.4170151 -7.61531878
v 54.3830338 74.2844009 -8.61390114
v 50.8857269 67.6274261 -5.34456396
v 49.3448372 65.6587219 -4.30585432
v 43.5308914 62.9023972 3.85166083E-15
v 45.3213272 55.954216 -6.12716913
v 40.5183716 59.4598999 3.64086906E-15
v 39.1301117 52.0931435 -5.05933857
v 36.5513229 56.5681267 3.46379894E-15
v 29.7926216 48.4776154 -4.14302588
v 31.066021 54.5618782 3.34095163E-15
v 26.7012711 54.4478302 3.33396806E-15
v 20.302845 55.4542313 3.39559224E-15
v 40.428772 42.3222504 -5.05370855
v 32.8127708 29.5532398 -1.17660534
v 31.8055725 39.8094673 -4.269485
v 23.9472561 27.9608192 -0.891349435
v 17.027771 48.2259636 -3.16990995
v 12.8208218 60.3358879 3.69450742E-15
v 16.9392872 48.172657 2.94972469E-15
v 18.6402206 44.934063 2.75141818E-15
v 22.9107685 40.9499283 -3.92856193
v 13.588274 39.5276947 2.42037335E-15
v 20.7249546 35.9900894 -3.58429503
v 14.8516359 29.4238873 -3.05491138
v 19.3281651 24.2272434 -0.601013362
v 11.051836 30.5865707 1.87288726E-15
v 11.5428972 20.159996 -1.88154435
v 16.1273327 18.2630844 1.11829144E-15
v 10.023016 20.7647114 1.27147184E-15
v 10.6410894 5.43835163 3.33003009E-16
v 74.5356598 96.9149246 -10.7512045
v 79.9513397 102.601685 -10.5911074
v 77.4325027 93.4207916 -10.5708323
v 71.3306961 93.8883743 -10.9528208
v 73.9370956 84.2399063 -10.5490351
v 69.2684174 85.9523926 -10.295496
v 64.8637924 90.2613907 -10.9205847
v 64.3590088 86.0409164 -10.4964037
v 60.0916977 89.0523987 -10.2485523
v 55.2892609 112.85218 6.9102032E-15
v 56.4766808 107.23748 -2.21445155
v 56.8063393 110.512497 6.76693775E-15
v 49.6211815 112.950241 -3.78442788
v 53.3969231 122.631691 7.50902585E-15
v 48.8886833 120.55397 -4.62285042
v 40.4308472 119.322922 7.3064215E-15
v 40.5495224 124.36013 7.61486177E-15
v 44.7029724 129.123383 -2.18789124
v 49.0344124 127.56028 7.81081353E-15
v 41.53965 133.475113 8.1729938E-15
v 46.687706 132.610901 8.12007542E-15
v 45.0810432 142.590088 8.73112499E-15
v 72.3364334 43.8760033 -10.2491159
v 69.6486206 44.5245895 -11.0745831
v 72.0254898 47.019043 -10.6074114
v 71.5430679 41.2383118 -9.45432377
v 66.45784 41.6662292 -9.10955811
v 68.8839722 37.9525528 -8.20623779
v 63.2896118 36.2747269 -6.7464447
v 63.5002975 41.2226295 -8.08277798
v 60.8196983 42.1005898 -7.50498915
v 57.2869492 39.0764885 -5.98432541
v 55.0004196 44.2996254 -6.36042118
v 59.2864685 44.8748627 -7.3079915
v 59.9963951 48.4289818 -7.56757784
v 56.0070457 50.1634293 -7.39939737
v 61.9928284 50.104393 -7.90375471
v 60.4047318 54.1456299 -8.51037693
v 65.6046371 54.4757614 -9.3489275
v 65.1085129 50.3914108 -8.43998146
v 69.810257 52.1178131 -9.47978973
v 67.1040268 49.3179855 -8.69520283
v 68.5029907 47.1462059 -8.70361328
v 71.8773575 48.3544006 -9.35058594
v 68.7804565 44.643898 -8.22883892
v 72.0753937 44.2560196 -8.79646683
v 69.8983307 42.2173576 -7.80852079
v 68.1711349 42.6615219 -7.43660784
v 67.5822525 41.7046509 -6.96157646
v 73.6146927 85.0854568 -9.77160072
v 78.7807236 88.6015472 -7.90452576
v 72.3890991 94.5279007 -4.59205008
v 84.6009674 73.9272766 -9.86312485
v 79.5258942 72.4309235 -11.2490501
v 73.0414658 70.6673965 -8.24157524
v 80.3394928 59.2303925 -10.5352001
v 73.4671402 60.6102524 -6.95779991
v 84.8001404 57.8991013 -9.32349968
v 69.8139877 49.6614799 -5.39584923
v 76.0102158 45.7190552 -8.69972515
v 80.4105072 41.9449539 -7.12820005
v 63.346344 38.5309486 -2.94379997
v 67.8633423 32.9418526 -6.21760035
v 71.8218002 27.2086506 -4.36964989
v 53.2241173 29.8658142 -2.74730015
v 55.3412552 24.0073853 -5.09646511
v 57.5142975 18.3970013 -3.42002511
v 42.2793045 15.7201004 -1.54082251
v 41.8085861 21.0612736 -4.63085651
v 41.3126106 26.4379654 -1.55271673
v 26.6174946 21.9467564 -3.65049982
v 35.1790543 16.3060303 -1.02604878
v 29.0975933 26.6585712 -0.57908839
v 24.7059307 25.6339607 -0.468100011
v 28.0788116 17.737299 -0.511274993
v 21.3460197 22.7096786 -0.326849997
v 20.5352612 18.361824 -2.22362494
v 22.1084709 16.7470284 -0.303540766
v 18.0268517 17.4830494 1.0705281E-15
v 15.8598442 12.7009001 7.77705842E-16
v 71.5514984 62.524868 -6.87489367
v 72.1546936 51.1294365 -8.71171856
v 64.5569458 52.2578773 -5.51929998
v 78.2700653 63.324173 -10.1234646
v 82.2396927 54.269516 -12.2815847
v 90.9075394 62.2380486 -13.5341778
v 84.6098404 68.4320908 -11.6058397
v 97.2209702 73.645874 -12.7655745
v 89.200325 77.3056717 -11.9594984
v 91.4273911 88.2754059 -12.4242764
v 103.695908 84.7951202 -12.084383
v 90.390625 97.0904388 -12.4806004
v 112.591469 91.4679794 -12.0322018
v 101.91674 104.153458 -13.0485554
v 116.24073 99.7649765 -12.6382504
v 112.692749 108.533669 -13.6019545
v 126.206757 110.936378 -14.6726694
v 63.8496513 46.4670448 -3.75065351
v 63.5986938 37.4435158 -4.48417568
v 58.5598831 40.6231728 -4.27246475
v 69.0614548 35.662056 -6.60334396
v 71.498558 44.2165947 -6.6386342
v 73.5714645 40.9662857 -6.23027754
v 74.7776947 35.6790352 -9.09294987
v 76.3531799 42.504982 -8.20767117
v 79.8740387 38.1409645 -10.9225655
v 74.4393082 45.6143188 -9.06072807
v 83.6304398 42.8359032 -12.6092386
v 80.2396622 47.4422493 -10.6812534
v 77.1221695 50.3005142 -12.1857224
v 87.1247711 49.5952187 -13.7585011
v 85.3503494 52.9370728 -12.4236336
v 81.3357925 55.0317993 -13.5394812
v 90.3440475 52.0206146 -13.2349682
v 86.7070007 56.4946594 -13.2497702
v 90.4948502 54.5129547 -11.9900074
v 96.8618393 54.3264198 -11.3136177
v 90.7020416 56.3370781 -12.5080194
v 63.5986938 37.4435158 -4.48417568
v 60.6493187 42.4592018 -5.02961636
v 58.5598831 40.6231728 -4.27246475
v 64.3787918 40.713192 -5.26147604
v 63.8496513 46.4670448 -3.75065351
v 71.498558 44.2165947 -6.6386342
v 70.7654724 40.3640404 -9.16458225
v 69.0614548 35.662056 -6.60334396
v 74.7776947 35.6790352 -9.09294987
v 79.8740387 38.1409645 -10.9225655
v 75.7916565 42.3478165 -12.4888029
v 74.4393082 45.6143188 -9.06072807
v 83.6304398 42.8359032 -12.6092386
v 80.3540802 47.6268997 -14.3328218
v 77.1221695 50.3005142 -12.1857224
v 87.1247711 49.5952187 -13.7585011
v 84.985466 52.628685 -15.0777731
v 81.3357925 55.0317993 -13.5394812
v 90.3440475 52.0206146 -13.2349682
v 86.7070007 56.4946594 -13.2497702
v 90.4948502 54.5129547 -13.6272612
v 96.8618393 54.3264198 -11.3136177
v 90.7020416 56.3370781 -12.5080194
v 101.128174 84.4154739 8.44804382
v 77.952507 78.296402 2.3312819
v 84.5918808 67.8631973 5.99591112
v 91.3080902 93.4230576 4.16974783
v 72.2261429 90.0725555 2.10054398
v 109.09581 100.551071 9.83485031
v 83.3040085 101.983047 3.52640104
v 100.862396 106.492065 6.37085199
v 113.57299 120.917702 10.0461702
v 93.2014847 112.73851 5.33512354
v 109.086189 122.977997 7.92902708
v 113.999474 138.361328 9.55005455
v 104.596237 125.747231 7.9010458
v 77.952507 78.6198883 5.62906885
v 101.128174 84.4154739 8.44804382
v 84.5918808 67.8631973 5.99591112
v 90.8861771 93.4230576 7.50691319
v 72.2261429 90.0725555 2.10054398
v 109.09581 100.551071 9.83485031
v 83.3040085 101.983047 3.52640104
v 100.862396 106.492065 9.03391933
v 93.2014847 112.73851 5.33512354
v 113.57299 120.917702 10.0461702
v 104.596237 125.747231 7.9010458
v 109.086189 122.977997 10.7081776
v 113.999474 138.361328 9.55005455
v 100.947746 71.1207504 5.79987335
v 82.2976532 71.3141479 1.44704056
v 85.1097336 62.7702904 3.27600694
v 97.3895111 80.2310486 3.86947656
v 80.4926987 80.0707397 2.52969265
v 113.77314 83.7926941 7.89845228
v 91.9242477 88.1392288 4.70146561
v 109.609589 90.6718521 6.19368744
v 124.81884 99.5351028 9.87109947
v 104.741646 98.1467819 6.9432497
v 120.872917 102.874077 8.36821556
v 130.609268 115.550911 11.3605137
v 117.80616 106.918266 8.85032463
v 82.2976532 71.3141479 4.74766207
v 100.947746 71.1207504 5.79987335
v 85.1097336 62.7702904 3.27600694
v 96.6815033 79.9556274 6.95900631
v 80.4926987 80.0707397 2.52969265
v 113.77314 83.7926941 7.89845228
v 91.9242477 88.1392288 4.70146561
v 109.609589 90.6718521 8.44114876
v 124.81884 99.5351028 9.87109947
v 104.741646 98.1467819 6.9432497
v 120.872917 102.874077 10.0839138
v 130.609268 115.550911 11.3605137
v 117.80616 106.918266 8.85032463
v 100.834641 59.5623245 6.45111942
v 84.5480652 63.3151588 2.05590773
v 83.4448242 54.3881721 3.78998709
v 97.8023376 68.1589355 4.8956089
v 88.1051636 73.0030746 4.83278942
v 112.513626 68.0530167 9.05347443
v 108.833954 74.4371262 7.45104551
v 105.299736 80.3742523 8.05929565
v 120.727158 80.6223526 10.4046526
v 118.615494 83.2277985 9.62154675
v 116.596947 85.8242569 9.95131588
v 124.562477 90.2218246 11.6616755
v 84.4137955 63.6592445 5.38514709
v 100.834641 59.5623245 6.45111942
v 83.4448242 54.3881721 3.78998709
v 97.8023376 68.1986084 7.9833312
v 88.1051636 73.0030746 4.83278942
v 112.513626 68.0530167 9.05347443
v 105.299736 80.3742523 8.05929565
v 108.833954 74.6110764 9.77070618
v 120.727158 80.6223526 10.4046526
v 116.596947 85.8242569 9.95131588
v 118.615494 83.2277985 10.8796043
v 124.562477 90.2218246 11.6616755
v 75.6694183 47.5076904 3.44601488
v 93.8121338 44.9129524 5.47245026
v 75.8628998 42.0072098 2.34837389
v 91.6150894 49.2867775 5.90868235
v 75.3943787 54.0221214 2.77750421
v 101.209579 50.7370071 6.86190891
v 88.5155411 56.1179886 4.9650383
v 99.1573486 53.5796471 7.17105293
v 107.88401 61.0161705 8.19937229
v 97.6530991 58.0121994 6.63314772
v 64.5671921 26.6984768 2.6842072
v 68.9508438 20.9453793 2.6865499
v 60.2792435 24.6897411 1.55539441
v 69.5617447 24.9612045 3.42215228
v 75.5382919 21.7238045 3.64588833
v 70.138588 29.2036686 3.02218246
v 75.4137955 25.3415051 4.1410737
v 81.4234467 24.742487 4.48394775
v 75.4577942 28.9365711 3.70307899
v 81.0833893 26.668335 4.86312437
v 85.9342804 28.8008175 5.35994387
v 80.7803497 28.8348427 4.54469252
v 62.6088486 39.2935486 2.40603605E-15
v 67.6534882 41.6375046 1.14675903
v 60.7083969 41.8732147 4.65661287E-08
v 66.9878082 37.932766 0.571810961
v 59.2019958 37.1180725 2.27282635E-15
v 60.9434967 35.5851517 0.363824129
v 71.3650665 31.4133587 2.52945924
v 83.1217957 31.9537048 4.41399908
v 82.6904449 36.8256721 3.21123719
v 82.2697525 41.5173759 3.62302279
v 93.2701492 36.4204292 5.71927929
v 92.5021439 38.8558159 4.9703083
v 91.8375702 42.0617371 5.17157221
v 100.539291 43.0822792 6.47843027
v 46.8126106 31.5488224 -1.16415304E-08
v 48.9184303 24.4496479 0.526054204
v 54.7262192 28.6976814 2.32830679E-08
v 57.6789017 23.5881157 0.396409899
v 55.64254 15.9260836 0.799162865
v 64.4539108 10.7091818 0.626319349
v 62.2647476 27.0390244 1.24924064
v 54.6150513 38.3399353 3.49246001E-08
v 66.002739 13.3611708 0.367663831
v 71.9674683 8.53990936 0.0619921759
v 68.8676605 15.5307245 0.90638411
v 62.2647476 27.0390244 1.24924064
v 49.9110832 37.0301514 0.433529407
v 54.6150513 38.3399353 3.49246001E-08
v 57.7033234 23.7284966 1.70215428
v 46.8126106 31.5488224 -1.16415304E-08
v 47.3565712 36.0710754 2.20871613E-15
v 48.9184303 24.4496479 0.526054204
v 55.64254 15.9260836 0.799162865
v 64.4539108 10.7091818 0.626319349
v 66.002739 13.2940321 1.34111845
v 68.8676605 15.5307245 0.90638411
v 71.9674683 8.53990936 0.0619921759
v 77.952507 78.296402 -2.3312819
v 101.128174 84.4154739 -8.44804382
v 84.5918808 67.8631973 -5.99591112
v 91.3080902 93.4230576 -4.16974783
v 72.2261429 90.0725555 -2.10054398
v 109.09581 100.551071 -9.83485031
v 83.3040085 101.983047 -3.52640104
v 100.862396 106.492065 -6.37085199
v 113.57299 120.917702 -10.0461702
v 93.2014847 112.73851 -5.33512354
v 109.086189 122.977997 -7.92902708
v 113.999474 138.361328 -9.55005455
v 104.596237 125.747231 -7.9010458
v 101.128174 84.4154739 -8.44804382
v 77.952507 78.6198883 -5.62906885
v 84.5918808 67.8631973 -5.99591112
v 90.8861771 93.4230576 -7.50691319
v 72.2261429 90.0725555 -2.10054398
v 109.09581 100.551071 -9.83485031
v 83.3040085 101.983047 -3.52640104
v 100.862396 106.492065 -9.03391933
v 93.2014847 112.73851 -5.33512354
v 113.57299 120.917702 -10.0461702
v 104.596237 125.747231 -7.9010458
v 109.086189 122.977997 -10.7081776
v 113.999474 138.361328 -9.55005455
v 82.2976532 71.3141479 -1.44704056
v 100.947746 71.1207504 -5.79987335
v 85.1097336 62.7702904 -3.27600694
v 97.3895111 80.2310486 -3.86947656
v 80.4926987 80.0707397 -2.52969265
v 113.77314 83.7926941 -7.89845228
v 91.9242477 88.1392288 -4.70146561
v 109.609589 90.6718521 -6.19368744
v 124.81884 99.5351028 -9.87109947
v 104.741646 98.1467819 -6.9432497
v 120.872917 102.874077 -8.36821556
v 130.609268 115.550911 -11.3605137
v 117.80616 106.918266 -8.85032463
v 100.947746 71.1207504 -5.79987335
v 82.2976532 71.3141479 -4.74766207
v 85.1097336 62.7702904 -3.27600694
v 96.6815033 79.9556274 -6.95900631
v 80.4926987 80.0707397 -2.52969265
v 113.77314 83.7926941 -7.89845228
v 91.9242477 88.1392288 -4.70146561
v 109.609589 90.6718521 -8.44114876
v 124.81884 99.5351028 -9.87109947
v 104.741646 98.1467819 -6.9432497
v 120.872917 102.874077 -10.0839138
v 130.609268 115.550911 -11.3605137
v 117.80616 106.918266 -8.85032463
v 84.5480652 63.3151588 -2.05590773
v 100.834641 59.5623245 -6.45111942
v 83.4448242 54.3881721 -3.78998709
v 97.8023376 68.1589355 -4.8956089
v 112.513626 68.0530167 -9.05347443
v 88.1051636 73.0030746 -4.83278942
v 108.833954 74.4371262 -7.45104551
v 120.727158 80.6223526 -10.4046526
v 105.299736 80.3742523 -8.05929565
v 118.615494 83.2277985 -9.62154675
v 124.562477 90.2218246 -11.6616755
v 116.596947 85.8242569 -9.95131588
v 100.834641 59.5623245 -6.45111942
v 84.4137955 63.6592445 -5.38514709
v 83.4448242 54.3881721 -3.78998709
v 97.8023376 68.1986084 -7.9833312
v 88.1051636 73.0030746 -4.83278942
v 112.513626 68.0530167 -9.05347443
v 105.299736 80.3742523 -8.05929565
v 108.833954 74.6110764 -9.77070618
v 120.727158 80.6223526 -10.4046526
v 116.596947 85.8242569 -9.95131588
v 118.615494 83.2277985 -10.8796043
v 124.562477 90.2218246 -11.6616755
v 93.8121338 44.9129524 -5.47245026
v 75.6694183 47.5076904 -3.44601488
v 75.8628998 42.0072098 -2.34837389
v 91.6150894 49.2867775 -5.90868235
v 75.3943787 54.0221214 -2.77750421
v 101.209579 50.7370071 -6.86190891
v 88.5155411 56.1179886 -4.9650383
v 99.1573486 53.5796471 -7.17105293
v 107.88401 61.0161705 -8.19937229
v 97.6530991 58.0121994 -6.63314772
v 46.8126106 31.5488224 1.1641534E-08
v 49.9110832 37.0301514 -0.433529407
v 47.3565712 36.0710754 2.20871613E-15
v 57.7033234 23.7284966 -1.70215428
v 54.6150513 38.3399353 -3.4924593E-08
v 48.9184303 24.4496479 -0.526054204
v 55.64254 15.9260836 -0.799162865
v 62.2647476 27.0390244 -1.24924064
v 64.4539108 10.7091818 -0.626319349
v 66.002739 13.2940321 -1.34111845
v 68.8676605 15.5307245 -0.90638411
v 71.9674683 8.53990936 -0.0619921759
v 68.9508438 20.9453793 -2.6865499
v 64.5671921 26.6984768 -2.6842072
v 60.2792435 24.6897411 -1.55539441
v 69.5617447 24.9612045 -3.42215228
v 70.138588 29.2036686 -3.02218246
v 75.5382919 21.7238045 -3.64588833
v 75.4137955 25.3415051 -4.1410737
v 75.4577942 28.9365711 -3.70307899
v 81.4234467 24.742487 -4.48394775
v 81.0833893 26.668335 -4.86312437
v 80.7803497 28.8348427 -4.54469252
v 85.9342804 28.8008175 -5.35994387
v 67.6534882 41.6375046 -1.14675903
v 62.6088486 39.2935486 2.40603605E-15
v 60.7083969 41.8732147 -4.65661287E-08
v 66.9878082 37.932766 -0.571810961
v 59.2019958 37.1180725 2.27282635E-15
v 60.9434967 35.5851517 -0.363824129
v 71.3650665 31.4133587 -2.52945924
v 83.1217957 31.9537048 -4.41399908
v 82.6904449 36.8256721 -3.21123719
v 82.2697525 41.5173759 -3.62302279
v 93.2701492 36.4204292 -5.71927929
v 92.5021439 38.8558159 -4.9703083
v 91.8375702 42.0617371 -5.17157221
v 100.539291 43.0822792 -6.47843027
v 46.8126106 31.5488224 1.1641534E-08
v 54.7262192 28.6976814 -2.32830644E-08
v 48.9184303 24.4496479 -0.526054204
v 57.6789017 23.5881157 -0.396409899
v 55.64254 15.9260836 -0.799162865
v 64.4539108 10.7091818 -0.626319349
v 62.2647476 27.0390244 -1.24924064
v 54.6150513 38.3399353 -3.4924593E-08
v 66.002739 13.3611708 -0.367663831
v 71.9674683 8.53990936 -0.0619921759
v 68.8676605 15.5307245 -0.90638411
v 107.195938 100.539398 1.3008765
v 131.573593 111.482368 -1.32827759
v 114.456871 90.4812851 -0.933265686
v 124.375343 117.478325 0.276965261
v 141.90239 131.378952 -0.685119569
v 137.576538 134.216248 0.38719821
v 147.707169 151.430298 -0.616454959
v 132.763107 137.867355 -0.751876771
v 116.879227 124.770966 -0.793457031
v 100.093399 110.354767 -0.746440828
v 83.6849518 94.7542038 -0.569534302
v 87.752594 83.0506897 1.83183587
v 68.8854446 80.3797073 -0.576782167
v 70.9801941 70.8235626 1.77256989
v 93.4593048 72.9549942 -0.575256348
v 55.0792274 68.8411636 -0.652272463
v 74.2961197 61.0722122 -0.592041075
v 56.6223564 62.4942665 1.44716311
v 41.2729874 59.4030037 -0.72776258
v 59.0650978 54.6178703 -0.554841936
v 42.2645226 55.5029259 0.54797864
v 42.9315376 50.2639008 -0.517642856
v 114.456871 90.4812851 -0.933265686
v 87.752594 83.0506897 1.83183587
v 107.195938 100.539398 1.3008765
v 93.4593048 72.9549942 -0.575256348
v 87.752594 82.9530334 -2.93733525
v 106.698502 100.035286 -3.08615446
v 131.573593 111.482368 -1.32827759
v 70.9801941 70.8788834 -3.01310945
v 74.2961197 61.0722122 -0.592041075
v 124.298286 117.385246 -2.81526494
v 141.90239 131.378952 -0.685119569
v 56.6223564 62.5409241 -2.58994985
v 59.0650978 54.6178703 -0.554841936
v 42.2645226 55.527668 -1.59301293
v 42.9315376 50.2639008 -0.517642856
v 41.2729874 59.4030037 -0.72776258
v 55.0792274 68.8411636 -0.652272463
v 68.8854446 80.3797073 -0.576782167
v 83.6849518 94.7542038 -0.569534302
v 100.093399 110.354767 -0.746440828
v 116.879227 124.770966 -0.793457031
v 132.763107 137.867355 -0.751876771
v 137.471252 134.216248 -1.71166098
v 147.707169 151.430298 -0.616454959
v 77.8135452 57.3831139 3.51370252E-15
v 66.0343246 52.1133423 0.666258276
v 67.4144287 57.9877129 0.0308513641
v 76.6265182 50.2306595 0.936904907
v 64.9493179 47.0964355 -0.352144241
v 75.4487686 43.2756805 2.64987121E-15
v 90.9838943 41.6370201 2.54953233E-15
v 91.3248825 49.7592049 1.08805728
v 91.7213669 57.2105637 3.50313663E-15
v 104.071762 42.9701729 2.63116449E-15
v 106.354225 51.9274788 1.01436353
v 113.047371 46.935215 2.87395293E-15
v 105.719482 58.7225151 3.59571712E-15
v 121.938995 53.247261 3.26045449E-15
v 120.487686 56.7778778 0.709440172
v 119.650925 60.7980118 -0.0144958496
v 130.220459 62.6199379 3.83436526E-15
v 75.4487686 43.2756805 2.64987121E-15
v 66.0343246 52.1133423 -0.708315253
v 64.9493179 47.0964355 -0.352144241
v 76.6265182 50.2306595 -0.936904907
v 67.4144287 57.9877129 0.0308513641
v 90.9838943 41.6370201 2.54953233E-15
v 77.8135452 57.3831139 3.51370252E-15
v 91.3248825 49.7592049 -1.08805728
v 104.071762 42.9701729 2.63116449E-15
v 91.7213669 57.2105637 3.50313663E-15
v 106.354225 51.9274788 -1.01436353
v 113.047371 46.935215 2.87395293E-15
v 105.719482 58.7225151 3.59571712E-15
v 121.938995 53.247261 3.26045449E-15
v 120.487686 56.7778778 -0.709440172
v 119.650925 60.7980118 -0.0144958496
v 130.220459 62.6199379 3.83436526E-15
v 65.2873917 31.8033524 1.94739354E-15
v 57.811676 38.4276123 -0.356550336
v 57.3573837 36.4992256 -0.0245094299
v 66.3921967 36.4929924 -0.807490289
v 58.3695221 39.8438911 -0.0245094299
v 67.7487946 39.9372292 2.44545019E-15
v 75.5331573 35.0122032 -0.892003655
v 74.3850937 29.2641697 1.79191366E-15
v 76.5428925 40.2557907 2.46495609E-15
v 88.0541 29.1020546 1.78198686E-15
v 88.0962219 35.0774155 -0.885678053
v 88.3787537 41.3203468 2.53014141E-15
v 101.724495 33.0706902 2.02499574E-15
v 100.654518 37.0398026 -0.619414985
v 100.198135 42.2023621 2.58414908E-15
v 110.447899 38.7320099 2.37165181E-15
v 109.553146 40.7399483 -0.38358435
v 109.020638 42.8119049 2.62147274E-15
v 114.952423 43.5718613 2.66800682E-15
v 67.7487946 39.9372292 2.44545019E-15
v 57.811676 38.4276123 0.307531476
v 58.3695221 39.8438911 -0.0245094299
v 66.3921967 36.4929924 0.807490289
v 57.3573837 36.4992256 -0.0245094299
v 65.2873917 31.8033524 1.94739354E-15
v 75.5331573 35.0122032 0.892003655
v 74.3850937 29.2641697 1.79191366E-15
v 76.5428925 40.2557907 2.46495609E-15
v 88.0541 29.1020546 1.78198686E-15
v 88.0962219 35.0774155 0.885678053
v 88.3787537 41.3203468 2.53014141E-15
v 101.724495 33.0706902 2.02499574E-15
v 100.654518 37.0398026 0.619414985
v 100.198135 42.2023621 2.58414908E-15
v 110.447899 38.7320099 2.37165181E-15
v 109.553146 40.7399483 0.38358435
v 109.020638 42.8119049 2.62147274E-15
v 114.952423 43.5718613 2.66800682E-15
v 113.428543 25.5356007 1.56360461E-15
v 107.465508 25.9848003 0.485200018
v 107.465508 25.9848003 -0.485200018
v 102.069389 27.1906967 0.799649954
v 102.069389 27.1906967 -0.799649954
v 95.8083954 29.215189 -0.866900027
v 95.8083954 29.215189 0.866900027
v 89.9877396 30.5800591 -0.866900027
v 89.9877396 30.5800591 0.866900027
v 84.9970016 30.5388927 0.866900027
v 84.9970016 30.5388927 -0.866900027
v 73.1855011 28.6560001 -0.393649995
v 73.1855011 28.6560001 0.393649995
v 106.730759 22.7458267 0.485200018
v 113.428543 25.5356007 1.56360461E-15
v 106.730759 22.7458267 -0.485200018
v 98.6817932 21.4915791 0.799649954
v 98.6817932 21.4915791 -0.799649954
v 91.2980881 22.2789497 -0.866900027
v 91.2980881 22.2789497 0.866900027
v 91.6594543 24.4845486 -0.866900027
v 91.6594543 24.4845486 0.866900027
v 90.9163361 25.9440784 0.866900027
v 90.9163361 25.9440746 -0.866900027
v 89.5536957 26.7139072 -0.866900027
v 89.5536957 26.7139072 0.866900027
v 87.8489609 26.4037361 0.866900027
v 87.8489609 26.4037361 -0.866900027
v 86.6756058 25.199398 -0.866900027
v 86.6756058 25.199398 0.866900027
v 86.3860931 23.22995 -0.866900027
v 86.3860931 23.22995 0.866900027
v 73.1855011 28.6560001 -0.393649995
v 73.1855011 28.6560001 0.393649995
v 168.299896 46.9573517 2.87530818E-15
v 160.537857 45.1792717 0.500999987
v 160.537857 45.1792717 -0.500999987
v 156.081741 44.5048599 0.759174943
v 156.081741 44.5048561 -0.759174943
v 151.625641 44.2996483 1.01734996
v 151.625641 44.2996483 -1.01734996
v 141.978119 44.1728706 1.27515006
v 141.978119 44.1728706 -1.27515006
v 133.128601 43.84021 -1.20518875
v 133.128601 43.84021 1.20518875
v 127.58905 41.9707794 1.21631086
v 127.58905 41.9707794 -1.21631086
v 110.429802 33.6901016 -0.272300005
v 110.429802 33.6901016 0.272300005
v 161.811249 41.328186 0.500999987
v 168.299896 46.9573517 2.87530818E-15
v 161.811249 41.328186 -0.500999987
v 156.414734 38.0100517 0.759174943
v 156.414734 38.0100517 -0.759174943
v 151.018219 35.5044479 -1.01734996
v 151.018219 35.5044479 1.01734996
v 144.837463 33.5596161 1.14625001
v 144.837463 33.5596161 -1.14625001
v 138.656693 32.6798515 -1.27515006
v 138.656693 32.6798515 1.27515006
v 138.371338 35.621418 -1.27515006
v 138.371338 35.621418 1.27515006
v 136.498825 37.6684647 1.27515006
v 136.498825 37.6684647 -1.27515006
v 134.007553 38.122879 -1.27515006
v 134.007553 38.122879 1.27515006
v 131.944305 36.879261 1.27515006
v 131.944321 36.879261 -1.27515006
v 130.843124 34.7834358 -1.27515006
v 130.843124 34.7834358 1.27515006
v 131.343155 31.8609009 -1.27515006
v 131.343155 31.8609009 1.27515006
v 119.357445 32.3508148 0.568050027
v 119.357445 32.3508148 -0.568050027
v 110.429802 33.6901016 -0.272300005
v 110.429802 33.6901016 0.272300005
v 209.076981 170.24614 1.04245709E-14
v 200.006912 159.124359 0.829999983
v 200.006912 159.124359 -0.829999983
v 192.520767 151.562805 1.51901793
v 192.520767 151.562805 -1.51777828
v 184.24852 144.705093 2.16562366
v 184.24852 144.705093 -1.98206532
v 169.311111 134.955292 2.40250015
v 169.311111 134.955292 -2.40250015
v 155.482208 124.588844 2.40250015
v 155.482208 124.588844 -2.40250015
v 132.126251 93.4774704 1.09095001
v 132.126251 93.4774704 -1.09095001
v 206.12764 153.621597 0.810489774
v 209.076981 170.24614 1.04245709E-14
v 206.12764 153.621597 -0.810489774
v 201.164291 142.051071 1.30657804
v 201.164291 142.051071 -1.30657804
v 193.619202 130.609161 -1.98168015
v 193.619202 130.609161 1.98090541
v 179.369537 117.234299 -2.40250015
v 179.369537 117.234299 2.40250015
v 174.626846 122.465805 2.40250015
v 174.626846 122.465805 -2.40250015
v 167.788116 122.073219 -2.40250015
v 167.788116 122.073219 2.40250015
v 164.42981 117.793968 2.40250015
v 164.42981 117.782715 -2.40250015
v 164.925293 112.14579 2.40250015
v 164.925293 112.140167 -2.40250015
v 168.523651 108.444641 -2.40250015
v 168.523651 108.444641 2.40250015
v 132.126251 93.4774704 -1.09095001
v 132.126251 93.4774704 1.09095001
v 201.108932 108.869598 6.66634072E-15
v 190.107269 101.570908 0.856314898
v 190.118622 101.576149 -0.855557144
v 183.371979 98.1933517 1.23556364
v 183.377655 98.1959839 -1.23518467
v 176.636688 95.2934036 1.61481237
v 176.636688 95.2934036 -1.61481237
v 160.188309 88.8974457 1.98174989
v 160.188309 88.8974457 -1.98174989
v 148.258438 82.916275 1.98174989
v 148.258438 82.916275 -1.98174989
v 124.188148 57.9062538 -0.899900019
v 124.188148 57.9062538 0.899900019
v 194.183548 95.9418335 0.825514436
v 201.108932 108.869598 6.66634072E-15
v 194.189743 95.9490128 -0.825049996
v 188.361221 89.0277405 1.19819474
v 188.364319 89.0313339 -1.19796264
v 180.951996 81.4487381 -1.57087505
v 180.951996 81.4487381 1.57087505
v 165.886292 72.0552521 -1.98174989
v 165.886292 72.0552521 1.98174989
v 163.494202 76.265564 -1.98174989
v 163.494202 76.265564 1.98174989
v 159.548416 77.9890213 1.98174989
v 159.548431 77.9890213 -1.98174989
v 155.602646 76.8697586 -1.98174989
v 155.602646 76.8697586 1.98174989
v 153.702698 74.1263199 1.98174989
v 153.702698 74.1263199 -1.98174989
v 153.207321 71.0136261 -1.98174989
v 153.207321 71.0136261 1.98174989
v 155.386856 66.8164673 -1.98174989
v 155.386856 66.8164673 1.98174989
v 138.264664 60.9235764 1.28499985
v 138.264664 60.9235764 -1.28499985
v 124.188148 57.9062538 -0.899900019
v 124.188148 57.9062538 0.899900019
v 124.188148 57.9062538 -0.899900019
v 138.264664 60.9235764 -1.28499985
v 137.746017 62.4185982 -2.25117564
v 148.258438 82.916275 -1.98174989
v 150.02739 69.0669022 -3.95055008
v 155.386856 66.8164673 -1.98174989
v 153.207321 71.0136261 -1.98174989
v 149.821869 73.847702 -3.99694991
v 153.702698 74.1263199 -1.98174989
v 155.602646 76.8697586 -1.98174989
v 153.291351 79.9563599 -4.05354977
v 160.188309 88.8974457 -1.98174989
v 158.397095 81.8728638 -4.07887459
v 159.548431 77.9890213 -1.98174989
v 163.494202 76.265564 -1.98174989
v 163.502838 81.2430649 -4.10419989
v 176.636688 95.2934036 -1.61481237
v 167.788498 78.1009521 -4.12839985
v 165.886292 72.0552521 -1.98174989
v 180.951996 81.4487381 -1.57087505
v 178.732376 85.9756317 -3.43126321
v 188.364319 89.0313339 -1.19796264
v 186.358765 93.0692291 -2.46076465
v 183.377655 98.1959839 -1.23518467
v 194.189743 95.9490128 -0.825049996
v 192.290741 98.6618576 -1.73676646
v 190.118622 101.576149 -0.855557144
v 201.108932 108.869598 6.66634072E-15
v 132.126251 93.4774704 -1.09095001
v 168.523651 108.444641 -2.40250015
v 161.116348 109.267654 -4.7892499
v 164.925293 112.140167 -2.40250015
v 164.42981 117.782715 -2.40250015
v 159.971786 115.269806 -4.84544992
v 155.482208 124.588844 -2.40250015
v 163.541977 124.131409 -4.91410065
v 167.788116 122.073219 -2.40250015
v 169.311111 134.955292 -2.40250015
v 174.126129 128.643341 -5.71105003
v 174.626846 122.465805 -2.40250015
v 184.24852 144.705093 -1.98206532
v 180.098938 128.149109 -6.31990004
v 179.369537 117.234299 -2.40250015
v 193.619202 130.609161 -1.98168015
v 189.568039 135.871155 -4.7842164
v 201.164291 142.051071 -1.30657804
v 197.709671 146.180267 -3.05188513
v 192.520767 151.562805 -1.51777828
v 206.12764 153.621597 -0.810489774
v 203.406143 156.705307 -1.71364999
v 200.006912 159.124359 -0.829999983
v 209.076981 170.24614 1.04245709E-14
v 130.843124 34.7834358 -1.27515006
v 129.220795 33.7451019 -2.54195023
v 131.343155 31.8609009 -1.27515006
v 130.309662 37.6562805 -2.58090019
v 131.944321 36.879261 -1.27515006
v 119.357445 32.3508148 -0.568050027
v 134.007553 38.122879 -1.27515006
v 119.510567 33.2441139 -1.09619379
v 110.429802 33.6901016 -0.272300005
v 127.58905 41.9707794 -1.21631086
v 133.800644 39.9378204 -2.60820007
v 133.128601 43.84021 -1.20518875
v 141.978119 44.1728706 -1.27515006
v 138.752289 38.8011513 -2.6326499
v 136.498825 37.6684647 -1.27515006
v 138.371338 35.621418 -1.27515006
v 140.799255 35.2434998 -2.65639997
v 138.656693 32.6798515 -1.27515006
v 144.837463 33.5596161 -1.14625001
v 151.018219 35.5044479 -1.01734996
v 150.929276 38.8233833 -2.03020787
v 151.625641 44.2996483 -1.01734996
v 156.414734 38.0100517 -0.759174943
v 155.991943 40.7886086 -1.58620203
v 156.081741 44.5048561 -0.759174943
v 161.811249 41.328186 -0.500999987
v 161.054596 43.2459335 -0.995812118
v 160.537857 45.1792717 -0.500999987
v 168.299896 46.9573517 2.87530818E-15
v 86.6756058 25.199398 -0.866900027
v 85.4917984 24.4133511 -1.72815001
v 86.3860931 23.22995 -0.866900027
v 73.1855011 28.6560001 -0.393649995
v 86.7103424 27.2417488 -1.74844992
v 87.8489609 26.4037361 -0.866900027
v 84.9970016 30.5388927 -0.866900027
v 89.5536957 26.7139072 -0.866900027
v 89.6651001 28.0899563 -1.77320004
v 89.9877396 30.5800591 -0.866900027
v 95.8083954 29.215189 -0.866900027
v 92.7189865 26.1200485 -1.79535007
v 90.9163361 25.9440746 -0.866900027
v 91.6594543 24.4845486 -0.866900027
v 92.5935287 23.4153366 -1.80594993
v 91.2980881 22.2789497 -0.866900027
v 98.6817932 21.4915791 -0.799649954
v 100.044479 23.1990509 -1.66810012
v 102.069389 27.1906967 -0.799649954
v 106.730759 22.7458267 -0.485200018
v 107.103226 24.3031902 -1.00175011
v 107.465508 25.9848003 -0.485200018
v 113.428543 25.5356007 1.56360461E-15
v 69.4676132 32.1665726 1.96963451E-15
v 60.0817566 35.3492813 0.715094864
v 62.143528 37.3429947 2.28659911E-15
v 52.5578003 44.6187782 2.73211218E-15
v 56.4897308 32.9430962 2.01718292E-15
v 66.5486374 28.9761028 0.82140702
v 63.4465294 24.6434898 1.50897861E-15
v 73.7207031 18.2564278 1.11788359E-15
v 75.4147949 22.5127296 0.687276125
v 78.4032974 25.5826511 1.56648558E-15
v 84.7638931 15.5188246 9.5025397E-16
v 85.3959045 18.0720024 0.375160724
v 86.3612671 19.9825974 1.22358102E-15
v 92.8456802 15.6333952 9.57269521E-16
v 129.612564 77.7095642 1.49650574
v 147.85585 81.1944733 -1.26190197
v 130.676346 71.9816513 2.12203383
v 111.963692 75.2951965 3.04784775
v 132.03331 66.6581345 0.979185104
v 113.044319 67.4317322 3.6640861
v 99.888443 74.1057663 2.58789039
v 113.869789 60.1503448 1.99279785
v 98.7676544 66.2305222 3.48226905
v 87.4230347 73.2800446 2.14233518
v 97.5615921 58.1885986 1.77001953
v 86.260643 68.8173523 3.09407139
v 72.3422852 74.2144012 1.41754353
v 84.6269989 62.9655838 1.6819011
v 144.556351 99.5253906 -1.10359192
v 159.943756 105.416214 -1.4770509
v 146.381302 95.0285263 -0.306062877
v 126.183319 91.6793213 0.782775879
v 148.821091 90.46875 -1.21955872
v 128.273422 82.8482895 2.20608997
v 112.376747 86.2973251 1.97906494
v 130.694794 74.5382462 0.144195557
v 113.504349 76.4888535 3.00174999
v 98.456192 82.8989944 1.91726685
v 114.788452 67.248764 0.909423828
v 98.6747665 74.6284103 2.78060055
v 98.5724182 66.0968094 0.432395935
v 84.8145981 80.8949814 1.95999146
v 83.0164948 70.3574371 0.814819336
v 83.7248917 75.7828979 2.45069551
v 69.8329926 79.8593521 1.40838611
v 83.7248917 75.7828979 0.0288574956
v 71.7224426 80.0802917 1.30923319
v 72.514328 71.6629715 -0.757743597
v 50.3713264 75.8125153 -1.2342453
v 70.874115 86.2052689 -0.146556929
v 91.6974869 96.7307663 0.817871094
v 92.9643936 86.8133545 2.53918481
v 94.1470184 74.7126617 0.187683105
v 119.379822 85.1699448 0.231933564
v 115.935555 96.2846909 3.07475305
v 112.30587 106.023552 0.922584534
v 141.86644 102.046204 -0.820922852
v 137.491394 109.737694 0.80704093
v 133.228653 116.778198 -0.698852539
v 153.885406 117.318794 -1.01470947
v 150.695145 120.88356 -0.223024279
v 146.479019 124.862579 -1.01470947
v 160.657837 135.058136 -1.12266541
v 49.6077957 12.9208117 7.91171548E-16
v 43.5791893 23.5670395 -0.458816499
v 46.5467377 24.0496864 1.47261855E-15
v 47.4617081 30.2127781 5.82076831E-09
v 47.6762428 11.3264189 -0.339317352
v 54.424511 5.11833 3.13407352E-16
v 53.6860542 4.53898621 -0.169372559
v 55.5002289 4.30235434 2.63443208E-16
v 56.6462822 2.28840709 -0.170135498
v 44.2819557 34.7470474 -0.634770215
v 55.3818588 5.51284504 3.37564414E-16
v 56.3159523 5.62275028 -0.169372559
v 55.1129456 14.8786497 -0.339317352
v 51.6287804 13.8861599 -1.16415322E-08
v 47.4590988 34.6908989 -0.105743527
v 50.0150909 34.4679489 -0.634770215
v 52.0038147 25.0502415 -0.549262881
v 48.3975487 24.3739204 1.49247226E-15
v 60.7083969 41.8732147 -4.65661287E-08
v 66.9450912 38.0533104 -2.1256094
v 67.6534882 41.6375046 -1.14675903
v 58.3310051 40.661335 2.48978855E-15
v 59.2019958 37.1180725 2.27282635E-15
v 60.9434967 35.5851517 -0.363824129
v 71.3650665 31.4133587 -2.52945924
v 83.1217957 31.9537048 -4.41399908
v 82.2697525 41.5173759 -3.62302279
v 82.6904449 36.8989143 -4.71607876
v 93.2701492 36.4204292 -5.71927929
v 92.5021439 38.9839897 -5.85649204
v 91.8375702 42.0617371 -5.17157221
v 100.539291 43.0822792 -6.47843027
v 60.7083969 41.8732147 4.65661287E-08
v 66.9450912 38.0533104 2.1256094
v 58.3310051 40.661335 2.48978855E-15
v 67.6534882 41.6375046 1.14675903
v 59.2019958 37.1180725 2.27282635E-15
v 60.9434967 35.5851517 0.363824129
v 71.3650665 31.4133587 2.52945924
v 83.1217957 31.9537048 4.41399908
v 82.2697525 41.5173759 3.62302279
v 82.6904449 36.8989143 4.71607876
v 93.2701492 36.4204292 5.71927929
v 92.5021439 38.9839897 5.85649204
v 91.8375702 42.0617371 5.17157221
v 100.539291 43.0822792 6.47843027
v 50.0150909 34.4679489 0.634770215
v 47.4590988 34.6908989 0.105743527
v 47.4617081 30.2127781 -5.82076431E-09
v 44.2819557 34.7470474 0.634770215
v 52.0038147 25.0502415 0.549262881
v 43.5791893 23.5670395 0.458816499
v 48.3975487 24.3739204 1.49247226E-15
v 46.5467377 24.0496864 1.47261855E-15
v 51.6287804 13.8861599 1.1641534E-08
v 49.6077957 12.9208117 7.91171548E-16
v 55.1129456 14.8786497 0.339317352
v 47.6762428 11.3264189 0.339317352
v 54.424511 5.11833 3.13407352E-16
v 53.6860542 4.53898621 0.169372559
v 55.5002289 4.30235434 2.63443208E-16
v 56.6462822 2.28840709 0.170135498
v 55.3818588 5.51284504 3.37564414E-16
v 56.3159523 5.62275028 0.169372559
v 22.1084709 16.7469826 1.02545694E-15
v 28.0788116 17.737299 -0.511274993
v 22.1084709 16.7470284 -0.303540766
v 15.8598442 12.7009001 7.77705842E-16
v 22.1084709 16.7470284 0.303540766
v 28.0788116 17.737299 0.511274993
v 28.0869122 17.7383518 1.08616072E-15
v 35.1830978 16.3066711 9.98495673E-16
v 35.1790543 16.3060303 -1.02604878
v 35.1790543 16.3060303 1.02604878
v 42.2792816 15.7203274 9.62592382E-16
v 42.2793045 15.7201004 -1.54082251
v 42.2793045 15.7201004 1.54082251
v 57.5142975 18.3970013 1.12649135E-15
v 57.5142975 18.3970013 -3.42002511
v 57.5142975 18.3970013 3.42002511
v 71.8218002 27.2086506 1.66604933E-15
v 71.8218002 27.2086506 -4.36964989
v 71.8218002 27.2086506 4.36964989
v 80.5934448 41.8450012 2.56226725E-15
v 80.4105072 41.9449539 -7.12820005
v 80.4105072 41.9449539 7.12820005
v 85.0340042 57.8795509 3.54410041E-15
v 84.8001404 57.8991013 -9.32349968
v 84.7178726 73.9174957 4.52614131E-15
v 84.8001404 57.8991013 9.32349968
v 84.6009674 73.9272766 -9.86312485
v 84.6009674 73.9272766 9.86312485
v 78.7807236 88.6015472 -7.90452576
v 78.7807236 88.6015472 7.90452576
v 78.7807236 88.6015472 5.42528033E-15
v 72.3890991 94.5279007 -4.59205008
v 72.3890991 94.5279007 4.59205008
v 72.3890991 94.5279007 5.78816534E-15
v 49.6696587 92.9260101 -9.40485859
v 51.0598793 91.3288727 -4.48967314
v 46.7116547 91.1703186 -7.76260662
v 51.6384544 85.4185791 -10.556426
v 58.1712265 96.8762131 -8.93229294
v 53.7879639 90.0428467 -12.0739937
v 53.4365158 84.8395844 -12.3218718
v 51.3882446 78.6588821 -11.7328215
v 57.6818237 97.4521561 -10.3020153
v 57.9798203 93.8908005 -11.9257898
v 64.3611603 99.0964127 -10.3078785
v 63.7331429 98.6033173 -9.6116848
v 67.8986816 99.2518158 -10.2482166
v 67.3469162 98.6323929 -9.18417454
v 73.4738617 98.7286911 -8.22574711
v 59.6250343 87.6943741 -11.7189665
v 64.7499619 97.322113 -11.5592413
v 63.1753693 93.1315155 -11.135149
v 60.0916977 89.0523987 -10.2485523
v 58.0276184 77.9319458 -12.0391588
v 62.7679214 93.1033478 -9.8022089
v 68.4470749 98.0472717 -11.0509005
v 68.4696045 96.7389221 -10.3195276
v 68.3765106 97.2072449 -9.05496979
v 73.9203339 98.8762054 -10.2373819
v 52.8544655 78.7735367 -12.1834364
v 58.0627518 75.2983551 -12.2258301
v 57.77911 75.5295944 -9.89875984
v 54.3830338 74.2844009 -8.61390114
v 51.1030617 74.1925812 -12.2057753
v 49.8841972 74.5272675 -11.6473846
v 45.1318016 68.9815216 -11.0471153
v 51.7036209 72.1301498 -12.0005932
v 50.0769691 71.8358459 -9.11846352
v 43.2167282 95.5889206 -4.3815608
v 36.0249939 97.4293594 -2.99104142
v 35.9719734 97.5304718 5.97201977E-15
v 43.2167282 95.6316376 5.85574925E-15
v 27.8480568 93.6205292 5.73260337E-15
v 43.2167282 95.5889206 4.3815608
v 36.0249939 97.4293594 2.99104142
v 56.4660721 107.058548 -3.96347904
v 43.4698715 104.21431 -6.09169292
v 55.6600113 97.2408752 -5.44309092
v 49.6211815 112.950241 -3.78442788
v 51.0598793 91.3288727 -4.48967314
v 43.2167282 95.5889206 -4.3815608
v 36.0249939 97.4293594 -2.99104142
v 42.8559074 117.487694 -2.77402949
v 36.4164124 106.751373 -6.65376186
v 27.8480568 93.6205292 5.73260337E-15
v 30.3641701 108.151367 6.62236108E-15
v 31.7600212 121.491936 -2.84568763
v 34.6814384 124.600807 -1.66423285
v 28.5781536 121.51693 7.44076601E-15
v 25.0208855 136.409821 8.35269269E-15
v 42.4639397 73.7966919 -11.5632963
v 38.911953 75.0132065 -13.6028366
v 38.9390259 72.8671036 -10.823225
v 35.8208046 73.7093124 -10.8982153
v 42.0386086 76.4994049 -13.601737
v 38.8655052 79.3961563 -15.0461378
v 44.8293343 76.3915939 -11.5704765
v 35.7001534 76.3434601 -13.6018867
v 33.3217926 76.1361847 -10.6739798
v 42.9726524 79.3508072 -13.5986357
v 45.558445 79.5296936 -9.50961304
v 44.7407417 82.6325684 -9.52359772
v 34.687355 79.3508072 -13.5986357
v 32.4369125 79.5296936 -10.4774952
v 33.5487518 82.9565201 -10.3554268
v 41.6840553 82.207756 -13.6271868
v 41.9121819 85.2169876 -9.52097607
v 36.1207047 82.4336624 -13.5981369
v 35.9330368 85.2874908 -10.2455626
v 38.911953 83.3326569 -13.5986357
v 38.9390259 85.9366913 -9.96479893
v 49.6696587 92.9260101 9.40485859
v 46.7116547 91.1703186 7.76260662
v 51.0598793 91.3288727 4.48967314
v 51.6384544 85.4185791 10.556426
v 58.1712265 96.8762131 8.93229294
v 53.7879639 90.0428467 12.0739937
v 53.4365158 84.8395844 12.3218718
v 51.3882446 78.6588821 11.7328215
v 57.6818237 97.4521561 10.3020153
v 57.9798203 93.8908005 11.9257898
v 64.3611603 99.0964127 10.3078785
v 63.7331429 98.6033173 9.6116848
v 67.8986816 99.2518158 10.2482166
v 67.3469162 98.6323929 9.18417454
v 73.4738617 98.7286911 8.22574711
v 59.6250343 87.6943741 11.7189665
v 64.7499619 97.322113 11.5592413
v 63.1753693 93.1315155 11.135149
v 60.0916977 89.0523987 10.2485523
v 62.7679214 93.1033478 9.8022089
v 58.0276184 77.9319458 12.0391588
v 68.4696045 96.7389221 10.3195276
v 68.3765106 97.2072449 9.05496979
v 68.4470749 98.0472717 11.0509005
v 73.9203339 98.8762054 10.2373819
v 52.8544655 78.7735367 12.1834364
v 58.0627518 75.2983551 12.2258301
v 57.77911 75.5295944 9.89875984
v 54.3830338 74.2844009 8.61390114
v 51.7036209 72.1301498 12.0005932
v 50.0769691 71.8358459 9.11846352
v 45.1318016 68.9815216 11.0471153
v 51.1030617 74.1925812 12.2057753
v 49.8841972 74.5272675 11.6473846
v 43.2167282 95.5889206 4.3815608
v 38.0132217 95.9540405 5.8754902E-15
v 43.2167282 95.6316376 5.85574925E-15
v 38.0132217 95.9540405 4.6144619
v 43.2167282 95.5889206 -4.3815608
v 38.0132217 95.9540405 -4.6144619
v 30.6671982 93.7071152 4.6144619
v 30.6671982 93.7071152 -4.6144619
v 30.6671982 93.7071152 5.73790622E-15
v 25.7526226 89.1308441 4.6144619
v 25.7526226 89.1308441 -4.6144619
v 25.7526226 89.1308441 5.45768993E-15
v 23.1604042 83.8861847 4.4191494
v 23.1604042 83.8861847 -4.4191494
v 23.1604042 83.8861847 5.13654628E-15
v 10.1998072 80.0685043 4.90278171E-15
v 56.4660721 107.058548 3.96347904
v 43.4698715 104.21431 6.09169292
v 49.6211815 112.950241 3.78442788
v 55.6600113 97.2408752 5.44309092
v 51.0598793 91.3288727 4.48967314
v 43.2167282 95.5889206 4.3815608
v 36.0249939 97.4293594 2.99104142
v 42.8559074 117.487694 2.77402949
v 36.4164124 106.751373 6.65376186
v 27.8480568 93.6205292 5.73260337E-15
v 30.3641701 108.151367 6.62236108E-15
v 31.7600212 121.491936 2.84568763
v 34.6814384 124.600807 1.66423285
v 28.5781536 121.51693 7.44076601E-15
v 25.0208855 136.409821 8.35269269E-15
v 38.911953 75.0132065 13.6028366
v 42.4639397 73.7966919 11.5632963
v 38.9390259 72.8671036 10.823225
v 35.8208046 73.7093124 10.8982153
v 42.0386086 76.4994049 13.601737
v 38.8655052 79.3961563 15.0461378
v 44.8293343 76.3915939 11.5704765
v 35.7001534 76.3434601 13.6018867
v 33.3217926 76.1361847 10.6739798
v 42.9726524 79.3508072 13.5986357
v 45.558445 79.5296936 9.50961304
v 44.7407417 82.6325684 9.52359772
v 34.687355 79.3508072 13.5986357
v 32.4369125 79.5296936 10.4774952
v 33.5487518 82.9565201 10.3554268
v 41.6840553 82.207756 13.6271868
v 41.9121819 85.2169876 9.52097607
v 36.1207047 82.4336624 13.5981369
v 35.9330368 85.2874908 10.2455626
v 38.911953 83.3326569 13.5986357
v 38.9390259 85.9366913 9.96479893
v 124.188148 57.9062538 0.899900019
v 137.746017 62.4185982 2.25117564
v 138.264664 60.9235764 1.28499985
v 148.258438 82.916275 1.98174989
v 150.02739 69.0669022 3.95055008
v 155.386856 66.8164673 1.98174989
v 153.207321 71.0136261 1.98174989
v 149.821869 73.847702 3.99694991
v 153.702698 74.1263199 1.98174989
v 155.602646 76.8697586 1.98174989
v 153.291351 79.9563599 4.05354977
v 158.397095 81.8728638 4.07887459
v 159.548416 77.9890213 1.98174989
v 160.188309 88.8974457 1.98174989
v 163.494202 76.265564 1.98174989
v 163.502838 81.2430649 4.10419989
v 176.636688 95.2934036 1.61481237
v 167.788498 78.1009521 4.12839985
v 165.886292 72.0552521 1.98174989
v 180.951996 81.4487381 1.57087505
v 178.732376 85.9756317 3.43126321
v 188.361221 89.0277405 1.19819474
v 186.3508 93.0614471 2.4619329
v 183.371979 98.1933517 1.23556364
v 194.183548 95.9418335 0.825514436
v 192.27478 98.646286 1.73910296
v 190.107269 101.570908 0.856314898
v 201.108932 108.869598 6.66634072E-15
v 161.116348 109.267654 4.7892499
v 164.925293 112.14579 2.40250015
v 168.523651 108.444641 2.40250015
v 132.126251 93.4774704 1.09095001
v 164.42981 117.793968 2.40250015
v 159.971786 115.269806 4.84549999
v 155.482208 124.588844 2.40250015
v 163.541977 124.131409 4.91410065
v 167.788116 122.073219 2.40250015
v 169.311111 134.955292 2.40250015
v 174.126129 128.643341 5.71105003
v 174.626846 122.465805 2.40250015
v 180.098938 128.149109 6.31995058
v 179.369537 117.234299 2.40250015
v 193.619202 130.609161 1.98090541
v 184.24852 144.705093 2.16562366
v 189.568039 135.871155 4.7842164
v 201.164291 142.051071 1.30657804
v 197.709671 146.180267 3.05188513
v 192.520767 151.562805 1.51901793
v 206.12764 153.621597 0.810489774
v 203.406143 156.705307 1.71364999
v 200.006912 159.124359 0.829999983
v 209.076981 170.24614 1.04245709E-14
v 129.220795 33.7451019 2.54195023
v 130.843124 34.7834358 1.27515006
v 131.343155 31.8609009 1.27515006
v 130.309662 37.6562805 2.58090019
v 131.944305 36.879261 1.27515006
v 119.357445 32.3508148 0.568050027
v 134.007553 38.122879 1.27515006
v 119.510567 33.2441139 1.09619379
v 110.429802 33.6901016 0.272300005
v 127.58905 41.9707794 1.21631086
v 133.800644 39.9378204 2.60820007
v 133.128601 43.84021 1.20518875
v 141.978119 44.1728706 1.27515006
v 138.752289 38.8011513 2.6326499
v 136.498825 37.6684647 1.27515006
v 138.371338 35.621418 1.27515006
v 140.799255 35.2434998 2.65639997
v 138.656693 32.6798515 1.27515006
v 144.837463 33.5596161 1.14625001
v 151.018219 35.5044479 1.01734996
v 150.929276 38.8233833 2.03020787
v 151.625641 44.2996483 1.01734996
v 156.414734 38.0100517 0.759174943
v 155.991943 40.7886086 1.58620203
v 156.081741 44.5048599 0.759174943
v 161.811249 41.328186 0.500999987
v 161.054596 43.2459335 0.995812118
v 160.537857 45.1792717 0.500999987
v 168.299896 46.9573517 2.87530818E-15
v 85.4917984 24.4133511 1.72815001
v 86.6756058 25.199398 0.866900027
v 86.3860931 23.22995 0.866900027
v 73.1855011 28.6560001 0.393649995
v 86.7103424 27.2417488 1.74844992
v 87.8489609 26.4037361 0.866900027
v 84.9970016 30.5388927 0.866900027
v 89.5536957 26.7139072 0.866900027
v 89.6651001 28.0899563 1.77320004
v 89.9877396 30.5800591 0.866900027
v 95.8083954 29.215189 0.866900027
v 92.7189865 26.1200485 1.79535007
v 90.9163361 25.9440784 0.866900027
v 91.6594543 24.4845486 0.866900027
v 92.5935287 23.4153366 1.80594993
v 91.2980881 22.2789497 0.866900027
v 98.6817932 21.4915791 0.799649954
v 100.044479 23.1990509 1.66812503
v 102.069389 27.1906967 0.799649954
v 106.730759 22.7458267 0.485200018
v 107.103226 24.3031902 1.00180006
v 107.465508 25.9848003 0.485200018
v 113.428543 25.5356007 1.56360461E-15
v 60.0817566 35.3492813 -0.715094864
v 69.4676132 32.1665726 1.96963451E-15
v 62.143528 37.3429947 2.28659911E-15
v 52.5578003 44.6187782 2.73211218E-15
v 56.4897308 32.9430962 2.01718292E-15
v 66.5453873 28.9791851 -0.821355641
v 63.4465294 24.6434898 1.50897861E-15
v 73.7207031 18.2564278 1.11788359E-15
v 75.4147949 22.5127296 -0.687276125
v 78.4032974 25.5826511 1.56648558E-15
v 84.7638931 15.5188246 9.5025397E-16
v 85.3959045 18.0720024 -0.375160724
v 86.3612671 19.9825974 1.22358102E-15
v 92.8456802 15.6333952 9.57269521E-16
v 129.612564 77.7095642 1.49650574
v 130.676346 71.8168564 0.523852587
v 147.85585 81.1944733 -1.26190197
v 111.963692 75.2951965 3.04784775
v 132.03331 66.6581345 0.979185104
v 113.044319 67.541214 1.33850765
v 99.888443 74.1057663 2.58789039
v 113.869789 60.1503448 1.99279785
v 98.7676544 66.7096481 0.930572271
v 87.4230347 73.2800446 2.14233518
v 97.5615921 58.1885986 1.77001953
v 86.260643 68.6510315 1.04719138
v 72.3422852 74.2144012 1.41754353
v 84.6269989 62.9655838 1.6819011
v 98.6747665 74.8664474 -0.2369605
v 84.8145981 80.8949814 1.95999146
v 83.7248917 75.7828979 0.0288574956
v 83.0164948 70.3574371 0.814819336
v 98.5724182 66.0968094 0.432395935
v 98.456192 82.8989944 1.91726685
v 114.788452 67.248764 0.909423828
v 113.504349 76.4888535 0.153817594
v 112.376747 86.2973251 1.97906494
v 130.694794 74.5382462 0.144195557
v 128.780777 83.2521667 -0.793101251
v 126.183319 91.6793213 0.782775879
v 148.821091 90.46875 -1.21955872
v 146.289749 94.9445953 -1.8015573
v 144.556351 99.5253906 -1.10359192
v 159.943756 105.416214 -1.4770509
v 72.514328 71.6629715 -0.757743597
v 71.7224426 80.1967773 -2.07920289
v 50.3713264 75.8125153 -1.2342453
v 94.1470184 74.7126617 0.187683105
v 70.874115 86.2052689 -0.146556929
v 92.9643936 86.9873047 -1.18115282
v 119.379822 85.1699448 0.231933564
v 91.6974869 96.7307663 0.817871094
v 115.935555 96.78022 -0.935470939
v 141.86644 102.046204 -0.820922852
v 112.30587 106.023552 0.922584534
v 137.491394 109.633949 -2.20574927
v 153.885406 117.318794 -1.01470947
v 133.228653 116.778198 -0.698852539
v 150.695145 120.88356 -1.80639482
v 160.657837 135.058136 -1.12266541
v 146.479019 124.862579 -1.01470947
v 47.4651985 24.1990662 -1.14957654
v 50.0150909 34.4679489 -0.634770215
v 47.4590988 34.6908989 -1.16382837
v 44.2819557 34.7470474 -0.634770215
v 52.0038147 25.0502415 -0.549262881
v 43.5791893 23.5670395 -0.458816499
v 55.1129456 14.8786497 -0.339317352
v 50.3285942 13.5157928 -0.820516348
v 47.6762428 11.3264189 -0.339317352
v 53.6860542 4.53898621 -0.169372559
v 54.8471985 5.44993544 -0.435741246
v 56.3159523 5.62275028 -0.169372559
v 56.6462822 2.28840709 -0.170135498
v 60.2792435 24.6897411 -1.55539441
v 69.5617447 25.1107426 -2.4049952
v 68.9508438 20.9453793 -2.6865499
v 64.8144989 26.6922951 -1.78764009
v 75.5382919 21.7238045 -3.64588833
v 70.138588 29.2036686 -3.02218246
v 75.4137955 25.3415051 -3.18974853
v 81.4234467 24.742487 -4.48394775
v 75.4577942 28.9365711 -3.70307899
v 81.0833893 26.680542 -4.1656189
v 85.9342804 28.8008175 -5.35994387
v 80.7803497 28.8348427 -4.54469252
v 75.8628998 42.0072098 -2.34837389
v 91.6150894 49.2952423 -4.61405802
v 93.8121338 44.9129524 -5.47245026
v 75.6694183 47.6450539 -1.71929002
v 75.3943787 54.0221214 -2.77750421
v 101.209579 50.7370071 -6.86190891
v 88.5155411 56.1179886 -4.9650383
v 99.1573486 53.6315308 -6.19151735
v 107.88401 61.0161705 -8.19937229
v 97.6530991 58.0121994 -6.63314772
v 47.4651985 24.1990662 1.14957654
v 50.0150909 34.4679489 0.634770215
v 52.0038147 25.0502415 0.549262881
v 47.4590988 34.6908989 1.16382837
v 44.2819557 34.7470474 0.634770215
v 43.5791893 23.5670395 0.458816499
v 55.1129456 14.8786497 0.339317352
v 50.3285942 13.5157928 0.820516348
v 47.6762428 11.3264189 0.339317352
v 53.6860542 4.53898621 0.169372559
v 54.8471985 5.44993544 0.435741246
v 56.3159523 5.62275028 0.169372559
v 56.6462822 2.28840709 0.170135498
v 60.2792435 24.6897411 1.55539441
v 69.5617447 25.1107426 2.4049952
v 64.8144989 26.6922951 1.78764009
v 68.9508438 20.9453793 2.6865499
v 70.138588 29.2036686 3.02218246
v 75.5382919 21.7238045 3.64588833
v 75.4137955 25.3415051 3.18974853
v 75.4577942 28.9365711 3.70307899
v 81.4234467 24.742487 4.48394775
v 81.0833893 26.680542 4.1656189
v 80.7803497 28.8348427 4.54469252
v 85.9342804 28.8008175 5.35994387
v 75.8628998 42.0072098 2.34837389
v 91.6150894 49.2952423 4.61405802
v 75.6694183 47.6450539 1.71929002
v 93.8121338 44.9129524 5.47245026
v 75.3943787 54.0221214 2.77750421
v 101.209579 50.7370071 6.86190891
v 88.5155411 56.1179886 4.9650383
v 99.1573486 53.6315308 6.19151735
v 107.88401 61.0161705 8.19937229
v 97.6530991 58.0121994 6.63314772
v 71.5443954 56.7879677 -9.42899704
v 64.5569458 52.2578773 -5.51929998
v 72.1546936 51.1294365 -8.71171856
v 66.4671097 57.5137863 -7.45693159
v 71.5514984 62.524868 -6.87489367
v 82.2396927 54.269516 -12.2815847
v 78.2700653 63.324173 -10.1234646
v 80.649826 58.9917679 -13.97295
v 90.9075394 62.2380486 -13.5341778
v 84.6098404 68.4320908 -11.6058397
v 88.8302917 65.3726425 -15.6750145
v 97.2209702 73.645874 -12.7655745
v 95.0157776 74.8127441 -16.5989456
v 89.200325 77.3056717 -11.9594984
v 100.661469 86.5618973 -18.14575
v 103.695908 84.7951202 -12.084383
v 91.4273911 88.2754059 -12.4242764
v 103.972229 94.4879532 -19.7768497
v 90.390625 97.0904388 -12.4806004
v 112.591469 91.4679794 -12.0322018
v 101.91674 104.153458 -13.0485554
v 111.037079 103.179169 -16.1243019
v 116.24073 99.7649765 -12.6382504
v 112.692749 108.533669 -13.6019545
v 126.206757 110.936378 -14.6726694
v 69.8983307 42.2173576 -7.80852079
v 69.860817 44.1799545 -9.61453056
v 67.5822525 41.7046509 -6.96157646
v 68.1711349 42.6615219 -7.43660784
v 68.7804565 44.643898 -8.22883892
v 72.0753937 44.2560196 -8.79646683
v 68.5029907 47.1462059 -8.70361328
v 69.6106415 47.8051186 -10.6674509
v 71.8773575 48.3544006 -9.35058594
v 69.810257 52.1178131 -9.47978973
v 68.0585709 50.4279861 -10.8404827
v 67.1040268 49.3179855 -8.69520283
v 65.1085129 50.3914108 -8.43998146
v 64.9923935 52.035202 -10.5475512
v 65.6046371 54.4757614 -9.3489275
v 61.9928284 50.104393 -7.90375471
v 61.2470932 51.7474785 -9.85186481
v 60.4047318 54.1456299 -8.51037693
v 59.9963951 48.4289818 -7.56757784
v 58.0336571 49.1949425 -9.12477112
v 56.0070457 50.1634293 -7.39939737
v 55.0004196 44.2996254 -6.36042118
v 57.2281303 44.6025009 -8.57587719
v 59.2864685 44.8748627 -7.3079915
v 60.8196983 42.1005898 -7.50498915
v 59.2500267 40.6795464 -8.57001781
v 57.2869492 39.0764885 -5.98432541
v 63.5002975 41.2226295 -8.08277798
v 63.2492294 38.8930588 -9.2952919
v 63.2896118 36.2747269 -6.7464447
v 67.5793533 39.9863892 -10.6734295
v 66.45784 41.6662292 -9.10955811
v 68.8839722 37.9525528 -8.20623779
v 69.6486206 44.5245895 -11.0745831
v 70.4853439 43.362175 -11.6726036
v 71.5430679 41.2383118 -9.45432377
v 72.0254898 47.019043 -10.6074114
v 72.3364334 43.8760033 -10.2491159
v 71.5443954 56.7879677 9.42899704
v 64.5569458 52.2578773 5.51929998
v 66.4671097 57.5137863 7.45693159
v 72.1546936 51.1294365 8.71171856
v 71.5514984 62.524868 6.87489367
v 82.2396927 54.269516 12.2815847
v 78.2700653 63.324173 10.1234646
v 80.649826 58.9917679 13.97295
v 90.9075394 62.2380486 13.5341778
v 84.6098404 68.4320908 11.6058397
v 88.8302917 65.3726425 15.6750145
v 97.2209702 73.645874 12.7655745
v 95.0157776 74.8127441 16.5989456
v 89.200325 77.3056717 11.9594984
v 100.661469 86.5618973 18.14575
v 103.695908 84.7951202 12.084383
v 91.4273911 88.2754059 12.4242764
v 103.972229 94.4879532 19.7768497
v 90.390625 97.0904388 12.4806004
v 112.591469 91.4679794 12.0322018
v 101.91674 104.153458 13.0485554
v 111.037079 103.179169 16.1243019
v 116.24073 99.7649765 12.6382504
v 112.692749 108.533669 13.6019545
v 126.206757 110.936378 14.6726694
v 69.8983307 42.2173576 7.80852079
v 67.5822525 41.7046509 6.96157646
v 69.860817 44.1799545 9.61453056
v 68.1711349 42.6615219 7.43660784
v 68.7804565 44.643898 8.22883892
v 72.0753937 44.2560196 8.79646683
v 68.5029907 47.1462059 8.70361328
v 69.6106415 47.8051186 10.6674509
v 71.8773575 48.3544006 9.35058594
v 69.810257 52.1178131 9.47978973
v 68.0585709 50.4279861 10.8404827
v 67.1040268 49.3179855 8.69520283
v 65.1085129 50.3914108 8.43998146
v 64.9923935 52.035202 10.5475512
v 65.6046371 54.4757614 9.3489275
v 61.9928284 50.104393 7.90375471
v 61.2470932 51.7474785 9.85186481
v 60.4047318 54.1456299 8.51037693
v 59.9963951 48.4289818 7.56757784
v 58.0336571 49.1949425 9.12477112
v 56.0070457 50.1634293 7.39939737
v 55.0004196 44.2996254 6.36042118
v 57.2281303 44.6025009 8.57587719
v 59.2864685 44.8748627 7.3079915
v 60.8196983 42.1005898 7.50498915
v 59.2500267 40.6795464 8.57001781
v 57.2869492 39.0764885 5.98432541
v 63.5002975 41.2226295 8.08277798
v 63.2492294 38.8930588 9.2952919
v 63.2896118 36.2747269 6.7464447
v 67.5793533 39.9863892 10.6734295
v 66.45784 41.6662292 9.10955811
v 68.8839722 37.9525528 8.20623779
v 69.6486206 44.5245895 11.0745831
v 70.4853439 43.362175 11.6726036
v 71.5430679 41.2383118 9.45432377
v 72.0254898 47.019043 10.6074114
v 72.3364334 43.8760033 10.2491159
v 59.8008347 50.2890587 -4.88255453
v 59.926651 45.8285484 -9.34306335
v 61.1962547 48.8936424 -9.34306335
v 57.9532318 45.8285484 -4.88255453
v 64.2613449 52.1366653 -4.88255453
v 61.1962547 42.7634583 -9.34306335
v 59.8008347 41.3680458 -4.88255453
v 64.2613449 41.4938583 -9.34306335
v 64.2613449 39.5204391 -4.88255453
v 63.2034302 43.2745171 -10.6410818
v 67.3264389 42.7634583 -9.34306335
v 68.7218552 41.3680458 -4.88255453
v 66.8153839 44.7706413 -10.6410799
v 68.5960464 45.8285522 -9.34306335
v 70.569458 45.8285522 -4.88255453
v 61.7073135 46.886467 -10.6410799
v 64.2613449 50.1632462 -9.34306431
v 68.7218552 50.2890663 -4.88255453
v 67.3264389 48.8936424 -9.34306335
v 65.3192673 48.3825874 -10.6410799
v 64.2613449 45.8285522 -11.2761173
v 59.8008347 50.2890587 4.88255453
v 59.926651 45.8285484 9.34306335
v 57.9532318 45.8285484 4.88255453
v 61.1962547 48.8936424 9.34306335
v 64.2613449 52.1366653 4.88255453
v 61.1962547 42.7634583 9.34306335
v 59.8008347 41.3680458 4.88255453
v 64.2613449 41.4938583 9.34306335
v 64.2613449 39.5204391 4.88255453
v 63.2034302 43.2745171 10.6410818
v 67.3264389 42.7634583 9.34306335
v 68.7218552 41.3680458 4.88255453
v 66.8153839 44.7706413 10.6410799
v 68.5960464 45.8285522 9.34306335
v 70.569458 45.8285522 4.88255453
v 61.7073135 46.886467 10.6410799
v 64.2613449 50.1632462 9.34306431
v 68.7218552 50.2890663 4.88255453
v 67.3264389 48.8936424 9.34306335
v 65.3192673 48.3825874 10.6410799
v 64.2613449 45.8285522 11.2761173
vt 0.406738281 0.854980469
vt 0.412841797 0.859375
vt 0.383789062 0.888183594
vt 0.406738281 0.854980469
vt 0.383789062 0.888183594
vt 0.412841797 0.859375
vt 0.333007812 0.412841797
vt 0.393310547 0.455810547
vt 0.347900391 0.467041016
vt 0.365234375 0.401611328
vt 0.330810547 0.385986328
vt 0.333007812 0.412841797
vt 0.347900391 0.467041016
vt 0.330810547 0.385986328
vt 0.358886719 0.383544922
vt 0.340332031 0.363525391
vt 0.340332031 0.363525391
vt 0.357910156 0.366699219
vt 0.366455078 0.344482422
vt 0.24609375 0.788574219
vt 0.221191406 0.798339844
vt 0.253417969 0.807617188
vt 0.267333984 0.828125
vt 0.23034668 0.831054688
vt 0.262695312 0.845703125
vt 0.23034668 0.85546875
vt 0.255615234 0.856445312
vt 0.245727539 0.869628906
vt 0.233398438 0.87890625
vt 0.224243164 0.872558594
vt 0.215087891 0.890136719
vt 0.189208984 0.992675781
vt 0.190917969 0.973632812
vt 0.218017578 0.973144531
vt 0.164306641 0.972167969
vt 0.16418457 0.992675781
vt 0.130859375 0.992675781
vt 0.130615234 0.972167969
vt 0.164306641 0.972167969
vt 0.190917969 0.973632812
vt 0.218017578 0.973144531
vt 0.130615234 0.972167969
vt 0.0982055664 0.992675781
vt 0.0982055664 0.971679688
vt 0.0982055664 0.971679688
vt 0.065246582 0.992675781
vt 0.065246582 0.971679688
vt 0.065246582 0.971679688
vt 0.00692367554 0.992675781
vt 0.645019531 0.309570312
vt 0.564453125 0.329101562
vt 0.625488281 0.350341797
vt 0.587402344 0.290771484
vt 0.516601562 0.291503906
vt 0.564453125 0.329101562
vt 0.625488281 0.350341797
vt 0.516601562 0.291503906
vt 0.547363281 0.266601562
vt 0.478271484 0.219116211
vt 0.478271484 0.219116211
vt 0.495605469 0.208129883
vt 0.436279297 0.157714844
vt 0.436279297 0.157714844
vt 0.445068359 0.145141602
vt 0.388916016 0.134033203
vt 0.388916016 0.134033203
vt 0.391601562 0.122314453
vt 0.350585938 0.113342285
vt 0.350585938 0.113342285
vt 0.353271484 0.106506348
vt 0.324951172 0.100036621
vt 0.324951172 0.100036621
vt 0.326904297 0.0959472656
vt 0.297363281 0.0828857422
vt 0.190063477 0.409179688
vt 0.194946289 0.395751953
vt 0.198608398 0.408935547
vt 0.178100586 0.395751953
vt 0.189086914 0.372314453
vt 0.175048828 0.373779297
vt 0.18737793 0.350341797
vt 0.189086914 0.372314453
vt 0.194946289 0.395751953
vt 0.18737793 0.350341797
vt 0.176391602 0.349853516
vt 0.190429688 0.327880859
vt 0.190429688 0.327880859
vt 0.180053711 0.325927734
vt 0.197021484 0.302734375
vt 0.197021484 0.302734375
vt 0.186279297 0.30078125
vt 0.198852539 0.27734375
vt 0.198852539 0.27734375
vt 0.189208984 0.277587891
vt 0.19140625 0.240478516
vt 0.19140625 0.240478516
vt 0.183959961 0.242431641
vt 0.16784668 0.195922852
vt 0.146850586 0.807128906
vt 0.134521484 0.819335938
vt 0.133789062 0.807617188
vt 0.115234375 0.812011719
vt 0.12121582 0.82421875
vt 0.108032227 0.834960938
vt 0.0884399414 0.832519531
vt 0.108642578 0.786132812
vt 0.100097656 0.846191406
vt 0.0756225586 0.800292969
vt 0.0473327637 0.807617188
vt 0.0744018555 0.770019531
vt 0.0394897461 0.829589844
vt 0.0351257324 0.86328125
vt 0.0833740234 0.860839844
vt 0.0969848633 0.859375
vt 0.0406494141 0.892578125
vt 0.0880126953 0.880859375
vt 0.100646973 0.873535156
vt 0.109985352 0.886230469
vt 0.0848999023 0.910644531
vt 0.05078125 0.916015625
vt 0.0242614746 0.973632812
vt 0.0786132812 0.944824219
vt 0.105773926 0.903320312
vt 0.123168945 0.895019531
vt 0.107971191 0.958984375
vt 0.133056641 0.913574219
vt 0.138183594 0.897460938
vt 0.160766602 0.909179688
vt 0.139526367 0.96484375
vt 0.151855469 0.893066406
vt 0.173217773 0.961425781
vt 0.166137695 0.884765625
vt 0.19128418 0.911132812
vt 0.198852539 0.952148438
vt 0.220703125 0.935546875
vt 0.225341797 0.924804688
vt 0.216186523 0.900878906
vt 0.235229492 0.889648438
vt 0.180419922 0.895019531
vt 0.173095703 0.871582031
vt 0.208862305 0.881835938
vt 0.191040039 0.879394531
vt 0.178222656 0.859375
vt 0.197143555 0.858886719
vt 0.213867188 0.860839844
vt 0.179931641 0.840332031
vt 0.194946289 0.833496094
vt 0.215942383 0.829101562
vt 0.189208984 0.815917969
vt 0.173950195 0.822753906
vt 0.207397461 0.796386719
vt 0.181884766 0.797851562
vt 0.185058594 0.770996094
vt 0.160888672 0.802246094
vt 0.1640625 0.784179688
vt 0.202880859 0.771484375
vt 0.169677734 0.772460938
vt 0.20324707 0.752929688
vt 0.178344727 0.7578125
vt 0.194824219 0.750976562
vt 0.206665039 0.732910156
vt 0.189331055 0.74609375
vt 0.178100586 0.634277344
vt 0.184692383 0.66015625
vt 0.190917969 0.65234375
vt 0.169555664 0.63671875
vt 0.169677734 0.6015625
vt 0.145263672 0.683105469
vt 0.157958984 0.696289062
vt 0.160644531 0.602539062
vt 0.139892578 0.694335938
vt 0.149291992 0.708007812
vt 0.121398926 0.691894531
vt 0.110351562 0.704589844
vt 0.124328613 0.623535156
vt 0.133911133 0.631835938
vt 0.150024414 0.587402344
vt 0.142456055 0.58203125
vt 0.161865234 0.582519531
vt 0.169311523 0.58203125
vt 0.165283203 0.556640625
vt 0.168457031 0.545410156
vt 0.277099609 0.427734375
vt 0.291992188 0.455566406
vt 0.270507812 0.446289062
vt 0.313476562 0.451171875
vt 0.293945312 0.406005859
vt 0.317626953 0.401123047
vt 0.335205078 0.454589844
vt 0.308837891 0.392089844
vt 0.313720703 0.374511719
vt 0.263671875 0.395507812
vt 0.283691406 0.406982422
vt 0.269287109 0.415527344
vt 0.250488281 0.434814453
vt 0.266357422 0.358398438
vt 0.322265625 0.3515625
vt 0.231079102 0.397460938
vt 0.235351562 0.350585938
vt 0.288085938 0.328125
vt 0.347167969 0.331054688
vt 0.329589844 0.281005859
vt 0.231933594 0.440673828
vt 0.229125977 0.474365234
vt 0.211669922 0.400390625
vt 0.208129883 0.386962891
vt 0.201416016 0.363769531
vt 0.199584961 0.342529297
vt 0.206054688 0.321044922
vt 0.212524414 0.294433594
vt 0.254150391 0.317382812
vt 0.240112305 0.271484375
vt 0.212280273 0.267578125
vt 0.261230469 0.263183594
vt 0.307373047 0.252685547
vt 0.282226562 0.224609375
vt 0.211914062 0.221191406
vt 0.201049805 0.231323242
vt 0.226074219 0.205078125
vt 0.245117188 0.19128418
vt 0.180786133 0.179443359
vt 0.175415039 0.185058594
vt 0.142822266 0.144287109
vt 0.188354492 0.171508789
vt 0.197509766 0.164916992
vt 0.293701172 0.111999512
vt 0.296386719 0.156738281
vt 0.236816406 0.100646973
vt 0.347900391 0.127197266
vt 0.345214844 0.184814453
vt 0.396484375 0.212646484
vt 0.326904297 0.216796875
vt 0.441650391 0.180541992
vt 0.48046875 0.236694336
vt 0.30078125 0.174438477
vt 0.269042969 0.170654297
vt 0.272216797 0.187011719
vt 0.305908203 0.209960938
vt 0.279052734 0.202758789
vt 0.309570312 0.22265625
vt 0.318359375 0.23046875
vt 0.330322266 0.262695312
vt 0.365722656 0.239624023
vt 0.347167969 0.272949219
vt 0.387451172 0.265869141
vt 0.363037109 0.287109375
vt 0.41015625 0.305419922
vt 0.376708984 0.308105469
vt 0.380859375 0.325927734
vt 0.381591797 0.354003906
vt 0.430175781 0.254150391
vt 0.494384766 0.278320312
vt 0.447509766 0.291259766
vt 0.508300781 0.315673828
vt 0.41796875 0.361328125
vt 0.376220703 0.388427734
vt 0.423583984 0.373535156
vt 0.437988281 0.363525391
vt 0.448730469 0.332763672
vt 0.466552734 0.375732422
vt 0.474121094 0.337646484
vt 0.509277344 0.356933594
vt 0.529785156 0.33203125
vt 0.5078125 0.379150391
vt 0.552734375 0.364501953
vt 0.55859375 0.341796875
vt 0.552246094 0.375488281
vt 0.619140625 0.358886719
vt 0.283691406 0.484130859
vt 0.281738281 0.506347656
vt 0.245849609 0.476318359
vt 0.305175781 0.487548828
vt 0.321533203 0.533691406
vt 0.335693359 0.514160156
vt 0.341308594 0.484130859
vt 0.355224609 0.499755859
vt 0.364501953 0.475830078
vt 0.203613281 0.657226562
vt 0.204833984 0.685058594
vt 0.198364258 0.674316406
vt 0.235839844 0.682617188
vt 0.216552734 0.729980469
vt 0.241821289 0.715332031
vt 0.280029297 0.707519531
vt 0.282714844 0.731445312
vt 0.263183594 0.752929688
vt 0.239746094 0.751464844
vt 0.281494141 0.771972656
vt 0.254150391 0.771484375
vt 0.270019531 0.813964844
vt 0.383789062 0.888183594
vt 0.361328125 0.917480469
vt 0.343505859 0.921875
vt 0.322021484 0.946289062
vt 0.327636719 0.951171875
vt 0.275390625 0.989746094
vt 0.327636719 0.951171875
vt 0.361328125 0.917480469
vt 0.383789062 0.888183594
vt 0.405029297 0.394775391
vt 0.416015625 0.390380859
vt 0.413085938 0.401855469
vt 0.397949219 0.40234375
vt 0.407958984 0.418212891
vt 0.391357422 0.416748047
vt 0.393798828 0.438232422
vt 0.410644531 0.4296875
vt 0.417480469 0.438476562
vt 0.410888672 0.455078125
vt 0.430908203 0.457275391
vt 0.4296875 0.441162109
vt 0.443115234 0.436035156
vt 0.450927734 0.449951172
vt 0.449951172 0.427490234
vt 0.464599609 0.433837891
vt 0.468505859 0.416015625
vt 0.453125 0.414794922
vt 0.46484375 0.399658203
vt 0.451416016 0.405517578
vt 0.446044922 0.396484375
vt 0.456054688 0.387695312
vt 0.437988281 0.390380859
vt 0.443847656 0.379394531
vt 0.432861328 0.381591797
vt 0.430175781 0.387695312
vt 0.425292969 0.388183594
vt 0.240722656 0.953613281
vt 0.213623047 0.993652344
vt 0.252929688 0.979980469
vt 0.308837891 0.935058594
vt 0.291992188 0.917480469
vt 0.268554688 0.89453125
vt 0.32421875 0.868164062
vt 0.291503906 0.85546875
vt 0.345214844 0.873046875
vt 0.302246094 0.804199219
vt 0.338378906 0.806152344
vt 0.364501953 0.80078125
vt 0.302246094 0.74609375
vt 0.336425781 0.736816406
vt 0.365966797 0.723632812
vt 0.286865234 0.688964844
vt 0.311523438 0.671875
vt 0.334228516 0.65625
vt 0.287353516 0.60546875
vt 0.26953125 0.626464844
vt 0.250244141 0.646484375
vt 0.21496582 0.5859375
vt 0.260253906 0.587890625
vt 0.223266602 0.624023438
vt 0.196289062 0.602050781
vt 0.233032227 0.570800781
vt 0.189086914 0.577148438
vt 0.200073242 0.55859375
vt 0.211791992 0.552734375
vt 0.189086914 0.549316406
vt 0.19128418 0.525878906
vt 0.4140625 0.663574219
vt 0.464111328 0.690429688
vt 0.430175781 0.708007812
vt 0.442871094 0.648925781
vt 0.391357422 0.6328125
vt 0.4140625 0.663574219
vt 0.430175781 0.708007812
vt 0.391357422 0.6328125
vt 0.409423828 0.615234375
vt 0.355712891 0.599609375
vt 0.355712891 0.599609375
vt 0.365478516 0.585449219
vt 0.318359375 0.55859375
vt 0.310302734 0.568847656
vt 0.310302734 0.568847656
vt 0.270019531 0.539550781
vt 0.270019531 0.539550781
vt 0.275634766 0.528320312
vt 0.245361328 0.521484375
vt 0.245361328 0.521484375
vt 0.251464844 0.513671875
vt 0.220825195 0.503417969
vt 0.220825195 0.503417969
vt 0.227050781 0.498535156
vt 0.206054688 0.481445312
vt 0.201171875 0.485351562
vt 0.201171875 0.485351562
vt 0.185791016 0.460693359
vt 0.0973510742 0.215698242
vt 0.0995483398 0.162963867
vt 0.131225586 0.176635742
vt 0.122924805 0.237426758
vt 0.162475586 0.215332031
vt 0.173706055 0.267089844
vt 0.133666992 0.272949219
vt 0.166381836 0.324707031
vt 0.127441406 0.317138672
vt 0.10736084 0.36328125
vt 0.161132812 0.382080078
vt 0.0809936523 0.393066406
vt 0.176635742 0.429199219
vt 0.105041504 0.448486328
vt 0.168701172 0.468994141
vt 0.133178711 0.492431641
vt 0.176269531 0.536132812
vt 0.0653076172 0.615722656
vt 0.0900268555 0.596191406
vt 0.101318359 0.6171875
vt 0.107299805 0.641113281
vt 0.0732421875 0.6484375
vt 0.0849609375 0.656738281
vt 0.106140137 0.666992188
vt 0.0773925781 0.668945312
vt 0.0927734375 0.688476562
vt 0.0651245117 0.661132812
vt 0.0707397461 0.702148438
vt 0.0546875 0.68359375
vt 0.0433349609 0.669433594
vt 0.041015625 0.711425781
vt 0.0286407471 0.700683594
vt 0.0224609375 0.682617188
vt 0.027923584 0.721679688
vt 0.0126876831 0.701660156
vt 0.0169677734 0.71875
vt 0.00936126709 0.743164062
vt 0.00933837891 0.717285156
vt 0.018951416 0.79296875
vt 0.0120010376 0.767089844
vt 0.00651931763 0.793457031
vt 0.0257415771 0.774902344
vt 0.0417785645 0.797851562
vt 0.0611572266 0.767089844
vt 0.0491027832 0.749511719
vt 0.0253143311 0.741699219
vt 0.0459899902 0.721191406
vt 0.0726928711 0.7109375
vt 0.0747680664 0.737792969
vt 0.0755004883 0.759277344
vt 0.102233887 0.713867188
vt 0.106201172 0.740722656
vt 0.102294922 0.760742188
vt 0.135009766 0.728027344
vt 0.135742188 0.745117188
vt 0.130249023 0.763671875
vt 0.154174805 0.728515625
vt 0.153442383 0.755371094
vt 0.161010742 0.737792969
vt 0.186157227 0.721191406
vt 0.16796875 0.744628906
vt 0.24609375 0.788574219
vt 0.253417969 0.807617188
vt 0.221191406 0.798339844
vt 0.267333984 0.828125
vt 0.23034668 0.831054688
vt 0.262695312 0.845703125
vt 0.23034668 0.85546875
vt 0.255615234 0.856445312
vt 0.245727539 0.869628906
vt 0.233398438 0.87890625
vt 0.224243164 0.872558594
vt 0.215087891 0.890136719
vt 0.190063477 0.409179688
vt 0.198608398 0.408935547
vt 0.194946289 0.395751953
vt 0.178100586 0.395751953
vt 0.146850586 0.807128906
vt 0.133789062 0.807617188
vt 0.134521484 0.819335938
vt 0.115234375 0.812011719
vt 0.12121582 0.82421875
vt 0.108032227 0.834960938
vt 0.0884399414 0.832519531
vt 0.108642578 0.786132812
vt 0.100097656 0.846191406
vt 0.0756225586 0.800292969
vt 0.0473327637 0.807617188
vt 0.0744018555 0.770019531
vt 0.0394897461 0.829589844
vt 0.0351257324 0.86328125
vt 0.0833740234 0.860839844
vt 0.0969848633 0.859375
vt 0.0406494141 0.892578125
vt 0.0880126953 0.880859375
vt 0.100646973 0.873535156
vt 0.109985352 0.886230469
vt 0.0848999023 0.910644531
vt 0.05078125 0.916015625
vt 0.0242614746 0.973632812
vt 0.0786132812 0.944824219
vt 0.105773926 0.903320312
vt 0.123168945 0.895019531
vt 0.107971191 0.958984375
vt 0.133056641 0.913574219
vt 0.138183594 0.897460938
vt 0.160766602 0.909179688
vt 0.139526367 0.96484375
vt 0.151855469 0.893066406
vt 0.173217773 0.961425781
vt 0.166137695 0.884765625
vt 0.19128418 0.911132812
vt 0.198852539 0.952148438
vt 0.220703125 0.935546875
vt 0.225341797 0.924804688
vt 0.216186523 0.900878906
vt 0.235229492 0.889648438
vt 0.180419922 0.895019531
vt 0.173095703 0.871582031
vt 0.208862305 0.881835938
vt 0.191040039 0.879394531
vt 0.178222656 0.859375
vt 0.197143555 0.858886719
vt 0.213867188 0.860839844
vt 0.179931641 0.840332031
vt 0.194946289 0.833496094
vt 0.215942383 0.829101562
vt 0.189208984 0.815917969
vt 0.173950195 0.822753906
vt 0.207397461 0.796386719
vt 0.181884766 0.797851562
vt 0.185058594 0.770996094
vt 0.160888672 0.802246094
vt 0.1640625 0.784179688
vt 0.202880859 0.771484375
vt 0.169677734 0.772460938
vt 0.20324707 0.752929688
vt 0.178344727 0.7578125
vt 0.194824219 0.750976562
vt 0.206665039 0.732910156
vt 0.189331055 0.74609375
vt 0.184692383 0.66015625
vt 0.178100586 0.634277344
vt 0.190917969 0.65234375
vt 0.169555664 0.63671875
vt 0.169677734 0.6015625
vt 0.145263672 0.683105469
vt 0.157958984 0.696289062
vt 0.160644531 0.602539062
vt 0.139892578 0.694335938
vt 0.149291992 0.708007812
vt 0.121398926 0.691894531
vt 0.110351562 0.704589844
vt 0.124328613 0.623535156
vt 0.133911133 0.631835938
vt 0.150024414 0.587402344
vt 0.142456055 0.58203125
vt 0.161865234 0.582519531
vt 0.169311523 0.58203125
vt 0.165283203 0.556640625
vt 0.168457031 0.545410156
vt 0.277099609 0.427734375
vt 0.270507812 0.446289062
vt 0.291992188 0.455566406
vt 0.313476562 0.451171875
vt 0.293945312 0.406005859
vt 0.317626953 0.401123047
vt 0.335205078 0.454589844
vt 0.308837891 0.392089844
vt 0.313720703 0.374511719
vt 0.263671875 0.395507812
vt 0.283691406 0.406982422
vt 0.269287109 0.415527344
vt 0.250488281 0.434814453
vt 0.266357422 0.358398438
vt 0.322265625 0.3515625
vt 0.231079102 0.397460938
vt 0.235351562 0.350585938
vt 0.288085938 0.328125
vt 0.347167969 0.331054688
vt 0.329589844 0.281005859
vt 0.231933594 0.440673828
vt 0.229125977 0.474365234
vt 0.211669922 0.400390625
vt 0.208129883 0.386962891
vt 0.201416016 0.363769531
vt 0.199584961 0.342529297
vt 0.206054688 0.321044922
vt 0.212524414 0.294433594
vt 0.254150391 0.317382812
vt 0.240112305 0.271484375
vt 0.212280273 0.267578125
vt 0.261230469 0.263183594
vt 0.307373047 0.252685547
vt 0.282226562 0.224609375
vt 0.211914062 0.221191406
vt 0.201049805 0.231323242
vt 0.226074219 0.205078125
vt 0.245117188 0.19128418
vt 0.180786133 0.179443359
vt 0.175415039 0.185058594
vt 0.142822266 0.144287109
vt 0.188354492 0.171508789
vt 0.197509766 0.164916992
vt 0.293701172 0.111999512
vt 0.236816406 0.100646973
vt 0.296386719 0.156738281
vt 0.347900391 0.127197266
vt 0.345214844 0.184814453
vt 0.396484375 0.212646484
vt 0.326904297 0.216796875
vt 0.441650391 0.180541992
vt 0.48046875 0.236694336
vt 0.30078125 0.174438477
vt 0.269042969 0.170654297
vt 0.272216797 0.187011719
vt 0.305908203 0.209960938
vt 0.279052734 0.202758789
vt 0.309570312 0.22265625
vt 0.318359375 0.23046875
vt 0.330322266 0.262695312
vt 0.365722656 0.239624023
vt 0.347167969 0.272949219
vt 0.387451172 0.265869141
vt 0.363037109 0.287109375
vt 0.41015625 0.305419922
vt 0.376708984 0.308105469
vt 0.380859375 0.325927734
vt 0.381591797 0.354003906
vt 0.430175781 0.254150391
vt 0.494384766 0.278320312
vt 0.447509766 0.291259766
vt 0.508300781 0.315673828
vt 0.41796875 0.361328125
vt 0.376220703 0.388427734
vt 0.423583984 0.373535156
vt 0.437988281 0.363525391
vt 0.448730469 0.332763672
vt 0.466552734 0.375732422
vt 0.474121094 0.337646484
vt 0.509277344 0.356933594
vt 0.529785156 0.33203125
vt 0.5078125 0.379150391
vt 0.552734375 0.364501953
vt 0.55859375 0.341796875
vt 0.552246094 0.375488281
vt 0.619140625 0.358886719
vt 0.283691406 0.484130859
vt 0.245849609 0.476318359
vt 0.281738281 0.506347656
vt 0.305175781 0.487548828
vt 0.321533203 0.533691406
vt 0.335693359 0.514160156
vt 0.341308594 0.484130859
vt 0.355224609 0.499755859
vt 0.364501953 0.475830078
vt 0.204833984 0.685058594
vt 0.203613281 0.657226562
vt 0.198364258 0.674316406
vt 0.235839844 0.682617188
vt 0.216552734 0.729980469
vt 0.241821289 0.715332031
vt 0.280029297 0.707519531
vt 0.282714844 0.731445312
vt 0.263183594 0.752929688
vt 0.239746094 0.751464844
vt 0.281494141 0.771972656
vt 0.254150391 0.771484375
vt 0.270019531 0.813964844
vt 0.405029297 0.394775391
vt 0.413085938 0.401855469
vt 0.416015625 0.390380859
vt 0.397949219 0.40234375
vt 0.407958984 0.418212891
vt 0.391357422 0.416748047
vt 0.393798828 0.438232422
vt 0.410644531 0.4296875
vt 0.417480469 0.438476562
vt 0.410888672 0.455078125
vt 0.430908203 0.457275391
vt 0.4296875 0.441162109
vt 0.443115234 0.436035156
vt 0.450927734 0.449951172
vt 0.449951172 0.427490234
vt 0.464599609 0.433837891
vt 0.468505859 0.416015625
vt 0.453125 0.414794922
vt 0.46484375 0.399658203
vt 0.451416016 0.405517578
vt 0.446044922 0.396484375
vt 0.456054688 0.387695312
vt 0.437988281 0.390380859
vt 0.443847656 0.379394531
vt 0.432861328 0.381591797
vt 0.430175781 0.387695312
vt 0.425292969 0.388183594
vt 0.240722656 0.953613281
vt 0.252929688 0.979980469
vt 0.213623047 0.993652344
vt 0.308837891 0.935058594
vt 0.291992188 0.917480469
vt 0.268554688 0.89453125
vt 0.32421875 0.868164062
vt 0.291503906 0.85546875
vt 0.345214844 0.873046875
vt 0.302246094 0.804199219
vt 0.338378906 0.806152344
vt 0.364501953 0.80078125
vt 0.302246094 0.74609375
vt 0.336425781 0.736816406
vt 0.365966797 0.723632812
vt 0.286865234 0.688964844
vt 0.311523438 0.671875
vt 0.334228516 0.65625
vt 0.287353516 0.60546875
vt 0.26953125 0.626464844
vt 0.250244141 0.646484375
vt 0.21496582 0.5859375
vt 0.260253906 0.587890625
vt 0.223266602 0.624023438
vt 0.196289062 0.602050781
vt 0.233032227 0.570800781
vt 0.189086914 0.577148438
vt 0.200073242 0.55859375
vt 0.211791992 0.552734375
vt 0.189086914 0.549316406
vt 0.19128418 0.525878906
vt 0.0973510742 0.215698242
vt 0.131225586 0.176635742
vt 0.0995483398 0.162963867
vt 0.122924805 0.237426758
vt 0.162475586 0.215332031
vt 0.173706055 0.267089844
vt 0.133666992 0.272949219
vt 0.166381836 0.324707031
vt 0.127441406 0.317138672
vt 0.10736084 0.36328125
vt 0.161132812 0.382080078
vt 0.0809936523 0.393066406
vt 0.176635742 0.429199219
vt 0.105041504 0.448486328
vt 0.168701172 0.468994141
vt 0.133178711 0.492431641
vt 0.176269531 0.536132812
vt 0.0653076172 0.615722656
vt 0.101318359 0.6171875
vt 0.0900268555 0.596191406
vt 0.107299805 0.641113281
vt 0.0732421875 0.6484375
vt 0.0849609375 0.656738281
vt 0.106140137 0.666992188
vt 0.0773925781 0.668945312
vt 0.0927734375 0.688476562
vt 0.0651245117 0.661132812
vt 0.0707397461 0.702148438
vt 0.0546875 0.68359375
vt 0.0433349609 0.669433594
vt 0.041015625 0.711425781
vt 0.0286407471 0.700683594
vt 0.0224609375 0.682617188
vt 0.027923584 0.721679688
vt 0.0126876831 0.701660156
vt 0.0169677734 0.71875
vt 0.00936126709 0.743164062
vt 0.00933837891 0.717285156
vt 0.0120010376 0.767089844
vt 0.018951416 0.79296875
vt 0.00651931763 0.793457031
vt 0.0257415771 0.774902344
vt 0.0417785645 0.797851562
vt 0.0611572266 0.767089844
vt 0.0491027832 0.749511719
vt 0.0253143311 0.741699219
vt 0.0459899902 0.721191406
vt 0.0726928711 0.7109375
vt 0.0747680664 0.737792969
vt 0.0755004883 0.759277344
vt 0.102233887 0.713867188
vt 0.106201172 0.740722656
vt 0.102294922 0.760742188
vt 0.135009766 0.728027344
vt 0.135742188 0.745117188
vt 0.130249023 0.763671875
vt 0.154174805 0.728515625
vt 0.153442383 0.755371094
vt 0.161010742 0.737792969
vt 0.186157227 0.721191406
vt 0.16796875 0.744628906
vt 0.689453125 0.439453125
vt 0.762695312 0.353759766
vt 0.708007812 0.332275391
vt 0.752929688 0.445800781
vt 0.816894531 0.381835938
vt 0.702148438 0.521972656
vt 0.807128906 0.456542969
vt 0.750488281 0.521484375
vt 0.739257812 0.610839844
vt 0.797363281 0.523925781
vt 0.762207031 0.605957031
vt 0.78515625 0.677246094
vt 0.788085938 0.604003906
vt 0.762695312 0.353759766
vt 0.689453125 0.439453125
vt 0.708007812 0.332275391
vt 0.752929688 0.445800781
vt 0.816894531 0.381835938
vt 0.702148438 0.521972656
vt 0.807128906 0.456542969
vt 0.750488281 0.521484375
vt 0.797363281 0.523925781
vt 0.739257812 0.610839844
vt 0.788085938 0.604003906
vt 0.762207031 0.605957031
vt 0.78515625 0.677246094
vt 0.508300781 0.469726562
vt 0.551757812 0.393798828
vt 0.510253906 0.390625
vt 0.554199219 0.473632812
vt 0.592285156 0.405761719
vt 0.530761719 0.550292969
vt 0.598632812 0.470703125
vt 0.568359375 0.548828125
vt 0.569335938 0.631347656
vt 0.609863281 0.545898438
vt 0.592285156 0.622558594
vt 0.62109375 0.690917969
vt 0.615722656 0.618652344
vt 0.551757812 0.393798828
vt 0.508300781 0.469726562
vt 0.510253906 0.390625
vt 0.554199219 0.473632812
vt 0.592285156 0.405761719
vt 0.530761719 0.550292969
vt 0.598632812 0.470703125
vt 0.568359375 0.548828125
vt 0.569335938 0.631347656
vt 0.609863281 0.545898438
vt 0.592285156 0.622070312
vt 0.62109375 0.690917969
vt 0.615722656 0.618652344
vt 0.520507812 0.561035156
vt 0.454345703 0.518066406
vt 0.482421875 0.485351562
vt 0.479492188 0.579589844
vt 0.43359375 0.561035156
vt 0.529785156 0.628417969
vt 0.49609375 0.636230469
vt 0.464599609 0.643066406
vt 0.514160156 0.696289062
vt 0.498535156 0.697265625
vt 0.483154297 0.698730469
vt 0.494628906 0.740234375
vt 0.454345703 0.518066406
vt 0.520507812 0.561035156
vt 0.482421875 0.485351562
vt 0.479492188 0.580078125
vt 0.43359375 0.561035156
vt 0.529785156 0.628417969
vt 0.464599609 0.643066406
vt 0.49609375 0.636230469
vt 0.514160156 0.696289062
vt 0.483154297 0.698730469
vt 0.498535156 0.697265625
vt 0.494628906 0.740234375
vt 0.955078125 0.974121094
vt 0.927734375 0.89453125
vt 0.932128906 0.977539062
vt 0.950683594 0.900390625
vt 0.985839844 0.96875
vt 0.947265625 0.856445312
vt 0.981933594 0.908691406
vt 0.962402344 0.862792969
vt 0.987304688 0.817871094
vt 0.983398438 0.865722656
vt 0.499755859 0.976074219
vt 0.520996094 0.949707031
vt 0.479492188 0.965332031
vt 0.5234375 0.96875
vt 0.551757812 0.954589844
vt 0.525390625 0.988769531
vt 0.55078125 0.971679688
vt 0.579101562 0.969726562
vt 0.550292969 0.98828125
vt 0.577148438 0.979003906
vt 0.599609375 0.989257812
vt 0.575195312 0.988769531
vt 0.969726562 0.371826172
vt 0.982910156 0.397705078
vt 0.982910156 0.362548828
vt 0.963867188 0.393798828
vt 0.959960938 0.354248047
vt 0.952636719 0.362792969
vt 0.9296875 0.414794922
vt 0.9296875 0.474365234
vt 0.954589844 0.472900391
vt 0.982910156 0.471679688
vt 0.950195312 0.526367188
vt 0.962890625 0.522949219
vt 0.982910156 0.520019531
vt 0.982910156 0.563964844
vt 0.352050781 0.54296875
vt 0.366699219 0.51171875
vt 0.390380859 0.53515625
vt 0.407470703 0.514160156
vt 0.403320312 0.477294922
vt 0.447021484 0.459228516
vt 0.426269531 0.532714844
vt 0.383544922 0.579101562
vt 0.452392578 0.472412109
vt 0.482910156 0.454101562
vt 0.464111328 0.484375
vt 0.426269531 0.532714844
vt 0.362792969 0.569824219
vt 0.383544922 0.579101562
vt 0.407470703 0.514160156
vt 0.352050781 0.54296875
vt 0.3515625 0.563964844
vt 0.366699219 0.51171875
vt 0.403320312 0.477294922
vt 0.447021484 0.459228516
vt 0.452392578 0.472412109
vt 0.464111328 0.484375
vt 0.482910156 0.454101562
vt 0.762695312 0.353759766
vt 0.689453125 0.439453125
vt 0.708007812 0.332275391
vt 0.752929688 0.445800781
vt 0.816894531 0.381835938
vt 0.702148438 0.521972656
vt 0.807128906 0.456542969
vt 0.750488281 0.521484375
vt 0.739257812 0.610839844
vt 0.797363281 0.523925781
vt 0.762207031 0.605957031
vt 0.78515625 0.677246094
vt 0.788085938 0.604003906
vt 0.689453125 0.439453125
vt 0.762695312 0.353759766
vt 0.708007812 0.332275391
vt 0.752929688 0.445800781
vt 0.816894531 0.381835938
vt 0.702148438 0.521972656
vt 0.807128906 0.456542969
vt 0.750488281 0.521484375
vt 0.797363281 0.523925781
vt 0.739257812 0.610839844
vt 0.788085938 0.604003906
vt 0.762207031 0.605957031
vt 0.78515625 0.677246094
vt 0.551757812 0.393798828
vt 0.508300781 0.469726562
vt 0.510253906 0.390625
vt 0.554199219 0.473632812
vt 0.592285156 0.405761719
vt 0.530761719 0.550292969
vt 0.598632812 0.470703125
vt 0.568359375 0.548828125
vt 0.569335938 0.631347656
vt 0.609863281 0.545898438
vt 0.592285156 0.622558594
vt 0.62109375 0.690917969
vt 0.615722656 0.618652344
vt 0.508300781 0.469726562
vt 0.551757812 0.393798828
vt 0.510253906 0.390625
vt 0.554199219 0.473632812
vt 0.592285156 0.405761719
vt 0.530761719 0.550292969
vt 0.598632812 0.470703125
vt 0.568359375 0.548828125
vt 0.569335938 0.631347656
vt 0.609863281 0.545898438
vt 0.592285156 0.622070312
vt 0.62109375 0.690917969
vt 0.615722656 0.618652344
vt 0.454345703 0.518066406
vt 0.520507812 0.561035156
vt 0.482421875 0.485351562
vt 0.479492188 0.579589844
vt 0.529785156 0.628417969
vt 0.43359375 0.561035156
vt 0.49609375 0.636230469
vt 0.514160156 0.696289062
vt 0.464599609 0.643066406
vt 0.498535156 0.697265625
vt 0.494628906 0.740234375
vt 0.483154297 0.698730469
vt 0.520507812 0.561035156
vt 0.454345703 0.518066406
vt 0.482421875 0.485351562
vt 0.479492188 0.580078125
vt 0.43359375 0.561035156
vt 0.529785156 0.628417969
vt 0.464599609 0.643066406
vt 0.49609375 0.636230469
vt 0.514160156 0.696289062
vt 0.483154297 0.698730469
vt 0.498535156 0.697265625
vt 0.494628906 0.740234375
vt 0.927734375 0.89453125
vt 0.955078125 0.974121094
vt 0.932128906 0.977539062
vt 0.950683594 0.900390625
vt 0.985839844 0.96875
vt 0.947265625 0.856445312
vt 0.981933594 0.908691406
vt 0.962402344 0.862792969
vt 0.987304688 0.817871094
vt 0.983398438 0.865722656
vt 0.352050781 0.54296875
vt 0.362792969 0.569824219
vt 0.3515625 0.563964844
vt 0.407470703 0.514160156
vt 0.383544922 0.579101562
vt 0.366699219 0.51171875
vt 0.403320312 0.477294922
vt 0.426269531 0.532714844
vt 0.447021484 0.459228516
vt 0.452392578 0.472412109
vt 0.464111328 0.484375
vt 0.482910156 0.454101562
vt 0.520996094 0.949707031
vt 0.499755859 0.976074219
vt 0.479492188 0.965332031
vt 0.5234375 0.96875
vt 0.525390625 0.988769531
vt 0.551757812 0.954589844
vt 0.55078125 0.971679688
vt 0.550292969 0.98828125
vt 0.579101562 0.969726562
vt 0.577148438 0.979003906
vt 0.575195312 0.988769531
vt 0.599609375 0.989257812
vt 0.982910156 0.397705078
vt 0.969726562 0.371826172
vt 0.982910156 0.362548828
vt 0.963867188 0.393798828
vt 0.959960938 0.354248047
vt 0.952636719 0.362792969
vt 0.9296875 0.414794922
vt 0.9296875 0.474365234
vt 0.954589844 0.472900391
vt 0.982910156 0.471679688
vt 0.950195312 0.526367188
vt 0.962890625 0.522949219
vt 0.982910156 0.520019531
vt 0.982910156 0.563964844
vt 0.352050781 0.54296875
vt 0.390380859 0.53515625
vt 0.366699219 0.51171875
vt 0.407470703 0.514160156
vt 0.403320312 0.477294922
vt 0.447021484 0.459228516
vt 0.426269531 0.532714844
vt 0.383544922 0.579101562
vt 0.452392578 0.472412109
vt 0.482910156 0.454101562
vt 0.464111328 0.484375
vt 0.862304688 0.689941406
vt 0.824707031 0.812011719
vt 0.803222656 0.686035156
vt 0.868652344 0.8046875
vt 0.862792969 0.91015625
vt 0.88671875 0.903320312
vt 0.916992188 0.989746094
vt 0.916992188 0.897949219
vt 0.916992188 0.801269531
vt 0.916992188 0.697265625
vt 0.916992188 0.590820312
vt 0.860839844 0.568359375
vt 0.916992188 0.493652344
vt 0.870117188 0.471679688
vt 0.806640625 0.557617188
vt 0.916992188 0.409179688
vt 0.82421875 0.452636719
vt 0.884765625 0.395019531
vt 0.916992188 0.330810547
vt 0.848632812 0.37890625
vt 0.904296875 0.322509766
vt 0.883300781 0.308349609
vt 0.803222656 0.686035156
vt 0.860839844 0.568359375
vt 0.862304688 0.689941406
vt 0.806640625 0.557617188
vt 0.860839844 0.568359375
vt 0.862304688 0.689941406
vt 0.824707031 0.812011719
vt 0.870117188 0.471679688
vt 0.82421875 0.452636719
vt 0.868652344 0.8046875
vt 0.862792969 0.91015625
vt 0.884765625 0.395019531
vt 0.848632812 0.37890625
vt 0.904296875 0.322509766
vt 0.883300781 0.308349609
vt 0.916992188 0.330810547
vt 0.916992188 0.409179688
vt 0.916992188 0.493652344
vt 0.916992188 0.590820312
vt 0.916992188 0.697265625
vt 0.916992188 0.801269531
vt 0.916992188 0.897949219
vt 0.88671875 0.903320312
vt 0.916992188 0.989746094
vt 0.802734375 0.131225586
vt 0.86328125 0.131835938
vt 0.846191406 0.152832031
vt 0.822265625 0.102783203
vt 0.878417969 0.112426758
vt 0.841308594 0.0747680664
vt 0.778320312 0.0372619629
vt 0.760253906 0.071472168
vt 0.743652344 0.102783203
vt 0.719726562 0.0167388916
vt 0.692382812 0.0505981445
vt 0.673828125 0.0155639648
vt 0.681152344 0.0810546875
vt 0.623046875 0.024520874
vt 0.622558594 0.0426635742
vt 0.617675781 0.0615844727
vt 0.569335938 0.0476379395
vt 0.841308594 0.0747680664
vt 0.86328125 0.131835938
vt 0.878417969 0.112426758
vt 0.822265625 0.102783203
vt 0.846191406 0.152832031
vt 0.778320312 0.0372619629
vt 0.802734375 0.131225586
vt 0.760253906 0.071472168
vt 0.719726562 0.0167388916
vt 0.743652344 0.102783203
vt 0.692382812 0.0505981445
vt 0.673828125 0.0155639648
vt 0.681152344 0.0810546875
vt 0.623046875 0.024520874
vt 0.622558594 0.0426635742
vt 0.617675781 0.0615844727
vt 0.569335938 0.0476379395
vt 0.96875 0.583007812
vt 0.934570312 0.55078125
vt 0.943359375 0.547851562
vt 0.946777344 0.590332031
vt 0.931152344 0.554199219
vt 0.931152344 0.598144531
vt 0.95703125 0.632324219
vt 0.983886719 0.625
vt 0.931152344 0.639160156
vt 0.990234375 0.688964844
vt 0.961914062 0.69140625
vt 0.931152344 0.6953125
vt 0.977050781 0.754394531
vt 0.958007812 0.750976562
vt 0.931152344 0.750976562
vt 0.954101562 0.797851562
vt 0.944335938 0.794433594
vt 0.931152344 0.792480469
vt 0.931152344 0.820800781
vt 0.931152344 0.598144531
vt 0.934570312 0.55078125
vt 0.931152344 0.554199219
vt 0.946777344 0.590332031
vt 0.943359375 0.547851562
vt 0.96875 0.583007812
vt 0.95703125 0.632324219
vt 0.983886719 0.625
vt 0.931152344 0.639160156
vt 0.990234375 0.688964844
vt 0.961914062 0.69140625
vt 0.931152344 0.6953125
vt 0.977050781 0.754394531
vt 0.958007812 0.750976562
vt 0.931152344 0.750976562
vt 0.954101562 0.797851562
vt 0.944335938 0.794433594
vt 0.931152344 0.792480469
vt 0.931152344 0.820800781
vt 0.187988281 0.0615234375
vt 0.162353516 0.0637817383
vt 0.162353516 0.0596618652
vt 0.138793945 0.0653686523
vt 0.138671875 0.0585021973
vt 0.110717773 0.0607910156
vt 0.110778809 0.0682373047
vt 0.0848999023 0.0586242676
vt 0.0849609375 0.0660400391
vt 0.0616760254 0.0616149902
vt 0.0634155273 0.0544128418
vt 0.0133590698 0.0385742188
vt 0.0125656128 0.0418701172
vt 0.147583008 0.0143356323
vt 0.117126465 0.00724029541
vt 0.14831543 0.00890350342
vt 0.176025391 0.0266113281
vt 0.178833008 0.0193328857
vt 0.205078125 0.0344543457
vt 0.200073242 0.0420227051
vt 0.213623047 0.0403747559
vt 0.208129883 0.0475463867
vt 0.21472168 0.0519104004
vt 0.219848633 0.0455627441
vt 0.225708008 0.0502624512
vt 0.220581055 0.0562133789
vt 0.226318359 0.0608825684
vt 0.231201172 0.055267334
vt 0.237670898 0.0602722168
vt 0.232910156 0.0668334961
vt 0.244873047 0.0649414062
vt 0.241210938 0.071472168
vt 0.296386719 0.0920410156
vt 0.293701172 0.0977783203
vt 0.985839844 0.0327148438
vt 0.986328125 0.0668334961
vt 0.981933594 0.0667114258
vt 0.986816406 0.0861206055
vt 0.979980469 0.0859985352
vt 0.987792969 0.105163574
vt 0.979003906 0.105224609
vt 0.989257812 0.146484375
vt 0.978027344 0.146606445
vt 0.979492188 0.184570312
vt 0.989746094 0.184326172
vt 0.990722656 0.209228516
vt 0.98046875 0.209716797
vt 0.987792969 0.291015625
vt 0.990234375 0.291015625
vt 0.908203125 0.0942993164
vt 0.929199219 0.0642089844
vt 0.911621094 0.0965576172
vt 0.893066406 0.120788574
vt 0.899414062 0.123168945
vt 0.891601562 0.147338867
vt 0.883300781 0.145019531
vt 0.878417969 0.175170898
vt 0.888183594 0.17565918
vt 0.888671875 0.201171875
vt 0.877929688 0.202148438
vt 0.889648438 0.213500977
vt 0.87890625 0.215576172
vt 0.881835938 0.227661133
vt 0.892578125 0.224609375
vt 0.895507812 0.234619141
vt 0.885253906 0.238647461
vt 0.889160156 0.248291016
vt 0.899414062 0.244140625
vt 0.90234375 0.253662109
vt 0.892578125 0.258056641
vt 0.907714844 0.265380859
vt 0.897460938 0.269775391
vt 0.919433594 0.316162109
vt 0.928222656 0.312255859
vt 0.943359375 0.34765625
vt 0.937011719 0.350585938
vt 0.458007812 0.142211914
vt 0.519042969 0.150634766
vt 0.517089844 0.160522461
vt 0.562988281 0.155517578
vt 0.562011719 0.168457031
vt 0.606933594 0.158325195
vt 0.60546875 0.176025391
vt 0.679199219 0.153686523
vt 0.678222656 0.174194336
vt 0.755859375 0.16784668
vt 0.75 0.18762207
vt 0.870605469 0.218017578
vt 0.867675781 0.230224609
vt 0.598144531 0.192871094
vt 0.553222656 0.179931641
vt 0.599609375 0.186035156
vt 0.632324219 0.200439453
vt 0.634765625 0.189941406
vt 0.672363281 0.192749023
vt 0.669433594 0.206665039
vt 0.723144531 0.201049805
vt 0.719726562 0.216918945
vt 0.740722656 0.221679688
vt 0.743652344 0.206665039
vt 0.762207031 0.211425781
vt 0.758789062 0.22668457
vt 0.773925781 0.230834961
vt 0.776855469 0.215820312
vt 0.787109375 0.235961914
vt 0.79296875 0.221435547
vt 0.809082031 0.228881836
vt 0.802246094 0.243408203
vt 0.896484375 0.290039062
vt 0.895019531 0.298583984
vt 0.427734375 0.126464844
vt 0.485839844 0.125244141
vt 0.484619141 0.134765625
vt 0.517089844 0.127075195
vt 0.515625 0.138671875
vt 0.548828125 0.12878418
vt 0.547363281 0.142578125
vt 0.619140625 0.12890625
vt 0.620117188 0.145874023
vt 0.683105469 0.117004395
vt 0.683105469 0.134033203
vt 0.818847656 0.170532227
vt 0.824707031 0.155761719
vt 0.544433594 0.0175170898
vt 0.600097656 0.0146865845
vt 0.544433594 0.0112686157
vt 0.510253906 0.018737793
vt 0.510253906 0.00967407227
vt 0.470214844 0.00804901123
vt 0.470214844 0.0199432373
vt 0.403076172 0.00613021851
vt 0.402832031 0.0211334229
vt 0.384765625 0.00602340698
vt 0.384521484 0.0210266113
vt 0.368164062 0.0209197998
vt 0.368408203 0.00592422485
vt 0.352783203 0.00582504272
vt 0.352783203 0.0208282471
vt 0.340087891 0.0207366943
vt 0.340332031 0.00573348999
vt 0.328369141 0.00564193726
vt 0.328125 0.0206451416
vt 0.310302734 0.00550079346
vt 0.310302734 0.0204925537
vt 0.241821289 0.0173187256
vt 0.241821289 0.00759124756
vt 0.18737793 0.00861358643
vt 0.187255859 0.0154190063
vt 0.662109375 0.104614258
vt 0.595214844 0.11505127
vt 0.595214844 0.106811523
vt 0.513671875 0.0330200195
vt 0.529785156 0.0962524414
vt 0.510253906 0.115966797
vt 0.511230469 0.094909668
vt 0.522460938 0.0756835938
vt 0.50390625 0.0833129883
vt 0.491699219 0.0760498047
vt 0.495849609 0.0565185547
vt 0.449462891 0.0294647217
vt 0.47265625 0.0635986328
vt 0.473632812 0.0795288086
vt 0.460449219 0.0942382812
vt 0.449462891 0.0706176758
vt 0.365722656 0.034362793
vt 0.436767578 0.0920410156
vt 0.456054688 0.116760254
vt 0.364990234 0.102416992
vt 0.364990234 0.0762939453
vt 0.330566406 0.0869140625
vt 0.332275391 0.0653076172
vt 0.334472656 0.034942627
vt 0.296386719 0.0714111328
vt 0.299804688 0.0543823242
vt 0.302978516 0.0355529785
vt 0.233276367 0.0273132324
vt 0.869628906 0.310058594
vt 0.722167969 0.321044922
vt 0.745117188 0.303222656
vt 0.725585938 0.301513672
vt 0.717773438 0.281738281
vt 0.738769531 0.28125
vt 0.740722656 0.241577148
vt 0.712402344 0.256347656
vt 0.700195312 0.272216797
vt 0.678710938 0.22253418
vt 0.668945312 0.253417969
vt 0.67578125 0.279296875
vt 0.583496094 0.202270508
vt 0.6484375 0.26171875
vt 0.661621094 0.302978516
vt 0.578613281 0.266601562
vt 0.583496094 0.239746094
vt 0.545898438 0.238769531
vt 0.551269531 0.217529297
vt 0.555664062 0.191772461
vt 0.513671875 0.2109375
vt 0.519042969 0.19543457
vt 0.52734375 0.181152344
vt 0.478027344 0.15637207
vt 0.927734375 0.234863281
vt 0.927734375 0.245361328
vt 0.914550781 0.239746094
vt 0.942871094 0.23425293
vt 0.935058594 0.226928711
vt 0.935058594 0.291992188
vt 0.938476562 0.216674805
vt 0.939941406 0.291992188
vt 0.954101562 0.329589844
vt 0.970214844 0.238769531
vt 0.94921875 0.215332031
vt 0.969726562 0.212158203
vt 0.961914062 0.172485352
vt 0.938964844 0.193847656
vt 0.933105469 0.205566406
vt 0.924316406 0.199951172
vt 0.920410156 0.188110352
vt 0.911132812 0.200927734
vt 0.913085938 0.168334961
vt 0.915039062 0.135620117
vt 0.931152344 0.135131836
vt 0.956054688 0.128417969
vt 0.926757812 0.109069824
vt 0.938964844 0.110351562
vt 0.955566406 0.10760498
vt 0.937988281 0.0825195312
vt 0.947265625 0.0855102539
vt 0.955566406 0.0869140625
vt 0.962402344 0.0500488281
vt 0.0760498047 0.0165252686
vt 0.0696411133 0.0124130249
vt 0.0750732422 0.00656509399
vt 0.00799560547 0.0161743164
vt 0.0717163086 0.0272216797
vt 0.0795898438 0.0236663818
vt 0.0588989258 0.040802002
vt 0.0854492188 0.0283203125
vt 0.0834960938 0.0359191895
vt 0.0814819336 0.0486755371
vt 0.108215332 0.0534362793
vt 0.100097656 0.0327758789
vt 0.0919799805 0.0278167725
vt 0.0971069336 0.0233306885
vt 0.104125977 0.0209655762
vt 0.0992431641 0.0139083862
vt 0.133422852 0.017868042
vt 0.137207031 0.0283050537
vt 0.141845703 0.0489807129
vt 0.168823242 0.0325622559
vt 0.168334961 0.0407714844
vt 0.168212891 0.0491638184
vt 0.196289062 0.0531311035
vt 0.860839844 0.00762939453
vt 0.81640625 0.0218353271
vt 0.818847656 0.00819396973
vt 0.762207031 0.007396698
vt 0.809082031 0.0410766602
vt 0.858398438 0.0281982422
vt 0.858398438 0.0535583496
vt 0.915527344 0.0495605469
vt 0.91015625 0.0283966064
vt 0.913085938 0.00817871094
vt 0.96484375 0.0295562744
vt 0.960449219 0.0179595947
vt 0.958984375 0.00784301758
vt 0.995605469 0.00686645508
vt 0.624511719 0.923339844
vt 0.686523438 0.985839844
vt 0.604492188 0.942871094
vt 0.568847656 0.860351562
vt 0.587402344 0.962402344
vt 0.540527344 0.885742188
vt 0.532226562 0.816894531
vt 0.514160156 0.908691406
vt 0.499267578 0.833007812
vt 0.49609375 0.770507812
vt 0.463378906 0.850097656
vt 0.475097656 0.778320312
vt 0.459472656 0.709472656
vt 0.447998047 0.787109375
vt 0.7578125 0.92578125
vt 0.806152344 0.986328125
vt 0.739746094 0.940917969
vt 0.6953125 0.854980469
vt 0.723144531 0.958984375
vt 0.66015625 0.87890625
vt 0.649902344 0.801269531
vt 0.625 0.901855469
vt 0.607910156 0.822265625
vt 0.612792969 0.745117188
vt 0.567871094 0.842773438
vt 0.576171875 0.759277344
vt 0.537109375 0.772949219
vt 0.581542969 0.687988281
vt 0.53125 0.697265625
vt 0.556640625 0.691894531
vt 0.551757812 0.623535156
vt 0.556640625 0.691894531
vt 0.666015625 0.555664062
vt 0.625488281 0.556640625
vt 0.651367188 0.453857422
vt 0.695800781 0.552734375
vt 0.739746094 0.653320312
vt 0.692382812 0.657226562
vt 0.633789062 0.659179688
vt 0.675292969 0.780273438
vt 0.73046875 0.767578125
vt 0.776855469 0.753417969
vt 0.747070312 0.895019531
vt 0.784667969 0.873535156
vt 0.8203125 0.855957031
vt 0.813476562 0.953613281
vt 0.831542969 0.939941406
vt 0.852539062 0.921875
vt 0.891601562 0.991699219
vt 0.626464844 0.409912109
vt 0.637207031 0.355957031
vt 0.648925781 0.363037109
vt 0.668945312 0.344238281
vt 0.615234375 0.409667969
vt 0.619628906 0.450683594
vt 0.615234375 0.450683594
vt 0.62109375 0.456787109
vt 0.619140625 0.467041016
vt 0.669921875 0.318603516
vt 0.624023438 0.452392578
vt 0.627929688 0.454833984
vt 0.651367188 0.419677734
vt 0.636230469 0.412841797
vt 0.680664062 0.328369141
vt 0.688964844 0.336914062
vt 0.670898438 0.375976562
vt 0.65625 0.367431641
vt 0.982910156 0.362548828
vt 0.963867188 0.393798828
vt 0.982910156 0.397705078
vt 0.976074219 0.350341797
vt 0.959960938 0.354003906
vt 0.952636719 0.362548828
vt 0.9296875 0.414794922
vt 0.9296875 0.474365234
vt 0.982910156 0.471679688
vt 0.954589844 0.472900391
vt 0.950195312 0.526367188
vt 0.962890625 0.522949219
vt 0.982910156 0.520019531
vt 0.982910156 0.564453125
vt 0.982910156 0.362548828
vt 0.963867188 0.393798828
vt 0.976074219 0.350341797
vt 0.982910156 0.397705078
vt 0.959960938 0.354003906
vt 0.952636719 0.362548828
vt 0.9296875 0.414794922
vt 0.9296875 0.474365234
vt 0.982910156 0.471679688
vt 0.954589844 0.472900391
vt 0.950195312 0.526367188
vt 0.962890625 0.522949219
vt 0.982910156 0.520019531
vt 0.982910156 0.564453125
vt 0.688964844 0.336914062
vt 0.680664062 0.328369141
vt 0.668945312 0.344238281
vt 0.669921875 0.318603516
vt 0.670898438 0.375976562
vt 0.637207031 0.355957031
vt 0.65625 0.367431641
vt 0.648925781 0.363037109
vt 0.636230469 0.412841797
vt 0.626464844 0.409912109
vt 0.651367188 0.419677734
vt 0.615234375 0.409667969
vt 0.619628906 0.450683594
vt 0.615234375 0.450683594
vt 0.62109375 0.456787109
vt 0.619140625 0.467041016
vt 0.624023438 0.452392578
vt 0.627929688 0.454833984
vt 0.198852539 0.512695312
vt 0.210083008 0.513671875
vt 0.203125 0.508300781
vt 0.186523438 0.483886719
vt 0.203125 0.508300781
vt 0.210083008 0.513671875
vt 0.20703125 0.522460938
vt 0.225830078 0.540527344
vt 0.231201172 0.53125
vt 0.231201172 0.53125
vt 0.244628906 0.558105469
vt 0.252197266 0.548339844
vt 0.252197266 0.548339844
vt 0.294921875 0.589355469
vt 0.302978516 0.578125
vt 0.302978516 0.578125
vt 0.340332031 0.632324219
vt 0.353027344 0.620605469
vt 0.353027344 0.620605469
vt 0.367431641 0.676757812
vt 0.392822266 0.6640625
vt 0.392822266 0.6640625
vt 0.388183594 0.725097656
vt 0.425292969 0.728027344
vt 0.388916016 0.783691406
vt 0.425292969 0.728027344
vt 0.427734375 0.788574219
vt 0.427734375 0.788574219
vt 0.396484375 0.852050781
vt 0.396484375 0.852050781
vt 0.368164062 0.844726562
vt 0.373291016 0.882324219
vt 0.373291016 0.882324219
vt 0.35546875 0.877929688
vt 0.031829834 0.548339844
vt 0.00971984863 0.5390625
vt 0.034362793 0.531738281
vt 0.0673828125 0.549804688
vt 0.0106201172 0.5859375
vt 0.0498352051 0.56640625
vt 0.0725708008 0.560546875
vt 0.0986328125 0.545898438
vt 0.0175170898 0.587402344
vt 0.0353393555 0.587402344
vt 0.0121231079 0.6171875
vt 0.00867462158 0.613769531
vt 0.0124816895 0.633300781
vt 0.00685501099 0.631347656
vt 0.0119552612 0.661132812
vt 0.0642089844 0.590820312
vt 0.0221862793 0.619140625
vt 0.0413818359 0.611328125
vt 0.0630493164 0.600585938
vt 0.10736084 0.576660156
vt 0.0466918945 0.614746094
vt 0.0190582275 0.635742188
vt 0.0256652832 0.63671875
vt 0.0298461914 0.641601562
vt 0.0124435425 0.659667969
vt 0.0989990234 0.553222656
vt 0.11730957 0.573242188
vt 0.124145508 0.579101562
vt 0.137817383 0.564941406
vt 0.11895752 0.542480469
vt 0.116821289 0.536621094
vt 0.142578125 0.514648438
vt 0.12878418 0.544433594
vt 0.143554688 0.541992188
vt 0.461669922 0.920410156
vt 0.454833984 0.954589844
vt 0.468505859 0.957519531
vt 0.479980469 0.926757812
vt 0.467041016 0.991699219
vt 0.461669922 0.920410156
vt 0.454833984 0.954589844
vt 0.412841797 0.859375
vt 0.422607422 0.917480469
vt 0.455566406 0.864257812
vt 0.383789062 0.888183594
vt 0.481689453 0.885742188
vt 0.461669922 0.920410156
vt 0.454833984 0.954589844
vt 0.361328125 0.917480469
vt 0.410644531 0.947265625
vt 0.467041016 0.991699219
vt 0.401855469 0.986328125
vt 0.343017578 0.967773438
vt 0.327636719 0.951171875
vt 0.341796875 0.986816406
vt 0.275390625 0.989746094
vt 0.155273438 0.8828125
vt 0.138793945 0.878417969
vt 0.140380859 0.891601562
vt 0.124938965 0.889160156
vt 0.150390625 0.870605469
vt 0.136230469 0.861328125
vt 0.16394043 0.869628906
vt 0.125488281 0.874511719
vt 0.111694336 0.879394531
vt 0.15222168 0.858886719
vt 0.170166016 0.853515625
vt 0.163085938 0.839355469
vt 0.119934082 0.86328125
vt 0.105102539 0.863769531
vt 0.108276367 0.847167969
vt 0.145385742 0.848632812
vt 0.147949219 0.829101562
vt 0.124084473 0.850585938
vt 0.118347168 0.834472656
vt 0.134277344 0.845703125
vt 0.132446289 0.828613281
vt 0.031829834 0.548339844
vt 0.034362793 0.531738281
vt 0.00971984863 0.5390625
vt 0.0673828125 0.549804688
vt 0.0106201172 0.5859375
vt 0.0498352051 0.56640625
vt 0.0725708008 0.560546875
vt 0.0986328125 0.545898438
vt 0.0175170898 0.587402344
vt 0.0353393555 0.587402344
vt 0.0121231079 0.6171875
vt 0.00867462158 0.613769531
vt 0.0124816895 0.633300781
vt 0.00685501099 0.631347656
vt 0.0119552612 0.661132812
vt 0.0642089844 0.590820312
vt 0.0221862793 0.619140625
vt 0.0413818359 0.611328125
vt 0.0630493164 0.600585938
vt 0.0466918945 0.614746094
vt 0.10736084 0.576660156
vt 0.0256652832 0.63671875
vt 0.0298461914 0.641601562
vt 0.0190582275 0.635742188
vt 0.0124435425 0.659667969
vt 0.0989990234 0.553222656
vt 0.11730957 0.573242188
vt 0.124145508 0.579101562
vt 0.137817383 0.564941406
vt 0.12878418 0.544433594
vt 0.143554688 0.541992188
vt 0.142578125 0.514648438
vt 0.11895752 0.542480469
vt 0.116821289 0.536621094
vt 0.026473999 0.8125
vt 0.0068397522 0.835449219
vt 0.00687789917 0.8125
vt 0.0274658203 0.835449219
vt 0.026473999 0.8125
vt 0.0274658203 0.835449219
vt 0.0274047852 0.870117188
vt 0.0274047852 0.870117188
vt 0.00678253174 0.870117188
vt 0.0273742676 0.899902344
vt 0.0273742676 0.899902344
vt 0.00674819946 0.899902344
vt 0.0265045166 0.926269531
vt 0.0265045166 0.926269531
vt 0.00674819946 0.926269531
vt 0.00674438477 0.986328125
vt 0.412841797 0.859375
vt 0.422607422 0.917480469
vt 0.383789062 0.888183594
vt 0.455566406 0.864257812
vt 0.481689453 0.885742188
vt 0.461669922 0.920410156
vt 0.454833984 0.954589844
vt 0.361328125 0.917480469
vt 0.410644531 0.947265625
vt 0.467041016 0.991699219
vt 0.401855469 0.986328125
vt 0.343017578 0.967773438
vt 0.327636719 0.951171875
vt 0.341796875 0.986816406
vt 0.275390625 0.989746094
vt 0.138793945 0.878417969
vt 0.155273438 0.8828125
vt 0.140380859 0.891601562
vt 0.124938965 0.889160156
vt 0.150390625 0.870605469
vt 0.136230469 0.861328125
vt 0.16394043 0.869628906
vt 0.125488281 0.874511719
vt 0.111694336 0.879394531
vt 0.15222168 0.858886719
vt 0.170166016 0.853515625
vt 0.163085938 0.839355469
vt 0.119934082 0.86328125
vt 0.105102539 0.863769531
vt 0.108276367 0.847167969
vt 0.145385742 0.848632812
vt 0.147949219 0.829101562
vt 0.124084473 0.850585938
vt 0.118347168 0.834472656
vt 0.134277344 0.845703125
vt 0.132446289 0.828613281
vt 0.662109375 0.104614258
vt 0.595214844 0.106811523
vt 0.595214844 0.11505127
vt 0.513671875 0.0330200195
vt 0.529785156 0.0962524414
vt 0.510253906 0.115966797
vt 0.511230469 0.094909668
vt 0.522460938 0.0756835938
vt 0.50390625 0.0833129883
vt 0.491699219 0.0760498047
vt 0.495849609 0.0565185547
vt 0.47265625 0.0635986328
vt 0.473632812 0.0795288086
vt 0.449462891 0.0294647217
vt 0.460449219 0.0942382812
vt 0.449462891 0.0706176758
vt 0.365722656 0.034362793
vt 0.436767578 0.0920410156
vt 0.456054688 0.116760254
vt 0.364990234 0.102416992
vt 0.364990234 0.0762939453
vt 0.330566406 0.0869140625
vt 0.332275391 0.0653076172
vt 0.334472656 0.034942627
vt 0.296386719 0.0714111328
vt 0.299804688 0.0543823242
vt 0.302978516 0.0355529785
vt 0.233276367 0.0273132324
vt 0.745117188 0.303222656
vt 0.725585938 0.301513672
vt 0.722167969 0.321044922
vt 0.869628906 0.310058594
vt 0.717773438 0.281738281
vt 0.738769531 0.28125
vt 0.740722656 0.241577148
vt 0.712402344 0.256347656
vt 0.700195312 0.272216797
vt 0.678710938 0.22253418
vt 0.668945312 0.253417969
vt 0.67578125 0.279296875
vt 0.6484375 0.26171875
vt 0.661621094 0.302978516
vt 0.578613281 0.266601562
vt 0.583496094 0.202270508
vt 0.583496094 0.239746094
vt 0.545898438 0.238769531
vt 0.551269531 0.217529297
vt 0.555664062 0.191772461
vt 0.513671875 0.2109375
vt 0.519042969 0.19543457
vt 0.52734375 0.181152344
vt 0.478027344 0.15637207
vt 0.927734375 0.245361328
vt 0.927734375 0.234863281
vt 0.914550781 0.239746094
vt 0.942871094 0.23425293
vt 0.935058594 0.226928711
vt 0.935058594 0.291992188
vt 0.938476562 0.216674805
vt 0.939941406 0.291992188
vt 0.954101562 0.329589844
vt 0.970214844 0.238769531
vt 0.94921875 0.215332031
vt 0.969726562 0.212158203
vt 0.961914062 0.172485352
vt 0.938964844 0.193847656
vt 0.933105469 0.205566406
vt 0.924316406 0.199951172
vt 0.920410156 0.188110352
vt 0.911132812 0.200927734
vt 0.913085938 0.168334961
vt 0.915039062 0.135620117
vt 0.931152344 0.135131836
vt 0.956054688 0.128417969
vt 0.926757812 0.109069824
vt 0.938964844 0.110351562
vt 0.955566406 0.10760498
vt 0.937988281 0.0825195312
vt 0.947265625 0.0855102539
vt 0.955566406 0.0869140625
vt 0.962402344 0.0500488281
vt 0.0696411133 0.0124130249
vt 0.0760498047 0.0165252686
vt 0.0750732422 0.00656509399
vt 0.00799560547 0.0161743164
vt 0.0717163086 0.0272216797
vt 0.0795898438 0.0236663818
vt 0.0588989258 0.040802002
vt 0.0854492188 0.0283203125
vt 0.0834960938 0.0359191895
vt 0.0814819336 0.0486755371
vt 0.108215332 0.0534362793
vt 0.100097656 0.0327758789
vt 0.0919799805 0.0278167725
vt 0.0971069336 0.0233306885
vt 0.104125977 0.0209655762
vt 0.0992431641 0.0139083862
vt 0.133422852 0.017868042
vt 0.137207031 0.0283050537
vt 0.141845703 0.0489807129
vt 0.168823242 0.0325622559
vt 0.168334961 0.0407714844
vt 0.168212891 0.0491638184
vt 0.196289062 0.0531311035
vt 0.81640625 0.0218353271
vt 0.860839844 0.00762939453
vt 0.818847656 0.00819396973
vt 0.762207031 0.007396698
vt 0.809082031 0.0410766602
vt 0.858398438 0.0281982422
vt 0.858398438 0.0535583496
vt 0.915527344 0.0495605469
vt 0.91015625 0.0283966064
vt 0.913085938 0.00817871094
vt 0.96484375 0.0295562744
vt 0.960449219 0.0179595947
vt 0.958984375 0.00784301758
vt 0.995605469 0.00686645508
vt 0.624511719 0.923339844
vt 0.604492188 0.942871094
vt 0.686523438 0.985839844
vt 0.568847656 0.860351562
vt 0.587402344 0.962402344
vt 0.540527344 0.885742188
vt 0.532226562 0.816894531
vt 0.514160156 0.908691406
vt 0.499267578 0.833007812
vt 0.49609375 0.770507812
vt 0.463378906 0.850097656
vt 0.475097656 0.778320312
vt 0.459472656 0.709472656
vt 0.447998047 0.787109375
vt 0.576171875 0.759277344
vt 0.581542969 0.687988281
vt 0.556640625 0.691894531
vt 0.53125 0.697265625
vt 0.537109375 0.772949219
vt 0.612792969 0.745117188
vt 0.567871094 0.842773438
vt 0.607910156 0.822265625
vt 0.649902344 0.801269531
vt 0.625 0.901855469
vt 0.66015625 0.87890625
vt 0.6953125 0.854980469
vt 0.723144531 0.958984375
vt 0.739746094 0.940917969
vt 0.7578125 0.92578125
vt 0.806152344 0.986328125
vt 0.625488281 0.556640625
vt 0.666015625 0.555664062
vt 0.651367188 0.453857422
vt 0.633789062 0.659179688
vt 0.695800781 0.552734375
vt 0.692382812 0.657226562
vt 0.675292969 0.780273438
vt 0.739746094 0.653320312
vt 0.73046875 0.767578125
vt 0.747070312 0.895019531
vt 0.776855469 0.753417969
vt 0.784667969 0.873535156
vt 0.813476562 0.953613281
vt 0.8203125 0.855957031
vt 0.831542969 0.939941406
vt 0.891601562 0.991699219
vt 0.852539062 0.921875
vt 0.652832031 0.365234375
vt 0.688964844 0.336914062
vt 0.680664062 0.328369141
vt 0.669921875 0.318603516
vt 0.670898438 0.375976562
vt 0.637207031 0.355957031
vt 0.651367188 0.419677734
vt 0.630859375 0.41015625
vt 0.615234375 0.409667969
vt 0.615234375 0.450683594
vt 0.622070312 0.450927734
vt 0.627929688 0.454833984
vt 0.619140625 0.467041016
vt 0.479492188 0.965332031
vt 0.5234375 0.96875
vt 0.520996094 0.949707031
vt 0.499755859 0.976074219
vt 0.551757812 0.954589844
vt 0.525390625 0.988769531
vt 0.55078125 0.971679688
vt 0.579101562 0.969726562
vt 0.550292969 0.98828125
vt 0.577148438 0.979003906
vt 0.599609375 0.989257812
vt 0.575195312 0.988769531
vt 0.932128906 0.977539062
vt 0.950683594 0.900390625
vt 0.927734375 0.89453125
vt 0.955078125 0.974121094
vt 0.985839844 0.96875
vt 0.947265625 0.856445312
vt 0.981933594 0.908691406
vt 0.962402344 0.862792969
vt 0.987304688 0.817871094
vt 0.983398438 0.865722656
vt 0.652832031 0.365234375
vt 0.688964844 0.336914062
vt 0.670898438 0.375976562
vt 0.680664062 0.328369141
vt 0.669921875 0.318603516
vt 0.637207031 0.355957031
vt 0.651367188 0.419677734
vt 0.630859375 0.41015625
vt 0.615234375 0.409667969
vt 0.615234375 0.450683594
vt 0.622070312 0.450927734
vt 0.627929688 0.454833984
vt 0.619140625 0.467041016
vt 0.479492188 0.965332031
vt 0.5234375 0.96875
vt 0.499755859 0.976074219
vt 0.520996094 0.949707031
vt 0.525390625 0.988769531
vt 0.551757812 0.954589844
vt 0.55078125 0.971679688
vt 0.550292969 0.98828125
vt 0.579101562 0.969726562
vt 0.577148438 0.979003906
vt 0.575195312 0.988769531
vt 0.599609375 0.989257812
vt 0.932128906 0.977539062
vt 0.950683594 0.900390625
vt 0.955078125 0.974121094
vt 0.927734375 0.89453125
vt 0.985839844 0.96875
vt 0.947265625 0.856445312
vt 0.981933594 0.908691406
vt 0.962402344 0.862792969
vt 0.987304688 0.817871094
vt 0.983398438 0.865722656
vt 0.0680541992 0.499023438
vt 0.0813598633 0.538085938
vt 0.049621582 0.517578125
vt 0.0887451172 0.512695312
vt 0.0899658203 0.480712891
vt 0.021697998 0.475585938
vt 0.0667114258 0.456298828
vt 0.0398864746 0.461914062
vt 0.0112380981 0.422851562
vt 0.0591125488 0.419921875
vt 0.0293731689 0.416259766
vt 0.0120315552 0.363525391
vt 0.0331115723 0.365722656
vt 0.0676269531 0.376220703
vt 0.0452575684 0.308349609
vt 0.013633728 0.3046875
vt 0.0886230469 0.331542969
vt 0.0562744141 0.271972656
vt 0.115905762 0.302246094
vt 0.00922393799 0.253173828
vt 0.0964355469 0.242553711
vt 0.0574645996 0.220458984
vt 0.0250244141 0.215087891
vt 0.071105957 0.195922852
vt 0.0313720703 0.147949219
vt 0.11126709 0.153442383
vt 0.116333008 0.142822266
vt 0.099609375 0.151977539
vt 0.103210449 0.147705078
vt 0.109008789 0.139282227
vt 0.125 0.148681641
vt 0.112670898 0.128295898
vt 0.12310791 0.127685547
vt 0.134155273 0.131958008
vt 0.135620117 0.112243652
vt 0.123352051 0.114196777
vt 0.112060547 0.116760254
vt 0.107849121 0.107727051
vt 0.117004395 0.0999755859
vt 0.126831055 0.0923461914
vt 0.0973510742 0.0988769531
vt 0.10369873 0.0888061523
vt 0.108825684 0.0770263672
vt 0.0864868164 0.0961914062
vt 0.0852050781 0.0845947266
vt 0.0822753906 0.0723266602
vt 0.056640625 0.081237793
vt 0.0654296875 0.0922241211
vt 0.071472168 0.101257324
vt 0.0630493164 0.112121582
vt 0.0532836914 0.108032227
vt 0.0391845703 0.100097656
vt 0.0631103516 0.124572754
vt 0.0517883301 0.128051758
vt 0.0354919434 0.129882812
vt 0.0612182617 0.146484375
vt 0.0684814453 0.137695312
vt 0.0479125977 0.154174805
vt 0.0824584961 0.154541016
vt 0.0770263672 0.158325195
vt 0.0647583008 0.165649414
vt 0.0926513672 0.167236328
vt 0.0779418945 0.168579102
vt 0.0680541992 0.499023438
vt 0.0813598633 0.538085938
vt 0.0887451172 0.512695312
vt 0.049621582 0.517578125
vt 0.0899658203 0.480712891
vt 0.021697998 0.475585938
vt 0.0667114258 0.456298828
vt 0.0398864746 0.461914062
vt 0.0112380981 0.422851562
vt 0.0591125488 0.419921875
vt 0.0293731689 0.416259766
vt 0.0120315552 0.363525391
vt 0.0331115723 0.365722656
vt 0.0676269531 0.376220703
vt 0.0452575684 0.308349609
vt 0.013633728 0.3046875
vt 0.0886230469 0.331542969
vt 0.0562744141 0.271972656
vt 0.115905762 0.302246094
vt 0.00922393799 0.253173828
vt 0.0964355469 0.242553711
vt 0.0574645996 0.220458984
vt 0.0250244141 0.215087891
vt 0.071105957 0.195922852
vt 0.0313720703 0.147949219
vt 0.11126709 0.153442383
vt 0.099609375 0.151977539
vt 0.116333008 0.142822266
vt 0.103210449 0.147705078
vt 0.109008789 0.139282227
vt 0.125 0.148681641
vt 0.112670898 0.128295898
vt 0.12310791 0.127685547
vt 0.134155273 0.131958008
vt 0.135620117 0.112243652
vt 0.123352051 0.114196777
vt 0.112060547 0.116760254
vt 0.107849121 0.107727051
vt 0.117004395 0.0999755859
vt 0.126831055 0.0923461914
vt 0.0973510742 0.0988769531
vt 0.10369873 0.0888061523
vt 0.108825684 0.0770263672
vt 0.0864868164 0.0961914062
vt 0.0852050781 0.0845947266
vt 0.0822753906 0.0723266602
vt 0.056640625 0.081237793
vt 0.0654296875 0.0922241211
vt 0.071472168 0.101257324
vt 0.0630493164 0.112121582
vt 0.0532836914 0.108032227
vt 0.0391845703 0.100097656
vt 0.0631103516 0.124572754
vt 0.0517883301 0.128051758
vt 0.0354919434 0.129882812
vt 0.0612182617 0.146484375
vt 0.0684814453 0.137695312
vt 0.0479125977 0.154174805
vt 0.0824584961 0.154541016
vt 0.0770263672 0.158325195
vt 0.0647583008 0.165649414
vt 0.0926513672 0.167236328
vt 0.0779418945 0.168579102
vt 0.220214844 0.138183594
vt 0.211914062 0.113464355
vt 0.203735352 0.126953125
vt 0.231811523 0.109863281
vt 0.192016602 0.149902344
vt 0.208740234 0.0983886719
vt 0.220092773 0.0817260742
vt 0.19543457 0.0900878906
vt 0.191772461 0.0702514648
vt 0.198486328 0.101196289
vt 0.180419922 0.0932617188
vt 0.163696289 0.0819702148
vt 0.183227539 0.103637695
vt 0.172119141 0.106628418
vt 0.15222168 0.110229492
vt 0.200927734 0.116516113
vt 0.188598633 0.130004883
vt 0.163818359 0.138305664
vt 0.175170898 0.121643066
vt 0.185668945 0.11895752
vt 0.192138672 0.110107422
vt 0.220214844 0.138183594
vt 0.211914062 0.113464355
vt 0.231811523 0.109863281
vt 0.203735352 0.126953125
vt 0.192016602 0.149902344
vt 0.208740234 0.0983886719
vt 0.220092773 0.0817260742
vt 0.19543457 0.0900878906
vt 0.191772461 0.0702514648
vt 0.198486328 0.101196289
vt 0.180419922 0.0932617188
vt 0.163696289 0.0819702148
vt 0.183227539 0.103637695
vt 0.172119141 0.106628418
vt 0.15222168 0.110229492
vt 0.200927734 0.116516113
vt 0.188598633 0.130004883
vt 0.163818359 0.138305664
vt 0.175170898 0.121643066
vt 0.185668945 0.11895752
vt 0.192138672 0.110107422
vn 0.647979081 0.644205511 0.406352401
vn 0.648979068 0.756446838 0.0813287422
vn 0.37539658 0.140932202 0.916087151
vn 0.648979008 0.756446838 -0.0813289434
vn 0.648979068 0.756446838 -0.0813289508
vn 0.648979008 0.756446838 -0.0813289434
vn 0.973835945 -0.223360837 -0.0418751687
vn 0.999855757 -0.0169874933 0
vn 0.979026556 -0.0243805107 -0.202268288
vn 0.960136056 -0.27953288 0
vn 0.791124225 -0.611650288 0.00253912644
vn 0.973835945 -0.223360837 0.0418751687
vn 0.979026556 -0.0243805107 0.202268288
vn 0.791124284 -0.611650169 -0.00253912644
vn 0.721190333 -0.692736983 0
vn 0.260008991 -0.96560359 0.00223083911
vn 0.260008961 -0.96560359 -0.00223083817
vn 0.18664366 -0.982427657 0
vn -0.0371032804 -0.999311447 0
vn -0.237778798 -0.10183505 -0.965966344
vn -0.231668264 -0.0950156674 -0.968143463
vn -0.23949413 -0.108693302 -0.964794457
vn -0.233635291 0 -0.972324252
vn -0.215321422 0.0275986958 -0.976153135
vn -0.211577803 0.12230169 -0.969678938
vn -0.170961946 0.117763236 -0.978214622
vn -0.185684264 0.134181961 -0.973404586
vn -0.205578849 0.0714099556 -0.976031721
vn -0.144667298 -0.0182205327 -0.989312589
vn -0.0763799101 -0.0196512975 -0.996885121
vn -0.168213978 -0.147637486 -0.974631906
vn 0.237964049 -0.971274018 0
vn 0.300513446 -0.951879203 -0.0601462461
vn 0.472908288 -0.877771616 -0.076647073
vn -0.100648798 -0.994732738 -0.019408077
vn -0.0902715623 -0.995917141 0
vn -0.508800209 -0.860884666 0
vn -0.514279902 -0.857479393 0.0156623442
vn -0.10064882 -0.994732738 0.0194080807
vn 0.300513446 -0.951879203 0.0601462387
vn 0.472908288 -0.877771616 0.0766470581
vn -0.514279902 -0.857479393 -0.0156623442
vn -0.819022536 -0.573761404 0
vn -0.818615139 -0.57434237 0
vn -0.818615139 -0.57434237 0
vn -0.668081343 -0.744088292 0
vn -0.708840668 -0.705368638 0
vn -0.708840668 -0.705368638 0
vn -0.293168873 -0.956060648 0
vn 0.999855757 -0.0169874933 0
vn 0.996141136 -0.0734536722 -0.0480350405
vn 0.979026556 -0.0243805107 -0.202268288
vn 0.999043643 -0.0437239818 0
vn 0.917727232 -0.397184014 0.00462939497
vn 0.996141136 -0.0734536722 0.0480350405
vn 0.979026556 -0.0243805107 0.202268288
vn 0.917727232 -0.397184014 -0.00462939451
vn 0.911870539 -0.410477787 0
vn 0.671312332 -0.7411713 -0.0022061835
vn 0.671312332 -0.7411713 0.0022061835
vn 0.651955068 -0.758257568 0
vn 0.313367039 -0.949509382 0.0152648157
vn 0.313367039 -0.949509382 -0.0152648157
vn 0.301066458 -0.953603089 0
vn 0.164157763 -0.985297978 0.0473310202
vn 0.164157778 -0.985297978 -0.0473310165
vn 0.164881513 -0.986313343 0
vn 0.375419527 -0.92401439 -0.0725096762
vn 0.375419527 -0.92401439 0.0725096688
vn 0.445659965 -0.895202339 0
vn 0.780068457 -0.610815525 0.135637656
vn 0.780068517 -0.610815525 -0.135637686
vn 0.754496634 -0.656304002 0
vn 0.873045504 -0.487638682 0
vn -0.992196918 0.123566315 0.016634956
vn -0.980820775 0.192292646 0.0318436995
vn -0.991649985 0.128760129 0.00715059973
vn -0.966967881 0.254839718 0.00545142498
vn -0.941352189 0.335467786 0.0362967737
vn -0.940047622 0.341043264 0
vn -0.757345378 0.652993441 0.00525368098
vn -0.941352189 0.335467756 -0.03629677
vn -0.956880331 0.286647916 -0.0470433012
vn -0.757345378 0.652993441 -0.00525368098
vn -0.744742036 0.667352438 0
vn -0.561135948 0.827723444 -0.000504632771
vn -0.561135888 0.827723503 0.000504632771
vn -0.563653767 0.826011121 0
vn -0.747561514 0.664095461 0.0113599077
vn -0.747561514 0.664095521 -0.0113599095
vn -0.755237103 0.655451715 0
vn -0.928533554 0.363600343 0.0749688894
vn -0.928533554 0.363600343 -0.0749688894
vn -0.940229893 0.340540439 0
vn -0.9935022 0.10623239 0.0408427641
vn -0.9935022 0.106232405 -0.0408427678
vn -0.995594203 0.0937667564 0
vn -0.999962449 0.00866353326 0
vn -0.680780411 0.367997766 0.633336902
vn -0.938265026 0.0844622701 0.335447431
vn -0.831855357 0.185711116 0.522999108
vn -0.543946624 -0.127618462 0.829358518
vn -0.711395502 -0.448562562 0.541024923
vn -0.428620219 -0.643502235 0.634184301
vn -0.0168931093 0.178604856 0.983775914
vn 0.618442059 0.26505363 0.739781022
vn 0.096295923 -0.671826839 0.734422088
vn 0.301734179 0.685393751 0.662715614
vn 0.0980582684 0.355232954 0.929620385
vn 0.391076416 0.734096766 0.555122733
vn -0.0780047923 0.700191498 0.709681034
vn -0.343324184 0.609794319 0.714338541
vn -0.0292897262 0.152632028 0.987848997
vn 0.348537773 -0.567723393 0.745795906
vn -0.580938518 0.417150766 0.698924541
vn -0.106552601 0.119194672 0.987136841
vn 0.575819433 -0.340643555 0.743232071
vn 0.694710612 -0.0179226324 0.719065964
vn -0.680568755 0.124852985 0.721968055
vn -0.526991487 0.449176431 0.721470952
vn -0.497851759 0.0461338945 0.86603421
vn -0.564890504 -0.394229531 0.724901259
vn -0.157188624 0.00113815232 0.987568021
vn 0.570337772 0.343455851 0.746158719
vn -0.615202129 -0.428057313 0.662037253
vn -0.190655723 -0.122712195 0.973956883
vn 0.250207335 0.600436985 0.75952071
vn -0.0856329054 -0.182933703 0.979388654
vn -0.384307116 -0.656198084 0.649393618
vn -0.0470012091 0.709159255 0.703479946
vn -0.055019889 -0.755408406 0.652940214
vn -0.403939396 0.584092677 0.704037428
vn 0.342904121 -0.681379855 0.646636009
vn 0.220618337 -0.741653383 0.633464932
vn 0.406665117 -0.692734599 0.595602393
vn 0.465730339 -0.600824296 0.64969635
vn 0.474767804 -0.535261512 0.698634863
vn 0.405800432 -0.565727651 0.717828751
vn 0.0383927822 -0.158178195 0.986663938
vn -0.680780411 0.367997766 0.633336902
vn 0.681575775 -0.442374527 0.582888663
vn 0.102725849 -0.20976539 0.972340465
vn -0.831855357 0.185711116 0.522999108
vn 0.199178562 0.0132415127 0.979873717
vn 0.806925416 -0.0878845751 0.584078372
vn -0.543946624 -0.127618462 0.829358518
vn 0.174338296 0.0648116544 0.982550561
vn 0.618442059 0.26505363 0.739781022
vn 0.128839329 -0.00276742293 0.991661668
vn -0.511760235 -0.264959931 0.817250073
vn 0.738676608 0.0581557192 0.671546578
vn 0.0412774794 -0.0408625863 0.998311758
vn 0.0864299908 0.154818624 0.98415494
vn -0.455846399 -0.109322853 0.88331902
vn -0.49339506 0.177287281 0.851546049
vn 0.721848965 -0.222885951 0.655176222
vn -0.542438507 0.3846443 0.746866226
vn 0.68598479 -0.22525613 0.691870391
vn -0.429764062 0.522055447 0.736723125
vn 0.204801798 0.325901061 0.922954321
vn 0.332448542 0.319929689 0.887199521
vn -0.338096827 0.691871703 0.637968838
vn -0.298430949 0.672636509 0.677125633
vn -0.179423392 0.331513286 0.926232219
vn -0.274612635 0.748254359 0.603906691
vn -0.166440934 0.321981341 0.932000756
vn -0.459608704 0.587858379 0.66571939
vn -0.120345376 -0.148490697 0.981563807
vn -0.0446262434 -0.351476103 0.935132742
vn -0.212919593 0.271067232 0.938716054
vn -0.411642522 -0.460034221 0.786714017
vn -0.0824633092 -0.658192456 0.748319805
vn -0.0722191781 -0.309888363 0.948026121
vn -0.048236195 -0.381685644 0.923032701
vn 0.606683731 -0.327104062 0.72452575
vn 0.329202294 -0.205486029 0.921629667
vn 0.452998698 -0.153006509 0.878283143
vn 0.787331104 -0.273634225 0.552479923
vn -0.340331644 0.354133666 0.871070445
vn -0.628694057 0.617082477 0.473236889
vn 0.174923792 0.417133093 0.891852915
vn 0.30776453 0.439705521 0.843765438
vn 0.0377374962 0.108588107 0.993370295
vn 0.0341337211 0.105379164 0.993846118
vn 0.0133494018 0.100792199 0.994817913
vn 0.0411478654 0.137499496 0.989646733
vn 0.0973612368 0.116866559 0.988363743
vn 0.148234263 0.133376524 0.97991699
vn 0.0340183824 0.103267193 0.994071782
vn 0.241283342 0.169480428 0.955541074
vn 0.349840015 0.117010213 0.929473281
vn -0.0348416455 0.113410555 0.992937148
vn 0.141120285 0.0447026305 0.988982737
vn -0.0470604338 0.0712575242 0.996347129
vn -0.596608162 0.23736161 0.766627729
vn -0.0373890623 0.0915793031 0.995095611
vn 0.432385892 -0.291412115 0.853300273
vn -0.512565076 0.251465708 0.821000576
vn -0.280889094 0.359311253 0.889941931
vn 0.264798105 -0.0832042769 0.960707545
vn 0.639661431 -0.221174017 0.736149013
vn 0.647749662 -0.0118416771 0.761761248
vn -0.750909328 0.321491301 0.576869547
vn -0.699379981 0.455338061 0.550939977
vn -0.784946024 0.14621231 0.602064669
vn -0.550158978 0.325910419 0.768835187
vn -0.401789218 0.296438664 0.866423488
vn -0.324768573 0.397271276 0.858312845
vn -0.249702528 0.455747455 0.854366958
vn -0.407028228 0.384084821 0.828738153
vn -0.230932921 0.324176222 0.917376578
vn -0.276661366 0.250781029 0.927667737
vn -0.600635886 0.224149391 0.767459154
vn 0.315668762 0.163005099 0.934763432
vn 0.526076376 0.0067683924 0.850410402
vn 0.503199995 0.103460416 0.857954323
vn -0.311228126 0.127792418 0.941703916
vn -0.689043403 0.0992100984 0.717897177
vn 0.281150103 0.171711862 0.944176733
vn 0.424322426 0.153285906 0.892442703
vn -0.382874876 0.0342823453 0.923163831
vn -0.80938822 -0.0625809431 0.583930075
vn -0.0633592457 0.131643414 0.98927021
vn 0.259930283 0.226060435 0.938793361
vn 0.423993975 0.272638857 0.863653362
vn 0.0895746127 -0.0696402639 0.993542433
vn -0.0196687561 -0.0854436085 0.996148825
vn 0.0340183824 0.103267193 0.994071782
vn 0.0312620439 -0.168426573 0.985218346
vn -0.151246861 -0.102857798 0.983130038
vn -0.0920337811 -0.133742824 0.986733377
vn -0.517985523 0.151518047 0.841862977
vn -0.0221875142 -0.233956769 0.971993804
vn -0.0484829694 -0.254802614 0.96577692
vn -0.221212983 -0.0488430709 0.974001586
vn -0.187407181 -0.016517574 0.982143462
vn -0.27800411 -0.0376901962 0.959840238
vn -0.602917433 0.0701663196 0.794712067
vn -0.400453061 -0.0362101533 0.915601552
vn -0.787100613 0.20746398 0.58088851
vn -0.691376328 0.321320057 0.647110641
vn -0.603896797 0.430825442 0.670595348
vn -0.358322203 0.228514701 0.905199647
vn -0.487076879 0.523378372 0.699164629
vn -0.275345773 0.295829177 0.914696574
vn -0.344535738 0.590751112 0.729594529
vn -0.0979089886 0.269152671 0.958107889
vn -0.132889822 0.576701641 0.806074142
vn 0.0549875721 0.588320136 0.806756437
vn 0.0879861563 0.407393694 0.909004271
vn -0.0720312893 -0.151413634 0.985842526
vn -0.00560766039 -0.279559165 0.960112095
vn -0.0265762899 -0.150102675 0.988313138
vn 0.110591166 -0.280905068 0.953342438
vn -0.668291986 -0.134440988 0.731649816
vn -0.129639596 0.20870173 0.969348848
vn -0.918518186 -0.394059896 0.0322662257
vn -0.810461521 -0.245950028 0.531658411
vn -0.224860206 0.0135105746 0.974297285
vn -0.420113891 0.23983112 0.875205934
vn -0.137501955 -0.0496404581 0.989256799
vn -0.219374433 -0.0211361591 0.975411832
vn 0.229065701 -0.254793078 0.939472914
vn -0.607247889 0.139454082 0.782178164
vn -0.318453699 -0.0884012356 0.943807364
vn 0.303056836 -0.193199024 0.933183134
vn -0.772377908 0.0324220546 0.634335279
vn -0.0180159993 -0.125670269 0.991908491
vn -0.0531225167 0.0075050462 -0.998559773
vn -0.0560682081 0.0152015556 -0.998311281
vn -0.0447322689 0.0144783296 -0.998894155
vn -0.0371091142 0.041413378 -0.998452783
vn 0.0225809086 0.047890868 -0.998597324
vn 0.0139200855 0.0815795735 -0.996569633
vn 0.0127591128 0.0944089517 -0.995451748
vn 0.0275994912 0.0966953784 -0.994931281
vn 0.117703475 0.0853599384 -0.989373267
vn 0.647979081 0.644205511 0.406352401
vn 0.550996959 0.287926376 0.783262908
vn 0.614565909 0.39848873 0.68081975
vn 0.37539658 0.140932202 0.916087151
vn 0.600497723 0.25664407 0.757321775
vn 0.160084471 0.096118629 0.982412398
vn -0.474840552 -0.0392143615 0.879197657
vn -0.488045216 0.0227155015 0.872522712
vn -0.0394090787 0.190895945 0.980818927
vn 0.524683833 0.408532441 0.746865571
vn -0.437360764 0.129493862 0.889913917
vn 0.606626689 0.145124063 0.78162843
vn 0.0128809027 0.159998313 0.987033248
vn 0.548113644 0.83328867 0.0721203983
vn 0.574968994 0.817113876 0.041659452
vn 0.659224808 0.751945913 0
vn 0.718831003 0.695184827 0
vn 0.713589191 0.700547636 0.00483400607
vn 0.773643494 0.633621156 0
vn 0.713589191 0.700547636 -0.00483400607
vn 0.574968994 0.817113876 -0.041659452
vn 0.548113585 0.833288789 -0.0721203983
vn -0.234823987 0.229131877 -0.94464612
vn -0.274441808 0.0820685476 -0.958095253
vn -0.1073246 0.320561469 -0.941127896
vn 0.0131687643 0.381429553 -0.924304128
vn 0.153763399 0.335955888 -0.929241955
vn 0.119499631 0.307678193 -0.943956614
vn 0.223717526 0.258086383 -0.939862669
vn 0.282686114 0.238866538 -0.928994834
vn 0.242550522 0.182146877 -0.952885985
vn 0.239659265 0.197966799 -0.950459123
vn 0.198151976 0.116168946 -0.973262846
vn 0.210869804 0.0378451161 -0.976781249
vn 0.114671469 0.102461755 -0.988105297
vn 0.0976531878 0.153608769 -0.983294606
vn 0.114436232 0.174617738 -0.977963746
vn 0.115112893 0.191547692 -0.974709451
vn 0.143660307 0.199401915 -0.969330013
vn 0.153634429 0.176248148 -0.972282469
vn 0.155964047 0.139404014 -0.977876186
vn 0.176107496 0.104080819 -0.978853166
vn 0.137509495 0.155002102 -0.978297234
vn 0.151426092 0.138004318 -0.978787482
vn 0.19018279 0.217104077 -0.957442522
vn 0.187774763 0.182846621 -0.96504283
vn 0.235519141 0.270919919 -0.933345079
vn 0.271541834 0.286623985 -0.918755531
vn 0.271869659 0.288461387 -0.91808331
vn 0.0435341969 0.257782102 0.965221882
vn -0.00961808302 0.479952693 0.877241611
vn 0.0929711834 0.356962621 0.929480493
vn 0.234564885 0.0955515206 0.967392981
vn -0.0473677404 0.012512736 0.998799205
vn -0.417283058 -0.0880706161 0.904499054
vn -0.0765547901 -0.0809382498 0.993774772
vn -0.469359279 -0.0523949005 0.881451368
vn 0.223812908 -0.121524408 0.967026174
vn -0.449355781 0.041603718 0.892383635
vn -0.131234124 -0.0969754606 0.986596882
vn 0.142238557 -0.228898987 0.963002264
vn -0.381660759 0.202026576 0.901953638
vn -0.116896227 -0.0422766544 0.992243946
vn 0.095760107 -0.245531321 0.964647233
vn -0.211888701 0.324937552 0.921693385
vn -0.0681859255 -0.03657078 0.997002065
vn 0.0133017963 -0.281542927 0.959456384
vn -0.0329702534 -0.476935625 0.878319681
vn -0.062374711 -0.0661376342 0.995859087
vn -0.127160519 0.492424339 0.861015975
vn -0.164757088 0.0658666044 0.984132409
vn -0.105792478 -0.537097871 0.836859465
vn -0.0905285478 0.576840818 0.811824679
vn -0.29887417 0.529993534 0.793587446
vn -0.0496113673 -0.624321163 0.779590786
vn -0.486991763 0.432543904 0.758778512
vn -0.304838985 -0.0942096934 0.947732925
vn 0.197322682 -0.66463834 0.720638335
vn -0.687909245 0.336898148 0.642868936
vn -0.24222216 -0.17481406 0.954341888
vn -0.992258608 0.124188475 0
vn -0.999105394 -0.0422875211 0
vn -0.999105394 -0.0422875136 0
vn -0.990233898 0.139415801 0
vn -0.915720403 0.4018161 0
vn -0.992258608 0.124188475 0
vn -0.999105394 -0.0422875136 0
vn -0.915720403 0.4018161 0
vn -0.91136229 0.41160509 0
vn -0.77492708 0.632050633 0
vn -0.77492708 0.632050633 0
vn -0.768314123 0.640073001 0
vn -0.474239886 0.880395651 0
vn -0.481150627 0.876637936 0
vn -0.481150627 0.876637936 0
vn -0.138976291 0.990295708 0
vn -0.138976291 0.990295708 0
vn -0.130698308 0.991422117 0
vn -0.1013522 0.994850576 0
vn -0.1013522 0.994850576 0
vn -0.105378784 0.994432151 0
vn -0.451312125 0.892366171 0
vn -0.451312125 0.892366171 0
vn -0.45528993 0.890343189 0
vn -0.758231044 0.651986003 0
vn -0.755659521 0.654964626 0
vn -0.755659521 0.654964626 0
vn -0.844163656 0.536085546 0
vn 0.420444578 -0.122652471 -0.898989797
vn 0.367795676 -0.128974125 -0.92091912
vn 0.379560947 -0.108952314 -0.918728948
vn 0.330224723 -0.0910625234 -0.939499438
vn 0.303333431 -0.0930448696 -0.948330879
vn 0.206484422 -0.114539258 -0.971722722
vn 0.192157134 -0.0694793835 -0.978901565
vn 0.0731666535 -0.0413067937 -0.996463954
vn 0.102635421 0.00584628293 -0.994701803
vn -0.00716144359 -0.00505413162 -0.999961615
vn -0.0261496622 -0.00689048273 -0.999634266
vn -0.0135265579 0.0366072915 -0.999238133
vn -0.00793113653 0.0557041131 -0.998415828
vn -0 0.0863449201 -0.996265233
vn 0.016804833 0.102552719 -0.994585574
vn 0.0288018193 0.120707117 -0.992270231
vn 0.0551182255 0.131087869 -0.989837348
vn 0.214530125 -0.0867460594 -0.972857654
vn -0.00909031183 -0.0807681903 -0.996691465
vn 0.216035664 -0.0850767642 -0.972671866
vn 0.284924984 -0.167671829 -0.943771064
vn 0.275740981 0.141822696 -0.950711966
vn 0.322665364 -0.0184446108 -0.946333408
vn 0.449267864 -0.292395771 -0.844193757
vn 0.454304487 0.0944810957 -0.885822117
vn 0.474615663 -0.155991018 -0.866260171
vn 0.249256894 0.440561414 -0.86242485
vn 0.480560929 -0.0509286486 -0.875481188
vn 0.248825267 0.214540273 -0.944488406
vn -0.0221837778 0.436947703 -0.899213314
vn 0.302786678 -0.195382848 -0.932816088
vn 0.0411392786 0.0730632842 -0.996478498
vn -0.095222488 0.319689125 -0.942725599
vn 0.0149170412 -0.416145056 -0.909175932
vn -0.1516307 0.278814614 -0.948298752
vn -0.0959005579 -0.0489159599 -0.994188309
vn -0.10869173 -0.142734692 -0.9837749
vn -0.131375849 0.284590513 -0.949604452
vn -0.0748582706 -0.0149712376 0.997081697
vn -0.346456647 -0.187557787 0.919124544
vn -0.169591054 -0.204562187 0.964050353
vn -0.288369477 0.064732492 0.955328524
vn -0.152309537 0.237876579 0.95927912
vn -0.505295575 0.450654715 0.735925734
vn -0.483814776 0.0660448372 0.872674882
vn -0.409019947 -0.317730457 0.855423927
vn -0.284695745 -0.257928789 0.92326659
vn -0.130638227 -0.377010584 0.91694963
vn -0.435612828 -0.0977631137 0.894809365
vn -0.692082345 0.289539337 0.661202729
vn 0.0581547618 -0.305043459 0.950561166
vn -0.239827245 -0.0685336143 0.968393505
vn -0.527207732 -0.00233765645 0.849733114
vn 0.22074078 -0.239630148 0.945436895
vn 0.0108116847 0.0807029158 0.996679664
vn -0.269286424 0.194766581 0.943159938
vn 0.313016295 -0.172585174 0.933935344
vn 0.0633211657 0.429494858 0.900846601
vn 0.276137024 0.188084155 0.942535222
vn 0.341742337 0.1419864 0.929005861
vn 0.247876659 0.486047596 0.838042378
vn -0.237778798 -0.101835042 0.965966344
vn -0.23949413 -0.108693302 0.964794457
vn -0.231668264 -0.0950156674 0.968143463
vn -0.233635291 0 0.972324252
vn -0.215321422 0.0275986958 0.976153135
vn -0.211577803 0.12230169 0.969678938
vn -0.170961976 0.117763236 0.978214622
vn -0.185684264 0.134181961 0.973404586
vn -0.205578849 0.0714099556 0.976031721
vn -0.144667298 -0.0182205383 0.989312589
vn -0.076379925 -0.0196513031 0.996885121
vn -0.168214008 -0.147637486 0.974631906
vn -0.992196918 0.123566315 -0.0166349523
vn -0.889278233 0.147151515 -0.43304792
vn -0.787591934 0.278499007 -0.5496701
vn -0.992652237 0.118007399 -0.0267547313
vn -0.680780411 0.367997766 -0.633336902
vn -0.831855357 0.185711116 -0.522999108
vn -0.938265026 0.0844622701 -0.335447431
vn -0.543946624 -0.127618462 -0.829358518
vn -0.711395502 -0.448562562 -0.541024923
vn -0.428620219 -0.643502176 -0.634184241
vn -0.0168931093 0.178604826 -0.983775914
vn 0.618442118 0.26505366 -0.739781022
vn 0.096295923 -0.671826839 -0.734422088
vn 0.301734209 0.685393751 -0.662715614
vn 0.192879617 0.728081524 -0.657795429
vn 0.391076416 0.734096766 -0.555122733
vn -0.0780047923 0.700191498 -0.709681034
vn -0.343324184 0.609794319 -0.714338541
vn -0.0292897262 0.152632028 -0.987848997
vn 0.348537773 -0.567723393 -0.745795906
vn -0.580938518 0.417150766 -0.698924541
vn -0.106552608 0.119194694 -0.987136841
vn 0.575819433 -0.340643555 -0.743232071
vn 0.694710612 -0.0179226175 -0.719065964
vn -0.680568814 0.124852985 -0.721968114
vn -0.526991606 0.44917649 -0.721470952
vn -0.497851729 0.0461339764 -0.866034269
vn -0.564890504 -0.394229561 -0.724901259
vn -0.157188639 0.00113814871 -0.987568021
vn 0.570337772 0.343455911 -0.746158779
vn -0.615202129 -0.428057224 -0.662037253
vn -0.190655723 -0.122712173 -0.973956883
vn 0.250207335 0.600436985 -0.75952071
vn -0.0856329277 -0.182933703 -0.979388773
vn -0.384307176 -0.656198025 -0.649393618
vn -0.0470012091 0.709159255 -0.703479946
vn -0.0550199226 -0.755408406 -0.652940214
vn -0.403939396 0.584092677 -0.704037428
vn 0.342904121 -0.681379855 -0.646636009
vn 0.220618337 -0.741653383 -0.633464932
vn 0.406665117 -0.692734599 -0.595602393
vn 0.465730339 -0.600824296 -0.64969635
vn 0.474767774 -0.535261452 -0.698634863
vn 0.405800462 -0.565727651 -0.71782881
vn 0.0383928195 -0.15817821 -0.986663938
vn -0.680780411 0.367997766 -0.633336902
vn 0.681575775 -0.442374527 -0.582888663
vn 0.102725886 -0.20976539 -0.972340405
vn -0.831855357 0.185711116 -0.522999108
vn 0.199178562 0.0132415053 -0.979873717
vn 0.806925416 -0.0878845826 -0.584078372
vn -0.543946624 -0.127618462 -0.829358518
vn 0.174338296 0.0648116246 -0.982550561
vn 0.618442118 0.26505366 -0.739781022
vn 0.128839329 -0.00276743597 -0.991661668
vn -0.511760235 -0.264959961 -0.817250013
vn 0.738676608 0.0581557229 -0.671546578
vn 0.0412774533 -0.0408625863 -0.998311758
vn 0.0864300057 0.154818624 -0.98415494
vn -0.455846339 -0.109322853 -0.88331902
vn -0.49339506 0.177287281 -0.851546049
vn 0.721849024 -0.222885966 -0.655176222
vn -0.542438507 0.3846443 -0.746866226
vn 0.68598479 -0.22525613 -0.691870391
vn -0.429763973 0.522055447 -0.736723125
vn 0.204801798 0.325901061 -0.922954321
vn 0.332448542 0.319929659 -0.887199521
vn -0.338096827 0.691871703 -0.637968838
vn -0.179423392 0.331513256 -0.926232278
vn -0.298430949 0.672636509 -0.677125633
vn -0.274612635 0.748254359 -0.603906691
vn -0.166440949 0.321981341 -0.932000756
vn -0.459608704 0.587858379 -0.66571939
vn -0.120345376 -0.148490697 -0.981563807
vn -0.0446262434 -0.351476103 -0.935132742
vn -0.212919593 0.271067232 -0.938716054
vn -0.411642522 -0.460034221 -0.786714017
vn -0.0824633092 -0.658192456 -0.748319805
vn -0.0722191781 -0.309888363 -0.948026121
vn -0.048236195 -0.381685644 -0.923032701
vn 0.606683791 -0.327104092 -0.724525869
vn 0.329202294 -0.205486029 -0.921629667
vn 0.452998787 -0.153006524 -0.878283083
vn 0.787331104 -0.273634225 -0.552479923
vn -0.340331644 0.354133666 -0.871070445
vn -0.628694057 0.617082417 -0.473236799
vn 0.174923792 0.417133182 -0.891852915
vn 0.30776453 0.439705521 -0.843765438
vn 0.0377374887 0.108588092 -0.993370295
vn 0.0133494046 0.100792199 -0.994817913
vn 0.0341337211 0.105379164 -0.993846118
vn 0.0411478691 0.137499496 -0.989646733
vn 0.0973612219 0.116866559 -0.988363743
vn 0.148234293 0.133376524 -0.97991699
vn 0.0340183824 0.103267193 -0.994071782
vn 0.241283342 0.169480428 -0.955541074
vn 0.349840015 0.117010213 -0.929473281
vn -0.0348416455 0.113410547 -0.992937148
vn 0.141120285 0.0447026268 -0.988982737
vn -0.0470604263 0.0712575242 -0.996347129
vn -0.596608162 0.23736158 -0.766627729
vn -0.0373890623 0.0915793106 -0.995095611
vn 0.432385892 -0.291412115 -0.853300273
vn -0.512565076 0.251465708 -0.821000576
vn -0.280889094 0.359311253 -0.889941931
vn 0.264798105 -0.0832042769 -0.960707545
vn 0.639661431 -0.221174002 -0.736149013
vn 0.647749603 -0.0118416594 -0.761761248
vn -0.750909388 0.321491271 -0.576869547
vn -0.6993801 0.455338061 -0.550939977
vn -0.889278233 0.147151515 -0.43304792
vn -0.787591934 0.278499007 -0.5496701
vn -0.401789218 0.296438664 -0.866423488
vn -0.324768573 0.397271276 -0.858312845
vn -0.249702528 0.455747455 -0.854366958
vn -0.407028198 0.384084851 -0.828738093
vn -0.230932921 0.324176222 -0.917376578
vn -0.276661366 0.250781059 -0.927667737
vn -0.600635886 0.224149391 -0.767459154
vn 0.315668702 0.163005084 -0.934763432
vn 0.526076376 0.00676839333 -0.850410402
vn 0.503199935 0.103460424 -0.857954383
vn -0.311228096 0.127792418 -0.941703916
vn -0.689043403 0.0992100909 -0.717897236
vn 0.281150103 0.171711862 -0.944176733
vn 0.424322307 0.153285906 -0.892442703
vn -0.382874876 0.0342823602 -0.923163831
vn -0.80938822 -0.0625809357 -0.583930075
vn -0.0633592606 0.1316434 -0.98927021
vn 0.259930253 0.226060435 -0.938793361
vn 0.423993945 0.272638828 -0.863653421
vn 0.0895746127 -0.0696402639 -0.993542433
vn 0.0340183824 0.103267193 -0.994071782
vn -0.0196687616 -0.0854436085 -0.996148825
vn 0.0312620439 -0.168426573 -0.985218346
vn -0.151246861 -0.102857821 -0.983130038
vn -0.0920337886 -0.133742809 -0.986733377
vn -0.517985523 0.151518002 -0.841862977
vn -0.0221875217 -0.233956754 -0.971993804
vn -0.0484829657 -0.254802614 -0.96577692
vn -0.221212983 -0.0488430709 -0.974001586
vn -0.187407181 -0.0165175777 -0.982143462
vn -0.27800411 -0.0376901887 -0.959840238
vn -0.602917373 0.0701663196 -0.794712067
vn -0.400453061 -0.0362101533 -0.915601552
vn -0.787100613 0.20746398 -0.58088851
vn -0.691376269 0.321320027 -0.647110641
vn -0.603896797 0.430825442 -0.670595348
vn -0.358322144 0.228514701 -0.905199647
vn -0.487076879 0.523378313 -0.699164689
vn -0.275345773 0.295829207 -0.914696574
vn -0.344535738 0.590751112 -0.729594529
vn -0.0979090035 0.269152671 -0.958107889
vn -0.132889852 0.576701581 -0.806074142
vn 0.0549875684 0.588320136 -0.806756437
vn 0.0879861489 0.407393754 -0.909004271
vn -0.0720312893 -0.151413634 -0.985842526
vn -0.00560766039 -0.279559135 -0.960112095
vn -0.0265762899 -0.15010269 -0.988313138
vn 0.110591173 -0.280905068 -0.953342438
vn -0.668291986 -0.134440958 -0.731649816
vn -0.129639566 0.20870173 -0.969348848
vn -0.918518186 -0.394059896 -0.0322662443
vn -0.810461581 -0.245950088 -0.531658411
vn -0.224860206 0.0135105746 -0.974297285
vn -0.420113802 0.23983112 -0.875205934
vn -0.137501955 -0.0496404581 -0.989256799
vn -0.219374448 -0.0211361591 -0.975411832
vn 0.229065701 -0.254793108 -0.939473033
vn -0.607247889 0.139454082 -0.782178164
vn -0.318453699 -0.0884012356 -0.943807364
vn 0.303056806 -0.193199024 -0.933183134
vn -0.772377908 0.0324220546 -0.634335279
vn -0.0180160161 -0.125670269 -0.991908491
vn -0.0531225167 0.0075050462 0.998559773
vn -0.0447322614 0.0144783296 0.998894155
vn -0.0560682081 0.0152015556 0.998311281
vn -0.0371091142 0.041413378 0.998452783
vn 0.0225809142 0.0478908718 0.998597324
vn 0.0139200883 0.0815795735 0.996569633
vn 0.0127591128 0.0944089517 0.995451748
vn 0.0275994968 0.0966953859 0.994931281
vn 0.725342929 -0.447211146 0.523335278
vn 0.550996959 0.287926376 -0.783262908
vn 0.543071151 0.404965788 -0.735578954
vn 0.614565909 0.39848873 -0.68081975
vn 0.342467248 0.0947756022 -0.934737265
vn 0.600497723 0.25664407 -0.757321775
vn 0.160084471 0.096118629 -0.982412398
vn -0.474840552 -0.0392143615 -0.879197657
vn -0.488045216 0.0227155015 -0.872522712
vn -0.0394090563 0.190895945 -0.980818927
vn 0.524683833 0.408532441 -0.746865571
vn -0.437360764 0.129493907 -0.889913917
vn 0.606626689 0.145124063 -0.78162843
vn 0.0128809027 0.159998313 -0.987033248
vn -0.234824017 0.229131863 0.94464612
vn -0.1073246 0.320561439 0.941127896
vn -0.274441838 0.0820685476 0.958095253
vn 0.0131687578 0.381429553 0.924304128
vn 0.153763399 0.335955888 0.929241955
vn 0.119499631 0.307678193 0.943956614
vn 0.223717526 0.258086383 0.939862669
vn 0.282686114 0.238866538 0.928994834
vn 0.242550522 0.182146877 0.952885985
vn 0.239659265 0.197966799 0.950459123
vn 0.198151991 0.116168946 0.973262846
vn 0.210869804 0.0378451161 0.976781249
vn 0.114671469 0.10246177 0.988105297
vn 0.0976531878 0.153608769 0.983294606
vn 0.114436232 0.174617738 0.977963746
vn 0.115112893 0.191547692 0.974709451
vn 0.143660307 0.199401915 0.969330013
vn 0.153634414 0.176248148 0.972282469
vn 0.155964047 0.139403999 0.977876186
vn 0.176107496 0.104080819 0.978853166
vn 0.137509495 0.155002102 0.978297234
vn 0.151426092 0.138004318 0.978787482
vn 0.190182775 0.217104048 0.957442522
vn 0.187774763 0.182846621 0.96504283
vn 0.235519141 0.270919919 0.933345079
vn 0.271541834 0.286623985 0.918755531
vn 0.271869659 0.288461387 0.91808331
vn 0.0435341969 0.257782102 -0.965221882
vn 0.0929711834 0.356962681 -0.929480493
vn -0.00961808208 0.479952812 -0.877241611
vn 0.234564841 0.0955515131 -0.967392981
vn -0.0473677404 0.012512737 -0.998799205
vn -0.417283058 -0.0880706161 -0.904499054
vn -0.0765547901 -0.0809382498 -0.993774772
vn -0.469359279 -0.0523949005 -0.881451368
vn 0.223812908 -0.121524408 -0.967026174
vn -0.449355781 0.041603718 -0.892383635
vn -0.131234124 -0.0969754532 -0.986596882
vn 0.142238542 -0.228898957 -0.963002264
vn -0.381660759 0.202026576 -0.901953638
vn -0.116896227 -0.0422766544 -0.992243946
vn 0.095760107 -0.245531321 -0.964647233
vn -0.211888701 0.324937582 -0.921693385
vn -0.0681859255 -0.03657078 -0.997002065
vn 0.0133017963 -0.281542927 -0.959456384
vn -0.0329702571 -0.476935625 -0.878319681
vn -0.0623747036 -0.0661376491 -0.995859087
vn -0.127160519 0.492424339 -0.861015975
vn -0.164757103 0.0658666044 -0.984132409
vn -0.1057925 -0.537097931 -0.836859465
vn -0.0905285478 0.576840818 -0.811824679
vn -0.29887417 0.529993534 -0.793587446
vn -0.0496113859 -0.624321163 -0.779590726
vn -0.486991823 0.432543904 -0.758778512
vn -0.304838985 -0.0942096338 -0.947732925
vn 0.197322711 -0.664638281 -0.720638335
vn -0.687909365 0.336898237 -0.642868936
vn -0.24222219 -0.174814001 -0.954341888
vn 0.420444578 -0.122652471 0.898989797
vn 0.379560947 -0.108952306 0.918728948
vn 0.367795676 -0.128974125 0.92091912
vn 0.330224723 -0.0910625234 0.939499438
vn 0.303333431 -0.0930448696 0.948330879
vn 0.206484422 -0.114539258 0.971722722
vn 0.192157134 -0.0694793835 0.978901565
vn 0.0731666535 -0.0413067937 0.996463954
vn 0.102635421 0.00584628293 0.994701803
vn -0.00716144359 -0.00505413162 0.999961615
vn -0.0261496622 -0.00689048413 0.999634266
vn -0.0135265579 0.0366072915 0.999238133
vn -0.00793113653 0.0557041131 0.998415828
vn -0 0.0863449201 0.996265233
vn 0.0168048311 0.102552727 0.994585574
vn 0.0288018156 0.120707117 0.992270231
vn 0.0551182181 0.131087884 0.989837348
vn 0.214530125 -0.0867460668 0.972857654
vn 0.216035664 -0.0850767642 0.972671866
vn -0.00909031183 -0.0807681903 0.996691465
vn 0.284924984 -0.167671829 0.943771064
vn 0.275740981 0.141822696 0.950711966
vn 0.322665364 -0.0184446108 0.946333408
vn 0.449267864 -0.292395771 0.844193757
vn 0.454304487 0.0944810733 0.885822117
vn 0.474615663 -0.155991018 0.866260171
vn 0.249256894 0.440561414 0.86242485
vn 0.480560929 -0.0509286486 0.875481188
vn 0.248825237 0.214540243 0.944488406
vn -0.0221837778 0.436947703 0.899213314
vn 0.302786678 -0.195382848 0.932816088
vn 0.0411392748 0.0730632693 0.996478498
vn -0.095222488 0.319689095 0.942725599
vn 0.0149170337 -0.416144997 0.909175932
vn -0.151630715 0.278814614 0.948298752
vn -0.0959005654 -0.048915945 0.994188309
vn -0.10869173 -0.142734662 0.9837749
vn -0.131375849 0.284590513 0.949604452
vn -0.346456617 -0.187557787 -0.919124544
vn -0.0748582706 -0.0149712386 -0.997081697
vn -0.169591054 -0.204562187 -0.964050353
vn -0.288369477 0.064732492 -0.955328524
vn -0.152309537 0.237876579 -0.95927912
vn -0.505295575 0.450654715 -0.735925734
vn -0.483814716 0.0660448372 -0.872674882
vn -0.409019947 -0.317730457 -0.855423927
vn -0.284695745 -0.257928789 -0.92326659
vn -0.130638242 -0.377010614 -0.91694963
vn -0.435612828 -0.0977631211 -0.894809365
vn -0.692082405 0.289539337 -0.661202669
vn 0.0581547618 -0.305043459 -0.950561166
vn -0.239827245 -0.0685336143 -0.968393505
vn -0.527207792 -0.00233765831 -0.849733233
vn 0.22074078 -0.239630148 -0.945436895
vn 0.0108116828 0.0807029232 -0.996679664
vn -0.269286424 0.194766581 -0.943159938
vn 0.313016295 -0.17258516 -0.933935344
vn 0.0633211657 0.429494858 -0.900846601
vn 0.276137024 0.188084155 -0.942535222
vn 0.341742367 0.141986415 -0.929005861
vn 0.247876659 0.486047596 -0.838042378
vn 0.3088561 -0.114430636 -0.944199979
vn 0.21666339 -0.0764245391 -0.973250329
vn 0.28881526 -0.148419619 -0.945810378
vn 0.22030133 -0.0367166996 -0.974740624
vn 0.102954417 0.0277092438 -0.994300008
vn 0.338334829 -0.0771227628 -0.937860072
vn 0.126731247 0.0358710885 -0.991288245
vn 0.253272593 -0.0274952371 -0.96700412
vn 0.389264911 -0.0703471377 -0.918435752
vn 0.145749763 0.0310735963 -0.988833427
vn 0.252813071 0.00528637879 -0.967500746
vn 0.235525414 0.0271467455 -0.971488953
vn 0.0715675429 0.106016308 -0.991785586
vn -0.187997088 0.0368250012 0.981479049
vn -0.114605978 -0.0287926123 0.992993653
vn -0.111979149 -0.0352492817 0.993085146
vn -0.214535192 0.0604807474 0.974841893
vn -0.300001621 0.150915086 0.941925526
vn -0.105657853 -0.0127016734 0.994321465
vn -0.316460401 0.15593417 0.935701489
vn -0.215171829 0.0543141663 0.975064635
vn -0.339051902 0.135439366 0.930967271
vn 0.0822857618 -0.0502068363 0.995343328
vn -0.426523894 0.165431529 0.889218688
vn -0.155019999 0.0529315434 0.986492336
vn -0.181917623 0.13146615 0.974485815
vn 0.238777637 -0.11383637 -0.964378834
vn 0.165366739 -0.0186566245 -0.986055613
vn 0.223960176 -0.13296631 -0.965485275
vn 0.16306515 0.0144702066 -0.986509144
vn 0.076870881 0.143599257 -0.986645818
vn 0.263333082 -0.0828321129 -0.961142302
vn 0.0693895444 0.150499299 -0.986171901
vn 0.167577446 0.0253831036 -0.985531986
vn 0.303819001 -0.0633378476 -0.950622141
vn 0.055285506 0.13750346 -0.988957226
vn 0.188728809 0.0446272232 -0.981014729
vn 0.206667244 0.0716002285 -0.975787938
vn 0.0587352552 0.161967263 -0.985046625
vn -0.14346008 -0.0277258717 0.989267647
vn -0.0423907004 -0.155466303 0.986931145
vn -0.0572679117 -0.187745214 0.980546892
vn -0.138411388 -0.00897706952 0.990334213
vn -0.259289384 0.163135186 0.951922238
vn -0.0318153761 -0.106907792 0.993759692
vn -0.24027276 0.111959696 0.9642272
vn -0.120794699 -0.0170421302 0.99253124
vn -0.0276052188 -0.0952544361 0.9950701
vn -0.212675929 0.0646278337 0.974983156
vn -0.129046395 0.00111310836 0.991637886
vn -0.143230662 0.0103475964 0.989635289
vn -0.239310369 0.112691119 0.964381278
vn 0.249052584 -0.106914468 -0.962570548
vn 0.193035558 -0.056011945 -0.979591668
vn 0.208984643 -0.211302057 -0.954817653
vn 0.190445632 0.0568530858 -0.980050027
vn 0.117568485 0.21638757 -0.969202757
vn 0.273980051 -0.0811081678 -0.958309174
vn 0.194492206 0.034189228 -0.980308056
vn 0.0980348065 0.161798671 -0.981942117
vn 0.297979683 -0.0481901802 -0.953355014
vn 0.203554943 0.070282355 -0.976537645
vn 0.0859997869 0.191047445 -0.977806151
vn 0.216334909 0.0993613973 -0.971250057
vn -0.1488965 -0.0753085837 0.985980868
vn -0.094372794 -0.19628273 0.975995362
vn -0.103211038 -0.158173963 0.982002258
vn -0.164657235 -0.0379090793 0.985622108
vn -0.23871617 0.147580847 0.959809542
vn -0.0441497788 -0.144671038 0.988494337
vn -0.235080138 0.142437324 0.961482704
vn -0.128723264 -0.00251907879 0.991677284
vn 0.0278954618 -0.144833818 0.989062607
vn -0.254906863 0.14046979 0.956708312
vn -0.107292615 -0.0120619703 0.994154394
vn -0.130067378 0 0.991505086
vn -0.1501109 -0.0572613925 0.987009525
vn -0.104794033 -0.154432639 0.9824301
vn -0.136786968 -0.198480755 0.970512569
vn -0.140359178 -0.062093202 0.988151729
vn -0.165056288 0.0843818784 0.982667863
vn -0.0496757738 -0.138694808 0.989088535
vn -0.180657059 0.054404106 0.982040286
vn -0.109927915 -0.048024267 0.992778599
vn -0.107206553 -0.0116676074 0.994168282
vn -0.180189744 0.0580091141 0.981919825
vn -0.171527207 -0.084022522 0.981589854
vn -0.15886423 -0.153300688 0.975326061
vn -0.188617453 -0.143324152 0.971535623
vn -0.141120985 -0.0374354012 0.989284337
vn -0.0977591574 -0.143127739 0.984864295
vn -0.118888788 0.111839712 0.986588776
vn -0.113313332 -0.0200526007 0.993356884
vn -0.0536397398 -0.188730672 0.980562806
vn -0.13620232 0.121613435 0.983188212
vn -0.0961070657 -0.0488558523 0.994171321
vn -0.0953909606 -0.0148970876 0.995328426
vn -0.153406471 0.122657932 0.980520964
vn 0.129304618 -0.000581300701 -0.991604686
vn 0.16912201 0.119434975 -0.978331804
vn 0.165725499 0.122090966 -0.978585124
vn 0.145506978 -0.0476749539 -0.988207877
vn 0.086689204 -0.135757253 -0.986942172
vn 0.0947623402 -0.156886816 -0.983059824
vn 0.153563082 -0.188182697 -0.970054448
vn 0.181743652 -0.214559272 -0.959652901
vn 0.174194276 -0.0741026178 -0.981919169
vn 0.161253661 0.100006968 -0.981832981
vn 0.243922845 -0.212686807 -0.946184933
vn 0.204954699 -0.0735720024 -0.976002395
vn 0.146250889 0.0921509415 -0.984946132
vn 0.201525465 -0.0339283645 -0.978895545
vn -0.0297762621 -0.0826468244 -0.996134043
vn -0.0251463838 -0.074542664 -0.996900797
vn 0.0734692737 -0.0383652188 -0.996559203
vn 0.0513378121 -0.0031357978 -0.99867636
vn -0.0356241949 -0.0430147164 -0.998439133
vn -0.0736999437 -0.0481770337 -0.996116042
vn 0.141082302 0.0510508902 -0.98868072
vn 0.163888931 0.00188952941 -0.986477017
vn 0.00237514381 0.0291144773 -0.99957329
vn -0.00124939752 0.0617340617 -0.998091877
vn 0.0953772739 0.119444594 -0.988249063
vn 0.0548776835 0.0740138143 0.995746195
vn -0.073199302 0.0649968833 0.995197117
vn 0.0510431267 0.143800423 0.988289475
vn -0.0382201709 0.000697908457 0.999269068
vn -0.14871943 0.0155058494 0.988757908
vn -0.174956545 0.0210445989 0.984351277
vn -0.132579058 0.00141888985 0.99117142
vn -0.0745365396 -0.0951965675 0.992664099
vn -0.0689932406 -0.200746104 0.97721076
vn 0.013069666 -0.112175956 0.993602335
vn 0.146362454 0.00479763001 0.989219368
vn 0.0971510932 -0.143110663 0.984926939
vn 0.21666342 -0.0764245465 0.973250329
vn 0.30885607 -0.114430636 0.944199979
vn 0.28881526 -0.148419619 0.945810378
vn 0.22030133 -0.0367166996 0.974740624
vn 0.102954417 0.0277092438 0.994300008
vn 0.338334769 -0.0771227553 0.937860072
vn 0.126731247 0.0358710885 0.991288245
vn 0.253272563 -0.0274952333 0.96700412
vn 0.389264911 -0.0703471377 0.918435752
vn 0.145749763 0.0310735963 0.988833427
vn 0.252813041 0.00528637646 0.967500746
vn 0.235525385 0.027146738 0.971488953
vn 0.0715675503 0.106016308 0.991785586
vn -0.114605978 -0.0287926123 -0.992993653
vn -0.187997088 0.0368249975 -0.981479049
vn -0.111979149 -0.0352492817 -0.993085146
vn -0.214535192 0.0604807548 -0.974841893
vn -0.300001621 0.150915086 -0.941925526
vn -0.105657853 -0.0127016734 -0.994321465
vn -0.316460401 0.15593417 -0.935701489
vn -0.215171829 0.0543141663 -0.975064635
vn -0.339051902 0.135439366 -0.930967271
vn 0.0822857544 -0.05020684 -0.995343328
vn -0.426523894 0.165431544 -0.889218688
vn -0.155019999 0.0529315509 -0.986492336
vn -0.181917682 0.13146615 -0.974485815
vn 0.165366709 -0.0186566245 0.986055613
vn 0.238777652 -0.113836385 0.964378834
vn 0.223960176 -0.13296631 0.965485275
vn 0.16306515 0.0144702066 0.986509144
vn 0.076870881 0.143599257 0.986645818
vn 0.263333112 -0.0828321129 0.961142302
vn 0.0693895444 0.150499299 0.986171901
vn 0.167577446 0.0253831036 0.985531986
vn 0.303818971 -0.0633378476 0.950622141
vn 0.055285506 0.13750346 0.988957226
vn 0.188728809 0.0446272306 0.981014729
vn 0.2066672 0.0716002285 0.975787938
vn 0.0587352663 0.161967278 0.985046625
vn -0.0423907004 -0.155466303 -0.986931145
vn -0.143460095 -0.0277258791 -0.989267647
vn -0.0572679117 -0.187745214 -0.980546892
vn -0.138411373 -0.00897706952 -0.990334213
vn -0.259289384 0.163135186 -0.951922238
vn -0.0318153761 -0.106907792 -0.993759692
vn -0.24027276 0.111959696 -0.9642272
vn -0.120794713 -0.0170421302 -0.99253124
vn -0.0276052188 -0.095254451 -0.9950701
vn -0.212675929 0.0646278337 -0.974983156
vn -0.129046395 0.00111309637 -0.991637886
vn -0.143230662 0.0103475694 -0.989635289
vn -0.239310369 0.112691097 -0.964381278
vn 0.193035617 -0.0560119562 0.979591668
vn 0.249052584 -0.106914468 0.962570548
vn 0.208984643 -0.211302057 0.954817653
vn 0.190445647 0.0568530858 0.980050027
vn 0.273980051 -0.0811081678 0.958309174
vn 0.117568485 0.21638757 0.969202757
vn 0.194492176 0.0341892205 0.980308056
vn 0.297979623 -0.0481901728 0.953355134
vn 0.0980348065 0.161798671 0.981942117
vn 0.203554943 0.0702823624 0.976537645
vn 0.216334894 0.0993614197 0.971249938
vn 0.0859997943 0.19104749 0.977806151
vn -0.094372794 -0.19628273 -0.975995362
vn -0.148896471 -0.0753085911 -0.985980988
vn -0.103211038 -0.158173963 -0.982002258
vn -0.164657235 -0.0379090793 -0.985622108
vn -0.23871617 0.147580847 -0.959809542
vn -0.0441497825 -0.144671068 -0.988494337
vn -0.235080138 0.142437324 -0.961482704
vn -0.128723264 -0.00251907879 -0.991677284
vn 0.027895458 -0.144833803 -0.989062726
vn -0.254906863 0.14046979 -0.956708312
vn -0.107292615 -0.0120619629 -0.994154394
vn -0.130067393 0 -0.991505086
vn -0.104794018 -0.154432625 -0.9824301
vn -0.150110915 -0.0572613999 -0.987009525
vn -0.136786968 -0.198480755 -0.970512569
vn -0.140359178 -0.062093202 -0.988151729
vn -0.165056288 0.0843818784 -0.982667863
vn -0.0496757552 -0.138694808 -0.989088535
vn -0.180657059 0.054404106 -0.982040286
vn -0.109927915 -0.0480242558 -0.992778599
vn -0.107206561 -0.0116675925 -0.994168282
vn -0.180189744 0.0580091253 -0.981919825
vn -0.14871943 0.0155058494 -0.988757908
vn -0.0675945953 0.0621560477 -0.995774925
vn -0.174956545 0.0210445989 -0.984351277
vn -0.0379546843 0.00381876784 -0.999272168
vn 0.0470350422 0.12538664 -0.990992427
vn -0.132579088 0.00141888985 -0.99117142
vn -0.0745365396 -0.0951965675 -0.992664099
vn 0.0476384275 0.0763738155 -0.995940566
vn -0.0689932406 -0.200746104 -0.97721076
vn 0.013069666 -0.112175956 -0.993602335
vn 0.146362454 0.00479763374 -0.989219368
vn 0.0971510932 -0.143110678 -0.984926939
vn -0.158864245 -0.153300703 -0.975326061
vn -0.171527207 -0.084022522 -0.981589854
vn -0.188617453 -0.143324152 -0.971535623
vn -0.14112097 -0.0374353901 -0.989284337
vn -0.118888788 0.111839712 -0.986588776
vn -0.0977591574 -0.143127739 -0.984864295
vn -0.113313332 -0.0200526007 -0.993356884
vn -0.136202306 0.121613428 -0.983188212
vn -0.0536397472 -0.188730672 -0.980562806
vn -0.0961070657 -0.0488558561 -0.994171321
vn -0.153406456 0.122657932 -0.980520964
vn -0.0953909457 -0.0148971071 -0.995328426
vn 0.16912201 0.119434975 0.978331804
vn 0.129304633 -0.000581300643 0.991604686
vn 0.165725499 0.122090966 0.978585124
vn 0.145506978 -0.0476749539 0.988207877
vn 0.086689204 -0.135757253 0.986942172
vn 0.0947623402 -0.156886816 0.983059824
vn 0.153563082 -0.188182697 0.970054448
vn 0.181743652 -0.214559272 0.959652901
vn 0.174194276 -0.0741026178 0.981919169
vn 0.161253661 0.100006968 0.981832981
vn 0.243922845 -0.212686792 0.946184933
vn 0.204954699 -0.0735720098 0.976002395
vn 0.146250889 0.0921509415 0.984946132
vn 0.201525465 -0.0339283794 0.978895545
vn -0.0297762621 -0.0826468244 0.996134043
vn 0.0734692961 -0.0383652188 0.996559203
vn -0.0251463838 -0.074542664 0.996900797
vn 0.0513378121 -0.00313579454 0.99867636
vn -0.0356241949 -0.0430147164 0.998439133
vn -0.0736999437 -0.0481770337 0.996116042
vn 0.141082332 0.0510508977 0.98868072
vn 0.163888946 0.00188952999 0.986477017
vn 0.00237514381 0.0291144811 0.99957329
vn -0.00124939752 0.0617340617 0.998091877
vn 0.0953772739 0.119444594 0.988249063
vn -0.00963869132 0.0542825758 0.998479068
vn 0.1421756 -0.0976732001 0.985010684
vn 0.153980479 -0.107024796 0.982260525
vn 0.0371247903 -0.0119326022 0.999239445
vn 0.173386678 -0.0966660008 0.980098367
vn 0.0364246704 0.0103482557 0.999282897
vn 0.0207625665 0.0460110232 0.998725116
vn -0.125921384 0.140374988 0.982058346
vn -0.0772445798 0.0772986934 0.994011104
vn -0.0933187455 0.127231285 0.987473369
vn -0.126562268 0.150833666 0.980424047
vn -0.0546952821 0.0571718626 0.996864974
vn -0.157901481 0.19186008 0.968636572
vn -0.0241600182 0.00211179233 0.999705851
vn 0.1186786 -0.175028786 0.977384448
vn -0.180644527 0.256041825 0.949636757
vn 0.106694765 -0.202128455 0.973529875
vn -0.0528915338 0.0186835546 0.998425484
vn -0.187115669 0.263236523 0.946411252
vn 0.0729605854 -0.220339343 0.972690821
vn -0.0499021523 -0.0064748521 0.998733103
vn 0.0541816168 -0.192397788 0.979820073
vn 0.373806953 -0.388290197 -0.8423177
vn 0.14143306 -0.143810645 0.979446411
vn 0.135409415 -0.120686971 0.983411908
vn 0.30999732 -0.395045131 -0.864777923
vn -0.00775975175 -0.00532456627 -0.999955773
vn -0.00604242273 0.0062832688 -0.999961972
vn 0.138619304 -0.0819159746 -0.986952186
vn -0.022831928 0.00396079523 -0.999731481
vn 0.106480099 -0.20619449 -0.972700298
vn 0.0150837107 0.0280501824 -0.999492764
vn 0.182463676 -0.0620287657 -0.981253982
vn -0.0472566932 0.00512006786 -0.998869598
vn 0.0691651478 -0.223820537 -0.972173035
vn -0.0372563228 -0.0450303108 -0.998290598
vn 0.0500471517 -0.193819657 -0.979759753
vn -0.157113791 0.193860352 -0.968366325
vn -0.170467257 0.243712068 -0.954748809
vn -0.155386895 0.199317709 -0.967536688
vn -0.141044393 0.145237982 -0.979291856
vn -0.131034598 0.138754874 -0.981619596
vn -0.122743875 0.145444274 -0.981722891
vn -0.102517404 0.133896172 -0.985678375
vn 0.0499412976 0.0302207265 -0.99829489
vn 0.0340058915 0.0433055349 -0.998483002
vn -0.00130852882 0.128985822 0.991645634
vn -0.0280628018 -0.0405906551 0.998781741
vn 0.00907946844 0.105425671 0.994385719
vn -0.0239442959 -0.00839734543 0.999678016
vn -0.0650252029 -0.162657395 0.984537601
vn -0.0441961288 -0.126019284 0.991042852
vn -0.000716868031 -0.132596195 0.99116993
vn -0.00265256851 -0.00116488175 0.999995828
vn -0.00766304554 0.145008966 0.989400685
vn 0.0310638268 -0.12394201 0.99180311
vn 0.0161051117 0.00423831446 0.99986136
vn 0.0670120567 -0.111614749 0.991489649
vn -0.0219049472 0.147999212 0.988744855
vn 0.105693057 -0.142182201 0.984181523
vn 0.0494875945 -0.00154524145 0.998773515
vn -0.0276339427 0.171585098 0.984781742
vn 0.0531187952 0.0327052698 0.998052478
vn -0.0210801233 -0.121272594 -0.992395401
vn -0.00548643433 0.0133567164 -0.999895811
vn 0.00712357322 -0.0723467618 -0.99735415
vn -0.0154965566 -0.00576475682 -0.999863267
vn 0.00216269004 0.12632677 -0.991986275
vn -0.000716868031 -0.132596195 -0.99116993
vn -0 0.132216975 -0.991220891
vn -0.00265256851 -0.00116488175 -0.999995828
vn 0.0310638268 -0.123942025 -0.99180311
vn -0.00766304554 0.145008966 -0.989400685
vn 0.0161051117 0.00423831958 -0.99986136
vn 0.0670120493 -0.111614749 -0.991489649
vn -0.0219925046 0.147363693 -0.988837838
vn 0.105693057 -0.142182171 -0.984181523
vn 0.0500138029 -0.00418174081 -0.998739779
vn -0.0263190363 0.164958715 -0.985949218
vn 0.0552212745 0.0292019136 -0.998046994
vn -0.0584997684 -0.152983755 -0.986495674
vn -0.0456844866 0.0301186014 -0.998501778
vn -0.0854714438 -0.149478495 -0.98506391
vn -0.0250925235 0.03095516 -0.999205768
vn -0 0.228155285 -0.973624766
vn 0.0102990512 0.212623939 -0.977079749
vn -0.00943457708 0.00373614253 -0.999948502
vn -0.0219211392 -0.149034947 -0.988588929
vn -0.00478266599 0.16391854 -0.986462295
vn 0.0194293689 -0.147698507 -0.988841593
vn 0.00953884888 -0.00778827164 -0.999924183
vn -0.0073895012 0.137821883 -0.990429521
vn 0.0617074966 -0.138239518 -0.988474667
vn 0.0287489183 -0.0181952026 -0.999421
vn -0.0148192877 0.122259393 -0.992387533
vn 0.107245229 -0.137556836 -0.984670877
vn 0.0493759885 0.0103040133 -0.998727143
vn -0.0169975236 0.177786827 -0.983922243
vn 0.0557784662 0.0288370401 -0.99802655
vn 0.0083684437 0.213355601 0.976938784
vn -0.050999444 0.031765569 0.998193324
vn -0.00483260024 0.2300587 0.973164737
vn -0.0278532319 0.0318026468 0.99910599
vn -0.0907893553 -0.148177594 0.984784603
vn -0.0608598217 -0.152419031 0.986440361
vn -0.00943457708 0.00373614253 0.999948502
vn -0.0219211392 -0.149034947 0.988588929
vn -0.00478266599 0.16391854 0.986462295
vn 0.0194293689 -0.147698507 0.988841593
vn 0.00953884888 -0.00778827164 0.999924183
vn -0.0073895012 0.137821883 0.990429521
vn 0.0617074966 -0.138239518 0.988474667
vn 0.0287489183 -0.0181952026 0.999421
vn -0.0148192877 0.122259393 0.992387533
vn 0.107245252 -0.137556851 0.984670877
vn 0.0493759997 0.0103040067 0.998727143
vn -0.0169975217 0.177786827 0.983922243
vn 0.0557784848 0.0288370233 0.99802655
vn 0.0751174837 0.99717474 0
vn 0.150157958 0.988662064 0
vn 0.150157973 0.988662064 0
vn 0.26413545 0.964485645 0
vn 0.26413545 0.964485645 0
vn 0.268078417 0.963397145 0
vn 0.268078446 0.963397145 0
vn 0.110810749 0.993841529 0
vn 0.110810749 0.993841529 0
vn -0.0821154192 0.996622801 0
vn -0.082115449 0.996622801 0
vn -0.157423928 0.987531126 0
vn -0.157423913 0.987531126 0
vn 0.267255902 -0.96362555 0
vn 0.384501696 -0.923124313 0
vn 0.267255872 -0.96362555 0
vn 0.0221650116 -0.999754369 0
vn 0.0221650526 -0.999754369 0
vn -0.797277987 -0.603612363 0
vn -0.797278047 -0.603612185 0
vn -0.988123357 -0.153662786 0
vn -0.988123357 -0.153662562 0
vn -0.722251952 -0.691630065 0
vn -0.722252488 -0.691629529 0
vn -0.166361511 -0.986064792 0
vn -0.166361094 -0.986064911 0
vn 0.469924122 -0.882706881 0
vn 0.469924092 -0.882706761 0
vn 0.896424234 -0.443196863 0
vn 0.896424234 -0.443196893 0
vn 0.50645268 -0.862267733 0
vn 0.506453037 -0.862267554 0
vn -0.380180985 -0.924912155 0
vn -0.380181015 -0.924912155 0
vn -0.223289266 0.974752188 0
vn -0.185185954 0.982703567 0
vn -0.185186014 0.982703447 0
vn -0.0960557982 0.995375991 0
vn -0.0960557163 0.995375991 0
vn -0.0291285571 0.999575675 0
vn -0.0291284714 0.999575675 0
vn -0.0254280586 0.999676704 0
vn -0.0254280604 0.999676704 0
vn -0.180254295 0.983620048 0
vn -0.180254325 0.983620048 0
vn -0.37702617 0.926202536 0
vn -0.377026141 0.926202655 0
vn -0.434617251 0.900615156 0
vn -0.434617251 0.900615156 0
vn 0.589420557 -0.807826281 0
vn 0.655307531 -0.755362213 0
vn 0.589420617 -0.807826281 0
vn 0.47187826 -0.88166374 0
vn 0.47187832 -0.88166374 0
vn 0.360167682 -0.932887554 0
vn 0.360167712 -0.932887554 0
vn 0.220242843 -0.975445032 0
vn 0.220242873 -0.975445032 0
vn -0.623542726 -0.781789243 0
vn -0.623542726 -0.781789243 0
vn -0.913576186 -0.406667799 0
vn -0.913576186 -0.406667799 0
vn -0.483945727 -0.875098109 0
vn -0.483945698 -0.87509799 0
vn 0.180024624 -0.983662188 0
vn 0.180023983 -0.983662307 0
vn 0.727541327 -0.686063945 0
vn 0.727540135 -0.686065197 0
vn 0.987675309 -0.156516492 0
vn 0.987675548 -0.156515315 0
vn 0.766452491 -0.642300963 0
vn 0.766452849 -0.642300665 0
vn -0.0931790918 -0.995649397 0
vn -0.0931791067 -0.995649397 0
vn -0.148355648 -0.9889341 0
vn -0.148355633 -0.9889341 0
vn -0.774966896 0.632001936 0
vn -0.742411494 0.669944108 0
vn -0.742412686 0.669942856 0
vn -0.673798978 0.738914609 0
vn -0.673989356 0.73874104 0
vn -0.592271686 0.805738449 0
vn -0.592378676 0.805659652 0
vn -0.573610187 0.819128394 0
vn -0.573698401 0.819066644 0
vn -0.705762327 0.708448648 0
vn -0.705762386 0.708448648 0
vn -0.799723208 0.600368798 0
vn -0.799723208 0.600368798 0
vn 0.957202971 -0.289417535 0
vn 0.984625101 -0.17468071 0
vn 0.957202971 -0.289417475 0
vn 0.879206717 -0.47644043 0
vn 0.879206002 -0.47644183 0
vn 0.763109744 -0.646268964 0
vn 0.763110161 -0.646268487 0
vn -0.0473151058 -0.998879969 0
vn -0.0473280475 -0.998879373 0
vn -0.378810912 -0.925474048 0
vn -0.378810912 -0.925474048 0
vn 0.463255525 -0.886224747 0
vn 0.462995321 -0.886360705 0
vn 0.958492756 -0.285116851 0
vn 0.958880067 -0.283810735 0.00068936008
vn 0.909214139 0.416328788 0
vn 0.908940971 0.416924864 0
vn 0.982259691 -0.187525824 0
vn 0.982224286 -0.187710956 0
vn 0.380315483 -0.924856782 0
vn 0.380315483 -0.924856842 0
vn -0.552884519 0.833257139 -0.00111603935
vn -0.499324471 0.866414785 -0.000658998499
vn -0.499807954 0.866136014 -0.000647127454
vn -0.4211303 0.907000184 0
vn -0.421215594 0.906960547 0
vn -0.37862131 0.925551653 0
vn -0.378623724 0.92555064 0
vn -0.406033546 0.913858235 0
vn -0.406033516 0.913858235 0
vn -0.591502428 0.806303263 0
vn -0.591502428 0.806303263 0
vn -0.720513761 0.693440676 0
vn -0.720513701 0.693440676 0
vn 0.825652003 -0.564179361 0.000635939068
vn 0.881518245 -0.47214818 0.00124508177
vn 0.826078296 -0.563555002 0.000636886514
vn 0.739870191 -0.672749758 0
vn 0.739934623 -0.672678769 0
vn 0.624808669 -0.780777872 0
vn 0.62480706 -0.780779183 0
vn -0.253241986 -0.967403054 0
vn -0.253242016 -0.967402935 0
vn -0.669077098 -0.743192911 0
vn -0.66907692 -0.74319309 0
vn -0.0676521659 -0.997708917 0
vn -0.0676538795 -0.997708797 0
vn 0.581642628 -0.813444495 0
vn 0.581642747 -0.813444316 0
vn 0.928008556 -0.372558981 0
vn 0.928008556 -0.372558981 0
vn 0.987136841 0.159877956 0
vn 0.987136841 0.159877941 0
vn 0.933833122 -0.357708991 0
vn 0.933833122 -0.35770902 0
vn 0.269196063 -0.963085413 0
vn 0.269196063 -0.963085413 0
vn 0.209590673 -0.977789223 0
vn 0.209590673 -0.977789223 0
vn -0.0825659707 -0.0499847792 -0.995331228
vn 0.118078217 -0.505735755 -0.854569495
vn -0.00431466755 -0.243860975 -0.969800532
vn -0.233386904 0.220971778 -0.946943521
vn 0.167291433 -0.144831613 -0.975211442
vn 0.286081582 -0.147049889 -0.946854591
vn 0.464908481 0.0711568817 -0.882494688
vn 0.0565493032 0.0181485321 -0.998234868
vn 0.461787969 -0.223245144 -0.858436704
vn 0.297937572 -0.368938744 -0.880407572
vn -0.0129505638 0.0145064546 -0.999810994
vn -0.0733756423 0.274504542 -0.958782196
vn -0.0243325736 -0.0235797688 -0.999425769
vn -0.0797015131 -0.491800636 -0.867052376
vn -0.266540974 -0.33514297 -0.903678715
vn -0.0521013737 -0.0518489257 -0.997294843
vn -0.040781606 0.188776225 -0.981172979
vn 0.0203445293 -0.213136151 -0.976810694
vn -0.068240732 -0.314688116 -0.946738958
vn 0.269457549 -0.268111646 -0.924937129
vn 0.116006732 -0.0389351398 -0.992484987
vn 0.270465493 -0.17725563 -0.946271002
vn 0.110023476 0.0167632513 -0.993787646
vn -0.0504029654 0.210762873 -0.976236939
vn 0.275063932 -0.133056268 -0.952174306
vn 0.114145927 0.0489778109 -0.992255926
vn -0.0730130821 0.238406107 -0.968417108
vn 0.0987825692 0.0833788663 -0.991609752
vn -0.104403824 -0.0774654672 -0.991513431
vn 0.297365099 -0.0821951404 -0.951219201
vn 0.185887858 -0.192659467 -0.963497818
vn 0.429471195 0.167815089 -0.887351453
vn 0.50023973 -0.1569141 -0.85155046
vn 0.0830392092 0.0439036302 -0.995578706
vn -0.263614118 0.183353662 -0.947042286
vn -0.0243891478 0.00939165615 -0.999658346
vn 0.225660175 -0.463033289 -0.857133448
vn -0.209042206 0.333942205 -0.919121325
vn -0.114825308 -0.0389766321 -0.992620707
vn -0.153357953 -0.407249987 -0.900349259
vn -0.10295555 0.254447788 -0.961590648
vn 0.0448875837 -0.12234243 -0.991472423
vn -0.00113629515 -0.337740868 -0.941238463
vn 0.354832977 -0.23735927 -0.90429759
vn 0.158420622 0.0146846762 -0.987262547
vn 0.347478837 -0.124519125 -0.929383397
vn 0.133196831 0.042703528 -0.990169168
vn -0.101230294 0.18425642 -0.977651298
vn 0.300291002 -0.0359405763 -0.9531703
vn 0.0993874744 0.0833307877 -0.991553366
vn -0.119140312 0.188663974 -0.974787951
vn 0.0657010525 0.0981530547 -0.99300015
vn 0.618089855 -0.113860488 -0.777817965
vn 0.151347041 -0.247601613 -0.956967831
vn 0.275613308 -0.302911341 -0.912294865
vn 0.114510961 -0.0653394535 -0.9912709
vn 0.421608239 -0.44280377 -0.791309893
vn -0.10058862 -0.502208173 -0.858876467
vn 0.112166457 -0.591206789 -0.798682213
vn -0.104314268 -0.303960651 -0.946956456
vn -0.125286028 -0.0458270796 -0.991061687
vn -0.141871437 0.234481603 -0.96171242
vn -0.00220352947 -0.0547421202 -0.998498082
vn -0.0628826916 0.328047812 -0.942565858
vn 0.0385342427 0.192743614 -0.980492234
vn -0.0509519167 -0.0598654188 -0.996905148
vn -0.210930541 -0.549358308 -0.808525622
vn -0.472138882 -0.2120222 -0.855646789
vn -0.0957856551 -0.224766225 -0.969693363
vn -0.227527142 -0.307628781 -0.923902512
vn 0.141565308 -0.450870007 -0.881291926
vn 0.165502399 -0.299006522 -0.939789414
vn 0.0969520286 -0.0572877042 -0.993638933
vn 0.0268226936 0.187827498 -0.981835723
vn 0.188118607 -0.259168267 -0.947334826
vn 0.112638764 -0.0263642166 -0.993286192
vn 0.0271732155 0.2210536 -0.97488302
vn 0.205092594 -0.180994511 -0.96186173
vn 0.111913703 0.0374568813 -0.993011773
vn 0.0118473778 0.250897706 -0.967941046
vn 0.112535879 0.0466240607 -0.992553174
vn 0.607392967 -0.265025109 -0.748889446
vn 0.0891602561 -0.380468398 -0.920485914
vn 0.244151011 -0.443218142 -0.862524152
vn -0.127135888 0.00724945357 -0.99185878
vn 0.0881814584 -0.0748453662 -0.993288577
vn 0.226310402 -0.543107629 -0.808589935
vn -0.0616080686 0.242786005 -0.968121588
vn -0.105015278 -0.562246919 -0.820274472
vn -0.0122724771 -0.0275939647 -0.999543846
vn 0.03801338 0.337412208 -0.94058919
vn 0.0829298794 0.173725128 -0.981296241
vn -0.0290492065 -0.0472465642 -0.99846077
vn -0.369147569 -0.464754403 -0.804818869
vn -0.608276963 -0.0225753002 -0.793403685
vn -0.265938163 -0.184290022 -0.946210325
vn -0.371677458 -0.30178833 -0.877940595
vn 0.0300045256 -0.48763451 -0.872532189
vn 0.0727146268 -0.187486187 -0.979572117
vn 0.0711286813 0.188608155 -0.979473174
vn 0.163713321 -0.362395108 -0.917533517
vn 0.14904201 -0.0544843823 -0.987328649
vn 0.106676996 0.270888686 -0.95668149
vn 0.157312706 -0.00469538104 -0.987537682
vn 0.119743988 0.146173418 0.981985152
vn -0.00411562994 0.0486231968 0.998808742
vn 0.144616142 0.198161408 0.969442248
vn -0.0358419046 0.0479142182 0.998208165
vn -0.140283465 -0.0815327615 0.986748695
vn 0.00457581459 0.00745412055 0.999961734
vn -0.0992645547 -0.11628519 0.988243043
vn -0.0573238432 -0.137188658 0.988884807
vn 0.013712598 -0.0105515085 0.999850273
vn 0.0929446965 0.131791979 0.986910403
vn -0.0163869318 -0.142610982 0.989643097
vn 0.0395982824 -0.00432306295 0.999206364
vn 0.0987657681 0.143453687 0.984716415
vn 0.0457143001 -0.0140121132 0.998856306
vn 0.097028695 0.125839546 0.987294137
vn 0.18986921 0.00656129699 0.981787443
vn 0.152185798 -0.028446814 0.987942398
vn 0.00975317974 0.0827693939 0.996520996
vn 0.183881208 -0.165763691 0.968870521
vn 0.0430740044 -0.0710544139 0.996542037
vn -0.0354839563 0.109334782 0.993371367
vn 0.0639399737 -0.214181334 0.974698961
vn -0.0278330147 -0.0545974001 0.998120368
vn -0.0178511553 0.193978041 0.980843365
vn -0.0327826068 -0.205889031 0.978026092
vn -0.0765547454 -0.0018529417 0.997063696
vn -0.120319024 -0.00190810172 0.992733479
vn -0.126013756 -0.199337572 0.971794724
vn -0.00751256524 0.171665087 0.985126674
vn 0.0640835464 0.0287805945 0.997529447
vn 0.0922438577 0.0335974321 0.995169461
vn 0.0236266423 0.165985838 0.985845089
vn 0.188460723 -0.107647523 0.976163149
vn 0.108921692 -0.0233476609 0.993776083
vn -0.00564760668 0.113546774 0.993516684
vn 0.173319742 -0.189321473 0.96649766
vn 0.0386705734 -0.0677485391 0.996952653
vn -0.0209557191 0.102722719 0.994489193
vn 0.0669263527 -0.219518274 0.973310053
vn -0.0227405764 -0.0910987556 0.995582163
vn -0.0279955026 -0.264951736 0.963855207
vn -0.0326894782 0.366338164 0.929907382
vn -0.205042422 -0.478664607 0.85371995
vn -0.0669285059 -0.100648314 0.99266839
vn -0.96097827 0.276521921 0.00750970654
vn -0.0697728842 0.098175399 -0.992720246
vn -0.0837012082 -0.0274553075 0.996112645
vn -0.0268549174 -0.23232089 0.972268343
vn -0.106720388 -0.0576639362 0.992615581
vn -0.152827069 0.208438322 0.966021359
vn -0.0990126878 0.165823162 0.981172264
vn -0.0283990614 -0.0252153203 0.999278605
vn 0.0239642467 -0.188447043 0.9817909
vn 0.121279113 -0.203797355 0.971472085
vn 0.0426800996 -0.013740574 0.998994291
vn -0.054856047 0.194660977 0.979335368
vn 0.170008346 -0.123993941 0.977610648
vn 0.0663436204 0.0312869065 0.997306228
vn -0.0443748049 0.179207936 0.982809901
vn 0.161566794 -0.0810193121 0.983530462
vn 0.0572476648 0.0214631837 0.998129308
vn -0.0661508963 0.126826286 0.989716709
vn 0.0318392329 0.0410046205 0.998651564
vn -0.131343603 -0.0520826355 0.989967823
vn -0.151745439 -0.00860613305 0.988382161
vn -0.151722863 -0.00673055276 0.988400221
vn 0.00541815814 0.0312256068 0.999497652
vn -0.128378049 -0.0577940233 0.990039885
vn -0.124777943 -0.123132817 0.984514475
vn -0.129552841 -0.122531235 0.983972669
vn 0.0328452177 -0.0655604079 0.997307897
vn 0.0358609334 -0.0638450235 0.997315228
vn -0.162391588 0.0242137518 0.986429214
vn 0.165010273 0.0296692811 0.985845566
vn 0.175036326 0.0289804321 0.98413533
vn 0.0878573507 0.0425943471 0.995222032
vn 0.0913580433 0.0423083864 0.994918883
vn 0.0144828642 0.0236127395 0.999616265
vn 0.190552533 0.0320207477 0.981154621
vn 0.142091975 0.0377560444 0.989133179
vn 0.144370005 0.0333615765 0.988961279
vn -0.146531358 0.287457198 -0.946518242
vn -0.192384303 0.0888614431 -0.977288067
vn -0.152496606 0.288308293 -0.945316374
vn -0.213131741 0.0890316665 -0.972958505
vn -0.257089168 -0.0631971136 -0.96431911
vn -0.252908707 -0.0736234039 -0.964684725
vn -0.175503477 -0.0570500493 -0.982824445
vn -0.134516358 -0.06777215 -0.988591135
vn -0.15187557 0.217136577 -0.964253902
vn -0.142251506 0.058694955 -0.988088787
vn -0.0761132091 -0.0738871247 -0.994357884
vn -0.114681929 0.0451622158 -0.992375195
vn -0.166924417 0.179698005 -0.969455898
vn -0.115046412 0.0753031746 -0.990501761
vn -0.146531358 0.287457198 0.946518242
vn -0.192384273 0.0888614506 0.977288067
vn -0.213131741 0.0890316665 0.972958505
vn -0.152496606 0.288308293 0.945316374
vn -0.257089168 -0.0631971136 0.96431911
vn -0.252908707 -0.0736234039 0.964684725
vn -0.175503477 -0.0570500493 0.982824445
vn -0.134516358 -0.06777215 0.988591135
vn -0.15187557 0.217136577 0.964253902
vn -0.142251506 0.058694955 0.988088787
vn -0.0761132091 -0.0738871247 0.994357884
vn -0.114681944 0.045162227 0.992375195
vn -0.166924417 0.179698035 0.969455898
vn -0.115046427 0.0753031969 0.990501761
vn 0.190552533 0.0320207439 -0.981154621
vn 0.0144828642 0.0236127377 -0.999616265
vn 0.00541816186 0.0312256049 -0.999497652
vn -0.162391588 0.0242137518 -0.986429214
vn 0.142091975 0.0377560444 -0.989133179
vn -0.151745424 -0.00860613305 -0.988382161
vn 0.144370005 0.0333615765 -0.988961279
vn -0.151722863 -0.00673055276 -0.988400221
vn 0.0913580284 0.042308379 -0.994918883
vn -0.131343603 -0.0520826355 -0.989967823
vn 0.0878573507 0.0425943471 -0.995222032
vn -0.128378034 -0.0577940233 -0.990039885
vn -0.124777943 -0.123132803 -0.984514475
vn -0.129552841 -0.122531235 -0.983972669
vn 0.0328452177 -0.0655604079 -0.997307897
vn 0.0358609334 -0.0638450235 -0.997315228
vn 0.165010244 0.0296692774 -0.985845566
vn 0.175036326 0.0289804321 -0.98413533
vn 0.361150384 -0.932507575 0
vn -0.0216479115 -0.999763191 0.00223697373
vn 0.356488526 -0.934299707 0
vn 0.543521404 -0.839395344 0
vn 0.356488526 -0.934299707 0
vn -0.0216479134 -0.999763191 -0.00223697373
vn -0.0191923995 -0.999815881 0
vn -0.140031233 -0.990147054 0
vn -0.137670606 -0.990477443 0.00110624568
vn -0.137670606 -0.990477443 -0.00110624568
vn 0.045774404 -0.998951793 0
vn 0.0535658002 -0.998564303 0
vn 0.0535658002 -0.998564303 0
vn 0.355053514 -0.934846044 0
vn 0.365340024 -0.930874169 0
vn 0.365340024 -0.930874169 0
vn 0.711372852 -0.702814877 0
vn 0.723389328 -0.690429866 -0.00381071772
vn 0.723389328 -0.690429866 0.00381071772
vn 0.920228422 -0.391381711 0
vn 0.924925089 -0.379087299 -0.0283979159
vn 0.924925089 -0.379087299 0.0283979159
vn 0.992106795 -0.125395775 0
vn 0.992602766 -0.119268231 -0.0226917677
vn 0.98062551 0.195891783 0
vn 0.992602766 -0.119268231 0.0226917677
vn 0.981883287 0.189140335 -0.0114503093
vn 0.981883287 0.189140335 0.0114503093
vn 0.844466448 0.53560394 -0.00220265007
vn 0.844466448 0.53560394 0.00220265007
vn 0.823245645 0.567685306 0
vn 0.679912508 0.733293355 0
vn 0.679912508 0.733293355 0
vn 0.679912508 0.733293355 0
vn -0.598688722 0.679994524 -0.423295736
vn -0.371049732 0.847196698 0.380236685
vn -0.624267936 0.65826726 -0.42068249
vn -0.630357027 0.0743017644 -0.772741318
vn -0.314663142 0.837394536 0.446942419
vn -0.272817105 0.118245922 -0.954771578
vn -0.309096605 0.068272531 -0.948576927
vn -0.349451154 0.0867995173 -0.932925344
vn -0.358679205 0.878412545 -0.315817326
vn -0.0855989307 0.20533438 -0.974941373
vn -0.136302218 0.966688514 -0.216644973
vn -0.171765491 0.873253703 0.455987453
vn -0.0318643488 0.968067944 -0.248654485
vn -0.0729422867 0.877911329 0.473234743
vn 0.885799587 0.107462578 0.451454312
vn 0.261945099 -0.104277834 -0.959432602
vn 0.0051519745 0.241106242 -0.970485091
vn 0.564240992 -0.559769392 -0.60686934
vn 0.725342929 -0.447211146 0.523335278
vn 0.284050822 0.0360552073 -0.958131075
vn 0.692311823 -0.690732121 0.208790585
vn 0.163969234 0.0930881277 -0.982063532
vn 0.466655165 -0.823044658 -0.323775291
vn 0.354706615 -0.86797595 0.347564518
vn 0.895458221 0.156719714 -0.416645348
vn -0.129845411 0.0235484354 -0.991254568
vn 0.708022058 -0.439349622 -0.552880347
vn 0.676602185 -0.720060587 0.154020205
vn 0.441123545 -0.877604127 0.18767266
vn -0.171106502 0.0221813638 -0.985002816
vn -0.370834917 0.172096938 -0.912613869
vn 0.233944952 -0.751813233 -0.616479218
vn 0.303066969 -0.724837303 -0.61867702
vn 0.455674499 -0.874165297 0.167916223
vn -0.250832617 -0.967926741 0.0141657237
vn 0.0381790102 -0.998677194 0.0344394445
vn 0.102659084 -0.994716585 0
vn -0.253534406 -0.967326403 0
vn 0.433674753 -0.901069462 0
vn 0.0980582684 0.355232954 0.929620385
vn 0.0381789915 -0.998677194 -0.0344394334
vn 0.127213299 0.152118474 -0.980141222
vn 0.0119552985 -0.00847111549 -0.999892712
vn 0.0437068045 -0.0165057722 -0.998908043
vn 0.0687445328 0.209222183 -0.975448787
vn -0.0553956591 -0.155257195 -0.986319602
vn -0.163672209 -0.187234834 -0.968583822
vn -0.164889708 -0.314124078 -0.934953153
vn 0.0916581899 0.262777269 -0.960493028
vn -0.258671194 -0.000896193436 -0.965964973
vn -0.49307245 -0.11521624 -0.862325191
vn -0.73004055 0.0203175563 -0.683101833
vn -0.305187076 0.091544196 -0.947882116
vn 0.117384851 0.254490227 -0.959924698
vn -0.661852896 -0.126205146 -0.738933623
vn -0.287677079 0.0524608865 -0.95628953
vn 0.303986937 -0.612982154 -0.729276896
vn -0.0204006061 -0.580339551 -0.814118981
vn -0.0647153556 -0.790174901 -0.609455109
vn -0.388308376 -0.692433119 -0.608073056
vn 0.375608265 -0.334725946 -0.864220381
vn 0.00226853532 0.0150747932 -0.999883771
vn 0.699111879 -0.140899494 -0.700991988
vn -0.452883124 -0.408197641 -0.792635858
vn -0.728025258 -0.36017254 -0.583313823
vn 0.603894591 0.0853220373 -0.792484403
vn 0.82570523 0.19167228 -0.53053993
vn 0.723885477 0.425755948 -0.542882681
vn -0.620688736 0.0334035493 -0.783345222
vn -0.808086216 0.0594071783 -0.586060941
vn -0.680907845 0.44073531 -0.584907651
vn 0.442862064 0.464248538 -0.767037511
vn 0.420363486 0.725103855 -0.545453012
vn -0.412664533 0.458221406 -0.787236452
vn -0.329468042 0.732590675 -0.595618784
vn 0.0354820453 0.627775013 -0.777585626
vn 0.0908416435 0.809158206 -0.580526233
vn -0.598688781 0.679994583 0.423295707
vn -0.624267876 0.6582672 0.42068252
vn -0.371049702 0.847196639 -0.380236655
vn -0.630357027 0.0743017644 0.772741318
vn -0.314663172 0.837394536 -0.446942449
vn -0.272817105 0.118245915 0.954771578
vn -0.309096605 0.0682725385 0.948576927
vn -0.349451154 0.0867995322 0.932925344
vn -0.358679205 0.878412545 0.315817356
vn -0.0855989233 0.20533438 0.974941373
vn -0.136302248 0.966688514 0.216644958
vn -0.171765491 0.873253703 -0.455987453
vn -0.0318643488 0.968067944 0.248654485
vn -0.0729422867 0.877911329 -0.473234743
vn 0.885799587 0.107462578 -0.451454312
vn 0.261945099 -0.104277834 0.959432602
vn 0.0451985821 0.211585969 0.976313651
vn 0.569777131 -0.553957045 0.607030094
vn 0.79767704 -0.548540533 -0.250628263
vn 0.692311823 -0.690732121 -0.208790585
vn 0.284050822 0.0360552073 0.958131075
vn 0.412473232 -0.829323232 0.376946509
vn 0.354706615 -0.86797595 -0.347564518
vn 0.132321492 0.0578827038 0.989515305
vn 0.895458221 0.156719714 0.416645378
vn -0.128630325 0.0161408689 0.991561234
vn 0.703557968 -0.442210913 0.556287467
vn 0.676602185 -0.720060587 -0.154020205
vn 0.441123545 -0.877604127 -0.18767266
vn 0.314228386 -0.712431014 0.627457321
vn 0.455674499 -0.874165297 -0.167916223
vn 0.233944952 -0.751813233 0.616479218
vn -0.112720251 0.0221540146 0.993379712
vn -0.370834976 0.172096983 0.912613869
vn 0.0655932054 0.997832596 0.00525249448
vn -0.114952944 0.993370891 0
vn 0.0618387908 0.998086214 0
vn -0.115801841 0.993272364 0
vn 0.0655932054 0.997832596 -0.00525249401
vn -0.115801841 0.993272364 0
vn -0.499741375 0.866174638 0
vn -0.499741435 0.866174638 0
vn -0.499741435 0.866174638 0
vn -0.800899506 0.598798752 0
vn -0.800899625 0.598798752 0
vn -0.802074552 0.597223938 0
vn -0.683517694 0.729933918 0
vn -0.683517694 0.729933918 0
vn -0.643533409 0.765418112 0
vn -0.282556623 0.959250569 0
vn 0.127213299 0.152118474 0.980141222
vn 0.0119552985 -0.00847113412 0.999892712
vn 0.0687445253 0.209222183 0.975448787
vn 0.0437068045 -0.0165057722 0.998908043
vn -0.0553956628 -0.15525721 0.986319602
vn -0.163672239 -0.187234819 0.968583822
vn -0.164889693 -0.314124107 0.934953213
vn 0.0916581973 0.262777209 0.960493028
vn -0.258671194 -0.000896204903 0.965965092
vn -0.493072391 -0.11521627 0.862325191
vn -0.73004055 0.0203175563 0.683101833
vn -0.305187076 0.0915442035 0.947882116
vn 0.117384851 0.254490227 0.959924698
vn -0.661852896 -0.126205146 0.738933623
vn -0.287677079 0.0524609014 0.95628953
vn -0.0204006061 -0.580339551 0.814118981
vn 0.303986937 -0.612982154 0.729276896
vn -0.0647153556 -0.790174901 0.609455109
vn -0.388308376 -0.692433119 0.608073056
vn 0.375608265 -0.334725946 0.864220381
vn 0.00226853276 0.0150747774 0.999883771
vn 0.699111879 -0.140899494 0.700991988
vn -0.452883124 -0.408197641 0.792635858
vn -0.728025198 -0.36017251 0.583313823
vn 0.603894591 0.0853220299 0.792484403
vn 0.82570523 0.19167228 0.53053993
vn 0.723885477 0.425755948 0.542882681
vn -0.620688736 0.0334035419 0.783345222
vn -0.808086216 0.0594071783 0.586060941
vn -0.680907905 0.440735281 0.584907591
vn 0.442862064 0.464248478 0.76703757
vn 0.420363486 0.725103855 0.545453012
vn -0.412664533 0.458221406 0.787236452
vn -0.329468042 0.732590616 0.595618844
vn 0.0354820453 0.627775013 0.777585804
vn 0.0908416435 0.809158206 0.580526233
vn -0.0825659782 -0.0499847867 0.995331228
vn -0.00431466755 -0.243860975 0.969800532
vn 0.118078217 -0.505735695 0.854569495
vn -0.226535916 0.220746234 0.948658347
vn 0.167291433 -0.144831583 0.975211442
vn 0.286081582 -0.147049889 0.946854591
vn 0.464908481 0.0711568817 0.882494688
vn 0.0565492921 0.0181485433 0.998234868
vn 0.461787969 -0.223245144 0.858436704
vn 0.297937661 -0.368938684 0.880407512
vn -0.00842950679 0.0322768167 0.999443352
vn -0.0377254076 -0.0153070986 0.999170899
vn -0.0797004625 -0.491800219 0.867052734
vn -0.0762360543 0.270963281 0.959566057
vn -0.266540885 -0.335142851 0.903678715
vn -0.0521013737 -0.0518489257 0.997294843
vn -0.0407799296 0.188777015 0.98117286
vn 0.0203445293 -0.213136151 0.976810694
vn -0.068240732 -0.314688116 0.946738958
vn 0.269451231 -0.268114865 0.924938023
vn 0.11600101 -0.0389363989 0.992485583
vn 0.270486027 -0.177304342 0.946256042
vn 0.110048607 0.0167229082 0.993785501
vn -0.0503963456 0.210732132 0.976243913
vn 0.27512297 -0.133057073 0.95215714
vn 0.114119709 0.0488778241 0.992263913
vn -0.0729397237 0.238269672 0.968456209
vn 0.0987698883 0.0833360553 0.991614699
vn 0.185843244 -0.192689866 0.963500381
vn 0.429508775 0.167475343 0.887397468
vn 0.297356933 -0.0822598115 0.951216161
vn -0.104404628 -0.0774662346 0.991513312
vn 0.500383794 -0.157341123 0.851387024
vn 0.0830321833 0.0439590476 0.995576859
vn -0.26361534 0.183356613 0.947041333
vn -0.024359623 0.00928731635 0.999660134
vn 0.225494713 -0.463254124 0.857057571
vn -0.184246495 0.323931873 0.927966237
vn -0.0850215182 0.0104586519 0.996324301
vn -0.153360784 -0.407251298 0.900348186
vn 0.0283952318 -0.108036272 0.993741333
vn -0.00110920926 -0.337746292 0.941236436
vn 0.354878187 -0.237422049 0.904263377
vn -0.0983880982 0.242673934 0.965105712
vn 0.16394873 0.0088915173 0.986428797
vn 0.347486109 -0.124535568 0.92937845
vn 0.136854142 0.0428906418 0.98966229
vn -0.0950397626 0.189899668 0.9771927
vn 0.300291002 -0.0359405726 0.9531703
vn 0.0994143188 0.0833385214 0.991550088
vn -0.119104348 0.188712612 0.974782884
vn 0.0657010525 0.0981530547 0.99300015
vn 0.151347071 -0.247601613 0.956967831
vn 0.61809051 -0.113860033 0.777817547
vn 0.275613308 -0.302911341 0.912294865
vn 0.114511371 -0.065339759 0.9912709
vn 0.421609759 -0.442804605 0.791308522
vn -0.100588627 -0.502208292 0.858876407
vn 0.112166293 -0.591207087 0.798681974
vn -0.104314268 -0.303960621 0.946956456
vn -0.125286028 -0.045827087 0.991061687
vn -0.141871437 0.234481603 0.96171242
vn -0.00220353366 -0.0547421202 0.998498082
vn -0.0628826916 0.328047812 0.942565858
vn 0.0385342427 0.192743585 0.980492234
vn -0.0509519204 -0.0598654225 0.996905148
vn -0.210930541 -0.549358308 0.808525622
vn -0.472138882 -0.2120222 0.855646789
vn -0.0957856402 -0.224766225 0.969693363
vn -0.227527142 -0.307628781 0.923902512
vn 0.141565308 -0.450870007 0.881291926
vn 0.165502384 -0.299006492 0.939789414
vn 0.0969520286 -0.0572877191 0.993638933
vn 0.0268226694 0.187827483 0.981835723
vn 0.188118607 -0.259168267 0.947334826
vn 0.112638757 -0.0263642613 0.993286192
vn 0.0271732137 0.221053451 0.974883139
vn 0.205092594 -0.180994511 0.96186173
vn 0.111913756 0.0374568738 0.993011773
vn 0.0118474625 0.250897795 0.967941046
vn 0.112535879 0.0466240495 0.992553174
vn 0.0891602933 -0.380468428 0.920485795
vn 0.607392967 -0.265025079 0.748889446
vn 0.244151026 -0.443218112 0.862524211
vn -0.127135888 0.00724946987 0.99185878
vn 0.0881814584 -0.0748453662 0.993288577
vn 0.226310402 -0.543107629 0.808589935
vn -0.0616080686 0.242786005 0.968121588
vn -0.105015188 -0.562247157 0.820274293
vn -0.0122724771 -0.0275939647 0.999543846
vn 0.03801338 0.337412208 0.94058919
vn 0.0829290375 0.173726842 0.981295884
vn -0.0290492866 -0.0472465791 0.99846077
vn -0.369147658 -0.464756012 0.804817915
vn -0.608277142 -0.0225751679 0.793403625
vn -0.265938908 -0.184290186 0.946210146
vn -0.371677458 -0.30178833 0.877940595
vn 0.0300029591 -0.487642616 0.872527599
vn 0.0727137178 -0.187489942 0.979571462
vn 0.0711276606 0.188616782 0.979471564
vn 0.163717106 -0.362420648 0.917522788
vn 0.149047285 -0.0544877984 0.987327635
vn 0.106680125 0.270914108 0.956673861
vn 0.157320097 -0.00469418382 0.98753649
vn -0.00411559734 0.0486237481 -0.998808622
vn 0.119742803 0.146173149 -0.981985271
vn 0.144616142 0.198161408 -0.969442248
vn -0.0358419046 0.0479142182 -0.998208165
vn -0.140284419 -0.0815324634 -0.986748576
vn 0.00457361434 0.00746371318 -0.999961734
vn -0.0992452577 -0.11627961 -0.988245606
vn -0.0573266968 -0.137181923 -0.988885641
vn 0.0137061113 -0.0105518019 -0.999850392
vn 0.0929446965 0.131791979 -0.986910403
vn -0.0163869355 -0.142610997 -0.989643097
vn 0.0395982862 -0.00432307087 -0.999206364
vn 0.0987657681 0.143453687 -0.984716415
vn 0.0457143039 -0.0140121263 -0.998856306
vn -0.138636544 0.136870265 -0.980839729
vn -0.0818810612 0.0145819141 -0.99653542
vn -0.119413465 0.0297821071 -0.992397845
vn -0.039513465 0.204118729 -0.978148341
vn -0.0331330299 -0.0960617959 -0.994823813
vn -0.0162140075 0.0532906316 -0.998447478
vn 0.0176414344 0.216256306 -0.976177216
vn 0.00614027865 -0.0904820934 -0.995879173
vn 0.0106774066 0.0506784469 -0.998657942
vn 0.0393531844 0.218895227 -0.974954486
vn -0.000529820449 -0.0992164388 -0.995065749
vn -0.00480960775 0.0513087362 -0.998671293
vn -0.00502766483 0.0538940132 -0.998533964
vn -0.0440601259 -0.0983275324 -0.994178295
vn -0.00906080753 0.0855591148 -0.996291995
vn -0.00880334713 0.324455559 -0.945859969
vn -0.0120111648 0.0928420201 -0.995608389
vn -0.0323076993 -0.119279966 -0.992334902
vn -0.00275409967 -0.0760729238 -0.997098446
vn -0.0273145493 0.24241139 -0.969788909
vn 0.0141683202 -0.0795027316 -0.996734023
vn -0.028758049 0.0394316949 -0.998808384
vn -0.0930094793 0.167478368 -0.981478572
vn -0.00157839328 -0.102285624 -0.994753838
vn -0.0656304955 0.0119716059 -0.997772157
vn -0.143655986 0.135651648 -0.980286419
vn 0.0458203703 -0.101158604 -0.993814588
vn -0.0275407489 0.00573962601 -0.999604285
vn -0.106584914 0.110233374 -0.9881742
vn 0.00533981295 0.0240171496 -0.999697328
vn 0.0311767682 -0.15012598 -0.988175154
vn -0.0207742807 0.0705023631 -0.997295201
vn -0.0462634526 0.0328860693 -0.998387814
vn 0.060622219 -0.110492066 -0.992026389
vn -0.0717195198 0.281675845 -0.956825495
vn -0 0.0466388837 -0.998911738
vn 0.0369962268 -0.0923022628 -0.995043516
vn -0.0638937354 0.189546466 -0.979790628
vn -0.0320507623 0.0261656977 -0.99914372
vn 0.0702702329 -0.128442585 -0.989224255
vn -0.108049795 0.153045803 -0.982294321
vn -0.0136932731 -0.0044174646 -0.999896526
vn 0.139749765 -0.0938602611 -0.985728323
vn -0.118124053 0.131924763 -0.984196365
vn 0.0387796573 0.00464478275 -0.999236941
vn 0.0228415076 0.0321444683 -0.999222159
vn -0.0862411931 0.105724305 -0.990648687
vn -0.0313649215 -0.0147780953 -0.999398708
vn 0.18442452 0.00347747444 -0.982840538
vn 0.0131792445 -0.00135059655 -0.999912262
vn -0.166519567 -0.002128775 -0.986035824
vn 0.127733454 0.0182832386 -0.991639972
vn -0.165748909 -0.0382026434 -0.985427678
vn 0.107423067 0.00449581491 -0.994203269
vn -0.0198276956 -0.041853033 -0.998926938
vn -0.110662736 -0.0836001113 -0.990335703
vn -0.117314734 -0.130055189 -0.984542012
vn 0.0206774753 -0.0617850982 -0.997875333
vn 0.177139252 0.0113698188 -0.98412019
vn 0.0357136689 -0.063465707 -0.997344792
vn 0.0948200524 -0.0899049491 0.991426349
vn 0.134001598 0.00523258094 0.990967214
vn 0.124419384 -0.0850696489 0.988576233
vn 0.113303043 -0.047299467 0.992434025
vn 0.165988281 -0.11116907 0.979841471
vn 0.143365666 0.129784867 0.981122911
vn 0.153145656 0.00144118792 0.988202631
vn 0.22813651 -0.116915964 0.966583848
vn 0.136797875 0.144765213 0.979963958
vn 0.20192121 0.0249413196 0.979084134
vn 0.213056639 0.0618088655 0.975082815
vn 0.15579313 0.192399263 0.968870997
vn 0.187591448 -0.101740077 0.976963818
vn 0.18216449 0.00541802356 0.983253062
vn 0.21341987 -0.0836646333 0.973371625
vn 0.175824568 0.0272335466 0.98404479
vn 0.155620456 0.154978052 0.97558403
vn 0.245454624 -0.0528511778 0.967966318
vn 0.144027263 0.120305315 0.982233584
vn 0.192944705 0.0380523391 0.980471492
vn 0.172967255 0.0628510714 0.98292011
vn 0.129808515 0.143482402 0.981102765
vn -0.031364914 -0.0147780953 0.999398708
vn 0.18442452 0.00347747444 0.982840538
vn 0.127733454 0.0182832386 0.991639972
vn 0.0131792445 -0.00135059655 0.999912262
vn -0.166519567 -0.002128775 0.986035824
vn -0.165748939 -0.0382026508 0.985427678
vn 0.107423067 0.00449581491 0.994203269
vn -0.0198276956 -0.041853033 0.998926938
vn -0.110662736 -0.0836001113 0.990335703
vn -0.117314734 -0.130055189 0.984542012
vn 0.0206774808 -0.0617850907 0.997875333
vn 0.177139252 0.0113698188 0.98412019
vn 0.0357136838 -0.0634656996 0.997344792
vn 0.0948200524 -0.0899049491 -0.991426349
vn 0.134001583 0.00523258047 -0.990967214
vn 0.113303043 -0.047299467 -0.992434025
vn 0.124419384 -0.0850696489 -0.988576233
vn 0.143365666 0.129784867 -0.981122911
vn 0.165988281 -0.11116907 -0.979841471
vn 0.153145656 0.00144118851 -0.988202631
vn 0.13679789 0.144765213 -0.979963958
vn 0.22813651 -0.116915941 -0.966583848
vn 0.20192121 0.0249413252 -0.979084134
vn 0.15579313 0.192399263 -0.968870997
vn 0.213056639 0.0618088804 -0.975082815
vn 0.187591448 -0.101740077 -0.976963818
vn 0.18216449 0.00541802356 -0.983253062
vn 0.175824568 0.0272335466 -0.98404479
vn 0.21341987 -0.0836646333 -0.973371625
vn 0.155620456 0.154978052 -0.97558403
vn 0.245454624 -0.0528511703 -0.967966318
vn 0.144027263 0.120305315 -0.982233584
vn 0.19294472 0.0380523466 -0.980471492
vn 0.1729673 0.0628510788 -0.98292011
vn 0.129808515 0.143482447 -0.981102765
vn -0.37953034 0.0686146989 -0.922631383
vn -0.391370744 -0.175893381 -0.903266609
vn -0.346540451 -0.154654279 -0.925198257
vn -0.360849947 0.00958908163 -0.93257457
vn -0.385555565 0.375672579 -0.842743754
vn -0.135988057 -0.326954991 -0.935204625
vn -0.484243542 0.401175767 -0.777538538
vn -0.279978275 -0.0355017632 -0.959349632
vn 0.314976305 -0.351456672 -0.881628036
vn -0.513819635 0.338809818 -0.788160622
vn -0.0223724972 -0.0559011884 -0.998185575
vn 0.697179139 -0.431678772 -0.572358847
vn 0.132646263 -0.194178268 -0.97195667
vn -0.543597639 0.184391752 -0.818841457
vn 0.174509674 -0.251045763 -0.952114642
vn 0.667789996 -0.472103894 -0.5754776
vn -0.505184293 0.0160693601 -0.862861931
vn 0.0810740292 -0.0152256154 -0.996591806
vn -0.443509966 0.158568576 -0.882130921
vn 0.509934187 -0.365614384 -0.778648317
vn -0.275805414 0.500153661 -0.820839584
vn 0.0956639424 0.164371818 -0.981748641
vn 0.363425285 -0.334066778 -0.86966747
vn -0.179357573 0.464085937 -0.867441714
vn 0.11464043 -0.0384256616 -0.992663622
vn 0.00170189282 -0.677122355 -0.735868514
vn -0.212998345 -0.404329926 -0.889465511
vn -0.447954714 -0.428592503 -0.784630537
vn -0.841275692 0.244824916 -0.481991768
vn -0.800547302 -0.098828122 -0.591064274
vn 0.3755458 -0.375988543 -0.847111523
vn -0.772141933 -0.319771409 -0.549129367
vn -0.0996404812 -0.17166926 -0.980102837
vn 0.491305232 0.0562980026 -0.869166076
vn 0.327277184 0.339182258 -0.881955266
vn -0.0917433351 -0.067847617 -0.993468523
vn -0.583022892 -0.586082757 -0.562664509
vn -0.245907784 -0.766738474 -0.592993617
vn -0.131773844 -0.0932317153 -0.986885786
vn -0 0.433596581 -0.901107132
vn 0.195506796 -0.715365052 -0.670842648
vn -0.145677209 -0.104840383 -0.983761489
vn -0.326137364 0.383822173 -0.863895178
vn 0.464356989 -0.422223151 -0.778524399
vn -0.195241943 -0.0737447515 -0.977978647
vn -0.6018067 0.14109841 -0.78607893
vn -0.67399323 -0.172268704 -0.718370795
vn -0.236186743 -0.0855170265 -0.96793735
vn 0.515089035 0.07997749 -0.85339725
vn 0.225216106 0.436466306 -0.871076763
vn -0.258145005 -0.165722847 -0.95178622
vn -0.534823656 -0.479709566 -0.695587814
vn -0.156134963 0.495350182 -0.854546666
vn -0.246374488 -0.248407841 -0.936799407
vn -0.209044322 -0.696703434 -0.686225057
vn -0.100741751 -0.300484419 -0.948451519
vn -0.481437713 0.403120697 -0.778274596
vn 0.208080381 -0.69263202 -0.69062537
vn -0.350117743 0.26288864 -0.899058998
vn 0.147657305 -0.112720199 -0.982594311
vn 0.445889711 -0.530740201 -0.720761657
vn 0.347443491 0.124392733 -0.929413557
vn 0.6312989 -0.194283158 -0.750810087
vn -0.379530311 0.068614684 0.922631383
vn -0.391370744 -0.175893381 0.903266609
vn -0.360849947 0.00958907045 0.93257457
vn -0.346540451 -0.154654279 0.925198257
vn -0.385555565 0.375672579 0.842743754
vn -0.135988057 -0.326954931 0.935204625
vn -0.484243512 0.401175737 0.777538598
vn -0.279978335 -0.0355017669 0.959349632
vn 0.314976305 -0.351456672 0.881628036
vn -0.513819695 0.338809878 0.788160622
vn -0.0223724972 -0.0559011996 0.998185575
vn 0.697179139 -0.431678772 0.572358906
vn 0.132646248 -0.194178268 0.97195667
vn -0.543597639 0.184391752 0.818841457
vn 0.174509719 -0.251045793 0.952114642
vn 0.667789996 -0.472103894 0.5754776
vn -0.505184293 0.0160693601 0.862861931
vn 0.0810740292 -0.0152256284 0.996591806
vn -0.443509966 0.158568576 0.882130921
vn 0.509934187 -0.365614384 0.778648317
vn -0.275805414 0.500153661 0.820839584
vn 0.0956639424 0.164371848 0.981748641
vn 0.363425285 -0.334066778 0.86966747
vn -0.179357558 0.464085847 0.867441714
vn 0.11464043 -0.0384256802 0.992663622
vn 0.00170192576 -0.677122355 0.735868514
vn -0.447954714 -0.428592533 0.784630537
vn -0.212998345 -0.404329926 0.889465511
vn -0.841275692 0.244824901 0.481991768
vn -0.800547421 -0.0988281369 0.591064274
vn 0.3755458 -0.375988543 0.847111523
vn -0.772141933 -0.319771409 0.549129367
vn -0.0996404812 -0.17166926 0.980102837
vn 0.491305232 0.0562980026 0.869166076
vn 0.327277243 0.339182317 0.881955266
vn -0.0917433351 -0.067847617 0.993468523
vn -0.583022892 -0.586082757 0.562664509
vn -0.245907784 -0.766738474 0.592993617
vn -0.131773844 -0.0932317153 0.986885786
vn -0 0.433596581 0.901107132
vn 0.195506796 -0.715365052 0.670842648
vn -0.145677209 -0.104840383 0.983761489
vn -0.326137394 0.383822143 0.863895178
vn 0.464356989 -0.422223151 0.778524399
vn -0.195241943 -0.0737447515 0.977978647
vn -0.6018067 0.14109841 0.78607893
vn -0.673993289 -0.172268704 0.718370855
vn -0.236186743 -0.0855170265 0.96793735
vn 0.515089035 0.07997749 0.85339725
vn 0.225216106 0.436466247 0.871076763
vn -0.258145034 -0.165722832 0.95178622
vn -0.534823656 -0.479709566 0.695587814
vn -0.156134963 0.495350182 0.854546666
vn -0.246374488 -0.248407841 0.936799407
vn -0.209044337 -0.696703434 0.686225057
vn -0.100741751 -0.300484419 0.948451519
vn -0.481437713 0.403120697 0.778274596
vn 0.208080381 -0.69263202 0.69062537
vn -0.350117743 0.26288867 0.899058998
vn 0.14765735 -0.112720206 0.982594311
vn 0.445889711 -0.530740201 0.720761657
vn 0.347443461 0.124392718 0.929413438
vn 0.63129884 -0.194283158 0.750810146
vn -0.646647513 0.646646857 -0.404592186
vn -0.795314848 -0.0216595214 -0.60580945
vn -0.547056913 0.577688098 -0.60580951
vn -0.914497197 0 -0.404592037
vn -0 0.914497197 -0.404592127
vn -0.577688217 -0.547057331 -0.605809093
vn -0.646647155 -0.646647632 -0.404591411
vn 0.0216595698 -0.795315087 -0.605809152
vn -0 -0.914497614 -0.404591322
vn -0.172153026 -0.415614128 -0.893100321
vn 0.547057092 -0.577688098 -0.605809391
vn 0.646647215 -0.646647513 -0.404591769
vn 0.415614456 -0.172152594 -0.893100321
vn 0.795314848 0.0216594897 -0.60580945
vn 0.914497197 0 -0.404592127
vn -0.415614396 0.172153428 -0.893100083
vn -0.0216597673 0.79531467 -0.605809689
vn 0.646646798 0.646647632 -0.404592007
vn 0.5776878 0.547057211 -0.60580945
vn 0.172153085 0.415614277 -0.893100321
vn -0 0 -1
vn -0.646647513 0.646646857 0.404592186
vn -0.795314908 -0.0216595195 0.60580945
vn -0.914497197 0 0.404592037
vn -0.547056913 0.577688158 0.605809569
vn -0 0.914497197 0.404592127
vn -0.577688217 -0.547057331 0.605809093
vn -0.646647155 -0.646647632 0.404591411
vn 0.0216595698 -0.795315087 0.605809152
vn -0 -0.914497614 0.404591322
vn -0.172153056 -0.415614128 0.893100321
vn 0.547057152 -0.577688098 0.605809331
vn 0.646647215 -0.646647513 0.404591769
vn 0.415614456 -0.172152594 0.893100321
vn 0.795314908 0.0216594916 0.60580945
vn 0.914497197 0 0.404592127
vn -0.415614396 0.172153428 0.893100083
vn -0.0216597617 0.79531467 0.605809629
vn 0.646646798 0.646647632 0.404592007
vn 0.5776878 0.547057211 0.60580945
vn 0.172153085 0.415614218 0.893100321
vn -0 0 1
g Chibang3_0
f 3/3/3 2/2/2 1/1/1
f 6/6/6 5/5/5 4/4/4
f 9/9/9 8/8/8 7/7/7
f 10/10/10 7/7/7 8/8/8
f 7/7/7 10/10/10 11/11/11
f 10/10/10 8/8/8 12/12/12
f 13/13/13 12/12/12 8/8/8
f 12/12/12 14/14/14 10/10/10
f 15/15/15 11/11/11 10/10/10
f 15/15/15 10/10/10 14/14/14
f 11/11/11 15/15/15 16/16/16
f 14/14/14 17/17/17 15/15/15
f 18/18/18 16/16/16 15/15/15
f 18/18/18 15/15/15 17/17/17
f 18/18/18 19/19/19 16/16/16
f 19/19/19 18/18/18 17/17/17
f 22/22/22 21/21/21 20/20/20
f 22/22/22 23/23/23 21/21/21
f 24/24/24 21/21/21 23/23/23
f 23/23/23 25/25/25 24/24/24
f 24/24/24 25/25/25 26/26/26
f 27/27/27 26/26/26 25/25/25
f 27/27/27 28/28/28 26/26/26
f 28/28/28 29/29/29 26/26/26
f 30/30/30 26/26/26 29/29/29
f 29/29/29 31/31/31 30/30/30
f 34/34/34 33/33/33 32/32/32
f 33/33/33 35/35/35 32/32/32
f 36/36/36 32/32/32 35/35/35
f 36/36/36 35/35/35 37/37/37
f 38/38/38 37/37/37 35/35/35
f 36/36/36 39/39/39 32/32/32
f 36/36/36 37/37/37 39/39/39
f 40/40/40 32/32/32 39/39/39
f 40/40/40 41/41/41 32/32/32
f 42/42/42 39/39/39 37/37/37
f 37/37/37 38/38/38 43/43/43
f 37/37/37 43/43/43 42/42/42
f 44/44/44 43/43/43 38/38/38
f 45/45/45 42/42/42 43/43/43
f 43/43/43 44/44/44 46/46/46
f 43/43/43 46/46/46 45/45/45
f 47/47/47 46/46/46 44/44/44
f 48/48/48 45/45/45 46/46/46
f 47/47/47 49/49/49 46/46/46
f 49/49/49 48/48/48 46/46/46
f 52/52/52 51/51/51 50/50/50
f 53/53/53 50/50/50 51/51/51
f 51/51/51 54/54/54 53/53/53
f 53/53/53 55/55/55 50/50/50
f 56/56/56 50/50/50 55/55/55
f 55/55/55 53/53/53 57/57/57
f 58/58/58 53/53/53 54/54/54
f 58/58/58 57/57/57 53/53/53
f 54/54/54 59/59/59 58/58/58
f 57/57/57 58/58/58 60/60/60
f 61/61/61 58/58/58 59/59/59
f 61/61/61 60/60/60 58/58/58
f 59/59/59 62/62/62 61/61/61
f 60/60/60 61/61/61 63/63/63
f 64/64/64 61/61/61 62/62/62
f 64/64/64 63/63/63 61/61/61
f 62/62/62 65/65/65 64/64/64
f 63/63/63 64/64/64 66/66/66
f 67/67/67 64/64/64 65/65/65
f 67/67/67 66/66/66 64/64/64
f 65/65/65 68/68/68 67/67/67
f 66/66/66 67/67/67 69/69/69
f 70/70/70 67/67/67 68/68/68
f 70/70/70 69/69/69 67/67/67
f 68/68/68 71/71/71 70/70/70
f 69/69/69 70/70/70 72/72/72
f 73/73/73 70/70/70 71/71/71
f 73/73/73 72/72/72 70/70/70
f 73/73/73 71/71/71 74/74/74
f 72/72/72 73/73/73 74/74/74
f 77/77/77 76/76/76 75/75/75
f 75/75/75 76/76/76 78/78/78
f 76/76/76 79/79/79 78/78/78
f 80/80/80 78/78/78 79/79/79
f 79/79/79 81/81/81 80/80/80
f 80/80/80 82/82/82 78/78/78
f 83/83/83 78/78/78 82/82/82
f 82/82/82 80/80/80 84/84/84
f 85/85/85 80/80/80 81/81/81
f 85/85/85 84/84/84 80/80/80
f 81/81/81 86/86/86 85/85/85
f 84/84/84 85/85/85 87/87/87
f 88/88/88 85/85/85 86/86/86
f 88/88/88 87/87/87 85/85/85
f 86/86/86 89/89/89 88/88/88
f 87/87/87 88/88/88 90/90/90
f 91/91/91 88/88/88 89/89/89
f 91/91/91 90/90/90 88/88/88
f 89/89/89 92/92/92 91/91/91
f 90/90/90 91/91/91 93/93/93
f 94/94/94 91/91/91 92/92/92
f 94/94/94 93/93/93 91/91/91
f 92/92/92 95/95/95 94/94/94
f 93/93/93 94/94/94 96/96/96
f 97/97/97 94/94/94 95/95/95
f 97/97/97 96/96/96 94/94/94
f 95/95/95 98/98/98 97/97/97
f 98/98/98 96/96/96 97/97/97
f 101/101/101 100/100/100 99/99/99
f 101/101/101 102/102/102 100/100/100
f 102/102/102 103/103/103 100/100/100
f 103/103/103 102/102/102 104/104/104
f 105/105/105 104/104/104 102/102/102
f 106/106/106 105/105/105 102/102/102
f 105/105/105 107/107/107 104/104/104
f 106/106/106 108/108/108 105/105/105
f 108/108/108 109/109/109 105/105/105
f 108/108/108 110/110/110 109/109/109
f 109/109/109 111/111/111 105/105/105
f 111/111/111 112/112/112 105/105/105
f 105/105/105 113/113/113 107/107/107
f 113/113/113 105/105/105 112/112/112
f 114/114/114 107/107/107 113/113/113
f 112/112/112 115/115/115 113/113/113
f 113/113/113 116/116/116 114/114/114
f 116/116/116 113/113/113 115/115/115
f 117/117/117 114/114/114 116/116/116
f 117/117/117 116/116/116 118/118/118
f 116/116/116 115/115/115 119/119/119
f 120/120/120 119/119/119 115/115/115
f 121/121/121 119/119/119 120/120/120
f 121/121/121 122/122/122 119/119/119
f 123/123/123 118/118/118 116/116/116
f 123/123/123 116/116/116 119/119/119
f 122/122/122 123/123/123 119/119/119
f 124/124/124 118/118/118 123/123/123
f 122/122/122 125/125/125 123/123/123
f 123/123/123 126/126/126 124/124/124
f 126/126/126 123/123/123 125/125/125
f 127/127/127 124/124/124 126/126/126
f 126/126/126 128/128/128 127/127/127
f 126/126/126 125/125/125 129/129/129
f 128/128/128 126/126/126 129/129/129
f 130/130/130 127/127/127 128/128/128
f 128/128/128 129/129/129 131/131/131
f 130/130/130 128/128/128 132/132/132
f 128/128/128 131/131/131 133/133/133
f 134/134/134 133/133/133 131/131/131
f 135/135/135 133/133/133 134/134/134
f 135/135/135 136/136/136 133/133/133
f 137/137/137 133/133/133 136/136/136
f 136/136/136 138/138/138 137/137/137
f 139/139/139 132/132/132 128/128/128
f 133/133/133 139/139/139 128/128/128
f 132/132/132 139/139/139 140/140/140
f 133/133/133 141/141/141 139/139/139
f 142/142/142 140/140/140 139/139/139
f 142/142/142 139/139/139 141/141/141
f 140/140/140 142/142/142 143/143/143
f 141/141/141 144/144/144 142/142/142
f 144/144/144 143/143/143 142/142/142
f 145/145/145 144/144/144 141/141/141
f 144/144/144 146/146/146 143/143/143
f 144/144/144 145/145/145 147/147/147
f 147/147/147 146/146/146 144/144/144
f 148/148/148 147/147/147 145/145/145
f 147/147/147 149/149/149 146/146/146
f 149/149/149 147/147/147 148/148/148
f 150/150/150 146/146/146 149/149/149
f 148/148/148 151/151/151 149/149/149
f 149/149/149 152/152/152 150/150/150
f 151/151/151 152/152/152 149/149/149
f 153/153/153 152/152/152 151/151/151
f 154/154/154 150/150/150 152/152/152
f 152/152/152 155/155/155 154/154/154
f 152/152/152 153/153/153 155/155/155
f 156/156/156 153/153/153 151/151/151
f 157/157/157 155/155/155 153/153/153
f 156/156/156 158/158/158 153/153/153
f 159/159/159 157/157/157 153/153/153
f 160/160/160 153/153/153 158/158/158
f 153/153/153 160/160/160 159/159/159
f 161/161/161 160/160/160 158/158/158
f 162/162/162 159/159/159 160/160/160
f 161/161/161 162/162/162 160/160/160
f 165/165/165 164/164/164 163/163/163
f 166/166/166 163/163/163 164/164/164
f 163/163/163 166/166/166 167/167/167
f 166/166/166 164/164/164 168/168/168
f 169/169/169 168/168/168 164/164/164
f 170/170/170 167/167/167 166/166/166
f 170/170/170 166/166/166 168/168/168
f 168/168/168 169/169/169 171/171/171
f 172/172/172 171/171/171 169/169/169
f 168/168/168 171/171/171 173/173/173
f 174/174/174 173/173/173 171/171/171
f 174/174/174 175/175/175 173/173/173
f 168/168/168 173/173/173 176/176/176
f 176/176/176 173/173/173 175/175/175
f 170/170/170 168/168/168 176/176/176
f 176/176/176 175/175/175 177/177/177
f 177/177/177 170/170/170 176/176/176
f 178/178/178 177/177/177 175/175/175
f 170/170/170 179/179/179 167/167/167
f 177/177/177 179/179/179 170/170/170
f 180/180/180 167/167/167 179/179/179
f 177/177/177 178/178/178 181/181/181
f 177/177/177 181/181/181 179/179/179
f 179/179/179 181/181/181 180/180/180
f 182/182/182 181/181/181 178/178/178
f 182/182/182 180/180/180 181/181/181
f 185/185/185 184/184/184 183/183/183
f 184/184/184 186/186/186 183/183/183
f 187/187/187 183/183/183 186/186/186
f 187/187/187 186/186/186 188/188/188
f 189/189/189 188/188/188 186/186/186
f 188/188/188 190/190/190 187/187/187
f 190/190/190 188/188/188 191/191/191
f 190/190/190 191/191/191 192/192/192
f 193/193/193 190/190/190 192/192/192
f 192/192/192 194/194/194 193/193/193
f 194/194/194 192/192/192 195/195/195
f 196/196/196 192/192/192 191/191/191
f 196/196/196 191/191/191 197/197/197
f 195/195/195 192/192/192 198/198/198
f 192/192/192 196/196/196 198/198/198
f 199/199/199 198/198/198 196/196/196
f 197/197/197 200/200/200 196/196/196
f 197/197/197 201/201/201 200/200/200
f 200/200/200 201/201/201 202/202/202
f 195/195/195 198/198/198 203/203/203
f 195/195/195 203/203/203 204/204/204
f 205/205/205 203/203/203 198/198/198
f 206/206/206 205/205/205 198/198/198
f 198/198/198 199/199/199 206/206/206
f 207/207/207 206/206/206 199/199/199
f 208/208/208 207/207/207 199/199/199
f 199/199/199 209/209/209 208/208/208
f 209/209/209 199/199/199 210/210/210
f 199/199/199 196/196/196 211/211/211
f 211/211/211 210/210/210 199/199/199
f 200/200/200 211/211/211 196/196/196
f 212/212/212 210/210/210 211/211/211
f 211/211/211 200/200/200 212/212/212
f 210/210/210 212/212/212 213/213/213
f 214/214/214 212/212/212 200/200/200
f 200/200/200 202/202/202 214/214/214
f 215/215/215 214/214/214 202/202/202
f 215/215/215 216/216/216 214/214/214
f 212/212/212 217/217/217 213/213/213
f 212/212/212 214/214/214 217/217/217
f 218/218/218 213/213/213 217/217/217
f 214/214/214 216/216/216 219/219/219
f 219/219/219 217/217/217 214/214/214
f 220/220/220 219/219/219 216/216/216
f 217/217/217 221/221/221 218/218/218
f 217/217/217 219/219/219 221/221/221
f 222/222/222 218/218/218 221/221/221
f 222/222/222 221/221/221 223/223/223
f 219/219/219 220/220/220 224/224/224
f 224/224/224 221/221/221 219/219/219
f 221/221/221 224/224/224 223/223/223
f 225/225/225 224/224/224 220/220/220
f 225/225/225 223/223/223 224/224/224
f 228/228/228 227/227/227 226/226/226
f 226/226/226 227/227/227 229/229/229
f 230/230/230 229/229/229 227/227/227
f 231/231/231 229/229/229 230/230/230
f 230/230/230 232/232/232 231/231/231
f 231/231/231 233/233/233 229/229/229
f 233/233/233 231/231/231 234/234/234
f 227/227/227 235/235/235 230/230/230
f 230/230/230 235/235/235 232/232/232
f 227/227/227 236/236/236 235/235/235
f 235/235/235 236/236/236 237/237/237
f 235/235/235 237/237/237 238/238/238
f 238/238/238 232/232/232 235/235/235
f 239/239/239 238/238/238 237/237/237
f 238/238/238 239/239/239 240/240/240
f 240/240/240 232/232/232 238/238/238
f 232/232/232 240/240/240 241/241/241
f 232/232/232 241/241/241 242/242/242
f 232/232/232 242/242/242 243/243/243
f 243/243/243 231/231/231 232/232/232
f 242/242/242 244/244/244 243/243/243
f 243/243/243 244/244/244 245/245/245
f 243/243/243 245/245/245 231/231/231
f 246/246/246 245/245/245 244/244/244
f 245/245/245 246/246/246 247/247/247
f 248/248/248 247/247/247 246/246/246
f 247/247/247 248/248/248 249/249/249
f 247/247/247 249/249/249 250/250/250
f 251/251/251 231/231/231 245/245/245
f 251/251/251 234/234/234 231/231/231
f 234/234/234 251/251/251 252/252/252
f 251/251/251 245/245/245 253/253/253
f 253/253/253 252/252/252 251/251/251
f 247/247/247 253/253/253 245/245/245
f 252/252/252 253/253/253 254/254/254
f 255/255/255 247/247/247 250/250/250
f 255/255/255 250/250/250 256/256/256
f 255/255/255 256/256/256 257/257/257
f 257/257/257 258/258/258 255/255/255
f 247/247/247 255/255/255 259/259/259
f 258/258/258 259/259/259 255/255/255
f 253/253/253 247/247/247 259/259/259
f 259/259/259 258/258/258 260/260/260
f 261/261/261 253/253/253 259/259/259
f 261/261/261 254/254/254 253/253/253
f 259/259/259 260/260/260 261/261/261
f 261/261/261 262/262/262 254/254/254
f 261/261/261 260/260/260 262/262/262
f 263/263/263 254/254/254 262/262/262
f 260/260/260 264/264/264 262/262/262
f 262/262/262 265/265/265 263/263/263
f 262/262/262 264/264/264 265/265/265
f 266/266/266 263/263/263 265/265/265
f 267/267/267 265/265/265 264/264/264
f 266/266/266 265/265/265 268/268/268
f 268/268/268 265/265/265 267/267/267
f 271/271/271 270/270/270 269/269/269
f 269/269/269 270/270/270 272/272/272
f 273/273/273 272/272/272 270/270/270
f 274/274/274 272/272/272 273/273/273
f 272/272/272 274/274/274 275/275/275
f 276/276/276 275/275/275 274/274/274
f 277/277/277 275/275/275 276/276/276
f 280/280/280 279/279/279 278/278/278
f 281/281/281 278/278/278 279/279/279
f 279/279/279 282/282/282 281/281/281
f 283/283/283 281/281/281 282/282/282
f 281/281/281 283/283/283 284/284/284
f 285/285/285 284/284/284 283/283/283
f 283/283/283 282/282/282 286/286/286
f 283/283/283 286/286/286 285/285/285
f 287/287/287 286/286/286 282/282/282
f 286/286/286 288/288/288 285/285/285
f 287/287/287 289/289/289 286/286/286
f 286/286/286 290/290/290 288/288/288
f 289/289/289 290/290/290 286/286/286
f 293/293/293 292/292/292 291/291/291
f 293/293/293 294/294/294 292/292/292
f 295/295/295 292/292/292 294/294/294
f 295/295/295 294/294/294 296/296/296
f 294/294/294 297/297/297 296/296/296
f 297/297/297 294/294/294 298/298/298
f 293/293/293 298/298/298 294/294/294
f 298/298/298 293/293/293 299/299/299
f 302/302/302 301/301/301 300/300/300
f 300/300/300 303/303/303 302/302/302
f 302/302/302 303/303/303 304/304/304
f 305/305/305 304/304/304 303/303/303
f 305/305/305 306/306/306 304/304/304
f 307/307/307 304/304/304 306/306/306
f 307/307/307 306/306/306 308/308/308
f 309/309/309 308/308/308 306/306/306
f 309/309/309 310/310/310 308/308/308
f 311/311/311 308/308/308 310/310/310
f 311/311/311 310/310/310 312/312/312
f 313/313/313 312/312/312 310/310/310
f 312/312/312 313/313/313 314/314/314
f 315/315/315 314/314/314 313/313/313
f 315/315/315 316/316/316 314/314/314
f 317/317/317 314/314/314 316/316/316
f 316/316/316 318/318/318 317/317/317
f 319/319/319 317/317/317 318/318/318
f 319/319/319 318/318/318 320/320/320
f 321/321/321 320/320/320 318/318/318
f 320/320/320 321/321/321 322/322/322
f 323/323/323 322/322/322 321/321/321
f 323/323/323 324/324/324 322/322/322
f 325/325/325 322/322/322 324/324/324
f 324/324/324 326/326/326 325/325/325
f 329/329/329 328/328/328 327/327/327
f 329/329/329 327/327/327 330/330/330
f 331/331/331 330/330/330 327/327/327
f 332/332/332 331/331/331 327/327/327
f 331/331/331 333/333/333 330/330/330
f 331/331/331 332/332/332 333/333/333
f 334/334/334 333/333/333 332/332/332
f 335/335/335 330/330/330 333/333/333
f 334/334/334 336/336/336 333/333/333
f 333/333/333 337/337/337 335/335/335
f 337/337/337 333/333/333 336/336/336
f 338/338/338 335/335/335 337/337/337
f 336/336/336 339/339/339 337/337/337
f 337/337/337 340/340/340 338/338/338
f 340/340/340 337/337/337 339/339/339
f 341/341/341 338/338/338 340/340/340
f 339/339/339 342/342/342 340/340/340
f 340/340/340 343/343/343 341/341/341
f 343/343/343 340/340/340 342/342/342
f 344/344/344 341/341/341 343/343/343
f 344/344/344 343/343/343 345/345/345
f 343/343/343 342/342/342 346/346/346
f 346/346/346 345/345/345 343/343/343
f 347/347/347 346/346/346 342/342/342
f 346/346/346 347/347/347 348/348/348
f 349/349/349 345/345/345 346/346/346
f 349/349/349 346/346/346 348/348/348
f 350/350/350 348/348/348 347/347/347
f 350/350/350 351/351/351 348/348/348
f 349/349/349 348/348/348 352/352/352
f 351/351/351 353/353/353 348/348/348
f 348/348/348 354/354/354 352/352/352
f 354/354/354 348/348/348 353/353/353
f 355/355/355 352/352/352 354/354/354
f 353/353/353 356/356/356 354/354/354
f 357/357/357 355/355/355 354/354/354
f 357/357/357 354/354/354 356/356/356
f 360/360/360 359/359/359 358/358/358
f 361/361/361 358/358/358 359/359/359
f 358/358/358 361/361/361 362/362/362
f 361/361/361 359/359/359 363/363/363
f 364/364/364 363/363/363 359/359/359
f 363/363/363 365/365/365 361/361/361
f 366/366/366 362/362/362 361/361/361
f 366/366/366 361/361/361 365/365/365
f 362/362/362 366/366/366 367/367/367
f 365/365/365 368/368/368 366/366/366
f 369/369/369 367/367/367 366/366/366
f 369/369/369 366/366/366 368/368/368
f 369/369/369 370/370/370 367/367/367
f 369/369/369 368/368/368 370/370/370
f 371/371/371 367/367/367 370/370/370
f 372/372/372 370/370/370 368/368/368
f 371/371/371 370/370/370 373/373/373
f 372/372/372 374/374/374 370/370/370
f 375/375/375 373/373/373 370/370/370
f 375/375/375 370/370/370 374/374/374
f 373/373/373 375/375/375 376/376/376
f 374/374/374 377/377/377 375/375/375
f 378/378/378 376/376/376 375/375/375
f 378/378/378 375/375/375 377/377/377
f 376/376/376 378/378/378 379/379/379
f 377/377/377 380/380/380 378/378/378
f 381/381/381 379/379/379 378/378/378
f 381/381/381 378/378/378 380/380/380
f 381/381/381 382/382/382 379/379/379
f 381/381/381 380/380/380 382/382/382
f 383/383/383 379/379/379 382/382/382
f 384/384/384 382/382/382 380/380/380
f 383/383/383 382/382/382 385/385/385
f 382/382/382 384/384/384 385/385/385
f 388/388/388 387/387/387 386/386/386
f 386/386/386 389/389/389 388/388/388
f 390/390/390 388/388/388 389/389/389
f 390/390/390 389/389/389 391/391/391
f 392/392/392 391/391/391 389/389/389
f 391/391/391 392/392/392 393/393/393
f 394/394/394 393/393/393 392/392/392
f 394/394/394 395/395/395 393/393/393
f 396/396/396 393/393/393 395/395/395
f 395/395/395 397/397/397 396/396/396
f 398/398/398 396/396/396 397/397/397
f 397/397/397 399/399/399 398/398/398
f 400/400/400 398/398/398 399/399/399
f 399/399/399 401/401/401 400/400/400
f 401/401/401 402/402/402 400/400/400
f 405/405/405 404/404/404 403/403/403
f 405/405/405 403/403/403 406/406/406
f 407/407/407 406/406/406 403/403/403
f 406/406/406 407/407/407 408/408/408
f 409/409/409 406/406/406 408/408/408
f 408/408/408 407/407/407 410/410/410
f 408/408/408 410/410/410 409/409/409
f 411/411/411 409/409/409 410/410/410
f 412/412/412 410/410/410 407/407/407
f 411/411/411 410/410/410 413/413/413
f 410/410/410 412/412/412 414/414/414
f 414/414/414 413/413/413 410/410/410
f 415/415/415 414/414/414 412/412/412
f 413/413/413 414/414/414 416/416/416
f 414/414/414 415/415/415 417/417/417
f 417/417/417 416/416/416 414/414/414
f 418/418/418 417/417/417 415/415/415
f 416/416/416 417/417/417 419/419/419
f 418/418/418 420/420/420 417/417/417
f 421/421/421 419/419/419 417/417/417
f 417/417/417 420/420/420 421/421/421
f 422/422/422 419/419/419 421/421/421
f 423/423/423 421/421/421 420/420/420
f 423/423/423 422/422/422 421/421/421
f 426/426/426 425/425/425 424/424/424
f 427/427/427 424/424/424 425/425/425
f 428/428/428 424/424/424 427/427/427
f 428/428/428 427/427/427 429/429/429
f 427/427/427 425/425/425 430/430/430
f 430/430/430 429/429/429 427/427/427
f 431/431/431 430/430/430 425/425/425
f 430/430/430 431/431/431 432/432/432
f 432/432/432 433/433/433 430/430/430
f 430/430/430 434/434/434 429/429/429
f 434/434/434 430/430/430 433/433/433
f 435/435/435 429/429/429 434/434/434
f 433/433/433 436/436/436 434/434/434
f 434/434/434 437/437/437 435/435/435
f 437/437/437 434/434/434 436/436/436
f 438/438/438 435/435/435 437/437/437
f 436/436/436 439/439/439 437/437/437
f 437/437/437 440/440/440 438/438/438
f 440/440/440 437/437/437 439/439/439
f 441/441/441 438/438/438 440/440/440
f 439/439/439 442/442/442 440/440/440
f 443/443/443 441/441/441 440/440/440
f 444/444/444 440/440/440 442/442/442
f 440/440/440 444/444/444 443/443/443
f 442/442/442 445/445/445 444/444/444
f 446/446/446 443/443/443 444/444/444
f 445/445/445 446/446/446 444/444/444
f 449/449/449 448/448/448 447/447/447
f 448/448/448 449/449/449 450/450/450
f 451/451/451 450/450/450 449/449/449
f 452/452/452 450/450/450 451/451/451
f 451/451/451 453/453/453 452/452/452
f 454/454/454 452/452/452 453/453/453
f 455/455/455 454/454/454 453/453/453
f 455/455/455 453/453/453 456/456/456
f 457/457/457 456/456/456 453/453/453
f 458/458/458 456/456/456 457/457/457
f 461/461/461 460/460/460 459/459/459
f 461/461/461 459/459/459 462/462/462
f 465/465/465 464/464/464 463/463/463
f 466/466/466 464/464/464 465/465/465
f 467/467/467 466/466/466 465/465/465
f 467/467/467 468/468/468 466/466/466
f 469/469/469 466/466/466 468/468/468
f 469/469/469 470/470/470 466/466/466
f 471/471/471 469/469/469 468/468/468
f 472/472/472 470/470/470 469/469/469
f 473/473/473 472/472/472 469/469/469
f 474/474/474 472/472/472 473/473/473
f 475/475/475 473/473/473 469/469/469
f 475/475/475 469/469/469 476/476/476
f 469/469/469 471/471/471 477/477/477
f 477/477/477 476/476/476 469/469/469
f 478/478/478 477/477/477 471/471/471
f 476/476/476 477/477/477 479/479/479
f 477/477/477 478/478/478 480/480/480
f 480/480/480 479/479/479 477/477/477
f 481/481/481 480/480/480 478/478/478
f 481/481/481 482/482/482 480/480/480
f 480/480/480 483/483/483 479/479/479
f 484/484/484 479/479/479 483/483/483
f 483/483/483 485/485/485 484/484/484
f 486/486/486 485/485/485 483/483/483
f 487/487/487 480/480/480 482/482/482
f 480/480/480 487/487/487 483/483/483
f 487/487/487 486/486/486 483/483/483
f 482/482/482 488/488/488 487/487/487
f 486/486/486 487/487/487 489/489/489
f 487/487/487 488/488/488 490/490/490
f 490/490/490 489/489/489 487/487/487
f 491/491/491 490/490/490 488/488/488
f 490/490/490 491/491/491 492/492/492
f 489/489/489 490/490/490 493/493/493
f 490/490/490 492/492/492 493/493/493
f 494/494/494 492/492/492 491/491/491
f 493/493/493 492/492/492 495/495/495
f 494/494/494 496/496/496 492/492/492
f 492/492/492 497/497/497 495/495/495
f 498/498/498 495/495/495 497/497/497
f 497/497/497 499/499/499 498/498/498
f 499/499/499 497/497/497 500/500/500
f 501/501/501 500/500/500 497/497/497
f 502/502/502 500/500/500 501/501/501
f 503/503/503 492/492/492 496/496/496
f 503/503/503 497/497/497 492/492/492
f 496/496/496 504/504/504 503/503/503
f 497/497/497 503/503/503 505/505/505
f 506/506/506 503/503/503 504/504/504
f 506/506/506 505/505/505 503/503/503
f 504/504/504 507/507/507 506/506/506
f 508/508/508 505/505/505 506/506/506
f 508/508/508 506/506/506 507/507/507
f 508/508/508 509/509/509 505/505/505
f 510/510/510 508/508/508 507/507/507
f 508/508/508 511/511/511 509/509/509
f 510/510/510 511/511/511 508/508/508
f 512/512/512 509/509/509 511/511/511
f 511/511/511 510/510/510 513/513/513
f 511/511/511 513/513/513 512/512/512
f 514/514/514 513/513/513 510/510/510
f 515/515/515 512/512/512 513/513/513
f 513/513/513 514/514/514 516/516/516
f 516/516/516 515/515/515 513/513/513
f 516/516/516 517/517/517 515/515/515
f 518/518/518 516/516/516 514/514/514
f 519/519/519 516/516/516 518/518/518
f 516/516/516 519/519/519 517/517/517
f 517/517/517 520/520/520 515/515/515
f 521/521/521 517/517/517 519/519/519
f 520/520/520 517/517/517 522/522/522
f 521/521/521 523/523/523 517/517/517
f 524/524/524 522/522/522 517/517/517
f 517/517/517 523/523/523 524/524/524
f 524/524/524 525/525/525 522/522/522
f 526/526/526 524/524/524 523/523/523
f 526/526/526 525/525/525 524/524/524
f 529/529/529 528/528/528 527/527/527
f 530/530/530 527/527/527 528/528/528
f 528/528/528 531/531/531 530/530/530
f 530/530/530 532/532/532 527/527/527
f 533/533/533 527/527/527 532/532/532
f 534/534/534 530/530/530 531/531/531
f 530/530/530 534/534/534 532/532/532
f 532/532/532 535/535/535 533/533/533
f 536/536/536 533/533/533 535/535/535
f 532/532/532 537/537/537 535/535/535
f 538/538/538 535/535/535 537/537/537
f 538/538/538 537/537/537 539/539/539
f 537/537/537 532/532/532 540/540/540
f 540/540/540 539/539/539 537/537/537
f 532/532/532 534/534/534 540/540/540
f 540/540/540 541/541/541 539/539/539
f 534/534/534 541/541/541 540/540/540
f 542/542/542 539/539/539 541/541/541
f 534/534/534 531/531/531 543/543/543
f 543/543/543 541/541/541 534/534/534
f 544/544/544 543/543/543 531/531/531
f 541/541/541 545/545/545 542/542/542
f 545/545/545 541/541/541 543/543/543
f 543/543/543 544/544/544 545/545/545
f 546/546/546 542/542/542 545/545/545
f 546/546/546 545/545/545 544/544/544
f 549/549/549 548/548/548 547/547/547
f 549/549/549 547/547/547 550/550/550
f 551/551/551 550/550/550 547/547/547
f 551/551/551 552/552/552 550/550/550
f 553/553/553 550/550/550 552/552/552
f 554/554/554 552/552/552 551/551/551
f 552/552/552 554/554/554 555/555/555
f 554/554/554 556/556/556 555/555/555
f 554/554/554 557/557/557 556/556/556
f 558/558/558 556/556/556 557/557/557
f 556/556/556 558/558/558 559/559/559
f 560/560/560 555/555/555 556/556/556
f 555/555/555 560/560/560 561/561/561
f 556/556/556 559/559/559 562/562/562
f 556/556/556 562/562/562 560/560/560
f 563/563/563 560/560/560 562/562/562
f 564/564/564 561/561/561 560/560/560
f 565/565/565 561/561/561 564/564/564
f 565/565/565 564/564/564 566/566/566
f 559/559/559 567/567/567 562/562/562
f 567/567/567 559/559/559 568/568/568
f 569/569/569 562/562/562 567/567/567
f 569/569/569 570/570/570 562/562/562
f 562/562/562 570/570/570 563/563/563
f 571/571/571 563/563/563 570/570/570
f 571/571/571 572/572/572 563/563/563
f 573/573/573 563/563/563 572/572/572
f 573/573/573 574/574/574 563/563/563
f 563/563/563 575/575/575 560/560/560
f 575/575/575 563/563/563 574/574/574
f 564/564/564 560/560/560 575/575/575
f 574/574/574 576/576/576 575/575/575
f 575/575/575 576/576/576 564/564/564
f 576/576/576 574/574/574 577/577/577
f 578/578/578 564/564/564 576/576/576
f 564/564/564 578/578/578 566/566/566
f 579/579/579 566/566/566 578/578/578
f 580/580/580 579/579/579 578/578/578
f 576/576/576 577/577/577 581/581/581
f 576/576/576 581/581/581 578/578/578
f 582/582/582 581/581/581 577/577/577
f 578/578/578 583/583/583 580/580/580
f 583/583/583 578/578/578 581/581/581
f 584/584/584 580/580/580 583/583/583
f 581/581/581 582/582/582 585/585/585
f 581/581/581 585/585/585 583/583/583
f 586/586/586 585/585/585 582/582/582
f 585/585/585 586/586/586 587/587/587
f 583/583/583 588/588/588 584/584/584
f 588/588/588 583/583/583 585/585/585
f 588/588/588 585/585/585 587/587/587
f 589/589/589 584/584/584 588/588/588
f 587/587/587 589/589/589 588/588/588
f 592/592/592 591/591/591 590/590/590
f 590/590/590 593/593/593 592/592/592
f 594/594/594 592/592/592 593/593/593
f 593/593/593 595/595/595 594/594/594
f 594/594/594 595/595/595 596/596/596
f 597/597/597 595/595/595 593/593/593
f 597/597/597 598/598/598 595/595/595
f 599/599/599 592/592/592 594/594/594
f 594/594/594 596/596/596 599/599/599
f 600/600/600 592/592/592 599/599/599
f 600/600/600 599/599/599 601/601/601
f 599/599/599 602/602/602 601/601/601
f 602/602/602 599/599/599 596/596/596
f 603/603/603 601/601/601 602/602/602
f 603/603/603 602/602/602 604/604/604
f 596/596/596 604/604/604 602/602/602
f 604/604/604 596/596/596 605/605/605
f 605/605/605 596/596/596 606/606/606
f 606/606/606 596/596/596 607/607/607
f 607/607/607 596/596/596 595/595/595
f 608/608/608 606/606/606 607/607/607
f 607/607/607 609/609/609 608/608/608
f 607/607/607 595/595/595 609/609/609
f 610/610/610 608/608/608 609/609/609
f 609/609/609 611/611/611 610/610/610
f 612/612/612 610/610/610 611/611/611
f 612/612/612 611/611/611 613/613/613
f 613/613/613 611/611/611 614/614/614
f 615/615/615 609/609/609 595/595/595
f 615/615/615 595/595/595 598/598/598
f 598/598/598 616/616/616 615/615/615
f 615/615/615 617/617/617 609/609/609
f 617/617/617 615/615/615 616/616/616
f 611/611/611 609/609/609 617/617/617
f 616/616/616 618/618/618 617/617/617
f 611/611/611 619/619/619 614/614/614
f 614/614/614 619/619/619 620/620/620
f 620/620/620 619/619/619 621/621/621
f 622/622/622 621/621/621 619/619/619
f 619/619/619 611/611/611 623/623/623
f 623/623/623 622/622/622 619/619/619
f 611/611/611 617/617/617 623/623/623
f 622/622/622 623/623/623 624/624/624
f 617/617/617 625/625/625 623/623/623
f 625/625/625 617/617/617 618/618/618
f 624/624/624 623/623/623 625/625/625
f 625/625/625 618/618/618 626/626/626
f 624/624/624 625/625/625 626/626/626
f 627/627/627 626/626/626 618/618/618
f 628/628/628 624/624/624 626/626/626
f 626/626/626 627/627/627 629/629/629
f 626/626/626 629/629/629 628/628/628
f 630/630/630 629/629/629 627/627/627
f 631/631/631 628/628/628 629/629/629
f 629/629/629 630/630/630 632/632/632
f 629/629/629 632/632/632 631/631/631
f 635/635/635 634/634/634 633/633/633
f 633/633/633 636/636/636 635/635/635
f 637/637/637 635/635/635 636/636/636
f 636/636/636 638/638/638 637/637/637
f 636/636/636 639/639/639 638/638/638
f 640/640/640 638/638/638 639/639/639
f 639/639/639 641/641/641 640/640/640
f 644/644/644 643/643/643 642/642/642
f 645/645/645 642/642/642 643/643/643
f 642/642/642 645/645/645 646/646/646
f 647/647/647 646/646/646 645/645/645
f 645/645/645 648/648/648 647/647/647
f 649/649/649 647/647/647 648/648/648
f 647/647/647 650/650/650 646/646/646
f 650/650/650 647/647/647 649/649/649
f 651/651/651 646/646/646 650/650/650
f 652/652/652 650/650/650 649/649/649
f 653/653/653 651/651/651 650/650/650
f 654/654/654 650/650/650 652/652/652
f 654/654/654 653/653/653 650/650/650
f 657/657/657 656/656/656 655/655/655
f 658/658/658 655/655/655 656/656/656
f 656/656/656 659/659/659 658/658/658
f 660/660/660 658/658/658 659/659/659
f 660/660/660 659/659/659 661/661/661
f 662/662/662 661/661/661 659/659/659
f 662/662/662 663/663/663 661/661/661
f 664/664/664 661/661/661 663/663/663
f 664/664/664 663/663/663 665/665/665
f 666/666/666 665/665/665 663/663/663
f 666/666/666 667/667/667 665/665/665
f 668/668/668 665/665/665 667/667/667
f 667/667/667 669/669/669 668/668/668
f 670/670/670 668/668/668 669/669/669
f 670/670/670 669/669/669 671/671/671
f 672/672/672 671/671/671 669/669/669
f 671/671/671 672/672/672 673/673/673
f 674/674/674 673/673/673 672/672/672
f 674/674/674 675/675/675 673/673/673
f 676/676/676 673/673/673 675/675/675
f 675/675/675 677/677/677 676/676/676
f 678/678/678 676/676/676 677/677/677
f 678/678/678 677/677/677 679/679/679
f 680/680/680 679/679/679 677/677/677
f 681/681/681 679/679/679 680/680/680
f 684/684/684 683/683/683 682/682/682
f 683/683/683 685/685/685 682/682/682
f 686/686/686 682/682/682 685/685/685
f 686/686/686 687/687/687 682/682/682
f 686/686/686 685/685/685 688/688/688
f 686/686/686 688/688/688 687/687/687
f 689/689/689 687/687/687 688/688/688
f 690/690/690 688/688/688 685/685/685
f 689/689/689 688/688/688 691/691/691
f 688/688/688 690/690/690 692/692/692
f 692/692/692 691/691/691 688/688/688
f 693/693/693 692/692/692 690/690/690
f 691/691/691 692/692/692 694/694/694
f 692/692/692 693/693/693 695/695/695
f 695/695/695 694/694/694 692/692/692
f 696/696/696 695/695/695 693/693/693
f 694/694/694 695/695/695 697/697/697
f 695/695/695 696/696/696 698/698/698
f 698/698/698 697/697/697 695/695/695
f 699/699/699 698/698/698 696/696/696
f 699/699/699 700/700/700 698/698/698
f 698/698/698 701/701/701 697/697/697
f 701/701/701 698/698/698 700/700/700
f 702/702/702 697/697/697 701/701/701
f 701/701/701 703/703/703 702/702/702
f 700/700/700 704/704/704 701/701/701
f 701/701/701 704/704/704 703/703/703
f 705/705/705 702/702/702 703/703/703
f 706/706/706 705/705/705 703/703/703
f 703/703/703 704/704/704 707/707/707
f 706/706/706 703/703/703 708/708/708
f 703/703/703 707/707/707 709/709/709
f 709/709/709 708/708/708 703/703/703
f 710/710/710 709/709/709 707/707/707
f 711/711/711 708/708/708 709/709/709
f 710/710/710 712/712/712 709/709/709
f 709/709/709 712/712/712 711/711/711
f 715/715/715 714/714/714 713/713/713
f 713/713/713 714/714/714 716/716/716
f 717/717/717 716/716/716 714/714/714
f 717/717/717 718/718/718 716/716/716
f 719/719/719 716/716/716 718/718/718
f 718/718/718 720/720/720 719/719/719
f 721/721/721 719/719/719 720/720/720
f 721/721/721 720/720/720 722/722/722
f 723/723/723 722/722/722 720/720/720
f 722/722/722 723/723/723 724/724/724
f 725/725/725 724/724/724 723/723/723
f 724/724/724 725/725/725 726/726/726
f 727/727/727 726/726/726 725/725/725
f 728/728/728 726/726/726 727/727/727
f 729/729/729 728/728/728 727/727/727
f 732/732/732 731/731/731 730/730/730
f 731/731/731 733/733/733 730/730/730
f 734/734/734 730/730/730 733/733/733
f 734/734/734 733/733/733 735/735/735
f 733/733/733 736/736/736 735/735/735
f 735/735/735 737/737/737 734/734/734
f 735/735/735 736/736/736 737/737/737
f 738/738/738 737/737/737 736/736/736
f 739/739/739 734/734/734 737/737/737
f 738/738/738 740/740/740 737/737/737
f 737/737/737 741/741/741 739/739/739
f 741/741/741 737/737/737 740/740/740
f 742/742/742 739/739/739 741/741/741
f 740/740/740 743/743/743 741/741/741
f 741/741/741 744/744/744 742/742/742
f 744/744/744 741/741/741 743/743/743
f 745/745/745 742/742/742 744/744/744
f 743/743/743 746/746/746 744/744/744
f 747/747/747 745/745/745 744/744/744
f 748/748/748 744/744/744 746/746/746
f 744/744/744 748/748/748 747/747/747
f 746/746/746 749/749/749 748/748/748
f 750/750/750 747/747/747 748/748/748
f 749/749/749 750/750/750 748/748/748
f 753/753/753 752/752/752 751/751/751
f 754/754/754 751/751/751 752/752/752
f 752/752/752 755/755/755 754/754/754
f 755/755/755 756/756/756 754/754/754
f 754/754/754 757/757/757 751/751/751
f 757/757/757 754/754/754 756/756/756
f 758/758/758 751/751/751 757/757/757
f 758/758/758 757/757/757 759/759/759
f 759/759/759 757/757/757 760/760/760
f 757/757/757 756/756/756 761/761/761
f 761/761/761 760/760/760 757/757/757
f 762/762/762 761/761/761 756/756/756
f 760/760/760 761/761/761 763/763/763
f 761/761/761 762/762/762 764/764/764
f 764/764/764 763/763/763 761/761/761
f 765/765/765 764/764/764 762/762/762
f 763/763/763 764/764/764 766/766/766
f 764/764/764 765/765/765 767/767/767
f 767/767/767 766/766/766 764/764/764
f 768/768/768 767/767/767 765/765/765
f 766/766/766 767/767/767 769/769/769
f 768/768/768 770/770/770 767/767/767
f 771/771/771 769/769/769 767/767/767
f 767/767/767 770/770/770 771/771/771
f 772/772/772 769/769/769 771/771/771
f 773/773/773 771/771/771 770/770/770
f 773/773/773 772/772/772 771/771/771
f 776/776/776 775/775/775 774/774/774
f 777/777/777 774/774/774 775/775/775
f 775/775/775 778/778/778 777/777/777
f 774/774/774 777/777/777 779/779/779
f 780/780/780 777/777/777 778/778/778
f 781/781/781 779/779/779 777/777/777
f 777/777/777 780/780/780 781/781/781
f 779/779/779 781/781/781 782/782/782
f 783/783/783 781/781/781 780/780/780
f 784/784/784 782/782/782 781/781/781
f 781/781/781 783/783/783 784/784/784
f 785/785/785 782/782/782 784/784/784
f 786/786/786 784/784/784 783/783/783
f 785/785/785 784/784/784 786/786/786
f 789/789/789 788/788/788 787/787/787
f 790/790/790 787/787/787 788/788/788
f 787/787/787 790/790/790 791/791/791
f 788/788/788 792/792/792 790/790/790
f 793/793/793 791/791/791 790/790/790
f 794/794/794 790/790/790 792/792/792
f 790/790/790 794/794/794 793/793/793
f 795/795/795 793/793/793 794/794/794
f 792/792/792 796/796/796 794/794/794
f 795/795/795 794/794/794 797/797/797
f 798/798/798 794/794/794 796/796/796
f 798/798/798 797/797/797 794/794/794
f 796/796/796 799/799/799 798/798/798
f 798/798/798 799/799/799 797/797/797
f 802/802/802 801/801/801 800/800/800
f 803/803/803 800/800/800 801/801/801
f 801/801/801 804/804/804 803/803/803
f 800/800/800 803/803/803 805/805/805
f 806/806/806 803/803/803 804/804/804
f 807/807/807 805/805/805 803/803/803
f 803/803/803 806/806/806 807/807/807
f 805/805/805 807/807/807 808/808/808
f 809/809/809 807/807/807 806/806/806
f 810/810/810 808/808/808 807/807/807
f 807/807/807 809/809/809 810/810/810
f 811/811/811 808/808/808 810/810/810
f 812/812/812 810/810/810 809/809/809
f 811/811/811 810/810/810 812/812/812
f 815/815/815 814/814/814 813/813/813
f 816/816/816 813/813/813 814/814/814
f 813/813/813 816/816/816 817/817/817
f 814/814/814 818/818/818 816/816/816
f 819/819/819 817/817/817 816/816/816
f 820/820/820 816/816/816 818/818/818
f 816/816/816 820/820/820 819/819/819
f 818/818/818 821/821/821 820/820/820
f 822/822/822 819/819/819 820/820/820
f 823/823/823 820/820/820 821/821/821
f 820/820/820 823/823/823 822/822/822
f 821/821/821 824/824/824 823/823/823
f 825/825/825 822/822/822 823/823/823
f 823/823/823 824/824/824 825/825/825
f 828/828/828 827/827/827 826/826/826
f 829/829/829 826/826/826 827/827/827
f 830/830/830 829/829/829 827/827/827
f 826/826/826 829/829/829 831/831/831
f 829/829/829 830/830/830 832/832/832
f 832/832/832 831/831/831 829/829/829
f 833/833/833 832/832/832 830/830/830
f 831/831/831 832/832/832 834/834/834
f 832/832/832 833/833/833 835/835/835
f 835/835/835 834/834/834 832/832/832
f 836/836/836 835/835/835 833/833/833
f 837/837/837 834/834/834 835/835/835
f 837/837/837 835/835/835 836/836/836
f 840/840/840 839/839/839 838/838/838
f 841/841/841 838/838/838 839/839/839
f 838/838/838 841/841/841 842/842/842
f 839/839/839 843/843/843 841/841/841
f 842/842/842 841/841/841 844/844/844
f 845/845/845 841/841/841 843/843/843
f 845/845/845 844/844/844 841/841/841
f 843/843/843 846/846/846 845/845/845
f 844/844/844 845/845/845 847/847/847
f 848/848/848 845/845/845 846/846/846
f 848/848/848 847/847/847 845/845/845
f 846/846/846 849/849/849 848/848/848
f 848/848/848 849/849/849 847/847/847
f 852/852/852 851/851/851 850/850/850
f 853/853/853 850/850/850 851/851/851
f 850/850/850 853/853/853 854/854/854
f 851/851/851 855/855/855 853/853/853
f 856/856/856 854/854/854 853/853/853
f 857/857/857 853/853/853 855/855/855
f 853/853/853 857/857/857 856/856/856
f 855/855/855 858/858/858 857/857/857
f 859/859/859 856/856/856 857/857/857
f 857/857/857 858/858/858 859/859/859
f 862/862/862 861/861/861 860/860/860
f 863/863/863 860/860/860 861/861/861
f 861/861/861 864/864/864 863/863/863
f 860/860/860 863/863/863 865/865/865
f 866/866/866 863/863/863 864/864/864
f 863/863/863 866/866/866 865/865/865
f 864/864/864 867/867/867 866/866/866
f 868/868/868 865/865/865 866/866/866
f 869/869/869 866/866/866 867/867/867
f 866/866/866 869/869/869 868/868/868
f 867/867/867 870/870/870 869/869/869
f 871/871/871 868/868/868 869/869/869
f 869/869/869 870/870/870 871/871/871
f 874/874/874 873/873/873 872/872/872
f 875/875/875 872/872/872 873/873/873
f 872/872/872 875/875/875 876/876/876
f 877/877/877 876/876/876 875/875/875
f 878/878/878 877/877/877 875/875/875
f 878/878/878 875/875/875 879/879/879
f 875/875/875 873/873/873 880/880/880
f 880/880/880 879/879/879 875/875/875
f 881/881/881 880/880/880 873/873/873
f 879/879/879 880/880/880 882/882/882
f 880/880/880 881/881/881 883/883/883
f 883/883/883 882/882/882 880/880/880
f 884/884/884 883/883/883 881/881/881
f 885/885/885 882/882/882 883/883/883
f 885/885/885 883/883/883 884/884/884
f 888/888/888 887/887/887 886/886/886
f 889/889/889 887/887/887 888/888/888
f 890/890/890 887/887/887 889/889/889
f 890/890/890 889/889/889 891/891/891
f 892/892/892 889/889/889 888/888/888
f 893/893/893 892/892/892 888/888/888
f 894/894/894 891/891/891 889/889/889
f 889/889/889 892/892/892 894/894/894
f 895/895/895 891/891/891 894/894/894
f 896/896/896 894/894/894 892/892/892
f 895/895/895 894/894/894 896/896/896
f 899/899/899 898/898/898 897/897/897
f 900/900/900 897/897/897 898/898/898
f 900/900/900 898/898/898 901/901/901
f 902/902/902 901/901/901 898/898/898
f 901/901/901 903/903/903 900/900/900
f 904/904/904 900/900/900 903/903/903
f 904/904/904 905/905/905 900/900/900
f 900/900/900 906/906/906 897/897/897
f 906/906/906 900/900/900 905/905/905
f 907/907/907 897/897/897 906/906/906
f 905/905/905 908/908/908 906/906/906
f 906/906/906 908/908/908 907/907/907
f 911/911/911 910/910/910 909/909/909
f 912/912/912 909/909/909 910/910/910
f 909/909/909 912/912/912 913/913/913
f 910/910/910 914/914/914 912/912/912
f 915/915/915 913/913/913 912/912/912
f 916/916/916 912/912/912 914/914/914
f 912/912/912 916/916/916 915/915/915
f 914/914/914 917/917/917 916/916/916
f 918/918/918 915/915/915 916/916/916
f 919/919/919 916/916/916 917/917/917
f 916/916/916 919/919/919 918/918/918
f 917/917/917 920/920/920 919/919/919
f 921/921/921 918/918/918 919/919/919
f 919/919/919 920/920/920 921/921/921
f 924/924/924 923/923/923 922/922/922
f 925/925/925 922/922/922 923/923/923
f 923/923/923 926/926/926 925/925/925
f 922/922/922 925/925/925 927/927/927
f 928/928/928 925/925/925 926/926/926
f 929/929/929 927/927/927 925/925/925
f 925/925/925 928/928/928 929/929/929
f 930/930/930 929/929/929 928/928/928
f 927/927/927 929/929/929 931/931/931
f 930/930/930 932/932/932 929/929/929
f 933/933/933 931/931/931 929/929/929
f 933/933/933 929/929/929 932/932/932
f 934/934/934 931/931/931 933/933/933
f 934/934/934 933/933/933 932/932/932
f 937/937/937 936/936/936 935/935/935
f 938/938/938 935/935/935 936/936/936
f 935/935/935 938/938/938 939/939/939
f 936/936/936 940/940/940 938/938/938
f 941/941/941 939/939/939 938/938/938
f 942/942/942 938/938/938 940/940/940
f 938/938/938 942/942/942 941/941/941
f 940/940/940 943/943/943 942/942/942
f 944/944/944 941/941/941 942/942/942
f 945/945/945 942/942/942 943/943/943
f 942/942/942 945/945/945 944/944/944
f 943/943/943 946/946/946 945/945/945
f 947/947/947 944/944/944 945/945/945
f 945/945/945 946/946/946 947/947/947
f 950/950/950 949/949/949 948/948/948
f 951/951/951 948/948/948 949/949/949
f 949/949/949 952/952/952 951/951/951
f 948/948/948 951/951/951 953/953/953
f 954/954/954 951/951/951 952/952/952
f 955/955/955 953/953/953 951/951/951
f 951/951/951 954/954/954 955/955/955
f 953/953/953 955/955/955 956/956/956
f 957/957/957 955/955/955 954/954/954
f 958/958/958 956/956/956 955/955/955
f 955/955/955 957/957/957 958/958/958
f 959/959/959 956/956/956 958/958/958
f 960/960/960 958/958/958 957/957/957
f 959/959/959 958/958/958 960/960/960
f 963/963/963 962/962/962 961/961/961
f 964/964/964 961/961/961 962/962/962
f 962/962/962 965/965/965 964/964/964
f 964/964/964 966/966/966 961/961/961
f 967/967/967 964/964/964 965/965/965
f 964/964/964 967/967/967 966/966/966
f 965/965/965 968/968/968 967/967/967
f 969/969/969 966/966/966 967/967/967
f 970/970/970 967/967/967 968/968/968
f 967/967/967 970/970/970 969/969/969
f 968/968/968 971/971/971 970/970/970
f 972/972/972 969/969/969 970/970/970
f 970/970/970 971/971/971 972/972/972
f 975/975/975 974/974/974 973/973/973
f 976/976/976 973/973/973 974/974/974
f 976/976/976 974/974/974 977/977/977
f 973/973/973 976/976/976 978/978/978
f 977/977/977 979/979/979 976/976/976
f 980/980/980 978/978/978 976/976/976
f 980/980/980 976/976/976 979/979/979
f 978/978/978 980/980/980 981/981/981
f 979/979/979 982/982/982 980/980/980
f 983/983/983 981/981/981 980/980/980
f 983/983/983 980/980/980 982/982/982
f 984/984/984 981/981/981 983/983/983
f 984/984/984 983/983/983 982/982/982
f 987/987/987 986/986/986 985/985/985
f 988/988/988 985/985/985 986/986/986
f 986/986/986 989/989/989 988/988/988
f 985/985/985 988/988/988 990/990/990
f 991/991/991 988/988/988 989/989/989
f 992/992/992 990/990/990 988/988/988
f 988/988/988 991/991/991 992/992/992
f 993/993/993 990/990/990 992/992/992
f 994/994/994 992/992/992 991/991/991
f 993/993/993 992/992/992 994/994/994
f 997/997/997 996/996/996 995/995/995
f 998/998/998 995/995/995 996/996/996
f 996/996/996 999/999/999 998/998/998
f 1000/1000/1000 995/995/995 998/998/998
f 998/998/998 1001/1001/1001 1000/1000/1000
f 1002/1002/1002 998/998/998 999/999/999
f 1001/1001/1001 998/998/998 1003/1003/1003
f 998/998/998 1002/1002/1002 1004/1004/1004
f 1004/1004/1004 1003/1003/1003 998/998/998
f 1005/1005/1005 1004/1004/1004 1002/1002/1002
f 1006/1006/1006 1003/1003/1003 1004/1004/1004
f 1006/1006/1006 1004/1004/1004 1005/1005/1005
f 1009/1009/1009 1008/1008/1008 1007/1007/1007
f 1010/1010/1010 1007/1007/1007 1008/1008/1008
f 1010/1010/1010 1008/1008/1008 1011/1011/1011
f 1007/1007/1007 1010/1010/1010 1012/1012/1012
f 1010/1010/1010 1011/1011/1011 1013/1013/1013
f 1013/1013/1013 1012/1012/1012 1010/1010/1010
f 1014/1014/1014 1013/1013/1013 1011/1011/1011
f 1012/1012/1012 1013/1013/1013 1015/1015/1015
f 1013/1013/1013 1014/1014/1014 1016/1016/1016
f 1016/1016/1016 1015/1015/1015 1013/1013/1013
f 1017/1017/1017 1016/1016/1016 1014/1014/1014
f 1018/1018/1018 1015/1015/1015 1016/1016/1016
f 1018/1018/1018 1016/1016/1016 1017/1017/1017
f 1021/1021/1021 1020/1020/1020 1019/1019/1019
f 1022/1022/1022 1019/1019/1019 1020/1020/1020
f 1020/1020/1020 1023/1023/1023 1022/1022/1022
f 1024/1024/1024 1022/1022/1022 1023/1023/1023
f 1024/1024/1024 1025/1025/1025 1022/1022/1022
f 1025/1025/1025 1026/1026/1026 1022/1022/1022
f 1022/1022/1022 1027/1027/1027 1019/1019/1019
f 1027/1027/1027 1022/1022/1022 1026/1026/1026
f 1028/1028/1028 1019/1019/1019 1027/1027/1027
f 1026/1026/1026 1029/1029/1029 1027/1027/1027
f 1027/1027/1027 1030/1030/1030 1028/1028/1028
f 1030/1030/1030 1027/1027/1027 1029/1029/1029
f 1031/1031/1031 1028/1028/1028 1030/1030/1030
f 1029/1029/1029 1032/1032/1032 1030/1030/1030
f 1030/1030/1030 1032/1032/1032 1031/1031/1031
f 1035/1035/1035 1034/1034/1034 1033/1033/1033
f 1036/1036/1036 1034/1034/1034 1035/1035/1035
f 1035/1035/1035 1037/1037/1037 1036/1036/1036
f 1037/1037/1037 1038/1038/1038 1036/1036/1036
f 1036/1036/1036 1039/1039/1039 1034/1034/1034
f 1039/1039/1039 1040/1040/1040 1034/1034/1034
f 1041/1041/1041 1036/1036/1036 1038/1038/1038
f 1036/1036/1036 1041/1041/1041 1039/1039/1039
f 1038/1038/1038 1042/1042/1042 1041/1041/1041
f 1043/1043/1043 1039/1039/1039 1041/1041/1041
f 1041/1041/1041 1042/1042/1042 1043/1043/1043
f 1046/1046/1046 1045/1045/1045 1044/1044/1044
f 1047/1047/1047 1044/1044/1044 1045/1045/1045
f 1045/1045/1045 1048/1048/1048 1047/1047/1047
f 1049/1049/1049 1047/1047/1047 1048/1048/1048
f 1048/1048/1048 1050/1050/1050 1049/1049/1049
f 1049/1049/1049 1050/1050/1050 1051/1051/1051
f 1051/1051/1051 1052/1052/1052 1049/1049/1049
f 1047/1047/1047 1049/1049/1049 1052/1052/1052
f 1052/1052/1052 1053/1053/1053 1047/1047/1047
f 1044/1044/1044 1047/1047/1047 1053/1053/1053
f 1053/1053/1053 1054/1054/1054 1044/1044/1044
f 1055/1055/1055 1044/1044/1044 1054/1054/1054
f 1054/1054/1054 1056/1056/1056 1055/1055/1055
f 1057/1057/1057 1055/1055/1055 1056/1056/1056
f 1055/1055/1055 1057/1057/1057 1058/1058/1058
f 1056/1056/1056 1059/1059/1059 1057/1057/1057
f 1060/1060/1060 1058/1058/1058 1057/1057/1057
f 1061/1061/1061 1057/1057/1057 1059/1059/1059
f 1057/1057/1057 1061/1061/1061 1060/1060/1060
f 1059/1059/1059 1062/1062/1062 1061/1061/1061
f 1063/1063/1063 1060/1060/1060 1061/1061/1061
f 1064/1064/1064 1061/1061/1061 1062/1062/1062
f 1061/1061/1061 1064/1064/1064 1063/1063/1063
f 1065/1065/1065 1063/1063/1063 1064/1064/1064
f 1068/1068/1068 1067/1067/1067 1066/1066/1066
f 1069/1069/1069 1066/1066/1066 1067/1067/1067
f 1069/1069/1069 1070/1070/1070 1066/1066/1066
f 1071/1071/1071 1066/1066/1066 1070/1070/1070
f 1066/1066/1066 1071/1071/1071 1072/1072/1072
f 1070/1070/1070 1069/1069/1069 1073/1073/1073
f 1074/1074/1074 1073/1073/1073 1069/1069/1069
f 1075/1075/1075 1072/1072/1072 1071/1071/1071
f 1072/1072/1072 1075/1075/1075 1076/1076/1076
f 1073/1073/1073 1074/1074/1074 1077/1077/1077
f 1078/1078/1078 1077/1077/1077 1074/1074/1074
f 1077/1077/1077 1078/1078/1078 1079/1079/1079
f 1080/1080/1080 1079/1079/1079 1078/1078/1078
f 1079/1079/1079 1081/1081/1081 1077/1077/1077
f 1082/1082/1082 1077/1077/1077 1081/1081/1081
f 1077/1077/1077 1082/1082/1082 1073/1073/1073
f 1083/1083/1083 1073/1073/1073 1082/1082/1082
f 1073/1073/1073 1083/1083/1083 1070/1070/1070
f 1084/1084/1084 1070/1070/1070 1083/1083/1083
f 1070/1070/1070 1084/1084/1084 1071/1071/1071
f 1085/1085/1085 1071/1071/1071 1084/1084/1084
f 1071/1071/1071 1085/1085/1085 1075/1075/1075
f 1086/1086/1086 1075/1075/1075 1085/1085/1085
f 1086/1086/1086 1087/1087/1087 1075/1075/1075
f 1088/1088/1088 1075/1075/1075 1087/1087/1087
f 1089/1089/1089 1088/1088/1088 1087/1087/1087
f 1088/1088/1088 1076/1076/1076 1075/1075/1075
f 1089/1089/1089 1076/1076/1076 1088/1088/1088
f 1092/1092/1092 1091/1091/1091 1090/1090/1090
f 1093/1093/1093 1090/1090/1090 1091/1091/1091
f 1091/1091/1091 1094/1094/1094 1093/1093/1093
f 1095/1095/1095 1093/1093/1093 1094/1094/1094
f 1095/1095/1095 1096/1096/1096 1093/1093/1093
f 1093/1093/1093 1097/1097/1097 1090/1090/1090
f 1097/1097/1097 1093/1093/1093 1096/1096/1096
f 1098/1098/1098 1090/1090/1090 1097/1097/1097
f 1096/1096/1096 1099/1099/1099 1097/1097/1097
f 1097/1097/1097 1100/1100/1100 1098/1098/1098
f 1100/1100/1100 1097/1097/1097 1099/1099/1099
f 1100/1100/1100 1099/1099/1099 1101/1101/1101
f 1102/1102/1102 1098/1098/1098 1100/1100/1100
f 1101/1101/1101 1103/1103/1103 1100/1100/1100
f 1100/1100/1100 1104/1104/1104 1102/1102/1102
f 1104/1104/1104 1100/1100/1100 1103/1103/1103
f 1105/1105/1105 1102/1102/1102 1104/1104/1104
f 1103/1103/1103 1106/1106/1106 1104/1104/1104
f 1104/1104/1104 1106/1106/1106 1105/1105/1105
f 1109/1109/1109 1108/1108/1108 1107/1107/1107
f 1110/1110/1110 1107/1107/1107 1108/1108/1108
f 1108/1108/1108 1111/1111/1111 1110/1110/1110
f 1107/1107/1107 1110/1110/1110 1112/1112/1112
f 1113/1113/1113 1110/1110/1110 1111/1111/1111
f 1114/1114/1114 1112/1112/1112 1110/1110/1110
f 1110/1110/1110 1113/1113/1113 1114/1114/1114
f 1112/1112/1112 1114/1114/1114 1115/1115/1115
f 1116/1116/1116 1114/1114/1114 1113/1113/1113
f 1117/1117/1117 1115/1115/1115 1114/1114/1114
f 1114/1114/1114 1116/1116/1116 1117/1117/1117
f 1115/1115/1115 1117/1117/1117 1118/1118/1118
f 1119/1119/1119 1117/1117/1117 1116/1116/1116
f 1118/1118/1118 1117/1117/1117 1120/1120/1120
f 1117/1117/1117 1119/1119/1119 1121/1121/1121
f 1121/1121/1121 1120/1120/1120 1117/1117/1117
f 1122/1122/1122 1121/1121/1121 1119/1119/1119
f 1123/1123/1123 1120/1120/1120 1121/1121/1121
f 1123/1123/1123 1121/1121/1121 1122/1122/1122
f 1126/1126/1126 1125/1125/1125 1124/1124/1124
f 1127/1127/1127 1124/1124/1124 1125/1125/1125
f 1125/1125/1125 1128/1128/1128 1127/1127/1127
f 1129/1129/1129 1127/1127/1127 1128/1128/1128
f 1127/1127/1127 1130/1130/1130 1124/1124/1124
f 1127/1127/1127 1129/1129/1129 1130/1130/1130
f 1131/1131/1131 1124/1124/1124 1130/1130/1130
f 1132/1132/1132 1130/1130/1130 1129/1129/1129
f 1131/1131/1131 1130/1130/1130 1133/1133/1133
f 1130/1130/1130 1132/1132/1132 1134/1134/1134
f 1134/1134/1134 1133/1133/1133 1130/1130/1130
f 1135/1135/1135 1134/1134/1134 1132/1132/1132
f 1133/1133/1133 1134/1134/1134 1136/1136/1136
f 1134/1134/1134 1135/1135/1135 1137/1137/1137
f 1137/1137/1137 1136/1136/1136 1134/1134/1134
f 1138/1138/1138 1137/1137/1137 1135/1135/1135
f 1136/1136/1136 1137/1137/1137 1139/1139/1139
f 1137/1137/1137 1138/1138/1138 1140/1140/1140
f 1140/1140/1140 1139/1139/1139 1137/1137/1137
f 1141/1141/1141 1140/1140/1140 1138/1138/1138
f 1142/1142/1142 1139/1139/1139 1140/1140/1140
f 1142/1142/1142 1140/1140/1140 1141/1141/1141
f 1145/1145/1145 1144/1144/1144 1143/1143/1143
f 1146/1146/1146 1143/1143/1143 1144/1144/1144
f 1144/1144/1144 1147/1147/1147 1146/1146/1146
f 1148/1148/1148 1146/1146/1146 1147/1147/1147
f 1146/1146/1146 1149/1149/1149 1143/1143/1143
f 1146/1146/1146 1148/1148/1148 1149/1149/1149
f 1150/1150/1150 1149/1149/1149 1148/1148/1148
f 1151/1151/1151 1143/1143/1143 1149/1149/1149
f 1150/1150/1150 1152/1152/1152 1149/1149/1149
f 1149/1149/1149 1153/1153/1153 1151/1151/1151
f 1153/1153/1153 1149/1149/1149 1152/1152/1152
f 1154/1154/1154 1151/1151/1151 1153/1153/1153
f 1152/1152/1152 1155/1155/1155 1153/1153/1153
f 1153/1153/1153 1156/1156/1156 1154/1154/1154
f 1156/1156/1156 1153/1153/1153 1155/1155/1155
f 1157/1157/1157 1154/1154/1154 1156/1156/1156
f 1155/1155/1155 1158/1158/1158 1156/1156/1156
f 1156/1156/1156 1159/1159/1159 1157/1157/1157
f 1159/1159/1159 1156/1156/1156 1158/1158/1158
f 1160/1160/1160 1157/1157/1157 1159/1159/1159
f 1158/1158/1158 1161/1161/1161 1159/1159/1159
f 1159/1159/1159 1161/1161/1161 1160/1160/1160
f 1164/1164/1164 1163/1163/1163 1162/1162/1162
f 1163/1163/1163 1164/1164/1164 1165/1165/1165
f 1166/1166/1166 1165/1165/1165 1164/1164/1164
f 1166/1166/1166 1167/1167/1167 1165/1165/1165
f 1168/1168/1168 1165/1165/1165 1167/1167/1167
f 1167/1167/1167 1169/1169/1169 1168/1168/1168
f 1170/1170/1170 1168/1168/1168 1169/1169/1169
f 1170/1170/1170 1169/1169/1169 1171/1171/1171
f 1172/1172/1172 1171/1171/1171 1169/1169/1169
f 1172/1172/1172 1173/1173/1173 1171/1171/1171
f 1174/1174/1174 1171/1171/1171 1173/1173/1173
f 1177/1177/1177 1176/1176/1176 1175/1175/1175
f 1175/1175/1175 1178/1178/1178 1177/1177/1177
f 1179/1179/1179 1177/1177/1177 1178/1178/1178
f 1179/1179/1179 1178/1178/1178 1180/1180/1180
f 1181/1181/1181 1180/1180/1180 1178/1178/1178
f 1180/1180/1180 1181/1181/1181 1182/1182/1182
f 1183/1183/1183 1182/1182/1182 1181/1181/1181
f 1183/1183/1183 1184/1184/1184 1182/1182/1182
f 1185/1185/1185 1182/1182/1182 1184/1184/1184
f 1185/1185/1185 1184/1184/1184 1186/1186/1186
f 1187/1187/1187 1186/1186/1186 1184/1184/1184
f 1187/1187/1187 1188/1188/1188 1186/1186/1186
f 1189/1189/1189 1186/1186/1186 1188/1188/1188
f 1189/1189/1189 1188/1188/1188 1190/1190/1190
f 1191/1191/1191 1190/1190/1190 1188/1188/1188
f 1190/1190/1190 1191/1191/1191 1192/1192/1192
f 1193/1193/1193 1192/1192/1192 1191/1191/1191
f 1192/1192/1192 1193/1193/1193 1194/1194/1194
f 1195/1195/1195 1194/1194/1194 1193/1193/1193
f 1198/1198/1198 1197/1197/1197 1196/1196/1196
f 1197/1197/1197 1198/1198/1198 1199/1199/1199
f 1200/1200/1200 1199/1199/1199 1198/1198/1198
f 1199/1199/1199 1200/1200/1200 1201/1201/1201
f 1202/1202/1202 1201/1201/1201 1200/1200/1200
f 1201/1201/1201 1202/1202/1202 1203/1203/1203
f 1204/1204/1204 1203/1203/1203 1202/1202/1202
f 1204/1204/1204 1205/1205/1205 1203/1203/1203
f 1206/1206/1206 1203/1203/1203 1205/1205/1205
f 1206/1206/1206 1205/1205/1205 1207/1207/1207
f 1208/1208/1208 1207/1207/1207 1205/1205/1205
f 1208/1208/1208 1209/1209/1209 1207/1207/1207
f 1210/1210/1210 1207/1207/1207 1209/1209/1209
f 1213/1213/1213 1212/1212/1212 1211/1211/1211
f 1211/1211/1211 1214/1214/1214 1213/1213/1213
f 1215/1215/1215 1213/1213/1213 1214/1214/1214
f 1215/1215/1215 1214/1214/1214 1216/1216/1216
f 1217/1217/1217 1216/1216/1216 1214/1214/1214
f 1217/1217/1217 1218/1218/1218 1216/1216/1216
f 1219/1219/1219 1216/1216/1216 1218/1218/1218
f 1219/1219/1219 1218/1218/1218 1220/1220/1220
f 1221/1221/1221 1220/1220/1220 1218/1218/1218
f 1220/1220/1220 1221/1221/1221 1222/1222/1222
f 1223/1223/1223 1222/1222/1222 1221/1221/1221
f 1223/1223/1223 1224/1224/1224 1222/1222/1222
f 1225/1225/1225 1222/1222/1222 1224/1224/1224
f 1225/1225/1225 1224/1224/1224 1226/1226/1226
f 1227/1227/1227 1226/1226/1226 1224/1224/1224
f 1227/1227/1227 1228/1228/1228 1226/1226/1226
f 1229/1229/1229 1226/1226/1226 1228/1228/1228
f 1229/1229/1229 1228/1228/1228 1230/1230/1230
f 1231/1231/1231 1230/1230/1230 1228/1228/1228
f 1230/1230/1230 1231/1231/1231 1232/1232/1232
f 1233/1233/1233 1232/1232/1232 1231/1231/1231
f 1233/1233/1233 1234/1234/1234 1232/1232/1232
f 1235/1235/1235 1232/1232/1232 1234/1234/1234
f 1235/1235/1235 1234/1234/1234 1236/1236/1236
f 1237/1237/1237 1236/1236/1236 1234/1234/1234
f 1240/1240/1240 1239/1239/1239 1238/1238/1238
f 1239/1239/1239 1240/1240/1240 1241/1241/1241
f 1242/1242/1242 1241/1241/1241 1240/1240/1240
f 1241/1241/1241 1242/1242/1242 1243/1243/1243
f 1244/1244/1244 1243/1243/1243 1242/1242/1242
f 1243/1243/1243 1244/1244/1244 1245/1245/1245
f 1246/1246/1246 1245/1245/1245 1244/1244/1244
f 1245/1245/1245 1246/1246/1246 1247/1247/1247
f 1248/1248/1248 1247/1247/1247 1246/1246/1246
f 1247/1247/1247 1248/1248/1248 1249/1249/1249
f 1250/1250/1250 1249/1249/1249 1248/1248/1248
f 1253/1253/1253 1252/1252/1252 1251/1251/1251
f 1251/1251/1251 1254/1254/1254 1253/1253/1253
f 1255/1255/1255 1253/1253/1253 1254/1254/1254
f 1255/1255/1255 1254/1254/1254 1256/1256/1256
f 1257/1257/1257 1256/1256/1256 1254/1254/1254
f 1256/1256/1256 1257/1257/1257 1258/1258/1258
f 1259/1259/1259 1258/1258/1258 1257/1257/1257
f 1259/1259/1259 1260/1260/1260 1258/1258/1258
f 1261/1261/1261 1258/1258/1258 1260/1260/1260
f 1261/1261/1261 1260/1260/1260 1262/1262/1262
f 1263/1263/1263 1262/1262/1262 1260/1260/1260
f 1263/1263/1263 1264/1264/1264 1262/1262/1262
f 1265/1265/1265 1262/1262/1262 1264/1264/1264
f 1264/1264/1264 1266/1266/1266 1265/1265/1265
f 1267/1267/1267 1265/1265/1265 1266/1266/1266
f 1267/1267/1267 1266/1266/1266 1268/1268/1268
f 1269/1269/1269 1268/1268/1268 1266/1266/1266
f 1268/1268/1268 1269/1269/1269 1270/1270/1270
f 1271/1271/1271 1270/1270/1270 1269/1269/1269
f 1274/1274/1274 1273/1273/1273 1272/1272/1272
f 1273/1273/1273 1274/1274/1274 1275/1275/1275
f 1276/1276/1276 1275/1275/1275 1274/1274/1274
f 1275/1275/1275 1276/1276/1276 1277/1277/1277
f 1278/1278/1278 1277/1277/1277 1276/1276/1276
f 1277/1277/1277 1278/1278/1278 1279/1279/1279
f 1280/1280/1280 1279/1279/1279 1278/1278/1278
f 1279/1279/1279 1280/1280/1280 1281/1281/1281
f 1282/1282/1282 1281/1281/1281 1280/1280/1280
f 1282/1282/1282 1283/1283/1283 1281/1281/1281
f 1284/1284/1284 1281/1281/1281 1283/1283/1283
f 1287/1287/1287 1286/1286/1286 1285/1285/1285
f 1285/1285/1285 1288/1288/1288 1287/1287/1287
f 1289/1289/1289 1287/1287/1287 1288/1288/1288
f 1289/1289/1289 1288/1288/1288 1290/1290/1290
f 1291/1291/1291 1290/1290/1290 1288/1288/1288
f 1290/1290/1290 1291/1291/1291 1292/1292/1292
f 1293/1293/1293 1292/1292/1292 1291/1291/1291
f 1292/1292/1292 1293/1293/1293 1294/1294/1294
f 1295/1295/1295 1294/1294/1294 1293/1293/1293
f 1295/1295/1295 1296/1296/1296 1294/1294/1294
f 1297/1297/1297 1294/1294/1294 1296/1296/1296
f 1297/1297/1297 1296/1296/1296 1298/1298/1298
f 1299/1299/1299 1298/1298/1298 1296/1296/1296
f 1299/1299/1299 1300/1300/1300 1298/1298/1298
f 1301/1301/1301 1298/1298/1298 1300/1300/1300
f 1301/1301/1301 1300/1300/1300 1302/1302/1302
f 1303/1303/1303 1302/1302/1302 1300/1300/1300
f 1302/1302/1302 1303/1303/1303 1304/1304/1304
f 1305/1305/1305 1304/1304/1304 1303/1303/1303
f 1305/1305/1305 1306/1306/1306 1304/1304/1304
f 1307/1307/1307 1304/1304/1304 1306/1306/1306
f 1307/1307/1307 1306/1306/1306 1308/1308/1308
f 1309/1309/1309 1308/1308/1308 1306/1306/1306
f 1312/1312/1312 1311/1311/1311 1310/1310/1310
f 1312/1312/1312 1310/1310/1310 1313/1313/1313
f 1312/1312/1312 1314/1314/1314 1311/1311/1311
f 1315/1315/1315 1311/1311/1311 1314/1314/1314
f 1315/1315/1315 1314/1314/1314 1316/1316/1316
f 1317/1317/1317 1314/1314/1314 1312/1312/1312
f 1317/1317/1317 1316/1316/1316 1314/1314/1314
f 1317/1317/1317 1312/1312/1312 1313/1313/1313
f 1318/1318/1318 1316/1316/1316 1317/1317/1317
f 1318/1318/1318 1317/1317/1317 1319/1319/1319
f 1317/1317/1317 1313/1313/1313 1320/1320/1320
f 1320/1320/1320 1319/1319/1319 1317/1317/1317
f 1313/1313/1313 1321/1321/1321 1320/1320/1320
f 1320/1320/1320 1322/1322/1322 1319/1319/1319
f 1322/1322/1322 1320/1320/1320 1321/1321/1321
f 1323/1323/1323 1319/1319/1319 1322/1322/1322
f 1323/1323/1323 1322/1322/1322 1324/1324/1324
f 1325/1325/1325 1322/1322/1322 1321/1321/1321
f 1325/1325/1325 1324/1324/1324 1322/1322/1322
f 1325/1325/1325 1321/1321/1321 1326/1326/1326
f 1325/1325/1325 1327/1327/1327 1324/1324/1324
f 1327/1327/1327 1325/1325/1325 1326/1326/1326
f 1328/1328/1328 1324/1324/1324 1327/1327/1327
f 1328/1328/1328 1327/1327/1327 1329/1329/1329
f 1330/1330/1330 1329/1329/1329 1327/1327/1327
f 1327/1327/1327 1326/1326/1326 1330/1330/1330
f 1329/1329/1329 1330/1330/1330 1331/1331/1331
f 1330/1330/1330 1326/1326/1326 1332/1332/1332
f 1332/1332/1332 1331/1331/1331 1330/1330/1330
f 1333/1333/1333 1332/1332/1332 1326/1326/1326
f 1331/1331/1331 1332/1332/1332 1334/1334/1334
f 1332/1332/1332 1333/1333/1333 1335/1335/1335
f 1335/1335/1335 1334/1334/1334 1332/1332/1332
f 1336/1336/1336 1335/1335/1335 1333/1333/1333
f 1334/1334/1334 1335/1335/1335 1337/1337/1337
f 1335/1335/1335 1336/1336/1336 1337/1337/1337
f 1340/1340/1340 1339/1339/1339 1338/1338/1338
f 1341/1341/1341 1339/1339/1339 1340/1340/1340
f 1341/1341/1341 1340/1340/1340 1342/1342/1342
f 1343/1343/1343 1340/1340/1340 1338/1338/1338
f 1343/1343/1343 1342/1342/1342 1340/1340/1340
f 1344/1344/1344 1343/1343/1343 1338/1338/1338
f 1342/1342/1342 1343/1343/1343 1345/1345/1345
f 1343/1343/1343 1344/1344/1344 1345/1345/1345
f 1342/1342/1342 1345/1345/1345 1346/1346/1346
f 1344/1344/1344 1347/1347/1347 1345/1345/1345
f 1345/1345/1345 1348/1348/1348 1346/1346/1346
f 1348/1348/1348 1345/1345/1345 1347/1347/1347
f 1349/1349/1349 1346/1346/1346 1348/1348/1348
f 1347/1347/1347 1350/1350/1350 1348/1348/1348
f 1349/1349/1349 1348/1348/1348 1351/1351/1351
f 1351/1351/1351 1348/1348/1348 1350/1350/1350
f 1352/1352/1352 1349/1349/1349 1351/1351/1351
f 1352/1352/1352 1351/1351/1351 1353/1353/1353
f 1354/1354/1354 1353/1353/1353 1351/1351/1351
f 1351/1351/1351 1350/1350/1350 1354/1354/1354
f 1353/1353/1353 1354/1354/1354 1355/1355/1355
f 1354/1354/1354 1350/1350/1350 1356/1356/1356
f 1356/1356/1356 1355/1355/1355 1354/1354/1354
f 1357/1357/1357 1356/1356/1356 1350/1350/1350
f 1355/1355/1355 1356/1356/1356 1358/1358/1358
f 1356/1356/1356 1357/1357/1357 1359/1359/1359
f 1359/1359/1359 1358/1358/1358 1356/1356/1356
f 1360/1360/1360 1359/1359/1359 1357/1357/1357
f 1358/1358/1358 1359/1359/1359 1361/1361/1361
f 1359/1359/1359 1360/1360/1360 1361/1361/1361
f 1364/1364/1364 1363/1363/1363 1362/1362/1362
f 1363/1363/1363 1365/1365/1365 1362/1362/1362
f 1366/1366/1366 1362/1362/1362 1365/1365/1365
f 1364/1364/1364 1367/1367/1367 1363/1363/1363
f 1366/1366/1366 1365/1365/1365 1368/1368/1368
f 1369/1369/1369 1363/1363/1363 1367/1367/1367
f 1365/1365/1365 1363/1363/1363 1369/1369/1369
f 1369/1369/1369 1367/1367/1367 1370/1370/1370
f 1365/1365/1365 1369/1369/1369 1370/1370/1370
f 1371/1371/1371 1365/1365/1365 1370/1370/1370
f 1365/1365/1365 1371/1371/1371 1372/1372/1372
f 1372/1372/1372 1368/1368/1368 1365/1365/1365
f 1373/1373/1373 1372/1372/1372 1371/1371/1371
f 1373/1373/1373 1374/1374/1374 1372/1372/1372
f 1372/1372/1372 1375/1375/1375 1368/1368/1368
f 1375/1375/1375 1372/1372/1372 1374/1374/1374
f 1376/1376/1376 1368/1368/1368 1375/1375/1375
f 1375/1375/1375 1377/1377/1377 1376/1376/1376
f 1375/1375/1375 1378/1378/1378 1377/1377/1377
f 1375/1375/1375 1374/1374/1374 1378/1378/1378
f 1379/1379/1379 1377/1377/1377 1378/1378/1378
f 1380/1380/1380 1379/1379/1379 1378/1378/1378
f 1380/1380/1380 1378/1378/1378 1381/1381/1381
f 1382/1382/1382 1378/1378/1378 1374/1374/1374
f 1382/1382/1382 1381/1381/1381 1378/1378/1378
f 1374/1374/1374 1383/1383/1383 1382/1382/1382
f 1381/1381/1381 1382/1382/1382 1384/1384/1384
f 1382/1382/1382 1383/1383/1383 1385/1385/1385
f 1385/1385/1385 1384/1384/1384 1382/1382/1382
f 1386/1386/1386 1385/1385/1385 1383/1383/1383
f 1384/1384/1384 1385/1385/1385 1387/1387/1387
f 1385/1385/1385 1386/1386/1386 1388/1388/1388
f 1388/1388/1388 1387/1387/1387 1385/1385/1385
f 1389/1389/1389 1388/1388/1388 1386/1386/1386
f 1387/1387/1387 1388/1388/1388 1390/1390/1390
f 1388/1388/1388 1389/1389/1389 1390/1390/1390
f 1393/1393/1393 1392/1392/1392 1391/1391/1391
f 1392/1392/1392 1393/1393/1393 1394/1394/1394
f 1392/1392/1392 1395/1395/1395 1391/1391/1391
f 1395/1395/1395 1392/1392/1392 1394/1394/1394
f 1396/1396/1396 1391/1391/1391 1395/1395/1395
f 1395/1395/1395 1394/1394/1394 1397/1397/1397
f 1396/1396/1396 1395/1395/1395 1398/1398/1398
f 1395/1395/1395 1397/1397/1397 1399/1399/1399
f 1399/1399/1399 1398/1398/1398 1395/1395/1395
f 1400/1400/1400 1399/1399/1399 1397/1397/1397
f 1400/1400/1400 1401/1401/1401 1399/1399/1399
f 1399/1399/1399 1402/1402/1402 1398/1398/1398
f 1402/1402/1402 1399/1399/1399 1401/1401/1401
f 1403/1403/1403 1398/1398/1398 1402/1402/1402
f 1402/1402/1402 1404/1404/1404 1403/1403/1403
f 1404/1404/1404 1402/1402/1402 1405/1405/1405
f 1402/1402/1402 1401/1401/1401 1405/1405/1405
f 1406/1406/1406 1404/1404/1404 1405/1405/1405
f 1406/1406/1406 1405/1405/1405 1407/1407/1407
f 1408/1408/1408 1405/1405/1405 1401/1401/1401
f 1408/1408/1408 1407/1407/1407 1405/1405/1405
f 1401/1401/1401 1409/1409/1409 1408/1408/1408
f 1407/1407/1407 1408/1408/1408 1410/1410/1410
f 1408/1408/1408 1409/1409/1409 1411/1411/1411
f 1411/1411/1411 1410/1410/1410 1408/1408/1408
f 1412/1412/1412 1411/1411/1411 1409/1409/1409
f 1410/1410/1410 1411/1411/1411 1413/1413/1413
f 1411/1411/1411 1412/1412/1412 1413/1413/1413
f 1416/1416/1416 1415/1415/1415 1414/1414/1414
f 1415/1415/1415 1416/1416/1416 1417/1417/1417
f 1418/1418/1418 1415/1415/1415 1417/1417/1417
f 1415/1415/1415 1418/1418/1418 1419/1419/1419
f 1419/1419/1419 1414/1414/1414 1415/1415/1415
f 1420/1420/1420 1419/1419/1419 1418/1418/1418
f 1420/1420/1420 1421/1421/1421 1419/1419/1419
f 1419/1419/1419 1422/1422/1422 1414/1414/1414
f 1422/1422/1422 1419/1419/1419 1421/1421/1421
f 1423/1423/1423 1414/1414/1414 1422/1422/1422
f 1421/1421/1421 1424/1424/1424 1422/1422/1422
f 1422/1422/1422 1425/1425/1425 1423/1423/1423
f 1425/1425/1425 1422/1422/1422 1424/1424/1424
f 1426/1426/1426 1423/1423/1423 1425/1425/1425
f 1424/1424/1424 1427/1427/1427 1425/1425/1425
f 1425/1425/1425 1427/1427/1427 1426/1426/1426
f 1430/1430/1430 1429/1429/1429 1428/1428/1428
f 1428/1428/1428 1431/1431/1431 1430/1430/1430
f 1432/1432/1432 1429/1429/1429 1430/1430/1430
f 1433/1433/1433 1430/1430/1430 1431/1431/1431
f 1430/1430/1430 1433/1433/1433 1432/1432/1432
f 1431/1431/1431 1434/1434/1434 1433/1433/1433
f 1435/1435/1435 1432/1432/1432 1433/1433/1433
f 1436/1436/1436 1433/1433/1433 1434/1434/1434
f 1433/1433/1433 1436/1436/1436 1435/1435/1435
f 1434/1434/1434 1437/1437/1437 1436/1436/1436
f 1438/1438/1438 1435/1435/1435 1436/1436/1436
f 1439/1439/1439 1436/1436/1436 1437/1437/1437
f 1436/1436/1436 1439/1439/1439 1438/1438/1438
f 1439/1439/1439 1437/1437/1437 1440/1440/1440
f 1441/1441/1441 1438/1438/1438 1439/1439/1439
f 1441/1441/1441 1439/1439/1439 1440/1440/1440
f 1444/1444/1444 1443/1443/1443 1442/1442/1442
f 1442/1442/1442 1445/1445/1445 1444/1444/1444
f 1446/1446/1446 1443/1443/1443 1444/1444/1444
f 1447/1447/1447 1444/1444/1444 1445/1445/1445
f 1444/1444/1444 1447/1447/1447 1446/1446/1446
f 1445/1445/1445 1448/1448/1448 1447/1447/1447
f 1449/1449/1449 1446/1446/1446 1447/1447/1447
f 1450/1450/1450 1447/1447/1447 1448/1448/1448
f 1447/1447/1447 1450/1450/1450 1449/1449/1449
f 1448/1448/1448 1451/1451/1451 1450/1450/1450
f 1452/1452/1452 1449/1449/1449 1450/1450/1450
f 1453/1453/1453 1450/1450/1450 1451/1451/1451
f 1450/1450/1450 1453/1453/1453 1452/1452/1452
f 1454/1454/1454 1452/1452/1452 1453/1453/1453
f 1451/1451/1451 1455/1455/1455 1453/1453/1453
f 1454/1454/1454 1453/1453/1453 1456/1456/1456
f 1457/1457/1457 1453/1453/1453 1455/1455/1455
f 1457/1457/1457 1456/1456/1456 1453/1453/1453
f 1457/1457/1457 1455/1455/1455 1458/1458/1458
f 1456/1456/1456 1457/1457/1457 1458/1458/1458
f 1455/1455/1455 1459/1459/1459 1458/1458/1458
f 1459/1459/1459 1456/1456/1456 1458/1458/1458
f 1462/1462/1462 1461/1461/1461 1460/1460/1460
f 1462/1462/1462 1460/1460/1460 1463/1463/1463
f 1463/1463/1463 1460/1460/1460 1464/1464/1464
f 1460/1460/1460 1461/1461/1461 1465/1465/1465
f 1465/1465/1465 1464/1464/1464 1460/1460/1460
f 1466/1466/1466 1465/1465/1465 1461/1461/1461
f 1466/1466/1466 1467/1467/1467 1465/1465/1465
f 1465/1465/1465 1468/1468/1468 1464/1464/1464
f 1468/1468/1468 1465/1465/1465 1467/1467/1467
f 1469/1469/1469 1464/1464/1464 1468/1468/1468
f 1467/1467/1467 1470/1470/1470 1468/1468/1468
f 1468/1468/1468 1471/1471/1471 1469/1469/1469
f 1471/1471/1471 1468/1468/1468 1470/1470/1470
f 1472/1472/1472 1469/1469/1469 1471/1471/1471
f 1470/1470/1470 1473/1473/1473 1471/1471/1471
f 1471/1471/1471 1474/1474/1474 1472/1472/1472
f 1474/1474/1474 1471/1471/1471 1473/1473/1473
f 1475/1475/1475 1472/1472/1472 1474/1474/1474
f 1473/1473/1473 1476/1476/1476 1474/1474/1474
f 1474/1474/1474 1476/1476/1476 1475/1475/1475
f 1479/1479/1479 1478/1478/1478 1477/1477/1477
f 1479/1479/1479 1480/1480/1480 1478/1478/1478
f 1481/1481/1481 1477/1477/1477 1478/1478/1478
f 1477/1477/1477 1481/1481/1481 1482/1482/1482
f 1483/1483/1483 1482/1482/1482 1481/1481/1481
f 1482/1482/1482 1483/1483/1483 1484/1484/1484
f 1485/1485/1485 1484/1484/1484 1483/1483/1483
f 1486/1486/1486 1478/1478/1478 1480/1480/1480
f 1484/1484/1484 1485/1485/1485 1487/1487/1487
f 1488/1488/1488 1487/1487/1487 1485/1485/1485
f 1488/1488/1488 1489/1489/1489 1487/1487/1487
f 1490/1490/1490 1487/1487/1487 1489/1489/1489
f 1480/1480/1480 1491/1491/1491 1486/1486/1486
f 1491/1491/1491 1480/1480/1480 1492/1492/1492
f 1489/1489/1489 1493/1493/1493 1490/1490/1490
f 1492/1492/1492 1480/1480/1480 1493/1493/1493
f 1494/1494/1494 1490/1490/1490 1493/1493/1493
f 1494/1494/1494 1493/1493/1493 1480/1480/1480
f 1497/1497/1497 1496/1496/1496 1495/1495/1495
f 1498/1498/1498 1495/1495/1495 1496/1496/1496
f 1498/1498/1498 1496/1496/1496 1499/1499/1499
f 1500/1500/1500 1499/1499/1499 1496/1496/1496
f 1496/1496/1496 1501/1501/1501 1500/1500/1500
f 1501/1501/1501 1496/1496/1496 1502/1502/1502
f 1497/1497/1497 1503/1503/1503 1496/1496/1496
f 1504/1504/1504 1502/1502/1502 1496/1496/1496
f 1504/1504/1504 1496/1496/1496 1503/1503/1503
f 1502/1502/1502 1504/1504/1504 1505/1505/1505
f 1504/1504/1504 1503/1503/1503 1506/1506/1506
f 1506/1506/1506 1505/1505/1505 1504/1504/1504
f 1507/1507/1507 1506/1506/1506 1503/1503/1503
f 1508/1508/1508 1505/1505/1505 1506/1506/1506
f 1508/1508/1508 1506/1506/1506 1507/1507/1507
f 1511/1511/1511 1510/1510/1510 1509/1509/1509
f 1512/1512/1512 1509/1509/1509 1510/1510/1510
f 1511/1511/1511 1513/1513/1513 1510/1510/1510
f 1514/1514/1514 1510/1510/1510 1513/1513/1513
f 1515/1515/1515 1510/1510/1510 1514/1514/1514
f 1515/1515/1515 1516/1516/1516 1510/1510/1510
f 1512/1512/1512 1510/1510/1510 1517/1517/1517
f 1518/1518/1518 1510/1510/1510 1516/1516/1516
f 1518/1518/1518 1517/1517/1517 1510/1510/1510
f 1516/1516/1516 1519/1519/1519 1518/1518/1518
f 1518/1518/1518 1520/1520/1520 1517/1517/1517
f 1520/1520/1520 1518/1518/1518 1519/1519/1519
f 1521/1521/1521 1517/1517/1517 1520/1520/1520
f 1519/1519/1519 1522/1522/1522 1520/1520/1520
f 1520/1520/1520 1522/1522/1522 1521/1521/1521
f 1525/1525/1525 1524/1524/1524 1523/1523/1523
f 1524/1524/1524 1525/1525/1525 1526/1526/1526
f 1523/1523/1523 1527/1527/1527 1525/1525/1525
f 1526/1526/1526 1525/1525/1525 1528/1528/1528
f 1529/1529/1529 1525/1525/1525 1527/1527/1527
f 1530/1530/1530 1528/1528/1528 1525/1525/1525
f 1529/1529/1529 1527/1527/1527 1531/1531/1531
f 1530/1530/1530 1532/1532/1532 1528/1528/1528
f 1533/1533/1533 1531/1531/1531 1527/1527/1527
f 1534/1534/1534 1528/1528/1528 1532/1532/1532
f 1532/1532/1532 1535/1535/1535 1534/1534/1534
f 1536/1536/1536 1534/1534/1534 1535/1535/1535
f 1535/1535/1535 1537/1537/1537 1536/1536/1536
f 1538/1538/1538 1536/1536/1536 1537/1537/1537
f 1531/1531/1531 1533/1533/1533 1539/1539/1539
f 1537/1537/1537 1539/1539/1539 1538/1538/1538
f 1540/1540/1540 1539/1539/1539 1533/1533/1533
f 1540/1540/1540 1538/1538/1538 1539/1539/1539
f 1543/1543/1543 1542/1542/1542 1541/1541/1541
f 1543/1543/1543 1541/1541/1541 1544/1544/1544
f 1541/1541/1541 1545/1545/1545 1544/1544/1544
f 1545/1545/1545 1541/1541/1541 1546/1546/1546
f 1547/1547/1547 1541/1541/1541 1542/1542/1542
f 1547/1547/1547 1546/1546/1546 1541/1541/1541
f 1547/1547/1547 1542/1542/1542 1548/1548/1548
f 1547/1547/1547 1548/1548/1548 1546/1546/1546
f 1549/1549/1549 1548/1548/1548 1542/1542/1542
f 1550/1550/1550 1546/1546/1546 1548/1548/1548
f 1548/1548/1548 1549/1549/1549 1551/1551/1551
f 1548/1548/1548 1551/1551/1551 1550/1550/1550
f 1552/1552/1552 1551/1551/1551 1549/1549/1549
f 1553/1553/1553 1550/1550/1550 1551/1551/1551
f 1551/1551/1551 1552/1552/1552 1554/1554/1554
f 1551/1551/1551 1554/1554/1554 1553/1553/1553
f 1555/1555/1555 1554/1554/1554 1552/1552/1552
f 1556/1556/1556 1553/1553/1553 1554/1554/1554
f 1554/1554/1554 1555/1555/1555 1557/1557/1557
f 1554/1554/1554 1557/1557/1557 1556/1556/1556
f 1558/1558/1558 1557/1557/1557 1555/1555/1555
f 1559/1559/1559 1556/1556/1556 1557/1557/1557
f 1557/1557/1557 1558/1558/1558 1560/1560/1560
f 1557/1557/1557 1560/1560/1560 1559/1559/1559
f 1561/1561/1561 1560/1560/1560 1558/1558/1558
f 1562/1562/1562 1559/1559/1559 1560/1560/1560
f 1560/1560/1560 1561/1561/1561 1563/1563/1563
f 1560/1560/1560 1563/1563/1563 1562/1562/1562
f 1564/1564/1564 1563/1563/1563 1561/1561/1561
f 1563/1563/1563 1564/1564/1564 1565/1565/1565
f 1566/1566/1566 1562/1562/1562 1563/1563/1563
f 1563/1563/1563 1565/1565/1565 1566/1566/1566
f 1567/1567/1567 1565/1565/1565 1564/1564/1564
f 1568/1568/1568 1566/1566/1566 1565/1565/1565
f 1567/1567/1567 1569/1569/1569 1565/1565/1565
f 1568/1568/1568 1565/1565/1565 1570/1570/1570
f 1571/1571/1571 1565/1565/1565 1569/1569/1569
f 1571/1571/1571 1570/1570/1570 1565/1565/1565
f 1569/1569/1569 1572/1572/1572 1571/1571/1571
f 1570/1570/1570 1571/1571/1571 1573/1573/1573
f 1574/1574/1574 1571/1571/1571 1572/1572/1572
f 1574/1574/1574 1573/1573/1573 1571/1571/1571
f 1577/1577/1577 1576/1576/1576 1575/1575/1575
f 1575/1575/1575 1578/1578/1578 1577/1577/1577
f 1576/1576/1576 1579/1579/1579 1575/1575/1575
f 1575/1575/1575 1580/1580/1580 1578/1578/1578
f 1581/1581/1581 1578/1578/1578 1580/1580/1580
f 1578/1578/1578 1581/1581/1581 1582/1582/1582
f 1575/1575/1575 1579/1579/1579 1583/1583/1583
f 1580/1580/1580 1575/1575/1575 1584/1584/1584
f 1583/1583/1583 1584/1584/1584 1575/1575/1575
f 1583/1583/1583 1579/1579/1579 1585/1585/1585
f 1583/1583/1583 1585/1585/1585 1584/1584/1584
f 1586/1586/1586 1585/1585/1585 1579/1579/1579
f 1585/1585/1585 1586/1586/1586 1587/1587/1587
f 1588/1588/1588 1587/1587/1587 1586/1586/1586
f 1588/1588/1588 1589/1589/1589 1587/1587/1587
f 1581/1581/1581 1580/1580/1580 1590/1590/1590
f 1580/1580/1580 1584/1584/1584 1590/1590/1590
f 1591/1591/1591 1584/1584/1584 1585/1585/1585
f 1585/1585/1585 1587/1587/1587 1591/1591/1591
f 1592/1592/1592 1590/1590/1590 1584/1584/1584
f 1584/1584/1584 1591/1591/1591 1592/1592/1592
f 1590/1590/1590 1592/1592/1592 1593/1593/1593
f 1590/1590/1590 1594/1594/1594 1581/1581/1581
f 1595/1595/1595 1593/1593/1593 1592/1592/1592
f 1596/1596/1596 1591/1591/1591 1587/1587/1587
f 1591/1591/1591 1596/1596/1596 1592/1592/1592
f 1592/1592/1592 1597/1597/1597 1595/1595/1595
f 1597/1597/1597 1592/1592/1592 1596/1596/1596
f 1598/1598/1598 1595/1595/1595 1597/1597/1597
f 1598/1598/1598 1597/1597/1597 1589/1589/1589
f 1599/1599/1599 1596/1596/1596 1587/1587/1587
f 1599/1599/1599 1587/1587/1587 1589/1589/1589
f 1597/1597/1597 1596/1596/1596 1599/1599/1599
f 1599/1599/1599 1589/1589/1589 1597/1597/1597
f 1600/1600/1600 1581/1581/1581 1594/1594/1594
f 1600/1600/1600 1582/1582/1582 1581/1581/1581
f 1594/1594/1594 1601/1601/1601 1600/1600/1600
f 1594/1594/1594 1602/1602/1602 1601/1601/1601
f 1602/1602/1602 1603/1603/1603 1601/1601/1601
f 1600/1600/1600 1604/1604/1604 1582/1582/1582
f 1600/1600/1600 1601/1601/1601 1604/1604/1604
f 1605/1605/1605 1582/1582/1582 1604/1604/1604
f 1604/1604/1604 1606/1606/1606 1605/1605/1605
f 1607/1607/1607 1601/1601/1601 1603/1603/1603
f 1607/1607/1607 1604/1604/1604 1601/1601/1601
f 1604/1604/1604 1607/1607/1607 1606/1606/1606
f 1603/1603/1603 1608/1608/1608 1607/1607/1607
f 1607/1607/1607 1608/1608/1608 1606/1606/1606
f 1611/1611/1611 1610/1610/1610 1609/1609/1609
f 1612/1612/1612 1611/1611/1611 1609/1609/1609
f 1611/1611/1611 1613/1613/1613 1610/1610/1610
f 1611/1611/1611 1612/1612/1612 1614/1614/1614
f 1613/1613/1613 1611/1611/1611 1615/1615/1615
f 1615/1615/1615 1611/1611/1611 1614/1614/1614
f 1618/1618/1618 1617/1617/1617 1616/1616/1616
f 1619/1619/1619 1616/1616/1616 1617/1617/1617
f 1618/1618/1618 1620/1620/1620 1617/1617/1617
f 1617/1617/1617 1620/1620/1620 1621/1621/1621
f 1621/1621/1621 1622/1622/1622 1617/1617/1617
f 1623/1623/1623 1619/1619/1619 1617/1617/1617
f 1624/1624/1624 1617/1617/1617 1622/1622/1622
f 1624/1624/1624 1623/1623/1623 1617/1617/1617
f 1624/1624/1624 1622/1622/1622 1625/1625/1625
f 1625/1625/1625 1626/1626/1626 1624/1624/1624
f 1624/1624/1624 1627/1627/1627 1623/1623/1623
f 1626/1626/1626 1627/1627/1627 1624/1624/1624
f 1628/1628/1628 1623/1623/1623 1627/1627/1627
f 1626/1626/1626 1629/1629/1629 1627/1627/1627
f 1627/1627/1627 1630/1630/1630 1628/1628/1628
f 1627/1627/1627 1629/1629/1629 1630/1630/1630
f 1633/1633/1633 1632/1632/1632 1631/1631/1631
f 1633/1633/1633 1634/1634/1634 1632/1632/1632
f 1635/1635/1635 1631/1631/1631 1632/1632/1632
f 1632/1632/1632 1636/1636/1636 1635/1635/1635
f 1631/1631/1631 1635/1635/1635 1637/1637/1637
f 1638/1638/1638 1632/1632/1632 1634/1634/1634
f 1638/1638/1638 1636/1636/1636 1632/1632/1632
f 1639/1639/1639 1638/1638/1638 1634/1634/1634
f 1635/1635/1635 1640/1640/1640 1637/1637/1637
f 1635/1635/1635 1636/1636/1636 1640/1640/1640
f 1641/1641/1641 1637/1637/1637 1640/1640/1640
f 1641/1641/1641 1640/1640/1640 1642/1642/1642
f 1638/1638/1638 1639/1639/1639 1643/1643/1643
f 1643/1643/1643 1636/1636/1636 1638/1638/1638
f 1644/1644/1644 1643/1643/1643 1639/1639/1639
f 1644/1644/1644 1645/1645/1645 1643/1643/1643
f 1646/1646/1646 1642/1642/1642 1640/1640/1640
f 1640/1640/1640 1636/1636/1636 1646/1646/1646
f 1642/1642/1642 1646/1646/1646 1647/1647/1647
f 1648/1648/1648 1643/1643/1643 1645/1645/1645
f 1648/1648/1648 1636/1636/1636 1643/1643/1643
f 1649/1649/1649 1648/1648/1648 1645/1645/1645
f 1646/1646/1646 1650/1650/1650 1647/1647/1647
f 1646/1646/1646 1636/1636/1636 1650/1650/1650
f 1650/1650/1650 1636/1636/1636 1648/1648/1648
f 1648/1648/1648 1649/1649/1649 1650/1650/1650
f 1651/1651/1651 1647/1647/1647 1650/1650/1650
f 1651/1651/1651 1650/1650/1650 1649/1649/1649
f 1654/1654/1654 1653/1653/1653 1652/1652/1652
f 1655/1655/1655 1652/1652/1652 1653/1653/1653
f 1656/1656/1656 1654/1654/1654 1652/1652/1652
f 1652/1652/1652 1655/1655/1655 1657/1657/1657
f 1658/1658/1658 1657/1657/1657 1655/1655/1655
f 1655/1655/1655 1659/1659/1659 1658/1658/1658
f 1656/1656/1656 1652/1652/1652 1660/1660/1660
f 1657/1657/1657 1661/1661/1661 1652/1652/1652
f 1660/1660/1660 1652/1652/1652 1661/1661/1661
f 1660/1660/1660 1662/1662/1662 1656/1656/1656
f 1660/1660/1660 1661/1661/1661 1662/1662/1662
f 1663/1663/1663 1656/1656/1656 1662/1662/1662
f 1662/1662/1662 1664/1664/1664 1663/1663/1663
f 1665/1665/1665 1663/1663/1663 1664/1664/1664
f 1665/1665/1665 1664/1664/1664 1666/1666/1666
f 1657/1657/1657 1658/1658/1658 1667/1667/1667
f 1657/1657/1657 1667/1667/1667 1661/1661/1661
f 1668/1668/1668 1662/1662/1662 1661/1661/1661
f 1662/1662/1662 1668/1668/1668 1664/1664/1664
f 1669/1669/1669 1661/1661/1661 1667/1667/1667
f 1668/1668/1668 1661/1661/1661 1669/1669/1669
f 1667/1667/1667 1670/1670/1670 1669/1669/1669
f 1671/1671/1671 1669/1669/1669 1670/1670/1670
f 1667/1667/1667 1658/1658/1658 1672/1672/1672
f 1669/1669/1669 1671/1671/1671 1673/1673/1673
f 1669/1669/1669 1673/1673/1673 1668/1668/1668
f 1674/1674/1674 1673/1673/1673 1671/1671/1671
f 1674/1674/1674 1666/1666/1666 1673/1673/1673
f 1675/1675/1675 1664/1664/1664 1668/1668/1668
f 1675/1675/1675 1668/1668/1668 1673/1673/1673
f 1676/1676/1676 1673/1673/1673 1666/1666/1666
f 1676/1676/1676 1666/1666/1666 1664/1664/1664
f 1675/1675/1675 1673/1673/1673 1676/1676/1676
f 1675/1675/1675 1676/1676/1676 1664/1664/1664
f 1677/1677/1677 1672/1672/1672 1658/1658/1658
f 1677/1677/1677 1658/1658/1658 1659/1659/1659
f 1678/1678/1678 1672/1672/1672 1677/1677/1677
f 1679/1679/1679 1672/1672/1672 1678/1678/1678
f 1679/1679/1679 1678/1678/1678 1680/1680/1680
f 1681/1681/1681 1680/1680/1680 1678/1678/1678
f 1678/1678/1678 1677/1677/1677 1681/1681/1681
f 1682/1682/1682 1680/1680/1680 1681/1681/1681
f 1682/1682/1682 1681/1681/1681 1683/1683/1683
f 1677/1677/1677 1659/1659/1659 1684/1684/1684
f 1684/1684/1684 1681/1681/1681 1677/1677/1677
f 1681/1681/1681 1684/1684/1684 1683/1683/1683
f 1685/1685/1685 1684/1684/1684 1659/1659/1659
f 1683/1683/1683 1684/1684/1684 1685/1685/1685
f 1688/1688/1688 1687/1687/1687 1686/1686/1686
f 1686/1686/1686 1687/1687/1687 1689/1689/1689
f 1687/1687/1687 1688/1688/1688 1690/1690/1690
f 1687/1687/1687 1690/1690/1690 1691/1691/1691
f 1689/1689/1689 1687/1687/1687 1692/1692/1692
f 1691/1691/1691 1693/1693/1693 1687/1687/1687
f 1694/1694/1694 1692/1692/1692 1687/1687/1687
f 1694/1694/1694 1687/1687/1687 1693/1693/1693
f 1692/1692/1692 1694/1694/1694 1695/1695/1695
f 1693/1693/1693 1696/1696/1696 1694/1694/1694
f 1697/1697/1697 1695/1695/1695 1694/1694/1694
f 1697/1697/1697 1694/1694/1694 1696/1696/1696
f 1695/1695/1695 1697/1697/1697 1698/1698/1698
f 1696/1696/1696 1699/1699/1699 1697/1697/1697
f 1700/1700/1700 1698/1698/1698 1697/1697/1697
f 1700/1700/1700 1697/1697/1697 1699/1699/1699
f 1701/1701/1701 1698/1698/1698 1700/1700/1700
f 1699/1699/1699 1701/1701/1701 1700/1700/1700
f 1704/1704/1704 1703/1703/1703 1702/1702/1702
f 1705/1705/1705 1702/1702/1702 1703/1703/1703
f 1706/1706/1706 1705/1705/1705 1703/1703/1703
f 1706/1706/1706 1703/1703/1703 1707/1707/1707
f 1707/1707/1707 1703/1703/1703 1708/1708/1708
f 1704/1704/1704 1709/1709/1709 1703/1703/1703
f 1710/1710/1710 1708/1708/1708 1703/1703/1703
f 1709/1709/1709 1710/1710/1710 1703/1703/1703
f 1708/1708/1708 1710/1710/1710 1711/1711/1711
f 1712/1712/1712 1711/1711/1711 1710/1710/1710
f 1710/1710/1710 1709/1709/1709 1713/1713/1713
f 1713/1713/1713 1712/1712/1712 1710/1710/1710
f 1714/1714/1714 1713/1713/1713 1709/1709/1709
f 1715/1715/1715 1712/1712/1712 1713/1713/1713
f 1716/1716/1716 1713/1713/1713 1714/1714/1714
f 1715/1715/1715 1713/1713/1713 1716/1716/1716
f 1719/1719/1719 1718/1718/1718 1717/1717/1717
f 1719/1719/1719 1717/1717/1717 1720/1720/1720
f 1721/1721/1721 1717/1717/1717 1718/1718/1718
f 1722/1722/1722 1717/1717/1717 1721/1721/1721
f 1721/1721/1721 1718/1718/1718 1723/1723/1723
f 1724/1724/1724 1720/1720/1720 1717/1717/1717
f 1722/1722/1722 1724/1724/1724 1717/1717/1717
f 1724/1724/1724 1725/1725/1725 1720/1720/1720
f 1721/1721/1721 1723/1723/1723 1726/1726/1726
f 1722/1722/1722 1721/1721/1721 1726/1726/1726
f 1727/1727/1727 1726/1726/1726 1723/1723/1723
f 1727/1727/1727 1728/1728/1728 1726/1726/1726
f 1724/1724/1724 1729/1729/1729 1725/1725/1725
f 1722/1722/1722 1729/1729/1729 1724/1724/1724
f 1730/1730/1730 1725/1725/1725 1729/1729/1729
f 1730/1730/1730 1729/1729/1729 1731/1731/1731
f 1732/1732/1732 1726/1726/1726 1728/1728/1728
f 1722/1722/1722 1726/1726/1726 1732/1732/1732
f 1732/1732/1732 1728/1728/1728 1733/1733/1733
f 1734/1734/1734 1731/1731/1731 1729/1729/1729
f 1722/1722/1722 1734/1734/1734 1729/1729/1729
f 1734/1734/1734 1735/1735/1735 1731/1731/1731
f 1732/1732/1732 1733/1733/1733 1736/1736/1736
f 1722/1722/1722 1732/1732/1732 1736/1736/1736
f 1722/1722/1722 1736/1736/1736 1734/1734/1734
f 1734/1734/1734 1736/1736/1736 1735/1735/1735
f 1737/1737/1737 1736/1736/1736 1733/1733/1733
f 1737/1737/1737 1735/1735/1735 1736/1736/1736
f 1740/1740/1740 1739/1739/1739 1738/1738/1738
f 1741/1741/1741 1738/1738/1738 1739/1739/1739
f 1739/1739/1739 1740/1740/1740 1742/1742/1742
f 1743/1743/1743 1742/1742/1742 1740/1740/1740
f 1743/1743/1743 1744/1744/1744 1742/1742/1742
f 1739/1739/1739 1742/1742/1742 1745/1745/1745
f 1745/1745/1745 1742/1742/1742 1744/1744/1744
f 1741/1741/1741 1739/1739/1739 1745/1745/1745
f 1744/1744/1744 1746/1746/1746 1745/1745/1745
f 1746/1746/1746 1747/1747/1747 1745/1745/1745
f 1741/1741/1741 1745/1745/1745 1748/1748/1748
f 1748/1748/1748 1745/1745/1745 1747/1747/1747
f 1748/1748/1748 1749/1749/1749 1741/1741/1741
f 1748/1748/1748 1747/1747/1747 1749/1749/1749
f 1750/1750/1750 1749/1749/1749 1747/1747/1747
f 1751/1751/1751 1741/1741/1741 1749/1749/1749
f 1750/1750/1750 1752/1752/1752 1749/1749/1749
f 1753/1753/1753 1751/1751/1751 1749/1749/1749
f 1753/1753/1753 1749/1749/1749 1752/1752/1752
f 1754/1754/1754 1751/1751/1751 1753/1753/1753
f 1753/1753/1753 1752/1752/1752 1755/1755/1755
f 1755/1755/1755 1754/1754/1754 1753/1753/1753
f 1756/1756/1756 1755/1755/1755 1752/1752/1752
f 1756/1756/1756 1757/1757/1757 1755/1755/1755
f 1758/1758/1758 1755/1755/1755 1757/1757/1757
f 1754/1754/1754 1755/1755/1755 1758/1758/1758
f 1757/1757/1757 1759/1759/1759 1758/1758/1758
f 1758/1758/1758 1760/1760/1760 1754/1754/1754
f 1760/1760/1760 1758/1758/1758 1759/1759/1759
f 1761/1761/1761 1754/1754/1754 1760/1760/1760
f 1759/1759/1759 1762/1762/1762 1760/1760/1760
f 1760/1760/1760 1763/1763/1763 1761/1761/1761
f 1763/1763/1763 1760/1760/1760 1762/1762/1762
f 1764/1764/1764 1761/1761/1761 1763/1763/1763
f 1763/1763/1763 1762/1762/1762 1765/1765/1765
f 1764/1764/1764 1763/1763/1763 1765/1765/1765
f 1768/1768/1768 1767/1767/1767 1766/1766/1766
f 1768/1768/1768 1766/1766/1766 1769/1769/1769
f 1767/1767/1767 1770/1770/1770 1766/1766/1766
f 1766/1766/1766 1771/1771/1771 1769/1769/1769
f 1771/1771/1771 1766/1766/1766 1770/1770/1770
f 1771/1771/1771 1772/1772/1772 1769/1769/1769
f 1770/1770/1770 1773/1773/1773 1771/1771/1771
f 1772/1772/1772 1771/1771/1771 1773/1773/1773
f 1770/1770/1770 1774/1774/1774 1773/1773/1773
f 1772/1772/1772 1773/1773/1773 1775/1775/1775
f 1773/1773/1773 1774/1774/1774 1776/1776/1776
f 1776/1776/1776 1775/1775/1775 1773/1773/1773
f 1777/1777/1777 1776/1776/1776 1774/1774/1774
f 1776/1776/1776 1778/1778/1778 1775/1775/1775
f 1777/1777/1777 1778/1778/1778 1776/1776/1776
f 1777/1777/1777 1779/1779/1779 1778/1778/1778
f 1779/1779/1779 1780/1780/1780 1778/1778/1778
f 1781/1781/1781 1775/1775/1775 1778/1778/1778
f 1782/1782/1782 1778/1778/1778 1780/1780/1780
f 1781/1781/1781 1778/1778/1778 1782/1782/1782
f 1780/1780/1780 1783/1783/1783 1782/1782/1782
f 1782/1782/1782 1784/1784/1784 1781/1781/1781
f 1784/1784/1784 1782/1782/1782 1783/1783/1783
f 1785/1785/1785 1781/1781/1781 1784/1784/1784
f 1783/1783/1783 1786/1786/1786 1784/1784/1784
f 1784/1784/1784 1787/1787/1787 1785/1785/1785
f 1787/1787/1787 1784/1784/1784 1786/1786/1786
f 1788/1788/1788 1785/1785/1785 1787/1787/1787
f 1787/1787/1787 1786/1786/1786 1789/1789/1789
f 1788/1788/1788 1787/1787/1787 1789/1789/1789
f 1792/1792/1792 1791/1791/1791 1790/1790/1790
f 1791/1791/1791 1793/1793/1793 1790/1790/1790
f 1791/1791/1791 1794/1794/1794 1793/1793/1793
f 1792/1792/1792 1790/1790/1790 1795/1795/1795
f 1794/1794/1794 1796/1796/1796 1793/1793/1793
f 1797/1797/1797 1795/1795/1795 1790/1790/1790
f 1790/1790/1790 1793/1793/1793 1797/1797/1797
f 1795/1795/1795 1797/1797/1797 1798/1798/1798
f 1793/1793/1793 1798/1798/1798 1797/1797/1797
f 1793/1793/1793 1799/1799/1799 1798/1798/1798
f 1793/1793/1793 1800/1800/1800 1799/1799/1799
f 1800/1800/1800 1793/1793/1793 1796/1796/1796
f 1801/1801/1801 1799/1799/1799 1800/1800/1800
f 1801/1801/1801 1800/1800/1800 1802/1802/1802
f 1800/1800/1800 1796/1796/1796 1803/1803/1803
f 1803/1803/1803 1802/1802/1802 1800/1800/1800
f 1804/1804/1804 1803/1803/1803 1796/1796/1796
f 1804/1804/1804 1805/1805/1805 1803/1803/1803
f 1803/1803/1803 1805/1805/1805 1806/1806/1806
f 1803/1803/1803 1806/1806/1806 1802/1802/1802
f 1807/1807/1807 1806/1806/1806 1805/1805/1805
f 1807/1807/1807 1808/1808/1808 1806/1806/1806
f 1808/1808/1808 1809/1809/1809 1806/1806/1806
f 1810/1810/1810 1802/1802/1802 1806/1806/1806
f 1810/1810/1810 1806/1806/1806 1809/1809/1809
f 1811/1811/1811 1802/1802/1802 1810/1810/1810
f 1809/1809/1809 1812/1812/1812 1810/1810/1810
f 1810/1810/1810 1813/1813/1813 1811/1811/1811
f 1813/1813/1813 1810/1810/1810 1812/1812/1812
f 1814/1814/1814 1811/1811/1811 1813/1813/1813
f 1812/1812/1812 1815/1815/1815 1813/1813/1813
f 1813/1813/1813 1816/1816/1816 1814/1814/1814
f 1816/1816/1816 1813/1813/1813 1815/1815/1815
f 1817/1817/1817 1814/1814/1814 1816/1816/1816
f 1816/1816/1816 1815/1815/1815 1818/1818/1818
f 1817/1817/1817 1816/1816/1816 1818/1818/1818
f 1821/1821/1821 1820/1820/1820 1819/1819/1819
f 1821/1821/1821 1819/1819/1819 1822/1822/1822
f 1820/1820/1820 1823/1823/1823 1819/1819/1819
f 1819/1819/1819 1823/1823/1823 1822/1822/1822
f 1820/1820/1820 1824/1824/1824 1823/1823/1823
f 1823/1823/1823 1825/1825/1825 1822/1822/1822
f 1824/1824/1824 1826/1826/1826 1823/1823/1823
f 1823/1823/1823 1827/1827/1827 1825/1825/1825
f 1827/1827/1827 1823/1823/1823 1826/1826/1826
f 1828/1828/1828 1825/1825/1825 1827/1827/1827
f 1828/1828/1828 1827/1827/1827 1829/1829/1829
f 1827/1827/1827 1826/1826/1826 1830/1830/1830
f 1830/1830/1830 1829/1829/1829 1827/1827/1827
f 1831/1831/1831 1830/1830/1830 1826/1826/1826
f 1831/1831/1831 1832/1832/1832 1830/1830/1830
f 1833/1833/1833 1830/1830/1830 1832/1832/1832
f 1830/1830/1830 1833/1833/1833 1829/1829/1829
f 1834/1834/1834 1833/1833/1833 1832/1832/1832
f 1834/1834/1834 1835/1835/1835 1833/1833/1833
f 1836/1836/1836 1829/1829/1829 1833/1833/1833
f 1836/1836/1836 1833/1833/1833 1835/1835/1835
f 1837/1837/1837 1829/1829/1829 1836/1836/1836
f 1835/1835/1835 1838/1838/1838 1836/1836/1836
f 1836/1836/1836 1839/1839/1839 1837/1837/1837
f 1839/1839/1839 1836/1836/1836 1838/1838/1838
f 1840/1840/1840 1837/1837/1837 1839/1839/1839
f 1839/1839/1839 1838/1838/1838 1841/1841/1841
f 1840/1840/1840 1839/1839/1839 1841/1841/1841
f 1844/1844/1844 1843/1843/1843 1842/1842/1842
f 1844/1844/1844 1842/1842/1842 1845/1845/1845
f 1842/1842/1842 1846/1846/1846 1845/1845/1845
f 1842/1842/1842 1847/1847/1847 1846/1846/1846
f 1847/1847/1847 1842/1842/1842 1843/1843/1843
f 1848/1848/1848 1846/1846/1846 1847/1847/1847
f 1848/1848/1848 1847/1847/1847 1849/1849/1849
f 1847/1847/1847 1843/1843/1843 1850/1850/1850
f 1850/1850/1850 1849/1849/1849 1847/1847/1847
f 1851/1851/1851 1850/1850/1850 1843/1843/1843
f 1849/1849/1849 1850/1850/1850 1852/1852/1852
f 1850/1850/1850 1851/1851/1851 1853/1853/1853
f 1853/1853/1853 1852/1852/1852 1850/1850/1850
f 1854/1854/1854 1853/1853/1853 1851/1851/1851
f 1855/1855/1855 1852/1852/1852 1853/1853/1853
f 1855/1855/1855 1853/1853/1853 1854/1854/1854
f 1858/1858/1858 1857/1857/1857 1856/1856/1856
f 1856/1856/1856 1857/1857/1857 1859/1859/1859
f 1858/1858/1858 1860/1860/1860 1857/1857/1857
f 1861/1861/1861 1859/1859/1859 1857/1857/1857
f 1857/1857/1857 1860/1860/1860 1861/1861/1861
f 1859/1859/1859 1861/1861/1861 1862/1862/1862
f 1863/1863/1863 1861/1861/1861 1860/1860/1860
f 1864/1864/1864 1862/1862/1862 1861/1861/1861
f 1861/1861/1861 1863/1863/1863 1864/1864/1864
f 1862/1862/1862 1864/1864/1864 1865/1865/1865
f 1866/1866/1866 1864/1864/1864 1863/1863/1863
f 1867/1867/1867 1865/1865/1865 1864/1864/1864
f 1864/1864/1864 1866/1866/1866 1867/1867/1867
f 1865/1865/1865 1867/1867/1867 1868/1868/1868
f 1869/1869/1869 1867/1867/1867 1866/1866/1866
f 1867/1867/1867 1869/1869/1869 1868/1868/1868
f 1872/1872/1872 1871/1871/1871 1870/1870/1870
f 1872/1872/1872 1870/1870/1870 1873/1873/1873
f 1874/1874/1874 1873/1873/1873 1870/1870/1870
f 1875/1875/1875 1870/1870/1870 1871/1871/1871
f 1874/1874/1874 1870/1870/1870 1876/1876/1876
f 1870/1870/1870 1875/1875/1875 1877/1877/1877
f 1877/1877/1877 1876/1876/1876 1870/1870/1870
f 1878/1878/1878 1877/1877/1877 1875/1875/1875
f 1876/1876/1876 1877/1877/1877 1879/1879/1879
f 1877/1877/1877 1878/1878/1878 1880/1880/1880
f 1880/1880/1880 1879/1879/1879 1877/1877/1877
f 1881/1881/1881 1880/1880/1880 1878/1878/1878
f 1879/1879/1879 1880/1880/1880 1882/1882/1882
f 1880/1880/1880 1881/1881/1881 1883/1883/1883
f 1883/1883/1883 1882/1882/1882 1880/1880/1880
f 1884/1884/1884 1883/1883/1883 1881/1881/1881
f 1885/1885/1885 1882/1882/1882 1883/1883/1883
f 1885/1885/1885 1883/1883/1883 1884/1884/1884
f 1888/1888/1888 1887/1887/1887 1886/1886/1886
f 1886/1886/1886 1887/1887/1887 1889/1889/1889
f 1888/1888/1888 1890/1890/1890 1887/1887/1887
f 1891/1891/1891 1889/1889/1889 1887/1887/1887
f 1887/1887/1887 1890/1890/1890 1891/1891/1891
f 1889/1889/1889 1891/1891/1891 1892/1892/1892
f 1893/1893/1893 1891/1891/1891 1890/1890/1890
f 1894/1894/1894 1892/1892/1892 1891/1891/1891
f 1891/1891/1891 1893/1893/1893 1894/1894/1894
f 1892/1892/1892 1894/1894/1894 1895/1895/1895
f 1896/1896/1896 1894/1894/1894 1893/1893/1893
f 1897/1897/1897 1895/1895/1895 1894/1894/1894
f 1894/1894/1894 1896/1896/1896 1897/1897/1897
f 1895/1895/1895 1897/1897/1897 1898/1898/1898
f 1899/1899/1899 1897/1897/1897 1896/1896/1896
f 1900/1900/1900 1898/1898/1898 1897/1897/1897
f 1897/1897/1897 1899/1899/1899 1900/1900/1900
f 1901/1901/1901 1898/1898/1898 1900/1900/1900
f 1902/1902/1902 1900/1900/1900 1899/1899/1899
f 1901/1901/1901 1900/1900/1900 1902/1902/1902
f 1905/1905/1905 1904/1904/1904 1903/1903/1903
f 1905/1905/1905 1903/1903/1903 1906/1906/1906
f 1907/1907/1907 1903/1903/1903 1904/1904/1904
f 1908/1908/1908 1906/1906/1906 1903/1903/1903
f 1907/1907/1907 1909/1909/1909 1903/1903/1903
f 1903/1903/1903 1910/1910/1910 1908/1908/1908
f 1910/1910/1910 1903/1903/1903 1909/1909/1909
f 1911/1911/1911 1908/1908/1908 1910/1910/1910
f 1911/1911/1911 1910/1910/1910 1912/1912/1912
f 1910/1910/1910 1909/1909/1909 1913/1913/1913
f 1913/1913/1913 1912/1912/1912 1910/1910/1910
f 1914/1914/1914 1913/1913/1913 1909/1909/1909
f 1915/1915/1915 1912/1912/1912 1913/1913/1913
f 1915/1915/1915 1913/1913/1913 1914/1914/1914
f 1918/1918/1918 1917/1917/1917 1916/1916/1916
f 1919/1919/1919 1916/1916/1916 1917/1917/1917
f 1918/1918/1918 1920/1920/1920 1917/1917/1917
f 1917/1917/1917 1921/1921/1921 1919/1919/1919
f 1922/1922/1922 1917/1917/1917 1920/1920/1920
f 1917/1917/1917 1922/1922/1922 1921/1921/1921
f 1920/1920/1920 1923/1923/1923 1922/1922/1922
f 1924/1924/1924 1921/1921/1921 1922/1922/1922
f 1925/1925/1925 1922/1922/1922 1923/1923/1923
f 1922/1922/1922 1925/1925/1925 1924/1924/1924
f 1923/1923/1923 1926/1926/1926 1925/1925/1925
f 1927/1927/1927 1924/1924/1924 1925/1925/1925
f 1925/1925/1925 1926/1926/1926 1927/1927/1927
f 1930/1930/1930 1929/1929/1929 1928/1928/1928
f 1931/1931/1931 1928/1928/1928 1929/1929/1929
f 1931/1931/1931 1929/1929/1929 1932/1932/1932
f 1930/1930/1930 1933/1933/1933 1929/1929/1929
f 1934/1934/1934 1932/1932/1932 1929/1929/1929
f 1935/1935/1935 1929/1929/1929 1933/1933/1933
f 1929/1929/1929 1935/1935/1935 1934/1934/1934
f 1933/1933/1933 1936/1936/1936 1935/1935/1935
f 1937/1937/1937 1934/1934/1934 1935/1935/1935
f 1935/1935/1935 1936/1936/1936 1937/1937/1937
f 1940/1940/1940 1939/1939/1939 1938/1938/1938
f 1941/1941/1941 1938/1938/1938 1939/1939/1939
f 1941/1941/1941 1942/1942/1942 1938/1938/1938
f 1943/1943/1943 1938/1938/1938 1942/1942/1942
f 1940/1940/1940 1938/1938/1938 1944/1944/1944
f 1938/1938/1938 1943/1943/1943 1945/1945/1945
f 1945/1945/1945 1944/1944/1944 1938/1938/1938
f 1946/1946/1946 1945/1945/1945 1943/1943/1943
f 1946/1946/1946 1947/1947/1947 1945/1945/1945
f 1945/1945/1945 1948/1948/1948 1944/1944/1944
f 1948/1948/1948 1945/1945/1945 1947/1947/1947
f 1949/1949/1949 1944/1944/1944 1948/1948/1948
f 1947/1947/1947 1950/1950/1950 1948/1948/1948
f 1948/1948/1948 1950/1950/1950 1949/1949/1949
f 1953/1953/1953 1952/1952/1952 1951/1951/1951
f 1954/1954/1954 1951/1951/1951 1952/1952/1952
f 1955/1955/1955 1952/1952/1952 1953/1953/1953
f 1954/1954/1954 1952/1952/1952 1956/1956/1956
f 1952/1952/1952 1955/1955/1955 1957/1957/1957
f 1957/1957/1957 1956/1956/1956 1952/1952/1952
f 1958/1958/1958 1957/1957/1957 1955/1955/1955
f 1956/1956/1956 1957/1957/1957 1959/1959/1959
f 1957/1957/1957 1958/1958/1958 1960/1960/1960
f 1960/1960/1960 1959/1959/1959 1957/1957/1957
f 1961/1961/1961 1960/1960/1960 1958/1958/1958
f 1962/1962/1962 1959/1959/1959 1960/1960/1960
f 1962/1962/1962 1960/1960/1960 1961/1961/1961
f 1965/1965/1965 1964/1964/1964 1963/1963/1963
f 1966/1966/1966 1963/1963/1963 1964/1964/1964
f 1965/1965/1965 1967/1967/1967 1964/1964/1964
f 1966/1966/1966 1964/1964/1964 1968/1968/1968
f 1969/1969/1969 1964/1964/1964 1967/1967/1967
f 1970/1970/1970 1968/1968/1968 1964/1964/1964
f 1964/1964/1964 1969/1969/1969 1970/1970/1970
f 1971/1971/1971 1968/1968/1968 1970/1970/1970
f 1972/1972/1972 1970/1970/1970 1969/1969/1969
f 1971/1971/1971 1970/1970/1970 1972/1972/1972
f 1975/1975/1975 1974/1974/1974 1973/1973/1973
f 1976/1976/1976 1973/1973/1973 1974/1974/1974
f 1973/1973/1973 1976/1976/1976 1977/1977/1977
f 1975/1975/1975 1973/1973/1973 1978/1978/1978
f 1977/1977/1977 1979/1979/1979 1973/1973/1973
f 1980/1980/1980 1978/1978/1978 1973/1973/1973
f 1980/1980/1980 1973/1973/1973 1979/1979/1979
f 1978/1978/1978 1980/1980/1980 1981/1981/1981
f 1979/1979/1979 1982/1982/1982 1980/1980/1980
f 1983/1983/1983 1981/1981/1981 1980/1980/1980
f 1983/1983/1983 1980/1980/1980 1982/1982/1982
f 1981/1981/1981 1983/1983/1983 1984/1984/1984
f 1983/1983/1983 1982/1982/1982 1985/1985/1985
f 1985/1985/1985 1984/1984/1984 1983/1983/1983
f 1986/1986/1986 1985/1985/1985 1982/1982/1982
f 1985/1985/1985 1987/1987/1987 1984/1984/1984
f 1985/1985/1985 1986/1986/1986 1987/1987/1987
f 1988/1988/1988 1984/1984/1984 1987/1987/1987
f 1989/1989/1989 1987/1987/1987 1986/1986/1986
f 1987/1987/1987 1990/1990/1990 1988/1988/1988
f 1987/1987/1987 1989/1989/1989 1990/1990/1990
f 1991/1991/1991 1990/1990/1990 1989/1989/1989
f 1992/1992/1992 1988/1988/1988 1990/1990/1990
f 1991/1991/1991 1993/1993/1993 1990/1990/1990
f 1990/1990/1990 1994/1994/1994 1992/1992/1992
f 1994/1994/1994 1990/1990/1990 1993/1993/1993
f 1995/1995/1995 1992/1992/1992 1994/1994/1994
f 1994/1994/1994 1993/1993/1993 1996/1996/1996
f 1997/1997/1997 1995/1995/1995 1994/1994/1994
f 1996/1996/1996 1997/1997/1997 1994/1994/1994
f 2000/2000/2000 1999/1999/1999 1998/1998/1998
f 2000/2000/2000 2001/2001/2001 1999/1999/1999
f 1999/1999/1999 2001/2001/2001 2002/2002/2002
f 2003/2003/2003 1998/1998/1998 1999/1999/1999
f 2002/2002/2002 2004/2004/2004 1999/1999/1999
f 1999/1999/1999 2005/2005/2005 2003/2003/2003
f 2005/2005/2005 1999/1999/1999 2004/2004/2004
f 2006/2006/2006 2003/2003/2003 2005/2005/2005
f 2006/2006/2006 2005/2005/2005 2007/2007/2007
f 2005/2005/2005 2004/2004/2004 2008/2008/2008
f 2008/2008/2008 2007/2007/2007 2005/2005/2005
f 2009/2009/2009 2008/2008/2008 2004/2004/2004
f 2009/2009/2009 2010/2010/2010 2008/2008/2008
f 2008/2008/2008 2011/2011/2011 2007/2007/2007
f 2011/2011/2011 2008/2008/2008 2010/2010/2010
f 2012/2012/2012 2007/2007/2007 2011/2011/2011
f 2010/2010/2010 2013/2013/2013 2011/2011/2011
f 2011/2011/2011 2014/2014/2014 2012/2012/2012
f 2014/2014/2014 2011/2011/2011 2013/2013/2013
f 2015/2015/2015 2012/2012/2012 2014/2014/2014
f 2013/2013/2013 2016/2016/2016 2014/2014/2014
f 2014/2014/2014 2017/2017/2017 2015/2015/2015
f 2017/2017/2017 2014/2014/2014 2016/2016/2016
f 2018/2018/2018 2015/2015/2015 2017/2017/2017
f 2018/2018/2018 2017/2017/2017 2019/2019/2019
f 2017/2017/2017 2016/2016/2016 2020/2020/2020
f 2020/2020/2020 2019/2019/2019 2017/2017/2017
f 2021/2021/2021 2020/2020/2020 2016/2016/2016
f 2021/2021/2021 2022/2022/2022 2020/2020/2020
f 2020/2020/2020 2023/2023/2023 2019/2019/2019
f 2023/2023/2023 2020/2020/2020 2022/2022/2022
f 2024/2024/2024 2019/2019/2019 2023/2023/2023
f 2022/2022/2022 2025/2025/2025 2023/2023/2023
f 2023/2023/2023 2026/2026/2026 2024/2024/2024
f 2026/2026/2026 2023/2023/2023 2025/2025/2025
f 2027/2027/2027 2024/2024/2024 2026/2026/2026
f 2026/2026/2026 2025/2025/2025 2028/2028/2028
f 2026/2026/2026 2028/2028/2028 2027/2027/2027
f 2029/2029/2029 2028/2028/2028 2025/2025/2025
f 2030/2030/2030 2027/2027/2027 2028/2028/2028
f 2029/2029/2029 2031/2031/2031 2028/2028/2028
f 2028/2028/2028 2032/2032/2032 2030/2030/2030
f 2032/2032/2032 2028/2028/2028 2031/2031/2031
f 2033/2033/2033 2030/2030/2030 2032/2032/2032
f 2034/2034/2034 2032/2032/2032 2031/2031/2031
f 2032/2032/2032 2035/2035/2035 2033/2033/2033
f 2034/2034/2034 2035/2035/2035 2032/2032/2032
f 2038/2038/2038 2037/2037/2037 2036/2036/2036
f 2039/2039/2039 2036/2036/2036 2037/2037/2037
f 2038/2038/2038 2036/2036/2036 2040/2040/2040
f 2039/2039/2039 2041/2041/2041 2036/2036/2036
f 2040/2040/2040 2036/2036/2036 2042/2042/2042
f 2043/2043/2043 2036/2036/2036 2041/2041/2041
f 2043/2043/2043 2042/2042/2042 2036/2036/2036
f 2041/2041/2041 2044/2044/2044 2043/2043/2043
f 2042/2042/2042 2043/2043/2043 2045/2045/2045
f 2046/2046/2046 2043/2043/2043 2044/2044/2044
f 2046/2046/2046 2045/2045/2045 2043/2043/2043
f 2044/2044/2044 2047/2047/2047 2046/2046/2046
f 2046/2046/2046 2048/2048/2048 2045/2045/2045
f 2048/2048/2048 2046/2046/2046 2047/2047/2047
f 2049/2049/2049 2045/2045/2045 2048/2048/2048
f 2048/2048/2048 2047/2047/2047 2050/2050/2050
f 2048/2048/2048 2050/2050/2050 2049/2049/2049
f 2051/2051/2051 2050/2050/2050 2047/2047/2047
f 2052/2052/2052 2049/2049/2049 2050/2050/2050
f 2050/2050/2050 2051/2051/2051 2053/2053/2053
f 2050/2050/2050 2053/2053/2053 2052/2052/2052
f 2054/2054/2054 2052/2052/2052 2053/2053/2053
f 2055/2055/2055 2053/2053/2053 2051/2051/2051
f 2054/2054/2054 2053/2053/2053 2056/2056/2056
f 2053/2053/2053 2055/2055/2055 2057/2057/2057
f 2057/2057/2057 2056/2056/2056 2053/2053/2053
f 2058/2058/2058 2057/2057/2057 2055/2055/2055
f 2056/2056/2056 2057/2057/2057 2059/2059/2059
f 2058/2058/2058 2060/2060/2060 2057/2057/2057
f 2060/2060/2060 2059/2059/2059 2057/2057/2057
f 2063/2063/2063 2062/2062/2062 2061/2061/2061
f 2064/2064/2064 2062/2062/2062 2063/2063/2063
f 2064/2064/2064 2063/2063/2063 2065/2065/2065
f 2061/2061/2061 2066/2066/2066 2063/2063/2063
f 2065/2065/2065 2063/2063/2063 2067/2067/2067
f 2063/2063/2063 2066/2066/2066 2068/2068/2068
f 2068/2068/2068 2067/2067/2067 2063/2063/2063
f 2069/2069/2069 2068/2068/2068 2066/2066/2066
f 2069/2069/2069 2070/2070/2070 2068/2068/2068
f 2068/2068/2068 2071/2071/2071 2067/2067/2067
f 2071/2071/2071 2068/2068/2068 2070/2070/2070
f 2072/2072/2072 2067/2067/2067 2071/2071/2071
f 2072/2072/2072 2071/2071/2071 2073/2073/2073
f 2071/2071/2071 2070/2070/2070 2074/2074/2074
f 2074/2074/2074 2073/2073/2073 2071/2071/2071
f 2075/2075/2075 2074/2074/2074 2070/2070/2070
f 2073/2073/2073 2074/2074/2074 2076/2076/2076
f 2074/2074/2074 2075/2075/2075 2077/2077/2077
f 2077/2077/2077 2076/2076/2076 2074/2074/2074
f 2078/2078/2078 2077/2077/2077 2075/2075/2075
f 2076/2076/2076 2077/2077/2077 2079/2079/2079
f 2077/2077/2077 2078/2078/2078 2080/2080/2080
f 2080/2080/2080 2079/2079/2079 2077/2077/2077
f 2081/2081/2081 2080/2080/2080 2078/2078/2078
f 2081/2081/2081 2082/2082/2082 2080/2080/2080
f 2080/2080/2080 2083/2083/2083 2079/2079/2079
f 2083/2083/2083 2080/2080/2080 2082/2082/2082
f 2084/2084/2084 2079/2079/2079 2083/2083/2083
f 2084/2084/2084 2083/2083/2083 2085/2085/2085
f 2083/2083/2083 2082/2082/2082 2086/2086/2086
f 2086/2086/2086 2085/2085/2085 2083/2083/2083
f 2087/2087/2087 2086/2086/2086 2082/2082/2082
f 2085/2085/2085 2086/2086/2086 2088/2088/2088
f 2086/2086/2086 2087/2087/2087 2089/2089/2089
f 2089/2089/2089 2088/2088/2088 2086/2086/2086
f 2090/2090/2090 2089/2089/2089 2087/2087/2087
f 2089/2089/2089 2091/2091/2091 2088/2088/2088
f 2089/2089/2089 2090/2090/2090 2091/2091/2091
f 2092/2092/2092 2088/2088/2088 2091/2091/2091
f 2093/2093/2093 2091/2091/2091 2090/2090/2090
f 2092/2092/2092 2091/2091/2091 2094/2094/2094
f 2091/2091/2091 2093/2093/2093 2095/2095/2095
f 2095/2095/2095 2094/2094/2094 2091/2091/2091
f 2096/2096/2096 2095/2095/2095 2093/2093/2093
f 2095/2095/2095 2097/2097/2097 2094/2094/2094
f 2098/2098/2098 2095/2095/2095 2096/2096/2096
f 2098/2098/2098 2097/2097/2097 2095/2095/2095
f 2101/2101/2101 2100/2100/2100 2099/2099/2099
f 2102/2102/2102 2099/2099/2099 2100/2100/2100
f 2099/2099/2099 2103/2103/2103 2101/2101/2101
f 2100/2100/2100 2104/2104/2104 2102/2102/2102
f 2105/2105/2105 2102/2102/2102 2104/2104/2104
f 2104/2104/2104 2106/2106/2106 2105/2105/2105
f 2107/2107/2107 2105/2105/2105 2106/2106/2106
f 2104/2104/2104 2100/2100/2100 2108/2108/2108
f 2106/2106/2106 2104/2104/2104 2108/2108/2108
f 2106/2106/2106 2109/2109/2109 2107/2107/2107
f 2110/2110/2110 2107/2107/2107 2109/2109/2109
f 2109/2109/2109 2106/2106/2106 2111/2111/2111
f 2108/2108/2108 2111/2111/2111 2106/2106/2106
f 2109/2109/2109 2112/2112/2112 2110/2110/2110
f 2112/2112/2112 2109/2109/2109 2111/2111/2111
f 2113/2113/2113 2110/2110/2110 2112/2112/2112
f 2114/2114/2114 2108/2108/2108 2100/2100/2100
f 2100/2100/2100 2101/2101/2101 2114/2114/2114
f 2115/2115/2115 2101/2101/2101 2103/2103/2103
f 2103/2103/2103 2116/2116/2116 2115/2115/2115
f 2116/2116/2116 2113/2113/2113 2117/2117/2117
f 2112/2112/2112 2117/2117/2117 2113/2113/2113
f 2117/2117/2117 2115/2115/2115 2116/2116/2116
f 2115/2115/2115 2118/2118/2118 2101/2101/2101
f 2115/2115/2115 2117/2117/2117 2118/2118/2118
f 2117/2117/2117 2112/2112/2112 2118/2118/2118
f 2111/2111/2111 2118/2118/2118 2112/2112/2112
f 2114/2114/2114 2101/2101/2101 2118/2118/2118
f 2111/2111/2111 2108/2108/2108 2119/2119/2119
f 2118/2118/2118 2111/2111/2111 2119/2119/2119
f 2108/2108/2108 2114/2114/2114 2119/2119/2119
f 2114/2114/2114 2118/2118/2118 2119/2119/2119
f 2122/2122/2122 2121/2121/2121 2120/2120/2120
f 2123/2123/2123 2120/2120/2120 2121/2121/2121
f 2120/2120/2120 2123/2123/2123 2124/2124/2124
f 2121/2121/2121 2122/2122/2122 2125/2125/2125
f 2126/2126/2126 2125/2125/2125 2122/2122/2122
f 2125/2125/2125 2126/2126/2126 2127/2127/2127
f 2128/2128/2128 2127/2127/2127 2126/2126/2126
f 2125/2125/2125 2129/2129/2129 2121/2121/2121
f 2125/2125/2125 2127/2127/2127 2129/2129/2129
f 2127/2127/2127 2128/2128/2128 2130/2130/2130
f 2131/2131/2131 2130/2130/2130 2128/2128/2128
f 2130/2130/2130 2132/2132/2132 2127/2127/2127
f 2129/2129/2129 2127/2127/2127 2132/2132/2132
f 2130/2130/2130 2131/2131/2131 2133/2133/2133
f 2130/2130/2130 2133/2133/2133 2132/2132/2132
f 2134/2134/2134 2133/2133/2133 2131/2131/2131
f 2135/2135/2135 2121/2121/2121 2129/2129/2129
f 2123/2123/2123 2121/2121/2121 2135/2135/2135
f 2136/2136/2136 2124/2124/2124 2123/2123/2123
f 2124/2124/2124 2136/2136/2136 2137/2137/2137
f 2137/2137/2137 2138/2138/2138 2134/2134/2134
f 2133/2133/2133 2134/2134/2134 2138/2138/2138
f 2138/2138/2138 2137/2137/2137 2136/2136/2136
f 2136/2136/2136 2123/2123/2123 2139/2139/2139
f 2138/2138/2138 2136/2136/2136 2139/2139/2139
f 2138/2138/2138 2139/2139/2139 2133/2133/2133
f 2132/2132/2132 2133/2133/2133 2139/2139/2139
f 2135/2135/2135 2139/2139/2139 2123/2123/2123
f 2129/2129/2129 2132/2132/2132 2140/2140/2140
f 2132/2132/2132 2139/2139/2139 2140/2140/2140
f 2135/2135/2135 2129/2129/2129 2140/2140/2140
f 2139/2139/2139 2135/2135/2135 2140/2140/2140
